id1,id2,source_1,source_2,label
mbrainz_100,discogs_228,musicbrainz,discogs,true
mbrainz_10033,discogs_163750,musicbrainz,discogs,true
mbrainz_10035,discogs_45151,musicbrainz,discogs,true
mbrainz_10077,discogs_45332,musicbrainz,discogs,true
mbrainz_10107,discogs_45541,musicbrainz,discogs,true
mbrainz_10140,discogs_45737,musicbrainz,discogs,true
mbrainz_10293,discogs_46486,musicbrainz,discogs,true
mbrainz_10302,discogs_46536,musicbrainz,discogs,true
mbrainz_10328,discogs_46672,musicbrainz,discogs,true
mbrainz_10331,discogs_46683,musicbrainz,discogs,true
mbrainz_10374,discogs_46874,musicbrainz,discogs,true
mbrainz_10384,discogs_46909,musicbrainz,discogs,true
mbrainz_10474,discogs_47336,musicbrainz,discogs,true
mbrainz_10533,discogs_69561,musicbrainz,discogs,true
mbrainz_1059,discogs_5060,musicbrainz,discogs,true
mbrainz_1060,discogs_5061,musicbrainz,discogs,true
mbrainz_1061,discogs_5063,musicbrainz,discogs,true
mbrainz_10646,discogs_48352,musicbrainz,discogs,true
mbrainz_1065,discogs_5073,musicbrainz,discogs,true
mbrainz_10669,discogs_48471,musicbrainz,discogs,true
mbrainz_107,discogs_238,musicbrainz,discogs,true
mbrainz_10715,discogs_48708,musicbrainz,discogs,true
mbrainz_1074,discogs_5112,musicbrainz,discogs,true
mbrainz_10766,discogs_48967,musicbrainz,discogs,true
mbrainz_1079,discogs_5120,musicbrainz,discogs,true
mbrainz_108,discogs_239,musicbrainz,discogs,true
mbrainz_1082,discogs_5126,musicbrainz,discogs,true
mbrainz_10923,discogs_49811,musicbrainz,discogs,true
mbrainz_10949,discogs_49911,musicbrainz,discogs,true
mbrainz_1096,discogs_5178,musicbrainz,discogs,true
mbrainz_110,discogs_242,musicbrainz,discogs,true
mbrainz_11016,discogs_50250,musicbrainz,discogs,true
mbrainz_11109,discogs_50656,musicbrainz,discogs,true
mbrainz_1113,discogs_5244,musicbrainz,discogs,true
mbrainz_11148,discogs_50886,musicbrainz,discogs,true
mbrainz_11156,discogs_50910,musicbrainz,discogs,true
mbrainz_1119,discogs_5272,musicbrainz,discogs,true
mbrainz_11212,discogs_164809,musicbrainz,discogs,true
mbrainz_11215,discogs_51158,musicbrainz,discogs,true
mbrainz_11225,discogs_51215,musicbrainz,discogs,true
mbrainz_11227,discogs_51223,musicbrainz,discogs,true
mbrainz_11263,discogs_51414,musicbrainz,discogs,true
mbrainz_11272,discogs_79961,musicbrainz,discogs,true
mbrainz_11273,discogs_51610,musicbrainz,discogs,true
mbrainz_11298,discogs_51543,musicbrainz,discogs,true
mbrainz_11338,discogs_56962,musicbrainz,discogs,true
mbrainz_11342,discogs_51756,musicbrainz,discogs,true
mbrainz_114,discogs_246,musicbrainz,discogs,true
mbrainz_11424,discogs_64985,musicbrainz,discogs,true
mbrainz_11450,discogs_52242,musicbrainz,discogs,true
mbrainz_11466,discogs_64063,musicbrainz,discogs,true
mbrainz_11479,discogs_52361,musicbrainz,discogs,true
mbrainz_11483,discogs_52374,musicbrainz,discogs,true
mbrainz_11485,discogs_52380,musicbrainz,discogs,true
mbrainz_11491,discogs_42487,musicbrainz,discogs,true
mbrainz_115,discogs_249,musicbrainz,discogs,true
mbrainz_11537,discogs_52624,musicbrainz,discogs,true
mbrainz_11545,discogs_52668,musicbrainz,discogs,true
mbrainz_11556,discogs_52743,musicbrainz,discogs,true
mbrainz_11572,discogs_52826,musicbrainz,discogs,true
mbrainz_11609,discogs_52985,musicbrainz,discogs,true
mbrainz_11620,discogs_53040,musicbrainz,discogs,true
mbrainz_1169,discogs_5533,musicbrainz,discogs,true
mbrainz_117,discogs_251,musicbrainz,discogs,true
mbrainz_1172,discogs_5549,musicbrainz,discogs,true
mbrainz_11728,discogs_53585,musicbrainz,discogs,true
mbrainz_11785,discogs_53859,musicbrainz,discogs,true
mbrainz_1179,discogs_8609,musicbrainz,discogs,true
mbrainz_11803,discogs_53955,musicbrainz,discogs,true
mbrainz_11808,discogs_53980,musicbrainz,discogs,true
mbrainz_11879,discogs_54384,musicbrainz,discogs,true
mbrainz_1188,discogs_5608,musicbrainz,discogs,true
mbrainz_119,discogs_254,musicbrainz,discogs,true
mbrainz_1196,discogs_5652,musicbrainz,discogs,true
mbrainz_11961,discogs_54789,musicbrainz,discogs,true
mbrainz_120,discogs_256,musicbrainz,discogs,true
mbrainz_12009,discogs_55033,musicbrainz,discogs,true
mbrainz_12072,discogs_55364,musicbrainz,discogs,true
mbrainz_12083,discogs_55418,musicbrainz,discogs,true
mbrainz_12085,discogs_55433,musicbrainz,discogs,true
mbrainz_12091,discogs_74167,musicbrainz,discogs,true
mbrainz_12092,discogs_55478,musicbrainz,discogs,true
mbrainz_12095,discogs_54657,musicbrainz,discogs,true
mbrainz_12098,discogs_55502,musicbrainz,discogs,true
mbrainz_12116,discogs_55623,musicbrainz,discogs,true
mbrainz_12170,discogs_55809,musicbrainz,discogs,true
mbrainz_122,discogs_258,musicbrainz,discogs,true
mbrainz_12309,discogs_56442,musicbrainz,discogs,true
mbrainz_12375,discogs_56792,musicbrainz,discogs,true
mbrainz_1238,discogs_5841,musicbrainz,discogs,true
mbrainz_1240,discogs_5850,musicbrainz,discogs,true
mbrainz_12436,discogs_57079,musicbrainz,discogs,true
mbrainz_12500,discogs_57381,musicbrainz,discogs,true
mbrainz_12529,discogs_57546,musicbrainz,discogs,true
mbrainz_12553,discogs_57648,musicbrainz,discogs,true
mbrainz_12554,discogs_57673,musicbrainz,discogs,true
mbrainz_12601,discogs_57921,musicbrainz,discogs,true
mbrainz_12631,discogs_58051,musicbrainz,discogs,true
mbrainz_1265,discogs_5987,musicbrainz,discogs,true
mbrainz_12676,discogs_58284,musicbrainz,discogs,true
mbrainz_1269,discogs_6025,musicbrainz,discogs,true
mbrainz_1270,discogs_6033,musicbrainz,discogs,true
mbrainz_12720,discogs_58461,musicbrainz,discogs,true
mbrainz_1273,discogs_6687,musicbrainz,discogs,true
mbrainz_1275,discogs_6052,musicbrainz,discogs,true
mbrainz_1282,discogs_6091,musicbrainz,discogs,true
mbrainz_12874,discogs_59186,musicbrainz,discogs,true
mbrainz_12884,discogs_59209,musicbrainz,discogs,true
mbrainz_12894,discogs_59261,musicbrainz,discogs,true
mbrainz_12899,discogs_59281,musicbrainz,discogs,true
mbrainz_12949,discogs_59558,musicbrainz,discogs,true
mbrainz_12962,discogs_59609,musicbrainz,discogs,true
mbrainz_13002,discogs_59821,musicbrainz,discogs,true
mbrainz_1301,discogs_6180,musicbrainz,discogs,true
mbrainz_1305,discogs_6221,musicbrainz,discogs,true
mbrainz_13120,discogs_112273,musicbrainz,discogs,true
mbrainz_13138,discogs_60506,musicbrainz,discogs,true
mbrainz_13202,discogs_12396,musicbrainz,discogs,true
mbrainz_13211,discogs_114043,musicbrainz,discogs,true
mbrainz_1331,discogs_6374,musicbrainz,discogs,true
mbrainz_13319,discogs_81433,musicbrainz,discogs,true
mbrainz_1332,discogs_6378,musicbrainz,discogs,true
mbrainz_13330,discogs_61465,musicbrainz,discogs,true
mbrainz_13341,discogs_61516,musicbrainz,discogs,true
mbrainz_134,discogs_288,musicbrainz,discogs,true
mbrainz_1342,discogs_6438,musicbrainz,discogs,true
mbrainz_13427,discogs_61988,musicbrainz,discogs,true
mbrainz_135,discogs_289,musicbrainz,discogs,true
mbrainz_13515,discogs_62428,musicbrainz,discogs,true
mbrainz_1352,discogs_6506,musicbrainz,discogs,true
mbrainz_13647,discogs_63233,musicbrainz,discogs,true
mbrainz_13662,discogs_63282,musicbrainz,discogs,true
mbrainz_13668,discogs_63309,musicbrainz,discogs,true
mbrainz_13717,discogs_63566,musicbrainz,discogs,true
mbrainz_1378,discogs_6631,musicbrainz,discogs,true
mbrainz_13784,discogs_31156,musicbrainz,discogs,true
mbrainz_13790,discogs_64805,musicbrainz,discogs,true
mbrainz_13895,discogs_64514,musicbrainz,discogs,true
mbrainz_139,discogs_307,musicbrainz,discogs,true
mbrainz_13952,discogs_64804,musicbrainz,discogs,true
mbrainz_13961,discogs_64852,musicbrainz,discogs,true
mbrainz_13986,discogs_64977,musicbrainz,discogs,true
mbrainz_14020,discogs_65185,musicbrainz,discogs,true
mbrainz_14029,discogs_65240,musicbrainz,discogs,true
mbrainz_14073,discogs_76769,musicbrainz,discogs,true
mbrainz_14081,discogs_65139,musicbrainz,discogs,true
mbrainz_14097,discogs_65680,musicbrainz,discogs,true
mbrainz_14136,discogs_65898,musicbrainz,discogs,true
mbrainz_14145,discogs_65945,musicbrainz,discogs,true
mbrainz_14152,discogs_66016,musicbrainz,discogs,true
mbrainz_14174,discogs_66147,musicbrainz,discogs,true
mbrainz_1432,discogs_6889,musicbrainz,discogs,true
mbrainz_14452,discogs_67634,musicbrainz,discogs,true
mbrainz_14511,discogs_67932,musicbrainz,discogs,true
mbrainz_14539,discogs_68125,musicbrainz,discogs,true
mbrainz_14648,discogs_68724,musicbrainz,discogs,true
mbrainz_1469,discogs_7110,musicbrainz,discogs,true
mbrainz_147,discogs_327,musicbrainz,discogs,true
mbrainz_14726,discogs_69191,musicbrainz,discogs,true
mbrainz_1473,discogs_7138,musicbrainz,discogs,true
mbrainz_1474,discogs_7159,musicbrainz,discogs,true
mbrainz_14782,discogs_69519,musicbrainz,discogs,true
mbrainz_1495,discogs_7242,musicbrainz,discogs,true
mbrainz_1496,discogs_7248,musicbrainz,discogs,true
mbrainz_14963,discogs_70589,musicbrainz,discogs,true
mbrainz_1497,discogs_7249,musicbrainz,discogs,true
mbrainz_15003,discogs_78685,musicbrainz,discogs,true
mbrainz_15029,discogs_70907,musicbrainz,discogs,true
mbrainz_1509,discogs_7324,musicbrainz,discogs,true
mbrainz_15126,discogs_71458,musicbrainz,discogs,true
mbrainz_1513,discogs_7346,musicbrainz,discogs,true
mbrainz_15139,discogs_72825,musicbrainz,discogs,true
mbrainz_15154,discogs_71595,musicbrainz,discogs,true
mbrainz_1517,discogs_7365,musicbrainz,discogs,true
mbrainz_15183,discogs_71763,musicbrainz,discogs,true
mbrainz_15203,discogs_71877,musicbrainz,discogs,true
mbrainz_15274,discogs_72203,musicbrainz,discogs,true
mbrainz_15289,discogs_103822,musicbrainz,discogs,true
mbrainz_153,discogs_337,musicbrainz,discogs,true
mbrainz_15407,discogs_72898,musicbrainz,discogs,true
mbrainz_15414,discogs_72951,musicbrainz,discogs,true
mbrainz_15439,discogs_73108,musicbrainz,discogs,true
mbrainz_15472,discogs_73257,musicbrainz,discogs,true
mbrainz_1552,discogs_7599,musicbrainz,discogs,true
mbrainz_15533,discogs_73572,musicbrainz,discogs,true
mbrainz_15623,discogs_74132,musicbrainz,discogs,true
mbrainz_1564,discogs_7663,musicbrainz,discogs,true
mbrainz_1568,discogs_7716,musicbrainz,discogs,true
mbrainz_1570,discogs_12101,musicbrainz,discogs,true
mbrainz_15704,discogs_75343,musicbrainz,discogs,true
mbrainz_15808,discogs_76217,musicbrainz,discogs,true
mbrainz_15831,discogs_76407,musicbrainz,discogs,true
mbrainz_15886,discogs_76788,musicbrainz,discogs,true
mbrainz_15889,discogs_76812,musicbrainz,discogs,true
mbrainz_15933,discogs_77067,musicbrainz,discogs,true
mbrainz_160,discogs_388,musicbrainz,discogs,true
mbrainz_1600,discogs_18462,musicbrainz,discogs,true
mbrainz_16073,discogs_23429,musicbrainz,discogs,true
mbrainz_16097,discogs_77677,musicbrainz,discogs,true
mbrainz_16125,discogs_79437,musicbrainz,discogs,true
mbrainz_16161,discogs_79720,musicbrainz,discogs,true
mbrainz_1617,discogs_7869,musicbrainz,discogs,true
mbrainz_1619,discogs_7874,musicbrainz,discogs,true
mbrainz_16197,discogs_79971,musicbrainz,discogs,true
mbrainz_162,discogs_277,musicbrainz,discogs,true
mbrainz_1621,discogs_7880,musicbrainz,discogs,true
mbrainz_16219,discogs_80133,musicbrainz,discogs,true
mbrainz_16293,discogs_55215,musicbrainz,discogs,true
mbrainz_16360,discogs_107792,musicbrainz,discogs,true
mbrainz_16390,discogs_81712,musicbrainz,discogs,true
mbrainz_164,discogs_404,musicbrainz,discogs,true
mbrainz_16420,discogs_81946,musicbrainz,discogs,true
mbrainz_16465,discogs_82271,musicbrainz,discogs,true
mbrainz_1651,discogs_7935,musicbrainz,discogs,true
mbrainz_1655,discogs_7942,musicbrainz,discogs,true
mbrainz_16550,discogs_22610,musicbrainz,discogs,true
mbrainz_16648,discogs_83431,musicbrainz,discogs,true
mbrainz_16689,discogs_83717,musicbrainz,discogs,true
mbrainz_16722,discogs_66199,musicbrainz,discogs,true
mbrainz_16794,discogs_84521,musicbrainz,discogs,true
mbrainz_168,discogs_1267,musicbrainz,discogs,true
mbrainz_1680,discogs_8025,musicbrainz,discogs,true
mbrainz_1688,discogs_8059,musicbrainz,discogs,true
mbrainz_1689,discogs_10378,musicbrainz,discogs,true
mbrainz_169,discogs_452,musicbrainz,discogs,true
mbrainz_1697,discogs_26762,musicbrainz,discogs,true
mbrainz_17101,discogs_94317,musicbrainz,discogs,true
mbrainz_17113,discogs_86931,musicbrainz,discogs,true
mbrainz_1712,discogs_8192,musicbrainz,discogs,true
mbrainz_1713,discogs_23845,musicbrainz,discogs,true
mbrainz_17160,discogs_87228,musicbrainz,discogs,true
mbrainz_1718,discogs_8143,musicbrainz,discogs,true
mbrainz_1721,discogs_8146,musicbrainz,discogs,true
mbrainz_17217,discogs_87651,musicbrainz,discogs,true
mbrainz_1725,discogs_8151,musicbrainz,discogs,true
mbrainz_1732,discogs_55825,musicbrainz,discogs,true
mbrainz_1737,discogs_8171,musicbrainz,discogs,true
mbrainz_1739,discogs_113846,musicbrainz,discogs,true
mbrainz_174,discogs_472,musicbrainz,discogs,true
mbrainz_17408,discogs_89005,musicbrainz,discogs,true
mbrainz_17412,discogs_74784,musicbrainz,discogs,true
mbrainz_1744,discogs_8189,musicbrainz,discogs,true
mbrainz_1746,discogs_8193,musicbrainz,discogs,true
mbrainz_175,discogs_473,musicbrainz,discogs,true
mbrainz_17572,discogs_81161,musicbrainz,discogs,true
mbrainz_17594,discogs_91030,musicbrainz,discogs,true
mbrainz_1762,discogs_18570,musicbrainz,discogs,true
mbrainz_17640,discogs_91401,musicbrainz,discogs,true
mbrainz_1767,discogs_40782,musicbrainz,discogs,true
mbrainz_17701,discogs_91863,musicbrainz,discogs,true
mbrainz_1776,discogs_8287,musicbrainz,discogs,true
mbrainz_17820,discogs_94320,musicbrainz,discogs,true
mbrainz_17944,discogs_94411,musicbrainz,discogs,true
mbrainz_17985,discogs_94661,musicbrainz,discogs,true
mbrainz_18055,discogs_95255,musicbrainz,discogs,true
mbrainz_18060,discogs_95294,musicbrainz,discogs,true
mbrainz_18072,discogs_95411,musicbrainz,discogs,true
mbrainz_1812,discogs_8390,musicbrainz,discogs,true
mbrainz_1825,discogs_9740,musicbrainz,discogs,true
mbrainz_1826,discogs_8430,musicbrainz,discogs,true
mbrainz_18330,discogs_96024,musicbrainz,discogs,true
mbrainz_1840,discogs_8478,musicbrainz,discogs,true
mbrainz_18462,discogs_98622,musicbrainz,discogs,true
mbrainz_18561,discogs_99584,musicbrainz,discogs,true
mbrainz_1867,discogs_36796,musicbrainz,discogs,true
mbrainz_18707,discogs_100710,musicbrainz,discogs,true
mbrainz_1873,discogs_10128,musicbrainz,discogs,true
mbrainz_18750,discogs_101139,musicbrainz,discogs,true
mbrainz_18816,discogs_99363,musicbrainz,discogs,true
mbrainz_1884,discogs_8628,musicbrainz,discogs,true
mbrainz_18840,discogs_101845,musicbrainz,discogs,true
mbrainz_18860,discogs_104213,musicbrainz,discogs,true
mbrainz_18883,discogs_102132,musicbrainz,discogs,true
mbrainz_18982,discogs_102885,musicbrainz,discogs,true
mbrainz_19105,discogs_103809,musicbrainz,discogs,true
mbrainz_19123,discogs_103983,musicbrainz,discogs,true
mbrainz_1916,discogs_8727,musicbrainz,discogs,true
mbrainz_19183,discogs_104500,musicbrainz,discogs,true
mbrainz_19346,discogs_106317,musicbrainz,discogs,true
mbrainz_19406,discogs_106826,musicbrainz,discogs,true
mbrainz_19485,discogs_90566,musicbrainz,discogs,true
mbrainz_19491,discogs_89067,musicbrainz,discogs,true
mbrainz_19578,discogs_108266,musicbrainz,discogs,true
mbrainz_19630,discogs_108535,musicbrainz,discogs,true
mbrainz_1986,discogs_8977,musicbrainz,discogs,true
mbrainz_19871,discogs_37505,musicbrainz,discogs,true
mbrainz_199,discogs_8614,musicbrainz,discogs,true
mbrainz_19901,discogs_111272,musicbrainz,discogs,true
mbrainz_19967,discogs_111787,musicbrainz,discogs,true
mbrainz_19986,discogs_111897,musicbrainz,discogs,true
mbrainz_19991,discogs_111963,musicbrainz,discogs,true
mbrainz_2,discogs_4,musicbrainz,discogs,true
mbrainz_2003,discogs_57615,musicbrainz,discogs,true
mbrainz_20049,discogs_112334,musicbrainz,discogs,true
mbrainz_2005,discogs_46923,musicbrainz,discogs,true
mbrainz_2017,discogs_9106,musicbrainz,discogs,true
mbrainz_2024,discogs_9118,musicbrainz,discogs,true
mbrainz_2028,discogs_53175,musicbrainz,discogs,true
mbrainz_20418,discogs_114685,musicbrainz,discogs,true
mbrainz_20434,discogs_114782,musicbrainz,discogs,true
mbrainz_20461,discogs_109113,musicbrainz,discogs,true
mbrainz_20507,discogs_120525,musicbrainz,discogs,true
mbrainz_20534,discogs_115453,musicbrainz,discogs,true
mbrainz_2056,discogs_9259,musicbrainz,discogs,true
mbrainz_2067,discogs_10403,musicbrainz,discogs,true
mbrainz_2071,discogs_9299,musicbrainz,discogs,true
mbrainz_20809,discogs_117186,musicbrainz,discogs,true
mbrainz_209,discogs_2739,musicbrainz,discogs,true
mbrainz_2090,discogs_9349,musicbrainz,discogs,true
mbrainz_2091,discogs_9350,musicbrainz,discogs,true
mbrainz_20929,discogs_118092,musicbrainz,discogs,true
mbrainz_2096,discogs_9368,musicbrainz,discogs,true
mbrainz_21004,discogs_118645,musicbrainz,discogs,true
mbrainz_2101,discogs_9383,musicbrainz,discogs,true
mbrainz_2109,discogs_9397,musicbrainz,discogs,true
mbrainz_21132,discogs_119685,musicbrainz,discogs,true
mbrainz_21152,discogs_125883,musicbrainz,discogs,true
mbrainz_2116,discogs_9433,musicbrainz,discogs,true
mbrainz_2124,discogs_9455,musicbrainz,discogs,true
mbrainz_2130,discogs_12626,musicbrainz,discogs,true
mbrainz_21318,discogs_120886,musicbrainz,discogs,true
mbrainz_2132,discogs_36815,musicbrainz,discogs,true
mbrainz_21395,discogs_121414,musicbrainz,discogs,true
mbrainz_21414,discogs_100640,musicbrainz,discogs,true
mbrainz_21491,discogs_122117,musicbrainz,discogs,true
mbrainz_2150,discogs_9523,musicbrainz,discogs,true
mbrainz_2155,discogs_9559,musicbrainz,discogs,true
mbrainz_21610,discogs_122873,musicbrainz,discogs,true
mbrainz_21861,discogs_124598,musicbrainz,discogs,true
mbrainz_2189,discogs_9678,musicbrainz,discogs,true
mbrainz_219,discogs_663,musicbrainz,discogs,true
mbrainz_2190,discogs_9681,musicbrainz,discogs,true
mbrainz_2195,discogs_9698,musicbrainz,discogs,true
mbrainz_2199,discogs_9712,musicbrainz,discogs,true
mbrainz_22,discogs_55,musicbrainz,discogs,true
mbrainz_222,discogs_672,musicbrainz,discogs,true
mbrainz_22237,discogs_127156,musicbrainz,discogs,true
mbrainz_22286,discogs_127439,musicbrainz,discogs,true
mbrainz_22456,discogs_128567,musicbrainz,discogs,true
mbrainz_22462,discogs_138074,musicbrainz,discogs,true
mbrainz_22568,discogs_129285,musicbrainz,discogs,true
mbrainz_2262,discogs_9939,musicbrainz,discogs,true
mbrainz_2272,discogs_18677,musicbrainz,discogs,true
mbrainz_22781,discogs_130395,musicbrainz,discogs,true
mbrainz_22795,discogs_130521,musicbrainz,discogs,true
mbrainz_22847,discogs_130922,musicbrainz,discogs,true
mbrainz_2290,discogs_70330,musicbrainz,discogs,true
mbrainz_22904,discogs_131709,musicbrainz,discogs,true
mbrainz_23,discogs_56,musicbrainz,discogs,true
mbrainz_23035,discogs_132151,musicbrainz,discogs,true
mbrainz_2309,discogs_26127,musicbrainz,discogs,true
mbrainz_231,discogs_60082,musicbrainz,discogs,true
mbrainz_2319,discogs_78410,musicbrainz,discogs,true
mbrainz_23194,discogs_133107,musicbrainz,discogs,true
mbrainz_23204,discogs_133214,musicbrainz,discogs,true
mbrainz_23284,discogs_133761,musicbrainz,discogs,true
mbrainz_233,discogs_700,musicbrainz,discogs,true
mbrainz_2335,discogs_23073,musicbrainz,discogs,true
mbrainz_23393,discogs_134445,musicbrainz,discogs,true
mbrainz_2347,discogs_10320,musicbrainz,discogs,true
mbrainz_2349,discogs_27336,musicbrainz,discogs,true
mbrainz_23581,discogs_133027,musicbrainz,discogs,true
mbrainz_2359,discogs_10363,musicbrainz,discogs,true
mbrainz_23596,discogs_135704,musicbrainz,discogs,true
mbrainz_236,discogs_710,musicbrainz,discogs,true
mbrainz_2368,discogs_10409,musicbrainz,discogs,true
mbrainz_23796,discogs_136852,musicbrainz,discogs,true
mbrainz_2383,discogs_12479,musicbrainz,discogs,true
mbrainz_2384,discogs_66928,musicbrainz,discogs,true
mbrainz_23850,discogs_137138,musicbrainz,discogs,true
mbrainz_2389,discogs_10480,musicbrainz,discogs,true
mbrainz_2392,discogs_10495,musicbrainz,discogs,true
mbrainz_23963,discogs_137768,musicbrainz,discogs,true
mbrainz_241,discogs_718,musicbrainz,discogs,true
mbrainz_2439,discogs_10662,musicbrainz,discogs,true
mbrainz_244,discogs_727,musicbrainz,discogs,true
mbrainz_24408,discogs_137715,musicbrainz,discogs,true
mbrainz_24546,discogs_141431,musicbrainz,discogs,true
mbrainz_2457,discogs_131531,musicbrainz,discogs,true
mbrainz_2458,discogs_10748,musicbrainz,discogs,true
mbrainz_2475,discogs_10804,musicbrainz,discogs,true
mbrainz_249,discogs_736,musicbrainz,discogs,true
mbrainz_2503,discogs_18360,musicbrainz,discogs,true
mbrainz_253,discogs_743,musicbrainz,discogs,true
mbrainz_2530,discogs_11055,musicbrainz,discogs,true
mbrainz_2532,discogs_47438,musicbrainz,discogs,true
mbrainz_25517,discogs_16813,musicbrainz,discogs,true
mbrainz_25686,discogs_148237,musicbrainz,discogs,true
mbrainz_26,discogs_65,musicbrainz,discogs,true
mbrainz_26021,discogs_150172,musicbrainz,discogs,true
mbrainz_26063,discogs_150400,musicbrainz,discogs,true
mbrainz_2638,discogs_11536,musicbrainz,discogs,true
mbrainz_2639,discogs_15189,musicbrainz,discogs,true
mbrainz_2650,discogs_42216,musicbrainz,discogs,true
mbrainz_2664,discogs_11646,musicbrainz,discogs,true
mbrainz_2668,discogs_11655,musicbrainz,discogs,true
mbrainz_2675,discogs_26288,musicbrainz,discogs,true
mbrainz_2693,discogs_101684,musicbrainz,discogs,true
mbrainz_27,discogs_67,musicbrainz,discogs,true
mbrainz_2710,discogs_11814,musicbrainz,discogs,true
mbrainz_2722,discogs_11880,musicbrainz,discogs,true
mbrainz_2743,discogs_11975,musicbrainz,discogs,true
mbrainz_2744,discogs_11976,musicbrainz,discogs,true
mbrainz_27498,discogs_74922,musicbrainz,discogs,true
mbrainz_275,discogs_822,musicbrainz,discogs,true
mbrainz_27523,discogs_44829,musicbrainz,discogs,true
mbrainz_2753,discogs_12030,musicbrainz,discogs,true
mbrainz_2774,discogs_12093,musicbrainz,discogs,true
mbrainz_2779,discogs_12112,musicbrainz,discogs,true
mbrainz_2805,discogs_12234,musicbrainz,discogs,true
mbrainz_2811,discogs_12253,musicbrainz,discogs,true
mbrainz_28213,discogs_46680,musicbrainz,discogs,true
mbrainz_283,discogs_844,musicbrainz,discogs,true
mbrainz_2849,discogs_15369,musicbrainz,discogs,true
mbrainz_2870,discogs_12474,musicbrainz,discogs,true
mbrainz_288,discogs_872,musicbrainz,discogs,true
mbrainz_2891,discogs_12560,musicbrainz,discogs,true
mbrainz_2901,discogs_12588,musicbrainz,discogs,true
mbrainz_2902,discogs_12592,musicbrainz,discogs,true
mbrainz_29254,discogs_169896,musicbrainz,discogs,true
mbrainz_2937,discogs_12732,musicbrainz,discogs,true
mbrainz_2945,discogs_12758,musicbrainz,discogs,true
mbrainz_29655,discogs_958,musicbrainz,discogs,true
mbrainz_30,discogs_74,musicbrainz,discogs,true
mbrainz_300,discogs_904,musicbrainz,discogs,true
mbrainz_30098,discogs_113151,musicbrainz,discogs,true
mbrainz_3016,discogs_13075,musicbrainz,discogs,true
mbrainz_302,discogs_906,musicbrainz,discogs,true
mbrainz_30401,discogs_22008,musicbrainz,discogs,true
mbrainz_3089,discogs_13444,musicbrainz,discogs,true
mbrainz_3098,discogs_13472,musicbrainz,discogs,true
mbrainz_31064,discogs_184703,musicbrainz,discogs,true
mbrainz_3115,discogs_13543,musicbrainz,discogs,true
mbrainz_3119,discogs_13554,musicbrainz,discogs,true
mbrainz_317,discogs_1018,musicbrainz,discogs,true
mbrainz_3178,discogs_13777,musicbrainz,discogs,true
mbrainz_3191,discogs_13834,musicbrainz,discogs,true
mbrainz_3202,discogs_13862,musicbrainz,discogs,true
mbrainz_3241,discogs_14064,musicbrainz,discogs,true
mbrainz_3255,discogs_14112,musicbrainz,discogs,true
mbrainz_32686,discogs_49392,musicbrainz,discogs,true
mbrainz_3269,discogs_14153,musicbrainz,discogs,true
mbrainz_3271,discogs_14160,musicbrainz,discogs,true
mbrainz_3278,discogs_14188,musicbrainz,discogs,true
mbrainz_329,discogs_1070,musicbrainz,discogs,true
mbrainz_32901,discogs_76811,musicbrainz,discogs,true
mbrainz_33,discogs_84,musicbrainz,discogs,true
mbrainz_3318,discogs_14315,musicbrainz,discogs,true
mbrainz_3397,discogs_14673,musicbrainz,discogs,true
mbrainz_3402,discogs_14688,musicbrainz,discogs,true
mbrainz_3415,discogs_14737,musicbrainz,discogs,true
mbrainz_3423,discogs_14779,musicbrainz,discogs,true
mbrainz_3451,discogs_21616,musicbrainz,discogs,true
mbrainz_3466,discogs_14943,musicbrainz,discogs,true
mbrainz_347,discogs_3645,musicbrainz,discogs,true
mbrainz_3504,discogs_15084,musicbrainz,discogs,true
mbrainz_3544,discogs_15248,musicbrainz,discogs,true
mbrainz_3546,discogs_15262,musicbrainz,discogs,true
mbrainz_3548,discogs_33793,musicbrainz,discogs,true
mbrainz_3549,discogs_15272,musicbrainz,discogs,true
mbrainz_356,discogs_1171,musicbrainz,discogs,true
mbrainz_3565,discogs_15337,musicbrainz,discogs,true
mbrainz_3575,discogs_15388,musicbrainz,discogs,true
mbrainz_3579,discogs_15395,musicbrainz,discogs,true
mbrainz_3594,discogs_15435,musicbrainz,discogs,true
mbrainz_3610,discogs_15495,musicbrainz,discogs,true
mbrainz_3613,discogs_15505,musicbrainz,discogs,true
mbrainz_3644,discogs_15638,musicbrainz,discogs,true
mbrainz_3694,discogs_15857,musicbrainz,discogs,true
mbrainz_37,discogs_96,musicbrainz,discogs,true
mbrainz_370,discogs_1236,musicbrainz,discogs,true
mbrainz_3701,discogs_24929,musicbrainz,discogs,true
mbrainz_3732,discogs_16001,musicbrainz,discogs,true
mbrainz_3746,discogs_16093,musicbrainz,discogs,true
mbrainz_3764,discogs_16155,musicbrainz,discogs,true
mbrainz_3770,discogs_16168,musicbrainz,discogs,true
mbrainz_3782,discogs_16205,musicbrainz,discogs,true
mbrainz_3784,discogs_16218,musicbrainz,discogs,true
mbrainz_38,discogs_98,musicbrainz,discogs,true
mbrainz_3809,discogs_16308,musicbrainz,discogs,true
mbrainz_3825,discogs_16370,musicbrainz,discogs,true
mbrainz_3838,discogs_16437,musicbrainz,discogs,true
mbrainz_3841,discogs_7627,musicbrainz,discogs,true
mbrainz_386,discogs_17560,musicbrainz,discogs,true
mbrainz_3866,discogs_16548,musicbrainz,discogs,true
mbrainz_3971,discogs_16974,musicbrainz,discogs,true
mbrainz_4,discogs_6,musicbrainz,discogs,true
mbrainz_400,discogs_1425,musicbrainz,discogs,true
mbrainz_4054,discogs_17352,musicbrainz,discogs,true
mbrainz_409,discogs_1471,musicbrainz,discogs,true
mbrainz_4090,discogs_17493,musicbrainz,discogs,true
mbrainz_4093,discogs_17509,musicbrainz,discogs,true
mbrainz_4107,discogs_28198,musicbrainz,discogs,true
mbrainz_4139,discogs_17709,musicbrainz,discogs,true
mbrainz_4147,discogs_69529,musicbrainz,discogs,true
mbrainz_4154,discogs_17790,musicbrainz,discogs,true
mbrainz_4172,discogs_17874,musicbrainz,discogs,true
mbrainz_4173,discogs_17875,musicbrainz,discogs,true
mbrainz_4185,discogs_17915,musicbrainz,discogs,true
mbrainz_4225,discogs_140388,musicbrainz,discogs,true
mbrainz_4231,discogs_18077,musicbrainz,discogs,true
mbrainz_4245,discogs_55624,musicbrainz,discogs,true
mbrainz_4297,discogs_18384,musicbrainz,discogs,true
mbrainz_4327,discogs_18486,musicbrainz,discogs,true
mbrainz_4330,discogs_18489,musicbrainz,discogs,true
mbrainz_4340,discogs_18531,musicbrainz,discogs,true
mbrainz_4361,discogs_60883,musicbrainz,discogs,true
mbrainz_4376,discogs_18696,musicbrainz,discogs,true
mbrainz_4392,discogs_18765,musicbrainz,discogs,true
mbrainz_4415,discogs_18875,musicbrainz,discogs,true
mbrainz_4435,discogs_35792,musicbrainz,discogs,true
mbrainz_4489,discogs_19120,musicbrainz,discogs,true
mbrainz_4495,discogs_19176,musicbrainz,discogs,true
mbrainz_4513,discogs_19255,musicbrainz,discogs,true
mbrainz_4543,discogs_19400,musicbrainz,discogs,true
mbrainz_4544,discogs_19405,musicbrainz,discogs,true
mbrainz_4547,discogs_19411,musicbrainz,discogs,true
mbrainz_4549,discogs_19417,musicbrainz,discogs,true
mbrainz_455,discogs_1742,musicbrainz,discogs,true
mbrainz_4551,discogs_19426,musicbrainz,discogs,true
mbrainz_4581,discogs_19535,musicbrainz,discogs,true
mbrainz_4598,discogs_19604,musicbrainz,discogs,true
mbrainz_4601,discogs_19833,musicbrainz,discogs,true
mbrainz_4616,discogs_23104,musicbrainz,discogs,true
mbrainz_4627,discogs_19732,musicbrainz,discogs,true
mbrainz_4675,discogs_22388,musicbrainz,discogs,true
mbrainz_4683,discogs_20019,musicbrainz,discogs,true
mbrainz_47,discogs_115,musicbrainz,discogs,true
mbrainz_4749,discogs_20329,musicbrainz,discogs,true
mbrainz_4761,discogs_37515,musicbrainz,discogs,true
mbrainz_477,discogs_1819,musicbrainz,discogs,true
mbrainz_481,discogs_13356,musicbrainz,discogs,true
mbrainz_4854,discogs_20842,musicbrainz,discogs,true
mbrainz_487,discogs_1912,musicbrainz,discogs,true
mbrainz_488,discogs_1913,musicbrainz,discogs,true
mbrainz_4892,discogs_21003,musicbrainz,discogs,true
mbrainz_4921,discogs_62881,musicbrainz,discogs,true
mbrainz_495,discogs_1992,musicbrainz,discogs,true
mbrainz_4985,discogs_21401,musicbrainz,discogs,true
mbrainz_4999,discogs_54711,musicbrainz,discogs,true
mbrainz_50,discogs_119,musicbrainz,discogs,true
mbrainz_5056,discogs_21718,musicbrainz,discogs,true
mbrainz_516,discogs_18500,musicbrainz,discogs,true
mbrainz_5196,discogs_22373,musicbrainz,discogs,true
mbrainz_5205,discogs_22401,musicbrainz,discogs,true
mbrainz_5210,discogs_22411,musicbrainz,discogs,true
mbrainz_5214,discogs_22437,musicbrainz,discogs,true
mbrainz_5250,discogs_22608,musicbrainz,discogs,true
mbrainz_5260,discogs_43498,musicbrainz,discogs,true
mbrainz_5290,discogs_22786,musicbrainz,discogs,true
mbrainz_5301,discogs_22859,musicbrainz,discogs,true
mbrainz_5347,discogs_23138,musicbrainz,discogs,true
mbrainz_5470,discogs_262,musicbrainz,discogs,true
mbrainz_5479,discogs_23754,musicbrainz,discogs,true
mbrainz_5482,discogs_23858,musicbrainz,discogs,true
mbrainz_5492,discogs_23836,musicbrainz,discogs,true
mbrainz_5525,discogs_24008,musicbrainz,discogs,true
mbrainz_5567,discogs_64675,musicbrainz,discogs,true
mbrainz_5574,discogs_24239,musicbrainz,discogs,true
mbrainz_5586,discogs_24299,musicbrainz,discogs,true
mbrainz_559,discogs_2323,musicbrainz,discogs,true
mbrainz_5639,discogs_24571,musicbrainz,discogs,true
mbrainz_5666,discogs_24669,musicbrainz,discogs,true
mbrainz_57,discogs_129,musicbrainz,discogs,true
mbrainz_5701,discogs_24831,musicbrainz,discogs,true
mbrainz_5717,discogs_53212,musicbrainz,discogs,true
mbrainz_5766,discogs_1985,musicbrainz,discogs,true
mbrainz_5772,discogs_25157,musicbrainz,discogs,true
mbrainz_5845,discogs_25521,musicbrainz,discogs,true
mbrainz_59,discogs_135,musicbrainz,discogs,true
mbrainz_592,discogs_2592,musicbrainz,discogs,true
mbrainz_5926,discogs_25844,musicbrainz,discogs,true
mbrainz_595,discogs_6399,musicbrainz,discogs,true
mbrainz_5988,discogs_80778,musicbrainz,discogs,true
mbrainz_5996,discogs_26146,musicbrainz,discogs,true
mbrainz_6,discogs_11,musicbrainz,discogs,true
mbrainz_60,discogs_136,musicbrainz,discogs,true
mbrainz_6033,discogs_26287,musicbrainz,discogs,true
mbrainz_61,discogs_2131,musicbrainz,discogs,true
mbrainz_6102,discogs_26622,musicbrainz,discogs,true
mbrainz_6256,discogs_27404,musicbrainz,discogs,true
mbrainz_6307,discogs_27639,musicbrainz,discogs,true
mbrainz_6314,discogs_27681,musicbrainz,discogs,true
mbrainz_6332,discogs_27785,musicbrainz,discogs,true
mbrainz_634,discogs_198,musicbrainz,discogs,true
mbrainz_6342,discogs_27823,musicbrainz,discogs,true
mbrainz_6367,discogs_27926,musicbrainz,discogs,true
mbrainz_6384,discogs_27993,musicbrainz,discogs,true
mbrainz_64,discogs_140,musicbrainz,discogs,true
mbrainz_6419,discogs_82564,musicbrainz,discogs,true
mbrainz_6459,discogs_28351,musicbrainz,discogs,true
mbrainz_6490,discogs_28486,musicbrainz,discogs,true
mbrainz_6491,discogs_28487,musicbrainz,discogs,true
mbrainz_6492,discogs_28502,musicbrainz,discogs,true
mbrainz_6497,discogs_28524,musicbrainz,discogs,true
mbrainz_6527,discogs_28649,musicbrainz,discogs,true
mbrainz_6546,discogs_28749,musicbrainz,discogs,true
mbrainz_66,discogs_146,musicbrainz,discogs,true
mbrainz_662,discogs_3035,musicbrainz,discogs,true
mbrainz_6631,discogs_29172,musicbrainz,discogs,true
mbrainz_6652,discogs_29288,musicbrainz,discogs,true
mbrainz_671,discogs_3066,musicbrainz,discogs,true
mbrainz_6717,discogs_29552,musicbrainz,discogs,true
mbrainz_6737,discogs_29642,musicbrainz,discogs,true
mbrainz_6789,discogs_29886,musicbrainz,discogs,true
mbrainz_6807,discogs_29991,musicbrainz,discogs,true
mbrainz_6827,discogs_30088,musicbrainz,discogs,true
mbrainz_6864,discogs_3840,musicbrainz,discogs,true
mbrainz_6898,discogs_30502,musicbrainz,discogs,true
mbrainz_6906,discogs_30549,musicbrainz,discogs,true
mbrainz_6947,discogs_55629,musicbrainz,discogs,true
mbrainz_697,discogs_3541,musicbrainz,discogs,true
mbrainz_6976,discogs_30957,musicbrainz,discogs,true
mbrainz_7,discogs_13,musicbrainz,discogs,true
mbrainz_7047,discogs_31270,musicbrainz,discogs,true
mbrainz_705,discogs_3224,musicbrainz,discogs,true
mbrainz_7051,discogs_31300,musicbrainz,discogs,true
mbrainz_7063,discogs_31349,musicbrainz,discogs,true
mbrainz_7080,discogs_31421,musicbrainz,discogs,true
mbrainz_7097,discogs_31569,musicbrainz,discogs,true
mbrainz_7217,discogs_32283,musicbrainz,discogs,true
mbrainz_7223,discogs_32308,musicbrainz,discogs,true
mbrainz_7298,discogs_32721,musicbrainz,discogs,true
mbrainz_7379,discogs_33118,musicbrainz,discogs,true
mbrainz_7395,discogs_33186,musicbrainz,discogs,true
mbrainz_7410,discogs_33238,musicbrainz,discogs,true
mbrainz_7475,discogs_33517,musicbrainz,discogs,true
mbrainz_7479,discogs_33525,musicbrainz,discogs,true
mbrainz_75,discogs_171,musicbrainz,discogs,true
mbrainz_7519,discogs_35408,musicbrainz,discogs,true
mbrainz_7534,discogs_33750,musicbrainz,discogs,true
mbrainz_755,discogs_3465,musicbrainz,discogs,true
mbrainz_7649,discogs_34322,musicbrainz,discogs,true
mbrainz_7702,discogs_34602,musicbrainz,discogs,true
mbrainz_7732,discogs_34722,musicbrainz,discogs,true
mbrainz_7738,discogs_34736,musicbrainz,discogs,true
mbrainz_7787,discogs_34940,musicbrainz,discogs,true
mbrainz_7791,discogs_34949,musicbrainz,discogs,true
mbrainz_7810,discogs_35043,musicbrainz,discogs,true
mbrainz_7828,discogs_35103,musicbrainz,discogs,true
mbrainz_7874,discogs_33982,musicbrainz,discogs,true
mbrainz_7916,discogs_35477,musicbrainz,discogs,true
mbrainz_7942,discogs_35594,musicbrainz,discogs,true
mbrainz_7956,discogs_35647,musicbrainz,discogs,true
mbrainz_7964,discogs_35690,musicbrainz,discogs,true
mbrainz_7995,discogs_35862,musicbrainz,discogs,true
mbrainz_8031,discogs_36020,musicbrainz,discogs,true
mbrainz_8045,discogs_36104,musicbrainz,discogs,true
mbrainz_809,discogs_3740,musicbrainz,discogs,true
mbrainz_8120,discogs_45107,musicbrainz,discogs,true
mbrainz_815,discogs_3754,musicbrainz,discogs,true
mbrainz_8197,discogs_36875,musicbrainz,discogs,true
mbrainz_820,discogs_17229,musicbrainz,discogs,true
mbrainz_8254,discogs_37120,musicbrainz,discogs,true
mbrainz_8287,discogs_150976,musicbrainz,discogs,true
mbrainz_830,discogs_3812,musicbrainz,discogs,true
mbrainz_8309,discogs_37402,musicbrainz,discogs,true
mbrainz_8310,discogs_37405,musicbrainz,discogs,true
mbrainz_8315,discogs_37420,musicbrainz,discogs,true
mbrainz_8320,discogs_55396,musicbrainz,discogs,true
mbrainz_8345,discogs_37576,musicbrainz,discogs,true
mbrainz_835,discogs_9052,musicbrainz,discogs,true
mbrainz_8359,discogs_37627,musicbrainz,discogs,true
mbrainz_8422,discogs_13947,musicbrainz,discogs,true
mbrainz_8432,discogs_39745,musicbrainz,discogs,true
mbrainz_8453,discogs_38023,musicbrainz,discogs,true
mbrainz_8468,discogs_38120,musicbrainz,discogs,true
mbrainz_847,discogs_13180,musicbrainz,discogs,true
mbrainz_8495,discogs_38211,musicbrainz,discogs,true
mbrainz_8528,discogs_38346,musicbrainz,discogs,true
mbrainz_86,discogs_196,musicbrainz,discogs,true
mbrainz_8643,discogs_104481,musicbrainz,discogs,true
mbrainz_865,discogs_4028,musicbrainz,discogs,true
mbrainz_867,discogs_4037,musicbrainz,discogs,true
mbrainz_87,discogs_197,musicbrainz,discogs,true
mbrainz_8728,discogs_39175,musicbrainz,discogs,true
mbrainz_873,discogs_11936,musicbrainz,discogs,true
mbrainz_8791,discogs_39513,musicbrainz,discogs,true
mbrainz_8813,discogs_39611,musicbrainz,discogs,true
mbrainz_8820,discogs_39628,musicbrainz,discogs,true
mbrainz_8861,discogs_41614,musicbrainz,discogs,true
mbrainz_8867,discogs_78395,musicbrainz,discogs,true
mbrainz_89,discogs_201,musicbrainz,discogs,true
mbrainz_893,discogs_4168,musicbrainz,discogs,true
mbrainz_8950,discogs_40185,musicbrainz,discogs,true
mbrainz_896,discogs_4174,musicbrainz,discogs,true
mbrainz_90,discogs_202,musicbrainz,discogs,true
mbrainz_9006,discogs_40462,musicbrainz,discogs,true
mbrainz_9048,discogs_40655,musicbrainz,discogs,true
mbrainz_908,discogs_20405,musicbrainz,discogs,true
mbrainz_912,discogs_4257,musicbrainz,discogs,true
mbrainz_9140,discogs_41077,musicbrainz,discogs,true
mbrainz_9180,discogs_41247,musicbrainz,discogs,true
mbrainz_9216,discogs_41394,musicbrainz,discogs,true
mbrainz_9242,discogs_41519,musicbrainz,discogs,true
mbrainz_9318,discogs_41824,musicbrainz,discogs,true
mbrainz_9411,discogs_57509,musicbrainz,discogs,true
mbrainz_943,discogs_94774,musicbrainz,discogs,true
mbrainz_9451,discogs_42434,musicbrainz,discogs,true
mbrainz_9452,discogs_42439,musicbrainz,discogs,true
mbrainz_9467,discogs_42500,musicbrainz,discogs,true
mbrainz_95,discogs_216,musicbrainz,discogs,true
mbrainz_957,discogs_4467,musicbrainz,discogs,true
mbrainz_96,discogs_219,musicbrainz,discogs,true
mbrainz_9660,discogs_43420,musicbrainz,discogs,true
mbrainz_9668,discogs_43451,musicbrainz,discogs,true
mbrainz_9680,discogs_43517,musicbrainz,discogs,true
mbrainz_9696,discogs_716,musicbrainz,discogs,true
mbrainz_9705,discogs_43674,musicbrainz,discogs,true
mbrainz_971,discogs_4572,musicbrainz,discogs,true
mbrainz_973,discogs_4591,musicbrainz,discogs,true
mbrainz_9799,discogs_44049,musicbrainz,discogs,true
mbrainz_9841,discogs_44271,musicbrainz,discogs,true
mbrainz_9848,discogs_44313,musicbrainz,discogs,true
mbrainz_9882,discogs_44496,musicbrainz,discogs,true
mbrainz_99,discogs_226,musicbrainz,discogs,true
mbrainz_9908,discogs_44619,musicbrainz,discogs,true
mbrainz_999,discogs_4731,musicbrainz,discogs,true
mbrainz_100,discogs_10144,musicbrainz,discogs,false
mbrainz_100,discogs_124133,musicbrainz,discogs,false
mbrainz_100,discogs_146269,musicbrainz,discogs,false
mbrainz_100,discogs_158512,musicbrainz,discogs,false
mbrainz_100,discogs_166541,musicbrainz,discogs,false
mbrainz_100,discogs_180173,musicbrainz,discogs,false
mbrainz_100,discogs_24592,musicbrainz,discogs,false
mbrainz_100,discogs_98007,musicbrainz,discogs,false
mbrainz_10033,discogs_115085,musicbrainz,discogs,false
mbrainz_10033,discogs_156753,musicbrainz,discogs,false
mbrainz_10033,discogs_169796,musicbrainz,discogs,false
mbrainz_10033,discogs_184811,musicbrainz,discogs,false
mbrainz_10033,discogs_19411,musicbrainz,discogs,false
mbrainz_10033,discogs_90229,musicbrainz,discogs,false
mbrainz_10035,discogs_118789,musicbrainz,discogs,false
mbrainz_10035,discogs_127154,musicbrainz,discogs,false
mbrainz_10035,discogs_13006,musicbrainz,discogs,false
mbrainz_10035,discogs_14494,musicbrainz,discogs,false
mbrainz_10035,discogs_29700,musicbrainz,discogs,false
mbrainz_10035,discogs_59821,musicbrainz,discogs,false
mbrainz_10099,discogs_101146,musicbrainz,discogs,false
mbrainz_10099,discogs_115674,musicbrainz,discogs,false
mbrainz_10099,discogs_17777,musicbrainz,discogs,false
mbrainz_10099,discogs_25157,musicbrainz,discogs,false
mbrainz_10099,discogs_55113,musicbrainz,discogs,false
mbrainz_10107,discogs_26627,musicbrainz,discogs,false
mbrainz_10119,discogs_119881,musicbrainz,discogs,false
mbrainz_10119,discogs_127439,musicbrainz,discogs,false
mbrainz_10119,discogs_25208,musicbrainz,discogs,false
mbrainz_10119,discogs_76538,musicbrainz,discogs,false
mbrainz_10119,discogs_77905,musicbrainz,discogs,false
mbrainz_10140,discogs_177787,musicbrainz,discogs,false
mbrainz_10140,discogs_27993,musicbrainz,discogs,false
mbrainz_10140,discogs_94209,musicbrainz,discogs,false
mbrainz_1018,discogs_105352,musicbrainz,discogs,false
mbrainz_1018,discogs_113171,musicbrainz,discogs,false
mbrainz_1018,discogs_134969,musicbrainz,discogs,false
mbrainz_1018,discogs_143304,musicbrainz,discogs,false
mbrainz_1018,discogs_152325,musicbrainz,discogs,false
mbrainz_1018,discogs_165526,musicbrainz,discogs,false
mbrainz_1018,discogs_184263,musicbrainz,discogs,false
mbrainz_1018,discogs_24126,musicbrainz,discogs,false
mbrainz_10183,discogs_10144,musicbrainz,discogs,false
mbrainz_10183,discogs_124133,musicbrainz,discogs,false
mbrainz_10183,discogs_158512,musicbrainz,discogs,false
mbrainz_10183,discogs_166541,musicbrainz,discogs,false
mbrainz_10183,discogs_180173,musicbrainz,discogs,false
mbrainz_10183,discogs_228,musicbrainz,discogs,false
mbrainz_10183,discogs_98007,musicbrainz,discogs,false
mbrainz_10192,discogs_109904,musicbrainz,discogs,false
mbrainz_10192,discogs_11632,musicbrainz,discogs,false
mbrainz_10192,discogs_136773,musicbrainz,discogs,false
mbrainz_10192,discogs_164673,musicbrainz,discogs,false
mbrainz_10192,discogs_34882,musicbrainz,discogs,false
mbrainz_10192,discogs_83803,musicbrainz,discogs,false
mbrainz_10192,discogs_85501,musicbrainz,discogs,false
mbrainz_10196,discogs_12130,musicbrainz,discogs,false
mbrainz_10196,discogs_126986,musicbrainz,discogs,false
mbrainz_10196,discogs_16620,musicbrainz,discogs,false
mbrainz_10196,discogs_3615,musicbrainz,discogs,false
mbrainz_10196,discogs_51930,musicbrainz,discogs,false
mbrainz_10196,discogs_71987,musicbrainz,discogs,false
mbrainz_10196,discogs_73539,musicbrainz,discogs,false
mbrainz_10196,discogs_87366,musicbrainz,discogs,false
mbrainz_10198,discogs_15683,musicbrainz,discogs,false
mbrainz_10198,discogs_98147,musicbrainz,discogs,false
mbrainz_10198,discogs_99996,musicbrainz,discogs,false
mbrainz_102,discogs_24045,musicbrainz,discogs,false
mbrainz_102,discogs_7242,musicbrainz,discogs,false
mbrainz_102,discogs_76397,musicbrainz,discogs,false
mbrainz_102,discogs_82830,musicbrainz,discogs,false
mbrainz_102,discogs_9532,musicbrainz,discogs,false
mbrainz_102,discogs_99913,musicbrainz,discogs,false
mbrainz_10200,discogs_110698,musicbrainz,discogs,false
mbrainz_10200,discogs_1150,musicbrainz,discogs,false
mbrainz_10200,discogs_122623,musicbrainz,discogs,false
mbrainz_10200,discogs_2440,musicbrainz,discogs,false
mbrainz_10200,discogs_35978,musicbrainz,discogs,false
mbrainz_10200,discogs_36804,musicbrainz,discogs,false
mbrainz_10203,discogs_15269,musicbrainz,discogs,false
mbrainz_10203,discogs_169385,musicbrainz,discogs,false
mbrainz_10203,discogs_27382,musicbrainz,discogs,false
mbrainz_10203,discogs_3754,musicbrainz,discogs,false
mbrainz_10203,discogs_45028,musicbrainz,discogs,false
mbrainz_10203,discogs_45029,musicbrainz,discogs,false
mbrainz_10203,discogs_50762,musicbrainz,discogs,false
mbrainz_10203,discogs_58759,musicbrainz,discogs,false
mbrainz_10203,discogs_74380,musicbrainz,discogs,false
mbrainz_10222,discogs_127156,musicbrainz,discogs,false
mbrainz_10222,discogs_166640,musicbrainz,discogs,false
mbrainz_10222,discogs_176801,musicbrainz,discogs,false
mbrainz_10222,discogs_178045,musicbrainz,discogs,false
mbrainz_10222,discogs_35375,musicbrainz,discogs,false
mbrainz_10222,discogs_46189,musicbrainz,discogs,false
mbrainz_10222,discogs_89067,musicbrainz,discogs,false
mbrainz_10230,discogs_15050,musicbrainz,discogs,false
mbrainz_10230,discogs_169524,musicbrainz,discogs,false
mbrainz_10230,discogs_28720,musicbrainz,discogs,false
mbrainz_10230,discogs_70313,musicbrainz,discogs,false
mbrainz_10230,discogs_85197,musicbrainz,discogs,false
mbrainz_10230,discogs_96123,musicbrainz,discogs,false
mbrainz_10230,discogs_99386,musicbrainz,discogs,false
mbrainz_10236,discogs_20669,musicbrainz,discogs,false
mbrainz_10236,discogs_39172,musicbrainz,discogs,false
mbrainz_10236,discogs_46874,musicbrainz,discogs,false
mbrainz_10236,discogs_69191,musicbrainz,discogs,false
mbrainz_10236,discogs_7346,musicbrainz,discogs,false
mbrainz_10236,discogs_830,musicbrainz,discogs,false
mbrainz_10236,discogs_9681,musicbrainz,discogs,false
mbrainz_10238,discogs_178492,musicbrainz,discogs,false
mbrainz_10238,discogs_2200,musicbrainz,discogs,false
mbrainz_10244,discogs_137338,musicbrainz,discogs,false
mbrainz_10244,discogs_20669,musicbrainz,discogs,false
mbrainz_10244,discogs_39172,musicbrainz,discogs,false
mbrainz_10244,discogs_46874,musicbrainz,discogs,false
mbrainz_10244,discogs_69191,musicbrainz,discogs,false
mbrainz_10244,discogs_7346,musicbrainz,discogs,false
mbrainz_10244,discogs_830,musicbrainz,discogs,false
mbrainz_10244,discogs_96173,musicbrainz,discogs,false
mbrainz_10253,discogs_108702,musicbrainz,discogs,false
mbrainz_10253,discogs_121493,musicbrainz,discogs,false
mbrainz_10253,discogs_132148,musicbrainz,discogs,false
mbrainz_10253,discogs_161952,musicbrainz,discogs,false
mbrainz_10253,discogs_179352,musicbrainz,discogs,false
mbrainz_10253,discogs_39372,musicbrainz,discogs,false
mbrainz_10253,discogs_52433,musicbrainz,discogs,false
mbrainz_10253,discogs_74290,musicbrainz,discogs,false
mbrainz_10268,discogs_119605,musicbrainz,discogs,false
mbrainz_10268,discogs_119630,musicbrainz,discogs,false
mbrainz_10268,discogs_135472,musicbrainz,discogs,false
mbrainz_10268,discogs_145139,musicbrainz,discogs,false
mbrainz_10268,discogs_61952,musicbrainz,discogs,false
mbrainz_10268,discogs_79093,musicbrainz,discogs,false
mbrainz_10293,discogs_100615,musicbrainz,discogs,false
mbrainz_10293,discogs_109137,musicbrainz,discogs,false
mbrainz_10293,discogs_122723,musicbrainz,discogs,false
mbrainz_10293,discogs_12559,musicbrainz,discogs,false
mbrainz_10293,discogs_145530,musicbrainz,discogs,false
mbrainz_10293,discogs_55332,musicbrainz,discogs,false
mbrainz_10294,discogs_148410,musicbrainz,discogs,false
mbrainz_10294,discogs_149517,musicbrainz,discogs,false
mbrainz_10294,discogs_170567,musicbrainz,discogs,false
mbrainz_10294,discogs_193353,musicbrainz,discogs,false
mbrainz_10294,discogs_196202,musicbrainz,discogs,false
mbrainz_10294,discogs_379,musicbrainz,discogs,false
mbrainz_10294,discogs_44974,musicbrainz,discogs,false
mbrainz_10294,discogs_57627,musicbrainz,discogs,false
mbrainz_10302,discogs_128392,musicbrainz,discogs,false
mbrainz_10302,discogs_219,musicbrainz,discogs,false
mbrainz_10302,discogs_8592,musicbrainz,discogs,false
mbrainz_10328,discogs_145522,musicbrainz,discogs,false
mbrainz_10328,discogs_168764,musicbrainz,discogs,false
mbrainz_10328,discogs_193345,musicbrainz,discogs,false
mbrainz_10328,discogs_193723,musicbrainz,discogs,false
mbrainz_10328,discogs_25895,musicbrainz,discogs,false
mbrainz_10328,discogs_43309,musicbrainz,discogs,false
mbrainz_10328,discogs_69316,musicbrainz,discogs,false
mbrainz_10328,discogs_80988,musicbrainz,discogs,false
mbrainz_10328,discogs_96072,musicbrainz,discogs,false
mbrainz_10331,discogs_110469,musicbrainz,discogs,false
mbrainz_10331,discogs_124331,musicbrainz,discogs,false
mbrainz_10331,discogs_157426,musicbrainz,discogs,false
mbrainz_10331,discogs_28485,musicbrainz,discogs,false
mbrainz_10331,discogs_70927,musicbrainz,discogs,false
mbrainz_10331,discogs_85547,musicbrainz,discogs,false
mbrainz_10336,discogs_113102,musicbrainz,discogs,false
mbrainz_10336,discogs_119171,musicbrainz,discogs,false
mbrainz_10336,discogs_125651,musicbrainz,discogs,false
mbrainz_10336,discogs_140866,musicbrainz,discogs,false
mbrainz_10336,discogs_17488,musicbrainz,discogs,false
mbrainz_10336,discogs_43642,musicbrainz,discogs,false
mbrainz_10336,discogs_51543,musicbrainz,discogs,false
mbrainz_10336,discogs_75970,musicbrainz,discogs,false
mbrainz_1034,discogs_101296,musicbrainz,discogs,false
mbrainz_1034,discogs_121655,musicbrainz,discogs,false
mbrainz_1034,discogs_149117,musicbrainz,discogs,false
mbrainz_1034,discogs_20474,musicbrainz,discogs,false
mbrainz_1034,discogs_3862,musicbrainz,discogs,false
mbrainz_1034,discogs_73889,musicbrainz,discogs,false
mbrainz_1034,discogs_91132,musicbrainz,discogs,false
mbrainz_10345,discogs_119100,musicbrainz,discogs,false
mbrainz_10345,discogs_134756,musicbrainz,discogs,false
mbrainz_10345,discogs_142011,musicbrainz,discogs,false
mbrainz_10345,discogs_157638,musicbrainz,discogs,false
mbrainz_10345,discogs_158165,musicbrainz,discogs,false
mbrainz_10345,discogs_168441,musicbrainz,discogs,false
mbrainz_10345,discogs_169179,musicbrainz,discogs,false
mbrainz_10365,discogs_10765,musicbrainz,discogs,false
mbrainz_10365,discogs_112686,musicbrainz,discogs,false
mbrainz_10365,discogs_120771,musicbrainz,discogs,false
mbrainz_10365,discogs_128974,musicbrainz,discogs,false
mbrainz_10365,discogs_14274,musicbrainz,discogs,false
mbrainz_10365,discogs_36582,musicbrainz,discogs,false
mbrainz_10365,discogs_77470,musicbrainz,discogs,false
mbrainz_10365,discogs_79142,musicbrainz,discogs,false
mbrainz_10365,discogs_8844,musicbrainz,discogs,false
mbrainz_10369,discogs_106983,musicbrainz,discogs,false
mbrainz_10369,discogs_159275,musicbrainz,discogs,false
mbrainz_10369,discogs_160393,musicbrainz,discogs,false
mbrainz_10369,discogs_23273,musicbrainz,discogs,false
mbrainz_10369,discogs_35999,musicbrainz,discogs,false
mbrainz_10369,discogs_39006,musicbrainz,discogs,false
mbrainz_10369,discogs_54747,musicbrainz,discogs,false
mbrainz_10369,discogs_7452,musicbrainz,discogs,false
mbrainz_10369,discogs_79645,musicbrainz,discogs,false
mbrainz_10369,discogs_91401,musicbrainz,discogs,false
mbrainz_10374,discogs_137338,musicbrainz,discogs,false
mbrainz_10374,discogs_20669,musicbrainz,discogs,false
mbrainz_10374,discogs_39172,musicbrainz,discogs,false
mbrainz_10374,discogs_7346,musicbrainz,discogs,false
mbrainz_10376,discogs_46882,musicbrainz,discogs,false
mbrainz_10382,discogs_110262,musicbrainz,discogs,false
mbrainz_10382,discogs_129443,musicbrainz,discogs,false
mbrainz_10382,discogs_138616,musicbrainz,discogs,false
mbrainz_10382,discogs_15012,musicbrainz,discogs,false
mbrainz_10382,discogs_158696,musicbrainz,discogs,false
mbrainz_10382,discogs_42529,musicbrainz,discogs,false
mbrainz_10382,discogs_46089,musicbrainz,discogs,false
mbrainz_10384,discogs_149008,musicbrainz,discogs,false
mbrainz_10384,discogs_20140,musicbrainz,discogs,false
mbrainz_10384,discogs_21099,musicbrainz,discogs,false
mbrainz_10384,discogs_22639,musicbrainz,discogs,false
mbrainz_10384,discogs_41948,musicbrainz,discogs,false
mbrainz_10384,discogs_70396,musicbrainz,discogs,false
mbrainz_10399,discogs_182925,musicbrainz,discogs,false
mbrainz_10399,discogs_46977,musicbrainz,discogs,false
mbrainz_10402,discogs_1266,musicbrainz,discogs,false
mbrainz_10402,discogs_1765,musicbrainz,discogs,false
mbrainz_10402,discogs_179950,musicbrainz,discogs,false
mbrainz_10402,discogs_42153,musicbrainz,discogs,false
mbrainz_10402,discogs_42527,musicbrainz,discogs,false
mbrainz_10402,discogs_43114,musicbrainz,discogs,false
mbrainz_10402,discogs_44535,musicbrainz,discogs,false
mbrainz_10402,discogs_4560,musicbrainz,discogs,false
mbrainz_10402,discogs_45695,musicbrainz,discogs,false
mbrainz_10402,discogs_49122,musicbrainz,discogs,false
mbrainz_10415,discogs_104904,musicbrainz,discogs,false
mbrainz_10415,discogs_118852,musicbrainz,discogs,false
mbrainz_10415,discogs_143225,musicbrainz,discogs,false
mbrainz_10415,discogs_148569,musicbrainz,discogs,false
mbrainz_10415,discogs_150763,musicbrainz,discogs,false
mbrainz_10415,discogs_163608,musicbrainz,discogs,false
mbrainz_10415,discogs_171795,musicbrainz,discogs,false
mbrainz_10415,discogs_178687,musicbrainz,discogs,false
mbrainz_10415,discogs_90397,musicbrainz,discogs,false
mbrainz_10449,discogs_104393,musicbrainz,discogs,false
mbrainz_10449,discogs_129023,musicbrainz,discogs,false
mbrainz_10449,discogs_185108,musicbrainz,discogs,false
mbrainz_10449,discogs_189745,musicbrainz,discogs,false
mbrainz_10449,discogs_19729,musicbrainz,discogs,false
mbrainz_10449,discogs_197859,musicbrainz,discogs,false
mbrainz_10449,discogs_4260,musicbrainz,discogs,false
mbrainz_10449,discogs_58914,musicbrainz,discogs,false
mbrainz_10449,discogs_89005,musicbrainz,discogs,false
mbrainz_10449,discogs_93458,musicbrainz,discogs,false
mbrainz_10450,discogs_106709,musicbrainz,discogs,false
mbrainz_10450,discogs_110906,musicbrainz,discogs,false
mbrainz_10450,discogs_131291,musicbrainz,discogs,false
mbrainz_10450,discogs_3685,musicbrainz,discogs,false
mbrainz_10450,discogs_52261,musicbrainz,discogs,false
mbrainz_10450,discogs_52819,musicbrainz,discogs,false
mbrainz_10450,discogs_64631,musicbrainz,discogs,false
mbrainz_10451,discogs_105473,musicbrainz,discogs,false
mbrainz_10451,discogs_124915,musicbrainz,discogs,false
mbrainz_10451,discogs_21178,musicbrainz,discogs,false
mbrainz_10451,discogs_22543,musicbrainz,discogs,false
mbrainz_10451,discogs_47607,musicbrainz,discogs,false
mbrainz_10474,discogs_109247,musicbrainz,discogs,false
mbrainz_10474,discogs_12412,musicbrainz,discogs,false
mbrainz_10474,discogs_37335,musicbrainz,discogs,false
mbrainz_10474,discogs_45468,musicbrainz,discogs,false
mbrainz_10474,discogs_80156,musicbrainz,discogs,false
mbrainz_10533,discogs_113863,musicbrainz,discogs,false
mbrainz_10533,discogs_146832,musicbrainz,discogs,false
mbrainz_10533,discogs_167921,musicbrainz,discogs,false
mbrainz_10533,discogs_177829,musicbrainz,discogs,false
mbrainz_10533,discogs_17839,musicbrainz,discogs,false
mbrainz_10533,discogs_39076,musicbrainz,discogs,false
mbrainz_10533,discogs_73911,musicbrainz,discogs,false
mbrainz_10533,discogs_88621,musicbrainz,discogs,false
mbrainz_10533,discogs_96759,musicbrainz,discogs,false
mbrainz_10535,discogs_115641,musicbrainz,discogs,false
mbrainz_10535,discogs_130922,musicbrainz,discogs,false
mbrainz_10535,discogs_178152,musicbrainz,discogs,false
mbrainz_10535,discogs_46618,musicbrainz,discogs,false
mbrainz_10535,discogs_53765,musicbrainz,discogs,false
mbrainz_10535,discogs_56711,musicbrainz,discogs,false
mbrainz_10535,discogs_75178,musicbrainz,discogs,false
mbrainz_10535,discogs_82214,musicbrainz,discogs,false
mbrainz_10535,discogs_86398,musicbrainz,discogs,false
mbrainz_10539,discogs_195569,musicbrainz,discogs,false
mbrainz_10547,discogs_155002,musicbrainz,discogs,false
mbrainz_1056,discogs_10845,musicbrainz,discogs,false
mbrainz_1056,discogs_129588,musicbrainz,discogs,false
mbrainz_1056,discogs_133891,musicbrainz,discogs,false
mbrainz_1056,discogs_136892,musicbrainz,discogs,false
mbrainz_1056,discogs_141267,musicbrainz,discogs,false
mbrainz_1056,discogs_14659,musicbrainz,discogs,false
mbrainz_1056,discogs_26618,musicbrainz,discogs,false
mbrainz_1056,discogs_59934,musicbrainz,discogs,false
mbrainz_1059,discogs_135490,musicbrainz,discogs,false
mbrainz_1059,discogs_20819,musicbrainz,discogs,false
mbrainz_1059,discogs_56442,musicbrainz,discogs,false
mbrainz_1059,discogs_82716,musicbrainz,discogs,false
mbrainz_10596,discogs_173184,musicbrainz,discogs,false
mbrainz_10596,discogs_28474,musicbrainz,discogs,false
mbrainz_10596,discogs_28529,musicbrainz,discogs,false
mbrainz_10596,discogs_40775,musicbrainz,discogs,false
mbrainz_10596,discogs_53476,musicbrainz,discogs,false
mbrainz_10596,discogs_54384,musicbrainz,discogs,false
mbrainz_10599,discogs_117763,musicbrainz,discogs,false
mbrainz_10599,discogs_158388,musicbrainz,discogs,false
mbrainz_10599,discogs_22651,musicbrainz,discogs,false
mbrainz_10599,discogs_31230,musicbrainz,discogs,false
mbrainz_10599,discogs_55797,musicbrainz,discogs,false
mbrainz_1060,discogs_113640,musicbrainz,discogs,false
mbrainz_1060,discogs_128364,musicbrainz,discogs,false
mbrainz_1060,discogs_13896,musicbrainz,discogs,false
mbrainz_1060,discogs_139686,musicbrainz,discogs,false
mbrainz_1060,discogs_14347,musicbrainz,discogs,false
mbrainz_1060,discogs_146549,musicbrainz,discogs,false
mbrainz_1060,discogs_194824,musicbrainz,discogs,false
mbrainz_1060,discogs_22224,musicbrainz,discogs,false
mbrainz_1060,discogs_70942,musicbrainz,discogs,false
mbrainz_1061,discogs_135165,musicbrainz,discogs,false
mbrainz_1061,discogs_142065,musicbrainz,discogs,false
mbrainz_1061,discogs_15573,musicbrainz,discogs,false
mbrainz_1061,discogs_26866,musicbrainz,discogs,false
mbrainz_1061,discogs_41050,musicbrainz,discogs,false
mbrainz_1061,discogs_63048,musicbrainz,discogs,false
mbrainz_1061,discogs_83049,musicbrainz,discogs,false
mbrainz_10624,discogs_23065,musicbrainz,discogs,false
mbrainz_10624,discogs_25660,musicbrainz,discogs,false
mbrainz_10624,discogs_42470,musicbrainz,discogs,false
mbrainz_10624,discogs_62191,musicbrainz,discogs,false
mbrainz_10628,discogs_155134,musicbrainz,discogs,false
mbrainz_10628,discogs_191061,musicbrainz,discogs,false
mbrainz_10628,discogs_40736,musicbrainz,discogs,false
mbrainz_10628,discogs_52247,musicbrainz,discogs,false
mbrainz_10628,discogs_55505,musicbrainz,discogs,false
mbrainz_10628,discogs_66504,musicbrainz,discogs,false
mbrainz_10639,discogs_112649,musicbrainz,discogs,false
mbrainz_10639,discogs_1170,musicbrainz,discogs,false
mbrainz_10639,discogs_133944,musicbrainz,discogs,false
mbrainz_10639,discogs_189285,musicbrainz,discogs,false
mbrainz_10639,discogs_2488,musicbrainz,discogs,false
mbrainz_10639,discogs_28511,musicbrainz,discogs,false
mbrainz_10639,discogs_2977,musicbrainz,discogs,false
mbrainz_10639,discogs_30675,musicbrainz,discogs,false
mbrainz_10639,discogs_76960,musicbrainz,discogs,false
mbrainz_10639,discogs_951,musicbrainz,discogs,false
mbrainz_10646,discogs_112895,musicbrainz,discogs,false
mbrainz_1065,discogs_2064,musicbrainz,discogs,false
mbrainz_10650,discogs_75615,musicbrainz,discogs,false
mbrainz_10669,discogs_125283,musicbrainz,discogs,false
mbrainz_10678,discogs_104374,musicbrainz,discogs,false
mbrainz_10678,discogs_180513,musicbrainz,discogs,false
mbrainz_10678,discogs_180913,musicbrainz,discogs,false
mbrainz_10678,discogs_181422,musicbrainz,discogs,false
mbrainz_10678,discogs_31145,musicbrainz,discogs,false
mbrainz_10678,discogs_40516,musicbrainz,discogs,false
mbrainz_10678,discogs_63446,musicbrainz,discogs,false
mbrainz_10678,discogs_84589,musicbrainz,discogs,false
mbrainz_107,discogs_10417,musicbrainz,discogs,false
mbrainz_107,discogs_10803,musicbrainz,discogs,false
mbrainz_107,discogs_144422,musicbrainz,discogs,false
mbrainz_107,discogs_197,musicbrainz,discogs,false
mbrainz_107,discogs_24784,musicbrainz,discogs,false
mbrainz_107,discogs_35468,musicbrainz,discogs,false
mbrainz_1070,discogs_129285,musicbrainz,discogs,false
mbrainz_1070,discogs_14065,musicbrainz,discogs,false
mbrainz_1070,discogs_33441,musicbrainz,discogs,false
mbrainz_1070,discogs_472,musicbrainz,discogs,false
mbrainz_1070,discogs_55478,musicbrainz,discogs,false
mbrainz_1070,discogs_6463,musicbrainz,discogs,false
mbrainz_1070,discogs_7213,musicbrainz,discogs,false
mbrainz_10715,discogs_76074,musicbrainz,discogs,false
mbrainz_1074,discogs_123160,musicbrainz,discogs,false
mbrainz_1074,discogs_139805,musicbrainz,discogs,false
mbrainz_1074,discogs_180593,musicbrainz,discogs,false
mbrainz_1074,discogs_28333,musicbrainz,discogs,false
mbrainz_1074,discogs_31754,musicbrainz,discogs,false
mbrainz_1074,discogs_6694,musicbrainz,discogs,false
mbrainz_1074,discogs_693,musicbrainz,discogs,false
mbrainz_10744,discogs_101196,musicbrainz,discogs,false
mbrainz_10744,discogs_105066,musicbrainz,discogs,false
mbrainz_10744,discogs_108794,musicbrainz,discogs,false
mbrainz_10744,discogs_110397,musicbrainz,discogs,false
mbrainz_10744,discogs_125413,musicbrainz,discogs,false
mbrainz_10744,discogs_56711,musicbrainz,discogs,false
mbrainz_10744,discogs_73897,musicbrainz,discogs,false
mbrainz_10744,discogs_82801,musicbrainz,discogs,false
mbrainz_10756,discogs_151699,musicbrainz,discogs,false
mbrainz_10756,discogs_163709,musicbrainz,discogs,false
mbrainz_10756,discogs_48474,musicbrainz,discogs,false
mbrainz_10756,discogs_69934,musicbrainz,discogs,false
mbrainz_10756,discogs_86368,musicbrainz,discogs,false
mbrainz_10756,discogs_94265,musicbrainz,discogs,false
mbrainz_10766,discogs_129881,musicbrainz,discogs,false
mbrainz_10766,discogs_18656,musicbrainz,discogs,false
mbrainz_10766,discogs_19244,musicbrainz,discogs,false
mbrainz_10766,discogs_39033,musicbrainz,discogs,false
mbrainz_10766,discogs_55075,musicbrainz,discogs,false
mbrainz_10766,discogs_71373,musicbrainz,discogs,false
mbrainz_10766,discogs_72203,musicbrainz,discogs,false
mbrainz_10766,discogs_85474,musicbrainz,discogs,false
mbrainz_1077,discogs_107907,musicbrainz,discogs,false
mbrainz_1077,discogs_114685,musicbrainz,discogs,false
mbrainz_1077,discogs_45818,musicbrainz,discogs,false
mbrainz_1077,discogs_57082,musicbrainz,discogs,false
mbrainz_1077,discogs_57709,musicbrainz,discogs,false
mbrainz_1077,discogs_63048,musicbrainz,discogs,false
mbrainz_1077,discogs_84763,musicbrainz,discogs,false
mbrainz_10773,discogs_119955,musicbrainz,discogs,false
mbrainz_10773,discogs_153779,musicbrainz,discogs,false
mbrainz_10773,discogs_155575,musicbrainz,discogs,false
mbrainz_10773,discogs_185500,musicbrainz,discogs,false
mbrainz_10773,discogs_61570,musicbrainz,discogs,false
mbrainz_10773,discogs_86245,musicbrainz,discogs,false
mbrainz_10773,discogs_94326,musicbrainz,discogs,false
mbrainz_10786,discogs_122051,musicbrainz,discogs,false
mbrainz_10786,discogs_131798,musicbrainz,discogs,false
mbrainz_10786,discogs_164622,musicbrainz,discogs,false
mbrainz_10786,discogs_168294,musicbrainz,discogs,false
mbrainz_10786,discogs_289,musicbrainz,discogs,false
mbrainz_10786,discogs_37485,musicbrainz,discogs,false
mbrainz_10786,discogs_37578,musicbrainz,discogs,false
mbrainz_10786,discogs_43027,musicbrainz,discogs,false
mbrainz_10786,discogs_7770,musicbrainz,discogs,false
mbrainz_1079,discogs_100299,musicbrainz,discogs,false
mbrainz_1079,discogs_127847,musicbrainz,discogs,false
mbrainz_1079,discogs_139531,musicbrainz,discogs,false
mbrainz_1079,discogs_156759,musicbrainz,discogs,false
mbrainz_1079,discogs_197028,musicbrainz,discogs,false
mbrainz_1079,discogs_25756,musicbrainz,discogs,false
mbrainz_1079,discogs_48680,musicbrainz,discogs,false
mbrainz_108,discogs_10031,musicbrainz,discogs,false
mbrainz_108,discogs_106519,musicbrainz,discogs,false
mbrainz_108,discogs_11054,musicbrainz,discogs,false
mbrainz_108,discogs_5625,musicbrainz,discogs,false
mbrainz_108,discogs_575,musicbrainz,discogs,false
mbrainz_108,discogs_9131,musicbrainz,discogs,false
mbrainz_108,discogs_9334,musicbrainz,discogs,false
mbrainz_10808,discogs_130396,musicbrainz,discogs,false
mbrainz_10808,discogs_150512,musicbrainz,discogs,false
mbrainz_10808,discogs_152970,musicbrainz,discogs,false
mbrainz_10808,discogs_174583,musicbrainz,discogs,false
mbrainz_10808,discogs_188742,musicbrainz,discogs,false
mbrainz_10808,discogs_41105,musicbrainz,discogs,false
mbrainz_10808,discogs_80212,musicbrainz,discogs,false
mbrainz_10808,discogs_86649,musicbrainz,discogs,false
mbrainz_1081,discogs_102660,musicbrainz,discogs,false
mbrainz_1081,discogs_117457,musicbrainz,discogs,false
mbrainz_1081,discogs_125302,musicbrainz,discogs,false
mbrainz_1081,discogs_193333,musicbrainz,discogs,false
mbrainz_1081,discogs_23301,musicbrainz,discogs,false
mbrainz_1081,discogs_36232,musicbrainz,discogs,false
mbrainz_1081,discogs_45705,musicbrainz,discogs,false
mbrainz_1081,discogs_49527,musicbrainz,discogs,false
mbrainz_10819,discogs_108244,musicbrainz,discogs,false
mbrainz_10819,discogs_1765,musicbrainz,discogs,false
mbrainz_10819,discogs_179950,musicbrainz,discogs,false
mbrainz_10819,discogs_191921,musicbrainz,discogs,false
mbrainz_10819,discogs_42153,musicbrainz,discogs,false
mbrainz_10819,discogs_5828,musicbrainz,discogs,false
mbrainz_10819,discogs_98517,musicbrainz,discogs,false
mbrainz_10902,discogs_12186,musicbrainz,discogs,false
mbrainz_10902,discogs_163050,musicbrainz,discogs,false
mbrainz_10902,discogs_38421,musicbrainz,discogs,false
mbrainz_10902,discogs_61005,musicbrainz,discogs,false
mbrainz_10905,discogs_133729,musicbrainz,discogs,false
mbrainz_10905,discogs_147424,musicbrainz,discogs,false
mbrainz_10905,discogs_20062,musicbrainz,discogs,false
mbrainz_10905,discogs_20837,musicbrainz,discogs,false
mbrainz_10905,discogs_25590,musicbrainz,discogs,false
mbrainz_10905,discogs_34540,musicbrainz,discogs,false
mbrainz_10905,discogs_47419,musicbrainz,discogs,false
mbrainz_10905,discogs_67430,musicbrainz,discogs,false
mbrainz_10923,discogs_12559,musicbrainz,discogs,false
mbrainz_10923,discogs_139812,musicbrainz,discogs,false
mbrainz_10923,discogs_159719,musicbrainz,discogs,false
mbrainz_10923,discogs_24523,musicbrainz,discogs,false
mbrainz_10923,discogs_91138,musicbrainz,discogs,false
mbrainz_10949,discogs_194632,musicbrainz,discogs,false
mbrainz_10949,discogs_44952,musicbrainz,discogs,false
mbrainz_10949,discogs_47058,musicbrainz,discogs,false
mbrainz_10949,discogs_48519,musicbrainz,discogs,false
mbrainz_10949,discogs_48653,musicbrainz,discogs,false
mbrainz_10949,discogs_76218,musicbrainz,discogs,false
mbrainz_10949,discogs_82765,musicbrainz,discogs,false
mbrainz_10951,discogs_116020,musicbrainz,discogs,false
mbrainz_10951,discogs_13527,musicbrainz,discogs,false
mbrainz_10951,discogs_33512,musicbrainz,discogs,false
mbrainz_10951,discogs_33610,musicbrainz,discogs,false
mbrainz_10953,discogs_122830,musicbrainz,discogs,false
mbrainz_10953,discogs_152961,musicbrainz,discogs,false
mbrainz_10953,discogs_187843,musicbrainz,discogs,false
mbrainz_10953,discogs_46569,musicbrainz,discogs,false
mbrainz_10953,discogs_49935,musicbrainz,discogs,false
mbrainz_10953,discogs_52374,musicbrainz,discogs,false
mbrainz_10953,discogs_52731,musicbrainz,discogs,false
mbrainz_10953,discogs_55260,musicbrainz,discogs,false
mbrainz_10968,discogs_1236,musicbrainz,discogs,false
mbrainz_10968,discogs_144992,musicbrainz,discogs,false
mbrainz_10968,discogs_145968,musicbrainz,discogs,false
mbrainz_10968,discogs_151397,musicbrainz,discogs,false
mbrainz_10968,discogs_29888,musicbrainz,discogs,false
mbrainz_10968,discogs_30299,musicbrainz,discogs,false
mbrainz_10968,discogs_51176,musicbrainz,discogs,false
mbrainz_10968,discogs_6659,musicbrainz,discogs,false
mbrainz_10968,discogs_95571,musicbrainz,discogs,false
mbrainz_10969,discogs_134761,musicbrainz,discogs,false
mbrainz_10969,discogs_173827,musicbrainz,discogs,false
mbrainz_10969,discogs_186274,musicbrainz,discogs,false
mbrainz_10969,discogs_189087,musicbrainz,discogs,false
mbrainz_10969,discogs_190496,musicbrainz,discogs,false
mbrainz_10983,discogs_11618,musicbrainz,discogs,false
mbrainz_10983,discogs_117011,musicbrainz,discogs,false
mbrainz_10983,discogs_14536,musicbrainz,discogs,false
mbrainz_10983,discogs_192926,musicbrainz,discogs,false
mbrainz_10983,discogs_60795,musicbrainz,discogs,false
mbrainz_10983,discogs_92406,musicbrainz,discogs,false
mbrainz_1099,discogs_106296,musicbrainz,discogs,false
mbrainz_1099,discogs_10765,musicbrainz,discogs,false
mbrainz_1099,discogs_120771,musicbrainz,discogs,false
mbrainz_1099,discogs_128974,musicbrainz,discogs,false
mbrainz_1099,discogs_146582,musicbrainz,discogs,false
mbrainz_1099,discogs_195637,musicbrainz,discogs,false
mbrainz_1099,discogs_37993,musicbrainz,discogs,false
mbrainz_1099,discogs_49192,musicbrainz,discogs,false
mbrainz_110,discogs_125115,musicbrainz,discogs,false
mbrainz_110,discogs_134699,musicbrainz,discogs,false
mbrainz_110,discogs_137203,musicbrainz,discogs,false
mbrainz_110,discogs_154742,musicbrainz,discogs,false
mbrainz_110,discogs_40659,musicbrainz,discogs,false
mbrainz_110,discogs_49898,musicbrainz,discogs,false
mbrainz_110,discogs_80683,musicbrainz,discogs,false
mbrainz_11002,discogs_57010,musicbrainz,discogs,false
mbrainz_11016,discogs_102555,musicbrainz,discogs,false
mbrainz_11016,discogs_111985,musicbrainz,discogs,false
mbrainz_11016,discogs_11907,musicbrainz,discogs,false
mbrainz_11016,discogs_125166,musicbrainz,discogs,false
mbrainz_11016,discogs_126532,musicbrainz,discogs,false
mbrainz_11016,discogs_132644,musicbrainz,discogs,false
mbrainz_11016,discogs_14135,musicbrainz,discogs,false
mbrainz_11016,discogs_151725,musicbrainz,discogs,false
mbrainz_11038,discogs_127486,musicbrainz,discogs,false
mbrainz_11044,discogs_102927,musicbrainz,discogs,false
mbrainz_11044,discogs_12704,musicbrainz,discogs,false
mbrainz_11044,discogs_16687,musicbrainz,discogs,false
mbrainz_11044,discogs_45462,musicbrainz,discogs,false
mbrainz_11044,discogs_61616,musicbrainz,discogs,false
mbrainz_11046,discogs_104600,musicbrainz,discogs,false
mbrainz_11046,discogs_121083,musicbrainz,discogs,false
mbrainz_11046,discogs_12664,musicbrainz,discogs,false
mbrainz_11046,discogs_142914,musicbrainz,discogs,false
mbrainz_11046,discogs_19344,musicbrainz,discogs,false
mbrainz_11046,discogs_196336,musicbrainz,discogs,false
mbrainz_11046,discogs_43993,musicbrainz,discogs,false
mbrainz_11046,discogs_75051,musicbrainz,discogs,false
mbrainz_11046,discogs_94118,musicbrainz,discogs,false
mbrainz_11069,discogs_114383,musicbrainz,discogs,false
mbrainz_11069,discogs_115843,musicbrainz,discogs,false
mbrainz_11069,discogs_119083,musicbrainz,discogs,false
mbrainz_11069,discogs_120421,musicbrainz,discogs,false
mbrainz_11069,discogs_135510,musicbrainz,discogs,false
mbrainz_11069,discogs_176332,musicbrainz,discogs,false
mbrainz_11069,discogs_24676,musicbrainz,discogs,false
mbrainz_11069,discogs_89298,musicbrainz,discogs,false
mbrainz_11069,discogs_9147,musicbrainz,discogs,false
mbrainz_1109,discogs_129285,musicbrainz,discogs,false
mbrainz_1109,discogs_143997,musicbrainz,discogs,false
mbrainz_1109,discogs_256,musicbrainz,discogs,false
mbrainz_1109,discogs_55478,musicbrainz,discogs,false
mbrainz_1109,discogs_6463,musicbrainz,discogs,false
mbrainz_1109,discogs_96451,musicbrainz,discogs,false
mbrainz_11109,discogs_118240,musicbrainz,discogs,false
mbrainz_11109,discogs_164461,musicbrainz,discogs,false
mbrainz_11109,discogs_48722,musicbrainz,discogs,false
mbrainz_1113,discogs_125924,musicbrainz,discogs,false
mbrainz_1113,discogs_168364,musicbrainz,discogs,false
mbrainz_1113,discogs_183423,musicbrainz,discogs,false
mbrainz_1113,discogs_28200,musicbrainz,discogs,false
mbrainz_1113,discogs_54525,musicbrainz,discogs,false
mbrainz_1113,discogs_75554,musicbrainz,discogs,false
mbrainz_11140,discogs_116456,musicbrainz,discogs,false
mbrainz_11140,discogs_11646,musicbrainz,discogs,false
mbrainz_11140,discogs_123671,musicbrainz,discogs,false
mbrainz_11140,discogs_12785,musicbrainz,discogs,false
mbrainz_11140,discogs_170734,musicbrainz,discogs,false
mbrainz_11140,discogs_193893,musicbrainz,discogs,false
mbrainz_11140,discogs_44271,musicbrainz,discogs,false
mbrainz_11140,discogs_7513,musicbrainz,discogs,false
mbrainz_11148,discogs_190310,musicbrainz,discogs,false
mbrainz_11148,discogs_27373,musicbrainz,discogs,false
mbrainz_11148,discogs_40907,musicbrainz,discogs,false
mbrainz_11148,discogs_49350,musicbrainz,discogs,false
mbrainz_11148,discogs_56731,musicbrainz,discogs,false
mbrainz_11148,discogs_74533,musicbrainz,discogs,false
mbrainz_11148,discogs_82340,musicbrainz,discogs,false
mbrainz_11148,discogs_91699,musicbrainz,discogs,false
mbrainz_11156,discogs_100615,musicbrainz,discogs,false
mbrainz_11156,discogs_103565,musicbrainz,discogs,false
mbrainz_11156,discogs_119588,musicbrainz,discogs,false
mbrainz_11156,discogs_12559,musicbrainz,discogs,false
mbrainz_11156,discogs_24523,musicbrainz,discogs,false
mbrainz_11156,discogs_84203,musicbrainz,discogs,false
mbrainz_11180,discogs_101323,musicbrainz,discogs,false
mbrainz_11180,discogs_136073,musicbrainz,discogs,false
mbrainz_11180,discogs_34968,musicbrainz,discogs,false
mbrainz_11180,discogs_5371,musicbrainz,discogs,false
mbrainz_11180,discogs_9261,musicbrainz,discogs,false
mbrainz_1119,discogs_114207,musicbrainz,discogs,false
mbrainz_1119,discogs_121675,musicbrainz,discogs,false
mbrainz_1119,discogs_15679,musicbrainz,discogs,false
mbrainz_1119,discogs_178028,musicbrainz,discogs,false
mbrainz_1119,discogs_44035,musicbrainz,discogs,false
mbrainz_1119,discogs_46000,musicbrainz,discogs,false
mbrainz_112,discogs_106009,musicbrainz,discogs,false
mbrainz_112,discogs_26854,musicbrainz,discogs,false
mbrainz_112,discogs_28529,musicbrainz,discogs,false
mbrainz_112,discogs_35917,musicbrainz,discogs,false
mbrainz_112,discogs_53476,musicbrainz,discogs,false
mbrainz_112,discogs_71559,musicbrainz,discogs,false
mbrainz_11215,discogs_22255,musicbrainz,discogs,false
mbrainz_11215,discogs_737,musicbrainz,discogs,false
mbrainz_11215,discogs_77052,musicbrainz,discogs,false
mbrainz_11215,discogs_78411,musicbrainz,discogs,false
mbrainz_11215,discogs_87326,musicbrainz,discogs,false
mbrainz_11225,discogs_121493,musicbrainz,discogs,false
mbrainz_11225,discogs_126012,musicbrainz,discogs,false
mbrainz_11225,discogs_27441,musicbrainz,discogs,false
mbrainz_11225,discogs_52766,musicbrainz,discogs,false
mbrainz_11225,discogs_64948,musicbrainz,discogs,false
mbrainz_11227,discogs_105078,musicbrainz,discogs,false
mbrainz_11227,discogs_114194,musicbrainz,discogs,false
mbrainz_11227,discogs_118561,musicbrainz,discogs,false
mbrainz_11227,discogs_159684,musicbrainz,discogs,false
mbrainz_11227,discogs_175404,musicbrainz,discogs,false
mbrainz_1124,discogs_162130,musicbrainz,discogs,false
mbrainz_1124,discogs_16580,musicbrainz,discogs,false
mbrainz_1124,discogs_174999,musicbrainz,discogs,false
mbrainz_1124,discogs_196147,musicbrainz,discogs,false
mbrainz_1124,discogs_53175,musicbrainz,discogs,false
mbrainz_1124,discogs_54525,musicbrainz,discogs,false
mbrainz_1124,discogs_75343,musicbrainz,discogs,false
mbrainz_11250,discogs_114357,musicbrainz,discogs,false
mbrainz_11250,discogs_13834,musicbrainz,discogs,false
mbrainz_11250,discogs_144722,musicbrainz,discogs,false
mbrainz_11250,discogs_183058,musicbrainz,discogs,false
mbrainz_11250,discogs_37576,musicbrainz,discogs,false
mbrainz_11263,discogs_113529,musicbrainz,discogs,false
mbrainz_11263,discogs_135475,musicbrainz,discogs,false
mbrainz_11263,discogs_151761,musicbrainz,discogs,false
mbrainz_11263,discogs_186961,musicbrainz,discogs,false
mbrainz_11263,discogs_37627,musicbrainz,discogs,false
mbrainz_11263,discogs_40330,musicbrainz,discogs,false
mbrainz_11263,discogs_41434,musicbrainz,discogs,false
mbrainz_11263,discogs_51416,musicbrainz,discogs,false
mbrainz_11272,discogs_11666,musicbrainz,discogs,false
mbrainz_11272,discogs_168692,musicbrainz,discogs,false
mbrainz_11272,discogs_47127,musicbrainz,discogs,false
mbrainz_11272,discogs_61720,musicbrainz,discogs,false
mbrainz_11272,discogs_6889,musicbrainz,discogs,false
mbrainz_11273,discogs_146598,musicbrainz,discogs,false
mbrainz_11273,discogs_159152,musicbrainz,discogs,false
mbrainz_11273,discogs_16739,musicbrainz,discogs,false
mbrainz_11273,discogs_180167,musicbrainz,discogs,false
mbrainz_11273,discogs_31142,musicbrainz,discogs,false
mbrainz_11273,discogs_37485,musicbrainz,discogs,false
mbrainz_11273,discogs_38142,musicbrainz,discogs,false
mbrainz_11298,discogs_113102,musicbrainz,discogs,false
mbrainz_11298,discogs_119171,musicbrainz,discogs,false
mbrainz_11298,discogs_128629,musicbrainz,discogs,false
mbrainz_11298,discogs_57389,musicbrainz,discogs,false
mbrainz_11298,discogs_65299,musicbrainz,discogs,false
mbrainz_11298,discogs_75970,musicbrainz,discogs,false
mbrainz_11304,discogs_104712,musicbrainz,discogs,false
mbrainz_11304,discogs_121937,musicbrainz,discogs,false
mbrainz_11304,discogs_12479,musicbrainz,discogs,false
mbrainz_11304,discogs_129968,musicbrainz,discogs,false
mbrainz_11304,discogs_137792,musicbrainz,discogs,false
mbrainz_11304,discogs_176340,musicbrainz,discogs,false
mbrainz_11304,discogs_69292,musicbrainz,discogs,false
mbrainz_1132,discogs_112018,musicbrainz,discogs,false
mbrainz_1132,discogs_11941,musicbrainz,discogs,false
mbrainz_1132,discogs_125070,musicbrainz,discogs,false
mbrainz_1132,discogs_177351,musicbrainz,discogs,false
mbrainz_1132,discogs_181498,musicbrainz,discogs,false
mbrainz_1132,discogs_53515,musicbrainz,discogs,false
mbrainz_1132,discogs_77905,musicbrainz,discogs,false
mbrainz_11325,discogs_12610,musicbrainz,discogs,false
mbrainz_11325,discogs_132080,musicbrainz,discogs,false
mbrainz_11325,discogs_141397,musicbrainz,discogs,false
mbrainz_11325,discogs_158388,musicbrainz,discogs,false
mbrainz_11325,discogs_17549,musicbrainz,discogs,false
mbrainz_11325,discogs_64697,musicbrainz,discogs,false
mbrainz_11325,discogs_657,musicbrainz,discogs,false
mbrainz_11325,discogs_80261,musicbrainz,discogs,false
mbrainz_11325,discogs_83217,musicbrainz,discogs,false
mbrainz_11330,discogs_113863,musicbrainz,discogs,false
mbrainz_11330,discogs_146832,musicbrainz,discogs,false
mbrainz_11330,discogs_167921,musicbrainz,discogs,false
mbrainz_11330,discogs_177829,musicbrainz,discogs,false
mbrainz_11330,discogs_17839,musicbrainz,discogs,false
mbrainz_11330,discogs_69561,musicbrainz,discogs,false
mbrainz_11330,discogs_73911,musicbrainz,discogs,false
mbrainz_11330,discogs_88621,musicbrainz,discogs,false
mbrainz_11333,discogs_107495,musicbrainz,discogs,false
mbrainz_11333,discogs_142769,musicbrainz,discogs,false
mbrainz_11333,discogs_175564,musicbrainz,discogs,false
mbrainz_11333,discogs_48738,musicbrainz,discogs,false
mbrainz_11333,discogs_48874,musicbrainz,discogs,false
mbrainz_11333,discogs_53368,musicbrainz,discogs,false
mbrainz_11333,discogs_53528,musicbrainz,discogs,false
mbrainz_11333,discogs_54453,musicbrainz,discogs,false
mbrainz_11333,discogs_60099,musicbrainz,discogs,false
mbrainz_11338,discogs_136154,musicbrainz,discogs,false
mbrainz_11338,discogs_161968,musicbrainz,discogs,false
mbrainz_11338,discogs_44579,musicbrainz,discogs,false
mbrainz_11338,discogs_48495,musicbrainz,discogs,false
mbrainz_11338,discogs_69468,musicbrainz,discogs,false
mbrainz_11359,discogs_104973,musicbrainz,discogs,false
mbrainz_11359,discogs_144252,musicbrainz,discogs,false
mbrainz_11359,discogs_179391,musicbrainz,discogs,false
mbrainz_11359,discogs_195156,musicbrainz,discogs,false
mbrainz_11359,discogs_35333,musicbrainz,discogs,false
mbrainz_11359,discogs_51817,musicbrainz,discogs,false
mbrainz_11359,discogs_61237,musicbrainz,discogs,false
mbrainz_11389,discogs_102995,musicbrainz,discogs,false
mbrainz_11389,discogs_16001,musicbrainz,discogs,false
mbrainz_11389,discogs_165527,musicbrainz,discogs,false
mbrainz_11389,discogs_20006,musicbrainz,discogs,false
mbrainz_11389,discogs_22314,musicbrainz,discogs,false
mbrainz_11389,discogs_31329,musicbrainz,discogs,false
mbrainz_11389,discogs_54134,musicbrainz,discogs,false
mbrainz_114,discogs_123529,musicbrainz,discogs,false
mbrainz_114,discogs_125003,musicbrainz,discogs,false
mbrainz_114,discogs_12611,musicbrainz,discogs,false
mbrainz_114,discogs_16700,musicbrainz,discogs,false
mbrainz_114,discogs_1965,musicbrainz,discogs,false
mbrainz_114,discogs_23834,musicbrainz,discogs,false
mbrainz_114,discogs_90041,musicbrainz,discogs,false
mbrainz_114,discogs_99051,musicbrainz,discogs,false
mbrainz_1145,discogs_126283,musicbrainz,discogs,false
mbrainz_1145,discogs_21892,musicbrainz,discogs,false
mbrainz_1145,discogs_6897,musicbrainz,discogs,false
mbrainz_1145,discogs_8293,musicbrainz,discogs,false
mbrainz_1145,discogs_99428,musicbrainz,discogs,false
mbrainz_11450,discogs_121994,musicbrainz,discogs,false
mbrainz_11450,discogs_132151,musicbrainz,discogs,false
mbrainz_11450,discogs_142551,musicbrainz,discogs,false
mbrainz_11450,discogs_166689,musicbrainz,discogs,false
mbrainz_11450,discogs_167431,musicbrainz,discogs,false
mbrainz_11450,discogs_171789,musicbrainz,discogs,false
mbrainz_11450,discogs_175679,musicbrainz,discogs,false
mbrainz_11453,discogs_106709,musicbrainz,discogs,false
mbrainz_11453,discogs_110906,musicbrainz,discogs,false
mbrainz_11453,discogs_120308,musicbrainz,discogs,false
mbrainz_11453,discogs_154138,musicbrainz,discogs,false
mbrainz_11453,discogs_29186,musicbrainz,discogs,false
mbrainz_11453,discogs_65374,musicbrainz,discogs,false
mbrainz_11453,discogs_90958,musicbrainz,discogs,false
mbrainz_11466,discogs_11860,musicbrainz,discogs,false
mbrainz_11466,discogs_128120,musicbrainz,discogs,false
mbrainz_11466,discogs_157891,musicbrainz,discogs,false
mbrainz_11466,discogs_185405,musicbrainz,discogs,false
mbrainz_11466,discogs_192832,musicbrainz,discogs,false
mbrainz_11466,discogs_196380,musicbrainz,discogs,false
mbrainz_11479,discogs_168203,musicbrainz,discogs,false
mbrainz_11479,discogs_168523,musicbrainz,discogs,false
mbrainz_11479,discogs_182449,musicbrainz,discogs,false
mbrainz_11479,discogs_35745,musicbrainz,discogs,false
mbrainz_11479,discogs_49595,musicbrainz,discogs,false
mbrainz_11479,discogs_67932,musicbrainz,discogs,false
mbrainz_11483,discogs_120305,musicbrainz,discogs,false
mbrainz_11483,discogs_122598,musicbrainz,discogs,false
mbrainz_11483,discogs_21152,musicbrainz,discogs,false
mbrainz_11483,discogs_3949,musicbrainz,discogs,false
mbrainz_11483,discogs_49935,musicbrainz,discogs,false
mbrainz_11483,discogs_52731,musicbrainz,discogs,false
mbrainz_11483,discogs_55260,musicbrainz,discogs,false
mbrainz_11483,discogs_72424,musicbrainz,discogs,false
mbrainz_11483,discogs_77677,musicbrainz,discogs,false
mbrainz_11485,discogs_109666,musicbrainz,discogs,false
mbrainz_11485,discogs_153335,musicbrainz,discogs,false
mbrainz_11485,discogs_16001,musicbrainz,discogs,false
mbrainz_11485,discogs_29477,musicbrainz,discogs,false
mbrainz_11485,discogs_50521,musicbrainz,discogs,false
mbrainz_11485,discogs_54134,musicbrainz,discogs,false
mbrainz_11485,discogs_67757,musicbrainz,discogs,false
mbrainz_11491,discogs_101416,musicbrainz,discogs,false
mbrainz_11491,discogs_102511,musicbrainz,discogs,false
mbrainz_11491,discogs_144036,musicbrainz,discogs,false
mbrainz_11491,discogs_147648,musicbrainz,discogs,false
mbrainz_11491,discogs_55396,musicbrainz,discogs,false
mbrainz_11491,discogs_55828,musicbrainz,discogs,false
mbrainz_11491,discogs_60490,musicbrainz,discogs,false
mbrainz_11491,discogs_64593,musicbrainz,discogs,false
mbrainz_11491,discogs_71838,musicbrainz,discogs,false
mbrainz_1150,discogs_13243,musicbrainz,discogs,false
mbrainz_1150,discogs_169084,musicbrainz,discogs,false
mbrainz_1150,discogs_3693,musicbrainz,discogs,false
mbrainz_1150,discogs_39614,musicbrainz,discogs,false
mbrainz_1150,discogs_43878,musicbrainz,discogs,false
mbrainz_1150,discogs_5026,musicbrainz,discogs,false
mbrainz_1150,discogs_90245,musicbrainz,discogs,false
mbrainz_11537,discogs_109353,musicbrainz,discogs,false
mbrainz_11537,discogs_113329,musicbrainz,discogs,false
mbrainz_11537,discogs_132247,musicbrainz,discogs,false
mbrainz_11537,discogs_156814,musicbrainz,discogs,false
mbrainz_11537,discogs_168781,musicbrainz,discogs,false
mbrainz_11537,discogs_22854,musicbrainz,discogs,false
mbrainz_11537,discogs_27204,musicbrainz,discogs,false
mbrainz_1154,discogs_190489,musicbrainz,discogs,false
mbrainz_11545,discogs_131639,musicbrainz,discogs,false
mbrainz_11545,discogs_136780,musicbrainz,discogs,false
mbrainz_11545,discogs_2110,musicbrainz,discogs,false
mbrainz_11545,discogs_21963,musicbrainz,discogs,false
mbrainz_11545,discogs_23669,musicbrainz,discogs,false
mbrainz_11545,discogs_29006,musicbrainz,discogs,false
mbrainz_11545,discogs_35306,musicbrainz,discogs,false
mbrainz_11547,discogs_104801,musicbrainz,discogs,false
mbrainz_11547,discogs_111081,musicbrainz,discogs,false
mbrainz_11547,discogs_136626,musicbrainz,discogs,false
mbrainz_11547,discogs_172961,musicbrainz,discogs,false
mbrainz_11547,discogs_179505,musicbrainz,discogs,false
mbrainz_11547,discogs_31927,musicbrainz,discogs,false
mbrainz_11547,discogs_33946,musicbrainz,discogs,false
mbrainz_11547,discogs_52138,musicbrainz,discogs,false
mbrainz_11547,discogs_79905,musicbrainz,discogs,false
mbrainz_11556,discogs_142513,musicbrainz,discogs,false
mbrainz_11556,discogs_7976,musicbrainz,discogs,false
mbrainz_11572,discogs_101194,musicbrainz,discogs,false
mbrainz_11572,discogs_154062,musicbrainz,discogs,false
mbrainz_11572,discogs_59751,musicbrainz,discogs,false
mbrainz_11572,discogs_85013,musicbrainz,discogs,false
mbrainz_11572,discogs_91189,musicbrainz,discogs,false
mbrainz_11572,discogs_9780,musicbrainz,discogs,false
mbrainz_11577,discogs_119,musicbrainz,discogs,false
mbrainz_11577,discogs_126555,musicbrainz,discogs,false
mbrainz_11577,discogs_136060,musicbrainz,discogs,false
mbrainz_11577,discogs_31071,musicbrainz,discogs,false
mbrainz_11577,discogs_3883,musicbrainz,discogs,false
mbrainz_11577,discogs_57737,musicbrainz,discogs,false
mbrainz_11577,discogs_8555,musicbrainz,discogs,false
mbrainz_1158,discogs_140597,musicbrainz,discogs,false
mbrainz_1158,discogs_151894,musicbrainz,discogs,false
mbrainz_1158,discogs_5145,musicbrainz,discogs,false
mbrainz_11584,discogs_115569,musicbrainz,discogs,false
mbrainz_11584,discogs_122087,musicbrainz,discogs,false
mbrainz_11584,discogs_163296,musicbrainz,discogs,false
mbrainz_11584,discogs_170827,musicbrainz,discogs,false
mbrainz_11584,discogs_56027,musicbrainz,discogs,false
mbrainz_11584,discogs_77501,musicbrainz,discogs,false
mbrainz_11584,discogs_87658,musicbrainz,discogs,false
mbrainz_11609,discogs_47207,musicbrainz,discogs,false
mbrainz_11620,discogs_162130,musicbrainz,discogs,false
mbrainz_11620,discogs_174999,musicbrainz,discogs,false
mbrainz_11620,discogs_196147,musicbrainz,discogs,false
mbrainz_11620,discogs_39611,musicbrainz,discogs,false
mbrainz_11620,discogs_53175,musicbrainz,discogs,false
mbrainz_11620,discogs_76049,musicbrainz,discogs,false
mbrainz_11620,discogs_76788,musicbrainz,discogs,false
mbrainz_11620,discogs_8628,musicbrainz,discogs,false
mbrainz_1164,discogs_1018,musicbrainz,discogs,false
mbrainz_1164,discogs_108702,musicbrainz,discogs,false
mbrainz_1164,discogs_127770,musicbrainz,discogs,false
mbrainz_1164,discogs_26855,musicbrainz,discogs,false
mbrainz_1164,discogs_53874,musicbrainz,discogs,false
mbrainz_1165,discogs_13659,musicbrainz,discogs,false
mbrainz_1165,discogs_150512,musicbrainz,discogs,false
mbrainz_1165,discogs_152970,musicbrainz,discogs,false
mbrainz_1165,discogs_174583,musicbrainz,discogs,false
mbrainz_1165,discogs_188742,musicbrainz,discogs,false
mbrainz_1165,discogs_41105,musicbrainz,discogs,false
mbrainz_1165,discogs_80212,musicbrainz,discogs,false
mbrainz_1165,discogs_86649,musicbrainz,discogs,false
mbrainz_1167,discogs_103494,musicbrainz,discogs,false
mbrainz_1167,discogs_173409,musicbrainz,discogs,false
mbrainz_1167,discogs_190445,musicbrainz,discogs,false
mbrainz_1167,discogs_50912,musicbrainz,discogs,false
mbrainz_1167,discogs_72996,musicbrainz,discogs,false
mbrainz_1169,discogs_108319,musicbrainz,discogs,false
mbrainz_1169,discogs_184233,musicbrainz,discogs,false
mbrainz_1169,discogs_2349,musicbrainz,discogs,false
mbrainz_1169,discogs_3605,musicbrainz,discogs,false
mbrainz_1169,discogs_41745,musicbrainz,discogs,false
mbrainz_1169,discogs_72071,musicbrainz,discogs,false
mbrainz_1169,discogs_8555,musicbrainz,discogs,false
mbrainz_117,discogs_107189,musicbrainz,discogs,false
mbrainz_117,discogs_110419,musicbrainz,discogs,false
mbrainz_117,discogs_121341,musicbrainz,discogs,false
mbrainz_117,discogs_160038,musicbrainz,discogs,false
mbrainz_117,discogs_37515,musicbrainz,discogs,false
mbrainz_1172,discogs_10609,musicbrainz,discogs,false
mbrainz_1172,discogs_159138,musicbrainz,discogs,false
mbrainz_1172,discogs_173779,musicbrainz,discogs,false
mbrainz_1172,discogs_176148,musicbrainz,discogs,false
mbrainz_1172,discogs_176533,musicbrainz,discogs,false
mbrainz_1172,discogs_4049,musicbrainz,discogs,false
mbrainz_1172,discogs_79793,musicbrainz,discogs,false
mbrainz_1172,discogs_91125,musicbrainz,discogs,false
mbrainz_1179,discogs_121533,musicbrainz,discogs,false
mbrainz_1179,discogs_164179,musicbrainz,discogs,false
mbrainz_1179,discogs_180423,musicbrainz,discogs,false
mbrainz_1179,discogs_20928,musicbrainz,discogs,false
mbrainz_1179,discogs_65158,musicbrainz,discogs,false
mbrainz_1179,discogs_77873,musicbrainz,discogs,false
mbrainz_1179,discogs_86832,musicbrainz,discogs,false
mbrainz_11803,discogs_124316,musicbrainz,discogs,false
mbrainz_11803,discogs_147749,musicbrainz,discogs,false
mbrainz_11803,discogs_177088,musicbrainz,discogs,false
mbrainz_11803,discogs_24596,musicbrainz,discogs,false
mbrainz_11803,discogs_43244,musicbrainz,discogs,false
mbrainz_11803,discogs_61545,musicbrainz,discogs,false
mbrainz_11803,discogs_74263,musicbrainz,discogs,false
mbrainz_1181,discogs_1799,musicbrainz,discogs,false
mbrainz_1181,discogs_2150,musicbrainz,discogs,false
mbrainz_1181,discogs_27860,musicbrainz,discogs,false
mbrainz_1181,discogs_3141,musicbrainz,discogs,false
mbrainz_1181,discogs_33989,musicbrainz,discogs,false
mbrainz_1181,discogs_37432,musicbrainz,discogs,false
mbrainz_1181,discogs_432,musicbrainz,discogs,false
mbrainz_11811,discogs_12050,musicbrainz,discogs,false
mbrainz_11811,discogs_13486,musicbrainz,discogs,false
mbrainz_11811,discogs_171766,musicbrainz,discogs,false
mbrainz_11811,discogs_187856,musicbrainz,discogs,false
mbrainz_11811,discogs_66504,musicbrainz,discogs,false
mbrainz_11811,discogs_87120,musicbrainz,discogs,false
mbrainz_11811,discogs_9713,musicbrainz,discogs,false
mbrainz_11852,discogs_101146,musicbrainz,discogs,false
mbrainz_11852,discogs_17777,musicbrainz,discogs,false
mbrainz_11852,discogs_192775,musicbrainz,discogs,false
mbrainz_11852,discogs_25157,musicbrainz,discogs,false
mbrainz_11852,discogs_46553,musicbrainz,discogs,false
mbrainz_11852,discogs_46813,musicbrainz,discogs,false
mbrainz_11852,discogs_6285,musicbrainz,discogs,false
mbrainz_11858,discogs_100965,musicbrainz,discogs,false
mbrainz_11858,discogs_154399,musicbrainz,discogs,false
mbrainz_11858,discogs_187422,musicbrainz,discogs,false
mbrainz_11858,discogs_192964,musicbrainz,discogs,false
mbrainz_11858,discogs_47213,musicbrainz,discogs,false
mbrainz_11858,discogs_89805,musicbrainz,discogs,false
mbrainz_11872,discogs_112061,musicbrainz,discogs,false
mbrainz_11872,discogs_117483,musicbrainz,discogs,false
mbrainz_11872,discogs_12482,musicbrainz,discogs,false
mbrainz_11872,discogs_126867,musicbrainz,discogs,false
mbrainz_11872,discogs_128852,musicbrainz,discogs,false
mbrainz_11872,discogs_169410,musicbrainz,discogs,false
mbrainz_11872,discogs_183409,musicbrainz,discogs,false
mbrainz_11872,discogs_22826,musicbrainz,discogs,false
mbrainz_11872,discogs_8195,musicbrainz,discogs,false
mbrainz_11878,discogs_171271,musicbrainz,discogs,false
mbrainz_11878,discogs_177633,musicbrainz,discogs,false
mbrainz_11878,discogs_28520,musicbrainz,discogs,false
mbrainz_11878,discogs_45550,musicbrainz,discogs,false
mbrainz_11878,discogs_65532,musicbrainz,discogs,false
mbrainz_11878,discogs_66806,musicbrainz,discogs,false
mbrainz_11878,discogs_90871,musicbrainz,discogs,false
mbrainz_11878,discogs_97936,musicbrainz,discogs,false
mbrainz_11879,discogs_107105,musicbrainz,discogs,false
mbrainz_11879,discogs_173184,musicbrainz,discogs,false
mbrainz_11879,discogs_25361,musicbrainz,discogs,false
mbrainz_11879,discogs_49834,musicbrainz,discogs,false
mbrainz_11879,discogs_66701,musicbrainz,discogs,false
mbrainz_11879,discogs_7452,musicbrainz,discogs,false
mbrainz_1188,discogs_141758,musicbrainz,discogs,false
mbrainz_1188,discogs_16332,musicbrainz,discogs,false
mbrainz_1188,discogs_193236,musicbrainz,discogs,false
mbrainz_1188,discogs_2091,musicbrainz,discogs,false
mbrainz_1188,discogs_33329,musicbrainz,discogs,false
mbrainz_1188,discogs_79211,musicbrainz,discogs,false
mbrainz_1188,discogs_79342,musicbrainz,discogs,false
mbrainz_119,discogs_121731,musicbrainz,discogs,false
mbrainz_119,discogs_152388,musicbrainz,discogs,false
mbrainz_119,discogs_174653,musicbrainz,discogs,false
mbrainz_119,discogs_182144,musicbrainz,discogs,false
mbrainz_119,discogs_79343,musicbrainz,discogs,false
mbrainz_119,discogs_92802,musicbrainz,discogs,false
mbrainz_119,discogs_92806,musicbrainz,discogs,false
mbrainz_119,discogs_9411,musicbrainz,discogs,false
mbrainz_1196,discogs_144784,musicbrainz,discogs,false
mbrainz_1196,discogs_168970,musicbrainz,discogs,false
mbrainz_1196,discogs_171463,musicbrainz,discogs,false
mbrainz_1196,discogs_183320,musicbrainz,discogs,false
mbrainz_1196,discogs_70705,musicbrainz,discogs,false
mbrainz_1196,discogs_78035,musicbrainz,discogs,false
mbrainz_1196,discogs_79932,musicbrainz,discogs,false
mbrainz_1196,discogs_83623,musicbrainz,discogs,false
mbrainz_11968,discogs_102711,musicbrainz,discogs,false
mbrainz_11968,discogs_113557,musicbrainz,discogs,false
mbrainz_11968,discogs_129210,musicbrainz,discogs,false
mbrainz_11968,discogs_130676,musicbrainz,discogs,false
mbrainz_11968,discogs_136296,musicbrainz,discogs,false
mbrainz_11968,discogs_140293,musicbrainz,discogs,false
mbrainz_11968,discogs_14233,musicbrainz,discogs,false
mbrainz_120,discogs_13573,musicbrainz,discogs,false
mbrainz_120,discogs_165725,musicbrainz,discogs,false
mbrainz_120,discogs_24041,musicbrainz,discogs,false
mbrainz_120,discogs_35213,musicbrainz,discogs,false
mbrainz_120,discogs_7213,musicbrainz,discogs,false
mbrainz_120,discogs_82481,musicbrainz,discogs,false
mbrainz_12009,discogs_167512,musicbrainz,discogs,false
mbrainz_12009,discogs_179278,musicbrainz,discogs,false
mbrainz_12009,discogs_193031,musicbrainz,discogs,false
mbrainz_12009,discogs_25082,musicbrainz,discogs,false
mbrainz_12009,discogs_42487,musicbrainz,discogs,false
mbrainz_12009,discogs_81299,musicbrainz,discogs,false
mbrainz_12065,discogs_100615,musicbrainz,discogs,false
mbrainz_12065,discogs_122723,musicbrainz,discogs,false
mbrainz_12065,discogs_12559,musicbrainz,discogs,false
mbrainz_12065,discogs_145530,musicbrainz,discogs,false
mbrainz_12065,discogs_185791,musicbrainz,discogs,false
mbrainz_12065,discogs_41799,musicbrainz,discogs,false
mbrainz_12065,discogs_53140,musicbrainz,discogs,false
mbrainz_12065,discogs_62349,musicbrainz,discogs,false
mbrainz_12072,discogs_122105,musicbrainz,discogs,false
mbrainz_12072,discogs_21136,musicbrainz,discogs,false
mbrainz_12083,discogs_142337,musicbrainz,discogs,false
mbrainz_12085,discogs_121080,musicbrainz,discogs,false
mbrainz_12085,discogs_173555,musicbrainz,discogs,false
mbrainz_12085,discogs_181177,musicbrainz,discogs,false
mbrainz_12085,discogs_182227,musicbrainz,discogs,false
mbrainz_12085,discogs_37274,musicbrainz,discogs,false
mbrainz_12085,discogs_48361,musicbrainz,discogs,false
mbrainz_12085,discogs_53173,musicbrainz,discogs,false
mbrainz_12085,discogs_57209,musicbrainz,discogs,false
mbrainz_1209,discogs_102025,musicbrainz,discogs,false
mbrainz_1209,discogs_119717,musicbrainz,discogs,false
mbrainz_1209,discogs_12732,musicbrainz,discogs,false
mbrainz_1209,discogs_131964,musicbrainz,discogs,false
mbrainz_1209,discogs_157058,musicbrainz,discogs,false
mbrainz_1209,discogs_19322,musicbrainz,discogs,false
mbrainz_12091,discogs_45042,musicbrainz,discogs,false
mbrainz_12091,discogs_49430,musicbrainz,discogs,false
mbrainz_12091,discogs_51157,musicbrainz,discogs,false
mbrainz_12091,discogs_54238,musicbrainz,discogs,false
mbrainz_12091,discogs_55288,musicbrainz,discogs,false
mbrainz_12091,discogs_56729,musicbrainz,discogs,false
mbrainz_12091,discogs_56852,musicbrainz,discogs,false
mbrainz_12091,discogs_62243,musicbrainz,discogs,false
mbrainz_12091,discogs_68724,musicbrainz,discogs,false
mbrainz_12092,discogs_121544,musicbrainz,discogs,false
mbrainz_12092,discogs_45069,musicbrainz,discogs,false
mbrainz_12092,discogs_46852,musicbrainz,discogs,false
mbrainz_12092,discogs_51750,musicbrainz,discogs,false
mbrainz_12092,discogs_53596,musicbrainz,discogs,false
mbrainz_12092,discogs_58538,musicbrainz,discogs,false
mbrainz_12092,discogs_90211,musicbrainz,discogs,false
mbrainz_12092,discogs_96451,musicbrainz,discogs,false
mbrainz_12095,discogs_153506,musicbrainz,discogs,false
mbrainz_12095,discogs_15971,musicbrainz,discogs,false
mbrainz_12095,discogs_181892,musicbrainz,discogs,false
mbrainz_12095,discogs_53632,musicbrainz,discogs,false
mbrainz_12098,discogs_119171,musicbrainz,discogs,false
mbrainz_12098,discogs_125651,musicbrainz,discogs,false
mbrainz_12098,discogs_128629,musicbrainz,discogs,false
mbrainz_12098,discogs_175870,musicbrainz,discogs,false
mbrainz_12098,discogs_18077,musicbrainz,discogs,false
mbrainz_12098,discogs_45572,musicbrainz,discogs,false
mbrainz_12116,discogs_14054,musicbrainz,discogs,false
mbrainz_12116,discogs_196757,musicbrainz,discogs,false
mbrainz_12116,discogs_78958,musicbrainz,discogs,false
mbrainz_12116,discogs_86102,musicbrainz,discogs,false
mbrainz_12116,discogs_94059,musicbrainz,discogs,false
mbrainz_12116,discogs_9649,musicbrainz,discogs,false
mbrainz_12120,discogs_126353,musicbrainz,discogs,false
mbrainz_12120,discogs_132437,musicbrainz,discogs,false
mbrainz_12120,discogs_153452,musicbrainz,discogs,false
mbrainz_12120,discogs_165099,musicbrainz,discogs,false
mbrainz_12120,discogs_49594,musicbrainz,discogs,false
mbrainz_12120,discogs_90372,musicbrainz,discogs,false
mbrainz_12120,discogs_99668,musicbrainz,discogs,false
mbrainz_12170,discogs_112086,musicbrainz,discogs,false
mbrainz_12170,discogs_12704,musicbrainz,discogs,false
mbrainz_12170,discogs_16687,musicbrainz,discogs,false
mbrainz_12170,discogs_61616,musicbrainz,discogs,false
mbrainz_12170,discogs_82665,musicbrainz,discogs,false
mbrainz_122,discogs_114609,musicbrainz,discogs,false
mbrainz_122,discogs_11524,musicbrainz,discogs,false
mbrainz_122,discogs_128894,musicbrainz,discogs,false
mbrainz_122,discogs_180587,musicbrainz,discogs,false
mbrainz_122,discogs_193418,musicbrainz,discogs,false
mbrainz_122,discogs_27785,musicbrainz,discogs,false
mbrainz_122,discogs_89954,musicbrainz,discogs,false
mbrainz_122,discogs_93480,musicbrainz,discogs,false
mbrainz_122,discogs_97516,musicbrainz,discogs,false
mbrainz_12217,discogs_10479,musicbrainz,discogs,false
mbrainz_12217,discogs_128878,musicbrainz,discogs,false
mbrainz_12217,discogs_181097,musicbrainz,discogs,false
mbrainz_12217,discogs_197198,musicbrainz,discogs,false
mbrainz_12217,discogs_31926,musicbrainz,discogs,false
mbrainz_12217,discogs_44605,musicbrainz,discogs,false
mbrainz_12217,discogs_78286,musicbrainz,discogs,false
mbrainz_12221,discogs_146058,musicbrainz,discogs,false
mbrainz_12221,discogs_43524,musicbrainz,discogs,false
mbrainz_12221,discogs_47667,musicbrainz,discogs,false
mbrainz_12221,discogs_8902,musicbrainz,discogs,false
mbrainz_12221,discogs_91227,musicbrainz,discogs,false
mbrainz_12233,discogs_137994,musicbrainz,discogs,false
mbrainz_12233,discogs_3586,musicbrainz,discogs,false
mbrainz_12233,discogs_46007,musicbrainz,discogs,false
mbrainz_12233,discogs_46775,musicbrainz,discogs,false
mbrainz_12233,discogs_49817,musicbrainz,discogs,false
mbrainz_12233,discogs_51930,musicbrainz,discogs,false
mbrainz_12240,discogs_14224,musicbrainz,discogs,false
mbrainz_12240,discogs_165180,musicbrainz,discogs,false
mbrainz_12240,discogs_169,musicbrainz,discogs,false
mbrainz_12240,discogs_19157,musicbrainz,discogs,false
mbrainz_12240,discogs_25467,musicbrainz,discogs,false
mbrainz_12240,discogs_36077,musicbrainz,discogs,false
mbrainz_12240,discogs_36857,musicbrainz,discogs,false
mbrainz_12240,discogs_42984,musicbrainz,discogs,false
mbrainz_12254,discogs_101093,musicbrainz,discogs,false
mbrainz_12254,discogs_104554,musicbrainz,discogs,false
mbrainz_12254,discogs_115097,musicbrainz,discogs,false
mbrainz_12254,discogs_190124,musicbrainz,discogs,false
mbrainz_12254,discogs_193569,musicbrainz,discogs,false
mbrainz_12254,discogs_24652,musicbrainz,discogs,false
mbrainz_12254,discogs_69783,musicbrainz,discogs,false
mbrainz_12254,discogs_72464,musicbrainz,discogs,false
mbrainz_12254,discogs_93932,musicbrainz,discogs,false
mbrainz_12282,discogs_170778,musicbrainz,discogs,false
mbrainz_12282,discogs_19720,musicbrainz,discogs,false
mbrainz_12282,discogs_24673,musicbrainz,discogs,false
mbrainz_12282,discogs_49524,musicbrainz,discogs,false
mbrainz_12282,discogs_51763,musicbrainz,discogs,false
mbrainz_12282,discogs_52529,musicbrainz,discogs,false
mbrainz_12282,discogs_92759,musicbrainz,discogs,false
mbrainz_12293,discogs_105079,musicbrainz,discogs,false
mbrainz_12293,discogs_107226,musicbrainz,discogs,false
mbrainz_12293,discogs_111862,musicbrainz,discogs,false
mbrainz_12293,discogs_125920,musicbrainz,discogs,false
mbrainz_12293,discogs_140980,musicbrainz,discogs,false
mbrainz_12293,discogs_14316,musicbrainz,discogs,false
mbrainz_12293,discogs_159,musicbrainz,discogs,false
mbrainz_12293,discogs_170595,musicbrainz,discogs,false
mbrainz_12293,discogs_67757,musicbrainz,discogs,false
mbrainz_1230,discogs_144887,musicbrainz,discogs,false
mbrainz_1230,discogs_149835,musicbrainz,discogs,false
mbrainz_1230,discogs_156479,musicbrainz,discogs,false
mbrainz_1230,discogs_184794,musicbrainz,discogs,false
mbrainz_1230,discogs_20742,musicbrainz,discogs,false
mbrainz_1230,discogs_3352,musicbrainz,discogs,false
mbrainz_1230,discogs_735,musicbrainz,discogs,false
mbrainz_1230,discogs_83410,musicbrainz,discogs,false
mbrainz_12303,discogs_111085,musicbrainz,discogs,false
mbrainz_12303,discogs_162194,musicbrainz,discogs,false
mbrainz_12303,discogs_25044,musicbrainz,discogs,false
mbrainz_12303,discogs_54132,musicbrainz,discogs,false
mbrainz_12303,discogs_66199,musicbrainz,discogs,false
mbrainz_12303,discogs_83993,musicbrainz,discogs,false
mbrainz_12309,discogs_5060,musicbrainz,discogs,false
mbrainz_12309,discogs_82716,musicbrainz,discogs,false
mbrainz_1233,discogs_12681,musicbrainz,discogs,false
mbrainz_1233,discogs_137853,musicbrainz,discogs,false
mbrainz_1233,discogs_163608,musicbrainz,discogs,false
mbrainz_1233,discogs_174814,musicbrainz,discogs,false
mbrainz_1233,discogs_47384,musicbrainz,discogs,false
mbrainz_12358,discogs_146090,musicbrainz,discogs,false
mbrainz_12358,discogs_168811,musicbrainz,discogs,false
mbrainz_12358,discogs_170778,musicbrainz,discogs,false
mbrainz_12358,discogs_49964,musicbrainz,discogs,false
mbrainz_12358,discogs_54431,musicbrainz,discogs,false
mbrainz_12358,discogs_58235,musicbrainz,discogs,false
mbrainz_12358,discogs_58799,musicbrainz,discogs,false
mbrainz_12374,discogs_181151,musicbrainz,discogs,false
mbrainz_12374,discogs_189143,musicbrainz,discogs,false
mbrainz_12374,discogs_193411,musicbrainz,discogs,false
mbrainz_12374,discogs_56122,musicbrainz,discogs,false
mbrainz_12374,discogs_64852,musicbrainz,discogs,false
mbrainz_12374,discogs_90300,musicbrainz,discogs,false
mbrainz_12375,discogs_100618,musicbrainz,discogs,false
mbrainz_12375,discogs_134608,musicbrainz,discogs,false
mbrainz_12375,discogs_177028,musicbrainz,discogs,false
mbrainz_12375,discogs_196116,musicbrainz,discogs,false
mbrainz_12375,discogs_25086,musicbrainz,discogs,false
mbrainz_12375,discogs_30089,musicbrainz,discogs,false
mbrainz_12375,discogs_33685,musicbrainz,discogs,false
mbrainz_1238,discogs_146503,musicbrainz,discogs,false
mbrainz_1238,discogs_157371,musicbrainz,discogs,false
mbrainz_1238,discogs_22801,musicbrainz,discogs,false
mbrainz_1238,discogs_341,musicbrainz,discogs,false
mbrainz_1238,discogs_50918,musicbrainz,discogs,false
mbrainz_1238,discogs_54253,musicbrainz,discogs,false
mbrainz_1238,discogs_8869,musicbrainz,discogs,false
mbrainz_12389,discogs_5063,musicbrainz,discogs,false
mbrainz_12389,discogs_5115,musicbrainz,discogs,false
mbrainz_12389,discogs_63048,musicbrainz,discogs,false
mbrainz_12389,discogs_83049,musicbrainz,discogs,false
mbrainz_1239,discogs_11909,musicbrainz,discogs,false
mbrainz_1239,discogs_122152,musicbrainz,discogs,false
mbrainz_1239,discogs_125606,musicbrainz,discogs,false
mbrainz_1239,discogs_126696,musicbrainz,discogs,false
mbrainz_1239,discogs_145397,musicbrainz,discogs,false
mbrainz_1239,discogs_184027,musicbrainz,discogs,false
mbrainz_1239,discogs_34442,musicbrainz,discogs,false
mbrainz_1240,discogs_115891,musicbrainz,discogs,false
mbrainz_1240,discogs_152664,musicbrainz,discogs,false
mbrainz_1240,discogs_169463,musicbrainz,discogs,false
mbrainz_1240,discogs_195715,musicbrainz,discogs,false
mbrainz_1240,discogs_196733,musicbrainz,discogs,false
mbrainz_1240,discogs_25010,musicbrainz,discogs,false
mbrainz_1240,discogs_43364,musicbrainz,discogs,false
mbrainz_1240,discogs_82360,musicbrainz,discogs,false
mbrainz_12400,discogs_153493,musicbrainz,discogs,false
mbrainz_12400,discogs_166869,musicbrainz,discogs,false
mbrainz_12400,discogs_21885,musicbrainz,discogs,false
mbrainz_12400,discogs_29713,musicbrainz,discogs,false
mbrainz_12400,discogs_59756,musicbrainz,discogs,false
mbrainz_12400,discogs_70319,musicbrainz,discogs,false
mbrainz_12400,discogs_81139,musicbrainz,discogs,false
mbrainz_12400,discogs_93833,musicbrainz,discogs,false
mbrainz_12436,discogs_101001,musicbrainz,discogs,false
mbrainz_12436,discogs_106342,musicbrainz,discogs,false
mbrainz_12436,discogs_17307,musicbrainz,discogs,false
mbrainz_12436,discogs_30711,musicbrainz,discogs,false
mbrainz_12436,discogs_33517,musicbrainz,discogs,false
mbrainz_12436,discogs_72600,musicbrainz,discogs,false
mbrainz_12473,discogs_116298,musicbrainz,discogs,false
mbrainz_12473,discogs_158557,musicbrainz,discogs,false
mbrainz_12473,discogs_53040,musicbrainz,discogs,false
mbrainz_12473,discogs_53175,musicbrainz,discogs,false
mbrainz_12473,discogs_91189,musicbrainz,discogs,false
mbrainz_12473,discogs_91967,musicbrainz,discogs,false
mbrainz_12478,discogs_173536,musicbrainz,discogs,false
mbrainz_12478,discogs_21354,musicbrainz,discogs,false
mbrainz_12478,discogs_49561,musicbrainz,discogs,false
mbrainz_12478,discogs_70221,musicbrainz,discogs,false
mbrainz_12478,discogs_81760,musicbrainz,discogs,false
mbrainz_12478,discogs_91511,musicbrainz,discogs,false
mbrainz_12500,discogs_104904,musicbrainz,discogs,false
mbrainz_12500,discogs_106844,musicbrainz,discogs,false
mbrainz_12500,discogs_109117,musicbrainz,discogs,false
mbrainz_12500,discogs_12195,musicbrainz,discogs,false
mbrainz_12500,discogs_4499,musicbrainz,discogs,false
mbrainz_12500,discogs_56262,musicbrainz,discogs,false
mbrainz_12500,discogs_8143,musicbrainz,discogs,false
mbrainz_12525,discogs_190544,musicbrainz,discogs,false
mbrainz_12525,discogs_190900,musicbrainz,discogs,false
mbrainz_12525,discogs_24608,musicbrainz,discogs,false
mbrainz_12525,discogs_9016,musicbrainz,discogs,false
mbrainz_12525,discogs_91876,musicbrainz,discogs,false
mbrainz_12525,discogs_95828,musicbrainz,discogs,false
mbrainz_12528,discogs_10904,musicbrainz,discogs,false
mbrainz_12528,discogs_146832,musicbrainz,discogs,false
mbrainz_12528,discogs_167921,musicbrainz,discogs,false
mbrainz_12528,discogs_177829,musicbrainz,discogs,false
mbrainz_12528,discogs_17839,musicbrainz,discogs,false
mbrainz_12528,discogs_39076,musicbrainz,discogs,false
mbrainz_12528,discogs_69561,musicbrainz,discogs,false
mbrainz_12528,discogs_73911,musicbrainz,discogs,false
mbrainz_12528,discogs_88621,musicbrainz,discogs,false
mbrainz_12529,discogs_112169,musicbrainz,discogs,false
mbrainz_12529,discogs_173484,musicbrainz,discogs,false
mbrainz_12529,discogs_1920,musicbrainz,discogs,false
mbrainz_12529,discogs_54009,musicbrainz,discogs,false
mbrainz_12529,discogs_61563,musicbrainz,discogs,false
mbrainz_12531,discogs_12789,musicbrainz,discogs,false
mbrainz_12531,discogs_40278,musicbrainz,discogs,false
mbrainz_12531,discogs_62765,musicbrainz,discogs,false
mbrainz_12538,discogs_160479,musicbrainz,discogs,false
mbrainz_12538,discogs_167064,musicbrainz,discogs,false
mbrainz_12538,discogs_194632,musicbrainz,discogs,false
mbrainz_12538,discogs_29705,musicbrainz,discogs,false
mbrainz_12538,discogs_36157,musicbrainz,discogs,false
mbrainz_12538,discogs_43644,musicbrainz,discogs,false
mbrainz_12538,discogs_51817,musicbrainz,discogs,false
mbrainz_12538,discogs_86401,musicbrainz,discogs,false
mbrainz_12553,discogs_10860,musicbrainz,discogs,false
mbrainz_12553,discogs_109056,musicbrainz,discogs,false
mbrainz_12553,discogs_111415,musicbrainz,discogs,false
mbrainz_12553,discogs_119870,musicbrainz,discogs,false
mbrainz_12553,discogs_2523,musicbrainz,discogs,false
mbrainz_12553,discogs_95255,musicbrainz,discogs,false
mbrainz_12554,discogs_132420,musicbrainz,discogs,false
mbrainz_12554,discogs_177510,musicbrainz,discogs,false
mbrainz_12554,discogs_25208,musicbrainz,discogs,false
mbrainz_12554,discogs_26926,musicbrainz,discogs,false
mbrainz_12554,discogs_38105,musicbrainz,discogs,false
mbrainz_12554,discogs_42601,musicbrainz,discogs,false
mbrainz_12554,discogs_68127,musicbrainz,discogs,false
mbrainz_12566,discogs_106017,musicbrainz,discogs,false
mbrainz_12566,discogs_10686,musicbrainz,discogs,false
mbrainz_12566,discogs_118279,musicbrainz,discogs,false
mbrainz_12566,discogs_121870,musicbrainz,discogs,false
mbrainz_12566,discogs_123578,musicbrainz,discogs,false
mbrainz_12566,discogs_12588,musicbrainz,discogs,false
mbrainz_12566,discogs_129110,musicbrainz,discogs,false
mbrainz_12566,discogs_74152,musicbrainz,discogs,false
mbrainz_12601,discogs_127541,musicbrainz,discogs,false
mbrainz_12601,discogs_136083,musicbrainz,discogs,false
mbrainz_12601,discogs_188207,musicbrainz,discogs,false
mbrainz_12601,discogs_39674,musicbrainz,discogs,false
mbrainz_12601,discogs_44589,musicbrainz,discogs,false
mbrainz_12601,discogs_56906,musicbrainz,discogs,false
mbrainz_12601,discogs_71304,musicbrainz,discogs,false
mbrainz_1262,discogs_102359,musicbrainz,discogs,false
mbrainz_1262,discogs_105235,musicbrainz,discogs,false
mbrainz_1262,discogs_143172,musicbrainz,discogs,false
mbrainz_1262,discogs_195555,musicbrainz,discogs,false
mbrainz_1262,discogs_42818,musicbrainz,discogs,false
mbrainz_1262,discogs_4911,musicbrainz,discogs,false
mbrainz_1262,discogs_5157,musicbrainz,discogs,false
mbrainz_1263,discogs_10128,musicbrainz,discogs,false
mbrainz_1263,discogs_19207,musicbrainz,discogs,false
mbrainz_1263,discogs_3304,musicbrainz,discogs,false
mbrainz_1263,discogs_3339,musicbrainz,discogs,false
mbrainz_1263,discogs_38164,musicbrainz,discogs,false
mbrainz_1263,discogs_3846,musicbrainz,discogs,false
mbrainz_1263,discogs_69245,musicbrainz,discogs,false
mbrainz_1263,discogs_910,musicbrainz,discogs,false
mbrainz_12631,discogs_12041,musicbrainz,discogs,false
mbrainz_12631,discogs_124313,musicbrainz,discogs,false
mbrainz_12631,discogs_167928,musicbrainz,discogs,false
mbrainz_12631,discogs_28425,musicbrainz,discogs,false
mbrainz_12631,discogs_63638,musicbrainz,discogs,false
mbrainz_12631,discogs_7579,musicbrainz,discogs,false
mbrainz_12633,discogs_145856,musicbrainz,discogs,false
mbrainz_12633,discogs_148456,musicbrainz,discogs,false
mbrainz_12633,discogs_16935,musicbrainz,discogs,false
mbrainz_12633,discogs_63526,musicbrainz,discogs,false
mbrainz_12633,discogs_76689,musicbrainz,discogs,false
mbrainz_12633,discogs_85697,musicbrainz,discogs,false
mbrainz_12642,discogs_134588,musicbrainz,discogs,false
mbrainz_12642,discogs_156381,musicbrainz,discogs,false
mbrainz_12642,discogs_162647,musicbrainz,discogs,false
mbrainz_12642,discogs_177460,musicbrainz,discogs,false
mbrainz_12642,discogs_196501,musicbrainz,discogs,false
mbrainz_12642,discogs_60585,musicbrainz,discogs,false
mbrainz_12642,discogs_75354,musicbrainz,discogs,false
mbrainz_1265,discogs_100283,musicbrainz,discogs,false
mbrainz_1265,discogs_1531,musicbrainz,discogs,false
mbrainz_1265,discogs_26452,musicbrainz,discogs,false
mbrainz_1265,discogs_38634,musicbrainz,discogs,false
mbrainz_1265,discogs_4416,musicbrainz,discogs,false
mbrainz_1265,discogs_63963,musicbrainz,discogs,false
mbrainz_1267,discogs_28315,musicbrainz,discogs,false
mbrainz_1267,discogs_5522,musicbrainz,discogs,false
mbrainz_1267,discogs_9155,musicbrainz,discogs,false
mbrainz_1267,discogs_99587,musicbrainz,discogs,false
mbrainz_1269,discogs_101939,musicbrainz,discogs,false
mbrainz_1269,discogs_13180,musicbrainz,discogs,false
mbrainz_1269,discogs_150040,musicbrainz,discogs,false
mbrainz_1269,discogs_153950,musicbrainz,discogs,false
mbrainz_1269,discogs_21815,musicbrainz,discogs,false
mbrainz_1269,discogs_29642,musicbrainz,discogs,false
mbrainz_1269,discogs_5674,musicbrainz,discogs,false
mbrainz_1270,discogs_197464,musicbrainz,discogs,false
mbrainz_1271,discogs_154249,musicbrainz,discogs,false
mbrainz_1271,discogs_79230,musicbrainz,discogs,false
mbrainz_12715,discogs_173174,musicbrainz,discogs,false
mbrainz_12715,discogs_176241,musicbrainz,discogs,false
mbrainz_12715,discogs_177980,musicbrainz,discogs,false
mbrainz_12715,discogs_183370,musicbrainz,discogs,false
mbrainz_12715,discogs_197455,musicbrainz,discogs,false
mbrainz_12715,discogs_25209,musicbrainz,discogs,false
mbrainz_12715,discogs_49083,musicbrainz,discogs,false
mbrainz_12715,discogs_63245,musicbrainz,discogs,false
mbrainz_12720,discogs_26939,musicbrainz,discogs,false
mbrainz_12720,discogs_3223,musicbrainz,discogs,false
mbrainz_12720,discogs_36492,musicbrainz,discogs,false
mbrainz_12720,discogs_54232,musicbrainz,discogs,false
mbrainz_12728,discogs_107775,musicbrainz,discogs,false
mbrainz_12728,discogs_137382,musicbrainz,discogs,false
mbrainz_12728,discogs_151579,musicbrainz,discogs,false
mbrainz_12728,discogs_182972,musicbrainz,discogs,false
mbrainz_12728,discogs_27374,musicbrainz,discogs,false
mbrainz_12728,discogs_32977,musicbrainz,discogs,false
mbrainz_12728,discogs_55683,musicbrainz,discogs,false
mbrainz_12728,discogs_62494,musicbrainz,discogs,false
mbrainz_1273,discogs_146601,musicbrainz,discogs,false
mbrainz_1273,discogs_171281,musicbrainz,discogs,false
mbrainz_1273,discogs_41259,musicbrainz,discogs,false
mbrainz_1273,discogs_57190,musicbrainz,discogs,false
mbrainz_12743,discogs_101437,musicbrainz,discogs,false
mbrainz_12743,discogs_115065,musicbrainz,discogs,false
mbrainz_12743,discogs_163946,musicbrainz,discogs,false
mbrainz_12743,discogs_166093,musicbrainz,discogs,false
mbrainz_12743,discogs_37684,musicbrainz,discogs,false
mbrainz_12743,discogs_43754,musicbrainz,discogs,false
mbrainz_12743,discogs_66816,musicbrainz,discogs,false
mbrainz_1275,discogs_10031,musicbrainz,discogs,false
mbrainz_1275,discogs_11054,musicbrainz,discogs,false
mbrainz_1275,discogs_134779,musicbrainz,discogs,false
mbrainz_1275,discogs_5625,musicbrainz,discogs,false
mbrainz_1275,discogs_575,musicbrainz,discogs,false
mbrainz_1275,discogs_8738,musicbrainz,discogs,false
mbrainz_1275,discogs_9131,musicbrainz,discogs,false
mbrainz_1275,discogs_9334,musicbrainz,discogs,false
mbrainz_12763,discogs_160458,musicbrainz,discogs,false
mbrainz_12763,discogs_165375,musicbrainz,discogs,false
mbrainz_12763,discogs_37190,musicbrainz,discogs,false
mbrainz_12763,discogs_38430,musicbrainz,discogs,false
mbrainz_12763,discogs_39825,musicbrainz,discogs,false
mbrainz_12763,discogs_54776,musicbrainz,discogs,false
mbrainz_12763,discogs_70045,musicbrainz,discogs,false
mbrainz_12763,discogs_94224,musicbrainz,discogs,false
mbrainz_12777,discogs_105237,musicbrainz,discogs,false
mbrainz_12777,discogs_106142,musicbrainz,discogs,false
mbrainz_12777,discogs_187705,musicbrainz,discogs,false
mbrainz_12777,discogs_23787,musicbrainz,discogs,false
mbrainz_12777,discogs_45097,musicbrainz,discogs,false
mbrainz_12777,discogs_56462,musicbrainz,discogs,false
mbrainz_12777,discogs_59363,musicbrainz,discogs,false
mbrainz_1281,discogs_107310,musicbrainz,discogs,false
mbrainz_1281,discogs_120905,musicbrainz,discogs,false
mbrainz_1281,discogs_188915,musicbrainz,discogs,false
mbrainz_1281,discogs_195221,musicbrainz,discogs,false
mbrainz_1281,discogs_195967,musicbrainz,discogs,false
mbrainz_1281,discogs_196452,musicbrainz,discogs,false
mbrainz_1281,discogs_44627,musicbrainz,discogs,false
mbrainz_1281,discogs_58968,musicbrainz,discogs,false
mbrainz_1282,discogs_119971,musicbrainz,discogs,false
mbrainz_1282,discogs_190288,musicbrainz,discogs,false
mbrainz_1282,discogs_197418,musicbrainz,discogs,false
mbrainz_1282,discogs_68607,musicbrainz,discogs,false
mbrainz_12822,discogs_103127,musicbrainz,discogs,false
mbrainz_12822,discogs_146914,musicbrainz,discogs,false
mbrainz_12822,discogs_22928,musicbrainz,discogs,false
mbrainz_12822,discogs_29084,musicbrainz,discogs,false
mbrainz_12822,discogs_35899,musicbrainz,discogs,false
mbrainz_12822,discogs_53103,musicbrainz,discogs,false
mbrainz_12822,discogs_63551,musicbrainz,discogs,false
mbrainz_12822,discogs_71894,musicbrainz,discogs,false
mbrainz_12865,discogs_14923,musicbrainz,discogs,false
mbrainz_12865,discogs_16569,musicbrainz,discogs,false
mbrainz_12865,discogs_179950,musicbrainz,discogs,false
mbrainz_12865,discogs_43114,musicbrainz,discogs,false
mbrainz_12865,discogs_45695,musicbrainz,discogs,false
mbrainz_12865,discogs_47585,musicbrainz,discogs,false
mbrainz_12865,discogs_48468,musicbrainz,discogs,false
mbrainz_12865,discogs_48892,musicbrainz,discogs,false
mbrainz_12865,discogs_60721,musicbrainz,discogs,false
mbrainz_12874,discogs_119862,musicbrainz,discogs,false
mbrainz_12874,discogs_65870,musicbrainz,discogs,false
mbrainz_12874,discogs_69816,musicbrainz,discogs,false
mbrainz_12874,discogs_70755,musicbrainz,discogs,false
mbrainz_12874,discogs_89146,musicbrainz,discogs,false
mbrainz_12884,discogs_30066,musicbrainz,discogs,false
mbrainz_12884,discogs_7487,musicbrainz,discogs,false
mbrainz_12899,discogs_171354,musicbrainz,discogs,false
mbrainz_12899,discogs_172132,musicbrainz,discogs,false
mbrainz_12899,discogs_28502,musicbrainz,discogs,false
mbrainz_12899,discogs_30228,musicbrainz,discogs,false
mbrainz_12899,discogs_45456,musicbrainz,discogs,false
mbrainz_12899,discogs_96363,musicbrainz,discogs,false
mbrainz_1293,discogs_100436,musicbrainz,discogs,false
mbrainz_1293,discogs_13839,musicbrainz,discogs,false
mbrainz_1293,discogs_14065,musicbrainz,discogs,false
mbrainz_1293,discogs_24784,musicbrainz,discogs,false
mbrainz_1293,discogs_28411,musicbrainz,discogs,false
mbrainz_1293,discogs_32031,musicbrainz,discogs,false
mbrainz_1293,discogs_41756,musicbrainz,discogs,false
mbrainz_12930,discogs_102703,musicbrainz,discogs,false
mbrainz_12930,discogs_109630,musicbrainz,discogs,false
mbrainz_12930,discogs_117493,musicbrainz,discogs,false
mbrainz_12930,discogs_18329,musicbrainz,discogs,false
mbrainz_12930,discogs_59844,musicbrainz,discogs,false
mbrainz_12930,discogs_70310,musicbrainz,discogs,false
mbrainz_12930,discogs_7088,musicbrainz,discogs,false
mbrainz_12930,discogs_7648,musicbrainz,discogs,false
mbrainz_12930,discogs_9433,musicbrainz,discogs,false
mbrainz_12941,discogs_107434,musicbrainz,discogs,false
mbrainz_12941,discogs_113095,musicbrainz,discogs,false
mbrainz_12941,discogs_142005,musicbrainz,discogs,false
mbrainz_12941,discogs_168607,musicbrainz,discogs,false
mbrainz_12941,discogs_197994,musicbrainz,discogs,false
mbrainz_12941,discogs_49303,musicbrainz,discogs,false
mbrainz_12941,discogs_50753,musicbrainz,discogs,false
mbrainz_12946,discogs_10981,musicbrainz,discogs,false
mbrainz_12946,discogs_126986,musicbrainz,discogs,false
mbrainz_12946,discogs_131005,musicbrainz,discogs,false
mbrainz_12946,discogs_189486,musicbrainz,discogs,false
mbrainz_12946,discogs_62008,musicbrainz,discogs,false
mbrainz_12946,discogs_72910,musicbrainz,discogs,false
mbrainz_12946,discogs_73539,musicbrainz,discogs,false
mbrainz_12959,discogs_104904,musicbrainz,discogs,false
mbrainz_12959,discogs_109117,musicbrainz,discogs,false
mbrainz_12959,discogs_143225,musicbrainz,discogs,false
mbrainz_12959,discogs_150763,musicbrainz,discogs,false
mbrainz_12959,discogs_163608,musicbrainz,discogs,false
mbrainz_12959,discogs_169279,musicbrainz,discogs,false
mbrainz_12959,discogs_177111,musicbrainz,discogs,false
mbrainz_12959,discogs_191893,musicbrainz,discogs,false
mbrainz_12962,discogs_135949,musicbrainz,discogs,false
mbrainz_12962,discogs_28162,musicbrainz,discogs,false
mbrainz_12979,discogs_123667,musicbrainz,discogs,false
mbrainz_12979,discogs_124552,musicbrainz,discogs,false
mbrainz_12979,discogs_136833,musicbrainz,discogs,false
mbrainz_12979,discogs_155840,musicbrainz,discogs,false
mbrainz_12979,discogs_29725,musicbrainz,discogs,false
mbrainz_12979,discogs_73503,musicbrainz,discogs,false
mbrainz_130,discogs_112130,musicbrainz,discogs,false
mbrainz_130,discogs_112856,musicbrainz,discogs,false
mbrainz_130,discogs_114622,musicbrainz,discogs,false
mbrainz_130,discogs_24235,musicbrainz,discogs,false
mbrainz_130,discogs_3082,musicbrainz,discogs,false
mbrainz_130,discogs_34816,musicbrainz,discogs,false
mbrainz_130,discogs_41823,musicbrainz,discogs,false
mbrainz_130,discogs_91849,musicbrainz,discogs,false
mbrainz_13002,discogs_118789,musicbrainz,discogs,false
mbrainz_13002,discogs_127154,musicbrainz,discogs,false
mbrainz_13002,discogs_13006,musicbrainz,discogs,false
mbrainz_13002,discogs_14494,musicbrainz,discogs,false
mbrainz_13002,discogs_29700,musicbrainz,discogs,false
mbrainz_13002,discogs_501,musicbrainz,discogs,false
mbrainz_13002,discogs_65120,musicbrainz,discogs,false
mbrainz_13002,discogs_7402,musicbrainz,discogs,false
mbrainz_1301,discogs_136342,musicbrainz,discogs,false
mbrainz_1301,discogs_156172,musicbrainz,discogs,false
mbrainz_1301,discogs_164513,musicbrainz,discogs,false
mbrainz_1301,discogs_191494,musicbrainz,discogs,false
mbrainz_1301,discogs_2074,musicbrainz,discogs,false
mbrainz_1301,discogs_26193,musicbrainz,discogs,false
mbrainz_1301,discogs_32613,musicbrainz,discogs,false
mbrainz_1301,discogs_37902,musicbrainz,discogs,false
mbrainz_1301,discogs_71991,musicbrainz,discogs,false
mbrainz_13033,discogs_114207,musicbrainz,discogs,false
mbrainz_13033,discogs_178028,musicbrainz,discogs,false
mbrainz_13033,discogs_46000,musicbrainz,discogs,false
mbrainz_13033,discogs_51226,musicbrainz,discogs,false
mbrainz_13033,discogs_5272,musicbrainz,discogs,false
mbrainz_1305,discogs_144882,musicbrainz,discogs,false
mbrainz_1305,discogs_34826,musicbrainz,discogs,false
mbrainz_1305,discogs_52875,musicbrainz,discogs,false
mbrainz_1305,discogs_90273,musicbrainz,discogs,false
mbrainz_13060,discogs_100790,musicbrainz,discogs,false
mbrainz_13060,discogs_106932,musicbrainz,discogs,false
mbrainz_13060,discogs_112080,musicbrainz,discogs,false
mbrainz_13060,discogs_155792,musicbrainz,discogs,false
mbrainz_13060,discogs_161876,musicbrainz,discogs,false
mbrainz_13060,discogs_31274,musicbrainz,discogs,false
mbrainz_13060,discogs_35983,musicbrainz,discogs,false
mbrainz_13060,discogs_53327,musicbrainz,discogs,false
mbrainz_13060,discogs_93647,musicbrainz,discogs,false
mbrainz_13079,discogs_108867,musicbrainz,discogs,false
mbrainz_13079,discogs_142150,musicbrainz,discogs,false
mbrainz_13079,discogs_151341,musicbrainz,discogs,false
mbrainz_13079,discogs_41431,musicbrainz,discogs,false
mbrainz_13079,discogs_65590,musicbrainz,discogs,false
mbrainz_13079,discogs_90990,musicbrainz,discogs,false
mbrainz_1308,discogs_159783,musicbrainz,discogs,false
mbrainz_1308,discogs_18021,musicbrainz,discogs,false
mbrainz_1308,discogs_191174,musicbrainz,discogs,false
mbrainz_1308,discogs_26849,musicbrainz,discogs,false
mbrainz_1308,discogs_27289,musicbrainz,discogs,false
mbrainz_1308,discogs_27664,musicbrainz,discogs,false
mbrainz_1308,discogs_34402,musicbrainz,discogs,false
mbrainz_1308,discogs_56045,musicbrainz,discogs,false
mbrainz_1308,discogs_58041,musicbrainz,discogs,false
mbrainz_1308,discogs_76252,musicbrainz,discogs,false
mbrainz_13081,discogs_110334,musicbrainz,discogs,false
mbrainz_13081,discogs_115586,musicbrainz,discogs,false
mbrainz_13081,discogs_172166,musicbrainz,discogs,false
mbrainz_13081,discogs_189285,musicbrainz,discogs,false
mbrainz_13081,discogs_28502,musicbrainz,discogs,false
mbrainz_13081,discogs_30675,musicbrainz,discogs,false
mbrainz_13081,discogs_45456,musicbrainz,discogs,false
mbrainz_13081,discogs_99026,musicbrainz,discogs,false
mbrainz_131,discogs_101045,musicbrainz,discogs,false
mbrainz_131,discogs_113811,musicbrainz,discogs,false
mbrainz_131,discogs_115515,musicbrainz,discogs,false
mbrainz_131,discogs_121622,musicbrainz,discogs,false
mbrainz_131,discogs_141246,musicbrainz,discogs,false
mbrainz_131,discogs_27788,musicbrainz,discogs,false
mbrainz_131,discogs_3444,musicbrainz,discogs,false
mbrainz_131,discogs_49649,musicbrainz,discogs,false
mbrainz_13100,discogs_106511,musicbrainz,discogs,false
mbrainz_13100,discogs_16580,musicbrainz,discogs,false
mbrainz_13100,discogs_18290,musicbrainz,discogs,false
mbrainz_13100,discogs_34206,musicbrainz,discogs,false
mbrainz_13100,discogs_39611,musicbrainz,discogs,false
mbrainz_13100,discogs_53040,musicbrainz,discogs,false
mbrainz_13100,discogs_55154,musicbrainz,discogs,false
mbrainz_13100,discogs_75343,musicbrainz,discogs,false
mbrainz_13100,discogs_79536,musicbrainz,discogs,false
mbrainz_13103,discogs_168140,musicbrainz,discogs,false
mbrainz_13103,discogs_171150,musicbrainz,discogs,false
mbrainz_13103,discogs_68125,musicbrainz,discogs,false
mbrainz_13120,discogs_9932,musicbrainz,discogs,false
mbrainz_13138,discogs_119425,musicbrainz,discogs,false
mbrainz_13138,discogs_121709,musicbrainz,discogs,false
mbrainz_13138,discogs_123374,musicbrainz,discogs,false
mbrainz_13138,discogs_150455,musicbrainz,discogs,false
mbrainz_13138,discogs_178739,musicbrainz,discogs,false
mbrainz_13138,discogs_80287,musicbrainz,discogs,false
mbrainz_13138,discogs_84857,musicbrainz,discogs,false
mbrainz_1314,discogs_101146,musicbrainz,discogs,false
mbrainz_1314,discogs_16103,musicbrainz,discogs,false
mbrainz_1314,discogs_1664,musicbrainz,discogs,false
mbrainz_1314,discogs_17777,musicbrainz,discogs,false
mbrainz_1314,discogs_25157,musicbrainz,discogs,false
mbrainz_1314,discogs_80264,musicbrainz,discogs,false
mbrainz_13155,discogs_18467,musicbrainz,discogs,false
mbrainz_132,discogs_165021,musicbrainz,discogs,false
mbrainz_132,discogs_50844,musicbrainz,discogs,false
mbrainz_13200,discogs_120308,musicbrainz,discogs,false
mbrainz_13200,discogs_150003,musicbrainz,discogs,false
mbrainz_13200,discogs_165526,musicbrainz,discogs,false
mbrainz_13200,discogs_184263,musicbrainz,discogs,false
mbrainz_13200,discogs_48361,musicbrainz,discogs,false
mbrainz_13200,discogs_58669,musicbrainz,discogs,false
mbrainz_13200,discogs_81702,musicbrainz,discogs,false
mbrainz_13202,discogs_102076,musicbrainz,discogs,false
mbrainz_13202,discogs_132937,musicbrainz,discogs,false
mbrainz_13202,discogs_135692,musicbrainz,discogs,false
mbrainz_13202,discogs_16910,musicbrainz,discogs,false
mbrainz_13210,discogs_101436,musicbrainz,discogs,false
mbrainz_13210,discogs_191000,musicbrainz,discogs,false
mbrainz_13210,discogs_47726,musicbrainz,discogs,false
mbrainz_13210,discogs_50214,musicbrainz,discogs,false
mbrainz_13210,discogs_70370,musicbrainz,discogs,false
mbrainz_13210,discogs_93992,musicbrainz,discogs,false
mbrainz_13211,discogs_118936,musicbrainz,discogs,false
mbrainz_13211,discogs_127308,musicbrainz,discogs,false
mbrainz_13211,discogs_31246,musicbrainz,discogs,false
mbrainz_13211,discogs_3167,musicbrainz,discogs,false
mbrainz_13211,discogs_62069,musicbrainz,discogs,false
mbrainz_13231,discogs_117825,musicbrainz,discogs,false
mbrainz_13231,discogs_126847,musicbrainz,discogs,false
mbrainz_13231,discogs_45329,musicbrainz,discogs,false
mbrainz_13231,discogs_62802,musicbrainz,discogs,false
mbrainz_13231,discogs_93193,musicbrainz,discogs,false
mbrainz_13231,discogs_96729,musicbrainz,discogs,false
mbrainz_13253,discogs_49187,musicbrainz,discogs,false
mbrainz_13255,discogs_181151,musicbrainz,discogs,false
mbrainz_13255,discogs_193411,musicbrainz,discogs,false
mbrainz_13255,discogs_56122,musicbrainz,discogs,false
mbrainz_13255,discogs_64852,musicbrainz,discogs,false
mbrainz_13255,discogs_70176,musicbrainz,discogs,false
mbrainz_13255,discogs_9889,musicbrainz,discogs,false
mbrainz_13257,discogs_38634,musicbrainz,discogs,false
mbrainz_13257,discogs_4416,musicbrainz,discogs,false
mbrainz_13257,discogs_5987,musicbrainz,discogs,false
mbrainz_13257,discogs_89243,musicbrainz,discogs,false
mbrainz_1327,discogs_181190,musicbrainz,discogs,false
mbrainz_1327,discogs_27599,musicbrainz,discogs,false
mbrainz_1327,discogs_40655,musicbrainz,discogs,false
mbrainz_1327,discogs_49098,musicbrainz,discogs,false
mbrainz_1327,discogs_51530,musicbrainz,discogs,false
mbrainz_1327,discogs_6178,musicbrainz,discogs,false
mbrainz_1327,discogs_7324,musicbrainz,discogs,false
mbrainz_13272,discogs_100871,musicbrainz,discogs,false
mbrainz_13272,discogs_104481,musicbrainz,discogs,false
mbrainz_13272,discogs_110365,musicbrainz,discogs,false
mbrainz_13272,discogs_122501,musicbrainz,discogs,false
mbrainz_13272,discogs_122873,musicbrainz,discogs,false
mbrainz_13272,discogs_133993,musicbrainz,discogs,false
mbrainz_13272,discogs_154911,musicbrainz,discogs,false
mbrainz_13272,discogs_48355,musicbrainz,discogs,false
mbrainz_1330,discogs_128514,musicbrainz,discogs,false
mbrainz_1330,discogs_131853,musicbrainz,discogs,false
mbrainz_1330,discogs_21569,musicbrainz,discogs,false
mbrainz_1330,discogs_90513,musicbrainz,discogs,false
mbrainz_1331,discogs_10128,musicbrainz,discogs,false
mbrainz_1331,discogs_114173,musicbrainz,discogs,false
mbrainz_1331,discogs_154374,musicbrainz,discogs,false
mbrainz_1331,discogs_19207,musicbrainz,discogs,false
mbrainz_1331,discogs_42755,musicbrainz,discogs,false
mbrainz_1331,discogs_7856,musicbrainz,discogs,false
mbrainz_13319,discogs_122093,musicbrainz,discogs,false
mbrainz_13319,discogs_150177,musicbrainz,discogs,false
mbrainz_13319,discogs_160490,musicbrainz,discogs,false
mbrainz_13319,discogs_173749,musicbrainz,discogs,false
mbrainz_13319,discogs_27574,musicbrainz,discogs,false
mbrainz_13319,discogs_47795,musicbrainz,discogs,false
mbrainz_1332,discogs_1008,musicbrainz,discogs,false
mbrainz_1332,discogs_1293,musicbrainz,discogs,false
mbrainz_1332,discogs_146503,musicbrainz,discogs,false
mbrainz_1332,discogs_188609,musicbrainz,discogs,false
mbrainz_1332,discogs_22801,musicbrainz,discogs,false
mbrainz_1332,discogs_3307,musicbrainz,discogs,false
mbrainz_1332,discogs_341,musicbrainz,discogs,false
mbrainz_1332,discogs_36473,musicbrainz,discogs,false
mbrainz_1332,discogs_76014,musicbrainz,discogs,false
mbrainz_13323,discogs_39325,musicbrainz,discogs,false
mbrainz_13323,discogs_61410,musicbrainz,discogs,false
mbrainz_13323,discogs_93739,musicbrainz,discogs,false
mbrainz_13330,discogs_116523,musicbrainz,discogs,false
mbrainz_13330,discogs_155862,musicbrainz,discogs,false
mbrainz_13330,discogs_196812,musicbrainz,discogs,false
mbrainz_13330,discogs_21518,musicbrainz,discogs,false
mbrainz_13330,discogs_41163,musicbrainz,discogs,false
mbrainz_13330,discogs_83037,musicbrainz,discogs,false
mbrainz_13341,discogs_111103,musicbrainz,discogs,false
mbrainz_13341,discogs_126287,musicbrainz,discogs,false
mbrainz_13341,discogs_126305,musicbrainz,discogs,false
mbrainz_13341,discogs_148936,musicbrainz,discogs,false
mbrainz_13341,discogs_166392,musicbrainz,discogs,false
mbrainz_13341,discogs_169439,musicbrainz,discogs,false
mbrainz_13357,discogs_12704,musicbrainz,discogs,false
mbrainz_13357,discogs_16687,musicbrainz,discogs,false
mbrainz_13357,discogs_45462,musicbrainz,discogs,false
mbrainz_13357,discogs_55809,musicbrainz,discogs,false
mbrainz_13357,discogs_61616,musicbrainz,discogs,false
mbrainz_13381,discogs_100903,musicbrainz,discogs,false
mbrainz_13381,discogs_101589,musicbrainz,discogs,false
mbrainz_13381,discogs_19629,musicbrainz,discogs,false
mbrainz_13381,discogs_20786,musicbrainz,discogs,false
mbrainz_13381,discogs_23515,musicbrainz,discogs,false
mbrainz_13381,discogs_28378,musicbrainz,discogs,false
mbrainz_13381,discogs_63538,musicbrainz,discogs,false
mbrainz_134,discogs_10717,musicbrainz,discogs,false
mbrainz_134,discogs_52688,musicbrainz,discogs,false
mbrainz_13427,discogs_108276,musicbrainz,discogs,false
mbrainz_13458,discogs_139893,musicbrainz,discogs,false
mbrainz_13458,discogs_163231,musicbrainz,discogs,false
mbrainz_13458,discogs_167166,musicbrainz,discogs,false
mbrainz_13458,discogs_171503,musicbrainz,discogs,false
mbrainz_13458,discogs_177038,musicbrainz,discogs,false
mbrainz_1349,discogs_104844,musicbrainz,discogs,false
mbrainz_1349,discogs_116744,musicbrainz,discogs,false
mbrainz_1349,discogs_32882,musicbrainz,discogs,false
mbrainz_1349,discogs_51176,musicbrainz,discogs,false
mbrainz_1349,discogs_58594,musicbrainz,discogs,false
mbrainz_13493,discogs_123631,musicbrainz,discogs,false
mbrainz_13493,discogs_14449,musicbrainz,discogs,false
mbrainz_13493,discogs_16681,musicbrainz,discogs,false
mbrainz_13493,discogs_19247,musicbrainz,discogs,false
mbrainz_13493,discogs_196958,musicbrainz,discogs,false
mbrainz_13493,discogs_44858,musicbrainz,discogs,false
mbrainz_13493,discogs_46260,musicbrainz,discogs,false
mbrainz_135,discogs_122051,musicbrainz,discogs,false
mbrainz_135,discogs_131798,musicbrainz,discogs,false
mbrainz_135,discogs_168294,musicbrainz,discogs,false
mbrainz_135,discogs_173925,musicbrainz,discogs,false
mbrainz_135,discogs_37485,musicbrainz,discogs,false
mbrainz_135,discogs_39793,musicbrainz,discogs,false
mbrainz_135,discogs_49077,musicbrainz,discogs,false
mbrainz_13502,discogs_119588,musicbrainz,discogs,false
mbrainz_13502,discogs_139812,musicbrainz,discogs,false
mbrainz_13502,discogs_24523,musicbrainz,discogs,false
mbrainz_13502,discogs_29552,musicbrainz,discogs,false
mbrainz_13502,discogs_41799,musicbrainz,discogs,false
mbrainz_13502,discogs_91138,musicbrainz,discogs,false
mbrainz_13507,discogs_120305,musicbrainz,discogs,false
mbrainz_13507,discogs_129731,musicbrainz,discogs,false
mbrainz_13507,discogs_13283,musicbrainz,discogs,false
mbrainz_13507,discogs_137691,musicbrainz,discogs,false
mbrainz_13507,discogs_172797,musicbrainz,discogs,false
mbrainz_13507,discogs_25746,musicbrainz,discogs,false
mbrainz_13507,discogs_29211,musicbrainz,discogs,false
mbrainz_13507,discogs_63638,musicbrainz,discogs,false
mbrainz_13524,discogs_140988,musicbrainz,discogs,false
mbrainz_13524,discogs_147119,musicbrainz,discogs,false
mbrainz_13524,discogs_197289,musicbrainz,discogs,false
mbrainz_13524,discogs_49604,musicbrainz,discogs,false
mbrainz_13524,discogs_55828,musicbrainz,discogs,false
mbrainz_13524,discogs_60490,musicbrainz,discogs,false
mbrainz_13524,discogs_62482,musicbrainz,discogs,false
mbrainz_13524,discogs_66722,musicbrainz,discogs,false
mbrainz_13524,discogs_83754,musicbrainz,discogs,false
mbrainz_13554,discogs_132023,musicbrainz,discogs,false
mbrainz_13554,discogs_1354,musicbrainz,discogs,false
mbrainz_13554,discogs_21699,musicbrainz,discogs,false
mbrainz_13554,discogs_24211,musicbrainz,discogs,false
mbrainz_13554,discogs_25132,musicbrainz,discogs,false
mbrainz_13554,discogs_31447,musicbrainz,discogs,false
mbrainz_13554,discogs_4957,musicbrainz,discogs,false
mbrainz_13554,discogs_55185,musicbrainz,discogs,false
mbrainz_13554,discogs_72639,musicbrainz,discogs,false
mbrainz_13554,discogs_825,musicbrainz,discogs,false
mbrainz_1358,discogs_124245,musicbrainz,discogs,false
mbrainz_1358,discogs_133770,musicbrainz,discogs,false
mbrainz_1358,discogs_14037,musicbrainz,discogs,false
mbrainz_1358,discogs_1634,musicbrainz,discogs,false
mbrainz_1358,discogs_164699,musicbrainz,discogs,false
mbrainz_1358,discogs_168558,musicbrainz,discogs,false
mbrainz_1358,discogs_191675,musicbrainz,discogs,false
mbrainz_1358,discogs_62255,musicbrainz,discogs,false
mbrainz_13590,discogs_90202,musicbrainz,discogs,false
mbrainz_13594,discogs_12030,musicbrainz,discogs,false
mbrainz_13594,discogs_158845,musicbrainz,discogs,false
mbrainz_13594,discogs_39210,musicbrainz,discogs,false
mbrainz_13594,discogs_5681,musicbrainz,discogs,false
mbrainz_13594,discogs_66504,musicbrainz,discogs,false
mbrainz_13594,discogs_78851,musicbrainz,discogs,false
mbrainz_13594,discogs_9713,musicbrainz,discogs,false
mbrainz_13614,discogs_136425,musicbrainz,discogs,false
mbrainz_13614,discogs_149927,musicbrainz,discogs,false
mbrainz_13614,discogs_2469,musicbrainz,discogs,false
mbrainz_13614,discogs_53172,musicbrainz,discogs,false
mbrainz_13614,discogs_75504,musicbrainz,discogs,false
mbrainz_13614,discogs_79799,musicbrainz,discogs,false
mbrainz_13614,discogs_79808,musicbrainz,discogs,false
mbrainz_13614,discogs_85965,musicbrainz,discogs,false
mbrainz_13614,discogs_94783,musicbrainz,discogs,false
mbrainz_13618,discogs_177964,musicbrainz,discogs,false
mbrainz_13618,discogs_26866,musicbrainz,discogs,false
mbrainz_13618,discogs_41050,musicbrainz,discogs,false
mbrainz_13618,discogs_5063,musicbrainz,discogs,false
mbrainz_13618,discogs_63048,musicbrainz,discogs,false
mbrainz_13618,discogs_72023,musicbrainz,discogs,false
mbrainz_13618,discogs_83049,musicbrainz,discogs,false
mbrainz_1362,discogs_11610,musicbrainz,discogs,false
mbrainz_1362,discogs_124775,musicbrainz,discogs,false
mbrainz_1362,discogs_23065,musicbrainz,discogs,false
mbrainz_1362,discogs_25660,musicbrainz,discogs,false
mbrainz_1362,discogs_42470,musicbrainz,discogs,false
mbrainz_1362,discogs_62191,musicbrainz,discogs,false
mbrainz_13627,discogs_111337,musicbrainz,discogs,false
mbrainz_13627,discogs_133418,musicbrainz,discogs,false
mbrainz_13627,discogs_164686,musicbrainz,discogs,false
mbrainz_13627,discogs_80795,musicbrainz,discogs,false
mbrainz_13636,discogs_126699,musicbrainz,discogs,false
mbrainz_13636,discogs_128,musicbrainz,discogs,false
mbrainz_13636,discogs_152802,musicbrainz,discogs,false
mbrainz_13636,discogs_161894,musicbrainz,discogs,false
mbrainz_13636,discogs_179603,musicbrainz,discogs,false
mbrainz_13636,discogs_23717,musicbrainz,discogs,false
mbrainz_13636,discogs_63233,musicbrainz,discogs,false
mbrainz_13636,discogs_85079,musicbrainz,discogs,false
mbrainz_13645,discogs_183126,musicbrainz,discogs,false
mbrainz_13645,discogs_194838,musicbrainz,discogs,false
mbrainz_13645,discogs_30423,musicbrainz,discogs,false
mbrainz_13645,discogs_48540,musicbrainz,discogs,false
mbrainz_13645,discogs_49561,musicbrainz,discogs,false
mbrainz_13645,discogs_52307,musicbrainz,discogs,false
mbrainz_13647,discogs_126699,musicbrainz,discogs,false
mbrainz_13647,discogs_128,musicbrainz,discogs,false
mbrainz_13647,discogs_152802,musicbrainz,discogs,false
mbrainz_13647,discogs_161894,musicbrainz,discogs,false
mbrainz_13647,discogs_179603,musicbrainz,discogs,false
mbrainz_13647,discogs_197256,musicbrainz,discogs,false
mbrainz_13647,discogs_23717,musicbrainz,discogs,false
mbrainz_13649,discogs_107189,musicbrainz,discogs,false
mbrainz_13649,discogs_110419,musicbrainz,discogs,false
mbrainz_13649,discogs_110653,musicbrainz,discogs,false
mbrainz_13649,discogs_121341,musicbrainz,discogs,false
mbrainz_13649,discogs_151421,musicbrainz,discogs,false
mbrainz_13649,discogs_160038,musicbrainz,discogs,false
mbrainz_13649,discogs_162134,musicbrainz,discogs,false
mbrainz_13649,discogs_50164,musicbrainz,discogs,false
mbrainz_13649,discogs_66888,musicbrainz,discogs,false
mbrainz_13668,discogs_10765,musicbrainz,discogs,false
mbrainz_13668,discogs_120771,musicbrainz,discogs,false
mbrainz_13668,discogs_146295,musicbrainz,discogs,false
mbrainz_13668,discogs_49840,musicbrainz,discogs,false
mbrainz_13668,discogs_77069,musicbrainz,discogs,false
mbrainz_13668,discogs_79142,musicbrainz,discogs,false
mbrainz_13668,discogs_99587,musicbrainz,discogs,false
mbrainz_13688,discogs_154324,musicbrainz,discogs,false
mbrainz_13688,discogs_57359,musicbrainz,discogs,false
mbrainz_13688,discogs_73236,musicbrainz,discogs,false
mbrainz_13703,discogs_123145,musicbrainz,discogs,false
mbrainz_13703,discogs_145537,musicbrainz,discogs,false
mbrainz_13703,discogs_4147,musicbrainz,discogs,false
mbrainz_13703,discogs_45356,musicbrainz,discogs,false
mbrainz_13703,discogs_46462,musicbrainz,discogs,false
mbrainz_13703,discogs_6429,musicbrainz,discogs,false
mbrainz_13703,discogs_92252,musicbrainz,discogs,false
mbrainz_13703,discogs_96856,musicbrainz,discogs,false
mbrainz_13717,discogs_42031,musicbrainz,discogs,false
mbrainz_13725,discogs_100965,musicbrainz,discogs,false
mbrainz_13725,discogs_14485,musicbrainz,discogs,false
mbrainz_13725,discogs_178144,musicbrainz,discogs,false
mbrainz_13725,discogs_180770,musicbrainz,discogs,false
mbrainz_13725,discogs_327,musicbrainz,discogs,false
mbrainz_13725,discogs_38316,musicbrainz,discogs,false
mbrainz_13725,discogs_45764,musicbrainz,discogs,false
mbrainz_13725,discogs_7869,musicbrainz,discogs,false
mbrainz_13755,discogs_10473,musicbrainz,discogs,false
mbrainz_13755,discogs_109804,musicbrainz,discogs,false
mbrainz_13755,discogs_120968,musicbrainz,discogs,false
mbrainz_13755,discogs_146997,musicbrainz,discogs,false
mbrainz_13755,discogs_27889,musicbrainz,discogs,false
mbrainz_13755,discogs_77680,musicbrainz,discogs,false
mbrainz_13755,discogs_84540,musicbrainz,discogs,false
mbrainz_1378,discogs_322,musicbrainz,discogs,false
mbrainz_1378,discogs_9516,musicbrainz,discogs,false
mbrainz_13784,discogs_113363,musicbrainz,discogs,false
mbrainz_13784,discogs_130949,musicbrainz,discogs,false
mbrainz_13784,discogs_146207,musicbrainz,discogs,false
mbrainz_13784,discogs_150294,musicbrainz,discogs,false
mbrainz_13784,discogs_162025,musicbrainz,discogs,false
mbrainz_13784,discogs_190946,musicbrainz,discogs,false
mbrainz_13784,discogs_192148,musicbrainz,discogs,false
mbrainz_13784,discogs_31175,musicbrainz,discogs,false
mbrainz_13784,discogs_67743,musicbrainz,discogs,false
mbrainz_13786,discogs_137928,musicbrainz,discogs,false
mbrainz_13786,discogs_97626,musicbrainz,discogs,false
mbrainz_13786,discogs_97629,musicbrainz,discogs,false
mbrainz_13790,discogs_115879,musicbrainz,discogs,false
mbrainz_13790,discogs_118334,musicbrainz,discogs,false
mbrainz_13790,discogs_174311,musicbrainz,discogs,false
mbrainz_13790,discogs_63485,musicbrainz,discogs,false
mbrainz_13790,discogs_67107,musicbrainz,discogs,false
mbrainz_13790,discogs_72663,musicbrainz,discogs,false
mbrainz_13804,discogs_102195,musicbrainz,discogs,false
mbrainz_13804,discogs_10728,musicbrainz,discogs,false
mbrainz_13804,discogs_12055,musicbrainz,discogs,false
mbrainz_13804,discogs_165886,musicbrainz,discogs,false
mbrainz_13804,discogs_179154,musicbrainz,discogs,false
mbrainz_13804,discogs_5000,musicbrainz,discogs,false
mbrainz_13804,discogs_63975,musicbrainz,discogs,false
mbrainz_13804,discogs_81060,musicbrainz,discogs,false
mbrainz_13804,discogs_8791,musicbrainz,discogs,false
mbrainz_13817,discogs_153493,musicbrainz,discogs,false
mbrainz_13817,discogs_166869,musicbrainz,discogs,false
mbrainz_13817,discogs_29713,musicbrainz,discogs,false
mbrainz_13817,discogs_70319,musicbrainz,discogs,false
mbrainz_13817,discogs_81139,musicbrainz,discogs,false
mbrainz_13817,discogs_85082,musicbrainz,discogs,false
mbrainz_13817,discogs_93833,musicbrainz,discogs,false
mbrainz_13820,discogs_119909,musicbrainz,discogs,false
mbrainz_13820,discogs_127715,musicbrainz,discogs,false
mbrainz_13820,discogs_156919,musicbrainz,discogs,false
mbrainz_13820,discogs_173748,musicbrainz,discogs,false
mbrainz_13820,discogs_50588,musicbrainz,discogs,false
mbrainz_13820,discogs_75980,musicbrainz,discogs,false
mbrainz_13820,discogs_96063,musicbrainz,discogs,false
mbrainz_13861,discogs_112169,musicbrainz,discogs,false
mbrainz_13861,discogs_159783,musicbrainz,discogs,false
mbrainz_13861,discogs_1920,musicbrainz,discogs,false
mbrainz_13861,discogs_26849,musicbrainz,discogs,false
mbrainz_13861,discogs_27289,musicbrainz,discogs,false
mbrainz_13861,discogs_49315,musicbrainz,discogs,false
mbrainz_13861,discogs_54009,musicbrainz,discogs,false
mbrainz_13861,discogs_57546,musicbrainz,discogs,false
mbrainz_13866,discogs_17509,musicbrainz,discogs,false
mbrainz_13866,discogs_37994,musicbrainz,discogs,false
mbrainz_13866,discogs_46005,musicbrainz,discogs,false
mbrainz_13866,discogs_54657,musicbrainz,discogs,false
mbrainz_13866,discogs_62366,musicbrainz,discogs,false
mbrainz_13866,discogs_65870,musicbrainz,discogs,false
mbrainz_13876,discogs_101955,musicbrainz,discogs,false
mbrainz_13876,discogs_10378,musicbrainz,discogs,false
mbrainz_13876,discogs_109486,musicbrainz,discogs,false
mbrainz_13876,discogs_23255,musicbrainz,discogs,false
mbrainz_13876,discogs_33852,musicbrainz,discogs,false
mbrainz_13876,discogs_64223,musicbrainz,discogs,false
mbrainz_13876,discogs_78993,musicbrainz,discogs,false
mbrainz_13876,discogs_87164,musicbrainz,discogs,false
mbrainz_13883,discogs_13088,musicbrainz,discogs,false
mbrainz_13883,discogs_87144,musicbrainz,discogs,false
mbrainz_13883,discogs_88852,musicbrainz,discogs,false
mbrainz_139,discogs_3724,musicbrainz,discogs,false
mbrainz_13952,discogs_138079,musicbrainz,discogs,false
mbrainz_13952,discogs_150929,musicbrainz,discogs,false
mbrainz_13952,discogs_156811,musicbrainz,discogs,false
mbrainz_13952,discogs_162713,musicbrainz,discogs,false
mbrainz_13952,discogs_176106,musicbrainz,discogs,false
mbrainz_13952,discogs_31211,musicbrainz,discogs,false
mbrainz_13952,discogs_69326,musicbrainz,discogs,false
mbrainz_13961,discogs_181151,musicbrainz,discogs,false
mbrainz_13961,discogs_189143,musicbrainz,discogs,false
mbrainz_13961,discogs_192416,musicbrainz,discogs,false
mbrainz_13961,discogs_56122,musicbrainz,discogs,false
mbrainz_13961,discogs_90300,musicbrainz,discogs,false
mbrainz_13986,discogs_101076,musicbrainz,discogs,false
mbrainz_13986,discogs_171078,musicbrainz,discogs,false
mbrainz_1399,discogs_119413,musicbrainz,discogs,false
mbrainz_1399,discogs_147373,musicbrainz,discogs,false
mbrainz_1399,discogs_18056,musicbrainz,discogs,false
mbrainz_1399,discogs_198092,musicbrainz,discogs,false
mbrainz_1399,discogs_33721,musicbrainz,discogs,false
mbrainz_1399,discogs_58424,musicbrainz,discogs,false
mbrainz_1399,discogs_9212,musicbrainz,discogs,false
mbrainz_1399,discogs_97762,musicbrainz,discogs,false
mbrainz_140,discogs_10123,musicbrainz,discogs,false
mbrainz_140,discogs_10245,musicbrainz,discogs,false
mbrainz_140,discogs_120695,musicbrainz,discogs,false
mbrainz_140,discogs_13386,musicbrainz,discogs,false
mbrainz_140,discogs_136190,musicbrainz,discogs,false
mbrainz_140,discogs_16251,musicbrainz,discogs,false
mbrainz_140,discogs_16262,musicbrainz,discogs,false
mbrainz_140,discogs_81109,musicbrainz,discogs,false
mbrainz_140,discogs_8902,musicbrainz,discogs,false
mbrainz_14002,discogs_119588,musicbrainz,discogs,false
mbrainz_14002,discogs_12559,musicbrainz,discogs,false
mbrainz_14002,discogs_159719,musicbrainz,discogs,false
mbrainz_14002,discogs_58001,musicbrainz,discogs,false
mbrainz_14002,discogs_81148,musicbrainz,discogs,false
mbrainz_14002,discogs_94080,musicbrainz,discogs,false
mbrainz_14020,discogs_101821,musicbrainz,discogs,false
mbrainz_14020,discogs_12167,musicbrainz,discogs,false
mbrainz_14020,discogs_13554,musicbrainz,discogs,false
mbrainz_14020,discogs_235,musicbrainz,discogs,false
mbrainz_14020,discogs_2876,musicbrainz,discogs,false
mbrainz_14020,discogs_98488,musicbrainz,discogs,false
mbrainz_14029,discogs_131367,musicbrainz,discogs,false
mbrainz_14081,discogs_145365,musicbrainz,discogs,false
mbrainz_14081,discogs_67154,musicbrainz,discogs,false
mbrainz_14081,discogs_92767,musicbrainz,discogs,false
mbrainz_14081,discogs_98109,musicbrainz,discogs,false
mbrainz_14091,discogs_117417,musicbrainz,discogs,false
mbrainz_14091,discogs_137996,musicbrainz,discogs,false
mbrainz_14091,discogs_37065,musicbrainz,discogs,false
mbrainz_14091,discogs_44313,musicbrainz,discogs,false
mbrainz_14091,discogs_55683,musicbrainz,discogs,false
mbrainz_14091,discogs_61877,musicbrainz,discogs,false
mbrainz_14091,discogs_62416,musicbrainz,discogs,false
mbrainz_14091,discogs_66233,musicbrainz,discogs,false
mbrainz_14091,discogs_76262,musicbrainz,discogs,false
mbrainz_14097,discogs_123529,musicbrainz,discogs,false
mbrainz_14097,discogs_147483,musicbrainz,discogs,false
mbrainz_14097,discogs_162884,musicbrainz,discogs,false
mbrainz_14097,discogs_26886,musicbrainz,discogs,false
mbrainz_14097,discogs_31313,musicbrainz,discogs,false
mbrainz_14097,discogs_67077,musicbrainz,discogs,false
mbrainz_14136,discogs_112252,musicbrainz,discogs,false
mbrainz_14136,discogs_128111,musicbrainz,discogs,false
mbrainz_14136,discogs_7582,musicbrainz,discogs,false
mbrainz_14136,discogs_85421,musicbrainz,discogs,false
mbrainz_14145,discogs_107625,musicbrainz,discogs,false
mbrainz_14145,discogs_109932,musicbrainz,discogs,false
mbrainz_14145,discogs_113557,musicbrainz,discogs,false
mbrainz_14145,discogs_117440,musicbrainz,discogs,false
mbrainz_14145,discogs_119743,musicbrainz,discogs,false
mbrainz_14145,discogs_129210,musicbrainz,discogs,false
mbrainz_14145,discogs_22061,musicbrainz,discogs,false
mbrainz_14145,discogs_7110,musicbrainz,discogs,false
mbrainz_14150,discogs_115879,musicbrainz,discogs,false
mbrainz_14150,discogs_171579,musicbrainz,discogs,false
mbrainz_14150,discogs_40987,musicbrainz,discogs,false
mbrainz_14150,discogs_59429,musicbrainz,discogs,false
mbrainz_14150,discogs_60326,musicbrainz,discogs,false
mbrainz_14150,discogs_67107,musicbrainz,discogs,false
mbrainz_14150,discogs_72663,musicbrainz,discogs,false
mbrainz_14165,discogs_78461,musicbrainz,discogs,false
mbrainz_14174,discogs_123532,musicbrainz,discogs,false
mbrainz_14174,discogs_130111,musicbrainz,discogs,false
mbrainz_14174,discogs_186898,musicbrainz,discogs,false
mbrainz_14174,discogs_188109,musicbrainz,discogs,false
mbrainz_14174,discogs_50932,musicbrainz,discogs,false
mbrainz_14186,discogs_115641,musicbrainz,discogs,false
mbrainz_14186,discogs_127562,musicbrainz,discogs,false
mbrainz_14186,discogs_182316,musicbrainz,discogs,false
mbrainz_14186,discogs_46618,musicbrainz,discogs,false
mbrainz_14186,discogs_53765,musicbrainz,discogs,false
mbrainz_14186,discogs_82214,musicbrainz,discogs,false
mbrainz_14186,discogs_86398,musicbrainz,discogs,false
mbrainz_14205,discogs_161869,musicbrainz,discogs,false
mbrainz_14205,discogs_31671,musicbrainz,discogs,false
mbrainz_14213,discogs_13528,musicbrainz,discogs,false
mbrainz_14213,discogs_142395,musicbrainz,discogs,false
mbrainz_14213,discogs_149001,musicbrainz,discogs,false
mbrainz_14213,discogs_152459,musicbrainz,discogs,false
mbrainz_14213,discogs_155819,musicbrainz,discogs,false
mbrainz_14213,discogs_38201,musicbrainz,discogs,false
mbrainz_14213,discogs_86289,musicbrainz,discogs,false
mbrainz_14213,discogs_87225,musicbrainz,discogs,false
mbrainz_14213,discogs_90116,musicbrainz,discogs,false
mbrainz_14218,discogs_159152,musicbrainz,discogs,false
mbrainz_14218,discogs_39793,musicbrainz,discogs,false
mbrainz_14218,discogs_52930,musicbrainz,discogs,false
mbrainz_14218,discogs_66579,musicbrainz,discogs,false
mbrainz_14245,discogs_101416,musicbrainz,discogs,false
mbrainz_14245,discogs_102711,musicbrainz,discogs,false
mbrainz_14245,discogs_109268,musicbrainz,discogs,false
mbrainz_14245,discogs_122205,musicbrainz,discogs,false
mbrainz_14245,discogs_140293,musicbrainz,discogs,false
mbrainz_14245,discogs_144112,musicbrainz,discogs,false
mbrainz_14245,discogs_26312,musicbrainz,discogs,false
mbrainz_14245,discogs_29133,musicbrainz,discogs,false
mbrainz_14245,discogs_49604,musicbrainz,discogs,false
mbrainz_14251,discogs_192806,musicbrainz,discogs,false
mbrainz_14251,discogs_9349,musicbrainz,discogs,false
mbrainz_14306,discogs_106133,musicbrainz,discogs,false
mbrainz_14306,discogs_122087,musicbrainz,discogs,false
mbrainz_14306,discogs_124181,musicbrainz,discogs,false
mbrainz_14306,discogs_13075,musicbrainz,discogs,false
mbrainz_14306,discogs_178276,musicbrainz,discogs,false
mbrainz_14306,discogs_18669,musicbrainz,discogs,false
mbrainz_14306,discogs_40593,musicbrainz,discogs,false
mbrainz_1432,discogs_10399,musicbrainz,discogs,false
mbrainz_1432,discogs_116078,musicbrainz,discogs,false
mbrainz_1432,discogs_168692,musicbrainz,discogs,false
mbrainz_1432,discogs_19022,musicbrainz,discogs,false
mbrainz_1432,discogs_5788,musicbrainz,discogs,false
mbrainz_1432,discogs_61720,musicbrainz,discogs,false
mbrainz_1432,discogs_80516,musicbrainz,discogs,false
mbrainz_14341,discogs_160478,musicbrainz,discogs,false
mbrainz_14341,discogs_25620,musicbrainz,discogs,false
mbrainz_14341,discogs_33751,musicbrainz,discogs,false
mbrainz_14341,discogs_70765,musicbrainz,discogs,false
mbrainz_144,discogs_134964,musicbrainz,discogs,false
mbrainz_144,discogs_139673,musicbrainz,discogs,false
mbrainz_144,discogs_145729,musicbrainz,discogs,false
mbrainz_144,discogs_159156,musicbrainz,discogs,false
mbrainz_144,discogs_38993,musicbrainz,discogs,false
mbrainz_144,discogs_67229,musicbrainz,discogs,false
mbrainz_144,discogs_6745,musicbrainz,discogs,false
mbrainz_144,discogs_81215,musicbrainz,discogs,false
mbrainz_14410,discogs_129241,musicbrainz,discogs,false
mbrainz_14410,discogs_141253,musicbrainz,discogs,false
mbrainz_14410,discogs_20315,musicbrainz,discogs,false
mbrainz_14410,discogs_5213,musicbrainz,discogs,false
mbrainz_14410,discogs_53339,musicbrainz,discogs,false
mbrainz_14410,discogs_67950,musicbrainz,discogs,false
mbrainz_14410,discogs_7639,musicbrainz,discogs,false
mbrainz_14410,discogs_90965,musicbrainz,discogs,false
mbrainz_14452,discogs_108926,musicbrainz,discogs,false
mbrainz_14452,discogs_137347,musicbrainz,discogs,false
mbrainz_14452,discogs_146229,musicbrainz,discogs,false
mbrainz_14452,discogs_468,musicbrainz,discogs,false
mbrainz_14452,discogs_68998,musicbrainz,discogs,false
mbrainz_14452,discogs_74837,musicbrainz,discogs,false
mbrainz_14452,discogs_8400,musicbrainz,discogs,false
mbrainz_14463,discogs_179326,musicbrainz,discogs,false
mbrainz_14463,discogs_190889,musicbrainz,discogs,false
mbrainz_14463,discogs_193826,musicbrainz,discogs,false
mbrainz_14463,discogs_56339,musicbrainz,discogs,false
mbrainz_14487,discogs_192862,musicbrainz,discogs,false
mbrainz_1449,discogs_133891,musicbrainz,discogs,false
mbrainz_1449,discogs_136892,musicbrainz,discogs,false
mbrainz_1449,discogs_137098,musicbrainz,discogs,false
mbrainz_1449,discogs_141267,musicbrainz,discogs,false
mbrainz_1449,discogs_14659,musicbrainz,discogs,false
mbrainz_1449,discogs_147781,musicbrainz,discogs,false
mbrainz_1449,discogs_162405,musicbrainz,discogs,false
mbrainz_1449,discogs_189315,musicbrainz,discogs,false
mbrainz_145,discogs_408,musicbrainz,discogs,false
mbrainz_14505,discogs_85990,musicbrainz,discogs,false
mbrainz_14511,discogs_123902,musicbrainz,discogs,false
mbrainz_14511,discogs_124817,musicbrainz,discogs,false
mbrainz_14511,discogs_158226,musicbrainz,discogs,false
mbrainz_14511,discogs_165985,musicbrainz,discogs,false
mbrainz_14511,discogs_180568,musicbrainz,discogs,false
mbrainz_14511,discogs_2691,musicbrainz,discogs,false
mbrainz_14511,discogs_60813,musicbrainz,discogs,false
mbrainz_14511,discogs_81247,musicbrainz,discogs,false
mbrainz_14539,discogs_168140,musicbrainz,discogs,false
mbrainz_14539,discogs_171150,musicbrainz,discogs,false
mbrainz_14539,discogs_74714,musicbrainz,discogs,false
mbrainz_1456,discogs_101821,musicbrainz,discogs,false
mbrainz_1456,discogs_12167,musicbrainz,discogs,false
mbrainz_1456,discogs_13554,musicbrainz,discogs,false
mbrainz_1456,discogs_235,musicbrainz,discogs,false
mbrainz_1456,discogs_2876,musicbrainz,discogs,false
mbrainz_1456,discogs_65185,musicbrainz,discogs,false
mbrainz_1456,discogs_98488,musicbrainz,discogs,false
mbrainz_14564,discogs_105078,musicbrainz,discogs,false
mbrainz_14564,discogs_159684,musicbrainz,discogs,false
mbrainz_14564,discogs_173214,musicbrainz,discogs,false
mbrainz_14564,discogs_179220,musicbrainz,discogs,false
mbrainz_14583,discogs_169761,musicbrainz,discogs,false
mbrainz_14583,discogs_191099,musicbrainz,discogs,false
mbrainz_14583,discogs_192578,musicbrainz,discogs,false
mbrainz_14583,discogs_192958,musicbrainz,discogs,false
mbrainz_14583,discogs_196004,musicbrainz,discogs,false
mbrainz_14583,discogs_197995,musicbrainz,discogs,false
mbrainz_14593,discogs_155488,musicbrainz,discogs,false
mbrainz_14593,discogs_19154,musicbrainz,discogs,false
mbrainz_14593,discogs_21173,musicbrainz,discogs,false
mbrainz_14593,discogs_51575,musicbrainz,discogs,false
mbrainz_14593,discogs_60326,musicbrainz,discogs,false
mbrainz_14593,discogs_75543,musicbrainz,discogs,false
mbrainz_14611,discogs_10799,musicbrainz,discogs,false
mbrainz_14648,discogs_125556,musicbrainz,discogs,false
mbrainz_14648,discogs_61256,musicbrainz,discogs,false
mbrainz_14648,discogs_61921,musicbrainz,discogs,false
mbrainz_14648,discogs_62243,musicbrainz,discogs,false
mbrainz_14648,discogs_69705,musicbrainz,discogs,false
mbrainz_14648,discogs_71595,musicbrainz,discogs,false
mbrainz_14648,discogs_74167,musicbrainz,discogs,false
mbrainz_14657,discogs_22554,musicbrainz,discogs,false
mbrainz_14657,discogs_53632,musicbrainz,discogs,false
mbrainz_14657,discogs_54657,musicbrainz,discogs,false
mbrainz_14657,discogs_65870,musicbrainz,discogs,false
mbrainz_14657,discogs_69816,musicbrainz,discogs,false
mbrainz_14657,discogs_70755,musicbrainz,discogs,false
mbrainz_14657,discogs_89146,musicbrainz,discogs,false
mbrainz_1466,discogs_10214,musicbrainz,discogs,false
mbrainz_1466,discogs_13575,musicbrainz,discogs,false
mbrainz_1466,discogs_141135,musicbrainz,discogs,false
mbrainz_1466,discogs_15727,musicbrainz,discogs,false
mbrainz_1466,discogs_47754,musicbrainz,discogs,false
mbrainz_1466,discogs_6343,musicbrainz,discogs,false
mbrainz_1466,discogs_6896,musicbrainz,discogs,false
mbrainz_1466,discogs_78410,musicbrainz,discogs,false
mbrainz_14661,discogs_104367,musicbrainz,discogs,false
mbrainz_14661,discogs_117853,musicbrainz,discogs,false
mbrainz_14661,discogs_126704,musicbrainz,discogs,false
mbrainz_14661,discogs_48489,musicbrainz,discogs,false
mbrainz_14661,discogs_70097,musicbrainz,discogs,false
mbrainz_14665,discogs_124130,musicbrainz,discogs,false
mbrainz_14665,discogs_138999,musicbrainz,discogs,false
mbrainz_14665,discogs_183431,musicbrainz,discogs,false
mbrainz_14665,discogs_337,musicbrainz,discogs,false
mbrainz_14665,discogs_48387,musicbrainz,discogs,false
mbrainz_14665,discogs_82572,musicbrainz,discogs,false
mbrainz_1468,discogs_178492,musicbrainz,discogs,false
mbrainz_1468,discogs_2200,musicbrainz,discogs,false
mbrainz_1468,discogs_24339,musicbrainz,discogs,false
mbrainz_1469,discogs_109932,musicbrainz,discogs,false
mbrainz_1469,discogs_12475,musicbrainz,discogs,false
mbrainz_1469,discogs_13117,musicbrainz,discogs,false
mbrainz_1469,discogs_167512,musicbrainz,discogs,false
mbrainz_1469,discogs_29133,musicbrainz,discogs,false
mbrainz_14691,discogs_107748,musicbrainz,discogs,false
mbrainz_14691,discogs_119711,musicbrainz,discogs,false
mbrainz_14691,discogs_135566,musicbrainz,discogs,false
mbrainz_14691,discogs_148365,musicbrainz,discogs,false
mbrainz_14691,discogs_17064,musicbrainz,discogs,false
mbrainz_14691,discogs_191674,musicbrainz,discogs,false
mbrainz_14691,discogs_27664,musicbrainz,discogs,false
mbrainz_14691,discogs_45361,musicbrainz,discogs,false
mbrainz_14691,discogs_47754,musicbrainz,discogs,false
mbrainz_14691,discogs_68699,musicbrainz,discogs,false
mbrainz_147,discogs_100965,musicbrainz,discogs,false
mbrainz_147,discogs_106062,musicbrainz,discogs,false
mbrainz_147,discogs_180320,musicbrainz,discogs,false
mbrainz_147,discogs_180770,musicbrainz,discogs,false
mbrainz_147,discogs_38316,musicbrainz,discogs,false
mbrainz_1472,discogs_110154,musicbrainz,discogs,false
mbrainz_1472,discogs_190819,musicbrainz,discogs,false
mbrainz_1472,discogs_40010,musicbrainz,discogs,false
mbrainz_1472,discogs_43905,musicbrainz,discogs,false
mbrainz_1472,discogs_50698,musicbrainz,discogs,false
mbrainz_1472,discogs_62882,musicbrainz,discogs,false
mbrainz_1472,discogs_6983,musicbrainz,discogs,false
mbrainz_1472,discogs_81220,musicbrainz,discogs,false
mbrainz_14726,discogs_20669,musicbrainz,discogs,false
mbrainz_14726,discogs_4071,musicbrainz,discogs,false
mbrainz_14726,discogs_46874,musicbrainz,discogs,false
mbrainz_14726,discogs_830,musicbrainz,discogs,false
mbrainz_14727,discogs_134777,musicbrainz,discogs,false
mbrainz_14727,discogs_190070,musicbrainz,discogs,false
mbrainz_14727,discogs_197942,musicbrainz,discogs,false
mbrainz_1473,discogs_108516,musicbrainz,discogs,false
mbrainz_1473,discogs_113640,musicbrainz,discogs,false
mbrainz_1473,discogs_14347,musicbrainz,discogs,false
mbrainz_1473,discogs_162904,musicbrainz,discogs,false
mbrainz_1473,discogs_177445,musicbrainz,discogs,false
mbrainz_1473,discogs_183295,musicbrainz,discogs,false
mbrainz_14733,discogs_115866,musicbrainz,discogs,false
mbrainz_14733,discogs_12636,musicbrainz,discogs,false
mbrainz_14733,discogs_132088,musicbrainz,discogs,false
mbrainz_14733,discogs_150003,musicbrainz,discogs,false
mbrainz_14733,discogs_56716,musicbrainz,discogs,false
mbrainz_14733,discogs_77067,musicbrainz,discogs,false
mbrainz_1474,discogs_135566,musicbrainz,discogs,false
mbrainz_1474,discogs_27289,musicbrainz,discogs,false
mbrainz_1474,discogs_30944,musicbrainz,discogs,false
mbrainz_1474,discogs_35804,musicbrainz,discogs,false
mbrainz_1474,discogs_58041,musicbrainz,discogs,false
mbrainz_1474,discogs_61600,musicbrainz,discogs,false
mbrainz_1474,discogs_68699,musicbrainz,discogs,false
mbrainz_1474,discogs_9407,musicbrainz,discogs,false
mbrainz_14758,discogs_111326,musicbrainz,discogs,false
mbrainz_14758,discogs_173484,musicbrainz,discogs,false
mbrainz_14758,discogs_30944,musicbrainz,discogs,false
mbrainz_14758,discogs_35804,musicbrainz,discogs,false
mbrainz_14758,discogs_45361,musicbrainz,discogs,false
mbrainz_14758,discogs_48119,musicbrainz,discogs,false
mbrainz_14758,discogs_50209,musicbrainz,discogs,false
mbrainz_14758,discogs_61563,musicbrainz,discogs,false
mbrainz_14760,discogs_109917,musicbrainz,discogs,false
mbrainz_14760,discogs_162201,musicbrainz,discogs,false
mbrainz_14760,discogs_44692,musicbrainz,discogs,false
mbrainz_14760,discogs_48428,musicbrainz,discogs,false
mbrainz_14760,discogs_67733,musicbrainz,discogs,false
mbrainz_14760,discogs_96565,musicbrainz,discogs,false
mbrainz_14776,discogs_100498,musicbrainz,discogs,false
mbrainz_14776,discogs_161646,musicbrainz,discogs,false
mbrainz_14776,discogs_171888,musicbrainz,discogs,false
mbrainz_14776,discogs_195907,musicbrainz,discogs,false
mbrainz_14776,discogs_22292,musicbrainz,discogs,false
mbrainz_14776,discogs_25958,musicbrainz,discogs,false
mbrainz_14776,discogs_54437,musicbrainz,discogs,false
mbrainz_14776,discogs_71364,musicbrainz,discogs,false
mbrainz_14782,discogs_17310,musicbrainz,discogs,false
mbrainz_14782,discogs_60359,musicbrainz,discogs,false
mbrainz_14787,discogs_123607,musicbrainz,discogs,false
mbrainz_14787,discogs_124985,musicbrainz,discogs,false
mbrainz_14787,discogs_142088,musicbrainz,discogs,false
mbrainz_14787,discogs_197373,musicbrainz,discogs,false
mbrainz_14787,discogs_197606,musicbrainz,discogs,false
mbrainz_14787,discogs_69531,musicbrainz,discogs,false
mbrainz_14792,discogs_10575,musicbrainz,discogs,false
mbrainz_14792,discogs_15269,musicbrainz,discogs,false
mbrainz_14792,discogs_45028,musicbrainz,discogs,false
mbrainz_14792,discogs_50762,musicbrainz,discogs,false
mbrainz_14792,discogs_58759,musicbrainz,discogs,false
mbrainz_14792,discogs_74380,musicbrainz,discogs,false
mbrainz_14792,discogs_82688,musicbrainz,discogs,false
mbrainz_14797,discogs_100436,musicbrainz,discogs,false
mbrainz_14797,discogs_106076,musicbrainz,discogs,false
mbrainz_14797,discogs_114186,musicbrainz,discogs,false
mbrainz_14797,discogs_146232,musicbrainz,discogs,false
mbrainz_14797,discogs_64112,musicbrainz,discogs,false
mbrainz_14797,discogs_67700,musicbrainz,discogs,false
mbrainz_14797,discogs_69214,musicbrainz,discogs,false
mbrainz_14797,discogs_94286,musicbrainz,discogs,false
mbrainz_14812,discogs_113640,musicbrainz,discogs,false
mbrainz_14812,discogs_128364,musicbrainz,discogs,false
mbrainz_14812,discogs_13896,musicbrainz,discogs,false
mbrainz_14812,discogs_177445,musicbrainz,discogs,false
mbrainz_14812,discogs_25370,musicbrainz,discogs,false
mbrainz_14812,discogs_7138,musicbrainz,discogs,false
mbrainz_14812,discogs_8980,musicbrainz,discogs,false
mbrainz_14815,discogs_17721,musicbrainz,discogs,false
mbrainz_14815,discogs_22537,musicbrainz,discogs,false
mbrainz_14823,discogs_106132,musicbrainz,discogs,false
mbrainz_14823,discogs_125732,musicbrainz,discogs,false
mbrainz_14823,discogs_134099,musicbrainz,discogs,false
mbrainz_14823,discogs_161237,musicbrainz,discogs,false
mbrainz_14823,discogs_186811,musicbrainz,discogs,false
mbrainz_14823,discogs_191807,musicbrainz,discogs,false
mbrainz_14823,discogs_198062,musicbrainz,discogs,false
mbrainz_14823,discogs_28103,musicbrainz,discogs,false
mbrainz_14823,discogs_73796,musicbrainz,discogs,false
mbrainz_1483,discogs_117763,musicbrainz,discogs,false
mbrainz_1483,discogs_12610,musicbrainz,discogs,false
mbrainz_1483,discogs_127760,musicbrainz,discogs,false
mbrainz_1483,discogs_64697,musicbrainz,discogs,false
mbrainz_1483,discogs_657,musicbrainz,discogs,false
mbrainz_1483,discogs_83217,musicbrainz,discogs,false
mbrainz_14836,discogs_107217,musicbrainz,discogs,false
mbrainz_14836,discogs_112672,musicbrainz,discogs,false
mbrainz_14836,discogs_34917,musicbrainz,discogs,false
mbrainz_14836,discogs_52581,musicbrainz,discogs,false
mbrainz_14837,discogs_101416,musicbrainz,discogs,false
mbrainz_14837,discogs_102711,musicbrainz,discogs,false
mbrainz_14837,discogs_109268,musicbrainz,discogs,false
mbrainz_14837,discogs_115442,musicbrainz,discogs,false
mbrainz_14837,discogs_144036,musicbrainz,discogs,false
mbrainz_14837,discogs_178171,musicbrainz,discogs,false
mbrainz_14837,discogs_42487,musicbrainz,discogs,false
mbrainz_14882,discogs_161231,musicbrainz,discogs,false
mbrainz_14884,discogs_15958,musicbrainz,discogs,false
mbrainz_14884,discogs_27016,musicbrainz,discogs,false
mbrainz_14884,discogs_27030,musicbrainz,discogs,false
mbrainz_14884,discogs_3379,musicbrainz,discogs,false
mbrainz_14884,discogs_67708,musicbrainz,discogs,false
mbrainz_14884,discogs_75343,musicbrainz,discogs,false
mbrainz_14922,discogs_114514,musicbrainz,discogs,false
mbrainz_14922,discogs_140195,musicbrainz,discogs,false
mbrainz_14922,discogs_144560,musicbrainz,discogs,false
mbrainz_14922,discogs_174060,musicbrainz,discogs,false
mbrainz_14922,discogs_76800,musicbrainz,discogs,false
mbrainz_14922,discogs_79910,musicbrainz,discogs,false
mbrainz_14922,discogs_98309,musicbrainz,discogs,false
mbrainz_14934,discogs_113876,musicbrainz,discogs,false
mbrainz_14934,discogs_139781,musicbrainz,discogs,false
mbrainz_14934,discogs_173223,musicbrainz,discogs,false
mbrainz_14934,discogs_70146,musicbrainz,discogs,false
mbrainz_1495,discogs_23834,musicbrainz,discogs,false
mbrainz_1495,discogs_24045,musicbrainz,discogs,false
mbrainz_1495,discogs_246,musicbrainz,discogs,false
mbrainz_1495,discogs_57753,musicbrainz,discogs,false
mbrainz_1495,discogs_99913,musicbrainz,discogs,false
mbrainz_1496,discogs_49981,musicbrainz,discogs,false
mbrainz_14963,discogs_125133,musicbrainz,discogs,false
mbrainz_14963,discogs_15269,musicbrainz,discogs,false
mbrainz_14963,discogs_192698,musicbrainz,discogs,false
mbrainz_14963,discogs_26221,musicbrainz,discogs,false
mbrainz_14963,discogs_58424,musicbrainz,discogs,false
mbrainz_14963,discogs_7600,musicbrainz,discogs,false
mbrainz_1497,discogs_132832,musicbrainz,discogs,false
mbrainz_1497,discogs_2308,musicbrainz,discogs,false
mbrainz_1497,discogs_31406,musicbrainz,discogs,false
mbrainz_1497,discogs_36164,musicbrainz,discogs,false
mbrainz_1497,discogs_62419,musicbrainz,discogs,false
mbrainz_1497,discogs_671,musicbrainz,discogs,false
mbrainz_1497,discogs_84050,musicbrainz,discogs,false
mbrainz_1497,discogs_85001,musicbrainz,discogs,false
mbrainz_15,discogs_104954,musicbrainz,discogs,false
mbrainz_15,discogs_126711,musicbrainz,discogs,false
mbrainz_15,discogs_145141,musicbrainz,discogs,false
mbrainz_15,discogs_180642,musicbrainz,discogs,false
mbrainz_15,discogs_180856,musicbrainz,discogs,false
mbrainz_15003,discogs_69335,musicbrainz,discogs,false
mbrainz_15029,discogs_12456,musicbrainz,discogs,false
mbrainz_15029,discogs_135668,musicbrainz,discogs,false
mbrainz_15029,discogs_16580,musicbrainz,discogs,false
mbrainz_15029,discogs_22004,musicbrainz,discogs,false
mbrainz_15029,discogs_59265,musicbrainz,discogs,false
mbrainz_15029,discogs_71753,musicbrainz,discogs,false
mbrainz_15043,discogs_128140,musicbrainz,discogs,false
mbrainz_15043,discogs_129643,musicbrainz,discogs,false
mbrainz_15043,discogs_136285,musicbrainz,discogs,false
mbrainz_15043,discogs_167020,musicbrainz,discogs,false
mbrainz_15043,discogs_192471,musicbrainz,discogs,false
mbrainz_15043,discogs_28649,musicbrainz,discogs,false
mbrainz_15043,discogs_64548,musicbrainz,discogs,false
mbrainz_15046,discogs_120305,musicbrainz,discogs,false
mbrainz_15046,discogs_152961,musicbrainz,discogs,false
mbrainz_15046,discogs_46569,musicbrainz,discogs,false
mbrainz_15046,discogs_65360,musicbrainz,discogs,false
mbrainz_15046,discogs_79342,musicbrainz,discogs,false
mbrainz_15046,discogs_89375,musicbrainz,discogs,false
mbrainz_15046,discogs_9232,musicbrainz,discogs,false
mbrainz_15053,discogs_74583,musicbrainz,discogs,false
mbrainz_15077,discogs_129000,musicbrainz,discogs,false
mbrainz_15077,discogs_148639,musicbrainz,discogs,false
mbrainz_15077,discogs_170113,musicbrainz,discogs,false
mbrainz_15077,discogs_28713,musicbrainz,discogs,false
mbrainz_15077,discogs_59036,musicbrainz,discogs,false
mbrainz_15077,discogs_72101,musicbrainz,discogs,false
mbrainz_15088,discogs_191203,musicbrainz,discogs,false
mbrainz_15088,discogs_61563,musicbrainz,discogs,false
mbrainz_15088,discogs_64563,musicbrainz,discogs,false
mbrainz_15088,discogs_67463,musicbrainz,discogs,false
mbrainz_15088,discogs_72221,musicbrainz,discogs,false
mbrainz_15088,discogs_73935,musicbrainz,discogs,false
mbrainz_1509,discogs_168607,musicbrainz,discogs,false
mbrainz_1509,discogs_27599,musicbrainz,discogs,false
mbrainz_1509,discogs_33658,musicbrainz,discogs,false
mbrainz_1509,discogs_40655,musicbrainz,discogs,false
mbrainz_1509,discogs_78767,musicbrainz,discogs,false
mbrainz_15106,discogs_11001,musicbrainz,discogs,false
mbrainz_15106,discogs_131367,musicbrainz,discogs,false
mbrainz_1512,discogs_104900,musicbrainz,discogs,false
mbrainz_1512,discogs_145048,musicbrainz,discogs,false
mbrainz_1512,discogs_157825,musicbrainz,discogs,false
mbrainz_1512,discogs_18229,musicbrainz,discogs,false
mbrainz_1512,discogs_188627,musicbrainz,discogs,false
mbrainz_1512,discogs_33069,musicbrainz,discogs,false
mbrainz_1512,discogs_3740,musicbrainz,discogs,false
mbrainz_1512,discogs_43055,musicbrainz,discogs,false
mbrainz_1512,discogs_52890,musicbrainz,discogs,false
mbrainz_15126,discogs_101324,musicbrainz,discogs,false
mbrainz_15126,discogs_104280,musicbrainz,discogs,false
mbrainz_15126,discogs_138995,musicbrainz,discogs,false
mbrainz_15126,discogs_157147,musicbrainz,discogs,false
mbrainz_15126,discogs_196483,musicbrainz,discogs,false
mbrainz_15126,discogs_198189,musicbrainz,discogs,false
mbrainz_15126,discogs_48996,musicbrainz,discogs,false
mbrainz_15126,discogs_62181,musicbrainz,discogs,false
mbrainz_15127,discogs_100283,musicbrainz,discogs,false
mbrainz_15127,discogs_11138,musicbrainz,discogs,false
mbrainz_15127,discogs_15100,musicbrainz,discogs,false
mbrainz_15127,discogs_177727,musicbrainz,discogs,false
mbrainz_15127,discogs_20007,musicbrainz,discogs,false
mbrainz_15127,discogs_25764,musicbrainz,discogs,false
mbrainz_15127,discogs_27004,musicbrainz,discogs,false
mbrainz_15127,discogs_6421,musicbrainz,discogs,false
mbrainz_15128,discogs_169385,musicbrainz,discogs,false
mbrainz_15128,discogs_19018,musicbrainz,discogs,false
mbrainz_15128,discogs_28824,musicbrainz,discogs,false
mbrainz_15128,discogs_45042,musicbrainz,discogs,false
mbrainz_15128,discogs_49430,musicbrainz,discogs,false
mbrainz_15128,discogs_51157,musicbrainz,discogs,false
mbrainz_15128,discogs_54238,musicbrainz,discogs,false
mbrainz_15128,discogs_55288,musicbrainz,discogs,false
mbrainz_15128,discogs_56729,musicbrainz,discogs,false
mbrainz_15128,discogs_86392,musicbrainz,discogs,false
mbrainz_1513,discogs_137338,musicbrainz,discogs,false
mbrainz_1513,discogs_20669,musicbrainz,discogs,false
mbrainz_1513,discogs_39172,musicbrainz,discogs,false
mbrainz_1513,discogs_46874,musicbrainz,discogs,false
mbrainz_1513,discogs_830,musicbrainz,discogs,false
mbrainz_1513,discogs_96173,musicbrainz,discogs,false
mbrainz_1513,discogs_9681,musicbrainz,discogs,false
mbrainz_15134,discogs_164651,musicbrainz,discogs,false
mbrainz_15134,discogs_189725,musicbrainz,discogs,false
mbrainz_15134,discogs_194367,musicbrainz,discogs,false
mbrainz_15134,discogs_89445,musicbrainz,discogs,false
mbrainz_15154,discogs_58759,musicbrainz,discogs,false
mbrainz_15154,discogs_61256,musicbrainz,discogs,false
mbrainz_15154,discogs_61921,musicbrainz,discogs,false
mbrainz_15154,discogs_62243,musicbrainz,discogs,false
mbrainz_15154,discogs_66158,musicbrainz,discogs,false
mbrainz_15154,discogs_68724,musicbrainz,discogs,false
mbrainz_15154,discogs_69705,musicbrainz,discogs,false
mbrainz_15154,discogs_74420,musicbrainz,discogs,false
mbrainz_1517,discogs_197199,musicbrainz,discogs,false
mbrainz_1517,discogs_24680,musicbrainz,discogs,false
mbrainz_15183,discogs_168634,musicbrainz,discogs,false
mbrainz_15185,discogs_149482,musicbrainz,discogs,false
mbrainz_15185,discogs_184122,musicbrainz,discogs,false
mbrainz_15185,discogs_32721,musicbrainz,discogs,false
mbrainz_15185,discogs_36436,musicbrainz,discogs,false
mbrainz_15185,discogs_36865,musicbrainz,discogs,false
mbrainz_15185,discogs_49268,musicbrainz,discogs,false
mbrainz_15185,discogs_99180,musicbrainz,discogs,false
mbrainz_15203,discogs_140444,musicbrainz,discogs,false
mbrainz_15203,discogs_142126,musicbrainz,discogs,false
mbrainz_15203,discogs_151467,musicbrainz,discogs,false
mbrainz_15203,discogs_152120,musicbrainz,discogs,false
mbrainz_15203,discogs_182884,musicbrainz,discogs,false
mbrainz_15203,discogs_49405,musicbrainz,discogs,false
mbrainz_15203,discogs_76738,musicbrainz,discogs,false
mbrainz_15203,discogs_83065,musicbrainz,discogs,false
mbrainz_15213,discogs_76641,musicbrainz,discogs,false
mbrainz_15263,discogs_101001,musicbrainz,discogs,false
mbrainz_15263,discogs_106342,musicbrainz,discogs,false
mbrainz_15263,discogs_118940,musicbrainz,discogs,false
mbrainz_15263,discogs_132327,musicbrainz,discogs,false
mbrainz_15263,discogs_141184,musicbrainz,discogs,false
mbrainz_15263,discogs_158600,musicbrainz,discogs,false
mbrainz_15263,discogs_168739,musicbrainz,discogs,false
mbrainz_15274,discogs_132742,musicbrainz,discogs,false
mbrainz_15274,discogs_18656,musicbrainz,discogs,false
mbrainz_15274,discogs_190117,musicbrainz,discogs,false
mbrainz_15274,discogs_19244,musicbrainz,discogs,false
mbrainz_15274,discogs_33877,musicbrainz,discogs,false
mbrainz_15274,discogs_55075,musicbrainz,discogs,false
mbrainz_15274,discogs_69997,musicbrainz,discogs,false
mbrainz_15289,discogs_118774,musicbrainz,discogs,false
mbrainz_15289,discogs_136625,musicbrainz,discogs,false
mbrainz_15289,discogs_17144,musicbrainz,discogs,false
mbrainz_15289,discogs_189661,musicbrainz,discogs,false
mbrainz_15289,discogs_40271,musicbrainz,discogs,false
mbrainz_15289,discogs_42300,musicbrainz,discogs,false
mbrainz_15289,discogs_45976,musicbrainz,discogs,false
mbrainz_15299,discogs_125727,musicbrainz,discogs,false
mbrainz_15299,discogs_143184,musicbrainz,discogs,false
mbrainz_15299,discogs_16739,musicbrainz,discogs,false
mbrainz_15299,discogs_192233,musicbrainz,discogs,false
mbrainz_15299,discogs_31142,musicbrainz,discogs,false
mbrainz_15299,discogs_33330,musicbrainz,discogs,false
mbrainz_15299,discogs_36550,musicbrainz,discogs,false
mbrainz_153,discogs_102596,musicbrainz,discogs,false
mbrainz_153,discogs_107042,musicbrainz,discogs,false
mbrainz_153,discogs_124321,musicbrainz,discogs,false
mbrainz_153,discogs_124965,musicbrainz,discogs,false
mbrainz_153,discogs_188265,musicbrainz,discogs,false
mbrainz_153,discogs_39920,musicbrainz,discogs,false
mbrainz_153,discogs_48387,musicbrainz,discogs,false
mbrainz_153,discogs_75120,musicbrainz,discogs,false
mbrainz_153,discogs_75440,musicbrainz,discogs,false
mbrainz_15309,discogs_100299,musicbrainz,discogs,false
mbrainz_15309,discogs_127847,musicbrainz,discogs,false
mbrainz_15309,discogs_137288,musicbrainz,discogs,false
mbrainz_15309,discogs_14344,musicbrainz,discogs,false
mbrainz_15309,discogs_146923,musicbrainz,discogs,false
mbrainz_15309,discogs_156759,musicbrainz,discogs,false
mbrainz_15309,discogs_197028,musicbrainz,discogs,false
mbrainz_15309,discogs_25194,musicbrainz,discogs,false
mbrainz_15309,discogs_25756,musicbrainz,discogs,false
mbrainz_15309,discogs_37402,musicbrainz,discogs,false
mbrainz_1532,discogs_100299,musicbrainz,discogs,false
mbrainz_1532,discogs_127847,musicbrainz,discogs,false
mbrainz_1532,discogs_14344,musicbrainz,discogs,false
mbrainz_1532,discogs_146923,musicbrainz,discogs,false
mbrainz_1532,discogs_156759,musicbrainz,discogs,false
mbrainz_1532,discogs_25756,musicbrainz,discogs,false
mbrainz_1532,discogs_28807,musicbrainz,discogs,false
mbrainz_15337,discogs_168607,musicbrainz,discogs,false
mbrainz_15337,discogs_177351,musicbrainz,discogs,false
mbrainz_15337,discogs_3750,musicbrainz,discogs,false
mbrainz_15337,discogs_49339,musicbrainz,discogs,false
mbrainz_15337,discogs_6787,musicbrainz,discogs,false
mbrainz_15337,discogs_80693,musicbrainz,discogs,false
mbrainz_15337,discogs_92110,musicbrainz,discogs,false
mbrainz_1535,discogs_120268,musicbrainz,discogs,false
mbrainz_1535,discogs_23205,musicbrainz,discogs,false
mbrainz_1535,discogs_3147,musicbrainz,discogs,false
mbrainz_1535,discogs_4464,musicbrainz,discogs,false
mbrainz_1535,discogs_770,musicbrainz,discogs,false
mbrainz_1535,discogs_95041,musicbrainz,discogs,false
mbrainz_1535,discogs_98312,musicbrainz,discogs,false
mbrainz_15359,discogs_116842,musicbrainz,discogs,false
mbrainz_15359,discogs_131184,musicbrainz,discogs,false
mbrainz_15359,discogs_132890,musicbrainz,discogs,false
mbrainz_15359,discogs_137125,musicbrainz,discogs,false
mbrainz_15359,discogs_18738,musicbrainz,discogs,false
mbrainz_15359,discogs_195322,musicbrainz,discogs,false
mbrainz_15359,discogs_26854,musicbrainz,discogs,false
mbrainz_15359,discogs_7599,musicbrainz,discogs,false
mbrainz_15359,discogs_93179,musicbrainz,discogs,false
mbrainz_15365,discogs_132023,musicbrainz,discogs,false
mbrainz_15365,discogs_1354,musicbrainz,discogs,false
mbrainz_15365,discogs_145212,musicbrainz,discogs,false
mbrainz_15365,discogs_21580,musicbrainz,discogs,false
mbrainz_15365,discogs_24211,musicbrainz,discogs,false
mbrainz_15365,discogs_25132,musicbrainz,discogs,false
mbrainz_15365,discogs_825,musicbrainz,discogs,false
mbrainz_15365,discogs_85107,musicbrainz,discogs,false
mbrainz_15365,discogs_91741,musicbrainz,discogs,false
mbrainz_15371,discogs_5043,musicbrainz,discogs,false
mbrainz_154,discogs_157371,musicbrainz,discogs,false
mbrainz_154,discogs_36473,musicbrainz,discogs,false
mbrainz_154,discogs_38402,musicbrainz,discogs,false
mbrainz_154,discogs_8869,musicbrainz,discogs,false
mbrainz_15407,discogs_162830,musicbrainz,discogs,false
mbrainz_15407,discogs_27639,musicbrainz,discogs,false
mbrainz_15407,discogs_75502,musicbrainz,discogs,false
mbrainz_15414,discogs_38892,musicbrainz,discogs,false
mbrainz_15414,discogs_46519,musicbrainz,discogs,false
mbrainz_1543,discogs_28524,musicbrainz,discogs,false
mbrainz_15439,discogs_102359,musicbrainz,discogs,false
mbrainz_15439,discogs_26877,musicbrainz,discogs,false
mbrainz_15439,discogs_27823,musicbrainz,discogs,false
mbrainz_15439,discogs_36182,musicbrainz,discogs,false
mbrainz_15439,discogs_43791,musicbrainz,discogs,false
mbrainz_15439,discogs_91584,musicbrainz,discogs,false
mbrainz_15439,discogs_94853,musicbrainz,discogs,false
mbrainz_15453,discogs_12592,musicbrainz,discogs,false
mbrainz_15453,discogs_139039,musicbrainz,discogs,false
mbrainz_15453,discogs_152923,musicbrainz,discogs,false
mbrainz_15453,discogs_54366,musicbrainz,discogs,false
mbrainz_15453,discogs_74135,musicbrainz,discogs,false
mbrainz_15462,discogs_13035,musicbrainz,discogs,false
mbrainz_15462,discogs_139445,musicbrainz,discogs,false
mbrainz_15462,discogs_174586,musicbrainz,discogs,false
mbrainz_15462,discogs_180632,musicbrainz,discogs,false
mbrainz_15462,discogs_34603,musicbrainz,discogs,false
mbrainz_15462,discogs_41687,musicbrainz,discogs,false
mbrainz_15462,discogs_45495,musicbrainz,discogs,false
mbrainz_15462,discogs_4871,musicbrainz,discogs,false
mbrainz_15472,discogs_166068,musicbrainz,discogs,false
mbrainz_15472,discogs_168814,musicbrainz,discogs,false
mbrainz_15472,discogs_74742,musicbrainz,discogs,false
mbrainz_15472,discogs_78683,musicbrainz,discogs,false
mbrainz_15472,discogs_89622,musicbrainz,discogs,false
mbrainz_15472,discogs_92739,musicbrainz,discogs,false
mbrainz_15474,discogs_10128,musicbrainz,discogs,false
mbrainz_15474,discogs_13766,musicbrainz,discogs,false
mbrainz_15474,discogs_146546,musicbrainz,discogs,false
mbrainz_15474,discogs_154374,musicbrainz,discogs,false
mbrainz_15474,discogs_3304,musicbrainz,discogs,false
mbrainz_15474,discogs_40904,musicbrainz,discogs,false
mbrainz_15474,discogs_55309,musicbrainz,discogs,false
mbrainz_15474,discogs_6374,musicbrainz,discogs,false
mbrainz_15486,discogs_105018,musicbrainz,discogs,false
mbrainz_15486,discogs_107003,musicbrainz,discogs,false
mbrainz_15486,discogs_138825,musicbrainz,discogs,false
mbrainz_15486,discogs_173815,musicbrainz,discogs,false
mbrainz_15486,discogs_191006,musicbrainz,discogs,false
mbrainz_15486,discogs_192103,musicbrainz,discogs,false
mbrainz_15486,discogs_28198,musicbrainz,discogs,false
mbrainz_15486,discogs_32982,musicbrainz,discogs,false
mbrainz_15486,discogs_54658,musicbrainz,discogs,false
mbrainz_1549,discogs_26287,musicbrainz,discogs,false
mbrainz_155,discogs_110161,musicbrainz,discogs,false
mbrainz_155,discogs_12130,musicbrainz,discogs,false
mbrainz_155,discogs_126986,musicbrainz,discogs,false
mbrainz_155,discogs_14569,musicbrainz,discogs,false
mbrainz_155,discogs_159881,musicbrainz,discogs,false
mbrainz_155,discogs_16620,musicbrainz,discogs,false
mbrainz_155,discogs_167221,musicbrainz,discogs,false
mbrainz_155,discogs_87366,musicbrainz,discogs,false
mbrainz_155,discogs_92382,musicbrainz,discogs,false
mbrainz_15505,discogs_106854,musicbrainz,discogs,false
mbrainz_15505,discogs_112018,musicbrainz,discogs,false
mbrainz_15505,discogs_133519,musicbrainz,discogs,false
mbrainz_15505,discogs_17030,musicbrainz,discogs,false
mbrainz_15505,discogs_177510,musicbrainz,discogs,false
mbrainz_15505,discogs_25123,musicbrainz,discogs,false
mbrainz_15505,discogs_27926,musicbrainz,discogs,false
mbrainz_15506,discogs_121280,musicbrainz,discogs,false
mbrainz_15506,discogs_138442,musicbrainz,discogs,false
mbrainz_15506,discogs_16798,musicbrainz,discogs,false
mbrainz_15506,discogs_191237,musicbrainz,discogs,false
mbrainz_15506,discogs_21264,musicbrainz,discogs,false
mbrainz_15506,discogs_45407,musicbrainz,discogs,false
mbrainz_15506,discogs_63964,musicbrainz,discogs,false
mbrainz_1552,discogs_116842,musicbrainz,discogs,false
mbrainz_1552,discogs_132890,musicbrainz,discogs,false
mbrainz_1552,discogs_145396,musicbrainz,discogs,false
mbrainz_1552,discogs_195322,musicbrainz,discogs,false
mbrainz_1552,discogs_49057,musicbrainz,discogs,false
mbrainz_1552,discogs_551,musicbrainz,discogs,false
mbrainz_1552,discogs_93179,musicbrainz,discogs,false
mbrainz_1552,discogs_961,musicbrainz,discogs,false
mbrainz_15556,discogs_108319,musicbrainz,discogs,false
mbrainz_15556,discogs_121548,musicbrainz,discogs,false
mbrainz_15556,discogs_130281,musicbrainz,discogs,false
mbrainz_15556,discogs_13195,musicbrainz,discogs,false
mbrainz_15556,discogs_21924,musicbrainz,discogs,false
mbrainz_15556,discogs_23055,musicbrainz,discogs,false
mbrainz_15556,discogs_31071,musicbrainz,discogs,false
mbrainz_15556,discogs_41745,musicbrainz,discogs,false
mbrainz_15556,discogs_45593,musicbrainz,discogs,false
mbrainz_15556,discogs_60193,musicbrainz,discogs,false
mbrainz_15566,discogs_12129,musicbrainz,discogs,false
mbrainz_15566,discogs_122612,musicbrainz,discogs,false
mbrainz_15566,discogs_16037,musicbrainz,discogs,false
mbrainz_15566,discogs_164449,musicbrainz,discogs,false
mbrainz_15566,discogs_171696,musicbrainz,discogs,false
mbrainz_15566,discogs_33994,musicbrainz,discogs,false
mbrainz_15566,discogs_73284,musicbrainz,discogs,false
mbrainz_15566,discogs_76055,musicbrainz,discogs,false
mbrainz_1557,discogs_122204,musicbrainz,discogs,false
mbrainz_1557,discogs_123621,musicbrainz,discogs,false
mbrainz_1557,discogs_172783,musicbrainz,discogs,false
mbrainz_1557,discogs_27613,musicbrainz,discogs,false
mbrainz_1557,discogs_47264,musicbrainz,discogs,false
mbrainz_1557,discogs_58477,musicbrainz,discogs,false
mbrainz_1557,discogs_771,musicbrainz,discogs,false
mbrainz_1557,discogs_88632,musicbrainz,discogs,false
mbrainz_15577,discogs_102587,musicbrainz,discogs,false
mbrainz_15577,discogs_127993,musicbrainz,discogs,false
mbrainz_15577,discogs_189486,musicbrainz,discogs,false
mbrainz_15577,discogs_39408,musicbrainz,discogs,false
mbrainz_15577,discogs_41614,musicbrainz,discogs,false
mbrainz_15577,discogs_64720,musicbrainz,discogs,false
mbrainz_15577,discogs_88017,musicbrainz,discogs,false
mbrainz_15577,discogs_88761,musicbrainz,discogs,false
mbrainz_15580,discogs_101323,musicbrainz,discogs,false
mbrainz_15580,discogs_116533,musicbrainz,discogs,false
mbrainz_15580,discogs_171959,musicbrainz,discogs,false
mbrainz_15580,discogs_79666,musicbrainz,discogs,false
mbrainz_15580,discogs_9198,musicbrainz,discogs,false
mbrainz_15588,discogs_110149,musicbrainz,discogs,false
mbrainz_15588,discogs_124777,musicbrainz,discogs,false
mbrainz_15588,discogs_153944,musicbrainz,discogs,false
mbrainz_15588,discogs_158237,musicbrainz,discogs,false
mbrainz_15588,discogs_3087,musicbrainz,discogs,false
mbrainz_15588,discogs_56662,musicbrainz,discogs,false
mbrainz_15588,discogs_58269,musicbrainz,discogs,false
mbrainz_15588,discogs_67666,musicbrainz,discogs,false
mbrainz_15599,discogs_120929,musicbrainz,discogs,false
mbrainz_15599,discogs_122830,musicbrainz,discogs,false
mbrainz_15599,discogs_123063,musicbrainz,discogs,false
mbrainz_15599,discogs_158312,musicbrainz,discogs,false
mbrainz_15599,discogs_15853,musicbrainz,discogs,false
mbrainz_15599,discogs_183058,musicbrainz,discogs,false
mbrainz_15599,discogs_32863,musicbrainz,discogs,false
mbrainz_15599,discogs_39704,musicbrainz,discogs,false
mbrainz_15599,discogs_92633,musicbrainz,discogs,false
mbrainz_15623,discogs_113417,musicbrainz,discogs,false
mbrainz_15623,discogs_13195,musicbrainz,discogs,false
mbrainz_15623,discogs_148243,musicbrainz,discogs,false
mbrainz_15623,discogs_171220,musicbrainz,discogs,false
mbrainz_15623,discogs_33340,musicbrainz,discogs,false
mbrainz_15627,discogs_103796,musicbrainz,discogs,false
mbrainz_15627,discogs_123948,musicbrainz,discogs,false
mbrainz_15627,discogs_41823,musicbrainz,discogs,false
mbrainz_15627,discogs_49812,musicbrainz,discogs,false
mbrainz_15627,discogs_50264,musicbrainz,discogs,false
mbrainz_15627,discogs_55034,musicbrainz,discogs,false
mbrainz_15627,discogs_80181,musicbrainz,discogs,false
mbrainz_15627,discogs_98613,musicbrainz,discogs,false
mbrainz_15638,discogs_129190,musicbrainz,discogs,false
mbrainz_15638,discogs_130257,musicbrainz,discogs,false
mbrainz_15638,discogs_169307,musicbrainz,discogs,false
mbrainz_15638,discogs_95541,musicbrainz,discogs,false
mbrainz_1564,discogs_119100,musicbrainz,discogs,false
mbrainz_1564,discogs_134756,musicbrainz,discogs,false
mbrainz_1564,discogs_135787,musicbrainz,discogs,false
mbrainz_1564,discogs_146390,musicbrainz,discogs,false
mbrainz_1564,discogs_157638,musicbrainz,discogs,false
mbrainz_1564,discogs_36130,musicbrainz,discogs,false
mbrainz_1564,discogs_55511,musicbrainz,discogs,false
mbrainz_15668,discogs_12052,musicbrainz,discogs,false
mbrainz_15668,discogs_13034,musicbrainz,discogs,false
mbrainz_15668,discogs_19571,musicbrainz,discogs,false
mbrainz_15668,discogs_197393,musicbrainz,discogs,false
mbrainz_15668,discogs_23858,musicbrainz,discogs,false
mbrainz_15668,discogs_36870,musicbrainz,discogs,false
mbrainz_15668,discogs_70672,musicbrainz,discogs,false
mbrainz_15668,discogs_7999,musicbrainz,discogs,false
mbrainz_15668,discogs_9062,musicbrainz,discogs,false
mbrainz_1568,discogs_20155,musicbrainz,discogs,false
mbrainz_1568,discogs_22093,musicbrainz,discogs,false
mbrainz_1568,discogs_46129,musicbrainz,discogs,false
mbrainz_1568,discogs_87143,musicbrainz,discogs,false
mbrainz_15683,discogs_102123,musicbrainz,discogs,false
mbrainz_15683,discogs_147683,musicbrainz,discogs,false
mbrainz_15683,discogs_149835,musicbrainz,discogs,false
mbrainz_15683,discogs_169702,musicbrainz,discogs,false
mbrainz_15683,discogs_175294,musicbrainz,discogs,false
mbrainz_15683,discogs_60721,musicbrainz,discogs,false
mbrainz_15683,discogs_68345,musicbrainz,discogs,false
mbrainz_1570,discogs_128894,musicbrainz,discogs,false
mbrainz_1570,discogs_21658,musicbrainz,discogs,false
mbrainz_1570,discogs_258,musicbrainz,discogs,false
mbrainz_1570,discogs_3218,musicbrainz,discogs,false
mbrainz_1570,discogs_3650,musicbrainz,discogs,false
mbrainz_15704,discogs_135668,musicbrainz,discogs,false
mbrainz_15704,discogs_15958,musicbrainz,discogs,false
mbrainz_15704,discogs_16580,musicbrainz,discogs,false
mbrainz_15704,discogs_63912,musicbrainz,discogs,false
mbrainz_15704,discogs_79405,musicbrainz,discogs,false
mbrainz_15704,discogs_79518,musicbrainz,discogs,false
mbrainz_15704,discogs_80304,musicbrainz,discogs,false
mbrainz_15704,discogs_98600,musicbrainz,discogs,false
mbrainz_15752,discogs_13772,musicbrainz,discogs,false
mbrainz_15752,discogs_144119,musicbrainz,discogs,false
mbrainz_15752,discogs_163502,musicbrainz,discogs,false
mbrainz_15752,discogs_186743,musicbrainz,discogs,false
mbrainz_15752,discogs_29438,musicbrainz,discogs,false
mbrainz_15752,discogs_88091,musicbrainz,discogs,false
mbrainz_15752,discogs_9043,musicbrainz,discogs,false
mbrainz_1576,discogs_101345,musicbrainz,discogs,false
mbrainz_1576,discogs_125662,musicbrainz,discogs,false
mbrainz_1576,discogs_15235,musicbrainz,discogs,false
mbrainz_1576,discogs_154753,musicbrainz,discogs,false
mbrainz_1576,discogs_17528,musicbrainz,discogs,false
mbrainz_1576,discogs_38954,musicbrainz,discogs,false
mbrainz_1576,discogs_43927,musicbrainz,discogs,false
mbrainz_15773,discogs_26854,musicbrainz,discogs,false
mbrainz_15773,discogs_28474,musicbrainz,discogs,false
mbrainz_15773,discogs_28529,musicbrainz,discogs,false
mbrainz_15773,discogs_35917,musicbrainz,discogs,false
mbrainz_15773,discogs_45564,musicbrainz,discogs,false
mbrainz_15773,discogs_53476,musicbrainz,discogs,false
mbrainz_15818,discogs_118029,musicbrainz,discogs,false
mbrainz_15818,discogs_123064,musicbrainz,discogs,false
mbrainz_15818,discogs_140874,musicbrainz,discogs,false
mbrainz_15818,discogs_158583,musicbrainz,discogs,false
mbrainz_15818,discogs_81055,musicbrainz,discogs,false
mbrainz_15818,discogs_83594,musicbrainz,discogs,false
mbrainz_15831,discogs_18520,musicbrainz,discogs,false
mbrainz_15831,discogs_28145,musicbrainz,discogs,false
mbrainz_15831,discogs_39744,musicbrainz,discogs,false
mbrainz_15831,discogs_43351,musicbrainz,discogs,false
mbrainz_15831,discogs_47907,musicbrainz,discogs,false
mbrainz_15831,discogs_60326,musicbrainz,discogs,false
mbrainz_15831,discogs_75543,musicbrainz,discogs,false
mbrainz_15831,discogs_97444,musicbrainz,discogs,false
mbrainz_1586,discogs_129213,musicbrainz,discogs,false
mbrainz_1586,discogs_134967,musicbrainz,discogs,false
mbrainz_1586,discogs_167409,musicbrainz,discogs,false
mbrainz_1586,discogs_192951,musicbrainz,discogs,false
mbrainz_1586,discogs_38684,musicbrainz,discogs,false
mbrainz_1586,discogs_54152,musicbrainz,discogs,false
mbrainz_1586,discogs_68523,musicbrainz,discogs,false
mbrainz_1586,discogs_79873,musicbrainz,discogs,false
mbrainz_15867,discogs_105352,musicbrainz,discogs,false
mbrainz_15867,discogs_113171,musicbrainz,discogs,false
mbrainz_15867,discogs_115866,musicbrainz,discogs,false
mbrainz_15867,discogs_134969,musicbrainz,discogs,false
mbrainz_15867,discogs_143304,musicbrainz,discogs,false
mbrainz_15867,discogs_150003,musicbrainz,discogs,false
mbrainz_15867,discogs_150683,musicbrainz,discogs,false
mbrainz_15867,discogs_56716,musicbrainz,discogs,false
mbrainz_15867,discogs_81702,musicbrainz,discogs,false
mbrainz_15886,discogs_11247,musicbrainz,discogs,false
mbrainz_15886,discogs_116465,musicbrainz,discogs,false
mbrainz_15886,discogs_162130,musicbrainz,discogs,false
mbrainz_15886,discogs_169295,musicbrainz,discogs,false
mbrainz_15886,discogs_182140,musicbrainz,discogs,false
mbrainz_15886,discogs_53040,musicbrainz,discogs,false
mbrainz_15886,discogs_8628,musicbrainz,discogs,false
mbrainz_15889,discogs_18648,musicbrainz,discogs,false
mbrainz_15889,discogs_22401,musicbrainz,discogs,false
mbrainz_15889,discogs_32401,musicbrainz,discogs,false
mbrainz_15889,discogs_46645,musicbrainz,discogs,false
mbrainz_15889,discogs_48014,musicbrainz,discogs,false
mbrainz_15889,discogs_56869,musicbrainz,discogs,false
mbrainz_15889,discogs_69547,musicbrainz,discogs,false
mbrainz_1589,discogs_34826,musicbrainz,discogs,false
mbrainz_1589,discogs_52875,musicbrainz,discogs,false
mbrainz_1589,discogs_6221,musicbrainz,discogs,false
mbrainz_1589,discogs_87290,musicbrainz,discogs,false
mbrainz_1589,discogs_90273,musicbrainz,discogs,false
mbrainz_1589,discogs_93208,musicbrainz,discogs,false
mbrainz_1589,discogs_9636,musicbrainz,discogs,false
mbrainz_15890,discogs_37295,musicbrainz,discogs,false
mbrainz_15890,discogs_38019,musicbrainz,discogs,false
mbrainz_15890,discogs_42027,musicbrainz,discogs,false
mbrainz_15890,discogs_44273,musicbrainz,discogs,false
mbrainz_15890,discogs_46739,musicbrainz,discogs,false
mbrainz_15890,discogs_89644,musicbrainz,discogs,false
mbrainz_15890,discogs_99445,musicbrainz,discogs,false
mbrainz_15891,discogs_101296,musicbrainz,discogs,false
mbrainz_15891,discogs_101993,musicbrainz,discogs,false
mbrainz_15891,discogs_104,musicbrainz,discogs,false
mbrainz_15891,discogs_109990,musicbrainz,discogs,false
mbrainz_15891,discogs_112022,musicbrainz,discogs,false
mbrainz_15891,discogs_112150,musicbrainz,discogs,false
mbrainz_15891,discogs_121655,musicbrainz,discogs,false
mbrainz_15891,discogs_6,musicbrainz,discogs,false
mbrainz_15891,discogs_76904,musicbrainz,discogs,false
mbrainz_159,discogs_123064,musicbrainz,discogs,false
mbrainz_159,discogs_158583,musicbrainz,discogs,false
mbrainz_159,discogs_27510,musicbrainz,discogs,false
mbrainz_159,discogs_52591,musicbrainz,discogs,false
mbrainz_159,discogs_83594,musicbrainz,discogs,false
mbrainz_1591,discogs_118628,musicbrainz,discogs,false
mbrainz_1591,discogs_125752,musicbrainz,discogs,false
mbrainz_1591,discogs_130840,musicbrainz,discogs,false
mbrainz_1591,discogs_147303,musicbrainz,discogs,false
mbrainz_1591,discogs_157259,musicbrainz,discogs,false
mbrainz_1591,discogs_184725,musicbrainz,discogs,false
mbrainz_1591,discogs_196160,musicbrainz,discogs,false
mbrainz_1591,discogs_74295,musicbrainz,discogs,false
mbrainz_1591,discogs_99920,musicbrainz,discogs,false
mbrainz_15914,discogs_123014,musicbrainz,discogs,false
mbrainz_15914,discogs_174064,musicbrainz,discogs,false
mbrainz_15914,discogs_179896,musicbrainz,discogs,false
mbrainz_15914,discogs_24167,musicbrainz,discogs,false
mbrainz_15914,discogs_28230,musicbrainz,discogs,false
mbrainz_15914,discogs_93934,musicbrainz,discogs,false
mbrainz_15928,discogs_134914,musicbrainz,discogs,false
mbrainz_15928,discogs_148025,musicbrainz,discogs,false
mbrainz_15928,discogs_37146,musicbrainz,discogs,false
mbrainz_15928,discogs_39425,musicbrainz,discogs,false
mbrainz_15928,discogs_41048,musicbrainz,discogs,false
mbrainz_15928,discogs_44791,musicbrainz,discogs,false
mbrainz_15933,discogs_105352,musicbrainz,discogs,false
mbrainz_15933,discogs_109301,musicbrainz,discogs,false
mbrainz_15933,discogs_113171,musicbrainz,discogs,false
mbrainz_15933,discogs_193769,musicbrainz,discogs,false
mbrainz_15933,discogs_25731,musicbrainz,discogs,false
mbrainz_15933,discogs_63703,musicbrainz,discogs,false
mbrainz_15933,discogs_76443,musicbrainz,discogs,false
mbrainz_15933,discogs_90958,musicbrainz,discogs,false
mbrainz_15986,discogs_129295,musicbrainz,discogs,false
mbrainz_15986,discogs_16953,musicbrainz,discogs,false
mbrainz_15986,discogs_192643,musicbrainz,discogs,false
mbrainz_15986,discogs_53382,musicbrainz,discogs,false
mbrainz_15986,discogs_58297,musicbrainz,discogs,false
mbrainz_15986,discogs_65593,musicbrainz,discogs,false
mbrainz_15986,discogs_77422,musicbrainz,discogs,false
mbrainz_16,discogs_56787,musicbrainz,discogs,false
mbrainz_1600,discogs_110794,musicbrainz,discogs,false
mbrainz_1600,discogs_123832,musicbrainz,discogs,false
mbrainz_1600,discogs_145570,musicbrainz,discogs,false
mbrainz_1600,discogs_36050,musicbrainz,discogs,false
mbrainz_1600,discogs_39917,musicbrainz,discogs,false
mbrainz_1600,discogs_80306,musicbrainz,discogs,false
mbrainz_16001,discogs_10128,musicbrainz,discogs,false
mbrainz_16001,discogs_127560,musicbrainz,discogs,false
mbrainz_16001,discogs_128024,musicbrainz,discogs,false
mbrainz_16001,discogs_146546,musicbrainz,discogs,false
mbrainz_16001,discogs_3339,musicbrainz,discogs,false
mbrainz_16001,discogs_59103,musicbrainz,discogs,false
mbrainz_16001,discogs_69245,musicbrainz,discogs,false
mbrainz_16011,discogs_114081,musicbrainz,discogs,false
mbrainz_16011,discogs_134493,musicbrainz,discogs,false
mbrainz_16011,discogs_145954,musicbrainz,discogs,false
mbrainz_16011,discogs_146075,musicbrainz,discogs,false
mbrainz_16011,discogs_175966,musicbrainz,discogs,false
mbrainz_16011,discogs_182600,musicbrainz,discogs,false
mbrainz_16011,discogs_88559,musicbrainz,discogs,false
mbrainz_16011,discogs_95347,musicbrainz,discogs,false
mbrainz_16029,discogs_146051,musicbrainz,discogs,false
mbrainz_16029,discogs_40234,musicbrainz,discogs,false
mbrainz_16029,discogs_57494,musicbrainz,discogs,false
mbrainz_16029,discogs_73891,musicbrainz,discogs,false
mbrainz_16029,discogs_88759,musicbrainz,discogs,false
mbrainz_16030,discogs_81833,musicbrainz,discogs,false
mbrainz_16073,discogs_105476,musicbrainz,discogs,false
mbrainz_16073,discogs_12253,musicbrainz,discogs,false
mbrainz_16073,discogs_188775,musicbrainz,discogs,false
mbrainz_16073,discogs_29266,musicbrainz,discogs,false
mbrainz_16073,discogs_84822,musicbrainz,discogs,false
mbrainz_16073,discogs_95778,musicbrainz,discogs,false
mbrainz_16078,discogs_102466,musicbrainz,discogs,false
mbrainz_16078,discogs_111229,musicbrainz,discogs,false
mbrainz_16078,discogs_132104,musicbrainz,discogs,false
mbrainz_16078,discogs_132145,musicbrainz,discogs,false
mbrainz_16078,discogs_56298,musicbrainz,discogs,false
mbrainz_16078,discogs_63975,musicbrainz,discogs,false
mbrainz_16078,discogs_81060,musicbrainz,discogs,false
mbrainz_1608,discogs_100299,musicbrainz,discogs,false
mbrainz_1608,discogs_127847,musicbrainz,discogs,false
mbrainz_1608,discogs_130455,musicbrainz,discogs,false
mbrainz_1608,discogs_137288,musicbrainz,discogs,false
mbrainz_1608,discogs_146923,musicbrainz,discogs,false
mbrainz_1608,discogs_151678,musicbrainz,discogs,false
mbrainz_1608,discogs_156759,musicbrainz,discogs,false
mbrainz_1608,discogs_25756,musicbrainz,discogs,false
mbrainz_1608,discogs_48680,musicbrainz,discogs,false
mbrainz_16097,discogs_121414,musicbrainz,discogs,false
mbrainz_16097,discogs_122598,musicbrainz,discogs,false
mbrainz_16097,discogs_125965,musicbrainz,discogs,false
mbrainz_16097,discogs_21152,musicbrainz,discogs,false
mbrainz_16097,discogs_23005,musicbrainz,discogs,false
mbrainz_16097,discogs_52374,musicbrainz,discogs,false
mbrainz_16097,discogs_79211,musicbrainz,discogs,false
mbrainz_16103,discogs_110530,musicbrainz,discogs,false
mbrainz_16103,discogs_112456,musicbrainz,discogs,false
mbrainz_16103,discogs_158918,musicbrainz,discogs,false
mbrainz_16103,discogs_27287,musicbrainz,discogs,false
mbrainz_16103,discogs_39083,musicbrainz,discogs,false
mbrainz_16103,discogs_71505,musicbrainz,discogs,false
mbrainz_16103,discogs_7277,musicbrainz,discogs,false
mbrainz_16103,discogs_79214,musicbrainz,discogs,false
mbrainz_16104,discogs_101684,musicbrainz,discogs,false
mbrainz_16104,discogs_166068,musicbrainz,discogs,false
mbrainz_16104,discogs_26571,musicbrainz,discogs,false
mbrainz_16104,discogs_28136,musicbrainz,discogs,false
mbrainz_16104,discogs_37964,musicbrainz,discogs,false
mbrainz_16104,discogs_64235,musicbrainz,discogs,false
mbrainz_16104,discogs_65771,musicbrainz,discogs,false
mbrainz_16104,discogs_82621,musicbrainz,discogs,false
mbrainz_16106,discogs_141996,musicbrainz,discogs,false
mbrainz_16106,discogs_161813,musicbrainz,discogs,false
mbrainz_16106,discogs_164310,musicbrainz,discogs,false
mbrainz_16106,discogs_170691,musicbrainz,discogs,false
mbrainz_16106,discogs_173492,musicbrainz,discogs,false
mbrainz_16106,discogs_190419,musicbrainz,discogs,false
mbrainz_16106,discogs_26736,musicbrainz,discogs,false
mbrainz_16106,discogs_46513,musicbrainz,discogs,false
mbrainz_16106,discogs_90681,musicbrainz,discogs,false
mbrainz_16106,discogs_92362,musicbrainz,discogs,false
mbrainz_16111,discogs_118659,musicbrainz,discogs,false
mbrainz_16111,discogs_128120,musicbrainz,discogs,false
mbrainz_16111,discogs_157891,musicbrainz,discogs,false
mbrainz_16111,discogs_164508,musicbrainz,discogs,false
mbrainz_16111,discogs_185405,musicbrainz,discogs,false
mbrainz_16111,discogs_192832,musicbrainz,discogs,false
mbrainz_16111,discogs_194402,musicbrainz,discogs,false
mbrainz_16111,discogs_196380,musicbrainz,discogs,false
mbrainz_16111,discogs_71501,musicbrainz,discogs,false
mbrainz_16113,discogs_10496,musicbrainz,discogs,false
mbrainz_16113,discogs_119759,musicbrainz,discogs,false
mbrainz_16113,discogs_127405,musicbrainz,discogs,false
mbrainz_16113,discogs_127924,musicbrainz,discogs,false
mbrainz_16113,discogs_185342,musicbrainz,discogs,false
mbrainz_16113,discogs_22822,musicbrainz,discogs,false
mbrainz_16113,discogs_95068,musicbrainz,discogs,false
mbrainz_16125,discogs_16580,musicbrainz,discogs,false
mbrainz_16125,discogs_16718,musicbrainz,discogs,false
mbrainz_16125,discogs_18290,musicbrainz,discogs,false
mbrainz_16125,discogs_184121,musicbrainz,discogs,false
mbrainz_1613,discogs_121064,musicbrainz,discogs,false
mbrainz_16153,discogs_110296,musicbrainz,discogs,false
mbrainz_16153,discogs_118019,musicbrainz,discogs,false
mbrainz_16153,discogs_123160,musicbrainz,discogs,false
mbrainz_16153,discogs_134167,musicbrainz,discogs,false
mbrainz_16153,discogs_189114,musicbrainz,discogs,false
mbrainz_16153,discogs_195096,musicbrainz,discogs,false
mbrainz_16153,discogs_41109,musicbrainz,discogs,false
mbrainz_16153,discogs_66657,musicbrainz,discogs,false
mbrainz_16153,discogs_66917,musicbrainz,discogs,false
mbrainz_16160,discogs_113504,musicbrainz,discogs,false
mbrainz_16160,discogs_114555,musicbrainz,discogs,false
mbrainz_16160,discogs_16,musicbrainz,discogs,false
mbrainz_16160,discogs_181051,musicbrainz,discogs,false
mbrainz_16160,discogs_19011,musicbrainz,discogs,false
mbrainz_16160,discogs_59031,musicbrainz,discogs,false
mbrainz_16160,discogs_67216,musicbrainz,discogs,false
mbrainz_16160,discogs_9259,musicbrainz,discogs,false
mbrainz_1617,discogs_100965,musicbrainz,discogs,false
mbrainz_1617,discogs_113733,musicbrainz,discogs,false
mbrainz_1617,discogs_14485,musicbrainz,discogs,false
mbrainz_1617,discogs_192666,musicbrainz,discogs,false
mbrainz_1617,discogs_196795,musicbrainz,discogs,false
mbrainz_1617,discogs_47213,musicbrainz,discogs,false
mbrainz_16186,discogs_106278,musicbrainz,discogs,false
mbrainz_16186,discogs_10937,musicbrainz,discogs,false
mbrainz_16186,discogs_58414,musicbrainz,discogs,false
mbrainz_1619,discogs_153138,musicbrainz,discogs,false
mbrainz_16193,discogs_101694,musicbrainz,discogs,false
mbrainz_16193,discogs_10473,musicbrainz,discogs,false
mbrainz_16193,discogs_12200,musicbrainz,discogs,false
mbrainz_16193,discogs_144565,musicbrainz,discogs,false
mbrainz_16193,discogs_153099,musicbrainz,discogs,false
mbrainz_16193,discogs_174103,musicbrainz,discogs,false
mbrainz_16193,discogs_179517,musicbrainz,discogs,false
mbrainz_16193,discogs_99613,musicbrainz,discogs,false
mbrainz_16194,discogs_79489,musicbrainz,discogs,false
mbrainz_16199,discogs_104374,musicbrainz,discogs,false
mbrainz_16199,discogs_133138,musicbrainz,discogs,false
mbrainz_16199,discogs_180913,musicbrainz,discogs,false
mbrainz_16199,discogs_184703,musicbrainz,discogs,false
mbrainz_16199,discogs_31145,musicbrainz,discogs,false
mbrainz_16199,discogs_84589,musicbrainz,discogs,false
mbrainz_162,discogs_1105,musicbrainz,discogs,false
mbrainz_162,discogs_1170,musicbrainz,discogs,false
mbrainz_162,discogs_125432,musicbrainz,discogs,false
mbrainz_162,discogs_13190,musicbrainz,discogs,false
mbrainz_162,discogs_143676,musicbrainz,discogs,false
mbrainz_162,discogs_158861,musicbrainz,discogs,false
mbrainz_162,discogs_3354,musicbrainz,discogs,false
mbrainz_1621,discogs_165035,musicbrainz,discogs,false
mbrainz_1621,discogs_170638,musicbrainz,discogs,false
mbrainz_1621,discogs_82223,musicbrainz,discogs,false
mbrainz_1625,discogs_143460,musicbrainz,discogs,false
mbrainz_16260,discogs_106889,musicbrainz,discogs,false
mbrainz_16260,discogs_123,musicbrainz,discogs,false
mbrainz_16260,discogs_147633,musicbrainz,discogs,false
mbrainz_16260,discogs_172258,musicbrainz,discogs,false
mbrainz_16260,discogs_48951,musicbrainz,discogs,false
mbrainz_16260,discogs_5306,musicbrainz,discogs,false
mbrainz_16260,discogs_78290,musicbrainz,discogs,false
mbrainz_16260,discogs_80272,musicbrainz,discogs,false
mbrainz_16260,discogs_80474,musicbrainz,discogs,false
mbrainz_16260,discogs_80849,musicbrainz,discogs,false
mbrainz_16275,discogs_137338,musicbrainz,discogs,false
mbrainz_16275,discogs_20669,musicbrainz,discogs,false
mbrainz_16275,discogs_237,musicbrainz,discogs,false
mbrainz_16275,discogs_34834,musicbrainz,discogs,false
mbrainz_16275,discogs_39172,musicbrainz,discogs,false
mbrainz_16285,discogs_106665,musicbrainz,discogs,false
mbrainz_16285,discogs_135402,musicbrainz,discogs,false
mbrainz_16285,discogs_146786,musicbrainz,discogs,false
mbrainz_16285,discogs_153193,musicbrainz,discogs,false
mbrainz_16285,discogs_156947,musicbrainz,discogs,false
mbrainz_16285,discogs_21903,musicbrainz,discogs,false
mbrainz_16285,discogs_44731,musicbrainz,discogs,false
mbrainz_16293,discogs_36903,musicbrainz,discogs,false
mbrainz_16293,discogs_82049,musicbrainz,discogs,false
mbrainz_16310,discogs_100615,musicbrainz,discogs,false
mbrainz_16310,discogs_103565,musicbrainz,discogs,false
mbrainz_16310,discogs_109137,musicbrainz,discogs,false
mbrainz_16310,discogs_12559,musicbrainz,discogs,false
mbrainz_16310,discogs_53140,musicbrainz,discogs,false
mbrainz_16310,discogs_79857,musicbrainz,discogs,false
mbrainz_16349,discogs_104961,musicbrainz,discogs,false
mbrainz_16349,discogs_10860,musicbrainz,discogs,false
mbrainz_16349,discogs_189463,musicbrainz,discogs,false
mbrainz_16349,discogs_30931,musicbrainz,discogs,false
mbrainz_16349,discogs_43875,musicbrainz,discogs,false
mbrainz_16349,discogs_47047,musicbrainz,discogs,false
mbrainz_16349,discogs_60524,musicbrainz,discogs,false
mbrainz_16360,discogs_165376,musicbrainz,discogs,false
mbrainz_16360,discogs_165379,musicbrainz,discogs,false
mbrainz_16360,discogs_173014,musicbrainz,discogs,false
mbrainz_16360,discogs_189550,musicbrainz,discogs,false
mbrainz_16360,discogs_37186,musicbrainz,discogs,false
mbrainz_16360,discogs_38381,musicbrainz,discogs,false
mbrainz_16360,discogs_40196,musicbrainz,discogs,false
mbrainz_16360,discogs_81466,musicbrainz,discogs,false
mbrainz_16361,discogs_124027,musicbrainz,discogs,false
mbrainz_16361,discogs_176711,musicbrainz,discogs,false
mbrainz_16361,discogs_90480,musicbrainz,discogs,false
mbrainz_16373,discogs_10032,musicbrainz,discogs,false
mbrainz_16373,discogs_108847,musicbrainz,discogs,false
mbrainz_16373,discogs_158583,musicbrainz,discogs,false
mbrainz_16373,discogs_27510,musicbrainz,discogs,false
mbrainz_16373,discogs_3645,musicbrainz,discogs,false
mbrainz_16373,discogs_375,musicbrainz,discogs,false
mbrainz_16373,discogs_4467,musicbrainz,discogs,false
mbrainz_16373,discogs_4663,musicbrainz,discogs,false
mbrainz_16373,discogs_52591,musicbrainz,discogs,false
mbrainz_16375,discogs_127218,musicbrainz,discogs,false
mbrainz_16375,discogs_135355,musicbrainz,discogs,false
mbrainz_16375,discogs_144651,musicbrainz,discogs,false
mbrainz_16375,discogs_150220,musicbrainz,discogs,false
mbrainz_16375,discogs_180900,musicbrainz,discogs,false
mbrainz_16375,discogs_191808,musicbrainz,discogs,false
mbrainz_16375,discogs_59604,musicbrainz,discogs,false
mbrainz_16375,discogs_84163,musicbrainz,discogs,false
mbrainz_16390,discogs_130345,musicbrainz,discogs,false
mbrainz_16390,discogs_150976,musicbrainz,discogs,false
mbrainz_16390,discogs_192958,musicbrainz,discogs,false
mbrainz_16390,discogs_196004,musicbrainz,discogs,false
mbrainz_16390,discogs_197995,musicbrainz,discogs,false
mbrainz_16390,discogs_51613,musicbrainz,discogs,false
mbrainz_16390,discogs_93348,musicbrainz,discogs,false
mbrainz_16390,discogs_9366,musicbrainz,discogs,false
mbrainz_164,discogs_110825,musicbrainz,discogs,false
mbrainz_164,discogs_133214,musicbrainz,discogs,false
mbrainz_164,discogs_144277,musicbrainz,discogs,false
mbrainz_164,discogs_153633,musicbrainz,discogs,false
mbrainz_164,discogs_188554,musicbrainz,discogs,false
mbrainz_164,discogs_68446,musicbrainz,discogs,false
mbrainz_164,discogs_70811,musicbrainz,discogs,false
mbrainz_16405,discogs_111481,musicbrainz,discogs,false
mbrainz_16405,discogs_118240,musicbrainz,discogs,false
mbrainz_16405,discogs_164461,musicbrainz,discogs,false
mbrainz_16405,discogs_48722,musicbrainz,discogs,false
mbrainz_16405,discogs_50656,musicbrainz,discogs,false
mbrainz_16405,discogs_871,musicbrainz,discogs,false
mbrainz_16406,discogs_100436,musicbrainz,discogs,false
mbrainz_16406,discogs_106076,musicbrainz,discogs,false
mbrainz_16406,discogs_124718,musicbrainz,discogs,false
mbrainz_16406,discogs_24784,musicbrainz,discogs,false
mbrainz_16406,discogs_28411,musicbrainz,discogs,false
mbrainz_16406,discogs_53627,musicbrainz,discogs,false
mbrainz_16406,discogs_6152,musicbrainz,discogs,false
mbrainz_16406,discogs_84498,musicbrainz,discogs,false
mbrainz_16406,discogs_94796,musicbrainz,discogs,false
mbrainz_16420,discogs_26086,musicbrainz,discogs,false
mbrainz_16420,discogs_76207,musicbrainz,discogs,false
mbrainz_16420,discogs_8099,musicbrainz,discogs,false
mbrainz_16465,discogs_132999,musicbrainz,discogs,false
mbrainz_16465,discogs_142247,musicbrainz,discogs,false
mbrainz_16465,discogs_161098,musicbrainz,discogs,false
mbrainz_16465,discogs_78684,musicbrainz,discogs,false
mbrainz_16465,discogs_79291,musicbrainz,discogs,false
mbrainz_16478,discogs_141010,musicbrainz,discogs,false
mbrainz_16478,discogs_16092,musicbrainz,discogs,false
mbrainz_16478,discogs_2071,musicbrainz,discogs,false
mbrainz_16478,discogs_48977,musicbrainz,discogs,false
mbrainz_16498,discogs_104008,musicbrainz,discogs,false
mbrainz_16498,discogs_118729,musicbrainz,discogs,false
mbrainz_16498,discogs_151392,musicbrainz,discogs,false
mbrainz_16498,discogs_176986,musicbrainz,discogs,false
mbrainz_16498,discogs_77880,musicbrainz,discogs,false
mbrainz_16509,discogs_118852,musicbrainz,discogs,false
mbrainz_16509,discogs_12195,musicbrainz,discogs,false
mbrainz_16509,discogs_143225,musicbrainz,discogs,false
mbrainz_16509,discogs_148569,musicbrainz,discogs,false
mbrainz_16509,discogs_150763,musicbrainz,discogs,false
mbrainz_16509,discogs_163608,musicbrainz,discogs,false
mbrainz_16509,discogs_169279,musicbrainz,discogs,false
mbrainz_16509,discogs_88707,musicbrainz,discogs,false
mbrainz_1655,discogs_131505,musicbrainz,discogs,false
mbrainz_1655,discogs_18290,musicbrainz,discogs,false
mbrainz_1655,discogs_3667,musicbrainz,discogs,false
mbrainz_1655,discogs_44560,musicbrainz,discogs,false
mbrainz_1655,discogs_50334,musicbrainz,discogs,false
mbrainz_1655,discogs_80738,musicbrainz,discogs,false
mbrainz_16550,discogs_114954,musicbrainz,discogs,false
mbrainz_16566,discogs_95332,musicbrainz,discogs,false
mbrainz_16571,discogs_107990,musicbrainz,discogs,false
mbrainz_16571,discogs_131860,musicbrainz,discogs,false
mbrainz_16571,discogs_152882,musicbrainz,discogs,false
mbrainz_16571,discogs_35957,musicbrainz,discogs,false
mbrainz_16571,discogs_8963,musicbrainz,discogs,false
mbrainz_16571,discogs_91947,musicbrainz,discogs,false
mbrainz_16582,discogs_11441,musicbrainz,discogs,false
mbrainz_16582,discogs_16355,musicbrainz,discogs,false
mbrainz_16582,discogs_17459,musicbrainz,discogs,false
mbrainz_16582,discogs_49405,musicbrainz,discogs,false
mbrainz_16582,discogs_60047,musicbrainz,discogs,false
mbrainz_16582,discogs_73847,musicbrainz,discogs,false
mbrainz_16582,discogs_7526,musicbrainz,discogs,false
mbrainz_16582,discogs_76738,musicbrainz,discogs,false
mbrainz_16589,discogs_125562,musicbrainz,discogs,false
mbrainz_16589,discogs_169644,musicbrainz,discogs,false
mbrainz_16608,discogs_106930,musicbrainz,discogs,false
mbrainz_16608,discogs_15337,musicbrainz,discogs,false
mbrainz_16608,discogs_15819,musicbrainz,discogs,false
mbrainz_16608,discogs_16143,musicbrainz,discogs,false
mbrainz_16608,discogs_171054,musicbrainz,discogs,false
mbrainz_16608,discogs_172800,musicbrainz,discogs,false
mbrainz_16608,discogs_52912,musicbrainz,discogs,false
mbrainz_16630,discogs_113189,musicbrainz,discogs,false
mbrainz_16630,discogs_164954,musicbrainz,discogs,false
mbrainz_16630,discogs_33658,musicbrainz,discogs,false
mbrainz_16630,discogs_42601,musicbrainz,discogs,false
mbrainz_16630,discogs_53515,musicbrainz,discogs,false
mbrainz_16630,discogs_7324,musicbrainz,discogs,false
mbrainz_16630,discogs_77064,musicbrainz,discogs,false
mbrainz_16648,discogs_140694,musicbrainz,discogs,false
mbrainz_16648,discogs_198002,musicbrainz,discogs,false
mbrainz_16648,discogs_43952,musicbrainz,discogs,false
mbrainz_16648,discogs_55793,musicbrainz,discogs,false
mbrainz_16648,discogs_79846,musicbrainz,discogs,false
mbrainz_16648,discogs_99006,musicbrainz,discogs,false
mbrainz_16657,discogs_10737,musicbrainz,discogs,false
mbrainz_16657,discogs_6984,musicbrainz,discogs,false
mbrainz_16682,discogs_132115,musicbrainz,discogs,false
mbrainz_16682,discogs_134914,musicbrainz,discogs,false
mbrainz_16682,discogs_37146,musicbrainz,discogs,false
mbrainz_16682,discogs_39425,musicbrainz,discogs,false
mbrainz_16682,discogs_41048,musicbrainz,discogs,false
mbrainz_16682,discogs_63787,musicbrainz,discogs,false
mbrainz_16689,discogs_103822,musicbrainz,discogs,false
mbrainz_16689,discogs_118774,musicbrainz,discogs,false
mbrainz_16689,discogs_136625,musicbrainz,discogs,false
mbrainz_16689,discogs_138593,musicbrainz,discogs,false
mbrainz_16689,discogs_189661,musicbrainz,discogs,false
mbrainz_16689,discogs_40271,musicbrainz,discogs,false
mbrainz_16689,discogs_42300,musicbrainz,discogs,false
mbrainz_16689,discogs_54636,musicbrainz,discogs,false
mbrainz_16705,discogs_179378,musicbrainz,discogs,false
mbrainz_16705,discogs_34849,musicbrainz,discogs,false
mbrainz_16705,discogs_38247,musicbrainz,discogs,false
mbrainz_16705,discogs_80331,musicbrainz,discogs,false
mbrainz_16705,discogs_91059,musicbrainz,discogs,false
mbrainz_16712,discogs_148267,musicbrainz,discogs,false
mbrainz_16712,discogs_70332,musicbrainz,discogs,false
mbrainz_16712,discogs_73090,musicbrainz,discogs,false
mbrainz_16712,discogs_81157,musicbrainz,discogs,false
mbrainz_16712,discogs_85418,musicbrainz,discogs,false
mbrainz_16712,discogs_93467,musicbrainz,discogs,false
mbrainz_16722,discogs_111085,musicbrainz,discogs,false
mbrainz_16722,discogs_166638,musicbrainz,discogs,false
mbrainz_16722,discogs_25044,musicbrainz,discogs,false
mbrainz_16722,discogs_4988,musicbrainz,discogs,false
mbrainz_16722,discogs_54132,musicbrainz,discogs,false
mbrainz_16722,discogs_83993,musicbrainz,discogs,false
mbrainz_16722,discogs_91794,musicbrainz,discogs,false
mbrainz_16723,discogs_13486,musicbrainz,discogs,false
mbrainz_16723,discogs_146653,musicbrainz,discogs,false
mbrainz_16723,discogs_158845,musicbrainz,discogs,false
mbrainz_16723,discogs_39210,musicbrainz,discogs,false
mbrainz_16723,discogs_52247,musicbrainz,discogs,false
mbrainz_16723,discogs_66504,musicbrainz,discogs,false
mbrainz_16723,discogs_9713,musicbrainz,discogs,false
mbrainz_1678,discogs_134875,musicbrainz,discogs,false
mbrainz_1678,discogs_175361,musicbrainz,discogs,false
mbrainz_1678,discogs_18921,musicbrainz,discogs,false
mbrainz_1678,discogs_37382,musicbrainz,discogs,false
mbrainz_16794,discogs_107748,musicbrainz,discogs,false
mbrainz_16794,discogs_110750,musicbrainz,discogs,false
mbrainz_16794,discogs_171892,musicbrainz,discogs,false
mbrainz_16794,discogs_31215,musicbrainz,discogs,false
mbrainz_16794,discogs_6343,musicbrainz,discogs,false
mbrainz_16794,discogs_79346,musicbrainz,discogs,false
mbrainz_16794,discogs_893,musicbrainz,discogs,false
mbrainz_16794,discogs_92502,musicbrainz,discogs,false
mbrainz_168,discogs_128206,musicbrainz,discogs,false
mbrainz_168,discogs_142876,musicbrainz,discogs,false
mbrainz_168,discogs_148997,musicbrainz,discogs,false
mbrainz_168,discogs_192290,musicbrainz,discogs,false
mbrainz_168,discogs_56769,musicbrainz,discogs,false
mbrainz_168,discogs_69486,musicbrainz,discogs,false
mbrainz_168,discogs_97390,musicbrainz,discogs,false
mbrainz_1680,discogs_131748,musicbrainz,discogs,false
mbrainz_1680,discogs_149015,musicbrainz,discogs,false
mbrainz_1680,discogs_19869,musicbrainz,discogs,false
mbrainz_1680,discogs_30583,musicbrainz,discogs,false
mbrainz_1680,discogs_46692,musicbrainz,discogs,false
mbrainz_16814,discogs_194632,musicbrainz,discogs,false
mbrainz_16814,discogs_29705,musicbrainz,discogs,false
mbrainz_16814,discogs_44952,musicbrainz,discogs,false
mbrainz_16814,discogs_47058,musicbrainz,discogs,false
mbrainz_16814,discogs_48653,musicbrainz,discogs,false
mbrainz_16814,discogs_49911,musicbrainz,discogs,false
mbrainz_16814,discogs_61328,musicbrainz,discogs,false
mbrainz_16814,discogs_76218,musicbrainz,discogs,false
mbrainz_16814,discogs_82765,musicbrainz,discogs,false
mbrainz_16828,discogs_105042,musicbrainz,discogs,false
mbrainz_16828,discogs_105329,musicbrainz,discogs,false
mbrainz_16828,discogs_125750,musicbrainz,discogs,false
mbrainz_16828,discogs_133209,musicbrainz,discogs,false
mbrainz_16828,discogs_144789,musicbrainz,discogs,false
mbrainz_16828,discogs_178313,musicbrainz,discogs,false
mbrainz_16828,discogs_62635,musicbrainz,discogs,false
mbrainz_16828,discogs_74648,musicbrainz,discogs,false
mbrainz_16828,discogs_84197,musicbrainz,discogs,false
mbrainz_16828,discogs_87575,musicbrainz,discogs,false
mbrainz_16851,discogs_109940,musicbrainz,discogs,false
mbrainz_16855,discogs_130014,musicbrainz,discogs,false
mbrainz_16855,discogs_131365,musicbrainz,discogs,false
mbrainz_16855,discogs_28434,musicbrainz,discogs,false
mbrainz_16855,discogs_30271,musicbrainz,discogs,false
mbrainz_16855,discogs_85709,musicbrainz,discogs,false
mbrainz_1687,discogs_1018,musicbrainz,discogs,false
mbrainz_1687,discogs_10543,musicbrainz,discogs,false
mbrainz_1687,discogs_108702,musicbrainz,discogs,false
mbrainz_1687,discogs_127770,musicbrainz,discogs,false
mbrainz_1687,discogs_40979,musicbrainz,discogs,false
mbrainz_1687,discogs_75962,musicbrainz,discogs,false
mbrainz_1688,discogs_104485,musicbrainz,discogs,false
mbrainz_1688,discogs_123572,musicbrainz,discogs,false
mbrainz_1688,discogs_13407,musicbrainz,discogs,false
mbrainz_1688,discogs_141355,musicbrainz,discogs,false
mbrainz_1688,discogs_148678,musicbrainz,discogs,false
mbrainz_1688,discogs_91363,musicbrainz,discogs,false
mbrainz_16881,discogs_107277,musicbrainz,discogs,false
mbrainz_16881,discogs_160212,musicbrainz,discogs,false
mbrainz_16881,discogs_161827,musicbrainz,discogs,false
mbrainz_16881,discogs_193464,musicbrainz,discogs,false
mbrainz_16881,discogs_20715,musicbrainz,discogs,false
mbrainz_16881,discogs_85871,musicbrainz,discogs,false
mbrainz_16881,discogs_89801,musicbrainz,discogs,false
mbrainz_1689,discogs_101955,musicbrainz,discogs,false
mbrainz_1689,discogs_109486,musicbrainz,discogs,false
mbrainz_1689,discogs_148369,musicbrainz,discogs,false
mbrainz_1689,discogs_23255,musicbrainz,discogs,false
mbrainz_1689,discogs_33852,musicbrainz,discogs,false
mbrainz_1689,discogs_50890,musicbrainz,discogs,false
mbrainz_1689,discogs_64223,musicbrainz,discogs,false
mbrainz_1689,discogs_78993,musicbrainz,discogs,false
mbrainz_1689,discogs_87164,musicbrainz,discogs,false
mbrainz_169,discogs_1018,musicbrainz,discogs,false
mbrainz_169,discogs_112102,musicbrainz,discogs,false
mbrainz_169,discogs_127770,musicbrainz,discogs,false
mbrainz_169,discogs_41570,musicbrainz,discogs,false
mbrainz_169,discogs_50950,musicbrainz,discogs,false
mbrainz_169,discogs_8058,musicbrainz,discogs,false
mbrainz_1692,discogs_142690,musicbrainz,discogs,false
mbrainz_16922,discogs_126559,musicbrainz,discogs,false
mbrainz_16922,discogs_171918,musicbrainz,discogs,false
mbrainz_16922,discogs_20414,musicbrainz,discogs,false
mbrainz_16922,discogs_85624,musicbrainz,discogs,false
mbrainz_16961,discogs_129219,musicbrainz,discogs,false
mbrainz_16961,discogs_143922,musicbrainz,discogs,false
mbrainz_16961,discogs_147670,musicbrainz,discogs,false
mbrainz_16961,discogs_160202,musicbrainz,discogs,false
mbrainz_16961,discogs_38438,musicbrainz,discogs,false
mbrainz_16961,discogs_50999,musicbrainz,discogs,false
mbrainz_16961,discogs_67328,musicbrainz,discogs,false
mbrainz_16961,discogs_93655,musicbrainz,discogs,false
mbrainz_1697,discogs_12588,musicbrainz,discogs,false
mbrainz_1697,discogs_38806,musicbrainz,discogs,false
mbrainz_1697,discogs_44806,musicbrainz,discogs,false
mbrainz_1697,discogs_51973,musicbrainz,discogs,false
mbrainz_1697,discogs_663,musicbrainz,discogs,false
mbrainz_1697,discogs_75403,musicbrainz,discogs,false
mbrainz_17,discogs_12375,musicbrainz,discogs,false
mbrainz_17,discogs_169673,musicbrainz,discogs,false
mbrainz_17,discogs_20716,musicbrainz,discogs,false
mbrainz_17,discogs_5067,musicbrainz,discogs,false
mbrainz_17,discogs_55313,musicbrainz,discogs,false
mbrainz_17,discogs_63803,musicbrainz,discogs,false
mbrainz_17,discogs_7806,musicbrainz,discogs,false
mbrainz_17,discogs_89064,musicbrainz,discogs,false
mbrainz_17006,discogs_122204,musicbrainz,discogs,false
mbrainz_17006,discogs_123621,musicbrainz,discogs,false
mbrainz_17006,discogs_15656,musicbrainz,discogs,false
mbrainz_17006,discogs_172783,musicbrainz,discogs,false
mbrainz_17006,discogs_26677,musicbrainz,discogs,false
mbrainz_17006,discogs_47264,musicbrainz,discogs,false
mbrainz_17006,discogs_86243,musicbrainz,discogs,false
mbrainz_17006,discogs_88632,musicbrainz,discogs,false
mbrainz_17012,discogs_13528,musicbrainz,discogs,false
mbrainz_17012,discogs_147031,musicbrainz,discogs,false
mbrainz_17012,discogs_152459,musicbrainz,discogs,false
mbrainz_17012,discogs_155819,musicbrainz,discogs,false
mbrainz_17012,discogs_87225,musicbrainz,discogs,false
mbrainz_17012,discogs_90116,musicbrainz,discogs,false
mbrainz_17072,discogs_168726,musicbrainz,discogs,false
mbrainz_17072,discogs_192415,musicbrainz,discogs,false
mbrainz_17072,discogs_193934,musicbrainz,discogs,false
mbrainz_17072,discogs_75181,musicbrainz,discogs,false
mbrainz_17077,discogs_100618,musicbrainz,discogs,false
mbrainz_17077,discogs_1345,musicbrainz,discogs,false
mbrainz_17077,discogs_156507,musicbrainz,discogs,false
mbrainz_17077,discogs_194476,musicbrainz,discogs,false
mbrainz_17077,discogs_196116,musicbrainz,discogs,false
mbrainz_17077,discogs_25086,musicbrainz,discogs,false
mbrainz_17077,discogs_30089,musicbrainz,discogs,false
mbrainz_17077,discogs_36814,musicbrainz,discogs,false
mbrainz_17077,discogs_97155,musicbrainz,discogs,false
mbrainz_17086,discogs_105747,musicbrainz,discogs,false
mbrainz_17086,discogs_123110,musicbrainz,discogs,false
mbrainz_17086,discogs_145421,musicbrainz,discogs,false
mbrainz_17086,discogs_15043,musicbrainz,discogs,false
mbrainz_17086,discogs_16748,musicbrainz,discogs,false
mbrainz_17086,discogs_183900,musicbrainz,discogs,false
mbrainz_17086,discogs_193721,musicbrainz,discogs,false
mbrainz_17086,discogs_82946,musicbrainz,discogs,false
mbrainz_1709,discogs_105109,musicbrainz,discogs,false
mbrainz_1709,discogs_1110,musicbrainz,discogs,false
mbrainz_1709,discogs_11136,musicbrainz,discogs,false
mbrainz_1709,discogs_119440,musicbrainz,discogs,false
mbrainz_1709,discogs_17698,musicbrainz,discogs,false
mbrainz_1709,discogs_53269,musicbrainz,discogs,false
mbrainz_1709,discogs_61439,musicbrainz,discogs,false
mbrainz_1712,discogs_120022,musicbrainz,discogs,false
mbrainz_1712,discogs_53717,musicbrainz,discogs,false
mbrainz_1713,discogs_117316,musicbrainz,discogs,false
mbrainz_1713,discogs_120134,musicbrainz,discogs,false
mbrainz_1713,discogs_143662,musicbrainz,discogs,false
mbrainz_17143,discogs_132023,musicbrainz,discogs,false
mbrainz_17143,discogs_1354,musicbrainz,discogs,false
mbrainz_17143,discogs_145212,musicbrainz,discogs,false
mbrainz_17143,discogs_172020,musicbrainz,discogs,false
mbrainz_17143,discogs_185333,musicbrainz,discogs,false
mbrainz_17143,discogs_24211,musicbrainz,discogs,false
mbrainz_17143,discogs_31447,musicbrainz,discogs,false
mbrainz_17143,discogs_72639,musicbrainz,discogs,false
mbrainz_17143,discogs_825,musicbrainz,discogs,false
mbrainz_1715,discogs_101576,musicbrainz,discogs,false
mbrainz_1715,discogs_102196,musicbrainz,discogs,false
mbrainz_1715,discogs_102200,musicbrainz,discogs,false
mbrainz_1715,discogs_116461,musicbrainz,discogs,false
mbrainz_1715,discogs_121165,musicbrainz,discogs,false
mbrainz_1715,discogs_126799,musicbrainz,discogs,false
mbrainz_1715,discogs_13389,musicbrainz,discogs,false
mbrainz_1715,discogs_143396,musicbrainz,discogs,false
mbrainz_17160,discogs_104148,musicbrainz,discogs,false
mbrainz_1718,discogs_143225,musicbrainz,discogs,false
mbrainz_1718,discogs_150763,musicbrainz,discogs,false
mbrainz_1718,discogs_163608,musicbrainz,discogs,false
mbrainz_1718,discogs_191893,musicbrainz,discogs,false
mbrainz_1718,discogs_4499,musicbrainz,discogs,false
mbrainz_1718,discogs_56262,musicbrainz,discogs,false
mbrainz_1718,discogs_58108,musicbrainz,discogs,false
mbrainz_1718,discogs_82287,musicbrainz,discogs,false
mbrainz_1721,discogs_116367,musicbrainz,discogs,false
mbrainz_1721,discogs_118334,musicbrainz,discogs,false
mbrainz_1721,discogs_132341,musicbrainz,discogs,false
mbrainz_1721,discogs_137598,musicbrainz,discogs,false
mbrainz_1721,discogs_143756,musicbrainz,discogs,false
mbrainz_1721,discogs_185580,musicbrainz,discogs,false
mbrainz_17212,discogs_110419,musicbrainz,discogs,false
mbrainz_17212,discogs_112781,musicbrainz,discogs,false
mbrainz_17212,discogs_17709,musicbrainz,discogs,false
mbrainz_17212,discogs_21496,musicbrainz,discogs,false
mbrainz_17212,discogs_28678,musicbrainz,discogs,false
mbrainz_17212,discogs_66888,musicbrainz,discogs,false
mbrainz_17212,discogs_82440,musicbrainz,discogs,false
mbrainz_17217,discogs_125329,musicbrainz,discogs,false
mbrainz_17217,discogs_141203,musicbrainz,discogs,false
mbrainz_17217,discogs_144531,musicbrainz,discogs,false
mbrainz_17217,discogs_145968,musicbrainz,discogs,false
mbrainz_17217,discogs_37900,musicbrainz,discogs,false
mbrainz_17217,discogs_94423,musicbrainz,discogs,false
mbrainz_17238,discogs_143866,musicbrainz,discogs,false
mbrainz_17238,discogs_148771,musicbrainz,discogs,false
mbrainz_17238,discogs_167167,musicbrainz,discogs,false
mbrainz_17238,discogs_65154,musicbrainz,discogs,false
mbrainz_17238,discogs_67721,musicbrainz,discogs,false
mbrainz_17238,discogs_68887,musicbrainz,discogs,false
mbrainz_1724,discogs_123902,musicbrainz,discogs,false
mbrainz_1724,discogs_124817,musicbrainz,discogs,false
mbrainz_1724,discogs_158226,musicbrainz,discogs,false
mbrainz_1724,discogs_165985,musicbrainz,discogs,false
mbrainz_1724,discogs_17538,musicbrainz,discogs,false
mbrainz_1724,discogs_41162,musicbrainz,discogs,false
mbrainz_1724,discogs_94111,musicbrainz,discogs,false
mbrainz_1724,discogs_99926,musicbrainz,discogs,false
mbrainz_1725,discogs_113473,musicbrainz,discogs,false
mbrainz_1725,discogs_173227,musicbrainz,discogs,false
mbrainz_1725,discogs_24115,musicbrainz,discogs,false
mbrainz_17264,discogs_108702,musicbrainz,discogs,false
mbrainz_17264,discogs_118334,musicbrainz,discogs,false
mbrainz_17264,discogs_162631,musicbrainz,discogs,false
mbrainz_17264,discogs_171579,musicbrainz,discogs,false
mbrainz_17264,discogs_174311,musicbrainz,discogs,false
mbrainz_17264,discogs_4703,musicbrainz,discogs,false
mbrainz_17264,discogs_60326,musicbrainz,discogs,false
mbrainz_17264,discogs_63485,musicbrainz,discogs,false
mbrainz_173,discogs_101345,musicbrainz,discogs,false
mbrainz_173,discogs_106017,musicbrainz,discogs,false
mbrainz_173,discogs_174378,musicbrainz,discogs,false
mbrainz_173,discogs_196277,musicbrainz,discogs,false
mbrainz_173,discogs_2048,musicbrainz,discogs,false
mbrainz_173,discogs_52186,musicbrainz,discogs,false
mbrainz_173,discogs_67148,musicbrainz,discogs,false
mbrainz_1731,discogs_103586,musicbrainz,discogs,false
mbrainz_1731,discogs_138072,musicbrainz,discogs,false
mbrainz_1731,discogs_180909,musicbrainz,discogs,false
mbrainz_1731,discogs_50227,musicbrainz,discogs,false
mbrainz_1732,discogs_102858,musicbrainz,discogs,false
mbrainz_1732,discogs_129203,musicbrainz,discogs,false
mbrainz_1732,discogs_147540,musicbrainz,discogs,false
mbrainz_1732,discogs_169282,musicbrainz,discogs,false
mbrainz_1732,discogs_198042,musicbrainz,discogs,false
mbrainz_1732,discogs_43516,musicbrainz,discogs,false
mbrainz_1737,discogs_154729,musicbrainz,discogs,false
mbrainz_1737,discogs_164259,musicbrainz,discogs,false
mbrainz_1737,discogs_55037,musicbrainz,discogs,false
mbrainz_1739,discogs_118592,musicbrainz,discogs,false
mbrainz_1739,discogs_136578,musicbrainz,discogs,false
mbrainz_1739,discogs_160308,musicbrainz,discogs,false
mbrainz_1739,discogs_195593,musicbrainz,discogs,false
mbrainz_1739,discogs_197815,musicbrainz,discogs,false
mbrainz_1739,discogs_96815,musicbrainz,discogs,false
mbrainz_1739,discogs_99813,musicbrainz,discogs,false
mbrainz_174,discogs_13839,musicbrainz,discogs,false
mbrainz_174,discogs_32031,musicbrainz,discogs,false
mbrainz_174,discogs_33441,musicbrainz,discogs,false
mbrainz_174,discogs_41756,musicbrainz,discogs,false
mbrainz_174,discogs_6463,musicbrainz,discogs,false
mbrainz_174,discogs_75190,musicbrainz,discogs,false
mbrainz_174,discogs_972,musicbrainz,discogs,false
mbrainz_17408,discogs_137064,musicbrainz,discogs,false
mbrainz_17408,discogs_147644,musicbrainz,discogs,false
mbrainz_17408,discogs_147811,musicbrainz,discogs,false
mbrainz_17408,discogs_148325,musicbrainz,discogs,false
mbrainz_17408,discogs_19729,musicbrainz,discogs,false
mbrainz_17408,discogs_4260,musicbrainz,discogs,false
mbrainz_17408,discogs_58914,musicbrainz,discogs,false
mbrainz_17412,discogs_1054,musicbrainz,discogs,false
mbrainz_17412,discogs_189973,musicbrainz,discogs,false
mbrainz_17412,discogs_42486,musicbrainz,discogs,false
mbrainz_17412,discogs_75308,musicbrainz,discogs,false
mbrainz_17412,discogs_83288,musicbrainz,discogs,false
mbrainz_17412,discogs_87325,musicbrainz,discogs,false
mbrainz_17412,discogs_95232,musicbrainz,discogs,false
mbrainz_1744,discogs_15964,musicbrainz,discogs,false
mbrainz_1744,discogs_20352,musicbrainz,discogs,false
mbrainz_1744,discogs_50120,musicbrainz,discogs,false
mbrainz_1744,discogs_68967,musicbrainz,discogs,false
mbrainz_1744,discogs_73487,musicbrainz,discogs,false
mbrainz_1744,discogs_9030,musicbrainz,discogs,false
mbrainz_1746,discogs_115736,musicbrainz,discogs,false
mbrainz_1747,discogs_114194,musicbrainz,discogs,false
mbrainz_1747,discogs_159684,musicbrainz,discogs,false
mbrainz_1747,discogs_173214,musicbrainz,discogs,false
mbrainz_1747,discogs_179220,musicbrainz,discogs,false
mbrainz_1747,discogs_41404,musicbrainz,discogs,false
mbrainz_1747,discogs_54711,musicbrainz,discogs,false
mbrainz_1747,discogs_61916,musicbrainz,discogs,false
mbrainz_17547,discogs_11529,musicbrainz,discogs,false
mbrainz_17547,discogs_130897,musicbrainz,discogs,false
mbrainz_17547,discogs_172908,musicbrainz,discogs,false
mbrainz_17547,discogs_29720,musicbrainz,discogs,false
mbrainz_17547,discogs_37274,musicbrainz,discogs,false
mbrainz_17547,discogs_56716,musicbrainz,discogs,false
mbrainz_17547,discogs_77067,musicbrainz,discogs,false
mbrainz_17562,discogs_132023,musicbrainz,discogs,false
mbrainz_17562,discogs_1354,musicbrainz,discogs,false
mbrainz_17562,discogs_145212,musicbrainz,discogs,false
mbrainz_17562,discogs_25132,musicbrainz,discogs,false
mbrainz_17562,discogs_31447,musicbrainz,discogs,false
mbrainz_17562,discogs_72639,musicbrainz,discogs,false
mbrainz_17562,discogs_91741,musicbrainz,discogs,false
mbrainz_17572,discogs_102501,musicbrainz,discogs,false
mbrainz_17572,discogs_111015,musicbrainz,discogs,false
mbrainz_17572,discogs_191899,musicbrainz,discogs,false
mbrainz_17572,discogs_80772,musicbrainz,discogs,false
mbrainz_17572,discogs_86424,musicbrainz,discogs,false
mbrainz_17572,discogs_95059,musicbrainz,discogs,false
mbrainz_17572,discogs_97349,musicbrainz,discogs,false
mbrainz_17575,discogs_108867,musicbrainz,discogs,false
mbrainz_17575,discogs_114031,musicbrainz,discogs,false
mbrainz_17575,discogs_142150,musicbrainz,discogs,false
mbrainz_17575,discogs_65590,musicbrainz,discogs,false
mbrainz_17575,discogs_67750,musicbrainz,discogs,false
mbrainz_17583,discogs_101436,musicbrainz,discogs,false
mbrainz_17583,discogs_45875,musicbrainz,discogs,false
mbrainz_17583,discogs_70370,musicbrainz,discogs,false
mbrainz_17583,discogs_72592,musicbrainz,discogs,false
mbrainz_17583,discogs_93992,musicbrainz,discogs,false
mbrainz_1759,discogs_14449,musicbrainz,discogs,false
mbrainz_1759,discogs_19247,musicbrainz,discogs,false
mbrainz_1759,discogs_196410,musicbrainz,discogs,false
mbrainz_1759,discogs_196958,musicbrainz,discogs,false
mbrainz_1759,discogs_41256,musicbrainz,discogs,false
mbrainz_1759,discogs_44858,musicbrainz,discogs,false
mbrainz_1759,discogs_46260,musicbrainz,discogs,false
mbrainz_17594,discogs_16155,musicbrainz,discogs,false
mbrainz_17594,discogs_28578,musicbrainz,discogs,false
mbrainz_17594,discogs_38559,musicbrainz,discogs,false
mbrainz_176,discogs_114383,musicbrainz,discogs,false
mbrainz_176,discogs_115843,musicbrainz,discogs,false
mbrainz_176,discogs_121629,musicbrainz,discogs,false
mbrainz_176,discogs_141777,musicbrainz,discogs,false
mbrainz_176,discogs_169741,musicbrainz,discogs,false
mbrainz_176,discogs_196653,musicbrainz,discogs,false
mbrainz_176,discogs_22388,musicbrainz,discogs,false
mbrainz_176,discogs_71208,musicbrainz,discogs,false
mbrainz_176,discogs_89298,musicbrainz,discogs,false
mbrainz_1762,discogs_115460,musicbrainz,discogs,false
mbrainz_1762,discogs_122958,musicbrainz,discogs,false
mbrainz_1762,discogs_14147,musicbrainz,discogs,false
mbrainz_1762,discogs_6108,musicbrainz,discogs,false
mbrainz_1762,discogs_8237,musicbrainz,discogs,false
mbrainz_1762,discogs_904,musicbrainz,discogs,false
mbrainz_1762,discogs_94657,musicbrainz,discogs,false
mbrainz_1764,discogs_13787,musicbrainz,discogs,false
mbrainz_1764,discogs_21988,musicbrainz,discogs,false
mbrainz_1764,discogs_86600,musicbrainz,discogs,false
mbrainz_17640,discogs_131184,musicbrainz,discogs,false
mbrainz_17640,discogs_132890,musicbrainz,discogs,false
mbrainz_17640,discogs_160393,musicbrainz,discogs,false
mbrainz_17640,discogs_164614,musicbrainz,discogs,false
mbrainz_17640,discogs_18738,musicbrainz,discogs,false
mbrainz_17640,discogs_192613,musicbrainz,discogs,false
mbrainz_17640,discogs_79645,musicbrainz,discogs,false
mbrainz_17640,discogs_80771,musicbrainz,discogs,false
mbrainz_17641,discogs_136073,musicbrainz,discogs,false
mbrainz_17641,discogs_136261,musicbrainz,discogs,false
mbrainz_17641,discogs_137528,musicbrainz,discogs,false
mbrainz_17641,discogs_150374,musicbrainz,discogs,false
mbrainz_17641,discogs_21743,musicbrainz,discogs,false
mbrainz_17641,discogs_27788,musicbrainz,discogs,false
mbrainz_17641,discogs_34392,musicbrainz,discogs,false
mbrainz_17641,discogs_61440,musicbrainz,discogs,false
mbrainz_17641,discogs_78557,musicbrainz,discogs,false
mbrainz_17655,discogs_106296,musicbrainz,discogs,false
mbrainz_17655,discogs_10765,musicbrainz,discogs,false
mbrainz_17655,discogs_120771,musicbrainz,discogs,false
mbrainz_17655,discogs_128974,musicbrainz,discogs,false
mbrainz_17655,discogs_141228,musicbrainz,discogs,false
mbrainz_17655,discogs_146582,musicbrainz,discogs,false
mbrainz_17655,discogs_77069,musicbrainz,discogs,false
mbrainz_17655,discogs_79142,musicbrainz,discogs,false
mbrainz_17655,discogs_79926,musicbrainz,discogs,false
mbrainz_17658,discogs_115,musicbrainz,discogs,false
mbrainz_17658,discogs_21173,musicbrainz,discogs,false
mbrainz_17658,discogs_51397,musicbrainz,discogs,false
mbrainz_17658,discogs_76407,musicbrainz,discogs,false
mbrainz_17658,discogs_85500,musicbrainz,discogs,false
mbrainz_17658,discogs_872,musicbrainz,discogs,false
mbrainz_1767,discogs_140311,musicbrainz,discogs,false
mbrainz_1767,discogs_155311,musicbrainz,discogs,false
mbrainz_1767,discogs_169404,musicbrainz,discogs,false
mbrainz_1767,discogs_189264,musicbrainz,discogs,false
mbrainz_1767,discogs_46936,musicbrainz,discogs,false
mbrainz_1767,discogs_65666,musicbrainz,discogs,false
mbrainz_1767,discogs_86794,musicbrainz,discogs,false
mbrainz_17701,discogs_114190,musicbrainz,discogs,false
mbrainz_17701,discogs_123627,musicbrainz,discogs,false
mbrainz_17701,discogs_154995,musicbrainz,discogs,false
mbrainz_17701,discogs_181063,musicbrainz,discogs,false
mbrainz_17701,discogs_20946,musicbrainz,discogs,false
mbrainz_17701,discogs_36650,musicbrainz,discogs,false
mbrainz_17712,discogs_14174,musicbrainz,discogs,false
mbrainz_17712,discogs_150825,musicbrainz,discogs,false
mbrainz_17712,discogs_195451,musicbrainz,discogs,false
mbrainz_17712,discogs_21076,musicbrainz,discogs,false
mbrainz_17712,discogs_26679,musicbrainz,discogs,false
mbrainz_17712,discogs_30230,musicbrainz,discogs,false
mbrainz_17712,discogs_54962,musicbrainz,discogs,false
mbrainz_17712,discogs_57939,musicbrainz,discogs,false
mbrainz_17712,discogs_68104,musicbrainz,discogs,false
mbrainz_1772,discogs_168607,musicbrainz,discogs,false
mbrainz_1772,discogs_177351,musicbrainz,discogs,false
mbrainz_1772,discogs_3750,musicbrainz,discogs,false
mbrainz_1772,discogs_49339,musicbrainz,discogs,false
mbrainz_1772,discogs_6787,musicbrainz,discogs,false
mbrainz_1772,discogs_68114,musicbrainz,discogs,false
mbrainz_1772,discogs_80693,musicbrainz,discogs,false
mbrainz_17748,discogs_70460,musicbrainz,discogs,false
mbrainz_1776,discogs_110195,musicbrainz,discogs,false
mbrainz_1776,discogs_175317,musicbrainz,discogs,false
mbrainz_1776,discogs_183201,musicbrainz,discogs,false
mbrainz_1776,discogs_183358,musicbrainz,discogs,false
mbrainz_1776,discogs_30722,musicbrainz,discogs,false
mbrainz_1776,discogs_33533,musicbrainz,discogs,false
mbrainz_1776,discogs_33833,musicbrainz,discogs,false
mbrainz_1776,discogs_43073,musicbrainz,discogs,false
mbrainz_17778,discogs_13791,musicbrainz,discogs,false
mbrainz_17778,discogs_182755,musicbrainz,discogs,false
mbrainz_17778,discogs_187218,musicbrainz,discogs,false
mbrainz_17778,discogs_193916,musicbrainz,discogs,false
mbrainz_17778,discogs_30733,musicbrainz,discogs,false
mbrainz_17778,discogs_50787,musicbrainz,discogs,false
mbrainz_17778,discogs_50824,musicbrainz,discogs,false
mbrainz_17778,discogs_54724,musicbrainz,discogs,false
mbrainz_17785,discogs_103494,musicbrainz,discogs,false
mbrainz_17785,discogs_11262,musicbrainz,discogs,false
mbrainz_17785,discogs_167616,musicbrainz,discogs,false
mbrainz_17785,discogs_173409,musicbrainz,discogs,false
mbrainz_17785,discogs_190445,musicbrainz,discogs,false
mbrainz_17785,discogs_74273,musicbrainz,discogs,false
mbrainz_17785,discogs_75258,musicbrainz,discogs,false
mbrainz_17788,discogs_129280,musicbrainz,discogs,false
mbrainz_17788,discogs_190084,musicbrainz,discogs,false
mbrainz_17788,discogs_52864,musicbrainz,discogs,false
mbrainz_17788,discogs_53426,musicbrainz,discogs,false
mbrainz_17788,discogs_60735,musicbrainz,discogs,false
mbrainz_17788,discogs_68391,musicbrainz,discogs,false
mbrainz_17788,discogs_80092,musicbrainz,discogs,false
mbrainz_17817,discogs_106132,musicbrainz,discogs,false
mbrainz_17817,discogs_125732,musicbrainz,discogs,false
mbrainz_17817,discogs_134099,musicbrainz,discogs,false
mbrainz_17817,discogs_144412,musicbrainz,discogs,false
mbrainz_17817,discogs_161237,musicbrainz,discogs,false
mbrainz_17817,discogs_191807,musicbrainz,discogs,false
mbrainz_17817,discogs_198062,musicbrainz,discogs,false
mbrainz_17817,discogs_28103,musicbrainz,discogs,false
mbrainz_17817,discogs_30689,musicbrainz,discogs,false
mbrainz_17817,discogs_82808,musicbrainz,discogs,false
mbrainz_17820,discogs_103386,musicbrainz,discogs,false
mbrainz_17820,discogs_118520,musicbrainz,discogs,false
mbrainz_17820,discogs_132037,musicbrainz,discogs,false
mbrainz_17820,discogs_161789,musicbrainz,discogs,false
mbrainz_17820,discogs_71514,musicbrainz,discogs,false
mbrainz_17820,discogs_91365,musicbrainz,discogs,false
mbrainz_17820,discogs_93307,musicbrainz,discogs,false
mbrainz_17820,discogs_93364,musicbrainz,discogs,false
mbrainz_17827,discogs_127895,musicbrainz,discogs,false
mbrainz_17827,discogs_186047,musicbrainz,discogs,false
mbrainz_17827,discogs_26744,musicbrainz,discogs,false
mbrainz_17827,discogs_59252,musicbrainz,discogs,false
mbrainz_17827,discogs_66623,musicbrainz,discogs,false
mbrainz_17827,discogs_8483,musicbrainz,discogs,false
mbrainz_17827,discogs_8552,musicbrainz,discogs,false
mbrainz_1783,discogs_133770,musicbrainz,discogs,false
mbrainz_1783,discogs_14037,musicbrainz,discogs,false
mbrainz_1783,discogs_1634,musicbrainz,discogs,false
mbrainz_1783,discogs_164699,musicbrainz,discogs,false
mbrainz_1783,discogs_191675,musicbrainz,discogs,false
mbrainz_1783,discogs_84204,musicbrainz,discogs,false
mbrainz_1783,discogs_99434,musicbrainz,discogs,false
mbrainz_17834,discogs_182822,musicbrainz,discogs,false
mbrainz_17834,discogs_194105,musicbrainz,discogs,false
mbrainz_17834,discogs_20321,musicbrainz,discogs,false
mbrainz_17834,discogs_21442,musicbrainz,discogs,false
mbrainz_17834,discogs_35622,musicbrainz,discogs,false
mbrainz_17834,discogs_51899,musicbrainz,discogs,false
mbrainz_17834,discogs_56949,musicbrainz,discogs,false
mbrainz_17834,discogs_93510,musicbrainz,discogs,false
mbrainz_17834,discogs_96850,musicbrainz,discogs,false
mbrainz_17838,discogs_105796,musicbrainz,discogs,false
mbrainz_17871,discogs_126699,musicbrainz,discogs,false
mbrainz_17871,discogs_128,musicbrainz,discogs,false
mbrainz_17871,discogs_152802,musicbrainz,discogs,false
mbrainz_17871,discogs_161894,musicbrainz,discogs,false
mbrainz_17871,discogs_179603,musicbrainz,discogs,false
mbrainz_17871,discogs_23717,musicbrainz,discogs,false
mbrainz_17871,discogs_63233,musicbrainz,discogs,false
mbrainz_17871,discogs_85079,musicbrainz,discogs,false
mbrainz_17890,discogs_191000,musicbrainz,discogs,false
mbrainz_17890,discogs_47726,musicbrainz,discogs,false
mbrainz_17890,discogs_50214,musicbrainz,discogs,false
mbrainz_17890,discogs_70370,musicbrainz,discogs,false
mbrainz_17890,discogs_76496,musicbrainz,discogs,false
mbrainz_17890,discogs_93992,musicbrainz,discogs,false
mbrainz_17891,discogs_106254,musicbrainz,discogs,false
mbrainz_17891,discogs_109766,musicbrainz,discogs,false
mbrainz_17891,discogs_11480,musicbrainz,discogs,false
mbrainz_17891,discogs_133944,musicbrainz,discogs,false
mbrainz_17891,discogs_146201,musicbrainz,discogs,false
mbrainz_17891,discogs_171354,musicbrainz,discogs,false
mbrainz_17891,discogs_189285,musicbrainz,discogs,false
mbrainz_17891,discogs_28502,musicbrainz,discogs,false
mbrainz_1792,discogs_10981,musicbrainz,discogs,false
mbrainz_1792,discogs_23060,musicbrainz,discogs,false
mbrainz_1792,discogs_26152,musicbrainz,discogs,false
mbrainz_1792,discogs_26411,musicbrainz,discogs,false
mbrainz_1792,discogs_39338,musicbrainz,discogs,false
mbrainz_1792,discogs_65381,musicbrainz,discogs,false
mbrainz_1792,discogs_85511,musicbrainz,discogs,false
mbrainz_1792,discogs_88643,musicbrainz,discogs,false
mbrainz_17926,discogs_10272,musicbrainz,discogs,false
mbrainz_17926,discogs_106670,musicbrainz,discogs,false
mbrainz_17926,discogs_158031,musicbrainz,discogs,false
mbrainz_17926,discogs_170717,musicbrainz,discogs,false
mbrainz_17926,discogs_174606,musicbrainz,discogs,false
mbrainz_17926,discogs_59587,musicbrainz,discogs,false
mbrainz_17926,discogs_83422,musicbrainz,discogs,false
mbrainz_17926,discogs_94397,musicbrainz,discogs,false
mbrainz_1793,discogs_114207,musicbrainz,discogs,false
mbrainz_1793,discogs_121675,musicbrainz,discogs,false
mbrainz_1793,discogs_17602,musicbrainz,discogs,false
mbrainz_1793,discogs_46000,musicbrainz,discogs,false
mbrainz_1793,discogs_51226,musicbrainz,discogs,false
mbrainz_1793,discogs_5272,musicbrainz,discogs,false
mbrainz_1793,discogs_79318,musicbrainz,discogs,false
mbrainz_1798,discogs_110599,musicbrainz,discogs,false
mbrainz_1798,discogs_180711,musicbrainz,discogs,false
mbrainz_1798,discogs_28701,musicbrainz,discogs,false
mbrainz_1798,discogs_38174,musicbrainz,discogs,false
mbrainz_1798,discogs_38287,musicbrainz,discogs,false
mbrainz_1798,discogs_40620,musicbrainz,discogs,false
mbrainz_1798,discogs_51902,musicbrainz,discogs,false
mbrainz_1798,discogs_5809,musicbrainz,discogs,false
mbrainz_17985,discogs_85426,musicbrainz,discogs,false
mbrainz_17995,discogs_111385,musicbrainz,discogs,false
mbrainz_17995,discogs_119642,musicbrainz,discogs,false
mbrainz_17995,discogs_161731,musicbrainz,discogs,false
mbrainz_17995,discogs_19154,musicbrainz,discogs,false
mbrainz_17995,discogs_25251,musicbrainz,discogs,false
mbrainz_17995,discogs_4176,musicbrainz,discogs,false
mbrainz_17999,discogs_102025,musicbrainz,discogs,false
mbrainz_17999,discogs_119717,musicbrainz,discogs,false
mbrainz_17999,discogs_12732,musicbrainz,discogs,false
mbrainz_17999,discogs_131964,musicbrainz,discogs,false
mbrainz_17999,discogs_157058,musicbrainz,discogs,false
mbrainz_17999,discogs_166379,musicbrainz,discogs,false
mbrainz_17999,discogs_19322,musicbrainz,discogs,false
mbrainz_180,discogs_24028,musicbrainz,discogs,false
mbrainz_180,discogs_4676,musicbrainz,discogs,false
mbrainz_180,discogs_496,musicbrainz,discogs,false
mbrainz_180,discogs_67932,musicbrainz,discogs,false
mbrainz_180,discogs_89216,musicbrainz,discogs,false
mbrainz_180,discogs_94111,musicbrainz,discogs,false
mbrainz_180,discogs_9570,musicbrainz,discogs,false
mbrainz_18055,discogs_119870,musicbrainz,discogs,false
mbrainz_18055,discogs_122057,musicbrainz,discogs,false
mbrainz_18055,discogs_126989,musicbrainz,discogs,false
mbrainz_18055,discogs_14290,musicbrainz,discogs,false
mbrainz_18055,discogs_43133,musicbrainz,discogs,false
mbrainz_18055,discogs_57648,musicbrainz,discogs,false
mbrainz_18055,discogs_66486,musicbrainz,discogs,false
mbrainz_18055,discogs_73912,musicbrainz,discogs,false
mbrainz_18055,discogs_92247,musicbrainz,discogs,false
mbrainz_18060,discogs_113181,musicbrainz,discogs,false
mbrainz_18060,discogs_135201,musicbrainz,discogs,false
mbrainz_18060,discogs_189079,musicbrainz,discogs,false
mbrainz_18060,discogs_192316,musicbrainz,discogs,false
mbrainz_18060,discogs_35806,musicbrainz,discogs,false
mbrainz_18060,discogs_89278,musicbrainz,discogs,false
mbrainz_18072,discogs_108013,musicbrainz,discogs,false
mbrainz_18072,discogs_118019,musicbrainz,discogs,false
mbrainz_18072,discogs_135749,musicbrainz,discogs,false
mbrainz_18072,discogs_14275,musicbrainz,discogs,false
mbrainz_18072,discogs_147524,musicbrainz,discogs,false
mbrainz_18072,discogs_153203,musicbrainz,discogs,false
mbrainz_18072,discogs_89801,musicbrainz,discogs,false
mbrainz_18090,discogs_118334,musicbrainz,discogs,false
mbrainz_18090,discogs_174311,musicbrainz,discogs,false
mbrainz_18090,discogs_179352,musicbrainz,discogs,false
mbrainz_18090,discogs_59429,musicbrainz,discogs,false
mbrainz_18090,discogs_67107,musicbrainz,discogs,false
mbrainz_18090,discogs_72663,musicbrainz,discogs,false
mbrainz_18116,discogs_105476,musicbrainz,discogs,false
mbrainz_18116,discogs_15966,musicbrainz,discogs,false
mbrainz_18116,discogs_188775,musicbrainz,discogs,false
mbrainz_18116,discogs_84822,musicbrainz,discogs,false
mbrainz_18116,discogs_92496,musicbrainz,discogs,false
mbrainz_1812,discogs_100615,musicbrainz,discogs,false
mbrainz_1812,discogs_12559,musicbrainz,discogs,false
mbrainz_1812,discogs_139812,musicbrainz,discogs,false
mbrainz_1812,discogs_28419,musicbrainz,discogs,false
mbrainz_1812,discogs_29552,musicbrainz,discogs,false
mbrainz_1812,discogs_84203,musicbrainz,discogs,false
mbrainz_1812,discogs_94656,musicbrainz,discogs,false
mbrainz_18122,discogs_15035,musicbrainz,discogs,false
mbrainz_18122,discogs_178057,musicbrainz,discogs,false
mbrainz_18122,discogs_95802,musicbrainz,discogs,false
mbrainz_18137,discogs_118279,musicbrainz,discogs,false
mbrainz_18137,discogs_123578,musicbrainz,discogs,false
mbrainz_18137,discogs_12588,musicbrainz,discogs,false
mbrainz_18137,discogs_142793,musicbrainz,discogs,false
mbrainz_18137,discogs_191276,musicbrainz,discogs,false
mbrainz_18137,discogs_42600,musicbrainz,discogs,false
mbrainz_18137,discogs_9433,musicbrainz,discogs,false
mbrainz_18191,discogs_124027,musicbrainz,discogs,false
mbrainz_18191,discogs_176711,musicbrainz,discogs,false
mbrainz_18196,discogs_124378,musicbrainz,discogs,false
mbrainz_18196,discogs_157181,musicbrainz,discogs,false
mbrainz_18196,discogs_178281,musicbrainz,discogs,false
mbrainz_18206,discogs_35555,musicbrainz,discogs,false
mbrainz_18206,discogs_96550,musicbrainz,discogs,false
mbrainz_18232,discogs_139100,musicbrainz,discogs,false
mbrainz_18232,discogs_171428,musicbrainz,discogs,false
mbrainz_18232,discogs_537,musicbrainz,discogs,false
mbrainz_1825,discogs_12129,musicbrainz,discogs,false
mbrainz_1825,discogs_122612,musicbrainz,discogs,false
mbrainz_1825,discogs_164449,musicbrainz,discogs,false
mbrainz_1825,discogs_33994,musicbrainz,discogs,false
mbrainz_1825,discogs_72448,musicbrainz,discogs,false
mbrainz_1825,discogs_73284,musicbrainz,discogs,false
mbrainz_1825,discogs_96934,musicbrainz,discogs,false
mbrainz_1825,discogs_99615,musicbrainz,discogs,false
mbrainz_18250,discogs_102501,musicbrainz,discogs,false
mbrainz_18250,discogs_111015,musicbrainz,discogs,false
mbrainz_18250,discogs_80772,musicbrainz,discogs,false
mbrainz_18250,discogs_81161,musicbrainz,discogs,false
mbrainz_18250,discogs_84243,musicbrainz,discogs,false
mbrainz_18250,discogs_85257,musicbrainz,discogs,false
mbrainz_18250,discogs_86424,musicbrainz,discogs,false
mbrainz_18250,discogs_95059,musicbrainz,discogs,false
mbrainz_18250,discogs_97349,musicbrainz,discogs,false
mbrainz_1826,discogs_149503,musicbrainz,discogs,false
mbrainz_18301,discogs_12041,musicbrainz,discogs,false
mbrainz_18301,discogs_124313,musicbrainz,discogs,false
mbrainz_18301,discogs_15853,musicbrainz,discogs,false
mbrainz_18301,discogs_160855,musicbrainz,discogs,false
mbrainz_18301,discogs_40500,musicbrainz,discogs,false
mbrainz_18314,discogs_1018,musicbrainz,discogs,false
mbrainz_18314,discogs_111385,musicbrainz,discogs,false
mbrainz_18314,discogs_121437,musicbrainz,discogs,false
mbrainz_18314,discogs_26855,musicbrainz,discogs,false
mbrainz_18314,discogs_75543,musicbrainz,discogs,false
mbrainz_18331,discogs_11378,musicbrainz,discogs,false
mbrainz_18331,discogs_116833,musicbrainz,discogs,false
mbrainz_18331,discogs_124604,musicbrainz,discogs,false
mbrainz_18331,discogs_164450,musicbrainz,discogs,false
mbrainz_18331,discogs_55215,musicbrainz,discogs,false
mbrainz_18331,discogs_57677,musicbrainz,discogs,false
mbrainz_18331,discogs_73749,musicbrainz,discogs,false
mbrainz_18331,discogs_90141,musicbrainz,discogs,false
mbrainz_18332,discogs_135668,musicbrainz,discogs,false
mbrainz_18332,discogs_162130,musicbrainz,discogs,false
mbrainz_18332,discogs_16580,musicbrainz,discogs,false
mbrainz_18332,discogs_18290,musicbrainz,discogs,false
mbrainz_18332,discogs_5244,musicbrainz,discogs,false
mbrainz_18332,discogs_53040,musicbrainz,discogs,false
mbrainz_18358,discogs_101,musicbrainz,discogs,false
mbrainz_18358,discogs_107605,musicbrainz,discogs,false
mbrainz_18358,discogs_143351,musicbrainz,discogs,false
mbrainz_18358,discogs_51449,musicbrainz,discogs,false
mbrainz_18358,discogs_64031,musicbrainz,discogs,false
mbrainz_18442,discogs_171841,musicbrainz,discogs,false
mbrainz_18442,discogs_1765,musicbrainz,discogs,false
mbrainz_18442,discogs_179950,musicbrainz,discogs,false
mbrainz_18442,discogs_29930,musicbrainz,discogs,false
mbrainz_18442,discogs_42153,musicbrainz,discogs,false
mbrainz_18442,discogs_42527,musicbrainz,discogs,false
mbrainz_18442,discogs_43114,musicbrainz,discogs,false
mbrainz_18442,discogs_44535,musicbrainz,discogs,false
mbrainz_18444,discogs_114207,musicbrainz,discogs,false
mbrainz_18444,discogs_121675,musicbrainz,discogs,false
mbrainz_18444,discogs_124354,musicbrainz,discogs,false
mbrainz_18444,discogs_15679,musicbrainz,discogs,false
mbrainz_18444,discogs_17602,musicbrainz,discogs,false
mbrainz_18444,discogs_184559,musicbrainz,discogs,false
mbrainz_18444,discogs_27780,musicbrainz,discogs,false
mbrainz_18444,discogs_46000,musicbrainz,discogs,false
mbrainz_18462,discogs_130272,musicbrainz,discogs,false
mbrainz_18462,discogs_160403,musicbrainz,discogs,false
mbrainz_18462,discogs_179950,musicbrainz,discogs,false
mbrainz_18462,discogs_3352,musicbrainz,discogs,false
mbrainz_18462,discogs_45695,musicbrainz,discogs,false
mbrainz_18462,discogs_48468,musicbrainz,discogs,false
mbrainz_18462,discogs_60721,musicbrainz,discogs,false
mbrainz_18487,discogs_100100,musicbrainz,discogs,false
mbrainz_18487,discogs_107916,musicbrainz,discogs,false
mbrainz_18487,discogs_145542,musicbrainz,discogs,false
mbrainz_18487,discogs_150789,musicbrainz,discogs,false
mbrainz_18487,discogs_164388,musicbrainz,discogs,false
mbrainz_18487,discogs_81389,musicbrainz,discogs,false
mbrainz_18518,discogs_111592,musicbrainz,discogs,false
mbrainz_18518,discogs_127071,musicbrainz,discogs,false
mbrainz_18536,discogs_20591,musicbrainz,discogs,false
mbrainz_18536,discogs_27752,musicbrainz,discogs,false
mbrainz_18536,discogs_54676,musicbrainz,discogs,false
mbrainz_18536,discogs_56827,musicbrainz,discogs,false
mbrainz_18536,discogs_80224,musicbrainz,discogs,false
mbrainz_18543,discogs_104170,musicbrainz,discogs,false
mbrainz_18543,discogs_173663,musicbrainz,discogs,false
mbrainz_18543,discogs_181867,musicbrainz,discogs,false
mbrainz_18543,discogs_2686,musicbrainz,discogs,false
mbrainz_18543,discogs_7326,musicbrainz,discogs,false
mbrainz_18543,discogs_93862,musicbrainz,discogs,false
mbrainz_18545,discogs_104904,musicbrainz,discogs,false
mbrainz_18545,discogs_10670,musicbrainz,discogs,false
mbrainz_18545,discogs_12681,musicbrainz,discogs,false
mbrainz_18545,discogs_143225,musicbrainz,discogs,false
mbrainz_18545,discogs_150763,musicbrainz,discogs,false
mbrainz_18545,discogs_163608,musicbrainz,discogs,false
mbrainz_18545,discogs_47384,musicbrainz,discogs,false
mbrainz_18545,discogs_56262,musicbrainz,discogs,false
mbrainz_18594,discogs_144252,musicbrainz,discogs,false
mbrainz_18594,discogs_158896,musicbrainz,discogs,false
mbrainz_18594,discogs_28136,musicbrainz,discogs,false
mbrainz_18594,discogs_61237,musicbrainz,discogs,false
mbrainz_18594,discogs_73257,musicbrainz,discogs,false
mbrainz_18594,discogs_78683,musicbrainz,discogs,false
mbrainz_18594,discogs_79663,musicbrainz,discogs,false
mbrainz_18594,discogs_8235,musicbrainz,discogs,false
mbrainz_18601,discogs_134619,musicbrainz,discogs,false
mbrainz_18601,discogs_27404,musicbrainz,discogs,false
mbrainz_18615,discogs_100276,musicbrainz,discogs,false
mbrainz_18615,discogs_131906,musicbrainz,discogs,false
mbrainz_18615,discogs_187422,musicbrainz,discogs,false
mbrainz_18615,discogs_192964,musicbrainz,discogs,false
mbrainz_18615,discogs_195501,musicbrainz,discogs,false
mbrainz_18615,discogs_32612,musicbrainz,discogs,false
mbrainz_18615,discogs_47213,musicbrainz,discogs,false
mbrainz_18615,discogs_70079,musicbrainz,discogs,false
mbrainz_18647,discogs_105109,musicbrainz,discogs,false
mbrainz_18647,discogs_16897,musicbrainz,discogs,false
mbrainz_18647,discogs_178587,musicbrainz,discogs,false
mbrainz_18647,discogs_53269,musicbrainz,discogs,false
mbrainz_18647,discogs_61439,musicbrainz,discogs,false
mbrainz_18647,discogs_8119,musicbrainz,discogs,false
mbrainz_1867,discogs_14682,musicbrainz,discogs,false
mbrainz_1867,discogs_147751,musicbrainz,discogs,false
mbrainz_1867,discogs_159356,musicbrainz,discogs,false
mbrainz_1867,discogs_161937,musicbrainz,discogs,false
mbrainz_1867,discogs_66139,musicbrainz,discogs,false
mbrainz_1867,discogs_9658,musicbrainz,discogs,false
mbrainz_18689,discogs_76769,musicbrainz,discogs,false
mbrainz_18707,discogs_104500,musicbrainz,discogs,false
mbrainz_18707,discogs_111666,musicbrainz,discogs,false
mbrainz_18707,discogs_189604,musicbrainz,discogs,false
mbrainz_18707,discogs_190741,musicbrainz,discogs,false
mbrainz_18707,discogs_20579,musicbrainz,discogs,false
mbrainz_18707,discogs_49019,musicbrainz,discogs,false
mbrainz_18707,discogs_96176,musicbrainz,discogs,false
mbrainz_1873,discogs_114173,musicbrainz,discogs,false
mbrainz_1873,discogs_146546,musicbrainz,discogs,false
mbrainz_1873,discogs_3304,musicbrainz,discogs,false
mbrainz_1873,discogs_3339,musicbrainz,discogs,false
mbrainz_1873,discogs_40904,musicbrainz,discogs,false
mbrainz_1873,discogs_42755,musicbrainz,discogs,false
mbrainz_18750,discogs_167657,musicbrainz,discogs,false
mbrainz_18750,discogs_5716,musicbrainz,discogs,false
mbrainz_18758,discogs_121834,musicbrainz,discogs,false
mbrainz_18758,discogs_153327,musicbrainz,discogs,false
mbrainz_18758,discogs_160402,musicbrainz,discogs,false
mbrainz_18758,discogs_175649,musicbrainz,discogs,false
mbrainz_18758,discogs_185931,musicbrainz,discogs,false
mbrainz_18758,discogs_72774,musicbrainz,discogs,false
mbrainz_18786,discogs_107306,musicbrainz,discogs,false
mbrainz_18786,discogs_163445,musicbrainz,discogs,false
mbrainz_18786,discogs_171891,musicbrainz,discogs,false
mbrainz_18786,discogs_28813,musicbrainz,discogs,false
mbrainz_18786,discogs_33468,musicbrainz,discogs,false
mbrainz_18786,discogs_69244,musicbrainz,discogs,false
mbrainz_18790,discogs_19636,musicbrainz,discogs,false
mbrainz_18790,discogs_4074,musicbrainz,discogs,false
mbrainz_18812,discogs_107488,musicbrainz,discogs,false
mbrainz_18812,discogs_111385,musicbrainz,discogs,false
mbrainz_18812,discogs_116367,musicbrainz,discogs,false
mbrainz_18812,discogs_121437,musicbrainz,discogs,false
mbrainz_18812,discogs_127625,musicbrainz,discogs,false
mbrainz_18812,discogs_154346,musicbrainz,discogs,false
mbrainz_18812,discogs_37938,musicbrainz,discogs,false
mbrainz_18812,discogs_4176,musicbrainz,discogs,false
mbrainz_18812,discogs_75962,musicbrainz,discogs,false
mbrainz_18816,discogs_108830,musicbrainz,discogs,false
mbrainz_18816,discogs_110826,musicbrainz,discogs,false
mbrainz_18816,discogs_118306,musicbrainz,discogs,false
mbrainz_18816,discogs_120149,musicbrainz,discogs,false
mbrainz_18816,discogs_129277,musicbrainz,discogs,false
mbrainz_18816,discogs_132094,musicbrainz,discogs,false
mbrainz_18816,discogs_181657,musicbrainz,discogs,false
mbrainz_18816,discogs_24182,musicbrainz,discogs,false
mbrainz_18831,discogs_119870,musicbrainz,discogs,false
mbrainz_18831,discogs_123722,musicbrainz,discogs,false
mbrainz_18831,discogs_126989,musicbrainz,discogs,false
mbrainz_18831,discogs_181867,musicbrainz,discogs,false
mbrainz_18831,discogs_24054,musicbrainz,discogs,false
mbrainz_18831,discogs_24450,musicbrainz,discogs,false
mbrainz_18831,discogs_55486,musicbrainz,discogs,false
mbrainz_18831,discogs_57648,musicbrainz,discogs,false
mbrainz_18831,discogs_95255,musicbrainz,discogs,false
mbrainz_1884,discogs_11247,musicbrainz,discogs,false
mbrainz_1884,discogs_11378,musicbrainz,discogs,false
mbrainz_1884,discogs_36903,musicbrainz,discogs,false
mbrainz_1884,discogs_63912,musicbrainz,discogs,false
mbrainz_1884,discogs_76788,musicbrainz,discogs,false
mbrainz_18840,discogs_104600,musicbrainz,discogs,false
mbrainz_18840,discogs_108821,musicbrainz,discogs,false
mbrainz_18840,discogs_121083,musicbrainz,discogs,false
mbrainz_18840,discogs_12664,musicbrainz,discogs,false
mbrainz_18840,discogs_142914,musicbrainz,discogs,false
mbrainz_18840,discogs_164204,musicbrainz,discogs,false
mbrainz_18840,discogs_185834,musicbrainz,discogs,false
mbrainz_18840,discogs_31353,musicbrainz,discogs,false
mbrainz_18840,discogs_61854,musicbrainz,discogs,false
mbrainz_18855,discogs_123814,musicbrainz,discogs,false
mbrainz_18855,discogs_136045,musicbrainz,discogs,false
mbrainz_18855,discogs_147350,musicbrainz,discogs,false
mbrainz_18855,discogs_164879,musicbrainz,discogs,false
mbrainz_18855,discogs_40484,musicbrainz,discogs,false
mbrainz_18855,discogs_45669,musicbrainz,discogs,false
mbrainz_18855,discogs_48621,musicbrainz,discogs,false
mbrainz_18855,discogs_7648,musicbrainz,discogs,false
mbrainz_18860,discogs_147691,musicbrainz,discogs,false
mbrainz_18860,discogs_160561,musicbrainz,discogs,false
mbrainz_18860,discogs_164775,musicbrainz,discogs,false
mbrainz_18860,discogs_173982,musicbrainz,discogs,false
mbrainz_18860,discogs_17696,musicbrainz,discogs,false
mbrainz_18860,discogs_194028,musicbrainz,discogs,false
mbrainz_18860,discogs_82348,musicbrainz,discogs,false
mbrainz_18860,discogs_96293,musicbrainz,discogs,false
mbrainz_18870,discogs_102067,musicbrainz,discogs,false
mbrainz_18870,discogs_106089,musicbrainz,discogs,false
mbrainz_18870,discogs_135933,musicbrainz,discogs,false
mbrainz_18870,discogs_158526,musicbrainz,discogs,false
mbrainz_18870,discogs_159762,musicbrainz,discogs,false
mbrainz_18870,discogs_23852,musicbrainz,discogs,false
mbrainz_18870,discogs_34733,musicbrainz,discogs,false
mbrainz_18870,discogs_43357,musicbrainz,discogs,false
mbrainz_18870,discogs_83217,musicbrainz,discogs,false
mbrainz_18883,discogs_144926,musicbrainz,discogs,false
mbrainz_18883,discogs_146860,musicbrainz,discogs,false
mbrainz_18883,discogs_156286,musicbrainz,discogs,false
mbrainz_18883,discogs_22775,musicbrainz,discogs,false
mbrainz_18883,discogs_38497,musicbrainz,discogs,false
mbrainz_18883,discogs_38610,musicbrainz,discogs,false
mbrainz_18883,discogs_45879,musicbrainz,discogs,false
mbrainz_18926,discogs_102508,musicbrainz,discogs,false
mbrainz_18926,discogs_187924,musicbrainz,discogs,false
mbrainz_18926,discogs_8809,musicbrainz,discogs,false
mbrainz_18935,discogs_133432,musicbrainz,discogs,false
mbrainz_18935,discogs_142521,musicbrainz,discogs,false
mbrainz_18935,discogs_31309,musicbrainz,discogs,false
mbrainz_18935,discogs_3224,musicbrainz,discogs,false
mbrainz_18935,discogs_3840,musicbrainz,discogs,false
mbrainz_18935,discogs_41932,musicbrainz,discogs,false
mbrainz_18935,discogs_75722,musicbrainz,discogs,false
mbrainz_18946,discogs_160458,musicbrainz,discogs,false
mbrainz_18946,discogs_165375,musicbrainz,discogs,false
mbrainz_18946,discogs_32688,musicbrainz,discogs,false
mbrainz_18946,discogs_3592,musicbrainz,discogs,false
mbrainz_18946,discogs_54776,musicbrainz,discogs,false
mbrainz_18946,discogs_70045,musicbrainz,discogs,false
mbrainz_18946,discogs_94224,musicbrainz,discogs,false
mbrainz_18962,discogs_107585,musicbrainz,discogs,false
mbrainz_18962,discogs_116468,musicbrainz,discogs,false
mbrainz_18962,discogs_128152,musicbrainz,discogs,false
mbrainz_18962,discogs_128566,musicbrainz,discogs,false
mbrainz_18974,discogs_108702,musicbrainz,discogs,false
mbrainz_18974,discogs_121437,musicbrainz,discogs,false
mbrainz_18974,discogs_154346,musicbrainz,discogs,false
mbrainz_18974,discogs_25332,musicbrainz,discogs,false
mbrainz_18974,discogs_26855,musicbrainz,discogs,false
mbrainz_18974,discogs_34602,musicbrainz,discogs,false
mbrainz_18974,discogs_97444,musicbrainz,discogs,false
mbrainz_19023,discogs_93739,musicbrainz,discogs,false
mbrainz_19059,discogs_107892,musicbrainz,discogs,false
mbrainz_19059,discogs_184089,musicbrainz,discogs,false
mbrainz_19059,discogs_191340,musicbrainz,discogs,false
mbrainz_19097,discogs_104191,musicbrainz,discogs,false
mbrainz_19097,discogs_106344,musicbrainz,discogs,false
mbrainz_19097,discogs_110913,musicbrainz,discogs,false
mbrainz_19119,discogs_113719,musicbrainz,discogs,false
mbrainz_19119,discogs_35690,musicbrainz,discogs,false
mbrainz_19119,discogs_42368,musicbrainz,discogs,false
mbrainz_19119,discogs_42600,musicbrainz,discogs,false
mbrainz_19119,discogs_43927,musicbrainz,discogs,false
mbrainz_19119,discogs_45669,musicbrainz,discogs,false
mbrainz_19119,discogs_46127,musicbrainz,discogs,false
mbrainz_19119,discogs_49893,musicbrainz,discogs,false
mbrainz_19119,discogs_8654,musicbrainz,discogs,false
mbrainz_19123,discogs_103319,musicbrainz,discogs,false
mbrainz_19123,discogs_125920,musicbrainz,discogs,false
mbrainz_19123,discogs_127732,musicbrainz,discogs,false
mbrainz_19123,discogs_23576,musicbrainz,discogs,false
mbrainz_19123,discogs_62114,musicbrainz,discogs,false
mbrainz_19123,discogs_69992,musicbrainz,discogs,false
mbrainz_19150,discogs_123589,musicbrainz,discogs,false
mbrainz_19150,discogs_144252,musicbrainz,discogs,false
mbrainz_19150,discogs_168566,musicbrainz,discogs,false
mbrainz_19150,discogs_174985,musicbrainz,discogs,false
mbrainz_19150,discogs_177119,musicbrainz,discogs,false
mbrainz_19150,discogs_22653,musicbrainz,discogs,false
mbrainz_19150,discogs_23449,musicbrainz,discogs,false
mbrainz_19150,discogs_61237,musicbrainz,discogs,false
mbrainz_1916,discogs_10121,musicbrainz,discogs,false
mbrainz_1916,discogs_146514,musicbrainz,discogs,false
mbrainz_1916,discogs_156871,musicbrainz,discogs,false
mbrainz_1916,discogs_24511,musicbrainz,discogs,false
mbrainz_1916,discogs_58125,musicbrainz,discogs,false
mbrainz_1916,discogs_72184,musicbrainz,discogs,false
mbrainz_1916,discogs_86516,musicbrainz,discogs,false
mbrainz_1916,discogs_949,musicbrainz,discogs,false
mbrainz_19167,discogs_123070,musicbrainz,discogs,false
mbrainz_19167,discogs_141545,musicbrainz,discogs,false
mbrainz_19167,discogs_157604,musicbrainz,discogs,false
mbrainz_19167,discogs_4174,musicbrainz,discogs,false
mbrainz_19167,discogs_43557,musicbrainz,discogs,false
mbrainz_19167,discogs_60168,musicbrainz,discogs,false
mbrainz_19167,discogs_77303,musicbrainz,discogs,false
mbrainz_19167,discogs_96641,musicbrainz,discogs,false
mbrainz_1918,discogs_14299,musicbrainz,discogs,false
mbrainz_1918,discogs_153307,musicbrainz,discogs,false
mbrainz_1918,discogs_153308,musicbrainz,discogs,false
mbrainz_1918,discogs_153494,musicbrainz,discogs,false
mbrainz_19183,discogs_100710,musicbrainz,discogs,false
mbrainz_19183,discogs_111666,musicbrainz,discogs,false
mbrainz_19183,discogs_189604,musicbrainz,discogs,false
mbrainz_19183,discogs_20579,musicbrainz,discogs,false
mbrainz_19183,discogs_49019,musicbrainz,discogs,false
mbrainz_19183,discogs_92710,musicbrainz,discogs,false
mbrainz_19198,discogs_101694,musicbrainz,discogs,false
mbrainz_19198,discogs_10473,musicbrainz,discogs,false
mbrainz_19198,discogs_109804,musicbrainz,discogs,false
mbrainz_19198,discogs_110472,musicbrainz,discogs,false
mbrainz_19198,discogs_114574,musicbrainz,discogs,false
mbrainz_19198,discogs_120968,musicbrainz,discogs,false
mbrainz_19198,discogs_121274,musicbrainz,discogs,false
mbrainz_19198,discogs_45709,musicbrainz,discogs,false
mbrainz_19198,discogs_57803,musicbrainz,discogs,false
mbrainz_19198,discogs_90667,musicbrainz,discogs,false
mbrainz_192,discogs_108716,musicbrainz,discogs,false
mbrainz_192,discogs_123902,musicbrainz,discogs,false
mbrainz_192,discogs_12917,musicbrainz,discogs,false
mbrainz_192,discogs_180568,musicbrainz,discogs,false
mbrainz_192,discogs_24028,musicbrainz,discogs,false
mbrainz_192,discogs_571,musicbrainz,discogs,false
mbrainz_192,discogs_67282,musicbrainz,discogs,false
mbrainz_192,discogs_9570,musicbrainz,discogs,false
mbrainz_192,discogs_99926,musicbrainz,discogs,false
mbrainz_19241,discogs_24045,musicbrainz,discogs,false
mbrainz_19241,discogs_35962,musicbrainz,discogs,false
mbrainz_19241,discogs_47667,musicbrainz,discogs,false
mbrainz_19241,discogs_65680,musicbrainz,discogs,false
mbrainz_19241,discogs_7242,musicbrainz,discogs,false
mbrainz_19241,discogs_76397,musicbrainz,discogs,false
mbrainz_19241,discogs_9532,musicbrainz,discogs,false
mbrainz_19241,discogs_99913,musicbrainz,discogs,false
mbrainz_19246,discogs_154149,musicbrainz,discogs,false
mbrainz_19246,discogs_171141,musicbrainz,discogs,false
mbrainz_19246,discogs_181450,musicbrainz,discogs,false
mbrainz_19246,discogs_20658,musicbrainz,discogs,false
mbrainz_19246,discogs_26755,musicbrainz,discogs,false
mbrainz_19246,discogs_69875,musicbrainz,discogs,false
mbrainz_19246,discogs_78661,musicbrainz,discogs,false
mbrainz_19246,discogs_79796,musicbrainz,discogs,false
mbrainz_19246,discogs_93705,musicbrainz,discogs,false
mbrainz_19250,discogs_105195,musicbrainz,discogs,false
mbrainz_19250,discogs_125917,musicbrainz,discogs,false
mbrainz_19250,discogs_1466,musicbrainz,discogs,false
mbrainz_19250,discogs_149124,musicbrainz,discogs,false
mbrainz_19250,discogs_194666,musicbrainz,discogs,false
mbrainz_19250,discogs_45006,musicbrainz,discogs,false
mbrainz_19250,discogs_51431,musicbrainz,discogs,false
mbrainz_19250,discogs_66474,musicbrainz,discogs,false
mbrainz_19250,discogs_89673,musicbrainz,discogs,false
mbrainz_1929,discogs_102927,musicbrainz,discogs,false
mbrainz_1929,discogs_112086,musicbrainz,discogs,false
mbrainz_1929,discogs_12704,musicbrainz,discogs,false
mbrainz_1929,discogs_16687,musicbrainz,discogs,false
mbrainz_1929,discogs_45462,musicbrainz,discogs,false
mbrainz_19305,discogs_127089,musicbrainz,discogs,false
mbrainz_19305,discogs_139392,musicbrainz,discogs,false
mbrainz_19305,discogs_162621,musicbrainz,discogs,false
mbrainz_19305,discogs_167483,musicbrainz,discogs,false
mbrainz_19305,discogs_190404,musicbrainz,discogs,false
mbrainz_19305,discogs_37242,musicbrainz,discogs,false
mbrainz_19305,discogs_38177,musicbrainz,discogs,false
mbrainz_19305,discogs_66573,musicbrainz,discogs,false
mbrainz_19305,discogs_80193,musicbrainz,discogs,false
mbrainz_19317,discogs_124915,musicbrainz,discogs,false
mbrainz_19317,discogs_21178,musicbrainz,discogs,false
mbrainz_19317,discogs_22543,musicbrainz,discogs,false
mbrainz_19317,discogs_47607,musicbrainz,discogs,false
mbrainz_19322,discogs_132420,musicbrainz,discogs,false
mbrainz_19322,discogs_150059,musicbrainz,discogs,false
mbrainz_19322,discogs_177510,musicbrainz,discogs,false
mbrainz_19322,discogs_26926,musicbrainz,discogs,false
mbrainz_19322,discogs_38105,musicbrainz,discogs,false
mbrainz_19322,discogs_42601,musicbrainz,discogs,false
mbrainz_19322,discogs_57673,musicbrainz,discogs,false
mbrainz_19322,discogs_77905,musicbrainz,discogs,false
mbrainz_1935,discogs_47749,musicbrainz,discogs,false
mbrainz_19352,discogs_101196,musicbrainz,discogs,false
mbrainz_19352,discogs_178152,musicbrainz,discogs,false
mbrainz_19352,discogs_182316,musicbrainz,discogs,false
mbrainz_19352,discogs_43447,musicbrainz,discogs,false
mbrainz_19352,discogs_56711,musicbrainz,discogs,false
mbrainz_19352,discogs_82801,musicbrainz,discogs,false
mbrainz_19352,discogs_87941,musicbrainz,discogs,false
mbrainz_19369,discogs_106477,musicbrainz,discogs,false
mbrainz_19369,discogs_124670,musicbrainz,discogs,false
mbrainz_19369,discogs_136771,musicbrainz,discogs,false
mbrainz_19369,discogs_174775,musicbrainz,discogs,false
mbrainz_19369,discogs_177668,musicbrainz,discogs,false
mbrainz_19369,discogs_189299,musicbrainz,discogs,false
mbrainz_19369,discogs_197827,musicbrainz,discogs,false
mbrainz_19369,discogs_82325,musicbrainz,discogs,false
mbrainz_19375,discogs_189598,musicbrainz,discogs,false
mbrainz_19375,discogs_24136,musicbrainz,discogs,false
mbrainz_19375,discogs_26718,musicbrainz,discogs,false
mbrainz_19375,discogs_26719,musicbrainz,discogs,false
mbrainz_19375,discogs_80250,musicbrainz,discogs,false
mbrainz_19375,discogs_81415,musicbrainz,discogs,false
mbrainz_19396,discogs_144882,musicbrainz,discogs,false
mbrainz_19396,discogs_52875,musicbrainz,discogs,false
mbrainz_19396,discogs_6221,musicbrainz,discogs,false
mbrainz_19396,discogs_87290,musicbrainz,discogs,false
mbrainz_19396,discogs_90273,musicbrainz,discogs,false
mbrainz_19396,discogs_93208,musicbrainz,discogs,false
mbrainz_19396,discogs_9636,musicbrainz,discogs,false
mbrainz_19406,discogs_119605,musicbrainz,discogs,false
mbrainz_19406,discogs_132546,musicbrainz,discogs,false
mbrainz_19406,discogs_135472,musicbrainz,discogs,false
mbrainz_19406,discogs_145139,musicbrainz,discogs,false
mbrainz_19406,discogs_156819,musicbrainz,discogs,false
mbrainz_19406,discogs_79093,musicbrainz,discogs,false
mbrainz_19423,discogs_152067,musicbrainz,discogs,false
mbrainz_19423,discogs_44193,musicbrainz,discogs,false
mbrainz_19423,discogs_51689,musicbrainz,discogs,false
mbrainz_19423,discogs_71946,musicbrainz,discogs,false
mbrainz_19423,discogs_81702,musicbrainz,discogs,false
mbrainz_19431,discogs_121280,musicbrainz,discogs,false
mbrainz_19431,discogs_16798,musicbrainz,discogs,false
mbrainz_19431,discogs_1858,musicbrainz,discogs,false
mbrainz_19431,discogs_191237,musicbrainz,discogs,false
mbrainz_19431,discogs_21264,musicbrainz,discogs,false
mbrainz_19431,discogs_45407,musicbrainz,discogs,false
mbrainz_19431,discogs_63964,musicbrainz,discogs,false
mbrainz_19441,discogs_146924,musicbrainz,discogs,false
mbrainz_19441,discogs_171347,musicbrainz,discogs,false
mbrainz_19441,discogs_182723,musicbrainz,discogs,false
mbrainz_19441,discogs_94284,musicbrainz,discogs,false
mbrainz_19485,discogs_114190,musicbrainz,discogs,false
mbrainz_19485,discogs_147479,musicbrainz,discogs,false
mbrainz_19485,discogs_151693,musicbrainz,discogs,false
mbrainz_19485,discogs_154210,musicbrainz,discogs,false
mbrainz_19485,discogs_192152,musicbrainz,discogs,false
mbrainz_19485,discogs_27371,musicbrainz,discogs,false
mbrainz_19485,discogs_34041,musicbrainz,discogs,false
mbrainz_19485,discogs_42465,musicbrainz,discogs,false
mbrainz_19485,discogs_67154,musicbrainz,discogs,false
mbrainz_19491,discogs_109496,musicbrainz,discogs,false
mbrainz_19491,discogs_112747,musicbrainz,discogs,false
mbrainz_19491,discogs_135571,musicbrainz,discogs,false
mbrainz_19491,discogs_156304,musicbrainz,discogs,false
mbrainz_19491,discogs_178045,musicbrainz,discogs,false
mbrainz_19491,discogs_181041,musicbrainz,discogs,false
mbrainz_19491,discogs_35375,musicbrainz,discogs,false
mbrainz_19502,discogs_119669,musicbrainz,discogs,false
mbrainz_19502,discogs_146438,musicbrainz,discogs,false
mbrainz_19502,discogs_152288,musicbrainz,discogs,false
mbrainz_19502,discogs_5300,musicbrainz,discogs,false
mbrainz_19502,discogs_87564,musicbrainz,discogs,false
mbrainz_19502,discogs_89131,musicbrainz,discogs,false
mbrainz_19502,discogs_96336,musicbrainz,discogs,false
mbrainz_1952,discogs_13283,musicbrainz,discogs,false
mbrainz_1952,discogs_16332,musicbrainz,discogs,false
mbrainz_1952,discogs_180460,musicbrainz,discogs,false
mbrainz_1952,discogs_183058,musicbrainz,discogs,false
mbrainz_1952,discogs_29211,musicbrainz,discogs,false
mbrainz_1952,discogs_37576,musicbrainz,discogs,false
mbrainz_1952,discogs_49935,musicbrainz,discogs,false
mbrainz_1952,discogs_92633,musicbrainz,discogs,false
mbrainz_19522,discogs_100710,musicbrainz,discogs,false
mbrainz_19522,discogs_104500,musicbrainz,discogs,false
mbrainz_19522,discogs_111666,musicbrainz,discogs,false
mbrainz_19522,discogs_190741,musicbrainz,discogs,false
mbrainz_19522,discogs_20579,musicbrainz,discogs,false
mbrainz_19522,discogs_49019,musicbrainz,discogs,false
mbrainz_19522,discogs_75634,musicbrainz,discogs,false
mbrainz_19522,discogs_96176,musicbrainz,discogs,false
mbrainz_19553,discogs_166112,musicbrainz,discogs,false
mbrainz_19567,discogs_10255,musicbrainz,discogs,false
mbrainz_19567,discogs_103527,musicbrainz,discogs,false
mbrainz_19567,discogs_145737,musicbrainz,discogs,false
mbrainz_19567,discogs_37748,musicbrainz,discogs,false
mbrainz_19567,discogs_52423,musicbrainz,discogs,false
mbrainz_19567,discogs_9004,musicbrainz,discogs,false
mbrainz_19567,discogs_90595,musicbrainz,discogs,false
mbrainz_1957,discogs_109025,musicbrainz,discogs,false
mbrainz_1957,discogs_150163,musicbrainz,discogs,false
mbrainz_1957,discogs_35281,musicbrainz,discogs,false
mbrainz_1957,discogs_93681,musicbrainz,discogs,false
mbrainz_1957,discogs_95008,musicbrainz,discogs,false
mbrainz_19571,discogs_45474,musicbrainz,discogs,false
mbrainz_19614,discogs_102434,musicbrainz,discogs,false
mbrainz_19614,discogs_107801,musicbrainz,discogs,false
mbrainz_19614,discogs_149668,musicbrainz,discogs,false
mbrainz_19614,discogs_192050,musicbrainz,discogs,false
mbrainz_19614,discogs_27566,musicbrainz,discogs,false
mbrainz_19614,discogs_58539,musicbrainz,discogs,false
mbrainz_19614,discogs_80447,musicbrainz,discogs,false
mbrainz_19618,discogs_116112,musicbrainz,discogs,false
mbrainz_19618,discogs_9416,musicbrainz,discogs,false
mbrainz_19665,discogs_134844,musicbrainz,discogs,false
mbrainz_19665,discogs_99242,musicbrainz,discogs,false
mbrainz_19686,discogs_100510,musicbrainz,discogs,false
mbrainz_19686,discogs_103247,musicbrainz,discogs,false
mbrainz_19686,discogs_104544,musicbrainz,discogs,false
mbrainz_19686,discogs_104546,musicbrainz,discogs,false
mbrainz_19686,discogs_124872,musicbrainz,discogs,false
mbrainz_19686,discogs_134868,musicbrainz,discogs,false
mbrainz_19686,discogs_157061,musicbrainz,discogs,false
mbrainz_19686,discogs_192800,musicbrainz,discogs,false
mbrainz_19740,discogs_110469,musicbrainz,discogs,false
mbrainz_19740,discogs_124331,musicbrainz,discogs,false
mbrainz_19740,discogs_135205,musicbrainz,discogs,false
mbrainz_19740,discogs_157426,musicbrainz,discogs,false
mbrainz_19740,discogs_28485,musicbrainz,discogs,false
mbrainz_19740,discogs_70927,musicbrainz,discogs,false
mbrainz_19740,discogs_78073,musicbrainz,discogs,false
mbrainz_19770,discogs_112255,musicbrainz,discogs,false
mbrainz_19770,discogs_116423,musicbrainz,discogs,false
mbrainz_19770,discogs_36802,musicbrainz,discogs,false
mbrainz_19770,discogs_38428,musicbrainz,discogs,false
mbrainz_19770,discogs_7782,musicbrainz,discogs,false
mbrainz_19811,discogs_130970,musicbrainz,discogs,false
mbrainz_19811,discogs_152851,musicbrainz,discogs,false
mbrainz_19811,discogs_154346,musicbrainz,discogs,false
mbrainz_19811,discogs_18298,musicbrainz,discogs,false
mbrainz_19811,discogs_24685,musicbrainz,discogs,false
mbrainz_19811,discogs_25251,musicbrainz,discogs,false
mbrainz_19811,discogs_63485,musicbrainz,discogs,false
mbrainz_19811,discogs_8119,musicbrainz,discogs,false
mbrainz_1982,discogs_153719,musicbrainz,discogs,false
mbrainz_1982,discogs_181299,musicbrainz,discogs,false
mbrainz_1982,discogs_8961,musicbrainz,discogs,false
mbrainz_19831,discogs_12050,musicbrainz,discogs,false
mbrainz_19831,discogs_124902,musicbrainz,discogs,false
mbrainz_19831,discogs_139068,musicbrainz,discogs,false
mbrainz_19831,discogs_171766,musicbrainz,discogs,false
mbrainz_19831,discogs_34606,musicbrainz,discogs,false
mbrainz_19831,discogs_40736,musicbrainz,discogs,false
mbrainz_19832,discogs_140487,musicbrainz,discogs,false
mbrainz_19832,discogs_158845,musicbrainz,discogs,false
mbrainz_19832,discogs_171975,musicbrainz,discogs,false
mbrainz_19832,discogs_39210,musicbrainz,discogs,false
mbrainz_19832,discogs_52247,musicbrainz,discogs,false
mbrainz_19853,discogs_100640,musicbrainz,discogs,false
mbrainz_19853,discogs_103270,musicbrainz,discogs,false
mbrainz_19853,discogs_105715,musicbrainz,discogs,false
mbrainz_19853,discogs_121541,musicbrainz,discogs,false
mbrainz_19853,discogs_151579,musicbrainz,discogs,false
mbrainz_19853,discogs_163088,musicbrainz,discogs,false
mbrainz_19853,discogs_168986,musicbrainz,discogs,false
mbrainz_19853,discogs_182972,musicbrainz,discogs,false
mbrainz_19858,discogs_102501,musicbrainz,discogs,false
mbrainz_19858,discogs_80772,musicbrainz,discogs,false
mbrainz_19858,discogs_81161,musicbrainz,discogs,false
mbrainz_19858,discogs_85257,musicbrainz,discogs,false
mbrainz_19858,discogs_86424,musicbrainz,discogs,false
mbrainz_19858,discogs_95059,musicbrainz,discogs,false
mbrainz_19858,discogs_97349,musicbrainz,discogs,false
mbrainz_1986,discogs_108167,musicbrainz,discogs,false
mbrainz_1986,discogs_116298,musicbrainz,discogs,false
mbrainz_1986,discogs_135668,musicbrainz,discogs,false
mbrainz_1986,discogs_140072,musicbrainz,discogs,false
mbrainz_1986,discogs_140075,musicbrainz,discogs,false
mbrainz_1986,discogs_54363,musicbrainz,discogs,false
mbrainz_1986,discogs_82049,musicbrainz,discogs,false
mbrainz_19860,discogs_139392,musicbrainz,discogs,false
mbrainz_19860,discogs_167483,musicbrainz,discogs,false
mbrainz_19860,discogs_190404,musicbrainz,discogs,false
mbrainz_19860,discogs_28415,musicbrainz,discogs,false
mbrainz_19860,discogs_37242,musicbrainz,discogs,false
mbrainz_19860,discogs_66573,musicbrainz,discogs,false
mbrainz_19871,discogs_123025,musicbrainz,discogs,false
mbrainz_19871,discogs_147352,musicbrainz,discogs,false
mbrainz_19871,discogs_153941,musicbrainz,discogs,false
mbrainz_19901,discogs_103985,musicbrainz,discogs,false
mbrainz_19901,discogs_106894,musicbrainz,discogs,false
mbrainz_19901,discogs_116465,musicbrainz,discogs,false
mbrainz_19901,discogs_12456,musicbrainz,discogs,false
mbrainz_19901,discogs_136395,musicbrainz,discogs,false
mbrainz_19901,discogs_197294,musicbrainz,discogs,false
mbrainz_19901,discogs_82049,musicbrainz,discogs,false
mbrainz_19923,discogs_111142,musicbrainz,discogs,false
mbrainz_19923,discogs_127156,musicbrainz,discogs,false
mbrainz_19923,discogs_176801,musicbrainz,discogs,false
mbrainz_19923,discogs_178045,musicbrainz,discogs,false
mbrainz_19923,discogs_188854,musicbrainz,discogs,false
mbrainz_19923,discogs_29968,musicbrainz,discogs,false
mbrainz_19923,discogs_35375,musicbrainz,discogs,false
mbrainz_19923,discogs_60296,musicbrainz,discogs,false
mbrainz_1994,discogs_108516,musicbrainz,discogs,false
mbrainz_1994,discogs_162904,musicbrainz,discogs,false
mbrainz_1994,discogs_177445,musicbrainz,discogs,false
mbrainz_1994,discogs_183295,musicbrainz,discogs,false
mbrainz_1994,discogs_22224,musicbrainz,discogs,false
mbrainz_1994,discogs_42200,musicbrainz,discogs,false
mbrainz_1994,discogs_5061,musicbrainz,discogs,false
mbrainz_1994,discogs_7138,musicbrainz,discogs,false
mbrainz_19967,discogs_128391,musicbrainz,discogs,false
mbrainz_19967,discogs_42078,musicbrainz,discogs,false
mbrainz_19967,discogs_44802,musicbrainz,discogs,false
mbrainz_19986,discogs_38211,musicbrainz,discogs,false
mbrainz_19986,discogs_50894,musicbrainz,discogs,false
mbrainz_19986,discogs_52092,musicbrainz,discogs,false
mbrainz_19986,discogs_58161,musicbrainz,discogs,false
mbrainz_19991,discogs_120813,musicbrainz,discogs,false
mbrainz_19991,discogs_143278,musicbrainz,discogs,false
mbrainz_19991,discogs_151911,musicbrainz,discogs,false
mbrainz_19991,discogs_160757,musicbrainz,discogs,false
mbrainz_19991,discogs_195105,musicbrainz,discogs,false
mbrainz_19991,discogs_5004,musicbrainz,discogs,false
mbrainz_19991,discogs_84412,musicbrainz,discogs,false
mbrainz_19993,discogs_100171,musicbrainz,discogs,false
mbrainz_19993,discogs_124598,musicbrainz,discogs,false
mbrainz_19993,discogs_179974,musicbrainz,discogs,false
mbrainz_19993,discogs_24097,musicbrainz,discogs,false
mbrainz_19993,discogs_79337,musicbrainz,discogs,false
mbrainz_19993,discogs_88370,musicbrainz,discogs,false
mbrainz_2,discogs_111256,musicbrainz,discogs,false
mbrainz_2,discogs_124598,musicbrainz,discogs,false
mbrainz_2,discogs_147484,musicbrainz,discogs,false
mbrainz_2,discogs_162455,musicbrainz,discogs,false
mbrainz_2,discogs_24097,musicbrainz,discogs,false
mbrainz_2,discogs_80369,musicbrainz,discogs,false
mbrainz_2003,discogs_120309,musicbrainz,discogs,false
mbrainz_2003,discogs_137708,musicbrainz,discogs,false
mbrainz_2003,discogs_32121,musicbrainz,discogs,false
mbrainz_2003,discogs_44494,musicbrainz,discogs,false
mbrainz_20044,discogs_126283,musicbrainz,discogs,false
mbrainz_20044,discogs_5398,musicbrainz,discogs,false
mbrainz_20044,discogs_6897,musicbrainz,discogs,false
mbrainz_20044,discogs_8293,musicbrainz,discogs,false
mbrainz_20044,discogs_99428,musicbrainz,discogs,false
mbrainz_2005,discogs_126696,musicbrainz,discogs,false
mbrainz_2005,discogs_145397,musicbrainz,discogs,false
mbrainz_2005,discogs_148462,musicbrainz,discogs,false
mbrainz_2005,discogs_38198,musicbrainz,discogs,false
mbrainz_2005,discogs_58636,musicbrainz,discogs,false
mbrainz_2005,discogs_85980,musicbrainz,discogs,false
mbrainz_20050,discogs_106133,musicbrainz,discogs,false
mbrainz_20050,discogs_111931,musicbrainz,discogs,false
mbrainz_20050,discogs_122087,musicbrainz,discogs,false
mbrainz_20050,discogs_179341,musicbrainz,discogs,false
mbrainz_20050,discogs_56164,musicbrainz,discogs,false
mbrainz_20050,discogs_69547,musicbrainz,discogs,false
mbrainz_20052,discogs_111272,musicbrainz,discogs,false
mbrainz_20052,discogs_166269,musicbrainz,discogs,false
mbrainz_20052,discogs_192685,musicbrainz,discogs,false
mbrainz_20052,discogs_197294,musicbrainz,discogs,false
mbrainz_20052,discogs_42865,musicbrainz,discogs,false
mbrainz_20052,discogs_85805,musicbrainz,discogs,false
mbrainz_20119,discogs_147936,musicbrainz,discogs,false
mbrainz_20119,discogs_168489,musicbrainz,discogs,false
mbrainz_20119,discogs_169293,musicbrainz,discogs,false
mbrainz_20119,discogs_175865,musicbrainz,discogs,false
mbrainz_20119,discogs_61721,musicbrainz,discogs,false
mbrainz_20119,discogs_69255,musicbrainz,discogs,false
mbrainz_20119,discogs_87858,musicbrainz,discogs,false
mbrainz_20119,discogs_98374,musicbrainz,discogs,false
mbrainz_2012,discogs_116329,musicbrainz,discogs,false
mbrainz_2012,discogs_132526,musicbrainz,discogs,false
mbrainz_2012,discogs_184089,musicbrainz,discogs,false
mbrainz_2012,discogs_43434,musicbrainz,discogs,false
mbrainz_2012,discogs_51257,musicbrainz,discogs,false
mbrainz_2016,discogs_12709,musicbrainz,discogs,false
mbrainz_2016,discogs_184734,musicbrainz,discogs,false
mbrainz_2016,discogs_32217,musicbrainz,discogs,false
mbrainz_2016,discogs_38172,musicbrainz,discogs,false
mbrainz_2016,discogs_41118,musicbrainz,discogs,false
mbrainz_2016,discogs_48831,musicbrainz,discogs,false
mbrainz_2016,discogs_66486,musicbrainz,discogs,false
mbrainz_2016,discogs_9093,musicbrainz,discogs,false
mbrainz_2017,discogs_154637,musicbrainz,discogs,false
mbrainz_2017,discogs_187202,musicbrainz,discogs,false
mbrainz_2017,discogs_24450,musicbrainz,discogs,false
mbrainz_2017,discogs_60524,musicbrainz,discogs,false
mbrainz_2017,discogs_9093,musicbrainz,discogs,false
mbrainz_20177,discogs_10686,musicbrainz,discogs,false
mbrainz_20177,discogs_113719,musicbrainz,discogs,false
mbrainz_20177,discogs_35690,musicbrainz,discogs,false
mbrainz_20177,discogs_42600,musicbrainz,discogs,false
mbrainz_20177,discogs_48575,musicbrainz,discogs,false
mbrainz_20177,discogs_49893,musicbrainz,discogs,false
mbrainz_20177,discogs_51973,musicbrainz,discogs,false
mbrainz_20198,discogs_192964,musicbrainz,discogs,false
mbrainz_20198,discogs_195501,musicbrainz,discogs,false
mbrainz_20198,discogs_45830,musicbrainz,discogs,false
mbrainz_20198,discogs_67121,musicbrainz,discogs,false
mbrainz_20198,discogs_89805,musicbrainz,discogs,false
mbrainz_2024,discogs_24780,musicbrainz,discogs,false
mbrainz_2024,discogs_24782,musicbrainz,discogs,false
mbrainz_2024,discogs_49164,musicbrainz,discogs,false
mbrainz_2024,discogs_69766,musicbrainz,discogs,false
mbrainz_2025,discogs_114207,musicbrainz,discogs,false
mbrainz_2025,discogs_134222,musicbrainz,discogs,false
mbrainz_2025,discogs_15679,musicbrainz,discogs,false
mbrainz_2025,discogs_27780,musicbrainz,discogs,false
mbrainz_2025,discogs_44035,musicbrainz,discogs,false
mbrainz_2025,discogs_46000,musicbrainz,discogs,false
mbrainz_20260,discogs_133002,musicbrainz,discogs,false
mbrainz_20260,discogs_136773,musicbrainz,discogs,false
mbrainz_20260,discogs_140496,musicbrainz,discogs,false
mbrainz_20260,discogs_172966,musicbrainz,discogs,false
mbrainz_20260,discogs_190139,musicbrainz,discogs,false
mbrainz_20260,discogs_20006,musicbrainz,discogs,false
mbrainz_20260,discogs_20155,musicbrainz,discogs,false
mbrainz_20260,discogs_22093,musicbrainz,discogs,false
mbrainz_20260,discogs_51503,musicbrainz,discogs,false
mbrainz_20260,discogs_83803,musicbrainz,discogs,false
mbrainz_20278,discogs_142367,musicbrainz,discogs,false
mbrainz_20278,discogs_161262,musicbrainz,discogs,false
mbrainz_2028,discogs_158557,musicbrainz,discogs,false
mbrainz_2028,discogs_15958,musicbrainz,discogs,false
mbrainz_2028,discogs_39611,musicbrainz,discogs,false
mbrainz_2028,discogs_52826,musicbrainz,discogs,false
mbrainz_2028,discogs_63912,musicbrainz,discogs,false
mbrainz_2028,discogs_75343,musicbrainz,discogs,false
mbrainz_2028,discogs_91189,musicbrainz,discogs,false
mbrainz_2030,discogs_106069,musicbrainz,discogs,false
mbrainz_2030,discogs_107495,musicbrainz,discogs,false
mbrainz_2030,discogs_14888,musicbrainz,discogs,false
mbrainz_2030,discogs_186186,musicbrainz,discogs,false
mbrainz_2030,discogs_20007,musicbrainz,discogs,false
mbrainz_2030,discogs_2376,musicbrainz,discogs,false
mbrainz_2030,discogs_33856,musicbrainz,discogs,false
mbrainz_20300,discogs_114017,musicbrainz,discogs,false
mbrainz_20300,discogs_136178,musicbrainz,discogs,false
mbrainz_20300,discogs_179408,musicbrainz,discogs,false
mbrainz_20300,discogs_181473,musicbrainz,discogs,false
mbrainz_20300,discogs_185834,musicbrainz,discogs,false
mbrainz_20300,discogs_196336,musicbrainz,discogs,false
mbrainz_20300,discogs_78610,musicbrainz,discogs,false
mbrainz_20300,discogs_93935,musicbrainz,discogs,false
mbrainz_20302,discogs_135087,musicbrainz,discogs,false
mbrainz_20302,discogs_155439,musicbrainz,discogs,false
mbrainz_20302,discogs_161491,musicbrainz,discogs,false
mbrainz_20302,discogs_173482,musicbrainz,discogs,false
mbrainz_20302,discogs_193481,musicbrainz,discogs,false
mbrainz_20302,discogs_31882,musicbrainz,discogs,false
mbrainz_20302,discogs_58589,musicbrainz,discogs,false
mbrainz_20312,discogs_123631,musicbrainz,discogs,false
mbrainz_20312,discogs_14449,musicbrainz,discogs,false
mbrainz_20312,discogs_19247,musicbrainz,discogs,false
mbrainz_20312,discogs_196410,musicbrainz,discogs,false
mbrainz_20312,discogs_196958,musicbrainz,discogs,false
mbrainz_20312,discogs_41256,musicbrainz,discogs,false
mbrainz_20312,discogs_44858,musicbrainz,discogs,false
mbrainz_20312,discogs_46260,musicbrainz,discogs,false
mbrainz_2033,discogs_106454,musicbrainz,discogs,false
mbrainz_2035,discogs_13195,musicbrainz,discogs,false
mbrainz_2035,discogs_148122,musicbrainz,discogs,false
mbrainz_2035,discogs_148243,musicbrainz,discogs,false
mbrainz_2035,discogs_165545,musicbrainz,discogs,false
mbrainz_2035,discogs_33340,musicbrainz,discogs,false
mbrainz_2035,discogs_74132,musicbrainz,discogs,false
mbrainz_2035,discogs_9769,musicbrainz,discogs,false
mbrainz_20366,discogs_114685,musicbrainz,discogs,false
mbrainz_20366,discogs_127819,musicbrainz,discogs,false
mbrainz_20366,discogs_135165,musicbrainz,discogs,false
mbrainz_20366,discogs_41050,musicbrainz,discogs,false
mbrainz_20378,discogs_113095,musicbrainz,discogs,false
mbrainz_20378,discogs_124578,musicbrainz,discogs,false
mbrainz_20378,discogs_168607,musicbrainz,discogs,false
mbrainz_20378,discogs_186373,musicbrainz,discogs,false
mbrainz_20378,discogs_195319,musicbrainz,discogs,false
mbrainz_20378,discogs_42601,musicbrainz,discogs,false
mbrainz_20378,discogs_50753,musicbrainz,discogs,false
mbrainz_2040,discogs_111695,musicbrainz,discogs,false
mbrainz_2040,discogs_119884,musicbrainz,discogs,false
mbrainz_2040,discogs_12437,musicbrainz,discogs,false
mbrainz_2040,discogs_148531,musicbrainz,discogs,false
mbrainz_2040,discogs_22008,musicbrainz,discogs,false
mbrainz_2040,discogs_27138,musicbrainz,discogs,false
mbrainz_20406,discogs_136582,musicbrainz,discogs,false
mbrainz_20406,discogs_29334,musicbrainz,discogs,false
mbrainz_20406,discogs_32283,musicbrainz,discogs,false
mbrainz_20406,discogs_41823,musicbrainz,discogs,false
mbrainz_20406,discogs_50264,musicbrainz,discogs,false
mbrainz_20406,discogs_54853,musicbrainz,discogs,false
mbrainz_20406,discogs_80181,musicbrainz,discogs,false
mbrainz_20406,discogs_98809,musicbrainz,discogs,false
mbrainz_20418,discogs_107820,musicbrainz,discogs,false
mbrainz_20418,discogs_107907,musicbrainz,discogs,false
mbrainz_20418,discogs_127819,musicbrainz,discogs,false
mbrainz_20418,discogs_135165,musicbrainz,discogs,false
mbrainz_20418,discogs_142065,musicbrainz,discogs,false
mbrainz_20418,discogs_142998,musicbrainz,discogs,false
mbrainz_20418,discogs_15573,musicbrainz,discogs,false
mbrainz_20418,discogs_83049,musicbrainz,discogs,false
mbrainz_20422,discogs_100378,musicbrainz,discogs,false
mbrainz_20422,discogs_111894,musicbrainz,discogs,false
mbrainz_20422,discogs_142145,musicbrainz,discogs,false
mbrainz_20422,discogs_187045,musicbrainz,discogs,false
mbrainz_20422,discogs_49774,musicbrainz,discogs,false
mbrainz_20422,discogs_58785,musicbrainz,discogs,false
mbrainz_20422,discogs_73313,musicbrainz,discogs,false
mbrainz_20422,discogs_83011,musicbrainz,discogs,false
mbrainz_20434,discogs_114760,musicbrainz,discogs,false
mbrainz_20434,discogs_137768,musicbrainz,discogs,false
mbrainz_20434,discogs_139893,musicbrainz,discogs,false
mbrainz_20434,discogs_163231,musicbrainz,discogs,false
mbrainz_20434,discogs_177038,musicbrainz,discogs,false
mbrainz_20434,discogs_42695,musicbrainz,discogs,false
mbrainz_20447,discogs_5043,musicbrainz,discogs,false
mbrainz_20461,discogs_115720,musicbrainz,discogs,false
mbrainz_20461,discogs_13329,musicbrainz,discogs,false
mbrainz_20461,discogs_159842,musicbrainz,discogs,false
mbrainz_20461,discogs_180717,musicbrainz,discogs,false
mbrainz_20461,discogs_33735,musicbrainz,discogs,false
mbrainz_20461,discogs_68375,musicbrainz,discogs,false
mbrainz_2047,discogs_184153,musicbrainz,discogs,false
mbrainz_2047,discogs_185350,musicbrainz,discogs,false
mbrainz_2047,discogs_2398,musicbrainz,discogs,false
mbrainz_2047,discogs_6296,musicbrainz,discogs,false
mbrainz_20494,discogs_195569,musicbrainz,discogs,false
mbrainz_2050,discogs_145799,musicbrainz,discogs,false
mbrainz_2050,discogs_183277,musicbrainz,discogs,false
mbrainz_2050,discogs_49732,musicbrainz,discogs,false
mbrainz_20507,discogs_191649,musicbrainz,discogs,false
mbrainz_20507,discogs_197574,musicbrainz,discogs,false
mbrainz_20526,discogs_168764,musicbrainz,discogs,false
mbrainz_20526,discogs_193345,musicbrainz,discogs,false
mbrainz_20526,discogs_193723,musicbrainz,discogs,false
mbrainz_20526,discogs_43309,musicbrainz,discogs,false
mbrainz_20526,discogs_46672,musicbrainz,discogs,false
mbrainz_20526,discogs_69316,musicbrainz,discogs,false
mbrainz_20526,discogs_80988,musicbrainz,discogs,false
mbrainz_20526,discogs_95213,musicbrainz,discogs,false
mbrainz_20526,discogs_96072,musicbrainz,discogs,false
mbrainz_20534,discogs_107042,musicbrainz,discogs,false
mbrainz_20534,discogs_116024,musicbrainz,discogs,false
mbrainz_20534,discogs_124321,musicbrainz,discogs,false
mbrainz_20534,discogs_159198,musicbrainz,discogs,false
mbrainz_20534,discogs_173496,musicbrainz,discogs,false
mbrainz_20534,discogs_184799,musicbrainz,discogs,false
mbrainz_20534,discogs_44533,musicbrainz,discogs,false
mbrainz_20534,discogs_53855,musicbrainz,discogs,false
mbrainz_2056,discogs_1249,musicbrainz,discogs,false
mbrainz_2056,discogs_130583,musicbrainz,discogs,false
mbrainz_2056,discogs_16,musicbrainz,discogs,false
mbrainz_2056,discogs_19011,musicbrainz,discogs,false
mbrainz_2056,discogs_2912,musicbrainz,discogs,false
mbrainz_2056,discogs_41835,musicbrainz,discogs,false
mbrainz_206,discogs_121300,musicbrainz,discogs,false
mbrainz_206,discogs_142122,musicbrainz,discogs,false
mbrainz_206,discogs_194568,musicbrainz,discogs,false
mbrainz_206,discogs_44125,musicbrainz,discogs,false
mbrainz_206,discogs_50552,musicbrainz,discogs,false
mbrainz_206,discogs_70779,musicbrainz,discogs,false
mbrainz_20636,discogs_163551,musicbrainz,discogs,false
mbrainz_20639,discogs_117056,musicbrainz,discogs,false
mbrainz_20639,discogs_12248,musicbrainz,discogs,false
mbrainz_20639,discogs_143049,musicbrainz,discogs,false
mbrainz_20639,discogs_166512,musicbrainz,discogs,false
mbrainz_20639,discogs_171574,musicbrainz,discogs,false
mbrainz_20639,discogs_178376,musicbrainz,discogs,false
mbrainz_20639,discogs_186186,musicbrainz,discogs,false
mbrainz_20639,discogs_54230,musicbrainz,discogs,false
mbrainz_20639,discogs_99705,musicbrainz,discogs,false
mbrainz_20660,discogs_106889,musicbrainz,discogs,false
mbrainz_20660,discogs_147633,musicbrainz,discogs,false
mbrainz_20660,discogs_172258,musicbrainz,discogs,false
mbrainz_20660,discogs_53706,musicbrainz,discogs,false
mbrainz_20660,discogs_78290,musicbrainz,discogs,false
mbrainz_20660,discogs_80272,musicbrainz,discogs,false
mbrainz_20660,discogs_80474,musicbrainz,discogs,false
mbrainz_20660,discogs_86288,musicbrainz,discogs,false
mbrainz_2067,discogs_137382,musicbrainz,discogs,false
mbrainz_2067,discogs_143294,musicbrainz,discogs,false
mbrainz_2067,discogs_165392,musicbrainz,discogs,false
mbrainz_2067,discogs_27374,musicbrainz,discogs,false
mbrainz_2067,discogs_32977,musicbrainz,discogs,false
mbrainz_2067,discogs_52942,musicbrainz,discogs,false
mbrainz_2067,discogs_55683,musicbrainz,discogs,false
mbrainz_2067,discogs_9538,musicbrainz,discogs,false
mbrainz_2067,discogs_97132,musicbrainz,discogs,false
mbrainz_2071,discogs_105079,musicbrainz,discogs,false
mbrainz_2071,discogs_131932,musicbrainz,discogs,false
mbrainz_2071,discogs_164331,musicbrainz,discogs,false
mbrainz_2071,discogs_24974,musicbrainz,discogs,false
mbrainz_2071,discogs_73305,musicbrainz,discogs,false
mbrainz_2071,discogs_8562,musicbrainz,discogs,false
mbrainz_2074,discogs_10244,musicbrainz,discogs,false
mbrainz_2074,discogs_112871,musicbrainz,discogs,false
mbrainz_2074,discogs_115085,musicbrainz,discogs,false
mbrainz_2074,discogs_144890,musicbrainz,discogs,false
mbrainz_2074,discogs_157417,musicbrainz,discogs,false
mbrainz_2074,discogs_169796,musicbrainz,discogs,false
mbrainz_2074,discogs_184811,musicbrainz,discogs,false
mbrainz_2074,discogs_41826,musicbrainz,discogs,false
mbrainz_20740,discogs_103212,musicbrainz,discogs,false
mbrainz_20740,discogs_104666,musicbrainz,discogs,false
mbrainz_20740,discogs_119542,musicbrainz,discogs,false
mbrainz_20740,discogs_135295,musicbrainz,discogs,false
mbrainz_20740,discogs_140394,musicbrainz,discogs,false
mbrainz_20740,discogs_19018,musicbrainz,discogs,false
mbrainz_20740,discogs_192133,musicbrainz,discogs,false
mbrainz_20740,discogs_96377,musicbrainz,discogs,false
mbrainz_2075,discogs_52149,musicbrainz,discogs,false
mbrainz_20762,discogs_197818,musicbrainz,discogs,false
mbrainz_20773,discogs_123495,musicbrainz,discogs,false
mbrainz_20773,discogs_12559,musicbrainz,discogs,false
mbrainz_20773,discogs_128673,musicbrainz,discogs,false
mbrainz_20773,discogs_132130,musicbrainz,discogs,false
mbrainz_20773,discogs_149432,musicbrainz,discogs,false
mbrainz_20773,discogs_159719,musicbrainz,discogs,false
mbrainz_20773,discogs_91138,musicbrainz,discogs,false
mbrainz_20809,discogs_159639,musicbrainz,discogs,false
mbrainz_20809,discogs_179450,musicbrainz,discogs,false
mbrainz_20809,discogs_191632,musicbrainz,discogs,false
mbrainz_20809,discogs_198206,musicbrainz,discogs,false
mbrainz_20809,discogs_32938,musicbrainz,discogs,false
mbrainz_20809,discogs_34215,musicbrainz,discogs,false
mbrainz_2082,discogs_123721,musicbrainz,discogs,false
mbrainz_2082,discogs_126986,musicbrainz,discogs,false
mbrainz_2082,discogs_3615,musicbrainz,discogs,false
mbrainz_2082,discogs_87366,musicbrainz,discogs,false
mbrainz_2082,discogs_932,musicbrainz,discogs,false
mbrainz_2083,discogs_10031,musicbrainz,discogs,false
mbrainz_2083,discogs_106519,musicbrainz,discogs,false
mbrainz_2083,discogs_11054,musicbrainz,discogs,false
mbrainz_2083,discogs_134779,musicbrainz,discogs,false
mbrainz_2083,discogs_239,musicbrainz,discogs,false
mbrainz_2083,discogs_5625,musicbrainz,discogs,false
mbrainz_2083,discogs_575,musicbrainz,discogs,false
mbrainz_2083,discogs_6052,musicbrainz,discogs,false
mbrainz_20849,discogs_14587,musicbrainz,discogs,false
mbrainz_20849,discogs_15043,musicbrainz,discogs,false
mbrainz_20849,discogs_16748,musicbrainz,discogs,false
mbrainz_20849,discogs_183900,musicbrainz,discogs,false
mbrainz_20849,discogs_194854,musicbrainz,discogs,false
mbrainz_20849,discogs_22613,musicbrainz,discogs,false
mbrainz_20849,discogs_59733,musicbrainz,discogs,false
mbrainz_20849,discogs_82946,musicbrainz,discogs,false
mbrainz_20856,discogs_23371,musicbrainz,discogs,false
mbrainz_20880,discogs_108602,musicbrainz,discogs,false
mbrainz_20880,discogs_113132,musicbrainz,discogs,false
mbrainz_20880,discogs_157319,musicbrainz,discogs,false
mbrainz_20880,discogs_19339,musicbrainz,discogs,false
mbrainz_20880,discogs_3812,musicbrainz,discogs,false
mbrainz_20880,discogs_38353,musicbrainz,discogs,false
mbrainz_20880,discogs_48739,musicbrainz,discogs,false
mbrainz_20880,discogs_8952,musicbrainz,discogs,false
mbrainz_209,discogs_184926,musicbrainz,discogs,false
mbrainz_209,discogs_312,musicbrainz,discogs,false
mbrainz_209,discogs_39651,musicbrainz,discogs,false
mbrainz_209,discogs_4293,musicbrainz,discogs,false
mbrainz_209,discogs_57808,musicbrainz,discogs,false
mbrainz_2090,discogs_192806,musicbrainz,discogs,false
mbrainz_2090,discogs_7801,musicbrainz,discogs,false
mbrainz_2090,discogs_96536,musicbrainz,discogs,false
mbrainz_20929,discogs_105717,musicbrainz,discogs,false
mbrainz_20929,discogs_108252,musicbrainz,discogs,false
mbrainz_20929,discogs_110402,musicbrainz,discogs,false
mbrainz_20929,discogs_123372,musicbrainz,discogs,false
mbrainz_20929,discogs_179378,musicbrainz,discogs,false
mbrainz_20929,discogs_190139,musicbrainz,discogs,false
mbrainz_20929,discogs_38247,musicbrainz,discogs,false
mbrainz_20929,discogs_69528,musicbrainz,discogs,false
mbrainz_2096,discogs_12544,musicbrainz,discogs,false
mbrainz_2096,discogs_168586,musicbrainz,discogs,false
mbrainz_2096,discogs_179497,musicbrainz,discogs,false
mbrainz_20987,discogs_152536,musicbrainz,discogs,false
mbrainz_20987,discogs_19154,musicbrainz,discogs,false
mbrainz_20987,discogs_19435,musicbrainz,discogs,false
mbrainz_20987,discogs_19822,musicbrainz,discogs,false
mbrainz_20987,discogs_25158,musicbrainz,discogs,false
mbrainz_20987,discogs_28145,musicbrainz,discogs,false
mbrainz_21003,discogs_124378,musicbrainz,discogs,false
mbrainz_21003,discogs_178281,musicbrainz,discogs,false
mbrainz_21004,discogs_104885,musicbrainz,discogs,false
mbrainz_21004,discogs_105717,musicbrainz,discogs,false
mbrainz_21004,discogs_108252,musicbrainz,discogs,false
mbrainz_21004,discogs_110402,musicbrainz,discogs,false
mbrainz_21004,discogs_118092,musicbrainz,discogs,false
mbrainz_21004,discogs_123372,musicbrainz,discogs,false
mbrainz_21004,discogs_51292,musicbrainz,discogs,false
mbrainz_21004,discogs_62646,musicbrainz,discogs,false
mbrainz_2101,discogs_145522,musicbrainz,discogs,false
mbrainz_2101,discogs_168764,musicbrainz,discogs,false
mbrainz_2101,discogs_193345,musicbrainz,discogs,false
mbrainz_2101,discogs_193723,musicbrainz,discogs,false
mbrainz_2101,discogs_43309,musicbrainz,discogs,false
mbrainz_2101,discogs_46672,musicbrainz,discogs,false
mbrainz_2101,discogs_69316,musicbrainz,discogs,false
mbrainz_2101,discogs_97232,musicbrainz,discogs,false
mbrainz_2105,discogs_103822,musicbrainz,discogs,false
mbrainz_2105,discogs_118774,musicbrainz,discogs,false
mbrainz_2105,discogs_136625,musicbrainz,discogs,false
mbrainz_2105,discogs_138593,musicbrainz,discogs,false
mbrainz_2105,discogs_17144,musicbrainz,discogs,false
mbrainz_2105,discogs_189661,musicbrainz,discogs,false
mbrainz_2105,discogs_40271,musicbrainz,discogs,false
mbrainz_2105,discogs_42300,musicbrainz,discogs,false
mbrainz_21052,discogs_127013,musicbrainz,discogs,false
mbrainz_21052,discogs_12758,musicbrainz,discogs,false
mbrainz_21052,discogs_132224,musicbrainz,discogs,false
mbrainz_21052,discogs_159152,musicbrainz,discogs,false
mbrainz_21052,discogs_16739,musicbrainz,discogs,false
mbrainz_21052,discogs_194897,musicbrainz,discogs,false
mbrainz_21052,discogs_39793,musicbrainz,discogs,false
mbrainz_21052,discogs_93358,musicbrainz,discogs,false
mbrainz_21064,discogs_105747,musicbrainz,discogs,false
mbrainz_21064,discogs_15043,musicbrainz,discogs,false
mbrainz_21064,discogs_16748,musicbrainz,discogs,false
mbrainz_21064,discogs_183900,musicbrainz,discogs,false
mbrainz_21064,discogs_193721,musicbrainz,discogs,false
mbrainz_21064,discogs_194854,musicbrainz,discogs,false
mbrainz_21064,discogs_22613,musicbrainz,discogs,false
mbrainz_21064,discogs_59733,musicbrainz,discogs,false
mbrainz_2109,discogs_12656,musicbrainz,discogs,false
mbrainz_2109,discogs_138265,musicbrainz,discogs,false
mbrainz_2109,discogs_157256,musicbrainz,discogs,false
mbrainz_2109,discogs_53194,musicbrainz,discogs,false
mbrainz_21122,discogs_109608,musicbrainz,discogs,false
mbrainz_21122,discogs_132546,musicbrainz,discogs,false
mbrainz_21122,discogs_135472,musicbrainz,discogs,false
mbrainz_21122,discogs_145139,musicbrainz,discogs,false
mbrainz_21122,discogs_156819,musicbrainz,discogs,false
mbrainz_21122,discogs_79093,musicbrainz,discogs,false
mbrainz_21132,discogs_12787,musicbrainz,discogs,false
mbrainz_21132,discogs_2171,musicbrainz,discogs,false
mbrainz_2114,discogs_14065,musicbrainz,discogs,false
mbrainz_2114,discogs_14384,musicbrainz,discogs,false
mbrainz_2114,discogs_14890,musicbrainz,discogs,false
mbrainz_2114,discogs_2986,musicbrainz,discogs,false
mbrainz_2114,discogs_53596,musicbrainz,discogs,false
mbrainz_2114,discogs_61820,musicbrainz,discogs,false
mbrainz_2114,discogs_86854,musicbrainz,discogs,false
mbrainz_2114,discogs_9052,musicbrainz,discogs,false
mbrainz_2114,discogs_9665,musicbrainz,discogs,false
mbrainz_21152,discogs_12807,musicbrainz,discogs,false
mbrainz_21152,discogs_155348,musicbrainz,discogs,false
mbrainz_21152,discogs_164357,musicbrainz,discogs,false
mbrainz_21152,discogs_173743,musicbrainz,discogs,false
mbrainz_21152,discogs_24676,musicbrainz,discogs,false
mbrainz_21152,discogs_51831,musicbrainz,discogs,false
mbrainz_21152,discogs_73214,musicbrainz,discogs,false
mbrainz_2116,discogs_102703,musicbrainz,discogs,false
mbrainz_2116,discogs_11969,musicbrainz,discogs,false
mbrainz_2116,discogs_138536,musicbrainz,discogs,false
mbrainz_2116,discogs_154960,musicbrainz,discogs,false
mbrainz_2116,discogs_18329,musicbrainz,discogs,false
mbrainz_2116,discogs_26369,musicbrainz,discogs,false
mbrainz_2116,discogs_70310,musicbrainz,discogs,false
mbrainz_2116,discogs_7648,musicbrainz,discogs,false
mbrainz_21163,discogs_132023,musicbrainz,discogs,false
mbrainz_21163,discogs_24211,musicbrainz,discogs,false
mbrainz_21163,discogs_25132,musicbrainz,discogs,false
mbrainz_21163,discogs_31447,musicbrainz,discogs,false
mbrainz_21163,discogs_72639,musicbrainz,discogs,false
mbrainz_21163,discogs_825,musicbrainz,discogs,false
mbrainz_21163,discogs_85107,musicbrainz,discogs,false
mbrainz_21193,discogs_117074,musicbrainz,discogs,false
mbrainz_21193,discogs_120619,musicbrainz,discogs,false
mbrainz_21193,discogs_120922,musicbrainz,discogs,false
mbrainz_21193,discogs_135556,musicbrainz,discogs,false
mbrainz_21193,discogs_164678,musicbrainz,discogs,false
mbrainz_21193,discogs_194458,musicbrainz,discogs,false
mbrainz_21193,discogs_65027,musicbrainz,discogs,false
mbrainz_21193,discogs_8946,musicbrainz,discogs,false
mbrainz_212,discogs_1175,musicbrainz,discogs,false
mbrainz_212,discogs_121460,musicbrainz,discogs,false
mbrainz_212,discogs_173240,musicbrainz,discogs,false
mbrainz_212,discogs_64828,musicbrainz,discogs,false
mbrainz_212,discogs_67032,musicbrainz,discogs,false
mbrainz_212,discogs_78218,musicbrainz,discogs,false
mbrainz_21213,discogs_120191,musicbrainz,discogs,false
mbrainz_21213,discogs_25616,musicbrainz,discogs,false
mbrainz_21256,discogs_117186,musicbrainz,discogs,false
mbrainz_21256,discogs_120447,musicbrainz,discogs,false
mbrainz_21256,discogs_171282,musicbrainz,discogs,false
mbrainz_21256,discogs_26867,musicbrainz,discogs,false
mbrainz_21256,discogs_37994,musicbrainz,discogs,false
mbrainz_21256,discogs_63787,musicbrainz,discogs,false
mbrainz_21256,discogs_65870,musicbrainz,discogs,false
mbrainz_21256,discogs_66889,musicbrainz,discogs,false
mbrainz_21256,discogs_99708,musicbrainz,discogs,false
mbrainz_21259,discogs_100384,musicbrainz,discogs,false
mbrainz_21259,discogs_114846,musicbrainz,discogs,false
mbrainz_21259,discogs_137138,musicbrainz,discogs,false
mbrainz_21259,discogs_172599,musicbrainz,discogs,false
mbrainz_21259,discogs_42434,musicbrainz,discogs,false
mbrainz_21259,discogs_80155,musicbrainz,discogs,false
mbrainz_21259,discogs_81519,musicbrainz,discogs,false
mbrainz_21259,discogs_98084,musicbrainz,discogs,false
mbrainz_21264,discogs_103796,musicbrainz,discogs,false
mbrainz_21264,discogs_109101,musicbrainz,discogs,false
mbrainz_21264,discogs_182109,musicbrainz,discogs,false
mbrainz_21264,discogs_192458,musicbrainz,discogs,false
mbrainz_21264,discogs_32283,musicbrainz,discogs,false
mbrainz_21264,discogs_48766,musicbrainz,discogs,false
mbrainz_21264,discogs_55529,musicbrainz,discogs,false
mbrainz_21264,discogs_61545,musicbrainz,discogs,false
mbrainz_21265,discogs_112169,musicbrainz,discogs,false
mbrainz_21265,discogs_119711,musicbrainz,discogs,false
mbrainz_21265,discogs_134123,musicbrainz,discogs,false
mbrainz_21265,discogs_13575,musicbrainz,discogs,false
mbrainz_21265,discogs_185773,musicbrainz,discogs,false
mbrainz_21265,discogs_26849,musicbrainz,discogs,false
mbrainz_21265,discogs_27289,musicbrainz,discogs,false
mbrainz_21265,discogs_54009,musicbrainz,discogs,false
mbrainz_2127,discogs_10113,musicbrainz,discogs,false
mbrainz_2127,discogs_169189,musicbrainz,discogs,false
mbrainz_2127,discogs_25047,musicbrainz,discogs,false
mbrainz_2127,discogs_33613,musicbrainz,discogs,false
mbrainz_2127,discogs_38645,musicbrainz,discogs,false
mbrainz_2127,discogs_42892,musicbrainz,discogs,false
mbrainz_2127,discogs_6725,musicbrainz,discogs,false
mbrainz_2127,discogs_71900,musicbrainz,discogs,false
mbrainz_2127,discogs_95680,musicbrainz,discogs,false
mbrainz_21274,discogs_139068,musicbrainz,discogs,false
mbrainz_21274,discogs_171975,musicbrainz,discogs,false
mbrainz_21274,discogs_181199,musicbrainz,discogs,false
mbrainz_21274,discogs_50631,musicbrainz,discogs,false
mbrainz_21274,discogs_69180,musicbrainz,discogs,false
mbrainz_21274,discogs_79083,musicbrainz,discogs,false
mbrainz_21284,discogs_13486,musicbrainz,discogs,false
mbrainz_21284,discogs_154247,musicbrainz,discogs,false
mbrainz_21284,discogs_171766,musicbrainz,discogs,false
mbrainz_21284,discogs_18917,musicbrainz,discogs,false
mbrainz_21284,discogs_20033,musicbrainz,discogs,false
mbrainz_21284,discogs_30502,musicbrainz,discogs,false
mbrainz_21284,discogs_58061,musicbrainz,discogs,false
mbrainz_21284,discogs_80608,musicbrainz,discogs,false
mbrainz_2129,discogs_122605,musicbrainz,discogs,false
mbrainz_2129,discogs_138321,musicbrainz,discogs,false
mbrainz_2129,discogs_95506,musicbrainz,discogs,false
mbrainz_2130,discogs_103294,musicbrainz,discogs,false
mbrainz_2130,discogs_134109,musicbrainz,discogs,false
mbrainz_2130,discogs_156448,musicbrainz,discogs,false
mbrainz_2130,discogs_170844,musicbrainz,discogs,false
mbrainz_2130,discogs_188825,musicbrainz,discogs,false
mbrainz_2132,discogs_10045,musicbrainz,discogs,false
mbrainz_2132,discogs_116512,musicbrainz,discogs,false
mbrainz_2132,discogs_137537,musicbrainz,discogs,false
mbrainz_2132,discogs_154963,musicbrainz,discogs,false
mbrainz_2132,discogs_188781,musicbrainz,discogs,false
mbrainz_21325,discogs_1089,musicbrainz,discogs,false
mbrainz_21325,discogs_109857,musicbrainz,discogs,false
mbrainz_21325,discogs_40325,musicbrainz,discogs,false
mbrainz_21325,discogs_47271,musicbrainz,discogs,false
mbrainz_21325,discogs_49772,musicbrainz,discogs,false
mbrainz_21325,discogs_77295,musicbrainz,discogs,false
mbrainz_21325,discogs_83685,musicbrainz,discogs,false
mbrainz_21374,discogs_144992,musicbrainz,discogs,false
mbrainz_21374,discogs_162201,musicbrainz,discogs,false
mbrainz_21374,discogs_439,musicbrainz,discogs,false
mbrainz_21374,discogs_48428,musicbrainz,discogs,false
mbrainz_21374,discogs_60661,musicbrainz,discogs,false
mbrainz_21374,discogs_67733,musicbrainz,discogs,false
mbrainz_21374,discogs_96565,musicbrainz,discogs,false
mbrainz_21395,discogs_112344,musicbrainz,discogs,false
mbrainz_21395,discogs_122598,musicbrainz,discogs,false
mbrainz_21395,discogs_125965,musicbrainz,discogs,false
mbrainz_21395,discogs_12904,musicbrainz,discogs,false
mbrainz_21395,discogs_129731,musicbrainz,discogs,false
mbrainz_21395,discogs_144171,musicbrainz,discogs,false
mbrainz_21395,discogs_60871,musicbrainz,discogs,false
mbrainz_21414,discogs_121541,musicbrainz,discogs,false
mbrainz_21414,discogs_182972,musicbrainz,discogs,false
mbrainz_21414,discogs_52942,musicbrainz,discogs,false
mbrainz_21414,discogs_95237,musicbrainz,discogs,false
mbrainz_21454,discogs_125198,musicbrainz,discogs,false
mbrainz_21467,discogs_10631,musicbrainz,discogs,false
mbrainz_21467,discogs_116753,musicbrainz,discogs,false
mbrainz_21467,discogs_136,musicbrainz,discogs,false
mbrainz_21467,discogs_136555,musicbrainz,discogs,false
mbrainz_21467,discogs_148462,musicbrainz,discogs,false
mbrainz_21467,discogs_16845,musicbrainz,discogs,false
mbrainz_21467,discogs_195964,musicbrainz,discogs,false
mbrainz_21473,discogs_4227,musicbrainz,discogs,false
mbrainz_21473,discogs_43670,musicbrainz,discogs,false
mbrainz_21473,discogs_80880,musicbrainz,discogs,false
mbrainz_2148,discogs_12044,musicbrainz,discogs,false
mbrainz_2148,discogs_189598,musicbrainz,discogs,false
mbrainz_2148,discogs_24136,musicbrainz,discogs,false
mbrainz_2148,discogs_26718,musicbrainz,discogs,false
mbrainz_2148,discogs_26719,musicbrainz,discogs,false
mbrainz_2148,discogs_80250,musicbrainz,discogs,false
mbrainz_2148,discogs_81415,musicbrainz,discogs,false
mbrainz_2148,discogs_95096,musicbrainz,discogs,false
mbrainz_21487,discogs_12167,musicbrainz,discogs,false
mbrainz_21487,discogs_13554,musicbrainz,discogs,false
mbrainz_21487,discogs_235,musicbrainz,discogs,false
mbrainz_21487,discogs_2876,musicbrainz,discogs,false
mbrainz_21487,discogs_65185,musicbrainz,discogs,false
mbrainz_21487,discogs_98488,musicbrainz,discogs,false
mbrainz_2150,discogs_173379,musicbrainz,discogs,false
mbrainz_2150,discogs_51970,musicbrainz,discogs,false
mbrainz_2155,discogs_11976,musicbrainz,discogs,false
mbrainz_2155,discogs_140337,musicbrainz,discogs,false
mbrainz_2155,discogs_20946,musicbrainz,discogs,false
mbrainz_2155,discogs_65906,musicbrainz,discogs,false
mbrainz_2155,discogs_77333,musicbrainz,discogs,false
mbrainz_2155,discogs_98109,musicbrainz,discogs,false
mbrainz_2155,discogs_9928,musicbrainz,discogs,false
mbrainz_21594,discogs_149423,musicbrainz,discogs,false
mbrainz_21594,discogs_15585,musicbrainz,discogs,false
mbrainz_21594,discogs_186593,musicbrainz,discogs,false
mbrainz_21594,discogs_195927,musicbrainz,discogs,false
mbrainz_21594,discogs_32506,musicbrainz,discogs,false
mbrainz_21594,discogs_49361,musicbrainz,discogs,false
mbrainz_21594,discogs_70510,musicbrainz,discogs,false
mbrainz_21594,discogs_88934,musicbrainz,discogs,false
mbrainz_21595,discogs_10543,musicbrainz,discogs,false
mbrainz_21595,discogs_149591,musicbrainz,discogs,false
mbrainz_21595,discogs_26050,musicbrainz,discogs,false
mbrainz_21595,discogs_39744,musicbrainz,discogs,false
mbrainz_21595,discogs_58010,musicbrainz,discogs,false
mbrainz_2160,discogs_101955,musicbrainz,discogs,false
mbrainz_2160,discogs_109486,musicbrainz,discogs,false
mbrainz_2160,discogs_148369,musicbrainz,discogs,false
mbrainz_2160,discogs_23255,musicbrainz,discogs,false
mbrainz_2160,discogs_35031,musicbrainz,discogs,false
mbrainz_2160,discogs_78993,musicbrainz,discogs,false
mbrainz_2160,discogs_81571,musicbrainz,discogs,false
mbrainz_2160,discogs_98260,musicbrainz,discogs,false
mbrainz_21605,discogs_122864,musicbrainz,discogs,false
mbrainz_21605,discogs_134778,musicbrainz,discogs,false
mbrainz_21605,discogs_149035,musicbrainz,discogs,false
mbrainz_21605,discogs_178280,musicbrainz,discogs,false
mbrainz_21605,discogs_191766,musicbrainz,discogs,false
mbrainz_21605,discogs_2399,musicbrainz,discogs,false
mbrainz_21605,discogs_23999,musicbrainz,discogs,false
mbrainz_21605,discogs_90459,musicbrainz,discogs,false
mbrainz_21610,discogs_100871,musicbrainz,discogs,false
mbrainz_21610,discogs_104481,musicbrainz,discogs,false
mbrainz_21610,discogs_133993,musicbrainz,discogs,false
mbrainz_21610,discogs_154911,musicbrainz,discogs,false
mbrainz_21610,discogs_48355,musicbrainz,discogs,false
mbrainz_21610,discogs_93662,musicbrainz,discogs,false
mbrainz_2162,discogs_88875,musicbrainz,discogs,false
mbrainz_21620,discogs_125070,musicbrainz,discogs,false
mbrainz_21620,discogs_31408,musicbrainz,discogs,false
mbrainz_21620,discogs_48812,musicbrainz,discogs,false
mbrainz_21620,discogs_51530,musicbrainz,discogs,false
mbrainz_21620,discogs_6567,musicbrainz,discogs,false
mbrainz_21620,discogs_78334,musicbrainz,discogs,false
mbrainz_21622,discogs_117074,musicbrainz,discogs,false
mbrainz_21622,discogs_120619,musicbrainz,discogs,false
mbrainz_21622,discogs_164678,musicbrainz,discogs,false
mbrainz_21622,discogs_181281,musicbrainz,discogs,false
mbrainz_21622,discogs_65027,musicbrainz,discogs,false
mbrainz_21622,discogs_8946,musicbrainz,discogs,false
mbrainz_21629,discogs_126353,musicbrainz,discogs,false
mbrainz_21629,discogs_132437,musicbrainz,discogs,false
mbrainz_21629,discogs_146210,musicbrainz,discogs,false
mbrainz_21629,discogs_153452,musicbrainz,discogs,false
mbrainz_21629,discogs_165099,musicbrainz,discogs,false
mbrainz_21629,discogs_49594,musicbrainz,discogs,false
mbrainz_21629,discogs_90372,musicbrainz,discogs,false
mbrainz_21629,discogs_93653,musicbrainz,discogs,false
mbrainz_21647,discogs_195914,musicbrainz,discogs,false
mbrainz_2165,discogs_189905,musicbrainz,discogs,false
mbrainz_2165,discogs_21336,musicbrainz,discogs,false
mbrainz_2165,discogs_45865,musicbrainz,discogs,false
mbrainz_2165,discogs_48512,musicbrainz,discogs,false
mbrainz_2165,discogs_67524,musicbrainz,discogs,false
mbrainz_2169,discogs_14688,musicbrainz,discogs,false
mbrainz_2169,discogs_19470,musicbrainz,discogs,false
mbrainz_2169,discogs_28003,musicbrainz,discogs,false
mbrainz_2169,discogs_2803,musicbrainz,discogs,false
mbrainz_2169,discogs_35605,musicbrainz,discogs,false
mbrainz_2169,discogs_77079,musicbrainz,discogs,false
mbrainz_2169,discogs_82690,musicbrainz,discogs,false
mbrainz_2169,discogs_97881,musicbrainz,discogs,false
mbrainz_21712,discogs_13243,musicbrainz,discogs,false
mbrainz_21712,discogs_179765,musicbrainz,discogs,false
mbrainz_21712,discogs_192822,musicbrainz,discogs,false
mbrainz_21712,discogs_194425,musicbrainz,discogs,false
mbrainz_21712,discogs_3693,musicbrainz,discogs,false
mbrainz_21712,discogs_43878,musicbrainz,discogs,false
mbrainz_21712,discogs_81585,musicbrainz,discogs,false
mbrainz_21750,discogs_111385,musicbrainz,discogs,false
mbrainz_21750,discogs_19435,musicbrainz,discogs,false
mbrainz_21750,discogs_28145,musicbrainz,discogs,false
mbrainz_21750,discogs_41570,musicbrainz,discogs,false
mbrainz_21750,discogs_44731,musicbrainz,discogs,false
mbrainz_21750,discogs_49338,musicbrainz,discogs,false
mbrainz_21802,discogs_10134,musicbrainz,discogs,false
mbrainz_21802,discogs_162621,musicbrainz,discogs,false
mbrainz_21802,discogs_167410,musicbrainz,discogs,false
mbrainz_21802,discogs_167483,musicbrainz,discogs,false
mbrainz_21802,discogs_190404,musicbrainz,discogs,false
mbrainz_21802,discogs_37242,musicbrainz,discogs,false
mbrainz_21802,discogs_66573,musicbrainz,discogs,false
mbrainz_21822,discogs_106476,musicbrainz,discogs,false
mbrainz_21822,discogs_106878,musicbrainz,discogs,false
mbrainz_21822,discogs_109925,musicbrainz,discogs,false
mbrainz_21822,discogs_121937,musicbrainz,discogs,false
mbrainz_21822,discogs_129386,musicbrainz,discogs,false
mbrainz_21822,discogs_137792,musicbrainz,discogs,false
mbrainz_21822,discogs_145246,musicbrainz,discogs,false
mbrainz_21822,discogs_85061,musicbrainz,discogs,false
mbrainz_21861,discogs_100171,musicbrainz,discogs,false
mbrainz_21861,discogs_111256,musicbrainz,discogs,false
mbrainz_21861,discogs_179974,musicbrainz,discogs,false
mbrainz_21867,discogs_105640,musicbrainz,discogs,false
mbrainz_21867,discogs_111385,musicbrainz,discogs,false
mbrainz_21867,discogs_116367,musicbrainz,discogs,false
mbrainz_21867,discogs_118532,musicbrainz,discogs,false
mbrainz_21867,discogs_121357,musicbrainz,discogs,false
mbrainz_21867,discogs_121437,musicbrainz,discogs,false
mbrainz_21867,discogs_154346,musicbrainz,discogs,false
mbrainz_2189,discogs_140544,musicbrainz,discogs,false
mbrainz_2189,discogs_145103,musicbrainz,discogs,false
mbrainz_2189,discogs_166780,musicbrainz,discogs,false
mbrainz_2189,discogs_18391,musicbrainz,discogs,false
mbrainz_2189,discogs_196662,musicbrainz,discogs,false
mbrainz_2189,discogs_60850,musicbrainz,discogs,false
mbrainz_2189,discogs_7329,musicbrainz,discogs,false
mbrainz_2189,discogs_78264,musicbrainz,discogs,false
mbrainz_219,discogs_44806,musicbrainz,discogs,false
mbrainz_219,discogs_51973,musicbrainz,discogs,false
mbrainz_219,discogs_75403,musicbrainz,discogs,false
mbrainz_2190,discogs_20669,musicbrainz,discogs,false
mbrainz_2190,discogs_25906,musicbrainz,discogs,false
mbrainz_2190,discogs_39172,musicbrainz,discogs,false
mbrainz_2190,discogs_46874,musicbrainz,discogs,false
mbrainz_2190,discogs_7346,musicbrainz,discogs,false
mbrainz_2190,discogs_830,musicbrainz,discogs,false
mbrainz_21943,discogs_136154,musicbrainz,discogs,false
mbrainz_21943,discogs_156880,musicbrainz,discogs,false
mbrainz_21943,discogs_53549,musicbrainz,discogs,false
mbrainz_21943,discogs_81691,musicbrainz,discogs,false
mbrainz_21943,discogs_98660,musicbrainz,discogs,false
mbrainz_21957,discogs_170721,musicbrainz,discogs,false
mbrainz_21957,discogs_190281,musicbrainz,discogs,false
mbrainz_21957,discogs_194617,musicbrainz,discogs,false
mbrainz_21957,discogs_52875,musicbrainz,discogs,false
mbrainz_21957,discogs_6221,musicbrainz,discogs,false
mbrainz_21957,discogs_87290,musicbrainz,discogs,false
mbrainz_21978,discogs_110397,musicbrainz,discogs,false
mbrainz_21978,discogs_115641,musicbrainz,discogs,false
mbrainz_21978,discogs_125413,musicbrainz,discogs,false
mbrainz_21978,discogs_41474,musicbrainz,discogs,false
mbrainz_21978,discogs_46618,musicbrainz,discogs,false
mbrainz_21978,discogs_70579,musicbrainz,discogs,false
mbrainz_21978,discogs_73897,musicbrainz,discogs,false
mbrainz_21978,discogs_75178,musicbrainz,discogs,false
mbrainz_21978,discogs_81626,musicbrainz,discogs,false
mbrainz_2199,discogs_136390,musicbrainz,discogs,false
mbrainz_2199,discogs_153657,musicbrainz,discogs,false
mbrainz_2199,discogs_43755,musicbrainz,discogs,false
mbrainz_22,discogs_157409,musicbrainz,discogs,false
mbrainz_22056,discogs_112344,musicbrainz,discogs,false
mbrainz_22056,discogs_114357,musicbrainz,discogs,false
mbrainz_22056,discogs_121414,musicbrainz,discogs,false
mbrainz_22056,discogs_122598,musicbrainz,discogs,false
mbrainz_22056,discogs_129731,musicbrainz,discogs,false
mbrainz_22056,discogs_137475,musicbrainz,discogs,false
mbrainz_22056,discogs_143582,musicbrainz,discogs,false
mbrainz_22056,discogs_144171,musicbrainz,discogs,false
mbrainz_22069,discogs_106802,musicbrainz,discogs,false
mbrainz_22069,discogs_112235,musicbrainz,discogs,false
mbrainz_22069,discogs_16746,musicbrainz,discogs,false
mbrainz_22069,discogs_34992,musicbrainz,discogs,false
mbrainz_22069,discogs_38036,musicbrainz,discogs,false
mbrainz_22069,discogs_41960,musicbrainz,discogs,false
mbrainz_22069,discogs_49456,musicbrainz,discogs,false
mbrainz_22069,discogs_57142,musicbrainz,discogs,false
mbrainz_22069,discogs_65502,musicbrainz,discogs,false
mbrainz_22096,discogs_8484,musicbrainz,discogs,false
mbrainz_22154,discogs_124965,musicbrainz,discogs,false
mbrainz_22154,discogs_38649,musicbrainz,discogs,false
mbrainz_22154,discogs_5226,musicbrainz,discogs,false
mbrainz_22154,discogs_61372,musicbrainz,discogs,false
mbrainz_22154,discogs_85806,musicbrainz,discogs,false
mbrainz_222,discogs_115843,musicbrainz,discogs,false
mbrainz_222,discogs_141777,musicbrainz,discogs,false
mbrainz_222,discogs_151057,musicbrainz,discogs,false
mbrainz_222,discogs_196653,musicbrainz,discogs,false
mbrainz_222,discogs_42767,musicbrainz,discogs,false
mbrainz_222,discogs_8012,musicbrainz,discogs,false
mbrainz_2222,discogs_9800,musicbrainz,discogs,false
mbrainz_22234,discogs_112344,musicbrainz,discogs,false
mbrainz_22234,discogs_121414,musicbrainz,discogs,false
mbrainz_22234,discogs_122598,musicbrainz,discogs,false
mbrainz_22234,discogs_125965,musicbrainz,discogs,false
mbrainz_22234,discogs_129731,musicbrainz,discogs,false
mbrainz_22234,discogs_143582,musicbrainz,discogs,false
mbrainz_22234,discogs_144171,musicbrainz,discogs,false
mbrainz_22234,discogs_158312,musicbrainz,discogs,false
mbrainz_22234,discogs_162996,musicbrainz,discogs,false
mbrainz_22237,discogs_111142,musicbrainz,discogs,false
mbrainz_22237,discogs_166640,musicbrainz,discogs,false
mbrainz_22237,discogs_176801,musicbrainz,discogs,false
mbrainz_22237,discogs_178045,musicbrainz,discogs,false
mbrainz_22237,discogs_35375,musicbrainz,discogs,false
mbrainz_22237,discogs_36031,musicbrainz,discogs,false
mbrainz_22237,discogs_60296,musicbrainz,discogs,false
mbrainz_22269,discogs_143172,musicbrainz,discogs,false
mbrainz_22269,discogs_180857,musicbrainz,discogs,false
mbrainz_22269,discogs_43791,musicbrainz,discogs,false
mbrainz_22269,discogs_56010,musicbrainz,discogs,false
mbrainz_22269,discogs_83309,musicbrainz,discogs,false
mbrainz_2227,discogs_17266,musicbrainz,discogs,false
mbrainz_2227,discogs_184178,musicbrainz,discogs,false
mbrainz_2227,discogs_67444,musicbrainz,discogs,false
mbrainz_22286,discogs_119881,musicbrainz,discogs,false
mbrainz_22286,discogs_125070,musicbrainz,discogs,false
mbrainz_22286,discogs_133519,musicbrainz,discogs,false
mbrainz_22286,discogs_181498,musicbrainz,discogs,false
mbrainz_22286,discogs_49303,musicbrainz,discogs,false
mbrainz_22286,discogs_56966,musicbrainz,discogs,false
mbrainz_22286,discogs_76538,musicbrainz,discogs,false
mbrainz_2229,discogs_173128,musicbrainz,discogs,false
mbrainz_2229,discogs_52699,musicbrainz,discogs,false
mbrainz_2229,discogs_89835,musicbrainz,discogs,false
mbrainz_2229,discogs_9599,musicbrainz,discogs,false
mbrainz_22352,discogs_1170,musicbrainz,discogs,false
mbrainz_22352,discogs_131003,musicbrainz,discogs,false
mbrainz_22352,discogs_27068,musicbrainz,discogs,false
mbrainz_22352,discogs_28511,musicbrainz,discogs,false
mbrainz_22352,discogs_3354,musicbrainz,discogs,false
mbrainz_22352,discogs_80882,musicbrainz,discogs,false
mbrainz_22352,discogs_951,musicbrainz,discogs,false
mbrainz_22356,discogs_114190,musicbrainz,discogs,false
mbrainz_22356,discogs_147479,musicbrainz,discogs,false
mbrainz_22356,discogs_23687,musicbrainz,discogs,false
mbrainz_22356,discogs_27371,musicbrainz,discogs,false
mbrainz_22356,discogs_31270,musicbrainz,discogs,false
mbrainz_22356,discogs_34041,musicbrainz,discogs,false
mbrainz_22356,discogs_42465,musicbrainz,discogs,false
mbrainz_22356,discogs_90566,musicbrainz,discogs,false
mbrainz_22373,discogs_13279,musicbrainz,discogs,false
mbrainz_22373,discogs_13380,musicbrainz,discogs,false
mbrainz_22373,discogs_167811,musicbrainz,discogs,false
mbrainz_22373,discogs_42345,musicbrainz,discogs,false
mbrainz_22373,discogs_45036,musicbrainz,discogs,false
mbrainz_22373,discogs_63551,musicbrainz,discogs,false
mbrainz_22373,discogs_6722,musicbrainz,discogs,false
mbrainz_22373,discogs_67827,musicbrainz,discogs,false
mbrainz_22373,discogs_70108,musicbrainz,discogs,false
mbrainz_22378,discogs_44231,musicbrainz,discogs,false
mbrainz_22378,discogs_75574,musicbrainz,discogs,false
mbrainz_22396,discogs_104973,musicbrainz,discogs,false
mbrainz_22396,discogs_122439,musicbrainz,discogs,false
mbrainz_22396,discogs_154882,musicbrainz,discogs,false
mbrainz_22396,discogs_21488,musicbrainz,discogs,false
mbrainz_22396,discogs_48653,musicbrainz,discogs,false
mbrainz_22405,discogs_1235,musicbrainz,discogs,false
mbrainz_22405,discogs_1267,musicbrainz,discogs,false
mbrainz_22405,discogs_13743,musicbrainz,discogs,false
mbrainz_22405,discogs_142876,musicbrainz,discogs,false
mbrainz_22405,discogs_42730,musicbrainz,discogs,false
mbrainz_22405,discogs_56769,musicbrainz,discogs,false
mbrainz_22416,discogs_134914,musicbrainz,discogs,false
mbrainz_22416,discogs_148025,musicbrainz,discogs,false
mbrainz_22416,discogs_17509,musicbrainz,discogs,false
mbrainz_22416,discogs_27767,musicbrainz,discogs,false
mbrainz_22416,discogs_46005,musicbrainz,discogs,false
mbrainz_22421,discogs_128349,musicbrainz,discogs,false
mbrainz_22422,discogs_17538,musicbrainz,discogs,false
mbrainz_22422,discogs_2459,musicbrainz,discogs,false
mbrainz_22422,discogs_56848,musicbrainz,discogs,false
mbrainz_22422,discogs_58401,musicbrainz,discogs,false
mbrainz_22422,discogs_87682,musicbrainz,discogs,false
mbrainz_22422,discogs_89533,musicbrainz,discogs,false
mbrainz_22422,discogs_94111,musicbrainz,discogs,false
mbrainz_22422,discogs_94778,musicbrainz,discogs,false
mbrainz_22422,discogs_96401,musicbrainz,discogs,false
mbrainz_2244,discogs_172719,musicbrainz,discogs,false
mbrainz_2244,discogs_3590,musicbrainz,discogs,false
mbrainz_2244,discogs_79972,musicbrainz,discogs,false
mbrainz_2244,discogs_80073,musicbrainz,discogs,false
mbrainz_2244,discogs_82692,musicbrainz,discogs,false
mbrainz_2244,discogs_87008,musicbrainz,discogs,false
mbrainz_2244,discogs_99885,musicbrainz,discogs,false
mbrainz_22462,discogs_167650,musicbrainz,discogs,false
mbrainz_22462,discogs_189613,musicbrainz,discogs,false
mbrainz_22462,discogs_190812,musicbrainz,discogs,false
mbrainz_22462,discogs_42410,musicbrainz,discogs,false
mbrainz_22568,discogs_106512,musicbrainz,discogs,false
mbrainz_22568,discogs_138847,musicbrainz,discogs,false
mbrainz_22568,discogs_156542,musicbrainz,discogs,false
mbrainz_22568,discogs_168338,musicbrainz,discogs,false
mbrainz_22568,discogs_1718,musicbrainz,discogs,false
mbrainz_22568,discogs_18663,musicbrainz,discogs,false
mbrainz_22568,discogs_67700,musicbrainz,discogs,false
mbrainz_22599,discogs_134617,musicbrainz,discogs,false
mbrainz_22608,discogs_106177,musicbrainz,discogs,false
mbrainz_22608,discogs_115866,musicbrainz,discogs,false
mbrainz_22608,discogs_11953,musicbrainz,discogs,false
mbrainz_22608,discogs_143301,musicbrainz,discogs,false
mbrainz_22608,discogs_150683,musicbrainz,discogs,false
mbrainz_22608,discogs_16370,musicbrainz,discogs,false
mbrainz_22608,discogs_165526,musicbrainz,discogs,false
mbrainz_22608,discogs_33482,musicbrainz,discogs,false
mbrainz_22608,discogs_3921,musicbrainz,discogs,false
mbrainz_2261,discogs_177885,musicbrainz,discogs,false
mbrainz_2261,discogs_4754,musicbrainz,discogs,false
mbrainz_2261,discogs_77389,musicbrainz,discogs,false
mbrainz_2261,discogs_88146,musicbrainz,discogs,false
mbrainz_2262,discogs_103671,musicbrainz,discogs,false
mbrainz_2262,discogs_123884,musicbrainz,discogs,false
mbrainz_2262,discogs_142284,musicbrainz,discogs,false
mbrainz_2262,discogs_154519,musicbrainz,discogs,false
mbrainz_2262,discogs_292,musicbrainz,discogs,false
mbrainz_2262,discogs_36728,musicbrainz,discogs,false
mbrainz_2262,discogs_65001,musicbrainz,discogs,false
mbrainz_22652,discogs_145099,musicbrainz,discogs,false
mbrainz_22652,discogs_179883,musicbrainz,discogs,false
mbrainz_22652,discogs_193137,musicbrainz,discogs,false
mbrainz_22652,discogs_20171,musicbrainz,discogs,false
mbrainz_22652,discogs_81166,musicbrainz,discogs,false
mbrainz_22690,discogs_102195,musicbrainz,discogs,false
mbrainz_22690,discogs_102466,musicbrainz,discogs,false
mbrainz_22690,discogs_120146,musicbrainz,discogs,false
mbrainz_22690,discogs_132104,musicbrainz,discogs,false
mbrainz_22690,discogs_158991,musicbrainz,discogs,false
mbrainz_22690,discogs_184533,musicbrainz,discogs,false
mbrainz_22690,discogs_63975,musicbrainz,discogs,false
mbrainz_22697,discogs_10609,musicbrainz,discogs,false
mbrainz_22697,discogs_113671,musicbrainz,discogs,false
mbrainz_22697,discogs_173779,musicbrainz,discogs,false
mbrainz_22697,discogs_176148,musicbrainz,discogs,false
mbrainz_22697,discogs_176533,musicbrainz,discogs,false
mbrainz_22697,discogs_4049,musicbrainz,discogs,false
mbrainz_22697,discogs_46868,musicbrainz,discogs,false
mbrainz_22697,discogs_5549,musicbrainz,discogs,false
mbrainz_22781,discogs_10599,musicbrainz,discogs,false
mbrainz_22781,discogs_32964,musicbrainz,discogs,false
mbrainz_22781,discogs_88973,musicbrainz,discogs,false
mbrainz_22781,discogs_94459,musicbrainz,discogs,false
mbrainz_22795,discogs_118153,musicbrainz,discogs,false
mbrainz_22795,discogs_190819,musicbrainz,discogs,false
mbrainz_22795,discogs_40010,musicbrainz,discogs,false
mbrainz_22795,discogs_42638,musicbrainz,discogs,false
mbrainz_22795,discogs_43905,musicbrainz,discogs,false
mbrainz_22795,discogs_68168,musicbrainz,discogs,false
mbrainz_22795,discogs_89397,musicbrainz,discogs,false
mbrainz_22847,discogs_127562,musicbrainz,discogs,false
mbrainz_22847,discogs_144563,musicbrainz,discogs,false
mbrainz_22847,discogs_151156,musicbrainz,discogs,false
mbrainz_22847,discogs_153333,musicbrainz,discogs,false
mbrainz_22847,discogs_178152,musicbrainz,discogs,false
mbrainz_22847,discogs_56711,musicbrainz,discogs,false
mbrainz_22847,discogs_86398,musicbrainz,discogs,false
mbrainz_22894,discogs_108528,musicbrainz,discogs,false
mbrainz_22894,discogs_138846,musicbrainz,discogs,false
mbrainz_22894,discogs_145522,musicbrainz,discogs,false
mbrainz_22894,discogs_15572,musicbrainz,discogs,false
mbrainz_22894,discogs_158700,musicbrainz,discogs,false
mbrainz_22894,discogs_168764,musicbrainz,discogs,false
mbrainz_22894,discogs_180132,musicbrainz,discogs,false
mbrainz_22894,discogs_25825,musicbrainz,discogs,false
mbrainz_22894,discogs_41395,musicbrainz,discogs,false
mbrainz_2290,discogs_12768,musicbrainz,discogs,false
mbrainz_2290,discogs_97332,musicbrainz,discogs,false
mbrainz_22904,discogs_132241,musicbrainz,discogs,false
mbrainz_22925,discogs_115515,musicbrainz,discogs,false
mbrainz_22925,discogs_131594,musicbrainz,discogs,false
mbrainz_22925,discogs_136073,musicbrainz,discogs,false
mbrainz_22925,discogs_178988,musicbrainz,discogs,false
mbrainz_22925,discogs_29382,musicbrainz,discogs,false
mbrainz_22925,discogs_49347,musicbrainz,discogs,false
mbrainz_22925,discogs_68271,musicbrainz,discogs,false
mbrainz_22929,discogs_101194,musicbrainz,discogs,false
mbrainz_22929,discogs_10629,musicbrainz,discogs,false
mbrainz_22929,discogs_136395,musicbrainz,discogs,false
mbrainz_22929,discogs_191460,musicbrainz,discogs,false
mbrainz_22929,discogs_52826,musicbrainz,discogs,false
mbrainz_22929,discogs_7942,musicbrainz,discogs,false
mbrainz_22929,discogs_91189,musicbrainz,discogs,false
mbrainz_22929,discogs_9780,musicbrainz,discogs,false
mbrainz_22938,discogs_134176,musicbrainz,discogs,false
mbrainz_22938,discogs_173818,musicbrainz,discogs,false
mbrainz_22940,discogs_108402,musicbrainz,discogs,false
mbrainz_22940,discogs_131856,musicbrainz,discogs,false
mbrainz_22940,discogs_144022,musicbrainz,discogs,false
mbrainz_22940,discogs_144267,musicbrainz,discogs,false
mbrainz_22940,discogs_52683,musicbrainz,discogs,false
mbrainz_22940,discogs_92196,musicbrainz,discogs,false
mbrainz_22940,discogs_93301,musicbrainz,discogs,false
mbrainz_22940,discogs_99151,musicbrainz,discogs,false
mbrainz_2296,discogs_130745,musicbrainz,discogs,false
mbrainz_22966,discogs_100965,musicbrainz,discogs,false
mbrainz_22966,discogs_139002,musicbrainz,discogs,false
mbrainz_22966,discogs_192964,musicbrainz,discogs,false
mbrainz_22966,discogs_38316,musicbrainz,discogs,false
mbrainz_22966,discogs_47213,musicbrainz,discogs,false
mbrainz_22966,discogs_7869,musicbrainz,discogs,false
mbrainz_22966,discogs_89805,musicbrainz,discogs,false
mbrainz_22973,discogs_107892,musicbrainz,discogs,false
mbrainz_22973,discogs_125818,musicbrainz,discogs,false
mbrainz_22973,discogs_128979,musicbrainz,discogs,false
mbrainz_22973,discogs_146735,musicbrainz,discogs,false
mbrainz_22973,discogs_151467,musicbrainz,discogs,false
mbrainz_22973,discogs_164522,musicbrainz,discogs,false
mbrainz_22973,discogs_184174,musicbrainz,discogs,false
mbrainz_22973,discogs_74304,musicbrainz,discogs,false
mbrainz_23,discogs_121675,musicbrainz,discogs,false
mbrainz_23,discogs_15679,musicbrainz,discogs,false
mbrainz_23,discogs_17602,musicbrainz,discogs,false
mbrainz_23,discogs_184559,musicbrainz,discogs,false
mbrainz_23,discogs_196690,musicbrainz,discogs,false
mbrainz_23,discogs_46000,musicbrainz,discogs,false
mbrainz_23,discogs_51226,musicbrainz,discogs,false
mbrainz_23,discogs_81762,musicbrainz,discogs,false
mbrainz_23008,discogs_110334,musicbrainz,discogs,false
mbrainz_23008,discogs_2488,musicbrainz,discogs,false
mbrainz_23008,discogs_2977,musicbrainz,discogs,false
mbrainz_23008,discogs_33525,musicbrainz,discogs,false
mbrainz_23008,discogs_4581,musicbrainz,discogs,false
mbrainz_23008,discogs_76004,musicbrainz,discogs,false
mbrainz_23008,discogs_80882,musicbrainz,discogs,false
mbrainz_2302,discogs_10809,musicbrainz,discogs,false
mbrainz_2302,discogs_144879,musicbrainz,discogs,false
mbrainz_2302,discogs_169615,musicbrainz,discogs,false
mbrainz_2302,discogs_181893,musicbrainz,discogs,false
mbrainz_2302,discogs_58242,musicbrainz,discogs,false
mbrainz_2302,discogs_62300,musicbrainz,discogs,false
mbrainz_2302,discogs_9966,musicbrainz,discogs,false
mbrainz_23035,discogs_101053,musicbrainz,discogs,false
mbrainz_23035,discogs_121994,musicbrainz,discogs,false
mbrainz_23035,discogs_142551,musicbrainz,discogs,false
mbrainz_23035,discogs_166689,musicbrainz,discogs,false
mbrainz_23035,discogs_195363,musicbrainz,discogs,false
mbrainz_23035,discogs_34095,musicbrainz,discogs,false
mbrainz_23071,discogs_122140,musicbrainz,discogs,false
mbrainz_23071,discogs_129801,musicbrainz,discogs,false
mbrainz_23071,discogs_129804,musicbrainz,discogs,false
mbrainz_23071,discogs_129805,musicbrainz,discogs,false
mbrainz_23071,discogs_129807,musicbrainz,discogs,false
mbrainz_23071,discogs_15008,musicbrainz,discogs,false
mbrainz_23071,discogs_176847,musicbrainz,discogs,false
mbrainz_23071,discogs_53449,musicbrainz,discogs,false
mbrainz_23071,discogs_59197,musicbrainz,discogs,false
mbrainz_23088,discogs_119669,musicbrainz,discogs,false
mbrainz_23088,discogs_20019,musicbrainz,discogs,false
mbrainz_23088,discogs_32728,musicbrainz,discogs,false
mbrainz_23088,discogs_5300,musicbrainz,discogs,false
mbrainz_23088,discogs_89131,musicbrainz,discogs,false
mbrainz_23088,discogs_96336,musicbrainz,discogs,false
mbrainz_2309,discogs_110925,musicbrainz,discogs,false
mbrainz_2309,discogs_11366,musicbrainz,discogs,false
mbrainz_2309,discogs_12218,musicbrainz,discogs,false
mbrainz_2309,discogs_127095,musicbrainz,discogs,false
mbrainz_2309,discogs_130597,musicbrainz,discogs,false
mbrainz_2309,discogs_13636,musicbrainz,discogs,false
mbrainz_2309,discogs_78752,musicbrainz,discogs,false
mbrainz_23128,discogs_113628,musicbrainz,discogs,false
mbrainz_23128,discogs_134493,musicbrainz,discogs,false
mbrainz_23128,discogs_164351,musicbrainz,discogs,false
mbrainz_23128,discogs_183320,musicbrainz,discogs,false
mbrainz_23128,discogs_28589,musicbrainz,discogs,false
mbrainz_23128,discogs_54098,musicbrainz,discogs,false
mbrainz_23128,discogs_88559,musicbrainz,discogs,false
mbrainz_23128,discogs_95347,musicbrainz,discogs,false
mbrainz_2319,discogs_10214,musicbrainz,discogs,false
mbrainz_2319,discogs_135566,musicbrainz,discogs,false
mbrainz_2319,discogs_13575,musicbrainz,discogs,false
mbrainz_2319,discogs_17064,musicbrainz,discogs,false
mbrainz_2319,discogs_47754,musicbrainz,discogs,false
mbrainz_2319,discogs_68699,musicbrainz,discogs,false
mbrainz_2319,discogs_6896,musicbrainz,discogs,false
mbrainz_2319,discogs_9407,musicbrainz,discogs,false
mbrainz_23194,discogs_188218,musicbrainz,discogs,false
mbrainz_23203,discogs_108647,musicbrainz,discogs,false
mbrainz_23203,discogs_115887,musicbrainz,discogs,false
mbrainz_23203,discogs_187601,musicbrainz,discogs,false
mbrainz_23203,discogs_28702,musicbrainz,discogs,false
mbrainz_23203,discogs_41710,musicbrainz,discogs,false
mbrainz_23203,discogs_43835,musicbrainz,discogs,false
mbrainz_23203,discogs_45665,musicbrainz,discogs,false
mbrainz_23204,discogs_110825,musicbrainz,discogs,false
mbrainz_23204,discogs_144277,musicbrainz,discogs,false
mbrainz_23204,discogs_153633,musicbrainz,discogs,false
mbrainz_23204,discogs_188554,musicbrainz,discogs,false
mbrainz_23204,discogs_404,musicbrainz,discogs,false
mbrainz_23204,discogs_70811,musicbrainz,discogs,false
mbrainz_23213,discogs_124498,musicbrainz,discogs,false
mbrainz_23213,discogs_158403,musicbrainz,discogs,false
mbrainz_23213,discogs_3862,musicbrainz,discogs,false
mbrainz_23213,discogs_41648,musicbrainz,discogs,false
mbrainz_23213,discogs_77990,musicbrainz,discogs,false
mbrainz_23237,discogs_114190,musicbrainz,discogs,false
mbrainz_23237,discogs_129280,musicbrainz,discogs,false
mbrainz_23237,discogs_133927,musicbrainz,discogs,false
mbrainz_23237,discogs_147479,musicbrainz,discogs,false
mbrainz_23237,discogs_27371,musicbrainz,discogs,false
mbrainz_23237,discogs_34041,musicbrainz,discogs,false
mbrainz_23237,discogs_42465,musicbrainz,discogs,false
mbrainz_23237,discogs_67154,musicbrainz,discogs,false
mbrainz_23237,discogs_80092,musicbrainz,discogs,false
mbrainz_23238,discogs_133459,musicbrainz,discogs,false
mbrainz_2327,discogs_169796,musicbrainz,discogs,false
mbrainz_2327,discogs_171339,musicbrainz,discogs,false
mbrainz_2327,discogs_19411,musicbrainz,discogs,false
mbrainz_2327,discogs_22465,musicbrainz,discogs,false
mbrainz_2327,discogs_90229,musicbrainz,discogs,false
mbrainz_23278,discogs_122140,musicbrainz,discogs,false
mbrainz_23278,discogs_129801,musicbrainz,discogs,false
mbrainz_23278,discogs_129804,musicbrainz,discogs,false
mbrainz_23278,discogs_129805,musicbrainz,discogs,false
mbrainz_23278,discogs_129807,musicbrainz,discogs,false
mbrainz_23278,discogs_176847,musicbrainz,discogs,false
mbrainz_23278,discogs_51670,musicbrainz,discogs,false
mbrainz_23278,discogs_53449,musicbrainz,discogs,false
mbrainz_23278,discogs_59197,musicbrainz,discogs,false
mbrainz_23284,discogs_109917,musicbrainz,discogs,false
mbrainz_23284,discogs_121844,musicbrainz,discogs,false
mbrainz_23284,discogs_189330,musicbrainz,discogs,false
mbrainz_23284,discogs_32882,musicbrainz,discogs,false
mbrainz_23284,discogs_37592,musicbrainz,discogs,false
mbrainz_23284,discogs_48428,musicbrainz,discogs,false
mbrainz_23284,discogs_6659,musicbrainz,discogs,false
mbrainz_233,discogs_1567,musicbrainz,discogs,false
mbrainz_233,discogs_179884,musicbrainz,discogs,false
mbrainz_233,discogs_1879,musicbrainz,discogs,false
mbrainz_233,discogs_2370,musicbrainz,discogs,false
mbrainz_233,discogs_2376,musicbrainz,discogs,false
mbrainz_233,discogs_33856,musicbrainz,discogs,false
mbrainz_233,discogs_52022,musicbrainz,discogs,false
mbrainz_2332,discogs_102006,musicbrainz,discogs,false
mbrainz_2332,discogs_106670,musicbrainz,discogs,false
mbrainz_2332,discogs_158031,musicbrainz,discogs,false
mbrainz_2332,discogs_194147,musicbrainz,discogs,false
mbrainz_2332,discogs_59587,musicbrainz,discogs,false
mbrainz_2332,discogs_83422,musicbrainz,discogs,false
mbrainz_2335,discogs_176415,musicbrainz,discogs,false
mbrainz_23379,discogs_121874,musicbrainz,discogs,false
mbrainz_23379,discogs_125556,musicbrainz,discogs,false
mbrainz_23379,discogs_133223,musicbrainz,discogs,false
mbrainz_23379,discogs_145714,musicbrainz,discogs,false
mbrainz_23379,discogs_148463,musicbrainz,discogs,false
mbrainz_23379,discogs_150520,musicbrainz,discogs,false
mbrainz_23379,discogs_153272,musicbrainz,discogs,false
mbrainz_23379,discogs_188960,musicbrainz,discogs,false
mbrainz_23379,discogs_75443,musicbrainz,discogs,false
mbrainz_23383,discogs_103937,musicbrainz,discogs,false
mbrainz_23383,discogs_140603,musicbrainz,discogs,false
mbrainz_23383,discogs_170834,musicbrainz,discogs,false
mbrainz_23383,discogs_41442,musicbrainz,discogs,false
mbrainz_2347,discogs_155859,musicbrainz,discogs,false
mbrainz_2347,discogs_16787,musicbrainz,discogs,false
mbrainz_2347,discogs_3003,musicbrainz,discogs,false
mbrainz_2347,discogs_43848,musicbrainz,discogs,false
mbrainz_2347,discogs_54009,musicbrainz,discogs,false
mbrainz_2347,discogs_69241,musicbrainz,discogs,false
mbrainz_2347,discogs_8394,musicbrainz,discogs,false
mbrainz_2347,discogs_8480,musicbrainz,discogs,false
mbrainz_2349,discogs_134361,musicbrainz,discogs,false
mbrainz_2349,discogs_165973,musicbrainz,discogs,false
mbrainz_2349,discogs_167229,musicbrainz,discogs,false
mbrainz_2349,discogs_195221,musicbrainz,discogs,false
mbrainz_2349,discogs_78498,musicbrainz,discogs,false
mbrainz_2349,discogs_83666,musicbrainz,discogs,false
mbrainz_23557,discogs_103819,musicbrainz,discogs,false
mbrainz_23557,discogs_135598,musicbrainz,discogs,false
mbrainz_23557,discogs_194425,musicbrainz,discogs,false
mbrainz_23557,discogs_32311,musicbrainz,discogs,false
mbrainz_23557,discogs_69393,musicbrainz,discogs,false
mbrainz_23557,discogs_76203,musicbrainz,discogs,false
mbrainz_2359,discogs_187353,musicbrainz,discogs,false
mbrainz_23596,discogs_12197,musicbrainz,discogs,false
mbrainz_236,discogs_11941,musicbrainz,discogs,false
mbrainz_236,discogs_125070,musicbrainz,discogs,false
mbrainz_236,discogs_138583,musicbrainz,discogs,false
mbrainz_236,discogs_18726,musicbrainz,discogs,false
mbrainz_236,discogs_35567,musicbrainz,discogs,false
mbrainz_236,discogs_3750,musicbrainz,discogs,false
mbrainz_236,discogs_42816,musicbrainz,discogs,false
mbrainz_2360,discogs_11366,musicbrainz,discogs,false
mbrainz_2360,discogs_127095,musicbrainz,discogs,false
mbrainz_2360,discogs_130597,musicbrainz,discogs,false
mbrainz_2360,discogs_13636,musicbrainz,discogs,false
mbrainz_2360,discogs_184003,musicbrainz,discogs,false
mbrainz_2360,discogs_34372,musicbrainz,discogs,false
mbrainz_2360,discogs_57210,musicbrainz,discogs,false
mbrainz_23606,discogs_107434,musicbrainz,discogs,false
mbrainz_23606,discogs_119881,musicbrainz,discogs,false
mbrainz_23606,discogs_127439,musicbrainz,discogs,false
mbrainz_23606,discogs_16199,musicbrainz,discogs,false
mbrainz_23606,discogs_181498,musicbrainz,discogs,false
mbrainz_23606,discogs_27926,musicbrainz,discogs,false
mbrainz_23606,discogs_6787,musicbrainz,discogs,false
mbrainz_23640,discogs_104613,musicbrainz,discogs,false
mbrainz_23640,discogs_114158,musicbrainz,discogs,false
mbrainz_23640,discogs_127749,musicbrainz,discogs,false
mbrainz_23640,discogs_149385,musicbrainz,discogs,false
mbrainz_23640,discogs_2720,musicbrainz,discogs,false
mbrainz_23640,discogs_33613,musicbrainz,discogs,false
mbrainz_23640,discogs_42892,musicbrainz,discogs,false
mbrainz_23640,discogs_6725,musicbrainz,discogs,false
mbrainz_2365,discogs_15248,musicbrainz,discogs,false
mbrainz_2365,discogs_163812,musicbrainz,discogs,false
mbrainz_2365,discogs_173184,musicbrainz,discogs,false
mbrainz_2365,discogs_28474,musicbrainz,discogs,false
mbrainz_2365,discogs_31140,musicbrainz,discogs,false
mbrainz_2365,discogs_35552,musicbrainz,discogs,false
mbrainz_2365,discogs_49834,musicbrainz,discogs,false
mbrainz_2365,discogs_80817,musicbrainz,discogs,false
mbrainz_2365,discogs_87471,musicbrainz,discogs,false
mbrainz_23678,discogs_198002,musicbrainz,discogs,false
mbrainz_23678,discogs_27506,musicbrainz,discogs,false
mbrainz_23678,discogs_43952,musicbrainz,discogs,false
mbrainz_23678,discogs_79846,musicbrainz,discogs,false
mbrainz_23678,discogs_83431,musicbrainz,discogs,false
mbrainz_2368,discogs_1135,musicbrainz,discogs,false
mbrainz_2368,discogs_135135,musicbrainz,discogs,false
mbrainz_237,discogs_13243,musicbrainz,discogs,false
mbrainz_237,discogs_150615,musicbrainz,discogs,false
mbrainz_237,discogs_2102,musicbrainz,discogs,false
mbrainz_237,discogs_2710,musicbrainz,discogs,false
mbrainz_237,discogs_43102,musicbrainz,discogs,false
mbrainz_2372,discogs_112202,musicbrainz,discogs,false
mbrainz_2372,discogs_122630,musicbrainz,discogs,false
mbrainz_2372,discogs_143521,musicbrainz,discogs,false
mbrainz_2372,discogs_19416,musicbrainz,discogs,false
mbrainz_2372,discogs_23997,musicbrainz,discogs,false
mbrainz_2372,discogs_31770,musicbrainz,discogs,false
mbrainz_2372,discogs_3573,musicbrainz,discogs,false
mbrainz_2372,discogs_9415,musicbrainz,discogs,false
mbrainz_23762,discogs_111094,musicbrainz,discogs,false
mbrainz_23762,discogs_156393,musicbrainz,discogs,false
mbrainz_23762,discogs_157253,musicbrainz,discogs,false
mbrainz_23762,discogs_159320,musicbrainz,discogs,false
mbrainz_23762,discogs_62207,musicbrainz,discogs,false
mbrainz_23762,discogs_6799,musicbrainz,discogs,false
mbrainz_23762,discogs_83173,musicbrainz,discogs,false
mbrainz_23762,discogs_85088,musicbrainz,discogs,false
mbrainz_23796,discogs_119955,musicbrainz,discogs,false
mbrainz_23796,discogs_13657,musicbrainz,discogs,false
mbrainz_23796,discogs_155575,musicbrainz,discogs,false
mbrainz_23796,discogs_185500,musicbrainz,discogs,false
mbrainz_23796,discogs_61570,musicbrainz,discogs,false
mbrainz_23796,discogs_86245,musicbrainz,discogs,false
mbrainz_23807,discogs_101045,musicbrainz,discogs,false
mbrainz_23807,discogs_121622,musicbrainz,discogs,false
mbrainz_23807,discogs_131594,musicbrainz,discogs,false
mbrainz_23807,discogs_136261,musicbrainz,discogs,false
mbrainz_23807,discogs_27788,musicbrainz,discogs,false
mbrainz_23807,discogs_3444,musicbrainz,discogs,false
mbrainz_23819,discogs_125283,musicbrainz,discogs,false
mbrainz_23819,discogs_139138,musicbrainz,discogs,false
mbrainz_23819,discogs_48471,musicbrainz,discogs,false
mbrainz_2383,discogs_101570,musicbrainz,discogs,false
mbrainz_2383,discogs_111931,musicbrainz,discogs,false
mbrainz_2383,discogs_112558,musicbrainz,discogs,false
mbrainz_2383,discogs_113873,musicbrainz,discogs,false
mbrainz_2383,discogs_172961,musicbrainz,discogs,false
mbrainz_2383,discogs_72441,musicbrainz,discogs,false
mbrainz_23836,discogs_75828,musicbrainz,discogs,false
mbrainz_2384,discogs_104623,musicbrainz,discogs,false
mbrainz_2384,discogs_144565,musicbrainz,discogs,false
mbrainz_2384,discogs_186583,musicbrainz,discogs,false
mbrainz_2384,discogs_32292,musicbrainz,discogs,false
mbrainz_2384,discogs_7008,musicbrainz,discogs,false
mbrainz_2384,discogs_72760,musicbrainz,discogs,false
mbrainz_23850,discogs_100384,musicbrainz,discogs,false
mbrainz_23850,discogs_114846,musicbrainz,discogs,false
mbrainz_23850,discogs_133074,musicbrainz,discogs,false
mbrainz_23850,discogs_172599,musicbrainz,discogs,false
mbrainz_23850,discogs_42434,musicbrainz,discogs,false
mbrainz_23850,discogs_64754,musicbrainz,discogs,false
mbrainz_23850,discogs_80155,musicbrainz,discogs,false
mbrainz_23850,discogs_81519,musicbrainz,discogs,false
mbrainz_23850,discogs_98084,musicbrainz,discogs,false
mbrainz_23854,discogs_118828,musicbrainz,discogs,false
mbrainz_23854,discogs_121968,musicbrainz,discogs,false
mbrainz_23854,discogs_125797,musicbrainz,discogs,false
mbrainz_23854,discogs_129643,musicbrainz,discogs,false
mbrainz_23854,discogs_136285,musicbrainz,discogs,false
mbrainz_23854,discogs_167020,musicbrainz,discogs,false
mbrainz_23854,discogs_192471,musicbrainz,discogs,false
mbrainz_23854,discogs_28649,musicbrainz,discogs,false
mbrainz_23854,discogs_57830,musicbrainz,discogs,false
mbrainz_23867,discogs_104895,musicbrainz,discogs,false
mbrainz_23867,discogs_192559,musicbrainz,discogs,false
mbrainz_23867,discogs_34175,musicbrainz,discogs,false
mbrainz_2387,discogs_141908,musicbrainz,discogs,false
mbrainz_2387,discogs_175591,musicbrainz,discogs,false
mbrainz_2387,discogs_62173,musicbrainz,discogs,false
mbrainz_2387,discogs_90456,musicbrainz,discogs,false
mbrainz_2389,discogs_12188,musicbrainz,discogs,false
mbrainz_2389,discogs_18668,musicbrainz,discogs,false
mbrainz_2389,discogs_35306,musicbrainz,discogs,false
mbrainz_2389,discogs_45152,musicbrainz,discogs,false
mbrainz_2389,discogs_68266,musicbrainz,discogs,false
mbrainz_2392,discogs_107226,musicbrainz,discogs,false
mbrainz_2392,discogs_133002,musicbrainz,discogs,false
mbrainz_2392,discogs_170433,musicbrainz,discogs,false
mbrainz_2392,discogs_24974,musicbrainz,discogs,false
mbrainz_2392,discogs_29477,musicbrainz,discogs,false
mbrainz_2392,discogs_31469,musicbrainz,discogs,false
mbrainz_2392,discogs_72191,musicbrainz,discogs,false
mbrainz_23923,discogs_12251,musicbrainz,discogs,false
mbrainz_23923,discogs_37536,musicbrainz,discogs,false
mbrainz_23923,discogs_39944,musicbrainz,discogs,false
mbrainz_23923,discogs_40555,musicbrainz,discogs,false
mbrainz_23923,discogs_40761,musicbrainz,discogs,false
mbrainz_23923,discogs_46539,musicbrainz,discogs,false
mbrainz_23923,discogs_65997,musicbrainz,discogs,false
mbrainz_23923,discogs_89743,musicbrainz,discogs,false
mbrainz_2393,discogs_103919,musicbrainz,discogs,false
mbrainz_2393,discogs_113102,musicbrainz,discogs,false
mbrainz_2393,discogs_119171,musicbrainz,discogs,false
mbrainz_2393,discogs_128629,musicbrainz,discogs,false
mbrainz_2393,discogs_140866,musicbrainz,discogs,false
mbrainz_2393,discogs_162801,musicbrainz,discogs,false
mbrainz_2393,discogs_23132,musicbrainz,discogs,false
mbrainz_2393,discogs_49473,musicbrainz,discogs,false
mbrainz_2393,discogs_57389,musicbrainz,discogs,false
mbrainz_23943,discogs_10031,musicbrainz,discogs,false
mbrainz_23943,discogs_134779,musicbrainz,discogs,false
mbrainz_23943,discogs_239,musicbrainz,discogs,false
mbrainz_23943,discogs_6052,musicbrainz,discogs,false
mbrainz_23943,discogs_9131,musicbrainz,discogs,false
mbrainz_23943,discogs_9334,musicbrainz,discogs,false
mbrainz_23963,discogs_114760,musicbrainz,discogs,false
mbrainz_23963,discogs_114782,musicbrainz,discogs,false
mbrainz_23963,discogs_163231,musicbrainz,discogs,false
mbrainz_23963,discogs_177038,musicbrainz,discogs,false
mbrainz_23963,discogs_194350,musicbrainz,discogs,false
mbrainz_23963,discogs_68171,musicbrainz,discogs,false
mbrainz_23963,discogs_9453,musicbrainz,discogs,false
mbrainz_2400,discogs_102466,musicbrainz,discogs,false
mbrainz_2400,discogs_115632,musicbrainz,discogs,false
mbrainz_2400,discogs_132104,musicbrainz,discogs,false
mbrainz_2400,discogs_136815,musicbrainz,discogs,false
mbrainz_2400,discogs_158991,musicbrainz,discogs,false
mbrainz_2400,discogs_196399,musicbrainz,discogs,false
mbrainz_2400,discogs_34863,musicbrainz,discogs,false
mbrainz_2400,discogs_5000,musicbrainz,discogs,false
mbrainz_2400,discogs_8791,musicbrainz,discogs,false
mbrainz_24026,discogs_136395,musicbrainz,discogs,false
mbrainz_24026,discogs_153603,musicbrainz,discogs,false
mbrainz_24026,discogs_177933,musicbrainz,discogs,false
mbrainz_24026,discogs_33238,musicbrainz,discogs,false
mbrainz_24026,discogs_36903,musicbrainz,discogs,false
mbrainz_24026,discogs_76788,musicbrainz,discogs,false
mbrainz_24026,discogs_7942,musicbrainz,discogs,false
mbrainz_24026,discogs_82049,musicbrainz,discogs,false
mbrainz_24026,discogs_8628,musicbrainz,discogs,false
mbrainz_241,discogs_10106,musicbrainz,discogs,false
mbrainz_241,discogs_129285,musicbrainz,discogs,false
mbrainz_241,discogs_1718,musicbrainz,discogs,false
mbrainz_241,discogs_2986,musicbrainz,discogs,false
mbrainz_241,discogs_67700,musicbrainz,discogs,false
mbrainz_241,discogs_7342,musicbrainz,discogs,false
mbrainz_2412,discogs_188174,musicbrainz,discogs,false
mbrainz_2412,discogs_54912,musicbrainz,discogs,false
mbrainz_2412,discogs_57344,musicbrainz,discogs,false
mbrainz_24121,discogs_121622,musicbrainz,discogs,false
mbrainz_24121,discogs_131594,musicbrainz,discogs,false
mbrainz_24121,discogs_136261,musicbrainz,discogs,false
mbrainz_24121,discogs_137528,musicbrainz,discogs,false
mbrainz_24121,discogs_141246,musicbrainz,discogs,false
mbrainz_24121,discogs_5371,musicbrainz,discogs,false
mbrainz_24121,discogs_78557,musicbrainz,discogs,false
mbrainz_24121,discogs_9261,musicbrainz,discogs,false
mbrainz_2415,discogs_132023,musicbrainz,discogs,false
mbrainz_2415,discogs_1354,musicbrainz,discogs,false
mbrainz_2415,discogs_21699,musicbrainz,discogs,false
mbrainz_2415,discogs_24211,musicbrainz,discogs,false
mbrainz_2415,discogs_25132,musicbrainz,discogs,false
mbrainz_2415,discogs_31447,musicbrainz,discogs,false
mbrainz_2415,discogs_32513,musicbrainz,discogs,false
mbrainz_2415,discogs_72639,musicbrainz,discogs,false
mbrainz_2415,discogs_825,musicbrainz,discogs,false
mbrainz_24155,discogs_101436,musicbrainz,discogs,false
mbrainz_24155,discogs_47726,musicbrainz,discogs,false
mbrainz_24155,discogs_70370,musicbrainz,discogs,false
mbrainz_24155,discogs_74107,musicbrainz,discogs,false
mbrainz_24155,discogs_93992,musicbrainz,discogs,false
mbrainz_242,discogs_140670,musicbrainz,discogs,false
mbrainz_242,discogs_144414,musicbrainz,discogs,false
mbrainz_242,discogs_15823,musicbrainz,discogs,false
mbrainz_24253,discogs_191263,musicbrainz,discogs,false
mbrainz_24253,discogs_1985,musicbrainz,discogs,false
mbrainz_24253,discogs_3217,musicbrainz,discogs,false
mbrainz_24283,discogs_100790,musicbrainz,discogs,false
mbrainz_24283,discogs_102566,musicbrainz,discogs,false
mbrainz_24283,discogs_106932,musicbrainz,discogs,false
mbrainz_24283,discogs_112080,musicbrainz,discogs,false
mbrainz_24283,discogs_126017,musicbrainz,discogs,false
mbrainz_24283,discogs_155792,musicbrainz,discogs,false
mbrainz_24283,discogs_161876,musicbrainz,discogs,false
mbrainz_24283,discogs_25385,musicbrainz,discogs,false
mbrainz_24283,discogs_31274,musicbrainz,discogs,false
mbrainz_24283,discogs_53327,musicbrainz,discogs,false
mbrainz_243,discogs_149482,musicbrainz,discogs,false
mbrainz_243,discogs_184122,musicbrainz,discogs,false
mbrainz_243,discogs_32804,musicbrainz,discogs,false
mbrainz_243,discogs_36436,musicbrainz,discogs,false
mbrainz_243,discogs_36865,musicbrainz,discogs,false
mbrainz_243,discogs_49268,musicbrainz,discogs,false
mbrainz_243,discogs_5458,musicbrainz,discogs,false
mbrainz_243,discogs_99180,musicbrainz,discogs,false
mbrainz_24309,discogs_107522,musicbrainz,discogs,false
mbrainz_24309,discogs_11618,musicbrainz,discogs,false
mbrainz_24309,discogs_131194,musicbrainz,discogs,false
mbrainz_24309,discogs_176967,musicbrainz,discogs,false
mbrainz_24309,discogs_22403,musicbrainz,discogs,false
mbrainz_24309,discogs_25696,musicbrainz,discogs,false
mbrainz_24309,discogs_52380,musicbrainz,discogs,false
mbrainz_24309,discogs_76276,musicbrainz,discogs,false
mbrainz_24309,discogs_87143,musicbrainz,discogs,false
mbrainz_2433,discogs_11610,musicbrainz,discogs,false
mbrainz_2433,discogs_136555,musicbrainz,discogs,false
mbrainz_2433,discogs_16845,musicbrainz,discogs,false
mbrainz_2433,discogs_17556,musicbrainz,discogs,false
mbrainz_2433,discogs_19634,musicbrainz,discogs,false
mbrainz_2433,discogs_25827,musicbrainz,discogs,false
mbrainz_2433,discogs_27752,musicbrainz,discogs,false
mbrainz_2433,discogs_56827,musicbrainz,discogs,false
mbrainz_24341,discogs_106624,musicbrainz,discogs,false
mbrainz_24341,discogs_122782,musicbrainz,discogs,false
mbrainz_24341,discogs_167583,musicbrainz,discogs,false
mbrainz_24341,discogs_224,musicbrainz,discogs,false
mbrainz_24341,discogs_56364,musicbrainz,discogs,false
mbrainz_24341,discogs_7767,musicbrainz,discogs,false
mbrainz_24341,discogs_92018,musicbrainz,discogs,false
mbrainz_24341,discogs_92974,musicbrainz,discogs,false
mbrainz_24347,discogs_136154,musicbrainz,discogs,false
mbrainz_24347,discogs_156880,musicbrainz,discogs,false
mbrainz_24347,discogs_161968,musicbrainz,discogs,false
mbrainz_24347,discogs_169999,musicbrainz,discogs,false
mbrainz_24347,discogs_171784,musicbrainz,discogs,false
mbrainz_24347,discogs_173958,musicbrainz,discogs,false
mbrainz_24347,discogs_85860,musicbrainz,discogs,false
mbrainz_24353,discogs_101094,musicbrainz,discogs,false
mbrainz_24353,discogs_11064,musicbrainz,discogs,false
mbrainz_24353,discogs_114815,musicbrainz,discogs,false
mbrainz_24353,discogs_139660,musicbrainz,discogs,false
mbrainz_24353,discogs_155646,musicbrainz,discogs,false
mbrainz_24353,discogs_194499,musicbrainz,discogs,false
mbrainz_24353,discogs_22653,musicbrainz,discogs,false
mbrainz_24353,discogs_85421,musicbrainz,discogs,false
mbrainz_24353,discogs_97918,musicbrainz,discogs,false
mbrainz_24367,discogs_10480,musicbrainz,discogs,false
mbrainz_24367,discogs_118005,musicbrainz,discogs,false
mbrainz_24367,discogs_122093,musicbrainz,discogs,false
mbrainz_24367,discogs_142086,musicbrainz,discogs,false
mbrainz_24367,discogs_188262,musicbrainz,discogs,false
mbrainz_24367,discogs_51464,musicbrainz,discogs,false
mbrainz_2439,discogs_138800,musicbrainz,discogs,false
mbrainz_2439,discogs_176283,musicbrainz,discogs,false
mbrainz_24398,discogs_116753,musicbrainz,discogs,false
mbrainz_24398,discogs_145306,musicbrainz,discogs,false
mbrainz_24398,discogs_175257,musicbrainz,discogs,false
mbrainz_24398,discogs_181796,musicbrainz,discogs,false
mbrainz_24398,discogs_20591,musicbrainz,discogs,false
mbrainz_24398,discogs_58310,musicbrainz,discogs,false
mbrainz_244,discogs_10244,musicbrainz,discogs,false
mbrainz_244,discogs_112871,musicbrainz,discogs,false
mbrainz_244,discogs_144890,musicbrainz,discogs,false
mbrainz_244,discogs_15633,musicbrainz,discogs,false
mbrainz_244,discogs_171759,musicbrainz,discogs,false
mbrainz_244,discogs_19411,musicbrainz,discogs,false
mbrainz_24404,discogs_124902,musicbrainz,discogs,false
mbrainz_24404,discogs_137480,musicbrainz,discogs,false
mbrainz_24404,discogs_138992,musicbrainz,discogs,false
mbrainz_24404,discogs_148456,musicbrainz,discogs,false
mbrainz_24404,discogs_158845,musicbrainz,discogs,false
mbrainz_24404,discogs_171975,musicbrainz,discogs,false
mbrainz_24404,discogs_50807,musicbrainz,discogs,false
mbrainz_24404,discogs_78851,musicbrainz,discogs,false
mbrainz_24408,discogs_117625,musicbrainz,discogs,false
mbrainz_24408,discogs_119748,musicbrainz,discogs,false
mbrainz_24408,discogs_143206,musicbrainz,discogs,false
mbrainz_24408,discogs_183288,musicbrainz,discogs,false
mbrainz_24408,discogs_25277,musicbrainz,discogs,false
mbrainz_24408,discogs_65221,musicbrainz,discogs,false
mbrainz_24408,discogs_79461,musicbrainz,discogs,false
mbrainz_24408,discogs_97377,musicbrainz,discogs,false
mbrainz_24408,discogs_97686,musicbrainz,discogs,false
mbrainz_24437,discogs_132619,musicbrainz,discogs,false
mbrainz_24437,discogs_140737,musicbrainz,discogs,false
mbrainz_24437,discogs_140739,musicbrainz,discogs,false
mbrainz_24437,discogs_179358,musicbrainz,discogs,false
mbrainz_24437,discogs_190219,musicbrainz,discogs,false
mbrainz_24437,discogs_61124,musicbrainz,discogs,false
mbrainz_24437,discogs_64178,musicbrainz,discogs,false
mbrainz_24437,discogs_84288,musicbrainz,discogs,false
mbrainz_24437,discogs_88471,musicbrainz,discogs,false
mbrainz_2444,discogs_104738,musicbrainz,discogs,false
mbrainz_2444,discogs_109186,musicbrainz,discogs,false
mbrainz_2444,discogs_128635,musicbrainz,discogs,false
mbrainz_2444,discogs_13619,musicbrainz,discogs,false
mbrainz_2444,discogs_45804,musicbrainz,discogs,false
mbrainz_2444,discogs_48575,musicbrainz,discogs,false
mbrainz_2444,discogs_48621,musicbrainz,discogs,false
mbrainz_2444,discogs_76307,musicbrainz,discogs,false
mbrainz_2449,discogs_101037,musicbrainz,discogs,false
mbrainz_2449,discogs_10257,musicbrainz,discogs,false
mbrainz_2449,discogs_11317,musicbrainz,discogs,false
mbrainz_2449,discogs_11919,musicbrainz,discogs,false
mbrainz_2449,discogs_32183,musicbrainz,discogs,false
mbrainz_2449,discogs_47678,musicbrainz,discogs,false
mbrainz_2449,discogs_58739,musicbrainz,discogs,false
mbrainz_24490,discogs_124718,musicbrainz,discogs,false
mbrainz_24490,discogs_129285,musicbrainz,discogs,false
mbrainz_24490,discogs_138847,musicbrainz,discogs,false
mbrainz_24490,discogs_141088,musicbrainz,discogs,false
mbrainz_24490,discogs_146991,musicbrainz,discogs,false
mbrainz_24490,discogs_156542,musicbrainz,discogs,false
mbrainz_24490,discogs_197756,musicbrainz,discogs,false
mbrainz_24490,discogs_41756,musicbrainz,discogs,false
mbrainz_24503,discogs_104903,musicbrainz,discogs,false
mbrainz_24503,discogs_107002,musicbrainz,discogs,false
mbrainz_24503,discogs_141169,musicbrainz,discogs,false
mbrainz_24503,discogs_162046,musicbrainz,discogs,false
mbrainz_24503,discogs_60981,musicbrainz,discogs,false
mbrainz_24503,discogs_78927,musicbrainz,discogs,false
mbrainz_24525,discogs_149482,musicbrainz,discogs,false
mbrainz_24525,discogs_36865,musicbrainz,discogs,false
mbrainz_24525,discogs_49268,musicbrainz,discogs,false
mbrainz_24538,discogs_14327,musicbrainz,discogs,false
mbrainz_24538,discogs_146701,musicbrainz,discogs,false
mbrainz_24538,discogs_147813,musicbrainz,discogs,false
mbrainz_24538,discogs_159835,musicbrainz,discogs,false
mbrainz_24538,discogs_55506,musicbrainz,discogs,false
mbrainz_24538,discogs_73930,musicbrainz,discogs,false
mbrainz_24538,discogs_9691,musicbrainz,discogs,false
mbrainz_24546,discogs_143240,musicbrainz,discogs,false
mbrainz_24546,discogs_161709,musicbrainz,discogs,false
mbrainz_24546,discogs_80989,musicbrainz,discogs,false
mbrainz_2457,discogs_159377,musicbrainz,discogs,false
mbrainz_2457,discogs_179000,musicbrainz,discogs,false
mbrainz_24578,discogs_10480,musicbrainz,discogs,false
mbrainz_24578,discogs_172719,musicbrainz,discogs,false
mbrainz_24578,discogs_58235,musicbrainz,discogs,false
mbrainz_24578,discogs_79972,musicbrainz,discogs,false
mbrainz_24578,discogs_86431,musicbrainz,discogs,false
mbrainz_24578,discogs_99885,musicbrainz,discogs,false
mbrainz_2458,discogs_121144,musicbrainz,discogs,false
mbrainz_2458,discogs_173694,musicbrainz,discogs,false
mbrainz_2458,discogs_21098,musicbrainz,discogs,false
mbrainz_2458,discogs_3243,musicbrainz,discogs,false
mbrainz_24596,discogs_12884,musicbrainz,discogs,false
mbrainz_24596,discogs_134967,musicbrainz,discogs,false
mbrainz_24596,discogs_13552,musicbrainz,discogs,false
mbrainz_24596,discogs_137179,musicbrainz,discogs,false
mbrainz_24596,discogs_29111,musicbrainz,discogs,false
mbrainz_24596,discogs_40392,musicbrainz,discogs,false
mbrainz_24596,discogs_56552,musicbrainz,discogs,false
mbrainz_24596,discogs_83803,musicbrainz,discogs,false
mbrainz_246,discogs_10027,musicbrainz,discogs,false
mbrainz_246,discogs_114383,musicbrainz,discogs,false
mbrainz_246,discogs_115843,musicbrainz,discogs,false
mbrainz_246,discogs_118427,musicbrainz,discogs,false
mbrainz_246,discogs_119083,musicbrainz,discogs,false
mbrainz_246,discogs_21545,musicbrainz,discogs,false
mbrainz_246,discogs_2987,musicbrainz,discogs,false
mbrainz_246,discogs_5160,musicbrainz,discogs,false
mbrainz_246,discogs_58920,musicbrainz,discogs,false
mbrainz_24612,discogs_124962,musicbrainz,discogs,false
mbrainz_24612,discogs_130765,musicbrainz,discogs,false
mbrainz_24612,discogs_135430,musicbrainz,discogs,false
mbrainz_24612,discogs_18108,musicbrainz,discogs,false
mbrainz_24612,discogs_182921,musicbrainz,discogs,false
mbrainz_24612,discogs_35051,musicbrainz,discogs,false
mbrainz_24612,discogs_44726,musicbrainz,discogs,false
mbrainz_247,discogs_11534,musicbrainz,discogs,false
mbrainz_247,discogs_129280,musicbrainz,discogs,false
mbrainz_247,discogs_27371,musicbrainz,discogs,false
mbrainz_247,discogs_55626,musicbrainz,discogs,false
mbrainz_247,discogs_80092,musicbrainz,discogs,false
mbrainz_24715,discogs_12050,musicbrainz,discogs,false
mbrainz_24715,discogs_138223,musicbrainz,discogs,false
mbrainz_24715,discogs_16935,musicbrainz,discogs,false
mbrainz_24715,discogs_178780,musicbrainz,discogs,false
mbrainz_24715,discogs_193609,musicbrainz,discogs,false
mbrainz_24715,discogs_26146,musicbrainz,discogs,false
mbrainz_24715,discogs_34606,musicbrainz,discogs,false
mbrainz_24715,discogs_6143,musicbrainz,discogs,false
mbrainz_24715,discogs_9713,musicbrainz,discogs,false
mbrainz_2475,discogs_11138,musicbrainz,discogs,false
mbrainz_2475,discogs_137185,musicbrainz,discogs,false
mbrainz_2475,discogs_165987,musicbrainz,discogs,false
mbrainz_2475,discogs_41496,musicbrainz,discogs,false
mbrainz_2475,discogs_42423,musicbrainz,discogs,false
mbrainz_2475,discogs_98537,musicbrainz,discogs,false
mbrainz_2477,discogs_102825,musicbrainz,discogs,false
mbrainz_2477,discogs_103141,musicbrainz,discogs,false
mbrainz_2477,discogs_111991,musicbrainz,discogs,false
mbrainz_2477,discogs_124594,musicbrainz,discogs,false
mbrainz_2477,discogs_177618,musicbrainz,discogs,false
mbrainz_2477,discogs_38828,musicbrainz,discogs,false
mbrainz_24793,discogs_110698,musicbrainz,discogs,false
mbrainz_24793,discogs_1150,musicbrainz,discogs,false
mbrainz_24793,discogs_119413,musicbrainz,discogs,false
mbrainz_24793,discogs_132989,musicbrainz,discogs,false
mbrainz_24793,discogs_136509,musicbrainz,discogs,false
mbrainz_24793,discogs_49349,musicbrainz,discogs,false
mbrainz_24793,discogs_70706,musicbrainz,discogs,false
mbrainz_24797,discogs_13026,musicbrainz,discogs,false
mbrainz_24802,discogs_113189,musicbrainz,discogs,false
mbrainz_24802,discogs_119881,musicbrainz,discogs,false
mbrainz_24802,discogs_127439,musicbrainz,discogs,false
mbrainz_24802,discogs_181498,musicbrainz,discogs,false
mbrainz_24802,discogs_182981,musicbrainz,discogs,false
mbrainz_24802,discogs_77064,musicbrainz,discogs,false
mbrainz_24802,discogs_83297,musicbrainz,discogs,false
mbrainz_24802,discogs_97387,musicbrainz,discogs,false
mbrainz_24833,discogs_101001,musicbrainz,discogs,false
mbrainz_24833,discogs_106342,musicbrainz,discogs,false
mbrainz_24833,discogs_12683,musicbrainz,discogs,false
mbrainz_24833,discogs_132327,musicbrainz,discogs,false
mbrainz_24833,discogs_168739,musicbrainz,discogs,false
mbrainz_24833,discogs_33517,musicbrainz,discogs,false
mbrainz_24833,discogs_57079,musicbrainz,discogs,false
mbrainz_2485,discogs_101525,musicbrainz,discogs,false
mbrainz_2485,discogs_141932,musicbrainz,discogs,false
mbrainz_2485,discogs_141993,musicbrainz,discogs,false
mbrainz_2485,discogs_37993,musicbrainz,discogs,false
mbrainz_2485,discogs_5522,musicbrainz,discogs,false
mbrainz_2485,discogs_57160,musicbrainz,discogs,false
mbrainz_2485,discogs_63309,musicbrainz,discogs,false
mbrainz_2485,discogs_77069,musicbrainz,discogs,false
mbrainz_2485,discogs_99587,musicbrainz,discogs,false
mbrainz_2488,discogs_10244,musicbrainz,discogs,false
mbrainz_2488,discogs_115085,musicbrainz,discogs,false
mbrainz_2488,discogs_163750,musicbrainz,discogs,false
mbrainz_2488,discogs_169796,musicbrainz,discogs,false
mbrainz_2488,discogs_184811,musicbrainz,discogs,false
mbrainz_2488,discogs_19411,musicbrainz,discogs,false
mbrainz_2488,discogs_27936,musicbrainz,discogs,false
mbrainz_2488,discogs_90229,musicbrainz,discogs,false
mbrainz_249,discogs_134598,musicbrainz,discogs,false
mbrainz_249,discogs_42205,musicbrainz,discogs,false
mbrainz_2503,discogs_197640,musicbrainz,discogs,false
mbrainz_2503,discogs_2114,musicbrainz,discogs,false
mbrainz_2503,discogs_25287,musicbrainz,discogs,false
mbrainz_2503,discogs_36561,musicbrainz,discogs,false
mbrainz_2503,discogs_50556,musicbrainz,discogs,false
mbrainz_25034,discogs_109139,musicbrainz,discogs,false
mbrainz_25034,discogs_139373,musicbrainz,discogs,false
mbrainz_25034,discogs_158615,musicbrainz,discogs,false
mbrainz_25034,discogs_169247,musicbrainz,discogs,false
mbrainz_25034,discogs_175449,musicbrainz,discogs,false
mbrainz_25034,discogs_192191,musicbrainz,discogs,false
mbrainz_25034,discogs_43073,musicbrainz,discogs,false
mbrainz_25034,discogs_46584,musicbrainz,discogs,false
mbrainz_25034,discogs_7054,musicbrainz,discogs,false
mbrainz_25034,discogs_81628,musicbrainz,discogs,false
mbrainz_25038,discogs_125070,musicbrainz,discogs,false
mbrainz_25038,discogs_15818,musicbrainz,discogs,false
mbrainz_25038,discogs_18726,musicbrainz,discogs,false
mbrainz_25038,discogs_27926,musicbrainz,discogs,false
mbrainz_25038,discogs_3750,musicbrainz,discogs,false
mbrainz_25038,discogs_78334,musicbrainz,discogs,false
mbrainz_25043,discogs_132619,musicbrainz,discogs,false
mbrainz_25043,discogs_142942,musicbrainz,discogs,false
mbrainz_25043,discogs_52679,musicbrainz,discogs,false
mbrainz_25043,discogs_6776,musicbrainz,discogs,false
mbrainz_25043,discogs_69369,musicbrainz,discogs,false
mbrainz_25043,discogs_72522,musicbrainz,discogs,false
mbrainz_2507,discogs_119759,musicbrainz,discogs,false
mbrainz_2507,discogs_284,musicbrainz,discogs,false
mbrainz_2507,discogs_71834,musicbrainz,discogs,false
mbrainz_2507,discogs_7948,musicbrainz,discogs,false
mbrainz_2507,discogs_98052,musicbrainz,discogs,false
mbrainz_25098,discogs_112255,musicbrainz,discogs,false
mbrainz_25098,discogs_116423,musicbrainz,discogs,false
mbrainz_25098,discogs_135700,musicbrainz,discogs,false
mbrainz_25098,discogs_36802,musicbrainz,discogs,false
mbrainz_25098,discogs_38428,musicbrainz,discogs,false
mbrainz_251,discogs_10106,musicbrainz,discogs,false
mbrainz_251,discogs_168338,musicbrainz,discogs,false
mbrainz_251,discogs_1718,musicbrainz,discogs,false
mbrainz_251,discogs_18663,musicbrainz,discogs,false
mbrainz_251,discogs_67700,musicbrainz,discogs,false
mbrainz_25108,discogs_117991,musicbrainz,discogs,false
mbrainz_25108,discogs_141920,musicbrainz,discogs,false
mbrainz_25108,discogs_153696,musicbrainz,discogs,false
mbrainz_25108,discogs_15968,musicbrainz,discogs,false
mbrainz_25108,discogs_15983,musicbrainz,discogs,false
mbrainz_25108,discogs_16426,musicbrainz,discogs,false
mbrainz_25108,discogs_39813,musicbrainz,discogs,false
mbrainz_25108,discogs_61004,musicbrainz,discogs,false
mbrainz_25108,discogs_88778,musicbrainz,discogs,false
mbrainz_2511,discogs_120889,musicbrainz,discogs,false
mbrainz_2511,discogs_151919,musicbrainz,discogs,false
mbrainz_2511,discogs_183762,musicbrainz,discogs,false
mbrainz_2513,discogs_104390,musicbrainz,discogs,false
mbrainz_2513,discogs_125047,musicbrainz,discogs,false
mbrainz_2513,discogs_186928,musicbrainz,discogs,false
mbrainz_2513,discogs_66229,musicbrainz,discogs,false
mbrainz_2513,discogs_76336,musicbrainz,discogs,false
mbrainz_2515,discogs_84293,musicbrainz,discogs,false
mbrainz_2516,discogs_131367,musicbrainz,discogs,false
mbrainz_2516,discogs_65240,musicbrainz,discogs,false
mbrainz_25171,discogs_182401,musicbrainz,discogs,false
mbrainz_2518,discogs_124133,musicbrainz,discogs,false
mbrainz_2518,discogs_146269,musicbrainz,discogs,false
mbrainz_2518,discogs_158512,musicbrainz,discogs,false
mbrainz_2518,discogs_166541,musicbrainz,discogs,false
mbrainz_2518,discogs_228,musicbrainz,discogs,false
mbrainz_2518,discogs_98007,musicbrainz,discogs,false
mbrainz_25239,discogs_120101,musicbrainz,discogs,false
mbrainz_25239,discogs_12129,musicbrainz,discogs,false
mbrainz_25239,discogs_156545,musicbrainz,discogs,false
mbrainz_25239,discogs_164449,musicbrainz,discogs,false
mbrainz_25239,discogs_33994,musicbrainz,discogs,false
mbrainz_25239,discogs_73284,musicbrainz,discogs,false
mbrainz_25239,discogs_96934,musicbrainz,discogs,false
mbrainz_25239,discogs_98603,musicbrainz,discogs,false
mbrainz_25255,discogs_103413,musicbrainz,discogs,false
mbrainz_25255,discogs_158435,musicbrainz,discogs,false
mbrainz_25255,discogs_171371,musicbrainz,discogs,false
mbrainz_25255,discogs_49352,musicbrainz,discogs,false
mbrainz_25255,discogs_54483,musicbrainz,discogs,false
mbrainz_25255,discogs_58323,musicbrainz,discogs,false
mbrainz_25255,discogs_645,musicbrainz,discogs,false
mbrainz_25255,discogs_88636,musicbrainz,discogs,false
mbrainz_25261,discogs_190325,musicbrainz,discogs,false
mbrainz_25264,discogs_103527,musicbrainz,discogs,false
mbrainz_25264,discogs_145737,musicbrainz,discogs,false
mbrainz_25264,discogs_9004,musicbrainz,discogs,false
mbrainz_25264,discogs_90595,musicbrainz,discogs,false
mbrainz_25265,discogs_11646,musicbrainz,discogs,false
mbrainz_25265,discogs_123671,musicbrainz,discogs,false
mbrainz_25265,discogs_170734,musicbrainz,discogs,false
mbrainz_25265,discogs_193893,musicbrainz,discogs,false
mbrainz_25265,discogs_20332,musicbrainz,discogs,false
mbrainz_25265,discogs_36675,musicbrainz,discogs,false
mbrainz_25265,discogs_7513,musicbrainz,discogs,false
mbrainz_253,discogs_1600,musicbrainz,discogs,false
mbrainz_253,discogs_1718,musicbrainz,discogs,false
mbrainz_253,discogs_18663,musicbrainz,discogs,false
mbrainz_253,discogs_35723,musicbrainz,discogs,false
mbrainz_253,discogs_56656,musicbrainz,discogs,false
mbrainz_253,discogs_718,musicbrainz,discogs,false
mbrainz_253,discogs_7342,musicbrainz,discogs,false
mbrainz_2530,discogs_100171,musicbrainz,discogs,false
mbrainz_2530,discogs_147484,musicbrainz,discogs,false
mbrainz_2530,discogs_179974,musicbrainz,discogs,false
mbrainz_2530,discogs_24097,musicbrainz,discogs,false
mbrainz_2530,discogs_80369,musicbrainz,discogs,false
mbrainz_2530,discogs_8476,musicbrainz,discogs,false
mbrainz_2536,discogs_191718,musicbrainz,discogs,false
mbrainz_2536,discogs_30675,musicbrainz,discogs,false
mbrainz_2536,discogs_42083,musicbrainz,discogs,false
mbrainz_2536,discogs_50769,musicbrainz,discogs,false
mbrainz_2536,discogs_8566,musicbrainz,discogs,false
mbrainz_25375,discogs_122140,musicbrainz,discogs,false
mbrainz_25375,discogs_129801,musicbrainz,discogs,false
mbrainz_25375,discogs_129804,musicbrainz,discogs,false
mbrainz_25375,discogs_129805,musicbrainz,discogs,false
mbrainz_25375,discogs_129807,musicbrainz,discogs,false
mbrainz_25375,discogs_152447,musicbrainz,discogs,false
mbrainz_25375,discogs_176847,musicbrainz,discogs,false
mbrainz_25375,discogs_59197,musicbrainz,discogs,false
mbrainz_25398,discogs_113171,musicbrainz,discogs,false
mbrainz_25398,discogs_134969,musicbrainz,discogs,false
mbrainz_25398,discogs_159373,musicbrainz,discogs,false
mbrainz_25398,discogs_25731,musicbrainz,discogs,false
mbrainz_25398,discogs_28934,musicbrainz,discogs,false
mbrainz_25398,discogs_67243,musicbrainz,discogs,false
mbrainz_25398,discogs_77067,musicbrainz,discogs,false
mbrainz_25432,discogs_123631,musicbrainz,discogs,false
mbrainz_25432,discogs_139150,musicbrainz,discogs,false
mbrainz_25432,discogs_140983,musicbrainz,discogs,false
mbrainz_25432,discogs_161282,musicbrainz,discogs,false
mbrainz_25432,discogs_44858,musicbrainz,discogs,false
mbrainz_25432,discogs_5289,musicbrainz,discogs,false
mbrainz_25432,discogs_70100,musicbrainz,discogs,false
mbrainz_25434,discogs_126283,musicbrainz,discogs,false
mbrainz_25434,discogs_21892,musicbrainz,discogs,false
mbrainz_25434,discogs_5398,musicbrainz,discogs,false
mbrainz_25434,discogs_6897,musicbrainz,discogs,false
mbrainz_25434,discogs_99428,musicbrainz,discogs,false
mbrainz_25489,discogs_116599,musicbrainz,discogs,false
mbrainz_25489,discogs_146438,musicbrainz,discogs,false
mbrainz_25489,discogs_152288,musicbrainz,discogs,false
mbrainz_25489,discogs_20019,musicbrainz,discogs,false
mbrainz_25489,discogs_32728,musicbrainz,discogs,false
mbrainz_2549,discogs_102711,musicbrainz,discogs,false
mbrainz_2549,discogs_122205,musicbrainz,discogs,false
mbrainz_2549,discogs_136296,musicbrainz,discogs,false
mbrainz_2549,discogs_140293,musicbrainz,discogs,false
mbrainz_2549,discogs_14233,musicbrainz,discogs,false
mbrainz_2549,discogs_162560,musicbrainz,discogs,false
mbrainz_2549,discogs_22237,musicbrainz,discogs,false
mbrainz_2549,discogs_81299,musicbrainz,discogs,false
mbrainz_25517,discogs_160037,musicbrainz,discogs,false
mbrainz_25517,discogs_166956,musicbrainz,discogs,false
mbrainz_2554,discogs_119248,musicbrainz,discogs,false
mbrainz_2554,discogs_163175,musicbrainz,discogs,false
mbrainz_2554,discogs_174884,musicbrainz,discogs,false
mbrainz_2554,discogs_24322,musicbrainz,discogs,false
mbrainz_2554,discogs_62842,musicbrainz,discogs,false
mbrainz_2554,discogs_85736,musicbrainz,discogs,false
mbrainz_2554,discogs_98720,musicbrainz,discogs,false
mbrainz_25545,discogs_102778,musicbrainz,discogs,false
mbrainz_25545,discogs_143304,musicbrainz,discogs,false
mbrainz_25545,discogs_152325,musicbrainz,discogs,false
mbrainz_25545,discogs_15495,musicbrainz,discogs,false
mbrainz_25545,discogs_28934,musicbrainz,discogs,false
mbrainz_25545,discogs_29720,musicbrainz,discogs,false
mbrainz_25545,discogs_47308,musicbrainz,discogs,false
mbrainz_25545,discogs_67243,musicbrainz,discogs,false
mbrainz_2556,discogs_102359,musicbrainz,discogs,false
mbrainz_2556,discogs_143172,musicbrainz,discogs,false
mbrainz_2556,discogs_156977,musicbrainz,discogs,false
mbrainz_2556,discogs_180857,musicbrainz,discogs,false
mbrainz_25578,discogs_103819,musicbrainz,discogs,false
mbrainz_25578,discogs_146207,musicbrainz,discogs,false
mbrainz_25578,discogs_167831,musicbrainz,discogs,false
mbrainz_25578,discogs_179765,musicbrainz,discogs,false
mbrainz_25578,discogs_194425,musicbrainz,discogs,false
mbrainz_256,discogs_109766,musicbrainz,discogs,false
mbrainz_256,discogs_131003,musicbrainz,discogs,false
mbrainz_256,discogs_181785,musicbrainz,discogs,false
mbrainz_256,discogs_27068,musicbrainz,discogs,false
mbrainz_256,discogs_4581,musicbrainz,discogs,false
mbrainz_256,discogs_50068,musicbrainz,discogs,false
mbrainz_256,discogs_5634,musicbrainz,discogs,false
mbrainz_256,discogs_77963,musicbrainz,discogs,false
mbrainz_25608,discogs_100640,musicbrainz,discogs,false
mbrainz_25608,discogs_121541,musicbrainz,discogs,false
mbrainz_25608,discogs_127057,musicbrainz,discogs,false
mbrainz_25608,discogs_163088,musicbrainz,discogs,false
mbrainz_25608,discogs_168986,musicbrainz,discogs,false
mbrainz_25608,discogs_169971,musicbrainz,discogs,false
mbrainz_25608,discogs_182972,musicbrainz,discogs,false
mbrainz_25618,discogs_111220,musicbrainz,discogs,false
mbrainz_25618,discogs_119582,musicbrainz,discogs,false
mbrainz_25618,discogs_121736,musicbrainz,discogs,false
mbrainz_25618,discogs_124019,musicbrainz,discogs,false
mbrainz_25618,discogs_37990,musicbrainz,discogs,false
mbrainz_25618,discogs_6201,musicbrainz,discogs,false
mbrainz_25618,discogs_9311,musicbrainz,discogs,false
mbrainz_25624,discogs_103994,musicbrainz,discogs,false
mbrainz_25624,discogs_29237,musicbrainz,discogs,false
mbrainz_25624,discogs_38893,musicbrainz,discogs,false
mbrainz_25624,discogs_46287,musicbrainz,discogs,false
mbrainz_25624,discogs_49066,musicbrainz,discogs,false
mbrainz_25624,discogs_59594,musicbrainz,discogs,false
mbrainz_25624,discogs_7089,musicbrainz,discogs,false
mbrainz_25624,discogs_96617,musicbrainz,discogs,false
mbrainz_25686,discogs_106358,musicbrainz,discogs,false
mbrainz_25686,discogs_139680,musicbrainz,discogs,false
mbrainz_25686,discogs_140284,musicbrainz,discogs,false
mbrainz_25686,discogs_164540,musicbrainz,discogs,false
mbrainz_25686,discogs_169853,musicbrainz,discogs,false
mbrainz_25686,discogs_177972,musicbrainz,discogs,false
mbrainz_25686,discogs_180314,musicbrainz,discogs,false
mbrainz_25706,discogs_101694,musicbrainz,discogs,false
mbrainz_25706,discogs_109804,musicbrainz,discogs,false
mbrainz_25706,discogs_114574,musicbrainz,discogs,false
mbrainz_25706,discogs_146997,musicbrainz,discogs,false
mbrainz_25706,discogs_182290,musicbrainz,discogs,false
mbrainz_25706,discogs_77680,musicbrainz,discogs,false
mbrainz_25706,discogs_84540,musicbrainz,discogs,false
mbrainz_25706,discogs_90667,musicbrainz,discogs,false
mbrainz_25801,discogs_102711,musicbrainz,discogs,false
mbrainz_25801,discogs_109932,musicbrainz,discogs,false
mbrainz_25801,discogs_113557,musicbrainz,discogs,false
mbrainz_25801,discogs_128224,musicbrainz,discogs,false
mbrainz_25801,discogs_129210,musicbrainz,discogs,false
mbrainz_25801,discogs_129595,musicbrainz,discogs,false
mbrainz_25801,discogs_71838,musicbrainz,discogs,false
mbrainz_25820,discogs_13356,musicbrainz,discogs,false
mbrainz_25820,discogs_160458,musicbrainz,discogs,false
mbrainz_25820,discogs_165375,musicbrainz,discogs,false
mbrainz_25820,discogs_37190,musicbrainz,discogs,false
mbrainz_25820,discogs_37225,musicbrainz,discogs,false
mbrainz_25820,discogs_38430,musicbrainz,discogs,false
mbrainz_25820,discogs_39825,musicbrainz,discogs,false
mbrainz_25820,discogs_39828,musicbrainz,discogs,false
mbrainz_25820,discogs_77584,musicbrainz,discogs,false
mbrainz_25824,discogs_146189,musicbrainz,discogs,false
mbrainz_25824,discogs_155238,musicbrainz,discogs,false
mbrainz_25824,discogs_171881,musicbrainz,discogs,false
mbrainz_25824,discogs_177497,musicbrainz,discogs,false
mbrainz_25824,discogs_188016,musicbrainz,discogs,false
mbrainz_25824,discogs_60661,musicbrainz,discogs,false
mbrainz_25874,discogs_105747,musicbrainz,discogs,false
mbrainz_25874,discogs_15043,musicbrainz,discogs,false
mbrainz_25874,discogs_16748,musicbrainz,discogs,false
mbrainz_25874,discogs_193721,musicbrainz,discogs,false
mbrainz_25874,discogs_194854,musicbrainz,discogs,false
mbrainz_25874,discogs_22613,musicbrainz,discogs,false
mbrainz_25874,discogs_82946,musicbrainz,discogs,false
mbrainz_25906,discogs_111103,musicbrainz,discogs,false
mbrainz_25906,discogs_125629,musicbrainz,discogs,false
mbrainz_25906,discogs_126287,musicbrainz,discogs,false
mbrainz_25906,discogs_126305,musicbrainz,discogs,false
mbrainz_25906,discogs_148936,musicbrainz,discogs,false
mbrainz_25906,discogs_166392,musicbrainz,discogs,false
mbrainz_25906,discogs_178603,musicbrainz,discogs,false
mbrainz_25906,discogs_61516,musicbrainz,discogs,false
mbrainz_25906,discogs_83105,musicbrainz,discogs,false
mbrainz_2591,discogs_148684,musicbrainz,discogs,false
mbrainz_2591,discogs_180922,musicbrainz,discogs,false
mbrainz_2591,discogs_183755,musicbrainz,discogs,false
mbrainz_2591,discogs_19321,musicbrainz,discogs,false
mbrainz_2591,discogs_62310,musicbrainz,discogs,false
mbrainz_26005,discogs_100972,musicbrainz,discogs,false
mbrainz_26005,discogs_2820,musicbrainz,discogs,false
mbrainz_26005,discogs_50115,musicbrainz,discogs,false
mbrainz_26032,discogs_160102,musicbrainz,discogs,false
mbrainz_26032,discogs_190006,musicbrainz,discogs,false
mbrainz_26032,discogs_6454,musicbrainz,discogs,false
mbrainz_26032,discogs_65090,musicbrainz,discogs,false
mbrainz_26032,discogs_68209,musicbrainz,discogs,false
mbrainz_26063,discogs_1018,musicbrainz,discogs,false
mbrainz_26063,discogs_16897,musicbrainz,discogs,false
mbrainz_26063,discogs_19822,musicbrainz,discogs,false
mbrainz_26063,discogs_76407,musicbrainz,discogs,false
mbrainz_26063,discogs_86567,musicbrainz,discogs,false
mbrainz_26063,discogs_95673,musicbrainz,discogs,false
mbrainz_26063,discogs_96306,musicbrainz,discogs,false
mbrainz_261,discogs_2257,musicbrainz,discogs,false
mbrainz_26105,discogs_100276,musicbrainz,discogs,false
mbrainz_26105,discogs_100965,musicbrainz,discogs,false
mbrainz_26105,discogs_14485,musicbrainz,discogs,false
mbrainz_26105,discogs_20764,musicbrainz,discogs,false
mbrainz_26105,discogs_38316,musicbrainz,discogs,false
mbrainz_26105,discogs_89805,musicbrainz,discogs,false
mbrainz_26107,discogs_159362,musicbrainz,discogs,false
mbrainz_26107,discogs_40558,musicbrainz,discogs,false
mbrainz_26107,discogs_46872,musicbrainz,discogs,false
mbrainz_26107,discogs_63026,musicbrainz,discogs,false
mbrainz_26204,discogs_36672,musicbrainz,discogs,false
mbrainz_26204,discogs_7799,musicbrainz,discogs,false
mbrainz_26204,discogs_82386,musicbrainz,discogs,false
mbrainz_2621,discogs_135088,musicbrainz,discogs,false
mbrainz_2621,discogs_163296,musicbrainz,discogs,false
mbrainz_2621,discogs_180169,musicbrainz,discogs,false
mbrainz_2621,discogs_4281,musicbrainz,discogs,false
mbrainz_2621,discogs_43741,musicbrainz,discogs,false
mbrainz_2621,discogs_46645,musicbrainz,discogs,false
mbrainz_2621,discogs_92320,musicbrainz,discogs,false
mbrainz_26219,discogs_114743,musicbrainz,discogs,false
mbrainz_26219,discogs_138051,musicbrainz,discogs,false
mbrainz_26219,discogs_140,musicbrainz,discogs,false
mbrainz_26219,discogs_171410,musicbrainz,discogs,false
mbrainz_26219,discogs_195584,musicbrainz,discogs,false
mbrainz_26219,discogs_31612,musicbrainz,discogs,false
mbrainz_26294,discogs_12158,musicbrainz,discogs,false
mbrainz_26294,discogs_173527,musicbrainz,discogs,false
mbrainz_26294,discogs_62682,musicbrainz,discogs,false
mbrainz_26340,discogs_114396,musicbrainz,discogs,false
mbrainz_26340,discogs_132074,musicbrainz,discogs,false
mbrainz_26340,discogs_132742,musicbrainz,discogs,false
mbrainz_26340,discogs_13617,musicbrainz,discogs,false
mbrainz_26340,discogs_152385,musicbrainz,discogs,false
mbrainz_26340,discogs_18656,musicbrainz,discogs,false
mbrainz_26340,discogs_190117,musicbrainz,discogs,false
mbrainz_26340,discogs_72203,musicbrainz,discogs,false
mbrainz_26345,discogs_146210,musicbrainz,discogs,false
mbrainz_26345,discogs_15244,musicbrainz,discogs,false
mbrainz_26345,discogs_153452,musicbrainz,discogs,false
mbrainz_26345,discogs_20078,musicbrainz,discogs,false
mbrainz_26345,discogs_5427,musicbrainz,discogs,false
mbrainz_26345,discogs_94069,musicbrainz,discogs,false
mbrainz_2636,discogs_115866,musicbrainz,discogs,false
mbrainz_2636,discogs_150003,musicbrainz,discogs,false
mbrainz_2636,discogs_63703,musicbrainz,discogs,false
mbrainz_2636,discogs_77067,musicbrainz,discogs,false
mbrainz_2638,discogs_149236,musicbrainz,discogs,false
mbrainz_2638,discogs_196024,musicbrainz,discogs,false
mbrainz_2638,discogs_21118,musicbrainz,discogs,false
mbrainz_2638,discogs_43430,musicbrainz,discogs,false
mbrainz_2638,discogs_97669,musicbrainz,discogs,false
mbrainz_2639,discogs_120543,musicbrainz,discogs,false
mbrainz_2639,discogs_127758,musicbrainz,discogs,false
mbrainz_2639,discogs_177786,musicbrainz,discogs,false
mbrainz_2639,discogs_33400,musicbrainz,discogs,false
mbrainz_2639,discogs_42722,musicbrainz,discogs,false
mbrainz_2639,discogs_48173,musicbrainz,discogs,false
mbrainz_2639,discogs_63527,musicbrainz,discogs,false
mbrainz_2639,discogs_66895,musicbrainz,discogs,false
mbrainz_26403,discogs_119413,musicbrainz,discogs,false
mbrainz_26403,discogs_147373,musicbrainz,discogs,false
mbrainz_26403,discogs_18056,musicbrainz,discogs,false
mbrainz_26403,discogs_19652,musicbrainz,discogs,false
mbrainz_26403,discogs_33721,musicbrainz,discogs,false
mbrainz_26403,discogs_62447,musicbrainz,discogs,false
mbrainz_26403,discogs_74746,musicbrainz,discogs,false
mbrainz_2641,discogs_11907,musicbrainz,discogs,false
mbrainz_2641,discogs_128539,musicbrainz,discogs,false
mbrainz_2641,discogs_16127,musicbrainz,discogs,false
mbrainz_2641,discogs_170870,musicbrainz,discogs,false
mbrainz_2641,discogs_5011,musicbrainz,discogs,false
mbrainz_2641,discogs_50250,musicbrainz,discogs,false
mbrainz_2641,discogs_70672,musicbrainz,discogs,false
mbrainz_26449,discogs_134914,musicbrainz,discogs,false
mbrainz_26449,discogs_17509,musicbrainz,discogs,false
mbrainz_26449,discogs_27767,musicbrainz,discogs,false
mbrainz_26449,discogs_36330,musicbrainz,discogs,false
mbrainz_26449,discogs_46005,musicbrainz,discogs,false
mbrainz_2650,discogs_101185,musicbrainz,discogs,false
mbrainz_2650,discogs_111007,musicbrainz,discogs,false
mbrainz_2650,discogs_132842,musicbrainz,discogs,false
mbrainz_2650,discogs_147530,musicbrainz,discogs,false
mbrainz_2650,discogs_164866,musicbrainz,discogs,false
mbrainz_2650,discogs_183621,musicbrainz,discogs,false
mbrainz_2650,discogs_22037,musicbrainz,discogs,false
mbrainz_2650,discogs_28006,musicbrainz,discogs,false
mbrainz_2650,discogs_38204,musicbrainz,discogs,false
mbrainz_26566,discogs_101285,musicbrainz,discogs,false
mbrainz_26566,discogs_101425,musicbrainz,discogs,false
mbrainz_26566,discogs_10444,musicbrainz,discogs,false
mbrainz_26566,discogs_110854,musicbrainz,discogs,false
mbrainz_26566,discogs_2281,musicbrainz,discogs,false
mbrainz_26566,discogs_3431,musicbrainz,discogs,false
mbrainz_26566,discogs_70743,musicbrainz,discogs,false
mbrainz_26566,discogs_81781,musicbrainz,discogs,false
mbrainz_26566,discogs_98156,musicbrainz,discogs,false
mbrainz_26626,discogs_104738,musicbrainz,discogs,false
mbrainz_26626,discogs_113719,musicbrainz,discogs,false
mbrainz_26626,discogs_134297,musicbrainz,discogs,false
mbrainz_26626,discogs_153598,musicbrainz,discogs,false
mbrainz_26626,discogs_174743,musicbrainz,discogs,false
mbrainz_26626,discogs_29993,musicbrainz,discogs,false
mbrainz_26626,discogs_59844,musicbrainz,discogs,false
mbrainz_26626,discogs_75403,musicbrainz,discogs,false
mbrainz_2664,discogs_116456,musicbrainz,discogs,false
mbrainz_2664,discogs_123671,musicbrainz,discogs,false
mbrainz_2664,discogs_12785,musicbrainz,discogs,false
mbrainz_2664,discogs_193893,musicbrainz,discogs,false
mbrainz_2664,discogs_20332,musicbrainz,discogs,false
mbrainz_2664,discogs_36675,musicbrainz,discogs,false
mbrainz_2664,discogs_44271,musicbrainz,discogs,false
mbrainz_2664,discogs_85543,musicbrainz,discogs,false
mbrainz_2665,discogs_114685,musicbrainz,discogs,false
mbrainz_2665,discogs_121450,musicbrainz,discogs,false
mbrainz_2665,discogs_127819,musicbrainz,discogs,false
mbrainz_2665,discogs_135165,musicbrainz,discogs,false
mbrainz_2665,discogs_142065,musicbrainz,discogs,false
mbrainz_2665,discogs_26866,musicbrainz,discogs,false
mbrainz_2665,discogs_57709,musicbrainz,discogs,false
mbrainz_2665,discogs_72023,musicbrainz,discogs,false
mbrainz_2667,discogs_104374,musicbrainz,discogs,false
mbrainz_2667,discogs_133138,musicbrainz,discogs,false
mbrainz_2667,discogs_180913,musicbrainz,discogs,false
mbrainz_2667,discogs_181422,musicbrainz,discogs,false
mbrainz_2667,discogs_184703,musicbrainz,discogs,false
mbrainz_2667,discogs_26664,musicbrainz,discogs,false
mbrainz_2667,discogs_5536,musicbrainz,discogs,false
mbrainz_2667,discogs_84589,musicbrainz,discogs,false
mbrainz_26672,discogs_121994,musicbrainz,discogs,false
mbrainz_26672,discogs_142551,musicbrainz,discogs,false
mbrainz_26672,discogs_156233,musicbrainz,discogs,false
mbrainz_26672,discogs_166689,musicbrainz,discogs,false
mbrainz_26672,discogs_195363,musicbrainz,discogs,false
mbrainz_26672,discogs_37960,musicbrainz,discogs,false
mbrainz_26672,discogs_52242,musicbrainz,discogs,false
mbrainz_26672,discogs_75894,musicbrainz,discogs,false
mbrainz_2668,discogs_66945,musicbrainz,discogs,false
mbrainz_2668,discogs_84997,musicbrainz,discogs,false
mbrainz_2668,discogs_89402,musicbrainz,discogs,false
mbrainz_26717,discogs_106177,musicbrainz,discogs,false
mbrainz_26717,discogs_106709,musicbrainz,discogs,false
mbrainz_26717,discogs_152325,musicbrainz,discogs,false
mbrainz_26717,discogs_178204,musicbrainz,discogs,false
mbrainz_26717,discogs_22151,musicbrainz,discogs,false
mbrainz_26717,discogs_3921,musicbrainz,discogs,false
mbrainz_2674,discogs_128969,musicbrainz,discogs,false
mbrainz_2674,discogs_163674,musicbrainz,discogs,false
mbrainz_2674,discogs_44522,musicbrainz,discogs,false
mbrainz_2674,discogs_56852,musicbrainz,discogs,false
mbrainz_2674,discogs_7600,musicbrainz,discogs,false
mbrainz_2674,discogs_87425,musicbrainz,discogs,false
mbrainz_2674,discogs_87844,musicbrainz,discogs,false
mbrainz_2675,discogs_1165,musicbrainz,discogs,false
mbrainz_2675,discogs_1551,musicbrainz,discogs,false
mbrainz_2675,discogs_20007,musicbrainz,discogs,false
mbrainz_2675,discogs_2529,musicbrainz,discogs,false
mbrainz_2675,discogs_4293,musicbrainz,discogs,false
mbrainz_2675,discogs_48571,musicbrainz,discogs,false
mbrainz_2675,discogs_54453,musicbrainz,discogs,false
mbrainz_2675,discogs_6905,musicbrainz,discogs,false
mbrainz_26800,discogs_110982,musicbrainz,discogs,false
mbrainz_26800,discogs_143110,musicbrainz,discogs,false
mbrainz_26800,discogs_167990,musicbrainz,discogs,false
mbrainz_26800,discogs_1913,musicbrainz,discogs,false
mbrainz_26800,discogs_6870,musicbrainz,discogs,false
mbrainz_26800,discogs_77239,musicbrainz,discogs,false
mbrainz_26800,discogs_79760,musicbrainz,discogs,false
mbrainz_26807,discogs_11782,musicbrainz,discogs,false
mbrainz_26807,discogs_11867,musicbrainz,discogs,false
mbrainz_26807,discogs_15514,musicbrainz,discogs,false
mbrainz_26807,discogs_179800,musicbrainz,discogs,false
mbrainz_26807,discogs_37274,musicbrainz,discogs,false
mbrainz_26807,discogs_57209,musicbrainz,discogs,false
mbrainz_26846,discogs_11655,musicbrainz,discogs,false
mbrainz_26846,discogs_129521,musicbrainz,discogs,false
mbrainz_26846,discogs_52667,musicbrainz,discogs,false
mbrainz_26846,discogs_66945,musicbrainz,discogs,false
mbrainz_26846,discogs_89402,musicbrainz,discogs,false
mbrainz_26898,discogs_10106,musicbrainz,discogs,false
mbrainz_26898,discogs_129285,musicbrainz,discogs,false
mbrainz_26898,discogs_168298,musicbrainz,discogs,false
mbrainz_26898,discogs_1718,musicbrainz,discogs,false
mbrainz_26898,discogs_18663,musicbrainz,discogs,false
mbrainz_26898,discogs_67700,musicbrainz,discogs,false
mbrainz_26898,discogs_84498,musicbrainz,discogs,false
mbrainz_26898,discogs_94796,musicbrainz,discogs,false
mbrainz_26901,discogs_107978,musicbrainz,discogs,false
mbrainz_26901,discogs_130579,musicbrainz,discogs,false
mbrainz_26901,discogs_131860,musicbrainz,discogs,false
mbrainz_26901,discogs_152882,musicbrainz,discogs,false
mbrainz_26901,discogs_570,musicbrainz,discogs,false
mbrainz_26901,discogs_66748,musicbrainz,discogs,false
mbrainz_26901,discogs_70716,musicbrainz,discogs,false
mbrainz_26901,discogs_8963,musicbrainz,discogs,false
mbrainz_26901,discogs_91947,musicbrainz,discogs,false
mbrainz_2693,discogs_101094,musicbrainz,discogs,false
mbrainz_2693,discogs_101312,musicbrainz,discogs,false
mbrainz_2693,discogs_140846,musicbrainz,discogs,false
mbrainz_2693,discogs_143271,musicbrainz,discogs,false
mbrainz_2693,discogs_186976,musicbrainz,discogs,false
mbrainz_2693,discogs_195156,musicbrainz,discogs,false
mbrainz_2693,discogs_82621,musicbrainz,discogs,false
mbrainz_26955,discogs_143304,musicbrainz,discogs,false
mbrainz_26955,discogs_150284,musicbrainz,discogs,false
mbrainz_26955,discogs_154138,musicbrainz,discogs,false
mbrainz_26955,discogs_159373,musicbrainz,discogs,false
mbrainz_26955,discogs_163923,musicbrainz,discogs,false
mbrainz_26955,discogs_175464,musicbrainz,discogs,false
mbrainz_26955,discogs_29720,musicbrainz,discogs,false
mbrainz_26955,discogs_47308,musicbrainz,discogs,false
mbrainz_26955,discogs_52261,musicbrainz,discogs,false
mbrainz_2701,discogs_12086,musicbrainz,discogs,false
mbrainz_2701,discogs_28823,musicbrainz,discogs,false
mbrainz_2701,discogs_30423,musicbrainz,discogs,false
mbrainz_2701,discogs_55379,musicbrainz,discogs,false
mbrainz_2701,discogs_7374,musicbrainz,discogs,false
mbrainz_2701,discogs_91132,musicbrainz,discogs,false
mbrainz_27016,discogs_12030,musicbrainz,discogs,false
mbrainz_27016,discogs_158845,musicbrainz,discogs,false
mbrainz_27016,discogs_6143,musicbrainz,discogs,false
mbrainz_27016,discogs_78851,musicbrainz,discogs,false
mbrainz_27044,discogs_120272,musicbrainz,discogs,false
mbrainz_27044,discogs_125115,musicbrainz,discogs,false
mbrainz_27044,discogs_134699,musicbrainz,discogs,false
mbrainz_27044,discogs_137203,musicbrainz,discogs,false
mbrainz_27044,discogs_154742,musicbrainz,discogs,false
mbrainz_27044,discogs_15515,musicbrainz,discogs,false
mbrainz_27044,discogs_169943,musicbrainz,discogs,false
mbrainz_27044,discogs_170131,musicbrainz,discogs,false
mbrainz_27044,discogs_80683,musicbrainz,discogs,false
mbrainz_27062,discogs_126353,musicbrainz,discogs,false
mbrainz_27062,discogs_146210,musicbrainz,discogs,false
mbrainz_27062,discogs_15244,musicbrainz,discogs,false
mbrainz_27062,discogs_153452,musicbrainz,discogs,false
mbrainz_27062,discogs_165099,musicbrainz,discogs,false
mbrainz_27062,discogs_49594,musicbrainz,discogs,false
mbrainz_27062,discogs_90372,musicbrainz,discogs,false
mbrainz_2710,discogs_147031,musicbrainz,discogs,false
mbrainz_2710,discogs_168046,musicbrainz,discogs,false
mbrainz_2710,discogs_23890,musicbrainz,discogs,false
mbrainz_2710,discogs_45865,musicbrainz,discogs,false
mbrainz_2710,discogs_48512,musicbrainz,discogs,false
mbrainz_2710,discogs_67524,musicbrainz,discogs,false
mbrainz_2710,discogs_9603,musicbrainz,discogs,false
mbrainz_2718,discogs_13947,musicbrainz,discogs,false
mbrainz_2718,discogs_72272,musicbrainz,discogs,false
mbrainz_2718,discogs_97665,musicbrainz,discogs,false
mbrainz_27246,discogs_107105,musicbrainz,discogs,false
mbrainz_27246,discogs_12243,musicbrainz,discogs,false
mbrainz_27246,discogs_124247,musicbrainz,discogs,false
mbrainz_27246,discogs_134826,musicbrainz,discogs,false
mbrainz_27246,discogs_159275,musicbrainz,discogs,false
mbrainz_27246,discogs_25361,musicbrainz,discogs,false
mbrainz_27246,discogs_66701,musicbrainz,discogs,false
mbrainz_27291,discogs_118995,musicbrainz,discogs,false
mbrainz_27291,discogs_132445,musicbrainz,discogs,false
mbrainz_27291,discogs_15388,musicbrainz,discogs,false
mbrainz_27291,discogs_158893,musicbrainz,discogs,false
mbrainz_27291,discogs_168588,musicbrainz,discogs,false
mbrainz_27291,discogs_178710,musicbrainz,discogs,false
mbrainz_27291,discogs_183612,musicbrainz,discogs,false
mbrainz_27291,discogs_49432,musicbrainz,discogs,false
mbrainz_2737,discogs_124965,musicbrainz,discogs,false
mbrainz_2737,discogs_14866,musicbrainz,discogs,false
mbrainz_2737,discogs_154114,musicbrainz,discogs,false
mbrainz_2737,discogs_36660,musicbrainz,discogs,false
mbrainz_2737,discogs_38649,musicbrainz,discogs,false
mbrainz_2737,discogs_85806,musicbrainz,discogs,false
mbrainz_2737,discogs_9256,musicbrainz,discogs,false
mbrainz_27370,discogs_42257,musicbrainz,discogs,false
mbrainz_27382,discogs_13195,musicbrainz,discogs,false
mbrainz_27382,discogs_148243,musicbrainz,discogs,false
mbrainz_27382,discogs_165545,musicbrainz,discogs,false
mbrainz_27382,discogs_171220,musicbrainz,discogs,false
mbrainz_27382,discogs_33340,musicbrainz,discogs,false
mbrainz_27382,discogs_48610,musicbrainz,discogs,false
mbrainz_27382,discogs_74132,musicbrainz,discogs,false
mbrainz_2741,discogs_154960,musicbrainz,discogs,false
mbrainz_2741,discogs_20482,musicbrainz,discogs,false
mbrainz_2741,discogs_28571,musicbrainz,discogs,false
mbrainz_2741,discogs_38806,musicbrainz,discogs,false
mbrainz_27411,discogs_107042,musicbrainz,discogs,false
mbrainz_27411,discogs_115685,musicbrainz,discogs,false
mbrainz_27411,discogs_116024,musicbrainz,discogs,false
mbrainz_27411,discogs_173496,musicbrainz,discogs,false
mbrainz_27411,discogs_189250,musicbrainz,discogs,false
mbrainz_27411,discogs_49443,musicbrainz,discogs,false
mbrainz_2744,discogs_190084,musicbrainz,discogs,false
mbrainz_2744,discogs_20946,musicbrainz,discogs,false
mbrainz_2744,discogs_52864,musicbrainz,discogs,false
mbrainz_2744,discogs_57453,musicbrainz,discogs,false
mbrainz_2744,discogs_60735,musicbrainz,discogs,false
mbrainz_2744,discogs_68391,musicbrainz,discogs,false
mbrainz_2744,discogs_9559,musicbrainz,discogs,false
mbrainz_2744,discogs_9928,musicbrainz,discogs,false
mbrainz_275,discogs_127895,musicbrainz,discogs,false
mbrainz_275,discogs_186047,musicbrainz,discogs,false
mbrainz_275,discogs_26744,musicbrainz,discogs,false
mbrainz_275,discogs_66623,musicbrainz,discogs,false
mbrainz_275,discogs_8483,musicbrainz,discogs,false
mbrainz_275,discogs_8552,musicbrainz,discogs,false
mbrainz_27507,discogs_125950,musicbrainz,discogs,false
mbrainz_27507,discogs_128702,musicbrainz,discogs,false
mbrainz_27507,discogs_129831,musicbrainz,discogs,false
mbrainz_27507,discogs_137742,musicbrainz,discogs,false
mbrainz_27507,discogs_167863,musicbrainz,discogs,false
mbrainz_27507,discogs_174228,musicbrainz,discogs,false
mbrainz_27507,discogs_196019,musicbrainz,discogs,false
mbrainz_27507,discogs_53103,musicbrainz,discogs,false
mbrainz_2753,discogs_138223,musicbrainz,discogs,false
mbrainz_2753,discogs_39210,musicbrainz,discogs,false
mbrainz_2753,discogs_50807,musicbrainz,discogs,false
mbrainz_2753,discogs_5681,musicbrainz,discogs,false
mbrainz_27555,discogs_194949,musicbrainz,discogs,false
mbrainz_27564,discogs_105237,musicbrainz,discogs,false
mbrainz_27564,discogs_106142,musicbrainz,discogs,false
mbrainz_27564,discogs_126207,musicbrainz,discogs,false
mbrainz_27564,discogs_187705,musicbrainz,discogs,false
mbrainz_27564,discogs_189484,musicbrainz,discogs,false
mbrainz_27564,discogs_23787,musicbrainz,discogs,false
mbrainz_27564,discogs_59363,musicbrainz,discogs,false
mbrainz_27564,discogs_67864,musicbrainz,discogs,false
mbrainz_27696,discogs_111082,musicbrainz,discogs,false
mbrainz_27696,discogs_111083,musicbrainz,discogs,false
mbrainz_2774,discogs_105214,musicbrainz,discogs,false
mbrainz_2774,discogs_124329,musicbrainz,discogs,false
mbrainz_2774,discogs_6245,musicbrainz,discogs,false
mbrainz_2774,discogs_79435,musicbrainz,discogs,false
mbrainz_27763,discogs_101312,musicbrainz,discogs,false
mbrainz_27763,discogs_101684,musicbrainz,discogs,false
mbrainz_27763,discogs_114947,musicbrainz,discogs,false
mbrainz_27763,discogs_140846,musicbrainz,discogs,false
mbrainz_27763,discogs_158023,musicbrainz,discogs,false
mbrainz_27763,discogs_197607,musicbrainz,discogs,false
mbrainz_27763,discogs_26571,musicbrainz,discogs,false
mbrainz_27763,discogs_26610,musicbrainz,discogs,false
mbrainz_27763,discogs_81435,musicbrainz,discogs,false
mbrainz_27764,discogs_114302,musicbrainz,discogs,false
mbrainz_27764,discogs_159484,musicbrainz,discogs,false
mbrainz_27764,discogs_188345,musicbrainz,discogs,false
mbrainz_27764,discogs_26180,musicbrainz,discogs,false
mbrainz_27764,discogs_42015,musicbrainz,discogs,false
mbrainz_27764,discogs_49392,musicbrainz,discogs,false
mbrainz_27764,discogs_54431,musicbrainz,discogs,false
mbrainz_27764,discogs_79972,musicbrainz,discogs,false
mbrainz_27773,discogs_118628,musicbrainz,discogs,false
mbrainz_27773,discogs_125752,musicbrainz,discogs,false
mbrainz_27773,discogs_130840,musicbrainz,discogs,false
mbrainz_27773,discogs_147303,musicbrainz,discogs,false
mbrainz_27773,discogs_157259,musicbrainz,discogs,false
mbrainz_27773,discogs_184725,musicbrainz,discogs,false
mbrainz_27773,discogs_99920,musicbrainz,discogs,false
mbrainz_2779,discogs_144012,musicbrainz,discogs,false
mbrainz_2779,discogs_168585,musicbrainz,discogs,false
mbrainz_2779,discogs_172163,musicbrainz,discogs,false
mbrainz_2779,discogs_41142,musicbrainz,discogs,false
mbrainz_2779,discogs_46375,musicbrainz,discogs,false
mbrainz_2779,discogs_59092,musicbrainz,discogs,false
mbrainz_2779,discogs_60115,musicbrainz,discogs,false
mbrainz_2779,discogs_84365,musicbrainz,discogs,false
mbrainz_27790,discogs_115508,musicbrainz,discogs,false
mbrainz_27790,discogs_12251,musicbrainz,discogs,false
mbrainz_27790,discogs_157371,musicbrainz,discogs,false
mbrainz_27790,discogs_173492,musicbrainz,discogs,false
mbrainz_27790,discogs_341,musicbrainz,discogs,false
mbrainz_27790,discogs_44626,musicbrainz,discogs,false
mbrainz_27790,discogs_50918,musicbrainz,discogs,false
mbrainz_27790,discogs_81465,musicbrainz,discogs,false
mbrainz_278,discogs_102359,musicbrainz,discogs,false
mbrainz_278,discogs_107308,musicbrainz,discogs,false
mbrainz_278,discogs_143172,musicbrainz,discogs,false
mbrainz_278,discogs_188358,musicbrainz,discogs,false
mbrainz_278,discogs_52278,musicbrainz,discogs,false
mbrainz_278,discogs_829,musicbrainz,discogs,false
mbrainz_278,discogs_88821,musicbrainz,discogs,false
mbrainz_27815,discogs_10845,musicbrainz,discogs,false
mbrainz_27815,discogs_119020,musicbrainz,discogs,false
mbrainz_27815,discogs_129588,musicbrainz,discogs,false
mbrainz_27815,discogs_23875,musicbrainz,discogs,false
mbrainz_27815,discogs_45808,musicbrainz,discogs,false
mbrainz_27815,discogs_52331,musicbrainz,discogs,false
mbrainz_27835,discogs_119440,musicbrainz,discogs,false
mbrainz_27835,discogs_146786,musicbrainz,discogs,false
mbrainz_27835,discogs_24239,musicbrainz,discogs,false
mbrainz_27835,discogs_26050,musicbrainz,discogs,false
mbrainz_27835,discogs_53269,musicbrainz,discogs,false
mbrainz_27835,discogs_8119,musicbrainz,discogs,false
mbrainz_27878,discogs_113863,musicbrainz,discogs,false
mbrainz_27878,discogs_146832,musicbrainz,discogs,false
mbrainz_27878,discogs_167921,musicbrainz,discogs,false
mbrainz_27878,discogs_177829,musicbrainz,discogs,false
mbrainz_27878,discogs_17839,musicbrainz,discogs,false
mbrainz_27878,discogs_39076,musicbrainz,discogs,false
mbrainz_27878,discogs_69561,musicbrainz,discogs,false
mbrainz_27878,discogs_73911,musicbrainz,discogs,false
mbrainz_27878,discogs_88621,musicbrainz,discogs,false
mbrainz_2796,discogs_10480,musicbrainz,discogs,false
mbrainz_2796,discogs_117303,musicbrainz,discogs,false
mbrainz_2796,discogs_122093,musicbrainz,discogs,false
mbrainz_2796,discogs_147424,musicbrainz,discogs,false
mbrainz_2796,discogs_178198,musicbrainz,discogs,false
mbrainz_2796,discogs_193746,musicbrainz,discogs,false
mbrainz_2796,discogs_2110,musicbrainz,discogs,false
mbrainz_2796,discogs_45839,musicbrainz,discogs,false
mbrainz_2796,discogs_51763,musicbrainz,discogs,false
mbrainz_28045,discogs_101094,musicbrainz,discogs,false
mbrainz_28045,discogs_101312,musicbrainz,discogs,false
mbrainz_28045,discogs_140846,musicbrainz,discogs,false
mbrainz_28045,discogs_143271,musicbrainz,discogs,false
mbrainz_28045,discogs_186976,musicbrainz,discogs,false
mbrainz_28045,discogs_195156,musicbrainz,discogs,false
mbrainz_28045,discogs_37964,musicbrainz,discogs,false
mbrainz_28045,discogs_73257,musicbrainz,discogs,false
mbrainz_2805,discogs_196411,musicbrainz,discogs,false
mbrainz_28051,discogs_117362,musicbrainz,discogs,false
mbrainz_28051,discogs_15006,musicbrainz,discogs,false
mbrainz_28051,discogs_15076,musicbrainz,discogs,false
mbrainz_28051,discogs_155139,musicbrainz,discogs,false
mbrainz_28051,discogs_15569,musicbrainz,discogs,false
mbrainz_28051,discogs_30230,musicbrainz,discogs,false
mbrainz_28051,discogs_70313,musicbrainz,discogs,false
mbrainz_2811,discogs_188775,musicbrainz,discogs,false
mbrainz_2811,discogs_49241,musicbrainz,discogs,false
mbrainz_28153,discogs_12251,musicbrainz,discogs,false
mbrainz_28153,discogs_191899,musicbrainz,discogs,false
mbrainz_28153,discogs_196719,musicbrainz,discogs,false
mbrainz_28153,discogs_2594,musicbrainz,discogs,false
mbrainz_28153,discogs_26736,musicbrainz,discogs,false
mbrainz_28153,discogs_60920,musicbrainz,discogs,false
mbrainz_28153,discogs_99654,musicbrainz,discogs,false
mbrainz_28213,discogs_104468,musicbrainz,discogs,false
mbrainz_28213,discogs_115221,musicbrainz,discogs,false
mbrainz_28213,discogs_196479,musicbrainz,discogs,false
mbrainz_28213,discogs_196874,musicbrainz,discogs,false
mbrainz_28262,discogs_11860,musicbrainz,discogs,false
mbrainz_28262,discogs_118659,musicbrainz,discogs,false
mbrainz_28262,discogs_128120,musicbrainz,discogs,false
mbrainz_28262,discogs_157891,musicbrainz,discogs,false
mbrainz_28262,discogs_164508,musicbrainz,discogs,false
mbrainz_28262,discogs_194402,musicbrainz,discogs,false
mbrainz_28262,discogs_196380,musicbrainz,discogs,false
mbrainz_28262,discogs_71501,musicbrainz,discogs,false
mbrainz_283,discogs_112344,musicbrainz,discogs,false
mbrainz_283,discogs_1393,musicbrainz,discogs,false
mbrainz_283,discogs_170727,musicbrainz,discogs,false
mbrainz_283,discogs_2091,musicbrainz,discogs,false
mbrainz_283,discogs_25145,musicbrainz,discogs,false
mbrainz_283,discogs_28337,musicbrainz,discogs,false
mbrainz_283,discogs_28425,musicbrainz,discogs,false
mbrainz_28312,discogs_170377,musicbrainz,discogs,false
mbrainz_28312,discogs_57183,musicbrainz,discogs,false
mbrainz_28312,discogs_83376,musicbrainz,discogs,false
mbrainz_2834,discogs_146047,musicbrainz,discogs,false
mbrainz_28340,discogs_103819,musicbrainz,discogs,false
mbrainz_28340,discogs_117290,musicbrainz,discogs,false
mbrainz_28340,discogs_82085,musicbrainz,discogs,false
mbrainz_28340,discogs_90245,musicbrainz,discogs,false
mbrainz_28340,discogs_93288,musicbrainz,discogs,false
mbrainz_28364,discogs_111337,musicbrainz,discogs,false
mbrainz_28364,discogs_111344,musicbrainz,discogs,false
mbrainz_28364,discogs_133418,musicbrainz,discogs,false
mbrainz_28364,discogs_80795,musicbrainz,discogs,false
mbrainz_28368,discogs_106076,musicbrainz,discogs,false
mbrainz_28368,discogs_34322,musicbrainz,discogs,false
mbrainz_28368,discogs_35723,musicbrainz,discogs,false
mbrainz_28368,discogs_75190,musicbrainz,discogs,false
mbrainz_28368,discogs_82171,musicbrainz,discogs,false
mbrainz_28368,discogs_84498,musicbrainz,discogs,false
mbrainz_28368,discogs_94796,musicbrainz,discogs,false
mbrainz_28368,discogs_97643,musicbrainz,discogs,false
mbrainz_284,discogs_143254,musicbrainz,discogs,false
mbrainz_284,discogs_27004,musicbrainz,discogs,false
mbrainz_284,discogs_43994,musicbrainz,discogs,false
mbrainz_284,discogs_5067,musicbrainz,discogs,false
mbrainz_284,discogs_63803,musicbrainz,discogs,false
mbrainz_28407,discogs_149585,musicbrainz,discogs,false
mbrainz_28407,discogs_19391,musicbrainz,discogs,false
mbrainz_28407,discogs_20062,musicbrainz,discogs,false
mbrainz_28407,discogs_43073,musicbrainz,discogs,false
mbrainz_28407,discogs_47419,musicbrainz,discogs,false
mbrainz_28407,discogs_53103,musicbrainz,discogs,false
mbrainz_28407,discogs_71894,musicbrainz,discogs,false
mbrainz_28407,discogs_83765,musicbrainz,discogs,false
mbrainz_2844,discogs_109301,musicbrainz,discogs,false
mbrainz_2844,discogs_109569,musicbrainz,discogs,false
mbrainz_2844,discogs_12636,musicbrainz,discogs,false
mbrainz_2844,discogs_28934,musicbrainz,discogs,false
mbrainz_2844,discogs_33793,musicbrainz,discogs,false
mbrainz_2844,discogs_47308,musicbrainz,discogs,false
mbrainz_2844,discogs_58669,musicbrainz,discogs,false
mbrainz_28449,discogs_104613,musicbrainz,discogs,false
mbrainz_28449,discogs_114158,musicbrainz,discogs,false
mbrainz_28449,discogs_149385,musicbrainz,discogs,false
mbrainz_28449,discogs_33613,musicbrainz,discogs,false
mbrainz_28449,discogs_42892,musicbrainz,discogs,false
mbrainz_28449,discogs_79282,musicbrainz,discogs,false
mbrainz_2849,discogs_12399,musicbrainz,discogs,false
mbrainz_28613,discogs_100384,musicbrainz,discogs,false
mbrainz_28613,discogs_114846,musicbrainz,discogs,false
mbrainz_28613,discogs_133074,musicbrainz,discogs,false
mbrainz_28613,discogs_137138,musicbrainz,discogs,false
mbrainz_28613,discogs_172599,musicbrainz,discogs,false
mbrainz_28613,discogs_42434,musicbrainz,discogs,false
mbrainz_28613,discogs_64754,musicbrainz,discogs,false
mbrainz_28613,discogs_70909,musicbrainz,discogs,false
mbrainz_28613,discogs_80155,musicbrainz,discogs,false
mbrainz_28613,discogs_98084,musicbrainz,discogs,false
mbrainz_2870,discogs_102073,musicbrainz,discogs,false
mbrainz_2870,discogs_116298,musicbrainz,discogs,false
mbrainz_2870,discogs_134151,musicbrainz,discogs,false
mbrainz_2870,discogs_140131,musicbrainz,discogs,false
mbrainz_2870,discogs_158557,musicbrainz,discogs,false
mbrainz_2870,discogs_17173,musicbrainz,discogs,false
mbrainz_2870,discogs_27030,musicbrainz,discogs,false
mbrainz_2870,discogs_31939,musicbrainz,discogs,false
mbrainz_2870,discogs_91967,musicbrainz,discogs,false
mbrainz_2871,discogs_144112,musicbrainz,discogs,false
mbrainz_2871,discogs_167512,musicbrainz,discogs,false
mbrainz_2871,discogs_179278,musicbrainz,discogs,false
mbrainz_2871,discogs_179281,musicbrainz,discogs,false
mbrainz_2871,discogs_55033,musicbrainz,discogs,false
mbrainz_2871,discogs_7110,musicbrainz,discogs,false
mbrainz_28768,discogs_101522,musicbrainz,discogs,false
mbrainz_28768,discogs_29515,musicbrainz,discogs,false
mbrainz_28768,discogs_65423,musicbrainz,discogs,false
mbrainz_288,discogs_115,musicbrainz,discogs,false
mbrainz_288,discogs_44895,musicbrainz,discogs,false
mbrainz_288,discogs_50229,musicbrainz,discogs,false
mbrainz_288,discogs_7353,musicbrainz,discogs,false
mbrainz_288,discogs_85500,musicbrainz,discogs,false
mbrainz_28820,discogs_119008,musicbrainz,discogs,false
mbrainz_28820,discogs_120792,musicbrainz,discogs,false
mbrainz_28820,discogs_123738,musicbrainz,discogs,false
mbrainz_28820,discogs_151848,musicbrainz,discogs,false
mbrainz_28820,discogs_193352,musicbrainz,discogs,false
mbrainz_28820,discogs_24552,musicbrainz,discogs,false
mbrainz_28820,discogs_51488,musicbrainz,discogs,false
mbrainz_28820,discogs_65773,musicbrainz,discogs,false
mbrainz_28846,discogs_21973,musicbrainz,discogs,false
mbrainz_28846,discogs_22360,musicbrainz,discogs,false
mbrainz_28868,discogs_100132,musicbrainz,discogs,false
mbrainz_28868,discogs_115866,musicbrainz,discogs,false
mbrainz_28868,discogs_11782,musicbrainz,discogs,false
mbrainz_28868,discogs_150003,musicbrainz,discogs,false
mbrainz_28868,discogs_150683,musicbrainz,discogs,false
mbrainz_28868,discogs_24126,musicbrainz,discogs,false
mbrainz_28868,discogs_51221,musicbrainz,discogs,false
mbrainz_28870,discogs_11156,musicbrainz,discogs,false
mbrainz_28870,discogs_120379,musicbrainz,discogs,false
mbrainz_28870,discogs_142513,musicbrainz,discogs,false
mbrainz_28870,discogs_52743,musicbrainz,discogs,false
mbrainz_28870,discogs_7976,musicbrainz,discogs,false
mbrainz_2891,discogs_162209,musicbrainz,discogs,false
mbrainz_2891,discogs_166352,musicbrainz,discogs,false
mbrainz_2891,discogs_180371,musicbrainz,discogs,false
mbrainz_2891,discogs_32252,musicbrainz,discogs,false
mbrainz_2891,discogs_44752,musicbrainz,discogs,false
mbrainz_2891,discogs_51544,musicbrainz,discogs,false
mbrainz_2891,discogs_60014,musicbrainz,discogs,false
mbrainz_28926,discogs_123529,musicbrainz,discogs,false
mbrainz_28926,discogs_129417,musicbrainz,discogs,false
mbrainz_28926,discogs_14174,musicbrainz,discogs,false
mbrainz_28926,discogs_147483,musicbrainz,discogs,false
mbrainz_28926,discogs_31313,musicbrainz,discogs,false
mbrainz_28926,discogs_35962,musicbrainz,discogs,false
mbrainz_28926,discogs_47667,musicbrainz,discogs,false
mbrainz_28926,discogs_7242,musicbrainz,discogs,false
mbrainz_28928,discogs_132454,musicbrainz,discogs,false
mbrainz_28928,discogs_63546,musicbrainz,discogs,false
mbrainz_28928,discogs_90743,musicbrainz,discogs,false
mbrainz_28944,discogs_113473,musicbrainz,discogs,false
mbrainz_28944,discogs_173227,musicbrainz,discogs,false
mbrainz_28944,discogs_24115,musicbrainz,discogs,false
mbrainz_28944,discogs_8151,musicbrainz,discogs,false
mbrainz_28953,discogs_130708,musicbrainz,discogs,false
mbrainz_28953,discogs_144887,musicbrainz,discogs,false
mbrainz_28953,discogs_168351,musicbrainz,discogs,false
mbrainz_28953,discogs_18634,musicbrainz,discogs,false
mbrainz_28953,discogs_20742,musicbrainz,discogs,false
mbrainz_28953,discogs_58603,musicbrainz,discogs,false
mbrainz_28953,discogs_735,musicbrainz,discogs,false
mbrainz_28995,discogs_116894,musicbrainz,discogs,false
mbrainz_28995,discogs_12813,musicbrainz,discogs,false
mbrainz_28995,discogs_187202,musicbrainz,discogs,false
mbrainz_28995,discogs_24450,musicbrainz,discogs,false
mbrainz_28995,discogs_35811,musicbrainz,discogs,false
mbrainz_28995,discogs_9093,musicbrainz,discogs,false
mbrainz_28995,discogs_91280,musicbrainz,discogs,false
mbrainz_28995,discogs_96928,musicbrainz,discogs,false
mbrainz_29002,discogs_118995,musicbrainz,discogs,false
mbrainz_29002,discogs_132445,musicbrainz,discogs,false
mbrainz_29002,discogs_15388,musicbrainz,discogs,false
mbrainz_29002,discogs_158893,musicbrainz,discogs,false
mbrainz_29002,discogs_168588,musicbrainz,discogs,false
mbrainz_29002,discogs_178710,musicbrainz,discogs,false
mbrainz_29002,discogs_183612,musicbrainz,discogs,false
mbrainz_29002,discogs_76436,musicbrainz,discogs,false
mbrainz_29009,discogs_109186,musicbrainz,discogs,false
mbrainz_29009,discogs_118279,musicbrainz,discogs,false
mbrainz_29009,discogs_119053,musicbrainz,discogs,false
mbrainz_29009,discogs_129552,musicbrainz,discogs,false
mbrainz_29009,discogs_181268,musicbrainz,discogs,false
mbrainz_29009,discogs_24577,musicbrainz,discogs,false
mbrainz_29009,discogs_44843,musicbrainz,discogs,false
mbrainz_29009,discogs_94697,musicbrainz,discogs,false
mbrainz_2901,discogs_106017,musicbrainz,discogs,false
mbrainz_2901,discogs_10686,musicbrainz,discogs,false
mbrainz_2901,discogs_118279,musicbrainz,discogs,false
mbrainz_2901,discogs_121870,musicbrainz,discogs,false
mbrainz_2901,discogs_123578,musicbrainz,discogs,false
mbrainz_2901,discogs_133289,musicbrainz,discogs,false
mbrainz_2901,discogs_25414,musicbrainz,discogs,false
mbrainz_2901,discogs_60868,musicbrainz,discogs,false
mbrainz_2901,discogs_78441,musicbrainz,discogs,false
mbrainz_2902,discogs_139039,musicbrainz,discogs,false
mbrainz_2902,discogs_152923,musicbrainz,discogs,false
mbrainz_2902,discogs_54366,musicbrainz,discogs,false
mbrainz_2902,discogs_5942,musicbrainz,discogs,false
mbrainz_2902,discogs_66033,musicbrainz,discogs,false
mbrainz_2902,discogs_74135,musicbrainz,discogs,false
mbrainz_2907,discogs_11370,musicbrainz,discogs,false
mbrainz_2907,discogs_123529,musicbrainz,discogs,false
mbrainz_2907,discogs_16700,musicbrainz,discogs,false
mbrainz_2907,discogs_190432,musicbrainz,discogs,false
mbrainz_2907,discogs_2421,musicbrainz,discogs,false
mbrainz_2907,discogs_246,musicbrainz,discogs,false
mbrainz_2907,discogs_3541,musicbrainz,discogs,false
mbrainz_2907,discogs_90041,musicbrainz,discogs,false
mbrainz_2909,discogs_102420,musicbrainz,discogs,false
mbrainz_2909,discogs_140773,musicbrainz,discogs,false
mbrainz_2909,discogs_144001,musicbrainz,discogs,false
mbrainz_2909,discogs_33372,musicbrainz,discogs,false
mbrainz_2909,discogs_5422,musicbrainz,discogs,false
mbrainz_2909,discogs_57075,musicbrainz,discogs,false
mbrainz_2909,discogs_8275,musicbrainz,discogs,false
mbrainz_29147,discogs_124378,musicbrainz,discogs,false
mbrainz_29147,discogs_157181,musicbrainz,discogs,false
mbrainz_29147,discogs_178281,musicbrainz,discogs,false
mbrainz_29170,discogs_115862,musicbrainz,discogs,false
mbrainz_29170,discogs_117991,musicbrainz,discogs,false
mbrainz_29170,discogs_15983,musicbrainz,discogs,false
mbrainz_29170,discogs_188057,musicbrainz,discogs,false
mbrainz_29170,discogs_32872,musicbrainz,discogs,false
mbrainz_29170,discogs_39093,musicbrainz,discogs,false
mbrainz_29170,discogs_56120,musicbrainz,discogs,false
mbrainz_29170,discogs_65476,musicbrainz,discogs,false
mbrainz_29170,discogs_97111,musicbrainz,discogs,false
mbrainz_29182,discogs_129039,musicbrainz,discogs,false
mbrainz_29182,discogs_132575,musicbrainz,discogs,false
mbrainz_29182,discogs_191256,musicbrainz,discogs,false
mbrainz_29182,discogs_191517,musicbrainz,discogs,false
mbrainz_29182,discogs_196698,musicbrainz,discogs,false
mbrainz_29214,discogs_108285,musicbrainz,discogs,false
mbrainz_29214,discogs_151078,musicbrainz,discogs,false
mbrainz_29214,discogs_166512,musicbrainz,discogs,false
mbrainz_29214,discogs_178376,musicbrainz,discogs,false
mbrainz_29214,discogs_2529,musicbrainz,discogs,false
mbrainz_29214,discogs_26887,musicbrainz,discogs,false
mbrainz_29214,discogs_3007,musicbrainz,discogs,false
mbrainz_29214,discogs_3963,musicbrainz,discogs,false
mbrainz_29225,discogs_10480,musicbrainz,discogs,false
mbrainz_29225,discogs_105168,musicbrainz,discogs,false
mbrainz_29225,discogs_118005,musicbrainz,discogs,false
mbrainz_29225,discogs_18668,musicbrainz,discogs,false
mbrainz_29225,discogs_188005,musicbrainz,discogs,false
mbrainz_29225,discogs_37624,musicbrainz,discogs,false
mbrainz_29225,discogs_44179,musicbrainz,discogs,false
mbrainz_29225,discogs_81550,musicbrainz,discogs,false
mbrainz_29225,discogs_93450,musicbrainz,discogs,false
mbrainz_29225,discogs_94905,musicbrainz,discogs,false
mbrainz_2926,discogs_100132,musicbrainz,discogs,false
mbrainz_2926,discogs_111952,musicbrainz,discogs,false
mbrainz_2926,discogs_166124,musicbrainz,discogs,false
mbrainz_2926,discogs_173204,musicbrainz,discogs,false
mbrainz_2926,discogs_29186,musicbrainz,discogs,false
mbrainz_2926,discogs_33793,musicbrainz,discogs,false
mbrainz_2926,discogs_46962,musicbrainz,discogs,false
mbrainz_2926,discogs_63703,musicbrainz,discogs,false
mbrainz_29292,discogs_119588,musicbrainz,discogs,false
mbrainz_29292,discogs_145530,musicbrainz,discogs,false
mbrainz_29292,discogs_38554,musicbrainz,discogs,false
mbrainz_29292,discogs_41799,musicbrainz,discogs,false
mbrainz_29292,discogs_55332,musicbrainz,discogs,false
mbrainz_29292,discogs_62349,musicbrainz,discogs,false
mbrainz_29292,discogs_84203,musicbrainz,discogs,false
mbrainz_29316,discogs_168294,musicbrainz,discogs,false
mbrainz_29316,discogs_180167,musicbrainz,discogs,false
mbrainz_29316,discogs_289,musicbrainz,discogs,false
mbrainz_29316,discogs_30108,musicbrainz,discogs,false
mbrainz_29316,discogs_36550,musicbrainz,discogs,false
mbrainz_29316,discogs_43027,musicbrainz,discogs,false
mbrainz_29355,discogs_110469,musicbrainz,discogs,false
mbrainz_29355,discogs_124331,musicbrainz,discogs,false
mbrainz_29355,discogs_135205,musicbrainz,discogs,false
mbrainz_29355,discogs_28485,musicbrainz,discogs,false
mbrainz_29355,discogs_46683,musicbrainz,discogs,false
mbrainz_29355,discogs_70927,musicbrainz,discogs,false
mbrainz_29355,discogs_78073,musicbrainz,discogs,false
mbrainz_2937,discogs_102025,musicbrainz,discogs,false
mbrainz_2937,discogs_119717,musicbrainz,discogs,false
mbrainz_2937,discogs_157058,musicbrainz,discogs,false
mbrainz_29373,discogs_128863,musicbrainz,discogs,false
mbrainz_29373,discogs_162437,musicbrainz,discogs,false
mbrainz_29373,discogs_52046,musicbrainz,discogs,false
mbrainz_29396,discogs_182884,musicbrainz,discogs,false
mbrainz_29396,discogs_184089,musicbrainz,discogs,false
mbrainz_29396,discogs_184174,musicbrainz,discogs,false
mbrainz_29396,discogs_40978,musicbrainz,discogs,false
mbrainz_29396,discogs_60047,musicbrainz,discogs,false
mbrainz_29396,discogs_74304,musicbrainz,discogs,false
mbrainz_29396,discogs_81692,musicbrainz,discogs,false
mbrainz_29396,discogs_85787,musicbrainz,discogs,false
mbrainz_2945,discogs_131798,musicbrainz,discogs,false
mbrainz_2945,discogs_146598,musicbrainz,discogs,false
mbrainz_2945,discogs_180167,musicbrainz,discogs,false
mbrainz_2945,discogs_37485,musicbrainz,discogs,false
mbrainz_2945,discogs_38142,musicbrainz,discogs,false
mbrainz_2945,discogs_51610,musicbrainz,discogs,false
mbrainz_29453,discogs_142126,musicbrainz,discogs,false
mbrainz_29453,discogs_152120,musicbrainz,discogs,false
mbrainz_29453,discogs_159000,musicbrainz,discogs,false
mbrainz_29453,discogs_182884,musicbrainz,discogs,false
mbrainz_29453,discogs_234,musicbrainz,discogs,false
mbrainz_29453,discogs_71877,musicbrainz,discogs,false
mbrainz_29453,discogs_83065,musicbrainz,discogs,false
mbrainz_2950,discogs_151217,musicbrainz,discogs,false
mbrainz_2950,discogs_97332,musicbrainz,discogs,false
mbrainz_2951,discogs_11107,musicbrainz,discogs,false
mbrainz_2951,discogs_119685,musicbrainz,discogs,false
mbrainz_2951,discogs_2171,musicbrainz,discogs,false
mbrainz_2951,discogs_61374,musicbrainz,discogs,false
mbrainz_29510,discogs_101185,musicbrainz,discogs,false
mbrainz_29510,discogs_111007,musicbrainz,discogs,false
mbrainz_29510,discogs_132842,musicbrainz,discogs,false
mbrainz_29510,discogs_164866,musicbrainz,discogs,false
mbrainz_29510,discogs_28006,musicbrainz,discogs,false
mbrainz_29510,discogs_38204,musicbrainz,discogs,false
mbrainz_29586,discogs_101502,musicbrainz,discogs,false
mbrainz_29586,discogs_142284,musicbrainz,discogs,false
mbrainz_29586,discogs_144552,musicbrainz,discogs,false
mbrainz_29586,discogs_14463,musicbrainz,discogs,false
mbrainz_29586,discogs_154519,musicbrainz,discogs,false
mbrainz_29586,discogs_171516,musicbrainz,discogs,false
mbrainz_2959,discogs_111322,musicbrainz,discogs,false
mbrainz_2959,discogs_15035,musicbrainz,discogs,false
mbrainz_2959,discogs_178057,musicbrainz,discogs,false
mbrainz_296,discogs_128392,musicbrainz,discogs,false
mbrainz_296,discogs_219,musicbrainz,discogs,false
mbrainz_296,discogs_8592,musicbrainz,discogs,false
mbrainz_29622,discogs_28399,musicbrainz,discogs,false
mbrainz_297,discogs_101345,musicbrainz,discogs,false
mbrainz_297,discogs_106017,musicbrainz,discogs,false
mbrainz_297,discogs_125662,musicbrainz,discogs,false
mbrainz_297,discogs_15235,musicbrainz,discogs,false
mbrainz_297,discogs_43927,musicbrainz,discogs,false
mbrainz_297,discogs_6260,musicbrainz,discogs,false
mbrainz_297,discogs_67148,musicbrainz,discogs,false
mbrainz_29728,discogs_116367,musicbrainz,discogs,false
mbrainz_29728,discogs_167510,musicbrainz,discogs,false
mbrainz_29728,discogs_172956,musicbrainz,discogs,false
mbrainz_29728,discogs_48288,musicbrainz,discogs,false
mbrainz_29728,discogs_51397,musicbrainz,discogs,false
mbrainz_29728,discogs_7704,musicbrainz,discogs,false
mbrainz_29728,discogs_97600,musicbrainz,discogs,false
mbrainz_29816,discogs_114973,musicbrainz,discogs,false
mbrainz_29816,discogs_15248,musicbrainz,discogs,false
mbrainz_29816,discogs_160393,musicbrainz,discogs,false
mbrainz_29816,discogs_196193,musicbrainz,discogs,false
mbrainz_29816,discogs_54699,musicbrainz,discogs,false
mbrainz_29816,discogs_73153,musicbrainz,discogs,false
mbrainz_29886,discogs_116894,musicbrainz,discogs,false
mbrainz_29886,discogs_16809,musicbrainz,discogs,false
mbrainz_29886,discogs_181867,musicbrainz,discogs,false
mbrainz_29886,discogs_24450,musicbrainz,discogs,false
mbrainz_29886,discogs_35811,musicbrainz,discogs,false
mbrainz_29886,discogs_8851,musicbrainz,discogs,false
mbrainz_29886,discogs_9106,musicbrainz,discogs,false
mbrainz_29931,discogs_124152,musicbrainz,discogs,false
mbrainz_29931,discogs_124155,musicbrainz,discogs,false
mbrainz_29931,discogs_161183,musicbrainz,discogs,false
mbrainz_29931,discogs_181063,musicbrainz,discogs,false
mbrainz_29931,discogs_42465,musicbrainz,discogs,false
mbrainz_29931,discogs_49809,musicbrainz,discogs,false
mbrainz_29931,discogs_52864,musicbrainz,discogs,false
mbrainz_29931,discogs_68391,musicbrainz,discogs,false
mbrainz_29935,discogs_133223,musicbrainz,discogs,false
mbrainz_29935,discogs_150520,musicbrainz,discogs,false
mbrainz_29935,discogs_15269,musicbrainz,discogs,false
mbrainz_29935,discogs_168056,musicbrainz,discogs,false
mbrainz_29935,discogs_79105,musicbrainz,discogs,false
mbrainz_29935,discogs_93099,musicbrainz,discogs,false
mbrainz_2996,discogs_129915,musicbrainz,discogs,false
mbrainz_2996,discogs_37662,musicbrainz,discogs,false
mbrainz_2996,discogs_41777,musicbrainz,discogs,false
mbrainz_2996,discogs_45096,musicbrainz,discogs,false
mbrainz_2996,discogs_47504,musicbrainz,discogs,false
mbrainz_2996,discogs_90864,musicbrainz,discogs,false
mbrainz_2996,discogs_99042,musicbrainz,discogs,false
mbrainz_300,discogs_1727,musicbrainz,discogs,false
mbrainz_300,discogs_18570,musicbrainz,discogs,false
mbrainz_300,discogs_186566,musicbrainz,discogs,false
mbrainz_300,discogs_187361,musicbrainz,discogs,false
mbrainz_300,discogs_6108,musicbrainz,discogs,false
mbrainz_300,discogs_62673,musicbrainz,discogs,false
mbrainz_300,discogs_66202,musicbrainz,discogs,false
mbrainz_300,discogs_8237,musicbrainz,discogs,false
mbrainz_3001,discogs_118789,musicbrainz,discogs,false
mbrainz_3001,discogs_125646,musicbrainz,discogs,false
mbrainz_3001,discogs_127154,musicbrainz,discogs,false
mbrainz_3001,discogs_29700,musicbrainz,discogs,false
mbrainz_3001,discogs_501,musicbrainz,discogs,false
mbrainz_3001,discogs_59821,musicbrainz,discogs,false
mbrainz_3001,discogs_65120,musicbrainz,discogs,false
mbrainz_30086,discogs_129611,musicbrainz,discogs,false
mbrainz_30086,discogs_28031,musicbrainz,discogs,false
mbrainz_30086,discogs_41017,musicbrainz,discogs,false
mbrainz_30091,discogs_112316,musicbrainz,discogs,false
mbrainz_30091,discogs_143523,musicbrainz,discogs,false
mbrainz_30104,discogs_113101,musicbrainz,discogs,false
mbrainz_30104,discogs_129263,musicbrainz,discogs,false
mbrainz_30104,discogs_135860,musicbrainz,discogs,false
mbrainz_30104,discogs_92844,musicbrainz,discogs,false
mbrainz_30134,discogs_112061,musicbrainz,discogs,false
mbrainz_30134,discogs_114703,musicbrainz,discogs,false
mbrainz_30134,discogs_117483,musicbrainz,discogs,false
mbrainz_30134,discogs_12482,musicbrainz,discogs,false
mbrainz_30134,discogs_126867,musicbrainz,discogs,false
mbrainz_30134,discogs_183409,musicbrainz,discogs,false
mbrainz_30134,discogs_2271,musicbrainz,discogs,false
mbrainz_30134,discogs_22826,musicbrainz,discogs,false
mbrainz_30134,discogs_8195,musicbrainz,discogs,false
mbrainz_3016,discogs_106878,musicbrainz,discogs,false
mbrainz_3016,discogs_1361,musicbrainz,discogs,false
mbrainz_3016,discogs_172383,musicbrainz,discogs,false
mbrainz_3016,discogs_18648,musicbrainz,discogs,false
mbrainz_3016,discogs_27170,musicbrainz,discogs,false
mbrainz_30169,discogs_10302,musicbrainz,discogs,false
mbrainz_30169,discogs_108167,musicbrainz,discogs,false
mbrainz_30169,discogs_144134,musicbrainz,discogs,false
mbrainz_30169,discogs_159218,musicbrainz,discogs,false
mbrainz_30169,discogs_16718,musicbrainz,discogs,false
mbrainz_30169,discogs_22505,musicbrainz,discogs,false
mbrainz_30169,discogs_5244,musicbrainz,discogs,false
mbrainz_30169,discogs_82049,musicbrainz,discogs,false
mbrainz_30169,discogs_8977,musicbrainz,discogs,false
mbrainz_302,discogs_10495,musicbrainz,discogs,false
mbrainz_302,discogs_133002,musicbrainz,discogs,false
mbrainz_302,discogs_136773,musicbrainz,discogs,false
mbrainz_302,discogs_20155,musicbrainz,discogs,false
mbrainz_302,discogs_31469,musicbrainz,discogs,false
mbrainz_302,discogs_72191,musicbrainz,discogs,false
mbrainz_302,discogs_75064,musicbrainz,discogs,false
mbrainz_3021,discogs_127056,musicbrainz,discogs,false
mbrainz_30214,discogs_13896,musicbrainz,discogs,false
mbrainz_30214,discogs_139686,musicbrainz,discogs,false
mbrainz_30214,discogs_177445,musicbrainz,discogs,false
mbrainz_30214,discogs_38678,musicbrainz,discogs,false
mbrainz_30214,discogs_46281,musicbrainz,discogs,false
mbrainz_30214,discogs_70942,musicbrainz,discogs,false
mbrainz_30214,discogs_85349,musicbrainz,discogs,false
mbrainz_30214,discogs_9685,musicbrainz,discogs,false
mbrainz_3023,discogs_110266,musicbrainz,discogs,false
mbrainz_3023,discogs_141550,musicbrainz,discogs,false
mbrainz_3023,discogs_164018,musicbrainz,discogs,false
mbrainz_3023,discogs_20330,musicbrainz,discogs,false
mbrainz_3023,discogs_34604,musicbrainz,discogs,false
mbrainz_3023,discogs_43142,musicbrainz,discogs,false
mbrainz_30257,discogs_108371,musicbrainz,discogs,false
mbrainz_30257,discogs_164218,musicbrainz,discogs,false
mbrainz_30257,discogs_171907,musicbrainz,discogs,false
mbrainz_30257,discogs_21791,musicbrainz,discogs,false
mbrainz_30257,discogs_34125,musicbrainz,discogs,false
mbrainz_3030,discogs_14772,musicbrainz,discogs,false
mbrainz_3030,discogs_15764,musicbrainz,discogs,false
mbrainz_3030,discogs_21222,musicbrainz,discogs,false
mbrainz_3030,discogs_22021,musicbrainz,discogs,false
mbrainz_3030,discogs_41141,musicbrainz,discogs,false
mbrainz_3030,discogs_67894,musicbrainz,discogs,false
mbrainz_3030,discogs_83382,musicbrainz,discogs,false
mbrainz_3030,discogs_98136,musicbrainz,discogs,false
mbrainz_30343,discogs_165746,musicbrainz,discogs,false
mbrainz_30343,discogs_43318,musicbrainz,discogs,false
mbrainz_30343,discogs_78499,musicbrainz,discogs,false
mbrainz_30343,discogs_9055,musicbrainz,discogs,false
mbrainz_30346,discogs_117493,musicbrainz,discogs,false
mbrainz_30346,discogs_18329,musicbrainz,discogs,false
mbrainz_30346,discogs_50172,musicbrainz,discogs,false
mbrainz_30346,discogs_70310,musicbrainz,discogs,false
mbrainz_30346,discogs_7088,musicbrainz,discogs,false
mbrainz_30346,discogs_7648,musicbrainz,discogs,false
mbrainz_30346,discogs_83796,musicbrainz,discogs,false
mbrainz_30379,discogs_101345,musicbrainz,discogs,false
mbrainz_30379,discogs_117493,musicbrainz,discogs,false
mbrainz_30379,discogs_136045,musicbrainz,discogs,false
mbrainz_30379,discogs_29993,musicbrainz,discogs,false
mbrainz_30379,discogs_45669,musicbrainz,discogs,false
mbrainz_30379,discogs_663,musicbrainz,discogs,false
mbrainz_30379,discogs_75403,musicbrainz,discogs,false
mbrainz_3038,discogs_121603,musicbrainz,discogs,false
mbrainz_3038,discogs_170140,musicbrainz,discogs,false
mbrainz_3038,discogs_48641,musicbrainz,discogs,false
mbrainz_3038,discogs_55539,musicbrainz,discogs,false
mbrainz_3038,discogs_61444,musicbrainz,discogs,false
mbrainz_3038,discogs_88572,musicbrainz,discogs,false
mbrainz_30391,discogs_110794,musicbrainz,discogs,false
mbrainz_30391,discogs_123832,musicbrainz,discogs,false
mbrainz_30391,discogs_18462,musicbrainz,discogs,false
mbrainz_30391,discogs_29972,musicbrainz,discogs,false
mbrainz_30391,discogs_36050,musicbrainz,discogs,false
mbrainz_30391,discogs_39917,musicbrainz,discogs,false
mbrainz_30391,discogs_55607,musicbrainz,discogs,false
mbrainz_30391,discogs_75626,musicbrainz,discogs,false
mbrainz_30391,discogs_80306,musicbrainz,discogs,false
mbrainz_30401,discogs_111695,musicbrainz,discogs,false
mbrainz_30401,discogs_12437,musicbrainz,discogs,false
mbrainz_30401,discogs_148531,musicbrainz,discogs,false
mbrainz_30401,discogs_15305,musicbrainz,discogs,false
mbrainz_30401,discogs_163174,musicbrainz,discogs,false
mbrainz_30401,discogs_27138,musicbrainz,discogs,false
mbrainz_3047,discogs_12139,musicbrainz,discogs,false
mbrainz_3047,discogs_136060,musicbrainz,discogs,false
mbrainz_3047,discogs_149018,musicbrainz,discogs,false
mbrainz_3047,discogs_31071,musicbrainz,discogs,false
mbrainz_3047,discogs_53837,musicbrainz,discogs,false
mbrainz_3047,discogs_57737,musicbrainz,discogs,false
mbrainz_3047,discogs_60192,musicbrainz,discogs,false
mbrainz_3047,discogs_64062,musicbrainz,discogs,false
mbrainz_3048,discogs_130362,musicbrainz,discogs,false
mbrainz_3048,discogs_140225,musicbrainz,discogs,false
mbrainz_3048,discogs_14488,musicbrainz,discogs,false
mbrainz_3048,discogs_16511,musicbrainz,discogs,false
mbrainz_3048,discogs_36460,musicbrainz,discogs,false
mbrainz_3048,discogs_90351,musicbrainz,discogs,false
mbrainz_30489,discogs_132890,musicbrainz,discogs,false
mbrainz_30489,discogs_137125,musicbrainz,discogs,false
mbrainz_30489,discogs_164614,musicbrainz,discogs,false
mbrainz_30489,discogs_57594,musicbrainz,discogs,false
mbrainz_30489,discogs_75152,musicbrainz,discogs,false
mbrainz_30489,discogs_93179,musicbrainz,discogs,false
mbrainz_305,discogs_129521,musicbrainz,discogs,false
mbrainz_305,discogs_52667,musicbrainz,discogs,false
mbrainz_305,discogs_66945,musicbrainz,discogs,false
mbrainz_305,discogs_84997,musicbrainz,discogs,false
mbrainz_305,discogs_89402,musicbrainz,discogs,false
mbrainz_3052,discogs_46519,musicbrainz,discogs,false
mbrainz_3052,discogs_9957,musicbrainz,discogs,false
mbrainz_30527,discogs_168965,musicbrainz,discogs,false
mbrainz_30527,discogs_181937,musicbrainz,discogs,false
mbrainz_30527,discogs_197060,musicbrainz,discogs,false
mbrainz_30527,discogs_21313,musicbrainz,discogs,false
mbrainz_30527,discogs_41622,musicbrainz,discogs,false
mbrainz_30527,discogs_41958,musicbrainz,discogs,false
mbrainz_30527,discogs_52127,musicbrainz,discogs,false
mbrainz_30527,discogs_57719,musicbrainz,discogs,false
mbrainz_30527,discogs_66197,musicbrainz,discogs,false
mbrainz_30533,discogs_115515,musicbrainz,discogs,false
mbrainz_30533,discogs_121622,musicbrainz,discogs,false
mbrainz_30533,discogs_137528,musicbrainz,discogs,false
mbrainz_30533,discogs_145107,musicbrainz,discogs,false
mbrainz_30533,discogs_162857,musicbrainz,discogs,false
mbrainz_30533,discogs_176328,musicbrainz,discogs,false
mbrainz_30533,discogs_29382,musicbrainz,discogs,false
mbrainz_30588,discogs_108986,musicbrainz,discogs,false
mbrainz_30588,discogs_178646,musicbrainz,discogs,false
mbrainz_30588,discogs_19187,musicbrainz,discogs,false
mbrainz_30588,discogs_51509,musicbrainz,discogs,false
mbrainz_3062,discogs_112388,musicbrainz,discogs,false
mbrainz_3062,discogs_127895,musicbrainz,discogs,false
mbrainz_3062,discogs_186047,musicbrainz,discogs,false
mbrainz_3062,discogs_26744,musicbrainz,discogs,false
mbrainz_3062,discogs_59252,musicbrainz,discogs,false
mbrainz_3062,discogs_66623,musicbrainz,discogs,false
mbrainz_3062,discogs_8483,musicbrainz,discogs,false
mbrainz_3062,discogs_8552,musicbrainz,discogs,false
mbrainz_30626,discogs_127847,musicbrainz,discogs,false
mbrainz_30626,discogs_137288,musicbrainz,discogs,false
mbrainz_30626,discogs_156759,musicbrainz,discogs,false
mbrainz_30626,discogs_197028,musicbrainz,discogs,false
mbrainz_30626,discogs_25756,musicbrainz,discogs,false
mbrainz_30626,discogs_37402,musicbrainz,discogs,false
mbrainz_30626,discogs_49538,musicbrainz,discogs,false
mbrainz_30626,discogs_60809,musicbrainz,discogs,false
mbrainz_3068,discogs_31415,musicbrainz,discogs,false
mbrainz_307,discogs_14587,musicbrainz,discogs,false
mbrainz_307,discogs_15043,musicbrainz,discogs,false
mbrainz_307,discogs_193721,musicbrainz,discogs,false
mbrainz_307,discogs_22613,musicbrainz,discogs,false
mbrainz_307,discogs_82946,musicbrainz,discogs,false
mbrainz_307,discogs_941,musicbrainz,discogs,false
mbrainz_3073,discogs_118995,musicbrainz,discogs,false
mbrainz_3073,discogs_15388,musicbrainz,discogs,false
mbrainz_3073,discogs_158893,musicbrainz,discogs,false
mbrainz_3073,discogs_178710,musicbrainz,discogs,false
mbrainz_3073,discogs_183612,musicbrainz,discogs,false
mbrainz_3073,discogs_4605,musicbrainz,discogs,false
mbrainz_3073,discogs_76436,musicbrainz,discogs,false
mbrainz_30861,discogs_124298,musicbrainz,discogs,false
mbrainz_30861,discogs_174884,musicbrainz,discogs,false
mbrainz_30861,discogs_36773,musicbrainz,discogs,false
mbrainz_3092,discogs_104954,musicbrainz,discogs,false
mbrainz_3092,discogs_145141,musicbrainz,discogs,false
mbrainz_3092,discogs_180642,musicbrainz,discogs,false
mbrainz_3092,discogs_180856,musicbrainz,discogs,false
mbrainz_30935,discogs_161491,musicbrainz,discogs,false
mbrainz_30935,discogs_173482,musicbrainz,discogs,false
mbrainz_30935,discogs_175176,musicbrainz,discogs,false
mbrainz_30935,discogs_58589,musicbrainz,discogs,false
mbrainz_3095,discogs_102006,musicbrainz,discogs,false
mbrainz_3095,discogs_10272,musicbrainz,discogs,false
mbrainz_3095,discogs_183587,musicbrainz,discogs,false
mbrainz_3095,discogs_59587,musicbrainz,discogs,false
mbrainz_3095,discogs_83422,musicbrainz,discogs,false
mbrainz_3095,discogs_91082,musicbrainz,discogs,false
mbrainz_30962,discogs_125727,musicbrainz,discogs,false
mbrainz_30962,discogs_143184,musicbrainz,discogs,false
mbrainz_30962,discogs_164622,musicbrainz,discogs,false
mbrainz_30962,discogs_289,musicbrainz,discogs,false
mbrainz_30962,discogs_31142,musicbrainz,discogs,false
mbrainz_30962,discogs_33330,musicbrainz,discogs,false
mbrainz_30962,discogs_49077,musicbrainz,discogs,false
mbrainz_30996,discogs_116367,musicbrainz,discogs,false
mbrainz_30996,discogs_127625,musicbrainz,discogs,false
mbrainz_30996,discogs_154346,musicbrainz,discogs,false
mbrainz_30996,discogs_37938,musicbrainz,discogs,false
mbrainz_30996,discogs_75962,musicbrainz,discogs,false
mbrainz_30996,discogs_97444,musicbrainz,discogs,false
mbrainz_31,discogs_169268,musicbrainz,discogs,false
mbrainz_31,discogs_97157,musicbrainz,discogs,false
mbrainz_31032,discogs_120087,musicbrainz,discogs,false
mbrainz_31032,discogs_120619,musicbrainz,discogs,false
mbrainz_31032,discogs_120922,musicbrainz,discogs,false
mbrainz_31032,discogs_135556,musicbrainz,discogs,false
mbrainz_31032,discogs_164678,musicbrainz,discogs,false
mbrainz_31032,discogs_181281,musicbrainz,discogs,false
mbrainz_31032,discogs_33750,musicbrainz,discogs,false
mbrainz_31032,discogs_8946,musicbrainz,discogs,false
mbrainz_31064,discogs_104374,musicbrainz,discogs,false
mbrainz_31064,discogs_133138,musicbrainz,discogs,false
mbrainz_31064,discogs_180913,musicbrainz,discogs,false
mbrainz_31064,discogs_181422,musicbrainz,discogs,false
mbrainz_31064,discogs_26664,musicbrainz,discogs,false
mbrainz_31064,discogs_31145,musicbrainz,discogs,false
mbrainz_31064,discogs_84589,musicbrainz,discogs,false
mbrainz_31124,discogs_10320,musicbrainz,discogs,false
mbrainz_31124,discogs_132193,musicbrainz,discogs,false
mbrainz_31124,discogs_159783,musicbrainz,discogs,false
mbrainz_31124,discogs_173484,musicbrainz,discogs,false
mbrainz_31124,discogs_30944,musicbrainz,discogs,false
mbrainz_31124,discogs_48119,musicbrainz,discogs,false
mbrainz_3113,discogs_25458,musicbrainz,discogs,false
mbrainz_3115,discogs_20531,musicbrainz,discogs,false
mbrainz_31157,discogs_116279,musicbrainz,discogs,false
mbrainz_31157,discogs_125043,musicbrainz,discogs,false
mbrainz_31157,discogs_133531,musicbrainz,discogs,false
mbrainz_3119,discogs_101821,musicbrainz,discogs,false
mbrainz_3119,discogs_12167,musicbrainz,discogs,false
mbrainz_3119,discogs_235,musicbrainz,discogs,false
mbrainz_3119,discogs_2876,musicbrainz,discogs,false
mbrainz_3119,discogs_65185,musicbrainz,discogs,false
mbrainz_3119,discogs_98488,musicbrainz,discogs,false
mbrainz_312,discogs_100871,musicbrainz,discogs,false
mbrainz_312,discogs_104481,musicbrainz,discogs,false
mbrainz_312,discogs_110365,musicbrainz,discogs,false
mbrainz_312,discogs_122501,musicbrainz,discogs,false
mbrainz_312,discogs_122873,musicbrainz,discogs,false
mbrainz_312,discogs_133993,musicbrainz,discogs,false
mbrainz_312,discogs_47138,musicbrainz,discogs,false
mbrainz_31205,discogs_104206,musicbrainz,discogs,false
mbrainz_31205,discogs_131798,musicbrainz,discogs,false
mbrainz_31205,discogs_137852,musicbrainz,discogs,false
mbrainz_31205,discogs_168294,musicbrainz,discogs,false
mbrainz_31205,discogs_38093,musicbrainz,discogs,false
mbrainz_31205,discogs_52930,musicbrainz,discogs,false
mbrainz_31208,discogs_102995,musicbrainz,discogs,false
mbrainz_31208,discogs_11632,musicbrainz,discogs,false
mbrainz_31208,discogs_15156,musicbrainz,discogs,false
mbrainz_31208,discogs_164673,musicbrainz,discogs,false
mbrainz_31208,discogs_165527,musicbrainz,discogs,false
mbrainz_31208,discogs_36442,musicbrainz,discogs,false
mbrainz_31208,discogs_58519,musicbrainz,discogs,false
mbrainz_31247,discogs_106177,musicbrainz,discogs,false
mbrainz_31247,discogs_143301,musicbrainz,discogs,false
mbrainz_31247,discogs_150683,musicbrainz,discogs,false
mbrainz_31247,discogs_159373,musicbrainz,discogs,false
mbrainz_31247,discogs_175464,musicbrainz,discogs,false
mbrainz_31247,discogs_187566,musicbrainz,discogs,false
mbrainz_31247,discogs_23350,musicbrainz,discogs,false
mbrainz_31247,discogs_2353,musicbrainz,discogs,false
mbrainz_31247,discogs_33482,musicbrainz,discogs,false
mbrainz_31267,discogs_145909,musicbrainz,discogs,false
mbrainz_31267,discogs_62915,musicbrainz,discogs,false
mbrainz_31267,discogs_67513,musicbrainz,discogs,false
mbrainz_31267,discogs_89506,musicbrainz,discogs,false
mbrainz_31283,discogs_101196,musicbrainz,discogs,false
mbrainz_31283,discogs_105066,musicbrainz,discogs,false
mbrainz_31283,discogs_108794,musicbrainz,discogs,false
mbrainz_31283,discogs_127562,musicbrainz,discogs,false
mbrainz_31283,discogs_130922,musicbrainz,discogs,false
mbrainz_31283,discogs_56711,musicbrainz,discogs,false
mbrainz_31283,discogs_75178,musicbrainz,discogs,false
mbrainz_31283,discogs_82214,musicbrainz,discogs,false
mbrainz_3129,discogs_100260,musicbrainz,discogs,false
mbrainz_3129,discogs_103256,musicbrainz,discogs,false
mbrainz_3129,discogs_104647,musicbrainz,discogs,false
mbrainz_3129,discogs_157329,musicbrainz,discogs,false
mbrainz_3129,discogs_188736,musicbrainz,discogs,false
mbrainz_3129,discogs_27280,musicbrainz,discogs,false
mbrainz_3131,discogs_106281,musicbrainz,discogs,false
mbrainz_3131,discogs_144882,musicbrainz,discogs,false
mbrainz_3131,discogs_34826,musicbrainz,discogs,false
mbrainz_3131,discogs_52875,musicbrainz,discogs,false
mbrainz_3131,discogs_6221,musicbrainz,discogs,false
mbrainz_3131,discogs_87290,musicbrainz,discogs,false
mbrainz_3131,discogs_93208,musicbrainz,discogs,false
mbrainz_3131,discogs_9636,musicbrainz,discogs,false
mbrainz_31367,discogs_111354,musicbrainz,discogs,false
mbrainz_31367,discogs_117281,musicbrainz,discogs,false
mbrainz_31367,discogs_130177,musicbrainz,discogs,false
mbrainz_31367,discogs_143550,musicbrainz,discogs,false
mbrainz_31367,discogs_169462,musicbrainz,discogs,false
mbrainz_31367,discogs_66146,musicbrainz,discogs,false
mbrainz_31367,discogs_70146,musicbrainz,discogs,false
mbrainz_31367,discogs_74767,musicbrainz,discogs,false
mbrainz_31436,discogs_101285,musicbrainz,discogs,false
mbrainz_31436,discogs_101425,musicbrainz,discogs,false
mbrainz_31436,discogs_10444,musicbrainz,discogs,false
mbrainz_31436,discogs_110854,musicbrainz,discogs,false
mbrainz_31436,discogs_17395,musicbrainz,discogs,false
mbrainz_31436,discogs_2281,musicbrainz,discogs,false
mbrainz_31436,discogs_3431,musicbrainz,discogs,false
mbrainz_31436,discogs_70743,musicbrainz,discogs,false
mbrainz_31436,discogs_81781,musicbrainz,discogs,false
mbrainz_3145,discogs_108319,musicbrainz,discogs,false
mbrainz_3145,discogs_121548,musicbrainz,discogs,false
mbrainz_3145,discogs_184233,musicbrainz,discogs,false
mbrainz_3145,discogs_41745,musicbrainz,discogs,false
mbrainz_3145,discogs_5533,musicbrainz,discogs,false
mbrainz_3145,discogs_67197,musicbrainz,discogs,false
mbrainz_3145,discogs_8555,musicbrainz,discogs,false
mbrainz_3145,discogs_99023,musicbrainz,discogs,false
mbrainz_31451,discogs_101955,musicbrainz,discogs,false
mbrainz_31451,discogs_10378,musicbrainz,discogs,false
mbrainz_31451,discogs_13591,musicbrainz,discogs,false
mbrainz_31451,discogs_183673,musicbrainz,discogs,false
mbrainz_31451,discogs_35031,musicbrainz,discogs,false
mbrainz_31451,discogs_50890,musicbrainz,discogs,false
mbrainz_31451,discogs_64223,musicbrainz,discogs,false
mbrainz_31451,discogs_81571,musicbrainz,discogs,false
mbrainz_31451,discogs_84690,musicbrainz,discogs,false
mbrainz_31472,discogs_106099,musicbrainz,discogs,false
mbrainz_31472,discogs_114046,musicbrainz,discogs,false
mbrainz_31472,discogs_118529,musicbrainz,discogs,false
mbrainz_31472,discogs_146129,musicbrainz,discogs,false
mbrainz_31472,discogs_146273,musicbrainz,discogs,false
mbrainz_31472,discogs_37297,musicbrainz,discogs,false
mbrainz_31472,discogs_40890,musicbrainz,discogs,false
mbrainz_31472,discogs_74401,musicbrainz,discogs,false
mbrainz_31484,discogs_12456,musicbrainz,discogs,false
mbrainz_31484,discogs_162130,musicbrainz,discogs,false
mbrainz_31484,discogs_16580,musicbrainz,discogs,false
mbrainz_31484,discogs_18290,musicbrainz,discogs,false
mbrainz_31484,discogs_196990,musicbrainz,discogs,false
mbrainz_31484,discogs_75343,musicbrainz,discogs,false
mbrainz_31492,discogs_105361,musicbrainz,discogs,false
mbrainz_31492,discogs_114383,musicbrainz,discogs,false
mbrainz_31492,discogs_115843,musicbrainz,discogs,false
mbrainz_31492,discogs_119083,musicbrainz,discogs,false
mbrainz_31492,discogs_44726,musicbrainz,discogs,false
mbrainz_31492,discogs_61836,musicbrainz,discogs,false
mbrainz_31492,discogs_75153,musicbrainz,discogs,false
mbrainz_31492,discogs_8012,musicbrainz,discogs,false
mbrainz_31492,discogs_94890,musicbrainz,discogs,false
mbrainz_31518,discogs_104600,musicbrainz,discogs,false
mbrainz_31518,discogs_113978,musicbrainz,discogs,false
mbrainz_31518,discogs_12664,musicbrainz,discogs,false
mbrainz_31518,discogs_164204,musicbrainz,discogs,false
mbrainz_31518,discogs_167393,musicbrainz,discogs,false
mbrainz_31518,discogs_19344,musicbrainz,discogs,false
mbrainz_31518,discogs_59163,musicbrainz,discogs,false
mbrainz_31518,discogs_61854,musicbrainz,discogs,false
mbrainz_31518,discogs_69895,musicbrainz,discogs,false
mbrainz_31537,discogs_103233,musicbrainz,discogs,false
mbrainz_31537,discogs_150484,musicbrainz,discogs,false
mbrainz_31537,discogs_61768,musicbrainz,discogs,false
mbrainz_31537,discogs_84254,musicbrainz,discogs,false
mbrainz_31537,discogs_97899,musicbrainz,discogs,false
mbrainz_31563,discogs_130593,musicbrainz,discogs,false
mbrainz_31563,discogs_133256,musicbrainz,discogs,false
mbrainz_31563,discogs_14944,musicbrainz,discogs,false
mbrainz_31563,discogs_2532,musicbrainz,discogs,false
mbrainz_31576,discogs_101001,musicbrainz,discogs,false
mbrainz_31576,discogs_118940,musicbrainz,discogs,false
mbrainz_31576,discogs_132327,musicbrainz,discogs,false
mbrainz_31576,discogs_141184,musicbrainz,discogs,false
mbrainz_31576,discogs_152006,musicbrainz,discogs,false
mbrainz_31576,discogs_33517,musicbrainz,discogs,false
mbrainz_31576,discogs_72600,musicbrainz,discogs,false
mbrainz_3164,discogs_138697,musicbrainz,discogs,false
mbrainz_3164,discogs_141246,musicbrainz,discogs,false
mbrainz_3164,discogs_23004,musicbrainz,discogs,false
mbrainz_3164,discogs_32014,musicbrainz,discogs,false
mbrainz_3164,discogs_49649,musicbrainz,discogs,false
mbrainz_3164,discogs_59121,musicbrainz,discogs,false
mbrainz_3164,discogs_9198,musicbrainz,discogs,false
mbrainz_31666,discogs_112255,musicbrainz,discogs,false
mbrainz_31666,discogs_116423,musicbrainz,discogs,false
mbrainz_31666,discogs_135700,musicbrainz,discogs,false
mbrainz_31666,discogs_36802,musicbrainz,discogs,false
mbrainz_31666,discogs_38428,musicbrainz,discogs,false
mbrainz_31666,discogs_7782,musicbrainz,discogs,false
mbrainz_31688,discogs_104206,musicbrainz,discogs,false
mbrainz_31688,discogs_147348,musicbrainz,discogs,false
mbrainz_31688,discogs_164622,musicbrainz,discogs,false
mbrainz_31688,discogs_168294,musicbrainz,discogs,false
mbrainz_31688,discogs_289,musicbrainz,discogs,false
mbrainz_31688,discogs_30108,musicbrainz,discogs,false
mbrainz_31688,discogs_37485,musicbrainz,discogs,false
mbrainz_31688,discogs_52930,musicbrainz,discogs,false
mbrainz_317,discogs_175507,musicbrainz,discogs,false
mbrainz_317,discogs_19822,musicbrainz,discogs,false
mbrainz_317,discogs_26855,musicbrainz,discogs,false
mbrainz_317,discogs_2785,musicbrainz,discogs,false
mbrainz_317,discogs_51575,musicbrainz,discogs,false
mbrainz_317,discogs_75543,musicbrainz,discogs,false
mbrainz_317,discogs_97444,musicbrainz,discogs,false
mbrainz_31745,discogs_114039,musicbrainz,discogs,false
mbrainz_31745,discogs_128069,musicbrainz,discogs,false
mbrainz_31745,discogs_163974,musicbrainz,discogs,false
mbrainz_31745,discogs_68724,musicbrainz,discogs,false
mbrainz_31745,discogs_87425,musicbrainz,discogs,false
mbrainz_31745,discogs_87844,musicbrainz,discogs,false
mbrainz_31745,discogs_90029,musicbrainz,discogs,false
mbrainz_31745,discogs_90971,musicbrainz,discogs,false
mbrainz_31745,discogs_91134,musicbrainz,discogs,false
mbrainz_31745,discogs_95531,musicbrainz,discogs,false
mbrainz_31759,discogs_102596,musicbrainz,discogs,false
mbrainz_31759,discogs_124965,musicbrainz,discogs,false
mbrainz_31759,discogs_13771,musicbrainz,discogs,false
mbrainz_31759,discogs_14866,musicbrainz,discogs,false
mbrainz_31759,discogs_154114,musicbrainz,discogs,false
mbrainz_31759,discogs_35622,musicbrainz,discogs,false
mbrainz_31759,discogs_61372,musicbrainz,discogs,false
mbrainz_318,discogs_23966,musicbrainz,discogs,false
mbrainz_318,discogs_34683,musicbrainz,discogs,false
mbrainz_318,discogs_5693,musicbrainz,discogs,false
mbrainz_318,discogs_6769,musicbrainz,discogs,false
mbrainz_318,discogs_72500,musicbrainz,discogs,false
mbrainz_318,discogs_87366,musicbrainz,discogs,false
mbrainz_31842,discogs_102031,musicbrainz,discogs,false
mbrainz_31842,discogs_122678,musicbrainz,discogs,false
mbrainz_31842,discogs_179933,musicbrainz,discogs,false
mbrainz_31842,discogs_53559,musicbrainz,discogs,false
mbrainz_31842,discogs_5373,musicbrainz,discogs,false
mbrainz_31842,discogs_70391,musicbrainz,discogs,false
mbrainz_31842,discogs_98665,musicbrainz,discogs,false
mbrainz_31847,discogs_112856,musicbrainz,discogs,false
mbrainz_31847,discogs_114622,musicbrainz,discogs,false
mbrainz_31847,discogs_122746,musicbrainz,discogs,false
mbrainz_31847,discogs_123948,musicbrainz,discogs,false
mbrainz_31847,discogs_32283,musicbrainz,discogs,false
mbrainz_31847,discogs_61545,musicbrainz,discogs,false
mbrainz_31847,discogs_77879,musicbrainz,discogs,false
mbrainz_31847,discogs_80181,musicbrainz,discogs,false
mbrainz_3191,discogs_12904,musicbrainz,discogs,false
mbrainz_3191,discogs_129731,musicbrainz,discogs,false
mbrainz_3191,discogs_32863,musicbrainz,discogs,false
mbrainz_3191,discogs_37576,musicbrainz,discogs,false
mbrainz_3191,discogs_57394,musicbrainz,discogs,false
mbrainz_3191,discogs_96433,musicbrainz,discogs,false
mbrainz_3195,discogs_11969,musicbrainz,discogs,false
mbrainz_3195,discogs_13181,musicbrainz,discogs,false
mbrainz_3195,discogs_20482,musicbrainz,discogs,false
mbrainz_3195,discogs_24919,musicbrainz,discogs,false
mbrainz_3195,discogs_47158,musicbrainz,discogs,false
mbrainz_3195,discogs_93837,musicbrainz,discogs,false
mbrainz_3202,discogs_107189,musicbrainz,discogs,false
mbrainz_3202,discogs_110653,musicbrainz,discogs,false
mbrainz_3202,discogs_111176,musicbrainz,discogs,false
mbrainz_3202,discogs_121341,musicbrainz,discogs,false
mbrainz_3202,discogs_151421,musicbrainz,discogs,false
mbrainz_3202,discogs_21496,musicbrainz,discogs,false
mbrainz_32120,discogs_1267,musicbrainz,discogs,false
mbrainz_32120,discogs_13743,musicbrainz,discogs,false
mbrainz_32120,discogs_142876,musicbrainz,discogs,false
mbrainz_32120,discogs_143888,musicbrainz,discogs,false
mbrainz_32120,discogs_148997,musicbrainz,discogs,false
mbrainz_32120,discogs_51384,musicbrainz,discogs,false
mbrainz_32120,discogs_65559,musicbrainz,discogs,false
mbrainz_32120,discogs_69486,musicbrainz,discogs,false
mbrainz_32120,discogs_97390,musicbrainz,discogs,false
mbrainz_32189,discogs_106204,musicbrainz,discogs,false
mbrainz_32189,discogs_162209,musicbrainz,discogs,false
mbrainz_32189,discogs_166352,musicbrainz,discogs,false
mbrainz_32189,discogs_180371,musicbrainz,discogs,false
mbrainz_32189,discogs_196646,musicbrainz,discogs,false
mbrainz_32189,discogs_32252,musicbrainz,discogs,false
mbrainz_32189,discogs_51544,musicbrainz,discogs,false
mbrainz_32189,discogs_60014,musicbrainz,discogs,false
mbrainz_3221,discogs_106983,musicbrainz,discogs,false
mbrainz_3221,discogs_107105,musicbrainz,discogs,false
mbrainz_3221,discogs_120395,musicbrainz,discogs,false
mbrainz_3221,discogs_134826,musicbrainz,discogs,false
mbrainz_3221,discogs_145396,musicbrainz,discogs,false
mbrainz_3221,discogs_54699,musicbrainz,discogs,false
mbrainz_3221,discogs_75152,musicbrainz,discogs,false
mbrainz_32241,discogs_111862,musicbrainz,discogs,false
mbrainz_32241,discogs_127732,musicbrainz,discogs,false
mbrainz_32241,discogs_129925,musicbrainz,discogs,false
mbrainz_32241,discogs_13667,musicbrainz,discogs,false
mbrainz_32241,discogs_176967,musicbrainz,discogs,false
mbrainz_32241,discogs_186553,musicbrainz,discogs,false
mbrainz_32241,discogs_4899,musicbrainz,discogs,false
mbrainz_3241,discogs_118831,musicbrainz,discogs,false
mbrainz_3241,discogs_128750,musicbrainz,discogs,false
mbrainz_3241,discogs_142496,musicbrainz,discogs,false
mbrainz_3241,discogs_146630,musicbrainz,discogs,false
mbrainz_3241,discogs_151665,musicbrainz,discogs,false
mbrainz_3241,discogs_173239,musicbrainz,discogs,false
mbrainz_3241,discogs_194352,musicbrainz,discogs,false
mbrainz_3242,discogs_105205,musicbrainz,discogs,false
mbrainz_3242,discogs_172482,musicbrainz,discogs,false
mbrainz_3242,discogs_184331,musicbrainz,discogs,false
mbrainz_3242,discogs_189684,musicbrainz,discogs,false
mbrainz_3242,discogs_42877,musicbrainz,discogs,false
mbrainz_32425,discogs_103393,musicbrainz,discogs,false
mbrainz_32425,discogs_13442,musicbrainz,discogs,false
mbrainz_32425,discogs_173686,musicbrainz,discogs,false
mbrainz_32425,discogs_189743,musicbrainz,discogs,false
mbrainz_32425,discogs_84560,musicbrainz,discogs,false
mbrainz_32672,discogs_12030,musicbrainz,discogs,false
mbrainz_32672,discogs_1536,musicbrainz,discogs,false
mbrainz_32672,discogs_158845,musicbrainz,discogs,false
mbrainz_32672,discogs_187856,musicbrainz,discogs,false
mbrainz_32672,discogs_39210,musicbrainz,discogs,false
mbrainz_32672,discogs_5681,musicbrainz,discogs,false
mbrainz_32672,discogs_78851,musicbrainz,discogs,false
mbrainz_32672,discogs_9713,musicbrainz,discogs,false
mbrainz_32686,discogs_10480,musicbrainz,discogs,false
mbrainz_32686,discogs_122093,musicbrainz,discogs,false
mbrainz_32686,discogs_173749,musicbrainz,discogs,false
mbrainz_32686,discogs_183596,musicbrainz,discogs,false
mbrainz_32686,discogs_184414,musicbrainz,discogs,false
mbrainz_32686,discogs_188262,musicbrainz,discogs,false
mbrainz_32686,discogs_52679,musicbrainz,discogs,false
mbrainz_3269,discogs_117362,musicbrainz,discogs,false
mbrainz_3269,discogs_121651,musicbrainz,discogs,false
mbrainz_3269,discogs_130728,musicbrainz,discogs,false
mbrainz_3269,discogs_145491,musicbrainz,discogs,false
mbrainz_3269,discogs_156945,musicbrainz,discogs,false
mbrainz_3269,discogs_15730,musicbrainz,discogs,false
mbrainz_3269,discogs_196358,musicbrainz,discogs,false
mbrainz_3269,discogs_21076,musicbrainz,discogs,false
mbrainz_32734,discogs_108821,musicbrainz,discogs,false
mbrainz_32734,discogs_113978,musicbrainz,discogs,false
mbrainz_32734,discogs_12664,musicbrainz,discogs,false
mbrainz_32734,discogs_164204,musicbrainz,discogs,false
mbrainz_32734,discogs_167393,musicbrainz,discogs,false
mbrainz_32734,discogs_19344,musicbrainz,discogs,false
mbrainz_32734,discogs_61854,musicbrainz,discogs,false
mbrainz_32734,discogs_65286,musicbrainz,discogs,false
mbrainz_32734,discogs_69895,musicbrainz,discogs,false
mbrainz_32765,discogs_100384,musicbrainz,discogs,false
mbrainz_32765,discogs_114846,musicbrainz,discogs,false
mbrainz_32765,discogs_133074,musicbrainz,discogs,false
mbrainz_32765,discogs_137138,musicbrainz,discogs,false
mbrainz_32765,discogs_42434,musicbrainz,discogs,false
mbrainz_32765,discogs_64754,musicbrainz,discogs,false
mbrainz_32765,discogs_81519,musicbrainz,discogs,false
mbrainz_32765,discogs_98084,musicbrainz,discogs,false
mbrainz_3278,discogs_129059,musicbrainz,discogs,false
mbrainz_3278,discogs_151532,musicbrainz,discogs,false
mbrainz_3278,discogs_151675,musicbrainz,discogs,false
mbrainz_3278,discogs_157636,musicbrainz,discogs,false
mbrainz_3278,discogs_177544,musicbrainz,discogs,false
mbrainz_3278,discogs_65841,musicbrainz,discogs,false
mbrainz_3278,discogs_68413,musicbrainz,discogs,false
mbrainz_3278,discogs_88201,musicbrainz,discogs,false
mbrainz_32790,discogs_14188,musicbrainz,discogs,false
mbrainz_32790,discogs_151532,musicbrainz,discogs,false
mbrainz_32790,discogs_157636,musicbrainz,discogs,false
mbrainz_32790,discogs_33363,musicbrainz,discogs,false
mbrainz_32830,discogs_121731,musicbrainz,discogs,false
mbrainz_32830,discogs_158127,musicbrainz,discogs,false
mbrainz_32830,discogs_174653,musicbrainz,discogs,false
mbrainz_32830,discogs_182144,musicbrainz,discogs,false
mbrainz_32830,discogs_254,musicbrainz,discogs,false
mbrainz_32830,discogs_79343,musicbrainz,discogs,false
mbrainz_32830,discogs_92802,musicbrainz,discogs,false
mbrainz_32830,discogs_92806,musicbrainz,discogs,false
mbrainz_32830,discogs_9411,musicbrainz,discogs,false
mbrainz_3286,discogs_103537,musicbrainz,discogs,false
mbrainz_3286,discogs_115866,musicbrainz,discogs,false
mbrainz_3286,discogs_12636,musicbrainz,discogs,false
mbrainz_3286,discogs_132088,musicbrainz,discogs,false
mbrainz_3286,discogs_56716,musicbrainz,discogs,false
mbrainz_3286,discogs_69233,musicbrainz,discogs,false
mbrainz_3286,discogs_94160,musicbrainz,discogs,false
mbrainz_329,discogs_14224,musicbrainz,discogs,false
mbrainz_329,discogs_165180,musicbrainz,discogs,false
mbrainz_329,discogs_169,musicbrainz,discogs,false
mbrainz_329,discogs_191440,musicbrainz,discogs,false
mbrainz_329,discogs_25467,musicbrainz,discogs,false
mbrainz_329,discogs_36077,musicbrainz,discogs,false
mbrainz_329,discogs_36857,musicbrainz,discogs,false
mbrainz_32901,discogs_124316,musicbrainz,discogs,false
mbrainz_32901,discogs_139769,musicbrainz,discogs,false
mbrainz_32901,discogs_192458,musicbrainz,discogs,false
mbrainz_32901,discogs_43244,musicbrainz,discogs,false
mbrainz_32901,discogs_55529,musicbrainz,discogs,false
mbrainz_32905,discogs_3801,musicbrainz,discogs,false
mbrainz_3291,discogs_107548,musicbrainz,discogs,false
mbrainz_3291,discogs_125115,musicbrainz,discogs,false
mbrainz_3291,discogs_134699,musicbrainz,discogs,false
mbrainz_3291,discogs_14378,musicbrainz,discogs,false
mbrainz_3291,discogs_15262,musicbrainz,discogs,false
mbrainz_3291,discogs_19296,musicbrainz,discogs,false
mbrainz_3291,discogs_27661,musicbrainz,discogs,false
mbrainz_3291,discogs_49898,musicbrainz,discogs,false
mbrainz_32944,discogs_192740,musicbrainz,discogs,false
mbrainz_3296,discogs_127521,musicbrainz,discogs,false
mbrainz_3296,discogs_128684,musicbrainz,discogs,false
mbrainz_3296,discogs_160311,musicbrainz,discogs,false
mbrainz_3296,discogs_192674,musicbrainz,discogs,false
mbrainz_3296,discogs_193712,musicbrainz,discogs,false
mbrainz_33,discogs_123319,musicbrainz,discogs,false
mbrainz_33,discogs_128111,musicbrainz,discogs,false
mbrainz_33,discogs_65898,musicbrainz,discogs,false
mbrainz_33,discogs_85421,musicbrainz,discogs,false
mbrainz_3301,discogs_150339,musicbrainz,discogs,false
mbrainz_33059,discogs_146653,musicbrainz,discogs,false
mbrainz_33059,discogs_155134,musicbrainz,discogs,false
mbrainz_33059,discogs_181199,musicbrainz,discogs,false
mbrainz_33059,discogs_52247,musicbrainz,discogs,false
mbrainz_33059,discogs_63526,musicbrainz,discogs,false
mbrainz_33059,discogs_66504,musicbrainz,discogs,false
mbrainz_33059,discogs_89938,musicbrainz,discogs,false
mbrainz_3309,discogs_119870,musicbrainz,discogs,false
mbrainz_3309,discogs_14290,musicbrainz,discogs,false
mbrainz_3309,discogs_16809,musicbrainz,discogs,false
mbrainz_3309,discogs_20159,musicbrainz,discogs,false
mbrainz_3309,discogs_24450,musicbrainz,discogs,false
mbrainz_3309,discogs_41250,musicbrainz,discogs,false
mbrainz_3309,discogs_55486,musicbrainz,discogs,false
mbrainz_3309,discogs_92870,musicbrainz,discogs,false
mbrainz_3309,discogs_95255,musicbrainz,discogs,false
mbrainz_3318,discogs_11610,musicbrainz,discogs,false
mbrainz_3318,discogs_122152,musicbrainz,discogs,false
mbrainz_3318,discogs_55025,musicbrainz,discogs,false
mbrainz_3318,discogs_56855,musicbrainz,discogs,false
mbrainz_3318,discogs_57217,musicbrainz,discogs,false
mbrainz_3318,discogs_6502,musicbrainz,discogs,false
mbrainz_3318,discogs_7332,musicbrainz,discogs,false
mbrainz_33181,discogs_12932,musicbrainz,discogs,false
mbrainz_33181,discogs_14188,musicbrainz,discogs,false
mbrainz_33181,discogs_173180,musicbrainz,discogs,false
mbrainz_33181,discogs_33363,musicbrainz,discogs,false
mbrainz_33181,discogs_48318,musicbrainz,discogs,false
mbrainz_33181,discogs_59940,musicbrainz,discogs,false
mbrainz_33181,discogs_65841,musicbrainz,discogs,false
mbrainz_33181,discogs_769,musicbrainz,discogs,false
mbrainz_33241,discogs_107625,musicbrainz,discogs,false
mbrainz_33241,discogs_109932,musicbrainz,discogs,false
mbrainz_33241,discogs_140988,musicbrainz,discogs,false
mbrainz_33241,discogs_140990,musicbrainz,discogs,false
mbrainz_33241,discogs_162560,musicbrainz,discogs,false
mbrainz_33241,discogs_22237,musicbrainz,discogs,false
mbrainz_33241,discogs_7110,musicbrainz,discogs,false
mbrainz_33271,discogs_101315,musicbrainz,discogs,false
mbrainz_33271,discogs_103187,musicbrainz,discogs,false
mbrainz_33271,discogs_106117,musicbrainz,discogs,false
mbrainz_33271,discogs_106737,musicbrainz,discogs,false
mbrainz_33271,discogs_125487,musicbrainz,discogs,false
mbrainz_33271,discogs_127842,musicbrainz,discogs,false
mbrainz_33271,discogs_132999,musicbrainz,discogs,false
mbrainz_33271,discogs_142247,musicbrainz,discogs,false
mbrainz_33271,discogs_82271,musicbrainz,discogs,false
mbrainz_33344,discogs_12112,musicbrainz,discogs,false
mbrainz_33344,discogs_144012,musicbrainz,discogs,false
mbrainz_33344,discogs_168585,musicbrainz,discogs,false
mbrainz_33344,discogs_195103,musicbrainz,discogs,false
mbrainz_33344,discogs_41142,musicbrainz,discogs,false
mbrainz_33344,discogs_46375,musicbrainz,discogs,false
mbrainz_33344,discogs_60115,musicbrainz,discogs,false
mbrainz_33344,discogs_84365,musicbrainz,discogs,false
mbrainz_33405,discogs_78139,musicbrainz,discogs,false
mbrainz_33405,discogs_80538,musicbrainz,discogs,false
mbrainz_33407,discogs_112968,musicbrainz,discogs,false
mbrainz_33407,discogs_17716,musicbrainz,discogs,false
mbrainz_3341,discogs_10088,musicbrainz,discogs,false
mbrainz_3341,discogs_191496,musicbrainz,discogs,false
mbrainz_3341,discogs_2995,musicbrainz,discogs,false
mbrainz_3341,discogs_51157,musicbrainz,discogs,false
mbrainz_3341,discogs_63618,musicbrainz,discogs,false
mbrainz_3341,discogs_70589,musicbrainz,discogs,false
mbrainz_3341,discogs_7600,musicbrainz,discogs,false
mbrainz_3341,discogs_90029,musicbrainz,discogs,false
mbrainz_3343,discogs_14587,musicbrainz,discogs,false
mbrainz_3343,discogs_15043,musicbrainz,discogs,false
mbrainz_3343,discogs_16748,musicbrainz,discogs,false
mbrainz_3343,discogs_183900,musicbrainz,discogs,false
mbrainz_3343,discogs_193721,musicbrainz,discogs,false
mbrainz_3343,discogs_194854,musicbrainz,discogs,false
mbrainz_3343,discogs_22613,musicbrainz,discogs,false
mbrainz_3343,discogs_82946,musicbrainz,discogs,false
mbrainz_3343,discogs_90940,musicbrainz,discogs,false
mbrainz_33433,discogs_148535,musicbrainz,discogs,false
mbrainz_33433,discogs_150177,musicbrainz,discogs,false
mbrainz_33433,discogs_157896,musicbrainz,discogs,false
mbrainz_33433,discogs_173749,musicbrainz,discogs,false
mbrainz_33433,discogs_177956,musicbrainz,discogs,false
mbrainz_33433,discogs_195613,musicbrainz,discogs,false
mbrainz_33433,discogs_54389,musicbrainz,discogs,false
mbrainz_33433,discogs_74417,musicbrainz,discogs,false
mbrainz_3344,discogs_120563,musicbrainz,discogs,false
mbrainz_3344,discogs_122621,musicbrainz,discogs,false
mbrainz_3344,discogs_134045,musicbrainz,discogs,false
mbrainz_3344,discogs_161828,musicbrainz,discogs,false
mbrainz_3344,discogs_69983,musicbrainz,discogs,false
mbrainz_33453,discogs_104844,musicbrainz,discogs,false
mbrainz_33453,discogs_133761,musicbrainz,discogs,false
mbrainz_33453,discogs_144992,musicbrainz,discogs,false
mbrainz_33453,discogs_162201,musicbrainz,discogs,false
mbrainz_33453,discogs_44692,musicbrainz,discogs,false
mbrainz_33453,discogs_48428,musicbrainz,discogs,false
mbrainz_33453,discogs_67733,musicbrainz,discogs,false
mbrainz_33453,discogs_96565,musicbrainz,discogs,false
mbrainz_33542,discogs_100276,musicbrainz,discogs,false
mbrainz_33542,discogs_113733,musicbrainz,discogs,false
mbrainz_33542,discogs_131906,musicbrainz,discogs,false
mbrainz_33542,discogs_154399,musicbrainz,discogs,false
mbrainz_33542,discogs_178144,musicbrainz,discogs,false
mbrainz_33542,discogs_180320,musicbrainz,discogs,false
mbrainz_33542,discogs_187422,musicbrainz,discogs,false
mbrainz_33542,discogs_42838,musicbrainz,discogs,false
mbrainz_33617,discogs_112217,musicbrainz,discogs,false
mbrainz_33617,discogs_143891,musicbrainz,discogs,false
mbrainz_33617,discogs_146508,musicbrainz,discogs,false
mbrainz_33617,discogs_149728,musicbrainz,discogs,false
mbrainz_33617,discogs_186123,musicbrainz,discogs,false
mbrainz_33617,discogs_24744,musicbrainz,discogs,false
mbrainz_33617,discogs_35569,musicbrainz,discogs,false
mbrainz_33617,discogs_59685,musicbrainz,discogs,false
mbrainz_33650,discogs_107522,musicbrainz,discogs,false
mbrainz_33650,discogs_24694,musicbrainz,discogs,false
mbrainz_33650,discogs_60795,musicbrainz,discogs,false
mbrainz_33650,discogs_72191,musicbrainz,discogs,false
mbrainz_33650,discogs_87143,musicbrainz,discogs,false
mbrainz_33679,discogs_104631,musicbrainz,discogs,false
mbrainz_33679,discogs_106296,musicbrainz,discogs,false
mbrainz_33679,discogs_37993,musicbrainz,discogs,false
mbrainz_33679,discogs_38956,musicbrainz,discogs,false
mbrainz_33679,discogs_49192,musicbrainz,discogs,false
mbrainz_33679,discogs_52336,musicbrainz,discogs,false
mbrainz_33679,discogs_79142,musicbrainz,discogs,false
mbrainz_33679,discogs_88663,musicbrainz,discogs,false
mbrainz_33822,discogs_105458,musicbrainz,discogs,false
mbrainz_33822,discogs_106955,musicbrainz,discogs,false
mbrainz_33822,discogs_110161,musicbrainz,discogs,false
mbrainz_33822,discogs_111871,musicbrainz,discogs,false
mbrainz_33822,discogs_142458,musicbrainz,discogs,false
mbrainz_33822,discogs_168007,musicbrainz,discogs,false
mbrainz_33822,discogs_188341,musicbrainz,discogs,false
mbrainz_33831,discogs_113271,musicbrainz,discogs,false
mbrainz_33831,discogs_121530,musicbrainz,discogs,false
mbrainz_33831,discogs_121655,musicbrainz,discogs,false
mbrainz_33831,discogs_124498,musicbrainz,discogs,false
mbrainz_33831,discogs_141615,musicbrainz,discogs,false
mbrainz_33831,discogs_42869,musicbrainz,discogs,false
mbrainz_33831,discogs_73889,musicbrainz,discogs,false
mbrainz_33831,discogs_94435,musicbrainz,discogs,false
mbrainz_3386,discogs_186620,musicbrainz,discogs,false
mbrainz_3397,discogs_5743,musicbrainz,discogs,false
mbrainz_3402,discogs_103663,musicbrainz,discogs,false
mbrainz_3402,discogs_28003,musicbrainz,discogs,false
mbrainz_3402,discogs_2803,musicbrainz,discogs,false
mbrainz_3402,discogs_35605,musicbrainz,discogs,false
mbrainz_3402,discogs_77079,musicbrainz,discogs,false
mbrainz_3415,discogs_166259,musicbrainz,discogs,false
mbrainz_3415,discogs_56951,musicbrainz,discogs,false
mbrainz_3416,discogs_113640,musicbrainz,discogs,false
mbrainz_3416,discogs_128364,musicbrainz,discogs,false
mbrainz_3416,discogs_130150,musicbrainz,discogs,false
mbrainz_3416,discogs_13896,musicbrainz,discogs,false
mbrainz_3416,discogs_139686,musicbrainz,discogs,false
mbrainz_3416,discogs_14347,musicbrainz,discogs,false
mbrainz_3416,discogs_146549,musicbrainz,discogs,false
mbrainz_3416,discogs_34584,musicbrainz,discogs,false
mbrainz_3423,discogs_123902,musicbrainz,discogs,false
mbrainz_3423,discogs_124817,musicbrainz,discogs,false
mbrainz_3423,discogs_131049,musicbrainz,discogs,false
mbrainz_3423,discogs_133057,musicbrainz,discogs,false
mbrainz_3423,discogs_158226,musicbrainz,discogs,false
mbrainz_3423,discogs_2691,musicbrainz,discogs,false
mbrainz_3423,discogs_29377,musicbrainz,discogs,false
mbrainz_3423,discogs_35745,musicbrainz,discogs,false
mbrainz_3423,discogs_52725,musicbrainz,discogs,false
mbrainz_3427,discogs_114190,musicbrainz,discogs,false
mbrainz_3427,discogs_123627,musicbrainz,discogs,false
mbrainz_3427,discogs_129280,musicbrainz,discogs,false
mbrainz_3427,discogs_181063,musicbrainz,discogs,false
mbrainz_3427,discogs_36650,musicbrainz,discogs,false
mbrainz_3427,discogs_77333,musicbrainz,discogs,false
mbrainz_3427,discogs_91863,musicbrainz,discogs,false
mbrainz_3435,discogs_197980,musicbrainz,discogs,false
mbrainz_3435,discogs_39632,musicbrainz,discogs,false
mbrainz_3435,discogs_64235,musicbrainz,discogs,false
mbrainz_3435,discogs_65898,musicbrainz,discogs,false
mbrainz_3435,discogs_66468,musicbrainz,discogs,false
mbrainz_3435,discogs_85723,musicbrainz,discogs,false
mbrainz_3435,discogs_89622,musicbrainz,discogs,false
mbrainz_344,discogs_10409,musicbrainz,discogs,false
mbrainz_344,discogs_135135,musicbrainz,discogs,false
mbrainz_344,discogs_57111,musicbrainz,discogs,false
mbrainz_3451,discogs_12285,musicbrainz,discogs,false
mbrainz_3451,discogs_19194,musicbrainz,discogs,false
mbrainz_3451,discogs_21794,musicbrainz,discogs,false
mbrainz_3451,discogs_28813,musicbrainz,discogs,false
mbrainz_3451,discogs_75826,musicbrainz,discogs,false
mbrainz_3451,discogs_79886,musicbrainz,discogs,false
mbrainz_3451,discogs_85823,musicbrainz,discogs,false
mbrainz_3452,discogs_106930,musicbrainz,discogs,false
mbrainz_3452,discogs_131557,musicbrainz,discogs,false
mbrainz_3452,discogs_15337,musicbrainz,discogs,false
mbrainz_3452,discogs_154680,musicbrainz,discogs,false
mbrainz_3452,discogs_15819,musicbrainz,discogs,false
mbrainz_3452,discogs_16143,musicbrainz,discogs,false
mbrainz_3452,discogs_171054,musicbrainz,discogs,false
mbrainz_3452,discogs_34407,musicbrainz,discogs,false
mbrainz_3452,discogs_93246,musicbrainz,discogs,false
mbrainz_3453,discogs_100497,musicbrainz,discogs,false
mbrainz_3453,discogs_12130,musicbrainz,discogs,false
mbrainz_3453,discogs_137994,musicbrainz,discogs,false
mbrainz_3453,discogs_161210,musicbrainz,discogs,false
mbrainz_3453,discogs_23989,musicbrainz,discogs,false
mbrainz_3453,discogs_25529,musicbrainz,discogs,false
mbrainz_3454,discogs_115453,musicbrainz,discogs,false
mbrainz_3454,discogs_179259,musicbrainz,discogs,false
mbrainz_3454,discogs_38649,musicbrainz,discogs,false
mbrainz_3454,discogs_39510,musicbrainz,discogs,false
mbrainz_3454,discogs_9942,musicbrainz,discogs,false
mbrainz_3456,discogs_30780,musicbrainz,discogs,false
mbrainz_3466,discogs_163081,musicbrainz,discogs,false
mbrainz_3466,discogs_28099,musicbrainz,discogs,false
mbrainz_3466,discogs_50263,musicbrainz,discogs,false
mbrainz_3466,discogs_61518,musicbrainz,discogs,false
mbrainz_3466,discogs_69137,musicbrainz,discogs,false
mbrainz_347,discogs_123064,musicbrainz,discogs,false
mbrainz_347,discogs_125140,musicbrainz,discogs,false
mbrainz_347,discogs_158583,musicbrainz,discogs,false
mbrainz_347,discogs_27510,musicbrainz,discogs,false
mbrainz_347,discogs_33186,musicbrainz,discogs,false
mbrainz_347,discogs_3732,musicbrainz,discogs,false
mbrainz_347,discogs_375,musicbrainz,discogs,false
mbrainz_3474,discogs_119588,musicbrainz,discogs,false
mbrainz_3474,discogs_139812,musicbrainz,discogs,false
mbrainz_3474,discogs_159719,musicbrainz,discogs,false
mbrainz_3474,discogs_24523,musicbrainz,discogs,false
mbrainz_3474,discogs_45050,musicbrainz,discogs,false
mbrainz_3474,discogs_49811,musicbrainz,discogs,false
mbrainz_3474,discogs_77178,musicbrainz,discogs,false
mbrainz_3474,discogs_91138,musicbrainz,discogs,false
mbrainz_348,discogs_120813,musicbrainz,discogs,false
mbrainz_348,discogs_143278,musicbrainz,discogs,false
mbrainz_348,discogs_151911,musicbrainz,discogs,false
mbrainz_348,discogs_158767,musicbrainz,discogs,false
mbrainz_348,discogs_160757,musicbrainz,discogs,false
mbrainz_348,discogs_195105,musicbrainz,discogs,false
mbrainz_348,discogs_5004,musicbrainz,discogs,false
mbrainz_348,discogs_84412,musicbrainz,discogs,false
mbrainz_3514,discogs_172501,musicbrainz,discogs,false
mbrainz_3514,discogs_27926,musicbrainz,discogs,false
mbrainz_3514,discogs_42601,musicbrainz,discogs,false
mbrainz_3514,discogs_48065,musicbrainz,discogs,false
mbrainz_3514,discogs_50753,musicbrainz,discogs,false
mbrainz_3514,discogs_56966,musicbrainz,discogs,false
mbrainz_3514,discogs_6787,musicbrainz,discogs,false
mbrainz_3514,discogs_78334,musicbrainz,discogs,false
mbrainz_3517,discogs_101501,musicbrainz,discogs,false
mbrainz_3517,discogs_10804,musicbrainz,discogs,false
mbrainz_3517,discogs_127915,musicbrainz,discogs,false
mbrainz_3517,discogs_137185,musicbrainz,discogs,false
mbrainz_3517,discogs_138555,musicbrainz,discogs,false
mbrainz_3517,discogs_151078,musicbrainz,discogs,false
mbrainz_3517,discogs_165987,musicbrainz,discogs,false
mbrainz_3524,discogs_112649,musicbrainz,discogs,false
mbrainz_3524,discogs_1170,musicbrainz,discogs,false
mbrainz_3524,discogs_196925,musicbrainz,discogs,false
mbrainz_3524,discogs_28511,musicbrainz,discogs,false
mbrainz_3524,discogs_36381,musicbrainz,discogs,false
mbrainz_3524,discogs_42083,musicbrainz,discogs,false
mbrainz_3524,discogs_50068,musicbrainz,discogs,false
mbrainz_3524,discogs_76960,musicbrainz,discogs,false
mbrainz_3525,discogs_109353,musicbrainz,discogs,false
mbrainz_3525,discogs_113329,musicbrainz,discogs,false
mbrainz_3525,discogs_132247,musicbrainz,discogs,false
mbrainz_3525,discogs_156814,musicbrainz,discogs,false
mbrainz_3525,discogs_27204,musicbrainz,discogs,false
mbrainz_3535,discogs_10629,musicbrainz,discogs,false
mbrainz_3535,discogs_111272,musicbrainz,discogs,false
mbrainz_3535,discogs_131505,musicbrainz,discogs,false
mbrainz_3535,discogs_191460,musicbrainz,discogs,false
mbrainz_3535,discogs_197294,musicbrainz,discogs,false
mbrainz_3535,discogs_52826,musicbrainz,discogs,false
mbrainz_3544,discogs_110834,musicbrainz,discogs,false
mbrainz_3544,discogs_114973,musicbrainz,discogs,false
mbrainz_3544,discogs_160393,musicbrainz,discogs,false
mbrainz_3544,discogs_25021,musicbrainz,discogs,false
mbrainz_3544,discogs_39006,musicbrainz,discogs,false
mbrainz_3544,discogs_6416,musicbrainz,discogs,false
mbrainz_3546,discogs_107548,musicbrainz,discogs,false
mbrainz_3546,discogs_125115,musicbrainz,discogs,false
mbrainz_3546,discogs_19296,musicbrainz,discogs,false
mbrainz_3546,discogs_27661,musicbrainz,discogs,false
mbrainz_3546,discogs_49898,musicbrainz,discogs,false
mbrainz_3548,discogs_121080,musicbrainz,discogs,false
mbrainz_3548,discogs_131927,musicbrainz,discogs,false
mbrainz_3548,discogs_2353,musicbrainz,discogs,false
mbrainz_3548,discogs_45068,musicbrainz,discogs,false
mbrainz_3548,discogs_47308,musicbrainz,discogs,false
mbrainz_3548,discogs_58669,musicbrainz,discogs,false
mbrainz_3548,discogs_67243,musicbrainz,discogs,false
mbrainz_3549,discogs_189014,musicbrainz,discogs,false
mbrainz_3549,discogs_92688,musicbrainz,discogs,false
mbrainz_355,discogs_173240,musicbrainz,discogs,false
mbrainz_355,discogs_64828,musicbrainz,discogs,false
mbrainz_355,discogs_67032,musicbrainz,discogs,false
mbrainz_355,discogs_78218,musicbrainz,discogs,false
mbrainz_3550,discogs_104870,musicbrainz,discogs,false
mbrainz_3550,discogs_54382,musicbrainz,discogs,false
mbrainz_356,discogs_124350,musicbrainz,discogs,false
mbrainz_356,discogs_157228,musicbrainz,discogs,false
mbrainz_356,discogs_19885,musicbrainz,discogs,false
mbrainz_356,discogs_2402,musicbrainz,discogs,false
mbrainz_356,discogs_53322,musicbrainz,discogs,false
mbrainz_356,discogs_63714,musicbrainz,discogs,false
mbrainz_3565,discogs_106930,musicbrainz,discogs,false
mbrainz_3565,discogs_154680,musicbrainz,discogs,false
mbrainz_3565,discogs_16143,musicbrainz,discogs,false
mbrainz_3565,discogs_171054,musicbrainz,discogs,false
mbrainz_3565,discogs_216,musicbrainz,discogs,false
mbrainz_3565,discogs_34407,musicbrainz,discogs,false
mbrainz_3565,discogs_93246,musicbrainz,discogs,false
mbrainz_3575,discogs_118995,musicbrainz,discogs,false
mbrainz_3575,discogs_168588,musicbrainz,discogs,false
mbrainz_3575,discogs_178710,musicbrainz,discogs,false
mbrainz_3575,discogs_4605,musicbrainz,discogs,false
mbrainz_3575,discogs_707,musicbrainz,discogs,false
mbrainz_3575,discogs_76436,musicbrainz,discogs,false
mbrainz_3579,discogs_100639,musicbrainz,discogs,false
mbrainz_3579,discogs_112397,musicbrainz,discogs,false
mbrainz_3579,discogs_18167,musicbrainz,discogs,false
mbrainz_3579,discogs_1947,musicbrainz,discogs,false
mbrainz_3579,discogs_46,musicbrainz,discogs,false
mbrainz_3579,discogs_5391,musicbrainz,discogs,false
mbrainz_3594,discogs_110831,musicbrainz,discogs,false
mbrainz_3600,discogs_147031,musicbrainz,discogs,false
mbrainz_3600,discogs_168046,musicbrainz,discogs,false
mbrainz_3600,discogs_23890,musicbrainz,discogs,false
mbrainz_3600,discogs_48512,musicbrainz,discogs,false
mbrainz_3600,discogs_63049,musicbrainz,discogs,false
mbrainz_3600,discogs_67524,musicbrainz,discogs,false
mbrainz_3610,discogs_143304,musicbrainz,discogs,false
mbrainz_3610,discogs_23935,musicbrainz,discogs,false
mbrainz_3610,discogs_44193,musicbrainz,discogs,false
mbrainz_3610,discogs_44467,musicbrainz,discogs,false
mbrainz_3610,discogs_77345,musicbrainz,discogs,false
mbrainz_3613,discogs_10065,musicbrainz,discogs,false
mbrainz_3613,discogs_167167,musicbrainz,discogs,false
mbrainz_3613,discogs_174884,musicbrainz,discogs,false
mbrainz_3613,discogs_30538,musicbrainz,discogs,false
mbrainz_3613,discogs_43829,musicbrainz,discogs,false
mbrainz_3618,discogs_102165,musicbrainz,discogs,false
mbrainz_3618,discogs_11441,musicbrainz,discogs,false
mbrainz_3618,discogs_164522,musicbrainz,discogs,false
mbrainz_3618,discogs_182884,musicbrainz,discogs,false
mbrainz_3618,discogs_61478,musicbrainz,discogs,false
mbrainz_3618,discogs_73847,musicbrainz,discogs,false
mbrainz_3618,discogs_81692,musicbrainz,discogs,false
mbrainz_3618,discogs_96815,musicbrainz,discogs,false
mbrainz_3625,discogs_105168,musicbrainz,discogs,false
mbrainz_3625,discogs_122093,musicbrainz,discogs,false
mbrainz_3625,discogs_150151,musicbrainz,discogs,false
mbrainz_3625,discogs_158053,musicbrainz,discogs,false
mbrainz_3625,discogs_163305,musicbrainz,discogs,false
mbrainz_3625,discogs_173749,musicbrainz,discogs,false
mbrainz_3625,discogs_179855,musicbrainz,discogs,false
mbrainz_3625,discogs_55629,musicbrainz,discogs,false
mbrainz_3644,discogs_10065,musicbrainz,discogs,false
mbrainz_3644,discogs_121006,musicbrainz,discogs,false
mbrainz_3644,discogs_143866,musicbrainz,discogs,false
mbrainz_3644,discogs_15505,musicbrainz,discogs,false
mbrainz_3644,discogs_18384,musicbrainz,discogs,false
mbrainz_3644,discogs_30538,musicbrainz,discogs,false
mbrainz_3644,discogs_43829,musicbrainz,discogs,false
mbrainz_3645,discogs_13638,musicbrainz,discogs,false
mbrainz_3645,discogs_23893,musicbrainz,discogs,false
mbrainz_3650,discogs_26939,musicbrainz,discogs,false
mbrainz_3650,discogs_3223,musicbrainz,discogs,false
mbrainz_3650,discogs_36492,musicbrainz,discogs,false
mbrainz_3650,discogs_54232,musicbrainz,discogs,false
mbrainz_3650,discogs_58461,musicbrainz,discogs,false
mbrainz_3652,discogs_111317,musicbrainz,discogs,false
mbrainz_3652,discogs_111318,musicbrainz,discogs,false
mbrainz_3652,discogs_188846,musicbrainz,discogs,false
mbrainz_3652,discogs_34651,musicbrainz,discogs,false
mbrainz_3652,discogs_53641,musicbrainz,discogs,false
mbrainz_3663,discogs_103216,musicbrainz,discogs,false
mbrainz_3663,discogs_134778,musicbrainz,discogs,false
mbrainz_3663,discogs_14351,musicbrainz,discogs,false
mbrainz_3663,discogs_192165,musicbrainz,discogs,false
mbrainz_3663,discogs_29991,musicbrainz,discogs,false
mbrainz_3663,discogs_30446,musicbrainz,discogs,false
mbrainz_3663,discogs_61505,musicbrainz,discogs,false
mbrainz_3677,discogs_122743,musicbrainz,discogs,false
mbrainz_3677,discogs_141338,musicbrainz,discogs,false
mbrainz_3677,discogs_168188,musicbrainz,discogs,false
mbrainz_3677,discogs_21930,musicbrainz,discogs,false
mbrainz_3677,discogs_31313,musicbrainz,discogs,false
mbrainz_3677,discogs_31564,musicbrainz,discogs,false
mbrainz_3677,discogs_39885,musicbrainz,discogs,false
mbrainz_3677,discogs_61259,musicbrainz,discogs,false
mbrainz_3688,discogs_107105,musicbrainz,discogs,false
mbrainz_3688,discogs_12243,musicbrainz,discogs,false
mbrainz_3688,discogs_160393,musicbrainz,discogs,false
mbrainz_3688,discogs_18738,musicbrainz,discogs,false
mbrainz_3688,discogs_197096,musicbrainz,discogs,false
mbrainz_3688,discogs_39006,musicbrainz,discogs,false
mbrainz_3688,discogs_54384,musicbrainz,discogs,false
mbrainz_3688,discogs_66701,musicbrainz,discogs,false
mbrainz_3688,discogs_96770,musicbrainz,discogs,false
mbrainz_3694,discogs_101317,musicbrainz,discogs,false
mbrainz_3694,discogs_102596,musicbrainz,discogs,false
mbrainz_3694,discogs_11182,musicbrainz,discogs,false
mbrainz_3694,discogs_118825,musicbrainz,discogs,false
mbrainz_3694,discogs_163242,musicbrainz,discogs,false
mbrainz_3694,discogs_168779,musicbrainz,discogs,false
mbrainz_3694,discogs_172626,musicbrainz,discogs,false
mbrainz_3694,discogs_183431,musicbrainz,discogs,false
mbrainz_3694,discogs_33578,musicbrainz,discogs,false
mbrainz_37,discogs_107839,musicbrainz,discogs,false
mbrainz_37,discogs_147762,musicbrainz,discogs,false
mbrainz_37,discogs_149206,musicbrainz,discogs,false
mbrainz_37,discogs_175547,musicbrainz,discogs,false
mbrainz_37,discogs_24239,musicbrainz,discogs,false
mbrainz_37,discogs_3843,musicbrainz,discogs,false
mbrainz_37,discogs_39257,musicbrainz,discogs,false
mbrainz_37,discogs_7704,musicbrainz,discogs,false
mbrainz_370,discogs_121844,musicbrainz,discogs,false
mbrainz_370,discogs_151397,musicbrainz,discogs,false
mbrainz_370,discogs_177099,musicbrainz,discogs,false
mbrainz_370,discogs_30664,musicbrainz,discogs,false
mbrainz_370,discogs_37592,musicbrainz,discogs,false
mbrainz_370,discogs_41809,musicbrainz,discogs,false
mbrainz_370,discogs_439,musicbrainz,discogs,false
mbrainz_370,discogs_6659,musicbrainz,discogs,false
mbrainz_3701,discogs_84738,musicbrainz,discogs,false
mbrainz_3708,discogs_110653,musicbrainz,discogs,false
mbrainz_3708,discogs_112781,musicbrainz,discogs,false
mbrainz_3708,discogs_132853,musicbrainz,discogs,false
mbrainz_3708,discogs_147911,musicbrainz,discogs,false
mbrainz_3708,discogs_170504,musicbrainz,discogs,false
mbrainz_3708,discogs_5450,musicbrainz,discogs,false
mbrainz_3708,discogs_82440,musicbrainz,discogs,false
mbrainz_371,discogs_25221,musicbrainz,discogs,false
mbrainz_3723,discogs_12253,musicbrainz,discogs,false
mbrainz_3723,discogs_15966,musicbrainz,discogs,false
mbrainz_3723,discogs_188775,musicbrainz,discogs,false
mbrainz_3723,discogs_23429,musicbrainz,discogs,false
mbrainz_3723,discogs_29266,musicbrainz,discogs,false
mbrainz_3723,discogs_32289,musicbrainz,discogs,false
mbrainz_3723,discogs_49241,musicbrainz,discogs,false
mbrainz_3723,discogs_56982,musicbrainz,discogs,false
mbrainz_3732,discogs_11618,musicbrainz,discogs,false
mbrainz_3732,discogs_153335,musicbrainz,discogs,false
mbrainz_3732,discogs_29477,musicbrainz,discogs,false
mbrainz_3732,discogs_52380,musicbrainz,discogs,false
mbrainz_3732,discogs_52414,musicbrainz,discogs,false
mbrainz_3732,discogs_54134,musicbrainz,discogs,false
mbrainz_3732,discogs_63522,musicbrainz,discogs,false
mbrainz_3734,discogs_127782,musicbrainz,discogs,false
mbrainz_3734,discogs_163231,musicbrainz,discogs,false
mbrainz_3734,discogs_167166,musicbrainz,discogs,false
mbrainz_3734,discogs_177038,musicbrainz,discogs,false
mbrainz_3734,discogs_194350,musicbrainz,discogs,false
mbrainz_3734,discogs_21752,musicbrainz,discogs,false
mbrainz_3734,discogs_2896,musicbrainz,discogs,false
mbrainz_3736,discogs_124777,musicbrainz,discogs,false
mbrainz_3736,discogs_130024,musicbrainz,discogs,false
mbrainz_3736,discogs_153944,musicbrainz,discogs,false
mbrainz_3736,discogs_168521,musicbrainz,discogs,false
mbrainz_3736,discogs_20647,musicbrainz,discogs,false
mbrainz_3736,discogs_3087,musicbrainz,discogs,false
mbrainz_3736,discogs_52965,musicbrainz,discogs,false
mbrainz_3736,discogs_58269,musicbrainz,discogs,false
mbrainz_3741,discogs_104631,musicbrainz,discogs,false
mbrainz_3741,discogs_141993,musicbrainz,discogs,false
mbrainz_3741,discogs_14274,musicbrainz,discogs,false
mbrainz_3741,discogs_175031,musicbrainz,discogs,false
mbrainz_3741,discogs_179059,musicbrainz,discogs,false
mbrainz_3741,discogs_195637,musicbrainz,discogs,false
mbrainz_3741,discogs_52336,musicbrainz,discogs,false
mbrainz_3741,discogs_98,musicbrainz,discogs,false
mbrainz_3746,discogs_14688,musicbrainz,discogs,false
mbrainz_3746,discogs_28003,musicbrainz,discogs,false
mbrainz_3746,discogs_2803,musicbrainz,discogs,false
mbrainz_3746,discogs_35605,musicbrainz,discogs,false
mbrainz_3746,discogs_52051,musicbrainz,discogs,false
mbrainz_3746,discogs_77079,musicbrainz,discogs,false
mbrainz_3746,discogs_97881,musicbrainz,discogs,false
mbrainz_375,discogs_12308,musicbrainz,discogs,false
mbrainz_375,discogs_161210,musicbrainz,discogs,false
mbrainz_375,discogs_20472,musicbrainz,discogs,false
mbrainz_375,discogs_24183,musicbrainz,discogs,false
mbrainz_375,discogs_25529,musicbrainz,discogs,false
mbrainz_375,discogs_67160,musicbrainz,discogs,false
mbrainz_3758,discogs_135668,musicbrainz,discogs,false
mbrainz_3758,discogs_145971,musicbrainz,discogs,false
mbrainz_3758,discogs_16580,musicbrainz,discogs,false
mbrainz_3758,discogs_16718,musicbrainz,discogs,false
mbrainz_3758,discogs_18290,musicbrainz,discogs,false
mbrainz_3758,discogs_184121,musicbrainz,discogs,false
mbrainz_3758,discogs_191460,musicbrainz,discogs,false
mbrainz_3758,discogs_73009,musicbrainz,discogs,false
mbrainz_3758,discogs_79437,musicbrainz,discogs,false
mbrainz_3764,discogs_28578,musicbrainz,discogs,false
mbrainz_3764,discogs_91030,musicbrainz,discogs,false
mbrainz_3773,discogs_113527,musicbrainz,discogs,false
mbrainz_3773,discogs_144970,musicbrainz,discogs,false
mbrainz_3773,discogs_32962,musicbrainz,discogs,false
mbrainz_3774,discogs_117803,musicbrainz,discogs,false
mbrainz_3774,discogs_149253,musicbrainz,discogs,false
mbrainz_3774,discogs_169172,musicbrainz,discogs,false
mbrainz_3774,discogs_36981,musicbrainz,discogs,false
mbrainz_3774,discogs_74167,musicbrainz,discogs,false
mbrainz_3774,discogs_96377,musicbrainz,discogs,false
mbrainz_3776,discogs_137338,musicbrainz,discogs,false
mbrainz_3776,discogs_20669,musicbrainz,discogs,false
mbrainz_3776,discogs_25906,musicbrainz,discogs,false
mbrainz_3776,discogs_830,musicbrainz,discogs,false
mbrainz_3776,discogs_9681,musicbrainz,discogs,false
mbrainz_3784,discogs_100903,musicbrainz,discogs,false
mbrainz_3784,discogs_18877,musicbrainz,discogs,false
mbrainz_3784,discogs_35848,musicbrainz,discogs,false
mbrainz_3784,discogs_63538,musicbrainz,discogs,false
mbrainz_3787,discogs_118825,musicbrainz,discogs,false
mbrainz_3787,discogs_150863,musicbrainz,discogs,false
mbrainz_3787,discogs_226,musicbrainz,discogs,false
mbrainz_3787,discogs_4302,musicbrainz,discogs,false
mbrainz_3787,discogs_48169,musicbrainz,discogs,false
mbrainz_3787,discogs_81975,musicbrainz,discogs,false
mbrainz_3787,discogs_9942,musicbrainz,discogs,false
mbrainz_38,discogs_104631,musicbrainz,discogs,false
mbrainz_38,discogs_106296,musicbrainz,discogs,false
mbrainz_38,discogs_10765,musicbrainz,discogs,false
mbrainz_38,discogs_112686,musicbrainz,discogs,false
mbrainz_38,discogs_120771,musicbrainz,discogs,false
mbrainz_38,discogs_128974,musicbrainz,discogs,false
mbrainz_38,discogs_141228,musicbrainz,discogs,false
mbrainz_38,discogs_5522,musicbrainz,discogs,false
mbrainz_3809,discogs_101434,musicbrainz,discogs,false
mbrainz_3809,discogs_122714,musicbrainz,discogs,false
mbrainz_3809,discogs_125678,musicbrainz,discogs,false
mbrainz_3809,discogs_3363,musicbrainz,discogs,false
mbrainz_3809,discogs_34786,musicbrainz,discogs,false
mbrainz_3809,discogs_98308,musicbrainz,discogs,false
mbrainz_382,discogs_107226,musicbrainz,discogs,false
mbrainz_382,discogs_133002,musicbrainz,discogs,false
mbrainz_382,discogs_136773,musicbrainz,discogs,false
mbrainz_382,discogs_20155,musicbrainz,discogs,false
mbrainz_382,discogs_24974,musicbrainz,discogs,false
mbrainz_382,discogs_31469,musicbrainz,discogs,false
mbrainz_382,discogs_61769,musicbrainz,discogs,false
mbrainz_382,discogs_72191,musicbrainz,discogs,false
mbrainz_382,discogs_906,musicbrainz,discogs,false
mbrainz_3821,discogs_130345,musicbrainz,discogs,false
mbrainz_3821,discogs_150976,musicbrainz,discogs,false
mbrainz_3821,discogs_191099,musicbrainz,discogs,false
mbrainz_3821,discogs_192578,musicbrainz,discogs,false
mbrainz_3821,discogs_197995,musicbrainz,discogs,false
mbrainz_3825,discogs_102778,musicbrainz,discogs,false
mbrainz_3825,discogs_115866,musicbrainz,discogs,false
mbrainz_3825,discogs_11953,musicbrainz,discogs,false
mbrainz_3825,discogs_143304,musicbrainz,discogs,false
mbrainz_3825,discogs_150683,musicbrainz,discogs,false
mbrainz_3825,discogs_165526,musicbrainz,discogs,false
mbrainz_3825,discogs_2353,musicbrainz,discogs,false
mbrainz_3825,discogs_24126,musicbrainz,discogs,false
mbrainz_3825,discogs_29720,musicbrainz,discogs,false
mbrainz_3832,discogs_102914,musicbrainz,discogs,false
mbrainz_3832,discogs_14772,musicbrainz,discogs,false
mbrainz_3832,discogs_15764,musicbrainz,discogs,false
mbrainz_3832,discogs_185209,musicbrainz,discogs,false
mbrainz_3832,discogs_21222,musicbrainz,discogs,false
mbrainz_3832,discogs_22021,musicbrainz,discogs,false
mbrainz_3832,discogs_38016,musicbrainz,discogs,false
mbrainz_3841,discogs_9500,musicbrainz,discogs,false
mbrainz_3844,discogs_137288,musicbrainz,discogs,false
mbrainz_3844,discogs_139531,musicbrainz,discogs,false
mbrainz_3844,discogs_14344,musicbrainz,discogs,false
mbrainz_3844,discogs_25194,musicbrainz,discogs,false
mbrainz_3844,discogs_28807,musicbrainz,discogs,false
mbrainz_3844,discogs_48680,musicbrainz,discogs,false
mbrainz_3844,discogs_7480,musicbrainz,discogs,false
mbrainz_3844,discogs_83960,musicbrainz,discogs,false
mbrainz_3854,discogs_112781,musicbrainz,discogs,false
mbrainz_3854,discogs_132853,musicbrainz,discogs,false
mbrainz_3854,discogs_13862,musicbrainz,discogs,false
mbrainz_3854,discogs_147911,musicbrainz,discogs,false
mbrainz_3854,discogs_82440,musicbrainz,discogs,false
mbrainz_3855,discogs_109666,musicbrainz,discogs,false
mbrainz_3855,discogs_109904,musicbrainz,discogs,false
mbrainz_3855,discogs_11632,musicbrainz,discogs,false
mbrainz_3855,discogs_20006,musicbrainz,discogs,false
mbrainz_3855,discogs_21334,musicbrainz,discogs,false
mbrainz_3855,discogs_24694,musicbrainz,discogs,false
mbrainz_3855,discogs_56552,musicbrainz,discogs,false
mbrainz_3855,discogs_64417,musicbrainz,discogs,false
mbrainz_3857,discogs_12704,musicbrainz,discogs,false
mbrainz_3857,discogs_45462,musicbrainz,discogs,false
mbrainz_3857,discogs_55809,musicbrainz,discogs,false
mbrainz_3857,discogs_61616,musicbrainz,discogs,false
mbrainz_386,discogs_12308,musicbrainz,discogs,false
mbrainz_386,discogs_20472,musicbrainz,discogs,false
mbrainz_386,discogs_24183,musicbrainz,discogs,false
mbrainz_386,discogs_25529,musicbrainz,discogs,false
mbrainz_386,discogs_334,musicbrainz,discogs,false
mbrainz_386,discogs_67160,musicbrainz,discogs,false
mbrainz_3860,discogs_100903,musicbrainz,discogs,false
mbrainz_3860,discogs_16218,musicbrainz,discogs,false
mbrainz_3860,discogs_23515,musicbrainz,discogs,false
mbrainz_3860,discogs_63538,musicbrainz,discogs,false
mbrainz_3866,discogs_41994,musicbrainz,discogs,false
mbrainz_3873,discogs_18484,musicbrainz,discogs,false
mbrainz_3874,discogs_110354,musicbrainz,discogs,false
mbrainz_3874,discogs_113846,musicbrainz,discogs,false
mbrainz_3874,discogs_116870,musicbrainz,discogs,false
mbrainz_3874,discogs_118592,musicbrainz,discogs,false
mbrainz_3874,discogs_136578,musicbrainz,discogs,false
mbrainz_3874,discogs_16702,musicbrainz,discogs,false
mbrainz_3874,discogs_195593,musicbrainz,discogs,false
mbrainz_3891,discogs_105423,musicbrainz,discogs,false
mbrainz_3891,discogs_127562,musicbrainz,discogs,false
mbrainz_3891,discogs_14793,musicbrainz,discogs,false
mbrainz_3891,discogs_156103,musicbrainz,discogs,false
mbrainz_3891,discogs_178152,musicbrainz,discogs,false
mbrainz_3891,discogs_53765,musicbrainz,discogs,false
mbrainz_3895,discogs_10106,musicbrainz,discogs,false
mbrainz_3895,discogs_129285,musicbrainz,discogs,false
mbrainz_3895,discogs_168338,musicbrainz,discogs,false
mbrainz_3895,discogs_1718,musicbrainz,discogs,false
mbrainz_3895,discogs_67700,musicbrainz,discogs,false
mbrainz_3895,discogs_9423,musicbrainz,discogs,false
mbrainz_3895,discogs_9665,musicbrainz,discogs,false
mbrainz_3896,discogs_116145,musicbrainz,discogs,false
mbrainz_3896,discogs_13096,musicbrainz,discogs,false
mbrainz_3896,discogs_14174,musicbrainz,discogs,false
mbrainz_3896,discogs_15463,musicbrainz,discogs,false
mbrainz_3896,discogs_21930,musicbrainz,discogs,false
mbrainz_3896,discogs_23834,musicbrainz,discogs,false
mbrainz_3896,discogs_29893,musicbrainz,discogs,false
mbrainz_3896,discogs_54962,musicbrainz,discogs,false
mbrainz_3899,discogs_108867,musicbrainz,discogs,false
mbrainz_3899,discogs_114031,musicbrainz,discogs,false
mbrainz_3899,discogs_36488,musicbrainz,discogs,false
mbrainz_3899,discogs_68296,musicbrainz,discogs,false
mbrainz_3899,discogs_90990,musicbrainz,discogs,false
mbrainz_3959,discogs_101045,musicbrainz,discogs,false
mbrainz_3959,discogs_115515,musicbrainz,discogs,false
mbrainz_3959,discogs_121622,musicbrainz,discogs,false
mbrainz_3959,discogs_16468,musicbrainz,discogs,false
mbrainz_3959,discogs_9198,musicbrainz,discogs,false
mbrainz_3959,discogs_92276,musicbrainz,discogs,false
mbrainz_3967,discogs_10737,musicbrainz,discogs,false
mbrainz_3967,discogs_110269,musicbrainz,discogs,false
mbrainz_3967,discogs_6984,musicbrainz,discogs,false
mbrainz_3971,discogs_119707,musicbrainz,discogs,false
mbrainz_3971,discogs_134776,musicbrainz,discogs,false
mbrainz_3971,discogs_165158,musicbrainz,discogs,false
mbrainz_3971,discogs_168984,musicbrainz,discogs,false
mbrainz_3971,discogs_66917,musicbrainz,discogs,false
mbrainz_3971,discogs_6694,musicbrainz,discogs,false
mbrainz_3980,discogs_124130,musicbrainz,discogs,false
mbrainz_3980,discogs_153349,musicbrainz,discogs,false
mbrainz_3980,discogs_158324,musicbrainz,discogs,false
mbrainz_3980,discogs_166734,musicbrainz,discogs,false
mbrainz_3980,discogs_43115,musicbrainz,discogs,false
mbrainz_3980,discogs_6947,musicbrainz,discogs,false
mbrainz_3987,discogs_130708,musicbrainz,discogs,false
mbrainz_3987,discogs_135026,musicbrainz,discogs,false
mbrainz_3987,discogs_160403,musicbrainz,discogs,false
mbrainz_3987,discogs_16569,musicbrainz,discogs,false
mbrainz_3987,discogs_168351,musicbrainz,discogs,false
mbrainz_4,discogs_101296,musicbrainz,discogs,false
mbrainz_4,discogs_104,musicbrainz,discogs,false
mbrainz_4,discogs_112022,musicbrainz,discogs,false
mbrainz_4,discogs_112150,musicbrainz,discogs,false
mbrainz_4,discogs_165036,musicbrainz,discogs,false
mbrainz_4,discogs_76904,musicbrainz,discogs,false
mbrainz_4,discogs_92084,musicbrainz,discogs,false
mbrainz_40,discogs_124652,musicbrainz,discogs,false
mbrainz_40,discogs_129241,musicbrainz,discogs,false
mbrainz_40,discogs_20315,musicbrainz,discogs,false
mbrainz_40,discogs_53339,musicbrainz,discogs,false
mbrainz_40,discogs_67950,musicbrainz,discogs,false
mbrainz_40,discogs_7639,musicbrainz,discogs,false
mbrainz_400,discogs_145972,musicbrainz,discogs,false
mbrainz_400,discogs_41570,musicbrainz,discogs,false
mbrainz_400,discogs_8119,musicbrainz,discogs,false
mbrainz_400,discogs_92997,musicbrainz,discogs,false
mbrainz_400,discogs_97600,musicbrainz,discogs,false
mbrainz_4027,discogs_105214,musicbrainz,discogs,false
mbrainz_4027,discogs_12093,musicbrainz,discogs,false
mbrainz_4027,discogs_124329,musicbrainz,discogs,false
mbrainz_4027,discogs_33892,musicbrainz,discogs,false
mbrainz_4027,discogs_79435,musicbrainz,discogs,false
mbrainz_4029,discogs_197672,musicbrainz,discogs,false
mbrainz_4034,discogs_153696,musicbrainz,discogs,false
mbrainz_4034,discogs_15968,musicbrainz,discogs,false
mbrainz_4034,discogs_16426,musicbrainz,discogs,false
mbrainz_4034,discogs_167381,musicbrainz,discogs,false
mbrainz_4034,discogs_188773,musicbrainz,discogs,false
mbrainz_4034,discogs_39093,musicbrainz,discogs,false
mbrainz_4035,discogs_48708,musicbrainz,discogs,false
mbrainz_4035,discogs_76074,musicbrainz,discogs,false
mbrainz_4044,discogs_145672,musicbrainz,discogs,false
mbrainz_4044,discogs_150929,musicbrainz,discogs,false
mbrainz_4044,discogs_156811,musicbrainz,discogs,false
mbrainz_4044,discogs_162713,musicbrainz,discogs,false
mbrainz_4044,discogs_176106,musicbrainz,discogs,false
mbrainz_4044,discogs_18744,musicbrainz,discogs,false
mbrainz_4044,discogs_31211,musicbrainz,discogs,false
mbrainz_4044,discogs_64804,musicbrainz,discogs,false
mbrainz_4044,discogs_69326,musicbrainz,discogs,false
mbrainz_4065,discogs_10320,musicbrainz,discogs,false
mbrainz_4065,discogs_148429,musicbrainz,discogs,false
mbrainz_4065,discogs_159783,musicbrainz,discogs,false
mbrainz_4065,discogs_173484,musicbrainz,discogs,false
mbrainz_4065,discogs_21003,musicbrainz,discogs,false
mbrainz_4065,discogs_69241,musicbrainz,discogs,false
mbrainz_4065,discogs_80898,musicbrainz,discogs,false
mbrainz_4065,discogs_98958,musicbrainz,discogs,false
mbrainz_4066,discogs_117362,musicbrainz,discogs,false
mbrainz_4066,discogs_15076,musicbrainz,discogs,false
mbrainz_4066,discogs_15569,musicbrainz,discogs,false
mbrainz_4066,discogs_30230,musicbrainz,discogs,false
mbrainz_4066,discogs_42329,musicbrainz,discogs,false
mbrainz_4066,discogs_90891,musicbrainz,discogs,false
mbrainz_409,discogs_121347,musicbrainz,discogs,false
mbrainz_409,discogs_18836,musicbrainz,discogs,false
mbrainz_409,discogs_26337,musicbrainz,discogs,false
mbrainz_409,discogs_34088,musicbrainz,discogs,false
mbrainz_409,discogs_6679,musicbrainz,discogs,false
mbrainz_409,discogs_72453,musicbrainz,discogs,false
mbrainz_409,discogs_88897,musicbrainz,discogs,false
mbrainz_4090,discogs_107258,musicbrainz,discogs,false
mbrainz_4090,discogs_12024,musicbrainz,discogs,false
mbrainz_4090,discogs_154860,musicbrainz,discogs,false
mbrainz_4090,discogs_16501,musicbrainz,discogs,false
mbrainz_4090,discogs_27676,musicbrainz,discogs,false
mbrainz_4090,discogs_59128,musicbrainz,discogs,false
mbrainz_4090,discogs_61480,musicbrainz,discogs,false
mbrainz_4090,discogs_7658,musicbrainz,discogs,false
mbrainz_4090,discogs_94331,musicbrainz,discogs,false
mbrainz_4093,discogs_15971,musicbrainz,discogs,false
mbrainz_4093,discogs_179450,musicbrainz,discogs,false
mbrainz_4093,discogs_186341,musicbrainz,discogs,false
mbrainz_4093,discogs_27767,musicbrainz,discogs,false
mbrainz_4093,discogs_32938,musicbrainz,discogs,false
mbrainz_4093,discogs_34215,musicbrainz,discogs,false
mbrainz_4093,discogs_54123,musicbrainz,discogs,false
mbrainz_4104,discogs_102825,musicbrainz,discogs,false
mbrainz_4104,discogs_111991,musicbrainz,discogs,false
mbrainz_4104,discogs_124594,musicbrainz,discogs,false
mbrainz_4104,discogs_13086,musicbrainz,discogs,false
mbrainz_4104,discogs_177618,musicbrainz,discogs,false
mbrainz_4104,discogs_31423,musicbrainz,discogs,false
mbrainz_4104,discogs_55938,musicbrainz,discogs,false
mbrainz_4105,discogs_12719,musicbrainz,discogs,false
mbrainz_4105,discogs_136,musicbrainz,discogs,false
mbrainz_4105,discogs_175257,musicbrainz,discogs,false
mbrainz_4105,discogs_26593,musicbrainz,discogs,false
mbrainz_4105,discogs_27752,musicbrainz,discogs,false
mbrainz_4105,discogs_32159,musicbrainz,discogs,false
mbrainz_4107,discogs_107003,musicbrainz,discogs,false
mbrainz_4107,discogs_11499,musicbrainz,discogs,false
mbrainz_4107,discogs_170079,musicbrainz,discogs,false
mbrainz_4107,discogs_173815,musicbrainz,discogs,false
mbrainz_4107,discogs_191006,musicbrainz,discogs,false
mbrainz_4107,discogs_192103,musicbrainz,discogs,false
mbrainz_4107,discogs_54658,musicbrainz,discogs,false
mbrainz_4107,discogs_64661,musicbrainz,discogs,false
mbrainz_4107,discogs_80467,musicbrainz,discogs,false
mbrainz_4109,discogs_13603,musicbrainz,discogs,false
mbrainz_4109,discogs_22222,musicbrainz,discogs,false
mbrainz_4109,discogs_42397,musicbrainz,discogs,false
mbrainz_4109,discogs_44363,musicbrainz,discogs,false
mbrainz_4109,discogs_68364,musicbrainz,discogs,false
mbrainz_4131,discogs_1018,musicbrainz,discogs,false
mbrainz_4131,discogs_18520,musicbrainz,discogs,false
mbrainz_4131,discogs_19822,musicbrainz,discogs,false
mbrainz_4131,discogs_24393,musicbrainz,discogs,false
mbrainz_4131,discogs_38494,musicbrainz,discogs,false
mbrainz_4131,discogs_39744,musicbrainz,discogs,false
mbrainz_4131,discogs_75543,musicbrainz,discogs,false
mbrainz_4131,discogs_872,musicbrainz,discogs,false
mbrainz_4139,discogs_107189,musicbrainz,discogs,false
mbrainz_4139,discogs_111176,musicbrainz,discogs,false
mbrainz_4139,discogs_170504,musicbrainz,discogs,false
mbrainz_4139,discogs_21496,musicbrainz,discogs,false
mbrainz_4139,discogs_99697,musicbrainz,discogs,false
mbrainz_4147,discogs_116427,musicbrainz,discogs,false
mbrainz_4147,discogs_135643,musicbrainz,discogs,false
mbrainz_4147,discogs_149755,musicbrainz,discogs,false
mbrainz_4147,discogs_19426,musicbrainz,discogs,false
mbrainz_4147,discogs_19427,musicbrainz,discogs,false
mbrainz_4147,discogs_52851,musicbrainz,discogs,false
mbrainz_4147,discogs_5737,musicbrainz,discogs,false
mbrainz_4147,discogs_59904,musicbrainz,discogs,false
mbrainz_4147,discogs_95549,musicbrainz,discogs,false
mbrainz_4151,discogs_102570,musicbrainz,discogs,false
mbrainz_4151,discogs_12758,musicbrainz,discogs,false
mbrainz_4151,discogs_146598,musicbrainz,discogs,false
mbrainz_4151,discogs_159152,musicbrainz,discogs,false
mbrainz_4151,discogs_16739,musicbrainz,discogs,false
mbrainz_4151,discogs_37485,musicbrainz,discogs,false
mbrainz_4151,discogs_39179,musicbrainz,discogs,false
mbrainz_4151,discogs_51610,musicbrainz,discogs,false
mbrainz_4151,discogs_58309,musicbrainz,discogs,false
mbrainz_4163,discogs_1018,musicbrainz,discogs,false
mbrainz_4163,discogs_25332,musicbrainz,discogs,false
mbrainz_4163,discogs_51575,musicbrainz,discogs,false
mbrainz_4163,discogs_93305,musicbrainz,discogs,false
mbrainz_4163,discogs_97444,musicbrainz,discogs,false
mbrainz_4163,discogs_98855,musicbrainz,discogs,false
mbrainz_4172,discogs_122442,musicbrainz,discogs,false
mbrainz_4172,discogs_16339,musicbrainz,discogs,false
mbrainz_4172,discogs_86175,musicbrainz,discogs,false
mbrainz_4172,discogs_89210,musicbrainz,discogs,false
mbrainz_4173,discogs_124572,musicbrainz,discogs,false
mbrainz_4173,discogs_96957,musicbrainz,discogs,false
mbrainz_4176,discogs_121655,musicbrainz,discogs,false
mbrainz_4176,discogs_33830,musicbrainz,discogs,false
mbrainz_4176,discogs_41207,musicbrainz,discogs,false
mbrainz_4176,discogs_73889,musicbrainz,discogs,false
mbrainz_4176,discogs_8248,musicbrainz,discogs,false
mbrainz_4176,discogs_8666,musicbrainz,discogs,false
mbrainz_4176,discogs_94435,musicbrainz,discogs,false
mbrainz_4180,discogs_135150,musicbrainz,discogs,false
mbrainz_4180,discogs_149071,musicbrainz,discogs,false
mbrainz_4180,discogs_151699,musicbrainz,discogs,false
mbrainz_4180,discogs_173751,musicbrainz,discogs,false
mbrainz_4180,discogs_195891,musicbrainz,discogs,false
mbrainz_4180,discogs_30276,musicbrainz,discogs,false
mbrainz_4180,discogs_37894,musicbrainz,discogs,false
mbrainz_4180,discogs_94265,musicbrainz,discogs,false
mbrainz_4185,discogs_100640,musicbrainz,discogs,false
mbrainz_4185,discogs_103270,musicbrainz,discogs,false
mbrainz_4185,discogs_105715,musicbrainz,discogs,false
mbrainz_4185,discogs_107775,musicbrainz,discogs,false
mbrainz_4185,discogs_15058,musicbrainz,discogs,false
mbrainz_4185,discogs_168968,musicbrainz,discogs,false
mbrainz_4185,discogs_61877,musicbrainz,discogs,false
mbrainz_4185,discogs_62494,musicbrainz,discogs,false
mbrainz_4195,discogs_20232,musicbrainz,discogs,false
mbrainz_4195,discogs_85007,musicbrainz,discogs,false
mbrainz_4204,discogs_118645,musicbrainz,discogs,false
mbrainz_4204,discogs_125920,musicbrainz,discogs,false
mbrainz_4204,discogs_13,musicbrainz,discogs,false
mbrainz_4204,discogs_14316,musicbrainz,discogs,false
mbrainz_4204,discogs_186553,musicbrainz,discogs,false
mbrainz_4204,discogs_72230,musicbrainz,discogs,false
mbrainz_4205,discogs_123667,musicbrainz,discogs,false
mbrainz_4205,discogs_124552,musicbrainz,discogs,false
mbrainz_4205,discogs_134730,musicbrainz,discogs,false
mbrainz_4205,discogs_136833,musicbrainz,discogs,false
mbrainz_4205,discogs_180970,musicbrainz,discogs,false
mbrainz_4205,discogs_29725,musicbrainz,discogs,false
mbrainz_4205,discogs_73503,musicbrainz,discogs,false
mbrainz_4225,discogs_144128,musicbrainz,discogs,false
mbrainz_4225,discogs_145048,musicbrainz,discogs,false
mbrainz_4225,discogs_145164,musicbrainz,discogs,false
mbrainz_4225,discogs_162482,musicbrainz,discogs,false
mbrainz_4225,discogs_175446,musicbrainz,discogs,false
mbrainz_4225,discogs_178390,musicbrainz,discogs,false
mbrainz_4225,discogs_45968,musicbrainz,discogs,false
mbrainz_4225,discogs_9498,musicbrainz,discogs,false
mbrainz_4231,discogs_113102,musicbrainz,discogs,false
mbrainz_4231,discogs_119171,musicbrainz,discogs,false
mbrainz_4231,discogs_128629,musicbrainz,discogs,false
mbrainz_4231,discogs_140866,musicbrainz,discogs,false
mbrainz_4231,discogs_162801,musicbrainz,discogs,false
mbrainz_4231,discogs_163681,musicbrainz,discogs,false
mbrainz_4231,discogs_174469,musicbrainz,discogs,false
mbrainz_4231,discogs_45572,musicbrainz,discogs,false
mbrainz_4234,discogs_150615,musicbrainz,discogs,false
mbrainz_4234,discogs_15416,musicbrainz,discogs,false
mbrainz_4234,discogs_2087,musicbrainz,discogs,false
mbrainz_4234,discogs_82085,musicbrainz,discogs,false
mbrainz_4250,discogs_10113,musicbrainz,discogs,false
mbrainz_4250,discogs_114158,musicbrainz,discogs,false
mbrainz_4250,discogs_127749,musicbrainz,discogs,false
mbrainz_4250,discogs_2720,musicbrainz,discogs,false
mbrainz_4250,discogs_42892,musicbrainz,discogs,false
mbrainz_4250,discogs_6725,musicbrainz,discogs,false
mbrainz_427,discogs_103319,musicbrainz,discogs,false
mbrainz_427,discogs_103983,musicbrainz,discogs,false
mbrainz_427,discogs_109904,musicbrainz,discogs,false
mbrainz_427,discogs_62646,musicbrainz,discogs,false
mbrainz_427,discogs_9488,musicbrainz,discogs,false
mbrainz_4278,discogs_135668,musicbrainz,discogs,false
mbrainz_4278,discogs_16580,musicbrainz,discogs,false
mbrainz_4278,discogs_196990,musicbrainz,discogs,false
mbrainz_4278,discogs_44560,musicbrainz,discogs,false
mbrainz_4278,discogs_50334,musicbrainz,discogs,false
mbrainz_4278,discogs_7942,musicbrainz,discogs,false
mbrainz_4278,discogs_80738,musicbrainz,discogs,false
mbrainz_429,discogs_124245,musicbrainz,discogs,false
mbrainz_429,discogs_133770,musicbrainz,discogs,false
mbrainz_429,discogs_1634,musicbrainz,discogs,false
mbrainz_429,discogs_164699,musicbrainz,discogs,false
mbrainz_429,discogs_191675,musicbrainz,discogs,false
mbrainz_429,discogs_84204,musicbrainz,discogs,false
mbrainz_429,discogs_9394,musicbrainz,discogs,false
mbrainz_429,discogs_99434,musicbrainz,discogs,false
mbrainz_4296,discogs_102596,musicbrainz,discogs,false
mbrainz_4296,discogs_124965,musicbrainz,discogs,false
mbrainz_4296,discogs_147158,musicbrainz,discogs,false
mbrainz_4296,discogs_14866,musicbrainz,discogs,false
mbrainz_4296,discogs_154114,musicbrainz,discogs,false
mbrainz_4296,discogs_173692,musicbrainz,discogs,false
mbrainz_4297,discogs_10065,musicbrainz,discogs,false
mbrainz_4297,discogs_14447,musicbrainz,discogs,false
mbrainz_4297,discogs_15505,musicbrainz,discogs,false
mbrainz_4297,discogs_15638,musicbrainz,discogs,false
mbrainz_4297,discogs_30538,musicbrainz,discogs,false
mbrainz_4316,discogs_111278,musicbrainz,discogs,false
mbrainz_4316,discogs_12719,musicbrainz,discogs,false
mbrainz_4316,discogs_17556,musicbrainz,discogs,false
mbrainz_4316,discogs_17700,musicbrainz,discogs,false
mbrainz_4316,discogs_19634,musicbrainz,discogs,false
mbrainz_4316,discogs_25660,musicbrainz,discogs,false
mbrainz_4327,discogs_155041,musicbrainz,discogs,false
mbrainz_4327,discogs_17171,musicbrainz,discogs,false
mbrainz_4327,discogs_173174,musicbrainz,discogs,false
mbrainz_4327,discogs_176241,musicbrainz,discogs,false
mbrainz_4327,discogs_183370,musicbrainz,discogs,false
mbrainz_4327,discogs_49083,musicbrainz,discogs,false
mbrainz_4327,discogs_63245,musicbrainz,discogs,false
mbrainz_4327,discogs_82564,musicbrainz,discogs,false
mbrainz_4330,discogs_141652,musicbrainz,discogs,false
mbrainz_4340,discogs_1150,musicbrainz,discogs,false
mbrainz_4340,discogs_119413,musicbrainz,discogs,false
mbrainz_4340,discogs_119542,musicbrainz,discogs,false
mbrainz_4340,discogs_122623,musicbrainz,discogs,false
mbrainz_4340,discogs_136509,musicbrainz,discogs,false
mbrainz_4340,discogs_174040,musicbrainz,discogs,false
mbrainz_4341,discogs_114450,musicbrainz,discogs,false
mbrainz_4341,discogs_114622,musicbrainz,discogs,false
mbrainz_4341,discogs_124316,musicbrainz,discogs,false
mbrainz_4341,discogs_166095,musicbrainz,discogs,false
mbrainz_4341,discogs_22352,musicbrainz,discogs,false
mbrainz_4341,discogs_24060,musicbrainz,discogs,false
mbrainz_4341,discogs_46842,musicbrainz,discogs,false
mbrainz_4346,discogs_100640,musicbrainz,discogs,false
mbrainz_4346,discogs_103270,musicbrainz,discogs,false
mbrainz_4346,discogs_105715,musicbrainz,discogs,false
mbrainz_4346,discogs_163088,musicbrainz,discogs,false
mbrainz_4346,discogs_168986,musicbrainz,discogs,false
mbrainz_4346,discogs_29814,musicbrainz,discogs,false
mbrainz_4346,discogs_52942,musicbrainz,discogs,false
mbrainz_435,discogs_182528,musicbrainz,discogs,false
mbrainz_435,discogs_24156,musicbrainz,discogs,false
mbrainz_435,discogs_47668,musicbrainz,discogs,false
mbrainz_435,discogs_79596,musicbrainz,discogs,false
mbrainz_4355,discogs_121968,musicbrainz,discogs,false
mbrainz_4355,discogs_125797,musicbrainz,discogs,false
mbrainz_4355,discogs_128140,musicbrainz,discogs,false
mbrainz_4355,discogs_152985,musicbrainz,discogs,false
mbrainz_4355,discogs_2131,musicbrainz,discogs,false
mbrainz_4355,discogs_28649,musicbrainz,discogs,false
mbrainz_4355,discogs_57830,musicbrainz,discogs,false
mbrainz_4355,discogs_77693,musicbrainz,discogs,false
mbrainz_4361,discogs_116864,musicbrainz,discogs,false
mbrainz_4361,discogs_12813,musicbrainz,discogs,false
mbrainz_4361,discogs_16809,musicbrainz,discogs,false
mbrainz_4361,discogs_32217,musicbrainz,discogs,false
mbrainz_4361,discogs_35811,musicbrainz,discogs,false
mbrainz_4361,discogs_91280,musicbrainz,discogs,false
mbrainz_437,discogs_112956,musicbrainz,discogs,false
mbrainz_437,discogs_117461,musicbrainz,discogs,false
mbrainz_437,discogs_131590,musicbrainz,discogs,false
mbrainz_437,discogs_174912,musicbrainz,discogs,false
mbrainz_437,discogs_192357,musicbrainz,discogs,false
mbrainz_437,discogs_22111,musicbrainz,discogs,false
mbrainz_437,discogs_23510,musicbrainz,discogs,false
mbrainz_4370,discogs_10257,musicbrainz,discogs,false
mbrainz_4370,discogs_141435,musicbrainz,discogs,false
mbrainz_4370,discogs_172153,musicbrainz,discogs,false
mbrainz_4370,discogs_184926,musicbrainz,discogs,false
mbrainz_4370,discogs_20716,musicbrainz,discogs,false
mbrainz_4370,discogs_2529,musicbrainz,discogs,false
mbrainz_4376,discogs_121651,musicbrainz,discogs,false
mbrainz_4376,discogs_2421,musicbrainz,discogs,false
mbrainz_4376,discogs_2516,musicbrainz,discogs,false
mbrainz_4376,discogs_27860,musicbrainz,discogs,false
mbrainz_4376,discogs_54433,musicbrainz,discogs,false
mbrainz_4376,discogs_54962,musicbrainz,discogs,false
mbrainz_4376,discogs_61259,musicbrainz,discogs,false
mbrainz_4376,discogs_76397,musicbrainz,discogs,false
mbrainz_4376,discogs_81109,musicbrainz,discogs,false
mbrainz_4392,discogs_149670,musicbrainz,discogs,false
mbrainz_4392,discogs_161432,musicbrainz,discogs,false
mbrainz_4392,discogs_37460,musicbrainz,discogs,false
mbrainz_4392,discogs_51264,musicbrainz,discogs,false
mbrainz_4392,discogs_56198,musicbrainz,discogs,false
mbrainz_4392,discogs_99955,musicbrainz,discogs,false
mbrainz_4401,discogs_12904,musicbrainz,discogs,false
mbrainz_4401,discogs_18797,musicbrainz,discogs,false
mbrainz_4401,discogs_22225,musicbrainz,discogs,false
mbrainz_4401,discogs_467,musicbrainz,discogs,false
mbrainz_4401,discogs_56434,musicbrainz,discogs,false
mbrainz_4401,discogs_57394,musicbrainz,discogs,false
mbrainz_4401,discogs_60871,musicbrainz,discogs,false
mbrainz_4401,discogs_66067,musicbrainz,discogs,false
mbrainz_4401,discogs_95027,musicbrainz,discogs,false
mbrainz_4411,discogs_101939,musicbrainz,discogs,false
mbrainz_4411,discogs_129862,musicbrainz,discogs,false
mbrainz_4411,discogs_179341,musicbrainz,discogs,false
mbrainz_4411,discogs_21815,musicbrainz,discogs,false
mbrainz_4411,discogs_36856,musicbrainz,discogs,false
mbrainz_4411,discogs_6025,musicbrainz,discogs,false
mbrainz_4421,discogs_120609,musicbrainz,discogs,false
mbrainz_4421,discogs_121816,musicbrainz,discogs,false
mbrainz_4421,discogs_128360,musicbrainz,discogs,false
mbrainz_4421,discogs_188846,musicbrainz,discogs,false
mbrainz_4421,discogs_53641,musicbrainz,discogs,false
mbrainz_4421,discogs_76869,musicbrainz,discogs,false
mbrainz_4435,discogs_102555,musicbrainz,discogs,false
mbrainz_4435,discogs_153151,musicbrainz,discogs,false
mbrainz_4435,discogs_16704,musicbrainz,discogs,false
mbrainz_4435,discogs_197393,musicbrainz,discogs,false
mbrainz_4435,discogs_23858,musicbrainz,discogs,false
mbrainz_4435,discogs_7999,musicbrainz,discogs,false
mbrainz_4447,discogs_88167,musicbrainz,discogs,false
mbrainz_4488,discogs_11149,musicbrainz,discogs,false
mbrainz_4488,discogs_155105,musicbrainz,discogs,false
mbrainz_4488,discogs_21541,musicbrainz,discogs,false
mbrainz_4488,discogs_4156,musicbrainz,discogs,false
mbrainz_4488,discogs_44758,musicbrainz,discogs,false
mbrainz_4488,discogs_53095,musicbrainz,discogs,false
mbrainz_4488,discogs_65642,musicbrainz,discogs,false
mbrainz_4489,discogs_143642,musicbrainz,discogs,false
mbrainz_4489,discogs_173377,musicbrainz,discogs,false
mbrainz_4489,discogs_21286,musicbrainz,discogs,false
mbrainz_4489,discogs_31455,musicbrainz,discogs,false
mbrainz_4489,discogs_46778,musicbrainz,discogs,false
mbrainz_4489,discogs_88755,musicbrainz,discogs,false
mbrainz_4495,discogs_123316,musicbrainz,discogs,false
mbrainz_4495,discogs_129874,musicbrainz,discogs,false
mbrainz_4495,discogs_182054,musicbrainz,discogs,false
mbrainz_4495,discogs_20263,musicbrainz,discogs,false
mbrainz_4495,discogs_33420,musicbrainz,discogs,false
mbrainz_4495,discogs_5535,musicbrainz,discogs,false
mbrainz_4499,discogs_186722,musicbrainz,discogs,false
mbrainz_45,discogs_114450,musicbrainz,discogs,false
mbrainz_45,discogs_122746,musicbrainz,discogs,false
mbrainz_45,discogs_126408,musicbrainz,discogs,false
mbrainz_45,discogs_126545,musicbrainz,discogs,false
mbrainz_45,discogs_178060,musicbrainz,discogs,false
mbrainz_45,discogs_29334,musicbrainz,discogs,false
mbrainz_45,discogs_3082,musicbrainz,discogs,false
mbrainz_45,discogs_91611,musicbrainz,discogs,false
mbrainz_4506,discogs_114173,musicbrainz,discogs,false
mbrainz_4506,discogs_13766,musicbrainz,discogs,false
mbrainz_4506,discogs_146546,musicbrainz,discogs,false
mbrainz_4506,discogs_19207,musicbrainz,discogs,false
mbrainz_4506,discogs_40904,musicbrainz,discogs,false
mbrainz_4506,discogs_55309,musicbrainz,discogs,false
mbrainz_4506,discogs_6415,musicbrainz,discogs,false
mbrainz_4506,discogs_80905,musicbrainz,discogs,false
mbrainz_4513,discogs_12652,musicbrainz,discogs,false
mbrainz_4535,discogs_48708,musicbrainz,discogs,false
mbrainz_4535,discogs_76074,musicbrainz,discogs,false
mbrainz_4543,discogs_194964,musicbrainz,discogs,false
mbrainz_4544,discogs_124313,musicbrainz,discogs,false
mbrainz_4544,discogs_149087,musicbrainz,discogs,false
mbrainz_4544,discogs_16332,musicbrainz,discogs,false
mbrainz_4544,discogs_167928,musicbrainz,discogs,false
mbrainz_4544,discogs_21152,musicbrainz,discogs,false
mbrainz_4544,discogs_5608,musicbrainz,discogs,false
mbrainz_4544,discogs_65360,musicbrainz,discogs,false
mbrainz_4544,discogs_94437,musicbrainz,discogs,false
mbrainz_4547,discogs_10244,musicbrainz,discogs,false
mbrainz_4547,discogs_115085,musicbrainz,discogs,false
mbrainz_4547,discogs_15633,musicbrainz,discogs,false
mbrainz_4547,discogs_163750,musicbrainz,discogs,false
mbrainz_4547,discogs_171339,musicbrainz,discogs,false
mbrainz_4547,discogs_90229,musicbrainz,discogs,false
mbrainz_4549,discogs_149333,musicbrainz,discogs,false
mbrainz_455,discogs_100171,musicbrainz,discogs,false
mbrainz_455,discogs_124598,musicbrainz,discogs,false
mbrainz_455,discogs_147484,musicbrainz,discogs,false
mbrainz_455,discogs_162455,musicbrainz,discogs,false
mbrainz_455,discogs_179974,musicbrainz,discogs,false
mbrainz_455,discogs_24097,musicbrainz,discogs,false
mbrainz_455,discogs_80369,musicbrainz,discogs,false
mbrainz_4551,discogs_116427,musicbrainz,discogs,false
mbrainz_4551,discogs_135643,musicbrainz,discogs,false
mbrainz_4551,discogs_149755,musicbrainz,discogs,false
mbrainz_4551,discogs_30140,musicbrainz,discogs,false
mbrainz_4551,discogs_5737,musicbrainz,discogs,false
mbrainz_4551,discogs_59904,musicbrainz,discogs,false
mbrainz_4551,discogs_95549,musicbrainz,discogs,false
mbrainz_4590,discogs_132080,musicbrainz,discogs,false
mbrainz_4590,discogs_148572,musicbrainz,discogs,false
mbrainz_4590,discogs_150083,musicbrainz,discogs,false
mbrainz_4590,discogs_158388,musicbrainz,discogs,false
mbrainz_4590,discogs_158526,musicbrainz,discogs,false
mbrainz_4590,discogs_17549,musicbrainz,discogs,false
mbrainz_4592,discogs_101345,musicbrainz,discogs,false
mbrainz_4592,discogs_125662,musicbrainz,discogs,false
mbrainz_4592,discogs_15235,musicbrainz,discogs,false
mbrainz_4592,discogs_154753,musicbrainz,discogs,false
mbrainz_4592,discogs_6260,musicbrainz,discogs,false
mbrainz_4592,discogs_80247,musicbrainz,discogs,false
mbrainz_4598,discogs_103664,musicbrainz,discogs,false
mbrainz_4598,discogs_112331,musicbrainz,discogs,false
mbrainz_4598,discogs_44967,musicbrainz,discogs,false
mbrainz_4598,discogs_45050,musicbrainz,discogs,false
mbrainz_4598,discogs_79857,musicbrainz,discogs,false
mbrainz_4598,discogs_79952,musicbrainz,discogs,false
mbrainz_4598,discogs_92534,musicbrainz,discogs,false
mbrainz_4598,discogs_94656,musicbrainz,discogs,false
mbrainz_4601,discogs_182573,musicbrainz,discogs,false
mbrainz_4616,discogs_101312,musicbrainz,discogs,false
mbrainz_4616,discogs_104973,musicbrainz,discogs,false
mbrainz_4616,discogs_26571,musicbrainz,discogs,false
mbrainz_4616,discogs_35333,musicbrainz,discogs,false
mbrainz_4616,discogs_53427,musicbrainz,discogs,false
mbrainz_4616,discogs_8213,musicbrainz,discogs,false
mbrainz_4616,discogs_92704,musicbrainz,discogs,false
mbrainz_4616,discogs_96298,musicbrainz,discogs,false
mbrainz_4624,discogs_164259,musicbrainz,discogs,false
mbrainz_4624,discogs_55037,musicbrainz,discogs,false
mbrainz_4624,discogs_8171,musicbrainz,discogs,false
mbrainz_4626,discogs_173279,musicbrainz,discogs,false
mbrainz_4626,discogs_48442,musicbrainz,discogs,false
mbrainz_4626,discogs_9284,musicbrainz,discogs,false
mbrainz_4627,discogs_104973,musicbrainz,discogs,false
mbrainz_4627,discogs_127898,musicbrainz,discogs,false
mbrainz_4627,discogs_132783,musicbrainz,discogs,false
mbrainz_4627,discogs_13953,musicbrainz,discogs,false
mbrainz_4627,discogs_165706,musicbrainz,discogs,false
mbrainz_4627,discogs_194632,musicbrainz,discogs,false
mbrainz_4627,discogs_29358,musicbrainz,discogs,false
mbrainz_4627,discogs_29705,musicbrainz,discogs,false
mbrainz_4627,discogs_43425,musicbrainz,discogs,false
mbrainz_4637,discogs_103565,musicbrainz,discogs,false
mbrainz_4637,discogs_123495,musicbrainz,discogs,false
mbrainz_4637,discogs_132130,musicbrainz,discogs,false
mbrainz_4637,discogs_44967,musicbrainz,discogs,false
mbrainz_4637,discogs_53140,musicbrainz,discogs,false
mbrainz_4637,discogs_55332,musicbrainz,discogs,false
mbrainz_4637,discogs_74446,musicbrainz,discogs,false
mbrainz_4641,discogs_122099,musicbrainz,discogs,false
mbrainz_4641,discogs_127214,musicbrainz,discogs,false
mbrainz_4641,discogs_172132,musicbrainz,discogs,false
mbrainz_4641,discogs_184822,musicbrainz,discogs,false
mbrainz_4641,discogs_33525,musicbrainz,discogs,false
mbrainz_4641,discogs_33643,musicbrainz,discogs,false
mbrainz_4641,discogs_59281,musicbrainz,discogs,false
mbrainz_4641,discogs_92127,musicbrainz,discogs,false
mbrainz_4662,discogs_113417,musicbrainz,discogs,false
mbrainz_4662,discogs_117653,musicbrainz,discogs,false
mbrainz_4662,discogs_126555,musicbrainz,discogs,false
mbrainz_4662,discogs_148122,musicbrainz,discogs,false
mbrainz_4662,discogs_183644,musicbrainz,discogs,false
mbrainz_4662,discogs_3883,musicbrainz,discogs,false
mbrainz_4662,discogs_72174,musicbrainz,discogs,false
mbrainz_4662,discogs_8555,musicbrainz,discogs,false
mbrainz_4675,discogs_115843,musicbrainz,discogs,false
mbrainz_4675,discogs_141777,musicbrainz,discogs,false
mbrainz_4675,discogs_152648,musicbrainz,discogs,false
mbrainz_4675,discogs_164357,musicbrainz,discogs,false
mbrainz_4675,discogs_169741,musicbrainz,discogs,false
mbrainz_4675,discogs_181305,musicbrainz,discogs,false
mbrainz_4675,discogs_196653,musicbrainz,discogs,false
mbrainz_4675,discogs_58297,musicbrainz,discogs,false
mbrainz_4683,discogs_146438,musicbrainz,discogs,false
mbrainz_4683,discogs_152288,musicbrainz,discogs,false
mbrainz_4683,discogs_32728,musicbrainz,discogs,false
mbrainz_4683,discogs_5300,musicbrainz,discogs,false
mbrainz_4683,discogs_87564,musicbrainz,discogs,false
mbrainz_4683,discogs_89131,musicbrainz,discogs,false
mbrainz_4683,discogs_96336,musicbrainz,discogs,false
mbrainz_47,discogs_105109,musicbrainz,discogs,false
mbrainz_47,discogs_1425,musicbrainz,discogs,false
mbrainz_47,discogs_21173,musicbrainz,discogs,false
mbrainz_47,discogs_50229,musicbrainz,discogs,false
mbrainz_47,discogs_85500,musicbrainz,discogs,false
mbrainz_47,discogs_872,musicbrainz,discogs,false
mbrainz_4700,discogs_112781,musicbrainz,discogs,false
mbrainz_4700,discogs_17709,musicbrainz,discogs,false
mbrainz_4700,discogs_21496,musicbrainz,discogs,false
mbrainz_4736,discogs_115891,musicbrainz,discogs,false
mbrainz_4736,discogs_152664,musicbrainz,discogs,false
mbrainz_4736,discogs_169463,musicbrainz,discogs,false
mbrainz_4736,discogs_195715,musicbrainz,discogs,false
mbrainz_4736,discogs_196733,musicbrainz,discogs,false
mbrainz_4736,discogs_25010,musicbrainz,discogs,false
mbrainz_4736,discogs_43364,musicbrainz,discogs,false
mbrainz_4736,discogs_5850,musicbrainz,discogs,false
mbrainz_4745,discogs_150682,musicbrainz,discogs,false
mbrainz_4745,discogs_51217,musicbrainz,discogs,false
mbrainz_4745,discogs_67950,musicbrainz,discogs,false
mbrainz_4745,discogs_7639,musicbrainz,discogs,false
mbrainz_4745,discogs_90965,musicbrainz,discogs,false
mbrainz_4749,discogs_107548,musicbrainz,discogs,false
mbrainz_4749,discogs_115709,musicbrainz,discogs,false
mbrainz_4749,discogs_120272,musicbrainz,discogs,false
mbrainz_4749,discogs_125115,musicbrainz,discogs,false
mbrainz_4749,discogs_130568,musicbrainz,discogs,false
mbrainz_4749,discogs_169943,musicbrainz,discogs,false
mbrainz_4749,discogs_19296,musicbrainz,discogs,false
mbrainz_4761,discogs_16764,musicbrainz,discogs,false
mbrainz_4761,discogs_174689,musicbrainz,discogs,false
mbrainz_4761,discogs_50164,musicbrainz,discogs,false
mbrainz_4761,discogs_5450,musicbrainz,discogs,false
mbrainz_477,discogs_143522,musicbrainz,discogs,false
mbrainz_477,discogs_145136,musicbrainz,discogs,false
mbrainz_477,discogs_149438,musicbrainz,discogs,false
mbrainz_477,discogs_35330,musicbrainz,discogs,false
mbrainz_477,discogs_89100,musicbrainz,discogs,false
mbrainz_4779,discogs_103937,musicbrainz,discogs,false
mbrainz_4779,discogs_143663,musicbrainz,discogs,false
mbrainz_4779,discogs_148148,musicbrainz,discogs,false
mbrainz_4779,discogs_149008,musicbrainz,discogs,false
mbrainz_4779,discogs_154331,musicbrainz,discogs,false
mbrainz_4779,discogs_18047,musicbrainz,discogs,false
mbrainz_4779,discogs_20140,musicbrainz,discogs,false
mbrainz_4779,discogs_22639,musicbrainz,discogs,false
mbrainz_4779,discogs_39352,musicbrainz,discogs,false
mbrainz_480,discogs_12681,musicbrainz,discogs,false
mbrainz_480,discogs_137853,musicbrainz,discogs,false
mbrainz_480,discogs_169279,musicbrainz,discogs,false
mbrainz_480,discogs_21977,musicbrainz,discogs,false
mbrainz_480,discogs_28900,musicbrainz,discogs,false
mbrainz_480,discogs_576,musicbrainz,discogs,false
mbrainz_4804,discogs_116753,musicbrainz,discogs,false
mbrainz_4804,discogs_125606,musicbrainz,discogs,false
mbrainz_4804,discogs_20838,musicbrainz,discogs,false
mbrainz_4804,discogs_27752,musicbrainz,discogs,false
mbrainz_4804,discogs_85980,musicbrainz,discogs,false
mbrainz_4809,discogs_7368,musicbrainz,discogs,false
mbrainz_481,discogs_160458,musicbrainz,discogs,false
mbrainz_481,discogs_165375,musicbrainz,discogs,false
mbrainz_481,discogs_3592,musicbrainz,discogs,false
mbrainz_481,discogs_37190,musicbrainz,discogs,false
mbrainz_481,discogs_37225,musicbrainz,discogs,false
mbrainz_481,discogs_39825,musicbrainz,discogs,false
mbrainz_481,discogs_39828,musicbrainz,discogs,false
mbrainz_481,discogs_54776,musicbrainz,discogs,false
mbrainz_4811,discogs_13325,musicbrainz,discogs,false
mbrainz_4811,discogs_182692,musicbrainz,discogs,false
mbrainz_4812,discogs_105423,musicbrainz,discogs,false
mbrainz_4812,discogs_178152,musicbrainz,discogs,false
mbrainz_4812,discogs_41474,musicbrainz,discogs,false
mbrainz_4812,discogs_70579,musicbrainz,discogs,false
mbrainz_4846,discogs_131798,musicbrainz,discogs,false
mbrainz_4846,discogs_164622,musicbrainz,discogs,false
mbrainz_4846,discogs_289,musicbrainz,discogs,false
mbrainz_4846,discogs_29177,musicbrainz,discogs,false
mbrainz_4846,discogs_29525,musicbrainz,discogs,false
mbrainz_4846,discogs_37485,musicbrainz,discogs,false
mbrainz_4846,discogs_66579,musicbrainz,discogs,false
mbrainz_4846,discogs_90879,musicbrainz,discogs,false
mbrainz_4850,discogs_113504,musicbrainz,discogs,false
mbrainz_4867,discogs_126209,musicbrainz,discogs,false
mbrainz_4867,discogs_132776,musicbrainz,discogs,false
mbrainz_4867,discogs_138773,musicbrainz,discogs,false
mbrainz_4867,discogs_162504,musicbrainz,discogs,false
mbrainz_4867,discogs_32599,musicbrainz,discogs,false
mbrainz_4867,discogs_32663,musicbrainz,discogs,false
mbrainz_4867,discogs_61350,musicbrainz,discogs,false
mbrainz_487,discogs_105929,musicbrainz,discogs,false
mbrainz_487,discogs_117604,musicbrainz,discogs,false
mbrainz_487,discogs_1204,musicbrainz,discogs,false
mbrainz_487,discogs_124910,musicbrainz,discogs,false
mbrainz_487,discogs_141653,musicbrainz,discogs,false
mbrainz_487,discogs_160824,musicbrainz,discogs,false
mbrainz_487,discogs_161583,musicbrainz,discogs,false
mbrainz_487,discogs_23712,musicbrainz,discogs,false
mbrainz_487,discogs_67051,musicbrainz,discogs,false
mbrainz_488,discogs_110982,musicbrainz,discogs,false
mbrainz_488,discogs_143110,musicbrainz,discogs,false
mbrainz_488,discogs_167990,musicbrainz,discogs,false
mbrainz_488,discogs_77239,musicbrainz,discogs,false
mbrainz_488,discogs_79760,musicbrainz,discogs,false
mbrainz_4881,discogs_101055,musicbrainz,discogs,false
mbrainz_4881,discogs_115052,musicbrainz,discogs,false
mbrainz_4881,discogs_123529,musicbrainz,discogs,false
mbrainz_4881,discogs_15730,musicbrainz,discogs,false
mbrainz_4881,discogs_165296,musicbrainz,discogs,false
mbrainz_4881,discogs_173098,musicbrainz,discogs,false
mbrainz_4892,discogs_10214,musicbrainz,discogs,false
mbrainz_4892,discogs_111326,musicbrainz,discogs,false
mbrainz_4892,discogs_137080,musicbrainz,discogs,false
mbrainz_4892,discogs_183623,musicbrainz,discogs,false
mbrainz_4892,discogs_59796,musicbrainz,discogs,false
mbrainz_4892,discogs_69241,musicbrainz,discogs,false
mbrainz_4892,discogs_78410,musicbrainz,discogs,false
mbrainz_4912,discogs_12048,musicbrainz,discogs,false
mbrainz_4912,discogs_13195,musicbrainz,discogs,false
mbrainz_4912,discogs_148243,musicbrainz,discogs,false
mbrainz_4912,discogs_165545,musicbrainz,discogs,false
mbrainz_4912,discogs_180314,musicbrainz,discogs,false
mbrainz_4912,discogs_33340,musicbrainz,discogs,false
mbrainz_4912,discogs_3883,musicbrainz,discogs,false
mbrainz_4921,discogs_141386,musicbrainz,discogs,false
mbrainz_4921,discogs_141844,musicbrainz,discogs,false
mbrainz_4921,discogs_160868,musicbrainz,discogs,false
mbrainz_4921,discogs_32641,musicbrainz,discogs,false
mbrainz_4940,discogs_130939,musicbrainz,discogs,false
mbrainz_4940,discogs_152311,musicbrainz,discogs,false
mbrainz_4940,discogs_2673,musicbrainz,discogs,false
mbrainz_4940,discogs_28848,musicbrainz,discogs,false
mbrainz_4940,discogs_52309,musicbrainz,discogs,false
mbrainz_4940,discogs_66461,musicbrainz,discogs,false
mbrainz_495,discogs_10230,musicbrainz,discogs,false
mbrainz_495,discogs_1045,musicbrainz,discogs,false
mbrainz_495,discogs_149768,musicbrainz,discogs,false
mbrainz_495,discogs_15682,musicbrainz,discogs,false
mbrainz_495,discogs_17464,musicbrainz,discogs,false
mbrainz_495,discogs_2999,musicbrainz,discogs,false
mbrainz_495,discogs_40023,musicbrainz,discogs,false
mbrainz_495,discogs_4524,musicbrainz,discogs,false
mbrainz_495,discogs_59563,musicbrainz,discogs,false
mbrainz_4952,discogs_13980,musicbrainz,discogs,false
mbrainz_4952,discogs_171220,musicbrainz,discogs,false
mbrainz_4952,discogs_184233,musicbrainz,discogs,false
mbrainz_4952,discogs_29443,musicbrainz,discogs,false
mbrainz_4952,discogs_31071,musicbrainz,discogs,false
mbrainz_4952,discogs_57737,musicbrainz,discogs,false
mbrainz_4952,discogs_78244,musicbrainz,discogs,false
mbrainz_4985,discogs_6607,musicbrainz,discogs,false
mbrainz_4986,discogs_148684,musicbrainz,discogs,false
mbrainz_4986,discogs_180922,musicbrainz,discogs,false
mbrainz_4986,discogs_183755,musicbrainz,discogs,false
mbrainz_4986,discogs_19321,musicbrainz,discogs,false
mbrainz_4986,discogs_45617,musicbrainz,discogs,false
mbrainz_4986,discogs_62310,musicbrainz,discogs,false
mbrainz_4999,discogs_105078,musicbrainz,discogs,false
mbrainz_4999,discogs_114194,musicbrainz,discogs,false
mbrainz_4999,discogs_118094,musicbrainz,discogs,false
mbrainz_4999,discogs_159684,musicbrainz,discogs,false
mbrainz_4999,discogs_22850,musicbrainz,discogs,false
mbrainz_4999,discogs_8198,musicbrainz,discogs,false
mbrainz_50,discogs_108319,musicbrainz,discogs,false
mbrainz_50,discogs_126555,musicbrainz,discogs,false
mbrainz_50,discogs_165053,musicbrainz,discogs,false
mbrainz_50,discogs_3883,musicbrainz,discogs,false
mbrainz_50,discogs_47930,musicbrainz,discogs,false
mbrainz_50,discogs_99023,musicbrainz,discogs,false
mbrainz_5000,discogs_12702,musicbrainz,discogs,false
mbrainz_5000,discogs_182269,musicbrainz,discogs,false
mbrainz_5000,discogs_67615,musicbrainz,discogs,false
mbrainz_5000,discogs_74703,musicbrainz,discogs,false
mbrainz_5037,discogs_100378,musicbrainz,discogs,false
mbrainz_5037,discogs_111894,musicbrainz,discogs,false
mbrainz_5037,discogs_112772,musicbrainz,discogs,false
mbrainz_5037,discogs_120696,musicbrainz,discogs,false
mbrainz_5037,discogs_142145,musicbrainz,discogs,false
mbrainz_5037,discogs_187045,musicbrainz,discogs,false
mbrainz_5037,discogs_49774,musicbrainz,discogs,false
mbrainz_5037,discogs_58785,musicbrainz,discogs,false
mbrainz_5037,discogs_73313,musicbrainz,discogs,false
mbrainz_5037,discogs_83011,musicbrainz,discogs,false
mbrainz_5038,discogs_107651,musicbrainz,discogs,false
mbrainz_5038,discogs_118005,musicbrainz,discogs,false
mbrainz_5038,discogs_142086,musicbrainz,discogs,false
mbrainz_5038,discogs_173749,musicbrainz,discogs,false
mbrainz_5038,discogs_184414,musicbrainz,discogs,false
mbrainz_5038,discogs_188262,musicbrainz,discogs,false
mbrainz_5038,discogs_49392,musicbrainz,discogs,false
mbrainz_5038,discogs_61706,musicbrainz,discogs,false
mbrainz_5038,discogs_96025,musicbrainz,discogs,false
mbrainz_5040,discogs_145008,musicbrainz,discogs,false
mbrainz_5040,discogs_163237,musicbrainz,discogs,false
mbrainz_5040,discogs_192823,musicbrainz,discogs,false
mbrainz_5040,discogs_40227,musicbrainz,discogs,false
mbrainz_5053,discogs_111326,musicbrainz,discogs,false
mbrainz_5053,discogs_177312,musicbrainz,discogs,false
mbrainz_5053,discogs_21003,musicbrainz,discogs,false
mbrainz_5053,discogs_3003,musicbrainz,discogs,false
mbrainz_5053,discogs_35804,musicbrainz,discogs,false
mbrainz_5053,discogs_3726,musicbrainz,discogs,false
mbrainz_5053,discogs_6872,musicbrainz,discogs,false
mbrainz_5053,discogs_893,musicbrainz,discogs,false
mbrainz_5054,discogs_114514,musicbrainz,discogs,false
mbrainz_5054,discogs_140195,musicbrainz,discogs,false
mbrainz_5054,discogs_144560,musicbrainz,discogs,false
mbrainz_5054,discogs_189757,musicbrainz,discogs,false
mbrainz_5054,discogs_76800,musicbrainz,discogs,false
mbrainz_5054,discogs_79910,musicbrainz,discogs,false
mbrainz_5056,discogs_152648,musicbrainz,discogs,false
mbrainz_5056,discogs_161981,musicbrainz,discogs,false
mbrainz_5056,discogs_21828,musicbrainz,discogs,false
mbrainz_5056,discogs_24676,musicbrainz,discogs,false
mbrainz_5056,discogs_71208,musicbrainz,discogs,false
mbrainz_5056,discogs_95042,musicbrainz,discogs,false
mbrainz_5056,discogs_97871,musicbrainz,discogs,false
mbrainz_5061,discogs_142521,musicbrainz,discogs,false
mbrainz_5061,discogs_31309,musicbrainz,discogs,false
mbrainz_5061,discogs_3840,musicbrainz,discogs,false
mbrainz_5061,discogs_41932,musicbrainz,discogs,false
mbrainz_5061,discogs_75722,musicbrainz,discogs,false
mbrainz_5072,discogs_168140,musicbrainz,discogs,false
mbrainz_5072,discogs_171150,musicbrainz,discogs,false
mbrainz_5072,discogs_74714,musicbrainz,discogs,false
mbrainz_5097,discogs_106665,musicbrainz,discogs,false
mbrainz_5097,discogs_135402,musicbrainz,discogs,false
mbrainz_5097,discogs_146786,musicbrainz,discogs,false
mbrainz_5097,discogs_153193,musicbrainz,discogs,false
mbrainz_5097,discogs_16897,musicbrainz,discogs,false
mbrainz_5097,discogs_196026,musicbrainz,discogs,false
mbrainz_5097,discogs_41570,musicbrainz,discogs,false
mbrainz_5097,discogs_44731,musicbrainz,discogs,false
mbrainz_5097,discogs_4703,musicbrainz,discogs,false
mbrainz_5108,discogs_160102,musicbrainz,discogs,false
mbrainz_5108,discogs_6454,musicbrainz,discogs,false
mbrainz_5108,discogs_79537,musicbrainz,discogs,false
mbrainz_5110,discogs_116811,musicbrainz,discogs,false
mbrainz_5110,discogs_142942,musicbrainz,discogs,false
mbrainz_5110,discogs_1889,musicbrainz,discogs,false
mbrainz_5110,discogs_189,musicbrainz,discogs,false
mbrainz_5110,discogs_33833,musicbrainz,discogs,false
mbrainz_5110,discogs_4361,musicbrainz,discogs,false
mbrainz_5110,discogs_45839,musicbrainz,discogs,false
mbrainz_5127,discogs_13730,musicbrainz,discogs,false
mbrainz_5127,discogs_163853,musicbrainz,discogs,false
mbrainz_5127,discogs_174311,musicbrainz,discogs,false
mbrainz_5127,discogs_179498,musicbrainz,discogs,false
mbrainz_5127,discogs_19197,musicbrainz,discogs,false
mbrainz_5127,discogs_33715,musicbrainz,discogs,false
mbrainz_5127,discogs_5154,musicbrainz,discogs,false
mbrainz_516,discogs_23553,musicbrainz,discogs,false
mbrainz_516,discogs_57572,musicbrainz,discogs,false
mbrainz_5167,discogs_111633,musicbrainz,discogs,false
mbrainz_5167,discogs_115569,musicbrainz,discogs,false
mbrainz_5167,discogs_11735,musicbrainz,discogs,false
mbrainz_5167,discogs_163296,musicbrainz,discogs,false
mbrainz_5167,discogs_165185,musicbrainz,discogs,false
mbrainz_5167,discogs_63083,musicbrainz,discogs,false
mbrainz_5167,discogs_73919,musicbrainz,discogs,false
mbrainz_5167,discogs_85061,musicbrainz,discogs,false
mbrainz_5196,discogs_14793,musicbrainz,discogs,false
mbrainz_5196,discogs_178152,musicbrainz,discogs,false
mbrainz_5196,discogs_189200,musicbrainz,discogs,false
mbrainz_5196,discogs_19173,musicbrainz,discogs,false
mbrainz_5196,discogs_53765,musicbrainz,discogs,false
mbrainz_5196,discogs_56711,musicbrainz,discogs,false
mbrainz_5196,discogs_73897,musicbrainz,discogs,false
mbrainz_5196,discogs_82801,musicbrainz,discogs,false
mbrainz_5205,discogs_13075,musicbrainz,discogs,false
mbrainz_5205,discogs_135088,musicbrainz,discogs,false
mbrainz_5205,discogs_155385,musicbrainz,discogs,false
mbrainz_5205,discogs_16164,musicbrainz,discogs,false
mbrainz_5205,discogs_172383,musicbrainz,discogs,false
mbrainz_5205,discogs_192019,musicbrainz,discogs,false
mbrainz_5210,discogs_102596,musicbrainz,discogs,false
mbrainz_5210,discogs_107042,musicbrainz,discogs,false
mbrainz_5210,discogs_124965,musicbrainz,discogs,false
mbrainz_5210,discogs_13771,musicbrainz,discogs,false
mbrainz_5210,discogs_145442,musicbrainz,discogs,false
mbrainz_5210,discogs_188265,musicbrainz,discogs,false
mbrainz_5210,discogs_26262,musicbrainz,discogs,false
mbrainz_5210,discogs_68378,musicbrainz,discogs,false
mbrainz_5224,discogs_105079,musicbrainz,discogs,false
mbrainz_5224,discogs_164331,musicbrainz,discogs,false
mbrainz_5224,discogs_172415,musicbrainz,discogs,false
mbrainz_5224,discogs_20509,musicbrainz,discogs,false
mbrainz_5224,discogs_23576,musicbrainz,discogs,false
mbrainz_5224,discogs_56067,musicbrainz,discogs,false
mbrainz_5224,discogs_69992,musicbrainz,discogs,false
mbrainz_5224,discogs_9488,musicbrainz,discogs,false
mbrainz_5233,discogs_1058,musicbrainz,discogs,false
mbrainz_5250,discogs_131607,musicbrainz,discogs,false
mbrainz_5250,discogs_14060,musicbrainz,discogs,false
mbrainz_5250,discogs_152772,musicbrainz,discogs,false
mbrainz_5250,discogs_173536,musicbrainz,discogs,false
mbrainz_5250,discogs_30423,musicbrainz,discogs,false
mbrainz_5256,discogs_22267,musicbrainz,discogs,false
mbrainz_5256,discogs_23647,musicbrainz,discogs,false
mbrainz_5256,discogs_29334,musicbrainz,discogs,false
mbrainz_5256,discogs_32283,musicbrainz,discogs,false
mbrainz_5256,discogs_34816,musicbrainz,discogs,false
mbrainz_5256,discogs_55034,musicbrainz,discogs,false
mbrainz_5256,discogs_92060,musicbrainz,discogs,false
mbrainz_5256,discogs_98809,musicbrainz,discogs,false
mbrainz_5259,discogs_25208,musicbrainz,discogs,false
mbrainz_5259,discogs_27599,musicbrainz,discogs,false
mbrainz_5259,discogs_40655,musicbrainz,discogs,false
mbrainz_5259,discogs_6178,musicbrainz,discogs,false
mbrainz_5259,discogs_7324,musicbrainz,discogs,false
mbrainz_5259,discogs_92110,musicbrainz,discogs,false
mbrainz_5260,discogs_29130,musicbrainz,discogs,false
mbrainz_5285,discogs_8010,musicbrainz,discogs,false
mbrainz_5290,discogs_10765,musicbrainz,discogs,false
mbrainz_5290,discogs_112686,musicbrainz,discogs,false
mbrainz_5290,discogs_128974,musicbrainz,discogs,false
mbrainz_5290,discogs_175031,musicbrainz,discogs,false
mbrainz_5290,discogs_195637,musicbrainz,discogs,false
mbrainz_5290,discogs_88663,musicbrainz,discogs,false
mbrainz_5293,discogs_113640,musicbrainz,discogs,false
mbrainz_5293,discogs_128364,musicbrainz,discogs,false
mbrainz_5293,discogs_13896,musicbrainz,discogs,false
mbrainz_5293,discogs_139686,musicbrainz,discogs,false
mbrainz_5293,discogs_14347,musicbrainz,discogs,false
mbrainz_5293,discogs_177445,musicbrainz,discogs,false
mbrainz_5293,discogs_33681,musicbrainz,discogs,false
mbrainz_5293,discogs_34584,musicbrainz,discogs,false
mbrainz_5293,discogs_38678,musicbrainz,discogs,false
mbrainz_5293,discogs_85349,musicbrainz,discogs,false
mbrainz_53,discogs_12130,musicbrainz,discogs,false
mbrainz_53,discogs_123721,musicbrainz,discogs,false
mbrainz_53,discogs_126986,musicbrainz,discogs,false
mbrainz_53,discogs_3615,musicbrainz,discogs,false
mbrainz_53,discogs_73539,musicbrainz,discogs,false
mbrainz_53,discogs_87366,musicbrainz,discogs,false
mbrainz_5301,discogs_173973,musicbrainz,discogs,false
mbrainz_5305,discogs_105759,musicbrainz,discogs,false
mbrainz_5305,discogs_145035,musicbrainz,discogs,false
mbrainz_5305,discogs_38402,musicbrainz,discogs,false
mbrainz_5305,discogs_45149,musicbrainz,discogs,false
mbrainz_5305,discogs_50918,musicbrainz,discogs,false
mbrainz_5305,discogs_5841,musicbrainz,discogs,false
mbrainz_5305,discogs_60920,musicbrainz,discogs,false
mbrainz_5305,discogs_9363,musicbrainz,discogs,false
mbrainz_5315,discogs_10546,musicbrainz,discogs,false
mbrainz_5315,discogs_106883,musicbrainz,discogs,false
mbrainz_5315,discogs_144191,musicbrainz,discogs,false
mbrainz_5315,discogs_144828,musicbrainz,discogs,false
mbrainz_5315,discogs_46491,musicbrainz,discogs,false
mbrainz_5315,discogs_53370,musicbrainz,discogs,false
mbrainz_5315,discogs_61042,musicbrainz,discogs,false
mbrainz_5315,discogs_70237,musicbrainz,discogs,false
mbrainz_5338,discogs_136318,musicbrainz,discogs,false
mbrainz_5338,discogs_41247,musicbrainz,discogs,false
mbrainz_5338,discogs_90823,musicbrainz,discogs,false
mbrainz_5358,discogs_11655,musicbrainz,discogs,false
mbrainz_5358,discogs_129521,musicbrainz,discogs,false
mbrainz_5358,discogs_52667,musicbrainz,discogs,false
mbrainz_5358,discogs_66945,musicbrainz,discogs,false
mbrainz_5358,discogs_84997,musicbrainz,discogs,false
mbrainz_5358,discogs_89402,musicbrainz,discogs,false
mbrainz_5364,discogs_142050,musicbrainz,discogs,false
mbrainz_5364,discogs_151737,musicbrainz,discogs,false
mbrainz_5379,discogs_133057,musicbrainz,discogs,false
mbrainz_5379,discogs_134233,musicbrainz,discogs,false
mbrainz_5379,discogs_14779,musicbrainz,discogs,false
mbrainz_5379,discogs_157167,musicbrainz,discogs,false
mbrainz_5379,discogs_52725,musicbrainz,discogs,false
mbrainz_5379,discogs_70654,musicbrainz,discogs,false
mbrainz_5379,discogs_87682,musicbrainz,discogs,false
mbrainz_5379,discogs_94111,musicbrainz,discogs,false
mbrainz_5379,discogs_96401,musicbrainz,discogs,false
mbrainz_5387,discogs_117812,musicbrainz,discogs,false
mbrainz_5387,discogs_12129,musicbrainz,discogs,false
mbrainz_5387,discogs_122612,musicbrainz,discogs,false
mbrainz_5387,discogs_164449,musicbrainz,discogs,false
mbrainz_5387,discogs_72448,musicbrainz,discogs,false
mbrainz_5387,discogs_73284,musicbrainz,discogs,false
mbrainz_5387,discogs_96934,musicbrainz,discogs,false
mbrainz_5387,discogs_9904,musicbrainz,discogs,false
mbrainz_539,discogs_154846,musicbrainz,discogs,false
mbrainz_539,discogs_16103,musicbrainz,discogs,false
mbrainz_539,discogs_1664,musicbrainz,discogs,false
mbrainz_539,discogs_169854,musicbrainz,discogs,false
mbrainz_539,discogs_25157,musicbrainz,discogs,false
mbrainz_539,discogs_55113,musicbrainz,discogs,false
mbrainz_539,discogs_6285,musicbrainz,discogs,false
mbrainz_5411,discogs_158269,musicbrainz,discogs,false
mbrainz_5411,discogs_168025,musicbrainz,discogs,false
mbrainz_5411,discogs_19695,musicbrainz,discogs,false
mbrainz_5411,discogs_63085,musicbrainz,discogs,false
mbrainz_5415,discogs_111479,musicbrainz,discogs,false
mbrainz_5415,discogs_186678,musicbrainz,discogs,false
mbrainz_5444,discogs_149423,musicbrainz,discogs,false
mbrainz_5444,discogs_15585,musicbrainz,discogs,false
mbrainz_5444,discogs_156077,musicbrainz,discogs,false
mbrainz_5444,discogs_186593,musicbrainz,discogs,false
mbrainz_5444,discogs_195927,musicbrainz,discogs,false
mbrainz_5444,discogs_32506,musicbrainz,discogs,false
mbrainz_5444,discogs_70510,musicbrainz,discogs,false
mbrainz_546,discogs_112388,musicbrainz,discogs,false
mbrainz_546,discogs_127895,musicbrainz,discogs,false
mbrainz_546,discogs_186047,musicbrainz,discogs,false
mbrainz_546,discogs_26744,musicbrainz,discogs,false
mbrainz_546,discogs_59252,musicbrainz,discogs,false
mbrainz_546,discogs_8483,musicbrainz,discogs,false
mbrainz_546,discogs_8552,musicbrainz,discogs,false
mbrainz_5466,discogs_110,musicbrainz,discogs,false
mbrainz_5466,discogs_135484,musicbrainz,discogs,false
mbrainz_5466,discogs_165973,musicbrainz,discogs,false
mbrainz_5466,discogs_24511,musicbrainz,discogs,false
mbrainz_5466,discogs_31604,musicbrainz,discogs,false
mbrainz_5466,discogs_38119,musicbrainz,discogs,false
mbrainz_5466,discogs_58125,musicbrainz,discogs,false
mbrainz_5466,discogs_63051,musicbrainz,discogs,false
mbrainz_547,discogs_1568,musicbrainz,discogs,false
mbrainz_547,discogs_176901,musicbrainz,discogs,false
mbrainz_547,discogs_196341,musicbrainz,discogs,false
mbrainz_547,discogs_196934,musicbrainz,discogs,false
mbrainz_5470,discogs_9241,musicbrainz,discogs,false
mbrainz_5479,discogs_132989,musicbrainz,discogs,false
mbrainz_5479,discogs_21655,musicbrainz,discogs,false
mbrainz_5479,discogs_23801,musicbrainz,discogs,false
mbrainz_5479,discogs_27498,musicbrainz,discogs,false
mbrainz_5479,discogs_87425,musicbrainz,discogs,false
mbrainz_5482,discogs_13034,musicbrainz,discogs,false
mbrainz_5482,discogs_153151,musicbrainz,discogs,false
mbrainz_5482,discogs_197393,musicbrainz,discogs,false
mbrainz_5482,discogs_24114,musicbrainz,discogs,false
mbrainz_5482,discogs_35792,musicbrainz,discogs,false
mbrainz_5482,discogs_42481,musicbrainz,discogs,false
mbrainz_5482,discogs_63837,musicbrainz,discogs,false
mbrainz_5482,discogs_70672,musicbrainz,discogs,false
mbrainz_5492,discogs_185967,musicbrainz,discogs,false
mbrainz_5498,discogs_13380,musicbrainz,discogs,false
mbrainz_5498,discogs_20978,musicbrainz,discogs,false
mbrainz_5498,discogs_42345,musicbrainz,discogs,false
mbrainz_5498,discogs_45036,musicbrainz,discogs,false
mbrainz_5498,discogs_6722,musicbrainz,discogs,false
mbrainz_5498,discogs_67827,musicbrainz,discogs,false
mbrainz_550,discogs_114514,musicbrainz,discogs,false
mbrainz_550,discogs_140195,musicbrainz,discogs,false
mbrainz_550,discogs_158650,musicbrainz,discogs,false
mbrainz_550,discogs_174060,musicbrainz,discogs,false
mbrainz_550,discogs_189757,musicbrainz,discogs,false
mbrainz_550,discogs_62319,musicbrainz,discogs,false
mbrainz_550,discogs_70412,musicbrainz,discogs,false
mbrainz_5511,discogs_168116,musicbrainz,discogs,false
mbrainz_5511,discogs_36903,musicbrainz,discogs,false
mbrainz_5511,discogs_91967,musicbrainz,discogs,false
mbrainz_5525,discogs_150615,musicbrainz,discogs,false
mbrainz_5525,discogs_198046,musicbrainz,discogs,false
mbrainz_5525,discogs_2102,musicbrainz,discogs,false
mbrainz_5525,discogs_2710,musicbrainz,discogs,false
mbrainz_5525,discogs_43102,musicbrainz,discogs,false
mbrainz_5525,discogs_5802,musicbrainz,discogs,false
mbrainz_5525,discogs_82085,musicbrainz,discogs,false
mbrainz_5525,discogs_90245,musicbrainz,discogs,false
mbrainz_5567,discogs_171530,musicbrainz,discogs,false
mbrainz_5567,discogs_178446,musicbrainz,discogs,false
mbrainz_557,discogs_141368,musicbrainz,discogs,false
mbrainz_557,discogs_180919,musicbrainz,discogs,false
mbrainz_5574,discogs_116367,musicbrainz,discogs,false
mbrainz_5574,discogs_118334,musicbrainz,discogs,false
mbrainz_5574,discogs_132341,musicbrainz,discogs,false
mbrainz_5574,discogs_137598,musicbrainz,discogs,false
mbrainz_5574,discogs_75962,musicbrainz,discogs,false
mbrainz_5574,discogs_8146,musicbrainz,discogs,false
mbrainz_5575,discogs_119319,musicbrainz,discogs,false
mbrainz_5575,discogs_122204,musicbrainz,discogs,false
mbrainz_5575,discogs_172783,musicbrainz,discogs,false
mbrainz_5575,discogs_26677,musicbrainz,discogs,false
mbrainz_5575,discogs_47264,musicbrainz,discogs,false
mbrainz_5575,discogs_58477,musicbrainz,discogs,false
mbrainz_5575,discogs_88632,musicbrainz,discogs,false
mbrainz_558,discogs_104836,musicbrainz,discogs,false
mbrainz_558,discogs_121861,musicbrainz,discogs,false
mbrainz_558,discogs_122069,musicbrainz,discogs,false
mbrainz_558,discogs_181472,musicbrainz,discogs,false
mbrainz_558,discogs_181708,musicbrainz,discogs,false
mbrainz_558,discogs_43472,musicbrainz,discogs,false
mbrainz_558,discogs_60573,musicbrainz,discogs,false
mbrainz_558,discogs_85170,musicbrainz,discogs,false
mbrainz_558,discogs_9827,musicbrainz,discogs,false
mbrainz_5586,discogs_54374,musicbrainz,discogs,false
mbrainz_559,discogs_99335,musicbrainz,discogs,false
mbrainz_5631,discogs_103190,musicbrainz,discogs,false
mbrainz_5631,discogs_168056,musicbrainz,discogs,false
mbrainz_5631,discogs_26153,musicbrainz,discogs,false
mbrainz_5631,discogs_27846,musicbrainz,discogs,false
mbrainz_5631,discogs_31954,musicbrainz,discogs,false
mbrainz_5631,discogs_32843,musicbrainz,discogs,false
mbrainz_5631,discogs_36981,musicbrainz,discogs,false
mbrainz_5639,discogs_121088,musicbrainz,discogs,false
mbrainz_5639,discogs_150083,musicbrainz,discogs,false
mbrainz_5639,discogs_158388,musicbrainz,discogs,false
mbrainz_5639,discogs_22651,musicbrainz,discogs,false
mbrainz_5639,discogs_27909,musicbrainz,discogs,false
mbrainz_5639,discogs_31051,musicbrainz,discogs,false
mbrainz_5639,discogs_34733,musicbrainz,discogs,false
mbrainz_5639,discogs_43208,musicbrainz,discogs,false
mbrainz_5639,discogs_86726,musicbrainz,discogs,false
mbrainz_5666,discogs_105319,musicbrainz,discogs,false
mbrainz_5666,discogs_137185,musicbrainz,discogs,false
mbrainz_5666,discogs_186832,musicbrainz,discogs,false
mbrainz_5666,discogs_197141,musicbrainz,discogs,false
mbrainz_5666,discogs_26021,musicbrainz,discogs,false
mbrainz_5666,discogs_28045,musicbrainz,discogs,false
mbrainz_5688,discogs_11210,musicbrainz,discogs,false
mbrainz_5688,discogs_118241,musicbrainz,discogs,false
mbrainz_5688,discogs_13824,musicbrainz,discogs,false
mbrainz_5688,discogs_21911,musicbrainz,discogs,false
mbrainz_5688,discogs_24776,musicbrainz,discogs,false
mbrainz_5688,discogs_66056,musicbrainz,discogs,false
mbrainz_5688,discogs_9285,musicbrainz,discogs,false
mbrainz_57,discogs_121493,musicbrainz,discogs,false
mbrainz_57,discogs_168124,musicbrainz,discogs,false
mbrainz_57,discogs_183968,musicbrainz,discogs,false
mbrainz_57,discogs_30179,musicbrainz,discogs,false
mbrainz_57,discogs_39744,musicbrainz,discogs,false
mbrainz_57,discogs_46714,musicbrainz,discogs,false
mbrainz_57,discogs_7353,musicbrainz,discogs,false
mbrainz_5701,discogs_104191,musicbrainz,discogs,false
mbrainz_5701,discogs_106344,musicbrainz,discogs,false
mbrainz_5701,discogs_110913,musicbrainz,discogs,false
mbrainz_5704,discogs_16974,musicbrainz,discogs,false
mbrainz_5704,discogs_172021,musicbrainz,discogs,false
mbrainz_5704,discogs_178040,musicbrainz,discogs,false
mbrainz_5704,discogs_193464,musicbrainz,discogs,false
mbrainz_5704,discogs_195096,musicbrainz,discogs,false
mbrainz_5704,discogs_20715,musicbrainz,discogs,false
mbrainz_5704,discogs_41109,musicbrainz,discogs,false
mbrainz_573,discogs_18696,musicbrainz,discogs,false
mbrainz_573,discogs_193987,musicbrainz,discogs,false
mbrainz_573,discogs_2516,musicbrainz,discogs,false
mbrainz_573,discogs_27860,musicbrainz,discogs,false
mbrainz_573,discogs_29671,musicbrainz,discogs,false
mbrainz_573,discogs_3616,musicbrainz,discogs,false
mbrainz_5737,discogs_114514,musicbrainz,discogs,false
mbrainz_5737,discogs_140195,musicbrainz,discogs,false
mbrainz_5737,discogs_144560,musicbrainz,discogs,false
mbrainz_5737,discogs_158650,musicbrainz,discogs,false
mbrainz_5737,discogs_174060,musicbrainz,discogs,false
mbrainz_5737,discogs_189757,musicbrainz,discogs,false
mbrainz_5737,discogs_21696,musicbrainz,discogs,false
mbrainz_5737,discogs_70412,musicbrainz,discogs,false
mbrainz_5737,discogs_98309,musicbrainz,discogs,false
mbrainz_5764,discogs_11379,musicbrainz,discogs,false
mbrainz_5764,discogs_140672,musicbrainz,discogs,false
mbrainz_5764,discogs_15269,musicbrainz,discogs,false
mbrainz_5764,discogs_21257,musicbrainz,discogs,false
mbrainz_5764,discogs_23754,musicbrainz,discogs,false
mbrainz_5764,discogs_5974,musicbrainz,discogs,false
mbrainz_5764,discogs_87844,musicbrainz,discogs,false
mbrainz_5764,discogs_91134,musicbrainz,discogs,false
mbrainz_5766,discogs_191263,musicbrainz,discogs,false
mbrainz_5766,discogs_3217,musicbrainz,discogs,false
mbrainz_5772,discogs_17777,musicbrainz,discogs,false
mbrainz_5772,discogs_28913,musicbrainz,discogs,false
mbrainz_5772,discogs_6285,musicbrainz,discogs,false
mbrainz_5772,discogs_80254,musicbrainz,discogs,false
mbrainz_5772,discogs_8423,musicbrainz,discogs,false
mbrainz_5780,discogs_11529,musicbrainz,discogs,false
mbrainz_5780,discogs_130897,musicbrainz,discogs,false
mbrainz_5780,discogs_152325,musicbrainz,discogs,false
mbrainz_5780,discogs_178204,musicbrainz,discogs,false
mbrainz_5780,discogs_22151,musicbrainz,discogs,false
mbrainz_5780,discogs_33482,musicbrainz,discogs,false
mbrainz_5801,discogs_125133,musicbrainz,discogs,false
mbrainz_5801,discogs_15269,musicbrainz,discogs,false
mbrainz_5801,discogs_163674,musicbrainz,discogs,false
mbrainz_5801,discogs_40562,musicbrainz,discogs,false
mbrainz_5801,discogs_72531,musicbrainz,discogs,false
mbrainz_5845,discogs_103182,musicbrainz,discogs,false
mbrainz_5845,discogs_23449,musicbrainz,discogs,false
mbrainz_5845,discogs_36157,musicbrainz,discogs,false
mbrainz_5845,discogs_38521,musicbrainz,discogs,false
mbrainz_5845,discogs_43199,musicbrainz,discogs,false
mbrainz_5845,discogs_92704,musicbrainz,discogs,false
mbrainz_5846,discogs_10244,musicbrainz,discogs,false
mbrainz_5846,discogs_112871,musicbrainz,discogs,false
mbrainz_5846,discogs_115085,musicbrainz,discogs,false
mbrainz_5846,discogs_144890,musicbrainz,discogs,false
mbrainz_5846,discogs_15633,musicbrainz,discogs,false
mbrainz_5846,discogs_169796,musicbrainz,discogs,false
mbrainz_5846,discogs_171339,musicbrainz,discogs,false
mbrainz_5846,discogs_22465,musicbrainz,discogs,false
mbrainz_5879,discogs_11941,musicbrainz,discogs,false
mbrainz_5879,discogs_15818,musicbrainz,discogs,false
mbrainz_5879,discogs_159888,musicbrainz,discogs,false
mbrainz_5879,discogs_181190,musicbrainz,discogs,false
mbrainz_5879,discogs_184957,musicbrainz,discogs,false
mbrainz_5879,discogs_18726,musicbrainz,discogs,false
mbrainz_5879,discogs_49098,musicbrainz,discogs,false
mbrainz_5879,discogs_63718,musicbrainz,discogs,false
mbrainz_5879,discogs_78767,musicbrainz,discogs,false
mbrainz_5896,discogs_112627,musicbrainz,discogs,false
mbrainz_5896,discogs_117825,musicbrainz,discogs,false
mbrainz_5896,discogs_147389,musicbrainz,discogs,false
mbrainz_5896,discogs_187361,musicbrainz,discogs,false
mbrainz_5896,discogs_45329,musicbrainz,discogs,false
mbrainz_5896,discogs_62802,musicbrainz,discogs,false
mbrainz_5914,discogs_101094,musicbrainz,discogs,false
mbrainz_5914,discogs_101312,musicbrainz,discogs,false
mbrainz_5914,discogs_153070,musicbrainz,discogs,false
mbrainz_5914,discogs_36674,musicbrainz,discogs,false
mbrainz_5914,discogs_64235,musicbrainz,discogs,false
mbrainz_5914,discogs_82621,musicbrainz,discogs,false
mbrainz_5914,discogs_85723,musicbrainz,discogs,false
mbrainz_5923,discogs_122140,musicbrainz,discogs,false
mbrainz_5923,discogs_129801,musicbrainz,discogs,false
mbrainz_5923,discogs_129804,musicbrainz,discogs,false
mbrainz_5923,discogs_129805,musicbrainz,discogs,false
mbrainz_5923,discogs_129807,musicbrainz,discogs,false
mbrainz_5923,discogs_176847,musicbrainz,discogs,false
mbrainz_5923,discogs_59197,musicbrainz,discogs,false
mbrainz_5923,discogs_75961,musicbrainz,discogs,false
mbrainz_5926,discogs_11520,musicbrainz,discogs,false
mbrainz_5926,discogs_193311,musicbrainz,discogs,false
mbrainz_5926,discogs_349,musicbrainz,discogs,false
mbrainz_5926,discogs_82903,musicbrainz,discogs,false
mbrainz_5943,discogs_105237,musicbrainz,discogs,false
mbrainz_5943,discogs_106142,musicbrainz,discogs,false
mbrainz_5943,discogs_179545,musicbrainz,discogs,false
mbrainz_5943,discogs_187705,musicbrainz,discogs,false
mbrainz_5943,discogs_23787,musicbrainz,discogs,false
mbrainz_5943,discogs_45097,musicbrainz,discogs,false
mbrainz_5943,discogs_56462,musicbrainz,discogs,false
mbrainz_5943,discogs_59363,musicbrainz,discogs,false
mbrainz_595,discogs_101660,musicbrainz,discogs,false
mbrainz_595,discogs_105490,musicbrainz,discogs,false
mbrainz_595,discogs_115502,musicbrainz,discogs,false
mbrainz_595,discogs_129770,musicbrainz,discogs,false
mbrainz_595,discogs_180721,musicbrainz,discogs,false
mbrainz_595,discogs_2535,musicbrainz,discogs,false
mbrainz_595,discogs_25848,musicbrainz,discogs,false
mbrainz_595,discogs_35164,musicbrainz,discogs,false
mbrainz_5957,discogs_168566,musicbrainz,discogs,false
mbrainz_5957,discogs_36674,musicbrainz,discogs,false
mbrainz_5957,discogs_41824,musicbrainz,discogs,false
mbrainz_5957,discogs_49911,musicbrainz,discogs,false
mbrainz_5957,discogs_85723,musicbrainz,discogs,false
mbrainz_5965,discogs_114190,musicbrainz,discogs,false
mbrainz_5965,discogs_11534,musicbrainz,discogs,false
mbrainz_5965,discogs_154995,musicbrainz,discogs,false
mbrainz_5965,discogs_198,musicbrainz,discogs,false
mbrainz_5965,discogs_2874,musicbrainz,discogs,false
mbrainz_5965,discogs_31270,musicbrainz,discogs,false
mbrainz_5965,discogs_33429,musicbrainz,discogs,false
mbrainz_5965,discogs_77333,musicbrainz,discogs,false
mbrainz_5965,discogs_91863,musicbrainz,discogs,false
mbrainz_5969,discogs_9348,musicbrainz,discogs,false
mbrainz_5988,discogs_125732,musicbrainz,discogs,false
mbrainz_5988,discogs_134099,musicbrainz,discogs,false
mbrainz_5988,discogs_144412,musicbrainz,discogs,false
mbrainz_5988,discogs_161237,musicbrainz,discogs,false
mbrainz_5988,discogs_191807,musicbrainz,discogs,false
mbrainz_5988,discogs_82808,musicbrainz,discogs,false
mbrainz_5996,discogs_158845,musicbrainz,discogs,false
mbrainz_5996,discogs_50631,musicbrainz,discogs,false
mbrainz_5996,discogs_50807,musicbrainz,discogs,false
mbrainz_5996,discogs_69180,musicbrainz,discogs,false
mbrainz_5996,discogs_85697,musicbrainz,discogs,false
mbrainz_60,discogs_116753,musicbrainz,discogs,false
mbrainz_60,discogs_148462,musicbrainz,discogs,false
mbrainz_60,discogs_175257,musicbrainz,discogs,false
mbrainz_60,discogs_17556,musicbrainz,discogs,false
mbrainz_60,discogs_27752,musicbrainz,discogs,false
mbrainz_60,discogs_32159,musicbrainz,discogs,false
mbrainz_602,discogs_114653,musicbrainz,discogs,false
mbrainz_602,discogs_137749,musicbrainz,discogs,false
mbrainz_602,discogs_14627,musicbrainz,discogs,false
mbrainz_602,discogs_14791,musicbrainz,discogs,false
mbrainz_602,discogs_72435,musicbrainz,discogs,false
mbrainz_6026,discogs_11085,musicbrainz,discogs,false
mbrainz_6026,discogs_151221,musicbrainz,discogs,false
mbrainz_6026,discogs_178021,musicbrainz,discogs,false
mbrainz_6026,discogs_196644,musicbrainz,discogs,false
mbrainz_6026,discogs_53138,musicbrainz,discogs,false
mbrainz_6026,discogs_69961,musicbrainz,discogs,false
mbrainz_6026,discogs_82621,musicbrainz,discogs,false
mbrainz_6030,discogs_101436,musicbrainz,discogs,false
mbrainz_6030,discogs_117616,musicbrainz,discogs,false
mbrainz_6030,discogs_152318,musicbrainz,discogs,false
mbrainz_6030,discogs_47726,musicbrainz,discogs,false
mbrainz_6030,discogs_70370,musicbrainz,discogs,false
mbrainz_6030,discogs_74107,musicbrainz,discogs,false
mbrainz_6030,discogs_93992,musicbrainz,discogs,false
mbrainz_6033,discogs_189391,musicbrainz,discogs,false
mbrainz_604,discogs_102914,musicbrainz,discogs,false
mbrainz_604,discogs_116847,musicbrainz,discogs,false
mbrainz_604,discogs_126943,musicbrainz,discogs,false
mbrainz_604,discogs_153850,musicbrainz,discogs,false
mbrainz_604,discogs_41141,musicbrainz,discogs,false
mbrainz_604,discogs_56956,musicbrainz,discogs,false
mbrainz_604,discogs_94252,musicbrainz,discogs,false
mbrainz_6044,discogs_100348,musicbrainz,discogs,false
mbrainz_6044,discogs_105352,musicbrainz,discogs,false
mbrainz_6044,discogs_113171,musicbrainz,discogs,false
mbrainz_6044,discogs_121289,musicbrainz,discogs,false
mbrainz_6044,discogs_129443,musicbrainz,discogs,false
mbrainz_6044,discogs_134969,musicbrainz,discogs,false
mbrainz_6044,discogs_143304,musicbrainz,discogs,false
mbrainz_6044,discogs_165933,musicbrainz,discogs,false
mbrainz_6044,discogs_47308,musicbrainz,discogs,false
mbrainz_6045,discogs_108702,musicbrainz,discogs,false
mbrainz_6045,discogs_19822,musicbrainz,discogs,false
mbrainz_6045,discogs_25158,musicbrainz,discogs,false
mbrainz_6045,discogs_26855,musicbrainz,discogs,false
mbrainz_6045,discogs_27441,musicbrainz,discogs,false
mbrainz_6068,discogs_132742,musicbrainz,discogs,false
mbrainz_6068,discogs_18656,musicbrainz,discogs,false
mbrainz_6068,discogs_19244,musicbrainz,discogs,false
mbrainz_6068,discogs_33877,musicbrainz,discogs,false
mbrainz_6068,discogs_39033,musicbrainz,discogs,false
mbrainz_6068,discogs_71373,musicbrainz,discogs,false
mbrainz_6068,discogs_72203,musicbrainz,discogs,false
mbrainz_6068,discogs_89575,musicbrainz,discogs,false
mbrainz_61,discogs_121968,musicbrainz,discogs,false
mbrainz_61,discogs_125517,musicbrainz,discogs,false
mbrainz_61,discogs_128140,musicbrainz,discogs,false
mbrainz_61,discogs_188191,musicbrainz,discogs,false
mbrainz_61,discogs_60582,musicbrainz,discogs,false
mbrainz_61,discogs_64548,musicbrainz,discogs,false
mbrainz_61,discogs_77693,musicbrainz,discogs,false
mbrainz_61,discogs_79610,musicbrainz,discogs,false
mbrainz_6102,discogs_173886,musicbrainz,discogs,false
mbrainz_6102,discogs_92356,musicbrainz,discogs,false
mbrainz_6117,discogs_177633,musicbrainz,discogs,false
mbrainz_6117,discogs_184372,musicbrainz,discogs,false
mbrainz_6117,discogs_28520,musicbrainz,discogs,false
mbrainz_6117,discogs_45550,musicbrainz,discogs,false
mbrainz_6117,discogs_66806,musicbrainz,discogs,false
mbrainz_6117,discogs_90871,musicbrainz,discogs,false
mbrainz_6117,discogs_97936,musicbrainz,discogs,false
mbrainz_6119,discogs_117362,musicbrainz,discogs,false
mbrainz_6119,discogs_126087,musicbrainz,discogs,false
mbrainz_6119,discogs_14153,musicbrainz,discogs,false
mbrainz_6119,discogs_20544,musicbrainz,discogs,false
mbrainz_6119,discogs_20720,musicbrainz,discogs,false
mbrainz_6119,discogs_24057,musicbrainz,discogs,false
mbrainz_6119,discogs_37089,musicbrainz,discogs,false
mbrainz_6139,discogs_101045,musicbrainz,discogs,false
mbrainz_6139,discogs_16468,musicbrainz,discogs,false
mbrainz_6139,discogs_178988,musicbrainz,discogs,false
mbrainz_6139,discogs_22458,musicbrainz,discogs,false
mbrainz_6139,discogs_46249,musicbrainz,discogs,false
mbrainz_6139,discogs_9198,musicbrainz,discogs,false
mbrainz_6139,discogs_9261,musicbrainz,discogs,false
mbrainz_6173,discogs_159384,musicbrainz,discogs,false
mbrainz_6173,discogs_177230,musicbrainz,discogs,false
mbrainz_6188,discogs_178925,musicbrainz,discogs,false
mbrainz_6188,discogs_36574,musicbrainz,discogs,false
mbrainz_6207,discogs_105042,musicbrainz,discogs,false
mbrainz_6207,discogs_113857,musicbrainz,discogs,false
mbrainz_6207,discogs_125750,musicbrainz,discogs,false
mbrainz_6207,discogs_144789,musicbrainz,discogs,false
mbrainz_6207,discogs_178313,musicbrainz,discogs,false
mbrainz_6207,discogs_62635,musicbrainz,discogs,false
mbrainz_6207,discogs_74648,musicbrainz,discogs,false
mbrainz_6207,discogs_87575,musicbrainz,discogs,false
mbrainz_621,discogs_112500,musicbrainz,discogs,false
mbrainz_621,discogs_14075,musicbrainz,discogs,false
mbrainz_621,discogs_167961,musicbrainz,discogs,false
mbrainz_621,discogs_173268,musicbrainz,discogs,false
mbrainz_621,discogs_173994,musicbrainz,discogs,false
mbrainz_621,discogs_182833,musicbrainz,discogs,false
mbrainz_621,discogs_192845,musicbrainz,discogs,false
mbrainz_621,discogs_89940,musicbrainz,discogs,false
mbrainz_6226,discogs_100195,musicbrainz,discogs,false
mbrainz_6226,discogs_110305,musicbrainz,discogs,false
mbrainz_6226,discogs_185068,musicbrainz,discogs,false
mbrainz_6226,discogs_3915,musicbrainz,discogs,false
mbrainz_6226,discogs_99702,musicbrainz,discogs,false
mbrainz_626,discogs_189193,musicbrainz,discogs,false
mbrainz_626,discogs_92848,musicbrainz,discogs,false
mbrainz_6307,discogs_162830,musicbrainz,discogs,false
mbrainz_6307,discogs_75502,musicbrainz,discogs,false
mbrainz_6315,discogs_13537,musicbrainz,discogs,false
mbrainz_6315,discogs_167736,musicbrainz,discogs,false
mbrainz_6315,discogs_341,musicbrainz,discogs,false
mbrainz_6315,discogs_38226,musicbrainz,discogs,false
mbrainz_6315,discogs_38402,musicbrainz,discogs,false
mbrainz_6315,discogs_54253,musicbrainz,discogs,false
mbrainz_6315,discogs_5841,musicbrainz,discogs,false
mbrainz_6315,discogs_64515,musicbrainz,discogs,false
mbrainz_6315,discogs_8869,musicbrainz,discogs,false
mbrainz_6332,discogs_128894,musicbrainz,discogs,false
mbrainz_6332,discogs_180587,musicbrainz,discogs,false
mbrainz_6332,discogs_193418,musicbrainz,discogs,false
mbrainz_6332,discogs_258,musicbrainz,discogs,false
mbrainz_6332,discogs_78725,musicbrainz,discogs,false
mbrainz_6332,discogs_89954,musicbrainz,discogs,false
mbrainz_6332,discogs_93480,musicbrainz,discogs,false
mbrainz_634,discogs_107322,musicbrainz,discogs,false
mbrainz_634,discogs_124152,musicbrainz,discogs,false
mbrainz_634,discogs_150499,musicbrainz,discogs,false
mbrainz_634,discogs_190084,musicbrainz,discogs,false
mbrainz_634,discogs_2874,musicbrainz,discogs,false
mbrainz_634,discogs_33429,musicbrainz,discogs,false
mbrainz_634,discogs_9154,musicbrainz,discogs,false
mbrainz_6341,discogs_109101,musicbrainz,discogs,false
mbrainz_6341,discogs_162737,musicbrainz,discogs,false
mbrainz_6341,discogs_183483,musicbrainz,discogs,false
mbrainz_6341,discogs_23799,musicbrainz,discogs,false
mbrainz_6341,discogs_24060,musicbrainz,discogs,false
mbrainz_6341,discogs_3453,musicbrainz,discogs,false
mbrainz_6341,discogs_43244,musicbrainz,discogs,false
mbrainz_6342,discogs_102359,musicbrainz,discogs,false
mbrainz_6342,discogs_26877,musicbrainz,discogs,false
mbrainz_6342,discogs_31187,musicbrainz,discogs,false
mbrainz_6342,discogs_4911,musicbrainz,discogs,false
mbrainz_6342,discogs_94853,musicbrainz,discogs,false
mbrainz_6367,discogs_11941,musicbrainz,discogs,false
mbrainz_6367,discogs_125070,musicbrainz,discogs,false
mbrainz_6367,discogs_138583,musicbrainz,discogs,false
mbrainz_6367,discogs_35567,musicbrainz,discogs,false
mbrainz_6367,discogs_3750,musicbrainz,discogs,false
mbrainz_6367,discogs_78334,musicbrainz,discogs,false
mbrainz_6368,discogs_117803,musicbrainz,discogs,false
mbrainz_6368,discogs_14128,musicbrainz,discogs,false
mbrainz_6368,discogs_16999,musicbrainz,discogs,false
mbrainz_6368,discogs_17279,musicbrainz,discogs,false
mbrainz_6368,discogs_17965,musicbrainz,discogs,false
mbrainz_6368,discogs_62243,musicbrainz,discogs,false
mbrainz_6368,discogs_68724,musicbrainz,discogs,false
mbrainz_6368,discogs_74167,musicbrainz,discogs,false
mbrainz_6368,discogs_88903,musicbrainz,discogs,false
mbrainz_6384,discogs_144730,musicbrainz,discogs,false
mbrainz_6384,discogs_177787,musicbrainz,discogs,false
mbrainz_6384,discogs_94209,musicbrainz,discogs,false
mbrainz_6388,discogs_2917,musicbrainz,discogs,false
mbrainz_6388,discogs_6457,musicbrainz,discogs,false
mbrainz_6388,discogs_6599,musicbrainz,discogs,false
mbrainz_6388,discogs_6836,musicbrainz,discogs,false
mbrainz_64,discogs_114743,musicbrainz,discogs,false
mbrainz_64,discogs_135864,musicbrainz,discogs,false
mbrainz_64,discogs_136319,musicbrainz,discogs,false
mbrainz_64,discogs_171410,musicbrainz,discogs,false
mbrainz_64,discogs_182352,musicbrainz,discogs,false
mbrainz_64,discogs_195584,musicbrainz,discogs,false
mbrainz_64,discogs_197752,musicbrainz,discogs,false
mbrainz_64,discogs_31612,musicbrainz,discogs,false
mbrainz_6404,discogs_112273,musicbrainz,discogs,false
mbrainz_6404,discogs_9932,musicbrainz,discogs,false
mbrainz_641,discogs_101806,musicbrainz,discogs,false
mbrainz_641,discogs_115674,musicbrainz,discogs,false
mbrainz_641,discogs_122954,musicbrainz,discogs,false
mbrainz_641,discogs_171560,musicbrainz,discogs,false
mbrainz_641,discogs_25157,musicbrainz,discogs,false
mbrainz_641,discogs_4452,musicbrainz,discogs,false
mbrainz_6419,discogs_143481,musicbrainz,discogs,false
mbrainz_6419,discogs_17171,musicbrainz,discogs,false
mbrainz_6419,discogs_173174,musicbrainz,discogs,false
mbrainz_6419,discogs_176241,musicbrainz,discogs,false
mbrainz_6419,discogs_177980,musicbrainz,discogs,false
mbrainz_6419,discogs_18486,musicbrainz,discogs,false
mbrainz_6419,discogs_96017,musicbrainz,discogs,false
mbrainz_6459,discogs_103671,musicbrainz,discogs,false
mbrainz_6459,discogs_166412,musicbrainz,discogs,false
mbrainz_6459,discogs_172845,musicbrainz,discogs,false
mbrainz_6459,discogs_39867,musicbrainz,discogs,false
mbrainz_6459,discogs_52485,musicbrainz,discogs,false
mbrainz_6459,discogs_66790,musicbrainz,discogs,false
mbrainz_646,discogs_109421,musicbrainz,discogs,false
mbrainz_646,discogs_128670,musicbrainz,discogs,false
mbrainz_646,discogs_136618,musicbrainz,discogs,false
mbrainz_646,discogs_177478,musicbrainz,discogs,false
mbrainz_646,discogs_198097,musicbrainz,discogs,false
mbrainz_646,discogs_39163,musicbrainz,discogs,false
mbrainz_646,discogs_72826,musicbrainz,discogs,false
mbrainz_6466,discogs_137338,musicbrainz,discogs,false
mbrainz_6466,discogs_1629,musicbrainz,discogs,false
mbrainz_6466,discogs_20669,musicbrainz,discogs,false
mbrainz_6466,discogs_237,musicbrainz,discogs,false
mbrainz_6466,discogs_39172,musicbrainz,discogs,false
mbrainz_6466,discogs_830,musicbrainz,discogs,false
mbrainz_648,discogs_106296,musicbrainz,discogs,false
mbrainz_648,discogs_128974,musicbrainz,discogs,false
mbrainz_648,discogs_146582,musicbrainz,discogs,false
mbrainz_648,discogs_37993,musicbrainz,discogs,false
mbrainz_648,discogs_50681,musicbrainz,discogs,false
mbrainz_648,discogs_52336,musicbrainz,discogs,false
mbrainz_6490,discogs_147237,musicbrainz,discogs,false
mbrainz_6490,discogs_159949,musicbrainz,discogs,false
mbrainz_6491,discogs_147972,musicbrainz,discogs,false
mbrainz_6491,discogs_177885,musicbrainz,discogs,false
mbrainz_6491,discogs_77389,musicbrainz,discogs,false
mbrainz_6491,discogs_88146,musicbrainz,discogs,false
mbrainz_6492,discogs_122099,musicbrainz,discogs,false
mbrainz_6492,discogs_172132,musicbrainz,discogs,false
mbrainz_6492,discogs_196925,musicbrainz,discogs,false
mbrainz_6492,discogs_30228,musicbrainz,discogs,false
mbrainz_6492,discogs_36381,musicbrainz,discogs,false
mbrainz_6492,discogs_59281,musicbrainz,discogs,false
mbrainz_6492,discogs_87160,musicbrainz,discogs,false
mbrainz_6492,discogs_96363,musicbrainz,discogs,false
mbrainz_6497,discogs_151146,musicbrainz,discogs,false
mbrainz_6497,discogs_20515,musicbrainz,discogs,false
mbrainz_6514,discogs_137259,musicbrainz,discogs,false
mbrainz_6514,discogs_164450,musicbrainz,discogs,false
mbrainz_6514,discogs_33238,musicbrainz,discogs,false
mbrainz_6514,discogs_36903,musicbrainz,discogs,false
mbrainz_6514,discogs_55215,musicbrainz,discogs,false
mbrainz_6514,discogs_75343,musicbrainz,discogs,false
mbrainz_6514,discogs_82049,musicbrainz,discogs,false
mbrainz_6527,discogs_129643,musicbrainz,discogs,false
mbrainz_6527,discogs_136285,musicbrainz,discogs,false
mbrainz_6527,discogs_167020,musicbrainz,discogs,false
mbrainz_6527,discogs_192471,musicbrainz,discogs,false
mbrainz_6527,discogs_60582,musicbrainz,discogs,false
mbrainz_6527,discogs_64314,musicbrainz,discogs,false
mbrainz_657,discogs_102570,musicbrainz,discogs,false
mbrainz_657,discogs_122051,musicbrainz,discogs,false
mbrainz_657,discogs_125727,musicbrainz,discogs,false
mbrainz_657,discogs_127013,musicbrainz,discogs,false
mbrainz_657,discogs_131798,musicbrainz,discogs,false
mbrainz_657,discogs_164622,musicbrainz,discogs,false
mbrainz_657,discogs_168294,musicbrainz,discogs,false
mbrainz_657,discogs_289,musicbrainz,discogs,false
mbrainz_657,discogs_37485,musicbrainz,discogs,false
mbrainz_657,discogs_49077,musicbrainz,discogs,false
mbrainz_6578,discogs_113044,musicbrainz,discogs,false
mbrainz_6578,discogs_119440,musicbrainz,discogs,false
mbrainz_6578,discogs_149640,musicbrainz,discogs,false
mbrainz_6578,discogs_16897,musicbrainz,discogs,false
mbrainz_6578,discogs_26855,musicbrainz,discogs,false
mbrainz_6578,discogs_27441,musicbrainz,discogs,false
mbrainz_6578,discogs_49337,musicbrainz,discogs,false
mbrainz_6578,discogs_49338,musicbrainz,discogs,false
mbrainz_6578,discogs_51215,musicbrainz,discogs,false
mbrainz_6579,discogs_1018,musicbrainz,discogs,false
mbrainz_6579,discogs_108702,musicbrainz,discogs,false
mbrainz_6579,discogs_127770,musicbrainz,discogs,false
mbrainz_6579,discogs_25332,musicbrainz,discogs,false
mbrainz_6579,discogs_26855,musicbrainz,discogs,false
mbrainz_6579,discogs_27441,musicbrainz,discogs,false
mbrainz_6579,discogs_74290,musicbrainz,discogs,false
mbrainz_6584,discogs_174547,musicbrainz,discogs,false
mbrainz_6584,discogs_49021,musicbrainz,discogs,false
mbrainz_6585,discogs_113171,musicbrainz,discogs,false
mbrainz_6585,discogs_134969,musicbrainz,discogs,false
mbrainz_6585,discogs_15495,musicbrainz,discogs,false
mbrainz_6585,discogs_179800,musicbrainz,discogs,false
mbrainz_6585,discogs_29720,musicbrainz,discogs,false
mbrainz_6585,discogs_47308,musicbrainz,discogs,false
mbrainz_6585,discogs_67243,musicbrainz,discogs,false
mbrainz_66,discogs_107763,musicbrainz,discogs,false
mbrainz_6618,discogs_110233,musicbrainz,discogs,false
mbrainz_6618,discogs_111278,musicbrainz,discogs,false
mbrainz_6618,discogs_122152,musicbrainz,discogs,false
mbrainz_6618,discogs_126587,musicbrainz,discogs,false
mbrainz_6618,discogs_19634,musicbrainz,discogs,false
mbrainz_6618,discogs_66932,musicbrainz,discogs,false
mbrainz_663,discogs_118029,musicbrainz,discogs,false
mbrainz_663,discogs_123064,musicbrainz,discogs,false
mbrainz_663,discogs_1632,musicbrainz,discogs,false
mbrainz_663,discogs_33186,musicbrainz,discogs,false
mbrainz_663,discogs_4099,musicbrainz,discogs,false
mbrainz_663,discogs_69556,musicbrainz,discogs,false
mbrainz_663,discogs_8098,musicbrainz,discogs,false
mbrainz_663,discogs_97100,musicbrainz,discogs,false
mbrainz_6631,discogs_157478,musicbrainz,discogs,false
mbrainz_6631,discogs_169524,musicbrainz,discogs,false
mbrainz_6631,discogs_195451,musicbrainz,discogs,false
mbrainz_6631,discogs_39901,musicbrainz,discogs,false
mbrainz_6631,discogs_43099,musicbrainz,discogs,false
mbrainz_6631,discogs_51163,musicbrainz,discogs,false
mbrainz_6631,discogs_62594,musicbrainz,discogs,false
mbrainz_6631,discogs_69685,musicbrainz,discogs,false
mbrainz_6644,discogs_116802,musicbrainz,discogs,false
mbrainz_6644,discogs_68631,musicbrainz,discogs,false
mbrainz_6647,discogs_117875,musicbrainz,discogs,false
mbrainz_6647,discogs_121645,musicbrainz,discogs,false
mbrainz_6647,discogs_138878,musicbrainz,discogs,false
mbrainz_6647,discogs_175578,musicbrainz,discogs,false
mbrainz_6647,discogs_176978,musicbrainz,discogs,false
mbrainz_6652,discogs_130886,musicbrainz,discogs,false
mbrainz_6652,discogs_186351,musicbrainz,discogs,false
mbrainz_6652,discogs_72703,musicbrainz,discogs,false
mbrainz_6653,discogs_152325,musicbrainz,discogs,false
mbrainz_6653,discogs_159917,musicbrainz,discogs,false
mbrainz_6653,discogs_178451,musicbrainz,discogs,false
mbrainz_6653,discogs_21723,musicbrainz,discogs,false
mbrainz_6653,discogs_27139,musicbrainz,discogs,false
mbrainz_6653,discogs_27747,musicbrainz,discogs,false
mbrainz_6653,discogs_56716,musicbrainz,discogs,false
mbrainz_67,discogs_118180,musicbrainz,discogs,false
mbrainz_67,discogs_121674,musicbrainz,discogs,false
mbrainz_67,discogs_125696,musicbrainz,discogs,false
mbrainz_67,discogs_134098,musicbrainz,discogs,false
mbrainz_67,discogs_184657,musicbrainz,discogs,false
mbrainz_67,discogs_22981,musicbrainz,discogs,false
mbrainz_67,discogs_41807,musicbrainz,discogs,false
mbrainz_671,discogs_156183,musicbrainz,discogs,false
mbrainz_6717,discogs_100615,musicbrainz,discogs,false
mbrainz_6717,discogs_122723,musicbrainz,discogs,false
mbrainz_6717,discogs_159719,musicbrainz,discogs,false
mbrainz_6717,discogs_24523,musicbrainz,discogs,false
mbrainz_6717,discogs_41799,musicbrainz,discogs,false
mbrainz_6717,discogs_49811,musicbrainz,discogs,false
mbrainz_6717,discogs_62349,musicbrainz,discogs,false
mbrainz_6717,discogs_91138,musicbrainz,discogs,false
mbrainz_6734,discogs_13787,musicbrainz,discogs,false
mbrainz_6734,discogs_21988,musicbrainz,discogs,false
mbrainz_6737,discogs_107109,musicbrainz,discogs,false
mbrainz_6737,discogs_165879,musicbrainz,discogs,false
mbrainz_6737,discogs_3121,musicbrainz,discogs,false
mbrainz_6737,discogs_46645,musicbrainz,discogs,false
mbrainz_6737,discogs_73938,musicbrainz,discogs,false
mbrainz_6737,discogs_74896,musicbrainz,discogs,false
mbrainz_6776,discogs_12636,musicbrainz,discogs,false
mbrainz_6776,discogs_173555,musicbrainz,discogs,false
mbrainz_6776,discogs_180423,musicbrainz,discogs,false
mbrainz_6776,discogs_23350,musicbrainz,discogs,false
mbrainz_6776,discogs_37274,musicbrainz,discogs,false
mbrainz_6776,discogs_57209,musicbrainz,discogs,false
mbrainz_6789,discogs_10270,musicbrainz,discogs,false
mbrainz_6789,discogs_30670,musicbrainz,discogs,false
mbrainz_6789,discogs_36097,musicbrainz,discogs,false
mbrainz_6789,discogs_40838,musicbrainz,discogs,false
mbrainz_6789,discogs_4099,musicbrainz,discogs,false
mbrainz_6789,discogs_4663,musicbrainz,discogs,false
mbrainz_6807,discogs_103216,musicbrainz,discogs,false
mbrainz_6807,discogs_134778,musicbrainz,discogs,false
mbrainz_6807,discogs_150935,musicbrainz,discogs,false
mbrainz_6807,discogs_46979,musicbrainz,discogs,false
mbrainz_6807,discogs_7263,musicbrainz,discogs,false
mbrainz_6807,discogs_88988,musicbrainz,discogs,false
mbrainz_6827,discogs_101146,musicbrainz,discogs,false
mbrainz_6827,discogs_101806,musicbrainz,discogs,false
mbrainz_6827,discogs_125132,musicbrainz,discogs,false
mbrainz_6827,discogs_171560,musicbrainz,discogs,false
mbrainz_6827,discogs_177195,musicbrainz,discogs,false
mbrainz_6827,discogs_25157,musicbrainz,discogs,false
mbrainz_6827,discogs_55113,musicbrainz,discogs,false
mbrainz_6848,discogs_123495,musicbrainz,discogs,false
mbrainz_6848,discogs_12559,musicbrainz,discogs,false
mbrainz_6848,discogs_139812,musicbrainz,discogs,false
mbrainz_6848,discogs_28419,musicbrainz,discogs,false
mbrainz_6848,discogs_44967,musicbrainz,discogs,false
mbrainz_6848,discogs_49288,musicbrainz,discogs,false
mbrainz_6848,discogs_58001,musicbrainz,discogs,false
mbrainz_6848,discogs_8390,musicbrainz,discogs,false
mbrainz_6848,discogs_84203,musicbrainz,discogs,false
mbrainz_685,discogs_151991,musicbrainz,discogs,false
mbrainz_685,discogs_178747,musicbrainz,discogs,false
mbrainz_685,discogs_56700,musicbrainz,discogs,false
mbrainz_6853,discogs_108702,musicbrainz,discogs,false
mbrainz_6853,discogs_113442,musicbrainz,discogs,false
mbrainz_6853,discogs_127770,musicbrainz,discogs,false
mbrainz_6853,discogs_135402,musicbrainz,discogs,false
mbrainz_6853,discogs_153193,musicbrainz,discogs,false
mbrainz_6853,discogs_4703,musicbrainz,discogs,false
mbrainz_6853,discogs_75962,musicbrainz,discogs,false
mbrainz_6853,discogs_8058,musicbrainz,discogs,false
mbrainz_6855,discogs_101514,musicbrainz,discogs,false
mbrainz_6855,discogs_105497,musicbrainz,discogs,false
mbrainz_6855,discogs_19120,musicbrainz,discogs,false
mbrainz_6855,discogs_19435,musicbrainz,discogs,false
mbrainz_6855,discogs_19822,musicbrainz,discogs,false
mbrainz_6855,discogs_25158,musicbrainz,discogs,false
mbrainz_6855,discogs_26855,musicbrainz,discogs,false
mbrainz_6855,discogs_37788,musicbrainz,discogs,false
mbrainz_6856,discogs_101434,musicbrainz,discogs,false
mbrainz_6856,discogs_13593,musicbrainz,discogs,false
mbrainz_6856,discogs_141972,musicbrainz,discogs,false
mbrainz_6856,discogs_144888,musicbrainz,discogs,false
mbrainz_6856,discogs_150900,musicbrainz,discogs,false
mbrainz_6856,discogs_153818,musicbrainz,discogs,false
mbrainz_6856,discogs_16286,musicbrainz,discogs,false
mbrainz_6856,discogs_169626,musicbrainz,discogs,false
mbrainz_6856,discogs_180378,musicbrainz,discogs,false
mbrainz_6856,discogs_40715,musicbrainz,discogs,false
mbrainz_6859,discogs_109766,musicbrainz,discogs,false
mbrainz_6859,discogs_122099,musicbrainz,discogs,false
mbrainz_6859,discogs_171354,musicbrainz,discogs,false
mbrainz_6859,discogs_172132,musicbrainz,discogs,false
mbrainz_6859,discogs_28502,musicbrainz,discogs,false
mbrainz_6859,discogs_59281,musicbrainz,discogs,false
mbrainz_6859,discogs_96363,musicbrainz,discogs,false
mbrainz_6864,discogs_133432,musicbrainz,discogs,false
mbrainz_6864,discogs_142521,musicbrainz,discogs,false
mbrainz_6864,discogs_3224,musicbrainz,discogs,false
mbrainz_6864,discogs_75722,musicbrainz,discogs,false
mbrainz_6898,discogs_18917,musicbrainz,discogs,false
mbrainz_6898,discogs_20033,musicbrainz,discogs,false
mbrainz_6898,discogs_38238,musicbrainz,discogs,false
mbrainz_6898,discogs_50631,musicbrainz,discogs,false
mbrainz_6898,discogs_57928,musicbrainz,discogs,false
mbrainz_6898,discogs_61967,musicbrainz,discogs,false
mbrainz_6906,discogs_141057,musicbrainz,discogs,false
mbrainz_6906,discogs_144944,musicbrainz,discogs,false
mbrainz_6906,discogs_151898,musicbrainz,discogs,false
mbrainz_6906,discogs_25112,musicbrainz,discogs,false
mbrainz_6906,discogs_49868,musicbrainz,discogs,false
mbrainz_6906,discogs_95329,musicbrainz,discogs,false
mbrainz_6925,discogs_140544,musicbrainz,discogs,false
mbrainz_6925,discogs_142635,musicbrainz,discogs,false
mbrainz_6925,discogs_145103,musicbrainz,discogs,false
mbrainz_6925,discogs_167272,musicbrainz,discogs,false
mbrainz_6925,discogs_196662,musicbrainz,discogs,false
mbrainz_6925,discogs_197628,musicbrainz,discogs,false
mbrainz_6925,discogs_21038,musicbrainz,discogs,false
mbrainz_6925,discogs_41929,musicbrainz,discogs,false
mbrainz_694,discogs_104224,musicbrainz,discogs,false
mbrainz_694,discogs_166523,musicbrainz,discogs,false
mbrainz_694,discogs_172854,musicbrainz,discogs,false
mbrainz_694,discogs_24835,musicbrainz,discogs,false
mbrainz_694,discogs_27544,musicbrainz,discogs,false
mbrainz_694,discogs_78003,musicbrainz,discogs,false
mbrainz_694,discogs_97095,musicbrainz,discogs,false
mbrainz_6942,discogs_126699,musicbrainz,discogs,false
mbrainz_6942,discogs_128,musicbrainz,discogs,false
mbrainz_6942,discogs_152802,musicbrainz,discogs,false
mbrainz_6942,discogs_161894,musicbrainz,discogs,false
mbrainz_6942,discogs_179603,musicbrainz,discogs,false
mbrainz_6942,discogs_23717,musicbrainz,discogs,false
mbrainz_6942,discogs_63233,musicbrainz,discogs,false
mbrainz_6942,discogs_85079,musicbrainz,discogs,false
mbrainz_6947,discogs_104874,musicbrainz,discogs,false
mbrainz_6947,discogs_150151,musicbrainz,discogs,false
mbrainz_6947,discogs_158053,musicbrainz,discogs,false
mbrainz_6947,discogs_159484,musicbrainz,discogs,false
mbrainz_6947,discogs_26180,musicbrainz,discogs,false
mbrainz_697,discogs_141338,musicbrainz,discogs,false
mbrainz_697,discogs_15050,musicbrainz,discogs,false
mbrainz_697,discogs_179588,musicbrainz,discogs,false
mbrainz_697,discogs_26999,musicbrainz,discogs,false
mbrainz_697,discogs_28720,musicbrainz,discogs,false
mbrainz_697,discogs_37432,musicbrainz,discogs,false
mbrainz_697,discogs_43524,musicbrainz,discogs,false
mbrainz_697,discogs_96123,musicbrainz,discogs,false
mbrainz_7,discogs_112121,musicbrainz,discogs,false
mbrainz_7,discogs_1147,musicbrainz,discogs,false
mbrainz_7,discogs_12930,musicbrainz,discogs,false
mbrainz_7,discogs_157469,musicbrainz,discogs,false
mbrainz_7,discogs_51292,musicbrainz,discogs,false
mbrainz_7,discogs_72230,musicbrainz,discogs,false
mbrainz_7,discogs_79873,musicbrainz,discogs,false
mbrainz_7013,discogs_111479,musicbrainz,discogs,false
mbrainz_7013,discogs_186678,musicbrainz,discogs,false
mbrainz_7013,discogs_33142,musicbrainz,discogs,false
mbrainz_7013,discogs_74418,musicbrainz,discogs,false
mbrainz_7021,discogs_170730,musicbrainz,discogs,false
mbrainz_7021,discogs_17667,musicbrainz,discogs,false
mbrainz_7021,discogs_24194,musicbrainz,discogs,false
mbrainz_7021,discogs_47308,musicbrainz,discogs,false
mbrainz_7021,discogs_53173,musicbrainz,discogs,false
mbrainz_7021,discogs_57209,musicbrainz,discogs,false
mbrainz_7021,discogs_58669,musicbrainz,discogs,false
mbrainz_7031,discogs_110195,musicbrainz,discogs,false
mbrainz_7031,discogs_116811,musicbrainz,discogs,false
mbrainz_7031,discogs_142942,musicbrainz,discogs,false
mbrainz_7031,discogs_175842,musicbrainz,discogs,false
mbrainz_7031,discogs_189,musicbrainz,discogs,false
mbrainz_7031,discogs_209,musicbrainz,discogs,false
mbrainz_7031,discogs_40981,musicbrainz,discogs,false
mbrainz_7031,discogs_45839,musicbrainz,discogs,false
mbrainz_7047,discogs_113232,musicbrainz,discogs,false
mbrainz_7047,discogs_57453,musicbrainz,discogs,false
mbrainz_7047,discogs_80092,musicbrainz,discogs,false
mbrainz_7047,discogs_94826,musicbrainz,discogs,false
mbrainz_7047,discogs_98109,musicbrainz,discogs,false
mbrainz_7047,discogs_99197,musicbrainz,discogs,false
mbrainz_7049,discogs_102563,musicbrainz,discogs,false
mbrainz_7049,discogs_10774,musicbrainz,discogs,false
mbrainz_7049,discogs_167147,musicbrainz,discogs,false
mbrainz_7049,discogs_173854,musicbrainz,discogs,false
mbrainz_7049,discogs_18520,musicbrainz,discogs,false
mbrainz_7049,discogs_24239,musicbrainz,discogs,false
mbrainz_705,discogs_133432,musicbrainz,discogs,false
mbrainz_705,discogs_41932,musicbrainz,discogs,false
mbrainz_705,discogs_75722,musicbrainz,discogs,false
mbrainz_7062,discogs_10113,musicbrainz,discogs,false
mbrainz_7062,discogs_104613,musicbrainz,discogs,false
mbrainz_7062,discogs_33613,musicbrainz,discogs,false
mbrainz_7062,discogs_42892,musicbrainz,discogs,false
mbrainz_7062,discogs_49574,musicbrainz,discogs,false
mbrainz_7062,discogs_6725,musicbrainz,discogs,false
mbrainz_7062,discogs_79282,musicbrainz,discogs,false
mbrainz_7062,discogs_95680,musicbrainz,discogs,false
mbrainz_7080,discogs_24290,musicbrainz,discogs,false
mbrainz_7080,discogs_28411,musicbrainz,discogs,false
mbrainz_7080,discogs_32435,musicbrainz,discogs,false
mbrainz_7080,discogs_32734,musicbrainz,discogs,false
mbrainz_7080,discogs_33441,musicbrainz,discogs,false
mbrainz_7080,discogs_35208,musicbrainz,discogs,false
mbrainz_7080,discogs_82253,musicbrainz,discogs,false
mbrainz_7087,discogs_105715,musicbrainz,discogs,false
mbrainz_7087,discogs_192867,musicbrainz,discogs,false
mbrainz_7087,discogs_37065,musicbrainz,discogs,false
mbrainz_7087,discogs_65649,musicbrainz,discogs,false
mbrainz_7088,discogs_129466,musicbrainz,discogs,false
mbrainz_7088,discogs_138406,musicbrainz,discogs,false
mbrainz_7088,discogs_181268,musicbrainz,discogs,false
mbrainz_7088,discogs_18906,musicbrainz,discogs,false
mbrainz_7088,discogs_44843,musicbrainz,discogs,false
mbrainz_7097,discogs_10121,musicbrainz,discogs,false
mbrainz_7097,discogs_120905,musicbrainz,discogs,false
mbrainz_7097,discogs_195221,musicbrainz,discogs,false
mbrainz_7097,discogs_58968,musicbrainz,discogs,false
mbrainz_7167,discogs_100903,musicbrainz,discogs,false
mbrainz_7167,discogs_101589,musicbrainz,discogs,false
mbrainz_7167,discogs_20786,musicbrainz,discogs,false
mbrainz_7167,discogs_30557,musicbrainz,discogs,false
mbrainz_7167,discogs_3269,musicbrainz,discogs,false
mbrainz_7167,discogs_63538,musicbrainz,discogs,false
mbrainz_72,discogs_100260,musicbrainz,discogs,false
mbrainz_72,discogs_104647,musicbrainz,discogs,false
mbrainz_72,discogs_157329,musicbrainz,discogs,false
mbrainz_72,discogs_27280,musicbrainz,discogs,false
mbrainz_72,discogs_9506,musicbrainz,discogs,false
mbrainz_7206,discogs_119095,musicbrainz,discogs,false
mbrainz_7206,discogs_120034,musicbrainz,discogs,false
mbrainz_7206,discogs_143888,musicbrainz,discogs,false
mbrainz_7206,discogs_15532,musicbrainz,discogs,false
mbrainz_7206,discogs_71521,musicbrainz,discogs,false
mbrainz_7206,discogs_71645,musicbrainz,discogs,false
mbrainz_7211,discogs_150079,musicbrainz,discogs,false
mbrainz_7211,discogs_2820,musicbrainz,discogs,false
mbrainz_7211,discogs_50115,musicbrainz,discogs,false
mbrainz_7211,discogs_53571,musicbrainz,discogs,false
mbrainz_7217,discogs_147749,musicbrainz,discogs,false
mbrainz_7217,discogs_192458,musicbrainz,discogs,false
mbrainz_7217,discogs_34816,musicbrainz,discogs,false
mbrainz_7217,discogs_48766,musicbrainz,discogs,false
mbrainz_7217,discogs_55529,musicbrainz,discogs,false
mbrainz_7217,discogs_55755,musicbrainz,discogs,false
mbrainz_7217,discogs_61545,musicbrainz,discogs,false
mbrainz_7223,discogs_106887,musicbrainz,discogs,false
mbrainz_7223,discogs_114165,musicbrainz,discogs,false
mbrainz_7223,discogs_141688,musicbrainz,discogs,false
mbrainz_7223,discogs_181338,musicbrainz,discogs,false
mbrainz_7223,discogs_42238,musicbrainz,discogs,false
mbrainz_7223,discogs_65548,musicbrainz,discogs,false
mbrainz_7223,discogs_93628,musicbrainz,discogs,false
mbrainz_7247,discogs_110794,musicbrainz,discogs,false
mbrainz_7247,discogs_123832,musicbrainz,discogs,false
mbrainz_7247,discogs_182642,musicbrainz,discogs,false
mbrainz_7247,discogs_18462,musicbrainz,discogs,false
mbrainz_7247,discogs_29972,musicbrainz,discogs,false
mbrainz_7247,discogs_39917,musicbrainz,discogs,false
mbrainz_7247,discogs_80306,musicbrainz,discogs,false
mbrainz_7250,discogs_147483,musicbrainz,discogs,false
mbrainz_7250,discogs_15730,musicbrainz,discogs,false
mbrainz_7250,discogs_2311,musicbrainz,discogs,false
mbrainz_7250,discogs_432,musicbrainz,discogs,false
mbrainz_7250,discogs_93461,musicbrainz,discogs,false
mbrainz_7264,discogs_106177,musicbrainz,discogs,false
mbrainz_7264,discogs_11588,musicbrainz,discogs,false
mbrainz_7264,discogs_143301,musicbrainz,discogs,false
mbrainz_7264,discogs_172490,musicbrainz,discogs,false
mbrainz_7264,discogs_25070,musicbrainz,discogs,false
mbrainz_7264,discogs_33482,musicbrainz,discogs,false
mbrainz_7264,discogs_37830,musicbrainz,discogs,false
mbrainz_7264,discogs_3921,musicbrainz,discogs,false
mbrainz_7264,discogs_44467,musicbrainz,discogs,false
mbrainz_7264,discogs_5968,musicbrainz,discogs,false
mbrainz_7270,discogs_10774,musicbrainz,discogs,false
mbrainz_7270,discogs_143642,musicbrainz,discogs,false
mbrainz_7270,discogs_49955,musicbrainz,discogs,false
mbrainz_7270,discogs_52262,musicbrainz,discogs,false
mbrainz_7270,discogs_7353,musicbrainz,discogs,false
mbrainz_7270,discogs_8385,musicbrainz,discogs,false
mbrainz_7298,discogs_184122,musicbrainz,discogs,false
mbrainz_7298,discogs_29087,musicbrainz,discogs,false
mbrainz_7298,discogs_32804,musicbrainz,discogs,false
mbrainz_7298,discogs_32956,musicbrainz,discogs,false
mbrainz_7298,discogs_36865,musicbrainz,discogs,false
mbrainz_7298,discogs_99180,musicbrainz,discogs,false
mbrainz_7308,discogs_137928,musicbrainz,discogs,false
mbrainz_7308,discogs_63403,musicbrainz,discogs,false
mbrainz_7308,discogs_97626,musicbrainz,discogs,false
mbrainz_7308,discogs_97629,musicbrainz,discogs,false
mbrainz_7309,discogs_100615,musicbrainz,discogs,false
mbrainz_7309,discogs_119588,musicbrainz,discogs,false
mbrainz_7309,discogs_29552,musicbrainz,discogs,false
mbrainz_7309,discogs_38554,musicbrainz,discogs,false
mbrainz_7309,discogs_41799,musicbrainz,discogs,false
mbrainz_7309,discogs_62349,musicbrainz,discogs,false
mbrainz_7309,discogs_79952,musicbrainz,discogs,false
mbrainz_7337,discogs_107625,musicbrainz,discogs,false
mbrainz_7337,discogs_109932,musicbrainz,discogs,false
mbrainz_7337,discogs_113557,musicbrainz,discogs,false
mbrainz_7337,discogs_117440,musicbrainz,discogs,false
mbrainz_7337,discogs_12475,musicbrainz,discogs,false
mbrainz_7337,discogs_128224,musicbrainz,discogs,false
mbrainz_7337,discogs_14233,musicbrainz,discogs,false
mbrainz_7337,discogs_41199,musicbrainz,discogs,false
mbrainz_736,discogs_104967,musicbrainz,discogs,false
mbrainz_736,discogs_128523,musicbrainz,discogs,false
mbrainz_736,discogs_13706,musicbrainz,discogs,false
mbrainz_736,discogs_181570,musicbrainz,discogs,false
mbrainz_736,discogs_70236,musicbrainz,discogs,false
mbrainz_736,discogs_7440,musicbrainz,discogs,false
mbrainz_736,discogs_77438,musicbrainz,discogs,false
mbrainz_7369,discogs_109990,musicbrainz,discogs,false
mbrainz_7369,discogs_112150,musicbrainz,discogs,false
mbrainz_7369,discogs_131607,musicbrainz,discogs,false
mbrainz_7369,discogs_158403,musicbrainz,discogs,false
mbrainz_7369,discogs_173536,musicbrainz,discogs,false
mbrainz_7369,discogs_174696,musicbrainz,discogs,false
mbrainz_7369,discogs_22608,musicbrainz,discogs,false
mbrainz_7369,discogs_70221,musicbrainz,discogs,false
mbrainz_7369,discogs_77270,musicbrainz,discogs,false
mbrainz_7395,discogs_118029,musicbrainz,discogs,false
mbrainz_7395,discogs_123064,musicbrainz,discogs,false
mbrainz_7395,discogs_3732,musicbrainz,discogs,false
mbrainz_7395,discogs_4099,musicbrainz,discogs,false
mbrainz_7395,discogs_4663,musicbrainz,discogs,false
mbrainz_7410,discogs_10302,musicbrainz,discogs,false
mbrainz_7410,discogs_116465,musicbrainz,discogs,false
mbrainz_7410,discogs_153603,musicbrainz,discogs,false
mbrainz_7410,discogs_169295,musicbrainz,discogs,false
mbrainz_7410,discogs_189456,musicbrainz,discogs,false
mbrainz_7410,discogs_36903,musicbrainz,discogs,false
mbrainz_7410,discogs_55215,musicbrainz,discogs,false
mbrainz_7410,discogs_82049,musicbrainz,discogs,false
mbrainz_7432,discogs_150284,musicbrainz,discogs,false
mbrainz_7432,discogs_152325,musicbrainz,discogs,false
mbrainz_7432,discogs_159373,musicbrainz,discogs,false
mbrainz_7432,discogs_170894,musicbrainz,discogs,false
mbrainz_7432,discogs_187566,musicbrainz,discogs,false
mbrainz_7432,discogs_20941,musicbrainz,discogs,false
mbrainz_7432,discogs_23583,musicbrainz,discogs,false
mbrainz_7447,discogs_112130,musicbrainz,discogs,false
mbrainz_7447,discogs_124316,musicbrainz,discogs,false
mbrainz_7447,discogs_139769,musicbrainz,discogs,false
mbrainz_7447,discogs_155169,musicbrainz,discogs,false
mbrainz_7447,discogs_166095,musicbrainz,discogs,false
mbrainz_7447,discogs_22352,musicbrainz,discogs,false
mbrainz_7447,discogs_24060,musicbrainz,discogs,false
mbrainz_7447,discogs_24235,musicbrainz,discogs,false
mbrainz_7447,discogs_46842,musicbrainz,discogs,false
mbrainz_7456,discogs_928,musicbrainz,discogs,false
mbrainz_7475,discogs_106342,musicbrainz,discogs,false
mbrainz_7475,discogs_132327,musicbrainz,discogs,false
mbrainz_7475,discogs_141184,musicbrainz,discogs,false
mbrainz_7475,discogs_158600,musicbrainz,discogs,false
mbrainz_7475,discogs_181156,musicbrainz,discogs,false
mbrainz_7475,discogs_31806,musicbrainz,discogs,false
mbrainz_7475,discogs_55011,musicbrainz,discogs,false
mbrainz_7475,discogs_72600,musicbrainz,discogs,false
mbrainz_7479,discogs_172132,musicbrainz,discogs,false
mbrainz_7479,discogs_28502,musicbrainz,discogs,false
mbrainz_7479,discogs_3081,musicbrainz,discogs,false
mbrainz_7479,discogs_59281,musicbrainz,discogs,false
mbrainz_7479,discogs_76960,musicbrainz,discogs,false
mbrainz_7479,discogs_92127,musicbrainz,discogs,false
mbrainz_7486,discogs_374,musicbrainz,discogs,false
mbrainz_75,discogs_100510,musicbrainz,discogs,false
mbrainz_75,discogs_104544,musicbrainz,discogs,false
mbrainz_75,discogs_124872,musicbrainz,discogs,false
mbrainz_75,discogs_134868,musicbrainz,discogs,false
mbrainz_75,discogs_137324,musicbrainz,discogs,false
mbrainz_75,discogs_157061,musicbrainz,discogs,false
mbrainz_75,discogs_167549,musicbrainz,discogs,false
mbrainz_7510,discogs_120379,musicbrainz,discogs,false
mbrainz_7510,discogs_125533,musicbrainz,discogs,false
mbrainz_7510,discogs_7976,musicbrainz,discogs,false
mbrainz_7519,discogs_33674,musicbrainz,discogs,false
mbrainz_7534,discogs_120087,musicbrainz,discogs,false
mbrainz_7534,discogs_120619,musicbrainz,discogs,false
mbrainz_7534,discogs_120922,musicbrainz,discogs,false
mbrainz_7534,discogs_135556,musicbrainz,discogs,false
mbrainz_7534,discogs_164678,musicbrainz,discogs,false
mbrainz_7534,discogs_181281,musicbrainz,discogs,false
mbrainz_7534,discogs_194458,musicbrainz,discogs,false
mbrainz_755,discogs_173553,musicbrainz,discogs,false
mbrainz_755,discogs_176370,musicbrainz,discogs,false
mbrainz_755,discogs_30531,musicbrainz,discogs,false
mbrainz_755,discogs_37806,musicbrainz,discogs,false
mbrainz_755,discogs_51135,musicbrainz,discogs,false
mbrainz_755,discogs_52792,musicbrainz,discogs,false
mbrainz_755,discogs_61997,musicbrainz,discogs,false
mbrainz_7568,discogs_90976,musicbrainz,discogs,false
mbrainz_7573,discogs_184122,musicbrainz,discogs,false
mbrainz_7573,discogs_32721,musicbrainz,discogs,false
mbrainz_7573,discogs_36865,musicbrainz,discogs,false
mbrainz_7573,discogs_49268,musicbrainz,discogs,false
mbrainz_7573,discogs_5458,musicbrainz,discogs,false
mbrainz_7573,discogs_99180,musicbrainz,discogs,false
mbrainz_7574,discogs_104374,musicbrainz,discogs,false
mbrainz_7574,discogs_133138,musicbrainz,discogs,false
mbrainz_7574,discogs_180913,musicbrainz,discogs,false
mbrainz_7574,discogs_181422,musicbrainz,discogs,false
mbrainz_7574,discogs_26664,musicbrainz,discogs,false
mbrainz_7574,discogs_5536,musicbrainz,discogs,false
mbrainz_7574,discogs_84589,musicbrainz,discogs,false
mbrainz_7593,discogs_109666,musicbrainz,discogs,false
mbrainz_7593,discogs_13,musicbrainz,discogs,false
mbrainz_7593,discogs_24694,musicbrainz,discogs,false
mbrainz_7593,discogs_51292,musicbrainz,discogs,false
mbrainz_7593,discogs_56552,musicbrainz,discogs,false
mbrainz_76,discogs_127455,musicbrainz,discogs,false
mbrainz_76,discogs_164991,musicbrainz,discogs,false
mbrainz_76,discogs_170064,musicbrainz,discogs,false
mbrainz_76,discogs_197157,musicbrainz,discogs,false
mbrainz_76,discogs_26580,musicbrainz,discogs,false
mbrainz_76,discogs_79643,musicbrainz,discogs,false
mbrainz_7602,discogs_28638,musicbrainz,discogs,false
mbrainz_7649,discogs_1718,musicbrainz,discogs,false
mbrainz_7649,discogs_256,musicbrainz,discogs,false
mbrainz_7649,discogs_35723,musicbrainz,discogs,false
mbrainz_7649,discogs_64112,musicbrainz,discogs,false
mbrainz_7649,discogs_82481,musicbrainz,discogs,false
mbrainz_7672,discogs_101055,musicbrainz,discogs,false
mbrainz_7672,discogs_115052,musicbrainz,discogs,false
mbrainz_7672,discogs_123529,musicbrainz,discogs,false
mbrainz_7672,discogs_150726,musicbrainz,discogs,false
mbrainz_7672,discogs_15730,musicbrainz,discogs,false
mbrainz_7672,discogs_16251,musicbrainz,discogs,false
mbrainz_7672,discogs_16635,musicbrainz,discogs,false
mbrainz_7672,discogs_173098,musicbrainz,discogs,false
mbrainz_7672,discogs_27860,musicbrainz,discogs,false
mbrainz_7672,discogs_90275,musicbrainz,discogs,false
mbrainz_7677,discogs_19538,musicbrainz,discogs,false
mbrainz_7677,discogs_22980,musicbrainz,discogs,false
mbrainz_7677,discogs_23037,musicbrainz,discogs,false
mbrainz_7677,discogs_25861,musicbrainz,discogs,false
mbrainz_7677,discogs_26674,musicbrainz,discogs,false
mbrainz_7677,discogs_42750,musicbrainz,discogs,false
mbrainz_7677,discogs_54162,musicbrainz,discogs,false
mbrainz_7677,discogs_72658,musicbrainz,discogs,false
mbrainz_7696,discogs_113640,musicbrainz,discogs,false
mbrainz_7696,discogs_128364,musicbrainz,discogs,false
mbrainz_7696,discogs_13896,musicbrainz,discogs,false
mbrainz_7696,discogs_139686,musicbrainz,discogs,false
mbrainz_7696,discogs_146549,musicbrainz,discogs,false
mbrainz_7696,discogs_33681,musicbrainz,discogs,false
mbrainz_7696,discogs_46281,musicbrainz,discogs,false
mbrainz_77,discogs_104500,musicbrainz,discogs,false
mbrainz_77,discogs_111666,musicbrainz,discogs,false
mbrainz_77,discogs_190741,musicbrainz,discogs,false
mbrainz_77,discogs_20579,musicbrainz,discogs,false
mbrainz_77,discogs_4825,musicbrainz,discogs,false
mbrainz_77,discogs_49019,musicbrainz,discogs,false
mbrainz_77,discogs_92710,musicbrainz,discogs,false
mbrainz_7702,discogs_150510,musicbrainz,discogs,false
mbrainz_7702,discogs_194047,musicbrainz,discogs,false
mbrainz_7702,discogs_27724,musicbrainz,discogs,false
mbrainz_7702,discogs_44968,musicbrainz,discogs,false
mbrainz_7702,discogs_7353,musicbrainz,discogs,false
mbrainz_7702,discogs_81978,musicbrainz,discogs,false
mbrainz_7716,discogs_13573,musicbrainz,discogs,false
mbrainz_7716,discogs_14384,musicbrainz,discogs,false
mbrainz_7716,discogs_181198,musicbrainz,discogs,false
mbrainz_7716,discogs_7213,musicbrainz,discogs,false
mbrainz_7716,discogs_82481,musicbrainz,discogs,false
mbrainz_7718,discogs_118729,musicbrainz,discogs,false
mbrainz_7718,discogs_151392,musicbrainz,discogs,false
mbrainz_7718,discogs_164623,musicbrainz,discogs,false
mbrainz_7718,discogs_170671,musicbrainz,discogs,false
mbrainz_7718,discogs_176986,musicbrainz,discogs,false
mbrainz_7718,discogs_77880,musicbrainz,discogs,false
mbrainz_7732,discogs_160478,musicbrainz,discogs,false
mbrainz_7732,discogs_25620,musicbrainz,discogs,false
mbrainz_7732,discogs_33751,musicbrainz,discogs,false
mbrainz_7732,discogs_67084,musicbrainz,discogs,false
mbrainz_7732,discogs_67321,musicbrainz,discogs,false
mbrainz_7732,discogs_70765,musicbrainz,discogs,false
mbrainz_7736,discogs_123631,musicbrainz,discogs,false
mbrainz_7736,discogs_14449,musicbrainz,discogs,false
mbrainz_7736,discogs_19247,musicbrainz,discogs,false
mbrainz_7736,discogs_196410,musicbrainz,discogs,false
mbrainz_7736,discogs_196958,musicbrainz,discogs,false
mbrainz_7736,discogs_41256,musicbrainz,discogs,false
mbrainz_7738,discogs_177972,musicbrainz,discogs,false
mbrainz_7738,discogs_47930,musicbrainz,discogs,false
mbrainz_7738,discogs_53073,musicbrainz,discogs,false
mbrainz_7738,discogs_53837,musicbrainz,discogs,false
mbrainz_7738,discogs_75173,musicbrainz,discogs,false
mbrainz_7738,discogs_90231,musicbrainz,discogs,false
mbrainz_7738,discogs_90337,musicbrainz,discogs,false
mbrainz_7739,discogs_109932,musicbrainz,discogs,false
mbrainz_7739,discogs_12475,musicbrainz,discogs,false
mbrainz_7739,discogs_167512,musicbrainz,discogs,false
mbrainz_7739,discogs_179281,musicbrainz,discogs,false
mbrainz_7739,discogs_197289,musicbrainz,discogs,false
mbrainz_7739,discogs_29133,musicbrainz,discogs,false
mbrainz_7739,discogs_38972,musicbrainz,discogs,false
mbrainz_7739,discogs_75245,musicbrainz,discogs,false
mbrainz_7753,discogs_42980,musicbrainz,discogs,false
mbrainz_7755,discogs_133847,musicbrainz,discogs,false
mbrainz_7772,discogs_127732,musicbrainz,discogs,false
mbrainz_7772,discogs_134967,musicbrainz,discogs,false
mbrainz_7772,discogs_137179,musicbrainz,discogs,false
mbrainz_7772,discogs_157341,musicbrainz,discogs,false
mbrainz_7772,discogs_1870,musicbrainz,discogs,false
mbrainz_7775,discogs_12188,musicbrainz,discogs,false
mbrainz_7775,discogs_135811,musicbrainz,discogs,false
mbrainz_7775,discogs_158952,musicbrainz,discogs,false
mbrainz_7775,discogs_178198,musicbrainz,discogs,false
mbrainz_7775,discogs_186507,musicbrainz,discogs,false
mbrainz_7775,discogs_35306,musicbrainz,discogs,false
mbrainz_7775,discogs_51763,musicbrainz,discogs,false
mbrainz_7775,discogs_57557,musicbrainz,discogs,false
mbrainz_7787,discogs_102533,musicbrainz,discogs,false
mbrainz_7787,discogs_1163,musicbrainz,discogs,false
mbrainz_7787,discogs_126778,musicbrainz,discogs,false
mbrainz_7787,discogs_132776,musicbrainz,discogs,false
mbrainz_7787,discogs_61350,musicbrainz,discogs,false
mbrainz_7791,discogs_142635,musicbrainz,discogs,false
mbrainz_7791,discogs_166780,musicbrainz,discogs,false
mbrainz_7791,discogs_41929,musicbrainz,discogs,false
mbrainz_7791,discogs_51271,musicbrainz,discogs,false
mbrainz_7791,discogs_59326,musicbrainz,discogs,false
mbrainz_78,discogs_102939,musicbrainz,discogs,false
mbrainz_78,discogs_110499,musicbrainz,discogs,false
mbrainz_78,discogs_116139,musicbrainz,discogs,false
mbrainz_78,discogs_121641,musicbrainz,discogs,false
mbrainz_78,discogs_165218,musicbrainz,discogs,false
mbrainz_78,discogs_176271,musicbrainz,discogs,false
mbrainz_78,discogs_187475,musicbrainz,discogs,false
mbrainz_7800,discogs_126959,musicbrainz,discogs,false
mbrainz_7800,discogs_14054,musicbrainz,discogs,false
mbrainz_7800,discogs_196757,musicbrainz,discogs,false
mbrainz_7800,discogs_78958,musicbrainz,discogs,false
mbrainz_7800,discogs_86102,musicbrainz,discogs,false
mbrainz_7800,discogs_94059,musicbrainz,discogs,false
mbrainz_7800,discogs_9649,musicbrainz,discogs,false
mbrainz_7810,discogs_137319,musicbrainz,discogs,false
mbrainz_7810,discogs_145948,musicbrainz,discogs,false
mbrainz_7810,discogs_191174,musicbrainz,discogs,false
mbrainz_7810,discogs_30537,musicbrainz,discogs,false
mbrainz_7810,discogs_68663,musicbrainz,discogs,false
mbrainz_7810,discogs_98958,musicbrainz,discogs,false
mbrainz_7812,discogs_123578,musicbrainz,discogs,false
mbrainz_7812,discogs_12588,musicbrainz,discogs,false
mbrainz_7812,discogs_138406,musicbrainz,discogs,false
mbrainz_7812,discogs_142793,musicbrainz,discogs,false
mbrainz_7812,discogs_191276,musicbrainz,discogs,false
mbrainz_7812,discogs_67701,musicbrainz,discogs,false
mbrainz_7828,discogs_157004,musicbrainz,discogs,false
mbrainz_7832,discogs_114743,musicbrainz,discogs,false
mbrainz_7832,discogs_135864,musicbrainz,discogs,false
mbrainz_7832,discogs_136319,musicbrainz,discogs,false
mbrainz_7832,discogs_140,musicbrainz,discogs,false
mbrainz_7832,discogs_171410,musicbrainz,discogs,false
mbrainz_7832,discogs_195584,musicbrainz,discogs,false
mbrainz_7832,discogs_43674,musicbrainz,discogs,false
mbrainz_7832,discogs_52096,musicbrainz,discogs,false
mbrainz_7854,discogs_102031,musicbrainz,discogs,false
mbrainz_7854,discogs_111851,musicbrainz,discogs,false
mbrainz_7854,discogs_122925,musicbrainz,discogs,false
mbrainz_7854,discogs_3437,musicbrainz,discogs,false
mbrainz_7854,discogs_53559,musicbrainz,discogs,false
mbrainz_7854,discogs_5373,musicbrainz,discogs,false
mbrainz_7854,discogs_85739,musicbrainz,discogs,false
mbrainz_7870,discogs_100585,musicbrainz,discogs,false
mbrainz_7870,discogs_182512,musicbrainz,discogs,false
mbrainz_7870,discogs_27599,musicbrainz,discogs,false
mbrainz_7870,discogs_35682,musicbrainz,discogs,false
mbrainz_7870,discogs_38105,musicbrainz,discogs,false
mbrainz_7870,discogs_42601,musicbrainz,discogs,false
mbrainz_7870,discogs_50753,musicbrainz,discogs,false
mbrainz_7874,discogs_107290,musicbrainz,discogs,false
mbrainz_7874,discogs_1632,musicbrainz,discogs,false
mbrainz_7874,discogs_27510,musicbrainz,discogs,false
mbrainz_7874,discogs_29886,musicbrainz,discogs,false
mbrainz_7874,discogs_30670,musicbrainz,discogs,false
mbrainz_7874,discogs_40838,musicbrainz,discogs,false
mbrainz_7874,discogs_52591,musicbrainz,discogs,false
mbrainz_7874,discogs_83594,musicbrainz,discogs,false
mbrainz_7889,discogs_100184,musicbrainz,discogs,false
mbrainz_7889,discogs_107548,musicbrainz,discogs,false
mbrainz_7889,discogs_120272,musicbrainz,discogs,false
mbrainz_7889,discogs_125115,musicbrainz,discogs,false
mbrainz_7889,discogs_130568,musicbrainz,discogs,false
mbrainz_7889,discogs_134699,musicbrainz,discogs,false
mbrainz_7889,discogs_25943,musicbrainz,discogs,false
mbrainz_7889,discogs_40442,musicbrainz,discogs,false
mbrainz_7916,discogs_107923,musicbrainz,discogs,false
mbrainz_7932,discogs_66884,musicbrainz,discogs,false
mbrainz_7932,discogs_82515,musicbrainz,discogs,false
mbrainz_7942,discogs_104967,musicbrainz,discogs,false
mbrainz_7942,discogs_128523,musicbrainz,discogs,false
mbrainz_7942,discogs_13706,musicbrainz,discogs,false
mbrainz_7942,discogs_148749,musicbrainz,discogs,false
mbrainz_7942,discogs_172953,musicbrainz,discogs,false
mbrainz_7942,discogs_181570,musicbrainz,discogs,false
mbrainz_7942,discogs_70236,musicbrainz,discogs,false
mbrainz_7942,discogs_74205,musicbrainz,discogs,false
mbrainz_7956,discogs_185682,musicbrainz,discogs,false
mbrainz_7956,discogs_2831,musicbrainz,discogs,false
mbrainz_7956,discogs_30086,musicbrainz,discogs,false
mbrainz_7956,discogs_87352,musicbrainz,discogs,false
mbrainz_7956,discogs_96231,musicbrainz,discogs,false
mbrainz_7957,discogs_27983,musicbrainz,discogs,false
mbrainz_7957,discogs_99704,musicbrainz,discogs,false
mbrainz_7964,discogs_113719,musicbrainz,discogs,false
mbrainz_7964,discogs_133268,musicbrainz,discogs,false
mbrainz_7964,discogs_42368,musicbrainz,discogs,false
mbrainz_7964,discogs_45669,musicbrainz,discogs,false
mbrainz_7964,discogs_46127,musicbrainz,discogs,false
mbrainz_7964,discogs_49893,musicbrainz,discogs,false
mbrainz_7969,discogs_14890,musicbrainz,discogs,false
mbrainz_7969,discogs_31421,musicbrainz,discogs,false
mbrainz_7969,discogs_34141,musicbrainz,discogs,false
mbrainz_7969,discogs_37291,musicbrainz,discogs,false
mbrainz_7969,discogs_39418,musicbrainz,discogs,false
mbrainz_7969,discogs_42084,musicbrainz,discogs,false
mbrainz_7969,discogs_70455,musicbrainz,discogs,false
mbrainz_7969,discogs_82253,musicbrainz,discogs,false
mbrainz_7972,discogs_110834,musicbrainz,discogs,false
mbrainz_7972,discogs_39006,musicbrainz,discogs,false
mbrainz_7972,discogs_75152,musicbrainz,discogs,false
mbrainz_7973,discogs_183900,musicbrainz,discogs,false
mbrainz_7973,discogs_193721,musicbrainz,discogs,false
mbrainz_7973,discogs_194854,musicbrainz,discogs,false
mbrainz_7973,discogs_22613,musicbrainz,discogs,false
mbrainz_7973,discogs_4015,musicbrainz,discogs,false
mbrainz_7973,discogs_82946,musicbrainz,discogs,false
mbrainz_7987,discogs_160855,musicbrainz,discogs,false
mbrainz_7987,discogs_22225,musicbrainz,discogs,false
mbrainz_7987,discogs_23005,musicbrainz,discogs,false
mbrainz_7987,discogs_49860,musicbrainz,discogs,false
mbrainz_7987,discogs_65360,musicbrainz,discogs,false
mbrainz_7995,discogs_134486,musicbrainz,discogs,false
mbrainz_7995,discogs_149447,musicbrainz,discogs,false
mbrainz_7995,discogs_152989,musicbrainz,discogs,false
mbrainz_7995,discogs_168694,musicbrainz,discogs,false
mbrainz_7995,discogs_168967,musicbrainz,discogs,false
mbrainz_7995,discogs_192336,musicbrainz,discogs,false
mbrainz_7995,discogs_52318,musicbrainz,discogs,false
mbrainz_7995,discogs_76153,musicbrainz,discogs,false
mbrainz_7995,discogs_91723,musicbrainz,discogs,false
mbrainz_7996,discogs_102587,musicbrainz,discogs,false
mbrainz_7996,discogs_12130,musicbrainz,discogs,false
mbrainz_7996,discogs_123721,musicbrainz,discogs,false
mbrainz_7996,discogs_126986,musicbrainz,discogs,false
mbrainz_7996,discogs_16620,musicbrainz,discogs,false
mbrainz_7996,discogs_189486,musicbrainz,discogs,false
mbrainz_7996,discogs_51930,musicbrainz,discogs,false
mbrainz_7996,discogs_87366,musicbrainz,discogs,false
mbrainz_7996,discogs_88761,musicbrainz,discogs,false
mbrainz_8,discogs_112627,musicbrainz,discogs,false
mbrainz_8,discogs_145771,musicbrainz,discogs,false
mbrainz_8,discogs_154332,musicbrainz,discogs,false
mbrainz_8,discogs_94657,musicbrainz,discogs,false
mbrainz_8,discogs_97322,musicbrainz,discogs,false
mbrainz_8,discogs_979,musicbrainz,discogs,false
mbrainz_802,discogs_122333,musicbrainz,discogs,false
mbrainz_802,discogs_147401,musicbrainz,discogs,false
mbrainz_802,discogs_45412,musicbrainz,discogs,false
mbrainz_802,discogs_99591,musicbrainz,discogs,false
mbrainz_8020,discogs_1043,musicbrainz,discogs,false
mbrainz_8020,discogs_127363,musicbrainz,discogs,false
mbrainz_8020,discogs_13071,musicbrainz,discogs,false
mbrainz_8031,discogs_120925,musicbrainz,discogs,false
mbrainz_8031,discogs_154017,musicbrainz,discogs,false
mbrainz_8031,discogs_179035,musicbrainz,discogs,false
mbrainz_8031,discogs_31133,musicbrainz,discogs,false
mbrainz_8031,discogs_44049,musicbrainz,discogs,false
mbrainz_8031,discogs_63191,musicbrainz,discogs,false
mbrainz_8031,discogs_90260,musicbrainz,discogs,false
mbrainz_8061,discogs_101312,musicbrainz,discogs,false
mbrainz_8061,discogs_186976,musicbrainz,discogs,false
mbrainz_8061,discogs_64235,musicbrainz,discogs,false
mbrainz_8061,discogs_78683,musicbrainz,discogs,false
mbrainz_8061,discogs_82621,musicbrainz,discogs,false
mbrainz_8061,discogs_85723,musicbrainz,discogs,false
mbrainz_8061,discogs_97918,musicbrainz,discogs,false
mbrainz_8067,discogs_84752,musicbrainz,discogs,false
mbrainz_8082,discogs_123319,musicbrainz,discogs,false
mbrainz_8082,discogs_128111,musicbrainz,discogs,false
mbrainz_8082,discogs_182267,musicbrainz,discogs,false
mbrainz_8082,discogs_65898,musicbrainz,discogs,false
mbrainz_8082,discogs_84,musicbrainz,discogs,false
mbrainz_8082,discogs_85421,musicbrainz,discogs,false
mbrainz_8084,discogs_130068,musicbrainz,discogs,false
mbrainz_8084,discogs_14447,musicbrainz,discogs,false
mbrainz_8084,discogs_35090,musicbrainz,discogs,false
mbrainz_8084,discogs_36585,musicbrainz,discogs,false
mbrainz_8084,discogs_36773,musicbrainz,discogs,false
mbrainz_8084,discogs_47934,musicbrainz,discogs,false
mbrainz_8084,discogs_69568,musicbrainz,discogs,false
mbrainz_8084,discogs_77646,musicbrainz,discogs,false
mbrainz_809,discogs_104900,musicbrainz,discogs,false
mbrainz_809,discogs_121969,musicbrainz,discogs,false
mbrainz_809,discogs_145048,musicbrainz,discogs,false
mbrainz_809,discogs_18229,musicbrainz,discogs,false
mbrainz_809,discogs_188627,musicbrainz,discogs,false
mbrainz_809,discogs_43055,musicbrainz,discogs,false
mbrainz_809,discogs_43680,musicbrainz,discogs,false
mbrainz_809,discogs_52890,musicbrainz,discogs,false
mbrainz_8110,discogs_105237,musicbrainz,discogs,false
mbrainz_8110,discogs_106142,musicbrainz,discogs,false
mbrainz_8110,discogs_126207,musicbrainz,discogs,false
mbrainz_8110,discogs_187705,musicbrainz,discogs,false
mbrainz_8110,discogs_23787,musicbrainz,discogs,false
mbrainz_8110,discogs_48037,musicbrainz,discogs,false
mbrainz_8110,discogs_56462,musicbrainz,discogs,false
mbrainz_8110,discogs_70520,musicbrainz,discogs,false
mbrainz_8111,discogs_105237,musicbrainz,discogs,false
mbrainz_8111,discogs_187705,musicbrainz,discogs,false
mbrainz_8111,discogs_45097,musicbrainz,discogs,false
mbrainz_8111,discogs_48037,musicbrainz,discogs,false
mbrainz_8111,discogs_59363,musicbrainz,discogs,false
mbrainz_8111,discogs_67864,musicbrainz,discogs,false
mbrainz_8137,discogs_105042,musicbrainz,discogs,false
mbrainz_8137,discogs_113857,musicbrainz,discogs,false
mbrainz_8137,discogs_125750,musicbrainz,discogs,false
mbrainz_8137,discogs_133209,musicbrainz,discogs,false
mbrainz_8137,discogs_133244,musicbrainz,discogs,false
mbrainz_8137,discogs_144789,musicbrainz,discogs,false
mbrainz_8137,discogs_178313,musicbrainz,discogs,false
mbrainz_815,discogs_109886,musicbrainz,discogs,false
mbrainz_815,discogs_11379,musicbrainz,discogs,false
mbrainz_815,discogs_146142,musicbrainz,discogs,false
mbrainz_815,discogs_148463,musicbrainz,discogs,false
mbrainz_815,discogs_15269,musicbrainz,discogs,false
mbrainz_815,discogs_163974,musicbrainz,discogs,false
mbrainz_815,discogs_45029,musicbrainz,discogs,false
mbrainz_8150,discogs_123671,musicbrainz,discogs,false
mbrainz_8150,discogs_12785,musicbrainz,discogs,false
mbrainz_8150,discogs_170734,musicbrainz,discogs,false
mbrainz_8150,discogs_193893,musicbrainz,discogs,false
mbrainz_8150,discogs_44271,musicbrainz,discogs,false
mbrainz_8150,discogs_7513,musicbrainz,discogs,false
mbrainz_8150,discogs_75291,musicbrainz,discogs,false
mbrainz_8150,discogs_85543,musicbrainz,discogs,false
mbrainz_8158,discogs_126950,musicbrainz,discogs,false
mbrainz_8158,discogs_164614,musicbrainz,discogs,false
mbrainz_8158,discogs_18738,musicbrainz,discogs,false
mbrainz_8158,discogs_192613,musicbrainz,discogs,false
mbrainz_8158,discogs_7452,musicbrainz,discogs,false
mbrainz_8158,discogs_75152,musicbrainz,discogs,false
mbrainz_8158,discogs_91401,musicbrainz,discogs,false
mbrainz_8160,discogs_19005,musicbrainz,discogs,false
mbrainz_8160,discogs_27290,musicbrainz,discogs,false
mbrainz_8160,discogs_37420,musicbrainz,discogs,false
mbrainz_8160,discogs_51947,musicbrainz,discogs,false
mbrainz_8160,discogs_5690,musicbrainz,discogs,false
mbrainz_8182,discogs_106296,musicbrainz,discogs,false
mbrainz_8182,discogs_10765,musicbrainz,discogs,false
mbrainz_8182,discogs_112686,musicbrainz,discogs,false
mbrainz_8182,discogs_36582,musicbrainz,discogs,false
mbrainz_8182,discogs_37993,musicbrainz,discogs,false
mbrainz_8182,discogs_38956,musicbrainz,discogs,false
mbrainz_8182,discogs_49192,musicbrainz,discogs,false
mbrainz_8182,discogs_76781,musicbrainz,discogs,false
mbrainz_8182,discogs_88663,musicbrainz,discogs,false
mbrainz_8191,discogs_149482,musicbrainz,discogs,false
mbrainz_8191,discogs_184122,musicbrainz,discogs,false
mbrainz_8191,discogs_36436,musicbrainz,discogs,false
mbrainz_8191,discogs_49268,musicbrainz,discogs,false
mbrainz_8191,discogs_5458,musicbrainz,discogs,false
mbrainz_8191,discogs_99180,musicbrainz,discogs,false
mbrainz_8197,discogs_100639,musicbrainz,discogs,false
mbrainz_8197,discogs_108494,musicbrainz,discogs,false
mbrainz_8197,discogs_11154,musicbrainz,discogs,false
mbrainz_8197,discogs_18167,musicbrainz,discogs,false
mbrainz_8197,discogs_47306,musicbrainz,discogs,false
mbrainz_8197,discogs_49357,musicbrainz,discogs,false
mbrainz_8197,discogs_5391,musicbrainz,discogs,false
mbrainz_8197,discogs_85244,musicbrainz,discogs,false
mbrainz_820,discogs_118231,musicbrainz,discogs,false
mbrainz_820,discogs_12279,musicbrainz,discogs,false
mbrainz_820,discogs_22644,musicbrainz,discogs,false
mbrainz_820,discogs_83876,musicbrainz,discogs,false
mbrainz_8203,discogs_110296,musicbrainz,discogs,false
mbrainz_8203,discogs_116691,musicbrainz,discogs,false
mbrainz_8203,discogs_168984,musicbrainz,discogs,false
mbrainz_8203,discogs_51648,musicbrainz,discogs,false
mbrainz_8203,discogs_9808,musicbrainz,discogs,false
mbrainz_8227,discogs_147373,musicbrainz,discogs,false
mbrainz_8227,discogs_168056,musicbrainz,discogs,false
mbrainz_8227,discogs_198092,musicbrainz,discogs,false
mbrainz_8227,discogs_33721,musicbrainz,discogs,false
mbrainz_8227,discogs_41657,musicbrainz,discogs,false
mbrainz_8227,discogs_71361,musicbrainz,discogs,false
mbrainz_8227,discogs_79105,musicbrainz,discogs,false
mbrainz_8227,discogs_97762,musicbrainz,discogs,false
mbrainz_8237,discogs_128111,musicbrainz,discogs,false
mbrainz_8237,discogs_48653,musicbrainz,discogs,false
mbrainz_8237,discogs_65898,musicbrainz,discogs,false
mbrainz_8237,discogs_7582,musicbrainz,discogs,false
mbrainz_8237,discogs_84,musicbrainz,discogs,false
mbrainz_8237,discogs_85421,musicbrainz,discogs,false
mbrainz_8259,discogs_140544,musicbrainz,discogs,false
mbrainz_8259,discogs_142635,musicbrainz,discogs,false
mbrainz_8259,discogs_145103,musicbrainz,discogs,false
mbrainz_8259,discogs_166780,musicbrainz,discogs,false
mbrainz_8259,discogs_177587,musicbrainz,discogs,false
mbrainz_8259,discogs_188745,musicbrainz,discogs,false
mbrainz_8259,discogs_34949,musicbrainz,discogs,false
mbrainz_8259,discogs_60850,musicbrainz,discogs,false
mbrainz_8260,discogs_161188,musicbrainz,discogs,false
mbrainz_8260,discogs_165475,musicbrainz,discogs,false
mbrainz_8260,discogs_39846,musicbrainz,discogs,false
mbrainz_8260,discogs_83767,musicbrainz,discogs,false
mbrainz_8285,discogs_165168,musicbrainz,discogs,false
mbrainz_8287,discogs_130345,musicbrainz,discogs,false
mbrainz_8287,discogs_192958,musicbrainz,discogs,false
mbrainz_8287,discogs_197995,musicbrainz,discogs,false
mbrainz_8287,discogs_66908,musicbrainz,discogs,false
mbrainz_8287,discogs_81712,musicbrainz,discogs,false
mbrainz_8287,discogs_93348,musicbrainz,discogs,false
mbrainz_8287,discogs_9366,musicbrainz,discogs,false
mbrainz_8289,discogs_37316,musicbrainz,discogs,false
mbrainz_83,discogs_112388,musicbrainz,discogs,false
mbrainz_83,discogs_127895,musicbrainz,discogs,false
mbrainz_83,discogs_186047,musicbrainz,discogs,false
mbrainz_83,discogs_66623,musicbrainz,discogs,false
mbrainz_83,discogs_822,musicbrainz,discogs,false
mbrainz_83,discogs_8483,musicbrainz,discogs,false
mbrainz_83,discogs_8552,musicbrainz,discogs,false
mbrainz_830,discogs_108602,musicbrainz,discogs,false
mbrainz_830,discogs_117694,musicbrainz,discogs,false
mbrainz_830,discogs_127730,musicbrainz,discogs,false
mbrainz_830,discogs_156020,musicbrainz,discogs,false
mbrainz_830,discogs_157319,musicbrainz,discogs,false
mbrainz_830,discogs_38353,musicbrainz,discogs,false
mbrainz_830,discogs_40363,musicbrainz,discogs,false
mbrainz_830,discogs_48739,musicbrainz,discogs,false
mbrainz_830,discogs_67454,musicbrainz,discogs,false
mbrainz_8309,discogs_100299,musicbrainz,discogs,false
mbrainz_8309,discogs_127847,musicbrainz,discogs,false
mbrainz_8309,discogs_156759,musicbrainz,discogs,false
mbrainz_8309,discogs_25194,musicbrainz,discogs,false
mbrainz_8309,discogs_48680,musicbrainz,discogs,false
mbrainz_8309,discogs_49538,musicbrainz,discogs,false
mbrainz_8309,discogs_57175,musicbrainz,discogs,false
mbrainz_8309,discogs_60809,musicbrainz,discogs,false
mbrainz_8310,discogs_1235,musicbrainz,discogs,false
mbrainz_8310,discogs_15532,musicbrainz,discogs,false
mbrainz_8310,discogs_39659,musicbrainz,discogs,false
mbrainz_8310,discogs_5262,musicbrainz,discogs,false
mbrainz_8310,discogs_71645,musicbrainz,discogs,false
mbrainz_8315,discogs_19005,musicbrainz,discogs,false
mbrainz_8315,discogs_27290,musicbrainz,discogs,false
mbrainz_8315,discogs_51947,musicbrainz,discogs,false
mbrainz_8315,discogs_5690,musicbrainz,discogs,false
mbrainz_8320,discogs_130662,musicbrainz,discogs,false
mbrainz_8320,discogs_135777,musicbrainz,discogs,false
mbrainz_8320,discogs_147648,musicbrainz,discogs,false
mbrainz_8320,discogs_162560,musicbrainz,discogs,false
mbrainz_8320,discogs_164010,musicbrainz,discogs,false
mbrainz_8320,discogs_42487,musicbrainz,discogs,false
mbrainz_8320,discogs_70345,musicbrainz,discogs,false
mbrainz_8320,discogs_71838,musicbrainz,discogs,false
mbrainz_8335,discogs_111,musicbrainz,discogs,false
mbrainz_8335,discogs_11700,musicbrainz,discogs,false
mbrainz_8335,discogs_117546,musicbrainz,discogs,false
mbrainz_8335,discogs_12130,musicbrainz,discogs,false
mbrainz_8335,discogs_12308,musicbrainz,discogs,false
mbrainz_8335,discogs_20472,musicbrainz,discogs,false
mbrainz_8335,discogs_23989,musicbrainz,discogs,false
mbrainz_8335,discogs_25529,musicbrainz,discogs,false
mbrainz_8335,discogs_299,musicbrainz,discogs,false
mbrainz_8335,discogs_77799,musicbrainz,discogs,false
mbrainz_8338,discogs_102261,musicbrainz,discogs,false
mbrainz_8338,discogs_142740,musicbrainz,discogs,false
mbrainz_8345,discogs_122598,musicbrainz,discogs,false
mbrainz_8345,discogs_124313,musicbrainz,discogs,false
mbrainz_8345,discogs_158312,musicbrainz,discogs,false
mbrainz_8345,discogs_162996,musicbrainz,discogs,false
mbrainz_8345,discogs_183058,musicbrainz,discogs,false
mbrainz_8345,discogs_187843,musicbrainz,discogs,false
mbrainz_8345,discogs_40500,musicbrainz,discogs,false
mbrainz_8345,discogs_49987,musicbrainz,discogs,false
mbrainz_8345,discogs_66828,musicbrainz,discogs,false
mbrainz_835,discogs_129285,musicbrainz,discogs,false
mbrainz_835,discogs_14384,musicbrainz,discogs,false
mbrainz_835,discogs_14890,musicbrainz,discogs,false
mbrainz_835,discogs_86854,musicbrainz,discogs,false
mbrainz_835,discogs_96451,musicbrainz,discogs,false
mbrainz_835,discogs_9665,musicbrainz,discogs,false
mbrainz_8359,discogs_102778,musicbrainz,discogs,false
mbrainz_8359,discogs_113529,musicbrainz,discogs,false
mbrainz_8359,discogs_135475,musicbrainz,discogs,false
mbrainz_8359,discogs_151761,musicbrainz,discogs,false
mbrainz_8359,discogs_40330,musicbrainz,discogs,false
mbrainz_8359,discogs_41434,musicbrainz,discogs,false
mbrainz_8359,discogs_51414,musicbrainz,discogs,false
mbrainz_8365,discogs_101296,musicbrainz,discogs,false
mbrainz_8365,discogs_150178,musicbrainz,discogs,false
mbrainz_8365,discogs_174696,musicbrainz,discogs,false
mbrainz_8365,discogs_21736,musicbrainz,discogs,false
mbrainz_8365,discogs_55379,musicbrainz,discogs,false
mbrainz_8365,discogs_7984,musicbrainz,discogs,false
mbrainz_8387,discogs_118762,musicbrainz,discogs,false
mbrainz_8387,discogs_168720,musicbrainz,discogs,false
mbrainz_8387,discogs_168903,musicbrainz,discogs,false
mbrainz_8387,discogs_27900,musicbrainz,discogs,false
mbrainz_8387,discogs_36879,musicbrainz,discogs,false
mbrainz_8387,discogs_5070,musicbrainz,discogs,false
mbrainz_8387,discogs_58269,musicbrainz,discogs,false
mbrainz_8387,discogs_92210,musicbrainz,discogs,false
mbrainz_839,discogs_10270,musicbrainz,discogs,false
mbrainz_839,discogs_108847,musicbrainz,discogs,false
mbrainz_839,discogs_109858,musicbrainz,discogs,false
mbrainz_839,discogs_169078,musicbrainz,discogs,false
mbrainz_839,discogs_27510,musicbrainz,discogs,false
mbrainz_839,discogs_4663,musicbrainz,discogs,false
mbrainz_839,discogs_96503,musicbrainz,discogs,false
mbrainz_8399,discogs_107625,musicbrainz,discogs,false
mbrainz_8399,discogs_109932,musicbrainz,discogs,false
mbrainz_8399,discogs_13117,musicbrainz,discogs,false
mbrainz_8399,discogs_22061,musicbrainz,discogs,false
mbrainz_8399,discogs_22237,musicbrainz,discogs,false
mbrainz_8399,discogs_42487,musicbrainz,discogs,false
mbrainz_8399,discogs_7110,musicbrainz,discogs,false
mbrainz_8399,discogs_71838,musicbrainz,discogs,false
mbrainz_8417,discogs_114691,musicbrainz,discogs,false
mbrainz_8417,discogs_142284,musicbrainz,discogs,false
mbrainz_8417,discogs_1644,musicbrainz,discogs,false
mbrainz_8417,discogs_37889,musicbrainz,discogs,false
mbrainz_8417,discogs_41077,musicbrainz,discogs,false
mbrainz_8417,discogs_56796,musicbrainz,discogs,false
mbrainz_8417,discogs_75826,musicbrainz,discogs,false
mbrainz_8417,discogs_90396,musicbrainz,discogs,false
mbrainz_8422,discogs_72272,musicbrainz,discogs,false
mbrainz_8432,discogs_22205,musicbrainz,discogs,false
mbrainz_8441,discogs_114836,musicbrainz,discogs,false
mbrainz_8441,discogs_16897,musicbrainz,discogs,false
mbrainz_8441,discogs_39372,musicbrainz,discogs,false
mbrainz_8441,discogs_47907,musicbrainz,discogs,false
mbrainz_8441,discogs_58563,musicbrainz,discogs,false
mbrainz_8453,discogs_13667,musicbrainz,discogs,false
mbrainz_8453,discogs_140980,musicbrainz,discogs,false
mbrainz_8453,discogs_4649,musicbrainz,discogs,false
mbrainz_8453,discogs_66264,musicbrainz,discogs,false
mbrainz_8453,discogs_75835,musicbrainz,discogs,false
mbrainz_847,discogs_107601,musicbrainz,discogs,false
mbrainz_847,discogs_11735,musicbrainz,discogs,false
mbrainz_847,discogs_13075,musicbrainz,discogs,false
mbrainz_847,discogs_165185,musicbrainz,discogs,false
mbrainz_847,discogs_178276,musicbrainz,discogs,false
mbrainz_847,discogs_183535,musicbrainz,discogs,false
mbrainz_849,discogs_11520,musicbrainz,discogs,false
mbrainz_849,discogs_1453,musicbrainz,discogs,false
mbrainz_849,discogs_21861,musicbrainz,discogs,false
mbrainz_849,discogs_25844,musicbrainz,discogs,false
mbrainz_849,discogs_3472,musicbrainz,discogs,false
mbrainz_849,discogs_349,musicbrainz,discogs,false
mbrainz_849,discogs_4168,musicbrainz,discogs,false
mbrainz_849,discogs_4558,musicbrainz,discogs,false
mbrainz_8495,discogs_111897,musicbrainz,discogs,false
mbrainz_8495,discogs_50894,musicbrainz,discogs,false
mbrainz_8495,discogs_52092,musicbrainz,discogs,false
mbrainz_8495,discogs_58161,musicbrainz,discogs,false
mbrainz_8518,discogs_117875,musicbrainz,discogs,false
mbrainz_8518,discogs_152646,musicbrainz,discogs,false
mbrainz_8518,discogs_175578,musicbrainz,discogs,false
mbrainz_8518,discogs_176978,musicbrainz,discogs,false
mbrainz_8518,discogs_178175,musicbrainz,discogs,false
mbrainz_8518,discogs_29840,musicbrainz,discogs,false
mbrainz_8518,discogs_51642,musicbrainz,discogs,false
mbrainz_8528,discogs_107664,musicbrainz,discogs,false
mbrainz_8528,discogs_187533,musicbrainz,discogs,false
mbrainz_8542,discogs_129241,musicbrainz,discogs,false
mbrainz_8542,discogs_20315,musicbrainz,discogs,false
mbrainz_8542,discogs_42627,musicbrainz,discogs,false
mbrainz_8542,discogs_53339,musicbrainz,discogs,false
mbrainz_8542,discogs_67950,musicbrainz,discogs,false
mbrainz_8542,discogs_73672,musicbrainz,discogs,false
mbrainz_8542,discogs_7639,musicbrainz,discogs,false
mbrainz_8566,discogs_13772,musicbrainz,discogs,false
mbrainz_8566,discogs_144119,musicbrainz,discogs,false
mbrainz_8566,discogs_163502,musicbrainz,discogs,false
mbrainz_8566,discogs_164609,musicbrainz,discogs,false
mbrainz_8566,discogs_186743,musicbrainz,discogs,false
mbrainz_8566,discogs_29438,musicbrainz,discogs,false
mbrainz_8566,discogs_54507,musicbrainz,discogs,false
mbrainz_8593,discogs_102006,musicbrainz,discogs,false
mbrainz_8593,discogs_10272,musicbrainz,discogs,false
mbrainz_8593,discogs_128712,musicbrainz,discogs,false
mbrainz_8593,discogs_174606,musicbrainz,discogs,false
mbrainz_8593,discogs_44252,musicbrainz,discogs,false
mbrainz_8593,discogs_59587,musicbrainz,discogs,false
mbrainz_8593,discogs_83422,musicbrainz,discogs,false
mbrainz_86,discogs_1266,musicbrainz,discogs,false
mbrainz_86,discogs_156479,musicbrainz,discogs,false
mbrainz_86,discogs_3352,musicbrainz,discogs,false
mbrainz_86,discogs_4560,musicbrainz,discogs,false
mbrainz_86,discogs_735,musicbrainz,discogs,false
mbrainz_86,discogs_899,musicbrainz,discogs,false
mbrainz_861,discogs_15556,musicbrainz,discogs,false
mbrainz_861,discogs_167768,musicbrainz,discogs,false
mbrainz_861,discogs_30003,musicbrainz,discogs,false
mbrainz_861,discogs_3637,musicbrainz,discogs,false
mbrainz_861,discogs_42397,musicbrainz,discogs,false
mbrainz_861,discogs_68364,musicbrainz,discogs,false
mbrainz_861,discogs_78395,musicbrainz,discogs,false
mbrainz_8643,discogs_110365,musicbrainz,discogs,false
mbrainz_8643,discogs_122501,musicbrainz,discogs,false
mbrainz_8643,discogs_133993,musicbrainz,discogs,false
mbrainz_8643,discogs_154911,musicbrainz,discogs,false
mbrainz_8643,discogs_93662,musicbrainz,discogs,false
mbrainz_8646,discogs_100497,musicbrainz,discogs,false
mbrainz_8646,discogs_105458,musicbrainz,discogs,false
mbrainz_8646,discogs_114196,musicbrainz,discogs,false
mbrainz_8646,discogs_14363,musicbrainz,discogs,false
mbrainz_8646,discogs_6333,musicbrainz,discogs,false
mbrainz_8646,discogs_72500,musicbrainz,discogs,false
mbrainz_8657,discogs_101570,musicbrainz,discogs,false
mbrainz_8657,discogs_107109,musicbrainz,discogs,false
mbrainz_8657,discogs_111163,musicbrainz,discogs,false
mbrainz_8657,discogs_136626,musicbrainz,discogs,false
mbrainz_8657,discogs_33946,musicbrainz,discogs,false
mbrainz_8657,discogs_56027,musicbrainz,discogs,false
mbrainz_8657,discogs_79905,musicbrainz,discogs,false
mbrainz_867,discogs_112202,musicbrainz,discogs,false
mbrainz_867,discogs_143521,musicbrainz,discogs,false
mbrainz_867,discogs_193719,musicbrainz,discogs,false
mbrainz_867,discogs_19416,musicbrainz,discogs,false
mbrainz_867,discogs_26609,musicbrainz,discogs,false
mbrainz_867,discogs_91510,musicbrainz,discogs,false
mbrainz_8680,discogs_128974,musicbrainz,discogs,false
mbrainz_8680,discogs_175031,musicbrainz,discogs,false
mbrainz_8680,discogs_41995,musicbrainz,discogs,false
mbrainz_8680,discogs_50663,musicbrainz,discogs,false
mbrainz_8680,discogs_88663,musicbrainz,discogs,false
mbrainz_87,discogs_10417,musicbrainz,discogs,false
mbrainz_87,discogs_144422,musicbrainz,discogs,false
mbrainz_87,discogs_1600,musicbrainz,discogs,false
mbrainz_87,discogs_1718,musicbrainz,discogs,false
mbrainz_87,discogs_74542,musicbrainz,discogs,false
mbrainz_87,discogs_82399,musicbrainz,discogs,false
mbrainz_87,discogs_9757,musicbrainz,discogs,false
mbrainz_870,discogs_10609,musicbrainz,discogs,false
mbrainz_870,discogs_113671,musicbrainz,discogs,false
mbrainz_870,discogs_159138,musicbrainz,discogs,false
mbrainz_870,discogs_173779,musicbrainz,discogs,false
mbrainz_870,discogs_176148,musicbrainz,discogs,false
mbrainz_870,discogs_46868,musicbrainz,discogs,false
mbrainz_870,discogs_5549,musicbrainz,discogs,false
mbrainz_870,discogs_79793,musicbrainz,discogs,false
mbrainz_870,discogs_91125,musicbrainz,discogs,false
mbrainz_8728,discogs_104146,musicbrainz,discogs,false
mbrainz_8728,discogs_172356,musicbrainz,discogs,false
mbrainz_8728,discogs_181563,musicbrainz,discogs,false
mbrainz_8728,discogs_196895,musicbrainz,discogs,false
mbrainz_8728,discogs_37464,musicbrainz,discogs,false
mbrainz_873,discogs_103310,musicbrainz,discogs,false
mbrainz_873,discogs_106187,musicbrainz,discogs,false
mbrainz_873,discogs_141883,musicbrainz,discogs,false
mbrainz_873,discogs_186312,musicbrainz,discogs,false
mbrainz_873,discogs_187181,musicbrainz,discogs,false
mbrainz_873,discogs_51427,musicbrainz,discogs,false
mbrainz_873,discogs_87075,musicbrainz,discogs,false
mbrainz_8737,discogs_103796,musicbrainz,discogs,false
mbrainz_8737,discogs_122746,musicbrainz,discogs,false
mbrainz_8737,discogs_17869,musicbrainz,discogs,false
mbrainz_8737,discogs_29334,musicbrainz,discogs,false
mbrainz_8737,discogs_3453,musicbrainz,discogs,false
mbrainz_8737,discogs_55529,musicbrainz,discogs,false
mbrainz_8737,discogs_63131,musicbrainz,discogs,false
mbrainz_8737,discogs_91611,musicbrainz,discogs,false
mbrainz_875,discogs_15433,musicbrainz,discogs,false
mbrainz_875,discogs_19781,musicbrainz,discogs,false
mbrainz_875,discogs_23966,musicbrainz,discogs,false
mbrainz_875,discogs_25529,musicbrainz,discogs,false
mbrainz_875,discogs_26152,musicbrainz,discogs,false
mbrainz_875,discogs_5946,musicbrainz,discogs,false
mbrainz_8751,discogs_39307,musicbrainz,discogs,false
mbrainz_8751,discogs_51115,musicbrainz,discogs,false
mbrainz_8751,discogs_74984,musicbrainz,discogs,false
mbrainz_8751,discogs_99219,musicbrainz,discogs,false
mbrainz_8791,discogs_110190,musicbrainz,discogs,false
mbrainz_8792,discogs_104485,musicbrainz,discogs,false
mbrainz_8792,discogs_123572,musicbrainz,discogs,false
mbrainz_8792,discogs_13407,musicbrainz,discogs,false
mbrainz_8792,discogs_14450,musicbrainz,discogs,false
mbrainz_8792,discogs_14682,musicbrainz,discogs,false
mbrainz_8792,discogs_147751,musicbrainz,discogs,false
mbrainz_8792,discogs_148678,musicbrainz,discogs,false
mbrainz_8792,discogs_91363,musicbrainz,discogs,false
mbrainz_8811,discogs_134511,musicbrainz,discogs,false
mbrainz_8811,discogs_14968,musicbrainz,discogs,false
mbrainz_8811,discogs_196663,musicbrainz,discogs,false
mbrainz_8811,discogs_82874,musicbrainz,discogs,false
mbrainz_8813,discogs_10629,musicbrainz,discogs,false
mbrainz_8813,discogs_140075,musicbrainz,discogs,false
mbrainz_8813,discogs_149715,musicbrainz,discogs,false
mbrainz_8813,discogs_164166,musicbrainz,discogs,false
mbrainz_8813,discogs_18290,musicbrainz,discogs,false
mbrainz_8813,discogs_53175,musicbrainz,discogs,false
mbrainz_8813,discogs_58202,musicbrainz,discogs,false
mbrainz_8813,discogs_91189,musicbrainz,discogs,false
mbrainz_8820,discogs_100412,musicbrainz,discogs,false
mbrainz_8820,discogs_103163,musicbrainz,discogs,false
mbrainz_8820,discogs_13953,musicbrainz,discogs,false
mbrainz_8820,discogs_179391,musicbrainz,discogs,false
mbrainz_8820,discogs_183902,musicbrainz,discogs,false
mbrainz_8820,discogs_29705,musicbrainz,discogs,false
mbrainz_8820,discogs_39632,musicbrainz,discogs,false
mbrainz_8820,discogs_64936,musicbrainz,discogs,false
mbrainz_8820,discogs_92739,musicbrainz,discogs,false
mbrainz_883,discogs_110334,musicbrainz,discogs,false
mbrainz_883,discogs_158861,musicbrainz,discogs,false
mbrainz_883,discogs_184822,musicbrainz,discogs,false
mbrainz_883,discogs_26641,musicbrainz,discogs,false
mbrainz_883,discogs_28511,musicbrainz,discogs,false
mbrainz_883,discogs_36381,musicbrainz,discogs,false
mbrainz_883,discogs_42083,musicbrainz,discogs,false
mbrainz_883,discogs_70698,musicbrainz,discogs,false
mbrainz_883,discogs_8504,musicbrainz,discogs,false
mbrainz_8857,discogs_112649,musicbrainz,discogs,false
mbrainz_8857,discogs_125432,musicbrainz,discogs,false
mbrainz_8857,discogs_131003,musicbrainz,discogs,false
mbrainz_8857,discogs_13190,musicbrainz,discogs,false
mbrainz_8857,discogs_1971,musicbrainz,discogs,false
mbrainz_8857,discogs_2488,musicbrainz,discogs,false
mbrainz_8857,discogs_3354,musicbrainz,discogs,false
mbrainz_8857,discogs_76960,musicbrainz,discogs,false
mbrainz_8861,discogs_102587,musicbrainz,discogs,false
mbrainz_8861,discogs_156636,musicbrainz,discogs,false
mbrainz_8861,discogs_189486,musicbrainz,discogs,false
mbrainz_8861,discogs_26411,musicbrainz,discogs,false
mbrainz_8861,discogs_39408,musicbrainz,discogs,false
mbrainz_8861,discogs_64720,musicbrainz,discogs,false
mbrainz_8861,discogs_88017,musicbrainz,discogs,false
mbrainz_8861,discogs_88761,musicbrainz,discogs,false
mbrainz_8862,discogs_124152,musicbrainz,discogs,false
mbrainz_8862,discogs_124155,musicbrainz,discogs,false
mbrainz_8862,discogs_128559,musicbrainz,discogs,false
mbrainz_8862,discogs_185856,musicbrainz,discogs,false
mbrainz_8862,discogs_27371,musicbrainz,discogs,false
mbrainz_8862,discogs_49809,musicbrainz,discogs,false
mbrainz_8862,discogs_80092,musicbrainz,discogs,false
mbrainz_8867,discogs_100369,musicbrainz,discogs,false
mbrainz_8867,discogs_13603,musicbrainz,discogs,false
mbrainz_8867,discogs_15556,musicbrainz,discogs,false
mbrainz_8867,discogs_3637,musicbrainz,discogs,false
mbrainz_8867,discogs_42397,musicbrainz,discogs,false
mbrainz_8867,discogs_44363,musicbrainz,discogs,false
mbrainz_8867,discogs_68364,musicbrainz,discogs,false
mbrainz_8867,discogs_93443,musicbrainz,discogs,false
mbrainz_8868,discogs_123012,musicbrainz,discogs,false
mbrainz_8868,discogs_138650,musicbrainz,discogs,false
mbrainz_8868,discogs_147730,musicbrainz,discogs,false
mbrainz_8868,discogs_183363,musicbrainz,discogs,false
mbrainz_8868,discogs_32243,musicbrainz,discogs,false
mbrainz_8868,discogs_55852,musicbrainz,discogs,false
mbrainz_8868,discogs_86262,musicbrainz,discogs,false
mbrainz_8886,discogs_148382,musicbrainz,discogs,false
mbrainz_8886,discogs_21354,musicbrainz,discogs,false
mbrainz_8886,discogs_23286,musicbrainz,discogs,false
mbrainz_8886,discogs_31354,musicbrainz,discogs,false
mbrainz_8886,discogs_33830,musicbrainz,discogs,false
mbrainz_8886,discogs_41207,musicbrainz,discogs,false
mbrainz_8886,discogs_70221,musicbrainz,discogs,false
mbrainz_8886,discogs_7406,musicbrainz,discogs,false
mbrainz_8886,discogs_7581,musicbrainz,discogs,false
mbrainz_89,discogs_129905,musicbrainz,discogs,false
mbrainz_89,discogs_130167,musicbrainz,discogs,false
mbrainz_89,discogs_176989,musicbrainz,discogs,false
mbrainz_89,discogs_182672,musicbrainz,discogs,false
mbrainz_89,discogs_190307,musicbrainz,discogs,false
mbrainz_89,discogs_194861,musicbrainz,discogs,false
mbrainz_89,discogs_36207,musicbrainz,discogs,false
mbrainz_89,discogs_42474,musicbrainz,discogs,false
mbrainz_8917,discogs_140195,musicbrainz,discogs,false
mbrainz_8917,discogs_158650,musicbrainz,discogs,false
mbrainz_8917,discogs_174060,musicbrainz,discogs,false
mbrainz_8917,discogs_189757,musicbrainz,discogs,false
mbrainz_8917,discogs_21696,musicbrainz,discogs,false
mbrainz_8917,discogs_70412,musicbrainz,discogs,false
mbrainz_8917,discogs_98309,musicbrainz,discogs,false
mbrainz_893,discogs_11520,musicbrainz,discogs,false
mbrainz_893,discogs_1453,musicbrainz,discogs,false
mbrainz_893,discogs_183641,musicbrainz,discogs,false
mbrainz_893,discogs_21861,musicbrainz,discogs,false
mbrainz_893,discogs_25844,musicbrainz,discogs,false
mbrainz_893,discogs_3472,musicbrainz,discogs,false
mbrainz_893,discogs_349,musicbrainz,discogs,false
mbrainz_893,discogs_3927,musicbrainz,discogs,false
mbrainz_8935,discogs_47971,musicbrainz,discogs,false
mbrainz_8935,discogs_75267,musicbrainz,discogs,false
mbrainz_8950,discogs_101416,musicbrainz,discogs,false
mbrainz_8950,discogs_107625,musicbrainz,discogs,false
mbrainz_8950,discogs_109932,musicbrainz,discogs,false
mbrainz_8950,discogs_136296,musicbrainz,discogs,false
mbrainz_8950,discogs_140988,musicbrainz,discogs,false
mbrainz_8950,discogs_142436,musicbrainz,discogs,false
mbrainz_8950,discogs_25082,musicbrainz,discogs,false
mbrainz_8950,discogs_38972,musicbrainz,discogs,false
mbrainz_8950,discogs_40990,musicbrainz,discogs,false
mbrainz_896,discogs_104360,musicbrainz,discogs,false
mbrainz_896,discogs_113686,musicbrainz,discogs,false
mbrainz_896,discogs_123070,musicbrainz,discogs,false
mbrainz_896,discogs_141545,musicbrainz,discogs,false
mbrainz_896,discogs_60168,musicbrainz,discogs,false
mbrainz_896,discogs_64430,musicbrainz,discogs,false
mbrainz_896,discogs_77303,musicbrainz,discogs,false
mbrainz_896,discogs_96641,musicbrainz,discogs,false
mbrainz_8972,discogs_12789,musicbrainz,discogs,false
mbrainz_8972,discogs_40278,musicbrainz,discogs,false
mbrainz_8972,discogs_62765,musicbrainz,discogs,false
mbrainz_898,discogs_110469,musicbrainz,discogs,false
mbrainz_898,discogs_124331,musicbrainz,discogs,false
mbrainz_898,discogs_135205,musicbrainz,discogs,false
mbrainz_898,discogs_157426,musicbrainz,discogs,false
mbrainz_898,discogs_28485,musicbrainz,discogs,false
mbrainz_898,discogs_70927,musicbrainz,discogs,false
mbrainz_8996,discogs_112747,musicbrainz,discogs,false
mbrainz_8996,discogs_127156,musicbrainz,discogs,false
mbrainz_8996,discogs_176801,musicbrainz,discogs,false
mbrainz_8996,discogs_178045,musicbrainz,discogs,false
mbrainz_8996,discogs_35375,musicbrainz,discogs,false
mbrainz_8996,discogs_89067,musicbrainz,discogs,false
mbrainz_9,discogs_105775,musicbrainz,discogs,false
mbrainz_9,discogs_124362,musicbrainz,discogs,false
mbrainz_9,discogs_133474,musicbrainz,discogs,false
mbrainz_9,discogs_147056,musicbrainz,discogs,false
mbrainz_9,discogs_5734,musicbrainz,discogs,false
mbrainz_90,discogs_101001,musicbrainz,discogs,false
mbrainz_90,discogs_106342,musicbrainz,discogs,false
mbrainz_90,discogs_118940,musicbrainz,discogs,false
mbrainz_90,discogs_132327,musicbrainz,discogs,false
mbrainz_90,discogs_17307,musicbrainz,discogs,false
mbrainz_90,discogs_57405,musicbrainz,discogs,false
mbrainz_9004,discogs_101746,musicbrainz,discogs,false
mbrainz_9004,discogs_107434,musicbrainz,discogs,false
mbrainz_9004,discogs_119881,musicbrainz,discogs,false
mbrainz_9004,discogs_120031,musicbrainz,discogs,false
mbrainz_9004,discogs_142005,musicbrainz,discogs,false
mbrainz_9004,discogs_169946,musicbrainz,discogs,false
mbrainz_9006,discogs_115730,musicbrainz,discogs,false
mbrainz_9006,discogs_14098,musicbrainz,discogs,false
mbrainz_9006,discogs_141386,musicbrainz,discogs,false
mbrainz_9006,discogs_36746,musicbrainz,discogs,false
mbrainz_9006,discogs_40928,musicbrainz,discogs,false
mbrainz_9006,discogs_84031,musicbrainz,discogs,false
mbrainz_9006,discogs_90592,musicbrainz,discogs,false
mbrainz_9043,discogs_132183,musicbrainz,discogs,false
mbrainz_9043,discogs_149985,musicbrainz,discogs,false
mbrainz_9043,discogs_157521,musicbrainz,discogs,false
mbrainz_9043,discogs_22411,musicbrainz,discogs,false
mbrainz_9043,discogs_226,musicbrainz,discogs,false
mbrainz_9043,discogs_59519,musicbrainz,discogs,false
mbrainz_9043,discogs_73171,musicbrainz,discogs,false
mbrainz_9048,discogs_11941,musicbrainz,discogs,false
mbrainz_9048,discogs_119732,musicbrainz,discogs,false
mbrainz_9048,discogs_15818,musicbrainz,discogs,false
mbrainz_9048,discogs_184957,musicbrainz,discogs,false
mbrainz_9048,discogs_18726,musicbrainz,discogs,false
mbrainz_9048,discogs_42601,musicbrainz,discogs,false
mbrainz_9048,discogs_63718,musicbrainz,discogs,false
mbrainz_9048,discogs_6787,musicbrainz,discogs,false
mbrainz_9048,discogs_78767,musicbrainz,discogs,false
mbrainz_9051,discogs_103233,musicbrainz,discogs,false
mbrainz_9051,discogs_13456,musicbrainz,discogs,false
mbrainz_9051,discogs_150484,musicbrainz,discogs,false
mbrainz_9051,discogs_61768,musicbrainz,discogs,false
mbrainz_9051,discogs_97899,musicbrainz,discogs,false
mbrainz_9062,discogs_124902,musicbrainz,discogs,false
mbrainz_9062,discogs_191061,musicbrainz,discogs,false
mbrainz_9062,discogs_38238,musicbrainz,discogs,false
mbrainz_9062,discogs_40736,musicbrainz,discogs,false
mbrainz_9062,discogs_61967,musicbrainz,discogs,false
mbrainz_9064,discogs_130131,musicbrainz,discogs,false
mbrainz_9064,discogs_138388,musicbrainz,discogs,false
mbrainz_9064,discogs_154766,musicbrainz,discogs,false
mbrainz_908,discogs_111596,musicbrainz,discogs,false
mbrainz_908,discogs_173488,musicbrainz,discogs,false
mbrainz_9083,discogs_129874,musicbrainz,discogs,false
mbrainz_9083,discogs_136891,musicbrainz,discogs,false
mbrainz_9083,discogs_14819,musicbrainz,discogs,false
mbrainz_9083,discogs_182054,musicbrainz,discogs,false
mbrainz_9083,discogs_19176,musicbrainz,discogs,false
mbrainz_9083,discogs_22381,musicbrainz,discogs,false
mbrainz_9083,discogs_5535,musicbrainz,discogs,false
mbrainz_9083,discogs_67322,musicbrainz,discogs,false
mbrainz_9087,discogs_177088,musicbrainz,discogs,false
mbrainz_9087,discogs_192458,musicbrainz,discogs,false
mbrainz_9087,discogs_32283,musicbrainz,discogs,false
mbrainz_9087,discogs_42947,musicbrainz,discogs,false
mbrainz_9087,discogs_48766,musicbrainz,discogs,false
mbrainz_9087,discogs_54853,musicbrainz,discogs,false
mbrainz_9087,discogs_61545,musicbrainz,discogs,false
mbrainz_9095,discogs_138244,musicbrainz,discogs,false
mbrainz_9095,discogs_47965,musicbrainz,discogs,false
mbrainz_91,discogs_100903,musicbrainz,discogs,false
mbrainz_91,discogs_101589,musicbrainz,discogs,false
mbrainz_91,discogs_63538,musicbrainz,discogs,false
mbrainz_910,discogs_13839,musicbrainz,discogs,false
mbrainz_910,discogs_1600,musicbrainz,discogs,false
mbrainz_910,discogs_18663,musicbrainz,discogs,false
mbrainz_910,discogs_45349,musicbrainz,discogs,false
mbrainz_910,discogs_56656,musicbrainz,discogs,false
mbrainz_910,discogs_83175,musicbrainz,discogs,false
mbrainz_912,discogs_103141,musicbrainz,discogs,false
mbrainz_912,discogs_111991,musicbrainz,discogs,false
mbrainz_912,discogs_124594,musicbrainz,discogs,false
mbrainz_912,discogs_13086,musicbrainz,discogs,false
mbrainz_912,discogs_31423,musicbrainz,discogs,false
mbrainz_912,discogs_55938,musicbrainz,discogs,false
mbrainz_9133,discogs_133929,musicbrainz,discogs,false
mbrainz_9133,discogs_1425,musicbrainz,discogs,false
mbrainz_9133,discogs_145972,musicbrainz,discogs,false
mbrainz_9133,discogs_163728,musicbrainz,discogs,false
mbrainz_9133,discogs_187882,musicbrainz,discogs,false
mbrainz_9133,discogs_197034,musicbrainz,discogs,false
mbrainz_9133,discogs_37938,musicbrainz,discogs,false
mbrainz_9133,discogs_4176,musicbrainz,discogs,false
mbrainz_9133,discogs_75962,musicbrainz,discogs,false
mbrainz_9133,discogs_98855,musicbrainz,discogs,false
mbrainz_914,discogs_78139,musicbrainz,discogs,false
mbrainz_914,discogs_80538,musicbrainz,discogs,false
mbrainz_9140,discogs_114691,musicbrainz,discogs,false
mbrainz_9140,discogs_154519,musicbrainz,discogs,false
mbrainz_9140,discogs_161631,musicbrainz,discogs,false
mbrainz_9140,discogs_19270,musicbrainz,discogs,false
mbrainz_9140,discogs_65001,musicbrainz,discogs,false
mbrainz_9161,discogs_133667,musicbrainz,discogs,false
mbrainz_9161,discogs_179292,musicbrainz,discogs,false
mbrainz_9161,discogs_190219,musicbrainz,discogs,false
mbrainz_9161,discogs_31670,musicbrainz,discogs,false
mbrainz_9161,discogs_34540,musicbrainz,discogs,false
mbrainz_9161,discogs_52679,musicbrainz,discogs,false
mbrainz_9161,discogs_92759,musicbrainz,discogs,false
mbrainz_9180,discogs_136318,musicbrainz,discogs,false
mbrainz_9180,discogs_90823,musicbrainz,discogs,false
mbrainz_9183,discogs_196568,musicbrainz,discogs,false
mbrainz_9183,discogs_56175,musicbrainz,discogs,false
mbrainz_9183,discogs_99088,musicbrainz,discogs,false
mbrainz_9193,discogs_123902,musicbrainz,discogs,false
mbrainz_9193,discogs_124817,musicbrainz,discogs,false
mbrainz_9193,discogs_131049,musicbrainz,discogs,false
mbrainz_9193,discogs_49595,musicbrainz,discogs,false
mbrainz_9193,discogs_52361,musicbrainz,discogs,false
mbrainz_9193,discogs_72924,musicbrainz,discogs,false
mbrainz_9193,discogs_98181,musicbrainz,discogs,false
mbrainz_9193,discogs_99926,musicbrainz,discogs,false
mbrainz_92,discogs_175842,musicbrainz,discogs,false
mbrainz_92,discogs_40981,musicbrainz,discogs,false
mbrainz_92,discogs_45839,musicbrainz,discogs,false
mbrainz_92,discogs_5174,musicbrainz,discogs,false
mbrainz_92,discogs_79367,musicbrainz,discogs,false
mbrainz_9210,discogs_1266,musicbrainz,discogs,false
mbrainz_9210,discogs_168351,musicbrainz,discogs,false
mbrainz_9210,discogs_1765,musicbrainz,discogs,false
mbrainz_9210,discogs_20742,musicbrainz,discogs,false
mbrainz_9210,discogs_27140,musicbrainz,discogs,false
mbrainz_9210,discogs_42153,musicbrainz,discogs,false
mbrainz_9210,discogs_42527,musicbrainz,discogs,false
mbrainz_9210,discogs_43114,musicbrainz,discogs,false
mbrainz_9210,discogs_45695,musicbrainz,discogs,false
mbrainz_9216,discogs_2644,musicbrainz,discogs,false
mbrainz_9216,discogs_27427,musicbrainz,discogs,false
mbrainz_9216,discogs_34058,musicbrainz,discogs,false
mbrainz_9216,discogs_34546,musicbrainz,discogs,false
mbrainz_9216,discogs_41451,musicbrainz,discogs,false
mbrainz_9216,discogs_77437,musicbrainz,discogs,false
mbrainz_9216,discogs_83542,musicbrainz,discogs,false
mbrainz_9240,discogs_107105,musicbrainz,discogs,false
mbrainz_9240,discogs_15248,musicbrainz,discogs,false
mbrainz_9240,discogs_159275,musicbrainz,discogs,false
mbrainz_9240,discogs_163812,musicbrainz,discogs,false
mbrainz_9240,discogs_173184,musicbrainz,discogs,false
mbrainz_9240,discogs_54384,musicbrainz,discogs,false
mbrainz_9240,discogs_66701,musicbrainz,discogs,false
mbrainz_9240,discogs_87471,musicbrainz,discogs,false
mbrainz_9242,discogs_100622,musicbrainz,discogs,false
mbrainz_9242,discogs_35368,musicbrainz,discogs,false
mbrainz_9242,discogs_36343,musicbrainz,discogs,false
mbrainz_9242,discogs_41558,musicbrainz,discogs,false
mbrainz_9242,discogs_73063,musicbrainz,discogs,false
mbrainz_9242,discogs_78453,musicbrainz,discogs,false
mbrainz_9242,discogs_92903,musicbrainz,discogs,false
mbrainz_9271,discogs_29324,musicbrainz,discogs,false
mbrainz_9292,discogs_101163,musicbrainz,discogs,false
mbrainz_9292,discogs_147281,musicbrainz,discogs,false
mbrainz_9292,discogs_174622,musicbrainz,discogs,false
mbrainz_9292,discogs_54634,musicbrainz,discogs,false
mbrainz_9292,discogs_5484,musicbrainz,discogs,false
mbrainz_9292,discogs_59523,musicbrainz,discogs,false
mbrainz_9292,discogs_77210,musicbrainz,discogs,false
mbrainz_9299,discogs_146051,musicbrainz,discogs,false
mbrainz_9299,discogs_23676,musicbrainz,discogs,false
mbrainz_9299,discogs_40234,musicbrainz,discogs,false
mbrainz_9299,discogs_61079,musicbrainz,discogs,false
mbrainz_9299,discogs_88759,musicbrainz,discogs,false
mbrainz_9318,discogs_10016,musicbrainz,discogs,false
mbrainz_9318,discogs_162372,musicbrainz,discogs,false
mbrainz_9318,discogs_23120,musicbrainz,discogs,false
mbrainz_9318,discogs_26209,musicbrainz,discogs,false
mbrainz_9318,discogs_34255,musicbrainz,discogs,false
mbrainz_9318,discogs_43644,musicbrainz,discogs,false
mbrainz_9318,discogs_7970,musicbrainz,discogs,false
mbrainz_9318,discogs_81435,musicbrainz,discogs,false
mbrainz_9318,discogs_82482,musicbrainz,discogs,false
mbrainz_9327,discogs_114685,musicbrainz,discogs,false
mbrainz_9327,discogs_26866,musicbrainz,discogs,false
mbrainz_9327,discogs_41050,musicbrainz,discogs,false
mbrainz_9327,discogs_47995,musicbrainz,discogs,false
mbrainz_9327,discogs_5063,musicbrainz,discogs,false
mbrainz_9327,discogs_63048,musicbrainz,discogs,false
mbrainz_9327,discogs_83049,musicbrainz,discogs,false
mbrainz_934,discogs_10244,musicbrainz,discogs,false
mbrainz_934,discogs_186413,musicbrainz,discogs,false
mbrainz_934,discogs_189075,musicbrainz,discogs,false
mbrainz_934,discogs_727,musicbrainz,discogs,false
mbrainz_9360,discogs_121992,musicbrainz,discogs,false
mbrainz_9360,discogs_12253,musicbrainz,discogs,false
mbrainz_9360,discogs_15966,musicbrainz,discogs,false
mbrainz_9360,discogs_188775,musicbrainz,discogs,false
mbrainz_9360,discogs_29266,musicbrainz,discogs,false
mbrainz_9360,discogs_36435,musicbrainz,discogs,false
mbrainz_9360,discogs_56982,musicbrainz,discogs,false
mbrainz_9360,discogs_84822,musicbrainz,discogs,false
mbrainz_9373,discogs_189143,musicbrainz,discogs,false
mbrainz_9373,discogs_193411,musicbrainz,discogs,false
mbrainz_9373,discogs_56122,musicbrainz,discogs,false
mbrainz_9373,discogs_64852,musicbrainz,discogs,false
mbrainz_9411,discogs_10496,musicbrainz,discogs,false
mbrainz_9411,discogs_119759,musicbrainz,discogs,false
mbrainz_9411,discogs_127924,musicbrainz,discogs,false
mbrainz_9411,discogs_161848,musicbrainz,discogs,false
mbrainz_9411,discogs_185342,musicbrainz,discogs,false
mbrainz_9411,discogs_22822,musicbrainz,discogs,false
mbrainz_9411,discogs_47242,musicbrainz,discogs,false
mbrainz_9411,discogs_98052,musicbrainz,discogs,false
mbrainz_943,discogs_123667,musicbrainz,discogs,false
mbrainz_943,discogs_29725,musicbrainz,discogs,false
mbrainz_943,discogs_31674,musicbrainz,discogs,false
mbrainz_943,discogs_73503,musicbrainz,discogs,false
mbrainz_9443,discogs_172772,musicbrainz,discogs,false
mbrainz_9447,discogs_111485,musicbrainz,discogs,false
mbrainz_9447,discogs_112076,musicbrainz,discogs,false
mbrainz_9447,discogs_133695,musicbrainz,discogs,false
mbrainz_9447,discogs_162946,musicbrainz,discogs,false
mbrainz_9447,discogs_32378,musicbrainz,discogs,false
mbrainz_9447,discogs_42411,musicbrainz,discogs,false
mbrainz_9447,discogs_51950,musicbrainz,discogs,false
mbrainz_9447,discogs_65110,musicbrainz,discogs,false
mbrainz_9447,discogs_72224,musicbrainz,discogs,false
mbrainz_9451,discogs_100384,musicbrainz,discogs,false
mbrainz_9451,discogs_114846,musicbrainz,discogs,false
mbrainz_9451,discogs_137138,musicbrainz,discogs,false
mbrainz_9451,discogs_172599,musicbrainz,discogs,false
mbrainz_9451,discogs_64754,musicbrainz,discogs,false
mbrainz_9451,discogs_81519,musicbrainz,discogs,false
mbrainz_9451,discogs_98084,musicbrainz,discogs,false
mbrainz_9452,discogs_163110,musicbrainz,discogs,false
mbrainz_9452,discogs_99706,musicbrainz,discogs,false
mbrainz_9457,discogs_129241,musicbrainz,discogs,false
mbrainz_9457,discogs_150682,musicbrainz,discogs,false
mbrainz_9457,discogs_174340,musicbrainz,discogs,false
mbrainz_9457,discogs_20315,musicbrainz,discogs,false
mbrainz_9457,discogs_51217,musicbrainz,discogs,false
mbrainz_9457,discogs_5213,musicbrainz,discogs,false
mbrainz_9457,discogs_53339,musicbrainz,discogs,false
mbrainz_9457,discogs_7639,musicbrainz,discogs,false
mbrainz_9473,discogs_13420,musicbrainz,discogs,false
mbrainz_9473,discogs_144543,musicbrainz,discogs,false
mbrainz_9473,discogs_156226,musicbrainz,discogs,false
mbrainz_9473,discogs_193445,musicbrainz,discogs,false
mbrainz_9473,discogs_43771,musicbrainz,discogs,false
mbrainz_9473,discogs_70613,musicbrainz,discogs,false
mbrainz_95,discogs_131557,musicbrainz,discogs,false
mbrainz_95,discogs_15337,musicbrainz,discogs,false
mbrainz_95,discogs_154680,musicbrainz,discogs,false
mbrainz_95,discogs_15819,musicbrainz,discogs,false
mbrainz_95,discogs_16143,musicbrainz,discogs,false
mbrainz_95,discogs_171054,musicbrainz,discogs,false
mbrainz_95,discogs_34407,musicbrainz,discogs,false
mbrainz_9508,discogs_133432,musicbrainz,discogs,false
mbrainz_9508,discogs_142521,musicbrainz,discogs,false
mbrainz_9508,discogs_31309,musicbrainz,discogs,false
mbrainz_9508,discogs_3224,musicbrainz,discogs,false
mbrainz_9508,discogs_41932,musicbrainz,discogs,false
mbrainz_9508,discogs_75722,musicbrainz,discogs,false
mbrainz_9510,discogs_168726,musicbrainz,discogs,false
mbrainz_9510,discogs_192415,musicbrainz,discogs,false
mbrainz_9510,discogs_193934,musicbrainz,discogs,false
mbrainz_9523,discogs_110334,musicbrainz,discogs,false
mbrainz_9523,discogs_181785,musicbrainz,discogs,false
mbrainz_9523,discogs_26641,musicbrainz,discogs,false
mbrainz_9523,discogs_28511,musicbrainz,discogs,false
mbrainz_9523,discogs_36381,musicbrainz,discogs,false
mbrainz_9523,discogs_42083,musicbrainz,discogs,false
mbrainz_9523,discogs_45456,musicbrainz,discogs,false
mbrainz_9523,discogs_70698,musicbrainz,discogs,false
mbrainz_9523,discogs_8912,musicbrainz,discogs,false
mbrainz_9532,discogs_13603,musicbrainz,discogs,false
mbrainz_9532,discogs_15556,musicbrainz,discogs,false
mbrainz_9532,discogs_167768,musicbrainz,discogs,false
mbrainz_9532,discogs_22222,musicbrainz,discogs,false
mbrainz_9532,discogs_30003,musicbrainz,discogs,false
mbrainz_9532,discogs_42397,musicbrainz,discogs,false
mbrainz_9532,discogs_93443,musicbrainz,discogs,false
mbrainz_9536,discogs_16190,musicbrainz,discogs,false
mbrainz_9536,discogs_180821,musicbrainz,discogs,false
mbrainz_957,discogs_10270,musicbrainz,discogs,false
mbrainz_957,discogs_108847,musicbrainz,discogs,false
mbrainz_957,discogs_27510,musicbrainz,discogs,false
mbrainz_957,discogs_29886,musicbrainz,discogs,false
mbrainz_957,discogs_4099,musicbrainz,discogs,false
mbrainz_957,discogs_4663,musicbrainz,discogs,false
mbrainz_96,discogs_128392,musicbrainz,discogs,false
mbrainz_96,discogs_46536,musicbrainz,discogs,false
mbrainz_96,discogs_8592,musicbrainz,discogs,false
mbrainz_9656,discogs_144640,musicbrainz,discogs,false
mbrainz_9656,discogs_153951,musicbrainz,discogs,false
mbrainz_9656,discogs_16242,musicbrainz,discogs,false
mbrainz_9656,discogs_16332,musicbrainz,discogs,false
mbrainz_9656,discogs_167928,musicbrainz,discogs,false
mbrainz_9656,discogs_36633,musicbrainz,discogs,false
mbrainz_9656,discogs_52731,musicbrainz,discogs,false
mbrainz_9656,discogs_5413,musicbrainz,discogs,false
mbrainz_9656,discogs_66067,musicbrainz,discogs,false
mbrainz_9660,discogs_102076,musicbrainz,discogs,false
mbrainz_9660,discogs_12396,musicbrainz,discogs,false
mbrainz_9660,discogs_135692,musicbrainz,discogs,false
mbrainz_9660,discogs_14182,musicbrainz,discogs,false
mbrainz_9660,discogs_142923,musicbrainz,discogs,false
mbrainz_9660,discogs_21964,musicbrainz,discogs,false
mbrainz_9660,discogs_30104,musicbrainz,discogs,false
mbrainz_9668,discogs_1266,musicbrainz,discogs,false
mbrainz_9668,discogs_130708,musicbrainz,discogs,false
mbrainz_9668,discogs_135183,musicbrainz,discogs,false
mbrainz_9668,discogs_160403,musicbrainz,discogs,false
mbrainz_9668,discogs_181499,musicbrainz,discogs,false
mbrainz_9668,discogs_56514,musicbrainz,discogs,false
mbrainz_9668,discogs_68345,musicbrainz,discogs,false
mbrainz_9680,discogs_122099,musicbrainz,discogs,false
mbrainz_9680,discogs_191718,musicbrainz,discogs,false
mbrainz_9680,discogs_19801,musicbrainz,discogs,false
mbrainz_9680,discogs_3081,musicbrainz,discogs,false
mbrainz_9680,discogs_673,musicbrainz,discogs,false
mbrainz_9680,discogs_99026,musicbrainz,discogs,false
mbrainz_9683,discogs_112130,musicbrainz,discogs,false
mbrainz_9683,discogs_112856,musicbrainz,discogs,false
mbrainz_9683,discogs_114622,musicbrainz,discogs,false
mbrainz_9683,discogs_144105,musicbrainz,discogs,false
mbrainz_9683,discogs_22267,musicbrainz,discogs,false
mbrainz_9683,discogs_22352,musicbrainz,discogs,false
mbrainz_9683,discogs_24235,musicbrainz,discogs,false
mbrainz_9683,discogs_2908,musicbrainz,discogs,false
mbrainz_9690,discogs_121968,musicbrainz,discogs,false
mbrainz_9690,discogs_125797,musicbrainz,discogs,false
mbrainz_9690,discogs_129643,musicbrainz,discogs,false
mbrainz_9690,discogs_136285,musicbrainz,discogs,false
mbrainz_9690,discogs_142434,musicbrainz,discogs,false
mbrainz_9690,discogs_167020,musicbrainz,discogs,false
mbrainz_9690,discogs_28649,musicbrainz,discogs,false
mbrainz_9690,discogs_64314,musicbrainz,discogs,false
mbrainz_9693,discogs_108733,musicbrainz,discogs,false
mbrainz_9693,discogs_117831,musicbrainz,discogs,false
mbrainz_9693,discogs_131447,musicbrainz,discogs,false
mbrainz_9693,discogs_152327,musicbrainz,discogs,false
mbrainz_9693,discogs_153641,musicbrainz,discogs,false
mbrainz_9693,discogs_184388,musicbrainz,discogs,false
mbrainz_9693,discogs_30152,musicbrainz,discogs,false
mbrainz_9693,discogs_59975,musicbrainz,discogs,false
mbrainz_9693,discogs_63335,musicbrainz,discogs,false
mbrainz_9696,discogs_109766,musicbrainz,discogs,false
mbrainz_9696,discogs_111379,musicbrainz,discogs,false
mbrainz_9696,discogs_131003,musicbrainz,discogs,false
mbrainz_9696,discogs_1971,musicbrainz,discogs,false
mbrainz_9696,discogs_28502,musicbrainz,discogs,false
mbrainz_9696,discogs_80882,musicbrainz,discogs,false
mbrainz_9705,discogs_114743,musicbrainz,discogs,false
mbrainz_9705,discogs_135864,musicbrainz,discogs,false
mbrainz_9705,discogs_136319,musicbrainz,discogs,false
mbrainz_9705,discogs_140,musicbrainz,discogs,false
mbrainz_9705,discogs_171410,musicbrainz,discogs,false
mbrainz_9705,discogs_195584,musicbrainz,discogs,false
mbrainz_9705,discogs_197752,musicbrainz,discogs,false
mbrainz_9705,discogs_31612,musicbrainz,discogs,false
mbrainz_9716,discogs_124958,musicbrainz,discogs,false
mbrainz_9716,discogs_153506,musicbrainz,discogs,false
mbrainz_9716,discogs_15971,musicbrainz,discogs,false
mbrainz_9716,discogs_22554,musicbrainz,discogs,false
mbrainz_9716,discogs_54657,musicbrainz,discogs,false
mbrainz_972,discogs_11820,musicbrainz,discogs,false
mbrainz_972,discogs_127420,musicbrainz,discogs,false
mbrainz_972,discogs_35723,musicbrainz,discogs,false
mbrainz_972,discogs_3995,musicbrainz,discogs,false
mbrainz_972,discogs_743,musicbrainz,discogs,false
mbrainz_973,discogs_189725,musicbrainz,discogs,false
mbrainz_973,discogs_194367,musicbrainz,discogs,false
mbrainz_973,discogs_89445,musicbrainz,discogs,false
mbrainz_9730,discogs_19435,musicbrainz,discogs,false
mbrainz_9730,discogs_4176,musicbrainz,discogs,false
mbrainz_9730,discogs_48242,musicbrainz,discogs,false
mbrainz_9730,discogs_49955,musicbrainz,discogs,false
mbrainz_9730,discogs_7353,musicbrainz,discogs,false
mbrainz_9730,discogs_8385,musicbrainz,discogs,false
mbrainz_974,discogs_101514,musicbrainz,discogs,false
mbrainz_974,discogs_150510,musicbrainz,discogs,false
mbrainz_974,discogs_179498,musicbrainz,discogs,false
mbrainz_974,discogs_27724,musicbrainz,discogs,false
mbrainz_974,discogs_34602,musicbrainz,discogs,false
mbrainz_974,discogs_4176,musicbrainz,discogs,false
mbrainz_974,discogs_81978,musicbrainz,discogs,false
mbrainz_9773,discogs_108100,musicbrainz,discogs,false
mbrainz_9773,discogs_27990,musicbrainz,discogs,false
mbrainz_9773,discogs_93961,musicbrainz,discogs,false
mbrainz_978,discogs_135559,musicbrainz,discogs,false
mbrainz_978,discogs_154216,musicbrainz,discogs,false
mbrainz_978,discogs_168312,musicbrainz,discogs,false
mbrainz_978,discogs_173749,musicbrainz,discogs,false
mbrainz_978,discogs_178391,musicbrainz,discogs,false
mbrainz_978,discogs_43073,musicbrainz,discogs,false
mbrainz_978,discogs_91608,musicbrainz,discogs,false
mbrainz_9789,discogs_101538,musicbrainz,discogs,false
mbrainz_9789,discogs_74650,musicbrainz,discogs,false
mbrainz_9789,discogs_82984,musicbrainz,discogs,false
mbrainz_9789,discogs_83555,musicbrainz,discogs,false
mbrainz_9790,discogs_100646,musicbrainz,discogs,false
mbrainz_9790,discogs_113417,musicbrainz,discogs,false
mbrainz_9790,discogs_119,musicbrainz,discogs,false
mbrainz_9790,discogs_165053,musicbrainz,discogs,false
mbrainz_9790,discogs_34736,musicbrainz,discogs,false
mbrainz_9790,discogs_41745,musicbrainz,discogs,false
mbrainz_9790,discogs_47930,musicbrainz,discogs,false
mbrainz_9790,discogs_65720,musicbrainz,discogs,false
mbrainz_9790,discogs_95921,musicbrainz,discogs,false
mbrainz_9799,discogs_100954,musicbrainz,discogs,false
mbrainz_9799,discogs_120925,musicbrainz,discogs,false
mbrainz_9799,discogs_154017,musicbrainz,discogs,false
mbrainz_9799,discogs_36020,musicbrainz,discogs,false
mbrainz_9799,discogs_63191,musicbrainz,discogs,false
mbrainz_9799,discogs_86522,musicbrainz,discogs,false
mbrainz_9799,discogs_90260,musicbrainz,discogs,false
mbrainz_9817,discogs_135643,musicbrainz,discogs,false
mbrainz_9817,discogs_150631,musicbrainz,discogs,false
mbrainz_9817,discogs_19426,musicbrainz,discogs,false
mbrainz_9817,discogs_19427,musicbrainz,discogs,false
mbrainz_9817,discogs_30140,musicbrainz,discogs,false
mbrainz_9817,discogs_39958,musicbrainz,discogs,false
mbrainz_9817,discogs_52851,musicbrainz,discogs,false
mbrainz_9817,discogs_59904,musicbrainz,discogs,false
mbrainz_982,discogs_115586,musicbrainz,discogs,false
mbrainz_982,discogs_122099,musicbrainz,discogs,false
mbrainz_982,discogs_191718,musicbrainz,discogs,false
mbrainz_982,discogs_43517,musicbrainz,discogs,false
mbrainz_982,discogs_50068,musicbrainz,discogs,false
mbrainz_982,discogs_50769,musicbrainz,discogs,false
mbrainz_982,discogs_673,musicbrainz,discogs,false
mbrainz_982,discogs_746,musicbrainz,discogs,false
mbrainz_982,discogs_8566,musicbrainz,discogs,false
mbrainz_9827,discogs_126012,musicbrainz,discogs,false
mbrainz_9827,discogs_150510,musicbrainz,discogs,false
mbrainz_9827,discogs_179498,musicbrainz,discogs,false
mbrainz_9827,discogs_27724,musicbrainz,discogs,false
mbrainz_9827,discogs_34602,musicbrainz,discogs,false
mbrainz_9827,discogs_4176,musicbrainz,discogs,false
mbrainz_9827,discogs_44968,musicbrainz,discogs,false
mbrainz_9827,discogs_81978,musicbrainz,discogs,false
mbrainz_983,discogs_121675,musicbrainz,discogs,false
mbrainz_983,discogs_17602,musicbrainz,discogs,false
mbrainz_983,discogs_184559,musicbrainz,discogs,false
mbrainz_983,discogs_196690,musicbrainz,discogs,false
mbrainz_983,discogs_27780,musicbrainz,discogs,false
mbrainz_983,discogs_46000,musicbrainz,discogs,false
mbrainz_983,discogs_51226,musicbrainz,discogs,false
mbrainz_983,discogs_56,musicbrainz,discogs,false
mbrainz_9841,discogs_116456,musicbrainz,discogs,false
mbrainz_9841,discogs_123671,musicbrainz,discogs,false
mbrainz_9841,discogs_12785,musicbrainz,discogs,false
mbrainz_9841,discogs_170734,musicbrainz,discogs,false
mbrainz_9841,discogs_193893,musicbrainz,discogs,false
mbrainz_9841,discogs_36675,musicbrainz,discogs,false
mbrainz_9841,discogs_7513,musicbrainz,discogs,false
mbrainz_9841,discogs_85543,musicbrainz,discogs,false
mbrainz_9848,discogs_100640,musicbrainz,discogs,false
mbrainz_9848,discogs_103270,musicbrainz,discogs,false
mbrainz_9848,discogs_134923,musicbrainz,discogs,false
mbrainz_9848,discogs_137382,musicbrainz,discogs,false
mbrainz_9848,discogs_178068,musicbrainz,discogs,false
mbrainz_9848,discogs_29814,musicbrainz,discogs,false
mbrainz_9848,discogs_32977,musicbrainz,discogs,false
mbrainz_9848,discogs_51346,musicbrainz,discogs,false
mbrainz_9848,discogs_62416,musicbrainz,discogs,false
mbrainz_9881,discogs_120309,musicbrainz,discogs,false
mbrainz_9881,discogs_137708,musicbrainz,discogs,false
mbrainz_9881,discogs_32121,musicbrainz,discogs,false
mbrainz_9881,discogs_57615,musicbrainz,discogs,false
mbrainz_9882,discogs_105811,musicbrainz,discogs,false
mbrainz_9882,discogs_13075,musicbrainz,discogs,false
mbrainz_9882,discogs_153950,musicbrainz,discogs,false
mbrainz_9882,discogs_18648,musicbrainz,discogs,false
mbrainz_9882,discogs_33508,musicbrainz,discogs,false
mbrainz_9882,discogs_47917,musicbrainz,discogs,false
mbrainz_9882,discogs_51121,musicbrainz,discogs,false
mbrainz_9882,discogs_52859,musicbrainz,discogs,false
mbrainz_9882,discogs_69292,musicbrainz,discogs,false
mbrainz_9890,discogs_124155,musicbrainz,discogs,false
mbrainz_9890,discogs_181063,musicbrainz,discogs,false
mbrainz_9890,discogs_181076,musicbrainz,discogs,false
mbrainz_9890,discogs_42465,musicbrainz,discogs,false
mbrainz_9890,discogs_52864,musicbrainz,discogs,false
mbrainz_9890,discogs_68391,musicbrainz,discogs,false
mbrainz_9890,discogs_80092,musicbrainz,discogs,false
mbrainz_99,discogs_109047,musicbrainz,discogs,false
mbrainz_99,discogs_150863,musicbrainz,discogs,false
mbrainz_99,discogs_153290,musicbrainz,discogs,false
mbrainz_99,discogs_4302,musicbrainz,discogs,false
mbrainz_99,discogs_48169,musicbrainz,discogs,false
mbrainz_99,discogs_81975,musicbrainz,discogs,false
mbrainz_99,discogs_9942,musicbrainz,discogs,false
mbrainz_998,discogs_12308,musicbrainz,discogs,false
mbrainz_998,discogs_155429,musicbrainz,discogs,false
mbrainz_998,discogs_25529,musicbrainz,discogs,false
mbrainz_998,discogs_28741,musicbrainz,discogs,false
mbrainz_998,discogs_41689,musicbrainz,discogs,false
mbrainz_998,discogs_57362,musicbrainz,discogs,false
mbrainz_998,discogs_67160,musicbrainz,discogs,false
mbrainz_999,discogs_1171,musicbrainz,discogs,false
mbrainz_999,discogs_23656,musicbrainz,discogs,false
mbrainz_999,discogs_60160,musicbrainz,discogs,false
mbrainz_999,discogs_63714,musicbrainz,discogs,false
mbrainz_999,discogs_86593,musicbrainz,discogs,false
mbrainz_999,discogs_90701,musicbrainz,discogs,false
mbrainz_9990,discogs_12474,musicbrainz,discogs,false
mbrainz_9990,discogs_140131,musicbrainz,discogs,false
mbrainz_9990,discogs_144134,musicbrainz,discogs,false
mbrainz_9990,discogs_27030,musicbrainz,discogs,false
mbrainz_9990,discogs_5244,musicbrainz,discogs,false
mbrainz_9990,discogs_7235,musicbrainz,discogs,false
mbrainz_9996,discogs_10100,musicbrainz,discogs,false
mbrainz_9996,discogs_114396,musicbrainz,discogs,false
mbrainz_9996,discogs_132074,musicbrainz,discogs,false
mbrainz_9996,discogs_132742,musicbrainz,discogs,false
mbrainz_9996,discogs_13617,musicbrainz,discogs,false
mbrainz_9996,discogs_27824,musicbrainz,discogs,false
mbrainz_9996,discogs_39033,musicbrainz,discogs,false
