id1,id2,source_1,source_2,label
dblp-00003,open_alex-33390,dblp,open_alex,true
dblp-00032,open_alex-35818,dblp,open_alex,true
dblp-00063,open_alex-19791,dblp,open_alex,true
dblp-00116,open_alex-42423,dblp,open_alex,true
dblp-00314,open_alex-21857,dblp,open_alex,true
dblp-00316,open_alex-47112,dblp,open_alex,true
dblp-00333,open_alex-50545,dblp,open_alex,true
dblp-00393,open_alex-27361,dblp,open_alex,true
dblp-00435,open_alex-29576,dblp,open_alex,true
dblp-00469,open_alex-39398,dblp,open_alex,true
dblp-00474,open_alex-17365,dblp,open_alex,true
dblp-00531,open_alex-23443,dblp,open_alex,true
dblp-00549,open_alex-08581,dblp,open_alex,true
dblp-00602,open_alex-12995,dblp,open_alex,true
dblp-00609,open_alex-19716,dblp,open_alex,true
dblp-00656,open_alex-39364,dblp,open_alex,true
dblp-00734,open_alex-27014,dblp,open_alex,true
dblp-00744,open_alex-09541,dblp,open_alex,true
dblp-00746,open_alex-31461,dblp,open_alex,true
dblp-00761,open_alex-41685,dblp,open_alex,true
dblp-00848,open_alex-42111,dblp,open_alex,true
dblp-00896,open_alex-17842,dblp,open_alex,true
dblp-00941,open_alex-21481,dblp,open_alex,true
dblp-00969,open_alex-34906,dblp,open_alex,true
dblp-01050,open_alex-20377,dblp,open_alex,true
dblp-01057,open_alex-52848,dblp,open_alex,true
dblp-01096,open_alex-33433,dblp,open_alex,true
dblp-01114,open_alex-38094,dblp,open_alex,true
dblp-01232,open_alex-00274,dblp,open_alex,true
dblp-01289,open_alex-05096,dblp,open_alex,true
dblp-01427,open_alex-09826,dblp,open_alex,true
dblp-01474,open_alex-43878,dblp,open_alex,true
dblp-01504,open_alex-14023,dblp,open_alex,true
dblp-01513,open_alex-34891,dblp,open_alex,true
dblp-01543,open_alex-59795,dblp,open_alex,true
dblp-01608,open_alex-42108,dblp,open_alex,true
dblp-01610,open_alex-39468,dblp,open_alex,true
dblp-01638,open_alex-49533,dblp,open_alex,true
dblp-01686,open_alex-51096,dblp,open_alex,true
dblp-01693,open_alex-21056,dblp,open_alex,true
dblp-01797,open_alex-02494,dblp,open_alex,true
dblp-01809,open_alex-58411,dblp,open_alex,true
dblp-01836,open_alex-03702,dblp,open_alex,true
dblp-01841,open_alex-07102,dblp,open_alex,true
dblp-01857,open_alex-56021,dblp,open_alex,true
dblp-01918,open_alex-22954,dblp,open_alex,true
dblp-01928,open_alex-46093,dblp,open_alex,true
dblp-01959,open_alex-06343,dblp,open_alex,true
dblp-01964,open_alex-54442,dblp,open_alex,true
dblp-01967,open_alex-09099,dblp,open_alex,true
dblp-02094,open_alex-16140,dblp,open_alex,true
dblp-02095,open_alex-59459,dblp,open_alex,true
dblp-02127,open_alex-59385,dblp,open_alex,true
dblp-02174,open_alex-39392,dblp,open_alex,true
dblp-02186,open_alex-38648,dblp,open_alex,true
dblp-02226,open_alex-10632,dblp,open_alex,true
dblp-02267,open_alex-30548,dblp,open_alex,true
dblp-02294,open_alex-11674,dblp,open_alex,true
dblp-02308,open_alex-42382,dblp,open_alex,true
dblp-02344,open_alex-28972,dblp,open_alex,true
dblp-02444,open_alex-25884,dblp,open_alex,true
dblp-02499,open_alex-10486,dblp,open_alex,true
dblp-02530,open_alex-07466,dblp,open_alex,true
dblp-02532,open_alex-26800,dblp,open_alex,true
dblp-02533,open_alex-14111,dblp,open_alex,true
dblp-02583,open_alex-07859,dblp,open_alex,true
dblp-02661,open_alex-07861,dblp,open_alex,true
dblp-02662,open_alex-17979,dblp,open_alex,true
dblp-02691,open_alex-39712,dblp,open_alex,true
dblp-02714,open_alex-04308,dblp,open_alex,true
dblp-02730,open_alex-20546,dblp,open_alex,true
dblp-02746,open_alex-32212,dblp,open_alex,true
dblp-02845,open_alex-36279,dblp,open_alex,true
dblp-02996,open_alex-05706,dblp,open_alex,true
dblp-03005,open_alex-06951,dblp,open_alex,true
dblp-03023,open_alex-03777,dblp,open_alex,true
dblp-03033,open_alex-36297,dblp,open_alex,true
dblp-03168,open_alex-19609,dblp,open_alex,true
dblp-03181,open_alex-13172,dblp,open_alex,true
dblp-03187,open_alex-07655,dblp,open_alex,true
dblp-03193,open_alex-14787,dblp,open_alex,true
dblp-03256,open_alex-25639,dblp,open_alex,true
dblp-03295,open_alex-47595,dblp,open_alex,true
dblp-03319,open_alex-18763,dblp,open_alex,true
dblp-03334,open_alex-38272,dblp,open_alex,true
dblp-03377,open_alex-07871,dblp,open_alex,true
dblp-03379,open_alex-29027,dblp,open_alex,true
dblp-03444,open_alex-11165,dblp,open_alex,true
dblp-03463,open_alex-30402,dblp,open_alex,true
dblp-03479,open_alex-28556,dblp,open_alex,true
dblp-03488,open_alex-39708,dblp,open_alex,true
dblp-03492,open_alex-05235,dblp,open_alex,true
dblp-03501,open_alex-34762,dblp,open_alex,true
dblp-03509,open_alex-50950,dblp,open_alex,true
dblp-03529,open_alex-41398,dblp,open_alex,true
dblp-03530,open_alex-55913,dblp,open_alex,true
dblp-03570,open_alex-35761,dblp,open_alex,true
dblp-03652,open_alex-09880,dblp,open_alex,true
dblp-03759,open_alex-34141,dblp,open_alex,true
dblp-03789,open_alex-53479,dblp,open_alex,true
dblp-03790,open_alex-07346,dblp,open_alex,true
dblp-03792,open_alex-58710,dblp,open_alex,true
dblp-03831,open_alex-22875,dblp,open_alex,true
dblp-03848,open_alex-47413,dblp,open_alex,true
dblp-03855,open_alex-10874,dblp,open_alex,true
dblp-03930,open_alex-08651,dblp,open_alex,true
dblp-03953,open_alex-18862,dblp,open_alex,true
dblp-03977,open_alex-54881,dblp,open_alex,true
dblp-04166,open_alex-12293,dblp,open_alex,true
dblp-04196,open_alex-30372,dblp,open_alex,true
dblp-04229,open_alex-28148,dblp,open_alex,true
dblp-04245,open_alex-26545,dblp,open_alex,true
dblp-04262,open_alex-12911,dblp,open_alex,true
dblp-04339,open_alex-25383,dblp,open_alex,true
dblp-04421,open_alex-01484,dblp,open_alex,true
dblp-04435,open_alex-30550,dblp,open_alex,true
dblp-04451,open_alex-47876,dblp,open_alex,true
dblp-04500,open_alex-05598,dblp,open_alex,true
dblp-04536,open_alex-36273,dblp,open_alex,true
dblp-04577,open_alex-16945,dblp,open_alex,true
dblp-04589,open_alex-44549,dblp,open_alex,true
dblp-04590,open_alex-00770,dblp,open_alex,true
dblp-04680,open_alex-14949,dblp,open_alex,true
dblp-04696,open_alex-13333,dblp,open_alex,true
dblp-04702,open_alex-54787,dblp,open_alex,true
dblp-04709,open_alex-42455,dblp,open_alex,true
dblp-04808,open_alex-14395,dblp,open_alex,true
dblp-04844,open_alex-32586,dblp,open_alex,true
dblp-04885,open_alex-40400,dblp,open_alex,true
dblp-04908,open_alex-09774,dblp,open_alex,true
dblp-04991,open_alex-05274,dblp,open_alex,true
dblp-04999,open_alex-37774,dblp,open_alex,true
dblp-05001,open_alex-16166,dblp,open_alex,true
dblp-05018,open_alex-16172,dblp,open_alex,true
dblp-05094,open_alex-12790,dblp,open_alex,true
dblp-05157,open_alex-36772,dblp,open_alex,true
dblp-05195,open_alex-35160,dblp,open_alex,true
dblp-05220,open_alex-19511,dblp,open_alex,true
dblp-05228,open_alex-31811,dblp,open_alex,true
dblp-05324,open_alex-48057,dblp,open_alex,true
dblp-05331,open_alex-55773,dblp,open_alex,true
dblp-05377,open_alex-03921,dblp,open_alex,true
dblp-05396,open_alex-19949,dblp,open_alex,true
dblp-05453,open_alex-26809,dblp,open_alex,true
dblp-05461,open_alex-45237,dblp,open_alex,true
dblp-05537,open_alex-51318,dblp,open_alex,true
dblp-05646,open_alex-37821,dblp,open_alex,true
dblp-05652,open_alex-36549,dblp,open_alex,true
dblp-05669,open_alex-42881,dblp,open_alex,true
dblp-05764,open_alex-22946,dblp,open_alex,true
dblp-05785,open_alex-18798,dblp,open_alex,true
dblp-05811,open_alex-25281,dblp,open_alex,true
dblp-05826,open_alex-60136,dblp,open_alex,true
dblp-05831,open_alex-15289,dblp,open_alex,true
dblp-05846,open_alex-00208,dblp,open_alex,true
dblp-05918,open_alex-13650,dblp,open_alex,true
dblp-05973,open_alex-13970,dblp,open_alex,true
dblp-05985,open_alex-30961,dblp,open_alex,true
dblp-06028,open_alex-54215,dblp,open_alex,true
dblp-06067,open_alex-34702,dblp,open_alex,true
dblp-06075,open_alex-29350,dblp,open_alex,true
dblp-06118,open_alex-25399,dblp,open_alex,true
dblp-06141,open_alex-19475,dblp,open_alex,true
dblp-06199,open_alex-41172,dblp,open_alex,true
dblp-06206,open_alex-55231,dblp,open_alex,true
dblp-06264,open_alex-49654,dblp,open_alex,true
dblp-06282,open_alex-14884,dblp,open_alex,true
dblp-06322,open_alex-59588,dblp,open_alex,true
dblp-06375,open_alex-58925,dblp,open_alex,true
dblp-06462,open_alex-07625,dblp,open_alex,true
dblp-06485,open_alex-31458,dblp,open_alex,true
dblp-06494,open_alex-01972,dblp,open_alex,true
dblp-06522,open_alex-48312,dblp,open_alex,true
dblp-06536,open_alex-22803,dblp,open_alex,true
dblp-06537,open_alex-25779,dblp,open_alex,true
dblp-06677,open_alex-42894,dblp,open_alex,true
dblp-06740,open_alex-31019,dblp,open_alex,true
dblp-06809,open_alex-02948,dblp,open_alex,true
dblp-06850,open_alex-58905,dblp,open_alex,true
dblp-06911,open_alex-19211,dblp,open_alex,true
dblp-06926,open_alex-39379,dblp,open_alex,true
dblp-06956,open_alex-41309,dblp,open_alex,true
dblp-06986,open_alex-33486,dblp,open_alex,true
dblp-07034,open_alex-10359,dblp,open_alex,true
dblp-07137,open_alex-42434,dblp,open_alex,true
dblp-07167,open_alex-19801,dblp,open_alex,true
dblp-07249,open_alex-25926,dblp,open_alex,true
dblp-07270,open_alex-53153,dblp,open_alex,true
dblp-07304,open_alex-28652,dblp,open_alex,true
dblp-07316,open_alex-29980,dblp,open_alex,true
dblp-07337,open_alex-25454,dblp,open_alex,true
dblp-07369,open_alex-60477,dblp,open_alex,true
dblp-07474,open_alex-24407,dblp,open_alex,true
dblp-07499,open_alex-29278,dblp,open_alex,true
dblp-07654,open_alex-16904,dblp,open_alex,true
dblp-07690,open_alex-14944,dblp,open_alex,true
dblp-07716,open_alex-60382,dblp,open_alex,true
dblp-07734,open_alex-11651,dblp,open_alex,true
dblp-07742,open_alex-24664,dblp,open_alex,true
dblp-07780,open_alex-55414,dblp,open_alex,true
dblp-08013,open_alex-27368,dblp,open_alex,true
dblp-08021,open_alex-33960,dblp,open_alex,true
dblp-08038,open_alex-12151,dblp,open_alex,true
dblp-08046,open_alex-09165,dblp,open_alex,true
dblp-08049,open_alex-49120,dblp,open_alex,true
dblp-08099,open_alex-60424,dblp,open_alex,true
dblp-08180,open_alex-30245,dblp,open_alex,true
dblp-08312,open_alex-56697,dblp,open_alex,true
dblp-08372,open_alex-21477,dblp,open_alex,true
dblp-08394,open_alex-28382,dblp,open_alex,true
dblp-08442,open_alex-38370,dblp,open_alex,true
dblp-08457,open_alex-46565,dblp,open_alex,true
dblp-08481,open_alex-53407,dblp,open_alex,true
dblp-08490,open_alex-48369,dblp,open_alex,true
dblp-08662,open_alex-46834,dblp,open_alex,true
dblp-08755,open_alex-34819,dblp,open_alex,true
dblp-08800,open_alex-32682,dblp,open_alex,true
dblp-08891,open_alex-45721,dblp,open_alex,true
dblp-08895,open_alex-22397,dblp,open_alex,true
dblp-08912,open_alex-05512,dblp,open_alex,true
dblp-09006,open_alex-56116,dblp,open_alex,true
dblp-09070,open_alex-23334,dblp,open_alex,true
dblp-09182,open_alex-16235,dblp,open_alex,true
dblp-09188,open_alex-11764,dblp,open_alex,true
dblp-09203,open_alex-08643,dblp,open_alex,true
dblp-09224,open_alex-40044,dblp,open_alex,true
dblp-09258,open_alex-52825,dblp,open_alex,true
dblp-09272,open_alex-14959,dblp,open_alex,true
dblp-09289,open_alex-58196,dblp,open_alex,true
dblp-09296,open_alex-49944,dblp,open_alex,true
dblp-09322,open_alex-56226,dblp,open_alex,true
dblp-09365,open_alex-57853,dblp,open_alex,true
dblp-09370,open_alex-09413,dblp,open_alex,true
dblp-09398,open_alex-25377,dblp,open_alex,true
dblp-09423,open_alex-40980,dblp,open_alex,true
dblp-09426,open_alex-20729,dblp,open_alex,true
dblp-09427,open_alex-00554,dblp,open_alex,true
dblp-09442,open_alex-41672,dblp,open_alex,true
dblp-09443,open_alex-40763,dblp,open_alex,true
dblp-09507,open_alex-11237,dblp,open_alex,true
dblp-09619,open_alex-38453,dblp,open_alex,true
dblp-09676,open_alex-57150,dblp,open_alex,true
dblp-09766,open_alex-15381,dblp,open_alex,true
dblp-09826,open_alex-03181,dblp,open_alex,true
dblp-09898,open_alex-45840,dblp,open_alex,true
dblp-09905,open_alex-02373,dblp,open_alex,true
dblp-09995,open_alex-55500,dblp,open_alex,true
dblp-10013,open_alex-19574,dblp,open_alex,true
dblp-10026,open_alex-17213,dblp,open_alex,true
dblp-10071,open_alex-10907,dblp,open_alex,true
dblp-10203,open_alex-16275,dblp,open_alex,true
dblp-10214,open_alex-19240,dblp,open_alex,true
dblp-10228,open_alex-42755,dblp,open_alex,true
dblp-10239,open_alex-51698,dblp,open_alex,true
dblp-10314,open_alex-05792,dblp,open_alex,true
dblp-10329,open_alex-43045,dblp,open_alex,true
dblp-10365,open_alex-42651,dblp,open_alex,true
dblp-10422,open_alex-22791,dblp,open_alex,true
dblp-10491,open_alex-04687,dblp,open_alex,true
dblp-10527,open_alex-41709,dblp,open_alex,true
dblp-10556,open_alex-39900,dblp,open_alex,true
dblp-10571,open_alex-31451,dblp,open_alex,true
dblp-10577,open_alex-39906,dblp,open_alex,true
dblp-10593,open_alex-15399,dblp,open_alex,true
dblp-10641,open_alex-11847,dblp,open_alex,true
dblp-10777,open_alex-29397,dblp,open_alex,true
dblp-10783,open_alex-36384,dblp,open_alex,true
dblp-10811,open_alex-35252,dblp,open_alex,true
dblp-10874,open_alex-41561,dblp,open_alex,true
dblp-10881,open_alex-19980,dblp,open_alex,true
dblp-11035,open_alex-28938,dblp,open_alex,true
dblp-11040,open_alex-41495,dblp,open_alex,true
dblp-11065,open_alex-50522,dblp,open_alex,true
dblp-11112,open_alex-36377,dblp,open_alex,true
dblp-11115,open_alex-18952,dblp,open_alex,true
dblp-11140,open_alex-13758,dblp,open_alex,true
dblp-11200,open_alex-02193,dblp,open_alex,true
dblp-11290,open_alex-47442,dblp,open_alex,true
dblp-11291,open_alex-46517,dblp,open_alex,true
dblp-11293,open_alex-02728,dblp,open_alex,true
dblp-11339,open_alex-20869,dblp,open_alex,true
dblp-11487,open_alex-53911,dblp,open_alex,true
dblp-11507,open_alex-07168,dblp,open_alex,true
dblp-11597,open_alex-33504,dblp,open_alex,true
dblp-11711,open_alex-58730,dblp,open_alex,true
dblp-11793,open_alex-48397,dblp,open_alex,true
dblp-11794,open_alex-39025,dblp,open_alex,true
dblp-11902,open_alex-48271,dblp,open_alex,true
dblp-11909,open_alex-10393,dblp,open_alex,true
dblp-12008,open_alex-40063,dblp,open_alex,true
dblp-12049,open_alex-14864,dblp,open_alex,true
dblp-12117,open_alex-54576,dblp,open_alex,true
dblp-12127,open_alex-40645,dblp,open_alex,true
dblp-12220,open_alex-41440,dblp,open_alex,true
dblp-12241,open_alex-23399,dblp,open_alex,true
dblp-12273,open_alex-30612,dblp,open_alex,true
dblp-12311,open_alex-05348,dblp,open_alex,true
dblp-12421,open_alex-18806,dblp,open_alex,true
dblp-12425,open_alex-04548,dblp,open_alex,true
dblp-12434,open_alex-15113,dblp,open_alex,true
dblp-12477,open_alex-07272,dblp,open_alex,true
dblp-12483,open_alex-07872,dblp,open_alex,true
dblp-12531,open_alex-17989,dblp,open_alex,true
dblp-12534,open_alex-00346,dblp,open_alex,true
dblp-12593,open_alex-07071,dblp,open_alex,true
dblp-12635,open_alex-38564,dblp,open_alex,true
dblp-12643,open_alex-16367,dblp,open_alex,true
dblp-12655,open_alex-48905,dblp,open_alex,true
dblp-12672,open_alex-50827,dblp,open_alex,true
dblp-12684,open_alex-19046,dblp,open_alex,true
dblp-12689,open_alex-42327,dblp,open_alex,true
dblp-12724,open_alex-47770,dblp,open_alex,true
dblp-12741,open_alex-15772,dblp,open_alex,true
dblp-12753,open_alex-38298,dblp,open_alex,true
dblp-12862,open_alex-45121,dblp,open_alex,true
dblp-13060,open_alex-54030,dblp,open_alex,true
dblp-13083,open_alex-11227,dblp,open_alex,true
dblp-13192,open_alex-60198,dblp,open_alex,true
dblp-13206,open_alex-34784,dblp,open_alex,true
dblp-13361,open_alex-10505,dblp,open_alex,true
dblp-13415,open_alex-58177,dblp,open_alex,true
dblp-13424,open_alex-50178,dblp,open_alex,true
dblp-13468,open_alex-49943,dblp,open_alex,true
dblp-13513,open_alex-52437,dblp,open_alex,true
dblp-13524,open_alex-18305,dblp,open_alex,true
dblp-13607,open_alex-31518,dblp,open_alex,true
dblp-13608,open_alex-24902,dblp,open_alex,true
dblp-13616,open_alex-58371,dblp,open_alex,true
dblp-13637,open_alex-00498,dblp,open_alex,true
dblp-13772,open_alex-16931,dblp,open_alex,true
dblp-13821,open_alex-21198,dblp,open_alex,true
dblp-13823,open_alex-01103,dblp,open_alex,true
dblp-13883,open_alex-51438,dblp,open_alex,true
dblp-13904,open_alex-15655,dblp,open_alex,true
dblp-13938,open_alex-33858,dblp,open_alex,true
dblp-13951,open_alex-41507,dblp,open_alex,true
dblp-13977,open_alex-41163,dblp,open_alex,true
dblp-13981,open_alex-57544,dblp,open_alex,true
dblp-14029,open_alex-19964,dblp,open_alex,true
dblp-14045,open_alex-01761,dblp,open_alex,true
dblp-14125,open_alex-26379,dblp,open_alex,true
dblp-14127,open_alex-35535,dblp,open_alex,true
dblp-14134,open_alex-46245,dblp,open_alex,true
dblp-14187,open_alex-51747,dblp,open_alex,true
dblp-14197,open_alex-30292,dblp,open_alex,true
dblp-14204,open_alex-47437,dblp,open_alex,true
dblp-14230,open_alex-26338,dblp,open_alex,true
dblp-14312,open_alex-19111,dblp,open_alex,true
dblp-14392,open_alex-19009,dblp,open_alex,true
dblp-14395,open_alex-48788,dblp,open_alex,true
dblp-14428,open_alex-14343,dblp,open_alex,true
dblp-14454,open_alex-11709,dblp,open_alex,true
dblp-14587,open_alex-56702,dblp,open_alex,true
dblp-14705,open_alex-09400,dblp,open_alex,true
dblp-14803,open_alex-00847,dblp,open_alex,true
dblp-14840,open_alex-46606,dblp,open_alex,true
dblp-14879,open_alex-55055,dblp,open_alex,true
dblp-14903,open_alex-03803,dblp,open_alex,true
dblp-14972,open_alex-00460,dblp,open_alex,true
dblp-14975,open_alex-46859,dblp,open_alex,true
dblp-14982,open_alex-58880,dblp,open_alex,true
dblp-15017,open_alex-05503,dblp,open_alex,true
dblp-15049,open_alex-43943,dblp,open_alex,true
dblp-15062,open_alex-43812,dblp,open_alex,true
dblp-15119,open_alex-06091,dblp,open_alex,true
dblp-15163,open_alex-43184,dblp,open_alex,true
dblp-15258,open_alex-53530,dblp,open_alex,true
dblp-15273,open_alex-36537,dblp,open_alex,true
dblp-15285,open_alex-25751,dblp,open_alex,true
dblp-15316,open_alex-52760,dblp,open_alex,true
dblp-15334,open_alex-47880,dblp,open_alex,true
dblp-15344,open_alex-37801,dblp,open_alex,true
dblp-15435,open_alex-53892,dblp,open_alex,true
dblp-15517,open_alex-30592,dblp,open_alex,true
dblp-15551,open_alex-29331,dblp,open_alex,true
dblp-15572,open_alex-17870,dblp,open_alex,true
dblp-15631,open_alex-45700,dblp,open_alex,true
dblp-15684,open_alex-32404,dblp,open_alex,true
dblp-15786,open_alex-09480,dblp,open_alex,true
dblp-15891,open_alex-08127,dblp,open_alex,true
dblp-15895,open_alex-18442,dblp,open_alex,true
dblp-15924,open_alex-37700,dblp,open_alex,true
dblp-16004,open_alex-34896,dblp,open_alex,true
dblp-16073,open_alex-13134,dblp,open_alex,true
dblp-16089,open_alex-07012,dblp,open_alex,true
dblp-16196,open_alex-00398,dblp,open_alex,true
dblp-16215,open_alex-48142,dblp,open_alex,true
dblp-16242,open_alex-03942,dblp,open_alex,true
dblp-16300,open_alex-00612,dblp,open_alex,true
dblp-16340,open_alex-10540,dblp,open_alex,true
dblp-16341,open_alex-02415,dblp,open_alex,true
dblp-16418,open_alex-37581,dblp,open_alex,true
dblp-16509,open_alex-14362,dblp,open_alex,true
dblp-16583,open_alex-43562,dblp,open_alex,true
dblp-16584,open_alex-17530,dblp,open_alex,true
dblp-16660,open_alex-49453,dblp,open_alex,true
dblp-16711,open_alex-60570,dblp,open_alex,true
dblp-16734,open_alex-45959,dblp,open_alex,true
dblp-16805,open_alex-50739,dblp,open_alex,true
dblp-16807,open_alex-03096,dblp,open_alex,true
dblp-16899,open_alex-56633,dblp,open_alex,true
dblp-16955,open_alex-16330,dblp,open_alex,true
dblp-16971,open_alex-51516,dblp,open_alex,true
dblp-17088,open_alex-46432,dblp,open_alex,true
dblp-17217,open_alex-01623,dblp,open_alex,true
dblp-17230,open_alex-48112,dblp,open_alex,true
dblp-17236,open_alex-28566,dblp,open_alex,true
dblp-17252,open_alex-23140,dblp,open_alex,true
dblp-17324,open_alex-46174,dblp,open_alex,true
dblp-17353,open_alex-41252,dblp,open_alex,true
dblp-17467,open_alex-15500,dblp,open_alex,true
dblp-17544,open_alex-16158,dblp,open_alex,true
dblp-17613,open_alex-30516,dblp,open_alex,true
dblp-17707,open_alex-03590,dblp,open_alex,true
dblp-17742,open_alex-55561,dblp,open_alex,true
dblp-17784,open_alex-29138,dblp,open_alex,true
dblp-17841,open_alex-59081,dblp,open_alex,true
dblp-17901,open_alex-37665,dblp,open_alex,true
dblp-17983,open_alex-35669,dblp,open_alex,true
dblp-17991,open_alex-27760,dblp,open_alex,true
dblp-18080,open_alex-07105,dblp,open_alex,true
dblp-18119,open_alex-05887,dblp,open_alex,true
dblp-18124,open_alex-14053,dblp,open_alex,true
dblp-18183,open_alex-22665,dblp,open_alex,true
dblp-18221,open_alex-26648,dblp,open_alex,true
dblp-18224,open_alex-39899,dblp,open_alex,true
dblp-18248,open_alex-24375,dblp,open_alex,true
dblp-18377,open_alex-55693,dblp,open_alex,true
dblp-18439,open_alex-29333,dblp,open_alex,true
dblp-18543,open_alex-22239,dblp,open_alex,true
dblp-18636,open_alex-53915,dblp,open_alex,true
dblp-18665,open_alex-04034,dblp,open_alex,true
dblp-18694,open_alex-00424,dblp,open_alex,true
dblp-18696,open_alex-24139,dblp,open_alex,true
dblp-18765,open_alex-25259,dblp,open_alex,true
dblp-18796,open_alex-42183,dblp,open_alex,true
dblp-18801,open_alex-08691,dblp,open_alex,true
dblp-18828,open_alex-40448,dblp,open_alex,true
dblp-18916,open_alex-31104,dblp,open_alex,true
dblp-18936,open_alex-35638,dblp,open_alex,true
dblp-19028,open_alex-11797,dblp,open_alex,true
dblp-19082,open_alex-27288,dblp,open_alex,true
dblp-19083,open_alex-03541,dblp,open_alex,true
dblp-19088,open_alex-35101,dblp,open_alex,true
dblp-19112,open_alex-01741,dblp,open_alex,true
dblp-19299,open_alex-04909,dblp,open_alex,true
dblp-19350,open_alex-28709,dblp,open_alex,true
dblp-19473,open_alex-14143,dblp,open_alex,true
dblp-19524,open_alex-05459,dblp,open_alex,true
dblp-19525,open_alex-15970,dblp,open_alex,true
dblp-19699,open_alex-41807,dblp,open_alex,true
dblp-19722,open_alex-14314,dblp,open_alex,true
dblp-19724,open_alex-54517,dblp,open_alex,true
dblp-19805,open_alex-50607,dblp,open_alex,true
dblp-19819,open_alex-36760,dblp,open_alex,true
dblp-19851,open_alex-47737,dblp,open_alex,true
dblp-19876,open_alex-57992,dblp,open_alex,true
dblp-19902,open_alex-07552,dblp,open_alex,true
dblp-19976,open_alex-36167,dblp,open_alex,true
dblp-20052,open_alex-26856,dblp,open_alex,true
dblp-20066,open_alex-05484,dblp,open_alex,true
dblp-20091,open_alex-52235,dblp,open_alex,true
dblp-20118,open_alex-03584,dblp,open_alex,true
dblp-20145,open_alex-38924,dblp,open_alex,true
dblp-20186,open_alex-26321,dblp,open_alex,true
dblp-20464,open_alex-44975,dblp,open_alex,true
dblp-20467,open_alex-33323,dblp,open_alex,true
dblp-20509,open_alex-28863,dblp,open_alex,true
dblp-20520,open_alex-30892,dblp,open_alex,true
dblp-20521,open_alex-39903,dblp,open_alex,true
dblp-20552,open_alex-33599,dblp,open_alex,true
dblp-20574,open_alex-29284,dblp,open_alex,true
dblp-20580,open_alex-59062,dblp,open_alex,true
dblp-20636,open_alex-49861,dblp,open_alex,true
dblp-20643,open_alex-51643,dblp,open_alex,true
dblp-20646,open_alex-52782,dblp,open_alex,true
dblp-20740,open_alex-52881,dblp,open_alex,true
dblp-20769,open_alex-17711,dblp,open_alex,true
dblp-20780,open_alex-03686,dblp,open_alex,true
dblp-20838,open_alex-34644,dblp,open_alex,true
dblp-20849,open_alex-46938,dblp,open_alex,true
dblp-20907,open_alex-51441,dblp,open_alex,true
dblp-20949,open_alex-53513,dblp,open_alex,true
dblp-21085,open_alex-22683,dblp,open_alex,true
dblp-21157,open_alex-22137,dblp,open_alex,true
dblp-21226,open_alex-04012,dblp,open_alex,true
dblp-21238,open_alex-12793,dblp,open_alex,true
dblp-21241,open_alex-05961,dblp,open_alex,true
dblp-21320,open_alex-07586,dblp,open_alex,true
dblp-21362,open_alex-13862,dblp,open_alex,true
dblp-21420,open_alex-01100,dblp,open_alex,true
dblp-21484,open_alex-40163,dblp,open_alex,true
dblp-21569,open_alex-41281,dblp,open_alex,true
dblp-21570,open_alex-21990,dblp,open_alex,true
dblp-21648,open_alex-07716,dblp,open_alex,true
dblp-21820,open_alex-02570,dblp,open_alex,true
dblp-21888,open_alex-35619,dblp,open_alex,true
dblp-21925,open_alex-55785,dblp,open_alex,true
dblp-21943,open_alex-31507,dblp,open_alex,true
dblp-21944,open_alex-31801,dblp,open_alex,true
dblp-22022,open_alex-03884,dblp,open_alex,true
dblp-22036,open_alex-54534,dblp,open_alex,true
dblp-22216,open_alex-25153,dblp,open_alex,true
dblp-22225,open_alex-24979,dblp,open_alex,true
dblp-22389,open_alex-44913,dblp,open_alex,true
dblp-22464,open_alex-20242,dblp,open_alex,true
dblp-22472,open_alex-53731,dblp,open_alex,true
dblp-22627,open_alex-42383,dblp,open_alex,true
dblp-22628,open_alex-54386,dblp,open_alex,true
dblp-22653,open_alex-47152,dblp,open_alex,true
dblp-22741,open_alex-40895,dblp,open_alex,true
dblp-22776,open_alex-25541,dblp,open_alex,true
dblp-22786,open_alex-43475,dblp,open_alex,true
dblp-22788,open_alex-32224,dblp,open_alex,true
dblp-22832,open_alex-42629,dblp,open_alex,true
dblp-22879,open_alex-00491,dblp,open_alex,true
dblp-22921,open_alex-42260,dblp,open_alex,true
dblp-22991,open_alex-49893,dblp,open_alex,true
dblp-23109,open_alex-17799,dblp,open_alex,true
dblp-23219,open_alex-32908,dblp,open_alex,true
dblp-23273,open_alex-54275,dblp,open_alex,true
dblp-23298,open_alex-55671,dblp,open_alex,true
dblp-23443,open_alex-08715,dblp,open_alex,true
dblp-23479,open_alex-25042,dblp,open_alex,true
dblp-23536,open_alex-41481,dblp,open_alex,true
dblp-23552,open_alex-31293,dblp,open_alex,true
dblp-23588,open_alex-00742,dblp,open_alex,true
dblp-23627,open_alex-18378,dblp,open_alex,true
dblp-23643,open_alex-07981,dblp,open_alex,true
dblp-23750,open_alex-38611,dblp,open_alex,true
dblp-23753,open_alex-59557,dblp,open_alex,true
dblp-24025,open_alex-36500,dblp,open_alex,true
dblp-24038,open_alex-52192,dblp,open_alex,true
dblp-24148,open_alex-15541,dblp,open_alex,true
dblp-24206,open_alex-44888,dblp,open_alex,true
dblp-24218,open_alex-18044,dblp,open_alex,true
dblp-24219,open_alex-28096,dblp,open_alex,true
dblp-24279,open_alex-02760,dblp,open_alex,true
dblp-24321,open_alex-12811,dblp,open_alex,true
dblp-24332,open_alex-35902,dblp,open_alex,true
dblp-24380,open_alex-40720,dblp,open_alex,true
dblp-24428,open_alex-34194,dblp,open_alex,true
dblp-24429,open_alex-13002,dblp,open_alex,true
dblp-24483,open_alex-05160,dblp,open_alex,true
dblp-24520,open_alex-05718,dblp,open_alex,true
dblp-24531,open_alex-46455,dblp,open_alex,true
dblp-24547,open_alex-41483,dblp,open_alex,true
dblp-24556,open_alex-44475,dblp,open_alex,true
dblp-24571,open_alex-55574,dblp,open_alex,true
dblp-24603,open_alex-56842,dblp,open_alex,true
dblp-24627,open_alex-56340,dblp,open_alex,true
dblp-24631,open_alex-20563,dblp,open_alex,true
dblp-24635,open_alex-17779,dblp,open_alex,true
dblp-24711,open_alex-25349,dblp,open_alex,true
dblp-24755,open_alex-52891,dblp,open_alex,true
dblp-24781,open_alex-38718,dblp,open_alex,true
dblp-24782,open_alex-48345,dblp,open_alex,true
dblp-24839,open_alex-49628,dblp,open_alex,true
dblp-24873,open_alex-02041,dblp,open_alex,true
dblp-24923,open_alex-05610,dblp,open_alex,true
dblp-24954,open_alex-07842,dblp,open_alex,true
dblp-25033,open_alex-14943,dblp,open_alex,true
dblp-25080,open_alex-56144,dblp,open_alex,true
dblp-25206,open_alex-43367,dblp,open_alex,true
dblp-25221,open_alex-01358,dblp,open_alex,true
dblp-25252,open_alex-39254,dblp,open_alex,true
dblp-25254,open_alex-51595,dblp,open_alex,true
dblp-25266,open_alex-59381,dblp,open_alex,true
dblp-25331,open_alex-44740,dblp,open_alex,true
dblp-25369,open_alex-07890,dblp,open_alex,true
dblp-25448,open_alex-08114,dblp,open_alex,true
dblp-25588,open_alex-01406,dblp,open_alex,true
dblp-25681,open_alex-11508,dblp,open_alex,true
dblp-25787,open_alex-27679,dblp,open_alex,true
dblp-25839,open_alex-51264,dblp,open_alex,true
dblp-25841,open_alex-46639,dblp,open_alex,true
dblp-25867,open_alex-58192,dblp,open_alex,true
dblp-25887,open_alex-52150,dblp,open_alex,true
dblp-25943,open_alex-22298,dblp,open_alex,true
dblp-25971,open_alex-34910,dblp,open_alex,true
dblp-26048,open_alex-56039,dblp,open_alex,true
dblp-26100,open_alex-32798,dblp,open_alex,true
dblp-26101,open_alex-30509,dblp,open_alex,true
dblp-26161,open_alex-30347,dblp,open_alex,true
dblp-26186,open_alex-15129,dblp,open_alex,true
dblp-26198,open_alex-14054,dblp,open_alex,true
dblp-26222,open_alex-57982,dblp,open_alex,true
dblp-26369,open_alex-05068,dblp,open_alex,true
dblp-26374,open_alex-30833,dblp,open_alex,true
dblp-26381,open_alex-38369,dblp,open_alex,true
dblp-26406,open_alex-50440,dblp,open_alex,true
dblp-26433,open_alex-07685,dblp,open_alex,true
dblp-26435,open_alex-15158,dblp,open_alex,true
dblp-26494,open_alex-34590,dblp,open_alex,true
dblp-26699,open_alex-32951,dblp,open_alex,true
dblp-26704,open_alex-08755,dblp,open_alex,true
dblp-26795,open_alex-18988,dblp,open_alex,true
dblp-26842,open_alex-41990,dblp,open_alex,true
dblp-26944,open_alex-37575,dblp,open_alex,true
dblp-26952,open_alex-50745,dblp,open_alex,true
dblp-26981,open_alex-26364,dblp,open_alex,true
dblp-27049,open_alex-07541,dblp,open_alex,true
dblp-27085,open_alex-01819,dblp,open_alex,true
dblp-27154,open_alex-55813,dblp,open_alex,true
dblp-27255,open_alex-05231,dblp,open_alex,true
dblp-27396,open_alex-23907,dblp,open_alex,true
dblp-27466,open_alex-40632,dblp,open_alex,true
dblp-27531,open_alex-52738,dblp,open_alex,true
dblp-27592,open_alex-11609,dblp,open_alex,true
dblp-27662,open_alex-47722,dblp,open_alex,true
dblp-27714,open_alex-22481,dblp,open_alex,true
dblp-27730,open_alex-45832,dblp,open_alex,true
dblp-27754,open_alex-44167,dblp,open_alex,true
dblp-27884,open_alex-39568,dblp,open_alex,true
dblp-27905,open_alex-43120,dblp,open_alex,true
dblp-27941,open_alex-26410,dblp,open_alex,true
dblp-27953,open_alex-54497,dblp,open_alex,true
dblp-27963,open_alex-14701,dblp,open_alex,true
dblp-28077,open_alex-57794,dblp,open_alex,true
dblp-28094,open_alex-31800,dblp,open_alex,true
dblp-28167,open_alex-42902,dblp,open_alex,true
dblp-28186,open_alex-37827,dblp,open_alex,true
dblp-28267,open_alex-37397,dblp,open_alex,true
dblp-28288,open_alex-30596,dblp,open_alex,true
dblp-28353,open_alex-38418,dblp,open_alex,true
dblp-28409,open_alex-04303,dblp,open_alex,true
dblp-28449,open_alex-03486,dblp,open_alex,true
dblp-28493,open_alex-27011,dblp,open_alex,true
dblp-28748,open_alex-53483,dblp,open_alex,true
dblp-28764,open_alex-18716,dblp,open_alex,true
dblp-28796,open_alex-33483,dblp,open_alex,true
dblp-28907,open_alex-59362,dblp,open_alex,true
dblp-28945,open_alex-21489,dblp,open_alex,true
dblp-28954,open_alex-51943,dblp,open_alex,true
dblp-28971,open_alex-20916,dblp,open_alex,true
dblp-28976,open_alex-53126,dblp,open_alex,true
dblp-29046,open_alex-24475,dblp,open_alex,true
dblp-29068,open_alex-54661,dblp,open_alex,true
dblp-29089,open_alex-22584,dblp,open_alex,true
dblp-29183,open_alex-39120,dblp,open_alex,true
dblp-29230,open_alex-15639,dblp,open_alex,true
dblp-29276,open_alex-07212,dblp,open_alex,true
dblp-29296,open_alex-19174,dblp,open_alex,true
dblp-29364,open_alex-22011,dblp,open_alex,true
dblp-29507,open_alex-16706,dblp,open_alex,true
dblp-29603,open_alex-51253,dblp,open_alex,true
dblp-29708,open_alex-50637,dblp,open_alex,true
dblp-29828,open_alex-06075,dblp,open_alex,true
dblp-29832,open_alex-10324,dblp,open_alex,true
dblp-29925,open_alex-10189,dblp,open_alex,true
dblp-30003,open_alex-37748,dblp,open_alex,true
dblp-30086,open_alex-23700,dblp,open_alex,true
dblp-30153,open_alex-02256,dblp,open_alex,true
dblp-30249,open_alex-39746,dblp,open_alex,true
dblp-30281,open_alex-21028,dblp,open_alex,true
dblp-30290,open_alex-57578,dblp,open_alex,true
dblp-30291,open_alex-55519,dblp,open_alex,true
dblp-30342,open_alex-54533,dblp,open_alex,true
dblp-30402,open_alex-05504,dblp,open_alex,true
dblp-30427,open_alex-13904,dblp,open_alex,true
dblp-30528,open_alex-15711,dblp,open_alex,true
dblp-30591,open_alex-03840,dblp,open_alex,true
dblp-30686,open_alex-35664,dblp,open_alex,true
dblp-30688,open_alex-25309,dblp,open_alex,true
dblp-30742,open_alex-52372,dblp,open_alex,true
dblp-30768,open_alex-05425,dblp,open_alex,true
dblp-30777,open_alex-45111,dblp,open_alex,true
dblp-30947,open_alex-52321,dblp,open_alex,true
dblp-31014,open_alex-47815,dblp,open_alex,true
dblp-31044,open_alex-51494,dblp,open_alex,true
dblp-31077,open_alex-57226,dblp,open_alex,true
dblp-31141,open_alex-29341,dblp,open_alex,true
dblp-31158,open_alex-01265,dblp,open_alex,true
dblp-31193,open_alex-41906,dblp,open_alex,true
dblp-31201,open_alex-12096,dblp,open_alex,true
dblp-31221,open_alex-32462,dblp,open_alex,true
dblp-31252,open_alex-21088,dblp,open_alex,true
dblp-31265,open_alex-24289,dblp,open_alex,true
dblp-31291,open_alex-15598,dblp,open_alex,true
dblp-31306,open_alex-34738,dblp,open_alex,true
dblp-31333,open_alex-20846,dblp,open_alex,true
dblp-31341,open_alex-50657,dblp,open_alex,true
dblp-31435,open_alex-40300,dblp,open_alex,true
dblp-31439,open_alex-21100,dblp,open_alex,true
dblp-31462,open_alex-15664,dblp,open_alex,true
dblp-31547,open_alex-24840,dblp,open_alex,true
dblp-31562,open_alex-33747,dblp,open_alex,true
dblp-31608,open_alex-17282,dblp,open_alex,true
dblp-31737,open_alex-51735,dblp,open_alex,true
dblp-31747,open_alex-24213,dblp,open_alex,true
dblp-31774,open_alex-13032,dblp,open_alex,true
dblp-31809,open_alex-37239,dblp,open_alex,true
dblp-31810,open_alex-32120,dblp,open_alex,true
dblp-31990,open_alex-19931,dblp,open_alex,true
dblp-32131,open_alex-04060,dblp,open_alex,true
dblp-32148,open_alex-13124,dblp,open_alex,true
dblp-32193,open_alex-02820,dblp,open_alex,true
dblp-32198,open_alex-14228,dblp,open_alex,true
dblp-32200,open_alex-08360,dblp,open_alex,true
dblp-32212,open_alex-22550,dblp,open_alex,true
dblp-32372,open_alex-35767,dblp,open_alex,true
dblp-32414,open_alex-16404,dblp,open_alex,true
dblp-32456,open_alex-05882,dblp,open_alex,true
dblp-32473,open_alex-18616,dblp,open_alex,true
dblp-32489,open_alex-50199,dblp,open_alex,true
dblp-32517,open_alex-10080,dblp,open_alex,true
dblp-32538,open_alex-09658,dblp,open_alex,true
dblp-32612,open_alex-15685,dblp,open_alex,true
dblp-32616,open_alex-00674,dblp,open_alex,true
dblp-32625,open_alex-32557,dblp,open_alex,true
dblp-32636,open_alex-23261,dblp,open_alex,true
dblp-32665,open_alex-45845,dblp,open_alex,true
dblp-32717,open_alex-09377,dblp,open_alex,true
dblp-32765,open_alex-49221,dblp,open_alex,true
dblp-32814,open_alex-07492,dblp,open_alex,true
dblp-32863,open_alex-18463,dblp,open_alex,true
dblp-32918,open_alex-58458,dblp,open_alex,true
dblp-32935,open_alex-37516,dblp,open_alex,true
dblp-32943,open_alex-47103,dblp,open_alex,true
dblp-32946,open_alex-14987,dblp,open_alex,true
dblp-33042,open_alex-55030,dblp,open_alex,true
dblp-33059,open_alex-27325,dblp,open_alex,true
dblp-33075,open_alex-44823,dblp,open_alex,true
dblp-33079,open_alex-52402,dblp,open_alex,true
dblp-33105,open_alex-58147,dblp,open_alex,true
dblp-33141,open_alex-04679,dblp,open_alex,true
dblp-33201,open_alex-49022,dblp,open_alex,true
dblp-33225,open_alex-50904,dblp,open_alex,true
dblp-33249,open_alex-52096,dblp,open_alex,true
dblp-33279,open_alex-50844,dblp,open_alex,true
dblp-33286,open_alex-16674,dblp,open_alex,true
dblp-33336,open_alex-22202,dblp,open_alex,true
dblp-33469,open_alex-49651,dblp,open_alex,true
dblp-33612,open_alex-26676,dblp,open_alex,true
dblp-33658,open_alex-05369,dblp,open_alex,true
dblp-33677,open_alex-59472,dblp,open_alex,true
dblp-33689,open_alex-42047,dblp,open_alex,true
dblp-33705,open_alex-53257,dblp,open_alex,true
dblp-33865,open_alex-44802,dblp,open_alex,true
dblp-33882,open_alex-48160,dblp,open_alex,true
dblp-34083,open_alex-13820,dblp,open_alex,true
dblp-34165,open_alex-57977,dblp,open_alex,true
dblp-34191,open_alex-56117,dblp,open_alex,true
dblp-34239,open_alex-32593,dblp,open_alex,true
dblp-34348,open_alex-49804,dblp,open_alex,true
dblp-34391,open_alex-37046,dblp,open_alex,true
dblp-34417,open_alex-35094,dblp,open_alex,true
dblp-34475,open_alex-48323,dblp,open_alex,true
dblp-34479,open_alex-12805,dblp,open_alex,true
dblp-34527,open_alex-39302,dblp,open_alex,true
dblp-34538,open_alex-20820,dblp,open_alex,true
dblp-34543,open_alex-29836,dblp,open_alex,true
dblp-34599,open_alex-59135,dblp,open_alex,true
dblp-34793,open_alex-50146,dblp,open_alex,true
dblp-34921,open_alex-46485,dblp,open_alex,true
dblp-34940,open_alex-50872,dblp,open_alex,true
dblp-34944,open_alex-60663,dblp,open_alex,true
dblp-34951,open_alex-06379,dblp,open_alex,true
dblp-34971,open_alex-24193,dblp,open_alex,true
dblp-35023,open_alex-51421,dblp,open_alex,true
dblp-35028,open_alex-57759,dblp,open_alex,true
dblp-35049,open_alex-15409,dblp,open_alex,true
dblp-35058,open_alex-49784,dblp,open_alex,true
dblp-35071,open_alex-45369,dblp,open_alex,true
dblp-35107,open_alex-14125,dblp,open_alex,true
dblp-35138,open_alex-08725,dblp,open_alex,true
dblp-35253,open_alex-31506,dblp,open_alex,true
dblp-35306,open_alex-25527,dblp,open_alex,true
dblp-35359,open_alex-35599,dblp,open_alex,true
dblp-35402,open_alex-04542,dblp,open_alex,true
dblp-35417,open_alex-39518,dblp,open_alex,true
dblp-35432,open_alex-44787,dblp,open_alex,true
dblp-35444,open_alex-19632,dblp,open_alex,true
dblp-35451,open_alex-39416,dblp,open_alex,true
dblp-35494,open_alex-54961,dblp,open_alex,true
dblp-35598,open_alex-52620,dblp,open_alex,true
dblp-35620,open_alex-39367,dblp,open_alex,true
dblp-35625,open_alex-45489,dblp,open_alex,true
dblp-35646,open_alex-43440,dblp,open_alex,true
dblp-35668,open_alex-44642,dblp,open_alex,true
dblp-35792,open_alex-55652,dblp,open_alex,true
dblp-35802,open_alex-37864,dblp,open_alex,true
dblp-35810,open_alex-22904,dblp,open_alex,true
dblp-35866,open_alex-43656,dblp,open_alex,true
dblp-35885,open_alex-41780,dblp,open_alex,true
dblp-35910,open_alex-49029,dblp,open_alex,true
dblp-35911,open_alex-15854,dblp,open_alex,true
dblp-35977,open_alex-33516,dblp,open_alex,true
dblp-35979,open_alex-01703,dblp,open_alex,true
dblp-35981,open_alex-44593,dblp,open_alex,true
dblp-36019,open_alex-35860,dblp,open_alex,true
dblp-36078,open_alex-27441,dblp,open_alex,true
dblp-36137,open_alex-57289,dblp,open_alex,true
dblp-36149,open_alex-16867,dblp,open_alex,true
dblp-36241,open_alex-20966,dblp,open_alex,true
dblp-36267,open_alex-14848,dblp,open_alex,true
dblp-36341,open_alex-13471,dblp,open_alex,true
dblp-36396,open_alex-20634,dblp,open_alex,true
dblp-36428,open_alex-35615,dblp,open_alex,true
dblp-36429,open_alex-20136,dblp,open_alex,true
dblp-36449,open_alex-11354,dblp,open_alex,true
dblp-36462,open_alex-33636,dblp,open_alex,true
dblp-36465,open_alex-59473,dblp,open_alex,true
dblp-36485,open_alex-31684,dblp,open_alex,true
dblp-36507,open_alex-46153,dblp,open_alex,true
dblp-36554,open_alex-45394,dblp,open_alex,true
dblp-36758,open_alex-56854,dblp,open_alex,true
dblp-36799,open_alex-21987,dblp,open_alex,true
dblp-36906,open_alex-47666,dblp,open_alex,true
dblp-36950,open_alex-09443,dblp,open_alex,true
dblp-36988,open_alex-53354,dblp,open_alex,true
dblp-37163,open_alex-09851,dblp,open_alex,true
dblp-37168,open_alex-28811,dblp,open_alex,true
dblp-37186,open_alex-55189,dblp,open_alex,true
dblp-37189,open_alex-52144,dblp,open_alex,true
dblp-37218,open_alex-09195,dblp,open_alex,true
dblp-37225,open_alex-18010,dblp,open_alex,true
dblp-37252,open_alex-10042,dblp,open_alex,true
dblp-37258,open_alex-20382,dblp,open_alex,true
dblp-37340,open_alex-03366,dblp,open_alex,true
dblp-37343,open_alex-44110,dblp,open_alex,true
dblp-37398,open_alex-24416,dblp,open_alex,true
dblp-37407,open_alex-25079,dblp,open_alex,true
dblp-37468,open_alex-22034,dblp,open_alex,true
dblp-37484,open_alex-33051,dblp,open_alex,true
dblp-37514,open_alex-15576,dblp,open_alex,true
dblp-37577,open_alex-42306,dblp,open_alex,true
dblp-37590,open_alex-39417,dblp,open_alex,true
dblp-37595,open_alex-57703,dblp,open_alex,true
dblp-37638,open_alex-03988,dblp,open_alex,true
dblp-37702,open_alex-26628,dblp,open_alex,true
dblp-37745,open_alex-03372,dblp,open_alex,true
dblp-37775,open_alex-56923,dblp,open_alex,true
dblp-37800,open_alex-16754,dblp,open_alex,true
dblp-37829,open_alex-38002,dblp,open_alex,true
dblp-37913,open_alex-10592,dblp,open_alex,true
dblp-37954,open_alex-23493,dblp,open_alex,true
dblp-37987,open_alex-44341,dblp,open_alex,true
dblp-37993,open_alex-43191,dblp,open_alex,true
dblp-38013,open_alex-52114,dblp,open_alex,true
dblp-38118,open_alex-22405,dblp,open_alex,true
dblp-38143,open_alex-40525,dblp,open_alex,true
dblp-38149,open_alex-11537,dblp,open_alex,true
dblp-38181,open_alex-36582,dblp,open_alex,true
dblp-38199,open_alex-14186,dblp,open_alex,true
dblp-38270,open_alex-60019,dblp,open_alex,true
dblp-38355,open_alex-37250,dblp,open_alex,true
dblp-38474,open_alex-43424,dblp,open_alex,true
dblp-38482,open_alex-53339,dblp,open_alex,true
dblp-38490,open_alex-11178,dblp,open_alex,true
dblp-38581,open_alex-02391,dblp,open_alex,true
dblp-38627,open_alex-40304,dblp,open_alex,true
dblp-38651,open_alex-48698,dblp,open_alex,true
dblp-38657,open_alex-25237,dblp,open_alex,true
dblp-38670,open_alex-43119,dblp,open_alex,true
dblp-38671,open_alex-53600,dblp,open_alex,true
dblp-38717,open_alex-06392,dblp,open_alex,true
dblp-38753,open_alex-53365,dblp,open_alex,true
dblp-38786,open_alex-48188,dblp,open_alex,true
dblp-38856,open_alex-55989,dblp,open_alex,true
dblp-38950,open_alex-29420,dblp,open_alex,true
dblp-38982,open_alex-31863,dblp,open_alex,true
dblp-39067,open_alex-18517,dblp,open_alex,true
dblp-39086,open_alex-60297,dblp,open_alex,true
dblp-39177,open_alex-21244,dblp,open_alex,true
dblp-39207,open_alex-05333,dblp,open_alex,true
dblp-39329,open_alex-41320,dblp,open_alex,true
dblp-39363,open_alex-16929,dblp,open_alex,true
dblp-39375,open_alex-50082,dblp,open_alex,true
dblp-39407,open_alex-12567,dblp,open_alex,true
dblp-39512,open_alex-02464,dblp,open_alex,true
dblp-39514,open_alex-41768,dblp,open_alex,true
dblp-39538,open_alex-05123,dblp,open_alex,true
dblp-39591,open_alex-49521,dblp,open_alex,true
dblp-39707,open_alex-29244,dblp,open_alex,true
dblp-39721,open_alex-58748,dblp,open_alex,true
dblp-39810,open_alex-01346,dblp,open_alex,true
dblp-39855,open_alex-16222,dblp,open_alex,true
dblp-39924,open_alex-01844,dblp,open_alex,true
dblp-39969,open_alex-38866,dblp,open_alex,true
dblp-40063,open_alex-01978,dblp,open_alex,true
dblp-40065,open_alex-29903,dblp,open_alex,true
dblp-40086,open_alex-22413,dblp,open_alex,true
dblp-40165,open_alex-13752,dblp,open_alex,true
dblp-40210,open_alex-13506,dblp,open_alex,true
dblp-40265,open_alex-33943,dblp,open_alex,true
dblp-40298,open_alex-28288,dblp,open_alex,true
dblp-40556,open_alex-39566,dblp,open_alex,true
dblp-40604,open_alex-22974,dblp,open_alex,true
dblp-40650,open_alex-26767,dblp,open_alex,true
dblp-40688,open_alex-25436,dblp,open_alex,true
dblp-40712,open_alex-39258,dblp,open_alex,true
dblp-40822,open_alex-15131,dblp,open_alex,true
dblp-40849,open_alex-05480,dblp,open_alex,true
dblp-40963,open_alex-15068,dblp,open_alex,true
dblp-40993,open_alex-30032,dblp,open_alex,true
dblp-41030,open_alex-27458,dblp,open_alex,true
dblp-41054,open_alex-05022,dblp,open_alex,true
dblp-41066,open_alex-18216,dblp,open_alex,true
dblp-41118,open_alex-34325,dblp,open_alex,true
dblp-41151,open_alex-37471,dblp,open_alex,true
dblp-41177,open_alex-51851,dblp,open_alex,true
dblp-41179,open_alex-14652,dblp,open_alex,true
dblp-41253,open_alex-58559,dblp,open_alex,true
dblp-41304,open_alex-01588,dblp,open_alex,true
dblp-41309,open_alex-33606,dblp,open_alex,true
dblp-41339,open_alex-12193,dblp,open_alex,true
dblp-41376,open_alex-36301,dblp,open_alex,true
dblp-41403,open_alex-48167,dblp,open_alex,true
dblp-41414,open_alex-05929,dblp,open_alex,true
dblp-41415,open_alex-31979,dblp,open_alex,true
dblp-41417,open_alex-03683,dblp,open_alex,true
dblp-41451,open_alex-23668,dblp,open_alex,true
dblp-41547,open_alex-42647,dblp,open_alex,true
dblp-41565,open_alex-14966,dblp,open_alex,true
dblp-41625,open_alex-31930,dblp,open_alex,true
dblp-41667,open_alex-21299,dblp,open_alex,true
dblp-41676,open_alex-41396,dblp,open_alex,true
dblp-41687,open_alex-13967,dblp,open_alex,true
dblp-41702,open_alex-55412,dblp,open_alex,true
dblp-41828,open_alex-53605,dblp,open_alex,true
dblp-42001,open_alex-20347,dblp,open_alex,true
dblp-42104,open_alex-23106,dblp,open_alex,true
dblp-42114,open_alex-04604,dblp,open_alex,true
dblp-42119,open_alex-07676,dblp,open_alex,true
dblp-42134,open_alex-48386,dblp,open_alex,true
dblp-42179,open_alex-56890,dblp,open_alex,true
dblp-42193,open_alex-25228,dblp,open_alex,true
dblp-42242,open_alex-24821,dblp,open_alex,true
dblp-42251,open_alex-34827,dblp,open_alex,true
dblp-42345,open_alex-39813,dblp,open_alex,true
dblp-42461,open_alex-40384,dblp,open_alex,true
dblp-42473,open_alex-36256,dblp,open_alex,true
dblp-42484,open_alex-52734,dblp,open_alex,true
dblp-42558,open_alex-55334,dblp,open_alex,true
dblp-42649,open_alex-34289,dblp,open_alex,true
dblp-42658,open_alex-07154,dblp,open_alex,true
dblp-42688,open_alex-50764,dblp,open_alex,true
dblp-42735,open_alex-14383,dblp,open_alex,true
dblp-42790,open_alex-48108,dblp,open_alex,true
dblp-42848,open_alex-01023,dblp,open_alex,true
dblp-42854,open_alex-29859,dblp,open_alex,true
dblp-42858,open_alex-14556,dblp,open_alex,true
dblp-42909,open_alex-53333,dblp,open_alex,true
dblp-43009,open_alex-31606,dblp,open_alex,true
dblp-43163,open_alex-17940,dblp,open_alex,true
dblp-43208,open_alex-56074,dblp,open_alex,true
dblp-43222,open_alex-31400,dblp,open_alex,true
dblp-43273,open_alex-14303,dblp,open_alex,true
dblp-43288,open_alex-42345,dblp,open_alex,true
dblp-43290,open_alex-22939,dblp,open_alex,true
dblp-43317,open_alex-29944,dblp,open_alex,true
dblp-43358,open_alex-01027,dblp,open_alex,true
dblp-43368,open_alex-36337,dblp,open_alex,true
dblp-43468,open_alex-07475,dblp,open_alex,true
dblp-43495,open_alex-11124,dblp,open_alex,true
dblp-43529,open_alex-43458,dblp,open_alex,true
dblp-43578,open_alex-49084,dblp,open_alex,true
dblp-43579,open_alex-25872,dblp,open_alex,true
dblp-43759,open_alex-05286,dblp,open_alex,true
dblp-43797,open_alex-29748,dblp,open_alex,true
dblp-43913,open_alex-11820,dblp,open_alex,true
dblp-44033,open_alex-53579,dblp,open_alex,true
dblp-44067,open_alex-55214,dblp,open_alex,true
dblp-44146,open_alex-03105,dblp,open_alex,true
dblp-44158,open_alex-29995,dblp,open_alex,true
dblp-44202,open_alex-03132,dblp,open_alex,true
dblp-44242,open_alex-15249,dblp,open_alex,true
dblp-44346,open_alex-06623,dblp,open_alex,true
dblp-44374,open_alex-50892,dblp,open_alex,true
dblp-44410,open_alex-41784,dblp,open_alex,true
dblp-44626,open_alex-43635,dblp,open_alex,true
dblp-44758,open_alex-30256,dblp,open_alex,true
dblp-44771,open_alex-01833,dblp,open_alex,true
dblp-44838,open_alex-58998,dblp,open_alex,true
dblp-44846,open_alex-25877,dblp,open_alex,true
dblp-44888,open_alex-50093,dblp,open_alex,true
dblp-44913,open_alex-26858,dblp,open_alex,true
dblp-44919,open_alex-51409,dblp,open_alex,true
dblp-44941,open_alex-49764,dblp,open_alex,true
dblp-44947,open_alex-29028,dblp,open_alex,true
dblp-44982,open_alex-43281,dblp,open_alex,true
dblp-45042,open_alex-17293,dblp,open_alex,true
dblp-45063,open_alex-09094,dblp,open_alex,true
dblp-45128,open_alex-36763,dblp,open_alex,true
dblp-45137,open_alex-31160,dblp,open_alex,true
dblp-45170,open_alex-49365,dblp,open_alex,true
dblp-45234,open_alex-42536,dblp,open_alex,true
dblp-45260,open_alex-26840,dblp,open_alex,true
dblp-45262,open_alex-01298,dblp,open_alex,true
dblp-45274,open_alex-44118,dblp,open_alex,true
dblp-45286,open_alex-14686,dblp,open_alex,true
dblp-45287,open_alex-45099,dblp,open_alex,true
dblp-45291,open_alex-03620,dblp,open_alex,true
dblp-45294,open_alex-32070,dblp,open_alex,true
dblp-45304,open_alex-22243,dblp,open_alex,true
dblp-45449,open_alex-38020,dblp,open_alex,true
dblp-45555,open_alex-23796,dblp,open_alex,true
dblp-45561,open_alex-10668,dblp,open_alex,true
dblp-45586,open_alex-10062,dblp,open_alex,true
dblp-45594,open_alex-22267,dblp,open_alex,true
dblp-45627,open_alex-48213,dblp,open_alex,true
dblp-45673,open_alex-49040,dblp,open_alex,true
dblp-45696,open_alex-22933,dblp,open_alex,true
dblp-45718,open_alex-54269,dblp,open_alex,true
dblp-45796,open_alex-06573,dblp,open_alex,true
dblp-45822,open_alex-03859,dblp,open_alex,true
dblp-45878,open_alex-09598,dblp,open_alex,true
dblp-45924,open_alex-55080,dblp,open_alex,true
dblp-45946,open_alex-08132,dblp,open_alex,true
dblp-45965,open_alex-37912,dblp,open_alex,true
dblp-45976,open_alex-19825,dblp,open_alex,true
dblp-46267,open_alex-12127,dblp,open_alex,true
dblp-46284,open_alex-53186,dblp,open_alex,true
dblp-46350,open_alex-54361,dblp,open_alex,true
dblp-46398,open_alex-29233,dblp,open_alex,true
dblp-46450,open_alex-21814,dblp,open_alex,true
dblp-46535,open_alex-46908,dblp,open_alex,true
dblp-46537,open_alex-58942,dblp,open_alex,true
dblp-46616,open_alex-54039,dblp,open_alex,true
dblp-46769,open_alex-59156,dblp,open_alex,true
dblp-46789,open_alex-59462,dblp,open_alex,true
dblp-46831,open_alex-49124,dblp,open_alex,true
dblp-46848,open_alex-02403,dblp,open_alex,true
dblp-47042,open_alex-17890,dblp,open_alex,true
dblp-47100,open_alex-06459,dblp,open_alex,true
dblp-47206,open_alex-16606,dblp,open_alex,true
dblp-47272,open_alex-18654,dblp,open_alex,true
dblp-47278,open_alex-14989,dblp,open_alex,true
dblp-47401,open_alex-52508,dblp,open_alex,true
dblp-47402,open_alex-50039,dblp,open_alex,true
dblp-47421,open_alex-28131,dblp,open_alex,true
dblp-47422,open_alex-08332,dblp,open_alex,true
dblp-47455,open_alex-28241,dblp,open_alex,true
dblp-47521,open_alex-44210,dblp,open_alex,true
dblp-47535,open_alex-43887,dblp,open_alex,true
dblp-47541,open_alex-07964,dblp,open_alex,true
dblp-47601,open_alex-32995,dblp,open_alex,true
dblp-47693,open_alex-36968,dblp,open_alex,true
dblp-47715,open_alex-30604,dblp,open_alex,true
dblp-47749,open_alex-50424,dblp,open_alex,true
dblp-47816,open_alex-00682,dblp,open_alex,true
dblp-47828,open_alex-60536,dblp,open_alex,true
dblp-47846,open_alex-09786,dblp,open_alex,true
dblp-47849,open_alex-06887,dblp,open_alex,true
dblp-47888,open_alex-52484,dblp,open_alex,true
dblp-47920,open_alex-35337,dblp,open_alex,true
dblp-47986,open_alex-13899,dblp,open_alex,true
dblp-48017,open_alex-02838,dblp,open_alex,true
dblp-48051,open_alex-05134,dblp,open_alex,true
dblp-48053,open_alex-22965,dblp,open_alex,true
dblp-48058,open_alex-12001,dblp,open_alex,true
dblp-48135,open_alex-22871,dblp,open_alex,true
dblp-48139,open_alex-57672,dblp,open_alex,true
dblp-48145,open_alex-50466,dblp,open_alex,true
dblp-48162,open_alex-50347,dblp,open_alex,true
dblp-48164,open_alex-32522,dblp,open_alex,true
dblp-48191,open_alex-55489,dblp,open_alex,true
dblp-48197,open_alex-02656,dblp,open_alex,true
dblp-48218,open_alex-01077,dblp,open_alex,true
dblp-48224,open_alex-46541,dblp,open_alex,true
dblp-48470,open_alex-42547,dblp,open_alex,true
dblp-48490,open_alex-08784,dblp,open_alex,true
dblp-48494,open_alex-18432,dblp,open_alex,true
dblp-48597,open_alex-58680,dblp,open_alex,true
dblp-48654,open_alex-60039,dblp,open_alex,true
dblp-48673,open_alex-48648,dblp,open_alex,true
dblp-48818,open_alex-17546,dblp,open_alex,true
dblp-48827,open_alex-44683,dblp,open_alex,true
dblp-48882,open_alex-55775,dblp,open_alex,true
dblp-48935,open_alex-34981,dblp,open_alex,true
dblp-48946,open_alex-12621,dblp,open_alex,true
dblp-49017,open_alex-58952,dblp,open_alex,true
dblp-49078,open_alex-28639,dblp,open_alex,true
dblp-49106,open_alex-43821,dblp,open_alex,true
dblp-49107,open_alex-09680,dblp,open_alex,true
dblp-49108,open_alex-57295,dblp,open_alex,true
dblp-49182,open_alex-09313,dblp,open_alex,true
dblp-49417,open_alex-17953,dblp,open_alex,true
dblp-49462,open_alex-54286,dblp,open_alex,true
dblp-49528,open_alex-19864,dblp,open_alex,true
dblp-49535,open_alex-43311,dblp,open_alex,true
dblp-49547,open_alex-07668,dblp,open_alex,true
dblp-49588,open_alex-29617,dblp,open_alex,true
dblp-49605,open_alex-02503,dblp,open_alex,true
dblp-49849,open_alex-39628,dblp,open_alex,true
dblp-49880,open_alex-28263,dblp,open_alex,true
dblp-49883,open_alex-36090,dblp,open_alex,true
dblp-49983,open_alex-26860,dblp,open_alex,true
dblp-50029,open_alex-14614,dblp,open_alex,true
dblp-50030,open_alex-54311,dblp,open_alex,true
dblp-50053,open_alex-34983,dblp,open_alex,true
dblp-50183,open_alex-40627,dblp,open_alex,true
dblp-50212,open_alex-45251,dblp,open_alex,true
dblp-50219,open_alex-16582,dblp,open_alex,true
dblp-50268,open_alex-40336,dblp,open_alex,true
dblp-50298,open_alex-30920,dblp,open_alex,true
dblp-50302,open_alex-08188,dblp,open_alex,true
dblp-50340,open_alex-02883,dblp,open_alex,true
dblp-50403,open_alex-14102,dblp,open_alex,true
dblp-50429,open_alex-59332,dblp,open_alex,true
dblp-50523,open_alex-14766,dblp,open_alex,true
dblp-50596,open_alex-01438,dblp,open_alex,true
dblp-50603,open_alex-16974,dblp,open_alex,true
dblp-50721,open_alex-51220,dblp,open_alex,true
dblp-50761,open_alex-01912,dblp,open_alex,true
dblp-50788,open_alex-04779,dblp,open_alex,true
dblp-50905,open_alex-43559,dblp,open_alex,true
dblp-50934,open_alex-21308,dblp,open_alex,true
dblp-50982,open_alex-26615,dblp,open_alex,true
dblp-51004,open_alex-59570,dblp,open_alex,true
dblp-51034,open_alex-54418,dblp,open_alex,true
dblp-51037,open_alex-22510,dblp,open_alex,true
dblp-51055,open_alex-29910,dblp,open_alex,true
dblp-51089,open_alex-29917,dblp,open_alex,true
dblp-51136,open_alex-53279,dblp,open_alex,true
dblp-51170,open_alex-19560,dblp,open_alex,true
dblp-51215,open_alex-48646,dblp,open_alex,true
dblp-51223,open_alex-16099,dblp,open_alex,true
dblp-51363,open_alex-12200,dblp,open_alex,true
dblp-51376,open_alex-37595,dblp,open_alex,true
dblp-51447,open_alex-45684,dblp,open_alex,true
dblp-51454,open_alex-17243,dblp,open_alex,true
dblp-51492,open_alex-26717,dblp,open_alex,true
dblp-51574,open_alex-38664,dblp,open_alex,true
dblp-51585,open_alex-25303,dblp,open_alex,true
dblp-51657,open_alex-50338,dblp,open_alex,true
dblp-51675,open_alex-30501,dblp,open_alex,true
dblp-51744,open_alex-13310,dblp,open_alex,true
dblp-51834,open_alex-20752,dblp,open_alex,true
dblp-51835,open_alex-00139,dblp,open_alex,true
dblp-51950,open_alex-10015,dblp,open_alex,true
dblp-52001,open_alex-30894,dblp,open_alex,true
dblp-52041,open_alex-43779,dblp,open_alex,true
dblp-52043,open_alex-13355,dblp,open_alex,true
dblp-52070,open_alex-06992,dblp,open_alex,true
dblp-52097,open_alex-33009,dblp,open_alex,true
dblp-52186,open_alex-24916,dblp,open_alex,true
dblp-52293,open_alex-54020,dblp,open_alex,true
dblp-52299,open_alex-33764,dblp,open_alex,true
dblp-52315,open_alex-10555,dblp,open_alex,true
dblp-52367,open_alex-12206,dblp,open_alex,true
dblp-52511,open_alex-52581,dblp,open_alex,true
dblp-52530,open_alex-31579,dblp,open_alex,true
dblp-52556,open_alex-24377,dblp,open_alex,true
dblp-52561,open_alex-10894,dblp,open_alex,true
dblp-52673,open_alex-04828,dblp,open_alex,true
dblp-52762,open_alex-35540,dblp,open_alex,true
dblp-52825,open_alex-55872,dblp,open_alex,true
dblp-52891,open_alex-60383,dblp,open_alex,true
dblp-52905,open_alex-19311,dblp,open_alex,true
dblp-52968,open_alex-08936,dblp,open_alex,true
dblp-53075,open_alex-26163,dblp,open_alex,true
dblp-53180,open_alex-39785,dblp,open_alex,true
dblp-53201,open_alex-17448,dblp,open_alex,true
dblp-53203,open_alex-57148,dblp,open_alex,true
dblp-53220,open_alex-42967,dblp,open_alex,true
dblp-53300,open_alex-14960,dblp,open_alex,true
dblp-53349,open_alex-26195,dblp,open_alex,true
dblp-53408,open_alex-53383,dblp,open_alex,true
dblp-53500,open_alex-52458,dblp,open_alex,true
dblp-53753,open_alex-50523,dblp,open_alex,true
dblp-53778,open_alex-12645,dblp,open_alex,true
dblp-53833,open_alex-49045,dblp,open_alex,true
dblp-53842,open_alex-03097,dblp,open_alex,true
dblp-53866,open_alex-34668,dblp,open_alex,true
dblp-53885,open_alex-41670,dblp,open_alex,true
dblp-53921,open_alex-42010,dblp,open_alex,true
dblp-53964,open_alex-07930,dblp,open_alex,true
dblp-53965,open_alex-33331,dblp,open_alex,true
dblp-54025,open_alex-10081,dblp,open_alex,true
dblp-54027,open_alex-20091,dblp,open_alex,true
dblp-54037,open_alex-10001,dblp,open_alex,true
dblp-54064,open_alex-10328,dblp,open_alex,true
dblp-54204,open_alex-42054,dblp,open_alex,true
dblp-54213,open_alex-37885,dblp,open_alex,true
dblp-54313,open_alex-20123,dblp,open_alex,true
dblp-54353,open_alex-50097,dblp,open_alex,true
dblp-54415,open_alex-20967,dblp,open_alex,true
dblp-54534,open_alex-05535,dblp,open_alex,true
dblp-54714,open_alex-35792,dblp,open_alex,true
dblp-54732,open_alex-16323,dblp,open_alex,true
dblp-54768,open_alex-36620,dblp,open_alex,true
dblp-54794,open_alex-19599,dblp,open_alex,true
dblp-54795,open_alex-19277,dblp,open_alex,true
dblp-54796,open_alex-18396,dblp,open_alex,true
dblp-54905,open_alex-04449,dblp,open_alex,true
dblp-54930,open_alex-15370,dblp,open_alex,true
dblp-54947,open_alex-49208,dblp,open_alex,true
dblp-55052,open_alex-37472,dblp,open_alex,true
dblp-55060,open_alex-29010,dblp,open_alex,true
dblp-55150,open_alex-10881,dblp,open_alex,true
dblp-55186,open_alex-28774,dblp,open_alex,true
dblp-55311,open_alex-18954,dblp,open_alex,true
dblp-55368,open_alex-59864,dblp,open_alex,true
dblp-55369,open_alex-01456,dblp,open_alex,true
dblp-55396,open_alex-58379,dblp,open_alex,true
dblp-55417,open_alex-01020,dblp,open_alex,true
dblp-55463,open_alex-05676,dblp,open_alex,true
dblp-55482,open_alex-32134,dblp,open_alex,true
dblp-55633,open_alex-35780,dblp,open_alex,true
dblp-55637,open_alex-15054,dblp,open_alex,true
dblp-55674,open_alex-52651,dblp,open_alex,true
dblp-55693,open_alex-24305,dblp,open_alex,true
dblp-55735,open_alex-08492,dblp,open_alex,true
dblp-55801,open_alex-21648,dblp,open_alex,true
dblp-55812,open_alex-25056,dblp,open_alex,true
dblp-55892,open_alex-39869,dblp,open_alex,true
dblp-55904,open_alex-07590,dblp,open_alex,true
dblp-55989,open_alex-34528,dblp,open_alex,true
dblp-56007,open_alex-51552,dblp,open_alex,true
dblp-56020,open_alex-51809,dblp,open_alex,true
dblp-56053,open_alex-27166,dblp,open_alex,true
dblp-56064,open_alex-38178,dblp,open_alex,true
dblp-56077,open_alex-56365,dblp,open_alex,true
dblp-56120,open_alex-15292,dblp,open_alex,true
dblp-56158,open_alex-33425,dblp,open_alex,true
dblp-56162,open_alex-28932,dblp,open_alex,true
dblp-56202,open_alex-56075,dblp,open_alex,true
dblp-56220,open_alex-39623,dblp,open_alex,true
dblp-56325,open_alex-54646,dblp,open_alex,true
dblp-56363,open_alex-23780,dblp,open_alex,true
dblp-56367,open_alex-20881,dblp,open_alex,true
dblp-56374,open_alex-03115,dblp,open_alex,true
dblp-56410,open_alex-15785,dblp,open_alex,true
dblp-56436,open_alex-17624,dblp,open_alex,true
dblp-56451,open_alex-22305,dblp,open_alex,true
dblp-56458,open_alex-47236,dblp,open_alex,true
dblp-56465,open_alex-14657,dblp,open_alex,true
dblp-56553,open_alex-01915,dblp,open_alex,true
dblp-56555,open_alex-03601,dblp,open_alex,true
dblp-56582,open_alex-30280,dblp,open_alex,true
dblp-56616,open_alex-32058,dblp,open_alex,true
dblp-56712,open_alex-26722,dblp,open_alex,true
dblp-56763,open_alex-56856,dblp,open_alex,true
dblp-56833,open_alex-26729,dblp,open_alex,true
dblp-56836,open_alex-15908,dblp,open_alex,true
dblp-56917,open_alex-26606,dblp,open_alex,true
dblp-57041,open_alex-29833,dblp,open_alex,true
dblp-57044,open_alex-08021,dblp,open_alex,true
dblp-57084,open_alex-44909,dblp,open_alex,true
dblp-57128,open_alex-45519,dblp,open_alex,true
dblp-57150,open_alex-27141,dblp,open_alex,true
dblp-57163,open_alex-28359,dblp,open_alex,true
dblp-57194,open_alex-53950,dblp,open_alex,true
dblp-57212,open_alex-27175,dblp,open_alex,true
dblp-57295,open_alex-03296,dblp,open_alex,true
dblp-57323,open_alex-38768,dblp,open_alex,true
dblp-57382,open_alex-23041,dblp,open_alex,true
dblp-57432,open_alex-57792,dblp,open_alex,true
dblp-57473,open_alex-18018,dblp,open_alex,true
dblp-57616,open_alex-15895,dblp,open_alex,true
dblp-57668,open_alex-27395,dblp,open_alex,true
dblp-57687,open_alex-37512,dblp,open_alex,true
dblp-57824,open_alex-03288,dblp,open_alex,true
dblp-57852,open_alex-07732,dblp,open_alex,true
dblp-57862,open_alex-10993,dblp,open_alex,true
dblp-57864,open_alex-08713,dblp,open_alex,true
dblp-57870,open_alex-49177,dblp,open_alex,true
dblp-57890,open_alex-19890,dblp,open_alex,true
dblp-57897,open_alex-39226,dblp,open_alex,true
dblp-57945,open_alex-53170,dblp,open_alex,true
dblp-58028,open_alex-50367,dblp,open_alex,true
dblp-58037,open_alex-44300,dblp,open_alex,true
dblp-58140,open_alex-13298,dblp,open_alex,true
dblp-58155,open_alex-16846,dblp,open_alex,true
dblp-58269,open_alex-06739,dblp,open_alex,true
dblp-58283,open_alex-54803,dblp,open_alex,true
dblp-58385,open_alex-04699,dblp,open_alex,true
dblp-58394,open_alex-54421,dblp,open_alex,true
dblp-58463,open_alex-06481,dblp,open_alex,true
dblp-58508,open_alex-43749,dblp,open_alex,true
dblp-58517,open_alex-32498,dblp,open_alex,true
dblp-58647,open_alex-00793,dblp,open_alex,true
dblp-58662,open_alex-01254,dblp,open_alex,true
dblp-58671,open_alex-47249,dblp,open_alex,true
dblp-58741,open_alex-45043,dblp,open_alex,true
dblp-58835,open_alex-50486,dblp,open_alex,true
dblp-58837,open_alex-25869,dblp,open_alex,true
dblp-58878,open_alex-04074,dblp,open_alex,true
dblp-58903,open_alex-20506,dblp,open_alex,true
dblp-58934,open_alex-36750,dblp,open_alex,true
dblp-59010,open_alex-08538,dblp,open_alex,true
dblp-59133,open_alex-49766,dblp,open_alex,true
dblp-59142,open_alex-59890,dblp,open_alex,true
dblp-59162,open_alex-58054,dblp,open_alex,true
dblp-59164,open_alex-52591,dblp,open_alex,true
dblp-59228,open_alex-29904,dblp,open_alex,true
dblp-59250,open_alex-19454,dblp,open_alex,true
dblp-59366,open_alex-11869,dblp,open_alex,true
dblp-59379,open_alex-15030,dblp,open_alex,true
dblp-59391,open_alex-26822,dblp,open_alex,true
dblp-59622,open_alex-51853,dblp,open_alex,true
dblp-59635,open_alex-48069,dblp,open_alex,true
dblp-59643,open_alex-28776,dblp,open_alex,true
dblp-59721,open_alex-51512,dblp,open_alex,true
dblp-59772,open_alex-46162,dblp,open_alex,true
dblp-59851,open_alex-11855,dblp,open_alex,true
dblp-59877,open_alex-41248,dblp,open_alex,true
dblp-59919,open_alex-25253,dblp,open_alex,true
dblp-59961,open_alex-35412,dblp,open_alex,true
dblp-59975,open_alex-39564,dblp,open_alex,true
dblp-60060,open_alex-49199,dblp,open_alex,true
dblp-60067,open_alex-29080,dblp,open_alex,true
dblp-60110,open_alex-06534,dblp,open_alex,true
dblp-60182,open_alex-44933,dblp,open_alex,true
dblp-60213,open_alex-53953,dblp,open_alex,true
dblp-60251,open_alex-58247,dblp,open_alex,true
dblp-60283,open_alex-39399,dblp,open_alex,true
dblp-60422,open_alex-41305,dblp,open_alex,true
dblp-60460,open_alex-26317,dblp,open_alex,true
dblp-60465,open_alex-45953,dblp,open_alex,true
dblp-60492,open_alex-58558,dblp,open_alex,true
dblp-60498,open_alex-30214,dblp,open_alex,true
dblp-60563,open_alex-09555,dblp,open_alex,true
dblp-00011,open_alex-45907,dblp,open_alex,false
dblp-00017,open_alex-19326,dblp,open_alex,false
dblp-00029,open_alex-35672,dblp,open_alex,false
dblp-00031,open_alex-14864,dblp,open_alex,false
dblp-00038,open_alex-34667,dblp,open_alex,false
dblp-00059,open_alex-44566,dblp,open_alex,false
dblp-00062,open_alex-29358,dblp,open_alex,false
dblp-00062,open_alex-48471,dblp,open_alex,false
dblp-00068,open_alex-04822,dblp,open_alex,false
dblp-00084,open_alex-49911,dblp,open_alex,false
dblp-00085,open_alex-18002,dblp,open_alex,false
dblp-00098,open_alex-43137,dblp,open_alex,false
dblp-00102,open_alex-20912,dblp,open_alex,false
dblp-00120,open_alex-40945,dblp,open_alex,false
dblp-00120,open_alex-54176,dblp,open_alex,false
dblp-00128,open_alex-06149,dblp,open_alex,false
dblp-00150,open_alex-27512,dblp,open_alex,false
dblp-00196,open_alex-01508,dblp,open_alex,false
dblp-00242,open_alex-26057,dblp,open_alex,false
dblp-00275,open_alex-29326,dblp,open_alex,false
dblp-00292,open_alex-41312,dblp,open_alex,false
dblp-00300,open_alex-44256,dblp,open_alex,false
dblp-00310,open_alex-02503,dblp,open_alex,false
dblp-00311,open_alex-37222,dblp,open_alex,false
dblp-00316,open_alex-28957,dblp,open_alex,false
dblp-00317,open_alex-02769,dblp,open_alex,false
dblp-00330,open_alex-45554,dblp,open_alex,false
dblp-00346,open_alex-58604,dblp,open_alex,false
dblp-00391,open_alex-38324,dblp,open_alex,false
dblp-00410,open_alex-53588,dblp,open_alex,false
dblp-00436,open_alex-47062,dblp,open_alex,false
dblp-00449,open_alex-50875,dblp,open_alex,false
dblp-00455,open_alex-16545,dblp,open_alex,false
dblp-00514,open_alex-22893,dblp,open_alex,false
dblp-00547,open_alex-24314,dblp,open_alex,false
dblp-00556,open_alex-40309,dblp,open_alex,false
dblp-00613,open_alex-09320,dblp,open_alex,false
dblp-00613,open_alex-43068,dblp,open_alex,false
dblp-00638,open_alex-11855,dblp,open_alex,false
dblp-00640,open_alex-25807,dblp,open_alex,false
dblp-00646,open_alex-52148,dblp,open_alex,false
dblp-00655,open_alex-35870,dblp,open_alex,false
dblp-00656,open_alex-41082,dblp,open_alex,false
dblp-00677,open_alex-12539,dblp,open_alex,false
dblp-00679,open_alex-25796,dblp,open_alex,false
dblp-00685,open_alex-47340,dblp,open_alex,false
dblp-00727,open_alex-52099,dblp,open_alex,false
dblp-00747,open_alex-20194,dblp,open_alex,false
dblp-00751,open_alex-53777,dblp,open_alex,false
dblp-00754,open_alex-59067,dblp,open_alex,false
dblp-00758,open_alex-38486,dblp,open_alex,false
dblp-00811,open_alex-11893,dblp,open_alex,false
dblp-00811,open_alex-26281,dblp,open_alex,false
dblp-00811,open_alex-50450,dblp,open_alex,false
dblp-00827,open_alex-38475,dblp,open_alex,false
dblp-00871,open_alex-28692,dblp,open_alex,false
dblp-00873,open_alex-39704,dblp,open_alex,false
dblp-00874,open_alex-08561,dblp,open_alex,false
dblp-00874,open_alex-33935,dblp,open_alex,false
dblp-00874,open_alex-50826,dblp,open_alex,false
dblp-00879,open_alex-10276,dblp,open_alex,false
dblp-00879,open_alex-43389,dblp,open_alex,false
dblp-00881,open_alex-06016,dblp,open_alex,false
dblp-00892,open_alex-24465,dblp,open_alex,false
dblp-00911,open_alex-07702,dblp,open_alex,false
dblp-00919,open_alex-51490,dblp,open_alex,false
dblp-00926,open_alex-58798,dblp,open_alex,false
dblp-00941,open_alex-11018,dblp,open_alex,false
dblp-00976,open_alex-31722,dblp,open_alex,false
dblp-00983,open_alex-12880,dblp,open_alex,false
dblp-00984,open_alex-15709,dblp,open_alex,false
dblp-01024,open_alex-52856,dblp,open_alex,false
dblp-01024,open_alex-57195,dblp,open_alex,false
dblp-01025,open_alex-11857,dblp,open_alex,false
dblp-01025,open_alex-34472,dblp,open_alex,false
dblp-01028,open_alex-55217,dblp,open_alex,false
dblp-01050,open_alex-05672,dblp,open_alex,false
dblp-01050,open_alex-31700,dblp,open_alex,false
dblp-01061,open_alex-41737,dblp,open_alex,false
dblp-01063,open_alex-38842,dblp,open_alex,false
dblp-01085,open_alex-32422,dblp,open_alex,false
dblp-01097,open_alex-33375,dblp,open_alex,false
dblp-01112,open_alex-15107,dblp,open_alex,false
dblp-01144,open_alex-18291,dblp,open_alex,false
dblp-01149,open_alex-14112,dblp,open_alex,false
dblp-01151,open_alex-31682,dblp,open_alex,false
dblp-01168,open_alex-58152,dblp,open_alex,false
dblp-01181,open_alex-14262,dblp,open_alex,false
dblp-01205,open_alex-10017,dblp,open_alex,false
dblp-01259,open_alex-08356,dblp,open_alex,false
dblp-01260,open_alex-49725,dblp,open_alex,false
dblp-01282,open_alex-26633,dblp,open_alex,false
dblp-01314,open_alex-23297,dblp,open_alex,false
dblp-01340,open_alex-26078,dblp,open_alex,false
dblp-01347,open_alex-13466,dblp,open_alex,false
dblp-01365,open_alex-27560,dblp,open_alex,false
dblp-01374,open_alex-52115,dblp,open_alex,false
dblp-01394,open_alex-07836,dblp,open_alex,false
dblp-01399,open_alex-55334,dblp,open_alex,false
dblp-01405,open_alex-11743,dblp,open_alex,false
dblp-01433,open_alex-36922,dblp,open_alex,false
dblp-01433,open_alex-38018,dblp,open_alex,false
dblp-01452,open_alex-09717,dblp,open_alex,false
dblp-01452,open_alex-14070,dblp,open_alex,false
dblp-01474,open_alex-21813,dblp,open_alex,false
dblp-01477,open_alex-58769,dblp,open_alex,false
dblp-01489,open_alex-50691,dblp,open_alex,false
dblp-01516,open_alex-20465,dblp,open_alex,false
dblp-01521,open_alex-47483,dblp,open_alex,false
dblp-01533,open_alex-30975,dblp,open_alex,false
dblp-01602,open_alex-16807,dblp,open_alex,false
dblp-01621,open_alex-18086,dblp,open_alex,false
dblp-01654,open_alex-03074,dblp,open_alex,false
dblp-01660,open_alex-57647,dblp,open_alex,false
dblp-01668,open_alex-15006,dblp,open_alex,false
dblp-01672,open_alex-48080,dblp,open_alex,false
dblp-01675,open_alex-49938,dblp,open_alex,false
dblp-01682,open_alex-20100,dblp,open_alex,false
dblp-01692,open_alex-43897,dblp,open_alex,false
dblp-01738,open_alex-46461,dblp,open_alex,false
dblp-01741,open_alex-28243,dblp,open_alex,false
dblp-01741,open_alex-49060,dblp,open_alex,false
dblp-01767,open_alex-18930,dblp,open_alex,false
dblp-01801,open_alex-08634,dblp,open_alex,false
dblp-01803,open_alex-35154,dblp,open_alex,false
dblp-01856,open_alex-17699,dblp,open_alex,false
dblp-01856,open_alex-31672,dblp,open_alex,false
dblp-01867,open_alex-12064,dblp,open_alex,false
dblp-01904,open_alex-04304,dblp,open_alex,false
dblp-01912,open_alex-32908,dblp,open_alex,false
dblp-01912,open_alex-54556,dblp,open_alex,false
dblp-01918,open_alex-06585,dblp,open_alex,false
dblp-01927,open_alex-40569,dblp,open_alex,false
dblp-01927,open_alex-46596,dblp,open_alex,false
dblp-01945,open_alex-57004,dblp,open_alex,false
dblp-01946,open_alex-59851,dblp,open_alex,false
dblp-01959,open_alex-37575,dblp,open_alex,false
dblp-01974,open_alex-13153,dblp,open_alex,false
dblp-01992,open_alex-15363,dblp,open_alex,false
dblp-01992,open_alex-32035,dblp,open_alex,false
dblp-02005,open_alex-52627,dblp,open_alex,false
dblp-02007,open_alex-07519,dblp,open_alex,false
dblp-02029,open_alex-15077,dblp,open_alex,false
dblp-02041,open_alex-27069,dblp,open_alex,false
dblp-02089,open_alex-22741,dblp,open_alex,false
dblp-02129,open_alex-50668,dblp,open_alex,false
dblp-02132,open_alex-20780,dblp,open_alex,false
dblp-02143,open_alex-15970,dblp,open_alex,false
dblp-02152,open_alex-04810,dblp,open_alex,false
dblp-02166,open_alex-04185,dblp,open_alex,false
dblp-02166,open_alex-35728,dblp,open_alex,false
dblp-02186,open_alex-24457,dblp,open_alex,false
dblp-02189,open_alex-34130,dblp,open_alex,false
dblp-02220,open_alex-21479,dblp,open_alex,false
dblp-02227,open_alex-04212,dblp,open_alex,false
dblp-02239,open_alex-17941,dblp,open_alex,false
dblp-02264,open_alex-51282,dblp,open_alex,false
dblp-02267,open_alex-49300,dblp,open_alex,false
dblp-02278,open_alex-51690,dblp,open_alex,false
dblp-02287,open_alex-05740,dblp,open_alex,false
dblp-02293,open_alex-11967,dblp,open_alex,false
dblp-02293,open_alex-40027,dblp,open_alex,false
dblp-02305,open_alex-27902,dblp,open_alex,false
dblp-02321,open_alex-14034,dblp,open_alex,false
dblp-02322,open_alex-33106,dblp,open_alex,false
dblp-02342,open_alex-39147,dblp,open_alex,false
dblp-02351,open_alex-10883,dblp,open_alex,false
dblp-02450,open_alex-08225,dblp,open_alex,false
dblp-02487,open_alex-39662,dblp,open_alex,false
dblp-02530,open_alex-39708,dblp,open_alex,false
dblp-02532,open_alex-14949,dblp,open_alex,false
dblp-02546,open_alex-50104,dblp,open_alex,false
dblp-02556,open_alex-49453,dblp,open_alex,false
dblp-02569,open_alex-21539,dblp,open_alex,false
dblp-02619,open_alex-46875,dblp,open_alex,false
dblp-02622,open_alex-01144,dblp,open_alex,false
dblp-02626,open_alex-04337,dblp,open_alex,false
dblp-02637,open_alex-45373,dblp,open_alex,false
dblp-02639,open_alex-34638,dblp,open_alex,false
dblp-02640,open_alex-16666,dblp,open_alex,false
dblp-02658,open_alex-30754,dblp,open_alex,false
dblp-02661,open_alex-49415,dblp,open_alex,false
dblp-02700,open_alex-29030,dblp,open_alex,false
dblp-02735,open_alex-51065,dblp,open_alex,false
dblp-02746,open_alex-35013,dblp,open_alex,false
dblp-02753,open_alex-14315,dblp,open_alex,false
dblp-02757,open_alex-46502,dblp,open_alex,false
dblp-02788,open_alex-25907,dblp,open_alex,false
dblp-02797,open_alex-26874,dblp,open_alex,false
dblp-02806,open_alex-37722,dblp,open_alex,false
dblp-02829,open_alex-39724,dblp,open_alex,false
dblp-02857,open_alex-11377,dblp,open_alex,false
dblp-02867,open_alex-09564,dblp,open_alex,false
dblp-02898,open_alex-09258,dblp,open_alex,false
dblp-02945,open_alex-26908,dblp,open_alex,false
dblp-02945,open_alex-48939,dblp,open_alex,false
dblp-02952,open_alex-37105,dblp,open_alex,false
dblp-03000,open_alex-25665,dblp,open_alex,false
dblp-03053,open_alex-02009,dblp,open_alex,false
dblp-03056,open_alex-29668,dblp,open_alex,false
dblp-03105,open_alex-28642,dblp,open_alex,false
dblp-03120,open_alex-46985,dblp,open_alex,false
dblp-03141,open_alex-24631,dblp,open_alex,false
dblp-03163,open_alex-54647,dblp,open_alex,false
dblp-03169,open_alex-35559,dblp,open_alex,false
dblp-03172,open_alex-04984,dblp,open_alex,false
dblp-03172,open_alex-42398,dblp,open_alex,false
dblp-03193,open_alex-32522,dblp,open_alex,false
dblp-03209,open_alex-41564,dblp,open_alex,false
dblp-03244,open_alex-19407,dblp,open_alex,false
dblp-03263,open_alex-29169,dblp,open_alex,false
dblp-03315,open_alex-33118,dblp,open_alex,false
dblp-03339,open_alex-55051,dblp,open_alex,false
dblp-03352,open_alex-05952,dblp,open_alex,false
dblp-03352,open_alex-29343,dblp,open_alex,false
dblp-03353,open_alex-51621,dblp,open_alex,false
dblp-03357,open_alex-37672,dblp,open_alex,false
dblp-03357,open_alex-42787,dblp,open_alex,false
dblp-03377,open_alex-09785,dblp,open_alex,false
dblp-03397,open_alex-26185,dblp,open_alex,false
dblp-03399,open_alex-59102,dblp,open_alex,false
dblp-03418,open_alex-50195,dblp,open_alex,false
dblp-03442,open_alex-22558,dblp,open_alex,false
dblp-03455,open_alex-30679,dblp,open_alex,false
dblp-03472,open_alex-39362,dblp,open_alex,false
dblp-03485,open_alex-38500,dblp,open_alex,false
dblp-03492,open_alex-10783,dblp,open_alex,false
dblp-03500,open_alex-44015,dblp,open_alex,false
dblp-03505,open_alex-57896,dblp,open_alex,false
dblp-03531,open_alex-38980,dblp,open_alex,false
dblp-03552,open_alex-22905,dblp,open_alex,false
dblp-03566,open_alex-02341,dblp,open_alex,false
dblp-03612,open_alex-35419,dblp,open_alex,false
dblp-03613,open_alex-43580,dblp,open_alex,false
dblp-03614,open_alex-40064,dblp,open_alex,false
dblp-03647,open_alex-49791,dblp,open_alex,false
dblp-03647,open_alex-57822,dblp,open_alex,false
dblp-03700,open_alex-05707,dblp,open_alex,false
dblp-03703,open_alex-24840,dblp,open_alex,false
dblp-03730,open_alex-52640,dblp,open_alex,false
dblp-03742,open_alex-10413,dblp,open_alex,false
dblp-03742,open_alex-22202,dblp,open_alex,false
dblp-03745,open_alex-37149,dblp,open_alex,false
dblp-03758,open_alex-48079,dblp,open_alex,false
dblp-03768,open_alex-01292,dblp,open_alex,false
dblp-03778,open_alex-60678,dblp,open_alex,false
dblp-03779,open_alex-46528,dblp,open_alex,false
dblp-03795,open_alex-29016,dblp,open_alex,false
dblp-03795,open_alex-42786,dblp,open_alex,false
dblp-03801,open_alex-55036,dblp,open_alex,false
dblp-03860,open_alex-34043,dblp,open_alex,false
dblp-03885,open_alex-34713,dblp,open_alex,false
dblp-03903,open_alex-18502,dblp,open_alex,false
dblp-03953,open_alex-20851,dblp,open_alex,false
dblp-03964,open_alex-43079,dblp,open_alex,false
dblp-03998,open_alex-08978,dblp,open_alex,false
dblp-04020,open_alex-53961,dblp,open_alex,false
dblp-04024,open_alex-05466,dblp,open_alex,false
dblp-04024,open_alex-31577,dblp,open_alex,false
dblp-04039,open_alex-33260,dblp,open_alex,false
dblp-04051,open_alex-49527,dblp,open_alex,false
dblp-04060,open_alex-31393,dblp,open_alex,false
dblp-04126,open_alex-33889,dblp,open_alex,false
dblp-04128,open_alex-34927,dblp,open_alex,false
dblp-04139,open_alex-06948,dblp,open_alex,false
dblp-04140,open_alex-09139,dblp,open_alex,false
dblp-04140,open_alex-53371,dblp,open_alex,false
dblp-04167,open_alex-34508,dblp,open_alex,false
dblp-04183,open_alex-08501,dblp,open_alex,false
dblp-04196,open_alex-18609,dblp,open_alex,false
dblp-04235,open_alex-58247,dblp,open_alex,false
dblp-04246,open_alex-02639,dblp,open_alex,false
dblp-04251,open_alex-21090,dblp,open_alex,false
dblp-04258,open_alex-40496,dblp,open_alex,false
dblp-04262,open_alex-05340,dblp,open_alex,false
dblp-04279,open_alex-46625,dblp,open_alex,false
dblp-04287,open_alex-35911,dblp,open_alex,false
dblp-04293,open_alex-54966,dblp,open_alex,false
dblp-04296,open_alex-59251,dblp,open_alex,false
dblp-04304,open_alex-38906,dblp,open_alex,false
dblp-04308,open_alex-10791,dblp,open_alex,false
dblp-04312,open_alex-10476,dblp,open_alex,false
dblp-04326,open_alex-34774,dblp,open_alex,false
dblp-04336,open_alex-46863,dblp,open_alex,false
dblp-04337,open_alex-53299,dblp,open_alex,false
dblp-04400,open_alex-47704,dblp,open_alex,false
dblp-04404,open_alex-37105,dblp,open_alex,false
dblp-04410,open_alex-06140,dblp,open_alex,false
dblp-04417,open_alex-55725,dblp,open_alex,false
dblp-04418,open_alex-35767,dblp,open_alex,false
dblp-04428,open_alex-15462,dblp,open_alex,false
dblp-04450,open_alex-34826,dblp,open_alex,false
dblp-04466,open_alex-07905,dblp,open_alex,false
dblp-04466,open_alex-44330,dblp,open_alex,false
dblp-04483,open_alex-31841,dblp,open_alex,false
dblp-04483,open_alex-48936,dblp,open_alex,false
dblp-04490,open_alex-02068,dblp,open_alex,false
dblp-04490,open_alex-12498,dblp,open_alex,false
dblp-04514,open_alex-59742,dblp,open_alex,false
dblp-04537,open_alex-03027,dblp,open_alex,false
dblp-04626,open_alex-20459,dblp,open_alex,false
dblp-04635,open_alex-41683,dblp,open_alex,false
dblp-04679,open_alex-33010,dblp,open_alex,false
dblp-04709,open_alex-55572,dblp,open_alex,false
dblp-04717,open_alex-05198,dblp,open_alex,false
dblp-04720,open_alex-09182,dblp,open_alex,false
dblp-04736,open_alex-43737,dblp,open_alex,false
dblp-04766,open_alex-58516,dblp,open_alex,false
dblp-04770,open_alex-15020,dblp,open_alex,false
dblp-04770,open_alex-21860,dblp,open_alex,false
dblp-04776,open_alex-01517,dblp,open_alex,false
dblp-04822,open_alex-06230,dblp,open_alex,false
dblp-04822,open_alex-27330,dblp,open_alex,false
dblp-04832,open_alex-44558,dblp,open_alex,false
dblp-04832,open_alex-49905,dblp,open_alex,false
dblp-04859,open_alex-51584,dblp,open_alex,false
dblp-04859,open_alex-60676,dblp,open_alex,false
dblp-04871,open_alex-45030,dblp,open_alex,false
dblp-04878,open_alex-16062,dblp,open_alex,false
dblp-04915,open_alex-14102,dblp,open_alex,false
dblp-04932,open_alex-59355,dblp,open_alex,false
dblp-04961,open_alex-54608,dblp,open_alex,false
dblp-04981,open_alex-08903,dblp,open_alex,false
dblp-04987,open_alex-20262,dblp,open_alex,false
dblp-05106,open_alex-23390,dblp,open_alex,false
dblp-05137,open_alex-31072,dblp,open_alex,false
dblp-05162,open_alex-03794,dblp,open_alex,false
dblp-05163,open_alex-14906,dblp,open_alex,false
dblp-05200,open_alex-33261,dblp,open_alex,false
dblp-05200,open_alex-33373,dblp,open_alex,false
dblp-05235,open_alex-00881,dblp,open_alex,false
dblp-05292,open_alex-12754,dblp,open_alex,false
dblp-05301,open_alex-57308,dblp,open_alex,false
dblp-05332,open_alex-01744,dblp,open_alex,false
dblp-05332,open_alex-46292,dblp,open_alex,false
dblp-05340,open_alex-16888,dblp,open_alex,false
dblp-05341,open_alex-25309,dblp,open_alex,false
dblp-05428,open_alex-32541,dblp,open_alex,false
dblp-05428,open_alex-38184,dblp,open_alex,false
dblp-05455,open_alex-34868,dblp,open_alex,false
dblp-05460,open_alex-11318,dblp,open_alex,false
dblp-05485,open_alex-40653,dblp,open_alex,false
dblp-05500,open_alex-42900,dblp,open_alex,false
dblp-05503,open_alex-15387,dblp,open_alex,false
dblp-05504,open_alex-19308,dblp,open_alex,false
dblp-05510,open_alex-18329,dblp,open_alex,false
dblp-05513,open_alex-43828,dblp,open_alex,false
dblp-05536,open_alex-05517,dblp,open_alex,false
dblp-05536,open_alex-50263,dblp,open_alex,false
dblp-05548,open_alex-11276,dblp,open_alex,false
dblp-05564,open_alex-02922,dblp,open_alex,false
dblp-05578,open_alex-59217,dblp,open_alex,false
dblp-05613,open_alex-24750,dblp,open_alex,false
dblp-05613,open_alex-34291,dblp,open_alex,false
dblp-05652,open_alex-40671,dblp,open_alex,false
dblp-05658,open_alex-19892,dblp,open_alex,false
dblp-05669,open_alex-09750,dblp,open_alex,false
dblp-05678,open_alex-18649,dblp,open_alex,false
dblp-05678,open_alex-30516,dblp,open_alex,false
dblp-05692,open_alex-40737,dblp,open_alex,false
dblp-05728,open_alex-39347,dblp,open_alex,false
dblp-05731,open_alex-41610,dblp,open_alex,false
dblp-05739,open_alex-43941,dblp,open_alex,false
dblp-05749,open_alex-15941,dblp,open_alex,false
dblp-05749,open_alex-51315,dblp,open_alex,false
dblp-05757,open_alex-00007,dblp,open_alex,false
dblp-05757,open_alex-13274,dblp,open_alex,false
dblp-05775,open_alex-11508,dblp,open_alex,false
dblp-05778,open_alex-17537,dblp,open_alex,false
dblp-05785,open_alex-52848,dblp,open_alex,false
dblp-05816,open_alex-20928,dblp,open_alex,false
dblp-05822,open_alex-53362,dblp,open_alex,false
dblp-05824,open_alex-24060,dblp,open_alex,false
dblp-05824,open_alex-26571,dblp,open_alex,false
dblp-05831,open_alex-20146,dblp,open_alex,false
dblp-05841,open_alex-04405,dblp,open_alex,false
dblp-05844,open_alex-26257,dblp,open_alex,false
dblp-05860,open_alex-16099,dblp,open_alex,false
dblp-05918,open_alex-48122,dblp,open_alex,false
dblp-05955,open_alex-00577,dblp,open_alex,false
dblp-05955,open_alex-49408,dblp,open_alex,false
dblp-05961,open_alex-27972,dblp,open_alex,false
dblp-05985,open_alex-39173,dblp,open_alex,false
dblp-06020,open_alex-48953,dblp,open_alex,false
dblp-06035,open_alex-31485,dblp,open_alex,false
dblp-06046,open_alex-48969,dblp,open_alex,false
dblp-06071,open_alex-21035,dblp,open_alex,false
dblp-06095,open_alex-52344,dblp,open_alex,false
dblp-06101,open_alex-12052,dblp,open_alex,false
dblp-06119,open_alex-49893,dblp,open_alex,false
dblp-06120,open_alex-25513,dblp,open_alex,false
dblp-06128,open_alex-06926,dblp,open_alex,false
dblp-06149,open_alex-54921,dblp,open_alex,false
dblp-06199,open_alex-31004,dblp,open_alex,false
dblp-06206,open_alex-37747,dblp,open_alex,false
dblp-06214,open_alex-23892,dblp,open_alex,false
dblp-06216,open_alex-47900,dblp,open_alex,false
dblp-06217,open_alex-14524,dblp,open_alex,false
dblp-06223,open_alex-03938,dblp,open_alex,false
dblp-06230,open_alex-32944,dblp,open_alex,false
dblp-06234,open_alex-32438,dblp,open_alex,false
dblp-06244,open_alex-32566,dblp,open_alex,false
dblp-06249,open_alex-13588,dblp,open_alex,false
dblp-06249,open_alex-47310,dblp,open_alex,false
dblp-06252,open_alex-21155,dblp,open_alex,false
dblp-06255,open_alex-34751,dblp,open_alex,false
dblp-06267,open_alex-28200,dblp,open_alex,false
dblp-06312,open_alex-32986,dblp,open_alex,false
dblp-06316,open_alex-26364,dblp,open_alex,false
dblp-06322,open_alex-49073,dblp,open_alex,false
dblp-06338,open_alex-60146,dblp,open_alex,false
dblp-06357,open_alex-29135,dblp,open_alex,false
dblp-06357,open_alex-52611,dblp,open_alex,false
dblp-06363,open_alex-19860,dblp,open_alex,false
dblp-06377,open_alex-31352,dblp,open_alex,false
dblp-06386,open_alex-05915,dblp,open_alex,false
dblp-06429,open_alex-11305,dblp,open_alex,false
dblp-06455,open_alex-60702,dblp,open_alex,false
dblp-06456,open_alex-48440,dblp,open_alex,false
dblp-06463,open_alex-57595,dblp,open_alex,false
dblp-06488,open_alex-11903,dblp,open_alex,false
dblp-06488,open_alex-23884,dblp,open_alex,false
dblp-06489,open_alex-05488,dblp,open_alex,false
dblp-06494,open_alex-28458,dblp,open_alex,false
dblp-06496,open_alex-28642,dblp,open_alex,false
dblp-06514,open_alex-32241,dblp,open_alex,false
dblp-06537,open_alex-33531,dblp,open_alex,false
dblp-06537,open_alex-34428,dblp,open_alex,false
dblp-06557,open_alex-19980,dblp,open_alex,false
dblp-06578,open_alex-11505,dblp,open_alex,false
dblp-06584,open_alex-47872,dblp,open_alex,false
dblp-06621,open_alex-52944,dblp,open_alex,false
dblp-06637,open_alex-54030,dblp,open_alex,false
dblp-06652,open_alex-26297,dblp,open_alex,false
dblp-06699,open_alex-42163,dblp,open_alex,false
dblp-06711,open_alex-08115,dblp,open_alex,false
dblp-06728,open_alex-27709,dblp,open_alex,false
dblp-06746,open_alex-19811,dblp,open_alex,false
dblp-06757,open_alex-13097,dblp,open_alex,false
dblp-06807,open_alex-57338,dblp,open_alex,false
dblp-06813,open_alex-13437,dblp,open_alex,false
dblp-06814,open_alex-57399,dblp,open_alex,false
dblp-06824,open_alex-23927,dblp,open_alex,false
dblp-06864,open_alex-10320,dblp,open_alex,false
dblp-06885,open_alex-31679,dblp,open_alex,false
dblp-06936,open_alex-57619,dblp,open_alex,false
dblp-06946,open_alex-07514,dblp,open_alex,false
dblp-06959,open_alex-35137,dblp,open_alex,false
dblp-06983,open_alex-36861,dblp,open_alex,false
dblp-06992,open_alex-45076,dblp,open_alex,false
dblp-07055,open_alex-18086,dblp,open_alex,false
dblp-07091,open_alex-60641,dblp,open_alex,false
dblp-07133,open_alex-08359,dblp,open_alex,false
dblp-07137,open_alex-32357,dblp,open_alex,false
dblp-07150,open_alex-24913,dblp,open_alex,false
dblp-07162,open_alex-31878,dblp,open_alex,false
dblp-07168,open_alex-02350,dblp,open_alex,false
dblp-07195,open_alex-32318,dblp,open_alex,false
dblp-07204,open_alex-12652,dblp,open_alex,false
dblp-07223,open_alex-32608,dblp,open_alex,false
dblp-07299,open_alex-25317,dblp,open_alex,false
dblp-07301,open_alex-23547,dblp,open_alex,false
dblp-07307,open_alex-01057,dblp,open_alex,false
dblp-07316,open_alex-48652,dblp,open_alex,false
dblp-07335,open_alex-43104,dblp,open_alex,false
dblp-07337,open_alex-09842,dblp,open_alex,false
dblp-07365,open_alex-49777,dblp,open_alex,false
dblp-07401,open_alex-10742,dblp,open_alex,false
dblp-07409,open_alex-55401,dblp,open_alex,false
dblp-07420,open_alex-58047,dblp,open_alex,false
dblp-07428,open_alex-23193,dblp,open_alex,false
dblp-07445,open_alex-43200,dblp,open_alex,false
dblp-07458,open_alex-12610,dblp,open_alex,false
dblp-07474,open_alex-57499,dblp,open_alex,false
dblp-07497,open_alex-16003,dblp,open_alex,false
dblp-07510,open_alex-55334,dblp,open_alex,false
dblp-07512,open_alex-46677,dblp,open_alex,false
dblp-07528,open_alex-50902,dblp,open_alex,false
dblp-07536,open_alex-45573,dblp,open_alex,false
dblp-07546,open_alex-16338,dblp,open_alex,false
dblp-07550,open_alex-52264,dblp,open_alex,false
dblp-07555,open_alex-15695,dblp,open_alex,false
dblp-07557,open_alex-44086,dblp,open_alex,false
dblp-07582,open_alex-28808,dblp,open_alex,false
dblp-07584,open_alex-17390,dblp,open_alex,false
dblp-07591,open_alex-14469,dblp,open_alex,false
dblp-07606,open_alex-39787,dblp,open_alex,false
dblp-07650,open_alex-13167,dblp,open_alex,false
dblp-07670,open_alex-42666,dblp,open_alex,false
dblp-07702,open_alex-03230,dblp,open_alex,false
dblp-07705,open_alex-35553,dblp,open_alex,false
dblp-07712,open_alex-58086,dblp,open_alex,false
dblp-07713,open_alex-09262,dblp,open_alex,false
dblp-07719,open_alex-37721,dblp,open_alex,false
dblp-07725,open_alex-09456,dblp,open_alex,false
dblp-07730,open_alex-58512,dblp,open_alex,false
dblp-07744,open_alex-28050,dblp,open_alex,false
dblp-07757,open_alex-10733,dblp,open_alex,false
dblp-07757,open_alex-31611,dblp,open_alex,false
dblp-07779,open_alex-28367,dblp,open_alex,false
dblp-07785,open_alex-18145,dblp,open_alex,false
dblp-07822,open_alex-02728,dblp,open_alex,false
dblp-07826,open_alex-58290,dblp,open_alex,false
dblp-07842,open_alex-01259,dblp,open_alex,false
dblp-07842,open_alex-24907,dblp,open_alex,false
dblp-07889,open_alex-30520,dblp,open_alex,false
dblp-07916,open_alex-06343,dblp,open_alex,false
dblp-07976,open_alex-25144,dblp,open_alex,false
dblp-07997,open_alex-55428,dblp,open_alex,false
dblp-08019,open_alex-54304,dblp,open_alex,false
dblp-08034,open_alex-25432,dblp,open_alex,false
dblp-08034,open_alex-40726,dblp,open_alex,false
dblp-08054,open_alex-02414,dblp,open_alex,false
dblp-08092,open_alex-00960,dblp,open_alex,false
dblp-08093,open_alex-34183,dblp,open_alex,false
dblp-08122,open_alex-08710,dblp,open_alex,false
dblp-08144,open_alex-37079,dblp,open_alex,false
dblp-08157,open_alex-02547,dblp,open_alex,false
dblp-08197,open_alex-22206,dblp,open_alex,false
dblp-08201,open_alex-04436,dblp,open_alex,false
dblp-08214,open_alex-30967,dblp,open_alex,false
dblp-08215,open_alex-34659,dblp,open_alex,false
dblp-08218,open_alex-50672,dblp,open_alex,false
dblp-08220,open_alex-44437,dblp,open_alex,false
dblp-08220,open_alex-52106,dblp,open_alex,false
dblp-08232,open_alex-36673,dblp,open_alex,false
dblp-08240,open_alex-47235,dblp,open_alex,false
dblp-08277,open_alex-49540,dblp,open_alex,false
dblp-08279,open_alex-07893,dblp,open_alex,false
dblp-08296,open_alex-17701,dblp,open_alex,false
dblp-08322,open_alex-03451,dblp,open_alex,false
dblp-08358,open_alex-59385,dblp,open_alex,false
dblp-08360,open_alex-05927,dblp,open_alex,false
dblp-08360,open_alex-42128,dblp,open_alex,false
dblp-08360,open_alex-42708,dblp,open_alex,false
dblp-08365,open_alex-57249,dblp,open_alex,false
dblp-08402,open_alex-07881,dblp,open_alex,false
dblp-08402,open_alex-21444,dblp,open_alex,false
dblp-08402,open_alex-34561,dblp,open_alex,false
dblp-08410,open_alex-53225,dblp,open_alex,false
dblp-08455,open_alex-57376,dblp,open_alex,false
dblp-08462,open_alex-25679,dblp,open_alex,false
dblp-08467,open_alex-50170,dblp,open_alex,false
dblp-08467,open_alex-52097,dblp,open_alex,false
dblp-08474,open_alex-22752,dblp,open_alex,false
dblp-08478,open_alex-54339,dblp,open_alex,false
dblp-08479,open_alex-01035,dblp,open_alex,false
dblp-08490,open_alex-29279,dblp,open_alex,false
dblp-08528,open_alex-01258,dblp,open_alex,false
dblp-08546,open_alex-44339,dblp,open_alex,false
dblp-08551,open_alex-52318,dblp,open_alex,false
dblp-08561,open_alex-37608,dblp,open_alex,false
dblp-08580,open_alex-43449,dblp,open_alex,false
dblp-08614,open_alex-29126,dblp,open_alex,false
dblp-08614,open_alex-40981,dblp,open_alex,false
dblp-08652,open_alex-35872,dblp,open_alex,false
dblp-08670,open_alex-20877,dblp,open_alex,false
dblp-08684,open_alex-51278,dblp,open_alex,false
dblp-08707,open_alex-59512,dblp,open_alex,false
dblp-08731,open_alex-27438,dblp,open_alex,false
dblp-08735,open_alex-09406,dblp,open_alex,false
dblp-08735,open_alex-42200,dblp,open_alex,false
dblp-08741,open_alex-51318,dblp,open_alex,false
dblp-08755,open_alex-54809,dblp,open_alex,false
dblp-08784,open_alex-52162,dblp,open_alex,false
dblp-08809,open_alex-38320,dblp,open_alex,false
dblp-08824,open_alex-10429,dblp,open_alex,false
dblp-08824,open_alex-30504,dblp,open_alex,false
dblp-08830,open_alex-29824,dblp,open_alex,false
dblp-08830,open_alex-30514,dblp,open_alex,false
dblp-08835,open_alex-08634,dblp,open_alex,false
dblp-08835,open_alex-47231,dblp,open_alex,false
dblp-08845,open_alex-03160,dblp,open_alex,false
dblp-08845,open_alex-36604,dblp,open_alex,false
dblp-08847,open_alex-26340,dblp,open_alex,false
dblp-08847,open_alex-45855,dblp,open_alex,false
dblp-08857,open_alex-12620,dblp,open_alex,false
dblp-08860,open_alex-11237,dblp,open_alex,false
dblp-08878,open_alex-11128,dblp,open_alex,false
dblp-08879,open_alex-03655,dblp,open_alex,false
dblp-08893,open_alex-14362,dblp,open_alex,false
dblp-08903,open_alex-54164,dblp,open_alex,false
dblp-08910,open_alex-38476,dblp,open_alex,false
dblp-08969,open_alex-16469,dblp,open_alex,false
dblp-08984,open_alex-54515,dblp,open_alex,false
dblp-09021,open_alex-43435,dblp,open_alex,false
dblp-09033,open_alex-03268,dblp,open_alex,false
dblp-09087,open_alex-16467,dblp,open_alex,false
dblp-09129,open_alex-53301,dblp,open_alex,false
dblp-09136,open_alex-20970,dblp,open_alex,false
dblp-09141,open_alex-37815,dblp,open_alex,false
dblp-09161,open_alex-43012,dblp,open_alex,false
dblp-09193,open_alex-08877,dblp,open_alex,false
dblp-09202,open_alex-33098,dblp,open_alex,false
dblp-09206,open_alex-32524,dblp,open_alex,false
dblp-09207,open_alex-12478,dblp,open_alex,false
dblp-09211,open_alex-40654,dblp,open_alex,false
dblp-09225,open_alex-28978,dblp,open_alex,false
dblp-09225,open_alex-35882,dblp,open_alex,false
dblp-09239,open_alex-00144,dblp,open_alex,false
dblp-09242,open_alex-28729,dblp,open_alex,false
dblp-09242,open_alex-48157,dblp,open_alex,false
dblp-09266,open_alex-27934,dblp,open_alex,false
dblp-09272,open_alex-05404,dblp,open_alex,false
dblp-09273,open_alex-27998,dblp,open_alex,false
dblp-09300,open_alex-35003,dblp,open_alex,false
dblp-09324,open_alex-48057,dblp,open_alex,false
dblp-09349,open_alex-43773,dblp,open_alex,false
dblp-09352,open_alex-26652,dblp,open_alex,false
dblp-09365,open_alex-05897,dblp,open_alex,false
dblp-09370,open_alex-29544,dblp,open_alex,false
dblp-09373,open_alex-55870,dblp,open_alex,false
dblp-09376,open_alex-27150,dblp,open_alex,false
dblp-09412,open_alex-56473,dblp,open_alex,false
dblp-09419,open_alex-54602,dblp,open_alex,false
dblp-09423,open_alex-06757,dblp,open_alex,false
dblp-09453,open_alex-41962,dblp,open_alex,false
dblp-09469,open_alex-49445,dblp,open_alex,false
dblp-09482,open_alex-45970,dblp,open_alex,false
dblp-09502,open_alex-25440,dblp,open_alex,false
dblp-09502,open_alex-31160,dblp,open_alex,false
dblp-09509,open_alex-18788,dblp,open_alex,false
dblp-09517,open_alex-51584,dblp,open_alex,false
dblp-09523,open_alex-59479,dblp,open_alex,false
dblp-09534,open_alex-26157,dblp,open_alex,false
dblp-09554,open_alex-02652,dblp,open_alex,false
dblp-09565,open_alex-09625,dblp,open_alex,false
dblp-09572,open_alex-47437,dblp,open_alex,false
dblp-09573,open_alex-15806,dblp,open_alex,false
dblp-09573,open_alex-29136,dblp,open_alex,false
dblp-09580,open_alex-08903,dblp,open_alex,false
dblp-09591,open_alex-30989,dblp,open_alex,false
dblp-09592,open_alex-42846,dblp,open_alex,false
dblp-09644,open_alex-08875,dblp,open_alex,false
dblp-09696,open_alex-60396,dblp,open_alex,false
dblp-09753,open_alex-01796,dblp,open_alex,false
dblp-09779,open_alex-06713,dblp,open_alex,false
dblp-09790,open_alex-24775,dblp,open_alex,false
dblp-09791,open_alex-54279,dblp,open_alex,false
dblp-09841,open_alex-30555,dblp,open_alex,false
dblp-09861,open_alex-06923,dblp,open_alex,false
dblp-09877,open_alex-40229,dblp,open_alex,false
dblp-09891,open_alex-22977,dblp,open_alex,false
dblp-09891,open_alex-51254,dblp,open_alex,false
dblp-09899,open_alex-58104,dblp,open_alex,false
dblp-09905,open_alex-55186,dblp,open_alex,false
dblp-09924,open_alex-55744,dblp,open_alex,false
dblp-09970,open_alex-49644,dblp,open_alex,false
dblp-09970,open_alex-54284,dblp,open_alex,false
dblp-09977,open_alex-39406,dblp,open_alex,false
dblp-09981,open_alex-10814,dblp,open_alex,false
dblp-10013,open_alex-02235,dblp,open_alex,false
dblp-10030,open_alex-57539,dblp,open_alex,false
dblp-10036,open_alex-26156,dblp,open_alex,false
dblp-10036,open_alex-55171,dblp,open_alex,false
dblp-10045,open_alex-12168,dblp,open_alex,false
dblp-10063,open_alex-53520,dblp,open_alex,false
dblp-10087,open_alex-59817,dblp,open_alex,false
dblp-10097,open_alex-22934,dblp,open_alex,false
dblp-10113,open_alex-33564,dblp,open_alex,false
dblp-10114,open_alex-10187,dblp,open_alex,false
dblp-10140,open_alex-50969,dblp,open_alex,false
dblp-10155,open_alex-09872,dblp,open_alex,false
dblp-10157,open_alex-16158,dblp,open_alex,false
dblp-10157,open_alex-34415,dblp,open_alex,false
dblp-10175,open_alex-44257,dblp,open_alex,false
dblp-10178,open_alex-08256,dblp,open_alex,false
dblp-10191,open_alex-48258,dblp,open_alex,false
dblp-10192,open_alex-05011,dblp,open_alex,false
dblp-10219,open_alex-21987,dblp,open_alex,false
dblp-10221,open_alex-29552,dblp,open_alex,false
dblp-10253,open_alex-49167,dblp,open_alex,false
dblp-10260,open_alex-05751,dblp,open_alex,false
dblp-10289,open_alex-26635,dblp,open_alex,false
dblp-10290,open_alex-54305,dblp,open_alex,false
dblp-10341,open_alex-56095,dblp,open_alex,false
dblp-10342,open_alex-42827,dblp,open_alex,false
dblp-10353,open_alex-58710,dblp,open_alex,false
dblp-10354,open_alex-10415,dblp,open_alex,false
dblp-10356,open_alex-43942,dblp,open_alex,false
dblp-10370,open_alex-11658,dblp,open_alex,false
dblp-10390,open_alex-50531,dblp,open_alex,false
dblp-10407,open_alex-28358,dblp,open_alex,false
dblp-10414,open_alex-60273,dblp,open_alex,false
dblp-10441,open_alex-36974,dblp,open_alex,false
dblp-10466,open_alex-03859,dblp,open_alex,false
dblp-10466,open_alex-47815,dblp,open_alex,false
dblp-10480,open_alex-52895,dblp,open_alex,false
dblp-10491,open_alex-21780,dblp,open_alex,false
dblp-10491,open_alex-36119,dblp,open_alex,false
dblp-10502,open_alex-52569,dblp,open_alex,false
dblp-10509,open_alex-40509,dblp,open_alex,false
dblp-10519,open_alex-27305,dblp,open_alex,false
dblp-10577,open_alex-49338,dblp,open_alex,false
dblp-10620,open_alex-42912,dblp,open_alex,false
dblp-10669,open_alex-59449,dblp,open_alex,false
dblp-10741,open_alex-56221,dblp,open_alex,false
dblp-10765,open_alex-31079,dblp,open_alex,false
dblp-10821,open_alex-04779,dblp,open_alex,false
dblp-10834,open_alex-38491,dblp,open_alex,false
dblp-10836,open_alex-02189,dblp,open_alex,false
dblp-10884,open_alex-57312,dblp,open_alex,false
dblp-10894,open_alex-23475,dblp,open_alex,false
dblp-10951,open_alex-60273,dblp,open_alex,false
dblp-10964,open_alex-07600,dblp,open_alex,false
dblp-10980,open_alex-20368,dblp,open_alex,false
dblp-10984,open_alex-08530,dblp,open_alex,false
dblp-10993,open_alex-57562,dblp,open_alex,false
dblp-11000,open_alex-05364,dblp,open_alex,false
dblp-11000,open_alex-31985,dblp,open_alex,false
dblp-11030,open_alex-00744,dblp,open_alex,false
dblp-11051,open_alex-51062,dblp,open_alex,false
dblp-11054,open_alex-19795,dblp,open_alex,false
dblp-11098,open_alex-11215,dblp,open_alex,false
dblp-11114,open_alex-13070,dblp,open_alex,false
dblp-11131,open_alex-32165,dblp,open_alex,false
dblp-11146,open_alex-20415,dblp,open_alex,false
dblp-11166,open_alex-14402,dblp,open_alex,false
dblp-11168,open_alex-40567,dblp,open_alex,false
dblp-11169,open_alex-07781,dblp,open_alex,false
dblp-11198,open_alex-50836,dblp,open_alex,false
dblp-11209,open_alex-20186,dblp,open_alex,false
dblp-11210,open_alex-33597,dblp,open_alex,false
dblp-11210,open_alex-42985,dblp,open_alex,false
dblp-11222,open_alex-40798,dblp,open_alex,false
dblp-11235,open_alex-37674,dblp,open_alex,false
dblp-11245,open_alex-31057,dblp,open_alex,false
dblp-11252,open_alex-60380,dblp,open_alex,false
dblp-11290,open_alex-25840,dblp,open_alex,false
dblp-11293,open_alex-24325,dblp,open_alex,false
dblp-11296,open_alex-10040,dblp,open_alex,false
dblp-11299,open_alex-15122,dblp,open_alex,false
dblp-11306,open_alex-08875,dblp,open_alex,false
dblp-11321,open_alex-16739,dblp,open_alex,false
dblp-11361,open_alex-34967,dblp,open_alex,false
dblp-11375,open_alex-02714,dblp,open_alex,false
dblp-11377,open_alex-23654,dblp,open_alex,false
dblp-11398,open_alex-44640,dblp,open_alex,false
dblp-11402,open_alex-14228,dblp,open_alex,false
dblp-11417,open_alex-57150,dblp,open_alex,false
dblp-11433,open_alex-49425,dblp,open_alex,false
dblp-11446,open_alex-13977,dblp,open_alex,false
dblp-11446,open_alex-14959,dblp,open_alex,false
dblp-11452,open_alex-36924,dblp,open_alex,false
dblp-11474,open_alex-54918,dblp,open_alex,false
dblp-11497,open_alex-16609,dblp,open_alex,false
dblp-11503,open_alex-54948,dblp,open_alex,false
dblp-11532,open_alex-57402,dblp,open_alex,false
dblp-11550,open_alex-12480,dblp,open_alex,false
dblp-11558,open_alex-10168,dblp,open_alex,false
dblp-11568,open_alex-30004,dblp,open_alex,false
dblp-11575,open_alex-42841,dblp,open_alex,false
dblp-11615,open_alex-55582,dblp,open_alex,false
dblp-11623,open_alex-02380,dblp,open_alex,false
dblp-11625,open_alex-59299,dblp,open_alex,false
dblp-11672,open_alex-48010,dblp,open_alex,false
dblp-11708,open_alex-03411,dblp,open_alex,false
dblp-11708,open_alex-33317,dblp,open_alex,false
dblp-11717,open_alex-47000,dblp,open_alex,false
dblp-11765,open_alex-16474,dblp,open_alex,false
dblp-11765,open_alex-26075,dblp,open_alex,false
dblp-11769,open_alex-58476,dblp,open_alex,false
dblp-11775,open_alex-07484,dblp,open_alex,false
dblp-11793,open_alex-23861,dblp,open_alex,false
dblp-11793,open_alex-27344,dblp,open_alex,false
dblp-11811,open_alex-12430,dblp,open_alex,false
dblp-11813,open_alex-44341,dblp,open_alex,false
dblp-11827,open_alex-52106,dblp,open_alex,false
dblp-11828,open_alex-59123,dblp,open_alex,false
dblp-11842,open_alex-41372,dblp,open_alex,false
dblp-11850,open_alex-43143,dblp,open_alex,false
dblp-11850,open_alex-46964,dblp,open_alex,false
dblp-11893,open_alex-43935,dblp,open_alex,false
dblp-11897,open_alex-08332,dblp,open_alex,false
dblp-11901,open_alex-33411,dblp,open_alex,false
dblp-11904,open_alex-03264,dblp,open_alex,false
dblp-11923,open_alex-01090,dblp,open_alex,false
dblp-11947,open_alex-28912,dblp,open_alex,false
dblp-11947,open_alex-34035,dblp,open_alex,false
dblp-11981,open_alex-45845,dblp,open_alex,false
dblp-12006,open_alex-39687,dblp,open_alex,false
dblp-12024,open_alex-41826,dblp,open_alex,false
dblp-12035,open_alex-36371,dblp,open_alex,false
dblp-12038,open_alex-42135,dblp,open_alex,false
dblp-12045,open_alex-43508,dblp,open_alex,false
dblp-12050,open_alex-07125,dblp,open_alex,false
dblp-12096,open_alex-42304,dblp,open_alex,false
dblp-12110,open_alex-42580,dblp,open_alex,false
dblp-12111,open_alex-09526,dblp,open_alex,false
dblp-12153,open_alex-34144,dblp,open_alex,false
dblp-12163,open_alex-30033,dblp,open_alex,false
dblp-12195,open_alex-20200,dblp,open_alex,false
dblp-12206,open_alex-19671,dblp,open_alex,false
dblp-12217,open_alex-58303,dblp,open_alex,false
dblp-12233,open_alex-41583,dblp,open_alex,false
dblp-12247,open_alex-14970,dblp,open_alex,false
dblp-12266,open_alex-08246,dblp,open_alex,false
dblp-12266,open_alex-24928,dblp,open_alex,false
dblp-12267,open_alex-21766,dblp,open_alex,false
dblp-12284,open_alex-07625,dblp,open_alex,false
dblp-12308,open_alex-24910,dblp,open_alex,false
dblp-12337,open_alex-52769,dblp,open_alex,false
dblp-12347,open_alex-18943,dblp,open_alex,false
dblp-12371,open_alex-26237,dblp,open_alex,false
dblp-12396,open_alex-26664,dblp,open_alex,false
dblp-12408,open_alex-02028,dblp,open_alex,false
dblp-12421,open_alex-43422,dblp,open_alex,false
dblp-12483,open_alex-01394,dblp,open_alex,false
dblp-12531,open_alex-45576,dblp,open_alex,false
dblp-12535,open_alex-33261,dblp,open_alex,false
dblp-12557,open_alex-45856,dblp,open_alex,false
dblp-12592,open_alex-14127,dblp,open_alex,false
dblp-12617,open_alex-50170,dblp,open_alex,false
dblp-12621,open_alex-02390,dblp,open_alex,false
dblp-12642,open_alex-56598,dblp,open_alex,false
dblp-12645,open_alex-58795,dblp,open_alex,false
dblp-12654,open_alex-49685,dblp,open_alex,false
dblp-12655,open_alex-06126,dblp,open_alex,false
dblp-12689,open_alex-43202,dblp,open_alex,false
dblp-12691,open_alex-08729,dblp,open_alex,false
dblp-12740,open_alex-30538,dblp,open_alex,false
dblp-12753,open_alex-42930,dblp,open_alex,false
dblp-12785,open_alex-32775,dblp,open_alex,false
dblp-12790,open_alex-40681,dblp,open_alex,false
dblp-12790,open_alex-40819,dblp,open_alex,false
dblp-12825,open_alex-05917,dblp,open_alex,false
dblp-12843,open_alex-52093,dblp,open_alex,false
dblp-12859,open_alex-26864,dblp,open_alex,false
dblp-12862,open_alex-30726,dblp,open_alex,false
dblp-12898,open_alex-44093,dblp,open_alex,false
dblp-12898,open_alex-46325,dblp,open_alex,false
dblp-12899,open_alex-32798,dblp,open_alex,false
dblp-12904,open_alex-09097,dblp,open_alex,false
dblp-12951,open_alex-41384,dblp,open_alex,false
dblp-12959,open_alex-00188,dblp,open_alex,false
dblp-13011,open_alex-54383,dblp,open_alex,false
dblp-13018,open_alex-29626,dblp,open_alex,false
dblp-13024,open_alex-34918,dblp,open_alex,false
dblp-13044,open_alex-03094,dblp,open_alex,false
dblp-13053,open_alex-04163,dblp,open_alex,false
dblp-13108,open_alex-19967,dblp,open_alex,false
dblp-13114,open_alex-55385,dblp,open_alex,false
dblp-13124,open_alex-25922,dblp,open_alex,false
dblp-13126,open_alex-46039,dblp,open_alex,false
dblp-13157,open_alex-32718,dblp,open_alex,false
dblp-13157,open_alex-38550,dblp,open_alex,false
dblp-13160,open_alex-42837,dblp,open_alex,false
dblp-13181,open_alex-31788,dblp,open_alex,false
dblp-13202,open_alex-54997,dblp,open_alex,false
dblp-13260,open_alex-30594,dblp,open_alex,false
dblp-13260,open_alex-57226,dblp,open_alex,false
dblp-13277,open_alex-46844,dblp,open_alex,false
dblp-13290,open_alex-44457,dblp,open_alex,false
dblp-13290,open_alex-49000,dblp,open_alex,false
dblp-13343,open_alex-12229,dblp,open_alex,false
dblp-13346,open_alex-15279,dblp,open_alex,false
dblp-13346,open_alex-26282,dblp,open_alex,false
dblp-13356,open_alex-55815,dblp,open_alex,false
dblp-13367,open_alex-12745,dblp,open_alex,false
dblp-13371,open_alex-58861,dblp,open_alex,false
dblp-13475,open_alex-59217,dblp,open_alex,false
dblp-13504,open_alex-44715,dblp,open_alex,false
dblp-13504,open_alex-60603,dblp,open_alex,false
dblp-13512,open_alex-12091,dblp,open_alex,false
dblp-13520,open_alex-59025,dblp,open_alex,false
dblp-13551,open_alex-11403,dblp,open_alex,false
dblp-13556,open_alex-57443,dblp,open_alex,false
dblp-13577,open_alex-25887,dblp,open_alex,false
dblp-13592,open_alex-42380,dblp,open_alex,false
dblp-13593,open_alex-01647,dblp,open_alex,false
dblp-13594,open_alex-15787,dblp,open_alex,false
dblp-13611,open_alex-12590,dblp,open_alex,false
dblp-13611,open_alex-20408,dblp,open_alex,false
dblp-13616,open_alex-09531,dblp,open_alex,false
dblp-13623,open_alex-20031,dblp,open_alex,false
dblp-13648,open_alex-34086,dblp,open_alex,false
dblp-13670,open_alex-56272,dblp,open_alex,false
dblp-13692,open_alex-11891,dblp,open_alex,false
dblp-13694,open_alex-05327,dblp,open_alex,false
dblp-13705,open_alex-28042,dblp,open_alex,false
dblp-13714,open_alex-08487,dblp,open_alex,false
dblp-13724,open_alex-13263,dblp,open_alex,false
dblp-13747,open_alex-42895,dblp,open_alex,false
dblp-13754,open_alex-49727,dblp,open_alex,false
dblp-13758,open_alex-13506,dblp,open_alex,false
dblp-13785,open_alex-19855,dblp,open_alex,false
dblp-13823,open_alex-33812,dblp,open_alex,false
dblp-13846,open_alex-43998,dblp,open_alex,false
dblp-13855,open_alex-36161,dblp,open_alex,false
dblp-13862,open_alex-26319,dblp,open_alex,false
dblp-13884,open_alex-20325,dblp,open_alex,false
dblp-13896,open_alex-43413,dblp,open_alex,false
dblp-13910,open_alex-10777,dblp,open_alex,false
dblp-13912,open_alex-41330,dblp,open_alex,false
dblp-13916,open_alex-59449,dblp,open_alex,false
dblp-13926,open_alex-39079,dblp,open_alex,false
dblp-13927,open_alex-33450,dblp,open_alex,false
dblp-13952,open_alex-40413,dblp,open_alex,false
dblp-13953,open_alex-13725,dblp,open_alex,false
dblp-13954,open_alex-28628,dblp,open_alex,false
dblp-13969,open_alex-20479,dblp,open_alex,false
dblp-14003,open_alex-27708,dblp,open_alex,false
dblp-14036,open_alex-57450,dblp,open_alex,false
dblp-14097,open_alex-23079,dblp,open_alex,false
dblp-14102,open_alex-26328,dblp,open_alex,false
dblp-14102,open_alex-43996,dblp,open_alex,false
dblp-14115,open_alex-38579,dblp,open_alex,false
dblp-14125,open_alex-40543,dblp,open_alex,false
dblp-14125,open_alex-40552,dblp,open_alex,false
dblp-14127,open_alex-23186,dblp,open_alex,false
dblp-14144,open_alex-49379,dblp,open_alex,false
dblp-14152,open_alex-36973,dblp,open_alex,false
dblp-14155,open_alex-22866,dblp,open_alex,false
dblp-14165,open_alex-28770,dblp,open_alex,false
dblp-14187,open_alex-35522,dblp,open_alex,false
dblp-14240,open_alex-02451,dblp,open_alex,false
dblp-14240,open_alex-14548,dblp,open_alex,false
dblp-14240,open_alex-34597,dblp,open_alex,false
dblp-14275,open_alex-24195,dblp,open_alex,false
dblp-14293,open_alex-59462,dblp,open_alex,false
dblp-14309,open_alex-08501,dblp,open_alex,false
dblp-14310,open_alex-39060,dblp,open_alex,false
dblp-14312,open_alex-56765,dblp,open_alex,false
dblp-14321,open_alex-45970,dblp,open_alex,false
dblp-14328,open_alex-33041,dblp,open_alex,false
dblp-14398,open_alex-50551,dblp,open_alex,false
dblp-14400,open_alex-24992,dblp,open_alex,false
dblp-14409,open_alex-57699,dblp,open_alex,false
dblp-14427,open_alex-38586,dblp,open_alex,false
dblp-14458,open_alex-25056,dblp,open_alex,false
dblp-14539,open_alex-52033,dblp,open_alex,false
dblp-14545,open_alex-12549,dblp,open_alex,false
dblp-14545,open_alex-48359,dblp,open_alex,false
dblp-14546,open_alex-08847,dblp,open_alex,false
dblp-14546,open_alex-28364,dblp,open_alex,false
dblp-14593,open_alex-35206,dblp,open_alex,false
dblp-14611,open_alex-52820,dblp,open_alex,false
dblp-14613,open_alex-18357,dblp,open_alex,false
dblp-14660,open_alex-26840,dblp,open_alex,false
dblp-14700,open_alex-09656,dblp,open_alex,false
dblp-14701,open_alex-19052,dblp,open_alex,false
dblp-14705,open_alex-04180,dblp,open_alex,false
dblp-14757,open_alex-01747,dblp,open_alex,false
dblp-14761,open_alex-03653,dblp,open_alex,false
dblp-14803,open_alex-45305,dblp,open_alex,false
dblp-14813,open_alex-56094,dblp,open_alex,false
dblp-14819,open_alex-29606,dblp,open_alex,false
dblp-14861,open_alex-13104,dblp,open_alex,false
dblp-14869,open_alex-16871,dblp,open_alex,false
dblp-14879,open_alex-40086,dblp,open_alex,false
dblp-14883,open_alex-11458,dblp,open_alex,false
dblp-14883,open_alex-44381,dblp,open_alex,false
dblp-14905,open_alex-13425,dblp,open_alex,false
dblp-14907,open_alex-12669,dblp,open_alex,false
dblp-14926,open_alex-39022,dblp,open_alex,false
dblp-14932,open_alex-34661,dblp,open_alex,false
dblp-14942,open_alex-22334,dblp,open_alex,false
dblp-14942,open_alex-40887,dblp,open_alex,false
dblp-14960,open_alex-28320,dblp,open_alex,false
dblp-14976,open_alex-52852,dblp,open_alex,false
dblp-15007,open_alex-58514,dblp,open_alex,false
dblp-15019,open_alex-09409,dblp,open_alex,false
dblp-15019,open_alex-23791,dblp,open_alex,false
dblp-15026,open_alex-00455,dblp,open_alex,false
dblp-15035,open_alex-55538,dblp,open_alex,false
dblp-15044,open_alex-01358,dblp,open_alex,false
dblp-15046,open_alex-35955,dblp,open_alex,false
dblp-15058,open_alex-11847,dblp,open_alex,false
dblp-15058,open_alex-56202,dblp,open_alex,false
dblp-15079,open_alex-23783,dblp,open_alex,false
dblp-15081,open_alex-10525,dblp,open_alex,false
dblp-15093,open_alex-02899,dblp,open_alex,false
dblp-15093,open_alex-21374,dblp,open_alex,false
dblp-15097,open_alex-45319,dblp,open_alex,false
dblp-15099,open_alex-10722,dblp,open_alex,false
dblp-15110,open_alex-39146,dblp,open_alex,false
dblp-15119,open_alex-44943,dblp,open_alex,false
dblp-15143,open_alex-08800,dblp,open_alex,false
dblp-15161,open_alex-07348,dblp,open_alex,false
dblp-15165,open_alex-48095,dblp,open_alex,false
dblp-15178,open_alex-33072,dblp,open_alex,false
dblp-15204,open_alex-59354,dblp,open_alex,false
dblp-15236,open_alex-45535,dblp,open_alex,false
dblp-15253,open_alex-40702,dblp,open_alex,false
dblp-15257,open_alex-19345,dblp,open_alex,false
dblp-15280,open_alex-17267,dblp,open_alex,false
dblp-15280,open_alex-18616,dblp,open_alex,false
dblp-15302,open_alex-10540,dblp,open_alex,false
dblp-15306,open_alex-29699,dblp,open_alex,false
dblp-15306,open_alex-60322,dblp,open_alex,false
dblp-15309,open_alex-17763,dblp,open_alex,false
dblp-15316,open_alex-09037,dblp,open_alex,false
dblp-15394,open_alex-26645,dblp,open_alex,false
dblp-15396,open_alex-59652,dblp,open_alex,false
dblp-15440,open_alex-58372,dblp,open_alex,false
dblp-15462,open_alex-37189,dblp,open_alex,false
dblp-15477,open_alex-19599,dblp,open_alex,false
dblp-15509,open_alex-45630,dblp,open_alex,false
dblp-15517,open_alex-06497,dblp,open_alex,false
dblp-15527,open_alex-48149,dblp,open_alex,false
dblp-15571,open_alex-04100,dblp,open_alex,false
dblp-15594,open_alex-30402,dblp,open_alex,false
dblp-15603,open_alex-23794,dblp,open_alex,false
dblp-15610,open_alex-20332,dblp,open_alex,false
dblp-15612,open_alex-27174,dblp,open_alex,false
dblp-15625,open_alex-22964,dblp,open_alex,false
dblp-15643,open_alex-30812,dblp,open_alex,false
dblp-15652,open_alex-35856,dblp,open_alex,false
dblp-15662,open_alex-21157,dblp,open_alex,false
dblp-15685,open_alex-45594,dblp,open_alex,false
dblp-15687,open_alex-29959,dblp,open_alex,false
dblp-15697,open_alex-09345,dblp,open_alex,false
dblp-15699,open_alex-32677,dblp,open_alex,false
dblp-15712,open_alex-00084,dblp,open_alex,false
dblp-15712,open_alex-05557,dblp,open_alex,false
dblp-15724,open_alex-26001,dblp,open_alex,false
dblp-15731,open_alex-23667,dblp,open_alex,false
dblp-15731,open_alex-47413,dblp,open_alex,false
dblp-15738,open_alex-55942,dblp,open_alex,false
dblp-15741,open_alex-08592,dblp,open_alex,false
dblp-15749,open_alex-55791,dblp,open_alex,false
dblp-15771,open_alex-37112,dblp,open_alex,false
dblp-15796,open_alex-10117,dblp,open_alex,false
dblp-15796,open_alex-56831,dblp,open_alex,false
dblp-15832,open_alex-47592,dblp,open_alex,false
dblp-15841,open_alex-43780,dblp,open_alex,false
dblp-15897,open_alex-23343,dblp,open_alex,false
dblp-15925,open_alex-25151,dblp,open_alex,false
dblp-15978,open_alex-58372,dblp,open_alex,false
dblp-16002,open_alex-43189,dblp,open_alex,false
dblp-16013,open_alex-07929,dblp,open_alex,false
dblp-16017,open_alex-29507,dblp,open_alex,false
dblp-16039,open_alex-58844,dblp,open_alex,false
dblp-16056,open_alex-44606,dblp,open_alex,false
dblp-16064,open_alex-46162,dblp,open_alex,false
dblp-16068,open_alex-53396,dblp,open_alex,false
dblp-16069,open_alex-12627,dblp,open_alex,false
dblp-16069,open_alex-43803,dblp,open_alex,false
dblp-16084,open_alex-55732,dblp,open_alex,false
dblp-16088,open_alex-24764,dblp,open_alex,false
dblp-16100,open_alex-45477,dblp,open_alex,false
dblp-16106,open_alex-18244,dblp,open_alex,false
dblp-16123,open_alex-11335,dblp,open_alex,false
dblp-16123,open_alex-54954,dblp,open_alex,false
dblp-16141,open_alex-15188,dblp,open_alex,false
dblp-16170,open_alex-14943,dblp,open_alex,false
dblp-16194,open_alex-02640,dblp,open_alex,false
dblp-16227,open_alex-28322,dblp,open_alex,false
dblp-16240,open_alex-33666,dblp,open_alex,false
dblp-16268,open_alex-39086,dblp,open_alex,false
dblp-16272,open_alex-02712,dblp,open_alex,false
dblp-16317,open_alex-34415,dblp,open_alex,false
dblp-16318,open_alex-50908,dblp,open_alex,false
dblp-16325,open_alex-40717,dblp,open_alex,false
dblp-16329,open_alex-08993,dblp,open_alex,false
dblp-16330,open_alex-29632,dblp,open_alex,false
dblp-16341,open_alex-32896,dblp,open_alex,false
dblp-16344,open_alex-21978,dblp,open_alex,false
dblp-16357,open_alex-52399,dblp,open_alex,false
dblp-16418,open_alex-27031,dblp,open_alex,false
dblp-16425,open_alex-55791,dblp,open_alex,false
dblp-16444,open_alex-01781,dblp,open_alex,false
dblp-16460,open_alex-57437,dblp,open_alex,false
dblp-16474,open_alex-17621,dblp,open_alex,false
dblp-16506,open_alex-31026,dblp,open_alex,false
dblp-16515,open_alex-56848,dblp,open_alex,false
dblp-16517,open_alex-18008,dblp,open_alex,false
dblp-16517,open_alex-24630,dblp,open_alex,false
dblp-16543,open_alex-00523,dblp,open_alex,false
dblp-16543,open_alex-41442,dblp,open_alex,false
dblp-16549,open_alex-08808,dblp,open_alex,false
dblp-16561,open_alex-35642,dblp,open_alex,false
dblp-16583,open_alex-48301,dblp,open_alex,false
dblp-16583,open_alex-52566,dblp,open_alex,false
dblp-16584,open_alex-37719,dblp,open_alex,false
dblp-16643,open_alex-39566,dblp,open_alex,false
dblp-16666,open_alex-45090,dblp,open_alex,false
dblp-16677,open_alex-07267,dblp,open_alex,false
dblp-16697,open_alex-48056,dblp,open_alex,false
dblp-16718,open_alex-39746,dblp,open_alex,false
dblp-16732,open_alex-42708,dblp,open_alex,false
dblp-16734,open_alex-15538,dblp,open_alex,false
dblp-16737,open_alex-40265,dblp,open_alex,false
dblp-16742,open_alex-33047,dblp,open_alex,false
dblp-16770,open_alex-38731,dblp,open_alex,false
dblp-16807,open_alex-50984,dblp,open_alex,false
dblp-16831,open_alex-24301,dblp,open_alex,false
dblp-16836,open_alex-03923,dblp,open_alex,false
dblp-16844,open_alex-30894,dblp,open_alex,false
dblp-16844,open_alex-52868,dblp,open_alex,false
dblp-16864,open_alex-45601,dblp,open_alex,false
dblp-16866,open_alex-43245,dblp,open_alex,false
dblp-16867,open_alex-25454,dblp,open_alex,false
dblp-16868,open_alex-30594,dblp,open_alex,false
dblp-16870,open_alex-33874,dblp,open_alex,false
dblp-16899,open_alex-22812,dblp,open_alex,false
dblp-16902,open_alex-22305,dblp,open_alex,false
dblp-16903,open_alex-16372,dblp,open_alex,false
dblp-16933,open_alex-34086,dblp,open_alex,false
dblp-16934,open_alex-53565,dblp,open_alex,false
dblp-16942,open_alex-08768,dblp,open_alex,false
dblp-16953,open_alex-42902,dblp,open_alex,false
dblp-16971,open_alex-30777,dblp,open_alex,false
dblp-16971,open_alex-33670,dblp,open_alex,false
dblp-16993,open_alex-04086,dblp,open_alex,false
dblp-16993,open_alex-44106,dblp,open_alex,false
dblp-17004,open_alex-47436,dblp,open_alex,false
dblp-17018,open_alex-27607,dblp,open_alex,false
dblp-17020,open_alex-26054,dblp,open_alex,false
dblp-17020,open_alex-37414,dblp,open_alex,false
dblp-17023,open_alex-02477,dblp,open_alex,false
dblp-17026,open_alex-14129,dblp,open_alex,false
dblp-17028,open_alex-16503,dblp,open_alex,false
dblp-17121,open_alex-26071,dblp,open_alex,false
dblp-17149,open_alex-34143,dblp,open_alex,false
dblp-17155,open_alex-27437,dblp,open_alex,false
dblp-17160,open_alex-51299,dblp,open_alex,false
dblp-17162,open_alex-54611,dblp,open_alex,false
dblp-17191,open_alex-01978,dblp,open_alex,false
dblp-17192,open_alex-08935,dblp,open_alex,false
dblp-17213,open_alex-01030,dblp,open_alex,false
dblp-17216,open_alex-12591,dblp,open_alex,false
dblp-17217,open_alex-02650,dblp,open_alex,false
dblp-17233,open_alex-60582,dblp,open_alex,false
dblp-17255,open_alex-35816,dblp,open_alex,false
dblp-17271,open_alex-45111,dblp,open_alex,false
dblp-17277,open_alex-14430,dblp,open_alex,false
dblp-17294,open_alex-22756,dblp,open_alex,false
dblp-17294,open_alex-27090,dblp,open_alex,false
dblp-17324,open_alex-15705,dblp,open_alex,false
dblp-17345,open_alex-60226,dblp,open_alex,false
dblp-17383,open_alex-17607,dblp,open_alex,false
dblp-17390,open_alex-58042,dblp,open_alex,false
dblp-17415,open_alex-05686,dblp,open_alex,false
dblp-17424,open_alex-21931,dblp,open_alex,false
dblp-17424,open_alex-43579,dblp,open_alex,false
dblp-17460,open_alex-12233,dblp,open_alex,false
dblp-17460,open_alex-54477,dblp,open_alex,false
dblp-17491,open_alex-22646,dblp,open_alex,false
dblp-17496,open_alex-27783,dblp,open_alex,false
dblp-17539,open_alex-02522,dblp,open_alex,false
dblp-17552,open_alex-52115,dblp,open_alex,false
dblp-17557,open_alex-40457,dblp,open_alex,false
dblp-17599,open_alex-40876,dblp,open_alex,false
dblp-17613,open_alex-03013,dblp,open_alex,false
dblp-17613,open_alex-48875,dblp,open_alex,false
dblp-17617,open_alex-40822,dblp,open_alex,false
dblp-17621,open_alex-18784,dblp,open_alex,false
dblp-17652,open_alex-17863,dblp,open_alex,false
dblp-17668,open_alex-23808,dblp,open_alex,false
dblp-17691,open_alex-08231,dblp,open_alex,false
dblp-17691,open_alex-14265,dblp,open_alex,false
dblp-17692,open_alex-57979,dblp,open_alex,false
dblp-17705,open_alex-01235,dblp,open_alex,false
dblp-17714,open_alex-45951,dblp,open_alex,false
dblp-17730,open_alex-19951,dblp,open_alex,false
dblp-17782,open_alex-36500,dblp,open_alex,false
dblp-17795,open_alex-56955,dblp,open_alex,false
dblp-17811,open_alex-13451,dblp,open_alex,false
dblp-17813,open_alex-37399,dblp,open_alex,false
dblp-17831,open_alex-26753,dblp,open_alex,false
dblp-17856,open_alex-47710,dblp,open_alex,false
dblp-17886,open_alex-24671,dblp,open_alex,false
dblp-17901,open_alex-20813,dblp,open_alex,false
dblp-17902,open_alex-37672,dblp,open_alex,false
dblp-17933,open_alex-00130,dblp,open_alex,false
dblp-17972,open_alex-00948,dblp,open_alex,false
dblp-17981,open_alex-37050,dblp,open_alex,false
dblp-18012,open_alex-17395,dblp,open_alex,false
dblp-18012,open_alex-42536,dblp,open_alex,false
dblp-18022,open_alex-10769,dblp,open_alex,false
dblp-18044,open_alex-41530,dblp,open_alex,false
dblp-18046,open_alex-31321,dblp,open_alex,false
dblp-18069,open_alex-21289,dblp,open_alex,false
dblp-18069,open_alex-22374,dblp,open_alex,false
dblp-18090,open_alex-27231,dblp,open_alex,false
dblp-18106,open_alex-22084,dblp,open_alex,false
dblp-18111,open_alex-45588,dblp,open_alex,false
dblp-18114,open_alex-03261,dblp,open_alex,false
dblp-18117,open_alex-14624,dblp,open_alex,false
dblp-18121,open_alex-18726,dblp,open_alex,false
dblp-18127,open_alex-05582,dblp,open_alex,false
dblp-18132,open_alex-00360,dblp,open_alex,false
dblp-18139,open_alex-43207,dblp,open_alex,false
dblp-18173,open_alex-21132,dblp,open_alex,false
dblp-18191,open_alex-33981,dblp,open_alex,false
dblp-18192,open_alex-44318,dblp,open_alex,false
dblp-18200,open_alex-01362,dblp,open_alex,false
dblp-18207,open_alex-58051,dblp,open_alex,false
dblp-18208,open_alex-11126,dblp,open_alex,false
dblp-18210,open_alex-17537,dblp,open_alex,false
dblp-18243,open_alex-24990,dblp,open_alex,false
dblp-18273,open_alex-10915,dblp,open_alex,false
dblp-18289,open_alex-11592,dblp,open_alex,false
dblp-18289,open_alex-41130,dblp,open_alex,false
dblp-18295,open_alex-19308,dblp,open_alex,false
dblp-18314,open_alex-52341,dblp,open_alex,false
dblp-18315,open_alex-48762,dblp,open_alex,false
dblp-18338,open_alex-07613,dblp,open_alex,false
dblp-18340,open_alex-23462,dblp,open_alex,false
dblp-18364,open_alex-07955,dblp,open_alex,false
dblp-18372,open_alex-06434,dblp,open_alex,false
dblp-18373,open_alex-02189,dblp,open_alex,false
dblp-18373,open_alex-19320,dblp,open_alex,false
dblp-18377,open_alex-51134,dblp,open_alex,false
dblp-18397,open_alex-00253,dblp,open_alex,false
dblp-18432,open_alex-20888,dblp,open_alex,false
dblp-18487,open_alex-43488,dblp,open_alex,false
dblp-18487,open_alex-48795,dblp,open_alex,false
dblp-18497,open_alex-30547,dblp,open_alex,false
dblp-18508,open_alex-43479,dblp,open_alex,false
dblp-18529,open_alex-08160,dblp,open_alex,false
dblp-18530,open_alex-51652,dblp,open_alex,false
dblp-18554,open_alex-34151,dblp,open_alex,false
dblp-18571,open_alex-08971,dblp,open_alex,false
dblp-18590,open_alex-26326,dblp,open_alex,false
dblp-18596,open_alex-09002,dblp,open_alex,false
dblp-18633,open_alex-45446,dblp,open_alex,false
dblp-18679,open_alex-03399,dblp,open_alex,false
dblp-18694,open_alex-04570,dblp,open_alex,false
dblp-18696,open_alex-22708,dblp,open_alex,false
dblp-18698,open_alex-11546,dblp,open_alex,false
dblp-18737,open_alex-42231,dblp,open_alex,false
dblp-18739,open_alex-58239,dblp,open_alex,false
dblp-18760,open_alex-53201,dblp,open_alex,false
dblp-18775,open_alex-45542,dblp,open_alex,false
dblp-18779,open_alex-36815,dblp,open_alex,false
dblp-18780,open_alex-09532,dblp,open_alex,false
dblp-18780,open_alex-32466,dblp,open_alex,false
dblp-18786,open_alex-23933,dblp,open_alex,false
dblp-18796,open_alex-04350,dblp,open_alex,false
dblp-18798,open_alex-08897,dblp,open_alex,false
dblp-18828,open_alex-05992,dblp,open_alex,false
dblp-18832,open_alex-17596,dblp,open_alex,false
dblp-18832,open_alex-51772,dblp,open_alex,false
dblp-18832,open_alex-53164,dblp,open_alex,false
dblp-18852,open_alex-21085,dblp,open_alex,false
dblp-18857,open_alex-60342,dblp,open_alex,false
dblp-18865,open_alex-49392,dblp,open_alex,false
dblp-18870,open_alex-01593,dblp,open_alex,false
dblp-18892,open_alex-18763,dblp,open_alex,false
dblp-18894,open_alex-04039,dblp,open_alex,false
dblp-18898,open_alex-35443,dblp,open_alex,false
dblp-18915,open_alex-18332,dblp,open_alex,false
dblp-18920,open_alex-00283,dblp,open_alex,false
dblp-18921,open_alex-13291,dblp,open_alex,false
dblp-18924,open_alex-02559,dblp,open_alex,false
dblp-18924,open_alex-57590,dblp,open_alex,false
dblp-18925,open_alex-05306,dblp,open_alex,false
dblp-18936,open_alex-52933,dblp,open_alex,false
dblp-18960,open_alex-60180,dblp,open_alex,false
dblp-18986,open_alex-31163,dblp,open_alex,false
dblp-18986,open_alex-35866,dblp,open_alex,false
dblp-18995,open_alex-13469,dblp,open_alex,false
dblp-19021,open_alex-39998,dblp,open_alex,false
dblp-19027,open_alex-47880,dblp,open_alex,false
dblp-19040,open_alex-32982,dblp,open_alex,false
dblp-19048,open_alex-59939,dblp,open_alex,false
dblp-19061,open_alex-43839,dblp,open_alex,false
dblp-19064,open_alex-43997,dblp,open_alex,false
dblp-19106,open_alex-10915,dblp,open_alex,false
dblp-19112,open_alex-12168,dblp,open_alex,false
dblp-19117,open_alex-47300,dblp,open_alex,false
dblp-19117,open_alex-58718,dblp,open_alex,false
dblp-19133,open_alex-08781,dblp,open_alex,false
dblp-19133,open_alex-38246,dblp,open_alex,false
dblp-19135,open_alex-60060,dblp,open_alex,false
dblp-19143,open_alex-60558,dblp,open_alex,false
dblp-19148,open_alex-02435,dblp,open_alex,false
dblp-19202,open_alex-29537,dblp,open_alex,false
dblp-19208,open_alex-56769,dblp,open_alex,false
dblp-19221,open_alex-41540,dblp,open_alex,false
dblp-19242,open_alex-29330,dblp,open_alex,false
dblp-19263,open_alex-11847,dblp,open_alex,false
dblp-19286,open_alex-07734,dblp,open_alex,false
dblp-19287,open_alex-32048,dblp,open_alex,false
dblp-19305,open_alex-13695,dblp,open_alex,false
dblp-19373,open_alex-41623,dblp,open_alex,false
dblp-19397,open_alex-60682,dblp,open_alex,false
dblp-19400,open_alex-34799,dblp,open_alex,false
dblp-19413,open_alex-00779,dblp,open_alex,false
dblp-19425,open_alex-13899,dblp,open_alex,false
dblp-19425,open_alex-29141,dblp,open_alex,false
dblp-19429,open_alex-22683,dblp,open_alex,false
dblp-19470,open_alex-56756,dblp,open_alex,false
dblp-19487,open_alex-53687,dblp,open_alex,false
dblp-19515,open_alex-55645,dblp,open_alex,false
dblp-19526,open_alex-46544,dblp,open_alex,false
dblp-19537,open_alex-25011,dblp,open_alex,false
dblp-19543,open_alex-04447,dblp,open_alex,false
dblp-19559,open_alex-15112,dblp,open_alex,false
dblp-19579,open_alex-45501,dblp,open_alex,false
dblp-19634,open_alex-42827,dblp,open_alex,false
dblp-19686,open_alex-00101,dblp,open_alex,false
dblp-19713,open_alex-34788,dblp,open_alex,false
dblp-19724,open_alex-45749,dblp,open_alex,false
dblp-19767,open_alex-24337,dblp,open_alex,false
dblp-19771,open_alex-40432,dblp,open_alex,false
dblp-19811,open_alex-19857,dblp,open_alex,false
dblp-19811,open_alex-34908,dblp,open_alex,false
dblp-19845,open_alex-43215,dblp,open_alex,false
dblp-19850,open_alex-09281,dblp,open_alex,false
dblp-19869,open_alex-40730,dblp,open_alex,false
dblp-19944,open_alex-46251,dblp,open_alex,false
dblp-19948,open_alex-30793,dblp,open_alex,false
dblp-19967,open_alex-15459,dblp,open_alex,false
dblp-19979,open_alex-21489,dblp,open_alex,false
dblp-19988,open_alex-52045,dblp,open_alex,false
dblp-19993,open_alex-05775,dblp,open_alex,false
dblp-20001,open_alex-27417,dblp,open_alex,false
dblp-20004,open_alex-58172,dblp,open_alex,false
dblp-20023,open_alex-26078,dblp,open_alex,false
dblp-20024,open_alex-33801,dblp,open_alex,false
dblp-20027,open_alex-05050,dblp,open_alex,false
dblp-20036,open_alex-30893,dblp,open_alex,false
dblp-20040,open_alex-42698,dblp,open_alex,false
dblp-20040,open_alex-54588,dblp,open_alex,false
dblp-20064,open_alex-02948,dblp,open_alex,false
dblp-20069,open_alex-08668,dblp,open_alex,false
dblp-20098,open_alex-15335,dblp,open_alex,false
dblp-20164,open_alex-30136,dblp,open_alex,false
dblp-20189,open_alex-50144,dblp,open_alex,false
dblp-20220,open_alex-54646,dblp,open_alex,false
dblp-20233,open_alex-24109,dblp,open_alex,false
dblp-20235,open_alex-26021,dblp,open_alex,false
dblp-20250,open_alex-08868,dblp,open_alex,false
dblp-20252,open_alex-18140,dblp,open_alex,false
dblp-20255,open_alex-34896,dblp,open_alex,false
dblp-20266,open_alex-57855,dblp,open_alex,false
dblp-20278,open_alex-13096,dblp,open_alex,false
dblp-20292,open_alex-37551,dblp,open_alex,false
dblp-20315,open_alex-04602,dblp,open_alex,false
dblp-20385,open_alex-55874,dblp,open_alex,false
dblp-20391,open_alex-10107,dblp,open_alex,false
dblp-20509,open_alex-34482,dblp,open_alex,false
dblp-20521,open_alex-46785,dblp,open_alex,false
dblp-20523,open_alex-17390,dblp,open_alex,false
dblp-20544,open_alex-17628,dblp,open_alex,false
dblp-20582,open_alex-02414,dblp,open_alex,false
dblp-20586,open_alex-25629,dblp,open_alex,false
dblp-20616,open_alex-07290,dblp,open_alex,false
dblp-20616,open_alex-26481,dblp,open_alex,false
dblp-20624,open_alex-06730,dblp,open_alex,false
dblp-20624,open_alex-56832,dblp,open_alex,false
dblp-20628,open_alex-10884,dblp,open_alex,false
dblp-20638,open_alex-51867,dblp,open_alex,false
dblp-20688,open_alex-29399,dblp,open_alex,false
dblp-20694,open_alex-40457,dblp,open_alex,false
dblp-20694,open_alex-54590,dblp,open_alex,false
dblp-20696,open_alex-07119,dblp,open_alex,false
dblp-20715,open_alex-06049,dblp,open_alex,false
dblp-20723,open_alex-22628,dblp,open_alex,false
dblp-20723,open_alex-34580,dblp,open_alex,false
dblp-20726,open_alex-47099,dblp,open_alex,false
dblp-20727,open_alex-03254,dblp,open_alex,false
dblp-20731,open_alex-49848,dblp,open_alex,false
dblp-20745,open_alex-31220,dblp,open_alex,false
dblp-20775,open_alex-10009,dblp,open_alex,false
dblp-20775,open_alex-30661,dblp,open_alex,false
dblp-20783,open_alex-53207,dblp,open_alex,false
dblp-20787,open_alex-15307,dblp,open_alex,false
dblp-20891,open_alex-02812,dblp,open_alex,false
dblp-20904,open_alex-25290,dblp,open_alex,false
dblp-20924,open_alex-28662,dblp,open_alex,false
dblp-20957,open_alex-56041,dblp,open_alex,false
dblp-20966,open_alex-55767,dblp,open_alex,false
dblp-20973,open_alex-26359,dblp,open_alex,false
dblp-21005,open_alex-14169,dblp,open_alex,false
dblp-21005,open_alex-22627,dblp,open_alex,false
dblp-21085,open_alex-28626,dblp,open_alex,false
dblp-21100,open_alex-42187,dblp,open_alex,false
dblp-21115,open_alex-04449,dblp,open_alex,false
dblp-21124,open_alex-01747,dblp,open_alex,false
dblp-21124,open_alex-50643,dblp,open_alex,false
dblp-21135,open_alex-26767,dblp,open_alex,false
dblp-21150,open_alex-17607,dblp,open_alex,false
dblp-21208,open_alex-04289,dblp,open_alex,false
dblp-21218,open_alex-49125,dblp,open_alex,false
dblp-21227,open_alex-48973,dblp,open_alex,false
dblp-21315,open_alex-22008,dblp,open_alex,false
dblp-21328,open_alex-35708,dblp,open_alex,false
dblp-21345,open_alex-24781,dblp,open_alex,false
dblp-21368,open_alex-43067,dblp,open_alex,false
dblp-21368,open_alex-54739,dblp,open_alex,false
dblp-21399,open_alex-47131,dblp,open_alex,false
dblp-21426,open_alex-20123,dblp,open_alex,false
dblp-21426,open_alex-35576,dblp,open_alex,false
dblp-21433,open_alex-23623,dblp,open_alex,false
dblp-21441,open_alex-02947,dblp,open_alex,false
dblp-21457,open_alex-15685,dblp,open_alex,false
dblp-21481,open_alex-18434,dblp,open_alex,false
dblp-21486,open_alex-20532,dblp,open_alex,false
dblp-21513,open_alex-34751,dblp,open_alex,false
dblp-21517,open_alex-19319,dblp,open_alex,false
dblp-21517,open_alex-35155,dblp,open_alex,false
dblp-21519,open_alex-15864,dblp,open_alex,false
dblp-21530,open_alex-07841,dblp,open_alex,false
dblp-21530,open_alex-30777,dblp,open_alex,false
dblp-21530,open_alex-54362,dblp,open_alex,false
dblp-21543,open_alex-39798,dblp,open_alex,false
dblp-21543,open_alex-55931,dblp,open_alex,false
dblp-21567,open_alex-35570,dblp,open_alex,false
dblp-21572,open_alex-21491,dblp,open_alex,false
dblp-21583,open_alex-05022,dblp,open_alex,false
dblp-21641,open_alex-52359,dblp,open_alex,false
dblp-21648,open_alex-20237,dblp,open_alex,false
dblp-21656,open_alex-30993,dblp,open_alex,false
dblp-21728,open_alex-39002,dblp,open_alex,false
dblp-21735,open_alex-60146,dblp,open_alex,false
dblp-21744,open_alex-59834,dblp,open_alex,false
dblp-21745,open_alex-03590,dblp,open_alex,false
dblp-21750,open_alex-40913,dblp,open_alex,false
dblp-21753,open_alex-30331,dblp,open_alex,false
dblp-21755,open_alex-20084,dblp,open_alex,false
dblp-21796,open_alex-06136,dblp,open_alex,false
dblp-21805,open_alex-56761,dblp,open_alex,false
dblp-21814,open_alex-22235,dblp,open_alex,false
dblp-21816,open_alex-30918,dblp,open_alex,false
dblp-21829,open_alex-09443,dblp,open_alex,false
dblp-21858,open_alex-32802,dblp,open_alex,false
dblp-21858,open_alex-46451,dblp,open_alex,false
dblp-21888,open_alex-31214,dblp,open_alex,false
dblp-21898,open_alex-00469,dblp,open_alex,false
dblp-21898,open_alex-06635,dblp,open_alex,false
dblp-21912,open_alex-29971,dblp,open_alex,false
dblp-21934,open_alex-48414,dblp,open_alex,false
dblp-21936,open_alex-52439,dblp,open_alex,false
dblp-21944,open_alex-36189,dblp,open_alex,false
dblp-21945,open_alex-24238,dblp,open_alex,false
dblp-21945,open_alex-27336,dblp,open_alex,false
dblp-21948,open_alex-14125,dblp,open_alex,false
dblp-21977,open_alex-58391,dblp,open_alex,false
dblp-21992,open_alex-01423,dblp,open_alex,false
dblp-21992,open_alex-02222,dblp,open_alex,false
dblp-21995,open_alex-01765,dblp,open_alex,false
dblp-22004,open_alex-52519,dblp,open_alex,false
dblp-22014,open_alex-11352,dblp,open_alex,false
dblp-22018,open_alex-31319,dblp,open_alex,false
dblp-22039,open_alex-60704,dblp,open_alex,false
dblp-22067,open_alex-53065,dblp,open_alex,false
dblp-22103,open_alex-06883,dblp,open_alex,false
dblp-22105,open_alex-23152,dblp,open_alex,false
dblp-22111,open_alex-57052,dblp,open_alex,false
dblp-22140,open_alex-53599,dblp,open_alex,false
dblp-22153,open_alex-35331,dblp,open_alex,false
dblp-22171,open_alex-33103,dblp,open_alex,false
dblp-22178,open_alex-53489,dblp,open_alex,false
dblp-22179,open_alex-06497,dblp,open_alex,false
dblp-22206,open_alex-05689,dblp,open_alex,false
dblp-22214,open_alex-05329,dblp,open_alex,false
dblp-22225,open_alex-53037,dblp,open_alex,false
dblp-22243,open_alex-04172,dblp,open_alex,false
dblp-22312,open_alex-02769,dblp,open_alex,false
dblp-22319,open_alex-33732,dblp,open_alex,false
dblp-22341,open_alex-15045,dblp,open_alex,false
dblp-22351,open_alex-59951,dblp,open_alex,false
dblp-22374,open_alex-59349,dblp,open_alex,false
dblp-22393,open_alex-05706,dblp,open_alex,false
dblp-22393,open_alex-24876,dblp,open_alex,false
dblp-22404,open_alex-60572,dblp,open_alex,false
dblp-22408,open_alex-39808,dblp,open_alex,false
dblp-22425,open_alex-27722,dblp,open_alex,false
dblp-22425,open_alex-49640,dblp,open_alex,false
dblp-22472,open_alex-09317,dblp,open_alex,false
dblp-22487,open_alex-04036,dblp,open_alex,false
dblp-22487,open_alex-06567,dblp,open_alex,false
dblp-22517,open_alex-24541,dblp,open_alex,false
dblp-22577,open_alex-02255,dblp,open_alex,false
dblp-22583,open_alex-03456,dblp,open_alex,false
dblp-22600,open_alex-37907,dblp,open_alex,false
dblp-22603,open_alex-52000,dblp,open_alex,false
dblp-22613,open_alex-33048,dblp,open_alex,false
dblp-22619,open_alex-08232,dblp,open_alex,false
dblp-22624,open_alex-31879,dblp,open_alex,false
dblp-22638,open_alex-59682,dblp,open_alex,false
dblp-22651,open_alex-56550,dblp,open_alex,false
dblp-22654,open_alex-09350,dblp,open_alex,false
dblp-22688,open_alex-22691,dblp,open_alex,false
dblp-22698,open_alex-12519,dblp,open_alex,false
dblp-22709,open_alex-52179,dblp,open_alex,false
dblp-22739,open_alex-04814,dblp,open_alex,false
dblp-22826,open_alex-17121,dblp,open_alex,false
dblp-22847,open_alex-26075,dblp,open_alex,false
dblp-22847,open_alex-36852,dblp,open_alex,false
dblp-22850,open_alex-42333,dblp,open_alex,false
dblp-22853,open_alex-26780,dblp,open_alex,false
dblp-22871,open_alex-40231,dblp,open_alex,false
dblp-22877,open_alex-29010,dblp,open_alex,false
dblp-22907,open_alex-06944,dblp,open_alex,false
dblp-22910,open_alex-24040,dblp,open_alex,false
dblp-22929,open_alex-20626,dblp,open_alex,false
dblp-22936,open_alex-46491,dblp,open_alex,false
dblp-22954,open_alex-41199,dblp,open_alex,false
dblp-22965,open_alex-41690,dblp,open_alex,false
dblp-22974,open_alex-15584,dblp,open_alex,false
dblp-22977,open_alex-13258,dblp,open_alex,false
dblp-22985,open_alex-22761,dblp,open_alex,false
dblp-22991,open_alex-12636,dblp,open_alex,false
dblp-23002,open_alex-32545,dblp,open_alex,false
dblp-23058,open_alex-38840,dblp,open_alex,false
dblp-23136,open_alex-49804,dblp,open_alex,false
dblp-23137,open_alex-47415,dblp,open_alex,false
dblp-23137,open_alex-54735,dblp,open_alex,false
dblp-23159,open_alex-38172,dblp,open_alex,false
dblp-23181,open_alex-31210,dblp,open_alex,false
dblp-23206,open_alex-20084,dblp,open_alex,false
dblp-23208,open_alex-26648,dblp,open_alex,false
dblp-23226,open_alex-51889,dblp,open_alex,false
dblp-23245,open_alex-51910,dblp,open_alex,false
dblp-23282,open_alex-07110,dblp,open_alex,false
dblp-23282,open_alex-25391,dblp,open_alex,false
dblp-23334,open_alex-02132,dblp,open_alex,false
dblp-23338,open_alex-03387,dblp,open_alex,false
dblp-23338,open_alex-25030,dblp,open_alex,false
dblp-23339,open_alex-54711,dblp,open_alex,false
dblp-23348,open_alex-49351,dblp,open_alex,false
dblp-23358,open_alex-14906,dblp,open_alex,false
dblp-23379,open_alex-38739,dblp,open_alex,false
dblp-23379,open_alex-53301,dblp,open_alex,false
dblp-23425,open_alex-40213,dblp,open_alex,false
dblp-23425,open_alex-50896,dblp,open_alex,false
dblp-23431,open_alex-13360,dblp,open_alex,false
dblp-23484,open_alex-18491,dblp,open_alex,false
dblp-23532,open_alex-21854,dblp,open_alex,false
dblp-23532,open_alex-22966,dblp,open_alex,false
dblp-23592,open_alex-17363,dblp,open_alex,false
dblp-23611,open_alex-10722,dblp,open_alex,false
dblp-23611,open_alex-38989,dblp,open_alex,false
dblp-23622,open_alex-27629,dblp,open_alex,false
dblp-23632,open_alex-05746,dblp,open_alex,false
dblp-23654,open_alex-15772,dblp,open_alex,false
dblp-23687,open_alex-24822,dblp,open_alex,false
dblp-23719,open_alex-24475,dblp,open_alex,false
dblp-23722,open_alex-42442,dblp,open_alex,false
dblp-23722,open_alex-47886,dblp,open_alex,false
dblp-23753,open_alex-15312,dblp,open_alex,false
dblp-23789,open_alex-20645,dblp,open_alex,false
dblp-23794,open_alex-44575,dblp,open_alex,false
dblp-23808,open_alex-20147,dblp,open_alex,false
dblp-23812,open_alex-44246,dblp,open_alex,false
dblp-23829,open_alex-54488,dblp,open_alex,false
dblp-23836,open_alex-30205,dblp,open_alex,false
dblp-23837,open_alex-36553,dblp,open_alex,false
dblp-23837,open_alex-55214,dblp,open_alex,false
dblp-23855,open_alex-17566,dblp,open_alex,false
dblp-23858,open_alex-52308,dblp,open_alex,false
dblp-23918,open_alex-23129,dblp,open_alex,false
dblp-23937,open_alex-30402,dblp,open_alex,false
dblp-23967,open_alex-46145,dblp,open_alex,false
dblp-23983,open_alex-15552,dblp,open_alex,false
dblp-24008,open_alex-17421,dblp,open_alex,false
dblp-24026,open_alex-52868,dblp,open_alex,false
dblp-24033,open_alex-31310,dblp,open_alex,false
dblp-24075,open_alex-30913,dblp,open_alex,false
dblp-24076,open_alex-25134,dblp,open_alex,false
dblp-24081,open_alex-48759,dblp,open_alex,false
dblp-24106,open_alex-57160,dblp,open_alex,false
dblp-24132,open_alex-10417,dblp,open_alex,false
dblp-24178,open_alex-54192,dblp,open_alex,false
dblp-24190,open_alex-05709,dblp,open_alex,false
dblp-24198,open_alex-34913,dblp,open_alex,false
dblp-24248,open_alex-09379,dblp,open_alex,false
dblp-24248,open_alex-14216,dblp,open_alex,false
dblp-24248,open_alex-50237,dblp,open_alex,false
dblp-24250,open_alex-30233,dblp,open_alex,false
dblp-24268,open_alex-13740,dblp,open_alex,false
dblp-24269,open_alex-19902,dblp,open_alex,false
dblp-24269,open_alex-49659,dblp,open_alex,false
dblp-24292,open_alex-56692,dblp,open_alex,false
dblp-24305,open_alex-05348,dblp,open_alex,false
dblp-24308,open_alex-08127,dblp,open_alex,false
dblp-24311,open_alex-18963,dblp,open_alex,false
dblp-24318,open_alex-01712,dblp,open_alex,false
dblp-24318,open_alex-39998,dblp,open_alex,false
dblp-24337,open_alex-35688,dblp,open_alex,false
dblp-24342,open_alex-39368,dblp,open_alex,false
dblp-24384,open_alex-08602,dblp,open_alex,false
dblp-24384,open_alex-21370,dblp,open_alex,false
dblp-24384,open_alex-21715,dblp,open_alex,false
dblp-24392,open_alex-37990,dblp,open_alex,false
dblp-24403,open_alex-21961,dblp,open_alex,false
dblp-24425,open_alex-35513,dblp,open_alex,false
dblp-24429,open_alex-29917,dblp,open_alex,false
dblp-24463,open_alex-22383,dblp,open_alex,false
dblp-24478,open_alex-30533,dblp,open_alex,false
dblp-24499,open_alex-19674,dblp,open_alex,false
dblp-24499,open_alex-52852,dblp,open_alex,false
dblp-24505,open_alex-24385,dblp,open_alex,false
dblp-24534,open_alex-11105,dblp,open_alex,false
dblp-24534,open_alex-19376,dblp,open_alex,false
dblp-24539,open_alex-35980,dblp,open_alex,false
dblp-24547,open_alex-26565,dblp,open_alex,false
dblp-24556,open_alex-07871,dblp,open_alex,false
dblp-24558,open_alex-15068,dblp,open_alex,false
dblp-24559,open_alex-56787,dblp,open_alex,false
dblp-24571,open_alex-31931,dblp,open_alex,false
dblp-24577,open_alex-34694,dblp,open_alex,false
dblp-24684,open_alex-20639,dblp,open_alex,false
dblp-24696,open_alex-09855,dblp,open_alex,false
dblp-24706,open_alex-18623,dblp,open_alex,false
dblp-24715,open_alex-02666,dblp,open_alex,false
dblp-24721,open_alex-36101,dblp,open_alex,false
dblp-24750,open_alex-46782,dblp,open_alex,false
dblp-24772,open_alex-05872,dblp,open_alex,false
dblp-24782,open_alex-23297,dblp,open_alex,false
dblp-24804,open_alex-43501,dblp,open_alex,false
dblp-24808,open_alex-12238,dblp,open_alex,false
dblp-24809,open_alex-48088,dblp,open_alex,false
dblp-24821,open_alex-10708,dblp,open_alex,false
dblp-24823,open_alex-18496,dblp,open_alex,false
dblp-24827,open_alex-32718,dblp,open_alex,false
dblp-24841,open_alex-55108,dblp,open_alex,false
dblp-24851,open_alex-24862,dblp,open_alex,false
dblp-24870,open_alex-55569,dblp,open_alex,false
dblp-24902,open_alex-23245,dblp,open_alex,false
dblp-24948,open_alex-54132,dblp,open_alex,false
dblp-24967,open_alex-30440,dblp,open_alex,false
dblp-24971,open_alex-08679,dblp,open_alex,false
dblp-24979,open_alex-16469,dblp,open_alex,false
dblp-24991,open_alex-58770,dblp,open_alex,false
dblp-25014,open_alex-43449,dblp,open_alex,false
dblp-25023,open_alex-44312,dblp,open_alex,false
dblp-25035,open_alex-58523,dblp,open_alex,false
dblp-25048,open_alex-55092,dblp,open_alex,false
dblp-25056,open_alex-02863,dblp,open_alex,false
dblp-25072,open_alex-44217,dblp,open_alex,false
dblp-25075,open_alex-35210,dblp,open_alex,false
dblp-25106,open_alex-44150,dblp,open_alex,false
dblp-25109,open_alex-45859,dblp,open_alex,false
dblp-25131,open_alex-46917,dblp,open_alex,false
dblp-25132,open_alex-35806,dblp,open_alex,false
dblp-25160,open_alex-36098,dblp,open_alex,false
dblp-25166,open_alex-02388,dblp,open_alex,false
dblp-25166,open_alex-58000,dblp,open_alex,false
dblp-25200,open_alex-43276,dblp,open_alex,false
dblp-25243,open_alex-32042,dblp,open_alex,false
dblp-25252,open_alex-41082,dblp,open_alex,false
dblp-25266,open_alex-11924,dblp,open_alex,false
dblp-25295,open_alex-54173,dblp,open_alex,false
dblp-25305,open_alex-04884,dblp,open_alex,false
dblp-25309,open_alex-41929,dblp,open_alex,false
dblp-25321,open_alex-28848,dblp,open_alex,false
dblp-25331,open_alex-05570,dblp,open_alex,false
dblp-25332,open_alex-05327,dblp,open_alex,false
dblp-25413,open_alex-05455,dblp,open_alex,false
dblp-25417,open_alex-47967,dblp,open_alex,false
dblp-25448,open_alex-56977,dblp,open_alex,false
dblp-25546,open_alex-52165,dblp,open_alex,false
dblp-25561,open_alex-48687,dblp,open_alex,false
dblp-25564,open_alex-13855,dblp,open_alex,false
dblp-25568,open_alex-53235,dblp,open_alex,false
dblp-25571,open_alex-06350,dblp,open_alex,false
dblp-25579,open_alex-51153,dblp,open_alex,false
dblp-25588,open_alex-15908,dblp,open_alex,false
dblp-25633,open_alex-33051,dblp,open_alex,false
dblp-25644,open_alex-15361,dblp,open_alex,false
dblp-25660,open_alex-51981,dblp,open_alex,false
dblp-25661,open_alex-46269,dblp,open_alex,false
dblp-25681,open_alex-57376,dblp,open_alex,false
dblp-25718,open_alex-39025,dblp,open_alex,false
dblp-25736,open_alex-46556,dblp,open_alex,false
dblp-25746,open_alex-55767,dblp,open_alex,false
dblp-25747,open_alex-01003,dblp,open_alex,false
dblp-25750,open_alex-16469,dblp,open_alex,false
dblp-25768,open_alex-22121,dblp,open_alex,false
dblp-25776,open_alex-11513,dblp,open_alex,false
dblp-25824,open_alex-24038,dblp,open_alex,false
dblp-25827,open_alex-40493,dblp,open_alex,false
dblp-25827,open_alex-42373,dblp,open_alex,false
dblp-25827,open_alex-45463,dblp,open_alex,false
dblp-25830,open_alex-25670,dblp,open_alex,false
dblp-25839,open_alex-56136,dblp,open_alex,false
dblp-25841,open_alex-22327,dblp,open_alex,false
dblp-25844,open_alex-09276,dblp,open_alex,false
dblp-25863,open_alex-35452,dblp,open_alex,false
dblp-25889,open_alex-13388,dblp,open_alex,false
dblp-25891,open_alex-53621,dblp,open_alex,false
dblp-25926,open_alex-49191,dblp,open_alex,false
dblp-25962,open_alex-11399,dblp,open_alex,false
dblp-25962,open_alex-16894,dblp,open_alex,false
dblp-25979,open_alex-24287,dblp,open_alex,false
dblp-26012,open_alex-19211,dblp,open_alex,false
dblp-26036,open_alex-28507,dblp,open_alex,false
dblp-26054,open_alex-43622,dblp,open_alex,false
dblp-26085,open_alex-09529,dblp,open_alex,false
dblp-26087,open_alex-53805,dblp,open_alex,false
dblp-26124,open_alex-55045,dblp,open_alex,false
dblp-26125,open_alex-22983,dblp,open_alex,false
dblp-26135,open_alex-46833,dblp,open_alex,false
dblp-26142,open_alex-10515,dblp,open_alex,false
dblp-26142,open_alex-12934,dblp,open_alex,false
dblp-26142,open_alex-56706,dblp,open_alex,false
dblp-26153,open_alex-07756,dblp,open_alex,false
dblp-26208,open_alex-40924,dblp,open_alex,false
dblp-26218,open_alex-36493,dblp,open_alex,false
dblp-26222,open_alex-14579,dblp,open_alex,false
dblp-26232,open_alex-26493,dblp,open_alex,false
dblp-26241,open_alex-34037,dblp,open_alex,false
dblp-26260,open_alex-56282,dblp,open_alex,false
dblp-26263,open_alex-05849,dblp,open_alex,false
dblp-26263,open_alex-20459,dblp,open_alex,false
dblp-26323,open_alex-05160,dblp,open_alex,false
dblp-26334,open_alex-39457,dblp,open_alex,false
dblp-26334,open_alex-52709,dblp,open_alex,false
dblp-26338,open_alex-16056,dblp,open_alex,false
dblp-26359,open_alex-19872,dblp,open_alex,false
dblp-26362,open_alex-58330,dblp,open_alex,false
dblp-26403,open_alex-00984,dblp,open_alex,false
dblp-26407,open_alex-52107,dblp,open_alex,false
dblp-26409,open_alex-59646,dblp,open_alex,false
dblp-26435,open_alex-32295,dblp,open_alex,false
dblp-26456,open_alex-14931,dblp,open_alex,false
dblp-26484,open_alex-19272,dblp,open_alex,false
dblp-26487,open_alex-52989,dblp,open_alex,false
dblp-26524,open_alex-24479,dblp,open_alex,false
dblp-26529,open_alex-31232,dblp,open_alex,false
dblp-26529,open_alex-32138,dblp,open_alex,false
dblp-26576,open_alex-01349,dblp,open_alex,false
dblp-26594,open_alex-47070,dblp,open_alex,false
dblp-26595,open_alex-23639,dblp,open_alex,false
dblp-26615,open_alex-05582,dblp,open_alex,false
dblp-26634,open_alex-54205,dblp,open_alex,false
dblp-26650,open_alex-51630,dblp,open_alex,false
dblp-26653,open_alex-13459,dblp,open_alex,false
dblp-26668,open_alex-48900,dblp,open_alex,false
dblp-26695,open_alex-37881,dblp,open_alex,false
dblp-26701,open_alex-23036,dblp,open_alex,false
dblp-26703,open_alex-54529,dblp,open_alex,false
dblp-26717,open_alex-15500,dblp,open_alex,false
dblp-26719,open_alex-41384,dblp,open_alex,false
dblp-26722,open_alex-16735,dblp,open_alex,false
dblp-26725,open_alex-52364,dblp,open_alex,false
dblp-26755,open_alex-49474,dblp,open_alex,false
dblp-26769,open_alex-14935,dblp,open_alex,false
dblp-26786,open_alex-37648,dblp,open_alex,false
dblp-26798,open_alex-10369,dblp,open_alex,false
dblp-26808,open_alex-16944,dblp,open_alex,false
dblp-26826,open_alex-39902,dblp,open_alex,false
dblp-26830,open_alex-19301,dblp,open_alex,false
dblp-26831,open_alex-16595,dblp,open_alex,false
dblp-26847,open_alex-51490,dblp,open_alex,false
dblp-26873,open_alex-48425,dblp,open_alex,false
dblp-26873,open_alex-52195,dblp,open_alex,false
dblp-26878,open_alex-24740,dblp,open_alex,false
dblp-26890,open_alex-46030,dblp,open_alex,false
dblp-26895,open_alex-55095,dblp,open_alex,false
dblp-26904,open_alex-42110,dblp,open_alex,false
dblp-26906,open_alex-02239,dblp,open_alex,false
dblp-26908,open_alex-28595,dblp,open_alex,false
dblp-26919,open_alex-17309,dblp,open_alex,false
dblp-26922,open_alex-04347,dblp,open_alex,false
dblp-26931,open_alex-34118,dblp,open_alex,false
dblp-26951,open_alex-12959,dblp,open_alex,false
dblp-26951,open_alex-23338,dblp,open_alex,false
dblp-26978,open_alex-45030,dblp,open_alex,false
dblp-26981,open_alex-02126,dblp,open_alex,false
dblp-26981,open_alex-35856,dblp,open_alex,false
dblp-27019,open_alex-56204,dblp,open_alex,false
dblp-27051,open_alex-49779,dblp,open_alex,false
dblp-27062,open_alex-08030,dblp,open_alex,false
dblp-27080,open_alex-13075,dblp,open_alex,false
dblp-27084,open_alex-45810,dblp,open_alex,false
dblp-27129,open_alex-07923,dblp,open_alex,false
dblp-27130,open_alex-07595,dblp,open_alex,false
dblp-27133,open_alex-54160,dblp,open_alex,false
dblp-27162,open_alex-34781,dblp,open_alex,false
dblp-27175,open_alex-06166,dblp,open_alex,false
dblp-27179,open_alex-32329,dblp,open_alex,false
dblp-27220,open_alex-05706,dblp,open_alex,false
dblp-27224,open_alex-52275,dblp,open_alex,false
dblp-27288,open_alex-11839,dblp,open_alex,false
dblp-27352,open_alex-54215,dblp,open_alex,false
dblp-27394,open_alex-21480,dblp,open_alex,false
dblp-27394,open_alex-47619,dblp,open_alex,false
dblp-27402,open_alex-28613,dblp,open_alex,false
dblp-27421,open_alex-37535,dblp,open_alex,false
dblp-27432,open_alex-36815,dblp,open_alex,false
dblp-27448,open_alex-16315,dblp,open_alex,false
dblp-27449,open_alex-05751,dblp,open_alex,false
dblp-27450,open_alex-10910,dblp,open_alex,false
dblp-27465,open_alex-02930,dblp,open_alex,false
dblp-27481,open_alex-29598,dblp,open_alex,false
dblp-27506,open_alex-35127,dblp,open_alex,false
dblp-27506,open_alex-56975,dblp,open_alex,false
dblp-27510,open_alex-57672,dblp,open_alex,false
dblp-27512,open_alex-53686,dblp,open_alex,false
dblp-27514,open_alex-44105,dblp,open_alex,false
dblp-27531,open_alex-08290,dblp,open_alex,false
dblp-27531,open_alex-19959,dblp,open_alex,false
dblp-27546,open_alex-58926,dblp,open_alex,false
dblp-27558,open_alex-30729,dblp,open_alex,false
dblp-27565,open_alex-28354,dblp,open_alex,false
dblp-27568,open_alex-46822,dblp,open_alex,false
dblp-27574,open_alex-37127,dblp,open_alex,false
dblp-27589,open_alex-20465,dblp,open_alex,false
dblp-27592,open_alex-21895,dblp,open_alex,false
dblp-27595,open_alex-27092,dblp,open_alex,false
dblp-27611,open_alex-54388,dblp,open_alex,false
dblp-27616,open_alex-09303,dblp,open_alex,false
dblp-27616,open_alex-26716,dblp,open_alex,false
dblp-27619,open_alex-31034,dblp,open_alex,false
dblp-27623,open_alex-46574,dblp,open_alex,false
dblp-27625,open_alex-27558,dblp,open_alex,false
dblp-27644,open_alex-39834,dblp,open_alex,false
dblp-27662,open_alex-52153,dblp,open_alex,false
dblp-27698,open_alex-58866,dblp,open_alex,false
dblp-27753,open_alex-05386,dblp,open_alex,false
dblp-27754,open_alex-09090,dblp,open_alex,false
dblp-27781,open_alex-27204,dblp,open_alex,false
dblp-27792,open_alex-58321,dblp,open_alex,false
dblp-27834,open_alex-47710,dblp,open_alex,false
dblp-27834,open_alex-52017,dblp,open_alex,false
dblp-27863,open_alex-08200,dblp,open_alex,false
dblp-27866,open_alex-01688,dblp,open_alex,false
dblp-27871,open_alex-51712,dblp,open_alex,false
dblp-27879,open_alex-32682,dblp,open_alex,false
dblp-27881,open_alex-47704,dblp,open_alex,false
dblp-27888,open_alex-35905,dblp,open_alex,false
dblp-27902,open_alex-00134,dblp,open_alex,false
dblp-27902,open_alex-12965,dblp,open_alex,false
dblp-27904,open_alex-51521,dblp,open_alex,false
dblp-27905,open_alex-46513,dblp,open_alex,false
dblp-27917,open_alex-59298,dblp,open_alex,false
dblp-27918,open_alex-56021,dblp,open_alex,false
dblp-27944,open_alex-00468,dblp,open_alex,false
dblp-27944,open_alex-11402,dblp,open_alex,false
dblp-27944,open_alex-32674,dblp,open_alex,false
dblp-27973,open_alex-59826,dblp,open_alex,false
dblp-27987,open_alex-21632,dblp,open_alex,false
dblp-27996,open_alex-21005,dblp,open_alex,false
dblp-28009,open_alex-06532,dblp,open_alex,false
dblp-28010,open_alex-58398,dblp,open_alex,false
dblp-28012,open_alex-35615,dblp,open_alex,false
dblp-28019,open_alex-23305,dblp,open_alex,false
dblp-28019,open_alex-47665,dblp,open_alex,false
dblp-28023,open_alex-31621,dblp,open_alex,false
dblp-28025,open_alex-48446,dblp,open_alex,false
dblp-28037,open_alex-11072,dblp,open_alex,false
dblp-28066,open_alex-02572,dblp,open_alex,false
dblp-28066,open_alex-37647,dblp,open_alex,false
dblp-28107,open_alex-53555,dblp,open_alex,false
dblp-28119,open_alex-57355,dblp,open_alex,false
dblp-28126,open_alex-49328,dblp,open_alex,false
dblp-28136,open_alex-30178,dblp,open_alex,false
dblp-28136,open_alex-36288,dblp,open_alex,false
dblp-28168,open_alex-53789,dblp,open_alex,false
dblp-28188,open_alex-58803,dblp,open_alex,false
dblp-28217,open_alex-01568,dblp,open_alex,false
dblp-28217,open_alex-04614,dblp,open_alex,false
dblp-28233,open_alex-55227,dblp,open_alex,false
dblp-28248,open_alex-39399,dblp,open_alex,false
dblp-28271,open_alex-20333,dblp,open_alex,false
dblp-28280,open_alex-40534,dblp,open_alex,false
dblp-28299,open_alex-08727,dblp,open_alex,false
dblp-28318,open_alex-48440,dblp,open_alex,false
dblp-28370,open_alex-07800,dblp,open_alex,false
dblp-28382,open_alex-05846,dblp,open_alex,false
dblp-28414,open_alex-18246,dblp,open_alex,false
dblp-28414,open_alex-48414,dblp,open_alex,false
dblp-28422,open_alex-37775,dblp,open_alex,false
dblp-28437,open_alex-05030,dblp,open_alex,false
dblp-28446,open_alex-39526,dblp,open_alex,false
dblp-28459,open_alex-10941,dblp,open_alex,false
dblp-28485,open_alex-08582,dblp,open_alex,false
dblp-28498,open_alex-54198,dblp,open_alex,false
dblp-28517,open_alex-36610,dblp,open_alex,false
dblp-28532,open_alex-31526,dblp,open_alex,false
dblp-28586,open_alex-36881,dblp,open_alex,false
dblp-28593,open_alex-25052,dblp,open_alex,false
dblp-28594,open_alex-54192,dblp,open_alex,false
dblp-28594,open_alex-58351,dblp,open_alex,false
dblp-28609,open_alex-30455,dblp,open_alex,false
dblp-28617,open_alex-39662,dblp,open_alex,false
dblp-28622,open_alex-41780,dblp,open_alex,false
dblp-28644,open_alex-34653,dblp,open_alex,false
dblp-28679,open_alex-11933,dblp,open_alex,false
dblp-28679,open_alex-50065,dblp,open_alex,false
dblp-28707,open_alex-38447,dblp,open_alex,false
dblp-28737,open_alex-03875,dblp,open_alex,false
dblp-28751,open_alex-44213,dblp,open_alex,false
dblp-28773,open_alex-39086,dblp,open_alex,false
dblp-28777,open_alex-36969,dblp,open_alex,false
dblp-28796,open_alex-11082,dblp,open_alex,false
dblp-28824,open_alex-04520,dblp,open_alex,false
dblp-28825,open_alex-46299,dblp,open_alex,false
dblp-28838,open_alex-16714,dblp,open_alex,false
dblp-28839,open_alex-56494,dblp,open_alex,false
dblp-28845,open_alex-14724,dblp,open_alex,false
dblp-28859,open_alex-19018,dblp,open_alex,false
dblp-28862,open_alex-12804,dblp,open_alex,false
dblp-28875,open_alex-50545,dblp,open_alex,false
dblp-28882,open_alex-23231,dblp,open_alex,false
dblp-28882,open_alex-38710,dblp,open_alex,false
dblp-28907,open_alex-57884,dblp,open_alex,false
dblp-28918,open_alex-50896,dblp,open_alex,false
dblp-28944,open_alex-19414,dblp,open_alex,false
dblp-28945,open_alex-15679,dblp,open_alex,false
dblp-28976,open_alex-58340,dblp,open_alex,false
dblp-29021,open_alex-48161,dblp,open_alex,false
dblp-29042,open_alex-14445,dblp,open_alex,false
dblp-29053,open_alex-27719,dblp,open_alex,false
dblp-29067,open_alex-52304,dblp,open_alex,false
dblp-29101,open_alex-23757,dblp,open_alex,false
dblp-29136,open_alex-15117,dblp,open_alex,false
dblp-29144,open_alex-47413,dblp,open_alex,false
dblp-29149,open_alex-33072,dblp,open_alex,false
dblp-29156,open_alex-44289,dblp,open_alex,false
dblp-29160,open_alex-16812,dblp,open_alex,false
dblp-29193,open_alex-20990,dblp,open_alex,false
dblp-29215,open_alex-45786,dblp,open_alex,false
dblp-29224,open_alex-16372,dblp,open_alex,false
dblp-29253,open_alex-27844,dblp,open_alex,false
dblp-29278,open_alex-03875,dblp,open_alex,false
dblp-29278,open_alex-26842,dblp,open_alex,false
dblp-29286,open_alex-49588,dblp,open_alex,false
dblp-29308,open_alex-14470,dblp,open_alex,false
dblp-29311,open_alex-18455,dblp,open_alex,false
dblp-29338,open_alex-10608,dblp,open_alex,false
dblp-29360,open_alex-45686,dblp,open_alex,false
dblp-29452,open_alex-37671,dblp,open_alex,false
dblp-29468,open_alex-57490,dblp,open_alex,false
dblp-29509,open_alex-23443,dblp,open_alex,false
dblp-29543,open_alex-35469,dblp,open_alex,false
dblp-29552,open_alex-13530,dblp,open_alex,false
dblp-29568,open_alex-51881,dblp,open_alex,false
dblp-29573,open_alex-04786,dblp,open_alex,false
dblp-29574,open_alex-57353,dblp,open_alex,false
dblp-29584,open_alex-01057,dblp,open_alex,false
dblp-29584,open_alex-48637,dblp,open_alex,false
dblp-29603,open_alex-58903,dblp,open_alex,false
dblp-29618,open_alex-52651,dblp,open_alex,false
dblp-29624,open_alex-53505,dblp,open_alex,false
dblp-29638,open_alex-40805,dblp,open_alex,false
dblp-29638,open_alex-42930,dblp,open_alex,false
dblp-29646,open_alex-07180,dblp,open_alex,false
dblp-29649,open_alex-43114,dblp,open_alex,false
dblp-29652,open_alex-16214,dblp,open_alex,false
dblp-29659,open_alex-35286,dblp,open_alex,false
dblp-29676,open_alex-30271,dblp,open_alex,false
dblp-29700,open_alex-04851,dblp,open_alex,false
dblp-29708,open_alex-25438,dblp,open_alex,false
dblp-29740,open_alex-45554,dblp,open_alex,false
dblp-29771,open_alex-48304,dblp,open_alex,false
dblp-29789,open_alex-00013,dblp,open_alex,false
dblp-29819,open_alex-57345,dblp,open_alex,false
dblp-29822,open_alex-44110,dblp,open_alex,false
dblp-29826,open_alex-02380,dblp,open_alex,false
dblp-29848,open_alex-58692,dblp,open_alex,false
dblp-29852,open_alex-17423,dblp,open_alex,false
dblp-29871,open_alex-41301,dblp,open_alex,false
dblp-29879,open_alex-25259,dblp,open_alex,false
dblp-29897,open_alex-08790,dblp,open_alex,false
dblp-29916,open_alex-28503,dblp,open_alex,false
dblp-29930,open_alex-35564,dblp,open_alex,false
dblp-29955,open_alex-33125,dblp,open_alex,false
dblp-29955,open_alex-41096,dblp,open_alex,false
dblp-29957,open_alex-19286,dblp,open_alex,false
dblp-29971,open_alex-46655,dblp,open_alex,false
dblp-29977,open_alex-45161,dblp,open_alex,false
dblp-30021,open_alex-23399,dblp,open_alex,false
dblp-30046,open_alex-41805,dblp,open_alex,false
dblp-30046,open_alex-45292,dblp,open_alex,false
dblp-30052,open_alex-59771,dblp,open_alex,false
dblp-30066,open_alex-36043,dblp,open_alex,false
dblp-30074,open_alex-42698,dblp,open_alex,false
dblp-30081,open_alex-24559,dblp,open_alex,false
dblp-30139,open_alex-48423,dblp,open_alex,false
dblp-30142,open_alex-29653,dblp,open_alex,false
dblp-30148,open_alex-56963,dblp,open_alex,false
dblp-30154,open_alex-51236,dblp,open_alex,false
dblp-30159,open_alex-08075,dblp,open_alex,false
dblp-30178,open_alex-52339,dblp,open_alex,false
dblp-30196,open_alex-53023,dblp,open_alex,false
dblp-30198,open_alex-13927,dblp,open_alex,false
dblp-30200,open_alex-19609,dblp,open_alex,false
dblp-30207,open_alex-24113,dblp,open_alex,false
dblp-30213,open_alex-49849,dblp,open_alex,false
dblp-30245,open_alex-14657,dblp,open_alex,false
dblp-30249,open_alex-05858,dblp,open_alex,false
dblp-30264,open_alex-21239,dblp,open_alex,false
dblp-30277,open_alex-51872,dblp,open_alex,false
dblp-30282,open_alex-05333,dblp,open_alex,false
dblp-30287,open_alex-21724,dblp,open_alex,false
dblp-30287,open_alex-53343,dblp,open_alex,false
dblp-30290,open_alex-15428,dblp,open_alex,false
dblp-30323,open_alex-00213,dblp,open_alex,false
dblp-30323,open_alex-02547,dblp,open_alex,false
dblp-30323,open_alex-41868,dblp,open_alex,false
dblp-30388,open_alex-43184,dblp,open_alex,false
dblp-30439,open_alex-14991,dblp,open_alex,false
dblp-30439,open_alex-41058,dblp,open_alex,false
dblp-30440,open_alex-56667,dblp,open_alex,false
dblp-30442,open_alex-05134,dblp,open_alex,false
dblp-30469,open_alex-57855,dblp,open_alex,false
dblp-30521,open_alex-01349,dblp,open_alex,false
dblp-30521,open_alex-23030,dblp,open_alex,false
dblp-30524,open_alex-11343,dblp,open_alex,false
dblp-30524,open_alex-26618,dblp,open_alex,false
dblp-30550,open_alex-58581,dblp,open_alex,false
dblp-30553,open_alex-35451,dblp,open_alex,false
dblp-30606,open_alex-53230,dblp,open_alex,false
dblp-30631,open_alex-31596,dblp,open_alex,false
dblp-30647,open_alex-48342,dblp,open_alex,false
dblp-30673,open_alex-08610,dblp,open_alex,false
dblp-30695,open_alex-16178,dblp,open_alex,false
dblp-30696,open_alex-26674,dblp,open_alex,false
dblp-30718,open_alex-09015,dblp,open_alex,false
dblp-30724,open_alex-42212,dblp,open_alex,false
dblp-30729,open_alex-22013,dblp,open_alex,false
dblp-30735,open_alex-24033,dblp,open_alex,false
dblp-30744,open_alex-32689,dblp,open_alex,false
dblp-30759,open_alex-03834,dblp,open_alex,false
dblp-30760,open_alex-57530,dblp,open_alex,false
dblp-30764,open_alex-26281,dblp,open_alex,false
dblp-30812,open_alex-12086,dblp,open_alex,false
dblp-30837,open_alex-48138,dblp,open_alex,false
dblp-30839,open_alex-59926,dblp,open_alex,false
dblp-30854,open_alex-27683,dblp,open_alex,false
dblp-30878,open_alex-22812,dblp,open_alex,false
dblp-30878,open_alex-26618,dblp,open_alex,false
dblp-30904,open_alex-43259,dblp,open_alex,false
dblp-30904,open_alex-47275,dblp,open_alex,false
dblp-30912,open_alex-35206,dblp,open_alex,false
dblp-30912,open_alex-57563,dblp,open_alex,false
dblp-30922,open_alex-31009,dblp,open_alex,false
dblp-30959,open_alex-56746,dblp,open_alex,false
dblp-30964,open_alex-45695,dblp,open_alex,false
dblp-31014,open_alex-56292,dblp,open_alex,false
dblp-31015,open_alex-56473,dblp,open_alex,false
dblp-31026,open_alex-14212,dblp,open_alex,false
dblp-31029,open_alex-50521,dblp,open_alex,false
dblp-31038,open_alex-09022,dblp,open_alex,false
dblp-31056,open_alex-31766,dblp,open_alex,false
dblp-31118,open_alex-14160,dblp,open_alex,false
dblp-31141,open_alex-56997,dblp,open_alex,false
dblp-31142,open_alex-36152,dblp,open_alex,false
dblp-31142,open_alex-53452,dblp,open_alex,false
dblp-31148,open_alex-04143,dblp,open_alex,false
dblp-31154,open_alex-59862,dblp,open_alex,false
dblp-31172,open_alex-37240,dblp,open_alex,false
dblp-31181,open_alex-58758,dblp,open_alex,false
dblp-31187,open_alex-21926,dblp,open_alex,false
dblp-31189,open_alex-28611,dblp,open_alex,false
dblp-31189,open_alex-55485,dblp,open_alex,false
dblp-31191,open_alex-48314,dblp,open_alex,false
dblp-31201,open_alex-14640,dblp,open_alex,false
dblp-31257,open_alex-34102,dblp,open_alex,false
dblp-31257,open_alex-57542,dblp,open_alex,false
dblp-31272,open_alex-20055,dblp,open_alex,false
dblp-31275,open_alex-34425,dblp,open_alex,false
dblp-31284,open_alex-14265,dblp,open_alex,false
dblp-31327,open_alex-26273,dblp,open_alex,false
dblp-31328,open_alex-32142,dblp,open_alex,false
dblp-31352,open_alex-20510,dblp,open_alex,false
dblp-31353,open_alex-53131,dblp,open_alex,false
dblp-31371,open_alex-55026,dblp,open_alex,false
dblp-31394,open_alex-44094,dblp,open_alex,false
dblp-31398,open_alex-47580,dblp,open_alex,false
dblp-31420,open_alex-54382,dblp,open_alex,false
dblp-31421,open_alex-05672,dblp,open_alex,false
dblp-31430,open_alex-31761,dblp,open_alex,false
dblp-31447,open_alex-14912,dblp,open_alex,false
dblp-31489,open_alex-17780,dblp,open_alex,false
dblp-31490,open_alex-41595,dblp,open_alex,false
dblp-31504,open_alex-29775,dblp,open_alex,false
dblp-31524,open_alex-42632,dblp,open_alex,false
dblp-31532,open_alex-36161,dblp,open_alex,false
dblp-31549,open_alex-41275,dblp,open_alex,false
dblp-31584,open_alex-40638,dblp,open_alex,false
dblp-31584,open_alex-46383,dblp,open_alex,false
dblp-31607,open_alex-06128,dblp,open_alex,false
dblp-31614,open_alex-03217,dblp,open_alex,false
dblp-31619,open_alex-01107,dblp,open_alex,false
dblp-31620,open_alex-38691,dblp,open_alex,false
dblp-31651,open_alex-29910,dblp,open_alex,false
dblp-31654,open_alex-55795,dblp,open_alex,false
dblp-31664,open_alex-15798,dblp,open_alex,false
dblp-31674,open_alex-38803,dblp,open_alex,false
dblp-31678,open_alex-14897,dblp,open_alex,false
dblp-31706,open_alex-03220,dblp,open_alex,false
dblp-31706,open_alex-15011,dblp,open_alex,false
dblp-31763,open_alex-06169,dblp,open_alex,false
dblp-31768,open_alex-09370,dblp,open_alex,false
dblp-31774,open_alex-14505,dblp,open_alex,false
dblp-31808,open_alex-14724,dblp,open_alex,false
dblp-31808,open_alex-43695,dblp,open_alex,false
dblp-31812,open_alex-57555,dblp,open_alex,false
dblp-31840,open_alex-05172,dblp,open_alex,false
dblp-31840,open_alex-57645,dblp,open_alex,false
dblp-31857,open_alex-30548,dblp,open_alex,false
dblp-31866,open_alex-55851,dblp,open_alex,false
dblp-31902,open_alex-08468,dblp,open_alex,false
dblp-31905,open_alex-54337,dblp,open_alex,false
dblp-31908,open_alex-51516,dblp,open_alex,false
dblp-31997,open_alex-52022,dblp,open_alex,false
dblp-32025,open_alex-58678,dblp,open_alex,false
dblp-32047,open_alex-05517,dblp,open_alex,false
dblp-32053,open_alex-01003,dblp,open_alex,false
dblp-32122,open_alex-44219,dblp,open_alex,false
dblp-32132,open_alex-32688,dblp,open_alex,false
dblp-32135,open_alex-26546,dblp,open_alex,false
dblp-32169,open_alex-25096,dblp,open_alex,false
dblp-32187,open_alex-52867,dblp,open_alex,false
dblp-32192,open_alex-46917,dblp,open_alex,false
dblp-32204,open_alex-06594,dblp,open_alex,false
dblp-32236,open_alex-39777,dblp,open_alex,false
dblp-32251,open_alex-52919,dblp,open_alex,false
dblp-32253,open_alex-39345,dblp,open_alex,false
dblp-32258,open_alex-51388,dblp,open_alex,false
dblp-32260,open_alex-32288,dblp,open_alex,false
dblp-32301,open_alex-47312,dblp,open_alex,false
dblp-32302,open_alex-19628,dblp,open_alex,false
dblp-32315,open_alex-38302,dblp,open_alex,false
dblp-32319,open_alex-43092,dblp,open_alex,false
dblp-32354,open_alex-42027,dblp,open_alex,false
dblp-32397,open_alex-31762,dblp,open_alex,false
dblp-32436,open_alex-41581,dblp,open_alex,false
dblp-32473,open_alex-25329,dblp,open_alex,false
dblp-32501,open_alex-19449,dblp,open_alex,false
dblp-32525,open_alex-20708,dblp,open_alex,false
dblp-32529,open_alex-49418,dblp,open_alex,false
dblp-32532,open_alex-20050,dblp,open_alex,false
dblp-32553,open_alex-47412,dblp,open_alex,false
dblp-32582,open_alex-14505,dblp,open_alex,false
dblp-32585,open_alex-48258,dblp,open_alex,false
dblp-32587,open_alex-00397,dblp,open_alex,false
dblp-32588,open_alex-24416,dblp,open_alex,false
dblp-32588,open_alex-53579,dblp,open_alex,false
dblp-32622,open_alex-36662,dblp,open_alex,false
dblp-32633,open_alex-01966,dblp,open_alex,false
dblp-32633,open_alex-22234,dblp,open_alex,false
dblp-32652,open_alex-26529,dblp,open_alex,false
dblp-32660,open_alex-26927,dblp,open_alex,false
dblp-32666,open_alex-19326,dblp,open_alex,false
dblp-32666,open_alex-55401,dblp,open_alex,false
dblp-32718,open_alex-47733,dblp,open_alex,false
dblp-32738,open_alex-20705,dblp,open_alex,false
dblp-32748,open_alex-42064,dblp,open_alex,false
dblp-32753,open_alex-00962,dblp,open_alex,false
dblp-32759,open_alex-56907,dblp,open_alex,false
dblp-32774,open_alex-11169,dblp,open_alex,false
dblp-32775,open_alex-19436,dblp,open_alex,false
dblp-32805,open_alex-51742,dblp,open_alex,false
dblp-32820,open_alex-18605,dblp,open_alex,false
dblp-32851,open_alex-45579,dblp,open_alex,false
dblp-32855,open_alex-10428,dblp,open_alex,false
dblp-32866,open_alex-43727,dblp,open_alex,false
dblp-32878,open_alex-56704,dblp,open_alex,false
dblp-32880,open_alex-38008,dblp,open_alex,false
dblp-32908,open_alex-42419,dblp,open_alex,false
dblp-32915,open_alex-11168,dblp,open_alex,false
dblp-32946,open_alex-21319,dblp,open_alex,false
dblp-32962,open_alex-59982,dblp,open_alex,false
dblp-32982,open_alex-21856,dblp,open_alex,false
dblp-33009,open_alex-21350,dblp,open_alex,false
dblp-33018,open_alex-21100,dblp,open_alex,false
dblp-33027,open_alex-43850,dblp,open_alex,false
dblp-33031,open_alex-40156,dblp,open_alex,false
dblp-33036,open_alex-16439,dblp,open_alex,false
dblp-33041,open_alex-49451,dblp,open_alex,false
dblp-33072,open_alex-45976,dblp,open_alex,false
dblp-33079,open_alex-09400,dblp,open_alex,false
dblp-33090,open_alex-59893,dblp,open_alex,false
dblp-33107,open_alex-32472,dblp,open_alex,false
dblp-33118,open_alex-01521,dblp,open_alex,false
dblp-33118,open_alex-31104,dblp,open_alex,false
dblp-33131,open_alex-27984,dblp,open_alex,false
dblp-33137,open_alex-54320,dblp,open_alex,false
dblp-33141,open_alex-13047,dblp,open_alex,false
dblp-33145,open_alex-23726,dblp,open_alex,false
dblp-33196,open_alex-02766,dblp,open_alex,false
dblp-33207,open_alex-05689,dblp,open_alex,false
dblp-33248,open_alex-43931,dblp,open_alex,false
dblp-33261,open_alex-26185,dblp,open_alex,false
dblp-33271,open_alex-11281,dblp,open_alex,false
dblp-33286,open_alex-06140,dblp,open_alex,false
dblp-33300,open_alex-11892,dblp,open_alex,false
dblp-33316,open_alex-04698,dblp,open_alex,false
dblp-33319,open_alex-32944,dblp,open_alex,false
dblp-33381,open_alex-22500,dblp,open_alex,false
dblp-33389,open_alex-44715,dblp,open_alex,false
dblp-33441,open_alex-41224,dblp,open_alex,false
dblp-33442,open_alex-25178,dblp,open_alex,false
dblp-33468,open_alex-56831,dblp,open_alex,false
dblp-33494,open_alex-22589,dblp,open_alex,false
dblp-33509,open_alex-57308,dblp,open_alex,false
dblp-33540,open_alex-11712,dblp,open_alex,false
dblp-33624,open_alex-43316,dblp,open_alex,false
dblp-33643,open_alex-30572,dblp,open_alex,false
dblp-33647,open_alex-41144,dblp,open_alex,false
dblp-33673,open_alex-50422,dblp,open_alex,false
dblp-33695,open_alex-23598,dblp,open_alex,false
dblp-33698,open_alex-47048,dblp,open_alex,false
dblp-33705,open_alex-53607,dblp,open_alex,false
dblp-33720,open_alex-08170,dblp,open_alex,false
dblp-33727,open_alex-59184,dblp,open_alex,false
dblp-33733,open_alex-47626,dblp,open_alex,false
dblp-33739,open_alex-45103,dblp,open_alex,false
dblp-33745,open_alex-16183,dblp,open_alex,false
dblp-33771,open_alex-60448,dblp,open_alex,false
dblp-33815,open_alex-47103,dblp,open_alex,false
dblp-33830,open_alex-10783,dblp,open_alex,false
dblp-33891,open_alex-19974,dblp,open_alex,false
dblp-33925,open_alex-54671,dblp,open_alex,false
dblp-33931,open_alex-48646,dblp,open_alex,false
dblp-33956,open_alex-38766,dblp,open_alex,false
dblp-33960,open_alex-31181,dblp,open_alex,false
dblp-33976,open_alex-40535,dblp,open_alex,false
dblp-33993,open_alex-02948,dblp,open_alex,false
dblp-34001,open_alex-28520,dblp,open_alex,false
dblp-34004,open_alex-16864,dblp,open_alex,false
dblp-34023,open_alex-22596,dblp,open_alex,false
dblp-34034,open_alex-30679,dblp,open_alex,false
dblp-34045,open_alex-41483,dblp,open_alex,false
dblp-34046,open_alex-59313,dblp,open_alex,false
dblp-34050,open_alex-30679,dblp,open_alex,false
dblp-34066,open_alex-44366,dblp,open_alex,false
dblp-34073,open_alex-10180,dblp,open_alex,false
dblp-34079,open_alex-58765,dblp,open_alex,false
dblp-34124,open_alex-12263,dblp,open_alex,false
dblp-34140,open_alex-36616,dblp,open_alex,false
dblp-34141,open_alex-43364,dblp,open_alex,false
dblp-34145,open_alex-09169,dblp,open_alex,false
dblp-34165,open_alex-47228,dblp,open_alex,false
dblp-34198,open_alex-32945,dblp,open_alex,false
dblp-34199,open_alex-55637,dblp,open_alex,false
dblp-34204,open_alex-22508,dblp,open_alex,false
dblp-34218,open_alex-25750,dblp,open_alex,false
dblp-34219,open_alex-20366,dblp,open_alex,false
dblp-34219,open_alex-22500,dblp,open_alex,false
dblp-34223,open_alex-18225,dblp,open_alex,false
dblp-34230,open_alex-27279,dblp,open_alex,false
dblp-34236,open_alex-05964,dblp,open_alex,false
dblp-34250,open_alex-34834,dblp,open_alex,false
dblp-34255,open_alex-30457,dblp,open_alex,false
dblp-34265,open_alex-01443,dblp,open_alex,false
dblp-34272,open_alex-43685,dblp,open_alex,false
dblp-34288,open_alex-52523,dblp,open_alex,false
dblp-34307,open_alex-03312,dblp,open_alex,false
dblp-34320,open_alex-14317,dblp,open_alex,false
dblp-34322,open_alex-48424,dblp,open_alex,false
dblp-34362,open_alex-41709,dblp,open_alex,false
dblp-34366,open_alex-54013,dblp,open_alex,false
dblp-34379,open_alex-41807,dblp,open_alex,false
dblp-34391,open_alex-52697,dblp,open_alex,false
dblp-34394,open_alex-52581,dblp,open_alex,false
dblp-34400,open_alex-44687,dblp,open_alex,false
dblp-34401,open_alex-45418,dblp,open_alex,false
dblp-34427,open_alex-11114,dblp,open_alex,false
dblp-34427,open_alex-13426,dblp,open_alex,false
dblp-34432,open_alex-03701,dblp,open_alex,false
dblp-34438,open_alex-45623,dblp,open_alex,false
dblp-34479,open_alex-28542,dblp,open_alex,false
dblp-34497,open_alex-49617,dblp,open_alex,false
dblp-34519,open_alex-04688,dblp,open_alex,false
dblp-34519,open_alex-33889,dblp,open_alex,false
dblp-34526,open_alex-47676,dblp,open_alex,false
dblp-34527,open_alex-10907,dblp,open_alex,false
dblp-34538,open_alex-16827,dblp,open_alex,false
dblp-34564,open_alex-35666,dblp,open_alex,false
dblp-34569,open_alex-18342,dblp,open_alex,false
dblp-34595,open_alex-42925,dblp,open_alex,false
dblp-34598,open_alex-28626,dblp,open_alex,false
dblp-34627,open_alex-16192,dblp,open_alex,false
dblp-34670,open_alex-27560,dblp,open_alex,false
dblp-34676,open_alex-33863,dblp,open_alex,false
dblp-34733,open_alex-43564,dblp,open_alex,false
dblp-34749,open_alex-52749,dblp,open_alex,false
dblp-34791,open_alex-29286,dblp,open_alex,false
dblp-34795,open_alex-54954,dblp,open_alex,false
dblp-34798,open_alex-02498,dblp,open_alex,false
dblp-34805,open_alex-21441,dblp,open_alex,false
dblp-34809,open_alex-09803,dblp,open_alex,false
dblp-34835,open_alex-29333,dblp,open_alex,false
dblp-34843,open_alex-09366,dblp,open_alex,false
dblp-34887,open_alex-28649,dblp,open_alex,false
dblp-34891,open_alex-17891,dblp,open_alex,false
dblp-34944,open_alex-39441,dblp,open_alex,false
dblp-34966,open_alex-59392,dblp,open_alex,false
dblp-34984,open_alex-45967,dblp,open_alex,false
dblp-35044,open_alex-49844,dblp,open_alex,false
dblp-35045,open_alex-34972,dblp,open_alex,false
dblp-35049,open_alex-27647,dblp,open_alex,false
dblp-35082,open_alex-52697,dblp,open_alex,false
dblp-35138,open_alex-45757,dblp,open_alex,false
dblp-35142,open_alex-36911,dblp,open_alex,false
dblp-35145,open_alex-60363,dblp,open_alex,false
dblp-35152,open_alex-46490,dblp,open_alex,false
dblp-35174,open_alex-31156,dblp,open_alex,false
dblp-35188,open_alex-10425,dblp,open_alex,false
dblp-35234,open_alex-20525,dblp,open_alex,false
dblp-35234,open_alex-54011,dblp,open_alex,false
dblp-35264,open_alex-08832,dblp,open_alex,false
dblp-35271,open_alex-08654,dblp,open_alex,false
dblp-35308,open_alex-09058,dblp,open_alex,false
dblp-35308,open_alex-40145,dblp,open_alex,false
dblp-35345,open_alex-03954,dblp,open_alex,false
dblp-35345,open_alex-24523,dblp,open_alex,false
dblp-35353,open_alex-53632,dblp,open_alex,false
dblp-35360,open_alex-12430,dblp,open_alex,false
dblp-35379,open_alex-12016,dblp,open_alex,false
dblp-35394,open_alex-10562,dblp,open_alex,false
dblp-35410,open_alex-40833,dblp,open_alex,false
dblp-35412,open_alex-23751,dblp,open_alex,false
dblp-35417,open_alex-29066,dblp,open_alex,false
dblp-35458,open_alex-42967,dblp,open_alex,false
dblp-35495,open_alex-12700,dblp,open_alex,false
dblp-35514,open_alex-30594,dblp,open_alex,false
dblp-35530,open_alex-01872,dblp,open_alex,false
dblp-35530,open_alex-47451,dblp,open_alex,false
dblp-35552,open_alex-41100,dblp,open_alex,false
dblp-35555,open_alex-11790,dblp,open_alex,false
dblp-35555,open_alex-24334,dblp,open_alex,false
dblp-35601,open_alex-37399,dblp,open_alex,false
dblp-35601,open_alex-46611,dblp,open_alex,false
dblp-35620,open_alex-28384,dblp,open_alex,false
dblp-35626,open_alex-02528,dblp,open_alex,false
dblp-35646,open_alex-57474,dblp,open_alex,false
dblp-35662,open_alex-00942,dblp,open_alex,false
dblp-35662,open_alex-44736,dblp,open_alex,false
dblp-35663,open_alex-30345,dblp,open_alex,false
dblp-35669,open_alex-40313,dblp,open_alex,false
dblp-35673,open_alex-47401,dblp,open_alex,false
dblp-35677,open_alex-34868,dblp,open_alex,false
dblp-35678,open_alex-46408,dblp,open_alex,false
dblp-35714,open_alex-10210,dblp,open_alex,false
dblp-35723,open_alex-37877,dblp,open_alex,false
dblp-35723,open_alex-56622,dblp,open_alex,false
dblp-35730,open_alex-35564,dblp,open_alex,false
dblp-35760,open_alex-03719,dblp,open_alex,false
dblp-35769,open_alex-40851,dblp,open_alex,false
dblp-35779,open_alex-44129,dblp,open_alex,false
dblp-35784,open_alex-55866,dblp,open_alex,false
dblp-35792,open_alex-46251,dblp,open_alex,false
dblp-35827,open_alex-11579,dblp,open_alex,false
dblp-35833,open_alex-26952,dblp,open_alex,false
dblp-35852,open_alex-48431,dblp,open_alex,false
dblp-35855,open_alex-22598,dblp,open_alex,false
dblp-35859,open_alex-07412,dblp,open_alex,false
dblp-35869,open_alex-09366,dblp,open_alex,false
dblp-35869,open_alex-11430,dblp,open_alex,false
dblp-35869,open_alex-44136,dblp,open_alex,false
dblp-35885,open_alex-30059,dblp,open_alex,false
dblp-35885,open_alex-57648,dblp,open_alex,false
dblp-35895,open_alex-06307,dblp,open_alex,false
dblp-35905,open_alex-60606,dblp,open_alex,false
dblp-35907,open_alex-45871,dblp,open_alex,false
dblp-35977,open_alex-37747,dblp,open_alex,false
dblp-36045,open_alex-54721,dblp,open_alex,false
dblp-36084,open_alex-18813,dblp,open_alex,false
dblp-36089,open_alex-42486,dblp,open_alex,false
dblp-36091,open_alex-05781,dblp,open_alex,false
dblp-36104,open_alex-15703,dblp,open_alex,false
dblp-36119,open_alex-23292,dblp,open_alex,false
dblp-36121,open_alex-28356,dblp,open_alex,false
dblp-36127,open_alex-20626,dblp,open_alex,false
dblp-36127,open_alex-57964,dblp,open_alex,false
dblp-36149,open_alex-15965,dblp,open_alex,false
dblp-36152,open_alex-13086,dblp,open_alex,false
dblp-36152,open_alex-35793,dblp,open_alex,false
dblp-36178,open_alex-47503,dblp,open_alex,false
dblp-36182,open_alex-32140,dblp,open_alex,false
dblp-36211,open_alex-32042,dblp,open_alex,false
dblp-36214,open_alex-15288,dblp,open_alex,false
dblp-36225,open_alex-45195,dblp,open_alex,false
dblp-36225,open_alex-57835,dblp,open_alex,false
dblp-36238,open_alex-24008,dblp,open_alex,false
dblp-36247,open_alex-10838,dblp,open_alex,false
dblp-36259,open_alex-52440,dblp,open_alex,false
dblp-36261,open_alex-42825,dblp,open_alex,false
dblp-36266,open_alex-22039,dblp,open_alex,false
dblp-36271,open_alex-48838,dblp,open_alex,false
dblp-36273,open_alex-22708,dblp,open_alex,false
dblp-36276,open_alex-16695,dblp,open_alex,false
dblp-36287,open_alex-56533,dblp,open_alex,false
dblp-36312,open_alex-31939,dblp,open_alex,false
dblp-36348,open_alex-21403,dblp,open_alex,false
dblp-36396,open_alex-50695,dblp,open_alex,false
dblp-36414,open_alex-12950,dblp,open_alex,false
dblp-36440,open_alex-18162,dblp,open_alex,false
dblp-36447,open_alex-54988,dblp,open_alex,false
dblp-36449,open_alex-17583,dblp,open_alex,false
dblp-36454,open_alex-31125,dblp,open_alex,false
dblp-36454,open_alex-41705,dblp,open_alex,false
dblp-36474,open_alex-34449,dblp,open_alex,false
dblp-36480,open_alex-50441,dblp,open_alex,false
dblp-36481,open_alex-57811,dblp,open_alex,false
dblp-36482,open_alex-00013,dblp,open_alex,false
dblp-36482,open_alex-35154,dblp,open_alex,false
dblp-36488,open_alex-45777,dblp,open_alex,false
dblp-36496,open_alex-37795,dblp,open_alex,false
dblp-36516,open_alex-17329,dblp,open_alex,false
dblp-36542,open_alex-31654,dblp,open_alex,false
dblp-36567,open_alex-37627,dblp,open_alex,false
dblp-36571,open_alex-29792,dblp,open_alex,false
dblp-36589,open_alex-08185,dblp,open_alex,false
dblp-36596,open_alex-06288,dblp,open_alex,false
dblp-36601,open_alex-43511,dblp,open_alex,false
dblp-36612,open_alex-43874,dblp,open_alex,false
dblp-36623,open_alex-32522,dblp,open_alex,false
dblp-36623,open_alex-53760,dblp,open_alex,false
dblp-36629,open_alex-22781,dblp,open_alex,false
dblp-36733,open_alex-45506,dblp,open_alex,false
dblp-36740,open_alex-36673,dblp,open_alex,false
dblp-36746,open_alex-02126,dblp,open_alex,false
dblp-36749,open_alex-15559,dblp,open_alex,false
dblp-36781,open_alex-08478,dblp,open_alex,false
dblp-36810,open_alex-19879,dblp,open_alex,false
dblp-36819,open_alex-11714,dblp,open_alex,false
dblp-36841,open_alex-23754,dblp,open_alex,false
dblp-36889,open_alex-40086,dblp,open_alex,false
dblp-36959,open_alex-59771,dblp,open_alex,false
dblp-36983,open_alex-33876,dblp,open_alex,false
dblp-36983,open_alex-42442,dblp,open_alex,false
dblp-36997,open_alex-31046,dblp,open_alex,false
dblp-36998,open_alex-30269,dblp,open_alex,false
dblp-36998,open_alex-34616,dblp,open_alex,false
dblp-37014,open_alex-26409,dblp,open_alex,false
dblp-37048,open_alex-46834,dblp,open_alex,false
dblp-37048,open_alex-52539,dblp,open_alex,false
dblp-37053,open_alex-27752,dblp,open_alex,false
dblp-37068,open_alex-54947,dblp,open_alex,false
dblp-37077,open_alex-15749,dblp,open_alex,false
dblp-37088,open_alex-30070,dblp,open_alex,false
dblp-37093,open_alex-51729,dblp,open_alex,false
dblp-37101,open_alex-34738,dblp,open_alex,false
dblp-37113,open_alex-21184,dblp,open_alex,false
dblp-37113,open_alex-30044,dblp,open_alex,false
dblp-37119,open_alex-00673,dblp,open_alex,false
dblp-37127,open_alex-30199,dblp,open_alex,false
dblp-37139,open_alex-22154,dblp,open_alex,false
dblp-37176,open_alex-16203,dblp,open_alex,false
dblp-37176,open_alex-17202,dblp,open_alex,false
dblp-37176,open_alex-55779,dblp,open_alex,false
dblp-37186,open_alex-44830,dblp,open_alex,false
dblp-37189,open_alex-45307,dblp,open_alex,false
dblp-37209,open_alex-07818,dblp,open_alex,false
dblp-37209,open_alex-19463,dblp,open_alex,false
dblp-37235,open_alex-02082,dblp,open_alex,false
dblp-37235,open_alex-60616,dblp,open_alex,false
dblp-37243,open_alex-43656,dblp,open_alex,false
dblp-37247,open_alex-29367,dblp,open_alex,false
dblp-37263,open_alex-14531,dblp,open_alex,false
dblp-37325,open_alex-09926,dblp,open_alex,false
dblp-37326,open_alex-04058,dblp,open_alex,false
dblp-37342,open_alex-01387,dblp,open_alex,false
dblp-37353,open_alex-54921,dblp,open_alex,false
dblp-37358,open_alex-23680,dblp,open_alex,false
dblp-37364,open_alex-09002,dblp,open_alex,false
dblp-37364,open_alex-13728,dblp,open_alex,false
dblp-37385,open_alex-00848,dblp,open_alex,false
dblp-37401,open_alex-47923,dblp,open_alex,false
dblp-37411,open_alex-00273,dblp,open_alex,false
dblp-37416,open_alex-46767,dblp,open_alex,false
dblp-37440,open_alex-36165,dblp,open_alex,false
dblp-37445,open_alex-13820,dblp,open_alex,false
dblp-37469,open_alex-43233,dblp,open_alex,false
dblp-37475,open_alex-51280,dblp,open_alex,false
dblp-37478,open_alex-51136,dblp,open_alex,false
dblp-37514,open_alex-52891,dblp,open_alex,false
dblp-37546,open_alex-15871,dblp,open_alex,false
dblp-37549,open_alex-11526,dblp,open_alex,false
dblp-37549,open_alex-34105,dblp,open_alex,false
dblp-37554,open_alex-50655,dblp,open_alex,false
dblp-37557,open_alex-11615,dblp,open_alex,false
dblp-37575,open_alex-52677,dblp,open_alex,false
dblp-37595,open_alex-52353,dblp,open_alex,false
dblp-37601,open_alex-60068,dblp,open_alex,false
dblp-37602,open_alex-37150,dblp,open_alex,false
dblp-37620,open_alex-31165,dblp,open_alex,false
dblp-37627,open_alex-28094,dblp,open_alex,false
dblp-37636,open_alex-11377,dblp,open_alex,false
dblp-37683,open_alex-54957,dblp,open_alex,false
dblp-37702,open_alex-50030,dblp,open_alex,false
dblp-37724,open_alex-05231,dblp,open_alex,false
dblp-37724,open_alex-26501,dblp,open_alex,false
dblp-37759,open_alex-27927,dblp,open_alex,false
dblp-37764,open_alex-28911,dblp,open_alex,false
dblp-37765,open_alex-21237,dblp,open_alex,false
dblp-37773,open_alex-16470,dblp,open_alex,false
dblp-37781,open_alex-11079,dblp,open_alex,false
dblp-37786,open_alex-29083,dblp,open_alex,false
dblp-37800,open_alex-49979,dblp,open_alex,false
dblp-37801,open_alex-07514,dblp,open_alex,false
dblp-37806,open_alex-33819,dblp,open_alex,false
dblp-37828,open_alex-55729,dblp,open_alex,false
dblp-37839,open_alex-45402,dblp,open_alex,false
dblp-37867,open_alex-19308,dblp,open_alex,false
dblp-37883,open_alex-17657,dblp,open_alex,false
dblp-37883,open_alex-27121,dblp,open_alex,false
dblp-37901,open_alex-53067,dblp,open_alex,false
dblp-37919,open_alex-00668,dblp,open_alex,false
dblp-37919,open_alex-01390,dblp,open_alex,false
dblp-37919,open_alex-13533,dblp,open_alex,false
dblp-37919,open_alex-18246,dblp,open_alex,false
dblp-37919,open_alex-20277,dblp,open_alex,false
dblp-37933,open_alex-48090,dblp,open_alex,false
dblp-37934,open_alex-44554,dblp,open_alex,false
dblp-37949,open_alex-25641,dblp,open_alex,false
dblp-37966,open_alex-08873,dblp,open_alex,false
dblp-37966,open_alex-13729,dblp,open_alex,false
dblp-37966,open_alex-36582,dblp,open_alex,false
dblp-37980,open_alex-03229,dblp,open_alex,false
dblp-37986,open_alex-15917,dblp,open_alex,false
dblp-37994,open_alex-52037,dblp,open_alex,false
dblp-38013,open_alex-51216,dblp,open_alex,false
dblp-38021,open_alex-02094,dblp,open_alex,false
dblp-38021,open_alex-51282,dblp,open_alex,false
dblp-38027,open_alex-40126,dblp,open_alex,false
dblp-38028,open_alex-32804,dblp,open_alex,false
dblp-38081,open_alex-43064,dblp,open_alex,false
dblp-38086,open_alex-25253,dblp,open_alex,false
dblp-38086,open_alex-39573,dblp,open_alex,false
dblp-38093,open_alex-35527,dblp,open_alex,false
dblp-38111,open_alex-25872,dblp,open_alex,false
dblp-38120,open_alex-12527,dblp,open_alex,false
dblp-38127,open_alex-58531,dblp,open_alex,false
dblp-38133,open_alex-16845,dblp,open_alex,false
dblp-38208,open_alex-18442,dblp,open_alex,false
dblp-38222,open_alex-39715,dblp,open_alex,false
dblp-38235,open_alex-45786,dblp,open_alex,false
dblp-38242,open_alex-43131,dblp,open_alex,false
dblp-38245,open_alex-12981,dblp,open_alex,false
dblp-38245,open_alex-14480,dblp,open_alex,false
dblp-38251,open_alex-43150,dblp,open_alex,false
dblp-38253,open_alex-52275,dblp,open_alex,false
dblp-38270,open_alex-43003,dblp,open_alex,false
dblp-38296,open_alex-00202,dblp,open_alex,false
dblp-38296,open_alex-52555,dblp,open_alex,false
dblp-38301,open_alex-35021,dblp,open_alex,false
dblp-38340,open_alex-23292,dblp,open_alex,false
dblp-38340,open_alex-53959,dblp,open_alex,false
dblp-38350,open_alex-44072,dblp,open_alex,false
dblp-38363,open_alex-48056,dblp,open_alex,false
dblp-38369,open_alex-13259,dblp,open_alex,false
dblp-38369,open_alex-46682,dblp,open_alex,false
dblp-38378,open_alex-60500,dblp,open_alex,false
dblp-38420,open_alex-22363,dblp,open_alex,false
dblp-38443,open_alex-06846,dblp,open_alex,false
dblp-38457,open_alex-51970,dblp,open_alex,false
dblp-38478,open_alex-50481,dblp,open_alex,false
dblp-38521,open_alex-43869,dblp,open_alex,false
dblp-38537,open_alex-30200,dblp,open_alex,false
dblp-38544,open_alex-17047,dblp,open_alex,false
dblp-38566,open_alex-01326,dblp,open_alex,false
dblp-38572,open_alex-48134,dblp,open_alex,false
dblp-38582,open_alex-47429,dblp,open_alex,false
dblp-38583,open_alex-49757,dblp,open_alex,false
dblp-38610,open_alex-49089,dblp,open_alex,false
dblp-38657,open_alex-42574,dblp,open_alex,false
dblp-38661,open_alex-04562,dblp,open_alex,false
dblp-38661,open_alex-27362,dblp,open_alex,false
dblp-38661,open_alex-29662,dblp,open_alex,false
dblp-38667,open_alex-58158,dblp,open_alex,false
dblp-38671,open_alex-18042,dblp,open_alex,false
dblp-38701,open_alex-21894,dblp,open_alex,false
dblp-38702,open_alex-05348,dblp,open_alex,false
dblp-38769,open_alex-60277,dblp,open_alex,false
dblp-38812,open_alex-05941,dblp,open_alex,false
dblp-38828,open_alex-03113,dblp,open_alex,false
dblp-38841,open_alex-05012,dblp,open_alex,false
dblp-38854,open_alex-17979,dblp,open_alex,false
dblp-38858,open_alex-37671,dblp,open_alex,false
dblp-38864,open_alex-28175,dblp,open_alex,false
dblp-38924,open_alex-31339,dblp,open_alex,false
dblp-38956,open_alex-40215,dblp,open_alex,false
dblp-38958,open_alex-30928,dblp,open_alex,false
dblp-38983,open_alex-44011,dblp,open_alex,false
dblp-38992,open_alex-31640,dblp,open_alex,false
dblp-39013,open_alex-22503,dblp,open_alex,false
dblp-39031,open_alex-30612,dblp,open_alex,false
dblp-39049,open_alex-32242,dblp,open_alex,false
dblp-39057,open_alex-01371,dblp,open_alex,false
dblp-39066,open_alex-43264,dblp,open_alex,false
dblp-39101,open_alex-06459,dblp,open_alex,false
dblp-39117,open_alex-60637,dblp,open_alex,false
dblp-39120,open_alex-54192,dblp,open_alex,false
dblp-39122,open_alex-30661,dblp,open_alex,false
dblp-39122,open_alex-39590,dblp,open_alex,false
dblp-39149,open_alex-35741,dblp,open_alex,false
dblp-39149,open_alex-37943,dblp,open_alex,false
dblp-39160,open_alex-36360,dblp,open_alex,false
dblp-39165,open_alex-04702,dblp,open_alex,false
dblp-39166,open_alex-11011,dblp,open_alex,false
dblp-39173,open_alex-07932,dblp,open_alex,false
dblp-39183,open_alex-55988,dblp,open_alex,false
dblp-39203,open_alex-49816,dblp,open_alex,false
dblp-39226,open_alex-08231,dblp,open_alex,false
dblp-39241,open_alex-01428,dblp,open_alex,false
dblp-39251,open_alex-14843,dblp,open_alex,false
dblp-39285,open_alex-41303,dblp,open_alex,false
dblp-39289,open_alex-50659,dblp,open_alex,false
dblp-39292,open_alex-41416,dblp,open_alex,false
dblp-39324,open_alex-16604,dblp,open_alex,false
dblp-39381,open_alex-09892,dblp,open_alex,false
dblp-39406,open_alex-24396,dblp,open_alex,false
dblp-39430,open_alex-55334,dblp,open_alex,false
dblp-39431,open_alex-31026,dblp,open_alex,false
dblp-39438,open_alex-14010,dblp,open_alex,false
dblp-39480,open_alex-47117,dblp,open_alex,false
dblp-39498,open_alex-01061,dblp,open_alex,false
dblp-39502,open_alex-21104,dblp,open_alex,false
dblp-39512,open_alex-58404,dblp,open_alex,false
dblp-39525,open_alex-17900,dblp,open_alex,false
dblp-39546,open_alex-17404,dblp,open_alex,false
dblp-39546,open_alex-33018,dblp,open_alex,false
dblp-39550,open_alex-09731,dblp,open_alex,false
dblp-39550,open_alex-41517,dblp,open_alex,false
dblp-39571,open_alex-12715,dblp,open_alex,false
dblp-39595,open_alex-09006,dblp,open_alex,false
dblp-39595,open_alex-19519,dblp,open_alex,false
dblp-39595,open_alex-38441,dblp,open_alex,false
dblp-39600,open_alex-54228,dblp,open_alex,false
dblp-39607,open_alex-02331,dblp,open_alex,false
dblp-39608,open_alex-18770,dblp,open_alex,false
dblp-39638,open_alex-51280,dblp,open_alex,false
dblp-39639,open_alex-42341,dblp,open_alex,false
dblp-39655,open_alex-32514,dblp,open_alex,false
dblp-39658,open_alex-35020,dblp,open_alex,false
dblp-39662,open_alex-48707,dblp,open_alex,false
dblp-39672,open_alex-50542,dblp,open_alex,false
dblp-39677,open_alex-19005,dblp,open_alex,false
dblp-39679,open_alex-07122,dblp,open_alex,false
dblp-39687,open_alex-08228,dblp,open_alex,false
dblp-39688,open_alex-10769,dblp,open_alex,false
dblp-39694,open_alex-37096,dblp,open_alex,false
dblp-39727,open_alex-60627,dblp,open_alex,false
dblp-39736,open_alex-45145,dblp,open_alex,false
dblp-39750,open_alex-35104,dblp,open_alex,false
dblp-39769,open_alex-14081,dblp,open_alex,false
dblp-39773,open_alex-07978,dblp,open_alex,false
dblp-39775,open_alex-12478,dblp,open_alex,false
dblp-39775,open_alex-35449,dblp,open_alex,false
dblp-39782,open_alex-56653,dblp,open_alex,false
dblp-39787,open_alex-25505,dblp,open_alex,false
dblp-39798,open_alex-30322,dblp,open_alex,false
dblp-39834,open_alex-56155,dblp,open_alex,false
dblp-39839,open_alex-22227,dblp,open_alex,false
dblp-39843,open_alex-32165,dblp,open_alex,false
dblp-39849,open_alex-58969,dblp,open_alex,false
dblp-39857,open_alex-43493,dblp,open_alex,false
dblp-39869,open_alex-23362,dblp,open_alex,false
dblp-39898,open_alex-53438,dblp,open_alex,false
dblp-39957,open_alex-22332,dblp,open_alex,false
dblp-39982,open_alex-56402,dblp,open_alex,false
dblp-40018,open_alex-52928,dblp,open_alex,false
dblp-40046,open_alex-15217,dblp,open_alex,false
dblp-40068,open_alex-16231,dblp,open_alex,false
dblp-40073,open_alex-42992,dblp,open_alex,false
dblp-40075,open_alex-12307,dblp,open_alex,false
dblp-40083,open_alex-36856,dblp,open_alex,false
dblp-40093,open_alex-52141,dblp,open_alex,false
dblp-40098,open_alex-25642,dblp,open_alex,false
dblp-40098,open_alex-45851,dblp,open_alex,false
dblp-40106,open_alex-50404,dblp,open_alex,false
dblp-40143,open_alex-28471,dblp,open_alex,false
dblp-40203,open_alex-51801,dblp,open_alex,false
dblp-40213,open_alex-51026,dblp,open_alex,false
dblp-40234,open_alex-12796,dblp,open_alex,false
dblp-40241,open_alex-26076,dblp,open_alex,false
dblp-40245,open_alex-50946,dblp,open_alex,false
dblp-40269,open_alex-33882,dblp,open_alex,false
dblp-40281,open_alex-43494,dblp,open_alex,false
dblp-40295,open_alex-55514,dblp,open_alex,false
dblp-40316,open_alex-21973,dblp,open_alex,false
dblp-40322,open_alex-04441,dblp,open_alex,false
dblp-40330,open_alex-05582,dblp,open_alex,false
dblp-40333,open_alex-51136,dblp,open_alex,false
dblp-40378,open_alex-50481,dblp,open_alex,false
dblp-40385,open_alex-49771,dblp,open_alex,false
dblp-40400,open_alex-41305,dblp,open_alex,false
dblp-40415,open_alex-09381,dblp,open_alex,false
dblp-40426,open_alex-17498,dblp,open_alex,false
dblp-40432,open_alex-37386,dblp,open_alex,false
dblp-40442,open_alex-07055,dblp,open_alex,false
dblp-40448,open_alex-39207,dblp,open_alex,false
dblp-40478,open_alex-20676,dblp,open_alex,false
dblp-40485,open_alex-44355,dblp,open_alex,false
dblp-40517,open_alex-12000,dblp,open_alex,false
dblp-40519,open_alex-06807,dblp,open_alex,false
dblp-40536,open_alex-31717,dblp,open_alex,false
dblp-40536,open_alex-35806,dblp,open_alex,false
dblp-40558,open_alex-56118,dblp,open_alex,false
dblp-40560,open_alex-47443,dblp,open_alex,false
dblp-40570,open_alex-00575,dblp,open_alex,false
dblp-40608,open_alex-01440,dblp,open_alex,false
dblp-40608,open_alex-10815,dblp,open_alex,false
dblp-40610,open_alex-25529,dblp,open_alex,false
dblp-40628,open_alex-46795,dblp,open_alex,false
dblp-40650,open_alex-04579,dblp,open_alex,false
dblp-40657,open_alex-58458,dblp,open_alex,false
dblp-40688,open_alex-33667,dblp,open_alex,false
dblp-40732,open_alex-17301,dblp,open_alex,false
dblp-40737,open_alex-48163,dblp,open_alex,false
dblp-40739,open_alex-44779,dblp,open_alex,false
dblp-40780,open_alex-26438,dblp,open_alex,false
dblp-40791,open_alex-17244,dblp,open_alex,false
dblp-40819,open_alex-27400,dblp,open_alex,false
dblp-40822,open_alex-48229,dblp,open_alex,false
dblp-40824,open_alex-08310,dblp,open_alex,false
dblp-40824,open_alex-33036,dblp,open_alex,false
dblp-40824,open_alex-60335,dblp,open_alex,false
dblp-40825,open_alex-40493,dblp,open_alex,false
dblp-40834,open_alex-37250,dblp,open_alex,false
dblp-40848,open_alex-33125,dblp,open_alex,false
dblp-40868,open_alex-42163,dblp,open_alex,false
dblp-40868,open_alex-57904,dblp,open_alex,false
dblp-40872,open_alex-46783,dblp,open_alex,false
dblp-40881,open_alex-55797,dblp,open_alex,false
dblp-40904,open_alex-27646,dblp,open_alex,false
dblp-40912,open_alex-02186,dblp,open_alex,false
dblp-40913,open_alex-14770,dblp,open_alex,false
dblp-40922,open_alex-48962,dblp,open_alex,false
dblp-40929,open_alex-59468,dblp,open_alex,false
dblp-40942,open_alex-41288,dblp,open_alex,false
dblp-40946,open_alex-24072,dblp,open_alex,false
dblp-40956,open_alex-17735,dblp,open_alex,false
dblp-40993,open_alex-41569,dblp,open_alex,false
dblp-41007,open_alex-47228,dblp,open_alex,false
dblp-41020,open_alex-49076,dblp,open_alex,false
dblp-41030,open_alex-10462,dblp,open_alex,false
dblp-41052,open_alex-27558,dblp,open_alex,false
dblp-41054,open_alex-54000,dblp,open_alex,false
dblp-41058,open_alex-41497,dblp,open_alex,false
dblp-41099,open_alex-60511,dblp,open_alex,false
dblp-41110,open_alex-11963,dblp,open_alex,false
dblp-41110,open_alex-45218,dblp,open_alex,false
dblp-41116,open_alex-34336,dblp,open_alex,false
dblp-41137,open_alex-29644,dblp,open_alex,false
dblp-41140,open_alex-60424,dblp,open_alex,false
dblp-41174,open_alex-02265,dblp,open_alex,false
dblp-41177,open_alex-34101,dblp,open_alex,false
dblp-41179,open_alex-12760,dblp,open_alex,false
dblp-41217,open_alex-53135,dblp,open_alex,false
dblp-41242,open_alex-12106,dblp,open_alex,false
dblp-41246,open_alex-27305,dblp,open_alex,false
dblp-41252,open_alex-51091,dblp,open_alex,false
dblp-41261,open_alex-36454,dblp,open_alex,false
dblp-41329,open_alex-05831,dblp,open_alex,false
dblp-41336,open_alex-59520,dblp,open_alex,false
dblp-41336,open_alex-60393,dblp,open_alex,false
dblp-41345,open_alex-46890,dblp,open_alex,false
dblp-41350,open_alex-05708,dblp,open_alex,false
dblp-41355,open_alex-31686,dblp,open_alex,false
dblp-41361,open_alex-23361,dblp,open_alex,false
dblp-41372,open_alex-57516,dblp,open_alex,false
dblp-41404,open_alex-58850,dblp,open_alex,false
dblp-41413,open_alex-47242,dblp,open_alex,false
dblp-41418,open_alex-02111,dblp,open_alex,false
dblp-41451,open_alex-38435,dblp,open_alex,false
dblp-41453,open_alex-11629,dblp,open_alex,false
dblp-41489,open_alex-25716,dblp,open_alex,false
dblp-41489,open_alex-46748,dblp,open_alex,false
dblp-41514,open_alex-41352,dblp,open_alex,false
dblp-41538,open_alex-34643,dblp,open_alex,false
dblp-41546,open_alex-55311,dblp,open_alex,false
dblp-41551,open_alex-10769,dblp,open_alex,false
dblp-41562,open_alex-36084,dblp,open_alex,false
dblp-41582,open_alex-31793,dblp,open_alex,false
dblp-41583,open_alex-18714,dblp,open_alex,false
dblp-41586,open_alex-10038,dblp,open_alex,false
dblp-41593,open_alex-03821,dblp,open_alex,false
dblp-41625,open_alex-58680,dblp,open_alex,false
dblp-41626,open_alex-51032,dblp,open_alex,false
dblp-41631,open_alex-17730,dblp,open_alex,false
dblp-41654,open_alex-55626,dblp,open_alex,false
dblp-41681,open_alex-31985,dblp,open_alex,false
dblp-41702,open_alex-18264,dblp,open_alex,false
dblp-41738,open_alex-12447,dblp,open_alex,false
dblp-41763,open_alex-03588,dblp,open_alex,false
dblp-41763,open_alex-47722,dblp,open_alex,false
dblp-41784,open_alex-39719,dblp,open_alex,false
dblp-41806,open_alex-28642,dblp,open_alex,false
dblp-41827,open_alex-01905,dblp,open_alex,false
dblp-41834,open_alex-17922,dblp,open_alex,false
dblp-41834,open_alex-22344,dblp,open_alex,false
dblp-41847,open_alex-25759,dblp,open_alex,false
dblp-41854,open_alex-60505,dblp,open_alex,false
dblp-41877,open_alex-49893,dblp,open_alex,false
dblp-41880,open_alex-39306,dblp,open_alex,false
dblp-41888,open_alex-04528,dblp,open_alex,false
dblp-41888,open_alex-43491,dblp,open_alex,false
dblp-41896,open_alex-50781,dblp,open_alex,false
dblp-41912,open_alex-39511,dblp,open_alex,false
dblp-41951,open_alex-46589,dblp,open_alex,false
dblp-41953,open_alex-01003,dblp,open_alex,false
dblp-42038,open_alex-51351,dblp,open_alex,false
dblp-42052,open_alex-21572,dblp,open_alex,false
dblp-42076,open_alex-40179,dblp,open_alex,false
dblp-42140,open_alex-58723,dblp,open_alex,false
dblp-42150,open_alex-18167,dblp,open_alex,false
dblp-42162,open_alex-13479,dblp,open_alex,false
dblp-42164,open_alex-59679,dblp,open_alex,false
dblp-42168,open_alex-22605,dblp,open_alex,false
dblp-42179,open_alex-15161,dblp,open_alex,false
dblp-42187,open_alex-35742,dblp,open_alex,false
dblp-42193,open_alex-12293,dblp,open_alex,false
dblp-42193,open_alex-51975,dblp,open_alex,false
dblp-42202,open_alex-57873,dblp,open_alex,false
dblp-42271,open_alex-27708,dblp,open_alex,false
dblp-42275,open_alex-01918,dblp,open_alex,false
dblp-42276,open_alex-01751,dblp,open_alex,false
dblp-42279,open_alex-34848,dblp,open_alex,false
dblp-42307,open_alex-60648,dblp,open_alex,false
dblp-42331,open_alex-40656,dblp,open_alex,false
dblp-42342,open_alex-23013,dblp,open_alex,false
dblp-42342,open_alex-42166,dblp,open_alex,false
dblp-42343,open_alex-35610,dblp,open_alex,false
dblp-42357,open_alex-52379,dblp,open_alex,false
dblp-42360,open_alex-16286,dblp,open_alex,false
dblp-42387,open_alex-01390,dblp,open_alex,false
dblp-42392,open_alex-39345,dblp,open_alex,false
dblp-42397,open_alex-21735,dblp,open_alex,false
dblp-42408,open_alex-18086,dblp,open_alex,false
dblp-42414,open_alex-50195,dblp,open_alex,false
dblp-42463,open_alex-18810,dblp,open_alex,false
dblp-42473,open_alex-02043,dblp,open_alex,false
dblp-42479,open_alex-56858,dblp,open_alex,false
dblp-42483,open_alex-44956,dblp,open_alex,false
dblp-42502,open_alex-41219,dblp,open_alex,false
dblp-42505,open_alex-06075,dblp,open_alex,false
dblp-42505,open_alex-44136,dblp,open_alex,false
dblp-42539,open_alex-37086,dblp,open_alex,false
dblp-42559,open_alex-45588,dblp,open_alex,false
dblp-42601,open_alex-03777,dblp,open_alex,false
dblp-42640,open_alex-36272,dblp,open_alex,false
dblp-42643,open_alex-48216,dblp,open_alex,false
dblp-42665,open_alex-25329,dblp,open_alex,false
dblp-42704,open_alex-34367,dblp,open_alex,false
dblp-42740,open_alex-08114,dblp,open_alex,false
dblp-42772,open_alex-40539,dblp,open_alex,false
dblp-42792,open_alex-37110,dblp,open_alex,false
dblp-42795,open_alex-40450,dblp,open_alex,false
dblp-42820,open_alex-60263,dblp,open_alex,false
dblp-42824,open_alex-45735,dblp,open_alex,false
dblp-42834,open_alex-38803,dblp,open_alex,false
dblp-42848,open_alex-45424,dblp,open_alex,false
dblp-42855,open_alex-28452,dblp,open_alex,false
dblp-42884,open_alex-08376,dblp,open_alex,false
dblp-42890,open_alex-06485,dblp,open_alex,false
dblp-42892,open_alex-08903,dblp,open_alex,false
dblp-42907,open_alex-34939,dblp,open_alex,false
dblp-42972,open_alex-57938,dblp,open_alex,false
dblp-42988,open_alex-12064,dblp,open_alex,false
dblp-42999,open_alex-40428,dblp,open_alex,false
dblp-43011,open_alex-43418,dblp,open_alex,false
dblp-43028,open_alex-44373,dblp,open_alex,false
dblp-43104,open_alex-33408,dblp,open_alex,false
dblp-43105,open_alex-49095,dblp,open_alex,false
dblp-43127,open_alex-02944,dblp,open_alex,false
dblp-43127,open_alex-27085,dblp,open_alex,false
dblp-43138,open_alex-35403,dblp,open_alex,false
dblp-43155,open_alex-32212,dblp,open_alex,false
dblp-43163,open_alex-04762,dblp,open_alex,false
dblp-43164,open_alex-51921,dblp,open_alex,false
dblp-43172,open_alex-01453,dblp,open_alex,false
dblp-43200,open_alex-19088,dblp,open_alex,false
dblp-43217,open_alex-09995,dblp,open_alex,false
dblp-43236,open_alex-11367,dblp,open_alex,false
dblp-43244,open_alex-56112,dblp,open_alex,false
dblp-43259,open_alex-43946,dblp,open_alex,false
dblp-43261,open_alex-41495,dblp,open_alex,false
dblp-43265,open_alex-27060,dblp,open_alex,false
dblp-43273,open_alex-36090,dblp,open_alex,false
dblp-43290,open_alex-43627,dblp,open_alex,false
dblp-43293,open_alex-39262,dblp,open_alex,false
dblp-43302,open_alex-28499,dblp,open_alex,false
dblp-43334,open_alex-36763,dblp,open_alex,false
dblp-43345,open_alex-21593,dblp,open_alex,false
dblp-43352,open_alex-06181,dblp,open_alex,false
dblp-43365,open_alex-22103,dblp,open_alex,false
dblp-43411,open_alex-16686,dblp,open_alex,false
dblp-43435,open_alex-27271,dblp,open_alex,false
dblp-43457,open_alex-58247,dblp,open_alex,false
dblp-43478,open_alex-40270,dblp,open_alex,false
dblp-43489,open_alex-07982,dblp,open_alex,false
dblp-43489,open_alex-46767,dblp,open_alex,false
dblp-43497,open_alex-30489,dblp,open_alex,false
dblp-43505,open_alex-04814,dblp,open_alex,false
dblp-43515,open_alex-30196,dblp,open_alex,false
dblp-43518,open_alex-34367,dblp,open_alex,false
dblp-43520,open_alex-05298,dblp,open_alex,false
dblp-43528,open_alex-15409,dblp,open_alex,false
dblp-43528,open_alex-22775,dblp,open_alex,false
dblp-43530,open_alex-35091,dblp,open_alex,false
dblp-43577,open_alex-30100,dblp,open_alex,false
dblp-43621,open_alex-25922,dblp,open_alex,false
dblp-43630,open_alex-11474,dblp,open_alex,false
dblp-43635,open_alex-22806,dblp,open_alex,false
dblp-43653,open_alex-59449,dblp,open_alex,false
dblp-43658,open_alex-35495,dblp,open_alex,false
dblp-43658,open_alex-36473,dblp,open_alex,false
dblp-43672,open_alex-41275,dblp,open_alex,false
dblp-43674,open_alex-39880,dblp,open_alex,false
dblp-43680,open_alex-41868,dblp,open_alex,false
dblp-43694,open_alex-37187,dblp,open_alex,false
dblp-43695,open_alex-44672,dblp,open_alex,false
dblp-43696,open_alex-12764,dblp,open_alex,false
dblp-43696,open_alex-25302,dblp,open_alex,false
dblp-43699,open_alex-19127,dblp,open_alex,false
dblp-43704,open_alex-23148,dblp,open_alex,false
dblp-43726,open_alex-57299,dblp,open_alex,false
dblp-43734,open_alex-26392,dblp,open_alex,false
dblp-43741,open_alex-45934,dblp,open_alex,false
dblp-43749,open_alex-48919,dblp,open_alex,false
dblp-43762,open_alex-16529,dblp,open_alex,false
dblp-43781,open_alex-22397,dblp,open_alex,false
dblp-43782,open_alex-24069,dblp,open_alex,false
dblp-43818,open_alex-35469,dblp,open_alex,false
dblp-43832,open_alex-44383,dblp,open_alex,false
dblp-43853,open_alex-03379,dblp,open_alex,false
dblp-43860,open_alex-00942,dblp,open_alex,false
dblp-43863,open_alex-11870,dblp,open_alex,false
dblp-43873,open_alex-56778,dblp,open_alex,false
dblp-43874,open_alex-46764,dblp,open_alex,false
dblp-43893,open_alex-13578,dblp,open_alex,false
dblp-43898,open_alex-39634,dblp,open_alex,false
dblp-43931,open_alex-08365,dblp,open_alex,false
dblp-43932,open_alex-21814,dblp,open_alex,false
dblp-43932,open_alex-50070,dblp,open_alex,false
dblp-43957,open_alex-50716,dblp,open_alex,false
dblp-43960,open_alex-51249,dblp,open_alex,false
dblp-43972,open_alex-33753,dblp,open_alex,false
dblp-44005,open_alex-31962,dblp,open_alex,false
dblp-44005,open_alex-52000,dblp,open_alex,false
dblp-44026,open_alex-11783,dblp,open_alex,false
dblp-44046,open_alex-05458,dblp,open_alex,false
dblp-44047,open_alex-35782,dblp,open_alex,false
dblp-44059,open_alex-58158,dblp,open_alex,false
dblp-44079,open_alex-43799,dblp,open_alex,false
dblp-44126,open_alex-48721,dblp,open_alex,false
dblp-44129,open_alex-01888,dblp,open_alex,false
dblp-44136,open_alex-45930,dblp,open_alex,false
dblp-44170,open_alex-47676,dblp,open_alex,false
dblp-44211,open_alex-49964,dblp,open_alex,false
dblp-44270,open_alex-59557,dblp,open_alex,false
dblp-44286,open_alex-27976,dblp,open_alex,false
dblp-44287,open_alex-30092,dblp,open_alex,false
dblp-44317,open_alex-37522,dblp,open_alex,false
dblp-44366,open_alex-55020,dblp,open_alex,false
dblp-44389,open_alex-58843,dblp,open_alex,false
dblp-44390,open_alex-35244,dblp,open_alex,false
dblp-44390,open_alex-37453,dblp,open_alex,false
dblp-44400,open_alex-46634,dblp,open_alex,false
dblp-44401,open_alex-50279,dblp,open_alex,false
dblp-44421,open_alex-31064,dblp,open_alex,false
dblp-44445,open_alex-32142,dblp,open_alex,false
dblp-44487,open_alex-21212,dblp,open_alex,false
dblp-44489,open_alex-18237,dblp,open_alex,false
dblp-44489,open_alex-44506,dblp,open_alex,false
dblp-44495,open_alex-03025,dblp,open_alex,false
dblp-44532,open_alex-41995,dblp,open_alex,false
dblp-44556,open_alex-16852,dblp,open_alex,false
dblp-44558,open_alex-41364,dblp,open_alex,false
dblp-44567,open_alex-41868,dblp,open_alex,false
dblp-44598,open_alex-13472,dblp,open_alex,false
dblp-44599,open_alex-50238,dblp,open_alex,false
dblp-44607,open_alex-00514,dblp,open_alex,false
dblp-44636,open_alex-33041,dblp,open_alex,false
dblp-44636,open_alex-51241,dblp,open_alex,false
dblp-44658,open_alex-43897,dblp,open_alex,false
dblp-44661,open_alex-42780,dblp,open_alex,false
dblp-44689,open_alex-00278,dblp,open_alex,false
dblp-44689,open_alex-55777,dblp,open_alex,false
dblp-44703,open_alex-55173,dblp,open_alex,false
dblp-44713,open_alex-29037,dblp,open_alex,false
dblp-44745,open_alex-58962,dblp,open_alex,false
dblp-44771,open_alex-02697,dblp,open_alex,false
dblp-44793,open_alex-17802,dblp,open_alex,false
dblp-44802,open_alex-17930,dblp,open_alex,false
dblp-44852,open_alex-45623,dblp,open_alex,false
dblp-44858,open_alex-26455,dblp,open_alex,false
dblp-44858,open_alex-58581,dblp,open_alex,false
dblp-44879,open_alex-14578,dblp,open_alex,false
dblp-44903,open_alex-16207,dblp,open_alex,false
dblp-44952,open_alex-54106,dblp,open_alex,false
dblp-44964,open_alex-05205,dblp,open_alex,false
dblp-44982,open_alex-32593,dblp,open_alex,false
dblp-45013,open_alex-34339,dblp,open_alex,false
dblp-45022,open_alex-32148,dblp,open_alex,false
dblp-45024,open_alex-43385,dblp,open_alex,false
dblp-45030,open_alex-48104,dblp,open_alex,false
dblp-45032,open_alex-54574,dblp,open_alex,false
dblp-45035,open_alex-13819,dblp,open_alex,false
dblp-45047,open_alex-19527,dblp,open_alex,false
dblp-45049,open_alex-59851,dblp,open_alex,false
dblp-45051,open_alex-37638,dblp,open_alex,false
dblp-45051,open_alex-52242,dblp,open_alex,false
dblp-45051,open_alex-55223,dblp,open_alex,false
dblp-45059,open_alex-03555,dblp,open_alex,false
dblp-45059,open_alex-24903,dblp,open_alex,false
dblp-45071,open_alex-22527,dblp,open_alex,false
dblp-45077,open_alex-51299,dblp,open_alex,false
dblp-45092,open_alex-36688,dblp,open_alex,false
dblp-45120,open_alex-38898,dblp,open_alex,false
dblp-45126,open_alex-11930,dblp,open_alex,false
dblp-45133,open_alex-03425,dblp,open_alex,false
dblp-45146,open_alex-46816,dblp,open_alex,false
dblp-45170,open_alex-57717,dblp,open_alex,false
dblp-45189,open_alex-09044,dblp,open_alex,false
dblp-45189,open_alex-20020,dblp,open_alex,false
dblp-45195,open_alex-53958,dblp,open_alex,false
dblp-45225,open_alex-35708,dblp,open_alex,false
dblp-45262,open_alex-04363,dblp,open_alex,false
dblp-45263,open_alex-44390,dblp,open_alex,false
dblp-45271,open_alex-60505,dblp,open_alex,false
dblp-45300,open_alex-41920,dblp,open_alex,false
dblp-45306,open_alex-19472,dblp,open_alex,false
dblp-45306,open_alex-49029,dblp,open_alex,false
dblp-45309,open_alex-16813,dblp,open_alex,false
dblp-45335,open_alex-42183,dblp,open_alex,false
dblp-45340,open_alex-31893,dblp,open_alex,false
dblp-45347,open_alex-42451,dblp,open_alex,false
dblp-45387,open_alex-44713,dblp,open_alex,false
dblp-45389,open_alex-16367,dblp,open_alex,false
dblp-45446,open_alex-13821,dblp,open_alex,false
dblp-45463,open_alex-45537,dblp,open_alex,false
dblp-45497,open_alex-11710,dblp,open_alex,false
dblp-45511,open_alex-26297,dblp,open_alex,false
dblp-45513,open_alex-57619,dblp,open_alex,false
dblp-45537,open_alex-28077,dblp,open_alex,false
dblp-45548,open_alex-23933,dblp,open_alex,false
dblp-45548,open_alex-60674,dblp,open_alex,false
dblp-45552,open_alex-45744,dblp,open_alex,false
dblp-45616,open_alex-12052,dblp,open_alex,false
dblp-45617,open_alex-46188,dblp,open_alex,false
dblp-45624,open_alex-49137,dblp,open_alex,false
dblp-45631,open_alex-01256,dblp,open_alex,false
dblp-45650,open_alex-51310,dblp,open_alex,false
dblp-45652,open_alex-07707,dblp,open_alex,false
dblp-45715,open_alex-34213,dblp,open_alex,false
dblp-45726,open_alex-29600,dblp,open_alex,false
dblp-45729,open_alex-22575,dblp,open_alex,false
dblp-45759,open_alex-06198,dblp,open_alex,false
dblp-45775,open_alex-26892,dblp,open_alex,false
dblp-45778,open_alex-07215,dblp,open_alex,false
dblp-45787,open_alex-16793,dblp,open_alex,false
dblp-45787,open_alex-51255,dblp,open_alex,false
dblp-45795,open_alex-29611,dblp,open_alex,false
dblp-45810,open_alex-50233,dblp,open_alex,false
dblp-45811,open_alex-43547,dblp,open_alex,false
dblp-45829,open_alex-48909,dblp,open_alex,false
dblp-45834,open_alex-33855,dblp,open_alex,false
dblp-45846,open_alex-20524,dblp,open_alex,false
dblp-45854,open_alex-33497,dblp,open_alex,false
dblp-45864,open_alex-39527,dblp,open_alex,false
dblp-45868,open_alex-29341,dblp,open_alex,false
dblp-45879,open_alex-45856,dblp,open_alex,false
dblp-45887,open_alex-50404,dblp,open_alex,false
dblp-45924,open_alex-34906,dblp,open_alex,false
dblp-45944,open_alex-35734,dblp,open_alex,false
dblp-45944,open_alex-48871,dblp,open_alex,false
dblp-45984,open_alex-54835,dblp,open_alex,false
dblp-45990,open_alex-16172,dblp,open_alex,false
dblp-46012,open_alex-07905,dblp,open_alex,false
dblp-46017,open_alex-05175,dblp,open_alex,false
dblp-46017,open_alex-11887,dblp,open_alex,false
dblp-46027,open_alex-07264,dblp,open_alex,false
dblp-46107,open_alex-29364,dblp,open_alex,false
dblp-46116,open_alex-34175,dblp,open_alex,false
dblp-46137,open_alex-09658,dblp,open_alex,false
dblp-46148,open_alex-29266,dblp,open_alex,false
dblp-46152,open_alex-04468,dblp,open_alex,false
dblp-46152,open_alex-05348,dblp,open_alex,false
dblp-46162,open_alex-08014,dblp,open_alex,false
dblp-46162,open_alex-36436,dblp,open_alex,false
dblp-46171,open_alex-37260,dblp,open_alex,false
dblp-46178,open_alex-12195,dblp,open_alex,false
dblp-46189,open_alex-49598,dblp,open_alex,false
dblp-46192,open_alex-12700,dblp,open_alex,false
dblp-46199,open_alex-51855,dblp,open_alex,false
dblp-46211,open_alex-47046,dblp,open_alex,false
dblp-46217,open_alex-27074,dblp,open_alex,false
dblp-46234,open_alex-57600,dblp,open_alex,false
dblp-46245,open_alex-50327,dblp,open_alex,false
dblp-46263,open_alex-02381,dblp,open_alex,false
dblp-46267,open_alex-32909,dblp,open_alex,false
dblp-46296,open_alex-31229,dblp,open_alex,false
dblp-46298,open_alex-27067,dblp,open_alex,false
dblp-46301,open_alex-24678,dblp,open_alex,false
dblp-46333,open_alex-52919,dblp,open_alex,false
dblp-46408,open_alex-42721,dblp,open_alex,false
dblp-46408,open_alex-47428,dblp,open_alex,false
dblp-46444,open_alex-15738,dblp,open_alex,false
dblp-46454,open_alex-40155,dblp,open_alex,false
dblp-46461,open_alex-46061,dblp,open_alex,false
dblp-46463,open_alex-06091,dblp,open_alex,false
dblp-46469,open_alex-21020,dblp,open_alex,false
dblp-46487,open_alex-54186,dblp,open_alex,false
dblp-46490,open_alex-48267,dblp,open_alex,false
dblp-46522,open_alex-49891,dblp,open_alex,false
dblp-46528,open_alex-43812,dblp,open_alex,false
dblp-46533,open_alex-41132,dblp,open_alex,false
dblp-46535,open_alex-09973,dblp,open_alex,false
dblp-46537,open_alex-25697,dblp,open_alex,false
dblp-46544,open_alex-44449,dblp,open_alex,false
dblp-46563,open_alex-03122,dblp,open_alex,false
dblp-46563,open_alex-49988,dblp,open_alex,false
dblp-46572,open_alex-31565,dblp,open_alex,false
dblp-46584,open_alex-07129,dblp,open_alex,false
dblp-46595,open_alex-52191,dblp,open_alex,false
dblp-46595,open_alex-58404,dblp,open_alex,false
dblp-46608,open_alex-57628,dblp,open_alex,false
dblp-46610,open_alex-53153,dblp,open_alex,false
dblp-46616,open_alex-05205,dblp,open_alex,false
dblp-46623,open_alex-27866,dblp,open_alex,false
dblp-46640,open_alex-21570,dblp,open_alex,false
dblp-46653,open_alex-31733,dblp,open_alex,false
dblp-46658,open_alex-42741,dblp,open_alex,false
dblp-46662,open_alex-25226,dblp,open_alex,false
dblp-46667,open_alex-02259,dblp,open_alex,false
dblp-46667,open_alex-25049,dblp,open_alex,false
dblp-46704,open_alex-58654,dblp,open_alex,false
dblp-46726,open_alex-02152,dblp,open_alex,false
dblp-46739,open_alex-18044,dblp,open_alex,false
dblp-46739,open_alex-21480,dblp,open_alex,false
dblp-46739,open_alex-23025,dblp,open_alex,false
dblp-46749,open_alex-21499,dblp,open_alex,false
dblp-46772,open_alex-59757,dblp,open_alex,false
dblp-46803,open_alex-01437,dblp,open_alex,false
dblp-46808,open_alex-49718,dblp,open_alex,false
dblp-46837,open_alex-37535,dblp,open_alex,false
dblp-46848,open_alex-15803,dblp,open_alex,false
dblp-46856,open_alex-06646,dblp,open_alex,false
dblp-46863,open_alex-26192,dblp,open_alex,false
dblp-46869,open_alex-37611,dblp,open_alex,false
dblp-46906,open_alex-44596,dblp,open_alex,false
dblp-46917,open_alex-48923,dblp,open_alex,false
dblp-46919,open_alex-55744,dblp,open_alex,false
dblp-46921,open_alex-23642,dblp,open_alex,false
dblp-46925,open_alex-57911,dblp,open_alex,false
dblp-46931,open_alex-53680,dblp,open_alex,false
dblp-46935,open_alex-11973,dblp,open_alex,false
dblp-46949,open_alex-49710,dblp,open_alex,false
dblp-46968,open_alex-40653,dblp,open_alex,false
dblp-46987,open_alex-36098,dblp,open_alex,false
dblp-47007,open_alex-44753,dblp,open_alex,false
dblp-47007,open_alex-56259,dblp,open_alex,false
dblp-47044,open_alex-20200,dblp,open_alex,false
dblp-47056,open_alex-55569,dblp,open_alex,false
dblp-47105,open_alex-45043,dblp,open_alex,false
dblp-47114,open_alex-24590,dblp,open_alex,false
dblp-47114,open_alex-54803,dblp,open_alex,false
dblp-47127,open_alex-49806,dblp,open_alex,false
dblp-47134,open_alex-46856,dblp,open_alex,false
dblp-47146,open_alex-07308,dblp,open_alex,false
dblp-47146,open_alex-10941,dblp,open_alex,false
dblp-47150,open_alex-19478,dblp,open_alex,false
dblp-47161,open_alex-48607,dblp,open_alex,false
dblp-47161,open_alex-51821,dblp,open_alex,false
dblp-47172,open_alex-19888,dblp,open_alex,false
dblp-47200,open_alex-27752,dblp,open_alex,false
dblp-47213,open_alex-51600,dblp,open_alex,false
dblp-47239,open_alex-44478,dblp,open_alex,false
dblp-47243,open_alex-30583,dblp,open_alex,false
dblp-47285,open_alex-40427,dblp,open_alex,false
dblp-47297,open_alex-33231,dblp,open_alex,false
dblp-47297,open_alex-52971,dblp,open_alex,false
dblp-47305,open_alex-03998,dblp,open_alex,false
dblp-47346,open_alex-60320,dblp,open_alex,false
dblp-47349,open_alex-27085,dblp,open_alex,false
dblp-47366,open_alex-39482,dblp,open_alex,false
dblp-47382,open_alex-32630,dblp,open_alex,false
dblp-47382,open_alex-34337,dblp,open_alex,false
dblp-47398,open_alex-26071,dblp,open_alex,false
dblp-47401,open_alex-28503,dblp,open_alex,false
dblp-47415,open_alex-09229,dblp,open_alex,false
dblp-47415,open_alex-19872,dblp,open_alex,false
dblp-47422,open_alex-03076,dblp,open_alex,false
dblp-47425,open_alex-18310,dblp,open_alex,false
dblp-47426,open_alex-40213,dblp,open_alex,false
dblp-47470,open_alex-41165,dblp,open_alex,false
dblp-47508,open_alex-21099,dblp,open_alex,false
dblp-47535,open_alex-33543,dblp,open_alex,false
dblp-47576,open_alex-41600,dblp,open_alex,false
dblp-47597,open_alex-51766,dblp,open_alex,false
dblp-47601,open_alex-16084,dblp,open_alex,false
dblp-47601,open_alex-35915,dblp,open_alex,false
dblp-47621,open_alex-19745,dblp,open_alex,false
dblp-47653,open_alex-05931,dblp,open_alex,false
dblp-47670,open_alex-53726,dblp,open_alex,false
dblp-47709,open_alex-12518,dblp,open_alex,false
dblp-47737,open_alex-59181,dblp,open_alex,false
dblp-47750,open_alex-31210,dblp,open_alex,false
dblp-47772,open_alex-41956,dblp,open_alex,false
dblp-47773,open_alex-25297,dblp,open_alex,false
dblp-47778,open_alex-38642,dblp,open_alex,false
dblp-47804,open_alex-02328,dblp,open_alex,false
dblp-47804,open_alex-08532,dblp,open_alex,false
dblp-47825,open_alex-29905,dblp,open_alex,false
dblp-47841,open_alex-20933,dblp,open_alex,false
dblp-47890,open_alex-49457,dblp,open_alex,false
dblp-47901,open_alex-03486,dblp,open_alex,false
dblp-47905,open_alex-51548,dblp,open_alex,false
dblp-47906,open_alex-01012,dblp,open_alex,false
dblp-47925,open_alex-36246,dblp,open_alex,false
dblp-47976,open_alex-57071,dblp,open_alex,false
dblp-48018,open_alex-34908,dblp,open_alex,false
dblp-48030,open_alex-46890,dblp,open_alex,false
dblp-48044,open_alex-38481,dblp,open_alex,false
dblp-48058,open_alex-55045,dblp,open_alex,false
dblp-48061,open_alex-48331,dblp,open_alex,false
dblp-48066,open_alex-04100,dblp,open_alex,false
dblp-48076,open_alex-26176,dblp,open_alex,false
dblp-48103,open_alex-12402,dblp,open_alex,false
dblp-48109,open_alex-22905,dblp,open_alex,false
dblp-48143,open_alex-20520,dblp,open_alex,false
dblp-48143,open_alex-33104,dblp,open_alex,false
dblp-48150,open_alex-30495,dblp,open_alex,false
dblp-48166,open_alex-42128,dblp,open_alex,false
dblp-48191,open_alex-42135,dblp,open_alex,false
dblp-48254,open_alex-47437,dblp,open_alex,false
dblp-48283,open_alex-21853,dblp,open_alex,false
dblp-48296,open_alex-35589,dblp,open_alex,false
dblp-48296,open_alex-46647,dblp,open_alex,false
dblp-48307,open_alex-40492,dblp,open_alex,false
dblp-48317,open_alex-04022,dblp,open_alex,false
dblp-48322,open_alex-30278,dblp,open_alex,false
dblp-48345,open_alex-42620,dblp,open_alex,false
dblp-48346,open_alex-14459,dblp,open_alex,false
dblp-48362,open_alex-05718,dblp,open_alex,false
dblp-48362,open_alex-23900,dblp,open_alex,false
dblp-48370,open_alex-38042,dblp,open_alex,false
dblp-48419,open_alex-15680,dblp,open_alex,false
dblp-48419,open_alex-56734,dblp,open_alex,false
dblp-48452,open_alex-45434,dblp,open_alex,false
dblp-48472,open_alex-33089,dblp,open_alex,false
dblp-48487,open_alex-00315,dblp,open_alex,false
dblp-48501,open_alex-31067,dblp,open_alex,false
dblp-48548,open_alex-31292,dblp,open_alex,false
dblp-48548,open_alex-44620,dblp,open_alex,false
dblp-48560,open_alex-28593,dblp,open_alex,false
dblp-48581,open_alex-23643,dblp,open_alex,false
dblp-48591,open_alex-39566,dblp,open_alex,false
dblp-48609,open_alex-44356,dblp,open_alex,false
dblp-48620,open_alex-34867,dblp,open_alex,false
dblp-48649,open_alex-21215,dblp,open_alex,false
dblp-48667,open_alex-20510,dblp,open_alex,false
dblp-48678,open_alex-25631,dblp,open_alex,false
dblp-48684,open_alex-08602,dblp,open_alex,false
dblp-48750,open_alex-43905,dblp,open_alex,false
dblp-48764,open_alex-06014,dblp,open_alex,false
dblp-48815,open_alex-48262,dblp,open_alex,false
dblp-48836,open_alex-04233,dblp,open_alex,false
dblp-48907,open_alex-18091,dblp,open_alex,false
dblp-48913,open_alex-17136,dblp,open_alex,false
dblp-48935,open_alex-07948,dblp,open_alex,false
dblp-48935,open_alex-20691,dblp,open_alex,false
dblp-48962,open_alex-21273,dblp,open_alex,false
dblp-48985,open_alex-33750,dblp,open_alex,false
dblp-49013,open_alex-38447,dblp,open_alex,false
dblp-49022,open_alex-38295,dblp,open_alex,false
dblp-49058,open_alex-11925,dblp,open_alex,false
dblp-49059,open_alex-12054,dblp,open_alex,false
dblp-49073,open_alex-47183,dblp,open_alex,false
dblp-49075,open_alex-31893,dblp,open_alex,false
dblp-49087,open_alex-41403,dblp,open_alex,false
dblp-49090,open_alex-59437,dblp,open_alex,false
dblp-49091,open_alex-07117,dblp,open_alex,false
dblp-49091,open_alex-40330,dblp,open_alex,false
dblp-49099,open_alex-04339,dblp,open_alex,false
dblp-49101,open_alex-08965,dblp,open_alex,false
dblp-49108,open_alex-54439,dblp,open_alex,false
dblp-49176,open_alex-57217,dblp,open_alex,false
dblp-49228,open_alex-38868,dblp,open_alex,false
dblp-49248,open_alex-11979,dblp,open_alex,false
dblp-49253,open_alex-20226,dblp,open_alex,false
dblp-49255,open_alex-14160,dblp,open_alex,false
dblp-49304,open_alex-19428,dblp,open_alex,false
dblp-49304,open_alex-46018,dblp,open_alex,false
dblp-49313,open_alex-20242,dblp,open_alex,false
dblp-49335,open_alex-29609,dblp,open_alex,false
dblp-49335,open_alex-58724,dblp,open_alex,false
dblp-49372,open_alex-07003,dblp,open_alex,false
dblp-49373,open_alex-01047,dblp,open_alex,false
dblp-49373,open_alex-52972,dblp,open_alex,false
dblp-49446,open_alex-41288,dblp,open_alex,false
dblp-49457,open_alex-13315,dblp,open_alex,false
dblp-49471,open_alex-57139,dblp,open_alex,false
dblp-49491,open_alex-30495,dblp,open_alex,false
dblp-49539,open_alex-30553,dblp,open_alex,false
dblp-49542,open_alex-57165,dblp,open_alex,false
dblp-49543,open_alex-31483,dblp,open_alex,false
dblp-49543,open_alex-46782,dblp,open_alex,false
dblp-49543,open_alex-57263,dblp,open_alex,false
dblp-49579,open_alex-25747,dblp,open_alex,false
dblp-49583,open_alex-44751,dblp,open_alex,false
dblp-49596,open_alex-38980,dblp,open_alex,false
dblp-49605,open_alex-32853,dblp,open_alex,false
dblp-49616,open_alex-18637,dblp,open_alex,false
dblp-49632,open_alex-31488,dblp,open_alex,false
dblp-49641,open_alex-31684,dblp,open_alex,false
dblp-49657,open_alex-52769,dblp,open_alex,false
dblp-49682,open_alex-02737,dblp,open_alex,false
dblp-49682,open_alex-42681,dblp,open_alex,false
dblp-49701,open_alex-53686,dblp,open_alex,false
dblp-49704,open_alex-54798,dblp,open_alex,false
dblp-49705,open_alex-17701,dblp,open_alex,false
dblp-49705,open_alex-23646,dblp,open_alex,false
dblp-49709,open_alex-03781,dblp,open_alex,false
dblp-49743,open_alex-55744,dblp,open_alex,false
dblp-49760,open_alex-30650,dblp,open_alex,false
dblp-49782,open_alex-58186,dblp,open_alex,false
dblp-49794,open_alex-57380,dblp,open_alex,false
dblp-49797,open_alex-55366,dblp,open_alex,false
dblp-49804,open_alex-31962,dblp,open_alex,false
dblp-49816,open_alex-59926,dblp,open_alex,false
dblp-49819,open_alex-37434,dblp,open_alex,false
dblp-49834,open_alex-36385,dblp,open_alex,false
dblp-49858,open_alex-02173,dblp,open_alex,false
dblp-49864,open_alex-49690,dblp,open_alex,false
dblp-49864,open_alex-54399,dblp,open_alex,false
dblp-49869,open_alex-40827,dblp,open_alex,false
dblp-49870,open_alex-37810,dblp,open_alex,false
dblp-49872,open_alex-05215,dblp,open_alex,false
dblp-49872,open_alex-33577,dblp,open_alex,false
dblp-49874,open_alex-08326,dblp,open_alex,false
dblp-49901,open_alex-04720,dblp,open_alex,false
dblp-49952,open_alex-47067,dblp,open_alex,false
dblp-49959,open_alex-07932,dblp,open_alex,false
dblp-49959,open_alex-17805,dblp,open_alex,false
dblp-49991,open_alex-37979,dblp,open_alex,false
dblp-49991,open_alex-58081,dblp,open_alex,false
dblp-50035,open_alex-54618,dblp,open_alex,false
dblp-50049,open_alex-16070,dblp,open_alex,false
dblp-50142,open_alex-60480,dblp,open_alex,false
dblp-50151,open_alex-25715,dblp,open_alex,false
dblp-50175,open_alex-03387,dblp,open_alex,false
dblp-50205,open_alex-43597,dblp,open_alex,false
dblp-50206,open_alex-53941,dblp,open_alex,false
dblp-50219,open_alex-13659,dblp,open_alex,false
dblp-50219,open_alex-34209,dblp,open_alex,false
dblp-50237,open_alex-19591,dblp,open_alex,false
dblp-50250,open_alex-48169,dblp,open_alex,false
dblp-50264,open_alex-24750,dblp,open_alex,false
dblp-50275,open_alex-22109,dblp,open_alex,false
dblp-50287,open_alex-41303,dblp,open_alex,false
dblp-50289,open_alex-35915,dblp,open_alex,false
dblp-50307,open_alex-20828,dblp,open_alex,false
dblp-50321,open_alex-51065,dblp,open_alex,false
dblp-50326,open_alex-19809,dblp,open_alex,false
dblp-50414,open_alex-52077,dblp,open_alex,false
dblp-50429,open_alex-55410,dblp,open_alex,false
dblp-50432,open_alex-36485,dblp,open_alex,false
dblp-50442,open_alex-41078,dblp,open_alex,false
dblp-50454,open_alex-21262,dblp,open_alex,false
dblp-50462,open_alex-34124,dblp,open_alex,false
dblp-50466,open_alex-53537,dblp,open_alex,false
dblp-50486,open_alex-06339,dblp,open_alex,false
dblp-50504,open_alex-44230,dblp,open_alex,false
dblp-50514,open_alex-01631,dblp,open_alex,false
dblp-50543,open_alex-28243,dblp,open_alex,false
dblp-50552,open_alex-48678,dblp,open_alex,false
dblp-50568,open_alex-35012,dblp,open_alex,false
dblp-50572,open_alex-42779,dblp,open_alex,false
dblp-50587,open_alex-33047,dblp,open_alex,false
dblp-50598,open_alex-04828,dblp,open_alex,false
dblp-50602,open_alex-08497,dblp,open_alex,false
dblp-50604,open_alex-17784,dblp,open_alex,false
dblp-50604,open_alex-24992,dblp,open_alex,false
dblp-50629,open_alex-15481,dblp,open_alex,false
dblp-50629,open_alex-39254,dblp,open_alex,false
dblp-50657,open_alex-30605,dblp,open_alex,false
dblp-50710,open_alex-12256,dblp,open_alex,false
dblp-50762,open_alex-42179,dblp,open_alex,false
dblp-50770,open_alex-00445,dblp,open_alex,false
dblp-50804,open_alex-56939,dblp,open_alex,false
dblp-50810,open_alex-57648,dblp,open_alex,false
dblp-50821,open_alex-34002,dblp,open_alex,false
dblp-50826,open_alex-48580,dblp,open_alex,false
dblp-50841,open_alex-50144,dblp,open_alex,false
dblp-50862,open_alex-36946,dblp,open_alex,false
dblp-50889,open_alex-47817,dblp,open_alex,false
dblp-50898,open_alex-06942,dblp,open_alex,false
dblp-50898,open_alex-16326,dblp,open_alex,false
dblp-50900,open_alex-43092,dblp,open_alex,false
dblp-50912,open_alex-26002,dblp,open_alex,false
dblp-50920,open_alex-23568,dblp,open_alex,false
dblp-50934,open_alex-16256,dblp,open_alex,false
dblp-50953,open_alex-21132,dblp,open_alex,false
dblp-50976,open_alex-50836,dblp,open_alex,false
dblp-50980,open_alex-48252,dblp,open_alex,false
dblp-51008,open_alex-18266,dblp,open_alex,false
dblp-51023,open_alex-05857,dblp,open_alex,false
dblp-51042,open_alex-13862,dblp,open_alex,false
dblp-51060,open_alex-51018,dblp,open_alex,false
dblp-51087,open_alex-31356,dblp,open_alex,false
dblp-51087,open_alex-49505,dblp,open_alex,false
dblp-51089,open_alex-48385,dblp,open_alex,false
dblp-51095,open_alex-19027,dblp,open_alex,false
dblp-51114,open_alex-46075,dblp,open_alex,false
dblp-51126,open_alex-00821,dblp,open_alex,false
dblp-51126,open_alex-05493,dblp,open_alex,false
dblp-51133,open_alex-56166,dblp,open_alex,false
dblp-51166,open_alex-49617,dblp,open_alex,false
dblp-51174,open_alex-59528,dblp,open_alex,false
dblp-51174,open_alex-60568,dblp,open_alex,false
dblp-51209,open_alex-53303,dblp,open_alex,false
dblp-51234,open_alex-15492,dblp,open_alex,false
dblp-51262,open_alex-01665,dblp,open_alex,false
dblp-51358,open_alex-09900,dblp,open_alex,false
dblp-51376,open_alex-02790,dblp,open_alex,false
dblp-51405,open_alex-51893,dblp,open_alex,false
dblp-51406,open_alex-48375,dblp,open_alex,false
dblp-51446,open_alex-26150,dblp,open_alex,false
dblp-51447,open_alex-06986,dblp,open_alex,false
dblp-51515,open_alex-36645,dblp,open_alex,false
dblp-51585,open_alex-25153,dblp,open_alex,false
dblp-51594,open_alex-39257,dblp,open_alex,false
dblp-51603,open_alex-22761,dblp,open_alex,false
dblp-51617,open_alex-22508,dblp,open_alex,false
dblp-51642,open_alex-55022,dblp,open_alex,false
dblp-51657,open_alex-20636,dblp,open_alex,false
dblp-51689,open_alex-00712,dblp,open_alex,false
dblp-51697,open_alex-52398,dblp,open_alex,false
dblp-51744,open_alex-49784,dblp,open_alex,false
dblp-51760,open_alex-17428,dblp,open_alex,false
dblp-51779,open_alex-29458,dblp,open_alex,false
dblp-51783,open_alex-04688,dblp,open_alex,false
dblp-51783,open_alex-29675,dblp,open_alex,false
dblp-51783,open_alex-60501,dblp,open_alex,false
dblp-51826,open_alex-19974,dblp,open_alex,false
dblp-51835,open_alex-04451,dblp,open_alex,false
dblp-51835,open_alex-13533,dblp,open_alex,false
dblp-51835,open_alex-28449,dblp,open_alex,false
dblp-51841,open_alex-21499,dblp,open_alex,false
dblp-51845,open_alex-37901,dblp,open_alex,false
dblp-51847,open_alex-04281,dblp,open_alex,false
dblp-51849,open_alex-57165,dblp,open_alex,false
dblp-51863,open_alex-23292,dblp,open_alex,false
dblp-51896,open_alex-55807,dblp,open_alex,false
dblp-51908,open_alex-08785,dblp,open_alex,false
dblp-51946,open_alex-25998,dblp,open_alex,false
dblp-51950,open_alex-44110,dblp,open_alex,false
dblp-51978,open_alex-22481,dblp,open_alex,false
dblp-52040,open_alex-06748,dblp,open_alex,false
dblp-52049,open_alex-57699,dblp,open_alex,false
dblp-52058,open_alex-45389,dblp,open_alex,false
dblp-52070,open_alex-20761,dblp,open_alex,false
dblp-52105,open_alex-01797,dblp,open_alex,false
dblp-52105,open_alex-07907,dblp,open_alex,false
dblp-52110,open_alex-05775,dblp,open_alex,false
dblp-52110,open_alex-28595,dblp,open_alex,false
dblp-52164,open_alex-11816,dblp,open_alex,false
dblp-52192,open_alex-31437,dblp,open_alex,false
dblp-52197,open_alex-07457,dblp,open_alex,false
dblp-52201,open_alex-36454,dblp,open_alex,false
dblp-52254,open_alex-05471,dblp,open_alex,false
dblp-52259,open_alex-38146,dblp,open_alex,false
dblp-52272,open_alex-32144,dblp,open_alex,false
dblp-52272,open_alex-53727,dblp,open_alex,false
dblp-52320,open_alex-18202,dblp,open_alex,false
dblp-52357,open_alex-51318,dblp,open_alex,false
dblp-52360,open_alex-33165,dblp,open_alex,false
dblp-52380,open_alex-59988,dblp,open_alex,false
dblp-52391,open_alex-54354,dblp,open_alex,false
dblp-52391,open_alex-59008,dblp,open_alex,false
dblp-52404,open_alex-07484,dblp,open_alex,false
dblp-52407,open_alex-05977,dblp,open_alex,false
dblp-52417,open_alex-21081,dblp,open_alex,false
dblp-52417,open_alex-23030,dblp,open_alex,false
dblp-52436,open_alex-54984,dblp,open_alex,false
dblp-52452,open_alex-15455,dblp,open_alex,false
dblp-52460,open_alex-48108,dblp,open_alex,false
dblp-52496,open_alex-24875,dblp,open_alex,false
dblp-52502,open_alex-48318,dblp,open_alex,false
dblp-52521,open_alex-17922,dblp,open_alex,false
dblp-52536,open_alex-12064,dblp,open_alex,false
dblp-52536,open_alex-23732,dblp,open_alex,false
dblp-52539,open_alex-47593,dblp,open_alex,false
dblp-52539,open_alex-53631,dblp,open_alex,false
dblp-52540,open_alex-58841,dblp,open_alex,false
dblp-52548,open_alex-39833,dblp,open_alex,false
dblp-52587,open_alex-32138,dblp,open_alex,false
dblp-52587,open_alex-57486,dblp,open_alex,false
dblp-52589,open_alex-42664,dblp,open_alex,false
dblp-52596,open_alex-22055,dblp,open_alex,false
dblp-52614,open_alex-10148,dblp,open_alex,false
dblp-52653,open_alex-24666,dblp,open_alex,false
dblp-52679,open_alex-50687,dblp,open_alex,false
dblp-52684,open_alex-09691,dblp,open_alex,false
dblp-52698,open_alex-04221,dblp,open_alex,false
dblp-52709,open_alex-41044,dblp,open_alex,false
dblp-52711,open_alex-19466,dblp,open_alex,false
dblp-52711,open_alex-53457,dblp,open_alex,false
dblp-52716,open_alex-10061,dblp,open_alex,false
dblp-52734,open_alex-41491,dblp,open_alex,false
dblp-52737,open_alex-23036,dblp,open_alex,false
dblp-52763,open_alex-55235,dblp,open_alex,false
dblp-52769,open_alex-06730,dblp,open_alex,false
dblp-52769,open_alex-24113,dblp,open_alex,false
dblp-52769,open_alex-24416,dblp,open_alex,false
dblp-52816,open_alex-18607,dblp,open_alex,false
dblp-52829,open_alex-36037,dblp,open_alex,false
dblp-52843,open_alex-23887,dblp,open_alex,false
dblp-52844,open_alex-33464,dblp,open_alex,false
dblp-52844,open_alex-38254,dblp,open_alex,false
dblp-52900,open_alex-51669,dblp,open_alex,false
dblp-52987,open_alex-01179,dblp,open_alex,false
dblp-52988,open_alex-49672,dblp,open_alex,false
dblp-53043,open_alex-54333,dblp,open_alex,false
dblp-53114,open_alex-44726,dblp,open_alex,false
dblp-53126,open_alex-18980,dblp,open_alex,false
dblp-53141,open_alex-39275,dblp,open_alex,false
dblp-53155,open_alex-47644,dblp,open_alex,false
dblp-53165,open_alex-04275,dblp,open_alex,false
dblp-53198,open_alex-31232,dblp,open_alex,false
dblp-53208,open_alex-14470,dblp,open_alex,false
dblp-53208,open_alex-19415,dblp,open_alex,false
dblp-53219,open_alex-21974,dblp,open_alex,false
dblp-53227,open_alex-17760,dblp,open_alex,false
dblp-53248,open_alex-17775,dblp,open_alex,false
dblp-53258,open_alex-34394,dblp,open_alex,false
dblp-53284,open_alex-12513,dblp,open_alex,false
dblp-53299,open_alex-11808,dblp,open_alex,false
dblp-53301,open_alex-12000,dblp,open_alex,false
dblp-53339,open_alex-53110,dblp,open_alex,false
dblp-53340,open_alex-39067,dblp,open_alex,false
dblp-53357,open_alex-15645,dblp,open_alex,false
dblp-53359,open_alex-17963,dblp,open_alex,false
dblp-53367,open_alex-12933,dblp,open_alex,false
dblp-53392,open_alex-09099,dblp,open_alex,false
dblp-53397,open_alex-00770,dblp,open_alex,false
dblp-53463,open_alex-19424,dblp,open_alex,false
dblp-53465,open_alex-10741,dblp,open_alex,false
dblp-53465,open_alex-51153,dblp,open_alex,false
dblp-53479,open_alex-57814,dblp,open_alex,false
dblp-53481,open_alex-56900,dblp,open_alex,false
dblp-53485,open_alex-19152,dblp,open_alex,false
dblp-53514,open_alex-47853,dblp,open_alex,false
dblp-53543,open_alex-42053,dblp,open_alex,false
dblp-53545,open_alex-05333,dblp,open_alex,false
dblp-53562,open_alex-22111,dblp,open_alex,false
dblp-53563,open_alex-55414,dblp,open_alex,false
dblp-53563,open_alex-56232,dblp,open_alex,false
dblp-53589,open_alex-23394,dblp,open_alex,false
dblp-53591,open_alex-24291,dblp,open_alex,false
dblp-53599,open_alex-06944,dblp,open_alex,false
dblp-53647,open_alex-33992,dblp,open_alex,false
dblp-53693,open_alex-13250,dblp,open_alex,false
dblp-53706,open_alex-17853,dblp,open_alex,false
dblp-53725,open_alex-53434,dblp,open_alex,false
dblp-53740,open_alex-00052,dblp,open_alex,false
dblp-53749,open_alex-41315,dblp,open_alex,false
dblp-53775,open_alex-59527,dblp,open_alex,false
dblp-53781,open_alex-31167,dblp,open_alex,false
dblp-53781,open_alex-52864,dblp,open_alex,false
dblp-53791,open_alex-24065,dblp,open_alex,false
dblp-53799,open_alex-36760,dblp,open_alex,false
dblp-53799,open_alex-41332,dblp,open_alex,false
dblp-53821,open_alex-38082,dblp,open_alex,false
dblp-53838,open_alex-31302,dblp,open_alex,false
dblp-53838,open_alex-41386,dblp,open_alex,false
dblp-53838,open_alex-60544,dblp,open_alex,false
dblp-53886,open_alex-40440,dblp,open_alex,false
dblp-53900,open_alex-47390,dblp,open_alex,false
dblp-53929,open_alex-44812,dblp,open_alex,false
dblp-53944,open_alex-26259,dblp,open_alex,false
dblp-53958,open_alex-60629,dblp,open_alex,false
dblp-53962,open_alex-01751,dblp,open_alex,false
dblp-53968,open_alex-43888,dblp,open_alex,false
dblp-53970,open_alex-56559,dblp,open_alex,false
dblp-53981,open_alex-21993,dblp,open_alex,false
dblp-53981,open_alex-38223,dblp,open_alex,false
dblp-53991,open_alex-08005,dblp,open_alex,false
dblp-54001,open_alex-57165,dblp,open_alex,false
dblp-54022,open_alex-00025,dblp,open_alex,false
dblp-54031,open_alex-60524,dblp,open_alex,false
dblp-54044,open_alex-50919,dblp,open_alex,false
dblp-54069,open_alex-51652,dblp,open_alex,false
dblp-54076,open_alex-20136,dblp,open_alex,false
dblp-54080,open_alex-47550,dblp,open_alex,false
dblp-54089,open_alex-56030,dblp,open_alex,false
dblp-54098,open_alex-56296,dblp,open_alex,false
dblp-54101,open_alex-19745,dblp,open_alex,false
dblp-54109,open_alex-33772,dblp,open_alex,false
dblp-54114,open_alex-57590,dblp,open_alex,false
dblp-54121,open_alex-34627,dblp,open_alex,false
dblp-54130,open_alex-22498,dblp,open_alex,false
dblp-54140,open_alex-46205,dblp,open_alex,false
dblp-54141,open_alex-11537,dblp,open_alex,false
dblp-54155,open_alex-02535,dblp,open_alex,false
dblp-54157,open_alex-17329,dblp,open_alex,false
dblp-54164,open_alex-07530,dblp,open_alex,false
dblp-54169,open_alex-55887,dblp,open_alex,false
dblp-54172,open_alex-02082,dblp,open_alex,false
dblp-54187,open_alex-53289,dblp,open_alex,false
dblp-54203,open_alex-09146,dblp,open_alex,false
dblp-54204,open_alex-26095,dblp,open_alex,false
dblp-54204,open_alex-41707,dblp,open_alex,false
dblp-54227,open_alex-39375,dblp,open_alex,false
dblp-54231,open_alex-46647,dblp,open_alex,false
dblp-54252,open_alex-45588,dblp,open_alex,false
dblp-54252,open_alex-51231,dblp,open_alex,false
dblp-54272,open_alex-03308,dblp,open_alex,false
dblp-54308,open_alex-12555,dblp,open_alex,false
dblp-54353,open_alex-00514,dblp,open_alex,false
dblp-54361,open_alex-02494,dblp,open_alex,false
dblp-54363,open_alex-36457,dblp,open_alex,false
dblp-54365,open_alex-18490,dblp,open_alex,false
dblp-54373,open_alex-02744,dblp,open_alex,false
dblp-54380,open_alex-34244,dblp,open_alex,false
dblp-54398,open_alex-36612,dblp,open_alex,false
dblp-54398,open_alex-48930,dblp,open_alex,false
dblp-54422,open_alex-43694,dblp,open_alex,false
dblp-54438,open_alex-06775,dblp,open_alex,false
dblp-54440,open_alex-41419,dblp,open_alex,false
dblp-54451,open_alex-06754,dblp,open_alex,false
dblp-54452,open_alex-34616,dblp,open_alex,false
dblp-54515,open_alex-21540,dblp,open_alex,false
dblp-54515,open_alex-32148,dblp,open_alex,false
dblp-54524,open_alex-38868,dblp,open_alex,false
dblp-54577,open_alex-60019,dblp,open_alex,false
dblp-54579,open_alex-03185,dblp,open_alex,false
dblp-54596,open_alex-47242,dblp,open_alex,false
dblp-54601,open_alex-18286,dblp,open_alex,false
dblp-54607,open_alex-59672,dblp,open_alex,false
dblp-54639,open_alex-23839,dblp,open_alex,false
dblp-54658,open_alex-11956,dblp,open_alex,false
dblp-54658,open_alex-47329,dblp,open_alex,false
dblp-54662,open_alex-43126,dblp,open_alex,false
dblp-54715,open_alex-49093,dblp,open_alex,false
dblp-54734,open_alex-45121,dblp,open_alex,false
dblp-54752,open_alex-08270,dblp,open_alex,false
dblp-54779,open_alex-00546,dblp,open_alex,false
dblp-54788,open_alex-47834,dblp,open_alex,false
dblp-54802,open_alex-59716,dblp,open_alex,false
dblp-54805,open_alex-53812,dblp,open_alex,false
dblp-54839,open_alex-20596,dblp,open_alex,false
dblp-54861,open_alex-38443,dblp,open_alex,false
dblp-54864,open_alex-01565,dblp,open_alex,false
dblp-54914,open_alex-23973,dblp,open_alex,false
dblp-54918,open_alex-22239,dblp,open_alex,false
dblp-54918,open_alex-24591,dblp,open_alex,false
dblp-54924,open_alex-35452,dblp,open_alex,false
dblp-54940,open_alex-20787,dblp,open_alex,false
dblp-54945,open_alex-45582,dblp,open_alex,false
dblp-54946,open_alex-59811,dblp,open_alex,false
dblp-54948,open_alex-41173,dblp,open_alex,false
dblp-54958,open_alex-02639,dblp,open_alex,false
dblp-54966,open_alex-39562,dblp,open_alex,false
dblp-54966,open_alex-49120,dblp,open_alex,false
dblp-54989,open_alex-29846,dblp,open_alex,false
dblp-54989,open_alex-30706,dblp,open_alex,false
dblp-55009,open_alex-37638,dblp,open_alex,false
dblp-55055,open_alex-48891,dblp,open_alex,false
dblp-55073,open_alex-31619,dblp,open_alex,false
dblp-55089,open_alex-23974,dblp,open_alex,false
dblp-55110,open_alex-47413,dblp,open_alex,false
dblp-55165,open_alex-28309,dblp,open_alex,false
dblp-55186,open_alex-15705,dblp,open_alex,false
dblp-55209,open_alex-37509,dblp,open_alex,false
dblp-55280,open_alex-56540,dblp,open_alex,false
dblp-55287,open_alex-49254,dblp,open_alex,false
dblp-55298,open_alex-40466,dblp,open_alex,false
dblp-55298,open_alex-43605,dblp,open_alex,false
dblp-55300,open_alex-08242,dblp,open_alex,false
dblp-55305,open_alex-08832,dblp,open_alex,false
dblp-55306,open_alex-32358,dblp,open_alex,false
dblp-55418,open_alex-48162,dblp,open_alex,false
dblp-55462,open_alex-12951,dblp,open_alex,false
dblp-55462,open_alex-40693,dblp,open_alex,false
dblp-55475,open_alex-15931,dblp,open_alex,false
dblp-55493,open_alex-20084,dblp,open_alex,false
dblp-55503,open_alex-42047,dblp,open_alex,false
dblp-55513,open_alex-42990,dblp,open_alex,false
dblp-55544,open_alex-29615,dblp,open_alex,false
dblp-55551,open_alex-34672,dblp,open_alex,false
dblp-55561,open_alex-05042,dblp,open_alex,false
dblp-55563,open_alex-01484,dblp,open_alex,false
dblp-55563,open_alex-41173,dblp,open_alex,false
dblp-55569,open_alex-20233,dblp,open_alex,false
dblp-55585,open_alex-30404,dblp,open_alex,false
dblp-55585,open_alex-34141,dblp,open_alex,false
dblp-55600,open_alex-51051,dblp,open_alex,false
dblp-55615,open_alex-26725,dblp,open_alex,false
dblp-55624,open_alex-52242,dblp,open_alex,false
dblp-55630,open_alex-48150,dblp,open_alex,false
dblp-55637,open_alex-40000,dblp,open_alex,false
dblp-55669,open_alex-06174,dblp,open_alex,false
dblp-55669,open_alex-07153,dblp,open_alex,false
dblp-55704,open_alex-46594,dblp,open_alex,false
dblp-55707,open_alex-43756,dblp,open_alex,false
dblp-55745,open_alex-51026,dblp,open_alex,false
dblp-55749,open_alex-57440,dblp,open_alex,false
dblp-55794,open_alex-16328,dblp,open_alex,false
dblp-55801,open_alex-15865,dblp,open_alex,false
dblp-55808,open_alex-42339,dblp,open_alex,false
dblp-55832,open_alex-44374,dblp,open_alex,false
dblp-55834,open_alex-13734,dblp,open_alex,false
dblp-55906,open_alex-50716,dblp,open_alex,false
dblp-55909,open_alex-07849,dblp,open_alex,false
dblp-55926,open_alex-32318,dblp,open_alex,false
dblp-55926,open_alex-51692,dblp,open_alex,false
dblp-55965,open_alex-10780,dblp,open_alex,false
dblp-55977,open_alex-29021,dblp,open_alex,false
dblp-55982,open_alex-49848,dblp,open_alex,false
dblp-55985,open_alex-34321,dblp,open_alex,false
dblp-55988,open_alex-14529,dblp,open_alex,false
dblp-55998,open_alex-11913,dblp,open_alex,false
dblp-56004,open_alex-50325,dblp,open_alex,false
dblp-56005,open_alex-39680,dblp,open_alex,false
dblp-56010,open_alex-16151,dblp,open_alex,false
dblp-56038,open_alex-39482,dblp,open_alex,false
dblp-56059,open_alex-20973,dblp,open_alex,false
dblp-56075,open_alex-02898,dblp,open_alex,false
dblp-56075,open_alex-14661,dblp,open_alex,false
dblp-56075,open_alex-59385,dblp,open_alex,false
dblp-56102,open_alex-53149,dblp,open_alex,false
dblp-56105,open_alex-40884,dblp,open_alex,false
dblp-56106,open_alex-07316,dblp,open_alex,false
dblp-56121,open_alex-48053,dblp,open_alex,false
dblp-56148,open_alex-44352,dblp,open_alex,false
dblp-56152,open_alex-43012,dblp,open_alex,false
dblp-56157,open_alex-15049,dblp,open_alex,false
dblp-56166,open_alex-42728,dblp,open_alex,false
dblp-56199,open_alex-16070,dblp,open_alex,false
dblp-56202,open_alex-27243,dblp,open_alex,false
dblp-56203,open_alex-55238,dblp,open_alex,false
dblp-56213,open_alex-09331,dblp,open_alex,false
dblp-56231,open_alex-56379,dblp,open_alex,false
dblp-56238,open_alex-52170,dblp,open_alex,false
dblp-56255,open_alex-50280,dblp,open_alex,false
dblp-56263,open_alex-17728,dblp,open_alex,false
dblp-56263,open_alex-51007,dblp,open_alex,false
dblp-56272,open_alex-55499,dblp,open_alex,false
dblp-56295,open_alex-31353,dblp,open_alex,false
dblp-56301,open_alex-38100,dblp,open_alex,false
dblp-56324,open_alex-37517,dblp,open_alex,false
dblp-56324,open_alex-55712,dblp,open_alex,false
dblp-56328,open_alex-03759,dblp,open_alex,false
dblp-56334,open_alex-12008,dblp,open_alex,false
dblp-56369,open_alex-36549,dblp,open_alex,false
dblp-56369,open_alex-47518,dblp,open_alex,false
dblp-56371,open_alex-11155,dblp,open_alex,false
dblp-56377,open_alex-39363,dblp,open_alex,false
dblp-56378,open_alex-48464,dblp,open_alex,false
dblp-56395,open_alex-50929,dblp,open_alex,false
dblp-56436,open_alex-01325,dblp,open_alex,false
dblp-56438,open_alex-41958,dblp,open_alex,false
dblp-56455,open_alex-48995,dblp,open_alex,false
dblp-56459,open_alex-52605,dblp,open_alex,false
dblp-56482,open_alex-09517,dblp,open_alex,false
dblp-56483,open_alex-48396,dblp,open_alex,false
dblp-56511,open_alex-41174,dblp,open_alex,false
dblp-56522,open_alex-23588,dblp,open_alex,false
dblp-56533,open_alex-53092,dblp,open_alex,false
dblp-56545,open_alex-03074,dblp,open_alex,false
dblp-56550,open_alex-04730,dblp,open_alex,false
dblp-56553,open_alex-55801,dblp,open_alex,false
dblp-56559,open_alex-31602,dblp,open_alex,false
dblp-56582,open_alex-18989,dblp,open_alex,false
dblp-56616,open_alex-17537,dblp,open_alex,false
dblp-56617,open_alex-09468,dblp,open_alex,false
dblp-56649,open_alex-38643,dblp,open_alex,false
dblp-56670,open_alex-38064,dblp,open_alex,false
dblp-56689,open_alex-38284,dblp,open_alex,false
dblp-56703,open_alex-01507,dblp,open_alex,false
dblp-56703,open_alex-50950,dblp,open_alex,false
dblp-56712,open_alex-08192,dblp,open_alex,false
dblp-56735,open_alex-21936,dblp,open_alex,false
dblp-56743,open_alex-21479,dblp,open_alex,false
dblp-56763,open_alex-20979,dblp,open_alex,false
dblp-56768,open_alex-44549,dblp,open_alex,false
dblp-56773,open_alex-24218,dblp,open_alex,false
dblp-56773,open_alex-49177,dblp,open_alex,false
dblp-56783,open_alex-35915,dblp,open_alex,false
dblp-56787,open_alex-48962,dblp,open_alex,false
dblp-56794,open_alex-30132,dblp,open_alex,false
dblp-56796,open_alex-25673,dblp,open_alex,false
dblp-56806,open_alex-34058,dblp,open_alex,false
dblp-56843,open_alex-58895,dblp,open_alex,false
dblp-56854,open_alex-44093,dblp,open_alex,false
dblp-56857,open_alex-15542,dblp,open_alex,false
dblp-56883,open_alex-29223,dblp,open_alex,false
dblp-56920,open_alex-52455,dblp,open_alex,false
dblp-56938,open_alex-58559,dblp,open_alex,false
dblp-56954,open_alex-31726,dblp,open_alex,false
dblp-56976,open_alex-54711,dblp,open_alex,false
dblp-56993,open_alex-01053,dblp,open_alex,false
dblp-56993,open_alex-02214,dblp,open_alex,false
dblp-57033,open_alex-16904,dblp,open_alex,false
dblp-57041,open_alex-55640,dblp,open_alex,false
dblp-57096,open_alex-14624,dblp,open_alex,false
dblp-57096,open_alex-23805,dblp,open_alex,false
dblp-57105,open_alex-59604,dblp,open_alex,false
dblp-57124,open_alex-48862,dblp,open_alex,false
dblp-57126,open_alex-42629,dblp,open_alex,false
dblp-57127,open_alex-52557,dblp,open_alex,false
dblp-57128,open_alex-38214,dblp,open_alex,false
dblp-57137,open_alex-31461,dblp,open_alex,false
dblp-57150,open_alex-50685,dblp,open_alex,false
dblp-57166,open_alex-46649,dblp,open_alex,false
dblp-57180,open_alex-22411,dblp,open_alex,false
dblp-57190,open_alex-30126,dblp,open_alex,false
dblp-57195,open_alex-29081,dblp,open_alex,false
dblp-57212,open_alex-51166,dblp,open_alex,false
dblp-57230,open_alex-25483,dblp,open_alex,false
dblp-57230,open_alex-47724,dblp,open_alex,false
dblp-57240,open_alex-27918,dblp,open_alex,false
dblp-57260,open_alex-16565,dblp,open_alex,false
dblp-57281,open_alex-26507,dblp,open_alex,false
dblp-57292,open_alex-07707,dblp,open_alex,false
dblp-57311,open_alex-15099,dblp,open_alex,false
dblp-57311,open_alex-20513,dblp,open_alex,false
dblp-57313,open_alex-35527,dblp,open_alex,false
dblp-57330,open_alex-20217,dblp,open_alex,false
dblp-57358,open_alex-18813,dblp,open_alex,false
dblp-57408,open_alex-50424,dblp,open_alex,false
dblp-57430,open_alex-43605,dblp,open_alex,false
dblp-57442,open_alex-60257,dblp,open_alex,false
dblp-57443,open_alex-20376,dblp,open_alex,false
dblp-57443,open_alex-59370,dblp,open_alex,false
dblp-57444,open_alex-09051,dblp,open_alex,false
dblp-57445,open_alex-33151,dblp,open_alex,false
dblp-57446,open_alex-17620,dblp,open_alex,false
dblp-57465,open_alex-22330,dblp,open_alex,false
dblp-57506,open_alex-47389,dblp,open_alex,false
dblp-57516,open_alex-52852,dblp,open_alex,false
dblp-57529,open_alex-05100,dblp,open_alex,false
dblp-57532,open_alex-09532,dblp,open_alex,false
dblp-57532,open_alex-52488,dblp,open_alex,false
dblp-57557,open_alex-14521,dblp,open_alex,false
dblp-57572,open_alex-30197,dblp,open_alex,false
dblp-57575,open_alex-00626,dblp,open_alex,false
dblp-57578,open_alex-29642,dblp,open_alex,false
dblp-57585,open_alex-29262,dblp,open_alex,false
dblp-57591,open_alex-15716,dblp,open_alex,false
dblp-57604,open_alex-50802,dblp,open_alex,false
dblp-57606,open_alex-10038,dblp,open_alex,false
dblp-57610,open_alex-26717,dblp,open_alex,false
dblp-57616,open_alex-35602,dblp,open_alex,false
dblp-57662,open_alex-04271,dblp,open_alex,false
dblp-57666,open_alex-49560,dblp,open_alex,false
dblp-57688,open_alex-19180,dblp,open_alex,false
dblp-57689,open_alex-19724,dblp,open_alex,false
dblp-57689,open_alex-24055,dblp,open_alex,false
dblp-57692,open_alex-39646,dblp,open_alex,false
dblp-57694,open_alex-22509,dblp,open_alex,false
dblp-57700,open_alex-47266,dblp,open_alex,false
dblp-57714,open_alex-48424,dblp,open_alex,false
dblp-57739,open_alex-10226,dblp,open_alex,false
dblp-57744,open_alex-58354,dblp,open_alex,false
dblp-57757,open_alex-08054,dblp,open_alex,false
dblp-57770,open_alex-12203,dblp,open_alex,false
dblp-57770,open_alex-16938,dblp,open_alex,false
dblp-57781,open_alex-29284,dblp,open_alex,false
dblp-57801,open_alex-47003,dblp,open_alex,false
dblp-57801,open_alex-54354,dblp,open_alex,false
dblp-57809,open_alex-02946,dblp,open_alex,false
dblp-57826,open_alex-03322,dblp,open_alex,false
dblp-57833,open_alex-32999,dblp,open_alex,false
dblp-57863,open_alex-57018,dblp,open_alex,false
dblp-57933,open_alex-42798,dblp,open_alex,false
dblp-57937,open_alex-07012,dblp,open_alex,false
dblp-57952,open_alex-38794,dblp,open_alex,false
dblp-57999,open_alex-44634,dblp,open_alex,false
dblp-58005,open_alex-33419,dblp,open_alex,false
dblp-58005,open_alex-35943,dblp,open_alex,false
dblp-58048,open_alex-33081,dblp,open_alex,false
dblp-58065,open_alex-52264,dblp,open_alex,false
dblp-58092,open_alex-15361,dblp,open_alex,false
dblp-58112,open_alex-37562,dblp,open_alex,false
dblp-58129,open_alex-38329,dblp,open_alex,false
dblp-58146,open_alex-51551,dblp,open_alex,false
dblp-58150,open_alex-25048,dblp,open_alex,false
dblp-58159,open_alex-48528,dblp,open_alex,false
dblp-58166,open_alex-01751,dblp,open_alex,false
dblp-58189,open_alex-10641,dblp,open_alex,false
dblp-58212,open_alex-42152,dblp,open_alex,false
dblp-58232,open_alex-49323,dblp,open_alex,false
dblp-58253,open_alex-44819,dblp,open_alex,false
dblp-58284,open_alex-07279,dblp,open_alex,false
dblp-58306,open_alex-57633,dblp,open_alex,false
dblp-58309,open_alex-12635,dblp,open_alex,false
dblp-58309,open_alex-57402,dblp,open_alex,false
dblp-58323,open_alex-10373,dblp,open_alex,false
dblp-58362,open_alex-03429,dblp,open_alex,false
dblp-58362,open_alex-44955,dblp,open_alex,false
dblp-58385,open_alex-19105,dblp,open_alex,false
dblp-58391,open_alex-22933,dblp,open_alex,false
dblp-58392,open_alex-07308,dblp,open_alex,false
dblp-58431,open_alex-12322,dblp,open_alex,false
dblp-58518,open_alex-02838,dblp,open_alex,false
dblp-58538,open_alex-01576,dblp,open_alex,false
dblp-58547,open_alex-28626,dblp,open_alex,false
dblp-58551,open_alex-35065,dblp,open_alex,false
dblp-58553,open_alex-05814,dblp,open_alex,false
dblp-58554,open_alex-27998,dblp,open_alex,false
dblp-58580,open_alex-44219,dblp,open_alex,false
dblp-58586,open_alex-44740,dblp,open_alex,false
dblp-58613,open_alex-56424,dblp,open_alex,false
dblp-58632,open_alex-33589,dblp,open_alex,false
dblp-58640,open_alex-15249,dblp,open_alex,false
dblp-58653,open_alex-43177,dblp,open_alex,false
dblp-58700,open_alex-50043,dblp,open_alex,false
dblp-58723,open_alex-25110,dblp,open_alex,false
dblp-58732,open_alex-51749,dblp,open_alex,false
dblp-58744,open_alex-31257,dblp,open_alex,false
dblp-58744,open_alex-34067,dblp,open_alex,false
dblp-58767,open_alex-21005,dblp,open_alex,false
dblp-58774,open_alex-43731,dblp,open_alex,false
dblp-58784,open_alex-15381,dblp,open_alex,false
dblp-58798,open_alex-14686,dblp,open_alex,false
dblp-58814,open_alex-29762,dblp,open_alex,false
dblp-58844,open_alex-49766,dblp,open_alex,false
dblp-58859,open_alex-13321,dblp,open_alex,false
dblp-58877,open_alex-38661,dblp,open_alex,false
dblp-58885,open_alex-51690,dblp,open_alex,false
dblp-58958,open_alex-09037,dblp,open_alex,false
dblp-58989,open_alex-53127,dblp,open_alex,false
dblp-58996,open_alex-46579,dblp,open_alex,false
dblp-59005,open_alex-31579,dblp,open_alex,false
dblp-59028,open_alex-36238,dblp,open_alex,false
dblp-59041,open_alex-01472,dblp,open_alex,false
dblp-59067,open_alex-51140,dblp,open_alex,false
dblp-59099,open_alex-44883,dblp,open_alex,false
dblp-59123,open_alex-20688,dblp,open_alex,false
dblp-59142,open_alex-22866,dblp,open_alex,false
dblp-59182,open_alex-26235,dblp,open_alex,false
dblp-59211,open_alex-18566,dblp,open_alex,false
dblp-59226,open_alex-32203,dblp,open_alex,false
dblp-59228,open_alex-07545,dblp,open_alex,false
dblp-59266,open_alex-35495,dblp,open_alex,false
dblp-59270,open_alex-13914,dblp,open_alex,false
dblp-59298,open_alex-36830,dblp,open_alex,false
dblp-59304,open_alex-03877,dblp,open_alex,false
dblp-59317,open_alex-04950,dblp,open_alex,false
dblp-59344,open_alex-50528,dblp,open_alex,false
dblp-59377,open_alex-24038,dblp,open_alex,false
dblp-59392,open_alex-20451,dblp,open_alex,false
dblp-59406,open_alex-50386,dblp,open_alex,false
dblp-59465,open_alex-22051,dblp,open_alex,false
dblp-59488,open_alex-51210,dblp,open_alex,false
dblp-59498,open_alex-55624,dblp,open_alex,false
dblp-59519,open_alex-27431,dblp,open_alex,false
dblp-59519,open_alex-38321,dblp,open_alex,false
dblp-59552,open_alex-02874,dblp,open_alex,false
dblp-59561,open_alex-58312,dblp,open_alex,false
dblp-59563,open_alex-38188,dblp,open_alex,false
dblp-59573,open_alex-30893,dblp,open_alex,false
dblp-59590,open_alex-17974,dblp,open_alex,false
dblp-59652,open_alex-14347,dblp,open_alex,false
dblp-59690,open_alex-17808,dblp,open_alex,false
dblp-59690,open_alex-37428,dblp,open_alex,false
dblp-59691,open_alex-43627,dblp,open_alex,false
dblp-59692,open_alex-15335,dblp,open_alex,false
dblp-59706,open_alex-16945,dblp,open_alex,false
dblp-59725,open_alex-48101,dblp,open_alex,false
dblp-59732,open_alex-57446,dblp,open_alex,false
dblp-59753,open_alex-00466,dblp,open_alex,false
dblp-59753,open_alex-03718,dblp,open_alex,false
dblp-59801,open_alex-55289,dblp,open_alex,false
dblp-59806,open_alex-39086,dblp,open_alex,false
dblp-59892,open_alex-35350,dblp,open_alex,false
dblp-59914,open_alex-31366,dblp,open_alex,false
dblp-59917,open_alex-58021,dblp,open_alex,false
dblp-59955,open_alex-07747,dblp,open_alex,false
dblp-59971,open_alex-53607,dblp,open_alex,false
dblp-59973,open_alex-56396,dblp,open_alex,false
dblp-59973,open_alex-60505,dblp,open_alex,false
dblp-59983,open_alex-22915,dblp,open_alex,false
dblp-59983,open_alex-47895,dblp,open_alex,false
dblp-59997,open_alex-37202,dblp,open_alex,false
dblp-60024,open_alex-53221,dblp,open_alex,false
dblp-60029,open_alex-59258,dblp,open_alex,false
dblp-60067,open_alex-26835,dblp,open_alex,false
dblp-60112,open_alex-53799,dblp,open_alex,false
dblp-60118,open_alex-14530,dblp,open_alex,false
dblp-60170,open_alex-32964,dblp,open_alex,false
dblp-60180,open_alex-10198,dblp,open_alex,false
dblp-60186,open_alex-00928,dblp,open_alex,false
dblp-60192,open_alex-10568,dblp,open_alex,false
dblp-60192,open_alex-17135,dblp,open_alex,false
dblp-60204,open_alex-26335,dblp,open_alex,false
dblp-60222,open_alex-57798,dblp,open_alex,false
dblp-60229,open_alex-29737,dblp,open_alex,false
dblp-60230,open_alex-57791,dblp,open_alex,false
dblp-60259,open_alex-23455,dblp,open_alex,false
dblp-60294,open_alex-18834,dblp,open_alex,false
dblp-60322,open_alex-22045,dblp,open_alex,false
dblp-60326,open_alex-60045,dblp,open_alex,false
dblp-60332,open_alex-53680,dblp,open_alex,false
dblp-60347,open_alex-12596,dblp,open_alex,false
dblp-60349,open_alex-27902,dblp,open_alex,false
dblp-60352,open_alex-50127,dblp,open_alex,false
dblp-60359,open_alex-27982,dblp,open_alex,false
dblp-60377,open_alex-34205,dblp,open_alex,false
dblp-60387,open_alex-13626,dblp,open_alex,false
dblp-60420,open_alex-47082,dblp,open_alex,false
dblp-60460,open_alex-02189,dblp,open_alex,false
dblp-60468,open_alex-42027,dblp,open_alex,false
dblp-60484,open_alex-52467,dblp,open_alex,false
dblp-60498,open_alex-00101,dblp,open_alex,false
dblp-60499,open_alex-58867,dblp,open_alex,false
dblp-60508,open_alex-42659,dblp,open_alex,false
dblp-60511,open_alex-40732,dblp,open_alex,false
dblp-60518,open_alex-07787,dblp,open_alex,false
dblp-60550,open_alex-09396,dblp,open_alex,false
dblp-60550,open_alex-47954,dblp,open_alex,false
