entity_id,source,attribute,original_value,new_value,transform_fn,transform_params,knob,level
k02_ent_000002,,,,,remove_entity,"{""prior_cluster_id"": 2, ""cluster_size_before"": 4, ""density_score"": 0.812847707654062, ""rrf_component"": 0.812847707654062, ""label_collision_component"": 0.0, ""selection_metric"": ""rrf_density"", ""agreement_count_sum"": 56, ""operator_decision"": ""drop_corner_touching_refilled""}",2,medium
k02_ent_000003,,,,,remove_entity,"{""prior_cluster_id"": 3, ""cluster_size_before"": 4, ""density_score"": 0.8983529130117907, ""rrf_component"": 0.8983529130117907, ""label_collision_component"": 0.0, ""selection_metric"": ""rrf_density"", ""agreement_count_sum"": 62, ""operator_decision"": ""drop_corner_touching_refilled""}",2,medium
k02_ent_000006,,,,,remove_entity,"{""prior_cluster_id"": 6, ""cluster_size_before"": 4, ""density_score"": 0.8271243004477057, ""rrf_component"": 0.8271243004477057, ""label_collision_component"": 0.0, ""selection_metric"": ""rrf_density"", ""agreement_count_sum"": 57, ""operator_decision"": ""drop_corner_touching_refilled""}",2,medium
k02_ent_000007,,,,,remove_entity,"{""prior_cluster_id"": 7, ""cluster_size_before"": 4, ""density_score"": 0.8237538858690029, ""rrf_component"": 0.8237538858690029, ""label_collision_component"": 0.0, ""selection_metric"": ""rrf_density"", ""agreement_count_sum"": 57, ""operator_decision"": ""drop_corner_touching_refilled""}",2,medium
k02_ent_000008,,,,,remove_entity,"{""prior_cluster_id"": 8, ""cluster_size_before"": 4, ""density_score"": 0.6949251318903051, ""rrf_component"": 0.6949251318903051, ""label_collision_component"": 0.0, ""selection_metric"": ""rrf_density"", ""agreement_count_sum"": 48, ""operator_decision"": ""drop_corner_touching_refilled""}",2,medium
k02_ent_000015,,,,,remove_entity,"{""prior_cluster_id"": 15, ""cluster_size_before"": 4, ""density_score"": 0.9098884687020883, ""rrf_component"": 0.9098884687020883, ""label_collision_component"": 0.0, ""selection_metric"": ""rrf_density"", ""agreement_count_sum"": 63, ""operator_decision"": ""drop_corner_touching_refilled""}",2,medium
k02_ent_000026,,,,,remove_entity,"{""prior_cluster_id"": 26, ""cluster_size_before"": 4, ""density_score"": 0.6601048447993408, ""rrf_component"": 0.6601048447993408, ""label_collision_component"": 0.0, ""selection_metric"": ""rrf_density"", ""agreement_count_sum"": 45, ""operator_decision"": ""drop_corner_touching_refilled""}",2,medium
k02_ent_000027,,,,,remove_entity,"{""prior_cluster_id"": 27, ""cluster_size_before"": 4, ""density_score"": 1.0602995641231128, ""rrf_component"": 1.0602995641231128, ""label_collision_component"": 0.0, ""selection_metric"": ""rrf_density"", ""agreement_count_sum"": 74, ""operator_decision"": ""drop_corner_touching_refilled""}",2,medium
k02_ent_000029,,,,,remove_entity,"{""prior_cluster_id"": 29, ""cluster_size_before"": 4, ""density_score"": 0.8257549139678977, ""rrf_component"": 0.8257549139678977, ""label_collision_component"": 0.0, ""selection_metric"": ""rrf_density"", ""agreement_count_sum"": 57, ""operator_decision"": ""drop_corner_touching_refilled""}",2,medium
k02_ent_000030,,,,,remove_entity,"{""prior_cluster_id"": 30, ""cluster_size_before"": 4, ""density_score"": 0.983931064377324, ""rrf_component"": 0.983931064377324, ""label_collision_component"": 0.0, ""selection_metric"": ""rrf_density"", ""agreement_count_sum"": 68, ""operator_decision"": ""drop_corner_touching_refilled""}",2,medium
k02_ent_000031,,,,,remove_entity,"{""prior_cluster_id"": 31, ""cluster_size_before"": 4, ""density_score"": 0.7119531564070749, ""rrf_component"": 0.7119531564070749, ""label_collision_component"": 0.0, ""selection_metric"": ""rrf_density"", ""agreement_count_sum"": 49, ""operator_decision"": ""drop_corner_touching_refilled""}",2,medium
k02_ent_000034,,,,,remove_entity,"{""prior_cluster_id"": 34, ""cluster_size_before"": 4, ""density_score"": 0.7144541064531299, ""rrf_component"": 0.7144541064531299, ""label_collision_component"": 0.0, ""selection_metric"": ""rrf_density"", ""agreement_count_sum"": 49, ""operator_decision"": ""drop_corner_touching_refilled""}",2,medium
k02_ent_000037,,,,,remove_entity,"{""prior_cluster_id"": 37, ""cluster_size_before"": 4, ""density_score"": 0.9819412722451621, ""rrf_component"": 0.9819412722451621, ""label_collision_component"": 0.0, ""selection_metric"": ""rrf_density"", ""agreement_count_sum"": 68, ""operator_decision"": ""drop_corner_touching_refilled""}",2,medium
k02_ent_000038,,,,,remove_entity,"{""prior_cluster_id"": 38, ""cluster_size_before"": 3, ""density_score"": 0.8948805955569422, ""rrf_component"": 0.8948805955569422, ""label_collision_component"": 0.0, ""selection_metric"": ""rrf_density"", ""agreement_count_sum"": 62, ""operator_decision"": ""drop_corner_touching_refilled""}",2,medium
k02_ent_000039,,,,,remove_entity,"{""prior_cluster_id"": 39, ""cluster_size_before"": 2, ""density_score"": 0.6670450397366242, ""rrf_component"": 0.6670450397366242, ""label_collision_component"": 0.0, ""selection_metric"": ""rrf_density"", ""agreement_count_sum"": 46, ""operator_decision"": ""drop_corner_touching_refilled""}",2,medium
k02_ent_000041,,,,,remove_entity,"{""prior_cluster_id"": 41, ""cluster_size_before"": 4, ""density_score"": 0.9125581293887476, ""rrf_component"": 0.9125581293887476, ""label_collision_component"": 0.0, ""selection_metric"": ""rrf_density"", ""agreement_count_sum"": 63, ""operator_decision"": ""drop_corner_touching_refilled""}",2,medium
k02_ent_000043,,,,,remove_entity,"{""prior_cluster_id"": 43, ""cluster_size_before"": 4, ""density_score"": 0.836801917141782, ""rrf_component"": 0.836801917141782, ""label_collision_component"": 0.0, ""selection_metric"": ""rrf_density"", ""agreement_count_sum"": 58, ""operator_decision"": ""drop_corner_touching_refilled""}",2,medium
k02_ent_000044,,,,,remove_entity,"{""prior_cluster_id"": 44, ""cluster_size_before"": 4, ""density_score"": 0.8131659786890891, ""rrf_component"": 0.8131659786890891, ""label_collision_component"": 0.0, ""selection_metric"": ""rrf_density"", ""agreement_count_sum"": 56, ""operator_decision"": ""drop_corner_touching_refilled""}",2,medium
k02_ent_000045,,,,,remove_entity,"{""prior_cluster_id"": 45, ""cluster_size_before"": 2, ""density_score"": 0.9995424766234332, ""rrf_component"": 0.9995424766234332, ""label_collision_component"": 0.0, ""selection_metric"": ""rrf_density"", ""agreement_count_sum"": 69, ""operator_decision"": ""drop_corner_touching_refilled""}",2,medium
k02_ent_000046,,,,,remove_entity,"{""prior_cluster_id"": 46, ""cluster_size_before"": 4, ""density_score"": 0.8773602562040386, ""rrf_component"": 0.8773602562040386, ""label_collision_component"": 0.0, ""selection_metric"": ""rrf_density"", ""agreement_count_sum"": 61, ""operator_decision"": ""drop_corner_touching_refilled""}",2,medium
k02_ent_000047,,,,,remove_entity,"{""prior_cluster_id"": 47, ""cluster_size_before"": 4, ""density_score"": 0.8076543855712649, ""rrf_component"": 0.8076543855712649, ""label_collision_component"": 0.0, ""selection_metric"": ""rrf_density"", ""agreement_count_sum"": 56, ""operator_decision"": ""drop_corner_touching_refilled""}",2,medium
k02_ent_000049,,,,,remove_entity,"{""prior_cluster_id"": 49, ""cluster_size_before"": 4, ""density_score"": 0.9685722467259904, ""rrf_component"": 0.9685722467259904, ""label_collision_component"": 0.0, ""selection_metric"": ""rrf_density"", ""agreement_count_sum"": 67, ""operator_decision"": ""drop_corner_touching_refilled""}",2,medium
k02_ent_000050,,,,,remove_entity,"{""prior_cluster_id"": 50, ""cluster_size_before"": 3, ""density_score"": 0.6581635551276085, ""rrf_component"": 0.6581635551276085, ""label_collision_component"": 0.0, ""selection_metric"": ""rrf_density"", ""agreement_count_sum"": 45, ""operator_decision"": ""drop_corner_touching_refilled""}",2,medium
k02_ent_000052,,,,,remove_entity,"{""prior_cluster_id"": 52, ""cluster_size_before"": 4, ""density_score"": 0.8837942208125074, ""rrf_component"": 0.8837942208125074, ""label_collision_component"": 0.0, ""selection_metric"": ""rrf_density"", ""agreement_count_sum"": 61, ""operator_decision"": ""drop_corner_touching_refilled""}",2,medium
k02_ent_000053,,,,,remove_entity,"{""prior_cluster_id"": 53, ""cluster_size_before"": 4, ""density_score"": 0.7658863449607333, ""rrf_component"": 0.7658863449607333, ""label_collision_component"": 0.0, ""selection_metric"": ""rrf_density"", ""agreement_count_sum"": 53, ""operator_decision"": ""drop_corner_touching_refilled""}",2,medium
k02_ent_000058,,,,,remove_entity,"{""prior_cluster_id"": 58, ""cluster_size_before"": 4, ""density_score"": 0.7540465476472883, ""rrf_component"": 0.7540465476472883, ""label_collision_component"": 0.0, ""selection_metric"": ""rrf_density"", ""agreement_count_sum"": 52, ""operator_decision"": ""drop_corner_touching_refilled""}",2,medium
k02_ent_000060,,,,,remove_entity,"{""prior_cluster_id"": 60, ""cluster_size_before"": 4, ""density_score"": 0.7409214360512154, ""rrf_component"": 0.7409214360512154, ""label_collision_component"": 0.0, ""selection_metric"": ""rrf_density"", ""agreement_count_sum"": 51, ""operator_decision"": ""drop_corner_touching_refilled""}",2,medium
k02_ent_000061,,,,,remove_entity,"{""prior_cluster_id"": 61, ""cluster_size_before"": 3, ""density_score"": 0.5579227326451726, ""rrf_component"": 0.5579227326451726, ""label_collision_component"": 0.0, ""selection_metric"": ""rrf_density"", ""agreement_count_sum"": 38, ""operator_decision"": ""drop_corner_touching_refilled""}",2,medium
k02_ent_000062,,,,,remove_entity,"{""prior_cluster_id"": 62, ""cluster_size_before"": 3, ""density_score"": 0.7481309375670471, ""rrf_component"": 0.7481309375670471, ""label_collision_component"": 0.0, ""selection_metric"": ""rrf_density"", ""agreement_count_sum"": 51, ""operator_decision"": ""drop_corner_touching_refilled""}",2,medium
k02_ent_000063,,,,,remove_entity,"{""prior_cluster_id"": 63, ""cluster_size_before"": 4, ""density_score"": 0.871379366910015, ""rrf_component"": 0.871379366910015, ""label_collision_component"": 0.0, ""selection_metric"": ""rrf_density"", ""agreement_count_sum"": 60, ""operator_decision"": ""drop_corner_touching_refilled""}",2,medium
k02_ent_000065,,,,,remove_entity,"{""prior_cluster_id"": 65, ""cluster_size_before"": 4, ""density_score"": 0.8528301399963301, ""rrf_component"": 0.8528301399963301, ""label_collision_component"": 0.0, ""selection_metric"": ""rrf_density"", ""agreement_count_sum"": 59, ""operator_decision"": ""drop_corner_touching_refilled""}",2,medium
k02_ent_000066,,,,,remove_entity,"{""prior_cluster_id"": 66, ""cluster_size_before"": 4, ""density_score"": 0.8413173111774205, ""rrf_component"": 0.8413173111774205, ""label_collision_component"": 0.0, ""selection_metric"": ""rrf_density"", ""agreement_count_sum"": 58, ""operator_decision"": ""drop_corner_touching_refilled""}",2,medium
k02_ent_000067,,,,,remove_entity,"{""prior_cluster_id"": 67, ""cluster_size_before"": 4, ""density_score"": 0.8097321714586398, ""rrf_component"": 0.8097321714586398, ""label_collision_component"": 0.0, ""selection_metric"": ""rrf_density"", ""agreement_count_sum"": 55, ""operator_decision"": ""drop_corner_touching_refilled""}",2,medium
k02_ent_000069,,,,,remove_entity,"{""prior_cluster_id"": 69, ""cluster_size_before"": 4, ""density_score"": 0.9354140227615078, ""rrf_component"": 0.9354140227615078, ""label_collision_component"": 0.0, ""selection_metric"": ""rrf_density"", ""agreement_count_sum"": 65, ""operator_decision"": ""drop_corner_touching_refilled""}",2,medium
k02_ent_000070,,,,,remove_entity,"{""prior_cluster_id"": 70, ""cluster_size_before"": 3, ""density_score"": 0.9581031034827092, ""rrf_component"": 0.9581031034827092, ""label_collision_component"": 0.0, ""selection_metric"": ""rrf_density"", ""agreement_count_sum"": 67, ""operator_decision"": ""drop_corner_touching_refilled""}",2,medium
k02_ent_000071,,,,,remove_entity,"{""prior_cluster_id"": 71, ""cluster_size_before"": 4, ""density_score"": 0.5401689449778825, ""rrf_component"": 0.5401689449778825, ""label_collision_component"": 0.0, ""selection_metric"": ""rrf_density"", ""agreement_count_sum"": 37, ""operator_decision"": ""drop_corner_touching_refilled""}",2,medium
k02_ent_000074,,,,,remove_entity,"{""prior_cluster_id"": 74, ""cluster_size_before"": 4, ""density_score"": 1.0588137791863017, ""rrf_component"": 1.0588137791863017, ""label_collision_component"": 0.0, ""selection_metric"": ""rrf_density"", ""agreement_count_sum"": 74, ""operator_decision"": ""drop_corner_touching_refilled""}",2,medium
k02_ent_000080,,,,,remove_entity,"{""prior_cluster_id"": 80, ""cluster_size_before"": 2, ""density_score"": 0.7964173138683378, ""rrf_component"": 0.7964173138683378, ""label_collision_component"": 0.0, ""selection_metric"": ""rrf_density"", ""agreement_count_sum"": 55, ""operator_decision"": ""drop_corner_touching_refilled""}",2,medium
k02_ent_000081,,,,,remove_entity,"{""prior_cluster_id"": 81, ""cluster_size_before"": 4, ""density_score"": 0.7137135081216496, ""rrf_component"": 0.7137135081216496, ""label_collision_component"": 0.0, ""selection_metric"": ""rrf_density"", ""agreement_count_sum"": 49, ""operator_decision"": ""drop_corner_touching_refilled""}",2,medium
k02_ent_000082,,,,,remove_entity,"{""prior_cluster_id"": 82, ""cluster_size_before"": 4, ""density_score"": 0.9240529669131174, ""rrf_component"": 0.9240529669131174, ""label_collision_component"": 0.0, ""selection_metric"": ""rrf_density"", ""agreement_count_sum"": 64, ""operator_decision"": ""drop_corner_touching_refilled""}",2,medium
k02_ent_000086,,,,,remove_entity,"{""prior_cluster_id"": 86, ""cluster_size_before"": 3, ""density_score"": 0.8492313824385944, ""rrf_component"": 0.8492313824385944, ""label_collision_component"": 0.0, ""selection_metric"": ""rrf_density"", ""agreement_count_sum"": 58, ""operator_decision"": ""drop_corner_touching_refilled""}",2,medium
k02_ent_000087,,,,,remove_entity,"{""prior_cluster_id"": 87, ""cluster_size_before"": 4, ""density_score"": 0.8138265113647399, ""rrf_component"": 0.8138265113647399, ""label_collision_component"": 0.0, ""selection_metric"": ""rrf_density"", ""agreement_count_sum"": 56, ""operator_decision"": ""drop_corner_touching_refilled""}",2,medium
k02_ent_000088,,,,,remove_entity,"{""prior_cluster_id"": 88, ""cluster_size_before"": 4, ""density_score"": 0.8549024467939635, ""rrf_component"": 0.8549024467939635, ""label_collision_component"": 0.0, ""selection_metric"": ""rrf_density"", ""agreement_count_sum"": 59, ""operator_decision"": ""drop_corner_touching_refilled""}",2,medium
k02_ent_000090,,,,,remove_entity,"{""prior_cluster_id"": 90, ""cluster_size_before"": 4, ""density_score"": 0.6508347421323445, ""rrf_component"": 0.6508347421323445, ""label_collision_component"": 0.0, ""selection_metric"": ""rrf_density"", ""agreement_count_sum"": 44, ""operator_decision"": ""drop_corner_touching_refilled""}",2,medium
k02_ent_000093,,,,,remove_entity,"{""prior_cluster_id"": 93, ""cluster_size_before"": 4, ""density_score"": 0.8793337693489446, ""rrf_component"": 0.8793337693489446, ""label_collision_component"": 0.0, ""selection_metric"": ""rrf_density"", ""agreement_count_sum"": 61, ""operator_decision"": ""drop_corner_touching_refilled""}",2,medium
k02_ent_000097,,,,,remove_entity,"{""prior_cluster_id"": 97, ""cluster_size_before"": 4, ""density_score"": 0.7617794544098603, ""rrf_component"": 0.7617794544098603, ""label_collision_component"": 0.0, ""selection_metric"": ""rrf_density"", ""agreement_count_sum"": 53, ""operator_decision"": ""drop_corner_touching_refilled""}",2,medium
k02_ent_000099,,,,,remove_entity,"{""prior_cluster_id"": 99, ""cluster_size_before"": 3, ""density_score"": 0.9087475559264522, ""rrf_component"": 0.9087475559264522, ""label_collision_component"": 0.0, ""selection_metric"": ""rrf_density"", ""agreement_count_sum"": 63, ""operator_decision"": ""drop_corner_touching_refilled""}",2,medium
k02_ent_000100,,,,,remove_entity,"{""prior_cluster_id"": 100, ""cluster_size_before"": 4, ""density_score"": 1.0306845273778937, ""rrf_component"": 1.0306845273778937, ""label_collision_component"": 0.0, ""selection_metric"": ""rrf_density"", ""agreement_count_sum"": 72, ""operator_decision"": ""drop_corner_touching_refilled""}",2,medium
k02_ent_000103,,,,,remove_entity,"{""prior_cluster_id"": 103, ""cluster_size_before"": 4, ""density_score"": 0.8644891432558627, ""rrf_component"": 0.8644891432558627, ""label_collision_component"": 0.0, ""selection_metric"": ""rrf_density"", ""agreement_count_sum"": 60, ""operator_decision"": ""drop_corner_touching_refilled""}",2,medium
k02_ent_000105,,,,,remove_entity,"{""prior_cluster_id"": 105, ""cluster_size_before"": 3, ""density_score"": 0.8076724273952769, ""rrf_component"": 0.8076724273952769, ""label_collision_component"": 0.0, ""selection_metric"": ""rrf_density"", ""agreement_count_sum"": 56, ""operator_decision"": ""drop_corner_touching_refilled""}",2,medium
k02_ent_000110,,,,,remove_entity,"{""prior_cluster_id"": 110, ""cluster_size_before"": 4, ""density_score"": 0.7986053114705431, ""rrf_component"": 0.7986053114705431, ""label_collision_component"": 0.0, ""selection_metric"": ""rrf_density"", ""agreement_count_sum"": 55, ""operator_decision"": ""drop_corner_touching_refilled""}",2,medium
k02_ent_000112,,,,,remove_entity,"{""prior_cluster_id"": 112, ""cluster_size_before"": 4, ""density_score"": 0.7018210851285894, ""rrf_component"": 0.7018210851285894, ""label_collision_component"": 0.0, ""selection_metric"": ""rrf_density"", ""agreement_count_sum"": 48, ""operator_decision"": ""drop_corner_touching_refilled""}",2,medium
k02_ent_000113,,,,,remove_entity,"{""prior_cluster_id"": 113, ""cluster_size_before"": 4, ""density_score"": 0.6633946982930335, ""rrf_component"": 0.6633946982930335, ""label_collision_component"": 0.0, ""selection_metric"": ""rrf_density"", ""agreement_count_sum"": 45, ""operator_decision"": ""drop_corner_touching_refilled""}",2,medium
k02_ent_000115,,,,,remove_entity,"{""prior_cluster_id"": 115, ""cluster_size_before"": 2, ""density_score"": 0.741754340077829, ""rrf_component"": 0.741754340077829, ""label_collision_component"": 0.0, ""selection_metric"": ""rrf_density"", ""agreement_count_sum"": 51, ""operator_decision"": ""drop_corner_touching_refilled""}",2,medium
k02_ent_000118,,,,,remove_entity,"{""prior_cluster_id"": 118, ""cluster_size_before"": 4, ""density_score"": 0.8427221021718345, ""rrf_component"": 0.8427221021718345, ""label_collision_component"": 0.0, ""selection_metric"": ""rrf_density"", ""agreement_count_sum"": 58, ""operator_decision"": ""drop_corner_touching_refilled""}",2,medium
k02_ent_000120,,,,,remove_entity,"{""prior_cluster_id"": 120, ""cluster_size_before"": 4, ""density_score"": 0.7956172072397548, ""rrf_component"": 0.7956172072397548, ""label_collision_component"": 0.0, ""selection_metric"": ""rrf_density"", ""agreement_count_sum"": 55, ""operator_decision"": ""drop_corner_touching_refilled""}",2,medium
k02_ent_000121,,,,,remove_entity,"{""prior_cluster_id"": 121, ""cluster_size_before"": 4, ""density_score"": 0.907906647860097, ""rrf_component"": 0.907906647860097, ""label_collision_component"": 0.0, ""selection_metric"": ""rrf_density"", ""agreement_count_sum"": 63, ""operator_decision"": ""drop_corner_touching_refilled""}",2,medium
k02_ent_000128,,,,,remove_entity,"{""prior_cluster_id"": 128, ""cluster_size_before"": 3, ""density_score"": 0.9089663273550104, ""rrf_component"": 0.9089663273550104, ""label_collision_component"": 0.0, ""selection_metric"": ""rrf_density"", ""agreement_count_sum"": 63, ""operator_decision"": ""drop_corner_touching_refilled""}",2,medium
k02_ent_000129,,,,,remove_entity,"{""prior_cluster_id"": 129, ""cluster_size_before"": 2, ""density_score"": 1.0601532007421088, ""rrf_component"": 1.0601532007421088, ""label_collision_component"": 0.0, ""selection_metric"": ""rrf_density"", ""agreement_count_sum"": 74, ""operator_decision"": ""drop_corner_touching_refilled""}",2,medium
k02_ent_000131,,,,,remove_entity,"{""prior_cluster_id"": 131, ""cluster_size_before"": 4, ""density_score"": 0.8061727206639491, ""rrf_component"": 0.8061727206639491, ""label_collision_component"": 0.0, ""selection_metric"": ""rrf_density"", ""agreement_count_sum"": 55, ""operator_decision"": ""drop_corner_touching_refilled""}",2,medium
k02_ent_000136,,,,,remove_entity,"{""prior_cluster_id"": 136, ""cluster_size_before"": 4, ""density_score"": 0.8334796151305544, ""rrf_component"": 0.8334796151305544, ""label_collision_component"": 0.0, ""selection_metric"": ""rrf_density"", ""agreement_count_sum"": 58, ""operator_decision"": ""drop_corner_touching_refilled""}",2,medium
k02_ent_000144,,,,,remove_entity,"{""prior_cluster_id"": 144, ""cluster_size_before"": 4, ""density_score"": 0.8047974925975411, ""rrf_component"": 0.8047974925975411, ""label_collision_component"": 0.0, ""selection_metric"": ""rrf_density"", ""agreement_count_sum"": 56, ""operator_decision"": ""drop_corner_touching_refilled""}",2,medium
k02_ent_000147,,,,,remove_entity,"{""prior_cluster_id"": 147, ""cluster_size_before"": 4, ""density_score"": 0.8539303158121156, ""rrf_component"": 0.8539303158121156, ""label_collision_component"": 0.0, ""selection_metric"": ""rrf_density"", ""agreement_count_sum"": 59, ""operator_decision"": ""drop_corner_touching_refilled""}",2,medium
k02_ent_000150,,,,,remove_entity,"{""prior_cluster_id"": 150, ""cluster_size_before"": 4, ""density_score"": 0.5862103672172063, ""rrf_component"": 0.5862103672172063, ""label_collision_component"": 0.0, ""selection_metric"": ""rrf_density"", ""agreement_count_sum"": 40, ""operator_decision"": ""drop_corner_touching_refilled""}",2,medium
k02_ent_000151,,,,,remove_entity,"{""prior_cluster_id"": 151, ""cluster_size_before"": 4, ""density_score"": 0.9296555190700826, ""rrf_component"": 0.9296555190700826, ""label_collision_component"": 0.0, ""selection_metric"": ""rrf_density"", ""agreement_count_sum"": 64, ""operator_decision"": ""drop_corner_touching_refilled""}",2,medium
k02_ent_000157,,,,,remove_entity,"{""prior_cluster_id"": 157, ""cluster_size_before"": 4, ""density_score"": 0.7989277441052003, ""rrf_component"": 0.7989277441052003, ""label_collision_component"": 0.0, ""selection_metric"": ""rrf_density"", ""agreement_count_sum"": 55, ""operator_decision"": ""drop_corner_touching_refilled""}",2,medium
k02_ent_000159,,,,,remove_entity,"{""prior_cluster_id"": 159, ""cluster_size_before"": 4, ""density_score"": 0.8891199844079799, ""rrf_component"": 0.8891199844079799, ""label_collision_component"": 0.0, ""selection_metric"": ""rrf_density"", ""agreement_count_sum"": 62, ""operator_decision"": ""drop_corner_touching_refilled""}",2,medium
k02_ent_000160,,,,,remove_entity,"{""prior_cluster_id"": 160, ""cluster_size_before"": 4, ""density_score"": 0.8448447091241501, ""rrf_component"": 0.8448447091241501, ""label_collision_component"": 0.0, ""selection_metric"": ""rrf_density"", ""agreement_count_sum"": 59, ""operator_decision"": ""drop_corner_touching_refilled""}",2,medium
k02_ent_000161,,,,,remove_entity,"{""prior_cluster_id"": 161, ""cluster_size_before"": 4, ""density_score"": 0.9194389898501494, ""rrf_component"": 0.9194389898501494, ""label_collision_component"": 0.0, ""selection_metric"": ""rrf_density"", ""agreement_count_sum"": 64, ""operator_decision"": ""drop_corner_touching_refilled""}",2,medium
k02_ent_000164,,,,,remove_entity,"{""prior_cluster_id"": 164, ""cluster_size_before"": 3, ""density_score"": 0.7285014089955661, ""rrf_component"": 0.7285014089955661, ""label_collision_component"": 0.0, ""selection_metric"": ""rrf_density"", ""agreement_count_sum"": 51, ""operator_decision"": ""drop_corner_touching_refilled""}",2,medium
k02_ent_000168,,,,,remove_entity,"{""prior_cluster_id"": 168, ""cluster_size_before"": 3, ""density_score"": 0.7635010028106989, ""rrf_component"": 0.7635010028106989, ""label_collision_component"": 0.0, ""selection_metric"": ""rrf_density"", ""agreement_count_sum"": 53, ""operator_decision"": ""drop_corner_touching_refilled""}",2,medium
k02_ent_000170,,,,,remove_entity,"{""prior_cluster_id"": 170, ""cluster_size_before"": 4, ""density_score"": 0.8177127167409491, ""rrf_component"": 0.8177127167409491, ""label_collision_component"": 0.0, ""selection_metric"": ""rrf_density"", ""agreement_count_sum"": 57, ""operator_decision"": ""drop_corner_touching_refilled""}",2,medium
k02_ent_000171,,,,,remove_entity,"{""prior_cluster_id"": 171, ""cluster_size_before"": 4, ""density_score"": 0.824023953344297, ""rrf_component"": 0.824023953344297, ""label_collision_component"": 0.0, ""selection_metric"": ""rrf_density"", ""agreement_count_sum"": 56, ""operator_decision"": ""drop_corner_touching_refilled""}",2,medium
k02_ent_000173,,,,,remove_entity,"{""prior_cluster_id"": 173, ""cluster_size_before"": 2, ""density_score"": 0.7065076721754006, ""rrf_component"": 0.7065076721754006, ""label_collision_component"": 0.0, ""selection_metric"": ""rrf_density"", ""agreement_count_sum"": 49, ""operator_decision"": ""drop_corner_touching_refilled""}",2,medium
k02_ent_000175,,,,,remove_entity,"{""prior_cluster_id"": 175, ""cluster_size_before"": 3, ""density_score"": 0.8238527250459481, ""rrf_component"": 0.8238527250459481, ""label_collision_component"": 0.0, ""selection_metric"": ""rrf_density"", ""agreement_count_sum"": 57, ""operator_decision"": ""drop_corner_touching_refilled""}",2,medium
k02_ent_000178,,,,,remove_entity,"{""prior_cluster_id"": 178, ""cluster_size_before"": 4, ""density_score"": 0.8779611809782588, ""rrf_component"": 0.8779611809782588, ""label_collision_component"": 0.0, ""selection_metric"": ""rrf_density"", ""agreement_count_sum"": 61, ""operator_decision"": ""drop_corner_touching_refilled""}",2,medium
k02_ent_000179,,,,,remove_entity,"{""prior_cluster_id"": 179, ""cluster_size_before"": 4, ""density_score"": 0.7316856728964461, ""rrf_component"": 0.7316856728964461, ""label_collision_component"": 0.0, ""selection_metric"": ""rrf_density"", ""agreement_count_sum"": 50, ""operator_decision"": ""drop_corner_touching_refilled""}",2,medium
k02_ent_000181,,,,,remove_entity,"{""prior_cluster_id"": 181, ""cluster_size_before"": 2, ""density_score"": 0.7997644370977994, ""rrf_component"": 0.7997644370977994, ""label_collision_component"": 0.0, ""selection_metric"": ""rrf_density"", ""agreement_count_sum"": 55, ""operator_decision"": ""drop_corner_touching_refilled""}",2,medium
k02_ent_000185,,,,,remove_entity,"{""prior_cluster_id"": 185, ""cluster_size_before"": 3, ""density_score"": 0.6317068945110044, ""rrf_component"": 0.6317068945110044, ""label_collision_component"": 0.0, ""selection_metric"": ""rrf_density"", ""agreement_count_sum"": 43, ""operator_decision"": ""drop_corner_touching_refilled""}",2,medium
k02_ent_000187,,,,,remove_entity,"{""prior_cluster_id"": 187, ""cluster_size_before"": 4, ""density_score"": 0.9825276623128849, ""rrf_component"": 0.9825276623128849, ""label_collision_component"": 0.0, ""selection_metric"": ""rrf_density"", ""agreement_count_sum"": 68, ""operator_decision"": ""drop_corner_touching_refilled""}",2,medium
k02_ent_000188,,,,,remove_entity,"{""prior_cluster_id"": 188, ""cluster_size_before"": 4, ""density_score"": 0.7989974510909212, ""rrf_component"": 0.7989974510909212, ""label_collision_component"": 0.0, ""selection_metric"": ""rrf_density"", ""agreement_count_sum"": 55, ""operator_decision"": ""drop_corner_touching_refilled""}",2,medium
k02_ent_000189,,,,,remove_entity,"{""prior_cluster_id"": 189, ""cluster_size_before"": 3, ""density_score"": 0.7627592439151034, ""rrf_component"": 0.7627592439151034, ""label_collision_component"": 0.0, ""selection_metric"": ""rrf_density"", ""agreement_count_sum"": 53, ""operator_decision"": ""drop_corner_touching_refilled""}",2,medium
k02_ent_000192,,,,,remove_entity,"{""prior_cluster_id"": 192, ""cluster_size_before"": 4, ""density_score"": 0.687393355677813, ""rrf_component"": 0.687393355677813, ""label_collision_component"": 0.0, ""selection_metric"": ""rrf_density"", ""agreement_count_sum"": 47, ""operator_decision"": ""drop_corner_touching_refilled""}",2,medium
k02_ent_000193,,,,,remove_entity,"{""prior_cluster_id"": 193, ""cluster_size_before"": 4, ""density_score"": 0.8608782847819214, ""rrf_component"": 0.8608782847819214, ""label_collision_component"": 0.0, ""selection_metric"": ""rrf_density"", ""agreement_count_sum"": 60, ""operator_decision"": ""drop_corner_touching_refilled""}",2,medium
k02_ent_000198,,,,,remove_entity,"{""prior_cluster_id"": 198, ""cluster_size_before"": 4, ""density_score"": 0.6562068261591588, ""rrf_component"": 0.6562068261591588, ""label_collision_component"": 0.0, ""selection_metric"": ""rrf_density"", ""agreement_count_sum"": 45, ""operator_decision"": ""drop_corner_touching_refilled""}",2,medium
k02_ent_000199,,,,,remove_entity,"{""prior_cluster_id"": 199, ""cluster_size_before"": 4, ""density_score"": 0.6870758666105045, ""rrf_component"": 0.6870758666105045, ""label_collision_component"": 0.0, ""selection_metric"": ""rrf_density"", ""agreement_count_sum"": 48, ""operator_decision"": ""drop_corner_touching_refilled""}",2,medium
k02_ent_000200,,,,,remove_entity,"{""prior_cluster_id"": 200, ""cluster_size_before"": 4, ""density_score"": 0.8224434668168772, ""rrf_component"": 0.8224434668168772, ""label_collision_component"": 0.0, ""selection_metric"": ""rrf_density"", ""agreement_count_sum"": 57, ""operator_decision"": ""drop_corner_touching_refilled""}",2,medium
k02_ent_000201,,,,,remove_entity,"{""prior_cluster_id"": 201, ""cluster_size_before"": 4, ""density_score"": 0.5442713308245566, ""rrf_component"": 0.5442713308245566, ""label_collision_component"": 0.0, ""selection_metric"": ""rrf_density"", ""agreement_count_sum"": 37, ""operator_decision"": ""drop_corner_touching_refilled""}",2,medium
k02_ent_000202,,,,,remove_entity,"{""prior_cluster_id"": 202, ""cluster_size_before"": 4, ""density_score"": 0.7319064186081964, ""rrf_component"": 0.7319064186081964, ""label_collision_component"": 0.0, ""selection_metric"": ""rrf_density"", ""agreement_count_sum"": 51, ""operator_decision"": ""drop_corner_touching_refilled""}",2,medium
k02_ent_000205,,,,,remove_entity,"{""prior_cluster_id"": 205, ""cluster_size_before"": 4, ""density_score"": 0.5291163325067983, ""rrf_component"": 0.5291163325067983, ""label_collision_component"": 0.0, ""selection_metric"": ""rrf_density"", ""agreement_count_sum"": 36, ""operator_decision"": ""drop_corner_touching_refilled""}",2,medium
k02_ent_000206,,,,,remove_entity,"{""prior_cluster_id"": 206, ""cluster_size_before"": 4, ""density_score"": 0.8774552026514028, ""rrf_component"": 0.8774552026514028, ""label_collision_component"": 0.0, ""selection_metric"": ""rrf_density"", ""agreement_count_sum"": 61, ""operator_decision"": ""drop_corner_touching_refilled""}",2,medium
k02_ent_000207,,,,,remove_entity,"{""prior_cluster_id"": 207, ""cluster_size_before"": 4, ""density_score"": 0.8771407680287783, ""rrf_component"": 0.8771407680287783, ""label_collision_component"": 0.0, ""selection_metric"": ""rrf_density"", ""agreement_count_sum"": 60, ""operator_decision"": ""drop_corner_touching_refilled""}",2,medium
k02_ent_000208,,,,,remove_entity,"{""prior_cluster_id"": 208, ""cluster_size_before"": 3, ""density_score"": 0.7889040277886724, ""rrf_component"": 0.7889040277886724, ""label_collision_component"": 0.0, ""selection_metric"": ""rrf_density"", ""agreement_count_sum"": 54, ""operator_decision"": ""drop_corner_touching_refilled""}",2,medium
k02_ent_000209,,,,,remove_entity,"{""prior_cluster_id"": 209, ""cluster_size_before"": 4, ""density_score"": 0.9262067565330702, ""rrf_component"": 0.9262067565330702, ""label_collision_component"": 0.0, ""selection_metric"": ""rrf_density"", ""agreement_count_sum"": 64, ""operator_decision"": ""drop_corner_touching_refilled""}",2,medium
k02_ent_000212,,,,,remove_entity,"{""prior_cluster_id"": 212, ""cluster_size_before"": 4, ""density_score"": 0.7759221165007412, ""rrf_component"": 0.7759221165007412, ""label_collision_component"": 0.0, ""selection_metric"": ""rrf_density"", ""agreement_count_sum"": 54, ""operator_decision"": ""drop_corner_touching_refilled""}",2,medium
k02_ent_000213,,,,,remove_entity,"{""prior_cluster_id"": 213, ""cluster_size_before"": 4, ""density_score"": 0.8371372381018058, ""rrf_component"": 0.8371372381018058, ""label_collision_component"": 0.0, ""selection_metric"": ""rrf_density"", ""agreement_count_sum"": 58, ""operator_decision"": ""drop_corner_touching_refilled""}",2,medium
k02_ent_000214,,,,,remove_entity,"{""prior_cluster_id"": 214, ""cluster_size_before"": 4, ""density_score"": 0.8368910529303863, ""rrf_component"": 0.8368910529303863, ""label_collision_component"": 0.0, ""selection_metric"": ""rrf_density"", ""agreement_count_sum"": 58, ""operator_decision"": ""drop_corner_touching_refilled""}",2,medium
k02_ent_000216,,,,,remove_entity,"{""prior_cluster_id"": 216, ""cluster_size_before"": 4, ""density_score"": 0.7798748280673814, ""rrf_component"": 0.7798748280673814, ""label_collision_component"": 0.0, ""selection_metric"": ""rrf_density"", ""agreement_count_sum"": 54, ""operator_decision"": ""drop_corner_touching_refilled""}",2,medium
k02_ent_000218,,,,,remove_entity,"{""prior_cluster_id"": 218, ""cluster_size_before"": 4, ""density_score"": 0.6378749772786017, ""rrf_component"": 0.6378749772786017, ""label_collision_component"": 0.0, ""selection_metric"": ""rrf_density"", ""agreement_count_sum"": 44, ""operator_decision"": ""drop_corner_touching_refilled""}",2,medium
k02_ent_000220,,,,,remove_entity,"{""prior_cluster_id"": 220, ""cluster_size_before"": 4, ""density_score"": 0.6885771614676518, ""rrf_component"": 0.6885771614676518, ""label_collision_component"": 0.0, ""selection_metric"": ""rrf_density"", ""agreement_count_sum"": 47, ""operator_decision"": ""drop_corner_touching_refilled""}",2,medium
k02_ent_000221,,,,,remove_entity,"{""prior_cluster_id"": 221, ""cluster_size_before"": 4, ""density_score"": 0.8914703972613037, ""rrf_component"": 0.8914703972613037, ""label_collision_component"": 0.0, ""selection_metric"": ""rrf_density"", ""agreement_count_sum"": 62, ""operator_decision"": ""drop_corner_touching_refilled""}",2,medium
k02_ent_000223,,,,,remove_entity,"{""prior_cluster_id"": 223, ""cluster_size_before"": 2, ""density_score"": 0.8959202948480783, ""rrf_component"": 0.8959202948480783, ""label_collision_component"": 0.0, ""selection_metric"": ""rrf_density"", ""agreement_count_sum"": 62, ""operator_decision"": ""drop_corner_touching_refilled""}",2,medium
k02_ent_000224,,,,,remove_entity,"{""prior_cluster_id"": 224, ""cluster_size_before"": 4, ""density_score"": 0.7809851533814272, ""rrf_component"": 0.7809851533814272, ""label_collision_component"": 0.0, ""selection_metric"": ""rrf_density"", ""agreement_count_sum"": 54, ""operator_decision"": ""drop_corner_touching_refilled""}",2,medium
k02_ent_000225,,,,,remove_entity,"{""prior_cluster_id"": 225, ""cluster_size_before"": 4, ""density_score"": 0.6232506762847402, ""rrf_component"": 0.6232506762847402, ""label_collision_component"": 0.0, ""selection_metric"": ""rrf_density"", ""agreement_count_sum"": 43, ""operator_decision"": ""drop_corner_touching_refilled""}",2,medium
k02_ent_000226,,,,,remove_entity,"{""prior_cluster_id"": 226, ""cluster_size_before"": 4, ""density_score"": 0.7931090629096149, ""rrf_component"": 0.7931090629096149, ""label_collision_component"": 0.0, ""selection_metric"": ""rrf_density"", ""agreement_count_sum"": 54, ""operator_decision"": ""drop_corner_touching_refilled""}",2,medium
k02_ent_000230,,,,,remove_entity,"{""prior_cluster_id"": 230, ""cluster_size_before"": 4, ""density_score"": 0.8949467958681345, ""rrf_component"": 0.8949467958681345, ""label_collision_component"": 0.0, ""selection_metric"": ""rrf_density"", ""agreement_count_sum"": 62, ""operator_decision"": ""drop_corner_touching_refilled""}",2,medium
k02_ent_000233,,,,,remove_entity,"{""prior_cluster_id"": 233, ""cluster_size_before"": 4, ""density_score"": 0.7286942168062192, ""rrf_component"": 0.7286942168062192, ""label_collision_component"": 0.0, ""selection_metric"": ""rrf_density"", ""agreement_count_sum"": 49, ""operator_decision"": ""drop_corner_touching_refilled""}",2,medium
k02_ent_000234,,,,,remove_entity,"{""prior_cluster_id"": 234, ""cluster_size_before"": 4, ""density_score"": 0.8058140988706161, ""rrf_component"": 0.8058140988706161, ""label_collision_component"": 0.0, ""selection_metric"": ""rrf_density"", ""agreement_count_sum"": 55, ""operator_decision"": ""drop_corner_touching_refilled""}",2,medium
k02_ent_000237,,,,,remove_entity,"{""prior_cluster_id"": 237, ""cluster_size_before"": 4, ""density_score"": 0.9953983774101676, ""rrf_component"": 0.9953983774101676, ""label_collision_component"": 0.0, ""selection_metric"": ""rrf_density"", ""agreement_count_sum"": 69, ""operator_decision"": ""drop_corner_touching_refilled""}",2,medium
k02_ent_000240,,,,,remove_entity,"{""prior_cluster_id"": 240, ""cluster_size_before"": 4, ""density_score"": 0.6676835119727741, ""rrf_component"": 0.6676835119727741, ""label_collision_component"": 0.0, ""selection_metric"": ""rrf_density"", ""agreement_count_sum"": 46, ""operator_decision"": ""drop_corner_touching_refilled""}",2,medium
k02_ent_000241,,,,,remove_entity,"{""prior_cluster_id"": 241, ""cluster_size_before"": 4, ""density_score"": 0.9956165142794527, ""rrf_component"": 0.9956165142794527, ""label_collision_component"": 0.0, ""selection_metric"": ""rrf_density"", ""agreement_count_sum"": 69, ""operator_decision"": ""drop_corner_touching_refilled""}",2,medium
k02_ent_000246,,,,,remove_entity,"{""prior_cluster_id"": 246, ""cluster_size_before"": 4, ""density_score"": 0.8810276684855951, ""rrf_component"": 0.8810276684855951, ""label_collision_component"": 0.0, ""selection_metric"": ""rrf_density"", ""agreement_count_sum"": 61, ""operator_decision"": ""drop_corner_touching_refilled""}",2,medium
k02_ent_000249,,,,,remove_entity,"{""prior_cluster_id"": 249, ""cluster_size_before"": 2, ""density_score"": 0.8633382449101203, ""rrf_component"": 0.8633382449101203, ""label_collision_component"": 0.0, ""selection_metric"": ""rrf_density"", ""agreement_count_sum"": 60, ""operator_decision"": ""drop_corner_touching_refilled""}",2,medium
k02_ent_000250,,,,,remove_entity,"{""prior_cluster_id"": 250, ""cluster_size_before"": 2, ""density_score"": 0.8378258465035953, ""rrf_component"": 0.8378258465035953, ""label_collision_component"": 0.0, ""selection_metric"": ""rrf_density"", ""agreement_count_sum"": 58, ""operator_decision"": ""drop_corner_touching_refilled""}",2,medium
k02_ent_000251,,,,,remove_entity,"{""prior_cluster_id"": 251, ""cluster_size_before"": 4, ""density_score"": 0.852898657809198, ""rrf_component"": 0.852898657809198, ""label_collision_component"": 0.0, ""selection_metric"": ""rrf_density"", ""agreement_count_sum"": 59, ""operator_decision"": ""drop_corner_touching_refilled""}",2,medium
k02_ent_000254,,,,,remove_entity,"{""prior_cluster_id"": 254, ""cluster_size_before"": 3, ""density_score"": 0.8008592110247217, ""rrf_component"": 0.8008592110247217, ""label_collision_component"": 0.0, ""selection_metric"": ""rrf_density"", ""agreement_count_sum"": 55, ""operator_decision"": ""drop_corner_touching_refilled""}",2,medium
k02_ent_000255,,,,,remove_entity,"{""prior_cluster_id"": 255, ""cluster_size_before"": 4, ""density_score"": 0.777395637166711, ""rrf_component"": 0.777395637166711, ""label_collision_component"": 0.0, ""selection_metric"": ""rrf_density"", ""agreement_count_sum"": 54, ""operator_decision"": ""drop_corner_touching_refilled""}",2,medium
k02_ent_000257,,,,,remove_entity,"{""prior_cluster_id"": 257, ""cluster_size_before"": 4, ""density_score"": 0.5790601792779565, ""rrf_component"": 0.5790601792779565, ""label_collision_component"": 0.0, ""selection_metric"": ""rrf_density"", ""agreement_count_sum"": 39, ""operator_decision"": ""drop_corner_touching_refilled""}",2,medium
k02_ent_000266,,,,,remove_entity,"{""prior_cluster_id"": 266, ""cluster_size_before"": 4, ""density_score"": 0.7842831602258558, ""rrf_component"": 0.7842831602258558, ""label_collision_component"": 0.0, ""selection_metric"": ""rrf_density"", ""agreement_count_sum"": 53, ""operator_decision"": ""drop_corner_touching_refilled""}",2,medium
k02_ent_000267,,,,,remove_entity,"{""prior_cluster_id"": 267, ""cluster_size_before"": 4, ""density_score"": 0.8451320683953665, ""rrf_component"": 0.8451320683953665, ""label_collision_component"": 0.0, ""selection_metric"": ""rrf_density"", ""agreement_count_sum"": 59, ""operator_decision"": ""drop_corner_touching_refilled""}",2,medium
k02_ent_000268,,,,,remove_entity,"{""prior_cluster_id"": 268, ""cluster_size_before"": 4, ""density_score"": 0.7803859110255508, ""rrf_component"": 0.7803859110255508, ""label_collision_component"": 0.0, ""selection_metric"": ""rrf_density"", ""agreement_count_sum"": 54, ""operator_decision"": ""drop_corner_touching_refilled""}",2,medium
k02_ent_000271,,,,,remove_entity,"{""prior_cluster_id"": 271, ""cluster_size_before"": 3, ""density_score"": 0.8603962751658457, ""rrf_component"": 0.8603962751658457, ""label_collision_component"": 0.0, ""selection_metric"": ""rrf_density"", ""agreement_count_sum"": 60, ""operator_decision"": ""drop_corner_touching_refilled""}",2,medium
k02_ent_000272,,,,,remove_entity,"{""prior_cluster_id"": 272, ""cluster_size_before"": 4, ""density_score"": 0.771919134037163, ""rrf_component"": 0.771919134037163, ""label_collision_component"": 0.0, ""selection_metric"": ""rrf_density"", ""agreement_count_sum"": 53, ""operator_decision"": ""drop_corner_touching_refilled""}",2,medium
k02_ent_000273,,,,,remove_entity,"{""prior_cluster_id"": 273, ""cluster_size_before"": 4, ""density_score"": 0.8489843975553644, ""rrf_component"": 0.8489843975553644, ""label_collision_component"": 0.0, ""selection_metric"": ""rrf_density"", ""agreement_count_sum"": 59, ""operator_decision"": ""drop_corner_touching_refilled""}",2,medium
k02_ent_000275,,,,,remove_entity,"{""prior_cluster_id"": 275, ""cluster_size_before"": 4, ""density_score"": 0.7706080622723924, ""rrf_component"": 0.7706080622723924, ""label_collision_component"": 0.0, ""selection_metric"": ""rrf_density"", ""agreement_count_sum"": 53, ""operator_decision"": ""drop_corner_touching_refilled""}",2,medium
k02_ent_000276,,,,,remove_entity,"{""prior_cluster_id"": 276, ""cluster_size_before"": 4, ""density_score"": 0.7081957753051091, ""rrf_component"": 0.7081957753051091, ""label_collision_component"": 0.0, ""selection_metric"": ""rrf_density"", ""agreement_count_sum"": 49, ""operator_decision"": ""drop_corner_touching_refilled""}",2,medium
k02_ent_000277,,,,,remove_entity,"{""prior_cluster_id"": 277, ""cluster_size_before"": 4, ""density_score"": 0.7525886191379799, ""rrf_component"": 0.7525886191379799, ""label_collision_component"": 0.0, ""selection_metric"": ""rrf_density"", ""agreement_count_sum"": 52, ""operator_decision"": ""drop_corner_touching_refilled""}",2,medium
k02_ent_000278,,,,,remove_entity,"{""prior_cluster_id"": 278, ""cluster_size_before"": 4, ""density_score"": 0.7462558305123412, ""rrf_component"": 0.7462558305123412, ""label_collision_component"": 0.0, ""selection_metric"": ""rrf_density"", ""agreement_count_sum"": 51, ""operator_decision"": ""drop_corner_touching_refilled""}",2,medium
k02_ent_000279,,,,,remove_entity,"{""prior_cluster_id"": 279, ""cluster_size_before"": 4, ""density_score"": 0.7968405704164796, ""rrf_component"": 0.7968405704164796, ""label_collision_component"": 0.0, ""selection_metric"": ""rrf_density"", ""agreement_count_sum"": 55, ""operator_decision"": ""drop_corner_touching_refilled""}",2,medium
k02_ent_000280,,,,,remove_entity,"{""prior_cluster_id"": 280, ""cluster_size_before"": 4, ""density_score"": 0.7936211832587363, ""rrf_component"": 0.7936211832587363, ""label_collision_component"": 0.0, ""selection_metric"": ""rrf_density"", ""agreement_count_sum"": 55, ""operator_decision"": ""drop_corner_touching_refilled""}",2,medium
k02_ent_000281,,,,,remove_entity,"{""prior_cluster_id"": 281, ""cluster_size_before"": 4, ""density_score"": 1.0263574149477255, ""rrf_component"": 1.0263574149477255, ""label_collision_component"": 0.0, ""selection_metric"": ""rrf_density"", ""agreement_count_sum"": 72, ""operator_decision"": ""drop_corner_touching_refilled""}",2,medium
k02_ent_000283,,,,,remove_entity,"{""prior_cluster_id"": 283, ""cluster_size_before"": 4, ""density_score"": 0.8248980192822816, ""rrf_component"": 0.8248980192822816, ""label_collision_component"": 0.0, ""selection_metric"": ""rrf_density"", ""agreement_count_sum"": 57, ""operator_decision"": ""drop_corner_touching_refilled""}",2,medium
k02_ent_000284,,,,,remove_entity,"{""prior_cluster_id"": 284, ""cluster_size_before"": 4, ""density_score"": 0.6697223469548965, ""rrf_component"": 0.6697223469548965, ""label_collision_component"": 0.0, ""selection_metric"": ""rrf_density"", ""agreement_count_sum"": 46, ""operator_decision"": ""drop_corner_touching_refilled""}",2,medium
k02_ent_000285,,,,,remove_entity,"{""prior_cluster_id"": 285, ""cluster_size_before"": 4, ""density_score"": 0.7243770043613958, ""rrf_component"": 0.7243770043613958, ""label_collision_component"": 0.0, ""selection_metric"": ""rrf_density"", ""agreement_count_sum"": 50, ""operator_decision"": ""drop_corner_touching_refilled""}",2,medium
k02_ent_000288,,,,,remove_entity,"{""prior_cluster_id"": 288, ""cluster_size_before"": 4, ""density_score"": 0.632974302951115, ""rrf_component"": 0.632974302951115, ""label_collision_component"": 0.0, ""selection_metric"": ""rrf_density"", ""agreement_count_sum"": 43, ""operator_decision"": ""drop_corner_touching_refilled""}",2,medium
k02_ent_000292,,,,,remove_entity,"{""prior_cluster_id"": 292, ""cluster_size_before"": 3, ""density_score"": 0.8277519298542027, ""rrf_component"": 0.8277519298542027, ""label_collision_component"": 0.0, ""selection_metric"": ""rrf_density"", ""agreement_count_sum"": 57, ""operator_decision"": ""drop_corner_touching_refilled""}",2,medium
k02_ent_000296,,,,,remove_entity,"{""prior_cluster_id"": 296, ""cluster_size_before"": 4, ""density_score"": 0.7743119441124964, ""rrf_component"": 0.7743119441124964, ""label_collision_component"": 0.0, ""selection_metric"": ""rrf_density"", ""agreement_count_sum"": 53, ""operator_decision"": ""drop_corner_touching_refilled""}",2,medium
k02_ent_000297,,,,,remove_entity,"{""prior_cluster_id"": 297, ""cluster_size_before"": 3, ""density_score"": 0.8999002183889232, ""rrf_component"": 0.8999002183889232, ""label_collision_component"": 0.0, ""selection_metric"": ""rrf_density"", ""agreement_count_sum"": 63, ""operator_decision"": ""drop_corner_touching_refilled""}",2,medium
k02_ent_000298,,,,,remove_entity,"{""prior_cluster_id"": 298, ""cluster_size_before"": 4, ""density_score"": 0.7823685454000618, ""rrf_component"": 0.7823685454000618, ""label_collision_component"": 0.0, ""selection_metric"": ""rrf_density"", ""agreement_count_sum"": 54, ""operator_decision"": ""drop_corner_touching_refilled""}",2,medium
k02_ent_000300,,,,,remove_entity,"{""prior_cluster_id"": 300, ""cluster_size_before"": 4, ""density_score"": 0.7568912936639309, ""rrf_component"": 0.7568912936639309, ""label_collision_component"": 0.0, ""selection_metric"": ""rrf_density"", ""agreement_count_sum"": 52, ""operator_decision"": ""drop_corner_touching_refilled""}",2,medium
k02_ent_000302,,,,,remove_entity,"{""prior_cluster_id"": 302, ""cluster_size_before"": 3, ""density_score"": 0.8263432328286505, ""rrf_component"": 0.8263432328286505, ""label_collision_component"": 0.0, ""selection_metric"": ""rrf_density"", ""agreement_count_sum"": 57, ""operator_decision"": ""drop_corner_touching_refilled""}",2,medium
k02_ent_000305,,,,,remove_entity,"{""prior_cluster_id"": 305, ""cluster_size_before"": 4, ""density_score"": 0.7138729890878622, ""rrf_component"": 0.7138729890878622, ""label_collision_component"": 0.0, ""selection_metric"": ""rrf_density"", ""agreement_count_sum"": 49, ""operator_decision"": ""drop_corner_touching_refilled""}",2,medium
k02_ent_000307,,,,,remove_entity,"{""prior_cluster_id"": 307, ""cluster_size_before"": 4, ""density_score"": 0.7012277003025031, ""rrf_component"": 0.7012277003025031, ""label_collision_component"": 0.0, ""selection_metric"": ""rrf_density"", ""agreement_count_sum"": 48, ""operator_decision"": ""drop_corner_touching_refilled""}",2,medium
k02_ent_000308,,,,,remove_entity,"{""prior_cluster_id"": 308, ""cluster_size_before"": 3, ""density_score"": 0.5972404602512836, ""rrf_component"": 0.5972404602512836, ""label_collision_component"": 0.0, ""selection_metric"": ""rrf_density"", ""agreement_count_sum"": 41, ""operator_decision"": ""drop_corner_touching_refilled""}",2,medium
k02_ent_000309,,,,,remove_entity,"{""prior_cluster_id"": 309, ""cluster_size_before"": 3, ""density_score"": 5.753988567083163, ""rrf_component"": 0.7539885670831634, ""label_collision_component"": 5.0, ""selection_metric"": ""rrf_density"", ""agreement_count_sum"": 52, ""operator_decision"": ""drop_corner_touching_refilled""}",2,medium
k02_ent_000313,,,,,remove_entity,"{""prior_cluster_id"": 313, ""cluster_size_before"": 4, ""density_score"": 0.8686570431677951, ""rrf_component"": 0.8686570431677951, ""label_collision_component"": 0.0, ""selection_metric"": ""rrf_density"", ""agreement_count_sum"": 61, ""operator_decision"": ""drop_corner_touching_refilled""}",2,medium
k02_ent_000315,,,,,remove_entity,"{""prior_cluster_id"": 315, ""cluster_size_before"": 3, ""density_score"": 0.886095992660893, ""rrf_component"": 0.886095992660893, ""label_collision_component"": 0.0, ""selection_metric"": ""rrf_density"", ""agreement_count_sum"": 62, ""operator_decision"": ""drop_corner_touching_refilled""}",2,medium
k02_ent_000317,,,,,remove_entity,"{""prior_cluster_id"": 317, ""cluster_size_before"": 4, ""density_score"": 0.7937113840268898, ""rrf_component"": 0.7937113840268898, ""label_collision_component"": 0.0, ""selection_metric"": ""rrf_density"", ""agreement_count_sum"": 55, ""operator_decision"": ""drop_corner_touching_refilled""}",2,medium
k02_ent_000318,,,,,remove_entity,"{""prior_cluster_id"": 318, ""cluster_size_before"": 4, ""density_score"": 0.8660465036819587, ""rrf_component"": 0.8660465036819587, ""label_collision_component"": 0.0, ""selection_metric"": ""rrf_density"", ""agreement_count_sum"": 60, ""operator_decision"": ""drop_corner_touching_refilled""}",2,medium
k02_ent_000319,,,,,remove_entity,"{""prior_cluster_id"": 319, ""cluster_size_before"": 4, ""density_score"": 0.7933192024447845, ""rrf_component"": 0.7933192024447845, ""label_collision_component"": 0.0, ""selection_metric"": ""rrf_density"", ""agreement_count_sum"": 55, ""operator_decision"": ""drop_corner_touching_refilled""}",2,medium
k02_ent_000320,,,,,remove_entity,"{""prior_cluster_id"": 320, ""cluster_size_before"": 4, ""density_score"": 1.074060501063458, ""rrf_component"": 1.074060501063458, ""label_collision_component"": 0.0, ""selection_metric"": ""rrf_density"", ""agreement_count_sum"": 75, ""operator_decision"": ""drop_corner_touching_refilled""}",2,medium
k02_ent_000321,,,,,remove_entity,"{""prior_cluster_id"": 321, ""cluster_size_before"": 4, ""density_score"": 0.8828663833502863, ""rrf_component"": 0.8828663833502863, ""label_collision_component"": 0.0, ""selection_metric"": ""rrf_density"", ""agreement_count_sum"": 61, ""operator_decision"": ""drop_corner_touching_refilled""}",2,medium
k02_ent_000323,,,,,remove_entity,"{""prior_cluster_id"": 323, ""cluster_size_before"": 3, ""density_score"": 0.8765202812921193, ""rrf_component"": 0.8765202812921193, ""label_collision_component"": 0.0, ""selection_metric"": ""rrf_density"", ""agreement_count_sum"": 61, ""operator_decision"": ""drop_corner_touching_refilled""}",2,medium
k02_ent_000325,,,,,remove_entity,"{""prior_cluster_id"": 325, ""cluster_size_before"": 4, ""density_score"": 0.9532483163624826, ""rrf_component"": 0.9532483163624826, ""label_collision_component"": 0.0, ""selection_metric"": ""rrf_density"", ""agreement_count_sum"": 66, ""operator_decision"": ""drop_corner_touching_refilled""}",2,medium
k02_ent_000328,,,,,remove_entity,"{""prior_cluster_id"": 328, ""cluster_size_before"": 4, ""density_score"": 0.8361679438340809, ""rrf_component"": 0.8361679438340809, ""label_collision_component"": 0.0, ""selection_metric"": ""rrf_density"", ""agreement_count_sum"": 58, ""operator_decision"": ""drop_corner_touching_refilled""}",2,medium
k02_ent_000330,,,,,remove_entity,"{""prior_cluster_id"": 330, ""cluster_size_before"": 4, ""density_score"": 0.725676654334215, ""rrf_component"": 0.725676654334215, ""label_collision_component"": 0.0, ""selection_metric"": ""rrf_density"", ""agreement_count_sum"": 50, ""operator_decision"": ""drop_corner_touching_refilled""}",2,medium
k02_ent_000335,,,,,remove_entity,"{""prior_cluster_id"": 335, ""cluster_size_before"": 3, ""density_score"": 0.7417740926549755, ""rrf_component"": 0.7417740926549755, ""label_collision_component"": 0.0, ""selection_metric"": ""rrf_density"", ""agreement_count_sum"": 51, ""operator_decision"": ""drop_corner_touching_refilled""}",2,medium
k02_ent_000336,,,,,remove_entity,"{""prior_cluster_id"": 336, ""cluster_size_before"": 4, ""density_score"": 0.9541945966830838, ""rrf_component"": 0.9541945966830838, ""label_collision_component"": 0.0, ""selection_metric"": ""rrf_density"", ""agreement_count_sum"": 66, ""operator_decision"": ""drop_corner_touching_refilled""}",2,medium
k02_ent_000337,,,,,remove_entity,"{""prior_cluster_id"": 337, ""cluster_size_before"": 4, ""density_score"": 0.7387164615800677, ""rrf_component"": 0.7387164615800677, ""label_collision_component"": 0.0, ""selection_metric"": ""rrf_density"", ""agreement_count_sum"": 51, ""operator_decision"": ""drop_corner_touching_refilled""}",2,medium
k02_ent_000338,,,,,remove_entity,"{""prior_cluster_id"": 338, ""cluster_size_before"": 2, ""density_score"": 0.8762793250635502, ""rrf_component"": 0.8762793250635502, ""label_collision_component"": 0.0, ""selection_metric"": ""rrf_density"", ""agreement_count_sum"": 61, ""operator_decision"": ""drop_corner_touching_refilled""}",2,medium
k02_ent_000339,,,,,remove_entity,"{""prior_cluster_id"": 339, ""cluster_size_before"": 4, ""density_score"": 0.8465547061304969, ""rrf_component"": 0.8465547061304969, ""label_collision_component"": 0.0, ""selection_metric"": ""rrf_density"", ""agreement_count_sum"": 59, ""operator_decision"": ""drop_corner_touching_refilled""}",2,medium
k02_ent_000341,,,,,remove_entity,"{""prior_cluster_id"": 341, ""cluster_size_before"": 4, ""density_score"": 0.5603096001998923, ""rrf_component"": 0.5603096001998923, ""label_collision_component"": 0.0, ""selection_metric"": ""rrf_density"", ""agreement_count_sum"": 39, ""operator_decision"": ""drop_corner_touching_refilled""}",2,medium
k02_ent_000342,,,,,remove_entity,"{""prior_cluster_id"": 342, ""cluster_size_before"": 4, ""density_score"": 0.7297327716917973, ""rrf_component"": 0.7297327716917973, ""label_collision_component"": 0.0, ""selection_metric"": ""rrf_density"", ""agreement_count_sum"": 51, ""operator_decision"": ""drop_corner_touching_refilled""}",2,medium
k02_ent_000344,,,,,remove_entity,"{""prior_cluster_id"": 344, ""cluster_size_before"": 4, ""density_score"": 0.783219720558183, ""rrf_component"": 0.783219720558183, ""label_collision_component"": 0.0, ""selection_metric"": ""rrf_density"", ""agreement_count_sum"": 54, ""operator_decision"": ""drop_corner_touching_refilled""}",2,medium
k02_ent_000346,,,,,remove_entity,"{""prior_cluster_id"": 346, ""cluster_size_before"": 4, ""density_score"": 0.7727155113302574, ""rrf_component"": 0.7727155113302574, ""label_collision_component"": 0.0, ""selection_metric"": ""rrf_density"", ""agreement_count_sum"": 53, ""operator_decision"": ""drop_corner_touching_refilled""}",2,medium
k02_ent_000353,,,,,remove_entity,"{""prior_cluster_id"": 353, ""cluster_size_before"": 4, ""density_score"": 0.7285501384968415, ""rrf_component"": 0.7285501384968415, ""label_collision_component"": 0.0, ""selection_metric"": ""rrf_density"", ""agreement_count_sum"": 50, ""operator_decision"": ""drop_corner_touching_refilled""}",2,medium
k02_ent_000355,,,,,remove_entity,"{""prior_cluster_id"": 355, ""cluster_size_before"": 4, ""density_score"": 0.8647726551593318, ""rrf_component"": 0.8647726551593318, ""label_collision_component"": 0.0, ""selection_metric"": ""rrf_density"", ""agreement_count_sum"": 59, ""operator_decision"": ""drop_corner_touching_refilled""}",2,medium
k02_ent_000363,,,,,remove_entity,"{""prior_cluster_id"": 363, ""cluster_size_before"": 3, ""density_score"": 0.7074359174332665, ""rrf_component"": 0.7074359174332665, ""label_collision_component"": 0.0, ""selection_metric"": ""rrf_density"", ""agreement_count_sum"": 48, ""operator_decision"": ""drop_corner_touching_refilled""}",2,medium
k02_ent_000365,,,,,remove_entity,"{""prior_cluster_id"": 365, ""cluster_size_before"": 4, ""density_score"": 0.8400070340169312, ""rrf_component"": 0.8400070340169312, ""label_collision_component"": 0.0, ""selection_metric"": ""rrf_density"", ""agreement_count_sum"": 58, ""operator_decision"": ""drop_corner_touching_refilled""}",2,medium
k02_ent_000366,,,,,remove_entity,"{""prior_cluster_id"": 366, ""cluster_size_before"": 4, ""density_score"": 0.7637247940945708, ""rrf_component"": 0.7637247940945708, ""label_collision_component"": 0.0, ""selection_metric"": ""rrf_density"", ""agreement_count_sum"": 53, ""operator_decision"": ""drop_corner_touching_refilled""}",2,medium
k02_ent_000367,,,,,remove_entity,"{""prior_cluster_id"": 367, ""cluster_size_before"": 4, ""density_score"": 0.7932597847383078, ""rrf_component"": 0.7932597847383078, ""label_collision_component"": 0.0, ""selection_metric"": ""rrf_density"", ""agreement_count_sum"": 55, ""operator_decision"": ""drop_corner_touching_refilled""}",2,medium
k02_ent_000369,,,,,remove_entity,"{""prior_cluster_id"": 369, ""cluster_size_before"": 4, ""density_score"": 0.8250997217461612, ""rrf_component"": 0.8250997217461612, ""label_collision_component"": 0.0, ""selection_metric"": ""rrf_density"", ""agreement_count_sum"": 57, ""operator_decision"": ""drop_corner_touching_refilled""}",2,medium
k02_ent_000370,,,,,remove_entity,"{""prior_cluster_id"": 370, ""cluster_size_before"": 4, ""density_score"": 0.9989106937170842, ""rrf_component"": 0.9989106937170842, ""label_collision_component"": 0.0, ""selection_metric"": ""rrf_density"", ""agreement_count_sum"": 70, ""operator_decision"": ""drop_corner_touching_refilled""}",2,medium
k02_ent_000371,,,,,remove_entity,"{""prior_cluster_id"": 371, ""cluster_size_before"": 4, ""density_score"": 1.0223080503991635, ""rrf_component"": 1.0223080503991635, ""label_collision_component"": 0.0, ""selection_metric"": ""rrf_density"", ""agreement_count_sum"": 71, ""operator_decision"": ""drop_corner_touching_refilled""}",2,medium
k02_ent_000372,,,,,remove_entity,"{""prior_cluster_id"": 372, ""cluster_size_before"": 3, ""density_score"": 0.8063467689659086, ""rrf_component"": 0.8063467689659086, ""label_collision_component"": 0.0, ""selection_metric"": ""rrf_density"", ""agreement_count_sum"": 56, ""operator_decision"": ""drop_corner_touching_refilled""}",2,medium
k02_ent_000376,,,,,remove_entity,"{""prior_cluster_id"": 376, ""cluster_size_before"": 3, ""density_score"": 0.6646998527342103, ""rrf_component"": 0.6646998527342103, ""label_collision_component"": 0.0, ""selection_metric"": ""rrf_density"", ""agreement_count_sum"": 46, ""operator_decision"": ""drop_corner_touching_refilled""}",2,medium
k02_ent_000377,,,,,remove_entity,"{""prior_cluster_id"": 377, ""cluster_size_before"": 4, ""density_score"": 0.7762889734487506, ""rrf_component"": 0.7762889734487506, ""label_collision_component"": 0.0, ""selection_metric"": ""rrf_density"", ""agreement_count_sum"": 54, ""operator_decision"": ""drop_corner_touching_refilled""}",2,medium
k02_ent_000384,,,,,remove_entity,"{""prior_cluster_id"": 384, ""cluster_size_before"": 4, ""density_score"": 0.9683101836158517, ""rrf_component"": 0.9683101836158517, ""label_collision_component"": 0.0, ""selection_metric"": ""rrf_density"", ""agreement_count_sum"": 67, ""operator_decision"": ""drop_corner_touching_refilled""}",2,medium
k02_ent_000385,,,,,remove_entity,"{""prior_cluster_id"": 385, ""cluster_size_before"": 3, ""density_score"": 0.6824662804316283, ""rrf_component"": 0.6824662804316283, ""label_collision_component"": 0.0, ""selection_metric"": ""rrf_density"", ""agreement_count_sum"": 47, ""operator_decision"": ""drop_corner_touching_refilled""}",2,medium
k02_ent_000386,,,,,remove_entity,"{""prior_cluster_id"": 386, ""cluster_size_before"": 4, ""density_score"": 0.7355932803611499, ""rrf_component"": 0.7355932803611499, ""label_collision_component"": 0.0, ""selection_metric"": ""rrf_density"", ""agreement_count_sum"": 51, ""operator_decision"": ""drop_corner_touching_refilled""}",2,medium
k02_ent_000391,,,,,remove_entity,"{""prior_cluster_id"": 391, ""cluster_size_before"": 4, ""density_score"": 0.8406239189292178, ""rrf_component"": 0.8406239189292178, ""label_collision_component"": 0.0, ""selection_metric"": ""rrf_density"", ""agreement_count_sum"": 58, ""operator_decision"": ""drop_corner_touching_refilled""}",2,medium
k02_ent_000393,,,,,remove_entity,"{""prior_cluster_id"": 393, ""cluster_size_before"": 4, ""density_score"": 0.7282085982059506, ""rrf_component"": 0.7282085982059506, ""label_collision_component"": 0.0, ""selection_metric"": ""rrf_density"", ""agreement_count_sum"": 50, ""operator_decision"": ""drop_corner_touching_refilled""}",2,medium
k02_ent_000398,,,,,remove_entity,"{""prior_cluster_id"": 398, ""cluster_size_before"": 3, ""density_score"": 0.8898909602366002, ""rrf_component"": 0.8898909602366002, ""label_collision_component"": 0.0, ""selection_metric"": ""rrf_density"", ""agreement_count_sum"": 62, ""operator_decision"": ""drop_corner_touching_refilled""}",2,medium
k02_ent_000399,,,,,remove_entity,"{""prior_cluster_id"": 399, ""cluster_size_before"": 4, ""density_score"": 0.8923155692451823, ""rrf_component"": 0.8923155692451823, ""label_collision_component"": 0.0, ""selection_metric"": ""rrf_density"", ""agreement_count_sum"": 62, ""operator_decision"": ""drop_corner_touching_refilled""}",2,medium
k02_ent_000400,,,,,remove_entity,"{""prior_cluster_id"": 400, ""cluster_size_before"": 4, ""density_score"": 0.8107725198472991, ""rrf_component"": 0.8107725198472991, ""label_collision_component"": 0.0, ""selection_metric"": ""rrf_density"", ""agreement_count_sum"": 56, ""operator_decision"": ""drop_corner_touching_refilled""}",2,medium
k02_ent_000402,,,,,remove_entity,"{""prior_cluster_id"": 402, ""cluster_size_before"": 4, ""density_score"": 0.9042395983387848, ""rrf_component"": 0.9042395983387848, ""label_collision_component"": 0.0, ""selection_metric"": ""rrf_density"", ""agreement_count_sum"": 62, ""operator_decision"": ""drop_corner_touching_refilled""}",2,medium
k02_ent_000405,,,,,remove_entity,"{""prior_cluster_id"": 405, ""cluster_size_before"": 4, ""density_score"": 1.0725147569066698, ""rrf_component"": 1.0725147569066698, ""label_collision_component"": 0.0, ""selection_metric"": ""rrf_density"", ""agreement_count_sum"": 75, ""operator_decision"": ""drop_corner_touching_refilled""}",2,medium
k02_ent_000406,,,,,remove_entity,"{""prior_cluster_id"": 406, ""cluster_size_before"": 4, ""density_score"": 0.7367732355760004, ""rrf_component"": 0.7367732355760004, ""label_collision_component"": 0.0, ""selection_metric"": ""rrf_density"", ""agreement_count_sum"": 51, ""operator_decision"": ""drop_corner_touching_refilled""}",2,medium
k02_ent_000410,,,,,remove_entity,"{""prior_cluster_id"": 410, ""cluster_size_before"": 4, ""density_score"": 0.7335149998783472, ""rrf_component"": 0.7335149998783472, ""label_collision_component"": 0.0, ""selection_metric"": ""rrf_density"", ""agreement_count_sum"": 50, ""operator_decision"": ""drop_corner_touching_refilled""}",2,medium
k02_ent_000411,,,,,remove_entity,"{""prior_cluster_id"": 411, ""cluster_size_before"": 4, ""density_score"": 0.7055719160883469, ""rrf_component"": 0.7055719160883469, ""label_collision_component"": 0.0, ""selection_metric"": ""rrf_density"", ""agreement_count_sum"": 48, ""operator_decision"": ""drop_corner_touching_refilled""}",2,medium
k02_ent_000412,,,,,remove_entity,"{""prior_cluster_id"": 412, ""cluster_size_before"": 4, ""density_score"": 0.7924678581861866, ""rrf_component"": 0.7924678581861866, ""label_collision_component"": 0.0, ""selection_metric"": ""rrf_density"", ""agreement_count_sum"": 54, ""operator_decision"": ""drop_corner_touching_refilled""}",2,medium
k02_ent_000413,,,,,remove_entity,"{""prior_cluster_id"": 413, ""cluster_size_before"": 3, ""density_score"": 1.032248706765215, ""rrf_component"": 1.032248706765215, ""label_collision_component"": 0.0, ""selection_metric"": ""rrf_density"", ""agreement_count_sum"": 72, ""operator_decision"": ""drop_corner_touching_refilled""}",2,medium
k02_ent_000415,,,,,remove_entity,"{""prior_cluster_id"": 415, ""cluster_size_before"": 4, ""density_score"": 0.9332821235298111, ""rrf_component"": 0.9332821235298111, ""label_collision_component"": 0.0, ""selection_metric"": ""rrf_density"", ""agreement_count_sum"": 65, ""operator_decision"": ""drop_corner_touching_refilled""}",2,medium
k02_ent_000416,,,,,remove_entity,"{""prior_cluster_id"": 416, ""cluster_size_before"": 3, ""density_score"": 0.6414952278721912, ""rrf_component"": 0.6414952278721912, ""label_collision_component"": 0.0, ""selection_metric"": ""rrf_density"", ""agreement_count_sum"": 44, ""operator_decision"": ""drop_corner_touching_refilled""}",2,medium
k02_ent_000417,,,,,remove_entity,"{""prior_cluster_id"": 417, ""cluster_size_before"": 4, ""density_score"": 0.597405832738834, ""rrf_component"": 0.597405832738834, ""label_collision_component"": 0.0, ""selection_metric"": ""rrf_density"", ""agreement_count_sum"": 41, ""operator_decision"": ""drop_corner_touching_refilled""}",2,medium
k02_ent_000418,,,,,remove_entity,"{""prior_cluster_id"": 418, ""cluster_size_before"": 4, ""density_score"": 0.8581318126727375, ""rrf_component"": 0.8581318126727375, ""label_collision_component"": 0.0, ""selection_metric"": ""rrf_density"", ""agreement_count_sum"": 59, ""operator_decision"": ""drop_corner_touching_refilled""}",2,medium
k02_ent_000419,,,,,remove_entity,"{""prior_cluster_id"": 419, ""cluster_size_before"": 4, ""density_score"": 0.8686836395154475, ""rrf_component"": 0.8686836395154475, ""label_collision_component"": 0.0, ""selection_metric"": ""rrf_density"", ""agreement_count_sum"": 60, ""operator_decision"": ""drop_corner_touching_refilled""}",2,medium
k02_ent_000421,,,,,remove_entity,"{""prior_cluster_id"": 421, ""cluster_size_before"": 4, ""density_score"": 0.8538718588414791, ""rrf_component"": 0.8538718588414791, ""label_collision_component"": 0.0, ""selection_metric"": ""rrf_density"", ""agreement_count_sum"": 59, ""operator_decision"": ""drop_corner_touching_refilled""}",2,medium
k02_ent_000425,,,,,remove_entity,"{""prior_cluster_id"": 425, ""cluster_size_before"": 4, ""density_score"": 0.7443824828897084, ""rrf_component"": 0.7443824828897084, ""label_collision_component"": 0.0, ""selection_metric"": ""rrf_density"", ""agreement_count_sum"": 51, ""operator_decision"": ""drop_corner_touching_refilled""}",2,medium
k02_ent_000426,,,,,remove_entity,"{""prior_cluster_id"": 426, ""cluster_size_before"": 4, ""density_score"": 0.6427095138912888, ""rrf_component"": 0.6427095138912888, ""label_collision_component"": 0.0, ""selection_metric"": ""rrf_density"", ""agreement_count_sum"": 44, ""operator_decision"": ""drop_corner_touching_refilled""}",2,medium
k02_ent_000429,,,,,remove_entity,"{""prior_cluster_id"": 429, ""cluster_size_before"": 4, ""density_score"": 0.8834239385791024, ""rrf_component"": 0.8834239385791024, ""label_collision_component"": 0.0, ""selection_metric"": ""rrf_density"", ""agreement_count_sum"": 61, ""operator_decision"": ""drop_corner_touching_refilled""}",2,medium
k02_ent_000434,,,,,remove_entity,"{""prior_cluster_id"": 434, ""cluster_size_before"": 2, ""density_score"": 0.7257833827135064, ""rrf_component"": 0.7257833827135064, ""label_collision_component"": 0.0, ""selection_metric"": ""rrf_density"", ""agreement_count_sum"": 50, ""operator_decision"": ""drop_corner_touching_refilled""}",2,medium
k02_ent_000435,,,,,remove_entity,"{""prior_cluster_id"": 435, ""cluster_size_before"": 4, ""density_score"": 0.9073951014767442, ""rrf_component"": 0.9073951014767442, ""label_collision_component"": 0.0, ""selection_metric"": ""rrf_density"", ""agreement_count_sum"": 63, ""operator_decision"": ""drop_corner_touching_refilled""}",2,medium
k02_ent_000436,,,,,remove_entity,"{""prior_cluster_id"": 436, ""cluster_size_before"": 4, ""density_score"": 0.7998213840658419, ""rrf_component"": 0.7998213840658419, ""label_collision_component"": 0.0, ""selection_metric"": ""rrf_density"", ""agreement_count_sum"": 55, ""operator_decision"": ""drop_corner_touching_refilled""}",2,medium
k02_ent_000437,,,,,remove_entity,"{""prior_cluster_id"": 437, ""cluster_size_before"": 4, ""density_score"": 0.95522746259047, ""rrf_component"": 0.95522746259047, ""label_collision_component"": 0.0, ""selection_metric"": ""rrf_density"", ""agreement_count_sum"": 66, ""operator_decision"": ""drop_corner_touching_refilled""}",2,medium
k02_ent_000439,,,,,remove_entity,"{""prior_cluster_id"": 439, ""cluster_size_before"": 4, ""density_score"": 0.7614069025146688, ""rrf_component"": 0.7614069025146688, ""label_collision_component"": 0.0, ""selection_metric"": ""rrf_density"", ""agreement_count_sum"": 52, ""operator_decision"": ""drop_corner_touching_refilled""}",2,medium
k02_ent_000440,,,,,remove_entity,"{""prior_cluster_id"": 440, ""cluster_size_before"": 4, ""density_score"": 0.7223902556111725, ""rrf_component"": 0.7223902556111725, ""label_collision_component"": 0.0, ""selection_metric"": ""rrf_density"", ""agreement_count_sum"": 50, ""operator_decision"": ""drop_corner_touching_refilled""}",2,medium
k02_ent_000443,,,,,remove_entity,"{""prior_cluster_id"": 443, ""cluster_size_before"": 4, ""density_score"": 0.6023813160612767, ""rrf_component"": 0.6023813160612767, ""label_collision_component"": 0.0, ""selection_metric"": ""rrf_density"", ""agreement_count_sum"": 41, ""operator_decision"": ""drop_corner_touching_refilled""}",2,medium
k02_ent_000445,,,,,remove_entity,"{""prior_cluster_id"": 445, ""cluster_size_before"": 4, ""density_score"": 0.6302138641340566, ""rrf_component"": 0.6302138641340566, ""label_collision_component"": 0.0, ""selection_metric"": ""rrf_density"", ""agreement_count_sum"": 43, ""operator_decision"": ""drop_corner_touching_refilled""}",2,medium
k02_ent_000446,,,,,remove_entity,"{""prior_cluster_id"": 446, ""cluster_size_before"": 3, ""density_score"": 0.694233363701972, ""rrf_component"": 0.694233363701972, ""label_collision_component"": 0.0, ""selection_metric"": ""rrf_density"", ""agreement_count_sum"": 47, ""operator_decision"": ""drop_corner_touching_refilled""}",2,medium
k02_ent_000450,,,,,remove_entity,"{""prior_cluster_id"": 450, ""cluster_size_before"": 4, ""density_score"": 0.8343866091098718, ""rrf_component"": 0.8343866091098718, ""label_collision_component"": 0.0, ""selection_metric"": ""rrf_density"", ""agreement_count_sum"": 58, ""operator_decision"": ""drop_corner_touching_refilled""}",2,medium
k02_ent_000454,,,,,remove_entity,"{""prior_cluster_id"": 454, ""cluster_size_before"": 4, ""density_score"": 0.6836722345681765, ""rrf_component"": 0.6836722345681765, ""label_collision_component"": 0.0, ""selection_metric"": ""rrf_density"", ""agreement_count_sum"": 47, ""operator_decision"": ""drop_corner_touching_refilled""}",2,medium
k02_ent_000456,,,,,remove_entity,"{""prior_cluster_id"": 456, ""cluster_size_before"": 4, ""density_score"": 0.7262915884176484, ""rrf_component"": 0.7262915884176484, ""label_collision_component"": 0.0, ""selection_metric"": ""rrf_density"", ""agreement_count_sum"": 49, ""operator_decision"": ""drop_corner_touching_refilled""}",2,medium
k02_ent_000457,,,,,remove_entity,"{""prior_cluster_id"": 457, ""cluster_size_before"": 2, ""density_score"": 0.8752251871768092, ""rrf_component"": 0.8752251871768092, ""label_collision_component"": 0.0, ""selection_metric"": ""rrf_density"", ""agreement_count_sum"": 61, ""operator_decision"": ""drop_corner_touching_refilled""}",2,medium
k02_ent_000458,,,,,remove_entity,"{""prior_cluster_id"": 458, ""cluster_size_before"": 4, ""density_score"": 0.7082483055198127, ""rrf_component"": 0.7082483055198127, ""label_collision_component"": 0.0, ""selection_metric"": ""rrf_density"", ""agreement_count_sum"": 49, ""operator_decision"": ""drop_corner_touching_refilled""}",2,medium
k02_ent_000463,,,,,remove_entity,"{""prior_cluster_id"": 463, ""cluster_size_before"": 4, ""density_score"": 0.897164948151979, ""rrf_component"": 0.897164948151979, ""label_collision_component"": 0.0, ""selection_metric"": ""rrf_density"", ""agreement_count_sum"": 62, ""operator_decision"": ""drop_corner_touching_refilled""}",2,medium
k02_ent_000464,,,,,remove_entity,"{""prior_cluster_id"": 464, ""cluster_size_before"": 4, ""density_score"": 0.7822656684440725, ""rrf_component"": 0.7822656684440725, ""label_collision_component"": 0.0, ""selection_metric"": ""rrf_density"", ""agreement_count_sum"": 54, ""operator_decision"": ""drop_corner_touching_refilled""}",2,medium
k02_ent_000466,,,,,remove_entity,"{""prior_cluster_id"": 466, ""cluster_size_before"": 4, ""density_score"": 1.0494621069228105, ""rrf_component"": 1.0494621069228105, ""label_collision_component"": 0.0, ""selection_metric"": ""rrf_density"", ""agreement_count_sum"": 73, ""operator_decision"": ""drop_corner_touching_refilled""}",2,medium
k02_ent_000467,,,,,remove_entity,"{""prior_cluster_id"": 467, ""cluster_size_before"": 3, ""density_score"": 0.6703228160670597, ""rrf_component"": 0.6703228160670597, ""label_collision_component"": 0.0, ""selection_metric"": ""rrf_density"", ""agreement_count_sum"": 47, ""operator_decision"": ""drop_corner_touching_refilled""}",2,medium
k02_ent_000470,,,,,remove_entity,"{""prior_cluster_id"": 470, ""cluster_size_before"": 4, ""density_score"": 0.8020192977522734, ""rrf_component"": 0.8020192977522734, ""label_collision_component"": 0.0, ""selection_metric"": ""rrf_density"", ""agreement_count_sum"": 55, ""operator_decision"": ""drop_corner_touching_refilled""}",2,medium
k02_ent_000471,,,,,remove_entity,"{""prior_cluster_id"": 471, ""cluster_size_before"": 4, ""density_score"": 0.8017751220981006, ""rrf_component"": 0.8017751220981006, ""label_collision_component"": 0.0, ""selection_metric"": ""rrf_density"", ""agreement_count_sum"": 56, ""operator_decision"": ""drop_corner_touching_refilled""}",2,medium
k02_ent_000473,,,,,remove_entity,"{""prior_cluster_id"": 473, ""cluster_size_before"": 4, ""density_score"": 0.6266544427665026, ""rrf_component"": 0.6266544427665026, ""label_collision_component"": 0.0, ""selection_metric"": ""rrf_density"", ""agreement_count_sum"": 43, ""operator_decision"": ""drop_corner_touching_refilled""}",2,medium
k02_ent_000474,,,,,remove_entity,"{""prior_cluster_id"": 474, ""cluster_size_before"": 4, ""density_score"": 0.8271393933813364, ""rrf_component"": 0.8271393933813364, ""label_collision_component"": 0.0, ""selection_metric"": ""rrf_density"", ""agreement_count_sum"": 57, ""operator_decision"": ""drop_corner_touching_refilled""}",2,medium
k02_ent_000475,,,,,remove_entity,"{""prior_cluster_id"": 475, ""cluster_size_before"": 4, ""density_score"": 0.7980737905070089, ""rrf_component"": 0.7980737905070089, ""label_collision_component"": 0.0, ""selection_metric"": ""rrf_density"", ""agreement_count_sum"": 54, ""operator_decision"": ""drop_corner_touching_refilled""}",2,medium
k02_ent_000477,,,,,remove_entity,"{""prior_cluster_id"": 477, ""cluster_size_before"": 4, ""density_score"": 0.8615472826663135, ""rrf_component"": 0.8615472826663135, ""label_collision_component"": 0.0, ""selection_metric"": ""rrf_density"", ""agreement_count_sum"": 59, ""operator_decision"": ""drop_corner_touching_refilled""}",2,medium
k02_ent_000480,,,,,remove_entity,"{""prior_cluster_id"": 480, ""cluster_size_before"": 4, ""density_score"": 0.902999368452314, ""rrf_component"": 0.902999368452314, ""label_collision_component"": 0.0, ""selection_metric"": ""rrf_density"", ""agreement_count_sum"": 63, ""operator_decision"": ""drop_corner_touching_refilled""}",2,medium
k02_ent_000483,,,,,remove_entity,"{""prior_cluster_id"": 483, ""cluster_size_before"": 4, ""density_score"": 0.7509654493343079, ""rrf_component"": 0.7509654493343079, ""label_collision_component"": 0.0, ""selection_metric"": ""rrf_density"", ""agreement_count_sum"": 52, ""operator_decision"": ""drop_corner_touching_refilled""}",2,medium
k02_ent_000484,,,,,remove_entity,"{""prior_cluster_id"": 484, ""cluster_size_before"": 4, ""density_score"": 0.8106540811509245, ""rrf_component"": 0.8106540811509245, ""label_collision_component"": 0.0, ""selection_metric"": ""rrf_density"", ""agreement_count_sum"": 56, ""operator_decision"": ""drop_corner_touching_refilled""}",2,medium
k02_ent_000485,,,,,remove_entity,"{""prior_cluster_id"": 485, ""cluster_size_before"": 4, ""density_score"": 0.9289230753794653, ""rrf_component"": 0.9289230753794653, ""label_collision_component"": 0.0, ""selection_metric"": ""rrf_density"", ""agreement_count_sum"": 64, ""operator_decision"": ""drop_corner_touching_refilled""}",2,medium
k02_ent_000487,,,,,remove_entity,"{""prior_cluster_id"": 487, ""cluster_size_before"": 4, ""density_score"": 0.7536067308325994, ""rrf_component"": 0.7536067308325994, ""label_collision_component"": 0.0, ""selection_metric"": ""rrf_density"", ""agreement_count_sum"": 52, ""operator_decision"": ""drop_corner_touching_refilled""}",2,medium
k02_ent_000488,,,,,remove_entity,"{""prior_cluster_id"": 488, ""cluster_size_before"": 4, ""density_score"": 0.6799655622665479, ""rrf_component"": 0.6799655622665479, ""label_collision_component"": 0.0, ""selection_metric"": ""rrf_density"", ""agreement_count_sum"": 47, ""operator_decision"": ""drop_corner_touching_refilled""}",2,medium
k02_ent_000489,,,,,remove_entity,"{""prior_cluster_id"": 489, ""cluster_size_before"": 4, ""density_score"": 0.766800515457032, ""rrf_component"": 0.766800515457032, ""label_collision_component"": 0.0, ""selection_metric"": ""rrf_density"", ""agreement_count_sum"": 53, ""operator_decision"": ""drop_corner_touching_refilled""}",2,medium
k02_ent_000491,,,,,remove_entity,"{""prior_cluster_id"": 491, ""cluster_size_before"": 4, ""density_score"": 0.7210566637954039, ""rrf_component"": 0.7210566637954039, ""label_collision_component"": 0.0, ""selection_metric"": ""rrf_density"", ""agreement_count_sum"": 50, ""operator_decision"": ""drop_corner_touching_refilled""}",2,medium
k02_ent_000493,,,,,remove_entity,"{""prior_cluster_id"": 493, ""cluster_size_before"": 4, ""density_score"": 0.7077035938329749, ""rrf_component"": 0.7077035938329749, ""label_collision_component"": 0.0, ""selection_metric"": ""rrf_density"", ""agreement_count_sum"": 49, ""operator_decision"": ""drop_corner_touching_refilled""}",2,medium
k02_ent_000495,,,,,remove_entity,"{""prior_cluster_id"": 495, ""cluster_size_before"": 4, ""density_score"": 0.7911142699556731, ""rrf_component"": 0.7911142699556731, ""label_collision_component"": 0.0, ""selection_metric"": ""rrf_density"", ""agreement_count_sum"": 54, ""operator_decision"": ""drop_corner_touching_refilled""}",2,medium
k02_ent_000497,,,,,remove_entity,"{""prior_cluster_id"": 497, ""cluster_size_before"": 4, ""density_score"": 0.6620700953280471, ""rrf_component"": 0.6620700953280471, ""label_collision_component"": 0.0, ""selection_metric"": ""rrf_density"", ""agreement_count_sum"": 45, ""operator_decision"": ""drop_corner_touching_refilled""}",2,medium
k02_ent_000499,,,,,remove_entity,"{""prior_cluster_id"": 499, ""cluster_size_before"": 2, ""density_score"": 0.6418459108496927, ""rrf_component"": 0.6418459108496927, ""label_collision_component"": 0.0, ""selection_metric"": ""rrf_density"", ""agreement_count_sum"": 44, ""operator_decision"": ""drop_corner_touching_refilled""}",2,medium
k02_ent_000501,,,,,remove_entity,"{""prior_cluster_id"": 501, ""cluster_size_before"": 3, ""density_score"": 0.8365835783627091, ""rrf_component"": 0.8365835783627091, ""label_collision_component"": 0.0, ""selection_metric"": ""rrf_density"", ""agreement_count_sum"": 57, ""operator_decision"": ""drop_corner_touching_refilled""}",2,medium
k02_ent_000502,,,,,remove_entity,"{""prior_cluster_id"": 502, ""cluster_size_before"": 3, ""density_score"": 0.9909986907315846, ""rrf_component"": 0.9909986907315846, ""label_collision_component"": 0.0, ""selection_metric"": ""rrf_density"", ""agreement_count_sum"": 69, ""operator_decision"": ""drop_corner_touching_refilled""}",2,medium
k02_ent_000503,,,,,remove_entity,"{""prior_cluster_id"": 503, ""cluster_size_before"": 4, ""density_score"": 0.6335772507638338, ""rrf_component"": 0.6335772507638338, ""label_collision_component"": 0.0, ""selection_metric"": ""rrf_density"", ""agreement_count_sum"": 43, ""operator_decision"": ""drop_corner_touching_refilled""}",2,medium
k02_ent_000506,,,,,remove_entity,"{""prior_cluster_id"": 506, ""cluster_size_before"": 4, ""density_score"": 0.7102890079156452, ""rrf_component"": 0.7102890079156452, ""label_collision_component"": 0.0, ""selection_metric"": ""rrf_density"", ""agreement_count_sum"": 49, ""operator_decision"": ""drop_corner_touching_refilled""}",2,medium
k02_ent_000507,,,,,remove_entity,"{""prior_cluster_id"": 507, ""cluster_size_before"": 3, ""density_score"": 0.8778004320448898, ""rrf_component"": 0.8778004320448898, ""label_collision_component"": 0.0, ""selection_metric"": ""rrf_density"", ""agreement_count_sum"": 61, ""operator_decision"": ""drop_corner_touching_refilled""}",2,medium
k02_ent_000510,,,,,remove_entity,"{""prior_cluster_id"": 510, ""cluster_size_before"": 4, ""density_score"": 0.8199673088810873, ""rrf_component"": 0.8199673088810873, ""label_collision_component"": 0.0, ""selection_metric"": ""rrf_density"", ""agreement_count_sum"": 57, ""operator_decision"": ""drop_corner_touching_refilled""}",2,medium
k02_ent_000511,,,,,remove_entity,"{""prior_cluster_id"": 511, ""cluster_size_before"": 4, ""density_score"": 0.8180432355067475, ""rrf_component"": 0.8180432355067475, ""label_collision_component"": 0.0, ""selection_metric"": ""rrf_density"", ""agreement_count_sum"": 56, ""operator_decision"": ""drop_corner_touching_refilled""}",2,medium
k02_ent_000512,,,,,remove_entity,"{""prior_cluster_id"": 512, ""cluster_size_before"": 4, ""density_score"": 0.742488575371805, ""rrf_component"": 0.742488575371805, ""label_collision_component"": 0.0, ""selection_metric"": ""rrf_density"", ""agreement_count_sum"": 51, ""operator_decision"": ""drop_corner_touching_refilled""}",2,medium
k02_ent_000514,,,,,remove_entity,"{""prior_cluster_id"": 514, ""cluster_size_before"": 4, ""density_score"": 0.9795030208166404, ""rrf_component"": 0.9795030208166404, ""label_collision_component"": 0.0, ""selection_metric"": ""rrf_density"", ""agreement_count_sum"": 68, ""operator_decision"": ""drop_corner_touching_refilled""}",2,medium
k02_ent_000516,,,,,remove_entity,"{""prior_cluster_id"": 516, ""cluster_size_before"": 4, ""density_score"": 0.8216728834799719, ""rrf_component"": 0.8216728834799719, ""label_collision_component"": 0.0, ""selection_metric"": ""rrf_density"", ""agreement_count_sum"": 57, ""operator_decision"": ""drop_corner_touching_refilled""}",2,medium
k02_ent_000517,,,,,remove_entity,"{""prior_cluster_id"": 517, ""cluster_size_before"": 4, ""density_score"": 0.8481959718218973, ""rrf_component"": 0.8481959718218973, ""label_collision_component"": 0.0, ""selection_metric"": ""rrf_density"", ""agreement_count_sum"": 58, ""operator_decision"": ""drop_corner_touching_refilled""}",2,medium
k02_ent_000518,,,,,remove_entity,"{""prior_cluster_id"": 518, ""cluster_size_before"": 4, ""density_score"": 0.7798636464021149, ""rrf_component"": 0.7798636464021149, ""label_collision_component"": 0.0, ""selection_metric"": ""rrf_density"", ""agreement_count_sum"": 54, ""operator_decision"": ""drop_corner_touching_refilled""}",2,medium
k02_ent_000519,,,,,remove_entity,"{""prior_cluster_id"": 519, ""cluster_size_before"": 4, ""density_score"": 0.8612858488454412, ""rrf_component"": 0.8612858488454412, ""label_collision_component"": 0.0, ""selection_metric"": ""rrf_density"", ""agreement_count_sum"": 59, ""operator_decision"": ""drop_corner_touching_refilled""}",2,medium
k02_ent_000523,,,,,remove_entity,"{""prior_cluster_id"": 523, ""cluster_size_before"": 4, ""density_score"": 0.8608161324903794, ""rrf_component"": 0.8608161324903794, ""label_collision_component"": 0.0, ""selection_metric"": ""rrf_density"", ""agreement_count_sum"": 60, ""operator_decision"": ""drop_corner_touching_refilled""}",2,medium
k02_ent_000524,,,,,remove_entity,"{""prior_cluster_id"": 524, ""cluster_size_before"": 2, ""density_score"": 1.0330446697959914, ""rrf_component"": 1.0330446697959914, ""label_collision_component"": 0.0, ""selection_metric"": ""rrf_density"", ""agreement_count_sum"": 72, ""operator_decision"": ""drop_corner_touching_refilled""}",2,medium
k02_ent_000526,,,,,remove_entity,"{""prior_cluster_id"": 526, ""cluster_size_before"": 4, ""density_score"": 0.8350286163465295, ""rrf_component"": 0.8350286163465295, ""label_collision_component"": 0.0, ""selection_metric"": ""rrf_density"", ""agreement_count_sum"": 58, ""operator_decision"": ""drop_corner_touching_refilled""}",2,medium
k02_ent_000527,,,,,remove_entity,"{""prior_cluster_id"": 527, ""cluster_size_before"": 4, ""density_score"": 0.8541990670600075, ""rrf_component"": 0.8541990670600075, ""label_collision_component"": 0.0, ""selection_metric"": ""rrf_density"", ""agreement_count_sum"": 59, ""operator_decision"": ""drop_corner_touching_refilled""}",2,medium
k02_ent_000528,,,,,remove_entity,"{""prior_cluster_id"": 528, ""cluster_size_before"": 4, ""density_score"": 0.794363835554291, ""rrf_component"": 0.794363835554291, ""label_collision_component"": 0.0, ""selection_metric"": ""rrf_density"", ""agreement_count_sum"": 55, ""operator_decision"": ""drop_corner_touching_refilled""}",2,medium
k02_ent_000529,,,,,remove_entity,"{""prior_cluster_id"": 529, ""cluster_size_before"": 3, ""density_score"": 0.8265947149758465, ""rrf_component"": 0.8265947149758465, ""label_collision_component"": 0.0, ""selection_metric"": ""rrf_density"", ""agreement_count_sum"": 57, ""operator_decision"": ""drop_corner_touching_refilled""}",2,medium
k02_ent_000533,,,,,remove_entity,"{""prior_cluster_id"": 533, ""cluster_size_before"": 4, ""density_score"": 0.7941295887275767, ""rrf_component"": 0.7941295887275767, ""label_collision_component"": 0.0, ""selection_metric"": ""rrf_density"", ""agreement_count_sum"": 55, ""operator_decision"": ""drop_corner_touching_refilled""}",2,medium
k02_ent_000535,,,,,remove_entity,"{""prior_cluster_id"": 535, ""cluster_size_before"": 4, ""density_score"": 0.674037358896055, ""rrf_component"": 0.674037358896055, ""label_collision_component"": 0.0, ""selection_metric"": ""rrf_density"", ""agreement_count_sum"": 46, ""operator_decision"": ""drop_corner_touching_refilled""}",2,medium
k02_ent_000539,,,,,remove_entity,"{""prior_cluster_id"": 539, ""cluster_size_before"": 4, ""density_score"": 0.8633141383669032, ""rrf_component"": 0.8633141383669032, ""label_collision_component"": 0.0, ""selection_metric"": ""rrf_density"", ""agreement_count_sum"": 60, ""operator_decision"": ""drop_corner_touching_refilled""}",2,medium
k02_ent_000543,,,,,remove_entity,"{""prior_cluster_id"": 543, ""cluster_size_before"": 4, ""density_score"": 0.9036067679541286, ""rrf_component"": 0.9036067679541286, ""label_collision_component"": 0.0, ""selection_metric"": ""rrf_density"", ""agreement_count_sum"": 62, ""operator_decision"": ""drop_corner_touching_refilled""}",2,medium
k02_ent_000544,,,,,remove_entity,"{""prior_cluster_id"": 544, ""cluster_size_before"": 4, ""density_score"": 0.7954030769955429, ""rrf_component"": 0.7954030769955429, ""label_collision_component"": 0.0, ""selection_metric"": ""rrf_density"", ""agreement_count_sum"": 55, ""operator_decision"": ""drop_corner_touching_refilled""}",2,medium
k02_ent_000545,,,,,remove_entity,"{""prior_cluster_id"": 545, ""cluster_size_before"": 4, ""density_score"": 0.7808917732056346, ""rrf_component"": 0.7808917732056346, ""label_collision_component"": 0.0, ""selection_metric"": ""rrf_density"", ""agreement_count_sum"": 54, ""operator_decision"": ""drop_corner_touching_refilled""}",2,medium
k02_ent_000547,,,,,remove_entity,"{""prior_cluster_id"": 547, ""cluster_size_before"": 4, ""density_score"": 0.5901105867016716, ""rrf_component"": 0.5901105867016716, ""label_collision_component"": 0.0, ""selection_metric"": ""rrf_density"", ""agreement_count_sum"": 41, ""operator_decision"": ""drop_corner_touching_refilled""}",2,medium
k02_ent_000548,,,,,remove_entity,"{""prior_cluster_id"": 548, ""cluster_size_before"": 4, ""density_score"": 0.7624989927497008, ""rrf_component"": 0.7624989927497008, ""label_collision_component"": 0.0, ""selection_metric"": ""rrf_density"", ""agreement_count_sum"": 53, ""operator_decision"": ""drop_corner_touching_refilled""}",2,medium
k02_ent_000554,,,,,remove_entity,"{""prior_cluster_id"": 554, ""cluster_size_before"": 4, ""density_score"": 0.9817508207420579, ""rrf_component"": 0.9817508207420579, ""label_collision_component"": 0.0, ""selection_metric"": ""rrf_density"", ""agreement_count_sum"": 68, ""operator_decision"": ""drop_corner_touching_refilled""}",2,medium
k02_ent_000560,,,,,remove_entity,"{""prior_cluster_id"": 560, ""cluster_size_before"": 4, ""density_score"": 0.7564718379170486, ""rrf_component"": 0.7564718379170486, ""label_collision_component"": 0.0, ""selection_metric"": ""rrf_density"", ""agreement_count_sum"": 52, ""operator_decision"": ""drop_corner_touching_refilled""}",2,medium
k02_ent_000561,,,,,remove_entity,"{""prior_cluster_id"": 561, ""cluster_size_before"": 4, ""density_score"": 0.7109143869014758, ""rrf_component"": 0.7109143869014758, ""label_collision_component"": 0.0, ""selection_metric"": ""rrf_density"", ""agreement_count_sum"": 49, ""operator_decision"": ""drop_corner_touching_refilled""}",2,medium
k02_ent_000566,,,,,remove_entity,"{""prior_cluster_id"": 566, ""cluster_size_before"": 4, ""density_score"": 0.7002182916520617, ""rrf_component"": 0.7002182916520617, ""label_collision_component"": 0.0, ""selection_metric"": ""rrf_density"", ""agreement_count_sum"": 48, ""operator_decision"": ""drop_corner_touching_refilled""}",2,medium
k02_ent_000567,,,,,remove_entity,"{""prior_cluster_id"": 567, ""cluster_size_before"": 4, ""density_score"": 0.8480067243535412, ""rrf_component"": 0.8480067243535412, ""label_collision_component"": 0.0, ""selection_metric"": ""rrf_density"", ""agreement_count_sum"": 59, ""operator_decision"": ""drop_corner_touching_refilled""}",2,medium
k02_ent_000568,,,,,remove_entity,"{""prior_cluster_id"": 568, ""cluster_size_before"": 4, ""density_score"": 0.847926640002404, ""rrf_component"": 0.847926640002404, ""label_collision_component"": 0.0, ""selection_metric"": ""rrf_density"", ""agreement_count_sum"": 59, ""operator_decision"": ""drop_corner_touching_refilled""}",2,medium
k02_ent_000569,,,,,remove_entity,"{""prior_cluster_id"": 569, ""cluster_size_before"": 4, ""density_score"": 0.7694419823016855, ""rrf_component"": 0.7694419823016855, ""label_collision_component"": 0.0, ""selection_metric"": ""rrf_density"", ""agreement_count_sum"": 53, ""operator_decision"": ""drop_corner_touching_refilled""}",2,medium
k02_ent_000570,,,,,remove_entity,"{""prior_cluster_id"": 570, ""cluster_size_before"": 4, ""density_score"": 5.770201883207706, ""rrf_component"": 0.7702018832077063, ""label_collision_component"": 5.0, ""selection_metric"": ""rrf_density"", ""agreement_count_sum"": 53, ""operator_decision"": ""drop_corner_touching_refilled""}",2,medium
k02_ent_000571,,,,,remove_entity,"{""prior_cluster_id"": 571, ""cluster_size_before"": 4, ""density_score"": 0.9423741975590517, ""rrf_component"": 0.9423741975590517, ""label_collision_component"": 0.0, ""selection_metric"": ""rrf_density"", ""agreement_count_sum"": 65, ""operator_decision"": ""drop_corner_touching_refilled""}",2,medium
k02_ent_000577,,,,,remove_entity,"{""prior_cluster_id"": 577, ""cluster_size_before"": 4, ""density_score"": 0.8558995437502095, ""rrf_component"": 0.8558995437502095, ""label_collision_component"": 0.0, ""selection_metric"": ""rrf_density"", ""agreement_count_sum"": 59, ""operator_decision"": ""drop_corner_touching_refilled""}",2,medium
k02_ent_000578,,,,,remove_entity,"{""prior_cluster_id"": 578, ""cluster_size_before"": 4, ""density_score"": 0.963192958604545, ""rrf_component"": 0.963192958604545, ""label_collision_component"": 0.0, ""selection_metric"": ""rrf_density"", ""agreement_count_sum"": 67, ""operator_decision"": ""drop_corner_touching_refilled""}",2,medium
k02_ent_000581,,,,,remove_entity,"{""prior_cluster_id"": 581, ""cluster_size_before"": 4, ""density_score"": 0.6305097886257247, ""rrf_component"": 0.6305097886257247, ""label_collision_component"": 0.0, ""selection_metric"": ""rrf_density"", ""agreement_count_sum"": 43, ""operator_decision"": ""drop_corner_touching_refilled""}",2,medium
k02_ent_000585,,,,,remove_entity,"{""prior_cluster_id"": 585, ""cluster_size_before"": 4, ""density_score"": 0.8205532111578357, ""rrf_component"": 0.8205532111578357, ""label_collision_component"": 0.0, ""selection_metric"": ""rrf_density"", ""agreement_count_sum"": 57, ""operator_decision"": ""drop_corner_touching_refilled""}",2,medium
k02_ent_000586,,,,,remove_entity,"{""prior_cluster_id"": 586, ""cluster_size_before"": 4, ""density_score"": 0.7910481907191258, ""rrf_component"": 0.7910481907191258, ""label_collision_component"": 0.0, ""selection_metric"": ""rrf_density"", ""agreement_count_sum"": 55, ""operator_decision"": ""drop_corner_touching_refilled""}",2,medium
k02_ent_000587,,,,,remove_entity,"{""prior_cluster_id"": 587, ""cluster_size_before"": 4, ""density_score"": 0.6747086139881782, ""rrf_component"": 0.6747086139881782, ""label_collision_component"": 0.0, ""selection_metric"": ""rrf_density"", ""agreement_count_sum"": 46, ""operator_decision"": ""drop_corner_touching_refilled""}",2,medium
k02_ent_000590,,,,,remove_entity,"{""prior_cluster_id"": 590, ""cluster_size_before"": 4, ""density_score"": 0.6561421075346386, ""rrf_component"": 0.6561421075346386, ""label_collision_component"": 0.0, ""selection_metric"": ""rrf_density"", ""agreement_count_sum"": 45, ""operator_decision"": ""drop_corner_touching_refilled""}",2,medium
k02_ent_000594,,,,,remove_entity,"{""prior_cluster_id"": 594, ""cluster_size_before"": 3, ""density_score"": 0.9271983612376162, ""rrf_component"": 0.9271983612376162, ""label_collision_component"": 0.0, ""selection_metric"": ""rrf_density"", ""agreement_count_sum"": 64, ""operator_decision"": ""drop_corner_touching_refilled""}",2,medium
k02_ent_000599,,,,,remove_entity,"{""prior_cluster_id"": 599, ""cluster_size_before"": 3, ""density_score"": 0.8977772075174394, ""rrf_component"": 0.8977772075174394, ""label_collision_component"": 0.0, ""selection_metric"": ""rrf_density"", ""agreement_count_sum"": 62, ""operator_decision"": ""drop_corner_touching_refilled""}",2,medium
k02_ent_000601,,,,,remove_entity,"{""prior_cluster_id"": 601, ""cluster_size_before"": 4, ""density_score"": 0.7466177509452605, ""rrf_component"": 0.7466177509452605, ""label_collision_component"": 0.0, ""selection_metric"": ""rrf_density"", ""agreement_count_sum"": 52, ""operator_decision"": ""drop_corner_touching_refilled""}",2,medium
k02_ent_000603,,,,,remove_entity,"{""prior_cluster_id"": 603, ""cluster_size_before"": 4, ""density_score"": 0.8038341427926213, ""rrf_component"": 0.8038341427926213, ""label_collision_component"": 0.0, ""selection_metric"": ""rrf_density"", ""agreement_count_sum"": 56, ""operator_decision"": ""drop_corner_touching_refilled""}",2,medium
k02_ent_000604,,,,,remove_entity,"{""prior_cluster_id"": 604, ""cluster_size_before"": 4, ""density_score"": 0.9072765302511229, ""rrf_component"": 0.9072765302511229, ""label_collision_component"": 0.0, ""selection_metric"": ""rrf_density"", ""agreement_count_sum"": 63, ""operator_decision"": ""drop_corner_touching_refilled""}",2,medium
k02_ent_000610,,,,,remove_entity,"{""prior_cluster_id"": 610, ""cluster_size_before"": 4, ""density_score"": 0.6978948744850192, ""rrf_component"": 0.6978948744850192, ""label_collision_component"": 0.0, ""selection_metric"": ""rrf_density"", ""agreement_count_sum"": 48, ""operator_decision"": ""drop_corner_touching_refilled""}",2,medium
k02_ent_000614,,,,,remove_entity,"{""prior_cluster_id"": 614, ""cluster_size_before"": 3, ""density_score"": 1.022881657004867, ""rrf_component"": 1.022881657004867, ""label_collision_component"": 0.0, ""selection_metric"": ""rrf_density"", ""agreement_count_sum"": 71, ""operator_decision"": ""drop_corner_touching_refilled""}",2,medium
k02_ent_000615,,,,,remove_entity,"{""prior_cluster_id"": 615, ""cluster_size_before"": 4, ""density_score"": 0.8763060721544501, ""rrf_component"": 0.8763060721544501, ""label_collision_component"": 0.0, ""selection_metric"": ""rrf_density"", ""agreement_count_sum"": 61, ""operator_decision"": ""drop_corner_touching_refilled""}",2,medium
k02_ent_000616,,,,,remove_entity,"{""prior_cluster_id"": 616, ""cluster_size_before"": 4, ""density_score"": 0.8431940685258636, ""rrf_component"": 0.8431940685258636, ""label_collision_component"": 0.0, ""selection_metric"": ""rrf_density"", ""agreement_count_sum"": 59, ""operator_decision"": ""drop_corner_touching_refilled""}",2,medium
k02_ent_000617,,,,,remove_entity,"{""prior_cluster_id"": 617, ""cluster_size_before"": 4, ""density_score"": 0.8888978468393911, ""rrf_component"": 0.8888978468393911, ""label_collision_component"": 0.0, ""selection_metric"": ""rrf_density"", ""agreement_count_sum"": 61, ""operator_decision"": ""drop_corner_touching_refilled""}",2,medium
k02_ent_000618,,,,,remove_entity,"{""prior_cluster_id"": 618, ""cluster_size_before"": 3, ""density_score"": 0.8829684454582998, ""rrf_component"": 0.8829684454582998, ""label_collision_component"": 0.0, ""selection_metric"": ""rrf_density"", ""agreement_count_sum"": 61, ""operator_decision"": ""drop_corner_touching_refilled""}",2,medium
k02_ent_000619,,,,,remove_entity,"{""prior_cluster_id"": 619, ""cluster_size_before"": 4, ""density_score"": 0.680781719590815, ""rrf_component"": 0.680781719590815, ""label_collision_component"": 0.0, ""selection_metric"": ""rrf_density"", ""agreement_count_sum"": 47, ""operator_decision"": ""drop_corner_touching_refilled""}",2,medium
k02_ent_000620,,,,,remove_entity,"{""prior_cluster_id"": 620, ""cluster_size_before"": 2, ""density_score"": 0.8881306950996993, ""rrf_component"": 0.8881306950996993, ""label_collision_component"": 0.0, ""selection_metric"": ""rrf_density"", ""agreement_count_sum"": 61, ""operator_decision"": ""drop_corner_touching_refilled""}",2,medium
k02_ent_000623,,,,,remove_entity,"{""prior_cluster_id"": 623, ""cluster_size_before"": 4, ""density_score"": 0.8420203188633669, ""rrf_component"": 0.8420203188633669, ""label_collision_component"": 0.0, ""selection_metric"": ""rrf_density"", ""agreement_count_sum"": 58, ""operator_decision"": ""drop_corner_touching_refilled""}",2,medium
k02_ent_000626,,,,,remove_entity,"{""prior_cluster_id"": 626, ""cluster_size_before"": 4, ""density_score"": 0.8127944868858328, ""rrf_component"": 0.8127944868858328, ""label_collision_component"": 0.0, ""selection_metric"": ""rrf_density"", ""agreement_count_sum"": 56, ""operator_decision"": ""drop_corner_touching_refilled""}",2,medium
k02_ent_000631,,,,,remove_entity,"{""prior_cluster_id"": 631, ""cluster_size_before"": 4, ""density_score"": 0.8516125370304012, ""rrf_component"": 0.8516125370304012, ""label_collision_component"": 0.0, ""selection_metric"": ""rrf_density"", ""agreement_count_sum"": 59, ""operator_decision"": ""drop_corner_touching_refilled""}",2,medium
k02_ent_000633,,,,,remove_entity,"{""prior_cluster_id"": 633, ""cluster_size_before"": 4, ""density_score"": 0.8406651124265639, ""rrf_component"": 0.8406651124265639, ""label_collision_component"": 0.0, ""selection_metric"": ""rrf_density"", ""agreement_count_sum"": 58, ""operator_decision"": ""drop_corner_touching_refilled""}",2,medium
k02_ent_000635,,,,,remove_entity,"{""prior_cluster_id"": 635, ""cluster_size_before"": 4, ""density_score"": 0.7629201003996404, ""rrf_component"": 0.7629201003996404, ""label_collision_component"": 0.0, ""selection_metric"": ""rrf_density"", ""agreement_count_sum"": 53, ""operator_decision"": ""drop_corner_touching_refilled""}",2,medium
k02_ent_000636,,,,,remove_entity,"{""prior_cluster_id"": 636, ""cluster_size_before"": 4, ""density_score"": 0.7201144409500798, ""rrf_component"": 0.7201144409500798, ""label_collision_component"": 0.0, ""selection_metric"": ""rrf_density"", ""agreement_count_sum"": 50, ""operator_decision"": ""drop_corner_touching_refilled""}",2,medium
k02_ent_000642,,,,,remove_entity,"{""prior_cluster_id"": 642, ""cluster_size_before"": 4, ""density_score"": 0.9228442176260925, ""rrf_component"": 0.9228442176260925, ""label_collision_component"": 0.0, ""selection_metric"": ""rrf_density"", ""agreement_count_sum"": 64, ""operator_decision"": ""drop_corner_touching_refilled""}",2,medium
k02_ent_000652,,,,,remove_entity,"{""prior_cluster_id"": 652, ""cluster_size_before"": 4, ""density_score"": 0.5810233953500678, ""rrf_component"": 0.5810233953500678, ""label_collision_component"": 0.0, ""selection_metric"": ""rrf_density"", ""agreement_count_sum"": 40, ""operator_decision"": ""drop_corner_touching_refilled""}",2,medium
k02_ent_000653,,,,,remove_entity,"{""prior_cluster_id"": 653, ""cluster_size_before"": 2, ""density_score"": 0.8048979200701353, ""rrf_component"": 0.8048979200701353, ""label_collision_component"": 0.0, ""selection_metric"": ""rrf_density"", ""agreement_count_sum"": 56, ""operator_decision"": ""drop_corner_touching_refilled""}",2,medium
k02_ent_000655,,,,,remove_entity,"{""prior_cluster_id"": 655, ""cluster_size_before"": 2, ""density_score"": 0.6421023630788834, ""rrf_component"": 0.6421023630788834, ""label_collision_component"": 0.0, ""selection_metric"": ""rrf_density"", ""agreement_count_sum"": 44, ""operator_decision"": ""drop_corner_touching_refilled""}",2,medium
k02_ent_000657,,,,,remove_entity,"{""prior_cluster_id"": 657, ""cluster_size_before"": 4, ""density_score"": 0.7034190637501709, ""rrf_component"": 0.7034190637501709, ""label_collision_component"": 0.0, ""selection_metric"": ""rrf_density"", ""agreement_count_sum"": 49, ""operator_decision"": ""drop_corner_touching_refilled""}",2,medium
k02_ent_000659,,,,,remove_entity,"{""prior_cluster_id"": 659, ""cluster_size_before"": 4, ""density_score"": 0.9563182973113812, ""rrf_component"": 0.9563182973113812, ""label_collision_component"": 0.0, ""selection_metric"": ""rrf_density"", ""agreement_count_sum"": 66, ""operator_decision"": ""drop_corner_touching_refilled""}",2,medium
k02_ent_000660,,,,,remove_entity,"{""prior_cluster_id"": 660, ""cluster_size_before"": 3, ""density_score"": 0.8315341399027092, ""rrf_component"": 0.8315341399027092, ""label_collision_component"": 0.0, ""selection_metric"": ""rrf_density"", ""agreement_count_sum"": 57, ""operator_decision"": ""drop_corner_touching_refilled""}",2,medium
k02_ent_000661,,,,,remove_entity,"{""prior_cluster_id"": 661, ""cluster_size_before"": 3, ""density_score"": 0.7690648420115349, ""rrf_component"": 0.7690648420115349, ""label_collision_component"": 0.0, ""selection_metric"": ""rrf_density"", ""agreement_count_sum"": 53, ""operator_decision"": ""drop_corner_touching_refilled""}",2,medium
k02_ent_000664,,,,,remove_entity,"{""prior_cluster_id"": 664, ""cluster_size_before"": 4, ""density_score"": 0.7832285083940188, ""rrf_component"": 0.7832285083940188, ""label_collision_component"": 0.0, ""selection_metric"": ""rrf_density"", ""agreement_count_sum"": 54, ""operator_decision"": ""drop_corner_touching_refilled""}",2,medium
k02_ent_000666,,,,,remove_entity,"{""prior_cluster_id"": 666, ""cluster_size_before"": 4, ""density_score"": 0.9624948698770277, ""rrf_component"": 0.9624948698770277, ""label_collision_component"": 0.0, ""selection_metric"": ""rrf_density"", ""agreement_count_sum"": 67, ""operator_decision"": ""drop_corner_touching_refilled""}",2,medium
k02_ent_000667,,,,,remove_entity,"{""prior_cluster_id"": 667, ""cluster_size_before"": 4, ""density_score"": 0.664951713790987, ""rrf_component"": 0.664951713790987, ""label_collision_component"": 0.0, ""selection_metric"": ""rrf_density"", ""agreement_count_sum"": 46, ""operator_decision"": ""drop_corner_touching_refilled""}",2,medium
k02_ent_000668,,,,,remove_entity,"{""prior_cluster_id"": 668, ""cluster_size_before"": 4, ""density_score"": 0.9877654730900083, ""rrf_component"": 0.9877654730900083, ""label_collision_component"": 0.0, ""selection_metric"": ""rrf_density"", ""agreement_count_sum"": 69, ""operator_decision"": ""drop_corner_touching_refilled""}",2,medium
k02_ent_000669,,,,,remove_entity,"{""prior_cluster_id"": 669, ""cluster_size_before"": 4, ""density_score"": 0.6444246845294632, ""rrf_component"": 0.6444246845294632, ""label_collision_component"": 0.0, ""selection_metric"": ""rrf_density"", ""agreement_count_sum"": 44, ""operator_decision"": ""drop_corner_touching_refilled""}",2,medium
k02_ent_000672,,,,,remove_entity,"{""prior_cluster_id"": 672, ""cluster_size_before"": 3, ""density_score"": 0.8815163599767251, ""rrf_component"": 0.8815163599767251, ""label_collision_component"": 0.0, ""selection_metric"": ""rrf_density"", ""agreement_count_sum"": 61, ""operator_decision"": ""drop_corner_touching_refilled""}",2,medium
k02_ent_000673,,,,,remove_entity,"{""prior_cluster_id"": 673, ""cluster_size_before"": 4, ""density_score"": 0.9011542099326566, ""rrf_component"": 0.9011542099326566, ""label_collision_component"": 0.0, ""selection_metric"": ""rrf_density"", ""agreement_count_sum"": 62, ""operator_decision"": ""drop_corner_touching_refilled""}",2,medium
k02_ent_000674,,,,,remove_entity,"{""prior_cluster_id"": 674, ""cluster_size_before"": 4, ""density_score"": 0.7499529291030849, ""rrf_component"": 0.7499529291030849, ""label_collision_component"": 0.0, ""selection_metric"": ""rrf_density"", ""agreement_count_sum"": 51, ""operator_decision"": ""drop_corner_touching_refilled""}",2,medium
k02_ent_000677,,,,,remove_entity,"{""prior_cluster_id"": 677, ""cluster_size_before"": 4, ""density_score"": 0.8247666575021214, ""rrf_component"": 0.8247666575021214, ""label_collision_component"": 0.0, ""selection_metric"": ""rrf_density"", ""agreement_count_sum"": 57, ""operator_decision"": ""drop_corner_touching_refilled""}",2,medium
k02_ent_000682,,,,,remove_entity,"{""prior_cluster_id"": 682, ""cluster_size_before"": 3, ""density_score"": 0.8277793799462643, ""rrf_component"": 0.8277793799462643, ""label_collision_component"": 0.0, ""selection_metric"": ""rrf_density"", ""agreement_count_sum"": 57, ""operator_decision"": ""drop_corner_touching_refilled""}",2,medium
k02_ent_000683,,,,,remove_entity,"{""prior_cluster_id"": 683, ""cluster_size_before"": 4, ""density_score"": 0.8281828441001244, ""rrf_component"": 0.8281828441001244, ""label_collision_component"": 0.0, ""selection_metric"": ""rrf_density"", ""agreement_count_sum"": 57, ""operator_decision"": ""drop_corner_touching_refilled""}",2,medium
k02_ent_000684,,,,,remove_entity,"{""prior_cluster_id"": 684, ""cluster_size_before"": 4, ""density_score"": 0.7618331543597971, ""rrf_component"": 0.7618331543597971, ""label_collision_component"": 0.0, ""selection_metric"": ""rrf_density"", ""agreement_count_sum"": 53, ""operator_decision"": ""drop_corner_touching_refilled""}",2,medium
k02_ent_000685,,,,,remove_entity,"{""prior_cluster_id"": 685, ""cluster_size_before"": 3, ""density_score"": 0.7741734402821456, ""rrf_component"": 0.7741734402821456, ""label_collision_component"": 0.0, ""selection_metric"": ""rrf_density"", ""agreement_count_sum"": 53, ""operator_decision"": ""drop_corner_touching_refilled""}",2,medium
k02_ent_000687,,,,,remove_entity,"{""prior_cluster_id"": 687, ""cluster_size_before"": 3, ""density_score"": 0.6824847129871419, ""rrf_component"": 0.6824847129871419, ""label_collision_component"": 0.0, ""selection_metric"": ""rrf_density"", ""agreement_count_sum"": 47, ""operator_decision"": ""drop_corner_touching_refilled""}",2,medium
k02_ent_000691,,,,,remove_entity,"{""prior_cluster_id"": 691, ""cluster_size_before"": 4, ""density_score"": 0.8481286972434784, ""rrf_component"": 0.8481286972434784, ""label_collision_component"": 0.0, ""selection_metric"": ""rrf_density"", ""agreement_count_sum"": 59, ""operator_decision"": ""drop_corner_touching_refilled""}",2,medium
k02_ent_000692,,,,,remove_entity,"{""prior_cluster_id"": 692, ""cluster_size_before"": 4, ""density_score"": 0.7967611193409425, ""rrf_component"": 0.7967611193409425, ""label_collision_component"": 0.0, ""selection_metric"": ""rrf_density"", ""agreement_count_sum"": 55, ""operator_decision"": ""drop_corner_touching_refilled""}",2,medium
k02_ent_000693,,,,,remove_entity,"{""prior_cluster_id"": 693, ""cluster_size_before"": 4, ""density_score"": 0.822086008397278, ""rrf_component"": 0.822086008397278, ""label_collision_component"": 0.0, ""selection_metric"": ""rrf_density"", ""agreement_count_sum"": 57, ""operator_decision"": ""drop_corner_touching_refilled""}",2,medium
k02_ent_000697,,,,,remove_entity,"{""prior_cluster_id"": 697, ""cluster_size_before"": 4, ""density_score"": 0.8272427456975886, ""rrf_component"": 0.8272427456975886, ""label_collision_component"": 0.0, ""selection_metric"": ""rrf_density"", ""agreement_count_sum"": 57, ""operator_decision"": ""drop_corner_touching_refilled""}",2,medium
k02_ent_000703,,,,,remove_entity,"{""prior_cluster_id"": 703, ""cluster_size_before"": 4, ""density_score"": 0.7419085341471401, ""rrf_component"": 0.7419085341471401, ""label_collision_component"": 0.0, ""selection_metric"": ""rrf_density"", ""agreement_count_sum"": 51, ""operator_decision"": ""drop_corner_touching_refilled""}",2,medium
k02_ent_000705,,,,,remove_entity,"{""prior_cluster_id"": 705, ""cluster_size_before"": 4, ""density_score"": 0.878982007847975, ""rrf_component"": 0.878982007847975, ""label_collision_component"": 0.0, ""selection_metric"": ""rrf_density"", ""agreement_count_sum"": 61, ""operator_decision"": ""drop_corner_touching_refilled""}",2,medium
k02_ent_000706,,,,,remove_entity,"{""prior_cluster_id"": 706, ""cluster_size_before"": 4, ""density_score"": 0.9536263837272824, ""rrf_component"": 0.9536263837272824, ""label_collision_component"": 0.0, ""selection_metric"": ""rrf_density"", ""agreement_count_sum"": 66, ""operator_decision"": ""drop_corner_touching_refilled""}",2,medium
k02_ent_000707,,,,,remove_entity,"{""prior_cluster_id"": 707, ""cluster_size_before"": 4, ""density_score"": 0.7110285914408723, ""rrf_component"": 0.7110285914408723, ""label_collision_component"": 0.0, ""selection_metric"": ""rrf_density"", ""agreement_count_sum"": 48, ""operator_decision"": ""drop_corner_touching_refilled""}",2,medium
k02_ent_000708,,,,,remove_entity,"{""prior_cluster_id"": 708, ""cluster_size_before"": 3, ""density_score"": 0.8552941921233292, ""rrf_component"": 0.8552941921233292, ""label_collision_component"": 0.0, ""selection_metric"": ""rrf_density"", ""agreement_count_sum"": 59, ""operator_decision"": ""drop_corner_touching_refilled""}",2,medium
k02_ent_000712,,,,,remove_entity,"{""prior_cluster_id"": 712, ""cluster_size_before"": 4, ""density_score"": 0.41080655456678883, ""rrf_component"": 0.41080655456678883, ""label_collision_component"": 0.0, ""selection_metric"": ""rrf_density"", ""agreement_count_sum"": 28, ""operator_decision"": ""drop_corner_touching_refilled""}",2,medium
k02_ent_000715,,,,,remove_entity,"{""prior_cluster_id"": 715, ""cluster_size_before"": 4, ""density_score"": 0.8107666682550645, ""rrf_component"": 0.8107666682550645, ""label_collision_component"": 0.0, ""selection_metric"": ""rrf_density"", ""agreement_count_sum"": 56, ""operator_decision"": ""drop_corner_touching_refilled""}",2,medium
k02_ent_000717,,,,,remove_entity,"{""prior_cluster_id"": 717, ""cluster_size_before"": 3, ""density_score"": 0.7989690677639703, ""rrf_component"": 0.7989690677639703, ""label_collision_component"": 0.0, ""selection_metric"": ""rrf_density"", ""agreement_count_sum"": 56, ""operator_decision"": ""drop_corner_touching_refilled""}",2,medium
k02_ent_000719,,,,,remove_entity,"{""prior_cluster_id"": 719, ""cluster_size_before"": 4, ""density_score"": 0.6640683658320945, ""rrf_component"": 0.6640683658320945, ""label_collision_component"": 0.0, ""selection_metric"": ""rrf_density"", ""agreement_count_sum"": 46, ""operator_decision"": ""drop_corner_touching_refilled""}",2,medium
k02_ent_000720,,,,,remove_entity,"{""prior_cluster_id"": 720, ""cluster_size_before"": 4, ""density_score"": 0.7923699450920917, ""rrf_component"": 0.7923699450920917, ""label_collision_component"": 0.0, ""selection_metric"": ""rrf_density"", ""agreement_count_sum"": 55, ""operator_decision"": ""drop_corner_touching_refilled""}",2,medium
k02_ent_000721,,,,,remove_entity,"{""prior_cluster_id"": 721, ""cluster_size_before"": 4, ""density_score"": 0.6753094483811783, ""rrf_component"": 0.6753094483811783, ""label_collision_component"": 0.0, ""selection_metric"": ""rrf_density"", ""agreement_count_sum"": 46, ""operator_decision"": ""drop_corner_touching_refilled""}",2,medium
k02_ent_000722,,,,,remove_entity,"{""prior_cluster_id"": 722, ""cluster_size_before"": 2, ""density_score"": 0.736149225763517, ""rrf_component"": 0.736149225763517, ""label_collision_component"": 0.0, ""selection_metric"": ""rrf_density"", ""agreement_count_sum"": 51, ""operator_decision"": ""drop_corner_touching_refilled""}",2,medium
k02_ent_000724,,,,,remove_entity,"{""prior_cluster_id"": 724, ""cluster_size_before"": 3, ""density_score"": 0.825287056494192, ""rrf_component"": 0.825287056494192, ""label_collision_component"": 0.0, ""selection_metric"": ""rrf_density"", ""agreement_count_sum"": 57, ""operator_decision"": ""drop_corner_touching_refilled""}",2,medium
k02_ent_000728,,,,,remove_entity,"{""prior_cluster_id"": 728, ""cluster_size_before"": 3, ""density_score"": 0.9059174202089809, ""rrf_component"": 0.9059174202089809, ""label_collision_component"": 0.0, ""selection_metric"": ""rrf_density"", ""agreement_count_sum"": 63, ""operator_decision"": ""drop_corner_touching_refilled""}",2,medium
k02_ent_000731,,,,,remove_entity,"{""prior_cluster_id"": 731, ""cluster_size_before"": 4, ""density_score"": 0.9481641400827148, ""rrf_component"": 0.9481641400827148, ""label_collision_component"": 0.0, ""selection_metric"": ""rrf_density"", ""agreement_count_sum"": 66, ""operator_decision"": ""drop_corner_touching_refilled""}",2,medium
k02_ent_000733,,,,,remove_entity,"{""prior_cluster_id"": 733, ""cluster_size_before"": 4, ""density_score"": 0.6909028241648546, ""rrf_component"": 0.6909028241648546, ""label_collision_component"": 0.0, ""selection_metric"": ""rrf_density"", ""agreement_count_sum"": 48, ""operator_decision"": ""drop_corner_touching_refilled""}",2,medium
k02_ent_000735,,,,,remove_entity,"{""prior_cluster_id"": 735, ""cluster_size_before"": 4, ""density_score"": 0.9171452302046497, ""rrf_component"": 0.9171452302046497, ""label_collision_component"": 0.0, ""selection_metric"": ""rrf_density"", ""agreement_count_sum"": 64, ""operator_decision"": ""drop_corner_touching_refilled""}",2,medium
k02_ent_000737,,,,,remove_entity,"{""prior_cluster_id"": 737, ""cluster_size_before"": 4, ""density_score"": 1.0036388289241858, ""rrf_component"": 1.0036388289241858, ""label_collision_component"": 0.0, ""selection_metric"": ""rrf_density"", ""agreement_count_sum"": 70, ""operator_decision"": ""drop_corner_touching_refilled""}",2,medium
k02_ent_000738,,,,,remove_entity,"{""prior_cluster_id"": 738, ""cluster_size_before"": 4, ""density_score"": 0.8840153059072494, ""rrf_component"": 0.8840153059072494, ""label_collision_component"": 0.0, ""selection_metric"": ""rrf_density"", ""agreement_count_sum"": 61, ""operator_decision"": ""drop_corner_touching_refilled""}",2,medium
k02_ent_000741,,,,,remove_entity,"{""prior_cluster_id"": 741, ""cluster_size_before"": 4, ""density_score"": 0.8329515573344013, ""rrf_component"": 0.8329515573344013, ""label_collision_component"": 0.0, ""selection_metric"": ""rrf_density"", ""agreement_count_sum"": 58, ""operator_decision"": ""drop_corner_touching_refilled""}",2,medium
k02_ent_000744,,,,,remove_entity,"{""prior_cluster_id"": 744, ""cluster_size_before"": 4, ""density_score"": 0.6434507983071326, ""rrf_component"": 0.6434507983071326, ""label_collision_component"": 0.0, ""selection_metric"": ""rrf_density"", ""agreement_count_sum"": 44, ""operator_decision"": ""drop_corner_touching_refilled""}",2,medium
k02_ent_000745,,,,,remove_entity,"{""prior_cluster_id"": 745, ""cluster_size_before"": 4, ""density_score"": 0.757216829725795, ""rrf_component"": 0.757216829725795, ""label_collision_component"": 0.0, ""selection_metric"": ""rrf_density"", ""agreement_count_sum"": 52, ""operator_decision"": ""drop_corner_touching_refilled""}",2,medium
k02_ent_000746,,,,,remove_entity,"{""prior_cluster_id"": 746, ""cluster_size_before"": 4, ""density_score"": 0.7424822917999525, ""rrf_component"": 0.7424822917999525, ""label_collision_component"": 0.0, ""selection_metric"": ""rrf_density"", ""agreement_count_sum"": 51, ""operator_decision"": ""drop_corner_touching_refilled""}",2,medium
k02_ent_000747,,,,,remove_entity,"{""prior_cluster_id"": 747, ""cluster_size_before"": 4, ""density_score"": 1.0456676058404069, ""rrf_component"": 1.0456676058404069, ""label_collision_component"": 0.0, ""selection_metric"": ""rrf_density"", ""agreement_count_sum"": 73, ""operator_decision"": ""drop_corner_touching_refilled""}",2,medium
k02_ent_000748,,,,,remove_entity,"{""prior_cluster_id"": 748, ""cluster_size_before"": 4, ""density_score"": 0.9259057580517535, ""rrf_component"": 0.9259057580517535, ""label_collision_component"": 0.0, ""selection_metric"": ""rrf_density"", ""agreement_count_sum"": 64, ""operator_decision"": ""drop_corner_touching_refilled""}",2,medium
k02_ent_000749,,,,,remove_entity,"{""prior_cluster_id"": 749, ""cluster_size_before"": 4, ""density_score"": 0.8856265269158393, ""rrf_component"": 0.8856265269158393, ""label_collision_component"": 0.0, ""selection_metric"": ""rrf_density"", ""agreement_count_sum"": 61, ""operator_decision"": ""drop_corner_touching_refilled""}",2,medium
k02_ent_000753,,,,,remove_entity,"{""prior_cluster_id"": 753, ""cluster_size_before"": 4, ""density_score"": 0.8524972440171746, ""rrf_component"": 0.8524972440171746, ""label_collision_component"": 0.0, ""selection_metric"": ""rrf_density"", ""agreement_count_sum"": 58, ""operator_decision"": ""drop_corner_touching_refilled""}",2,medium
k02_ent_000757,,,,,remove_entity,"{""prior_cluster_id"": 757, ""cluster_size_before"": 4, ""density_score"": 0.7572463579103014, ""rrf_component"": 0.7572463579103014, ""label_collision_component"": 0.0, ""selection_metric"": ""rrf_density"", ""agreement_count_sum"": 52, ""operator_decision"": ""drop_corner_touching_refilled""}",2,medium
k02_ent_000760,,,,,remove_entity,"{""prior_cluster_id"": 760, ""cluster_size_before"": 4, ""density_score"": 0.6824056672873586, ""rrf_component"": 0.6824056672873586, ""label_collision_component"": 0.0, ""selection_metric"": ""rrf_density"", ""agreement_count_sum"": 47, ""operator_decision"": ""drop_corner_touching_refilled""}",2,medium
k02_ent_000761,,,,,remove_entity,"{""prior_cluster_id"": 761, ""cluster_size_before"": 4, ""density_score"": 0.8512641631093185, ""rrf_component"": 0.8512641631093185, ""label_collision_component"": 0.0, ""selection_metric"": ""rrf_density"", ""agreement_count_sum"": 58, ""operator_decision"": ""drop_corner_touching_refilled""}",2,medium
k02_ent_000764,,,,,remove_entity,"{""prior_cluster_id"": 764, ""cluster_size_before"": 4, ""density_score"": 0.8148323326351851, ""rrf_component"": 0.8148323326351851, ""label_collision_component"": 0.0, ""selection_metric"": ""rrf_density"", ""agreement_count_sum"": 56, ""operator_decision"": ""drop_corner_touching_refilled""}",2,medium
k02_ent_000767,,,,,remove_entity,"{""prior_cluster_id"": 767, ""cluster_size_before"": 4, ""density_score"": 0.887995370027302, ""rrf_component"": 0.887995370027302, ""label_collision_component"": 0.0, ""selection_metric"": ""rrf_density"", ""agreement_count_sum"": 62, ""operator_decision"": ""drop_corner_touching_refilled""}",2,medium
k02_ent_000771,,,,,remove_entity,"{""prior_cluster_id"": 771, ""cluster_size_before"": 3, ""density_score"": 0.9563651334191271, ""rrf_component"": 0.9563651334191271, ""label_collision_component"": 0.0, ""selection_metric"": ""rrf_density"", ""agreement_count_sum"": 67, ""operator_decision"": ""drop_corner_touching_refilled""}",2,medium
k02_ent_000773,,,,,remove_entity,"{""prior_cluster_id"": 773, ""cluster_size_before"": 4, ""density_score"": 0.7674201412353294, ""rrf_component"": 0.7674201412353294, ""label_collision_component"": 0.0, ""selection_metric"": ""rrf_density"", ""agreement_count_sum"": 53, ""operator_decision"": ""drop_corner_touching_refilled""}",2,medium
k02_ent_000775,,,,,remove_entity,"{""prior_cluster_id"": 775, ""cluster_size_before"": 4, ""density_score"": 0.850172474999275, ""rrf_component"": 0.850172474999275, ""label_collision_component"": 0.0, ""selection_metric"": ""rrf_density"", ""agreement_count_sum"": 59, ""operator_decision"": ""drop_corner_touching_refilled""}",2,medium
k02_ent_000779,,,,,remove_entity,"{""prior_cluster_id"": 779, ""cluster_size_before"": 4, ""density_score"": 0.9204009890563378, ""rrf_component"": 0.9204009890563378, ""label_collision_component"": 0.0, ""selection_metric"": ""rrf_density"", ""agreement_count_sum"": 64, ""operator_decision"": ""drop_corner_touching_refilled""}",2,medium
k02_ent_000788,,,,,remove_entity,"{""prior_cluster_id"": 788, ""cluster_size_before"": 3, ""density_score"": 0.7683546400269492, ""rrf_component"": 0.7683546400269492, ""label_collision_component"": 0.0, ""selection_metric"": ""rrf_density"", ""agreement_count_sum"": 53, ""operator_decision"": ""drop_corner_touching_refilled""}",2,medium
k02_ent_000791,,,,,remove_entity,"{""prior_cluster_id"": 791, ""cluster_size_before"": 4, ""density_score"": 0.8535476385333356, ""rrf_component"": 0.8535476385333356, ""label_collision_component"": 0.0, ""selection_metric"": ""rrf_density"", ""agreement_count_sum"": 59, ""operator_decision"": ""drop_corner_touching_refilled""}",2,medium
k02_ent_000795,,,,,remove_entity,"{""prior_cluster_id"": 795, ""cluster_size_before"": 4, ""density_score"": 0.7614500152921425, ""rrf_component"": 0.7614500152921425, ""label_collision_component"": 0.0, ""selection_metric"": ""rrf_density"", ""agreement_count_sum"": 52, ""operator_decision"": ""drop_corner_touching_refilled""}",2,medium
k02_ent_000796,,,,,remove_entity,"{""prior_cluster_id"": 796, ""cluster_size_before"": 4, ""density_score"": 0.7994600339044642, ""rrf_component"": 0.7994600339044642, ""label_collision_component"": 0.0, ""selection_metric"": ""rrf_density"", ""agreement_count_sum"": 55, ""operator_decision"": ""drop_corner_touching_refilled""}",2,medium
k02_ent_000798,,,,,remove_entity,"{""prior_cluster_id"": 798, ""cluster_size_before"": 4, ""density_score"": 0.9054205363530323, ""rrf_component"": 0.9054205363530323, ""label_collision_component"": 0.0, ""selection_metric"": ""rrf_density"", ""agreement_count_sum"": 63, ""operator_decision"": ""drop_corner_touching_refilled""}",2,medium
k02_ent_000801,,,,,remove_entity,"{""prior_cluster_id"": 801, ""cluster_size_before"": 4, ""density_score"": 0.7302913592471024, ""rrf_component"": 0.7302913592471024, ""label_collision_component"": 0.0, ""selection_metric"": ""rrf_density"", ""agreement_count_sum"": 50, ""operator_decision"": ""drop_corner_touching_refilled""}",2,medium
k02_ent_000804,,,,,remove_entity,"{""prior_cluster_id"": 804, ""cluster_size_before"": 4, ""density_score"": 0.9248338170377147, ""rrf_component"": 0.9248338170377147, ""label_collision_component"": 0.0, ""selection_metric"": ""rrf_density"", ""agreement_count_sum"": 64, ""operator_decision"": ""drop_corner_touching_refilled""}",2,medium
k02_ent_000808,,,,,remove_entity,"{""prior_cluster_id"": 808, ""cluster_size_before"": 4, ""density_score"": 0.6606754369236406, ""rrf_component"": 0.6606754369236406, ""label_collision_component"": 0.0, ""selection_metric"": ""rrf_density"", ""agreement_count_sum"": 45, ""operator_decision"": ""drop_corner_touching_refilled""}",2,medium
k02_ent_000809,,,,,remove_entity,"{""prior_cluster_id"": 809, ""cluster_size_before"": 4, ""density_score"": 0.9493224111425783, ""rrf_component"": 0.9493224111425783, ""label_collision_component"": 0.0, ""selection_metric"": ""rrf_density"", ""agreement_count_sum"": 66, ""operator_decision"": ""drop_corner_touching_refilled""}",2,medium
k02_ent_000811,,,,,remove_entity,"{""prior_cluster_id"": 811, ""cluster_size_before"": 4, ""density_score"": 0.7383250811320511, ""rrf_component"": 0.7383250811320511, ""label_collision_component"": 0.0, ""selection_metric"": ""rrf_density"", ""agreement_count_sum"": 51, ""operator_decision"": ""drop_corner_touching_refilled""}",2,medium
k02_noncorner_products_00000,"products_1,products_2,products_3,products_4",,,,llm_non_corner_refill,"{""reference_entity_ids"": [""k02_ent_000108"", ""k02_ent_000403"", ""k02_ent_000588"", ""k02_ent_000591"", ""k02_ent_000793""], ""selection_metric"": ""low_density_anchor"", ""prompt_version"": ""v1"", ""model_id"": ""gpt-5.4-mini"", ""cache_path"": ""products_noncorner/anchor_0ba9abbd6b987b74.json"", ""contamination_check_status"": ""passed"", ""operator_decision"": ""drop_corner_touching_refilled""}",2,medium
k02_noncorner_products_00001,"products_1,products_2,products_3,products_4",,,,llm_non_corner_refill,"{""reference_entity_ids"": [""k02_ent_000108"", ""k02_ent_000602"", ""k02_ent_000701"", ""k02_ent_000787"", ""k02_ent_000803""], ""selection_metric"": ""low_density_anchor"", ""prompt_version"": ""v1"", ""model_id"": ""gpt-5.4-mini"", ""cache_path"": ""products_noncorner/anchor_6059e6702c8b00e1.json"", ""contamination_check_status"": ""passed"", ""operator_decision"": ""drop_corner_touching_refilled""}",2,medium
k02_noncorner_products_00002,"products_1,products_2,products_3,products_4",,,,llm_non_corner_refill,"{""reference_entity_ids"": [""k02_ent_000130"", ""k02_ent_000340"", ""k02_ent_000591"", ""k02_ent_000602"", ""k02_ent_000803""], ""selection_metric"": ""low_density_anchor"", ""prompt_version"": ""v1"", ""model_id"": ""gpt-5.4-mini"", ""cache_path"": ""products_noncorner/anchor_fc038ce736a5acda.json"", ""contamination_check_status"": ""passed"", ""operator_decision"": ""drop_corner_touching_refilled""}",2,medium
k02_noncorner_products_00003,"products_1,products_2,products_3,products_4",,,,llm_non_corner_refill,"{""reference_entity_ids"": [""k02_ent_000010"", ""k02_ent_000075"", ""k02_ent_000102"", ""k02_ent_000595"", ""k02_ent_000701""], ""selection_metric"": ""low_density_anchor"", ""prompt_version"": ""v1"", ""model_id"": ""gpt-5.4-mini"", ""cache_path"": ""products_noncorner/anchor_98bb0066866a0021.json"", ""contamination_check_status"": ""passed"", ""operator_decision"": ""drop_corner_touching_refilled""}",2,medium
k02_noncorner_products_00004,"products_1,products_2,products_3,products_4",,,,llm_non_corner_refill,"{""reference_entity_ids"": [""k02_ent_000102"", ""k02_ent_000108"", ""k02_ent_000340"", ""k02_ent_000591"", ""k02_ent_000793""], ""selection_metric"": ""low_density_anchor"", ""prompt_version"": ""v1"", ""model_id"": ""gpt-5.4-mini"", ""cache_path"": ""products_noncorner/anchor_3046d5588b2e2a91.json"", ""contamination_check_status"": ""passed"", ""operator_decision"": ""drop_corner_touching_refilled""}",2,medium
k02_noncorner_products_00005,"products_1,products_2,products_3,products_4",,,,llm_non_corner_refill,"{""reference_entity_ids"": [""k02_ent_000130"", ""k02_ent_000163"", ""k02_ent_000478"", ""k02_ent_000595"", ""k02_ent_000787""], ""selection_metric"": ""low_density_anchor"", ""prompt_version"": ""v1"", ""model_id"": ""gpt-5.4-mini"", ""cache_path"": ""products_noncorner/anchor_8c6507852640f93d.json"", ""contamination_check_status"": ""passed"", ""operator_decision"": ""drop_corner_touching_refilled""}",2,medium
k02_noncorner_products_00006,"products_1,products_2,products_3,products_4",,,,llm_non_corner_refill,"{""reference_entity_ids"": [""k02_ent_000478"", ""k02_ent_000482"", ""k02_ent_000588"", ""k02_ent_000602"", ""k02_ent_000793""], ""selection_metric"": ""low_density_anchor"", ""prompt_version"": ""v1"", ""model_id"": ""gpt-5.4-mini"", ""cache_path"": ""products_noncorner/anchor_e69c75bec8977249.json"", ""contamination_check_status"": ""passed"", ""operator_decision"": ""drop_corner_touching_refilled""}",2,medium
k02_noncorner_products_00007,"products_1,products_2,products_3,products_4",,,,llm_non_corner_refill,"{""reference_entity_ids"": [""k02_ent_000102"", ""k02_ent_000262"", ""k02_ent_000403"", ""k02_ent_000595"", ""k02_ent_000602""], ""selection_metric"": ""low_density_anchor"", ""prompt_version"": ""v1"", ""model_id"": ""gpt-5.4-mini"", ""cache_path"": ""products_noncorner/anchor_6f83f0ecebff17d3.json"", ""contamination_check_status"": ""passed"", ""operator_decision"": ""drop_corner_touching_refilled""}",2,medium
k02_noncorner_products_00008,"products_1,products_2,products_3,products_4",,,,llm_non_corner_refill,"{""reference_entity_ids"": [""k02_ent_000130"", ""k02_ent_000340"", ""k02_ent_000403"", ""k02_ent_000482"", ""k02_ent_000787""], ""selection_metric"": ""low_density_anchor"", ""prompt_version"": ""v1"", ""model_id"": ""gpt-5.4-mini"", ""cache_path"": ""products_noncorner/anchor_6151e6315f79feee.json"", ""contamination_check_status"": ""passed"", ""operator_decision"": ""drop_corner_touching_refilled""}",2,medium
k02_noncorner_products_00009,"products_1,products_2,products_3,products_4",,,,llm_non_corner_refill,"{""reference_entity_ids"": [""k02_ent_000108"", ""k02_ent_000478"", ""k02_ent_000482"", ""k02_ent_000591"", ""k02_ent_000793""], ""selection_metric"": ""low_density_anchor"", ""prompt_version"": ""v1"", ""model_id"": ""gpt-5.4-mini"", ""cache_path"": ""products_noncorner/anchor_70fc505026c70df8.json"", ""contamination_check_status"": ""passed"", ""operator_decision"": ""drop_corner_touching_refilled""}",2,medium
k02_noncorner_products_00010,"products_1,products_2,products_3,products_4",,,,llm_non_corner_refill,"{""reference_entity_ids"": [""k02_ent_000075"", ""k02_ent_000340"", ""k02_ent_000403"", ""k02_ent_000478"", ""k02_ent_000803""], ""selection_metric"": ""low_density_anchor"", ""prompt_version"": ""v1"", ""model_id"": ""gpt-5.4-mini"", ""cache_path"": ""products_noncorner/anchor_7097267c31ad9a4e.json"", ""contamination_check_status"": ""passed"", ""operator_decision"": ""drop_corner_touching_refilled""}",2,medium
k02_noncorner_products_00011,"products_1,products_2,products_3,products_4",,,,llm_non_corner_refill,"{""reference_entity_ids"": [""k02_ent_000010"", ""k02_ent_000102"", ""k02_ent_000588"", ""k02_ent_000595"", ""k02_ent_000787""], ""selection_metric"": ""low_density_anchor"", ""prompt_version"": ""v1"", ""model_id"": ""gpt-5.4-mini"", ""cache_path"": ""products_noncorner/anchor_e20c78bbe67fbd9c.json"", ""contamination_check_status"": ""passed"", ""operator_decision"": ""drop_corner_touching_refilled""}",2,medium
k02_noncorner_products_00012,"products_1,products_2,products_3,products_4",,,,llm_non_corner_refill,"{""reference_entity_ids"": [""k02_ent_000075"", ""k02_ent_000130"", ""k02_ent_000262"", ""k02_ent_000588"", ""k02_ent_000803""], ""selection_metric"": ""low_density_anchor"", ""prompt_version"": ""v1"", ""model_id"": ""gpt-5.4-mini"", ""cache_path"": ""products_noncorner/anchor_8d01ca7b8acf3883.json"", ""contamination_check_status"": ""passed"", ""operator_decision"": ""drop_corner_touching_refilled""}",2,medium
k02_noncorner_products_00013,"products_1,products_2,products_3,products_4",,,,llm_non_corner_refill,"{""reference_entity_ids"": [""k02_ent_000102"", ""k02_ent_000340"", ""k02_ent_000478"", ""k02_ent_000595"", ""k02_ent_000602""], ""selection_metric"": ""low_density_anchor"", ""prompt_version"": ""v1"", ""model_id"": ""gpt-5.4-mini"", ""cache_path"": ""products_noncorner/anchor_862c8b1a8762ba71.json"", ""contamination_check_status"": ""passed"", ""operator_decision"": ""drop_corner_touching_refilled""}",2,medium
k02_noncorner_products_00014,"products_1,products_2,products_3,products_4",,,,llm_non_corner_refill,"{""reference_entity_ids"": [""k02_ent_000102"", ""k02_ent_000130"", ""k02_ent_000163"", ""k02_ent_000478"", ""k02_ent_000588""], ""selection_metric"": ""low_density_anchor"", ""prompt_version"": ""v1"", ""model_id"": ""gpt-5.4-mini"", ""cache_path"": ""products_noncorner/anchor_cf05094aa1e42e03.json"", ""contamination_check_status"": ""passed"", ""operator_decision"": ""drop_corner_touching_refilled""}",2,medium
k02_noncorner_products_00015,"products_1,products_2,products_3,products_4",,,,llm_non_corner_refill,"{""reference_entity_ids"": [""k02_ent_000010"", ""k02_ent_000340"", ""k02_ent_000478"", ""k02_ent_000588"", ""k02_ent_000803""], ""selection_metric"": ""low_density_anchor"", ""prompt_version"": ""v1"", ""model_id"": ""gpt-5.4-mini"", ""cache_path"": ""products_noncorner/anchor_33158fcd6059e0f4.json"", ""contamination_check_status"": ""passed"", ""operator_decision"": ""drop_corner_touching_refilled""}",2,medium
k02_noncorner_products_00016,"products_1,products_2,products_3,products_4",,,,llm_non_corner_refill,"{""reference_entity_ids"": [""k02_ent_000010"", ""k02_ent_000075"", ""k02_ent_000403"", ""k02_ent_000595"", ""k02_ent_000787""], ""selection_metric"": ""low_density_anchor"", ""prompt_version"": ""v1"", ""model_id"": ""gpt-5.4-mini"", ""cache_path"": ""products_noncorner/anchor_30c9da0751a08623.json"", ""contamination_check_status"": ""passed"", ""operator_decision"": ""drop_corner_touching_refilled""}",2,medium
k02_noncorner_products_00017,"products_1,products_2,products_3,products_4",,,,llm_non_corner_refill,"{""reference_entity_ids"": [""k02_ent_000108"", ""k02_ent_000163"", ""k02_ent_000588"", ""k02_ent_000595"", ""k02_ent_000793""], ""selection_metric"": ""low_density_anchor"", ""prompt_version"": ""v1"", ""model_id"": ""gpt-5.4-mini"", ""cache_path"": ""products_noncorner/anchor_31780ea5f3437969.json"", ""contamination_check_status"": ""passed"", ""operator_decision"": ""drop_corner_touching_refilled""}",2,medium
k02_noncorner_products_00018,"products_1,products_2,products_3,products_4",,,,llm_non_corner_refill,"{""reference_entity_ids"": [""k02_ent_000102"", ""k02_ent_000108"", ""k02_ent_000468"", ""k02_ent_000482"", ""k02_ent_000701""], ""selection_metric"": ""low_density_anchor"", ""prompt_version"": ""v1"", ""model_id"": ""gpt-5.4-mini"", ""cache_path"": ""products_noncorner/anchor_321a50fe801e7c9f.json"", ""contamination_check_status"": ""passed"", ""operator_decision"": ""drop_corner_touching_refilled""}",2,medium
k02_noncorner_products_00019,"products_1,products_2,products_3,products_4",,,,llm_non_corner_refill,"{""reference_entity_ids"": [""k02_ent_000102"", ""k02_ent_000108"", ""k02_ent_000163"", ""k02_ent_000588"", ""k02_ent_000803""], ""selection_metric"": ""low_density_anchor"", ""prompt_version"": ""v1"", ""model_id"": ""gpt-5.4-mini"", ""cache_path"": ""products_noncorner/anchor_e680e0fd304f851c.json"", ""contamination_check_status"": ""passed"", ""operator_decision"": ""drop_corner_touching_refilled""}",2,medium
k02_noncorner_products_00020,"products_1,products_2,products_3,products_4",,,,llm_non_corner_refill,"{""reference_entity_ids"": [""k02_ent_000102"", ""k02_ent_000108"", ""k02_ent_000588"", ""k02_ent_000595"", ""k02_ent_000701""], ""selection_metric"": ""low_density_anchor"", ""prompt_version"": ""v1"", ""model_id"": ""gpt-5.4-mini"", ""cache_path"": ""products_noncorner/anchor_2c56cd0ebe3c813a.json"", ""contamination_check_status"": ""passed"", ""operator_decision"": ""drop_corner_touching_refilled""}",2,medium
k02_noncorner_products_00021,"products_1,products_2,products_3,products_4",,,,llm_non_corner_refill,"{""reference_entity_ids"": [""k02_ent_000108"", ""k02_ent_000130"", ""k02_ent_000588"", ""k02_ent_000595"", ""k02_ent_000803""], ""selection_metric"": ""low_density_anchor"", ""prompt_version"": ""v1"", ""model_id"": ""gpt-5.4-mini"", ""cache_path"": ""products_noncorner/anchor_1bac84ab932fb956.json"", ""contamination_check_status"": ""passed"", ""operator_decision"": ""drop_corner_touching_refilled""}",2,medium
k02_noncorner_products_00022,"products_1,products_2,products_3,products_4",,,,llm_non_corner_refill,"{""reference_entity_ids"": [""k02_ent_000108"", ""k02_ent_000340"", ""k02_ent_000482"", ""k02_ent_000588"", ""k02_ent_000803""], ""selection_metric"": ""low_density_anchor"", ""prompt_version"": ""v1"", ""model_id"": ""gpt-5.4-mini"", ""cache_path"": ""products_noncorner/anchor_207e05d390532d86.json"", ""contamination_check_status"": ""passed"", ""operator_decision"": ""drop_corner_touching_refilled""}",2,medium
k02_noncorner_products_00023,"products_1,products_2,products_3,products_4",,,,llm_non_corner_refill,"{""reference_entity_ids"": [""k02_ent_000075"", ""k02_ent_000102"", ""k02_ent_000130"", ""k02_ent_000595"", ""k02_ent_000602""], ""selection_metric"": ""low_density_anchor"", ""prompt_version"": ""v1"", ""model_id"": ""gpt-5.4-mini"", ""cache_path"": ""products_noncorner/anchor_24bca4f16e602adf.json"", ""contamination_check_status"": ""passed"", ""operator_decision"": ""drop_corner_touching_refilled""}",2,medium
k02_noncorner_products_00024,"products_1,products_2,products_3,products_4",,,,llm_non_corner_refill,"{""reference_entity_ids"": [""k02_ent_000010"", ""k02_ent_000075"", ""k02_ent_000102"", ""k02_ent_000262"", ""k02_ent_000340""], ""selection_metric"": ""low_density_anchor"", ""prompt_version"": ""v1"", ""model_id"": ""gpt-5.4-mini"", ""cache_path"": ""products_noncorner/anchor_425fa60e5b3a87be.json"", ""contamination_check_status"": ""passed"", ""operator_decision"": ""drop_corner_touching_refilled""}",2,medium
k02_noncorner_products_00025,"products_1,products_2,products_3,products_4",,,,llm_non_corner_refill,"{""reference_entity_ids"": [""k02_ent_000163"", ""k02_ent_000478"", ""k02_ent_000602"", ""k02_ent_000787"", ""k02_ent_000793""], ""selection_metric"": ""low_density_anchor"", ""prompt_version"": ""v1"", ""model_id"": ""gpt-5.4-mini"", ""cache_path"": ""products_noncorner/anchor_2283c0dcdc9f4972.json"", ""contamination_check_status"": ""passed"", ""operator_decision"": ""drop_corner_touching_refilled""}",2,medium
k02_noncorner_products_00026,"products_1,products_2,products_3,products_4",,,,llm_non_corner_refill,"{""reference_entity_ids"": [""k02_ent_000102"", ""k02_ent_000130"", ""k02_ent_000468"", ""k02_ent_000588"", ""k02_ent_000602""], ""selection_metric"": ""low_density_anchor"", ""prompt_version"": ""v1"", ""model_id"": ""gpt-5.4-mini"", ""cache_path"": ""products_noncorner/anchor_0934d982f1226265.json"", ""contamination_check_status"": ""passed"", ""operator_decision"": ""drop_corner_touching_refilled""}",2,medium
k02_noncorner_products_00027,"products_1,products_2,products_3,products_4",,,,llm_non_corner_refill,"{""reference_entity_ids"": [""k02_ent_000010"", ""k02_ent_000340"", ""k02_ent_000595"", ""k02_ent_000701"", ""k02_ent_000787""], ""selection_metric"": ""low_density_anchor"", ""prompt_version"": ""v1"", ""model_id"": ""gpt-5.4-mini"", ""cache_path"": ""products_noncorner/anchor_4f5edf7d1355d7ec.json"", ""contamination_check_status"": ""passed"", ""operator_decision"": ""drop_corner_touching_refilled""}",2,medium
k02_noncorner_products_00028,"products_1,products_2,products_3,products_4",,,,llm_non_corner_refill,"{""reference_entity_ids"": [""k02_ent_000468"", ""k02_ent_000478"", ""k02_ent_000482"", ""k02_ent_000588"", ""k02_ent_000793""], ""selection_metric"": ""low_density_anchor"", ""prompt_version"": ""v1"", ""model_id"": ""gpt-5.4-mini"", ""cache_path"": ""products_noncorner/anchor_8c336a8c67412ec8.json"", ""contamination_check_status"": ""passed"", ""operator_decision"": ""drop_corner_touching_refilled""}",2,medium
k02_noncorner_products_00029,"products_1,products_2,products_3,products_4",,,,llm_non_corner_refill,"{""reference_entity_ids"": [""k02_ent_000163"", ""k02_ent_000340"", ""k02_ent_000468"", ""k02_ent_000591"", ""k02_ent_000787""], ""selection_metric"": ""low_density_anchor"", ""prompt_version"": ""v1"", ""model_id"": ""gpt-5.4-mini"", ""cache_path"": ""products_noncorner/anchor_c65af4b77e795a83.json"", ""contamination_check_status"": ""passed"", ""operator_decision"": ""drop_corner_touching_refilled""}",2,medium
k02_noncorner_products_00030,"products_1,products_2,products_3,products_4",,,,llm_non_corner_refill,"{""reference_entity_ids"": [""k02_ent_000075"", ""k02_ent_000102"", ""k02_ent_000262"", ""k02_ent_000340"", ""k02_ent_000588""], ""selection_metric"": ""low_density_anchor"", ""prompt_version"": ""v1"", ""model_id"": ""gpt-5.4-mini"", ""cache_path"": ""products_noncorner/anchor_3853594c595232a6.json"", ""contamination_check_status"": ""passed"", ""operator_decision"": ""drop_corner_touching_refilled""}",2,medium
k02_noncorner_products_00031,"products_1,products_2,products_3,products_4",,,,llm_non_corner_refill,"{""reference_entity_ids"": [""k02_ent_000010"", ""k02_ent_000163"", ""k02_ent_000262"", ""k02_ent_000478"", ""k02_ent_000803""], ""selection_metric"": ""low_density_anchor"", ""prompt_version"": ""v1"", ""model_id"": ""gpt-5.4-mini"", ""cache_path"": ""products_noncorner/anchor_604bd6668b6874c3.json"", ""contamination_check_status"": ""passed"", ""operator_decision"": ""drop_corner_touching_refilled""}",2,medium
k02_noncorner_products_00032,"products_1,products_2,products_3,products_4",,,,llm_non_corner_refill,"{""reference_entity_ids"": [""k02_ent_000075"", ""k02_ent_000102"", ""k02_ent_000478"", ""k02_ent_000588"", ""k02_ent_000803""], ""selection_metric"": ""low_density_anchor"", ""prompt_version"": ""v1"", ""model_id"": ""gpt-5.4-mini"", ""cache_path"": ""products_noncorner/anchor_c21c1c957e6e5dad.json"", ""contamination_check_status"": ""passed"", ""operator_decision"": ""drop_corner_touching_refilled""}",2,medium
k02_noncorner_products_00033,"products_1,products_2,products_3,products_4",,,,llm_non_corner_refill,"{""reference_entity_ids"": [""k02_ent_000340"", ""k02_ent_000482"", ""k02_ent_000588"", ""k02_ent_000591"", ""k02_ent_000787""], ""selection_metric"": ""low_density_anchor"", ""prompt_version"": ""v1"", ""model_id"": ""gpt-5.4-mini"", ""cache_path"": ""products_noncorner/anchor_25e8fd8fddc974eb.json"", ""contamination_check_status"": ""passed"", ""operator_decision"": ""drop_corner_touching_refilled""}",2,medium
k02_noncorner_products_00034,"products_1,products_2,products_3,products_4",,,,llm_non_corner_refill,"{""reference_entity_ids"": [""k02_ent_000108"", ""k02_ent_000163"", ""k02_ent_000340"", ""k02_ent_000482"", ""k02_ent_000602""], ""selection_metric"": ""low_density_anchor"", ""prompt_version"": ""v1"", ""model_id"": ""gpt-5.4-mini"", ""cache_path"": ""products_noncorner/anchor_df304defeae295d6.json"", ""contamination_check_status"": ""passed"", ""operator_decision"": ""drop_corner_touching_refilled""}",2,medium
k02_noncorner_products_00035,"products_1,products_2,products_3,products_4",,,,llm_non_corner_refill,"{""reference_entity_ids"": [""k02_ent_000130"", ""k02_ent_000163"", ""k02_ent_000340"", ""k02_ent_000588"", ""k02_ent_000701""], ""selection_metric"": ""low_density_anchor"", ""prompt_version"": ""v1"", ""model_id"": ""gpt-5.4-mini"", ""cache_path"": ""products_noncorner/anchor_8c9b4b1692d05eb1.json"", ""contamination_check_status"": ""passed"", ""operator_decision"": ""drop_corner_touching_refilled""}",2,medium
k02_noncorner_products_00036,"products_1,products_2,products_3,products_4",,,,llm_non_corner_refill,"{""reference_entity_ids"": [""k02_ent_000262"", ""k02_ent_000340"", ""k02_ent_000403"", ""k02_ent_000482"", ""k02_ent_000602""], ""selection_metric"": ""low_density_anchor"", ""prompt_version"": ""v1"", ""model_id"": ""gpt-5.4-mini"", ""cache_path"": ""products_noncorner/anchor_d2266a475ad3338c.json"", ""contamination_check_status"": ""passed"", ""operator_decision"": ""drop_corner_touching_refilled""}",2,medium
k02_noncorner_products_00037,"products_1,products_2,products_3,products_4",,,,llm_non_corner_refill,"{""reference_entity_ids"": [""k02_ent_000010"", ""k02_ent_000262"", ""k02_ent_000340"", ""k02_ent_000478"", ""k02_ent_000793""], ""selection_metric"": ""low_density_anchor"", ""prompt_version"": ""v1"", ""model_id"": ""gpt-5.4-mini"", ""cache_path"": ""products_noncorner/anchor_41ae67ab430f1e9d.json"", ""contamination_check_status"": ""passed"", ""operator_decision"": ""drop_corner_touching_refilled""}",2,medium
k02_noncorner_products_00038,"products_1,products_2,products_3,products_4",,,,llm_non_corner_refill,"{""reference_entity_ids"": [""k02_ent_000010"", ""k02_ent_000108"", ""k02_ent_000701"", ""k02_ent_000793"", ""k02_ent_000803""], ""selection_metric"": ""low_density_anchor"", ""prompt_version"": ""v1"", ""model_id"": ""gpt-5.4-mini"", ""cache_path"": ""products_noncorner/anchor_425b82548a8fb787.json"", ""contamination_check_status"": ""passed"", ""operator_decision"": ""drop_corner_touching_refilled""}",2,medium
k02_noncorner_products_00039,"products_1,products_2,products_3,products_4",,,,llm_non_corner_refill,"{""reference_entity_ids"": [""k02_ent_000591"", ""k02_ent_000595"", ""k02_ent_000602"", ""k02_ent_000701"", ""k02_ent_000793""], ""selection_metric"": ""low_density_anchor"", ""prompt_version"": ""v1"", ""model_id"": ""gpt-5.4-mini"", ""cache_path"": ""products_noncorner/anchor_866f27734164f1ed.json"", ""contamination_check_status"": ""passed"", ""operator_decision"": ""drop_corner_touching_refilled""}",2,medium
k02_noncorner_products_00040,"products_1,products_2,products_3,products_4",,,,llm_non_corner_refill,"{""reference_entity_ids"": [""k02_ent_000075"", ""k02_ent_000130"", ""k02_ent_000602"", ""k02_ent_000701"", ""k02_ent_000787""], ""selection_metric"": ""low_density_anchor"", ""prompt_version"": ""v1"", ""model_id"": ""gpt-5.4-mini"", ""cache_path"": ""products_noncorner/anchor_3fdbb4e71db2fdfb.json"", ""contamination_check_status"": ""passed"", ""operator_decision"": ""drop_corner_touching_refilled""}",2,medium
k02_noncorner_products_00041,"products_1,products_2,products_3,products_4",,,,llm_non_corner_refill,"{""reference_entity_ids"": [""k02_ent_000075"", ""k02_ent_000163"", ""k02_ent_000478"", ""k02_ent_000482"", ""k02_ent_000595""], ""selection_metric"": ""low_density_anchor"", ""prompt_version"": ""v1"", ""model_id"": ""gpt-5.4-mini"", ""cache_path"": ""products_noncorner/anchor_ef456375b92b55f1.json"", ""contamination_check_status"": ""passed"", ""operator_decision"": ""drop_corner_touching_refilled""}",2,medium
k02_noncorner_products_00042,"products_1,products_2,products_3,products_4",,,,llm_non_corner_refill,"{""reference_entity_ids"": [""k02_ent_000163"", ""k02_ent_000262"", ""k02_ent_000340"", ""k02_ent_000701"", ""k02_ent_000787""], ""selection_metric"": ""low_density_anchor"", ""prompt_version"": ""v1"", ""model_id"": ""gpt-5.4-mini"", ""cache_path"": ""products_noncorner/anchor_e7a09fe235738212.json"", ""contamination_check_status"": ""passed"", ""operator_decision"": ""drop_corner_touching_refilled""}",2,medium
k02_noncorner_products_00043,"products_1,products_2,products_3,products_4",,,,llm_non_corner_refill,"{""reference_entity_ids"": [""k02_ent_000010"", ""k02_ent_000075"", ""k02_ent_000163"", ""k02_ent_000787"", ""k02_ent_000803""], ""selection_metric"": ""low_density_anchor"", ""prompt_version"": ""v1"", ""model_id"": ""gpt-5.4-mini"", ""cache_path"": ""products_noncorner/anchor_09dd4ae25c2761c9.json"", ""contamination_check_status"": ""passed"", ""operator_decision"": ""drop_corner_touching_refilled""}",2,medium
k02_noncorner_products_00044,"products_1,products_2,products_3,products_4",,,,llm_non_corner_refill,"{""reference_entity_ids"": [""k02_ent_000075"", ""k02_ent_000108"", ""k02_ent_000163"", ""k02_ent_000482"", ""k02_ent_000591""], ""selection_metric"": ""low_density_anchor"", ""prompt_version"": ""v1"", ""model_id"": ""gpt-5.4-mini"", ""cache_path"": ""products_noncorner/anchor_e0ed6a2986df3d8c.json"", ""contamination_check_status"": ""passed"", ""operator_decision"": ""drop_corner_touching_refilled""}",2,medium
k02_noncorner_products_00045,"products_1,products_2,products_3,products_4",,,,llm_non_corner_refill,"{""reference_entity_ids"": [""k02_ent_000102"", ""k02_ent_000340"", ""k02_ent_000478"", ""k02_ent_000482"", ""k02_ent_000591""], ""selection_metric"": ""low_density_anchor"", ""prompt_version"": ""v1"", ""model_id"": ""gpt-5.4-mini"", ""cache_path"": ""products_noncorner/anchor_a00d56bc6384b3d6.json"", ""contamination_check_status"": ""passed"", ""operator_decision"": ""drop_corner_touching_refilled""}",2,medium
k02_noncorner_products_00046,"products_1,products_2,products_3,products_4",,,,llm_non_corner_refill,"{""reference_entity_ids"": [""k02_ent_000108"", ""k02_ent_000163"", ""k02_ent_000468"", ""k02_ent_000701"", ""k02_ent_000803""], ""selection_metric"": ""low_density_anchor"", ""prompt_version"": ""v1"", ""model_id"": ""gpt-5.4-mini"", ""cache_path"": ""products_noncorner/anchor_1cc2f92f8bbcea15.json"", ""contamination_check_status"": ""passed"", ""operator_decision"": ""drop_corner_touching_refilled""}",2,medium
k02_noncorner_products_00047,"products_1,products_2,products_3,products_4",,,,llm_non_corner_refill,"{""reference_entity_ids"": [""k02_ent_000130"", ""k02_ent_000340"", ""k02_ent_000588"", ""k02_ent_000602"", ""k02_ent_000803""], ""selection_metric"": ""low_density_anchor"", ""prompt_version"": ""v1"", ""model_id"": ""gpt-5.4-mini"", ""cache_path"": ""products_noncorner/anchor_32cbe6f3a19c2412.json"", ""contamination_check_status"": ""passed"", ""operator_decision"": ""drop_corner_touching_refilled""}",2,medium
k02_noncorner_products_00048,"products_1,products_2,products_3,products_4",,,,llm_non_corner_refill,"{""reference_entity_ids"": [""k02_ent_000262"", ""k02_ent_000403"", ""k02_ent_000478"", ""k02_ent_000701"", ""k02_ent_000803""], ""selection_metric"": ""low_density_anchor"", ""prompt_version"": ""v1"", ""model_id"": ""gpt-5.4-mini"", ""cache_path"": ""products_noncorner/anchor_b8d24a4b5b34845e.json"", ""contamination_check_status"": ""passed"", ""operator_decision"": ""drop_corner_touching_refilled""}",2,medium
k02_noncorner_products_00049,"products_1,products_2,products_3,products_4",,,,llm_non_corner_refill,"{""reference_entity_ids"": [""k02_ent_000010"", ""k02_ent_000108"", ""k02_ent_000130"", ""k02_ent_000262"", ""k02_ent_000595""], ""selection_metric"": ""low_density_anchor"", ""prompt_version"": ""v1"", ""model_id"": ""gpt-5.4-mini"", ""cache_path"": ""products_noncorner/anchor_d6aefafca5eccf8d.json"", ""contamination_check_status"": ""passed"", ""operator_decision"": ""drop_corner_touching_refilled""}",2,medium
k02_noncorner_products_00050,"products_1,products_2,products_3,products_4",,,,llm_non_corner_refill,"{""reference_entity_ids"": [""k02_ent_000010"", ""k02_ent_000403"", ""k02_ent_000468"", ""k02_ent_000602"", ""k02_ent_000787""], ""selection_metric"": ""low_density_anchor"", ""prompt_version"": ""v1"", ""model_id"": ""gpt-5.4-mini"", ""cache_path"": ""products_noncorner/anchor_f3d0a4d5b8851c11.json"", ""contamination_check_status"": ""passed"", ""operator_decision"": ""drop_corner_touching_refilled""}",2,medium
k02_noncorner_products_00051,"products_1,products_2,products_3,products_4",,,,llm_non_corner_refill,"{""reference_entity_ids"": [""k02_ent_000075"", ""k02_ent_000340"", ""k02_ent_000478"", ""k02_ent_000602"", ""k02_ent_000701""], ""selection_metric"": ""low_density_anchor"", ""prompt_version"": ""v1"", ""model_id"": ""gpt-5.4-mini"", ""cache_path"": ""products_noncorner/anchor_11202c4969937db9.json"", ""contamination_check_status"": ""passed"", ""operator_decision"": ""drop_corner_touching_refilled""}",2,medium
k02_noncorner_products_00052,"products_1,products_2,products_3,products_4",,,,llm_non_corner_refill,"{""reference_entity_ids"": [""k02_ent_000075"", ""k02_ent_000163"", ""k02_ent_000468"", ""k02_ent_000482"", ""k02_ent_000602""], ""selection_metric"": ""low_density_anchor"", ""prompt_version"": ""v1"", ""model_id"": ""gpt-5.4-mini"", ""cache_path"": ""products_noncorner/anchor_8fb81977c385445b.json"", ""contamination_check_status"": ""passed"", ""operator_decision"": ""drop_corner_touching_refilled""}",2,medium
k02_noncorner_products_00053,"products_1,products_2,products_3,products_4",,,,llm_non_corner_refill,"{""reference_entity_ids"": [""k02_ent_000102"", ""k02_ent_000340"", ""k02_ent_000787"", ""k02_ent_000793"", ""k02_ent_000803""], ""selection_metric"": ""low_density_anchor"", ""prompt_version"": ""v1"", ""model_id"": ""gpt-5.4-mini"", ""cache_path"": ""products_noncorner/anchor_f64adea0a23b11d9.json"", ""contamination_check_status"": ""passed"", ""operator_decision"": ""drop_corner_touching_refilled""}",2,medium
k02_noncorner_products_00054,"products_1,products_2,products_3,products_4",,,,llm_non_corner_refill,"{""reference_entity_ids"": [""k02_ent_000010"", ""k02_ent_000468"", ""k02_ent_000591"", ""k02_ent_000595"", ""k02_ent_000803""], ""selection_metric"": ""low_density_anchor"", ""prompt_version"": ""v1"", ""model_id"": ""gpt-5.4-mini"", ""cache_path"": ""products_noncorner/anchor_0ab9c27273eae791.json"", ""contamination_check_status"": ""passed"", ""operator_decision"": ""drop_corner_touching_refilled""}",2,medium
k02_noncorner_products_00055,"products_1,products_2,products_3,products_4",,,,llm_non_corner_refill,"{""reference_entity_ids"": [""k02_ent_000108"", ""k02_ent_000163"", ""k02_ent_000602"", ""k02_ent_000701"", ""k02_ent_000803""], ""selection_metric"": ""low_density_anchor"", ""prompt_version"": ""v1"", ""model_id"": ""gpt-5.4-mini"", ""cache_path"": ""products_noncorner/anchor_38dcf903f03bd36b.json"", ""contamination_check_status"": ""passed"", ""operator_decision"": ""drop_corner_touching_refilled""}",2,medium
k02_noncorner_products_00056,"products_1,products_2,products_3,products_4",,,,llm_non_corner_refill,"{""reference_entity_ids"": [""k02_ent_000075"", ""k02_ent_000130"", ""k02_ent_000163"", ""k02_ent_000340"", ""k02_ent_000468""], ""selection_metric"": ""low_density_anchor"", ""prompt_version"": ""v1"", ""model_id"": ""gpt-5.4-mini"", ""cache_path"": ""products_noncorner/anchor_e63e9770ca999cd1.json"", ""contamination_check_status"": ""passed"", ""operator_decision"": ""drop_corner_touching_refilled""}",2,medium
k02_noncorner_products_00057,"products_1,products_2,products_3,products_4",,,,llm_non_corner_refill,"{""reference_entity_ids"": [""k02_ent_000075"", ""k02_ent_000262"", ""k02_ent_000478"", ""k02_ent_000588"", ""k02_ent_000701""], ""selection_metric"": ""low_density_anchor"", ""prompt_version"": ""v1"", ""model_id"": ""gpt-5.4-mini"", ""cache_path"": ""products_noncorner/anchor_732b2e25af1675f9.json"", ""contamination_check_status"": ""passed"", ""operator_decision"": ""drop_corner_touching_refilled""}",2,medium
k02_noncorner_products_00058,"products_1,products_2,products_3,products_4",,,,llm_non_corner_refill,"{""reference_entity_ids"": [""k02_ent_000163"", ""k02_ent_000403"", ""k02_ent_000468"", ""k02_ent_000588"", ""k02_ent_000793""], ""selection_metric"": ""low_density_anchor"", ""prompt_version"": ""v1"", ""model_id"": ""gpt-5.4-mini"", ""cache_path"": ""products_noncorner/anchor_dc05da1191b42357.json"", ""contamination_check_status"": ""passed"", ""operator_decision"": ""drop_corner_touching_refilled""}",2,medium
k02_noncorner_products_00059,"products_1,products_2,products_3,products_4",,,,llm_non_corner_refill,"{""reference_entity_ids"": [""k02_ent_000010"", ""k02_ent_000102"", ""k02_ent_000108"", ""k02_ent_000591"", ""k02_ent_000803""], ""selection_metric"": ""low_density_anchor"", ""prompt_version"": ""v1"", ""model_id"": ""gpt-5.4-mini"", ""cache_path"": ""products_noncorner/anchor_ad4bf690dbef086b.json"", ""contamination_check_status"": ""passed"", ""operator_decision"": ""drop_corner_touching_refilled""}",2,medium
k02_noncorner_products_00060,"products_1,products_2,products_3,products_4",,,,llm_non_corner_refill,"{""reference_entity_ids"": [""k02_ent_000163"", ""k02_ent_000478"", ""k02_ent_000591"", ""k02_ent_000793"", ""k02_ent_000803""], ""selection_metric"": ""low_density_anchor"", ""prompt_version"": ""v1"", ""model_id"": ""gpt-5.4-mini"", ""cache_path"": ""products_noncorner/anchor_d1e8a3ff1121ba23.json"", ""contamination_check_status"": ""passed"", ""operator_decision"": ""drop_corner_touching_refilled""}",2,medium
k02_noncorner_products_00061,"products_1,products_2,products_3,products_4",,,,llm_non_corner_refill,"{""reference_entity_ids"": [""k02_ent_000130"", ""k02_ent_000163"", ""k02_ent_000403"", ""k02_ent_000468"", ""k02_ent_000787""], ""selection_metric"": ""low_density_anchor"", ""prompt_version"": ""v1"", ""model_id"": ""gpt-5.4-mini"", ""cache_path"": ""products_noncorner/anchor_745d6e5063f8863f.json"", ""contamination_check_status"": ""passed"", ""operator_decision"": ""drop_corner_touching_refilled""}",2,medium
k02_noncorner_products_00062,"products_1,products_2,products_3,products_4",,,,llm_non_corner_refill,"{""reference_entity_ids"": [""k02_ent_000010"", ""k02_ent_000468"", ""k02_ent_000588"", ""k02_ent_000591"", ""k02_ent_000793""], ""selection_metric"": ""low_density_anchor"", ""prompt_version"": ""v1"", ""model_id"": ""gpt-5.4-mini"", ""cache_path"": ""products_noncorner/anchor_c964d0e7e51bc9e7.json"", ""contamination_check_status"": ""passed"", ""operator_decision"": ""drop_corner_touching_refilled""}",2,medium
k02_noncorner_products_00063,"products_1,products_2,products_3,products_4",,,,llm_non_corner_refill,"{""reference_entity_ids"": [""k02_ent_000102"", ""k02_ent_000108"", ""k02_ent_000591"", ""k02_ent_000595"", ""k02_ent_000803""], ""selection_metric"": ""low_density_anchor"", ""prompt_version"": ""v1"", ""model_id"": ""gpt-5.4-mini"", ""cache_path"": ""products_noncorner/anchor_693ef0bbc08345e2.json"", ""contamination_check_status"": ""passed"", ""operator_decision"": ""drop_corner_touching_refilled""}",2,medium
k02_noncorner_products_00064,"products_1,products_2,products_3,products_4",,,,llm_non_corner_refill,"{""reference_entity_ids"": [""k02_ent_000108"", ""k02_ent_000403"", ""k02_ent_000595"", ""k02_ent_000602"", ""k02_ent_000793""], ""selection_metric"": ""low_density_anchor"", ""prompt_version"": ""v1"", ""model_id"": ""gpt-5.4-mini"", ""cache_path"": ""products_noncorner/anchor_a6e2eebb2d85d24f.json"", ""contamination_check_status"": ""passed"", ""operator_decision"": ""drop_corner_touching_refilled""}",2,medium
k02_noncorner_products_00065,"products_1,products_2,products_3,products_4",,,,llm_non_corner_refill,"{""reference_entity_ids"": [""k02_ent_000010"", ""k02_ent_000075"", ""k02_ent_000102"", ""k02_ent_000403"", ""k02_ent_000602""], ""selection_metric"": ""low_density_anchor"", ""prompt_version"": ""v1"", ""model_id"": ""gpt-5.4-mini"", ""cache_path"": ""products_noncorner/anchor_5234793dfb4c6cf2.json"", ""contamination_check_status"": ""passed"", ""operator_decision"": ""drop_corner_touching_refilled""}",2,medium
k02_noncorner_products_00066,"products_1,products_2,products_3,products_4",,,,llm_non_corner_refill,"{""reference_entity_ids"": [""k02_ent_000102"", ""k02_ent_000262"", ""k02_ent_000340"", ""k02_ent_000591"", ""k02_ent_000803""], ""selection_metric"": ""low_density_anchor"", ""prompt_version"": ""v1"", ""model_id"": ""gpt-5.4-mini"", ""cache_path"": ""products_noncorner/anchor_1f576ea443473b26.json"", ""contamination_check_status"": ""passed"", ""operator_decision"": ""drop_corner_touching_refilled""}",2,medium
k02_noncorner_products_00067,"products_1,products_2,products_3,products_4",,,,llm_non_corner_refill,"{""reference_entity_ids"": [""k02_ent_000075"", ""k02_ent_000102"", ""k02_ent_000108"", ""k02_ent_000591"", ""k02_ent_000787""], ""selection_metric"": ""low_density_anchor"", ""prompt_version"": ""v1"", ""model_id"": ""gpt-5.4-mini"", ""cache_path"": ""products_noncorner/anchor_4a2b3d29a6318ab3.json"", ""contamination_check_status"": ""passed"", ""operator_decision"": ""drop_corner_touching_refilled""}",2,medium
k02_noncorner_products_00068,"products_1,products_2,products_3,products_4",,,,llm_non_corner_refill,"{""reference_entity_ids"": [""k02_ent_000340"", ""k02_ent_000403"", ""k02_ent_000482"", ""k02_ent_000588"", ""k02_ent_000803""], ""selection_metric"": ""low_density_anchor"", ""prompt_version"": ""v1"", ""model_id"": ""gpt-5.4-mini"", ""cache_path"": ""products_noncorner/anchor_e837e1d84f116972.json"", ""contamination_check_status"": ""passed"", ""operator_decision"": ""drop_corner_touching_refilled""}",2,medium
k02_noncorner_products_00069,"products_1,products_2,products_3,products_4",,,,llm_non_corner_refill,"{""reference_entity_ids"": [""k02_ent_000102"", ""k02_ent_000163"", ""k02_ent_000478"", ""k02_ent_000602"", ""k02_ent_000803""], ""selection_metric"": ""low_density_anchor"", ""prompt_version"": ""v1"", ""model_id"": ""gpt-5.4-mini"", ""cache_path"": ""products_noncorner/anchor_f66617505ebd304b.json"", ""contamination_check_status"": ""passed"", ""operator_decision"": ""drop_corner_touching_refilled""}",2,medium
k02_noncorner_products_00070,"products_1,products_2,products_3,products_4",,,,llm_non_corner_refill,"{""reference_entity_ids"": [""k02_ent_000340"", ""k02_ent_000468"", ""k02_ent_000588"", ""k02_ent_000602"", ""k02_ent_000701""], ""selection_metric"": ""low_density_anchor"", ""prompt_version"": ""v1"", ""model_id"": ""gpt-5.4-mini"", ""cache_path"": ""products_noncorner/anchor_e0335f41716d117e.json"", ""contamination_check_status"": ""passed"", ""operator_decision"": ""drop_corner_touching_refilled""}",2,medium
k02_noncorner_products_00071,"products_1,products_2,products_3,products_4",,,,llm_non_corner_refill,"{""reference_entity_ids"": [""k02_ent_000468"", ""k02_ent_000478"", ""k02_ent_000701"", ""k02_ent_000787"", ""k02_ent_000803""], ""selection_metric"": ""low_density_anchor"", ""prompt_version"": ""v1"", ""model_id"": ""gpt-5.4-mini"", ""cache_path"": ""products_noncorner/anchor_b22fc1813d117021.json"", ""contamination_check_status"": ""passed"", ""operator_decision"": ""drop_corner_touching_refilled""}",2,medium
k02_noncorner_products_00072,"products_1,products_2,products_3,products_4",,,,llm_non_corner_refill,"{""reference_entity_ids"": [""k02_ent_000010"", ""k02_ent_000102"", ""k02_ent_000468"", ""k02_ent_000588"", ""k02_ent_000701""], ""selection_metric"": ""low_density_anchor"", ""prompt_version"": ""v1"", ""model_id"": ""gpt-5.4-mini"", ""cache_path"": ""products_noncorner/anchor_4721eb5fa1f9c4e9.json"", ""contamination_check_status"": ""passed"", ""operator_decision"": ""drop_corner_touching_refilled""}",2,medium
k02_noncorner_products_00073,"products_1,products_2,products_3,products_4",,,,llm_non_corner_refill,"{""reference_entity_ids"": [""k02_ent_000010"", ""k02_ent_000468"", ""k02_ent_000478"", ""k02_ent_000482"", ""k02_ent_000803""], ""selection_metric"": ""low_density_anchor"", ""prompt_version"": ""v1"", ""model_id"": ""gpt-5.4-mini"", ""cache_path"": ""products_noncorner/anchor_f7ef645c53802ae1.json"", ""contamination_check_status"": ""passed"", ""operator_decision"": ""drop_corner_touching_refilled""}",2,medium
k02_noncorner_products_00074,"products_1,products_2,products_3,products_4",,,,llm_non_corner_refill,"{""reference_entity_ids"": [""k02_ent_000108"", ""k02_ent_000262"", ""k02_ent_000468"", ""k02_ent_000602"", ""k02_ent_000803""], ""selection_metric"": ""low_density_anchor"", ""prompt_version"": ""v1"", ""model_id"": ""gpt-5.4-mini"", ""cache_path"": ""products_noncorner/anchor_09b47fc2028b2532.json"", ""contamination_check_status"": ""passed"", ""operator_decision"": ""drop_corner_touching_refilled""}",2,medium
k02_noncorner_products_00075,"products_1,products_2,products_3,products_4",,,,llm_non_corner_refill,"{""reference_entity_ids"": [""k02_ent_000010"", ""k02_ent_000075"", ""k02_ent_000130"", ""k02_ent_000595"", ""k02_ent_000602""], ""selection_metric"": ""low_density_anchor"", ""prompt_version"": ""v1"", ""model_id"": ""gpt-5.4-mini"", ""cache_path"": ""products_noncorner/anchor_532c587f16957e5f.json"", ""contamination_check_status"": ""passed"", ""operator_decision"": ""drop_corner_touching_refilled""}",2,medium
k02_noncorner_products_00076,"products_1,products_2,products_3,products_4",,,,llm_non_corner_refill,"{""reference_entity_ids"": [""k02_ent_000108"", ""k02_ent_000262"", ""k02_ent_000478"", ""k02_ent_000588"", ""k02_ent_000701""], ""selection_metric"": ""low_density_anchor"", ""prompt_version"": ""v1"", ""model_id"": ""gpt-5.4-mini"", ""cache_path"": ""products_noncorner/anchor_0fd03a77a17e707e.json"", ""contamination_check_status"": ""passed"", ""operator_decision"": ""drop_corner_touching_refilled""}",2,medium
k02_noncorner_products_00077,"products_1,products_2,products_3,products_4",,,,llm_non_corner_refill,"{""reference_entity_ids"": [""k02_ent_000102"", ""k02_ent_000130"", ""k02_ent_000340"", ""k02_ent_000403"", ""k02_ent_000602""], ""selection_metric"": ""low_density_anchor"", ""prompt_version"": ""v1"", ""model_id"": ""gpt-5.4-mini"", ""cache_path"": ""products_noncorner/anchor_94dee4a18329f1d2.json"", ""contamination_check_status"": ""passed"", ""operator_decision"": ""drop_corner_touching_refilled""}",2,medium
k02_noncorner_products_00078,"products_1,products_2,products_3,products_4",,,,llm_non_corner_refill,"{""reference_entity_ids"": [""k02_ent_000340"", ""k02_ent_000403"", ""k02_ent_000468"", ""k02_ent_000588"", ""k02_ent_000803""], ""selection_metric"": ""low_density_anchor"", ""prompt_version"": ""v1"", ""model_id"": ""gpt-5.4-mini"", ""cache_path"": ""products_noncorner/anchor_76ac2388d8f9b877.json"", ""contamination_check_status"": ""passed"", ""operator_decision"": ""drop_corner_touching_refilled""}",2,medium
k02_noncorner_products_00079,"products_1,products_2,products_3,products_4",,,,llm_non_corner_refill,"{""reference_entity_ids"": [""k02_ent_000340"", ""k02_ent_000403"", ""k02_ent_000468"", ""k02_ent_000482"", ""k02_ent_000595""], ""selection_metric"": ""low_density_anchor"", ""prompt_version"": ""v1"", ""model_id"": ""gpt-5.4-mini"", ""cache_path"": ""products_noncorner/anchor_b1e199f4a8871e3b.json"", ""contamination_check_status"": ""passed"", ""operator_decision"": ""drop_corner_touching_refilled""}",2,medium
k02_noncorner_products_00080,"products_1,products_2,products_3,products_4",,,,llm_non_corner_refill,"{""reference_entity_ids"": [""k02_ent_000102"", ""k02_ent_000130"", ""k02_ent_000262"", ""k02_ent_000591"", ""k02_ent_000602""], ""selection_metric"": ""low_density_anchor"", ""prompt_version"": ""v1"", ""model_id"": ""gpt-5.4-mini"", ""cache_path"": ""products_noncorner/anchor_ac5b0ccd077f2dab.json"", ""contamination_check_status"": ""passed"", ""operator_decision"": ""drop_corner_touching_refilled""}",2,medium
k02_noncorner_products_00081,"products_1,products_2,products_3,products_4",,,,llm_non_corner_refill,"{""reference_entity_ids"": [""k02_ent_000108"", ""k02_ent_000163"", ""k02_ent_000468"", ""k02_ent_000478"", ""k02_ent_000793""], ""selection_metric"": ""low_density_anchor"", ""prompt_version"": ""v1"", ""model_id"": ""gpt-5.4-mini"", ""cache_path"": ""products_noncorner/anchor_f9a93532891aa44b.json"", ""contamination_check_status"": ""passed"", ""operator_decision"": ""drop_corner_touching_refilled""}",2,medium
k02_noncorner_products_00082,"products_1,products_2,products_3,products_4",,,,llm_non_corner_refill,"{""reference_entity_ids"": [""k02_ent_000075"", ""k02_ent_000108"", ""k02_ent_000130"", ""k02_ent_000262"", ""k02_ent_000482""], ""selection_metric"": ""low_density_anchor"", ""prompt_version"": ""v1"", ""model_id"": ""gpt-5.4-mini"", ""cache_path"": ""products_noncorner/anchor_74e41ee9a5c4b1c3.json"", ""contamination_check_status"": ""passed"", ""operator_decision"": ""drop_corner_touching_refilled""}",2,medium
k02_noncorner_products_00083,"products_1,products_2,products_3,products_4",,,,llm_non_corner_refill,"{""reference_entity_ids"": [""k02_ent_000108"", ""k02_ent_000163"", ""k02_ent_000262"", ""k02_ent_000403"", ""k02_ent_000602""], ""selection_metric"": ""low_density_anchor"", ""prompt_version"": ""v1"", ""model_id"": ""gpt-5.4-mini"", ""cache_path"": ""products_noncorner/anchor_7b0577c5a1ad1336.json"", ""contamination_check_status"": ""passed"", ""operator_decision"": ""drop_corner_touching_refilled""}",2,medium
k02_noncorner_products_00084,"products_1,products_2,products_3,products_4",,,,llm_non_corner_refill,"{""reference_entity_ids"": [""k02_ent_000102"", ""k02_ent_000163"", ""k02_ent_000403"", ""k02_ent_000787"", ""k02_ent_000803""], ""selection_metric"": ""low_density_anchor"", ""prompt_version"": ""v1"", ""model_id"": ""gpt-5.4-mini"", ""cache_path"": ""products_noncorner/anchor_bbf7232d059363fc.json"", ""contamination_check_status"": ""passed"", ""operator_decision"": ""drop_corner_touching_refilled""}",2,medium
k02_noncorner_products_00085,"products_1,products_2,products_3,products_4",,,,llm_non_corner_refill,"{""reference_entity_ids"": [""k02_ent_000010"", ""k02_ent_000102"", ""k02_ent_000262"", ""k02_ent_000787"", ""k02_ent_000793""], ""selection_metric"": ""low_density_anchor"", ""prompt_version"": ""v1"", ""model_id"": ""gpt-5.4-mini"", ""cache_path"": ""products_noncorner/anchor_e455d2747cc86fb0.json"", ""contamination_check_status"": ""passed"", ""operator_decision"": ""drop_corner_touching_refilled""}",2,medium
k02_noncorner_products_00086,"products_1,products_2,products_3,products_4",,,,llm_non_corner_refill,"{""reference_entity_ids"": [""k02_ent_000102"", ""k02_ent_000130"", ""k02_ent_000340"", ""k02_ent_000595"", ""k02_ent_000602""], ""selection_metric"": ""low_density_anchor"", ""prompt_version"": ""v1"", ""model_id"": ""gpt-5.4-mini"", ""cache_path"": ""products_noncorner/anchor_0ecfbb7c0ab2fce3.json"", ""contamination_check_status"": ""passed"", ""operator_decision"": ""drop_corner_touching_refilled""}",2,medium
k02_noncorner_products_00087,"products_1,products_2,products_3,products_4",,,,llm_non_corner_refill,"{""reference_entity_ids"": [""k02_ent_000010"", ""k02_ent_000102"", ""k02_ent_000108"", ""k02_ent_000588"", ""k02_ent_000793""], ""selection_metric"": ""low_density_anchor"", ""prompt_version"": ""v1"", ""model_id"": ""gpt-5.4-mini"", ""cache_path"": ""products_noncorner/anchor_2846a278183c2979.json"", ""contamination_check_status"": ""passed"", ""operator_decision"": ""drop_corner_touching_refilled""}",2,medium
k02_noncorner_products_00088,"products_1,products_2,products_3,products_4",,,,llm_non_corner_refill,"{""reference_entity_ids"": [""k02_ent_000075"", ""k02_ent_000102"", ""k02_ent_000108"", ""k02_ent_000130"", ""k02_ent_000787""], ""selection_metric"": ""low_density_anchor"", ""prompt_version"": ""v1"", ""model_id"": ""gpt-5.4-mini"", ""cache_path"": ""products_noncorner/anchor_afa6f6db6e8901a9.json"", ""contamination_check_status"": ""passed"", ""operator_decision"": ""drop_corner_touching_refilled""}",2,medium
k02_noncorner_products_00089,"products_1,products_2,products_3,products_4",,,,llm_non_corner_refill,"{""reference_entity_ids"": [""k02_ent_000075"", ""k02_ent_000262"", ""k02_ent_000340"", ""k02_ent_000482"", ""k02_ent_000803""], ""selection_metric"": ""low_density_anchor"", ""prompt_version"": ""v1"", ""model_id"": ""gpt-5.4-mini"", ""cache_path"": ""products_noncorner/anchor_7201eae9091c52f1.json"", ""contamination_check_status"": ""passed"", ""operator_decision"": ""drop_corner_touching_refilled""}",2,medium
k02_noncorner_products_00090,"products_1,products_2,products_3,products_4",,,,llm_non_corner_refill,"{""reference_entity_ids"": [""k02_ent_000010"", ""k02_ent_000262"", ""k02_ent_000468"", ""k02_ent_000588"", ""k02_ent_000591""], ""selection_metric"": ""low_density_anchor"", ""prompt_version"": ""v1"", ""model_id"": ""gpt-5.4-mini"", ""cache_path"": ""products_noncorner/anchor_6c34c617bc118e90.json"", ""contamination_check_status"": ""passed"", ""operator_decision"": ""drop_corner_touching_refilled""}",2,medium
k02_noncorner_products_00091,"products_1,products_2,products_3,products_4",,,,llm_non_corner_refill,"{""reference_entity_ids"": [""k02_ent_000102"", ""k02_ent_000130"", ""k02_ent_000403"", ""k02_ent_000591"", ""k02_ent_000793""], ""selection_metric"": ""low_density_anchor"", ""prompt_version"": ""v1"", ""model_id"": ""gpt-5.4-mini"", ""cache_path"": ""products_noncorner/anchor_13749c9261a8a8d7.json"", ""contamination_check_status"": ""passed"", ""operator_decision"": ""drop_corner_touching_refilled""}",2,medium
k02_noncorner_products_00092,"products_1,products_2,products_3,products_4",,,,llm_non_corner_refill,"{""reference_entity_ids"": [""k02_ent_000010"", ""k02_ent_000403"", ""k02_ent_000478"", ""k02_ent_000588"", ""k02_ent_000803""], ""selection_metric"": ""low_density_anchor"", ""prompt_version"": ""v1"", ""model_id"": ""gpt-5.4-mini"", ""cache_path"": ""products_noncorner/anchor_68c0c3db96676213.json"", ""contamination_check_status"": ""passed"", ""operator_decision"": ""drop_corner_touching_refilled""}",2,medium
k02_noncorner_products_00093,"products_1,products_2,products_3,products_4",,,,llm_non_corner_refill,"{""reference_entity_ids"": [""k02_ent_000102"", ""k02_ent_000130"", ""k02_ent_000163"", ""k02_ent_000588"", ""k02_ent_000803""], ""selection_metric"": ""low_density_anchor"", ""prompt_version"": ""v1"", ""model_id"": ""gpt-5.4-mini"", ""cache_path"": ""products_noncorner/anchor_7ef09a65ac2e5c07.json"", ""contamination_check_status"": ""passed"", ""operator_decision"": ""drop_corner_touching_refilled""}",2,medium
k02_noncorner_products_00094,"products_1,products_2,products_3,products_4",,,,llm_non_corner_refill,"{""reference_entity_ids"": [""k02_ent_000102"", ""k02_ent_000478"", ""k02_ent_000482"", ""k02_ent_000602"", ""k02_ent_000701""], ""selection_metric"": ""low_density_anchor"", ""prompt_version"": ""v1"", ""model_id"": ""gpt-5.4-mini"", ""cache_path"": ""products_noncorner/anchor_08e6be1805247b10.json"", ""contamination_check_status"": ""passed"", ""operator_decision"": ""drop_corner_touching_refilled""}",2,medium
k02_noncorner_products_00095,"products_1,products_2,products_3,products_4",,,,llm_non_corner_refill,"{""reference_entity_ids"": [""k02_ent_000075"", ""k02_ent_000591"", ""k02_ent_000595"", ""k02_ent_000787"", ""k02_ent_000803""], ""selection_metric"": ""low_density_anchor"", ""prompt_version"": ""v1"", ""model_id"": ""gpt-5.4-mini"", ""cache_path"": ""products_noncorner/anchor_d025bd536c60db7a.json"", ""contamination_check_status"": ""passed"", ""operator_decision"": ""drop_corner_touching_refilled""}",2,medium
k02_noncorner_products_00096,"products_1,products_2,products_3,products_4",,,,llm_non_corner_refill,"{""reference_entity_ids"": [""k02_ent_000075"", ""k02_ent_000478"", ""k02_ent_000595"", ""k02_ent_000787"", ""k02_ent_000803""], ""selection_metric"": ""low_density_anchor"", ""prompt_version"": ""v1"", ""model_id"": ""gpt-5.4-mini"", ""cache_path"": ""products_noncorner/anchor_1b11907c9b866b42.json"", ""contamination_check_status"": ""passed"", ""operator_decision"": ""drop_corner_touching_refilled""}",2,medium
k02_noncorner_products_00097,"products_1,products_2,products_3,products_4",,,,llm_non_corner_refill,"{""reference_entity_ids"": [""k02_ent_000108"", ""k02_ent_000130"", ""k02_ent_000403"", ""k02_ent_000478"", ""k02_ent_000701""], ""selection_metric"": ""low_density_anchor"", ""prompt_version"": ""v1"", ""model_id"": ""gpt-5.4-mini"", ""cache_path"": ""products_noncorner/anchor_a6d292336310f795.json"", ""contamination_check_status"": ""passed"", ""operator_decision"": ""drop_corner_touching_refilled""}",2,medium
k02_noncorner_products_00098,"products_1,products_2,products_3,products_4",,,,llm_non_corner_refill,"{""reference_entity_ids"": [""k02_ent_000108"", ""k02_ent_000130"", ""k02_ent_000262"", ""k02_ent_000468"", ""k02_ent_000793""], ""selection_metric"": ""low_density_anchor"", ""prompt_version"": ""v1"", ""model_id"": ""gpt-5.4-mini"", ""cache_path"": ""products_noncorner/anchor_b05da428f6032b78.json"", ""contamination_check_status"": ""passed"", ""operator_decision"": ""drop_corner_touching_refilled""}",2,medium
k02_noncorner_products_00099,"products_1,products_2,products_3,products_4",,,,llm_non_corner_refill,"{""reference_entity_ids"": [""k02_ent_000010"", ""k02_ent_000130"", ""k02_ent_000262"", ""k02_ent_000602"", ""k02_ent_000793""], ""selection_metric"": ""low_density_anchor"", ""prompt_version"": ""v1"", ""model_id"": ""gpt-5.4-mini"", ""cache_path"": ""products_noncorner/anchor_b768cfe078d503b1.json"", ""contamination_check_status"": ""passed"", ""operator_decision"": ""drop_corner_touching_refilled""}",2,medium
k02_noncorner_products_00100,"products_1,products_2,products_3,products_4",,,,llm_non_corner_refill,"{""reference_entity_ids"": [""k02_ent_000010"", ""k02_ent_000108"", ""k02_ent_000130"", ""k02_ent_000591"", ""k02_ent_000793""], ""selection_metric"": ""low_density_anchor"", ""prompt_version"": ""v1"", ""model_id"": ""gpt-5.4-mini"", ""cache_path"": ""products_noncorner/anchor_76a4ce2aa276590b.json"", ""contamination_check_status"": ""passed"", ""operator_decision"": ""drop_corner_touching_refilled""}",2,medium
k02_noncorner_products_00101,"products_1,products_2,products_3,products_4",,,,llm_non_corner_refill,"{""reference_entity_ids"": [""k02_ent_000108"", ""k02_ent_000468"", ""k02_ent_000591"", ""k02_ent_000595"", ""k02_ent_000803""], ""selection_metric"": ""low_density_anchor"", ""prompt_version"": ""v1"", ""model_id"": ""gpt-5.4-mini"", ""cache_path"": ""products_noncorner/anchor_2ec3241ee241ce36.json"", ""contamination_check_status"": ""passed"", ""operator_decision"": ""drop_corner_touching_refilled""}",2,medium
k02_noncorner_products_00102,"products_1,products_2,products_3,products_4",,,,llm_non_corner_refill,"{""reference_entity_ids"": [""k02_ent_000010"", ""k02_ent_000403"", ""k02_ent_000478"", ""k02_ent_000482"", ""k02_ent_000701""], ""selection_metric"": ""low_density_anchor"", ""prompt_version"": ""v1"", ""model_id"": ""gpt-5.4-mini"", ""cache_path"": ""products_noncorner/anchor_c73b9ece40661172.json"", ""contamination_check_status"": ""passed"", ""operator_decision"": ""drop_corner_touching_refilled""}",2,medium
k02_noncorner_products_00103,"products_1,products_2,products_3,products_4",,,,llm_non_corner_refill,"{""reference_entity_ids"": [""k02_ent_000130"", ""k02_ent_000163"", ""k02_ent_000468"", ""k02_ent_000478"", ""k02_ent_000482""], ""selection_metric"": ""low_density_anchor"", ""prompt_version"": ""v1"", ""model_id"": ""gpt-5.4-mini"", ""cache_path"": ""products_noncorner/anchor_fa7ccc318adc4d67.json"", ""contamination_check_status"": ""passed"", ""operator_decision"": ""drop_corner_touching_refilled""}",2,medium
k02_noncorner_products_00104,"products_1,products_2,products_3,products_4",,,,llm_non_corner_refill,"{""reference_entity_ids"": [""k02_ent_000130"", ""k02_ent_000478"", ""k02_ent_000588"", ""k02_ent_000602"", ""k02_ent_000787""], ""selection_metric"": ""low_density_anchor"", ""prompt_version"": ""v1"", ""model_id"": ""gpt-5.4-mini"", ""cache_path"": ""products_noncorner/anchor_2a891cf298a4b180.json"", ""contamination_check_status"": ""passed"", ""operator_decision"": ""drop_corner_touching_refilled""}",2,medium
k02_noncorner_products_00105,"products_1,products_2,products_3,products_4",,,,llm_non_corner_refill,"{""reference_entity_ids"": [""k02_ent_000478"", ""k02_ent_000482"", ""k02_ent_000588"", ""k02_ent_000602"", ""k02_ent_000803""], ""selection_metric"": ""low_density_anchor"", ""prompt_version"": ""v1"", ""model_id"": ""gpt-5.4-mini"", ""cache_path"": ""products_noncorner/anchor_7a776ed8f24a719f.json"", ""contamination_check_status"": ""passed"", ""operator_decision"": ""drop_corner_touching_refilled""}",2,medium
k02_noncorner_products_00106,"products_1,products_2,products_3,products_4",,,,llm_non_corner_refill,"{""reference_entity_ids"": [""k02_ent_000102"", ""k02_ent_000108"", ""k02_ent_000340"", ""k02_ent_000403"", ""k02_ent_000588""], ""selection_metric"": ""low_density_anchor"", ""prompt_version"": ""v1"", ""model_id"": ""gpt-5.4-mini"", ""cache_path"": ""products_noncorner/anchor_c739499017296263.json"", ""contamination_check_status"": ""passed"", ""operator_decision"": ""drop_corner_touching_refilled""}",2,medium
k02_noncorner_products_00107,"products_1,products_2,products_3,products_4",,,,llm_non_corner_refill,"{""reference_entity_ids"": [""k02_ent_000075"", ""k02_ent_000340"", ""k02_ent_000595"", ""k02_ent_000602"", ""k02_ent_000793""], ""selection_metric"": ""low_density_anchor"", ""prompt_version"": ""v1"", ""model_id"": ""gpt-5.4-mini"", ""cache_path"": ""products_noncorner/anchor_489cd326a44cf9ce.json"", ""contamination_check_status"": ""passed"", ""operator_decision"": ""drop_corner_touching_refilled""}",2,medium
k02_noncorner_products_00108,"products_1,products_2,products_3,products_4",,,,llm_non_corner_refill,"{""reference_entity_ids"": [""k02_ent_000403"", ""k02_ent_000595"", ""k02_ent_000701"", ""k02_ent_000793"", ""k02_ent_000803""], ""selection_metric"": ""low_density_anchor"", ""prompt_version"": ""v1"", ""model_id"": ""gpt-5.4-mini"", ""cache_path"": ""products_noncorner/anchor_7b56277806d21778.json"", ""contamination_check_status"": ""passed"", ""operator_decision"": ""drop_corner_touching_refilled""}",2,medium
k02_noncorner_products_00109,"products_1,products_2,products_3,products_4",,,,llm_non_corner_refill,"{""reference_entity_ids"": [""k02_ent_000108"", ""k02_ent_000130"", ""k02_ent_000403"", ""k02_ent_000478"", ""k02_ent_000482""], ""selection_metric"": ""low_density_anchor"", ""prompt_version"": ""v1"", ""model_id"": ""gpt-5.4-mini"", ""cache_path"": ""products_noncorner/anchor_b27974c61fdd3568.json"", ""contamination_check_status"": ""passed"", ""operator_decision"": ""drop_corner_touching_refilled""}",2,medium
k02_noncorner_products_00110,"products_1,products_2,products_3,products_4",,,,llm_non_corner_refill,"{""reference_entity_ids"": [""k02_ent_000108"", ""k02_ent_000163"", ""k02_ent_000482"", ""k02_ent_000591"", ""k02_ent_000803""], ""selection_metric"": ""low_density_anchor"", ""prompt_version"": ""v1"", ""model_id"": ""gpt-5.4-mini"", ""cache_path"": ""products_noncorner/anchor_add9abaddf0842dc.json"", ""contamination_check_status"": ""passed"", ""operator_decision"": ""drop_corner_touching_refilled""}",2,medium
k02_noncorner_products_00111,"products_1,products_2,products_3,products_4",,,,llm_non_corner_refill,"{""reference_entity_ids"": [""k02_ent_000163"", ""k02_ent_000340"", ""k02_ent_000595"", ""k02_ent_000701"", ""k02_ent_000803""], ""selection_metric"": ""low_density_anchor"", ""prompt_version"": ""v1"", ""model_id"": ""gpt-5.4-mini"", ""cache_path"": ""products_noncorner/anchor_96a9cd4e898f63bf.json"", ""contamination_check_status"": ""passed"", ""operator_decision"": ""drop_corner_touching_refilled""}",2,medium
k02_noncorner_products_00112,"products_1,products_2,products_3,products_4",,,,llm_non_corner_refill,"{""reference_entity_ids"": [""k02_ent_000102"", ""k02_ent_000340"", ""k02_ent_000403"", ""k02_ent_000478"", ""k02_ent_000701""], ""selection_metric"": ""low_density_anchor"", ""prompt_version"": ""v1"", ""model_id"": ""gpt-5.4-mini"", ""cache_path"": ""products_noncorner/anchor_5ea5e3d8d8264c9c.json"", ""contamination_check_status"": ""passed"", ""operator_decision"": ""drop_corner_touching_refilled""}",2,medium
k02_noncorner_products_00113,"products_1,products_2,products_3,products_4",,,,llm_non_corner_refill,"{""reference_entity_ids"": [""k02_ent_000102"", ""k02_ent_000130"", ""k02_ent_000262"", ""k02_ent_000787"", ""k02_ent_000793""], ""selection_metric"": ""low_density_anchor"", ""prompt_version"": ""v1"", ""model_id"": ""gpt-5.4-mini"", ""cache_path"": ""products_noncorner/anchor_b80befc87529d306.json"", ""contamination_check_status"": ""passed"", ""operator_decision"": ""drop_corner_touching_refilled""}",2,medium
k02_noncorner_products_00114,"products_1,products_2,products_3,products_4",,,,llm_non_corner_refill,"{""reference_entity_ids"": [""k02_ent_000010"", ""k02_ent_000108"", ""k02_ent_000130"", ""k02_ent_000340"", ""k02_ent_000478""], ""selection_metric"": ""low_density_anchor"", ""prompt_version"": ""v1"", ""model_id"": ""gpt-5.4-mini"", ""cache_path"": ""products_noncorner/anchor_8df897facfde97c6.json"", ""contamination_check_status"": ""passed"", ""operator_decision"": ""drop_corner_touching_refilled""}",2,medium
k02_noncorner_products_00115,"products_1,products_2,products_3,products_4",,,,llm_non_corner_refill,"{""reference_entity_ids"": [""k02_ent_000010"", ""k02_ent_000108"", ""k02_ent_000588"", ""k02_ent_000595"", ""k02_ent_000803""], ""selection_metric"": ""low_density_anchor"", ""prompt_version"": ""v1"", ""model_id"": ""gpt-5.4-mini"", ""cache_path"": ""products_noncorner/anchor_273ebcf4b77d7854.json"", ""contamination_check_status"": ""passed"", ""operator_decision"": ""drop_corner_touching_refilled""}",2,medium
k02_noncorner_products_00116,"products_1,products_2,products_3,products_4",,,,llm_non_corner_refill,"{""reference_entity_ids"": [""k02_ent_000108"", ""k02_ent_000130"", ""k02_ent_000468"", ""k02_ent_000591"", ""k02_ent_000803""], ""selection_metric"": ""low_density_anchor"", ""prompt_version"": ""v1"", ""model_id"": ""gpt-5.4-mini"", ""cache_path"": ""products_noncorner/anchor_047161de80d43246.json"", ""contamination_check_status"": ""passed"", ""operator_decision"": ""drop_corner_touching_refilled""}",2,medium
k02_noncorner_products_00117,"products_1,products_2,products_3,products_4",,,,llm_non_corner_refill,"{""reference_entity_ids"": [""k02_ent_000108"", ""k02_ent_000163"", ""k02_ent_000478"", ""k02_ent_000482"", ""k02_ent_000591""], ""selection_metric"": ""low_density_anchor"", ""prompt_version"": ""v1"", ""model_id"": ""gpt-5.4-mini"", ""cache_path"": ""products_noncorner/anchor_6dc5d1add2657c59.json"", ""contamination_check_status"": ""passed"", ""operator_decision"": ""drop_corner_touching_refilled""}",2,medium
k02_noncorner_products_00118,"products_1,products_2,products_3,products_4",,,,llm_non_corner_refill,"{""reference_entity_ids"": [""k02_ent_000010"", ""k02_ent_000130"", ""k02_ent_000468"", ""k02_ent_000595"", ""k02_ent_000602""], ""selection_metric"": ""low_density_anchor"", ""prompt_version"": ""v1"", ""model_id"": ""gpt-5.4-mini"", ""cache_path"": ""products_noncorner/anchor_070c7044dc793df6.json"", ""contamination_check_status"": ""passed"", ""operator_decision"": ""drop_corner_touching_refilled""}",2,medium
k02_noncorner_products_00119,"products_1,products_2,products_3,products_4",,,,llm_non_corner_refill,"{""reference_entity_ids"": [""k02_ent_000075"", ""k02_ent_000130"", ""k02_ent_000403"", ""k02_ent_000478"", ""k02_ent_000588""], ""selection_metric"": ""low_density_anchor"", ""prompt_version"": ""v1"", ""model_id"": ""gpt-5.4-mini"", ""cache_path"": ""products_noncorner/anchor_c5283f82fa007ed1.json"", ""contamination_check_status"": ""passed"", ""operator_decision"": ""drop_corner_touching_refilled""}",2,medium
k02_noncorner_products_00120,"products_1,products_2,products_3,products_4",,,,llm_non_corner_refill,"{""reference_entity_ids"": [""k02_ent_000108"", ""k02_ent_000340"", ""k02_ent_000701"", ""k02_ent_000787"", ""k02_ent_000803""], ""selection_metric"": ""low_density_anchor"", ""prompt_version"": ""v1"", ""model_id"": ""gpt-5.4-mini"", ""cache_path"": ""products_noncorner/anchor_1f91ecbca4ef76c8.json"", ""contamination_check_status"": ""passed"", ""operator_decision"": ""drop_corner_touching_refilled""}",2,medium
k02_noncorner_products_00121,"products_1,products_2,products_3,products_4",,,,llm_non_corner_refill,"{""reference_entity_ids"": [""k02_ent_000010"", ""k02_ent_000102"", ""k02_ent_000403"", ""k02_ent_000591"", ""k02_ent_000793""], ""selection_metric"": ""low_density_anchor"", ""prompt_version"": ""v1"", ""model_id"": ""gpt-5.4-mini"", ""cache_path"": ""products_noncorner/anchor_8094d31c0af94deb.json"", ""contamination_check_status"": ""passed"", ""operator_decision"": ""drop_corner_touching_refilled""}",2,medium
k02_noncorner_products_00122,"products_1,products_2,products_3,products_4",,,,llm_non_corner_refill,"{""reference_entity_ids"": [""k02_ent_000482"", ""k02_ent_000588"", ""k02_ent_000602"", ""k02_ent_000701"", ""k02_ent_000787""], ""selection_metric"": ""low_density_anchor"", ""prompt_version"": ""v1"", ""model_id"": ""gpt-5.4-mini"", ""cache_path"": ""products_noncorner/anchor_8f6db49f06d741bd.json"", ""contamination_check_status"": ""passed"", ""operator_decision"": ""drop_corner_touching_refilled""}",2,medium
k02_noncorner_products_00123,"products_1,products_2,products_3,products_4",,,,llm_non_corner_refill,"{""reference_entity_ids"": [""k02_ent_000010"", ""k02_ent_000108"", ""k02_ent_000163"", ""k02_ent_000595"", ""k02_ent_000793""], ""selection_metric"": ""low_density_anchor"", ""prompt_version"": ""v1"", ""model_id"": ""gpt-5.4-mini"", ""cache_path"": ""products_noncorner/anchor_49028d265363379f.json"", ""contamination_check_status"": ""passed"", ""operator_decision"": ""drop_corner_touching_refilled""}",2,medium
k02_noncorner_products_00124,"products_1,products_2,products_3,products_4",,,,llm_non_corner_refill,"{""reference_entity_ids"": [""k02_ent_000403"", ""k02_ent_000595"", ""k02_ent_000602"", ""k02_ent_000793"", ""k02_ent_000803""], ""selection_metric"": ""low_density_anchor"", ""prompt_version"": ""v1"", ""model_id"": ""gpt-5.4-mini"", ""cache_path"": ""products_noncorner/anchor_775b15e1b5cecc22.json"", ""contamination_check_status"": ""passed"", ""operator_decision"": ""drop_corner_touching_refilled""}",2,medium
k02_noncorner_products_00125,"products_1,products_2,products_3,products_4",,,,llm_non_corner_refill,"{""reference_entity_ids"": [""k02_ent_000262"", ""k02_ent_000403"", ""k02_ent_000482"", ""k02_ent_000595"", ""k02_ent_000787""], ""selection_metric"": ""low_density_anchor"", ""prompt_version"": ""v1"", ""model_id"": ""gpt-5.4-mini"", ""cache_path"": ""products_noncorner/anchor_2092013be947b4d2.json"", ""contamination_check_status"": ""passed"", ""operator_decision"": ""drop_corner_touching_refilled""}",2,medium
k02_noncorner_products_00126,"products_1,products_2,products_3,products_4",,,,llm_non_corner_refill,"{""reference_entity_ids"": [""k02_ent_000163"", ""k02_ent_000468"", ""k02_ent_000591"", ""k02_ent_000595"", ""k02_ent_000602""], ""selection_metric"": ""low_density_anchor"", ""prompt_version"": ""v1"", ""model_id"": ""gpt-5.4-mini"", ""cache_path"": ""products_noncorner/anchor_52d18ab45d2da1dd.json"", ""contamination_check_status"": ""passed"", ""operator_decision"": ""drop_corner_touching_refilled""}",2,medium
k02_noncorner_products_00127,"products_1,products_2,products_3,products_4",,,,llm_non_corner_refill,"{""reference_entity_ids"": [""k02_ent_000075"", ""k02_ent_000130"", ""k02_ent_000340"", ""k02_ent_000403"", ""k02_ent_000803""], ""selection_metric"": ""low_density_anchor"", ""prompt_version"": ""v1"", ""model_id"": ""gpt-5.4-mini"", ""cache_path"": ""products_noncorner/anchor_fb59537cf9e4a641.json"", ""contamination_check_status"": ""passed"", ""operator_decision"": ""drop_corner_touching_refilled""}",2,medium
k02_noncorner_products_00128,"products_1,products_2,products_3,products_4",,,,llm_non_corner_refill,"{""reference_entity_ids"": [""k02_ent_000075"", ""k02_ent_000262"", ""k02_ent_000478"", ""k02_ent_000591"", ""k02_ent_000803""], ""selection_metric"": ""low_density_anchor"", ""prompt_version"": ""v1"", ""model_id"": ""gpt-5.4-mini"", ""cache_path"": ""products_noncorner/anchor_0e7d6602bc5e397e.json"", ""contamination_check_status"": ""passed"", ""operator_decision"": ""drop_corner_touching_refilled""}",2,medium
k02_noncorner_products_00129,"products_1,products_2,products_3,products_4",,,,llm_non_corner_refill,"{""reference_entity_ids"": [""k02_ent_000010"", ""k02_ent_000075"", ""k02_ent_000340"", ""k02_ent_000787"", ""k02_ent_000803""], ""selection_metric"": ""low_density_anchor"", ""prompt_version"": ""v1"", ""model_id"": ""gpt-5.4-mini"", ""cache_path"": ""products_noncorner/anchor_db2d7ce379c9eb6e.json"", ""contamination_check_status"": ""passed"", ""operator_decision"": ""drop_corner_touching_refilled""}",2,medium
k02_noncorner_products_00130,"products_1,products_2,products_3,products_4",,,,llm_non_corner_refill,"{""reference_entity_ids"": [""k02_ent_000262"", ""k02_ent_000478"", ""k02_ent_000591"", ""k02_ent_000602"", ""k02_ent_000701""], ""selection_metric"": ""low_density_anchor"", ""prompt_version"": ""v1"", ""model_id"": ""gpt-5.4-mini"", ""cache_path"": ""products_noncorner/anchor_06dfa50398ea22f5.json"", ""contamination_check_status"": ""passed"", ""operator_decision"": ""drop_corner_touching_refilled""}",2,medium
k02_noncorner_products_00131,"products_1,products_2,products_3,products_4",,,,llm_non_corner_refill,"{""reference_entity_ids"": [""k02_ent_000010"", ""k02_ent_000403"", ""k02_ent_000468"", ""k02_ent_000701"", ""k02_ent_000803""], ""selection_metric"": ""low_density_anchor"", ""prompt_version"": ""v1"", ""model_id"": ""gpt-5.4-mini"", ""cache_path"": ""products_noncorner/anchor_08fe6d0f79cb0e15.json"", ""contamination_check_status"": ""passed"", ""operator_decision"": ""drop_corner_touching_refilled""}",2,medium
k02_noncorner_products_00132,"products_1,products_2,products_3,products_4",,,,llm_non_corner_refill,"{""reference_entity_ids"": [""k02_ent_000010"", ""k02_ent_000130"", ""k02_ent_000163"", ""k02_ent_000468"", ""k02_ent_000793""], ""selection_metric"": ""low_density_anchor"", ""prompt_version"": ""v1"", ""model_id"": ""gpt-5.4-mini"", ""cache_path"": ""products_noncorner/anchor_ba36974890e0e53a.json"", ""contamination_check_status"": ""passed"", ""operator_decision"": ""drop_corner_touching_refilled""}",2,medium
k02_noncorner_products_00133,"products_1,products_2,products_3,products_4",,,,llm_non_corner_refill,"{""reference_entity_ids"": [""k02_ent_000010"", ""k02_ent_000102"", ""k02_ent_000130"", ""k02_ent_000482"", ""k02_ent_000803""], ""selection_metric"": ""low_density_anchor"", ""prompt_version"": ""v1"", ""model_id"": ""gpt-5.4-mini"", ""cache_path"": ""products_noncorner/anchor_fd9dea5c5702e4a4.json"", ""contamination_check_status"": ""passed"", ""operator_decision"": ""drop_corner_touching_refilled""}",2,medium
k02_noncorner_products_00134,"products_1,products_2,products_3,products_4",,,,llm_non_corner_refill,"{""reference_entity_ids"": [""k02_ent_000340"", ""k02_ent_000478"", ""k02_ent_000588"", ""k02_ent_000701"", ""k02_ent_000803""], ""selection_metric"": ""low_density_anchor"", ""prompt_version"": ""v1"", ""model_id"": ""gpt-5.4-mini"", ""cache_path"": ""products_noncorner/anchor_cfff3a8c522ffff4.json"", ""contamination_check_status"": ""passed"", ""operator_decision"": ""drop_corner_touching_refilled""}",2,medium
k02_noncorner_products_00135,"products_1,products_2,products_3,products_4",,,,llm_non_corner_refill,"{""reference_entity_ids"": [""k02_ent_000478"", ""k02_ent_000591"", ""k02_ent_000602"", ""k02_ent_000701"", ""k02_ent_000803""], ""selection_metric"": ""low_density_anchor"", ""prompt_version"": ""v1"", ""model_id"": ""gpt-5.4-mini"", ""cache_path"": ""products_noncorner/anchor_a8b5b72d95fe8fb4.json"", ""contamination_check_status"": ""passed"", ""operator_decision"": ""drop_corner_touching_refilled""}",2,medium
k02_noncorner_products_00136,"products_1,products_2,products_3,products_4",,,,llm_non_corner_refill,"{""reference_entity_ids"": [""k02_ent_000262"", ""k02_ent_000340"", ""k02_ent_000403"", ""k02_ent_000468"", ""k02_ent_000803""], ""selection_metric"": ""low_density_anchor"", ""prompt_version"": ""v1"", ""model_id"": ""gpt-5.4-mini"", ""cache_path"": ""products_noncorner/anchor_ad3207134cae0a21.json"", ""contamination_check_status"": ""passed"", ""operator_decision"": ""drop_corner_touching_refilled""}",2,medium
k02_noncorner_products_00137,"products_1,products_2,products_3,products_4",,,,llm_non_corner_refill,"{""reference_entity_ids"": [""k02_ent_000108"", ""k02_ent_000595"", ""k02_ent_000602"", ""k02_ent_000787"", ""k02_ent_000793""], ""selection_metric"": ""low_density_anchor"", ""prompt_version"": ""v1"", ""model_id"": ""gpt-5.4-mini"", ""cache_path"": ""products_noncorner/anchor_18253fc1ad9ed766.json"", ""contamination_check_status"": ""passed"", ""operator_decision"": ""drop_corner_touching_refilled""}",2,medium
k02_noncorner_products_00138,"products_1,products_2,products_3,products_4",,,,llm_non_corner_refill,"{""reference_entity_ids"": [""k02_ent_000010"", ""k02_ent_000075"", ""k02_ent_000262"", ""k02_ent_000591"", ""k02_ent_000803""], ""selection_metric"": ""low_density_anchor"", ""prompt_version"": ""v1"", ""model_id"": ""gpt-5.4-mini"", ""cache_path"": ""products_noncorner/anchor_ac44099b41ebea25.json"", ""contamination_check_status"": ""passed"", ""operator_decision"": ""drop_corner_touching_refilled""}",2,medium
k02_noncorner_products_00139,"products_1,products_2,products_3,products_4",,,,llm_non_corner_refill,"{""reference_entity_ids"": [""k02_ent_000010"", ""k02_ent_000403"", ""k02_ent_000468"", ""k02_ent_000602"", ""k02_ent_000701""], ""selection_metric"": ""low_density_anchor"", ""prompt_version"": ""v1"", ""model_id"": ""gpt-5.4-mini"", ""cache_path"": ""products_noncorner/anchor_17f259a8a3147a97.json"", ""contamination_check_status"": ""passed"", ""operator_decision"": ""drop_corner_touching_refilled""}",2,medium
k02_noncorner_products_00140,"products_1,products_2,products_3,products_4",,,,llm_non_corner_refill,"{""reference_entity_ids"": [""k02_ent_000102"", ""k02_ent_000108"", ""k02_ent_000478"", ""k02_ent_000588"", ""k02_ent_000591""], ""selection_metric"": ""low_density_anchor"", ""prompt_version"": ""v1"", ""model_id"": ""gpt-5.4-mini"", ""cache_path"": ""products_noncorner/anchor_fefda40b7416b1cc.json"", ""contamination_check_status"": ""passed"", ""operator_decision"": ""drop_corner_touching_refilled""}",2,medium
k02_noncorner_products_00141,"products_1,products_2,products_3,products_4",,,,llm_non_corner_refill,"{""reference_entity_ids"": [""k02_ent_000010"", ""k02_ent_000102"", ""k02_ent_000478"", ""k02_ent_000588"", ""k02_ent_000591""], ""selection_metric"": ""low_density_anchor"", ""prompt_version"": ""v1"", ""model_id"": ""gpt-5.4-mini"", ""cache_path"": ""products_noncorner/anchor_f9608f062349934e.json"", ""contamination_check_status"": ""passed"", ""operator_decision"": ""drop_corner_touching_refilled""}",2,medium
k02_noncorner_products_00142,"products_1,products_2,products_3,products_4",,,,llm_non_corner_refill,"{""reference_entity_ids"": [""k02_ent_000108"", ""k02_ent_000130"", ""k02_ent_000468"", ""k02_ent_000793"", ""k02_ent_000803""], ""selection_metric"": ""low_density_anchor"", ""prompt_version"": ""v1"", ""model_id"": ""gpt-5.4-mini"", ""cache_path"": ""products_noncorner/anchor_132c2d1647b7485c.json"", ""contamination_check_status"": ""passed"", ""operator_decision"": ""drop_corner_touching_refilled""}",2,medium
k02_noncorner_products_00143,"products_1,products_2,products_3,products_4",,,,llm_non_corner_refill,"{""reference_entity_ids"": [""k02_ent_000163"", ""k02_ent_000482"", ""k02_ent_000588"", ""k02_ent_000602"", ""k02_ent_000793""], ""selection_metric"": ""low_density_anchor"", ""prompt_version"": ""v1"", ""model_id"": ""gpt-5.4-mini"", ""cache_path"": ""products_noncorner/anchor_5b1a7680645b62cb.json"", ""contamination_check_status"": ""passed"", ""operator_decision"": ""drop_corner_touching_refilled""}",2,medium
k02_noncorner_products_00144,"products_1,products_2,products_3,products_4",,,,llm_non_corner_refill,"{""reference_entity_ids"": [""k02_ent_000075"", ""k02_ent_000262"", ""k02_ent_000588"", ""k02_ent_000591"", ""k02_ent_000803""], ""selection_metric"": ""low_density_anchor"", ""prompt_version"": ""v1"", ""model_id"": ""gpt-5.4-mini"", ""cache_path"": ""products_noncorner/anchor_82a07a7003125591.json"", ""contamination_check_status"": ""passed"", ""operator_decision"": ""drop_corner_touching_refilled""}",2,medium
k02_noncorner_products_00145,"products_1,products_2,products_3,products_4",,,,llm_non_corner_refill,"{""reference_entity_ids"": [""k02_ent_000262"", ""k02_ent_000478"", ""k02_ent_000482"", ""k02_ent_000591"", ""k02_ent_000595""], ""selection_metric"": ""low_density_anchor"", ""prompt_version"": ""v1"", ""model_id"": ""gpt-5.4-mini"", ""cache_path"": ""products_noncorner/anchor_6bccbd1688fe2df0.json"", ""contamination_check_status"": ""passed"", ""operator_decision"": ""drop_corner_touching_refilled""}",2,medium
k02_noncorner_products_00146,"products_1,products_2,products_3,products_4",,,,llm_non_corner_refill,"{""reference_entity_ids"": [""k02_ent_000075"", ""k02_ent_000108"", ""k02_ent_000262"", ""k02_ent_000340"", ""k02_ent_000403""], ""selection_metric"": ""low_density_anchor"", ""prompt_version"": ""v1"", ""model_id"": ""gpt-5.4-mini"", ""cache_path"": ""products_noncorner/anchor_2916b0f1491377bc.json"", ""contamination_check_status"": ""passed"", ""operator_decision"": ""drop_corner_touching_refilled""}",2,medium
k02_noncorner_products_00147,"products_1,products_2,products_3,products_4",,,,llm_non_corner_refill,"{""reference_entity_ids"": [""k02_ent_000010"", ""k02_ent_000075"", ""k02_ent_000262"", ""k02_ent_000478"", ""k02_ent_000803""], ""selection_metric"": ""low_density_anchor"", ""prompt_version"": ""v1"", ""model_id"": ""gpt-5.4-mini"", ""cache_path"": ""products_noncorner/anchor_f6405fc091fbdfb2.json"", ""contamination_check_status"": ""passed"", ""operator_decision"": ""drop_corner_touching_refilled""}",2,medium
k02_noncorner_products_00148,"products_1,products_2,products_3,products_4",,,,llm_non_corner_refill,"{""reference_entity_ids"": [""k02_ent_000075"", ""k02_ent_000108"", ""k02_ent_000163"", ""k02_ent_000793"", ""k02_ent_000803""], ""selection_metric"": ""low_density_anchor"", ""prompt_version"": ""v1"", ""model_id"": ""gpt-5.4-mini"", ""cache_path"": ""products_noncorner/anchor_e415df116958653b.json"", ""contamination_check_status"": ""passed"", ""operator_decision"": ""drop_corner_touching_refilled""}",2,medium
k02_noncorner_products_00149,"products_1,products_2,products_3,products_4",,,,llm_non_corner_refill,"{""reference_entity_ids"": [""k02_ent_000010"", ""k02_ent_000340"", ""k02_ent_000403"", ""k02_ent_000588"", ""k02_ent_000591""], ""selection_metric"": ""low_density_anchor"", ""prompt_version"": ""v1"", ""model_id"": ""gpt-5.4-mini"", ""cache_path"": ""products_noncorner/anchor_48867e2c5060e83a.json"", ""contamination_check_status"": ""passed"", ""operator_decision"": ""drop_corner_touching_refilled""}",2,medium
k02_noncorner_products_00150,"products_1,products_2,products_3,products_4",,,,llm_non_corner_refill,"{""reference_entity_ids"": [""k02_ent_000130"", ""k02_ent_000482"", ""k02_ent_000591"", ""k02_ent_000595"", ""k02_ent_000602""], ""selection_metric"": ""low_density_anchor"", ""prompt_version"": ""v1"", ""model_id"": ""gpt-5.4-mini"", ""cache_path"": ""products_noncorner/anchor_33c4194742b35972.json"", ""contamination_check_status"": ""passed"", ""operator_decision"": ""drop_corner_touching_refilled""}",2,medium
k02_noncorner_products_00151,"products_1,products_2,products_3,products_4",,,,llm_non_corner_refill,"{""reference_entity_ids"": [""k02_ent_000102"", ""k02_ent_000340"", ""k02_ent_000478"", ""k02_ent_000588"", ""k02_ent_000701""], ""selection_metric"": ""low_density_anchor"", ""prompt_version"": ""v1"", ""model_id"": ""gpt-5.4-mini"", ""cache_path"": ""products_noncorner/anchor_94772758a2e16b52.json"", ""contamination_check_status"": ""passed"", ""operator_decision"": ""drop_corner_touching_refilled""}",2,medium
k02_noncorner_products_00152,"products_1,products_2,products_3,products_4",,,,llm_non_corner_refill,"{""reference_entity_ids"": [""k02_ent_000262"", ""k02_ent_000340"", ""k02_ent_000403"", ""k02_ent_000468"", ""k02_ent_000787""], ""selection_metric"": ""low_density_anchor"", ""prompt_version"": ""v1"", ""model_id"": ""gpt-5.4-mini"", ""cache_path"": ""products_noncorner/anchor_7f22d36d5263d75f.json"", ""contamination_check_status"": ""passed"", ""operator_decision"": ""drop_corner_touching_refilled""}",2,medium
k02_noncorner_products_00153,"products_1,products_2,products_3,products_4",,,,llm_non_corner_refill,"{""reference_entity_ids"": [""k02_ent_000108"", ""k02_ent_000262"", ""k02_ent_000468"", ""k02_ent_000588"", ""k02_ent_000701""], ""selection_metric"": ""low_density_anchor"", ""prompt_version"": ""v1"", ""model_id"": ""gpt-5.4-mini"", ""cache_path"": ""products_noncorner/anchor_3741cd0f015c1561.json"", ""contamination_check_status"": ""passed"", ""operator_decision"": ""drop_corner_touching_refilled""}",2,medium
k02_noncorner_products_00154,"products_1,products_2,products_3,products_4",,,,llm_non_corner_refill,"{""reference_entity_ids"": [""k02_ent_000340"", ""k02_ent_000403"", ""k02_ent_000468"", ""k02_ent_000588"", ""k02_ent_000602""], ""selection_metric"": ""low_density_anchor"", ""prompt_version"": ""v1"", ""model_id"": ""gpt-5.4-mini"", ""cache_path"": ""products_noncorner/anchor_c2c6003b2841468a.json"", ""contamination_check_status"": ""passed"", ""operator_decision"": ""drop_corner_touching_refilled""}",2,medium
k02_noncorner_products_00155,"products_1,products_2,products_3,products_4",,,,llm_non_corner_refill,"{""reference_entity_ids"": [""k02_ent_000075"", ""k02_ent_000262"", ""k02_ent_000595"", ""k02_ent_000602"", ""k02_ent_000803""], ""selection_metric"": ""low_density_anchor"", ""prompt_version"": ""v1"", ""model_id"": ""gpt-5.4-mini"", ""cache_path"": ""products_noncorner/anchor_0ad4a7dfdce3997d.json"", ""contamination_check_status"": ""passed"", ""operator_decision"": ""drop_corner_touching_refilled""}",2,medium
k02_noncorner_products_00156,"products_1,products_2,products_3,products_4",,,,llm_non_corner_refill,"{""reference_entity_ids"": [""k02_ent_000075"", ""k02_ent_000588"", ""k02_ent_000701"", ""k02_ent_000787"", ""k02_ent_000803""], ""selection_metric"": ""low_density_anchor"", ""prompt_version"": ""v1"", ""model_id"": ""gpt-5.4-mini"", ""cache_path"": ""products_noncorner/anchor_85205984fbb0f4d1.json"", ""contamination_check_status"": ""passed"", ""operator_decision"": ""drop_corner_touching_refilled""}",2,medium
k02_noncorner_products_00157,"products_1,products_2,products_3,products_4",,,,llm_non_corner_refill,"{""reference_entity_ids"": [""k02_ent_000010"", ""k02_ent_000102"", ""k02_ent_000482"", ""k02_ent_000595"", ""k02_ent_000803""], ""selection_metric"": ""low_density_anchor"", ""prompt_version"": ""v1"", ""model_id"": ""gpt-5.4-mini"", ""cache_path"": ""products_noncorner/anchor_2c1c2c9229984291.json"", ""contamination_check_status"": ""passed"", ""operator_decision"": ""drop_corner_touching_refilled""}",2,medium
k02_noncorner_products_00158,"products_1,products_2,products_3,products_4",,,,llm_non_corner_refill,"{""reference_entity_ids"": [""k02_ent_000075"", ""k02_ent_000108"", ""k02_ent_000482"", ""k02_ent_000793"", ""k02_ent_000803""], ""selection_metric"": ""low_density_anchor"", ""prompt_version"": ""v1"", ""model_id"": ""gpt-5.4-mini"", ""cache_path"": ""products_noncorner/anchor_ac6181b16b0566d1.json"", ""contamination_check_status"": ""passed"", ""operator_decision"": ""drop_corner_touching_refilled""}",2,medium
k02_noncorner_products_00159,"products_1,products_2,products_3,products_4",,,,llm_non_corner_refill,"{""reference_entity_ids"": [""k02_ent_000075"", ""k02_ent_000163"", ""k02_ent_000403"", ""k02_ent_000478"", ""k02_ent_000595""], ""selection_metric"": ""low_density_anchor"", ""prompt_version"": ""v1"", ""model_id"": ""gpt-5.4-mini"", ""cache_path"": ""products_noncorner/anchor_cb8ded2fab039096.json"", ""contamination_check_status"": ""passed"", ""operator_decision"": ""drop_corner_touching_refilled""}",2,medium
k02_noncorner_products_00160,"products_1,products_2,products_3,products_4",,,,llm_non_corner_refill,"{""reference_entity_ids"": [""k02_ent_000468"", ""k02_ent_000595"", ""k02_ent_000602"", ""k02_ent_000787"", ""k02_ent_000803""], ""selection_metric"": ""low_density_anchor"", ""prompt_version"": ""v1"", ""model_id"": ""gpt-5.4-mini"", ""cache_path"": ""products_noncorner/anchor_fe3d256db45b6d17.json"", ""contamination_check_status"": ""passed"", ""operator_decision"": ""drop_corner_touching_refilled""}",2,medium
k02_noncorner_products_00161,"products_1,products_2,products_3,products_4",,,,llm_non_corner_refill,"{""reference_entity_ids"": [""k02_ent_000010"", ""k02_ent_000340"", ""k02_ent_000478"", ""k02_ent_000793"", ""k02_ent_000803""], ""selection_metric"": ""low_density_anchor"", ""prompt_version"": ""v1"", ""model_id"": ""gpt-5.4-mini"", ""cache_path"": ""products_noncorner/anchor_b096ed7f8763a4c6.json"", ""contamination_check_status"": ""passed"", ""operator_decision"": ""drop_corner_touching_refilled""}",2,medium
k02_noncorner_products_00162,"products_1,products_2,products_3,products_4",,,,llm_non_corner_refill,"{""reference_entity_ids"": [""k02_ent_000102"", ""k02_ent_000108"", ""k02_ent_000130"", ""k02_ent_000588"", ""k02_ent_000793""], ""selection_metric"": ""low_density_anchor"", ""prompt_version"": ""v1"", ""model_id"": ""gpt-5.4-mini"", ""cache_path"": ""products_noncorner/anchor_7841aeedea9eefe6.json"", ""contamination_check_status"": ""passed"", ""operator_decision"": ""drop_corner_touching_refilled""}",2,medium
k02_noncorner_products_00163,"products_1,products_2,products_3,products_4",,,,llm_non_corner_refill,"{""reference_entity_ids"": [""k02_ent_000075"", ""k02_ent_000403"", ""k02_ent_000701"", ""k02_ent_000787"", ""k02_ent_000793""], ""selection_metric"": ""low_density_anchor"", ""prompt_version"": ""v1"", ""model_id"": ""gpt-5.4-mini"", ""cache_path"": ""products_noncorner/anchor_8d4229cc8507a251.json"", ""contamination_check_status"": ""passed"", ""operator_decision"": ""drop_corner_touching_refilled""}",2,medium
k02_noncorner_products_00164,"products_1,products_2,products_3,products_4",,,,llm_non_corner_refill,"{""reference_entity_ids"": [""k02_ent_000010"", ""k02_ent_000108"", ""k02_ent_000163"", ""k02_ent_000340"", ""k02_ent_000602""], ""selection_metric"": ""low_density_anchor"", ""prompt_version"": ""v1"", ""model_id"": ""gpt-5.4-mini"", ""cache_path"": ""products_noncorner/anchor_e0ddfb4d26fd2fe9.json"", ""contamination_check_status"": ""passed"", ""operator_decision"": ""drop_corner_touching_refilled""}",2,medium
k02_noncorner_products_00165,"products_1,products_2,products_3,products_4",,,,llm_non_corner_refill,"{""reference_entity_ids"": [""k02_ent_000010"", ""k02_ent_000591"", ""k02_ent_000602"", ""k02_ent_000787"", ""k02_ent_000803""], ""selection_metric"": ""low_density_anchor"", ""prompt_version"": ""v1"", ""model_id"": ""gpt-5.4-mini"", ""cache_path"": ""products_noncorner/anchor_7f9e0436567e8224.json"", ""contamination_check_status"": ""passed"", ""operator_decision"": ""drop_corner_touching_refilled""}",2,medium
k02_noncorner_products_00166,"products_1,products_2,products_3,products_4",,,,llm_non_corner_refill,"{""reference_entity_ids"": [""k02_ent_000010"", ""k02_ent_000340"", ""k02_ent_000403"", ""k02_ent_000478"", ""k02_ent_000793""], ""selection_metric"": ""low_density_anchor"", ""prompt_version"": ""v1"", ""model_id"": ""gpt-5.4-mini"", ""cache_path"": ""products_noncorner/anchor_f875c490b3a30630.json"", ""contamination_check_status"": ""passed"", ""operator_decision"": ""drop_corner_touching_refilled""}",2,medium
k02_noncorner_products_00167,"products_1,products_2,products_3,products_4",,,,llm_non_corner_refill,"{""reference_entity_ids"": [""k02_ent_000262"", ""k02_ent_000468"", ""k02_ent_000588"", ""k02_ent_000602"", ""k02_ent_000793""], ""selection_metric"": ""low_density_anchor"", ""prompt_version"": ""v1"", ""model_id"": ""gpt-5.4-mini"", ""cache_path"": ""products_noncorner/anchor_eb4d1d51db2a46ad.json"", ""contamination_check_status"": ""passed"", ""operator_decision"": ""drop_corner_touching_refilled""}",2,medium
k02_noncorner_products_00168,"products_1,products_2,products_3,products_4",,,,llm_non_corner_refill,"{""reference_entity_ids"": [""k02_ent_000130"", ""k02_ent_000163"", ""k02_ent_000262"", ""k02_ent_000468"", ""k02_ent_000591""], ""selection_metric"": ""low_density_anchor"", ""prompt_version"": ""v1"", ""model_id"": ""gpt-5.4-mini"", ""cache_path"": ""products_noncorner/anchor_4c4551c6f7954537.json"", ""contamination_check_status"": ""passed"", ""operator_decision"": ""drop_corner_touching_refilled""}",2,medium
k02_noncorner_products_00169,"products_1,products_2,products_3,products_4",,,,llm_non_corner_refill,"{""reference_entity_ids"": [""k02_ent_000130"", ""k02_ent_000163"", ""k02_ent_000478"", ""k02_ent_000591"", ""k02_ent_000793""], ""selection_metric"": ""low_density_anchor"", ""prompt_version"": ""v1"", ""model_id"": ""gpt-5.4-mini"", ""cache_path"": ""products_noncorner/anchor_707004540d31c689.json"", ""contamination_check_status"": ""passed"", ""operator_decision"": ""drop_corner_touching_refilled""}",2,medium
k02_noncorner_products_00170,"products_1,products_2,products_3,products_4",,,,llm_non_corner_refill,"{""reference_entity_ids"": [""k02_ent_000262"", ""k02_ent_000468"", ""k02_ent_000588"", ""k02_ent_000595"", ""k02_ent_000803""], ""selection_metric"": ""low_density_anchor"", ""prompt_version"": ""v1"", ""model_id"": ""gpt-5.4-mini"", ""cache_path"": ""products_noncorner/anchor_e228fd4e3d85af9d.json"", ""contamination_check_status"": ""passed"", ""operator_decision"": ""drop_corner_touching_refilled""}",2,medium
k02_noncorner_products_00171,"products_1,products_2,products_3,products_4",,,,llm_non_corner_refill,"{""reference_entity_ids"": [""k02_ent_000163"", ""k02_ent_000468"", ""k02_ent_000595"", ""k02_ent_000602"", ""k02_ent_000793""], ""selection_metric"": ""low_density_anchor"", ""prompt_version"": ""v1"", ""model_id"": ""gpt-5.4-mini"", ""cache_path"": ""products_noncorner/anchor_14889bc6ca340719.json"", ""contamination_check_status"": ""passed"", ""operator_decision"": ""drop_corner_touching_refilled""}",2,medium
k02_noncorner_products_00172,"products_1,products_2,products_3,products_4",,,,llm_non_corner_refill,"{""reference_entity_ids"": [""k02_ent_000010"", ""k02_ent_000102"", ""k02_ent_000262"", ""k02_ent_000602"", ""k02_ent_000701""], ""selection_metric"": ""low_density_anchor"", ""prompt_version"": ""v1"", ""model_id"": ""gpt-5.4-mini"", ""cache_path"": ""products_noncorner/anchor_626aa28913be0c08.json"", ""contamination_check_status"": ""passed"", ""operator_decision"": ""drop_corner_touching_refilled""}",2,medium
k02_noncorner_products_00173,"products_1,products_2,products_3,products_4",,,,llm_non_corner_refill,"{""reference_entity_ids"": [""k02_ent_000108"", ""k02_ent_000478"", ""k02_ent_000602"", ""k02_ent_000787"", ""k02_ent_000793""], ""selection_metric"": ""low_density_anchor"", ""prompt_version"": ""v1"", ""model_id"": ""gpt-5.4-mini"", ""cache_path"": ""products_noncorner/anchor_a355f543644e15ec.json"", ""contamination_check_status"": ""passed"", ""operator_decision"": ""drop_corner_touching_refilled""}",2,medium
k02_noncorner_products_00174,"products_1,products_2,products_3,products_4",,,,llm_non_corner_refill,"{""reference_entity_ids"": [""k02_ent_000010"", ""k02_ent_000262"", ""k02_ent_000403"", ""k02_ent_000482"", ""k02_ent_000595""], ""selection_metric"": ""low_density_anchor"", ""prompt_version"": ""v1"", ""model_id"": ""gpt-5.4-mini"", ""cache_path"": ""products_noncorner/anchor_29bee28e3e43be09.json"", ""contamination_check_status"": ""passed"", ""operator_decision"": ""drop_corner_touching_refilled""}",2,medium
k02_noncorner_products_00175,"products_1,products_2,products_3,products_4",,,,llm_non_corner_refill,"{""reference_entity_ids"": [""k02_ent_000075"", ""k02_ent_000102"", ""k02_ent_000588"", ""k02_ent_000591"", ""k02_ent_000793""], ""selection_metric"": ""low_density_anchor"", ""prompt_version"": ""v1"", ""model_id"": ""gpt-5.4-mini"", ""cache_path"": ""products_noncorner/anchor_14d17cc1f4cf43ff.json"", ""contamination_check_status"": ""passed"", ""operator_decision"": ""drop_corner_touching_refilled""}",2,medium
k02_noncorner_products_00176,"products_1,products_2,products_3,products_4",,,,llm_non_corner_refill,"{""reference_entity_ids"": [""k02_ent_000130"", ""k02_ent_000478"", ""k02_ent_000591"", ""k02_ent_000787"", ""k02_ent_000793""], ""selection_metric"": ""low_density_anchor"", ""prompt_version"": ""v1"", ""model_id"": ""gpt-5.4-mini"", ""cache_path"": ""products_noncorner/anchor_489d1945dfe4e907.json"", ""contamination_check_status"": ""passed"", ""operator_decision"": ""drop_corner_touching_refilled""}",2,medium
k02_noncorner_products_00177,"products_1,products_2,products_3,products_4",,,,llm_non_corner_refill,"{""reference_entity_ids"": [""k02_ent_000108"", ""k02_ent_000340"", ""k02_ent_000403"", ""k02_ent_000482"", ""k02_ent_000793""], ""selection_metric"": ""low_density_anchor"", ""prompt_version"": ""v1"", ""model_id"": ""gpt-5.4-mini"", ""cache_path"": ""products_noncorner/anchor_4ff55d9470253e09.json"", ""contamination_check_status"": ""passed"", ""operator_decision"": ""drop_corner_touching_refilled""}",2,medium
k02_noncorner_products_00178,"products_1,products_2,products_3,products_4",,,,llm_non_corner_refill,"{""reference_entity_ids"": [""k02_ent_000468"", ""k02_ent_000482"", ""k02_ent_000588"", ""k02_ent_000701"", ""k02_ent_000803""], ""selection_metric"": ""low_density_anchor"", ""prompt_version"": ""v1"", ""model_id"": ""gpt-5.4-mini"", ""cache_path"": ""products_noncorner/anchor_26924424d7a57e5e.json"", ""contamination_check_status"": ""passed"", ""operator_decision"": ""drop_corner_touching_refilled""}",2,medium
k02_noncorner_products_00179,"products_1,products_2,products_3,products_4",,,,llm_non_corner_refill,"{""reference_entity_ids"": [""k02_ent_000010"", ""k02_ent_000163"", ""k02_ent_000403"", ""k02_ent_000591"", ""k02_ent_000602""], ""selection_metric"": ""low_density_anchor"", ""prompt_version"": ""v1"", ""model_id"": ""gpt-5.4-mini"", ""cache_path"": ""products_noncorner/anchor_ae5617831921134d.json"", ""contamination_check_status"": ""passed"", ""operator_decision"": ""drop_corner_touching_refilled""}",2,medium
k02_noncorner_products_00180,"products_1,products_2,products_3,products_4",,,,llm_non_corner_refill,"{""reference_entity_ids"": [""k02_ent_000163"", ""k02_ent_000262"", ""k02_ent_000340"", ""k02_ent_000403"", ""k02_ent_000482""], ""selection_metric"": ""low_density_anchor"", ""prompt_version"": ""v1"", ""model_id"": ""gpt-5.4-mini"", ""cache_path"": ""products_noncorner/anchor_c454640ba7b7bd07.json"", ""contamination_check_status"": ""passed"", ""operator_decision"": ""drop_corner_touching_refilled""}",2,medium
k02_noncorner_products_00181,"products_1,products_2,products_3,products_4",,,,llm_non_corner_refill,"{""reference_entity_ids"": [""k02_ent_000108"", ""k02_ent_000340"", ""k02_ent_000588"", ""k02_ent_000602"", ""k02_ent_000803""], ""selection_metric"": ""low_density_anchor"", ""prompt_version"": ""v1"", ""model_id"": ""gpt-5.4-mini"", ""cache_path"": ""products_noncorner/anchor_00d1a412033f8274.json"", ""contamination_check_status"": ""passed"", ""operator_decision"": ""drop_corner_touching_refilled""}",2,medium
k02_noncorner_products_00182,"products_1,products_2,products_3,products_4",,,,llm_non_corner_refill,"{""reference_entity_ids"": [""k02_ent_000130"", ""k02_ent_000468"", ""k02_ent_000595"", ""k02_ent_000787"", ""k02_ent_000793""], ""selection_metric"": ""low_density_anchor"", ""prompt_version"": ""v1"", ""model_id"": ""gpt-5.4-mini"", ""cache_path"": ""products_noncorner/anchor_c64a948f8e704d53.json"", ""contamination_check_status"": ""passed"", ""operator_decision"": ""drop_corner_touching_refilled""}",2,medium
k02_noncorner_products_00183,"products_1,products_2,products_3,products_4",,,,llm_non_corner_refill,"{""reference_entity_ids"": [""k02_ent_000075"", ""k02_ent_000102"", ""k02_ent_000468"", ""k02_ent_000602"", ""k02_ent_000787""], ""selection_metric"": ""low_density_anchor"", ""prompt_version"": ""v1"", ""model_id"": ""gpt-5.4-mini"", ""cache_path"": ""products_noncorner/anchor_b80e3dc2ce71f15c.json"", ""contamination_check_status"": ""passed"", ""operator_decision"": ""drop_corner_touching_refilled""}",2,medium
k02_noncorner_products_00184,"products_1,products_2,products_3,products_4",,,,llm_non_corner_refill,"{""reference_entity_ids"": [""k02_ent_000108"", ""k02_ent_000591"", ""k02_ent_000701"", ""k02_ent_000787"", ""k02_ent_000793""], ""selection_metric"": ""low_density_anchor"", ""prompt_version"": ""v1"", ""model_id"": ""gpt-5.4-mini"", ""cache_path"": ""products_noncorner/anchor_1cb9a99f051718f1.json"", ""contamination_check_status"": ""passed"", ""operator_decision"": ""drop_corner_touching_refilled""}",2,medium
k02_noncorner_products_00185,"products_1,products_2,products_3,products_4",,,,llm_non_corner_refill,"{""reference_entity_ids"": [""k02_ent_000262"", ""k02_ent_000595"", ""k02_ent_000701"", ""k02_ent_000793"", ""k02_ent_000803""], ""selection_metric"": ""low_density_anchor"", ""prompt_version"": ""v1"", ""model_id"": ""gpt-5.4-mini"", ""cache_path"": ""products_noncorner/anchor_5c64d746c3c0aa7e.json"", ""contamination_check_status"": ""passed"", ""operator_decision"": ""drop_corner_touching_refilled""}",2,medium
k02_noncorner_products_00186,"products_1,products_2,products_3,products_4",,,,llm_non_corner_refill,"{""reference_entity_ids"": [""k02_ent_000102"", ""k02_ent_000403"", ""k02_ent_000482"", ""k02_ent_000588"", ""k02_ent_000793""], ""selection_metric"": ""low_density_anchor"", ""prompt_version"": ""v1"", ""model_id"": ""gpt-5.4-mini"", ""cache_path"": ""products_noncorner/anchor_496370585161ea07.json"", ""contamination_check_status"": ""passed"", ""operator_decision"": ""drop_corner_touching_refilled""}",2,medium
k02_noncorner_products_00187,"products_1,products_2,products_3,products_4",,,,llm_non_corner_refill,"{""reference_entity_ids"": [""k02_ent_000102"", ""k02_ent_000262"", ""k02_ent_000468"", ""k02_ent_000478"", ""k02_ent_000588""], ""selection_metric"": ""low_density_anchor"", ""prompt_version"": ""v1"", ""model_id"": ""gpt-5.4-mini"", ""cache_path"": ""products_noncorner/anchor_b330db13d2246f8f.json"", ""contamination_check_status"": ""passed"", ""operator_decision"": ""drop_corner_touching_refilled""}",2,medium
k02_noncorner_products_00188,"products_1,products_2,products_3,products_4",,,,llm_non_corner_refill,"{""reference_entity_ids"": [""k02_ent_000010"", ""k02_ent_000075"", ""k02_ent_000163"", ""k02_ent_000478"", ""k02_ent_000602""], ""selection_metric"": ""low_density_anchor"", ""prompt_version"": ""v1"", ""model_id"": ""gpt-5.4-mini"", ""cache_path"": ""products_noncorner/anchor_9e7bb0a34f617acc.json"", ""contamination_check_status"": ""passed"", ""operator_decision"": ""drop_corner_touching_refilled""}",2,medium
k02_noncorner_products_00189,"products_1,products_2,products_3,products_4",,,,llm_non_corner_refill,"{""reference_entity_ids"": [""k02_ent_000010"", ""k02_ent_000262"", ""k02_ent_000588"", ""k02_ent_000591"", ""k02_ent_000793""], ""selection_metric"": ""low_density_anchor"", ""prompt_version"": ""v1"", ""model_id"": ""gpt-5.4-mini"", ""cache_path"": ""products_noncorner/anchor_cbd54853eab0ded4.json"", ""contamination_check_status"": ""passed"", ""operator_decision"": ""drop_corner_touching_refilled""}",2,medium
k02_noncorner_products_00190,"products_1,products_2,products_3,products_4",,,,llm_non_corner_refill,"{""reference_entity_ids"": [""k02_ent_000102"", ""k02_ent_000130"", ""k02_ent_000478"", ""k02_ent_000602"", ""k02_ent_000787""], ""selection_metric"": ""low_density_anchor"", ""prompt_version"": ""v1"", ""model_id"": ""gpt-5.4-mini"", ""cache_path"": ""products_noncorner/anchor_cffbc9c83eb8322b.json"", ""contamination_check_status"": ""passed"", ""operator_decision"": ""drop_corner_touching_refilled""}",2,medium
k02_noncorner_products_00191,"products_1,products_2,products_3,products_4",,,,llm_non_corner_refill,"{""reference_entity_ids"": [""k02_ent_000163"", ""k02_ent_000340"", ""k02_ent_000588"", ""k02_ent_000602"", ""k02_ent_000701""], ""selection_metric"": ""low_density_anchor"", ""prompt_version"": ""v1"", ""model_id"": ""gpt-5.4-mini"", ""cache_path"": ""products_noncorner/anchor_68cf513b5d2892eb.json"", ""contamination_check_status"": ""passed"", ""operator_decision"": ""drop_corner_touching_refilled""}",2,medium
k02_noncorner_products_00192,"products_1,products_2,products_3,products_4",,,,llm_non_corner_refill,"{""reference_entity_ids"": [""k02_ent_000163"", ""k02_ent_000262"", ""k02_ent_000340"", ""k02_ent_000478"", ""k02_ent_000787""], ""selection_metric"": ""low_density_anchor"", ""prompt_version"": ""v1"", ""model_id"": ""gpt-5.4-mini"", ""cache_path"": ""products_noncorner/anchor_65e1c11a8111a942.json"", ""contamination_check_status"": ""passed"", ""operator_decision"": ""drop_corner_touching_refilled""}",2,medium
k02_noncorner_products_00193,"products_1,products_2,products_3,products_4",,,,llm_non_corner_refill,"{""reference_entity_ids"": [""k02_ent_000075"", ""k02_ent_000102"", ""k02_ent_000403"", ""k02_ent_000602"", ""k02_ent_000803""], ""selection_metric"": ""low_density_anchor"", ""prompt_version"": ""v1"", ""model_id"": ""gpt-5.4-mini"", ""cache_path"": ""products_noncorner/anchor_5bbb77758c892de7.json"", ""contamination_check_status"": ""passed"", ""operator_decision"": ""drop_corner_touching_refilled""}",2,medium
k02_noncorner_products_00194,"products_1,products_2,products_3,products_4",,,,llm_non_corner_refill,"{""reference_entity_ids"": [""k02_ent_000075"", ""k02_ent_000102"", ""k02_ent_000108"", ""k02_ent_000482"", ""k02_ent_000787""], ""selection_metric"": ""low_density_anchor"", ""prompt_version"": ""v1"", ""model_id"": ""gpt-5.4-mini"", ""cache_path"": ""products_noncorner/anchor_ec6fe508577aeb2c.json"", ""contamination_check_status"": ""passed"", ""operator_decision"": ""drop_corner_touching_refilled""}",2,medium
k02_noncorner_products_00195,"products_1,products_2,products_3,products_4",,,,llm_non_corner_refill,"{""reference_entity_ids"": [""k02_ent_000468"", ""k02_ent_000478"", ""k02_ent_000588"", ""k02_ent_000595"", ""k02_ent_000787""], ""selection_metric"": ""low_density_anchor"", ""prompt_version"": ""v1"", ""model_id"": ""gpt-5.4-mini"", ""cache_path"": ""products_noncorner/anchor_36f33b0bb36d7ae1.json"", ""contamination_check_status"": ""passed"", ""operator_decision"": ""drop_corner_touching_refilled""}",2,medium
k02_noncorner_products_00196,"products_1,products_2,products_3,products_4",,,,llm_non_corner_refill,"{""reference_entity_ids"": [""k02_ent_000108"", ""k02_ent_000130"", ""k02_ent_000591"", ""k02_ent_000701"", ""k02_ent_000787""], ""selection_metric"": ""low_density_anchor"", ""prompt_version"": ""v1"", ""model_id"": ""gpt-5.4-mini"", ""cache_path"": ""products_noncorner/anchor_45363f82f6eb15f7.json"", ""contamination_check_status"": ""passed"", ""operator_decision"": ""drop_corner_touching_refilled""}",2,medium
k02_noncorner_products_00197,"products_1,products_2,products_3,products_4",,,,llm_non_corner_refill,"{""reference_entity_ids"": [""k02_ent_000010"", ""k02_ent_000262"", ""k02_ent_000468"", ""k02_ent_000588"", ""k02_ent_000701""], ""selection_metric"": ""low_density_anchor"", ""prompt_version"": ""v1"", ""model_id"": ""gpt-5.4-mini"", ""cache_path"": ""products_noncorner/anchor_34d173f7997e1612.json"", ""contamination_check_status"": ""passed"", ""operator_decision"": ""drop_corner_touching_refilled""}",2,medium
k02_noncorner_products_00198,"products_1,products_2,products_3,products_4",,,,llm_non_corner_refill,"{""reference_entity_ids"": [""k02_ent_000130"", ""k02_ent_000403"", ""k02_ent_000595"", ""k02_ent_000787"", ""k02_ent_000793""], ""selection_metric"": ""low_density_anchor"", ""prompt_version"": ""v1"", ""model_id"": ""gpt-5.4-mini"", ""cache_path"": ""products_noncorner/anchor_8b041bf4b0092ec6.json"", ""contamination_check_status"": ""passed"", ""operator_decision"": ""drop_corner_touching_refilled""}",2,medium
k02_noncorner_products_00199,"products_1,products_2,products_3,products_4",,,,llm_non_corner_refill,"{""reference_entity_ids"": [""k02_ent_000163"", ""k02_ent_000478"", ""k02_ent_000588"", ""k02_ent_000591"", ""k02_ent_000602""], ""selection_metric"": ""low_density_anchor"", ""prompt_version"": ""v1"", ""model_id"": ""gpt-5.4-mini"", ""cache_path"": ""products_noncorner/anchor_9807760fb5f98abe.json"", ""contamination_check_status"": ""passed"", ""operator_decision"": ""drop_corner_touching_refilled""}",2,medium
k02_noncorner_products_00200,"products_1,products_2,products_3,products_4",,,,llm_non_corner_refill,"{""reference_entity_ids"": [""k02_ent_000108"", ""k02_ent_000130"", ""k02_ent_000403"", ""k02_ent_000482"", ""k02_ent_000793""], ""selection_metric"": ""low_density_anchor"", ""prompt_version"": ""v1"", ""model_id"": ""gpt-5.4-mini"", ""cache_path"": ""products_noncorner/anchor_ac6663782800caba.json"", ""contamination_check_status"": ""passed"", ""operator_decision"": ""drop_corner_touching_refilled""}",2,medium
k02_noncorner_products_00201,"products_1,products_2,products_3,products_4",,,,llm_non_corner_refill,"{""reference_entity_ids"": [""k02_ent_000010"", ""k02_ent_000102"", ""k02_ent_000130"", ""k02_ent_000482"", ""k02_ent_000793""], ""selection_metric"": ""low_density_anchor"", ""prompt_version"": ""v1"", ""model_id"": ""gpt-5.4-mini"", ""cache_path"": ""products_noncorner/anchor_6df6c2c9a5e94ba4.json"", ""contamination_check_status"": ""passed"", ""operator_decision"": ""drop_corner_touching_refilled""}",2,medium
k02_noncorner_products_00202,"products_1,products_2,products_3,products_4",,,,llm_non_corner_refill,"{""reference_entity_ids"": [""k02_ent_000130"", ""k02_ent_000163"", ""k02_ent_000478"", ""k02_ent_000482"", ""k02_ent_000591""], ""selection_metric"": ""low_density_anchor"", ""prompt_version"": ""v1"", ""model_id"": ""gpt-5.4-mini"", ""cache_path"": ""products_noncorner/anchor_f763a40b06536d5d.json"", ""contamination_check_status"": ""passed"", ""operator_decision"": ""drop_corner_touching_refilled""}",2,medium
k02_noncorner_products_00203,"products_1,products_2,products_3,products_4",,,,llm_non_corner_refill,"{""reference_entity_ids"": [""k02_ent_000010"", ""k02_ent_000075"", ""k02_ent_000588"", ""k02_ent_000602"", ""k02_ent_000787""], ""selection_metric"": ""low_density_anchor"", ""prompt_version"": ""v1"", ""model_id"": ""gpt-5.4-mini"", ""cache_path"": ""products_noncorner/anchor_dcda82e2cee2fc2d.json"", ""contamination_check_status"": ""passed"", ""operator_decision"": ""drop_corner_touching_refilled""}",2,medium
k02_noncorner_products_00204,"products_1,products_2,products_3,products_4",,,,llm_non_corner_refill,"{""reference_entity_ids"": [""k02_ent_000010"", ""k02_ent_000130"", ""k02_ent_000591"", ""k02_ent_000602"", ""k02_ent_000787""], ""selection_metric"": ""low_density_anchor"", ""prompt_version"": ""v1"", ""model_id"": ""gpt-5.4-mini"", ""cache_path"": ""products_noncorner/anchor_d07e972023c4da61.json"", ""contamination_check_status"": ""passed"", ""operator_decision"": ""drop_corner_touching_refilled""}",2,medium
k02_noncorner_products_00205,"products_1,products_2,products_3,products_4",,,,llm_non_corner_refill,"{""reference_entity_ids"": [""k02_ent_000075"", ""k02_ent_000403"", ""k02_ent_000482"", ""k02_ent_000787"", ""k02_ent_000803""], ""selection_metric"": ""low_density_anchor"", ""prompt_version"": ""v1"", ""model_id"": ""gpt-5.4-mini"", ""cache_path"": ""products_noncorner/anchor_9838b67177012100.json"", ""contamination_check_status"": ""passed"", ""operator_decision"": ""drop_corner_touching_refilled""}",2,medium
k02_noncorner_products_00206,"products_1,products_2,products_3,products_4",,,,llm_non_corner_refill,"{""reference_entity_ids"": [""k02_ent_000262"", ""k02_ent_000340"", ""k02_ent_000403"", ""k02_ent_000482"", ""k02_ent_000803""], ""selection_metric"": ""low_density_anchor"", ""prompt_version"": ""v1"", ""model_id"": ""gpt-5.4-mini"", ""cache_path"": ""products_noncorner/anchor_ed6aae9c208de850.json"", ""contamination_check_status"": ""passed"", ""operator_decision"": ""drop_corner_touching_refilled""}",2,medium
k02_noncorner_products_00207,"products_1,products_2,products_3,products_4",,,,llm_non_corner_refill,"{""reference_entity_ids"": [""k02_ent_000262"", ""k02_ent_000482"", ""k02_ent_000591"", ""k02_ent_000595"", ""k02_ent_000793""], ""selection_metric"": ""low_density_anchor"", ""prompt_version"": ""v1"", ""model_id"": ""gpt-5.4-mini"", ""cache_path"": ""products_noncorner/anchor_d7840b122fd1dd8e.json"", ""contamination_check_status"": ""passed"", ""operator_decision"": ""drop_corner_touching_refilled""}",2,medium
k02_noncorner_products_00208,"products_1,products_2,products_3,products_4",,,,llm_non_corner_refill,"{""reference_entity_ids"": [""k02_ent_000102"", ""k02_ent_000130"", ""k02_ent_000163"", ""k02_ent_000262"", ""k02_ent_000468""], ""selection_metric"": ""low_density_anchor"", ""prompt_version"": ""v1"", ""model_id"": ""gpt-5.4-mini"", ""cache_path"": ""products_noncorner/anchor_858d3751cb714c7a.json"", ""contamination_check_status"": ""passed"", ""operator_decision"": ""drop_corner_touching_refilled""}",2,medium
k02_noncorner_products_00209,"products_1,products_2,products_3,products_4",,,,llm_non_corner_refill,"{""reference_entity_ids"": [""k02_ent_000130"", ""k02_ent_000468"", ""k02_ent_000588"", ""k02_ent_000701"", ""k02_ent_000793""], ""selection_metric"": ""low_density_anchor"", ""prompt_version"": ""v1"", ""model_id"": ""gpt-5.4-mini"", ""cache_path"": ""products_noncorner/anchor_a002b641745d44b1.json"", ""contamination_check_status"": ""passed"", ""operator_decision"": ""drop_corner_touching_refilled""}",2,medium
k02_noncorner_products_00210,"products_1,products_2,products_3,products_4",,,,llm_non_corner_refill,"{""reference_entity_ids"": [""k02_ent_000010"", ""k02_ent_000108"", ""k02_ent_000163"", ""k02_ent_000262"", ""k02_ent_000787""], ""selection_metric"": ""low_density_anchor"", ""prompt_version"": ""v1"", ""model_id"": ""gpt-5.4-mini"", ""cache_path"": ""products_noncorner/anchor_b95df46b456f6f0a.json"", ""contamination_check_status"": ""passed"", ""operator_decision"": ""drop_corner_touching_refilled""}",2,medium
k02_noncorner_products_00211,"products_1,products_2,products_3,products_4",,,,llm_non_corner_refill,"{""reference_entity_ids"": [""k02_ent_000468"", ""k02_ent_000482"", ""k02_ent_000591"", ""k02_ent_000595"", ""k02_ent_000602""], ""selection_metric"": ""low_density_anchor"", ""prompt_version"": ""v1"", ""model_id"": ""gpt-5.4-mini"", ""cache_path"": ""products_noncorner/anchor_6e6f87da178defab.json"", ""contamination_check_status"": ""passed"", ""operator_decision"": ""drop_corner_touching_refilled""}",2,medium
k02_noncorner_products_00212,"products_1,products_2,products_3,products_4",,,,llm_non_corner_refill,"{""reference_entity_ids"": [""k02_ent_000163"", ""k02_ent_000340"", ""k02_ent_000468"", ""k02_ent_000588"", ""k02_ent_000591""], ""selection_metric"": ""low_density_anchor"", ""prompt_version"": ""v1"", ""model_id"": ""gpt-5.4-mini"", ""cache_path"": ""products_noncorner/anchor_ff531dac69701362.json"", ""contamination_check_status"": ""passed"", ""operator_decision"": ""drop_corner_touching_refilled""}",2,medium
k02_noncorner_products_00213,"products_1,products_2,products_3,products_4",,,,llm_non_corner_refill,"{""reference_entity_ids"": [""k02_ent_000102"", ""k02_ent_000262"", ""k02_ent_000403"", ""k02_ent_000595"", ""k02_ent_000787""], ""selection_metric"": ""low_density_anchor"", ""prompt_version"": ""v1"", ""model_id"": ""gpt-5.4-mini"", ""cache_path"": ""products_noncorner/anchor_746cdc9246747ac0.json"", ""contamination_check_status"": ""passed"", ""operator_decision"": ""drop_corner_touching_refilled""}",2,medium
k02_noncorner_products_00214,"products_1,products_2,products_3,products_4",,,,llm_non_corner_refill,"{""reference_entity_ids"": [""k02_ent_000102"", ""k02_ent_000163"", ""k02_ent_000468"", ""k02_ent_000591"", ""k02_ent_000602""], ""selection_metric"": ""low_density_anchor"", ""prompt_version"": ""v1"", ""model_id"": ""gpt-5.4-mini"", ""cache_path"": ""products_noncorner/anchor_1de4b371edcc1949.json"", ""contamination_check_status"": ""passed"", ""operator_decision"": ""drop_corner_touching_refilled""}",2,medium
k02_noncorner_products_00215,"products_1,products_2,products_3,products_4",,,,llm_non_corner_refill,"{""reference_entity_ids"": [""k02_ent_000130"", ""k02_ent_000468"", ""k02_ent_000588"", ""k02_ent_000591"", ""k02_ent_000787""], ""selection_metric"": ""low_density_anchor"", ""prompt_version"": ""v1"", ""model_id"": ""gpt-5.4-mini"", ""cache_path"": ""products_noncorner/anchor_cf36f66aa7460959.json"", ""contamination_check_status"": ""passed"", ""operator_decision"": ""drop_corner_touching_refilled""}",2,medium
k02_noncorner_products_00216,"products_1,products_2,products_3,products_4",,,,llm_non_corner_refill,"{""reference_entity_ids"": [""k02_ent_000010"", ""k02_ent_000075"", ""k02_ent_000108"", ""k02_ent_000340"", ""k02_ent_000588""], ""selection_metric"": ""low_density_anchor"", ""prompt_version"": ""v1"", ""model_id"": ""gpt-5.4-mini"", ""cache_path"": ""products_noncorner/anchor_42a48359c32bfdd3.json"", ""contamination_check_status"": ""passed"", ""operator_decision"": ""drop_corner_touching_refilled""}",2,medium
k02_noncorner_products_00217,"products_1,products_2,products_3,products_4",,,,llm_non_corner_refill,"{""reference_entity_ids"": [""k02_ent_000010"", ""k02_ent_000075"", ""k02_ent_000163"", ""k02_ent_000340"", ""k02_ent_000482""], ""selection_metric"": ""low_density_anchor"", ""prompt_version"": ""v1"", ""model_id"": ""gpt-5.4-mini"", ""cache_path"": ""products_noncorner/anchor_760a00d88b903fb4.json"", ""contamination_check_status"": ""passed"", ""operator_decision"": ""drop_corner_touching_refilled""}",2,medium
k02_noncorner_products_00218,"products_1,products_2,products_3,products_4",,,,llm_non_corner_refill,"{""reference_entity_ids"": [""k02_ent_000075"", ""k02_ent_000102"", ""k02_ent_000478"", ""k02_ent_000482"", ""k02_ent_000591""], ""selection_metric"": ""low_density_anchor"", ""prompt_version"": ""v1"", ""model_id"": ""gpt-5.4-mini"", ""cache_path"": ""products_noncorner/anchor_0d907592f7a35374.json"", ""contamination_check_status"": ""passed"", ""operator_decision"": ""drop_corner_touching_refilled""}",2,medium
k02_noncorner_products_00219,"products_1,products_2,products_3,products_4",,,,llm_non_corner_refill,"{""reference_entity_ids"": [""k02_ent_000010"", ""k02_ent_000108"", ""k02_ent_000403"", ""k02_ent_000482"", ""k02_ent_000591""], ""selection_metric"": ""low_density_anchor"", ""prompt_version"": ""v1"", ""model_id"": ""gpt-5.4-mini"", ""cache_path"": ""products_noncorner/anchor_e9b367e1a09738a2.json"", ""contamination_check_status"": ""passed"", ""operator_decision"": ""drop_corner_touching_refilled""}",2,medium
k02_noncorner_products_00220,"products_1,products_2,products_3,products_4",,,,llm_non_corner_refill,"{""reference_entity_ids"": [""k02_ent_000010"", ""k02_ent_000075"", ""k02_ent_000595"", ""k02_ent_000602"", ""k02_ent_000701""], ""selection_metric"": ""low_density_anchor"", ""prompt_version"": ""v1"", ""model_id"": ""gpt-5.4-mini"", ""cache_path"": ""products_noncorner/anchor_4c1c27228090cbf6.json"", ""contamination_check_status"": ""passed"", ""operator_decision"": ""drop_corner_touching_refilled""}",2,medium
k02_noncorner_products_00221,"products_1,products_2,products_3,products_4",,,,llm_non_corner_refill,"{""reference_entity_ids"": [""k02_ent_000130"", ""k02_ent_000340"", ""k02_ent_000478"", ""k02_ent_000701"", ""k02_ent_000793""], ""selection_metric"": ""low_density_anchor"", ""prompt_version"": ""v1"", ""model_id"": ""gpt-5.4-mini"", ""cache_path"": ""products_noncorner/anchor_638f5ca98e6a9d67.json"", ""contamination_check_status"": ""passed"", ""operator_decision"": ""drop_corner_touching_refilled""}",2,medium
k02_noncorner_products_00222,"products_1,products_2,products_3,products_4",,,,llm_non_corner_refill,"{""reference_entity_ids"": [""k02_ent_000108"", ""k02_ent_000130"", ""k02_ent_000468"", ""k02_ent_000701"", ""k02_ent_000803""], ""selection_metric"": ""low_density_anchor"", ""prompt_version"": ""v1"", ""model_id"": ""gpt-5.4-mini"", ""cache_path"": ""products_noncorner/anchor_91f50f27188b3d70.json"", ""contamination_check_status"": ""passed"", ""operator_decision"": ""drop_corner_touching_refilled""}",2,medium
k02_noncorner_products_00223,"products_1,products_2,products_3,products_4",,,,llm_non_corner_refill,"{""reference_entity_ids"": [""k02_ent_000108"", ""k02_ent_000340"", ""k02_ent_000403"", ""k02_ent_000468"", ""k02_ent_000595""], ""selection_metric"": ""low_density_anchor"", ""prompt_version"": ""v1"", ""model_id"": ""gpt-5.4-mini"", ""cache_path"": ""products_noncorner/anchor_e41c752ef4e5cb6e.json"", ""contamination_check_status"": ""passed"", ""operator_decision"": ""drop_corner_touching_refilled""}",2,medium
k02_noncorner_products_00224,"products_1,products_2,products_3,products_4",,,,llm_non_corner_refill,"{""reference_entity_ids"": [""k02_ent_000588"", ""k02_ent_000602"", ""k02_ent_000787"", ""k02_ent_000793"", ""k02_ent_000803""], ""selection_metric"": ""low_density_anchor"", ""prompt_version"": ""v1"", ""model_id"": ""gpt-5.4-mini"", ""cache_path"": ""products_noncorner/anchor_f021787760a0735d.json"", ""contamination_check_status"": ""passed"", ""operator_decision"": ""drop_corner_touching_refilled""}",2,medium
k02_noncorner_products_00225,"products_1,products_2,products_3,products_4",,,,llm_non_corner_refill,"{""reference_entity_ids"": [""k02_ent_000075"", ""k02_ent_000262"", ""k02_ent_000468"", ""k02_ent_000591"", ""k02_ent_000602""], ""selection_metric"": ""low_density_anchor"", ""prompt_version"": ""v1"", ""model_id"": ""gpt-5.4-mini"", ""cache_path"": ""products_noncorner/anchor_8513578bae5eec14.json"", ""contamination_check_status"": ""passed"", ""operator_decision"": ""drop_corner_touching_refilled""}",2,medium
k02_noncorner_products_00226,"products_1,products_2,products_3,products_4",,,,llm_non_corner_refill,"{""reference_entity_ids"": [""k02_ent_000108"", ""k02_ent_000403"", ""k02_ent_000478"", ""k02_ent_000787"", ""k02_ent_000793""], ""selection_metric"": ""low_density_anchor"", ""prompt_version"": ""v1"", ""model_id"": ""gpt-5.4-mini"", ""cache_path"": ""products_noncorner/anchor_64265032a564dd7e.json"", ""contamination_check_status"": ""passed"", ""operator_decision"": ""drop_corner_touching_refilled""}",2,medium
k02_noncorner_products_00227,"products_1,products_2,products_3,products_4",,,,llm_non_corner_refill,"{""reference_entity_ids"": [""k02_ent_000010"", ""k02_ent_000163"", ""k02_ent_000468"", ""k02_ent_000478"", ""k02_ent_000787""], ""selection_metric"": ""low_density_anchor"", ""prompt_version"": ""v1"", ""model_id"": ""gpt-5.4-mini"", ""cache_path"": ""products_noncorner/anchor_fdbaccfee578ab9a.json"", ""contamination_check_status"": ""passed"", ""operator_decision"": ""drop_corner_touching_refilled""}",2,medium
k02_noncorner_products_00228,"products_1,products_2,products_3,products_4",,,,llm_non_corner_refill,"{""reference_entity_ids"": [""k02_ent_000075"", ""k02_ent_000130"", ""k02_ent_000482"", ""k02_ent_000591"", ""k02_ent_000595""], ""selection_metric"": ""low_density_anchor"", ""prompt_version"": ""v1"", ""model_id"": ""gpt-5.4-mini"", ""cache_path"": ""products_noncorner/anchor_1615f54c1bc52ecb.json"", ""contamination_check_status"": ""passed"", ""operator_decision"": ""drop_corner_touching_refilled""}",2,medium
k02_noncorner_products_00229,"products_1,products_2,products_3,products_4",,,,llm_non_corner_refill,"{""reference_entity_ids"": [""k02_ent_000102"", ""k02_ent_000108"", ""k02_ent_000340"", ""k02_ent_000602"", ""k02_ent_000787""], ""selection_metric"": ""low_density_anchor"", ""prompt_version"": ""v1"", ""model_id"": ""gpt-5.4-mini"", ""cache_path"": ""products_noncorner/anchor_d6101dcab1cad1ad.json"", ""contamination_check_status"": ""passed"", ""operator_decision"": ""drop_corner_touching_refilled""}",2,medium
k02_noncorner_products_00230,"products_1,products_2,products_3,products_4",,,,llm_non_corner_refill,"{""reference_entity_ids"": [""k02_ent_000262"", ""k02_ent_000478"", ""k02_ent_000588"", ""k02_ent_000595"", ""k02_ent_000793""], ""selection_metric"": ""low_density_anchor"", ""prompt_version"": ""v1"", ""model_id"": ""gpt-5.4-mini"", ""cache_path"": ""products_noncorner/anchor_356f52100ed727e7.json"", ""contamination_check_status"": ""passed"", ""operator_decision"": ""drop_corner_touching_refilled""}",2,medium
k02_noncorner_products_00231,"products_1,products_2,products_3,products_4",,,,llm_non_corner_refill,"{""reference_entity_ids"": [""k02_ent_000262"", ""k02_ent_000468"", ""k02_ent_000595"", ""k02_ent_000793"", ""k02_ent_000803""], ""selection_metric"": ""low_density_anchor"", ""prompt_version"": ""v1"", ""model_id"": ""gpt-5.4-mini"", ""cache_path"": ""products_noncorner/anchor_5079dc212493497e.json"", ""contamination_check_status"": ""passed"", ""operator_decision"": ""drop_corner_touching_refilled""}",2,medium
k02_noncorner_products_00232,"products_1,products_2,products_3,products_4",,,,llm_non_corner_refill,"{""reference_entity_ids"": [""k02_ent_000010"", ""k02_ent_000102"", ""k02_ent_000262"", ""k02_ent_000340"", ""k02_ent_000588""], ""selection_metric"": ""low_density_anchor"", ""prompt_version"": ""v1"", ""model_id"": ""gpt-5.4-mini"", ""cache_path"": ""products_noncorner/anchor_b612d5ae8a96dc84.json"", ""contamination_check_status"": ""passed"", ""operator_decision"": ""drop_corner_touching_refilled""}",2,medium
k02_noncorner_products_00233,"products_1,products_2,products_3,products_4",,,,llm_non_corner_refill,"{""reference_entity_ids"": [""k02_ent_000102"", ""k02_ent_000108"", ""k02_ent_000130"", ""k02_ent_000482"", ""k02_ent_000591""], ""selection_metric"": ""low_density_anchor"", ""prompt_version"": ""v1"", ""model_id"": ""gpt-5.4-mini"", ""cache_path"": ""products_noncorner/anchor_616d0eb38663bdf4.json"", ""contamination_check_status"": ""passed"", ""operator_decision"": ""drop_corner_touching_refilled""}",2,medium
k02_noncorner_products_00234,"products_1,products_2,products_3,products_4",,,,llm_non_corner_refill,"{""reference_entity_ids"": [""k02_ent_000010"", ""k02_ent_000108"", ""k02_ent_000403"", ""k02_ent_000591"", ""k02_ent_000787""], ""selection_metric"": ""low_density_anchor"", ""prompt_version"": ""v1"", ""model_id"": ""gpt-5.4-mini"", ""cache_path"": ""products_noncorner/anchor_8bbe7503ce29f70b.json"", ""contamination_check_status"": ""passed"", ""operator_decision"": ""drop_corner_touching_refilled""}",2,medium
k02_noncorner_products_00235,"products_1,products_2,products_3,products_4",,,,llm_non_corner_refill,"{""reference_entity_ids"": [""k02_ent_000010"", ""k02_ent_000130"", ""k02_ent_000163"", ""k02_ent_000482"", ""k02_ent_000793""], ""selection_metric"": ""low_density_anchor"", ""prompt_version"": ""v1"", ""model_id"": ""gpt-5.4-mini"", ""cache_path"": ""products_noncorner/anchor_758bcdf818504cab.json"", ""contamination_check_status"": ""passed"", ""operator_decision"": ""drop_corner_touching_refilled""}",2,medium
k02_noncorner_products_00236,"products_1,products_2,products_3,products_4",,,,llm_non_corner_refill,"{""reference_entity_ids"": [""k02_ent_000403"", ""k02_ent_000468"", ""k02_ent_000482"", ""k02_ent_000787"", ""k02_ent_000793""], ""selection_metric"": ""low_density_anchor"", ""prompt_version"": ""v1"", ""model_id"": ""gpt-5.4-mini"", ""cache_path"": ""products_noncorner/anchor_411d6441d98dc6e0.json"", ""contamination_check_status"": ""passed"", ""operator_decision"": ""drop_corner_touching_refilled""}",2,medium
k02_noncorner_products_00237,"products_1,products_2,products_3,products_4",,,,llm_non_corner_refill,"{""reference_entity_ids"": [""k02_ent_000010"", ""k02_ent_000075"", ""k02_ent_000403"", ""k02_ent_000478"", ""k02_ent_000482""], ""selection_metric"": ""low_density_anchor"", ""prompt_version"": ""v1"", ""model_id"": ""gpt-5.4-mini"", ""cache_path"": ""products_noncorner/anchor_91ddd0af68883c32.json"", ""contamination_check_status"": ""passed"", ""operator_decision"": ""drop_corner_touching_refilled""}",2,medium
k02_noncorner_products_00238,"products_1,products_2,products_3,products_4",,,,llm_non_corner_refill,"{""reference_entity_ids"": [""k02_ent_000010"", ""k02_ent_000075"", ""k02_ent_000403"", ""k02_ent_000478"", ""k02_ent_000591""], ""selection_metric"": ""low_density_anchor"", ""prompt_version"": ""v1"", ""model_id"": ""gpt-5.4-mini"", ""cache_path"": ""products_noncorner/anchor_db56715221815f43.json"", ""contamination_check_status"": ""passed"", ""operator_decision"": ""drop_corner_touching_refilled""}",2,medium
k02_noncorner_products_00239,"products_1,products_2,products_3,products_4",,,,llm_non_corner_refill,"{""reference_entity_ids"": [""k02_ent_000102"", ""k02_ent_000403"", ""k02_ent_000468"", ""k02_ent_000478"", ""k02_ent_000595""], ""selection_metric"": ""low_density_anchor"", ""prompt_version"": ""v1"", ""model_id"": ""gpt-5.4-mini"", ""cache_path"": ""products_noncorner/anchor_5d3f46a0c644dd54.json"", ""contamination_check_status"": ""passed"", ""operator_decision"": ""drop_corner_touching_refilled""}",2,medium
k02_noncorner_products_00240,"products_1,products_2,products_3,products_4",,,,llm_non_corner_refill,"{""reference_entity_ids"": [""k02_ent_000010"", ""k02_ent_000102"", ""k02_ent_000262"", ""k02_ent_000482"", ""k02_ent_000787""], ""selection_metric"": ""low_density_anchor"", ""prompt_version"": ""v1"", ""model_id"": ""gpt-5.4-mini"", ""cache_path"": ""products_noncorner/anchor_9d57c8e1cd2ff01b.json"", ""contamination_check_status"": ""passed"", ""operator_decision"": ""drop_corner_touching_refilled""}",2,medium
k02_noncorner_products_00241,"products_1,products_2,products_3,products_4",,,,llm_non_corner_refill,"{""reference_entity_ids"": [""k02_ent_000102"", ""k02_ent_000588"", ""k02_ent_000595"", ""k02_ent_000602"", ""k02_ent_000803""], ""selection_metric"": ""low_density_anchor"", ""prompt_version"": ""v1"", ""model_id"": ""gpt-5.4-mini"", ""cache_path"": ""products_noncorner/anchor_14433172d482acc4.json"", ""contamination_check_status"": ""passed"", ""operator_decision"": ""drop_corner_touching_refilled""}",2,medium
k02_noncorner_products_00242,"products_1,products_2,products_3,products_4",,,,llm_non_corner_refill,"{""reference_entity_ids"": [""k02_ent_000075"", ""k02_ent_000163"", ""k02_ent_000340"", ""k02_ent_000482"", ""k02_ent_000591""], ""selection_metric"": ""low_density_anchor"", ""prompt_version"": ""v1"", ""model_id"": ""gpt-5.4-mini"", ""cache_path"": ""products_noncorner/anchor_d52d976de2b041e4.json"", ""contamination_check_status"": ""passed"", ""operator_decision"": ""drop_corner_touching_refilled""}",2,medium
k02_noncorner_products_00243,"products_1,products_2,products_3,products_4",,,,llm_non_corner_refill,"{""reference_entity_ids"": [""k02_ent_000075"", ""k02_ent_000130"", ""k02_ent_000403"", ""k02_ent_000701"", ""k02_ent_000787""], ""selection_metric"": ""low_density_anchor"", ""prompt_version"": ""v1"", ""model_id"": ""gpt-5.4-mini"", ""cache_path"": ""products_noncorner/anchor_b1e90d540d559df0.json"", ""contamination_check_status"": ""passed"", ""operator_decision"": ""drop_corner_touching_refilled""}",2,medium
k02_noncorner_products_00244,"products_1,products_2,products_3,products_4",,,,llm_non_corner_refill,"{""reference_entity_ids"": [""k02_ent_000010"", ""k02_ent_000163"", ""k02_ent_000482"", ""k02_ent_000602"", ""k02_ent_000803""], ""selection_metric"": ""low_density_anchor"", ""prompt_version"": ""v1"", ""model_id"": ""gpt-5.4-mini"", ""cache_path"": ""products_noncorner/anchor_8c16081454dc471a.json"", ""contamination_check_status"": ""passed"", ""operator_decision"": ""drop_corner_touching_refilled""}",2,medium
k02_noncorner_products_00245,"products_1,products_2,products_3,products_4",,,,llm_non_corner_refill,"{""reference_entity_ids"": [""k02_ent_000010"", ""k02_ent_000102"", ""k02_ent_000403"", ""k02_ent_000478"", ""k02_ent_000482""], ""selection_metric"": ""low_density_anchor"", ""prompt_version"": ""v1"", ""model_id"": ""gpt-5.4-mini"", ""cache_path"": ""products_noncorner/anchor_4a1124815c503b07.json"", ""contamination_check_status"": ""passed"", ""operator_decision"": ""drop_corner_touching_refilled""}",2,medium
k02_noncorner_products_00246,"products_1,products_2,products_3,products_4",,,,llm_non_corner_refill,"{""reference_entity_ids"": [""k02_ent_000075"", ""k02_ent_000468"", ""k02_ent_000588"", ""k02_ent_000602"", ""k02_ent_000793""], ""selection_metric"": ""low_density_anchor"", ""prompt_version"": ""v1"", ""model_id"": ""gpt-5.4-mini"", ""cache_path"": ""products_noncorner/anchor_be899523a2a17262.json"", ""contamination_check_status"": ""passed"", ""operator_decision"": ""drop_corner_touching_refilled""}",2,medium
k02_noncorner_products_00247,"products_1,products_2,products_3,products_4",,,,llm_non_corner_refill,"{""reference_entity_ids"": [""k02_ent_000468"", ""k02_ent_000588"", ""k02_ent_000591"", ""k02_ent_000595"", ""k02_ent_000602""], ""selection_metric"": ""low_density_anchor"", ""prompt_version"": ""v1"", ""model_id"": ""gpt-5.4-mini"", ""cache_path"": ""products_noncorner/anchor_f822761541dc5b5e.json"", ""contamination_check_status"": ""passed"", ""operator_decision"": ""drop_corner_touching_refilled""}",2,medium
k02_noncorner_products_00248,"products_1,products_2,products_3,products_4",,,,llm_non_corner_refill,"{""reference_entity_ids"": [""k02_ent_000108"", ""k02_ent_000340"", ""k02_ent_000403"", ""k02_ent_000787"", ""k02_ent_000793""], ""selection_metric"": ""low_density_anchor"", ""prompt_version"": ""v1"", ""model_id"": ""gpt-5.4-mini"", ""cache_path"": ""products_noncorner/anchor_5b0d2a79a452807b.json"", ""contamination_check_status"": ""passed"", ""operator_decision"": ""drop_corner_touching_refilled""}",2,medium
k02_noncorner_products_00249,"products_1,products_2,products_3,products_4",,,,llm_non_corner_refill,"{""reference_entity_ids"": [""k02_ent_000163"", ""k02_ent_000340"", ""k02_ent_000588"", ""k02_ent_000602"", ""k02_ent_000793""], ""selection_metric"": ""low_density_anchor"", ""prompt_version"": ""v1"", ""model_id"": ""gpt-5.4-mini"", ""cache_path"": ""products_noncorner/anchor_b4fb37dc46e8f0bf.json"", ""contamination_check_status"": ""passed"", ""operator_decision"": ""drop_corner_touching_refilled""}",2,medium
k02_noncorner_products_00250,"products_1,products_2,products_3,products_4",,,,llm_non_corner_refill,"{""reference_entity_ids"": [""k02_ent_000075"", ""k02_ent_000482"", ""k02_ent_000588"", ""k02_ent_000591"", ""k02_ent_000595""], ""selection_metric"": ""low_density_anchor"", ""prompt_version"": ""v1"", ""model_id"": ""gpt-5.4-mini"", ""cache_path"": ""products_noncorner/anchor_69d5073335c7932b.json"", ""contamination_check_status"": ""passed"", ""operator_decision"": ""drop_corner_touching_refilled""}",2,medium
k02_noncorner_products_00251,"products_1,products_2,products_3,products_4",,,,llm_non_corner_refill,"{""reference_entity_ids"": [""k02_ent_000102"", ""k02_ent_000108"", ""k02_ent_000163"", ""k02_ent_000595"", ""k02_ent_000701""], ""selection_metric"": ""low_density_anchor"", ""prompt_version"": ""v1"", ""model_id"": ""gpt-5.4-mini"", ""cache_path"": ""products_noncorner/anchor_18e48466c4dbbf5b.json"", ""contamination_check_status"": ""passed"", ""operator_decision"": ""drop_corner_touching_refilled""}",2,medium
k02_noncorner_products_00252,"products_1,products_2,products_3,products_4",,,,llm_non_corner_refill,"{""reference_entity_ids"": [""k02_ent_000108"", ""k02_ent_000130"", ""k02_ent_000595"", ""k02_ent_000787"", ""k02_ent_000803""], ""selection_metric"": ""low_density_anchor"", ""prompt_version"": ""v1"", ""model_id"": ""gpt-5.4-mini"", ""cache_path"": ""products_noncorner/anchor_61280c81863d9bac.json"", ""contamination_check_status"": ""passed"", ""operator_decision"": ""drop_corner_touching_refilled""}",2,medium
k02_noncorner_products_00253,"products_1,products_2,products_3,products_4",,,,llm_non_corner_refill,"{""reference_entity_ids"": [""k02_ent_000075"", ""k02_ent_000102"", ""k02_ent_000482"", ""k02_ent_000701"", ""k02_ent_000803""], ""selection_metric"": ""low_density_anchor"", ""prompt_version"": ""v1"", ""model_id"": ""gpt-5.4-mini"", ""cache_path"": ""products_noncorner/anchor_cf0d9a067eafd026.json"", ""contamination_check_status"": ""passed"", ""operator_decision"": ""drop_corner_touching_refilled""}",2,medium
k02_noncorner_products_00254,"products_1,products_2,products_3,products_4",,,,llm_non_corner_refill,"{""reference_entity_ids"": [""k02_ent_000468"", ""k02_ent_000478"", ""k02_ent_000591"", ""k02_ent_000701"", ""k02_ent_000803""], ""selection_metric"": ""low_density_anchor"", ""prompt_version"": ""v1"", ""model_id"": ""gpt-5.4-mini"", ""cache_path"": ""products_noncorner/anchor_8b7ed0f96e0d63cd.json"", ""contamination_check_status"": ""passed"", ""operator_decision"": ""drop_corner_touching_refilled""}",2,medium
k02_noncorner_products_00255,"products_1,products_2,products_3,products_4",,,,llm_non_corner_refill,"{""reference_entity_ids"": [""k02_ent_000102"", ""k02_ent_000403"", ""k02_ent_000482"", ""k02_ent_000595"", ""k02_ent_000602""], ""selection_metric"": ""low_density_anchor"", ""prompt_version"": ""v1"", ""model_id"": ""gpt-5.4-mini"", ""cache_path"": ""products_noncorner/anchor_bcfc48d2fb889dfd.json"", ""contamination_check_status"": ""passed"", ""operator_decision"": ""drop_corner_touching_refilled""}",2,medium
k02_noncorner_products_00256,"products_1,products_2,products_3,products_4",,,,llm_non_corner_refill,"{""reference_entity_ids"": [""k02_ent_000010"", ""k02_ent_000468"", ""k02_ent_000602"", ""k02_ent_000787"", ""k02_ent_000803""], ""selection_metric"": ""low_density_anchor"", ""prompt_version"": ""v1"", ""model_id"": ""gpt-5.4-mini"", ""cache_path"": ""products_noncorner/anchor_92ec7ee5338a410c.json"", ""contamination_check_status"": ""passed"", ""operator_decision"": ""drop_corner_touching_refilled""}",2,medium
k02_noncorner_products_00257,"products_1,products_2,products_3,products_4",,,,llm_non_corner_refill,"{""reference_entity_ids"": [""k02_ent_000130"", ""k02_ent_000403"", ""k02_ent_000468"", ""k02_ent_000478"", ""k02_ent_000602""], ""selection_metric"": ""low_density_anchor"", ""prompt_version"": ""v1"", ""model_id"": ""gpt-5.4-mini"", ""cache_path"": ""products_noncorner/anchor_cd8d9b357fd0e81d.json"", ""contamination_check_status"": ""passed"", ""operator_decision"": ""drop_corner_touching_refilled""}",2,medium
k02_noncorner_products_00258,"products_1,products_2,products_3,products_4",,,,llm_non_corner_refill,"{""reference_entity_ids"": [""k02_ent_000163"", ""k02_ent_000478"", ""k02_ent_000588"", ""k02_ent_000595"", ""k02_ent_000787""], ""selection_metric"": ""low_density_anchor"", ""prompt_version"": ""v1"", ""model_id"": ""gpt-5.4-mini"", ""cache_path"": ""products_noncorner/anchor_36dc3fe77fa94c11.json"", ""contamination_check_status"": ""passed"", ""operator_decision"": ""drop_corner_touching_refilled""}",2,medium
k02_noncorner_products_00259,"products_1,products_2,products_3,products_4",,,,llm_non_corner_refill,"{""reference_entity_ids"": [""k02_ent_000075"", ""k02_ent_000130"", ""k02_ent_000262"", ""k02_ent_000468"", ""k02_ent_000793""], ""selection_metric"": ""low_density_anchor"", ""prompt_version"": ""v1"", ""model_id"": ""gpt-5.4-mini"", ""cache_path"": ""products_noncorner/anchor_a21a7674d03f9e8e.json"", ""contamination_check_status"": ""passed"", ""operator_decision"": ""drop_corner_touching_refilled""}",2,medium
k02_noncorner_products_00260,"products_1,products_2,products_3,products_4",,,,llm_non_corner_refill,"{""reference_entity_ids"": [""k02_ent_000478"", ""k02_ent_000482"", ""k02_ent_000701"", ""k02_ent_000793"", ""k02_ent_000803""], ""selection_metric"": ""low_density_anchor"", ""prompt_version"": ""v1"", ""model_id"": ""gpt-5.4-mini"", ""cache_path"": ""products_noncorner/anchor_d00e9e0941970a0f.json"", ""contamination_check_status"": ""passed"", ""operator_decision"": ""drop_corner_touching_refilled""}",2,medium
k02_noncorner_products_00261,"products_1,products_2,products_3,products_4",,,,llm_non_corner_refill,"{""reference_entity_ids"": [""k02_ent_000163"", ""k02_ent_000340"", ""k02_ent_000588"", ""k02_ent_000591"", ""k02_ent_000787""], ""selection_metric"": ""low_density_anchor"", ""prompt_version"": ""v1"", ""model_id"": ""gpt-5.4-mini"", ""cache_path"": ""products_noncorner/anchor_77ea616dbfa33723.json"", ""contamination_check_status"": ""passed"", ""operator_decision"": ""drop_corner_touching_refilled""}",2,medium
k02_noncorner_products_00262,"products_1,products_2,products_3,products_4",,,,llm_non_corner_refill,"{""reference_entity_ids"": [""k02_ent_000102"", ""k02_ent_000468"", ""k02_ent_000482"", ""k02_ent_000793"", ""k02_ent_000803""], ""selection_metric"": ""low_density_anchor"", ""prompt_version"": ""v1"", ""model_id"": ""gpt-5.4-mini"", ""cache_path"": ""products_noncorner/anchor_e7d72e302cce5c2c.json"", ""contamination_check_status"": ""passed"", ""operator_decision"": ""drop_corner_touching_refilled""}",2,medium
k02_noncorner_products_00263,"products_1,products_2,products_3,products_4",,,,llm_non_corner_refill,"{""reference_entity_ids"": [""k02_ent_000010"", ""k02_ent_000108"", ""k02_ent_000262"", ""k02_ent_000591"", ""k02_ent_000803""], ""selection_metric"": ""low_density_anchor"", ""prompt_version"": ""v1"", ""model_id"": ""gpt-5.4-mini"", ""cache_path"": ""products_noncorner/anchor_50f5304b8486a23c.json"", ""contamination_check_status"": ""passed"", ""operator_decision"": ""drop_corner_touching_refilled""}",2,medium
k02_noncorner_products_00264,"products_1,products_2,products_3,products_4",,,,llm_non_corner_refill,"{""reference_entity_ids"": [""k02_ent_000010"", ""k02_ent_000403"", ""k02_ent_000588"", ""k02_ent_000591"", ""k02_ent_000602""], ""selection_metric"": ""low_density_anchor"", ""prompt_version"": ""v1"", ""model_id"": ""gpt-5.4-mini"", ""cache_path"": ""products_noncorner/anchor_b3408feace9bff26.json"", ""contamination_check_status"": ""passed"", ""operator_decision"": ""drop_corner_touching_refilled""}",2,medium
k02_noncorner_products_00265,"products_1,products_2,products_3,products_4",,,,llm_non_corner_refill,"{""reference_entity_ids"": [""k02_ent_000010"", ""k02_ent_000108"", ""k02_ent_000262"", ""k02_ent_000482"", ""k02_ent_000793""], ""selection_metric"": ""low_density_anchor"", ""prompt_version"": ""v1"", ""model_id"": ""gpt-5.4-mini"", ""cache_path"": ""products_noncorner/anchor_47d0a375e6be9a58.json"", ""contamination_check_status"": ""passed"", ""operator_decision"": ""drop_corner_touching_refilled""}",2,medium
k02_noncorner_products_00266,"products_1,products_2,products_3,products_4",,,,llm_non_corner_refill,"{""reference_entity_ids"": [""k02_ent_000102"", ""k02_ent_000130"", ""k02_ent_000163"", ""k02_ent_000478"", ""k02_ent_000602""], ""selection_metric"": ""low_density_anchor"", ""prompt_version"": ""v1"", ""model_id"": ""gpt-5.4-mini"", ""cache_path"": ""products_noncorner/anchor_ee0a61aa84149dba.json"", ""contamination_check_status"": ""passed"", ""operator_decision"": ""drop_corner_touching_refilled""}",2,medium
k02_noncorner_products_00267,"products_1,products_2,products_3,products_4",,,,llm_non_corner_refill,"{""reference_entity_ids"": [""k02_ent_000075"", ""k02_ent_000108"", ""k02_ent_000130"", ""k02_ent_000163"", ""k02_ent_000595""], ""selection_metric"": ""low_density_anchor"", ""prompt_version"": ""v1"", ""model_id"": ""gpt-5.4-mini"", ""cache_path"": ""products_noncorner/anchor_605c2210731a0693.json"", ""contamination_check_status"": ""passed"", ""operator_decision"": ""drop_corner_touching_refilled""}",2,medium
k02_noncorner_products_00268,"products_1,products_2,products_3,products_4",,,,llm_non_corner_refill,"{""reference_entity_ids"": [""k02_ent_000010"", ""k02_ent_000102"", ""k02_ent_000108"", ""k02_ent_000468"", ""k02_ent_000591""], ""selection_metric"": ""low_density_anchor"", ""prompt_version"": ""v1"", ""model_id"": ""gpt-5.4-mini"", ""cache_path"": ""products_noncorner/anchor_d6168e5d6f1e4383.json"", ""contamination_check_status"": ""passed"", ""operator_decision"": ""drop_corner_touching_refilled""}",2,medium
k02_noncorner_products_00269,"products_1,products_2,products_3,products_4",,,,llm_non_corner_refill,"{""reference_entity_ids"": [""k02_ent_000075"", ""k02_ent_000102"", ""k02_ent_000130"", ""k02_ent_000262"", ""k02_ent_000793""], ""selection_metric"": ""low_density_anchor"", ""prompt_version"": ""v1"", ""model_id"": ""gpt-5.4-mini"", ""cache_path"": ""products_noncorner/anchor_f8ce155ded8a90a1.json"", ""contamination_check_status"": ""passed"", ""operator_decision"": ""drop_corner_touching_refilled""}",2,medium
k02_noncorner_products_00270,"products_1,products_2,products_3,products_4",,,,llm_non_corner_refill,"{""reference_entity_ids"": [""k02_ent_000010"", ""k02_ent_000102"", ""k02_ent_000163"", ""k02_ent_000340"", ""k02_ent_000403""], ""selection_metric"": ""low_density_anchor"", ""prompt_version"": ""v1"", ""model_id"": ""gpt-5.4-mini"", ""cache_path"": ""products_noncorner/anchor_3bd541f502d912b2.json"", ""contamination_check_status"": ""passed"", ""operator_decision"": ""drop_corner_touching_refilled""}",2,medium
k02_noncorner_products_00271,"products_1,products_2,products_3,products_4",,,,llm_non_corner_refill,"{""reference_entity_ids"": [""k02_ent_000075"", ""k02_ent_000130"", ""k02_ent_000262"", ""k02_ent_000595"", ""k02_ent_000803""], ""selection_metric"": ""low_density_anchor"", ""prompt_version"": ""v1"", ""model_id"": ""gpt-5.4-mini"", ""cache_path"": ""products_noncorner/anchor_3a120f9c4c646e0b.json"", ""contamination_check_status"": ""passed"", ""operator_decision"": ""drop_corner_touching_refilled""}",2,medium
k02_noncorner_products_00272,"products_1,products_2,products_3,products_4",,,,llm_non_corner_refill,"{""reference_entity_ids"": [""k02_ent_000010"", ""k02_ent_000075"", ""k02_ent_000102"", ""k02_ent_000108"", ""k02_ent_000468""], ""selection_metric"": ""low_density_anchor"", ""prompt_version"": ""v1"", ""model_id"": ""gpt-5.4-mini"", ""cache_path"": ""products_noncorner/anchor_356d623c3aaa9d84.json"", ""contamination_check_status"": ""passed"", ""operator_decision"": ""drop_corner_touching_refilled""}",2,medium
k02_noncorner_products_00273,"products_1,products_2,products_3,products_4",,,,llm_non_corner_refill,"{""reference_entity_ids"": [""k02_ent_000102"", ""k02_ent_000340"", ""k02_ent_000595"", ""k02_ent_000787"", ""k02_ent_000793""], ""selection_metric"": ""low_density_anchor"", ""prompt_version"": ""v1"", ""model_id"": ""gpt-5.4-mini"", ""cache_path"": ""products_noncorner/anchor_8fc82a74288b9dbf.json"", ""contamination_check_status"": ""passed"", ""operator_decision"": ""drop_corner_touching_refilled""}",2,medium
k02_noncorner_products_00274,"products_1,products_2,products_3,products_4",,,,llm_non_corner_refill,"{""reference_entity_ids"": [""k02_ent_000102"", ""k02_ent_000108"", ""k02_ent_000130"", ""k02_ent_000478"", ""k02_ent_000787""], ""selection_metric"": ""low_density_anchor"", ""prompt_version"": ""v1"", ""model_id"": ""gpt-5.4-mini"", ""cache_path"": ""products_noncorner/anchor_5e491398443d6091.json"", ""contamination_check_status"": ""passed"", ""operator_decision"": ""drop_corner_touching_refilled""}",2,medium
k02_noncorner_products_00275,"products_1,products_2,products_3,products_4",,,,llm_non_corner_refill,"{""reference_entity_ids"": [""k02_ent_000102"", ""k02_ent_000403"", ""k02_ent_000595"", ""k02_ent_000602"", ""k02_ent_000701""], ""selection_metric"": ""low_density_anchor"", ""prompt_version"": ""v1"", ""model_id"": ""gpt-5.4-mini"", ""cache_path"": ""products_noncorner/anchor_f8edc57ed30c868a.json"", ""contamination_check_status"": ""passed"", ""operator_decision"": ""drop_corner_touching_refilled""}",2,medium
k02_noncorner_products_00276,"products_1,products_2,products_3,products_4",,,,llm_non_corner_refill,"{""reference_entity_ids"": [""k02_ent_000102"", ""k02_ent_000130"", ""k02_ent_000482"", ""k02_ent_000588"", ""k02_ent_000602""], ""selection_metric"": ""low_density_anchor"", ""prompt_version"": ""v1"", ""model_id"": ""gpt-5.4-mini"", ""cache_path"": ""products_noncorner/anchor_c974edb379fa646b.json"", ""contamination_check_status"": ""passed"", ""operator_decision"": ""drop_corner_touching_refilled""}",2,medium
k02_noncorner_products_00277,"products_1,products_2,products_3,products_4",,,,llm_non_corner_refill,"{""reference_entity_ids"": [""k02_ent_000010"", ""k02_ent_000130"", ""k02_ent_000340"", ""k02_ent_000468"", ""k02_ent_000793""], ""selection_metric"": ""low_density_anchor"", ""prompt_version"": ""v1"", ""model_id"": ""gpt-5.4-mini"", ""cache_path"": ""products_noncorner/anchor_294d3cbb4d6524f0.json"", ""contamination_check_status"": ""passed"", ""operator_decision"": ""drop_corner_touching_refilled""}",2,medium
k02_noncorner_products_00278,"products_1,products_2,products_3,products_4",,,,llm_non_corner_refill,"{""reference_entity_ids"": [""k02_ent_000130"", ""k02_ent_000163"", ""k02_ent_000403"", ""k02_ent_000482"", ""k02_ent_000595""], ""selection_metric"": ""low_density_anchor"", ""prompt_version"": ""v1"", ""model_id"": ""gpt-5.4-mini"", ""cache_path"": ""products_noncorner/anchor_bc24f70b73b71fb6.json"", ""contamination_check_status"": ""passed"", ""operator_decision"": ""drop_corner_touching_refilled""}",2,medium
k02_noncorner_products_00279,"products_1,products_2,products_3,products_4",,,,llm_non_corner_refill,"{""reference_entity_ids"": [""k02_ent_000075"", ""k02_ent_000130"", ""k02_ent_000602"", ""k02_ent_000793"", ""k02_ent_000803""], ""selection_metric"": ""low_density_anchor"", ""prompt_version"": ""v1"", ""model_id"": ""gpt-5.4-mini"", ""cache_path"": ""products_noncorner/anchor_4d457b5607ba7b00.json"", ""contamination_check_status"": ""passed"", ""operator_decision"": ""drop_corner_touching_refilled""}",2,medium
k02_noncorner_products_00280,"products_1,products_2,products_3,products_4",,,,llm_non_corner_refill,"{""reference_entity_ids"": [""k02_ent_000075"", ""k02_ent_000163"", ""k02_ent_000340"", ""k02_ent_000588"", ""k02_ent_000595""], ""selection_metric"": ""low_density_anchor"", ""prompt_version"": ""v1"", ""model_id"": ""gpt-5.4-mini"", ""cache_path"": ""products_noncorner/anchor_67ee3efa44d8b3b4.json"", ""contamination_check_status"": ""passed"", ""operator_decision"": ""drop_corner_touching_refilled""}",2,medium
k02_noncorner_products_00281,"products_1,products_2,products_3,products_4",,,,llm_non_corner_refill,"{""reference_entity_ids"": [""k02_ent_000075"", ""k02_ent_000108"", ""k02_ent_000340"", ""k02_ent_000701"", ""k02_ent_000793""], ""selection_metric"": ""low_density_anchor"", ""prompt_version"": ""v1"", ""model_id"": ""gpt-5.4-mini"", ""cache_path"": ""products_noncorner/anchor_8aca3e2180fdf010.json"", ""contamination_check_status"": ""passed"", ""operator_decision"": ""drop_corner_touching_refilled""}",2,medium
k02_noncorner_products_00282,"products_1,products_2,products_3,products_4",,,,llm_non_corner_refill,"{""reference_entity_ids"": [""k02_ent_000075"", ""k02_ent_000468"", ""k02_ent_000701"", ""k02_ent_000793"", ""k02_ent_000803""], ""selection_metric"": ""low_density_anchor"", ""prompt_version"": ""v1"", ""model_id"": ""gpt-5.4-mini"", ""cache_path"": ""products_noncorner/anchor_24746b633bda64ee.json"", ""contamination_check_status"": ""passed"", ""operator_decision"": ""drop_corner_touching_refilled""}",2,medium
k02_noncorner_products_00283,"products_1,products_2,products_3,products_4",,,,llm_non_corner_refill,"{""reference_entity_ids"": [""k02_ent_000102"", ""k02_ent_000130"", ""k02_ent_000163"", ""k02_ent_000478"", ""k02_ent_000591""], ""selection_metric"": ""low_density_anchor"", ""prompt_version"": ""v1"", ""model_id"": ""gpt-5.4-mini"", ""cache_path"": ""products_noncorner/anchor_826680bdb33e9445.json"", ""contamination_check_status"": ""passed"", ""operator_decision"": ""drop_corner_touching_refilled""}",2,medium
k02_noncorner_products_00284,"products_1,products_2,products_3,products_4",,,,llm_non_corner_refill,"{""reference_entity_ids"": [""k02_ent_000075"", ""k02_ent_000262"", ""k02_ent_000468"", ""k02_ent_000588"", ""k02_ent_000793""], ""selection_metric"": ""low_density_anchor"", ""prompt_version"": ""v1"", ""model_id"": ""gpt-5.4-mini"", ""cache_path"": ""products_noncorner/anchor_a915561a49570863.json"", ""contamination_check_status"": ""passed"", ""operator_decision"": ""drop_corner_touching_refilled""}",2,medium
k02_noncorner_products_00285,"products_1,products_2,products_3,products_4",,,,llm_non_corner_refill,"{""reference_entity_ids"": [""k02_ent_000108"", ""k02_ent_000163"", ""k02_ent_000262"", ""k02_ent_000595"", ""k02_ent_000803""], ""selection_metric"": ""low_density_anchor"", ""prompt_version"": ""v1"", ""model_id"": ""gpt-5.4-mini"", ""cache_path"": ""products_noncorner/anchor_692cf5fcca0158b9.json"", ""contamination_check_status"": ""passed"", ""operator_decision"": ""drop_corner_touching_refilled""}",2,medium
k02_noncorner_products_00286,"products_1,products_2,products_3,products_4",,,,llm_non_corner_refill,"{""reference_entity_ids"": [""k02_ent_000010"", ""k02_ent_000130"", ""k02_ent_000701"", ""k02_ent_000793"", ""k02_ent_000803""], ""selection_metric"": ""low_density_anchor"", ""prompt_version"": ""v1"", ""model_id"": ""gpt-5.4-mini"", ""cache_path"": ""products_noncorner/anchor_2b40b40a3a249269.json"", ""contamination_check_status"": ""passed"", ""operator_decision"": ""drop_corner_touching_refilled""}",2,medium
k02_noncorner_products_00287,"products_1,products_2,products_3,products_4",,,,llm_non_corner_refill,"{""reference_entity_ids"": [""k02_ent_000010"", ""k02_ent_000108"", ""k02_ent_000340"", ""k02_ent_000595"", ""k02_ent_000793""], ""selection_metric"": ""low_density_anchor"", ""prompt_version"": ""v1"", ""model_id"": ""gpt-5.4-mini"", ""cache_path"": ""products_noncorner/anchor_df52362bce7e011c.json"", ""contamination_check_status"": ""passed"", ""operator_decision"": ""drop_corner_touching_refilled""}",2,medium
k02_noncorner_products_00288,"products_1,products_2,products_3,products_4",,,,llm_non_corner_refill,"{""reference_entity_ids"": [""k02_ent_000010"", ""k02_ent_000102"", ""k02_ent_000163"", ""k02_ent_000262"", ""k02_ent_000602""], ""selection_metric"": ""low_density_anchor"", ""prompt_version"": ""v1"", ""model_id"": ""gpt-5.4-mini"", ""cache_path"": ""products_noncorner/anchor_f546c079682a72b9.json"", ""contamination_check_status"": ""passed"", ""operator_decision"": ""drop_corner_touching_refilled""}",2,medium
k02_noncorner_products_00289,"products_1,products_2,products_3,products_4",,,,llm_non_corner_refill,"{""reference_entity_ids"": [""k02_ent_000340"", ""k02_ent_000468"", ""k02_ent_000588"", ""k02_ent_000591"", ""k02_ent_000793""], ""selection_metric"": ""low_density_anchor"", ""prompt_version"": ""v1"", ""model_id"": ""gpt-5.4-mini"", ""cache_path"": ""products_noncorner/anchor_30516205fefb6f98.json"", ""contamination_check_status"": ""passed"", ""operator_decision"": ""drop_corner_touching_refilled""}",2,medium
k02_noncorner_products_00290,"products_1,products_2,products_3,products_4",,,,llm_non_corner_refill,"{""reference_entity_ids"": [""k02_ent_000108"", ""k02_ent_000482"", ""k02_ent_000588"", ""k02_ent_000701"", ""k02_ent_000803""], ""selection_metric"": ""low_density_anchor"", ""prompt_version"": ""v1"", ""model_id"": ""gpt-5.4-mini"", ""cache_path"": ""products_noncorner/anchor_23ead6b513117748.json"", ""contamination_check_status"": ""passed"", ""operator_decision"": ""drop_corner_touching_refilled""}",2,medium
k02_noncorner_products_00291,"products_1,products_2,products_3,products_4",,,,llm_non_corner_refill,"{""reference_entity_ids"": [""k02_ent_000102"", ""k02_ent_000595"", ""k02_ent_000602"", ""k02_ent_000793"", ""k02_ent_000803""], ""selection_metric"": ""low_density_anchor"", ""prompt_version"": ""v1"", ""model_id"": ""gpt-5.4-mini"", ""cache_path"": ""products_noncorner/anchor_aa37fe5241ae1575.json"", ""contamination_check_status"": ""passed"", ""operator_decision"": ""drop_corner_touching_refilled""}",2,medium
k02_noncorner_products_00292,"products_1,products_2,products_3,products_4",,,,llm_non_corner_refill,"{""reference_entity_ids"": [""k02_ent_000262"", ""k02_ent_000468"", ""k02_ent_000701"", ""k02_ent_000787"", ""k02_ent_000803""], ""selection_metric"": ""low_density_anchor"", ""prompt_version"": ""v1"", ""model_id"": ""gpt-5.4-mini"", ""cache_path"": ""products_noncorner/anchor_e1d31f2c76afaf17.json"", ""contamination_check_status"": ""passed"", ""operator_decision"": ""drop_corner_touching_refilled""}",2,medium
k02_noncorner_products_00293,"products_1,products_2,products_3,products_4",,,,llm_non_corner_refill,"{""reference_entity_ids"": [""k02_ent_000010"", ""k02_ent_000403"", ""k02_ent_000588"", ""k02_ent_000701"", ""k02_ent_000787""], ""selection_metric"": ""low_density_anchor"", ""prompt_version"": ""v1"", ""model_id"": ""gpt-5.4-mini"", ""cache_path"": ""products_noncorner/anchor_2c2519c9f457ea56.json"", ""contamination_check_status"": ""passed"", ""operator_decision"": ""drop_corner_touching_refilled""}",2,medium
k02_noncorner_products_00294,"products_1,products_2,products_3,products_4",,,,llm_non_corner_refill,"{""reference_entity_ids"": [""k02_ent_000130"", ""k02_ent_000482"", ""k02_ent_000591"", ""k02_ent_000602"", ""k02_ent_000793""], ""selection_metric"": ""low_density_anchor"", ""prompt_version"": ""v1"", ""model_id"": ""gpt-5.4-mini"", ""cache_path"": ""products_noncorner/anchor_53da4aa9e26d2564.json"", ""contamination_check_status"": ""passed"", ""operator_decision"": ""drop_corner_touching_refilled""}",2,medium
k02_noncorner_products_00295,"products_1,products_2,products_3,products_4",,,,llm_non_corner_refill,"{""reference_entity_ids"": [""k02_ent_000075"", ""k02_ent_000108"", ""k02_ent_000403"", ""k02_ent_000602"", ""k02_ent_000701""], ""selection_metric"": ""low_density_anchor"", ""prompt_version"": ""v1"", ""model_id"": ""gpt-5.4-mini"", ""cache_path"": ""products_noncorner/anchor_843cc2de310d44cd.json"", ""contamination_check_status"": ""passed"", ""operator_decision"": ""drop_corner_touching_refilled""}",2,medium
k02_noncorner_products_00296,"products_1,products_2,products_3,products_4",,,,llm_non_corner_refill,"{""reference_entity_ids"": [""k02_ent_000010"", ""k02_ent_000403"", ""k02_ent_000482"", ""k02_ent_000595"", ""k02_ent_000803""], ""selection_metric"": ""low_density_anchor"", ""prompt_version"": ""v1"", ""model_id"": ""gpt-5.4-mini"", ""cache_path"": ""products_noncorner/anchor_5dce5b27c5d81675.json"", ""contamination_check_status"": ""passed"", ""operator_decision"": ""drop_corner_touching_refilled""}",2,medium
k02_noncorner_products_00297,"products_1,products_2,products_3,products_4",,,,llm_non_corner_refill,"{""reference_entity_ids"": [""k02_ent_000108"", ""k02_ent_000478"", ""k02_ent_000588"", ""k02_ent_000787"", ""k02_ent_000793""], ""selection_metric"": ""low_density_anchor"", ""prompt_version"": ""v1"", ""model_id"": ""gpt-5.4-mini"", ""cache_path"": ""products_noncorner/anchor_a152cea0ab6b4d78.json"", ""contamination_check_status"": ""passed"", ""operator_decision"": ""drop_corner_touching_refilled""}",2,medium
k02_noncorner_products_00298,"products_1,products_2,products_3,products_4",,,,llm_non_corner_refill,"{""reference_entity_ids"": [""k02_ent_000130"", ""k02_ent_000163"", ""k02_ent_000403"", ""k02_ent_000478"", ""k02_ent_000803""], ""selection_metric"": ""low_density_anchor"", ""prompt_version"": ""v1"", ""model_id"": ""gpt-5.4-mini"", ""cache_path"": ""products_noncorner/anchor_0af851171e668b0a.json"", ""contamination_check_status"": ""passed"", ""operator_decision"": ""drop_corner_touching_refilled""}",2,medium
k02_noncorner_products_00299,"products_1,products_2,products_3,products_4",,,,llm_non_corner_refill,"{""reference_entity_ids"": [""k02_ent_000075"", ""k02_ent_000108"", ""k02_ent_000468"", ""k02_ent_000595"", ""k02_ent_000701""], ""selection_metric"": ""low_density_anchor"", ""prompt_version"": ""v1"", ""model_id"": ""gpt-5.4-mini"", ""cache_path"": ""products_noncorner/anchor_c1d88a12b8268536.json"", ""contamination_check_status"": ""passed"", ""operator_decision"": ""drop_corner_touching_refilled""}",2,medium
k02_noncorner_products_00300,"products_1,products_2,products_3,products_4",,,,llm_non_corner_refill,"{""reference_entity_ids"": [""k02_ent_000075"", ""k02_ent_000130"", ""k02_ent_000262"", ""k02_ent_000482"", ""k02_ent_000595""], ""selection_metric"": ""low_density_anchor"", ""prompt_version"": ""v1"", ""model_id"": ""gpt-5.4-mini"", ""cache_path"": ""products_noncorner/anchor_a621cb93227a3c17.json"", ""contamination_check_status"": ""passed"", ""operator_decision"": ""drop_corner_touching_refilled""}",2,medium
k02_noncorner_products_00301,"products_1,products_2,products_3,products_4",,,,llm_non_corner_refill,"{""reference_entity_ids"": [""k02_ent_000010"", ""k02_ent_000102"", ""k02_ent_000108"", ""k02_ent_000403"", ""k02_ent_000478""], ""selection_metric"": ""low_density_anchor"", ""prompt_version"": ""v1"", ""model_id"": ""gpt-5.4-mini"", ""cache_path"": ""products_noncorner/anchor_dc994275d36c224e.json"", ""contamination_check_status"": ""passed"", ""operator_decision"": ""drop_corner_touching_refilled""}",2,medium
k02_noncorner_products_00302,"products_1,products_2,products_3,products_4",,,,llm_non_corner_refill,"{""reference_entity_ids"": [""k02_ent_000102"", ""k02_ent_000130"", ""k02_ent_000403"", ""k02_ent_000478"", ""k02_ent_000793""], ""selection_metric"": ""low_density_anchor"", ""prompt_version"": ""v1"", ""model_id"": ""gpt-5.4-mini"", ""cache_path"": ""products_noncorner/anchor_c2241885ffacf89a.json"", ""contamination_check_status"": ""passed"", ""operator_decision"": ""drop_corner_touching_refilled""}",2,medium
k02_noncorner_products_00303,"products_1,products_2,products_3,products_4",,,,llm_non_corner_refill,"{""reference_entity_ids"": [""k02_ent_000130"", ""k02_ent_000163"", ""k02_ent_000340"", ""k02_ent_000701"", ""k02_ent_000787""], ""selection_metric"": ""low_density_anchor"", ""prompt_version"": ""v1"", ""model_id"": ""gpt-5.4-mini"", ""cache_path"": ""products_noncorner/anchor_46e27a723f3df5a3.json"", ""contamination_check_status"": ""passed"", ""operator_decision"": ""drop_corner_touching_refilled""}",2,medium
k02_noncorner_products_00304,"products_1,products_2,products_3,products_4",,,,llm_non_corner_refill,"{""reference_entity_ids"": [""k02_ent_000010"", ""k02_ent_000102"", ""k02_ent_000163"", ""k02_ent_000482"", ""k02_ent_000595""], ""selection_metric"": ""low_density_anchor"", ""prompt_version"": ""v1"", ""model_id"": ""gpt-5.4-mini"", ""cache_path"": ""products_noncorner/anchor_dc43463c0e02901a.json"", ""contamination_check_status"": ""passed"", ""operator_decision"": ""drop_corner_touching_refilled""}",2,medium
k02_noncorner_products_00305,"products_1,products_2,products_3,products_4",,,,llm_non_corner_refill,"{""reference_entity_ids"": [""k02_ent_000102"", ""k02_ent_000340"", ""k02_ent_000478"", ""k02_ent_000602"", ""k02_ent_000701""], ""selection_metric"": ""low_density_anchor"", ""prompt_version"": ""v1"", ""model_id"": ""gpt-5.4-mini"", ""cache_path"": ""products_noncorner/anchor_becf9d3d96a1e116.json"", ""contamination_check_status"": ""passed"", ""operator_decision"": ""drop_corner_touching_refilled""}",2,medium
k02_noncorner_products_00306,"products_1,products_2,products_3,products_4",,,,llm_non_corner_refill,"{""reference_entity_ids"": [""k02_ent_000102"", ""k02_ent_000108"", ""k02_ent_000403"", ""k02_ent_000468"", ""k02_ent_000787""], ""selection_metric"": ""low_density_anchor"", ""prompt_version"": ""v1"", ""model_id"": ""gpt-5.4-mini"", ""cache_path"": ""products_noncorner/anchor_41fe95ae74ccc30e.json"", ""contamination_check_status"": ""passed"", ""operator_decision"": ""drop_corner_touching_refilled""}",2,medium
k02_noncorner_products_00307,"products_1,products_2,products_3,products_4",,,,llm_non_corner_refill,"{""reference_entity_ids"": [""k02_ent_000108"", ""k02_ent_000163"", ""k02_ent_000340"", ""k02_ent_000478"", ""k02_ent_000595""], ""selection_metric"": ""low_density_anchor"", ""prompt_version"": ""v1"", ""model_id"": ""gpt-5.4-mini"", ""cache_path"": ""products_noncorner/anchor_2c60dd80fd3d11e0.json"", ""contamination_check_status"": ""passed"", ""operator_decision"": ""drop_corner_touching_refilled""}",2,medium
k02_noncorner_products_00308,"products_1,products_2,products_3,products_4",,,,llm_non_corner_refill,"{""reference_entity_ids"": [""k02_ent_000130"", ""k02_ent_000262"", ""k02_ent_000403"", ""k02_ent_000478"", ""k02_ent_000482""], ""selection_metric"": ""low_density_anchor"", ""prompt_version"": ""v1"", ""model_id"": ""gpt-5.4-mini"", ""cache_path"": ""products_noncorner/anchor_3d4ab94a698eb0bb.json"", ""contamination_check_status"": ""passed"", ""operator_decision"": ""drop_corner_touching_refilled""}",2,medium
k02_noncorner_products_00309,"products_1,products_2,products_3,products_4",,,,llm_non_corner_refill,"{""reference_entity_ids"": [""k02_ent_000075"", ""k02_ent_000102"", ""k02_ent_000130"", ""k02_ent_000262"", ""k02_ent_000588""], ""selection_metric"": ""low_density_anchor"", ""prompt_version"": ""v1"", ""model_id"": ""gpt-5.4-mini"", ""cache_path"": ""products_noncorner/anchor_739981a1793d5544.json"", ""contamination_check_status"": ""passed"", ""operator_decision"": ""drop_corner_touching_refilled""}",2,medium
k02_noncorner_products_00310,"products_1,products_2,products_3,products_4",,,,llm_non_corner_refill,"{""reference_entity_ids"": [""k02_ent_000163"", ""k02_ent_000340"", ""k02_ent_000403"", ""k02_ent_000478"", ""k02_ent_000595""], ""selection_metric"": ""low_density_anchor"", ""prompt_version"": ""v1"", ""model_id"": ""gpt-5.4-mini"", ""cache_path"": ""products_noncorner/anchor_ed7fca04f38e155f.json"", ""contamination_check_status"": ""passed"", ""operator_decision"": ""drop_corner_touching_refilled""}",2,medium
k02_noncorner_products_00311,"products_1,products_2,products_3,products_4",,,,llm_non_corner_refill,"{""reference_entity_ids"": [""k02_ent_000102"", ""k02_ent_000163"", ""k02_ent_000403"", ""k02_ent_000591"", ""k02_ent_000602""], ""selection_metric"": ""low_density_anchor"", ""prompt_version"": ""v1"", ""model_id"": ""gpt-5.4-mini"", ""cache_path"": ""products_noncorner/anchor_8b8cf58c0be3d568.json"", ""contamination_check_status"": ""passed"", ""operator_decision"": ""drop_corner_touching_refilled""}",2,medium
k02_noncorner_products_00312,"products_1,products_2,products_3,products_4",,,,llm_non_corner_refill,"{""reference_entity_ids"": [""k02_ent_000010"", ""k02_ent_000102"", ""k02_ent_000130"", ""k02_ent_000262"", ""k02_ent_000602""], ""selection_metric"": ""low_density_anchor"", ""prompt_version"": ""v1"", ""model_id"": ""gpt-5.4-mini"", ""cache_path"": ""products_noncorner/anchor_32943e065bc54e0a.json"", ""contamination_check_status"": ""passed"", ""operator_decision"": ""drop_corner_touching_refilled""}",2,medium
k02_noncorner_products_00313,"products_1,products_2,products_3,products_4",,,,llm_non_corner_refill,"{""reference_entity_ids"": [""k02_ent_000163"", ""k02_ent_000262"", ""k02_ent_000468"", ""k02_ent_000588"", ""k02_ent_000602""], ""selection_metric"": ""low_density_anchor"", ""prompt_version"": ""v1"", ""model_id"": ""gpt-5.4-mini"", ""cache_path"": ""products_noncorner/anchor_08db7db8d5f4547f.json"", ""contamination_check_status"": ""passed"", ""operator_decision"": ""drop_corner_touching_refilled""}",2,medium
k02_noncorner_products_00314,"products_1,products_2,products_3,products_4",,,,llm_non_corner_refill,"{""reference_entity_ids"": [""k02_ent_000075"", ""k02_ent_000163"", ""k02_ent_000262"", ""k02_ent_000591"", ""k02_ent_000602""], ""selection_metric"": ""low_density_anchor"", ""prompt_version"": ""v1"", ""model_id"": ""gpt-5.4-mini"", ""cache_path"": ""products_noncorner/anchor_4c498205334ce1c5.json"", ""contamination_check_status"": ""passed"", ""operator_decision"": ""drop_corner_touching_refilled""}",2,medium
k02_noncorner_products_00315,"products_1,products_2,products_3,products_4",,,,llm_non_corner_refill,"{""reference_entity_ids"": [""k02_ent_000010"", ""k02_ent_000075"", ""k02_ent_000262"", ""k02_ent_000340"", ""k02_ent_000793""], ""selection_metric"": ""low_density_anchor"", ""prompt_version"": ""v1"", ""model_id"": ""gpt-5.4-mini"", ""cache_path"": ""products_noncorner/anchor_5dc19fd4622ac77e.json"", ""contamination_check_status"": ""passed"", ""operator_decision"": ""drop_corner_touching_refilled""}",2,medium
k02_noncorner_products_00316,"products_1,products_2,products_3,products_4",,,,llm_non_corner_refill,"{""reference_entity_ids"": [""k02_ent_000010"", ""k02_ent_000108"", ""k02_ent_000163"", ""k02_ent_000340"", ""k02_ent_000468""], ""selection_metric"": ""low_density_anchor"", ""prompt_version"": ""v1"", ""model_id"": ""gpt-5.4-mini"", ""cache_path"": ""products_noncorner/anchor_651976e6297dbcba.json"", ""contamination_check_status"": ""passed"", ""operator_decision"": ""drop_corner_touching_refilled""}",2,medium
k02_noncorner_products_00317,"products_1,products_2,products_3,products_4",,,,llm_non_corner_refill,"{""reference_entity_ids"": [""k02_ent_000075"", ""k02_ent_000478"", ""k02_ent_000482"", ""k02_ent_000602"", ""k02_ent_000793""], ""selection_metric"": ""low_density_anchor"", ""prompt_version"": ""v1"", ""model_id"": ""gpt-5.4-mini"", ""cache_path"": ""products_noncorner/anchor_3ee68fb420e4506c.json"", ""contamination_check_status"": ""passed"", ""operator_decision"": ""drop_corner_touching_refilled""}",2,medium
k02_noncorner_products_00318,"products_1,products_2,products_3,products_4",,,,llm_non_corner_refill,"{""reference_entity_ids"": [""k02_ent_000010"", ""k02_ent_000130"", ""k02_ent_000262"", ""k02_ent_000588"", ""k02_ent_000591""], ""selection_metric"": ""low_density_anchor"", ""prompt_version"": ""v1"", ""model_id"": ""gpt-5.4-mini"", ""cache_path"": ""products_noncorner/anchor_6eb4446a042eceb2.json"", ""contamination_check_status"": ""passed"", ""operator_decision"": ""drop_corner_touching_refilled""}",2,medium
k02_noncorner_products_00319,"products_1,products_2,products_3,products_4",,,,llm_non_corner_refill,"{""reference_entity_ids"": [""k02_ent_000108"", ""k02_ent_000403"", ""k02_ent_000478"", ""k02_ent_000588"", ""k02_ent_000787""], ""selection_metric"": ""low_density_anchor"", ""prompt_version"": ""v1"", ""model_id"": ""gpt-5.4-mini"", ""cache_path"": ""products_noncorner/anchor_6d02206938749be8.json"", ""contamination_check_status"": ""passed"", ""operator_decision"": ""drop_corner_touching_refilled""}",2,medium
k02_noncorner_products_00320,"products_1,products_2,products_3,products_4",,,,llm_non_corner_refill,"{""reference_entity_ids"": [""k02_ent_000108"", ""k02_ent_000163"", ""k02_ent_000262"", ""k02_ent_000468"", ""k02_ent_000701""], ""selection_metric"": ""low_density_anchor"", ""prompt_version"": ""v1"", ""model_id"": ""gpt-5.4-mini"", ""cache_path"": ""products_noncorner/anchor_5036415e4d0b42b1.json"", ""contamination_check_status"": ""passed"", ""operator_decision"": ""drop_corner_touching_refilled""}",2,medium
k02_noncorner_products_00321,"products_1,products_2,products_3,products_4",,,,llm_non_corner_refill,"{""reference_entity_ids"": [""k02_ent_000075"", ""k02_ent_000403"", ""k02_ent_000482"", ""k02_ent_000591"", ""k02_ent_000793""], ""selection_metric"": ""low_density_anchor"", ""prompt_version"": ""v1"", ""model_id"": ""gpt-5.4-mini"", ""cache_path"": ""products_noncorner/anchor_840f0fe5ed77e216.json"", ""contamination_check_status"": ""passed"", ""operator_decision"": ""drop_corner_touching_refilled""}",2,medium
k02_noncorner_products_00322,"products_1,products_2,products_3,products_4",,,,llm_non_corner_refill,"{""reference_entity_ids"": [""k02_ent_000010"", ""k02_ent_000108"", ""k02_ent_000130"", ""k02_ent_000403"", ""k02_ent_000602""], ""selection_metric"": ""low_density_anchor"", ""prompt_version"": ""v1"", ""model_id"": ""gpt-5.4-mini"", ""cache_path"": ""products_noncorner/anchor_a6ef286d472073c0.json"", ""contamination_check_status"": ""passed"", ""operator_decision"": ""drop_corner_touching_refilled""}",2,medium
k02_noncorner_products_00323,"products_1,products_2,products_3,products_4",,,,llm_non_corner_refill,"{""reference_entity_ids"": [""k02_ent_000075"", ""k02_ent_000108"", ""k02_ent_000262"", ""k02_ent_000595"", ""k02_ent_000602""], ""selection_metric"": ""low_density_anchor"", ""prompt_version"": ""v1"", ""model_id"": ""gpt-5.4-mini"", ""cache_path"": ""products_noncorner/anchor_94eb914f61eca1dd.json"", ""contamination_check_status"": ""passed"", ""operator_decision"": ""drop_corner_touching_refilled""}",2,medium
k02_noncorner_products_00324,"products_1,products_2,products_3,products_4",,,,llm_non_corner_refill,"{""reference_entity_ids"": [""k02_ent_000108"", ""k02_ent_000262"", ""k02_ent_000482"", ""k02_ent_000701"", ""k02_ent_000803""], ""selection_metric"": ""low_density_anchor"", ""prompt_version"": ""v1"", ""model_id"": ""gpt-5.4-mini"", ""cache_path"": ""products_noncorner/anchor_05981df13a4a8364.json"", ""contamination_check_status"": ""passed"", ""operator_decision"": ""drop_corner_touching_refilled""}",2,medium
k02_noncorner_products_00325,"products_1,products_2,products_3,products_4",,,,llm_non_corner_refill,"{""reference_entity_ids"": [""k02_ent_000108"", ""k02_ent_000130"", ""k02_ent_000262"", ""k02_ent_000591"", ""k02_ent_000793""], ""selection_metric"": ""low_density_anchor"", ""prompt_version"": ""v1"", ""model_id"": ""gpt-5.4-mini"", ""cache_path"": ""products_noncorner/anchor_6b478926e8b5274d.json"", ""contamination_check_status"": ""passed"", ""operator_decision"": ""drop_corner_touching_refilled""}",2,medium
k02_noncorner_products_00326,"products_1,products_2,products_3,products_4",,,,llm_non_corner_refill,"{""reference_entity_ids"": [""k02_ent_000130"", ""k02_ent_000403"", ""k02_ent_000468"", ""k02_ent_000478"", ""k02_ent_000591""], ""selection_metric"": ""low_density_anchor"", ""prompt_version"": ""v1"", ""model_id"": ""gpt-5.4-mini"", ""cache_path"": ""products_noncorner/anchor_e3b3f48d92b886fb.json"", ""contamination_check_status"": ""passed"", ""operator_decision"": ""drop_corner_touching_refilled""}",2,medium
k02_noncorner_products_00327,"products_1,products_2,products_3,products_4",,,,llm_non_corner_refill,"{""reference_entity_ids"": [""k02_ent_000010"", ""k02_ent_000403"", ""k02_ent_000468"", ""k02_ent_000591"", ""k02_ent_000787""], ""selection_metric"": ""low_density_anchor"", ""prompt_version"": ""v1"", ""model_id"": ""gpt-5.4-mini"", ""cache_path"": ""products_noncorner/anchor_f3b20a4e070c548a.json"", ""contamination_check_status"": ""passed"", ""operator_decision"": ""drop_corner_touching_refilled""}",2,medium
k02_noncorner_products_00328,"products_1,products_2,products_3,products_4",,,,llm_non_corner_refill,"{""reference_entity_ids"": [""k02_ent_000102"", ""k02_ent_000478"", ""k02_ent_000595"", ""k02_ent_000701"", ""k02_ent_000803""], ""selection_metric"": ""low_density_anchor"", ""prompt_version"": ""v1"", ""model_id"": ""gpt-5.4-mini"", ""cache_path"": ""products_noncorner/anchor_8e317f49211d8c87.json"", ""contamination_check_status"": ""passed"", ""operator_decision"": ""drop_corner_touching_refilled""}",2,medium
k02_noncorner_products_00329,"products_1,products_2,products_3,products_4",,,,llm_non_corner_refill,"{""reference_entity_ids"": [""k02_ent_000010"", ""k02_ent_000102"", ""k02_ent_000108"", ""k02_ent_000602"", ""k02_ent_000787""], ""selection_metric"": ""low_density_anchor"", ""prompt_version"": ""v1"", ""model_id"": ""gpt-5.4-mini"", ""cache_path"": ""products_noncorner/anchor_c552a267f6e82949.json"", ""contamination_check_status"": ""passed"", ""operator_decision"": ""drop_corner_touching_refilled""}",2,medium
k02_noncorner_products_00330,"products_1,products_2,products_3,products_4",,,,llm_non_corner_refill,"{""reference_entity_ids"": [""k02_ent_000102"", ""k02_ent_000163"", ""k02_ent_000340"", ""k02_ent_000591"", ""k02_ent_000793""], ""selection_metric"": ""low_density_anchor"", ""prompt_version"": ""v1"", ""model_id"": ""gpt-5.4-mini"", ""cache_path"": ""products_noncorner/anchor_4b06790ec793570f.json"", ""contamination_check_status"": ""passed"", ""operator_decision"": ""drop_corner_touching_refilled""}",2,medium
k02_noncorner_products_00331,"products_1,products_2,products_3,products_4",,,,llm_non_corner_refill,"{""reference_entity_ids"": [""k02_ent_000075"", ""k02_ent_000130"", ""k02_ent_000262"", ""k02_ent_000591"", ""k02_ent_000803""], ""selection_metric"": ""low_density_anchor"", ""prompt_version"": ""v1"", ""model_id"": ""gpt-5.4-mini"", ""cache_path"": ""products_noncorner/anchor_b9f8438b43780a1e.json"", ""contamination_check_status"": ""passed"", ""operator_decision"": ""drop_corner_touching_refilled""}",2,medium
k02_noncorner_products_00332,"products_1,products_2,products_3,products_4",,,,llm_non_corner_refill,"{""reference_entity_ids"": [""k02_ent_000130"", ""k02_ent_000163"", ""k02_ent_000591"", ""k02_ent_000595"", ""k02_ent_000602""], ""selection_metric"": ""low_density_anchor"", ""prompt_version"": ""v1"", ""model_id"": ""gpt-5.4-mini"", ""cache_path"": ""products_noncorner/anchor_26bad20fbdd75f31.json"", ""contamination_check_status"": ""passed"", ""operator_decision"": ""drop_corner_touching_refilled""}",2,medium
k02_noncorner_products_00333,"products_1,products_2,products_3,products_4",,,,llm_non_corner_refill,"{""reference_entity_ids"": [""k02_ent_000482"", ""k02_ent_000591"", ""k02_ent_000602"", ""k02_ent_000701"", ""k02_ent_000803""], ""selection_metric"": ""low_density_anchor"", ""prompt_version"": ""v1"", ""model_id"": ""gpt-5.4-mini"", ""cache_path"": ""products_noncorner/anchor_a20f021733fac56a.json"", ""contamination_check_status"": ""passed"", ""operator_decision"": ""drop_corner_touching_refilled""}",2,medium
k02_noncorner_products_00334,"products_1,products_2,products_3,products_4",,,,llm_non_corner_refill,"{""reference_entity_ids"": [""k02_ent_000262"", ""k02_ent_000340"", ""k02_ent_000602"", ""k02_ent_000787"", ""k02_ent_000803""], ""selection_metric"": ""low_density_anchor"", ""prompt_version"": ""v1"", ""model_id"": ""gpt-5.4-mini"", ""cache_path"": ""products_noncorner/anchor_76d30001eba45516.json"", ""contamination_check_status"": ""passed"", ""operator_decision"": ""drop_corner_touching_refilled""}",2,medium
k02_noncorner_products_00335,"products_1,products_2,products_3,products_4",,,,llm_non_corner_refill,"{""reference_entity_ids"": [""k02_ent_000010"", ""k02_ent_000130"", ""k02_ent_000163"", ""k02_ent_000262"", ""k02_ent_000803""], ""selection_metric"": ""low_density_anchor"", ""prompt_version"": ""v1"", ""model_id"": ""gpt-5.4-mini"", ""cache_path"": ""products_noncorner/anchor_4cbf03f6536d4b95.json"", ""contamination_check_status"": ""passed"", ""operator_decision"": ""drop_corner_touching_refilled""}",2,medium
k02_noncorner_products_00336,"products_1,products_2,products_3,products_4",,,,llm_non_corner_refill,"{""reference_entity_ids"": [""k02_ent_000130"", ""k02_ent_000403"", ""k02_ent_000482"", ""k02_ent_000595"", ""k02_ent_000602""], ""selection_metric"": ""low_density_anchor"", ""prompt_version"": ""v1"", ""model_id"": ""gpt-5.4-mini"", ""cache_path"": ""products_noncorner/anchor_76eb2192e5f20e40.json"", ""contamination_check_status"": ""passed"", ""operator_decision"": ""drop_corner_touching_refilled""}",2,medium
k02_noncorner_products_00337,"products_1,products_2,products_3,products_4",,,,llm_non_corner_refill,"{""reference_entity_ids"": [""k02_ent_000010"", ""k02_ent_000075"", ""k02_ent_000262"", ""k02_ent_000340"", ""k02_ent_000803""], ""selection_metric"": ""low_density_anchor"", ""prompt_version"": ""v1"", ""model_id"": ""gpt-5.4-mini"", ""cache_path"": ""products_noncorner/anchor_81c043e7fbdb0ea5.json"", ""contamination_check_status"": ""passed"", ""operator_decision"": ""drop_corner_touching_refilled""}",2,medium
k02_noncorner_products_00338,"products_1,products_2,products_3,products_4",,,,llm_non_corner_refill,"{""reference_entity_ids"": [""k02_ent_000262"", ""k02_ent_000340"", ""k02_ent_000482"", ""k02_ent_000701"", ""k02_ent_000803""], ""selection_metric"": ""low_density_anchor"", ""prompt_version"": ""v1"", ""model_id"": ""gpt-5.4-mini"", ""cache_path"": ""products_noncorner/anchor_c604a18c02aeaaab.json"", ""contamination_check_status"": ""passed"", ""operator_decision"": ""drop_corner_touching_refilled""}",2,medium
k02_noncorner_products_00340,"products_1,products_2,products_3,products_4",,,,llm_non_corner_refill,"{""reference_entity_ids"": [""k02_ent_000010"", ""k02_ent_000075"", ""k02_ent_000130"", ""k02_ent_000163"", ""k02_ent_000482""], ""selection_metric"": ""low_density_anchor"", ""prompt_version"": ""v1"", ""model_id"": ""gpt-5.4-mini"", ""cache_path"": ""products_noncorner/anchor_5194c980d12cb678.json"", ""contamination_check_status"": ""passed"", ""operator_decision"": ""drop_corner_touching_refilled""}",2,medium
k02_noncorner_products_00341,"products_1,products_2,products_3,products_4",,,,llm_non_corner_refill,"{""reference_entity_ids"": [""k02_ent_000102"", ""k02_ent_000108"", ""k02_ent_000163"", ""k02_ent_000595"", ""k02_ent_000602""], ""selection_metric"": ""low_density_anchor"", ""prompt_version"": ""v1"", ""model_id"": ""gpt-5.4-mini"", ""cache_path"": ""products_noncorner/anchor_0a8804c27ceda995.json"", ""contamination_check_status"": ""passed"", ""operator_decision"": ""drop_corner_touching_refilled""}",2,medium
k02_noncorner_products_00342,"products_1,products_2,products_3,products_4",,,,llm_non_corner_refill,"{""reference_entity_ids"": [""k02_ent_000102"", ""k02_ent_000340"", ""k02_ent_000588"", ""k02_ent_000591"", ""k02_ent_000595""], ""selection_metric"": ""low_density_anchor"", ""prompt_version"": ""v1"", ""model_id"": ""gpt-5.4-mini"", ""cache_path"": ""products_noncorner/anchor_5b8a7177edd3b190.json"", ""contamination_check_status"": ""passed"", ""operator_decision"": ""drop_corner_touching_refilled""}",2,medium
k02_noncorner_products_00343,"products_1,products_2,products_3,products_4",,,,llm_non_corner_refill,"{""reference_entity_ids"": [""k02_ent_000075"", ""k02_ent_000262"", ""k02_ent_000591"", ""k02_ent_000787"", ""k02_ent_000803""], ""selection_metric"": ""low_density_anchor"", ""prompt_version"": ""v1"", ""model_id"": ""gpt-5.4-mini"", ""cache_path"": ""products_noncorner/anchor_f9d4af62f398f833.json"", ""contamination_check_status"": ""passed"", ""operator_decision"": ""drop_corner_touching_refilled""}",2,medium
k02_noncorner_products_00344,"products_1,products_2,products_3,products_4",,,,llm_non_corner_refill,"{""reference_entity_ids"": [""k02_ent_000075"", ""k02_ent_000102"", ""k02_ent_000602"", ""k02_ent_000701"", ""k02_ent_000787""], ""selection_metric"": ""low_density_anchor"", ""prompt_version"": ""v1"", ""model_id"": ""gpt-5.4-mini"", ""cache_path"": ""products_noncorner/anchor_0d4dba192841447e.json"", ""contamination_check_status"": ""passed"", ""operator_decision"": ""drop_corner_touching_refilled""}",2,medium
k02_noncorner_products_00345,"products_1,products_2,products_3,products_4",,,,llm_non_corner_refill,"{""reference_entity_ids"": [""k02_ent_000163"", ""k02_ent_000468"", ""k02_ent_000588"", ""k02_ent_000591"", ""k02_ent_000602""], ""selection_metric"": ""low_density_anchor"", ""prompt_version"": ""v1"", ""model_id"": ""gpt-5.4-mini"", ""cache_path"": ""products_noncorner/anchor_7c584ec4e1dcb91f.json"", ""contamination_check_status"": ""passed"", ""operator_decision"": ""drop_corner_touching_refilled""}",2,medium
k02_noncorner_products_00346,"products_1,products_2,products_3,products_4",,,,llm_non_corner_refill,"{""reference_entity_ids"": [""k02_ent_000102"", ""k02_ent_000130"", ""k02_ent_000403"", ""k02_ent_000478"", ""k02_ent_000588""], ""selection_metric"": ""low_density_anchor"", ""prompt_version"": ""v1"", ""model_id"": ""gpt-5.4-mini"", ""cache_path"": ""products_noncorner/anchor_9e934218c1768519.json"", ""contamination_check_status"": ""passed"", ""operator_decision"": ""drop_corner_touching_refilled""}",2,medium
k02_noncorner_products_00347,"products_1,products_2,products_3,products_4",,,,llm_non_corner_refill,"{""reference_entity_ids"": [""k02_ent_000010"", ""k02_ent_000108"", ""k02_ent_000340"", ""k02_ent_000482"", ""k02_ent_000602""], ""selection_metric"": ""low_density_anchor"", ""prompt_version"": ""v1"", ""model_id"": ""gpt-5.4-mini"", ""cache_path"": ""products_noncorner/anchor_380a85a3e2f3ae36.json"", ""contamination_check_status"": ""passed"", ""operator_decision"": ""drop_corner_touching_refilled""}",2,medium
k02_noncorner_products_00348,"products_1,products_2,products_3,products_4",,,,llm_non_corner_refill,"{""reference_entity_ids"": [""k02_ent_000075"", ""k02_ent_000130"", ""k02_ent_000340"", ""k02_ent_000478"", ""k02_ent_000793""], ""selection_metric"": ""low_density_anchor"", ""prompt_version"": ""v1"", ""model_id"": ""gpt-5.4-mini"", ""cache_path"": ""products_noncorner/anchor_8d3c3ccf3812f9c8.json"", ""contamination_check_status"": ""passed"", ""operator_decision"": ""drop_corner_touching_refilled""}",2,medium
k02_noncorner_products_00349,"products_1,products_2,products_3,products_4",,,,llm_non_corner_refill,"{""reference_entity_ids"": [""k02_ent_000102"", ""k02_ent_000130"", ""k02_ent_000262"", ""k02_ent_000478"", ""k02_ent_000793""], ""selection_metric"": ""low_density_anchor"", ""prompt_version"": ""v1"", ""model_id"": ""gpt-5.4-mini"", ""cache_path"": ""products_noncorner/anchor_73f86ee1af0b311a.json"", ""contamination_check_status"": ""passed"", ""operator_decision"": ""drop_corner_touching_refilled""}",2,medium
k02_noncorner_products_00350,"products_1,products_2,products_3,products_4",,,,llm_non_corner_refill,"{""reference_entity_ids"": [""k02_ent_000340"", ""k02_ent_000591"", ""k02_ent_000602"", ""k02_ent_000787"", ""k02_ent_000793""], ""selection_metric"": ""low_density_anchor"", ""prompt_version"": ""v1"", ""model_id"": ""gpt-5.4-mini"", ""cache_path"": ""products_noncorner/anchor_228d6552bfdd11cb.json"", ""contamination_check_status"": ""passed"", ""operator_decision"": ""drop_corner_touching_refilled""}",2,medium
k02_noncorner_products_00351,"products_1,products_2,products_3,products_4",,,,llm_non_corner_refill,"{""reference_entity_ids"": [""k02_ent_000010"", ""k02_ent_000102"", ""k02_ent_000478"", ""k02_ent_000588"", ""k02_ent_000701""], ""selection_metric"": ""low_density_anchor"", ""prompt_version"": ""v1"", ""model_id"": ""gpt-5.4-mini"", ""cache_path"": ""products_noncorner/anchor_69aebbd975128c3f.json"", ""contamination_check_status"": ""passed"", ""operator_decision"": ""drop_corner_touching_refilled""}",2,medium
k02_noncorner_products_00352,"products_1,products_2,products_3,products_4",,,,llm_non_corner_refill,"{""reference_entity_ids"": [""k02_ent_000130"", ""k02_ent_000340"", ""k02_ent_000482"", ""k02_ent_000787"", ""k02_ent_000803""], ""selection_metric"": ""low_density_anchor"", ""prompt_version"": ""v1"", ""model_id"": ""gpt-5.4-mini"", ""cache_path"": ""products_noncorner/anchor_3653af7129d7a09f.json"", ""contamination_check_status"": ""passed"", ""operator_decision"": ""drop_corner_touching_refilled""}",2,medium
k02_noncorner_products_00353,"products_1,products_2,products_3,products_4",,,,llm_non_corner_refill,"{""reference_entity_ids"": [""k02_ent_000102"", ""k02_ent_000340"", ""k02_ent_000403"", ""k02_ent_000595"", ""k02_ent_000787""], ""selection_metric"": ""low_density_anchor"", ""prompt_version"": ""v1"", ""model_id"": ""gpt-5.4-mini"", ""cache_path"": ""products_noncorner/anchor_31742aff841d7c01.json"", ""contamination_check_status"": ""passed"", ""operator_decision"": ""drop_corner_touching_refilled""}",2,medium
k02_noncorner_products_00354,"products_1,products_2,products_3,products_4",,,,llm_non_corner_refill,"{""reference_entity_ids"": [""k02_ent_000075"", ""k02_ent_000102"", ""k02_ent_000163"", ""k02_ent_000262"", ""k02_ent_000468""], ""selection_metric"": ""low_density_anchor"", ""prompt_version"": ""v1"", ""model_id"": ""gpt-5.4-mini"", ""cache_path"": ""products_noncorner/anchor_031ea387b9f52799.json"", ""contamination_check_status"": ""passed"", ""operator_decision"": ""drop_corner_touching_refilled""}",2,medium
k02_noncorner_products_00355,"products_1,products_2,products_3,products_4",,,,llm_non_corner_refill,"{""reference_entity_ids"": [""k02_ent_000340"", ""k02_ent_000591"", ""k02_ent_000602"", ""k02_ent_000701"", ""k02_ent_000803""], ""selection_metric"": ""low_density_anchor"", ""prompt_version"": ""v1"", ""model_id"": ""gpt-5.4-mini"", ""cache_path"": ""products_noncorner/anchor_4ed2ef090ec0b6eb.json"", ""contamination_check_status"": ""passed"", ""operator_decision"": ""drop_corner_touching_refilled""}",2,medium
k02_noncorner_products_00356,"products_1,products_2,products_3,products_4",,,,llm_non_corner_refill,"{""reference_entity_ids"": [""k02_ent_000010"", ""k02_ent_000075"", ""k02_ent_000262"", ""k02_ent_000482"", ""k02_ent_000595""], ""selection_metric"": ""low_density_anchor"", ""prompt_version"": ""v1"", ""model_id"": ""gpt-5.4-mini"", ""cache_path"": ""products_noncorner/anchor_1082f338ee18b827.json"", ""contamination_check_status"": ""passed"", ""operator_decision"": ""drop_corner_touching_refilled""}",2,medium
k02_noncorner_products_00357,"products_1,products_2,products_3,products_4",,,,llm_non_corner_refill,"{""reference_entity_ids"": [""k02_ent_000102"", ""k02_ent_000108"", ""k02_ent_000595"", ""k02_ent_000602"", ""k02_ent_000803""], ""selection_metric"": ""low_density_anchor"", ""prompt_version"": ""v1"", ""model_id"": ""gpt-5.4-mini"", ""cache_path"": ""products_noncorner/anchor_5092586301e4c743.json"", ""contamination_check_status"": ""passed"", ""operator_decision"": ""drop_corner_touching_refilled""}",2,medium
k02_noncorner_products_00358,"products_1,products_2,products_3,products_4",,,,llm_non_corner_refill,"{""reference_entity_ids"": [""k02_ent_000130"", ""k02_ent_000403"", ""k02_ent_000591"", ""k02_ent_000595"", ""k02_ent_000803""], ""selection_metric"": ""low_density_anchor"", ""prompt_version"": ""v1"", ""model_id"": ""gpt-5.4-mini"", ""cache_path"": ""products_noncorner/anchor_54918997266f66f5.json"", ""contamination_check_status"": ""passed"", ""operator_decision"": ""drop_corner_touching_refilled""}",2,medium
k02_noncorner_products_00359,"products_1,products_2,products_3,products_4",,,,llm_non_corner_refill,"{""reference_entity_ids"": [""k02_ent_000010"", ""k02_ent_000075"", ""k02_ent_000130"", ""k02_ent_000478"", ""k02_ent_000595""], ""selection_metric"": ""low_density_anchor"", ""prompt_version"": ""v1"", ""model_id"": ""gpt-5.4-mini"", ""cache_path"": ""products_noncorner/anchor_fdaaddb19d547b10.json"", ""contamination_check_status"": ""passed"", ""operator_decision"": ""drop_corner_touching_refilled""}",2,medium
k02_noncorner_products_00360,"products_1,products_2,products_3,products_4",,,,llm_non_corner_refill,"{""reference_entity_ids"": [""k02_ent_000010"", ""k02_ent_000108"", ""k02_ent_000163"", ""k02_ent_000403"", ""k02_ent_000803""], ""selection_metric"": ""low_density_anchor"", ""prompt_version"": ""v1"", ""model_id"": ""gpt-5.4-mini"", ""cache_path"": ""products_noncorner/anchor_79b57ef824e9cfa7.json"", ""contamination_check_status"": ""passed"", ""operator_decision"": ""drop_corner_touching_refilled""}",2,medium
k02_noncorner_products_00361,"products_1,products_2,products_3,products_4",,,,llm_non_corner_refill,"{""reference_entity_ids"": [""k02_ent_000010"", ""k02_ent_000130"", ""k02_ent_000591"", ""k02_ent_000787"", ""k02_ent_000793""], ""selection_metric"": ""low_density_anchor"", ""prompt_version"": ""v1"", ""model_id"": ""gpt-5.4-mini"", ""cache_path"": ""products_noncorner/anchor_8affd92260628da1.json"", ""contamination_check_status"": ""passed"", ""operator_decision"": ""drop_corner_touching_refilled""}",2,medium
k02_noncorner_products_00362,"products_1,products_2,products_3,products_4",,,,llm_non_corner_refill,"{""reference_entity_ids"": [""k02_ent_000010"", ""k02_ent_000478"", ""k02_ent_000482"", ""k02_ent_000787"", ""k02_ent_000793""], ""selection_metric"": ""low_density_anchor"", ""prompt_version"": ""v1"", ""model_id"": ""gpt-5.4-mini"", ""cache_path"": ""products_noncorner/anchor_b622f6196cf3db58.json"", ""contamination_check_status"": ""passed"", ""operator_decision"": ""drop_corner_touching_refilled""}",2,medium
k02_noncorner_products_00363,"products_1,products_2,products_3,products_4",,,,llm_non_corner_refill,"{""reference_entity_ids"": [""k02_ent_000075"", ""k02_ent_000130"", ""k02_ent_000403"", ""k02_ent_000588"", ""k02_ent_000602""], ""selection_metric"": ""low_density_anchor"", ""prompt_version"": ""v1"", ""model_id"": ""gpt-5.4-mini"", ""cache_path"": ""products_noncorner/anchor_23632cf0f59cb75e.json"", ""contamination_check_status"": ""passed"", ""operator_decision"": ""drop_corner_touching_refilled""}",2,medium
k02_noncorner_products_00364,"products_1,products_2,products_3,products_4",,,,llm_non_corner_refill,"{""reference_entity_ids"": [""k02_ent_000075"", ""k02_ent_000108"", ""k02_ent_000130"", ""k02_ent_000478"", ""k02_ent_000803""], ""selection_metric"": ""low_density_anchor"", ""prompt_version"": ""v1"", ""model_id"": ""gpt-5.4-mini"", ""cache_path"": ""products_noncorner/anchor_b0420a36cd0afd76.json"", ""contamination_check_status"": ""passed"", ""operator_decision"": ""drop_corner_touching_refilled""}",2,medium
k02_noncorner_products_00365,"products_1,products_2,products_3,products_4",,,,llm_non_corner_refill,"{""reference_entity_ids"": [""k02_ent_000010"", ""k02_ent_000102"", ""k02_ent_000108"", ""k02_ent_000262"", ""k02_ent_000588""], ""selection_metric"": ""low_density_anchor"", ""prompt_version"": ""v1"", ""model_id"": ""gpt-5.4-mini"", ""cache_path"": ""products_noncorner/anchor_7c62409df2854802.json"", ""contamination_check_status"": ""passed"", ""operator_decision"": ""drop_corner_touching_refilled""}",2,medium
k02_noncorner_products_00366,"products_1,products_2,products_3,products_4",,,,llm_non_corner_refill,"{""reference_entity_ids"": [""k02_ent_000262"", ""k02_ent_000403"", ""k02_ent_000478"", ""k02_ent_000588"", ""k02_ent_000701""], ""selection_metric"": ""low_density_anchor"", ""prompt_version"": ""v1"", ""model_id"": ""gpt-5.4-mini"", ""cache_path"": ""products_noncorner/anchor_8abfbd0ef978417e.json"", ""contamination_check_status"": ""passed"", ""operator_decision"": ""drop_corner_touching_refilled""}",2,medium
k02_noncorner_products_00367,"products_1,products_2,products_3,products_4",,,,llm_non_corner_refill,"{""reference_entity_ids"": [""k02_ent_000403"", ""k02_ent_000478"", ""k02_ent_000588"", ""k02_ent_000701"", ""k02_ent_000787""], ""selection_metric"": ""low_density_anchor"", ""prompt_version"": ""v1"", ""model_id"": ""gpt-5.4-mini"", ""cache_path"": ""products_noncorner/anchor_a6b2fbfb24ea3914.json"", ""contamination_check_status"": ""passed"", ""operator_decision"": ""drop_corner_touching_refilled""}",2,medium
k02_noncorner_products_00368,"products_1,products_2,products_3,products_4",,,,llm_non_corner_refill,"{""reference_entity_ids"": [""k02_ent_000010"", ""k02_ent_000468"", ""k02_ent_000478"", ""k02_ent_000482"", ""k02_ent_000701""], ""selection_metric"": ""low_density_anchor"", ""prompt_version"": ""v1"", ""model_id"": ""gpt-5.4-mini"", ""cache_path"": ""products_noncorner/anchor_147e73acb8497cc3.json"", ""contamination_check_status"": ""passed"", ""operator_decision"": ""drop_corner_touching_refilled""}",2,medium
k02_noncorner_products_00369,"products_1,products_2,products_3,products_4",,,,llm_non_corner_refill,"{""reference_entity_ids"": [""k02_ent_000163"", ""k02_ent_000468"", ""k02_ent_000482"", ""k02_ent_000588"", ""k02_ent_000793""], ""selection_metric"": ""low_density_anchor"", ""prompt_version"": ""v1"", ""model_id"": ""gpt-5.4-mini"", ""cache_path"": ""products_noncorner/anchor_d0970da913547d96.json"", ""contamination_check_status"": ""passed"", ""operator_decision"": ""drop_corner_touching_refilled""}",2,medium
k02_noncorner_products_00370,"products_1,products_2,products_3,products_4",,,,llm_non_corner_refill,"{""reference_entity_ids"": [""k02_ent_000108"", ""k02_ent_000130"", ""k02_ent_000478"", ""k02_ent_000595"", ""k02_ent_000787""], ""selection_metric"": ""low_density_anchor"", ""prompt_version"": ""v1"", ""model_id"": ""gpt-5.4-mini"", ""cache_path"": ""products_noncorner/anchor_4f3e06624e0122be.json"", ""contamination_check_status"": ""passed"", ""operator_decision"": ""drop_corner_touching_refilled""}",2,medium
products_1_10006478|products_2_5003948,,hard_negative_gate,,keep_adjudicated,hard_negative_gate,"{""plm_score"": 0.00019077332399319857, ""theta"": 0.61, ""delta"": 0.08, ""llm_says_match"": false}",2,medium
products_1_10006478|products_3_57346942,,hard_negative_gate,,keep_adjudicated,hard_negative_gate,"{""plm_score"": 0.00010172650218009949, ""theta"": 0.61, ""delta"": 0.08, ""llm_says_match"": false}",2,medium
products_1_10006478|products_4_94931124,,hard_negative_gate,,keep_adjudicated,hard_negative_gate,"{""plm_score"": 0.00023637752747163177, ""theta"": 0.61, ""delta"": 0.08, ""llm_says_match"": false}",2,medium
products_1_1022732|products_2_20058002,,hard_negative_gate,,keep_adjudicated,hard_negative_gate,"{""plm_score"": 1.0156040843867231e-05, ""theta"": 0.61, ""delta"": 0.08, ""llm_says_match"": false}",2,medium
products_1_1022732|products_2_49367823,,hard_negative_gate,,keep_adjudicated,hard_negative_gate,"{""plm_score"": 1.0241347808914725e-05, ""theta"": 0.61, ""delta"": 0.08, ""llm_says_match"": false}",2,medium
products_1_1022732|products_2_5003948,,hard_negative_gate,,keep_adjudicated,hard_negative_gate,"{""plm_score"": 8.09038829174824e-05, ""theta"": 0.61, ""delta"": 0.08, ""llm_says_match"": false}",2,medium
products_1_1022732|products_2_52535728,,hard_negative_gate,,keep_adjudicated,hard_negative_gate,"{""plm_score"": 1.1865839042002335e-05, ""theta"": 0.61, ""delta"": 0.08, ""llm_says_match"": false}",2,medium
products_1_1022732|products_2_72477277,,hard_negative_gate,,keep_adjudicated,hard_negative_gate,"{""plm_score"": 1.0331626981496811e-05, ""theta"": 0.61, ""delta"": 0.08, ""llm_says_match"": false}",2,medium
products_1_1022732|products_3_43259269,,hard_negative_gate,,keep_adjudicated,hard_negative_gate,"{""plm_score"": 1.5680243450333364e-05, ""theta"": 0.61, ""delta"": 0.08, ""llm_says_match"": false}",2,medium
products_1_1022732|products_3_57346942,,hard_negative_gate,,keep_adjudicated,hard_negative_gate,"{""plm_score"": 3.208126872777939e-05, ""theta"": 0.61, ""delta"": 0.08, ""llm_says_match"": false}",2,medium
products_1_1022732|products_3_60257394,,hard_negative_gate,,keep_adjudicated,hard_negative_gate,"{""plm_score"": 1.0455843948875554e-05, ""theta"": 0.61, ""delta"": 0.08, ""llm_says_match"": false}",2,medium
products_1_1022732|products_3_65987337,,hard_negative_gate,,keep_adjudicated,hard_negative_gate,"{""plm_score"": 8.518510185240302e-06, ""theta"": 0.61, ""delta"": 0.08, ""llm_says_match"": false}",2,medium
products_1_1022732|products_3_82625016,,hard_negative_gate,,keep_adjudicated,hard_negative_gate,"{""plm_score"": 1.4247802027966827e-05, ""theta"": 0.61, ""delta"": 0.08, ""llm_says_match"": false}",2,medium
products_1_1022732|products_4_22207502,,hard_negative_gate,,keep_adjudicated,hard_negative_gate,"{""plm_score"": 1.0529081009735819e-05, ""theta"": 0.61, ""delta"": 0.08, ""llm_says_match"": false}",2,medium
products_1_1022732|products_4_58494350,,hard_negative_gate,,keep_adjudicated,hard_negative_gate,"{""plm_score"": 1.3499236956704408e-05, ""theta"": 0.61, ""delta"": 0.08, ""llm_says_match"": false}",2,medium
products_1_1022732|products_4_70539715,,hard_negative_gate,,keep_adjudicated,hard_negative_gate,"{""plm_score"": 1.018509101413656e-05, ""theta"": 0.61, ""delta"": 0.08, ""llm_says_match"": false}",2,medium
products_1_1022732|products_4_94931124,,hard_negative_gate,,keep_adjudicated,hard_negative_gate,"{""plm_score"": 1.4386852853931487e-05, ""theta"": 0.61, ""delta"": 0.08, ""llm_says_match"": false}",2,medium
products_1_10313129|products_2_41172040,,hard_negative_gate,,keep_adjudicated,hard_negative_gate,"{""plm_score"": 1.2663713278016075e-05, ""theta"": 0.61, ""delta"": 0.08, ""llm_says_match"": false}",2,medium
products_1_10313129|products_3_69943848,,hard_negative_gate,,keep_adjudicated,hard_negative_gate,"{""plm_score"": 1.436079492123099e-05, ""theta"": 0.61, ""delta"": 0.08, ""llm_says_match"": false}",2,medium
products_1_10313129|products_4_2701008,,hard_negative_gate,,keep_adjudicated,hard_negative_gate,"{""plm_score"": 0.00039969064528122544, ""theta"": 0.61, ""delta"": 0.08, ""llm_says_match"": false}",2,medium
products_1_1051429|products_2_569608,,hard_negative_gate,,keep_adjudicated,hard_negative_gate,"{""plm_score"": 1.4184220162860584e-05, ""theta"": 0.61, ""delta"": 0.08, ""llm_says_match"": false}",2,medium
products_1_1051429|products_3_61710753,,hard_negative_gate,,keep_adjudicated,hard_negative_gate,"{""plm_score"": 1.3978054084873293e-05, ""theta"": 0.61, ""delta"": 0.08, ""llm_says_match"": false}",2,medium
products_1_1051429|products_4_61015432,,hard_negative_gate,,keep_adjudicated,hard_negative_gate,"{""plm_score"": 2.1632729840348475e-05, ""theta"": 0.61, ""delta"": 0.08, ""llm_says_match"": false}",2,medium
products_1_10524439|products_2_39523398,,hard_negative_gate,,keep_adjudicated,hard_negative_gate,"{""plm_score"": 2.8885313440696336e-05, ""theta"": 0.61, ""delta"": 0.08, ""llm_says_match"": false}",2,medium
products_1_10524439|products_3_75965694,,hard_negative_gate,,keep_adjudicated,hard_negative_gate,"{""plm_score"": 4.125647683395073e-05, ""theta"": 0.61, ""delta"": 0.08, ""llm_says_match"": false}",2,medium
products_1_10549314|products_2_27226970,,hard_negative_gate,,keep_adjudicated,hard_negative_gate,"{""plm_score"": 6.917252449056832e-06, ""theta"": 0.61, ""delta"": 0.08, ""llm_says_match"": false}",2,medium
products_1_10549314|products_3_78086660,,hard_negative_gate,,keep_adjudicated,hard_negative_gate,"{""plm_score"": 8.873850674717687e-06, ""theta"": 0.61, ""delta"": 0.08, ""llm_says_match"": false}",2,medium
products_1_10549314|products_4_79085544,,hard_negative_gate,,keep_adjudicated,hard_negative_gate,"{""plm_score"": 2.2144477043184452e-05, ""theta"": 0.61, ""delta"": 0.08, ""llm_says_match"": false}",2,medium
products_1_10565065|products_2_10434912,,hard_negative_gate,,keep_adjudicated,hard_negative_gate,"{""plm_score"": 0.0009387338650412858, ""theta"": 0.61, ""delta"": 0.08, ""llm_says_match"": false}",2,medium
products_1_10565065|products_3_53361087,,hard_negative_gate,,keep_adjudicated,hard_negative_gate,"{""plm_score"": 0.015001121908426285, ""theta"": 0.61, ""delta"": 0.08, ""llm_says_match"": false}",2,medium
products_1_10565065|products_4_40478216,,hard_negative_gate,,keep_adjudicated,hard_negative_gate,"{""plm_score"": 0.00026896680356003344, ""theta"": 0.61, ""delta"": 0.08, ""llm_says_match"": false}",2,medium
products_1_10638808|products_2_569608,,hard_negative_gate,,keep_adjudicated,hard_negative_gate,"{""plm_score"": 2.237469016108662e-05, ""theta"": 0.61, ""delta"": 0.08, ""llm_says_match"": false}",2,medium
products_1_10638808|products_3_61710753,,hard_negative_gate,,keep_adjudicated,hard_negative_gate,"{""plm_score"": 2.080206286336761e-05, ""theta"": 0.61, ""delta"": 0.08, ""llm_says_match"": false}",2,medium
products_1_10638808|products_4_61015432,,hard_negative_gate,,keep_adjudicated,hard_negative_gate,"{""plm_score"": 5.551544018089771e-05, ""theta"": 0.61, ""delta"": 0.08, ""llm_says_match"": false}",2,medium
products_1_10678822|products_2_34814123,,hard_negative_gate,,keep_adjudicated,hard_negative_gate,"{""plm_score"": 4.9670416046865284e-05, ""theta"": 0.61, ""delta"": 0.08, ""llm_says_match"": false}",2,medium
products_1_10678822|products_2_55212927,,hard_negative_gate,,keep_adjudicated,hard_negative_gate,"{""plm_score"": 1.410397635481786e-05, ""theta"": 0.61, ""delta"": 0.08, ""llm_says_match"": false}",2,medium
products_1_10678822|products_2_68724654,,hard_negative_gate,,keep_adjudicated,hard_negative_gate,"{""plm_score"": 0.003776256227865815, ""theta"": 0.61, ""delta"": 0.08, ""llm_says_match"": false}",2,medium
products_1_10678822|products_2_95926675,,hard_negative_gate,,keep_adjudicated,hard_negative_gate,"{""plm_score"": 1.4535630725731608e-05, ""theta"": 0.61, ""delta"": 0.08, ""llm_says_match"": false}",2,medium
products_1_10678822|products_3_47375112,,hard_negative_gate,,keep_adjudicated,hard_negative_gate,"{""plm_score"": 5.0178405217593536e-05, ""theta"": 0.61, ""delta"": 0.08, ""llm_says_match"": false}",2,medium
products_1_10678822|products_3_53357791,,hard_negative_gate,,keep_adjudicated,hard_negative_gate,"{""plm_score"": 1.364580930385273e-05, ""theta"": 0.61, ""delta"": 0.08, ""llm_says_match"": false}",2,medium
products_1_10678822|products_3_67323222,,hard_negative_gate,,keep_adjudicated,hard_negative_gate,"{""plm_score"": 1.3513972589862533e-05, ""theta"": 0.61, ""delta"": 0.08, ""llm_says_match"": false}",2,medium
products_1_10678822|products_4_17952554,,hard_negative_gate,,keep_adjudicated,hard_negative_gate,"{""plm_score"": 1.0737451702880207e-05, ""theta"": 0.61, ""delta"": 0.08, ""llm_says_match"": false}",2,medium
products_1_10678822|products_4_43921466,,hard_negative_gate,,keep_adjudicated,hard_negative_gate,"{""plm_score"": 1.2377417988318484e-05, ""theta"": 0.61, ""delta"": 0.08, ""llm_says_match"": false}",2,medium
products_1_1080849|products_2_29524279,,hard_negative_gate,,keep_adjudicated,hard_negative_gate,"{""plm_score"": 0.0021789788734167814, ""theta"": 0.61, ""delta"": 0.08, ""llm_says_match"": false}",2,medium
products_1_1080849|products_2_52338887,,hard_negative_gate,,keep_adjudicated,hard_negative_gate,"{""plm_score"": 8.560276182834059e-05, ""theta"": 0.61, ""delta"": 0.08, ""llm_says_match"": false}",2,medium
products_1_1080849|products_2_7582500,,hard_negative_gate,,keep_adjudicated,hard_negative_gate,"{""plm_score"": 4.910445568384603e-05, ""theta"": 0.61, ""delta"": 0.08, ""llm_says_match"": false}",2,medium
products_1_1080849|products_2_96833745,,hard_negative_gate,,keep_adjudicated,hard_negative_gate,"{""plm_score"": 4.9786885938374326e-05, ""theta"": 0.61, ""delta"": 0.08, ""llm_says_match"": false}",2,medium
products_1_1080849|products_3_19590182,,hard_negative_gate,,keep_adjudicated,hard_negative_gate,"{""plm_score"": 0.0011570730712264776, ""theta"": 0.61, ""delta"": 0.08, ""llm_says_match"": false}",2,medium
products_1_1080849|products_3_48296709,,hard_negative_gate,,keep_adjudicated,hard_negative_gate,"{""plm_score"": 0.00103260378818959, ""theta"": 0.61, ""delta"": 0.08, ""llm_says_match"": false}",2,medium
products_1_1080849|products_3_5160662,,hard_negative_gate,,keep_adjudicated,hard_negative_gate,"{""plm_score"": 8.918207458918914e-05, ""theta"": 0.61, ""delta"": 0.08, ""llm_says_match"": false}",2,medium
products_1_1080849|products_3_89550243,,hard_negative_gate,,keep_adjudicated,hard_negative_gate,"{""plm_score"": 2.292066528752912e-05, ""theta"": 0.61, ""delta"": 0.08, ""llm_says_match"": false}",2,medium
products_1_1080849|products_4_70747254,,hard_negative_gate,,keep_adjudicated,hard_negative_gate,"{""plm_score"": 0.08400185406208038, ""theta"": 0.61, ""delta"": 0.08, ""llm_says_match"": false}",2,medium
products_1_1080849|products_4_87116717,,hard_negative_gate,,keep_adjudicated,hard_negative_gate,"{""plm_score"": 0.002464716788381338, ""theta"": 0.61, ""delta"": 0.08, ""llm_says_match"": false}",2,medium
products_1_10827123|products_2_37065189,,hard_negative_gate,,keep_adjudicated,hard_negative_gate,"{""plm_score"": 4.6487872168654576e-05, ""theta"": 0.61, ""delta"": 0.08, ""llm_says_match"": false}",2,medium
products_1_10827123|products_2_53105255,,hard_negative_gate,,keep_adjudicated,hard_negative_gate,"{""plm_score"": 1.591071304574143e-05, ""theta"": 0.61, ""delta"": 0.08, ""llm_says_match"": false}",2,medium
products_1_10827123|products_3_39434551,,hard_negative_gate,,keep_adjudicated,hard_negative_gate,"{""plm_score"": 0.0001798337762011215, ""theta"": 0.61, ""delta"": 0.08, ""llm_says_match"": false}",2,medium
products_1_10827123|products_3_64571081,,hard_negative_gate,,keep_adjudicated,hard_negative_gate,"{""plm_score"": 1.1504434041853528e-05, ""theta"": 0.61, ""delta"": 0.08, ""llm_says_match"": false}",2,medium
products_1_10827123|products_4_64958976,,hard_negative_gate,,keep_adjudicated,hard_negative_gate,"{""plm_score"": 0.00022571292356587946, ""theta"": 0.61, ""delta"": 0.08, ""llm_says_match"": false}",2,medium
products_1_10861890|products_2_12318405,,hard_negative_gate,,keep_adjudicated,hard_negative_gate,"{""plm_score"": 0.059514522552490234, ""theta"": 0.61, ""delta"": 0.08, ""llm_says_match"": false}",2,medium
products_1_10861890|products_2_20771384,,hard_negative_gate,,keep_adjudicated,hard_negative_gate,"{""plm_score"": 0.0010677314130589366, ""theta"": 0.61, ""delta"": 0.08, ""llm_says_match"": false}",2,medium
products_1_10861890|products_2_37065189,,hard_negative_gate,,keep_adjudicated,hard_negative_gate,"{""plm_score"": 2.796201988530811e-05, ""theta"": 0.61, ""delta"": 0.08, ""llm_says_match"": false}",2,medium
products_1_10861890|products_2_38117313,,hard_negative_gate,,keep_adjudicated,hard_negative_gate,"{""plm_score"": 2.512765240680892e-05, ""theta"": 0.61, ""delta"": 0.08, ""llm_says_match"": false}",2,medium
products_1_10861890|products_2_93767928,,hard_negative_gate,,keep_adjudicated,hard_negative_gate,"{""plm_score"": 3.0931096262065694e-05, ""theta"": 0.61, ""delta"": 0.08, ""llm_says_match"": false}",2,medium
products_1_10861890|products_3_17787075,,hard_negative_gate,,keep_adjudicated,hard_negative_gate,"{""plm_score"": 0.00011355627793818712, ""theta"": 0.61, ""delta"": 0.08, ""llm_says_match"": false}",2,medium
products_1_10861890|products_3_39434551,,hard_negative_gate,,keep_adjudicated,hard_negative_gate,"{""plm_score"": 0.00011023252591257915, ""theta"": 0.61, ""delta"": 0.08, ""llm_says_match"": false}",2,medium
products_1_10861890|products_3_70065789,,hard_negative_gate,,keep_adjudicated,hard_negative_gate,"{""plm_score"": 0.0003444700560066849, ""theta"": 0.61, ""delta"": 0.08, ""llm_says_match"": false}",2,medium
products_1_10861890|products_3_8832468,,hard_negative_gate,,keep_adjudicated,hard_negative_gate,"{""plm_score"": 0.00011884393461514264, ""theta"": 0.61, ""delta"": 0.08, ""llm_says_match"": false}",2,medium
products_1_10861890|products_3_93189923,,hard_negative_gate,,keep_adjudicated,hard_negative_gate,"{""plm_score"": 3.379254849278368e-05, ""theta"": 0.61, ""delta"": 0.08, ""llm_says_match"": false}",2,medium
products_1_10861890|products_4_19499147,,hard_negative_gate,,keep_adjudicated,hard_negative_gate,"{""plm_score"": 1.810500725696329e-05, ""theta"": 0.61, ""delta"": 0.08, ""llm_says_match"": false}",2,medium
products_1_10861890|products_4_30847749,,hard_negative_gate,,keep_adjudicated,hard_negative_gate,"{""plm_score"": 7.002532220212743e-05, ""theta"": 0.61, ""delta"": 0.08, ""llm_says_match"": false}",2,medium
products_1_10861890|products_4_64958976,,hard_negative_gate,,keep_adjudicated,hard_negative_gate,"{""plm_score"": 0.00021880293206777424, ""theta"": 0.61, ""delta"": 0.08, ""llm_says_match"": false}",2,medium
products_1_10861890|products_4_71010886,,hard_negative_gate,,keep_adjudicated,hard_negative_gate,"{""plm_score"": 0.00011724277283065021, ""theta"": 0.61, ""delta"": 0.08, ""llm_says_match"": false}",2,medium
products_1_1088849|products_2_16403660,,hard_negative_gate,,keep_adjudicated,hard_negative_gate,"{""plm_score"": 3.282537363702431e-05, ""theta"": 0.61, ""delta"": 0.08, ""llm_says_match"": false}",2,medium
products_1_1088849|products_2_24007702,,hard_negative_gate,,keep_adjudicated,hard_negative_gate,"{""plm_score"": 0.9999443292617798, ""theta"": 0.61, ""delta"": 0.08, ""llm_says_match"": false}",2,medium
products_1_1088849|products_3_24856378,,hard_negative_gate,,keep_adjudicated,hard_negative_gate,"{""plm_score"": 3.731060496647842e-05, ""theta"": 0.61, ""delta"": 0.08, ""llm_says_match"": false}",2,medium
products_1_1088849|products_3_8808988,,hard_negative_gate,,keep_adjudicated,hard_negative_gate,"{""plm_score"": 0.2525361478328705, ""theta"": 0.61, ""delta"": 0.08, ""llm_says_match"": false}",2,medium
products_1_1088849|products_4_25536211,,hard_negative_gate,,keep_adjudicated,hard_negative_gate,"{""plm_score"": 2.8707470846711658e-05, ""theta"": 0.61, ""delta"": 0.08, ""llm_says_match"": false}",2,medium
products_1_1088849|products_4_51002400,,hard_negative_gate,,keep_adjudicated,hard_negative_gate,"{""plm_score"": 0.11604650318622589, ""theta"": 0.61, ""delta"": 0.08, ""llm_says_match"": false}",2,medium
products_1_10892042|products_2_16091824,,hard_negative_gate,,keep_adjudicated,hard_negative_gate,"{""plm_score"": 0.000573238474316895, ""theta"": 0.61, ""delta"": 0.08, ""llm_says_match"": false}",2,medium
products_1_10892042|products_2_1856731,,hard_negative_gate,,keep_adjudicated,hard_negative_gate,"{""plm_score"": 3.3619355235714465e-05, ""theta"": 0.61, ""delta"": 0.08, ""llm_says_match"": false}",2,medium
products_1_10892042|products_2_62294539,,hard_negative_gate,,keep_adjudicated,hard_negative_gate,"{""plm_score"": 3.123424176010303e-05, ""theta"": 0.61, ""delta"": 0.08, ""llm_says_match"": false}",2,medium
products_1_10892042|products_2_69750969,,hard_negative_gate,,keep_adjudicated,hard_negative_gate,"{""plm_score"": 1.5905616237432696e-05, ""theta"": 0.61, ""delta"": 0.08, ""llm_says_match"": false}",2,medium
products_1_10892042|products_3_17756844,,hard_negative_gate,,keep_adjudicated,hard_negative_gate,"{""plm_score"": 2.9226657716208138e-05, ""theta"": 0.61, ""delta"": 0.08, ""llm_says_match"": false}",2,medium
products_1_10892042|products_3_38275815,,hard_negative_gate,,keep_adjudicated,hard_negative_gate,"{""plm_score"": 4.6382923756027594e-05, ""theta"": 0.61, ""delta"": 0.08, ""llm_says_match"": false}",2,medium
products_1_10892042|products_3_62958901,,hard_negative_gate,,keep_adjudicated,hard_negative_gate,"{""plm_score"": 1.788858753570821e-05, ""theta"": 0.61, ""delta"": 0.08, ""llm_says_match"": false}",2,medium
products_1_10892042|products_3_72385861,,hard_negative_gate,,keep_adjudicated,hard_negative_gate,"{""plm_score"": 0.00024548720102757215, ""theta"": 0.61, ""delta"": 0.08, ""llm_says_match"": false}",2,medium
products_1_10892042|products_4_22363612,,hard_negative_gate,,keep_adjudicated,hard_negative_gate,"{""plm_score"": 3.300523167126812e-05, ""theta"": 0.61, ""delta"": 0.08, ""llm_says_match"": false}",2,medium
products_1_10892042|products_4_51924648,,hard_negative_gate,,keep_adjudicated,hard_negative_gate,"{""plm_score"": 3.9240818296093494e-05, ""theta"": 0.61, ""delta"": 0.08, ""llm_says_match"": false}",2,medium
products_1_10892042|products_4_54530409,,hard_negative_gate,,keep_adjudicated,hard_negative_gate,"{""plm_score"": 3.939236921723932e-05, ""theta"": 0.61, ""delta"": 0.08, ""llm_says_match"": false}",2,medium
products_1_10966509|products_2_21120495,,hard_negative_gate,,keep_adjudicated,hard_negative_gate,"{""plm_score"": 0.00010029433178715408, ""theta"": 0.61, ""delta"": 0.08, ""llm_says_match"": false}",2,medium
products_1_10966509|products_3_18576054,,hard_negative_gate,,keep_adjudicated,hard_negative_gate,"{""plm_score"": 0.0008195263217203319, ""theta"": 0.61, ""delta"": 0.08, ""llm_says_match"": false}",2,medium
products_1_10966509|products_4_21085676,,hard_negative_gate,,keep_adjudicated,hard_negative_gate,"{""plm_score"": 7.24294877727516e-05, ""theta"": 0.61, ""delta"": 0.08, ""llm_says_match"": false}",2,medium
products_1_11118724|products_2_86677460,,hard_negative_gate,,keep_adjudicated,hard_negative_gate,"{""plm_score"": 0.9999006986618042, ""theta"": 0.61, ""delta"": 0.08, ""llm_says_match"": false}",2,medium
products_1_11118724|products_3_18207118,,hard_negative_gate,,keep_adjudicated,hard_negative_gate,"{""plm_score"": 0.998408854007721, ""theta"": 0.61, ""delta"": 0.08, ""llm_says_match"": false}",2,medium
products_1_11118724|products_4_24687585,,hard_negative_gate,,keep_adjudicated,hard_negative_gate,"{""plm_score"": 0.9999390840530396, ""theta"": 0.61, ""delta"": 0.08, ""llm_says_match"": false}",2,medium
products_1_111371|products_2_40236461,,hard_negative_gate,,keep_adjudicated,hard_negative_gate,"{""plm_score"": 1.6825413695187308e-05, ""theta"": 0.61, ""delta"": 0.08, ""llm_says_match"": false}",2,medium
products_1_111371|products_2_72908237,,hard_negative_gate,,keep_adjudicated,hard_negative_gate,"{""plm_score"": 1.013857308862498e-05, ""theta"": 0.61, ""delta"": 0.08, ""llm_says_match"": false}",2,medium
products_1_111371|products_3_21748908,,hard_negative_gate,,keep_adjudicated,hard_negative_gate,"{""plm_score"": 6.723917067574803e-06, ""theta"": 0.61, ""delta"": 0.08, ""llm_says_match"": false}",2,medium
products_1_111371|products_3_48692609,,hard_negative_gate,,keep_adjudicated,hard_negative_gate,"{""plm_score"": 2.3423152015311643e-05, ""theta"": 0.61, ""delta"": 0.08, ""llm_says_match"": false}",2,medium
products_1_111371|products_4_30747122,,hard_negative_gate,,keep_adjudicated,hard_negative_gate,"{""plm_score"": 7.71888062445214e-06, ""theta"": 0.61, ""delta"": 0.08, ""llm_says_match"": false}",2,medium
products_1_11181317|products_2_29453941,,hard_negative_gate,,keep_adjudicated,hard_negative_gate,"{""plm_score"": 2.2011137843946926e-05, ""theta"": 0.61, ""delta"": 0.08, ""llm_says_match"": false}",2,medium
products_1_11181317|products_2_93767928,,hard_negative_gate,,keep_adjudicated,hard_negative_gate,"{""plm_score"": 3.390035271877423e-05, ""theta"": 0.61, ""delta"": 0.08, ""llm_says_match"": false}",2,medium
products_1_11181317|products_3_56489331,,hard_negative_gate,,keep_adjudicated,hard_negative_gate,"{""plm_score"": 2.721713281061966e-05, ""theta"": 0.61, ""delta"": 0.08, ""llm_says_match"": false}",2,medium
products_1_11181317|products_3_8832468,,hard_negative_gate,,keep_adjudicated,hard_negative_gate,"{""plm_score"": 0.00022757392434868962, ""theta"": 0.61, ""delta"": 0.08, ""llm_says_match"": false}",2,medium
products_1_11181317|products_4_30847749,,hard_negative_gate,,keep_adjudicated,hard_negative_gate,"{""plm_score"": 8.930223702918738e-05, ""theta"": 0.61, ""delta"": 0.08, ""llm_says_match"": false}",2,medium
products_1_1161397|products_2_61969888,,hard_negative_gate,,keep_adjudicated,hard_negative_gate,"{""plm_score"": 0.00027337504434399307, ""theta"": 0.61, ""delta"": 0.08, ""llm_says_match"": false}",2,medium
products_1_1161397|products_3_81714923,,hard_negative_gate,,keep_adjudicated,hard_negative_gate,"{""plm_score"": 0.003511016257107258, ""theta"": 0.61, ""delta"": 0.08, ""llm_says_match"": false}",2,medium
products_1_12049659|products_2_22689923,,hard_negative_gate,,keep_adjudicated,hard_negative_gate,"{""plm_score"": 0.0010345519986003637, ""theta"": 0.61, ""delta"": 0.08, ""llm_says_match"": false}",2,medium
products_1_12049659|products_2_37065189,,hard_negative_gate,,keep_adjudicated,hard_negative_gate,"{""plm_score"": 0.0006556707085110247, ""theta"": 0.61, ""delta"": 0.08, ""llm_says_match"": false}",2,medium
products_1_12049659|products_2_4557639,,hard_negative_gate,,keep_adjudicated,hard_negative_gate,"{""plm_score"": 0.00027358130319043994, ""theta"": 0.61, ""delta"": 0.08, ""llm_says_match"": false}",2,medium
products_1_12049659|products_3_17406325,,hard_negative_gate,,keep_adjudicated,hard_negative_gate,"{""plm_score"": 0.43190619349479675, ""theta"": 0.61, ""delta"": 0.08, ""llm_says_match"": false}",2,medium
products_1_12049659|products_3_39434551,,hard_negative_gate,,keep_adjudicated,hard_negative_gate,"{""plm_score"": 0.0013096717884764075, ""theta"": 0.61, ""delta"": 0.08, ""llm_says_match"": false}",2,medium
products_1_12049659|products_3_51601254,,hard_negative_gate,,keep_adjudicated,hard_negative_gate,"{""plm_score"": 0.011029730550944805, ""theta"": 0.61, ""delta"": 0.08, ""llm_says_match"": false}",2,medium
products_1_12049659|products_4_23589087,,hard_negative_gate,,keep_adjudicated,hard_negative_gate,"{""plm_score"": 0.0009244692628271878, ""theta"": 0.61, ""delta"": 0.08, ""llm_says_match"": false}",2,medium
products_1_12049659|products_4_64958976,,hard_negative_gate,,keep_adjudicated,hard_negative_gate,"{""plm_score"": 0.0037814283277839422, ""theta"": 0.61, ""delta"": 0.08, ""llm_says_match"": false}",2,medium
products_1_12049659|products_4_69971378,,hard_negative_gate,,keep_adjudicated,hard_negative_gate,"{""plm_score"": 0.0002947777684312314, ""theta"": 0.61, ""delta"": 0.08, ""llm_says_match"": false}",2,medium
products_1_1213105|products_2_29524279,,hard_negative_gate,,keep_adjudicated,hard_negative_gate,"{""plm_score"": 0.00011106607416877523, ""theta"": 0.61, ""delta"": 0.08, ""llm_says_match"": false}",2,medium
products_1_1213105|products_2_36176263,,hard_negative_gate,,keep_adjudicated,hard_negative_gate,"{""plm_score"": 0.015947898849844933, ""theta"": 0.61, ""delta"": 0.08, ""llm_says_match"": false}",2,medium
products_1_1213105|products_2_59082251,,hard_negative_gate,,keep_adjudicated,hard_negative_gate,"{""plm_score"": 4.3224787077633664e-05, ""theta"": 0.61, ""delta"": 0.08, ""llm_says_match"": false}",2,medium
products_1_1213105|products_2_94735407,,hard_negative_gate,,keep_adjudicated,hard_negative_gate,"{""plm_score"": 1.058655197994085e-05, ""theta"": 0.61, ""delta"": 0.08, ""llm_says_match"": false}",2,medium
products_1_1213105|products_3_48296709,,hard_negative_gate,,keep_adjudicated,hard_negative_gate,"{""plm_score"": 0.00022286659805104136, ""theta"": 0.61, ""delta"": 0.08, ""llm_says_match"": false}",2,medium
products_1_1213105|products_3_61496289,,hard_negative_gate,,keep_adjudicated,hard_negative_gate,"{""plm_score"": 8.355187310371548e-05, ""theta"": 0.61, ""delta"": 0.08, ""llm_says_match"": false}",2,medium
products_1_1213105|products_3_61906477,,hard_negative_gate,,keep_adjudicated,hard_negative_gate,"{""plm_score"": 0.00011940087279072031, ""theta"": 0.61, ""delta"": 0.08, ""llm_says_match"": false}",2,medium
products_1_1213105|products_3_94836578,,hard_negative_gate,,keep_adjudicated,hard_negative_gate,"{""plm_score"": 2.4870319975889288e-05, ""theta"": 0.61, ""delta"": 0.08, ""llm_says_match"": false}",2,medium
products_1_1213105|products_4_87116717,,hard_negative_gate,,keep_adjudicated,hard_negative_gate,"{""plm_score"": 0.0014495749492198229, ""theta"": 0.61, ""delta"": 0.08, ""llm_says_match"": false}",2,medium
products_1_1213105|products_4_95303225,,hard_negative_gate,,keep_adjudicated,hard_negative_gate,"{""plm_score"": 1.2674769095610827e-05, ""theta"": 0.61, ""delta"": 0.08, ""llm_says_match"": false}",2,medium
products_1_1213105|products_4_95938519,,hard_negative_gate,,keep_adjudicated,hard_negative_gate,"{""plm_score"": 0.016655243933200836, ""theta"": 0.61, ""delta"": 0.08, ""llm_says_match"": false}",2,medium
products_1_12198483|products_2_3690175,,hard_negative_gate,,keep_adjudicated,hard_negative_gate,"{""plm_score"": 8.080000952759292e-06, ""theta"": 0.61, ""delta"": 0.08, ""llm_says_match"": false}",2,medium
products_1_12198483|products_2_64306530,,hard_negative_gate,,keep_adjudicated,hard_negative_gate,"{""plm_score"": 1.0647678209352307e-05, ""theta"": 0.61, ""delta"": 0.08, ""llm_says_match"": false}",2,medium
products_1_12198483|products_3_25666817,,hard_negative_gate,,keep_adjudicated,hard_negative_gate,"{""plm_score"": 1.5831628843443468e-05, ""theta"": 0.61, ""delta"": 0.08, ""llm_says_match"": false}",2,medium
products_1_12198483|products_3_41306498,,hard_negative_gate,,keep_adjudicated,hard_negative_gate,"{""plm_score"": 8.825457371131051e-06, ""theta"": 0.61, ""delta"": 0.08, ""llm_says_match"": false}",2,medium
products_1_12198483|products_4_35456507,,hard_negative_gate,,keep_adjudicated,hard_negative_gate,"{""plm_score"": 1.2096639693481848e-05, ""theta"": 0.61, ""delta"": 0.08, ""llm_says_match"": false}",2,medium
products_1_12198483|products_4_9127388,,hard_negative_gate,,keep_adjudicated,hard_negative_gate,"{""plm_score"": 9.562128980178386e-06, ""theta"": 0.61, ""delta"": 0.08, ""llm_says_match"": false}",2,medium
products_1_12424905|products_2_31064439,,hard_negative_gate,,keep_adjudicated,hard_negative_gate,"{""plm_score"": 0.0006425112951546907, ""theta"": 0.61, ""delta"": 0.08, ""llm_says_match"": false}",2,medium
products_1_12424905|products_2_33848192,,hard_negative_gate,,keep_adjudicated,hard_negative_gate,"{""plm_score"": 2.000467065954581e-05, ""theta"": 0.61, ""delta"": 0.08, ""llm_says_match"": false}",2,medium
products_1_12424905|products_3_53431738,,hard_negative_gate,,keep_adjudicated,hard_negative_gate,"{""plm_score"": 0.007742377929389477, ""theta"": 0.61, ""delta"": 0.08, ""llm_says_match"": false}",2,medium
products_1_12424905|products_3_82272597,,hard_negative_gate,,keep_adjudicated,hard_negative_gate,"{""plm_score"": 0.006077338010072708, ""theta"": 0.61, ""delta"": 0.08, ""llm_says_match"": false}",2,medium
products_1_1252810|products_2_20771384,,hard_negative_gate,,keep_adjudicated,hard_negative_gate,"{""plm_score"": 3.231684968341142e-05, ""theta"": 0.61, ""delta"": 0.08, ""llm_says_match"": false}",2,medium
products_1_1252810|products_2_29524279,,hard_negative_gate,,keep_adjudicated,hard_negative_gate,"{""plm_score"": 7.059852941893041e-05, ""theta"": 0.61, ""delta"": 0.08, ""llm_says_match"": false}",2,medium
products_1_1252810|products_2_38117313,,hard_negative_gate,,keep_adjudicated,hard_negative_gate,"{""plm_score"": 0.00019824167247861624, ""theta"": 0.61, ""delta"": 0.08, ""llm_says_match"": false}",2,medium
products_1_1252810|products_2_54361651,,hard_negative_gate,,keep_adjudicated,hard_negative_gate,"{""plm_score"": 1.2041139598295558e-05, ""theta"": 0.61, ""delta"": 0.08, ""llm_says_match"": false}",2,medium
products_1_1252810|products_2_9437121,,hard_negative_gate,,keep_adjudicated,hard_negative_gate,"{""plm_score"": 0.0001524175313534215, ""theta"": 0.61, ""delta"": 0.08, ""llm_says_match"": false}",2,medium
products_1_1252810|products_3_19242534,,hard_negative_gate,,keep_adjudicated,hard_negative_gate,"{""plm_score"": 0.00017642657621763647, ""theta"": 0.61, ""delta"": 0.08, ""llm_says_match"": false}",2,medium
products_1_1252810|products_3_48296709,,hard_negative_gate,,keep_adjudicated,hard_negative_gate,"{""plm_score"": 0.0001026050522341393, ""theta"": 0.61, ""delta"": 0.08, ""llm_says_match"": false}",2,medium
products_1_1252810|products_3_70065789,,hard_negative_gate,,keep_adjudicated,hard_negative_gate,"{""plm_score"": 0.0037686938885599375, ""theta"": 0.61, ""delta"": 0.08, ""llm_says_match"": false}",2,medium
products_1_1252810|products_3_80768725,,hard_negative_gate,,keep_adjudicated,hard_negative_gate,"{""plm_score"": 1.034144497680245e-05, ""theta"": 0.61, ""delta"": 0.08, ""llm_says_match"": false}",2,medium
products_1_1252810|products_3_93189923,,hard_negative_gate,,keep_adjudicated,hard_negative_gate,"{""plm_score"": 0.0005809427239000797, ""theta"": 0.61, ""delta"": 0.08, ""llm_says_match"": false}",2,medium
products_1_1252810|products_4_19499147,,hard_negative_gate,,keep_adjudicated,hard_negative_gate,"{""plm_score"": 0.00020888248400297016, ""theta"": 0.61, ""delta"": 0.08, ""llm_says_match"": false}",2,medium
products_1_1252810|products_4_67265186,,hard_negative_gate,,keep_adjudicated,hard_negative_gate,"{""plm_score"": 0.10016557574272156, ""theta"": 0.61, ""delta"": 0.08, ""llm_says_match"": false}",2,medium
products_1_1252810|products_4_71010886,,hard_negative_gate,,keep_adjudicated,hard_negative_gate,"{""plm_score"": 7.184087007772177e-05, ""theta"": 0.61, ""delta"": 0.08, ""llm_says_match"": false}",2,medium
products_1_1252810|products_4_87116717,,hard_negative_gate,,keep_adjudicated,hard_negative_gate,"{""plm_score"": 0.001640727394260466, ""theta"": 0.61, ""delta"": 0.08, ""llm_says_match"": false}",2,medium
products_1_1297284|products_2_97029437,,hard_negative_gate,,keep_adjudicated,hard_negative_gate,"{""plm_score"": 1.2522936231107451e-05, ""theta"": 0.61, ""delta"": 0.08, ""llm_says_match"": false}",2,medium
products_1_1297284|products_3_10295606,,hard_negative_gate,,keep_adjudicated,hard_negative_gate,"{""plm_score"": 0.0007766889175400138, ""theta"": 0.61, ""delta"": 0.08, ""llm_says_match"": false}",2,medium
products_1_1297284|products_4_17571549,,hard_negative_gate,,keep_adjudicated,hard_negative_gate,"{""plm_score"": 0.8794287443161011, ""theta"": 0.61, ""delta"": 0.08, ""llm_says_match"": false}",2,medium
products_1_13163468|products_2_31237395,,hard_negative_gate,,keep_adjudicated,hard_negative_gate,"{""plm_score"": 0.4385378062725067, ""theta"": 0.61, ""delta"": 0.08, ""llm_says_match"": false}",2,medium
products_1_13163468|products_2_44701727,,hard_negative_gate,,keep_adjudicated,hard_negative_gate,"{""plm_score"": 2.7084821340395138e-05, ""theta"": 0.61, ""delta"": 0.08, ""llm_says_match"": false}",2,medium
products_1_13163468|products_2_51318537,,hard_negative_gate,,keep_adjudicated,hard_negative_gate,"{""plm_score"": 2.0178609702270478e-05, ""theta"": 0.61, ""delta"": 0.08, ""llm_says_match"": false}",2,medium
products_1_13163468|products_2_54361651,,hard_negative_gate,,keep_adjudicated,hard_negative_gate,"{""plm_score"": 1.690510725893546e-05, ""theta"": 0.61, ""delta"": 0.08, ""llm_says_match"": false}",2,medium
products_1_13163468|products_2_69277053,,hard_negative_gate,,keep_adjudicated,hard_negative_gate,"{""plm_score"": 0.0013806457864120603, ""theta"": 0.61, ""delta"": 0.08, ""llm_says_match"": false}",2,medium
products_1_13163468|products_2_8846424,,hard_negative_gate,,keep_adjudicated,hard_negative_gate,"{""plm_score"": 4.203229764243588e-05, ""theta"": 0.61, ""delta"": 0.08, ""llm_says_match"": false}",2,medium
products_1_13163468|products_3_17471458,,hard_negative_gate,,keep_adjudicated,hard_negative_gate,"{""plm_score"": 3.2033702154876664e-05, ""theta"": 0.61, ""delta"": 0.08, ""llm_says_match"": false}",2,medium
products_1_13163468|products_3_31447687,,hard_negative_gate,,keep_adjudicated,hard_negative_gate,"{""plm_score"": 3.507807196001522e-05, ""theta"": 0.61, ""delta"": 0.08, ""llm_says_match"": false}",2,medium
products_1_13163468|products_3_48184346,,hard_negative_gate,,keep_adjudicated,hard_negative_gate,"{""plm_score"": 2.202155337727163e-05, ""theta"": 0.61, ""delta"": 0.08, ""llm_says_match"": false}",2,medium
products_1_13163468|products_3_50802898,,hard_negative_gate,,keep_adjudicated,hard_negative_gate,"{""plm_score"": 3.7065088690724224e-05, ""theta"": 0.61, ""delta"": 0.08, ""llm_says_match"": false}",2,medium
products_1_13163468|products_3_80768725,,hard_negative_gate,,keep_adjudicated,hard_negative_gate,"{""plm_score"": 1.0470003871887457e-05, ""theta"": 0.61, ""delta"": 0.08, ""llm_says_match"": false}",2,medium
products_1_13163468|products_3_81145706,,hard_negative_gate,,keep_adjudicated,hard_negative_gate,"{""plm_score"": 1.2918616448587272e-05, ""theta"": 0.61, ""delta"": 0.08, ""llm_says_match"": false}",2,medium
products_1_13163468|products_4_20551993,,hard_negative_gate,,keep_adjudicated,hard_negative_gate,"{""plm_score"": 0.00022346366313286126, ""theta"": 0.61, ""delta"": 0.08, ""llm_says_match"": false}",2,medium
products_1_13163468|products_4_52499748,,hard_negative_gate,,keep_adjudicated,hard_negative_gate,"{""plm_score"": 0.9994781613349915, ""theta"": 0.61, ""delta"": 0.08, ""llm_says_match"": false}",2,medium
products_1_13163468|products_4_80286980,,hard_negative_gate,,keep_adjudicated,hard_negative_gate,"{""plm_score"": 0.000749038765206933, ""theta"": 0.61, ""delta"": 0.08, ""llm_says_match"": false}",2,medium
products_1_13163468|products_4_85938356,,hard_negative_gate,,keep_adjudicated,hard_negative_gate,"{""plm_score"": 0.00011608260683715343, ""theta"": 0.61, ""delta"": 0.08, ""llm_says_match"": false}",2,medium
products_1_1352033|products_2_98139630,,hard_negative_gate,,keep_adjudicated,hard_negative_gate,"{""plm_score"": 9.658627277531195e-06, ""theta"": 0.61, ""delta"": 0.08, ""llm_says_match"": false}",2,medium
products_1_1352033|products_3_47385841,,hard_negative_gate,,keep_adjudicated,hard_negative_gate,"{""plm_score"": 9.90931766864378e-06, ""theta"": 0.61, ""delta"": 0.08, ""llm_says_match"": false}",2,medium
products_1_1352033|products_4_53937881,,hard_negative_gate,,keep_adjudicated,hard_negative_gate,"{""plm_score"": 1.1516354788909666e-05, ""theta"": 0.61, ""delta"": 0.08, ""llm_says_match"": false}",2,medium
products_1_13600999|products_2_39523398,,hard_negative_gate,,keep_adjudicated,hard_negative_gate,"{""plm_score"": 2.241300535388291e-05, ""theta"": 0.61, ""delta"": 0.08, ""llm_says_match"": false}",2,medium
products_1_13600999|products_3_75965694,,hard_negative_gate,,keep_adjudicated,hard_negative_gate,"{""plm_score"": 9.279574442189187e-06, ""theta"": 0.61, ""delta"": 0.08, ""llm_says_match"": false}",2,medium
products_1_1367517|products_2_44178154,,hard_negative_gate,,keep_adjudicated,hard_negative_gate,"{""plm_score"": 1.2801810953533277e-05, ""theta"": 0.61, ""delta"": 0.08, ""llm_says_match"": false}",2,medium
products_1_1367517|products_3_75907519,,hard_negative_gate,,keep_adjudicated,hard_negative_gate,"{""plm_score"": 1.2585323020175565e-05, ""theta"": 0.61, ""delta"": 0.08, ""llm_says_match"": false}",2,medium
products_1_1367517|products_4_88684927,,hard_negative_gate,,keep_adjudicated,hard_negative_gate,"{""plm_score"": 1.3880590813641902e-05, ""theta"": 0.61, ""delta"": 0.08, ""llm_says_match"": false}",2,medium
products_1_14003017|products_2_51594744,,hard_negative_gate,,keep_adjudicated,hard_negative_gate,"{""plm_score"": 1.747925671224948e-05, ""theta"": 0.61, ""delta"": 0.08, ""llm_says_match"": false}",2,medium
products_1_14003017|products_3_35859576,,hard_negative_gate,,keep_adjudicated,hard_negative_gate,"{""plm_score"": 1.776128374331165e-05, ""theta"": 0.61, ""delta"": 0.08, ""llm_says_match"": false}",2,medium
products_1_14003017|products_4_73644160,,hard_negative_gate,,keep_adjudicated,hard_negative_gate,"{""plm_score"": 1.855050868471153e-05, ""theta"": 0.61, ""delta"": 0.08, ""llm_says_match"": false}",2,medium
products_1_14296399|products_2_79777030,,hard_negative_gate,,keep_adjudicated,hard_negative_gate,"{""plm_score"": 1.3298599697009195e-05, ""theta"": 0.61, ""delta"": 0.08, ""llm_says_match"": false}",2,medium
products_1_14296399|products_2_96091216,,hard_negative_gate,,keep_adjudicated,hard_negative_gate,"{""plm_score"": 1.9661334590637125e-05, ""theta"": 0.61, ""delta"": 0.08, ""llm_says_match"": false}",2,medium
products_1_14296399|products_3_95781031,,hard_negative_gate,,keep_adjudicated,hard_negative_gate,"{""plm_score"": 3.578289761207998e-05, ""theta"": 0.61, ""delta"": 0.08, ""llm_says_match"": false}",2,medium
products_1_14672380|products_2_49236530,,hard_negative_gate,,keep_adjudicated,hard_negative_gate,"{""plm_score"": 0.0002829214499797672, ""theta"": 0.61, ""delta"": 0.08, ""llm_says_match"": false}",2,medium
products_1_14672380|products_3_58345950,,hard_negative_gate,,keep_adjudicated,hard_negative_gate,"{""plm_score"": 2.404211954853963e-05, ""theta"": 0.61, ""delta"": 0.08, ""llm_says_match"": false}",2,medium
products_1_14672380|products_4_93635611,,hard_negative_gate,,keep_adjudicated,hard_negative_gate,"{""plm_score"": 3.600931086111814e-05, ""theta"": 0.61, ""delta"": 0.08, ""llm_says_match"": false}",2,medium
products_1_14715948|products_2_40849884,,hard_negative_gate,,keep_adjudicated,hard_negative_gate,"{""plm_score"": 4.8828762373887e-05, ""theta"": 0.61, ""delta"": 0.08, ""llm_says_match"": false}",2,medium
products_1_14715948|products_3_80509522,,hard_negative_gate,,keep_adjudicated,hard_negative_gate,"{""plm_score"": 0.003566098865121603, ""theta"": 0.61, ""delta"": 0.08, ""llm_says_match"": false}",2,medium
products_1_14715948|products_4_7604703,,hard_negative_gate,,keep_adjudicated,hard_negative_gate,"{""plm_score"": 7.951953739393502e-05, ""theta"": 0.61, ""delta"": 0.08, ""llm_says_match"": false}",2,medium
products_1_1473999|products_2_40217101,,hard_negative_gate,,keep_adjudicated,hard_negative_gate,"{""plm_score"": 2.2232312403502874e-05, ""theta"": 0.61, ""delta"": 0.08, ""llm_says_match"": false}",2,medium
products_1_1473999|products_2_59308229,,hard_negative_gate,,keep_adjudicated,hard_negative_gate,"{""plm_score"": 1.3800602573610377e-05, ""theta"": 0.61, ""delta"": 0.08, ""llm_says_match"": false}",2,medium
products_1_1473999|products_2_7512223,,hard_negative_gate,,keep_adjudicated,hard_negative_gate,"{""plm_score"": 0.002620802726596594, ""theta"": 0.61, ""delta"": 0.08, ""llm_says_match"": false}",2,medium
products_1_1473999|products_2_8399803,,hard_negative_gate,,keep_adjudicated,hard_negative_gate,"{""plm_score"": 0.0001412265992257744, ""theta"": 0.61, ""delta"": 0.08, ""llm_says_match"": false}",2,medium
products_1_1473999|products_3_13012302,,hard_negative_gate,,keep_adjudicated,hard_negative_gate,"{""plm_score"": 4.882657231064513e-05, ""theta"": 0.61, ""delta"": 0.08, ""llm_says_match"": false}",2,medium
products_1_1473999|products_3_16359336,,hard_negative_gate,,keep_adjudicated,hard_negative_gate,"{""plm_score"": 0.00029722615727223456, ""theta"": 0.61, ""delta"": 0.08, ""llm_says_match"": false}",2,medium
products_1_1473999|products_3_53085468,,hard_negative_gate,,keep_adjudicated,hard_negative_gate,"{""plm_score"": 2.279521504533477e-05, ""theta"": 0.61, ""delta"": 0.08, ""llm_says_match"": false}",2,medium
products_1_1473999|products_3_93741977,,hard_negative_gate,,keep_adjudicated,hard_negative_gate,"{""plm_score"": 1.688289012236055e-05, ""theta"": 0.61, ""delta"": 0.08, ""llm_says_match"": false}",2,medium
products_1_1473999|products_4_24831556,,hard_negative_gate,,keep_adjudicated,hard_negative_gate,"{""plm_score"": 0.0007267458131536841, ""theta"": 0.61, ""delta"": 0.08, ""llm_says_match"": false}",2,medium
products_1_1473999|products_4_39947591,,hard_negative_gate,,keep_adjudicated,hard_negative_gate,"{""plm_score"": 0.0024719741195440292, ""theta"": 0.61, ""delta"": 0.08, ""llm_says_match"": false}",2,medium
products_1_1473999|products_4_5531813,,hard_negative_gate,,keep_adjudicated,hard_negative_gate,"{""plm_score"": 4.375218122731894e-05, ""theta"": 0.61, ""delta"": 0.08, ""llm_says_match"": false}",2,medium
products_1_14942978|products_2_9479923,,hard_negative_gate,,keep_adjudicated,hard_negative_gate,"{""plm_score"": 1.2664896530623082e-05, ""theta"": 0.61, ""delta"": 0.08, ""llm_says_match"": false}",2,medium
products_1_14942978|products_3_13750671,,hard_negative_gate,,keep_adjudicated,hard_negative_gate,"{""plm_score"": 1.2693203643721063e-05, ""theta"": 0.61, ""delta"": 0.08, ""llm_says_match"": false}",2,medium
products_1_14942978|products_4_45991513,,hard_negative_gate,,keep_adjudicated,hard_negative_gate,"{""plm_score"": 3.261135861976072e-05, ""theta"": 0.61, ""delta"": 0.08, ""llm_says_match"": false}",2,medium
products_1_15104574|products_2_82047845,,hard_negative_gate,,keep_adjudicated,hard_negative_gate,"{""plm_score"": 0.23502904176712036, ""theta"": 0.61, ""delta"": 0.08, ""llm_says_match"": false}",2,medium
products_1_15104574|products_2_95232041,,hard_negative_gate,,keep_adjudicated,hard_negative_gate,"{""plm_score"": 0.0001480550126871094, ""theta"": 0.61, ""delta"": 0.08, ""llm_says_match"": false}",2,medium
products_1_15104574|products_3_1901878,,hard_negative_gate,,keep_adjudicated,hard_negative_gate,"{""plm_score"": 0.000173371794517152, ""theta"": 0.61, ""delta"": 0.08, ""llm_says_match"": false}",2,medium
products_1_15104574|products_3_84832709,,hard_negative_gate,,keep_adjudicated,hard_negative_gate,"{""plm_score"": 0.01579352654516697, ""theta"": 0.61, ""delta"": 0.08, ""llm_says_match"": false}",2,medium
products_1_15104574|products_4_6891243,,hard_negative_gate,,keep_adjudicated,hard_negative_gate,"{""plm_score"": 0.015268669463694096, ""theta"": 0.61, ""delta"": 0.08, ""llm_says_match"": false}",2,medium
products_1_15104574|products_4_85163859,,hard_negative_gate,,keep_adjudicated,hard_negative_gate,"{""plm_score"": 0.0021566275972872972, ""theta"": 0.61, ""delta"": 0.08, ""llm_says_match"": false}",2,medium
products_1_1540817|products_2_23403721,,hard_negative_gate,,keep_adjudicated,hard_negative_gate,"{""plm_score"": 1.324334334640298e-05, ""theta"": 0.61, ""delta"": 0.08, ""llm_says_match"": false}",2,medium
products_1_1540817|products_2_53832391,,hard_negative_gate,,keep_adjudicated,hard_negative_gate,"{""plm_score"": 1.2405910638335627e-05, ""theta"": 0.61, ""delta"": 0.08, ""llm_says_match"": false}",2,medium
products_1_1540817|products_3_89757104,,hard_negative_gate,,keep_adjudicated,hard_negative_gate,"{""plm_score"": 1.3545997717301361e-05, ""theta"": 0.61, ""delta"": 0.08, ""llm_says_match"": false}",2,medium
products_1_1540817|products_4_95164652,,hard_negative_gate,,keep_adjudicated,hard_negative_gate,"{""plm_score"": 1.0321532499801833e-05, ""theta"": 0.61, ""delta"": 0.08, ""llm_says_match"": false}",2,medium
products_1_15497680|products_2_69085113,,hard_negative_gate,,keep_adjudicated,hard_negative_gate,"{""plm_score"": 3.921047755284235e-05, ""theta"": 0.61, ""delta"": 0.08, ""llm_says_match"": false}",2,medium
products_1_15497680|products_2_74416344,,hard_negative_gate,,keep_adjudicated,hard_negative_gate,"{""plm_score"": 2.6343668650952168e-05, ""theta"": 0.61, ""delta"": 0.08, ""llm_says_match"": false}",2,medium
products_1_15497680|products_3_75611963,,hard_negative_gate,,keep_adjudicated,hard_negative_gate,"{""plm_score"": 4.197550151729956e-05, ""theta"": 0.61, ""delta"": 0.08, ""llm_says_match"": false}",2,medium
products_1_15497680|products_3_92849384,,hard_negative_gate,,keep_adjudicated,hard_negative_gate,"{""plm_score"": 3.913416003342718e-05, ""theta"": 0.61, ""delta"": 0.08, ""llm_says_match"": false}",2,medium
products_1_15814761|products_2_29122061,,hard_negative_gate,,keep_adjudicated,hard_negative_gate,"{""plm_score"": 7.042712968541309e-05, ""theta"": 0.61, ""delta"": 0.08, ""llm_says_match"": false}",2,medium
products_1_15814761|products_2_8744844,,hard_negative_gate,,keep_adjudicated,hard_negative_gate,"{""plm_score"": 1.6063815564848483e-05, ""theta"": 0.61, ""delta"": 0.08, ""llm_says_match"": false}",2,medium
products_1_15814761|products_2_89337508,,hard_negative_gate,,keep_adjudicated,hard_negative_gate,"{""plm_score"": 1.6021407645894215e-05, ""theta"": 0.61, ""delta"": 0.08, ""llm_says_match"": false}",2,medium
products_1_15814761|products_3_13776933,,hard_negative_gate,,keep_adjudicated,hard_negative_gate,"{""plm_score"": 2.204027259722352e-05, ""theta"": 0.61, ""delta"": 0.08, ""llm_says_match"": false}",2,medium
products_1_15814761|products_3_30401137,,hard_negative_gate,,keep_adjudicated,hard_negative_gate,"{""plm_score"": 0.00014005799312144518, ""theta"": 0.61, ""delta"": 0.08, ""llm_says_match"": false}",2,medium
products_1_15814761|products_3_72591161,,hard_negative_gate,,keep_adjudicated,hard_negative_gate,"{""plm_score"": 1.426181825081585e-05, ""theta"": 0.61, ""delta"": 0.08, ""llm_says_match"": false}",2,medium
products_1_15814761|products_4_31300259,,hard_negative_gate,,keep_adjudicated,hard_negative_gate,"{""plm_score"": 3.016085429408122e-05, ""theta"": 0.61, ""delta"": 0.08, ""llm_says_match"": false}",2,medium
products_1_15814761|products_4_43034969,,hard_negative_gate,,keep_adjudicated,hard_negative_gate,"{""plm_score"": 0.00014005799312144518, ""theta"": 0.61, ""delta"": 0.08, ""llm_says_match"": false}",2,medium
products_1_15814761|products_4_98055812,,hard_negative_gate,,keep_adjudicated,hard_negative_gate,"{""plm_score"": 1.0798635230457876e-05, ""theta"": 0.61, ""delta"": 0.08, ""llm_says_match"": false}",2,medium
products_1_15871125|products_2_62294539,,hard_negative_gate,,keep_adjudicated,hard_negative_gate,"{""plm_score"": 1.542496647743974e-05, ""theta"": 0.61, ""delta"": 0.08, ""llm_says_match"": false}",2,medium
products_1_15871125|products_2_68972507,,hard_negative_gate,,keep_adjudicated,hard_negative_gate,"{""plm_score"": 1.6404748748755082e-05, ""theta"": 0.61, ""delta"": 0.08, ""llm_says_match"": false}",2,medium
products_1_15871125|products_3_62958901,,hard_negative_gate,,keep_adjudicated,hard_negative_gate,"{""plm_score"": 9.154696272162255e-06, ""theta"": 0.61, ""delta"": 0.08, ""llm_says_match"": false}",2,medium
products_1_15871125|products_3_72277333,,hard_negative_gate,,keep_adjudicated,hard_negative_gate,"{""plm_score"": 3.752423799596727e-05, ""theta"": 0.61, ""delta"": 0.08, ""llm_says_match"": false}",2,medium
products_1_15871125|products_4_22363612,,hard_negative_gate,,keep_adjudicated,hard_negative_gate,"{""plm_score"": 0.0002582998131401837, ""theta"": 0.61, ""delta"": 0.08, ""llm_says_match"": false}",2,medium
products_1_16121684|products_2_12723662,,hard_negative_gate,,keep_adjudicated,hard_negative_gate,"{""plm_score"": 6.45372856524773e-05, ""theta"": 0.61, ""delta"": 0.08, ""llm_says_match"": false}",2,medium
products_1_16121684|products_3_37315116,,hard_negative_gate,,keep_adjudicated,hard_negative_gate,"{""plm_score"": 4.000573608209379e-05, ""theta"": 0.61, ""delta"": 0.08, ""llm_says_match"": false}",2,medium
products_1_16121684|products_4_40505365,,hard_negative_gate,,keep_adjudicated,hard_negative_gate,"{""plm_score"": 6.662777013843879e-05, ""theta"": 0.61, ""delta"": 0.08, ""llm_says_match"": false}",2,medium
products_1_16588524|products_2_23846849,,hard_negative_gate,,keep_adjudicated,hard_negative_gate,"{""plm_score"": 1.781821993063204e-05, ""theta"": 0.61, ""delta"": 0.08, ""llm_says_match"": false}",2,medium
products_1_16588524|products_2_62425231,,hard_negative_gate,,keep_adjudicated,hard_negative_gate,"{""plm_score"": 0.0031427955254912376, ""theta"": 0.61, ""delta"": 0.08, ""llm_says_match"": false}",2,medium
products_1_16588524|products_2_9437121,,hard_negative_gate,,keep_adjudicated,hard_negative_gate,"{""plm_score"": 3.719380038091913e-05, ""theta"": 0.61, ""delta"": 0.08, ""llm_says_match"": false}",2,medium
products_1_16588524|products_3_1175526,,hard_negative_gate,,keep_adjudicated,hard_negative_gate,"{""plm_score"": 0.08787165582180023, ""theta"": 0.61, ""delta"": 0.08, ""llm_says_match"": false}",2,medium
products_1_16588524|products_3_19242534,,hard_negative_gate,,keep_adjudicated,hard_negative_gate,"{""plm_score"": 4.0295664803124964e-05, ""theta"": 0.61, ""delta"": 0.08, ""llm_says_match"": false}",2,medium
products_1_16588524|products_3_96863812,,hard_negative_gate,,keep_adjudicated,hard_negative_gate,"{""plm_score"": 1.4189618013915606e-05, ""theta"": 0.61, ""delta"": 0.08, ""llm_says_match"": false}",2,medium
products_1_16588524|products_4_12726597,,hard_negative_gate,,keep_adjudicated,hard_negative_gate,"{""plm_score"": 0.0004177042283117771, ""theta"": 0.61, ""delta"": 0.08, ""llm_says_match"": false}",2,medium
products_1_16588524|products_4_67265186,,hard_negative_gate,,keep_adjudicated,hard_negative_gate,"{""plm_score"": 0.004492596257477999, ""theta"": 0.61, ""delta"": 0.08, ""llm_says_match"": false}",2,medium
products_1_16677973|products_2_44989963,,hard_negative_gate,,keep_adjudicated,hard_negative_gate,"{""plm_score"": 0.0001396275474689901, ""theta"": 0.61, ""delta"": 0.08, ""llm_says_match"": false}",2,medium
products_1_16677973|products_3_20847402,,hard_negative_gate,,keep_adjudicated,hard_negative_gate,"{""plm_score"": 0.0004999315715394914, ""theta"": 0.61, ""delta"": 0.08, ""llm_says_match"": false}",2,medium
products_1_16677973|products_4_46182260,,hard_negative_gate,,keep_adjudicated,hard_negative_gate,"{""plm_score"": 0.0010481550125405192, ""theta"": 0.61, ""delta"": 0.08, ""llm_says_match"": false}",2,medium
products_1_16849538|products_2_54323125,,hard_negative_gate,,keep_adjudicated,hard_negative_gate,"{""plm_score"": 1.6889234757400118e-05, ""theta"": 0.61, ""delta"": 0.08, ""llm_says_match"": false}",2,medium
products_1_16849538|products_2_7582500,,hard_negative_gate,,keep_adjudicated,hard_negative_gate,"{""plm_score"": 2.8745056624757126e-05, ""theta"": 0.61, ""delta"": 0.08, ""llm_says_match"": false}",2,medium
products_1_16849538|products_2_95926675,,hard_negative_gate,,keep_adjudicated,hard_negative_gate,"{""plm_score"": 1.3276766367198434e-05, ""theta"": 0.61, ""delta"": 0.08, ""llm_says_match"": false}",2,medium
products_1_16849538|products_2_96833745,,hard_negative_gate,,keep_adjudicated,hard_negative_gate,"{""plm_score"": 4.940026701660827e-05, ""theta"": 0.61, ""delta"": 0.08, ""llm_says_match"": false}",2,medium
products_1_16849538|products_3_19590182,,hard_negative_gate,,keep_adjudicated,hard_negative_gate,"{""plm_score"": 0.012337110936641693, ""theta"": 0.61, ""delta"": 0.08, ""llm_says_match"": false}",2,medium
products_1_16849538|products_3_5160662,,hard_negative_gate,,keep_adjudicated,hard_negative_gate,"{""plm_score"": 0.0001130361997638829, ""theta"": 0.61, ""delta"": 0.08, ""llm_says_match"": false}",2,medium
products_1_16849538|products_3_53357791,,hard_negative_gate,,keep_adjudicated,hard_negative_gate,"{""plm_score"": 1.3466089512803592e-05, ""theta"": 0.61, ""delta"": 0.08, ""llm_says_match"": false}",2,medium
products_1_16849538|products_3_55014203,,hard_negative_gate,,keep_adjudicated,hard_negative_gate,"{""plm_score"": 1.5788493328727782e-05, ""theta"": 0.61, ""delta"": 0.08, ""llm_says_match"": false}",2,medium
products_1_16849538|products_4_43921466,,hard_negative_gate,,keep_adjudicated,hard_negative_gate,"{""plm_score"": 1.3997169844515156e-05, ""theta"": 0.61, ""delta"": 0.08, ""llm_says_match"": false}",2,medium
products_1_16849538|products_4_70747254,,hard_negative_gate,,keep_adjudicated,hard_negative_gate,"{""plm_score"": 0.00020785930973943323, ""theta"": 0.61, ""delta"": 0.08, ""llm_says_match"": false}",2,medium
products_1_16849538|products_4_85120676,,hard_negative_gate,,keep_adjudicated,hard_negative_gate,"{""plm_score"": 1.6401290849898942e-05, ""theta"": 0.61, ""delta"": 0.08, ""llm_says_match"": false}",2,medium
products_1_17026507|products_2_24656762,,hard_negative_gate,,keep_adjudicated,hard_negative_gate,"{""plm_score"": 8.259445166913792e-05, ""theta"": 0.61, ""delta"": 0.08, ""llm_says_match"": false}",2,medium
products_1_17026507|products_3_42834782,,hard_negative_gate,,keep_adjudicated,hard_negative_gate,"{""plm_score"": 0.0006702645914629102, ""theta"": 0.61, ""delta"": 0.08, ""llm_says_match"": false}",2,medium
products_1_17026507|products_4_62044328,,hard_negative_gate,,keep_adjudicated,hard_negative_gate,"{""plm_score"": 4.7901226935209706e-05, ""theta"": 0.61, ""delta"": 0.08, ""llm_says_match"": false}",2,medium
products_1_17054433|products_2_53832391,,hard_negative_gate,,keep_adjudicated,hard_negative_gate,"{""plm_score"": 0.00022686852025799453, ""theta"": 0.61, ""delta"": 0.08, ""llm_says_match"": false}",2,medium
products_1_17054433|products_3_89757104,,hard_negative_gate,,keep_adjudicated,hard_negative_gate,"{""plm_score"": 4.7115740017034113e-05, ""theta"": 0.61, ""delta"": 0.08, ""llm_says_match"": false}",2,medium
products_1_17054433|products_4_95164652,,hard_negative_gate,,keep_adjudicated,hard_negative_gate,"{""plm_score"": 4.3853728129761294e-05, ""theta"": 0.61, ""delta"": 0.08, ""llm_says_match"": false}",2,medium
products_1_17129011|products_2_190485,,hard_negative_gate,,keep_adjudicated,hard_negative_gate,"{""plm_score"": 2.6342160708736628e-05, ""theta"": 0.61, ""delta"": 0.08, ""llm_says_match"": false}",2,medium
products_1_17129011|products_2_2855231,,hard_negative_gate,,keep_adjudicated,hard_negative_gate,"{""plm_score"": 0.04286210983991623, ""theta"": 0.61, ""delta"": 0.08, ""llm_says_match"": false}",2,medium
products_1_17129011|products_3_70423243,,hard_negative_gate,,keep_adjudicated,hard_negative_gate,"{""plm_score"": 3.592887514969334e-05, ""theta"": 0.61, ""delta"": 0.08, ""llm_says_match"": false}",2,medium
products_1_17129011|products_3_83797388,,hard_negative_gate,,keep_adjudicated,hard_negative_gate,"{""plm_score"": 0.0003526677028276026, ""theta"": 0.61, ""delta"": 0.08, ""llm_says_match"": false}",2,medium
products_1_17129011|products_4_98695487,,hard_negative_gate,,keep_adjudicated,hard_negative_gate,"{""plm_score"": 0.005437490530312061, ""theta"": 0.61, ""delta"": 0.08, ""llm_says_match"": false}",2,medium
products_1_17229793|products_2_69985226,,hard_negative_gate,,keep_adjudicated,hard_negative_gate,"{""plm_score"": 1.432079170626821e-05, ""theta"": 0.61, ""delta"": 0.08, ""llm_says_match"": false}",2,medium
products_1_17229793|products_2_8846424,,hard_negative_gate,,keep_adjudicated,hard_negative_gate,"{""plm_score"": 0.0004339591832831502, ""theta"": 0.61, ""delta"": 0.08, ""llm_says_match"": false}",2,medium
products_1_17229793|products_3_17471458,,hard_negative_gate,,keep_adjudicated,hard_negative_gate,"{""plm_score"": 0.0009774899808689952, ""theta"": 0.61, ""delta"": 0.08, ""llm_says_match"": false}",2,medium
products_1_17229793|products_4_20551993,,hard_negative_gate,,keep_adjudicated,hard_negative_gate,"{""plm_score"": 0.00016570127627346665, ""theta"": 0.61, ""delta"": 0.08, ""llm_says_match"": false}",2,medium
products_1_17291157|products_2_8140562,,hard_negative_gate,,keep_adjudicated,hard_negative_gate,"{""plm_score"": 0.001446963520720601, ""theta"": 0.61, ""delta"": 0.08, ""llm_says_match"": false}",2,medium
products_1_17291157|products_3_56789120,,hard_negative_gate,,keep_adjudicated,hard_negative_gate,"{""plm_score"": 0.0004465644888114184, ""theta"": 0.61, ""delta"": 0.08, ""llm_says_match"": false}",2,medium
products_1_17291157|products_4_89105953,,hard_negative_gate,,keep_adjudicated,hard_negative_gate,"{""plm_score"": 0.003568582236766815, ""theta"": 0.61, ""delta"": 0.08, ""llm_says_match"": false}",2,medium
products_1_17432451|products_2_49222969,,hard_negative_gate,,keep_adjudicated,hard_negative_gate,"{""plm_score"": 0.9999662637710571, ""theta"": 0.61, ""delta"": 0.08, ""llm_says_match"": false}",2,medium
products_1_17432451|products_2_58630412,,hard_negative_gate,,keep_adjudicated,hard_negative_gate,"{""plm_score"": 2.022370790655259e-05, ""theta"": 0.61, ""delta"": 0.08, ""llm_says_match"": false}",2,medium
products_1_17432451|products_2_90054170,,hard_negative_gate,,keep_adjudicated,hard_negative_gate,"{""plm_score"": 0.0007562786340713501, ""theta"": 0.61, ""delta"": 0.08, ""llm_says_match"": false}",2,medium
products_1_17432451|products_3_10180465,,hard_negative_gate,,keep_adjudicated,hard_negative_gate,"{""plm_score"": 0.005570323672145605, ""theta"": 0.61, ""delta"": 0.08, ""llm_says_match"": false}",2,medium
products_1_17432451|products_3_54755582,,hard_negative_gate,,keep_adjudicated,hard_negative_gate,"{""plm_score"": 2.31046142289415e-05, ""theta"": 0.61, ""delta"": 0.08, ""llm_says_match"": false}",2,medium
products_1_17432451|products_3_63864528,,hard_negative_gate,,keep_adjudicated,hard_negative_gate,"{""plm_score"": 0.004079875070601702, ""theta"": 0.61, ""delta"": 0.08, ""llm_says_match"": false}",2,medium
products_1_17432451|products_4_15026681,,hard_negative_gate,,keep_adjudicated,hard_negative_gate,"{""plm_score"": 0.00021013538935221732, ""theta"": 0.61, ""delta"": 0.08, ""llm_says_match"": false}",2,medium
products_1_17432451|products_4_60529926,,hard_negative_gate,,keep_adjudicated,hard_negative_gate,"{""plm_score"": 1.9257666281191632e-05, ""theta"": 0.61, ""delta"": 0.08, ""llm_says_match"": false}",2,medium
products_1_17432451|products_4_6875909,,hard_negative_gate,,keep_adjudicated,hard_negative_gate,"{""plm_score"": 0.001850384520366788, ""theta"": 0.61, ""delta"": 0.08, ""llm_says_match"": false}",2,medium
products_1_17720716|products_2_80771543,,hard_negative_gate,,keep_adjudicated,hard_negative_gate,"{""plm_score"": 1.3755220606981311e-05, ""theta"": 0.61, ""delta"": 0.08, ""llm_says_match"": false}",2,medium
products_1_17720716|products_2_82447973,,hard_negative_gate,,keep_adjudicated,hard_negative_gate,"{""plm_score"": 9.912768291542307e-06, ""theta"": 0.61, ""delta"": 0.08, ""llm_says_match"": false}",2,medium
products_1_17720716|products_3_87415090,,hard_negative_gate,,keep_adjudicated,hard_negative_gate,"{""plm_score"": 3.843913145828992e-05, ""theta"": 0.61, ""delta"": 0.08, ""llm_says_match"": false}",2,medium
products_1_17720716|products_3_92359618,,hard_negative_gate,,keep_adjudicated,hard_negative_gate,"{""plm_score"": 7.825904503988568e-06, ""theta"": 0.61, ""delta"": 0.08, ""llm_says_match"": false}",2,medium
products_1_17720716|products_4_32608895,,hard_negative_gate,,keep_adjudicated,hard_negative_gate,"{""plm_score"": 1.3273550393932965e-05, ""theta"": 0.61, ""delta"": 0.08, ""llm_says_match"": false}",2,medium
products_1_17720716|products_4_98882167,,hard_negative_gate,,keep_adjudicated,hard_negative_gate,"{""plm_score"": 4.442127465154044e-05, ""theta"": 0.61, ""delta"": 0.08, ""llm_says_match"": false}",2,medium
products_1_17824343|products_2_14472962,,hard_negative_gate,,keep_adjudicated,hard_negative_gate,"{""plm_score"": 0.00013290575589053333, ""theta"": 0.61, ""delta"": 0.08, ""llm_says_match"": false}",2,medium
products_1_17824343|products_3_43128365,,hard_negative_gate,,keep_adjudicated,hard_negative_gate,"{""plm_score"": 0.0005256254225969315, ""theta"": 0.61, ""delta"": 0.08, ""llm_says_match"": false}",2,medium
products_1_17824343|products_4_76849133,,hard_negative_gate,,keep_adjudicated,hard_negative_gate,"{""plm_score"": 2.9739518140559085e-05, ""theta"": 0.61, ""delta"": 0.08, ""llm_says_match"": false}",2,medium
products_1_17943|products_2_25272574,,hard_negative_gate,,keep_adjudicated,hard_negative_gate,"{""plm_score"": 1.8999762687599286e-05, ""theta"": 0.61, ""delta"": 0.08, ""llm_says_match"": false}",2,medium
products_1_17943|products_2_28943612,,hard_negative_gate,,keep_adjudicated,hard_negative_gate,"{""plm_score"": 1.1103624274255708e-05, ""theta"": 0.61, ""delta"": 0.08, ""llm_says_match"": false}",2,medium
products_1_17943|products_2_75126756,,hard_negative_gate,,keep_adjudicated,hard_negative_gate,"{""plm_score"": 6.893193494761363e-05, ""theta"": 0.61, ""delta"": 0.08, ""llm_says_match"": false}",2,medium
products_1_17943|products_3_10474555,,hard_negative_gate,,keep_adjudicated,hard_negative_gate,"{""plm_score"": 3.081961767747998e-05, ""theta"": 0.61, ""delta"": 0.08, ""llm_says_match"": false}",2,medium
products_1_17943|products_3_31264010,,hard_negative_gate,,keep_adjudicated,hard_negative_gate,"{""plm_score"": 1.0999232472386211e-05, ""theta"": 0.61, ""delta"": 0.08, ""llm_says_match"": false}",2,medium
products_1_17943|products_3_32508960,,hard_negative_gate,,keep_adjudicated,hard_negative_gate,"{""plm_score"": 3.0466237149084918e-05, ""theta"": 0.61, ""delta"": 0.08, ""llm_says_match"": false}",2,medium
products_1_17943|products_4_33164035,,hard_negative_gate,,keep_adjudicated,hard_negative_gate,"{""plm_score"": 1.5051537957333494e-05, ""theta"": 0.61, ""delta"": 0.08, ""llm_says_match"": false}",2,medium
products_1_17943|products_4_51895464,,hard_negative_gate,,keep_adjudicated,hard_negative_gate,"{""plm_score"": 0.00014012050814926624, ""theta"": 0.61, ""delta"": 0.08, ""llm_says_match"": false}",2,medium
products_1_17943|products_4_98508641,,hard_negative_gate,,keep_adjudicated,hard_negative_gate,"{""plm_score"": 2.0147612303844653e-05, ""theta"": 0.61, ""delta"": 0.08, ""llm_says_match"": false}",2,medium
products_1_1829549|products_2_51932172,,hard_negative_gate,,keep_adjudicated,hard_negative_gate,"{""plm_score"": 2.155990296159871e-05, ""theta"": 0.61, ""delta"": 0.08, ""llm_says_match"": false}",2,medium
products_1_1829549|products_2_82047845,,hard_negative_gate,,keep_adjudicated,hard_negative_gate,"{""plm_score"": 3.6336048651719466e-05, ""theta"": 0.61, ""delta"": 0.08, ""llm_says_match"": false}",2,medium
products_1_1829549|products_3_47613152,,hard_negative_gate,,keep_adjudicated,hard_negative_gate,"{""plm_score"": 2.6203906600130722e-05, ""theta"": 0.61, ""delta"": 0.08, ""llm_says_match"": false}",2,medium
products_1_1829549|products_3_84832709,,hard_negative_gate,,keep_adjudicated,hard_negative_gate,"{""plm_score"": 4.6222943637985736e-05, ""theta"": 0.61, ""delta"": 0.08, ""llm_says_match"": false}",2,medium
products_1_1829549|products_4_51893803,,hard_negative_gate,,keep_adjudicated,hard_negative_gate,"{""plm_score"": 3.0562852771254256e-05, ""theta"": 0.61, ""delta"": 0.08, ""llm_says_match"": false}",2,medium
products_1_1829549|products_4_85163859,,hard_negative_gate,,keep_adjudicated,hard_negative_gate,"{""plm_score"": 3.260429730289616e-05, ""theta"": 0.61, ""delta"": 0.08, ""llm_says_match"": false}",2,medium
products_1_18327954|products_2_40673968,,hard_negative_gate,,keep_adjudicated,hard_negative_gate,"{""plm_score"": 1.3734732419834472e-05, ""theta"": 0.61, ""delta"": 0.08, ""llm_says_match"": false}",2,medium
products_1_18327954|products_2_44526661,,hard_negative_gate,,keep_adjudicated,hard_negative_gate,"{""plm_score"": 1.5674699170631357e-05, ""theta"": 0.61, ""delta"": 0.08, ""llm_says_match"": false}",2,medium
products_1_18327954|products_3_44887933,,hard_negative_gate,,keep_adjudicated,hard_negative_gate,"{""plm_score"": 1.0915842722170055e-05, ""theta"": 0.61, ""delta"": 0.08, ""llm_says_match"": false}",2,medium
products_1_18327954|products_3_47203545,,hard_negative_gate,,keep_adjudicated,hard_negative_gate,"{""plm_score"": 1.1428838661231566e-05, ""theta"": 0.61, ""delta"": 0.08, ""llm_says_match"": false}",2,medium
products_1_18327954|products_4_48671221,,hard_negative_gate,,keep_adjudicated,hard_negative_gate,"{""plm_score"": 1.351247829006752e-05, ""theta"": 0.61, ""delta"": 0.08, ""llm_says_match"": false}",2,medium
products_1_18327954|products_4_58788480,,hard_negative_gate,,keep_adjudicated,hard_negative_gate,"{""plm_score"": 1.4944595022825524e-05, ""theta"": 0.61, ""delta"": 0.08, ""llm_says_match"": false}",2,medium
products_1_18374077|products_2_17820388,,hard_negative_gate,,keep_adjudicated,hard_negative_gate,"{""plm_score"": 1.1246450412727427e-05, ""theta"": 0.61, ""delta"": 0.08, ""llm_says_match"": false}",2,medium
products_1_18374077|products_3_51422423,,hard_negative_gate,,keep_adjudicated,hard_negative_gate,"{""plm_score"": 1.8441818610881455e-05, ""theta"": 0.61, ""delta"": 0.08, ""llm_says_match"": false}",2,medium
products_1_18374077|products_4_67087419,,hard_negative_gate,,keep_adjudicated,hard_negative_gate,"{""plm_score"": 1.8673299564397894e-05, ""theta"": 0.61, ""delta"": 0.08, ""llm_says_match"": false}",2,medium
products_1_18406024|products_2_18162965,,hard_negative_gate,,keep_adjudicated,hard_negative_gate,"{""plm_score"": 0.8837717771530151, ""theta"": 0.61, ""delta"": 0.08, ""llm_says_match"": false}",2,medium
products_1_18406024|products_2_23403721,,hard_negative_gate,,keep_adjudicated,hard_negative_gate,"{""plm_score"": 1.957551830855664e-05, ""theta"": 0.61, ""delta"": 0.08, ""llm_says_match"": false}",2,medium
products_1_18406024|products_2_60381598,,hard_negative_gate,,keep_adjudicated,hard_negative_gate,"{""plm_score"": 3.1122181098908186e-05, ""theta"": 0.61, ""delta"": 0.08, ""llm_says_match"": false}",2,medium
products_1_18406024|products_2_67083681,,hard_negative_gate,,keep_adjudicated,hard_negative_gate,"{""plm_score"": 0.0001246129540959373, ""theta"": 0.61, ""delta"": 0.08, ""llm_says_match"": false}",2,medium
products_1_18406024|products_3_24481611,,hard_negative_gate,,keep_adjudicated,hard_negative_gate,"{""plm_score"": 0.008301077410578728, ""theta"": 0.61, ""delta"": 0.08, ""llm_says_match"": false}",2,medium
products_1_18406024|products_3_29238178,,hard_negative_gate,,keep_adjudicated,hard_negative_gate,"{""plm_score"": 0.0014220657758414745, ""theta"": 0.61, ""delta"": 0.08, ""llm_says_match"": false}",2,medium
products_1_18406024|products_3_91946031,,hard_negative_gate,,keep_adjudicated,hard_negative_gate,"{""plm_score"": 1.6034857253544033e-05, ""theta"": 0.61, ""delta"": 0.08, ""llm_says_match"": false}",2,medium
products_1_18406024|products_4_50037592,,hard_negative_gate,,keep_adjudicated,hard_negative_gate,"{""plm_score"": 0.0016018640017136931, ""theta"": 0.61, ""delta"": 0.08, ""llm_says_match"": false}",2,medium
products_1_18406024|products_4_50127391,,hard_negative_gate,,keep_adjudicated,hard_negative_gate,"{""plm_score"": 1.6783409591880627e-05, ""theta"": 0.61, ""delta"": 0.08, ""llm_says_match"": false}",2,medium
products_1_18406024|products_4_84931549,,hard_negative_gate,,keep_adjudicated,hard_negative_gate,"{""plm_score"": 2.1656198441633023e-05, ""theta"": 0.61, ""delta"": 0.08, ""llm_says_match"": false}",2,medium
products_1_18451047|products_2_22689923,,hard_negative_gate,,keep_adjudicated,hard_negative_gate,"{""plm_score"": 1.0469054359418806e-05, ""theta"": 0.61, ""delta"": 0.08, ""llm_says_match"": false}",2,medium
products_1_18451047|products_2_3708141,,hard_negative_gate,,keep_adjudicated,hard_negative_gate,"{""plm_score"": 1.0673489668988623e-05, ""theta"": 0.61, ""delta"": 0.08, ""llm_says_match"": false}",2,medium
products_1_18451047|products_3_17406325,,hard_negative_gate,,keep_adjudicated,hard_negative_gate,"{""plm_score"": 1.1879041267093271e-05, ""theta"": 0.61, ""delta"": 0.08, ""llm_says_match"": false}",2,medium
products_1_18451047|products_3_22646558,,hard_negative_gate,,keep_adjudicated,hard_negative_gate,"{""plm_score"": 1.2056674677296542e-05, ""theta"": 0.61, ""delta"": 0.08, ""llm_says_match"": false}",2,medium
products_1_18451047|products_4_23589087,,hard_negative_gate,,keep_adjudicated,hard_negative_gate,"{""plm_score"": 1.1300732694508042e-05, ""theta"": 0.61, ""delta"": 0.08, ""llm_says_match"": false}",2,medium
products_1_18451047|products_4_60975501,,hard_negative_gate,,keep_adjudicated,hard_negative_gate,"{""plm_score"": 1.8430513591738418e-05, ""theta"": 0.61, ""delta"": 0.08, ""llm_says_match"": false}",2,medium
products_1_1854084|products_2_53832391,,hard_negative_gate,,keep_adjudicated,hard_negative_gate,"{""plm_score"": 1.0882436981773935e-05, ""theta"": 0.61, ""delta"": 0.08, ""llm_says_match"": false}",2,medium
products_1_1854084|products_3_89757104,,hard_negative_gate,,keep_adjudicated,hard_negative_gate,"{""plm_score"": 1.2712597708741669e-05, ""theta"": 0.61, ""delta"": 0.08, ""llm_says_match"": false}",2,medium
products_1_1854084|products_4_95164652,,hard_negative_gate,,keep_adjudicated,hard_negative_gate,"{""plm_score"": 8.53877736517461e-06, ""theta"": 0.61, ""delta"": 0.08, ""llm_says_match"": false}",2,medium
products_1_19049152|products_2_25115691,,hard_negative_gate,,keep_adjudicated,hard_negative_gate,"{""plm_score"": 9.83007612376241e-06, ""theta"": 0.61, ""delta"": 0.08, ""llm_says_match"": false}",2,medium
products_1_19049152|products_2_55043002,,hard_negative_gate,,keep_adjudicated,hard_negative_gate,"{""plm_score"": 0.3745497763156891, ""theta"": 0.61, ""delta"": 0.08, ""llm_says_match"": false}",2,medium
products_1_19049152|products_3_1842835,,hard_negative_gate,,keep_adjudicated,hard_negative_gate,"{""plm_score"": 0.00018339595408178866, ""theta"": 0.61, ""delta"": 0.08, ""llm_says_match"": false}",2,medium
products_1_19049152|products_3_32217553,,hard_negative_gate,,keep_adjudicated,hard_negative_gate,"{""plm_score"": 0.9998571872711182, ""theta"": 0.61, ""delta"": 0.08, ""llm_says_match"": false}",2,medium
products_1_19049152|products_4_21732474,,hard_negative_gate,,keep_adjudicated,hard_negative_gate,"{""plm_score"": 0.26540407538414, ""theta"": 0.61, ""delta"": 0.08, ""llm_says_match"": false}",2,medium
products_1_19049152|products_4_24345927,,hard_negative_gate,,keep_adjudicated,hard_negative_gate,"{""plm_score"": 1.5049269677547272e-05, ""theta"": 0.61, ""delta"": 0.08, ""llm_says_match"": false}",2,medium
products_1_19052491|products_2_14653650,,hard_negative_gate,,keep_adjudicated,hard_negative_gate,"{""plm_score"": 0.00028581233345903456, ""theta"": 0.61, ""delta"": 0.08, ""llm_says_match"": false}",2,medium
products_1_19052491|products_3_18402228,,hard_negative_gate,,keep_adjudicated,hard_negative_gate,"{""plm_score"": 9.440894791623577e-05, ""theta"": 0.61, ""delta"": 0.08, ""llm_says_match"": false}",2,medium
products_1_19052491|products_4_66415332,,hard_negative_gate,,keep_adjudicated,hard_negative_gate,"{""plm_score"": 9.440894791623577e-05, ""theta"": 0.61, ""delta"": 0.08, ""llm_says_match"": false}",2,medium
products_1_19453676|products_2_51143371,,hard_negative_gate,,keep_adjudicated,hard_negative_gate,"{""plm_score"": 0.0024324406404048204, ""theta"": 0.61, ""delta"": 0.08, ""llm_says_match"": false}",2,medium
products_1_19453676|products_2_53399405,,hard_negative_gate,,keep_adjudicated,hard_negative_gate,"{""plm_score"": 7.791760435793549e-05, ""theta"": 0.61, ""delta"": 0.08, ""llm_says_match"": false}",2,medium
products_1_19453676|products_3_19222593,,hard_negative_gate,,keep_adjudicated,hard_negative_gate,"{""plm_score"": 0.0007139202207326889, ""theta"": 0.61, ""delta"": 0.08, ""llm_says_match"": false}",2,medium
products_1_19453676|products_3_23321687,,hard_negative_gate,,keep_adjudicated,hard_negative_gate,"{""plm_score"": 0.015465157106518745, ""theta"": 0.61, ""delta"": 0.08, ""llm_says_match"": false}",2,medium
products_1_19453676|products_4_7178022,,hard_negative_gate,,keep_adjudicated,hard_negative_gate,"{""plm_score"": 9.13945768843405e-05, ""theta"": 0.61, ""delta"": 0.08, ""llm_says_match"": false}",2,medium
products_1_19453676|products_4_81530115,,hard_negative_gate,,keep_adjudicated,hard_negative_gate,"{""plm_score"": 0.0012766715371981263, ""theta"": 0.61, ""delta"": 0.08, ""llm_says_match"": false}",2,medium
products_1_19547445|products_2_26597061,,hard_negative_gate,,keep_adjudicated,hard_negative_gate,"{""plm_score"": 0.019416823983192444, ""theta"": 0.61, ""delta"": 0.08, ""llm_says_match"": false}",2,medium
products_1_19547445|products_3_33754739,,hard_negative_gate,,keep_adjudicated,hard_negative_gate,"{""plm_score"": 6.254882464418188e-05, ""theta"": 0.61, ""delta"": 0.08, ""llm_says_match"": false}",2,medium
products_1_19547445|products_4_37637412,,hard_negative_gate,,keep_adjudicated,hard_negative_gate,"{""plm_score"": 0.0005473623750731349, ""theta"": 0.61, ""delta"": 0.08, ""llm_says_match"": false}",2,medium
products_1_1962458|products_2_4872514,,hard_negative_gate,,keep_adjudicated,hard_negative_gate,"{""plm_score"": 0.009334171190857887, ""theta"": 0.61, ""delta"": 0.08, ""llm_says_match"": false}",2,medium
products_1_1962458|products_3_44041944,,hard_negative_gate,,keep_adjudicated,hard_negative_gate,"{""plm_score"": 6.458308780565858e-05, ""theta"": 0.61, ""delta"": 0.08, ""llm_says_match"": false}",2,medium
products_1_1962458|products_4_84892227,,hard_negative_gate,,keep_adjudicated,hard_negative_gate,"{""plm_score"": 2.6407078621559776e-05, ""theta"": 0.61, ""delta"": 0.08, ""llm_says_match"": false}",2,medium
products_1_19701782|products_2_8988689,,hard_negative_gate,,keep_adjudicated,hard_negative_gate,"{""plm_score"": 0.002252965932711959, ""theta"": 0.61, ""delta"": 0.08, ""llm_says_match"": false}",2,medium
products_1_19701782|products_3_47917137,,hard_negative_gate,,keep_adjudicated,hard_negative_gate,"{""plm_score"": 0.00016353859973605722, ""theta"": 0.61, ""delta"": 0.08, ""llm_says_match"": false}",2,medium
products_1_19807424|products_2_81606120,,hard_negative_gate,,keep_adjudicated,hard_negative_gate,"{""plm_score"": 0.9992874264717102, ""theta"": 0.61, ""delta"": 0.08, ""llm_says_match"": false}",2,medium
products_1_19807424|products_3_57836531,,hard_negative_gate,,keep_adjudicated,hard_negative_gate,"{""plm_score"": 0.9768953323364258, ""theta"": 0.61, ""delta"": 0.08, ""llm_says_match"": false}",2,medium
products_1_19807424|products_4_81517755,,hard_negative_gate,,keep_adjudicated,hard_negative_gate,"{""plm_score"": 0.9199661016464233, ""theta"": 0.61, ""delta"": 0.08, ""llm_says_match"": false}",2,medium
products_1_1993958|products_2_58681055,,hard_negative_gate,,keep_adjudicated,hard_negative_gate,"{""plm_score"": 0.0001937108754646033, ""theta"": 0.61, ""delta"": 0.08, ""llm_says_match"": false}",2,medium
products_1_20248469|products_2_41580587,,hard_negative_gate,,keep_adjudicated,hard_negative_gate,"{""plm_score"": 3.0708633858012035e-05, ""theta"": 0.61, ""delta"": 0.08, ""llm_says_match"": false}",2,medium
products_1_20248469|products_2_80184260,,hard_negative_gate,,keep_adjudicated,hard_negative_gate,"{""plm_score"": 0.0003469580551609397, ""theta"": 0.61, ""delta"": 0.08, ""llm_says_match"": false}",2,medium
products_1_20248469|products_2_88687859,,hard_negative_gate,,keep_adjudicated,hard_negative_gate,"{""plm_score"": 1.1405037184886169e-05, ""theta"": 0.61, ""delta"": 0.08, ""llm_says_match"": false}",2,medium
products_1_20248469|products_3_22323468,,hard_negative_gate,,keep_adjudicated,hard_negative_gate,"{""plm_score"": 0.00021688890410587192, ""theta"": 0.61, ""delta"": 0.08, ""llm_says_match"": false}",2,medium
products_1_20248469|products_3_64499514,,hard_negative_gate,,keep_adjudicated,hard_negative_gate,"{""plm_score"": 1.2907040400023106e-05, ""theta"": 0.61, ""delta"": 0.08, ""llm_says_match"": false}",2,medium
products_1_20248469|products_4_70763343,,hard_negative_gate,,keep_adjudicated,hard_negative_gate,"{""plm_score"": 4.353854092187248e-05, ""theta"": 0.61, ""delta"": 0.08, ""llm_says_match"": false}",2,medium
products_1_20248469|products_4_98406611,,hard_negative_gate,,keep_adjudicated,hard_negative_gate,"{""plm_score"": 0.00016314859385602176, ""theta"": 0.61, ""delta"": 0.08, ""llm_says_match"": false}",2,medium
products_1_20317030|products_2_51143371,,hard_negative_gate,,keep_adjudicated,hard_negative_gate,"{""plm_score"": 5.755474921897985e-05, ""theta"": 0.61, ""delta"": 0.08, ""llm_says_match"": false}",2,medium
products_1_20317030|products_2_52572370,,hard_negative_gate,,keep_adjudicated,hard_negative_gate,"{""plm_score"": 0.0318601131439209, ""theta"": 0.61, ""delta"": 0.08, ""llm_says_match"": false}",2,medium
products_1_20317030|products_3_23321687,,hard_negative_gate,,keep_adjudicated,hard_negative_gate,"{""plm_score"": 0.0009097214788198471, ""theta"": 0.61, ""delta"": 0.08, ""llm_says_match"": false}",2,medium
products_1_20317030|products_3_84240107,,hard_negative_gate,,keep_adjudicated,hard_negative_gate,"{""plm_score"": 0.0012768023880198598, ""theta"": 0.61, ""delta"": 0.08, ""llm_says_match"": false}",2,medium
products_1_20317030|products_4_81530115,,hard_negative_gate,,keep_adjudicated,hard_negative_gate,"{""plm_score"": 3.124136492260732e-05, ""theta"": 0.61, ""delta"": 0.08, ""llm_says_match"": false}",2,medium
products_1_20598122|products_2_68724654,,hard_negative_gate,,keep_adjudicated,hard_negative_gate,"{""plm_score"": 0.00010132647003047168, ""theta"": 0.61, ""delta"": 0.08, ""llm_says_match"": false}",2,medium
products_1_20876912|products_2_95363633,,hard_negative_gate,,keep_adjudicated,hard_negative_gate,"{""plm_score"": 0.0001377513981424272, ""theta"": 0.61, ""delta"": 0.08, ""llm_says_match"": false}",2,medium
products_1_20885341|products_2_14720640,,hard_negative_gate,,keep_adjudicated,hard_negative_gate,"{""plm_score"": 1.9174851331626996e-05, ""theta"": 0.61, ""delta"": 0.08, ""llm_says_match"": false}",2,medium
products_1_20885341|products_2_41211362,,hard_negative_gate,,keep_adjudicated,hard_negative_gate,"{""plm_score"": 3.0024710213183425e-05, ""theta"": 0.61, ""delta"": 0.08, ""llm_says_match"": false}",2,medium
products_1_20885341|products_2_74416344,,hard_negative_gate,,keep_adjudicated,hard_negative_gate,"{""plm_score"": 2.4839011530275457e-05, ""theta"": 0.61, ""delta"": 0.08, ""llm_says_match"": false}",2,medium
products_1_20885341|products_2_91504889,,hard_negative_gate,,keep_adjudicated,hard_negative_gate,"{""plm_score"": 8.552818326279521e-05, ""theta"": 0.61, ""delta"": 0.08, ""llm_says_match"": false}",2,medium
products_1_20885341|products_3_17652897,,hard_negative_gate,,keep_adjudicated,hard_negative_gate,"{""plm_score"": 2.0384246454341337e-05, ""theta"": 0.61, ""delta"": 0.08, ""llm_says_match"": false}",2,medium
products_1_20885341|products_3_58718563,,hard_negative_gate,,keep_adjudicated,hard_negative_gate,"{""plm_score"": 0.001215190626680851, ""theta"": 0.61, ""delta"": 0.08, ""llm_says_match"": false}",2,medium
products_1_20885341|products_3_75611963,,hard_negative_gate,,keep_adjudicated,hard_negative_gate,"{""plm_score"": 6.893186218803748e-05, ""theta"": 0.61, ""delta"": 0.08, ""llm_says_match"": false}",2,medium
products_1_20885341|products_3_91452319,,hard_negative_gate,,keep_adjudicated,hard_negative_gate,"{""plm_score"": 1.1483826710900757e-05, ""theta"": 0.61, ""delta"": 0.08, ""llm_says_match"": false}",2,medium
products_1_20885341|products_4_3817876,,hard_negative_gate,,keep_adjudicated,hard_negative_gate,"{""plm_score"": 2.3284799681277946e-05, ""theta"": 0.61, ""delta"": 0.08, ""llm_says_match"": false}",2,medium
products_1_20885341|products_4_60276763,,hard_negative_gate,,keep_adjudicated,hard_negative_gate,"{""plm_score"": 1.776128374331165e-05, ""theta"": 0.61, ""delta"": 0.08, ""llm_says_match"": false}",2,medium
products_1_20885341|products_4_68607451,,hard_negative_gate,,keep_adjudicated,hard_negative_gate,"{""plm_score"": 5.1477840315783396e-05, ""theta"": 0.61, ""delta"": 0.08, ""llm_says_match"": false}",2,medium
products_1_20960713|products_2_41211362,,hard_negative_gate,,keep_adjudicated,hard_negative_gate,"{""plm_score"": 1.7190146536449902e-05, ""theta"": 0.61, ""delta"": 0.08, ""llm_says_match"": false}",2,medium
products_1_20960713|products_2_42633194,,hard_negative_gate,,keep_adjudicated,hard_negative_gate,"{""plm_score"": 0.9259058833122253, ""theta"": 0.61, ""delta"": 0.08, ""llm_says_match"": false}",2,medium
products_1_20960713|products_2_53310090,,hard_negative_gate,,keep_adjudicated,hard_negative_gate,"{""plm_score"": 1.495456035627285e-05, ""theta"": 0.61, ""delta"": 0.08, ""llm_says_match"": false}",2,medium
products_1_20960713|products_2_55156660,,hard_negative_gate,,keep_adjudicated,hard_negative_gate,"{""plm_score"": 1.704586793493945e-05, ""theta"": 0.61, ""delta"": 0.08, ""llm_says_match"": false}",2,medium
products_1_20960713|products_2_8856665,,hard_negative_gate,,keep_adjudicated,hard_negative_gate,"{""plm_score"": 4.288073250791058e-05, ""theta"": 0.61, ""delta"": 0.08, ""llm_says_match"": false}",2,medium
products_1_20960713|products_3_10282129,,hard_negative_gate,,keep_adjudicated,hard_negative_gate,"{""plm_score"": 9.999712347052991e-06, ""theta"": 0.61, ""delta"": 0.08, ""llm_says_match"": false}",2,medium
products_1_20960713|products_3_25273904,,hard_negative_gate,,keep_adjudicated,hard_negative_gate,"{""plm_score"": 1.2062494533893187e-05, ""theta"": 0.61, ""delta"": 0.08, ""llm_says_match"": false}",2,medium
products_1_20960713|products_3_26401991,,hard_negative_gate,,keep_adjudicated,hard_negative_gate,"{""plm_score"": 0.9729536771774292, ""theta"": 0.61, ""delta"": 0.08, ""llm_says_match"": false}",2,medium
products_1_20960713|products_3_89809523,,hard_negative_gate,,keep_adjudicated,hard_negative_gate,"{""plm_score"": 2.5699049729155377e-05, ""theta"": 0.61, ""delta"": 0.08, ""llm_says_match"": false}",2,medium
products_1_20960713|products_3_91452319,,hard_negative_gate,,keep_adjudicated,hard_negative_gate,"{""plm_score"": 1.0795237358252052e-05, ""theta"": 0.61, ""delta"": 0.08, ""llm_says_match"": false}",2,medium
products_1_20960713|products_4_15158591,,hard_negative_gate,,keep_adjudicated,hard_negative_gate,"{""plm_score"": 1.1488317795738112e-05, ""theta"": 0.61, ""delta"": 0.08, ""llm_says_match"": false}",2,medium
products_1_20960713|products_4_3817876,,hard_negative_gate,,keep_adjudicated,hard_negative_gate,"{""plm_score"": 1.4603211639041547e-05, ""theta"": 0.61, ""delta"": 0.08, ""llm_says_match"": false}",2,medium
products_1_20960713|products_4_65070554,,hard_negative_gate,,keep_adjudicated,hard_negative_gate,"{""plm_score"": 0.9995834231376648, ""theta"": 0.61, ""delta"": 0.08, ""llm_says_match"": false}",2,medium
products_1_21357223|products_2_78404862,,hard_negative_gate,,keep_adjudicated,hard_negative_gate,"{""plm_score"": 0.00012176855670986697, ""theta"": 0.61, ""delta"": 0.08, ""llm_says_match"": false}",2,medium
products_1_21357223|products_3_60360264,,hard_negative_gate,,keep_adjudicated,hard_negative_gate,"{""plm_score"": 0.002890325617045164, ""theta"": 0.61, ""delta"": 0.08, ""llm_says_match"": false}",2,medium
products_1_21663730|products_2_82047845,,hard_negative_gate,,keep_adjudicated,hard_negative_gate,"{""plm_score"": 0.0005656496505253017, ""theta"": 0.61, ""delta"": 0.08, ""llm_says_match"": false}",2,medium
products_1_21663730|products_3_84832709,,hard_negative_gate,,keep_adjudicated,hard_negative_gate,"{""plm_score"": 7.91914135334082e-05, ""theta"": 0.61, ""delta"": 0.08, ""llm_says_match"": false}",2,medium
products_1_21663730|products_4_85163859,,hard_negative_gate,,keep_adjudicated,hard_negative_gate,"{""plm_score"": 3.2582796848146245e-05, ""theta"": 0.61, ""delta"": 0.08, ""llm_says_match"": false}",2,medium
products_1_21683669|products_2_17046235,,hard_negative_gate,,keep_adjudicated,hard_negative_gate,"{""plm_score"": 0.00014742824714630842, ""theta"": 0.61, ""delta"": 0.08, ""llm_says_match"": false}",2,medium
products_1_21683669|products_3_64998693,,hard_negative_gate,,keep_adjudicated,hard_negative_gate,"{""plm_score"": 3.469342482276261e-05, ""theta"": 0.61, ""delta"": 0.08, ""llm_says_match"": false}",2,medium
products_1_22055981|products_2_19692190,,hard_negative_gate,,keep_adjudicated,hard_negative_gate,"{""plm_score"": 0.9999332427978516, ""theta"": 0.61, ""delta"": 0.08, ""llm_says_match"": false}",2,medium
products_1_22055981|products_2_21600802,,hard_negative_gate,,keep_adjudicated,hard_negative_gate,"{""plm_score"": 3.101939364569262e-05, ""theta"": 0.61, ""delta"": 0.08, ""llm_says_match"": false}",2,medium
products_1_22055981|products_3_21655957,,hard_negative_gate,,keep_adjudicated,hard_negative_gate,"{""plm_score"": 2.095342097163666e-05, ""theta"": 0.61, ""delta"": 0.08, ""llm_says_match"": false}",2,medium
products_1_22055981|products_3_2996010,,hard_negative_gate,,keep_adjudicated,hard_negative_gate,"{""plm_score"": 0.9999608993530273, ""theta"": 0.61, ""delta"": 0.08, ""llm_says_match"": false}",2,medium
products_1_22055981|products_4_35999871,,hard_negative_gate,,keep_adjudicated,hard_negative_gate,"{""plm_score"": 1.8472586816642433e-05, ""theta"": 0.61, ""delta"": 0.08, ""llm_says_match"": false}",2,medium
products_1_22326836|products_2_10041015,,hard_negative_gate,,keep_adjudicated,hard_negative_gate,"{""plm_score"": 4.4574080675374717e-05, ""theta"": 0.61, ""delta"": 0.08, ""llm_says_match"": false}",2,medium
products_1_22326836|products_3_15572167,,hard_negative_gate,,keep_adjudicated,hard_negative_gate,"{""plm_score"": 3.452121381997131e-05, ""theta"": 0.61, ""delta"": 0.08, ""llm_says_match"": false}",2,medium
products_1_2237933|products_2_36176263,,hard_negative_gate,,keep_adjudicated,hard_negative_gate,"{""plm_score"": 1.7620428479858674e-05, ""theta"": 0.61, ""delta"": 0.08, ""llm_says_match"": false}",2,medium
products_1_2237933|products_2_52338887,,hard_negative_gate,,keep_adjudicated,hard_negative_gate,"{""plm_score"": 7.601347897434607e-05, ""theta"": 0.61, ""delta"": 0.08, ""llm_says_match"": false}",2,medium
products_1_2237933|products_2_59082251,,hard_negative_gate,,keep_adjudicated,hard_negative_gate,"{""plm_score"": 4.869929762207903e-05, ""theta"": 0.61, ""delta"": 0.08, ""llm_says_match"": false}",2,medium
products_1_2237933|products_3_61496289,,hard_negative_gate,,keep_adjudicated,hard_negative_gate,"{""plm_score"": 5.6050485000014305e-05, ""theta"": 0.61, ""delta"": 0.08, ""llm_says_match"": false}",2,medium
products_1_2237933|products_3_61906477,,hard_negative_gate,,keep_adjudicated,hard_negative_gate,"{""plm_score"": 1.3978414244775195e-05, ""theta"": 0.61, ""delta"": 0.08, ""llm_says_match"": false}",2,medium
products_1_2237933|products_3_89550243,,hard_negative_gate,,keep_adjudicated,hard_negative_gate,"{""plm_score"": 9.512048563919961e-05, ""theta"": 0.61, ""delta"": 0.08, ""llm_says_match"": false}",2,medium
products_1_2237933|products_4_95938519,,hard_negative_gate,,keep_adjudicated,hard_negative_gate,"{""plm_score"": 0.1926553100347519, ""theta"": 0.61, ""delta"": 0.08, ""llm_says_match"": false}",2,medium
products_1_22415142|products_2_22689923,,hard_negative_gate,,keep_adjudicated,hard_negative_gate,"{""plm_score"": 3.2852803997229785e-05, ""theta"": 0.61, ""delta"": 0.08, ""llm_says_match"": false}",2,medium
products_1_22415142|products_2_73989902,,hard_negative_gate,,keep_adjudicated,hard_negative_gate,"{""plm_score"": 1.4137169273453765e-05, ""theta"": 0.61, ""delta"": 0.08, ""llm_says_match"": false}",2,medium
products_1_22415142|products_2_93767928,,hard_negative_gate,,keep_adjudicated,hard_negative_gate,"{""plm_score"": 2.427480649203062e-05, ""theta"": 0.61, ""delta"": 0.08, ""llm_says_match"": false}",2,medium
products_1_22415142|products_3_17406325,,hard_negative_gate,,keep_adjudicated,hard_negative_gate,"{""plm_score"": 1.3697805115953088e-05, ""theta"": 0.61, ""delta"": 0.08, ""llm_says_match"": false}",2,medium
products_1_22415142|products_3_84077826,,hard_negative_gate,,keep_adjudicated,hard_negative_gate,"{""plm_score"": 9.694488653622102e-06, ""theta"": 0.61, ""delta"": 0.08, ""llm_says_match"": false}",2,medium
products_1_22415142|products_3_8832468,,hard_negative_gate,,keep_adjudicated,hard_negative_gate,"{""plm_score"": 4.154722046223469e-05, ""theta"": 0.61, ""delta"": 0.08, ""llm_says_match"": false}",2,medium
products_1_22415142|products_4_23589087,,hard_negative_gate,,keep_adjudicated,hard_negative_gate,"{""plm_score"": 2.5541339709889144e-05, ""theta"": 0.61, ""delta"": 0.08, ""llm_says_match"": false}",2,medium
products_1_22415142|products_4_30847749,,hard_negative_gate,,keep_adjudicated,hard_negative_gate,"{""plm_score"": 2.544475137256086e-05, ""theta"": 0.61, ""delta"": 0.08, ""llm_says_match"": false}",2,medium
products_1_22415142|products_4_55414812,,hard_negative_gate,,keep_adjudicated,hard_negative_gate,"{""plm_score"": 8.234941560658626e-06, ""theta"": 0.61, ""delta"": 0.08, ""llm_says_match"": false}",2,medium
products_1_22660911|products_2_4078281,,hard_negative_gate,,keep_adjudicated,hard_negative_gate,"{""plm_score"": 1.3645483704749495e-05, ""theta"": 0.61, ""delta"": 0.08, ""llm_says_match"": false}",2,medium
products_1_22660911|products_2_42633194,,hard_negative_gate,,keep_adjudicated,hard_negative_gate,"{""plm_score"": 0.0004323243338149041, ""theta"": 0.61, ""delta"": 0.08, ""llm_says_match"": false}",2,medium
products_1_22660911|products_2_87579134,,hard_negative_gate,,keep_adjudicated,hard_negative_gate,"{""plm_score"": 0.00019611683092080057, ""theta"": 0.61, ""delta"": 0.08, ""llm_says_match"": false}",2,medium
products_1_22660911|products_3_26401991,,hard_negative_gate,,keep_adjudicated,hard_negative_gate,"{""plm_score"": 0.00019362333114258945, ""theta"": 0.61, ""delta"": 0.08, ""llm_says_match"": false}",2,medium
products_1_22660911|products_3_69955627,,hard_negative_gate,,keep_adjudicated,hard_negative_gate,"{""plm_score"": 4.3951782572548836e-05, ""theta"": 0.61, ""delta"": 0.08, ""llm_says_match"": false}",2,medium
products_1_22660911|products_3_80488178,,hard_negative_gate,,keep_adjudicated,hard_negative_gate,"{""plm_score"": 4.98950612382032e-05, ""theta"": 0.61, ""delta"": 0.08, ""llm_says_match"": false}",2,medium
products_1_22660911|products_4_56844385,,hard_negative_gate,,keep_adjudicated,hard_negative_gate,"{""plm_score"": 0.00016127829439938068, ""theta"": 0.61, ""delta"": 0.08, ""llm_says_match"": false}",2,medium
products_1_22660911|products_4_65070554,,hard_negative_gate,,keep_adjudicated,hard_negative_gate,"{""plm_score"": 0.0006101362523622811, ""theta"": 0.61, ""delta"": 0.08, ""llm_says_match"": false}",2,medium
products_1_22682562|products_2_40217101,,hard_negative_gate,,keep_adjudicated,hard_negative_gate,"{""plm_score"": 1.695944411039818e-05, ""theta"": 0.61, ""delta"": 0.08, ""llm_says_match"": false}",2,medium
products_1_22682562|products_3_53085468,,hard_negative_gate,,keep_adjudicated,hard_negative_gate,"{""plm_score"": 9.920286174747162e-06, ""theta"": 0.61, ""delta"": 0.08, ""llm_says_match"": false}",2,medium
products_1_22682562|products_4_5531813,,hard_negative_gate,,keep_adjudicated,hard_negative_gate,"{""plm_score"": 1.732926284603309e-05, ""theta"": 0.61, ""delta"": 0.08, ""llm_says_match"": false}",2,medium
products_1_22872122|products_2_55212927,,hard_negative_gate,,keep_adjudicated,hard_negative_gate,"{""plm_score"": 5.093911386211403e-05, ""theta"": 0.61, ""delta"": 0.08, ""llm_says_match"": false}",2,medium
products_1_22872122|products_3_67323222,,hard_negative_gate,,keep_adjudicated,hard_negative_gate,"{""plm_score"": 6.781408592360094e-05, ""theta"": 0.61, ""delta"": 0.08, ""llm_says_match"": false}",2,medium
products_1_22872122|products_4_17952554,,hard_negative_gate,,keep_adjudicated,hard_negative_gate,"{""plm_score"": 6.509797094622627e-05, ""theta"": 0.61, ""delta"": 0.08, ""llm_says_match"": false}",2,medium
products_1_23333093|products_2_52338887,,hard_negative_gate,,keep_adjudicated,hard_negative_gate,"{""plm_score"": 9.459257853450254e-06, ""theta"": 0.61, ""delta"": 0.08, ""llm_says_match"": false}",2,medium
products_1_23333093|products_3_89550243,,hard_negative_gate,,keep_adjudicated,hard_negative_gate,"{""plm_score"": 8.798608178040013e-06, ""theta"": 0.61, ""delta"": 0.08, ""llm_says_match"": false}",2,medium
products_1_23418968|products_2_14266147,,hard_negative_gate,,keep_adjudicated,hard_negative_gate,"{""plm_score"": 0.00026265543419867754, ""theta"": 0.61, ""delta"": 0.08, ""llm_says_match"": false}",2,medium
products_1_23418968|products_2_3427495,,hard_negative_gate,,keep_adjudicated,hard_negative_gate,"{""plm_score"": 0.7620751857757568, ""theta"": 0.61, ""delta"": 0.08, ""llm_says_match"": false}",2,medium
products_1_23418968|products_2_56280047,,hard_negative_gate,,keep_adjudicated,hard_negative_gate,"{""plm_score"": 3.60722369805444e-05, ""theta"": 0.61, ""delta"": 0.08, ""llm_says_match"": false}",2,medium
products_1_23418968|products_3_52751720,,hard_negative_gate,,keep_adjudicated,hard_negative_gate,"{""plm_score"": 0.00018817436648532748, ""theta"": 0.61, ""delta"": 0.08, ""llm_says_match"": false}",2,medium
products_1_23418968|products_3_55948609,,hard_negative_gate,,keep_adjudicated,hard_negative_gate,"{""plm_score"": 0.9499002695083618, ""theta"": 0.61, ""delta"": 0.08, ""llm_says_match"": false}",2,medium
products_1_23418968|products_3_67086760,,hard_negative_gate,,keep_adjudicated,hard_negative_gate,"{""plm_score"": 0.9981256127357483, ""theta"": 0.61, ""delta"": 0.08, ""llm_says_match"": false}",2,medium
products_1_23418968|products_4_17106657,,hard_negative_gate,,keep_adjudicated,hard_negative_gate,"{""plm_score"": 0.9768088459968567, ""theta"": 0.61, ""delta"": 0.08, ""llm_says_match"": false}",2,medium
products_1_23418968|products_4_57859900,,hard_negative_gate,,keep_adjudicated,hard_negative_gate,"{""plm_score"": 5.110030178911984e-05, ""theta"": 0.61, ""delta"": 0.08, ""llm_says_match"": false}",2,medium
products_1_23622857|products_2_14997181,,hard_negative_gate,,keep_adjudicated,hard_negative_gate,"{""plm_score"": 0.7597968578338623, ""theta"": 0.61, ""delta"": 0.08, ""llm_says_match"": false}",2,medium
products_1_23622857|products_2_64818764,,hard_negative_gate,,keep_adjudicated,hard_negative_gate,"{""plm_score"": 7.902755896793678e-05, ""theta"": 0.61, ""delta"": 0.08, ""llm_says_match"": false}",2,medium
products_1_23622857|products_3_18997869,,hard_negative_gate,,keep_adjudicated,hard_negative_gate,"{""plm_score"": 0.9990529417991638, ""theta"": 0.61, ""delta"": 0.08, ""llm_says_match"": false}",2,medium
products_1_23622857|products_3_69466458,,hard_negative_gate,,keep_adjudicated,hard_negative_gate,"{""plm_score"": 5.527524263015948e-05, ""theta"": 0.61, ""delta"": 0.08, ""llm_says_match"": false}",2,medium
products_1_23622857|products_4_22519203,,hard_negative_gate,,keep_adjudicated,hard_negative_gate,"{""plm_score"": 0.018330780789256096, ""theta"": 0.61, ""delta"": 0.08, ""llm_says_match"": false}",2,medium
products_1_23694723|products_2_95926675,,hard_negative_gate,,keep_adjudicated,hard_negative_gate,"{""plm_score"": 4.4173055357532576e-05, ""theta"": 0.61, ""delta"": 0.08, ""llm_says_match"": false}",2,medium
products_1_23694723|products_3_53357791,,hard_negative_gate,,keep_adjudicated,hard_negative_gate,"{""plm_score"": 4.846075898967683e-05, ""theta"": 0.61, ""delta"": 0.08, ""llm_says_match"": false}",2,medium
products_1_23694723|products_4_43921466,,hard_negative_gate,,keep_adjudicated,hard_negative_gate,"{""plm_score"": 0.0004168084415141493, ""theta"": 0.61, ""delta"": 0.08, ""llm_says_match"": false}",2,medium
products_1_23748436|products_2_14505369,,hard_negative_gate,,keep_adjudicated,hard_negative_gate,"{""plm_score"": 0.9998149275779724, ""theta"": 0.61, ""delta"": 0.08, ""llm_says_match"": false}",2,medium
products_1_23748436|products_3_44201512,,hard_negative_gate,,keep_adjudicated,hard_negative_gate,"{""plm_score"": 0.9917859435081482, ""theta"": 0.61, ""delta"": 0.08, ""llm_says_match"": false}",2,medium
products_1_23748436|products_4_33078127,,hard_negative_gate,,keep_adjudicated,hard_negative_gate,"{""plm_score"": 0.9972192049026489, ""theta"": 0.61, ""delta"": 0.08, ""llm_says_match"": false}",2,medium
products_1_23766798|products_2_68972507,,hard_negative_gate,,keep_adjudicated,hard_negative_gate,"{""plm_score"": 0.00035772606497630477, ""theta"": 0.61, ""delta"": 0.08, ""llm_says_match"": false}",2,medium
products_1_23766798|products_3_72277333,,hard_negative_gate,,keep_adjudicated,hard_negative_gate,"{""plm_score"": 0.0010498155606910586, ""theta"": 0.61, ""delta"": 0.08, ""llm_says_match"": false}",2,medium
products_1_24025819|products_2_95968974,,hard_negative_gate,,keep_adjudicated,hard_negative_gate,"{""plm_score"": 5.812894960399717e-05, ""theta"": 0.61, ""delta"": 0.08, ""llm_says_match"": false}",2,medium
products_1_24025819|products_3_36185664,,hard_negative_gate,,keep_adjudicated,hard_negative_gate,"{""plm_score"": 6.819819827796891e-05, ""theta"": 0.61, ""delta"": 0.08, ""llm_says_match"": false}",2,medium
products_1_24025819|products_4_92929142,,hard_negative_gate,,keep_adjudicated,hard_negative_gate,"{""plm_score"": 0.000382413825718686, ""theta"": 0.61, ""delta"": 0.08, ""llm_says_match"": false}",2,medium
products_1_24038266|products_2_68724654,,hard_negative_gate,,keep_adjudicated,hard_negative_gate,"{""plm_score"": 0.00011836678459076211, ""theta"": 0.61, ""delta"": 0.08, ""llm_says_match"": false}",2,medium
products_1_24392640|products_2_30734517,,hard_negative_gate,,keep_adjudicated,hard_negative_gate,"{""plm_score"": 0.08083677291870117, ""theta"": 0.61, ""delta"": 0.08, ""llm_says_match"": false}",2,medium
products_1_24392640|products_2_52312288,,hard_negative_gate,,keep_adjudicated,hard_negative_gate,"{""plm_score"": 0.0027976310811936855, ""theta"": 0.61, ""delta"": 0.08, ""llm_says_match"": false}",2,medium
products_1_24392640|products_3_56686468,,hard_negative_gate,,keep_adjudicated,hard_negative_gate,"{""plm_score"": 0.00017536108498461545, ""theta"": 0.61, ""delta"": 0.08, ""llm_says_match"": false}",2,medium
products_1_24392640|products_3_65966922,,hard_negative_gate,,keep_adjudicated,hard_negative_gate,"{""plm_score"": 0.027764346450567245, ""theta"": 0.61, ""delta"": 0.08, ""llm_says_match"": false}",2,medium
products_1_24614355|products_2_29006522,,hard_negative_gate,,keep_adjudicated,hard_negative_gate,"{""plm_score"": 0.6007536053657532, ""theta"": 0.61, ""delta"": 0.08, ""llm_says_match"": false}",2,medium
products_1_24614355|products_2_9857576,,hard_negative_gate,,keep_adjudicated,hard_negative_gate,"{""plm_score"": 2.993023008457385e-05, ""theta"": 0.61, ""delta"": 0.08, ""llm_says_match"": false}",2,medium
products_1_24614355|products_3_37026032,,hard_negative_gate,,keep_adjudicated,hard_negative_gate,"{""plm_score"": 0.00026422477094456553, ""theta"": 0.61, ""delta"": 0.08, ""llm_says_match"": false}",2,medium
products_1_24614355|products_3_81293471,,hard_negative_gate,,keep_adjudicated,hard_negative_gate,"{""plm_score"": 0.9980758428573608, ""theta"": 0.61, ""delta"": 0.08, ""llm_says_match"": false}",2,medium
products_1_24614355|products_4_71540353,,hard_negative_gate,,keep_adjudicated,hard_negative_gate,"{""plm_score"": 0.012883968651294708, ""theta"": 0.61, ""delta"": 0.08, ""llm_says_match"": false}",2,medium
products_1_24614355|products_4_97231319,,hard_negative_gate,,keep_adjudicated,hard_negative_gate,"{""plm_score"": 0.00011831610754597932, ""theta"": 0.61, ""delta"": 0.08, ""llm_says_match"": false}",2,medium
products_1_24673290|products_2_24656762,,hard_negative_gate,,keep_adjudicated,hard_negative_gate,"{""plm_score"": 0.9994046688079834, ""theta"": 0.61, ""delta"": 0.08, ""llm_says_match"": false}",2,medium
products_1_24673290|products_3_42834782,,hard_negative_gate,,keep_adjudicated,hard_negative_gate,"{""plm_score"": 0.00013940776989329606, ""theta"": 0.61, ""delta"": 0.08, ""llm_says_match"": false}",2,medium
products_1_24673290|products_4_62044328,,hard_negative_gate,,keep_adjudicated,hard_negative_gate,"{""plm_score"": 0.00013077516632620245, ""theta"": 0.61, ""delta"": 0.08, ""llm_says_match"": false}",2,medium
products_1_25370721|products_2_44040429,,hard_negative_gate,,keep_adjudicated,hard_negative_gate,"{""plm_score"": 0.00039844398270361125, ""theta"": 0.61, ""delta"": 0.08, ""llm_says_match"": false}",2,medium
products_1_25370721|products_3_12636108,,hard_negative_gate,,keep_adjudicated,hard_negative_gate,"{""plm_score"": 4.442987483344041e-05, ""theta"": 0.61, ""delta"": 0.08, ""llm_says_match"": false}",2,medium
products_1_25541170|products_2_54049265,,hard_negative_gate,,keep_adjudicated,hard_negative_gate,"{""plm_score"": 0.00011082348646596074, ""theta"": 0.61, ""delta"": 0.08, ""llm_says_match"": false}",2,medium
products_1_25541170|products_2_62604633,,hard_negative_gate,,keep_adjudicated,hard_negative_gate,"{""plm_score"": 0.28950777649879456, ""theta"": 0.61, ""delta"": 0.08, ""llm_says_match"": false}",2,medium
products_1_25541170|products_3_7897792,,hard_negative_gate,,keep_adjudicated,hard_negative_gate,"{""plm_score"": 1.5637209799024276e-05, ""theta"": 0.61, ""delta"": 0.08, ""llm_says_match"": false}",2,medium
products_1_25541170|products_3_84153542,,hard_negative_gate,,keep_adjudicated,hard_negative_gate,"{""plm_score"": 0.9998893737792969, ""theta"": 0.61, ""delta"": 0.08, ""llm_says_match"": false}",2,medium
products_1_25541170|products_4_93836828,,hard_negative_gate,,keep_adjudicated,hard_negative_gate,"{""plm_score"": 0.9999760389328003, ""theta"": 0.61, ""delta"": 0.08, ""llm_says_match"": false}",2,medium
products_1_25573702|products_2_98639536,,hard_negative_gate,,keep_adjudicated,hard_negative_gate,"{""plm_score"": 2.6825502573046833e-05, ""theta"": 0.61, ""delta"": 0.08, ""llm_says_match"": false}",2,medium
products_1_25573702|products_3_78451157,,hard_negative_gate,,keep_adjudicated,hard_negative_gate,"{""plm_score"": 0.00042510658386163414, ""theta"": 0.61, ""delta"": 0.08, ""llm_says_match"": false}",2,medium
products_1_25573702|products_4_85694947,,hard_negative_gate,,keep_adjudicated,hard_negative_gate,"{""plm_score"": 6.577243766514584e-05, ""theta"": 0.61, ""delta"": 0.08, ""llm_says_match"": false}",2,medium
products_1_25933134|products_2_29453941,,hard_negative_gate,,keep_adjudicated,hard_negative_gate,"{""plm_score"": 3.270482557127252e-05, ""theta"": 0.61, ""delta"": 0.08, ""llm_says_match"": false}",2,medium
products_1_25933134|products_2_35831837,,hard_negative_gate,,keep_adjudicated,hard_negative_gate,"{""plm_score"": 2.0832916561630554e-05, ""theta"": 0.61, ""delta"": 0.08, ""llm_says_match"": false}",2,medium
products_1_25933134|products_2_56233286,,hard_negative_gate,,keep_adjudicated,hard_negative_gate,"{""plm_score"": 1.839025571825914e-05, ""theta"": 0.61, ""delta"": 0.08, ""llm_says_match"": false}",2,medium
products_1_25933134|products_3_56489331,,hard_negative_gate,,keep_adjudicated,hard_negative_gate,"{""plm_score"": 8.122663712128997e-05, ""theta"": 0.61, ""delta"": 0.08, ""llm_says_match"": false}",2,medium
products_1_25933134|products_3_73253056,,hard_negative_gate,,keep_adjudicated,hard_negative_gate,"{""plm_score"": 5.956822133157402e-05, ""theta"": 0.61, ""delta"": 0.08, ""llm_says_match"": false}",2,medium
products_1_25933134|products_3_96203949,,hard_negative_gate,,keep_adjudicated,hard_negative_gate,"{""plm_score"": 1.4660744454886299e-05, ""theta"": 0.61, ""delta"": 0.08, ""llm_says_match"": false}",2,medium
products_1_25933134|products_4_58913839,,hard_negative_gate,,keep_adjudicated,hard_negative_gate,"{""plm_score"": 2.5492037821095437e-05, ""theta"": 0.61, ""delta"": 0.08, ""llm_says_match"": false}",2,medium
products_1_26045464|products_2_33848192,,hard_negative_gate,,keep_adjudicated,hard_negative_gate,"{""plm_score"": 1.52063612404163e-05, ""theta"": 0.61, ""delta"": 0.08, ""llm_says_match"": false}",2,medium
products_1_26045464|products_3_82272597,,hard_negative_gate,,keep_adjudicated,hard_negative_gate,"{""plm_score"": 7.304898463189602e-05, ""theta"": 0.61, ""delta"": 0.08, ""llm_says_match"": false}",2,medium
products_1_26353099|products_2_44178154,,hard_negative_gate,,keep_adjudicated,hard_negative_gate,"{""plm_score"": 1.2386073649395257e-05, ""theta"": 0.61, ""delta"": 0.08, ""llm_says_match"": false}",2,medium
products_1_26353099|products_2_94022712,,hard_negative_gate,,keep_adjudicated,hard_negative_gate,"{""plm_score"": 0.00015819136751815677, ""theta"": 0.61, ""delta"": 0.08, ""llm_says_match"": false}",2,medium
products_1_26353099|products_3_21171675,,hard_negative_gate,,keep_adjudicated,hard_negative_gate,"{""plm_score"": 0.000185818164027296, ""theta"": 0.61, ""delta"": 0.08, ""llm_says_match"": false}",2,medium
products_1_26353099|products_3_75907519,,hard_negative_gate,,keep_adjudicated,hard_negative_gate,"{""plm_score"": 1.6099904314614832e-05, ""theta"": 0.61, ""delta"": 0.08, ""llm_says_match"": false}",2,medium
products_1_26353099|products_4_88684927,,hard_negative_gate,,keep_adjudicated,hard_negative_gate,"{""plm_score"": 2.1583253328572027e-05, ""theta"": 0.61, ""delta"": 0.08, ""llm_says_match"": false}",2,medium
products_1_2652480|products_2_14448756,,hard_negative_gate,,keep_adjudicated,hard_negative_gate,"{""plm_score"": 2.9922266548965126e-05, ""theta"": 0.61, ""delta"": 0.08, ""llm_says_match"": false}",2,medium
products_1_2652480|products_2_72827975,,hard_negative_gate,,keep_adjudicated,hard_negative_gate,"{""plm_score"": 0.9786469340324402, ""theta"": 0.61, ""delta"": 0.08, ""llm_says_match"": false}",2,medium
products_1_2652480|products_2_79853164,,hard_negative_gate,,keep_adjudicated,hard_negative_gate,"{""plm_score"": 2.7317348212818615e-05, ""theta"": 0.61, ""delta"": 0.08, ""llm_says_match"": false}",2,medium
products_1_2652480|products_3_28682501,,hard_negative_gate,,keep_adjudicated,hard_negative_gate,"{""plm_score"": 3.340959665365517e-05, ""theta"": 0.61, ""delta"": 0.08, ""llm_says_match"": false}",2,medium
products_1_2652480|products_3_36838708,,hard_negative_gate,,keep_adjudicated,hard_negative_gate,"{""plm_score"": 2.824835064529907e-05, ""theta"": 0.61, ""delta"": 0.08, ""llm_says_match"": false}",2,medium
products_1_2652480|products_3_88489852,,hard_negative_gate,,keep_adjudicated,hard_negative_gate,"{""plm_score"": 2.4244525775429793e-05, ""theta"": 0.61, ""delta"": 0.08, ""llm_says_match"": false}",2,medium
products_1_2652480|products_4_38328055,,hard_negative_gate,,keep_adjudicated,hard_negative_gate,"{""plm_score"": 3.0541585147148e-05, ""theta"": 0.61, ""delta"": 0.08, ""llm_says_match"": false}",2,medium
products_1_2652480|products_4_44988958,,hard_negative_gate,,keep_adjudicated,hard_negative_gate,"{""plm_score"": 5.475026773638092e-05, ""theta"": 0.61, ""delta"": 0.08, ""llm_says_match"": false}",2,medium
products_1_2652480|products_4_87528676,,hard_negative_gate,,keep_adjudicated,hard_negative_gate,"{""plm_score"": 1.1448856639617588e-05, ""theta"": 0.61, ""delta"": 0.08, ""llm_says_match"": false}",2,medium
products_1_26544937|products_2_3690175,,hard_negative_gate,,keep_adjudicated,hard_negative_gate,"{""plm_score"": 0.014702245593070984, ""theta"": 0.61, ""delta"": 0.08, ""llm_says_match"": false}",2,medium
products_1_26544937|products_2_41594394,,hard_negative_gate,,keep_adjudicated,hard_negative_gate,"{""plm_score"": 1.3514862075680867e-05, ""theta"": 0.61, ""delta"": 0.08, ""llm_says_match"": false}",2,medium
products_1_26544937|products_2_74168060,,hard_negative_gate,,keep_adjudicated,hard_negative_gate,"{""plm_score"": 0.35686108469963074, ""theta"": 0.61, ""delta"": 0.08, ""llm_says_match"": false}",2,medium
products_1_26544937|products_3_41306498,,hard_negative_gate,,keep_adjudicated,hard_negative_gate,"{""plm_score"": 1.7537846360937692e-05, ""theta"": 0.61, ""delta"": 0.08, ""llm_says_match"": false}",2,medium
products_1_26544937|products_3_54051972,,hard_negative_gate,,keep_adjudicated,hard_negative_gate,"{""plm_score"": 0.9999163150787354, ""theta"": 0.61, ""delta"": 0.08, ""llm_says_match"": false}",2,medium
products_1_26544937|products_3_87884973,,hard_negative_gate,,keep_adjudicated,hard_negative_gate,"{""plm_score"": 1.7274021956836805e-05, ""theta"": 0.61, ""delta"": 0.08, ""llm_says_match"": false}",2,medium
products_1_26544937|products_4_32492686,,hard_negative_gate,,keep_adjudicated,hard_negative_gate,"{""plm_score"": 0.0001305927144130692, ""theta"": 0.61, ""delta"": 0.08, ""llm_says_match"": false}",2,medium
products_1_26544937|products_4_3550840,,hard_negative_gate,,keep_adjudicated,hard_negative_gate,"{""plm_score"": 0.016786670312285423, ""theta"": 0.61, ""delta"": 0.08, ""llm_says_match"": false}",2,medium
products_1_26544937|products_4_9127388,,hard_negative_gate,,keep_adjudicated,hard_negative_gate,"{""plm_score"": 0.7574160695075989, ""theta"": 0.61, ""delta"": 0.08, ""llm_says_match"": false}",2,medium
products_1_26986926|products_2_12476892,,hard_negative_gate,,keep_adjudicated,hard_negative_gate,"{""plm_score"": 4.520390211837366e-05, ""theta"": 0.61, ""delta"": 0.08, ""llm_says_match"": false}",2,medium
products_1_26986926|products_2_49527122,,hard_negative_gate,,keep_adjudicated,hard_negative_gate,"{""plm_score"": 1.3668170140590519e-05, ""theta"": 0.61, ""delta"": 0.08, ""llm_says_match"": false}",2,medium
products_1_26986926|products_3_23220008,,hard_negative_gate,,keep_adjudicated,hard_negative_gate,"{""plm_score"": 1.2224821148265619e-05, ""theta"": 0.61, ""delta"": 0.08, ""llm_says_match"": false}",2,medium
products_1_26986926|products_3_72117315,,hard_negative_gate,,keep_adjudicated,hard_negative_gate,"{""plm_score"": 3.166443275404163e-05, ""theta"": 0.61, ""delta"": 0.08, ""llm_says_match"": false}",2,medium
products_1_26986926|products_4_231364,,hard_negative_gate,,keep_adjudicated,hard_negative_gate,"{""plm_score"": 1.3165295968065038e-05, ""theta"": 0.61, ""delta"": 0.08, ""llm_says_match"": false}",2,medium
products_1_26986926|products_4_85532046,,hard_negative_gate,,keep_adjudicated,hard_negative_gate,"{""plm_score"": 1.6698524632374756e-05, ""theta"": 0.61, ""delta"": 0.08, ""llm_says_match"": false}",2,medium
products_1_27166335|products_2_29928344,,hard_negative_gate,,keep_adjudicated,hard_negative_gate,"{""plm_score"": 0.9991115927696228, ""theta"": 0.61, ""delta"": 0.08, ""llm_says_match"": false}",2,medium
products_1_27166335|products_3_47160280,,hard_negative_gate,,keep_adjudicated,hard_negative_gate,"{""plm_score"": 0.779205858707428, ""theta"": 0.61, ""delta"": 0.08, ""llm_says_match"": false}",2,medium
products_1_27166335|products_4_86658262,,hard_negative_gate,,keep_adjudicated,hard_negative_gate,"{""plm_score"": 0.46141719818115234, ""theta"": 0.61, ""delta"": 0.08, ""llm_says_match"": false}",2,medium
products_1_27333099|products_2_12476892,,hard_negative_gate,,keep_adjudicated,hard_negative_gate,"{""plm_score"": 0.0003754232020583004, ""theta"": 0.61, ""delta"": 0.08, ""llm_says_match"": false}",2,medium
products_1_27333099|products_2_55562405,,hard_negative_gate,,keep_adjudicated,hard_negative_gate,"{""plm_score"": 1.585288737260271e-05, ""theta"": 0.61, ""delta"": 0.08, ""llm_says_match"": false}",2,medium
products_1_27333099|products_3_23220008,,hard_negative_gate,,keep_adjudicated,hard_negative_gate,"{""plm_score"": 1.4301929695648141e-05, ""theta"": 0.61, ""delta"": 0.08, ""llm_says_match"": false}",2,medium
products_1_27333099|products_3_9744227,,hard_negative_gate,,keep_adjudicated,hard_negative_gate,"{""plm_score"": 1.550930755911395e-05, ""theta"": 0.61, ""delta"": 0.08, ""llm_says_match"": false}",2,medium
products_1_27333099|products_4_231364,,hard_negative_gate,,keep_adjudicated,hard_negative_gate,"{""plm_score"": 1.4791984540352132e-05, ""theta"": 0.61, ""delta"": 0.08, ""llm_says_match"": false}",2,medium
products_1_27333099|products_4_43400546,,hard_negative_gate,,keep_adjudicated,hard_negative_gate,"{""plm_score"": 2.749722079897765e-05, ""theta"": 0.61, ""delta"": 0.08, ""llm_says_match"": false}",2,medium
products_1_27373947|products_2_3708141,,hard_negative_gate,,keep_adjudicated,hard_negative_gate,"{""plm_score"": 5.324028097675182e-05, ""theta"": 0.61, ""delta"": 0.08, ""llm_says_match"": false}",2,medium
products_1_27373947|products_2_56905331,,hard_negative_gate,,keep_adjudicated,hard_negative_gate,"{""plm_score"": 1.5030825124995317e-05, ""theta"": 0.61, ""delta"": 0.08, ""llm_says_match"": false}",2,medium
products_1_27373947|products_3_22646558,,hard_negative_gate,,keep_adjudicated,hard_negative_gate,"{""plm_score"": 8.145366155076772e-05, ""theta"": 0.61, ""delta"": 0.08, ""llm_says_match"": false}",2,medium
products_1_27373947|products_3_57479122,,hard_negative_gate,,keep_adjudicated,hard_negative_gate,"{""plm_score"": 1.986592724279035e-05, ""theta"": 0.61, ""delta"": 0.08, ""llm_says_match"": false}",2,medium
products_1_27373947|products_4_60975501,,hard_negative_gate,,keep_adjudicated,hard_negative_gate,"{""plm_score"": 3.433279925957322e-05, ""theta"": 0.61, ""delta"": 0.08, ""llm_says_match"": false}",2,medium
products_1_27830267|products_2_33899952,,hard_negative_gate,,keep_adjudicated,hard_negative_gate,"{""plm_score"": 1.1352506589901168e-05, ""theta"": 0.61, ""delta"": 0.08, ""llm_says_match"": false}",2,medium
products_1_27830267|products_3_19894635,,hard_negative_gate,,keep_adjudicated,hard_negative_gate,"{""plm_score"": 9.403493095305748e-06, ""theta"": 0.61, ""delta"": 0.08, ""llm_says_match"": false}",2,medium
products_1_27830267|products_4_67563051,,hard_negative_gate,,keep_adjudicated,hard_negative_gate,"{""plm_score"": 9.471453267906327e-06, ""theta"": 0.61, ""delta"": 0.08, ""llm_says_match"": false}",2,medium
products_1_27965637|products_2_11752341,,hard_negative_gate,,keep_adjudicated,hard_negative_gate,"{""plm_score"": 0.9900308847427368, ""theta"": 0.61, ""delta"": 0.08, ""llm_says_match"": false}",2,medium
products_1_27965637|products_2_56905331,,hard_negative_gate,,keep_adjudicated,hard_negative_gate,"{""plm_score"": 0.0002909187169279903, ""theta"": 0.61, ""delta"": 0.08, ""llm_says_match"": false}",2,medium
products_1_27965637|products_2_69277053,,hard_negative_gate,,keep_adjudicated,hard_negative_gate,"{""plm_score"": 0.00022912866552360356, ""theta"": 0.61, ""delta"": 0.08, ""llm_says_match"": false}",2,medium
products_1_27965637|products_3_50802898,,hard_negative_gate,,keep_adjudicated,hard_negative_gate,"{""plm_score"": 7.797386933816597e-05, ""theta"": 0.61, ""delta"": 0.08, ""llm_says_match"": false}",2,medium
products_1_27965637|products_3_57479122,,hard_negative_gate,,keep_adjudicated,hard_negative_gate,"{""plm_score"": 0.7354668974876404, ""theta"": 0.61, ""delta"": 0.08, ""llm_says_match"": false}",2,medium
products_1_27965637|products_3_60655529,,hard_negative_gate,,keep_adjudicated,hard_negative_gate,"{""plm_score"": 0.5146574974060059, ""theta"": 0.61, ""delta"": 0.08, ""llm_says_match"": false}",2,medium
products_1_27965637|products_4_80286980,,hard_negative_gate,,keep_adjudicated,hard_negative_gate,"{""plm_score"": 0.0005198709550313652, ""theta"": 0.61, ""delta"": 0.08, ""llm_says_match"": false}",2,medium
products_1_27965637|products_4_89681182,,hard_negative_gate,,keep_adjudicated,hard_negative_gate,"{""plm_score"": 0.2170955240726471, ""theta"": 0.61, ""delta"": 0.08, ""llm_says_match"": false}",2,medium
products_1_28004815|products_2_23373474,,hard_negative_gate,,keep_adjudicated,hard_negative_gate,"{""plm_score"": 9.99722396954894e-06, ""theta"": 0.61, ""delta"": 0.08, ""llm_says_match"": false}",2,medium
products_1_28004815|products_2_65348210,,hard_negative_gate,,keep_adjudicated,hard_negative_gate,"{""plm_score"": 0.00012810721818823367, ""theta"": 0.61, ""delta"": 0.08, ""llm_says_match"": false}",2,medium
products_1_28004815|products_3_69586730,,hard_negative_gate,,keep_adjudicated,hard_negative_gate,"{""plm_score"": 1.1619282304309309e-05, ""theta"": 0.61, ""delta"": 0.08, ""llm_says_match"": false}",2,medium
products_1_28004815|products_3_77924764,,hard_negative_gate,,keep_adjudicated,hard_negative_gate,"{""plm_score"": 3.7789508496643975e-05, ""theta"": 0.61, ""delta"": 0.08, ""llm_says_match"": false}",2,medium
products_1_28004815|products_4_85028460,,hard_negative_gate,,keep_adjudicated,hard_negative_gate,"{""plm_score"": 1.0696356184780598e-05, ""theta"": 0.61, ""delta"": 0.08, ""llm_says_match"": false}",2,medium
products_1_28204167|products_2_53423507,,hard_negative_gate,,keep_adjudicated,hard_negative_gate,"{""plm_score"": 9.923775360221043e-05, ""theta"": 0.61, ""delta"": 0.08, ""llm_says_match"": false}",2,medium
products_1_28204167|products_3_90466713,,hard_negative_gate,,keep_adjudicated,hard_negative_gate,"{""plm_score"": 0.00017319369362667203, ""theta"": 0.61, ""delta"": 0.08, ""llm_says_match"": false}",2,medium
products_1_28204167|products_4_96520219,,hard_negative_gate,,keep_adjudicated,hard_negative_gate,"{""plm_score"": 5.353868618840352e-05, ""theta"": 0.61, ""delta"": 0.08, ""llm_says_match"": false}",2,medium
products_1_28212814|products_2_77233349,,hard_negative_gate,,keep_adjudicated,hard_negative_gate,"{""plm_score"": 2.7243539079790935e-05, ""theta"": 0.61, ""delta"": 0.08, ""llm_says_match"": false}",2,medium
products_1_28212814|products_3_20661417,,hard_negative_gate,,keep_adjudicated,hard_negative_gate,"{""plm_score"": 2.107992986566387e-05, ""theta"": 0.61, ""delta"": 0.08, ""llm_says_match"": false}",2,medium
products_1_28212814|products_4_33276068,,hard_negative_gate,,keep_adjudicated,hard_negative_gate,"{""plm_score"": 2.2602687749895267e-05, ""theta"": 0.61, ""delta"": 0.08, ""llm_says_match"": false}",2,medium
products_1_28224541|products_2_21600802,,hard_negative_gate,,keep_adjudicated,hard_negative_gate,"{""plm_score"": 1.1600670404732227e-05, ""theta"": 0.61, ""delta"": 0.08, ""llm_says_match"": false}",2,medium
products_1_28224541|products_2_49804654,,hard_negative_gate,,keep_adjudicated,hard_negative_gate,"{""plm_score"": 1.1480136890895665e-05, ""theta"": 0.61, ""delta"": 0.08, ""llm_says_match"": false}",2,medium
products_1_28224541|products_3_21655957,,hard_negative_gate,,keep_adjudicated,hard_negative_gate,"{""plm_score"": 1.3996462257637177e-05, ""theta"": 0.61, ""delta"": 0.08, ""llm_says_match"": false}",2,medium
products_1_28224541|products_3_50764973,,hard_negative_gate,,keep_adjudicated,hard_negative_gate,"{""plm_score"": 1.409715878253337e-05, ""theta"": 0.61, ""delta"": 0.08, ""llm_says_match"": false}",2,medium
products_1_28224541|products_4_35999871,,hard_negative_gate,,keep_adjudicated,hard_negative_gate,"{""plm_score"": 1.0443059181852732e-05, ""theta"": 0.61, ""delta"": 0.08, ""llm_says_match"": false}",2,medium
products_1_28224541|products_4_3899942,,hard_negative_gate,,keep_adjudicated,hard_negative_gate,"{""plm_score"": 9.400838280271273e-06, ""theta"": 0.61, ""delta"": 0.08, ""llm_says_match"": false}",2,medium
products_1_28606757|products_2_11343029,,hard_negative_gate,,keep_adjudicated,hard_negative_gate,"{""plm_score"": 1.8121123503078707e-05, ""theta"": 0.61, ""delta"": 0.08, ""llm_says_match"": false}",2,medium
products_1_28606757|products_2_52606639,,hard_negative_gate,,keep_adjudicated,hard_negative_gate,"{""plm_score"": 1.306902413489297e-05, ""theta"": 0.61, ""delta"": 0.08, ""llm_says_match"": false}",2,medium
products_1_28606757|products_3_76507424,,hard_negative_gate,,keep_adjudicated,hard_negative_gate,"{""plm_score"": 1.3076615687168669e-05, ""theta"": 0.61, ""delta"": 0.08, ""llm_says_match"": false}",2,medium
products_1_28606757|products_3_98500616,,hard_negative_gate,,keep_adjudicated,hard_negative_gate,"{""plm_score"": 1.5569947208859958e-05, ""theta"": 0.61, ""delta"": 0.08, ""llm_says_match"": false}",2,medium
products_1_28606757|products_4_8625921,,hard_negative_gate,,keep_adjudicated,hard_negative_gate,"{""plm_score"": 1.166115362138953e-05, ""theta"": 0.61, ""delta"": 0.08, ""llm_says_match"": false}",2,medium
products_1_28606757|products_4_87067165,,hard_negative_gate,,keep_adjudicated,hard_negative_gate,"{""plm_score"": 1.213583345816005e-05, ""theta"": 0.61, ""delta"": 0.08, ""llm_says_match"": false}",2,medium
products_1_2912414|products_2_36176263,,hard_negative_gate,,keep_adjudicated,hard_negative_gate,"{""plm_score"": 1.8262429875903763e-05, ""theta"": 0.61, ""delta"": 0.08, ""llm_says_match"": false}",2,medium
products_1_2912414|products_2_52338887,,hard_negative_gate,,keep_adjudicated,hard_negative_gate,"{""plm_score"": 1.1582441402424593e-05, ""theta"": 0.61, ""delta"": 0.08, ""llm_says_match"": false}",2,medium
products_1_2912414|products_3_61906477,,hard_negative_gate,,keep_adjudicated,hard_negative_gate,"{""plm_score"": 1.733580938889645e-05, ""theta"": 0.61, ""delta"": 0.08, ""llm_says_match"": false}",2,medium
products_1_2912414|products_3_89550243,,hard_negative_gate,,keep_adjudicated,hard_negative_gate,"{""plm_score"": 7.456623734469758e-06, ""theta"": 0.61, ""delta"": 0.08, ""llm_says_match"": false}",2,medium
products_1_30639668|products_2_1697045,,hard_negative_gate,,keep_adjudicated,hard_negative_gate,"{""plm_score"": 0.9388094544410706, ""theta"": 0.61, ""delta"": 0.08, ""llm_says_match"": false}",2,medium
products_1_30639668|products_3_90625496,,hard_negative_gate,,keep_adjudicated,hard_negative_gate,"{""plm_score"": 0.9373899698257446, ""theta"": 0.61, ""delta"": 0.08, ""llm_says_match"": false}",2,medium
products_1_30639668|products_4_60632785,,hard_negative_gate,,keep_adjudicated,hard_negative_gate,"{""plm_score"": 0.9983507394790649, ""theta"": 0.61, ""delta"": 0.08, ""llm_says_match"": false}",2,medium
products_1_31239709|products_2_1830308,,hard_negative_gate,,keep_adjudicated,hard_negative_gate,"{""plm_score"": 1.3171487807994708e-05, ""theta"": 0.61, ""delta"": 0.08, ""llm_says_match"": false}",2,medium
products_1_31239709|products_2_22018751,,hard_negative_gate,,keep_adjudicated,hard_negative_gate,"{""plm_score"": 1.3908708751841914e-05, ""theta"": 0.61, ""delta"": 0.08, ""llm_says_match"": false}",2,medium
products_1_31239709|products_2_40849884,,hard_negative_gate,,keep_adjudicated,hard_negative_gate,"{""plm_score"": 7.527927664341405e-05, ""theta"": 0.61, ""delta"": 0.08, ""llm_says_match"": false}",2,medium
products_1_31239709|products_3_42008504,,hard_negative_gate,,keep_adjudicated,hard_negative_gate,"{""plm_score"": 1.1028747394448146e-05, ""theta"": 0.61, ""delta"": 0.08, ""llm_says_match"": false}",2,medium
products_1_31239709|products_3_5834181,,hard_negative_gate,,keep_adjudicated,hard_negative_gate,"{""plm_score"": 2.643469451868441e-05, ""theta"": 0.61, ""delta"": 0.08, ""llm_says_match"": false}",2,medium
products_1_31239709|products_3_80509522,,hard_negative_gate,,keep_adjudicated,hard_negative_gate,"{""plm_score"": 0.001743278349749744, ""theta"": 0.61, ""delta"": 0.08, ""llm_says_match"": false}",2,medium
products_1_31239709|products_4_67818648,,hard_negative_gate,,keep_adjudicated,hard_negative_gate,"{""plm_score"": 1.0463924809300806e-05, ""theta"": 0.61, ""delta"": 0.08, ""llm_says_match"": false}",2,medium
products_1_31239709|products_4_7604703,,hard_negative_gate,,keep_adjudicated,hard_negative_gate,"{""plm_score"": 0.0003340788243804127, ""theta"": 0.61, ""delta"": 0.08, ""llm_says_match"": false}",2,medium
products_1_32019388|products_2_12723662,,hard_negative_gate,,keep_adjudicated,hard_negative_gate,"{""plm_score"": 5.332260116119869e-05, ""theta"": 0.61, ""delta"": 0.08, ""llm_says_match"": false}",2,medium
products_1_32019388|products_2_53399405,,hard_negative_gate,,keep_adjudicated,hard_negative_gate,"{""plm_score"": 0.00011033148621208966, ""theta"": 0.61, ""delta"": 0.08, ""llm_says_match"": false}",2,medium
products_1_32019388|products_2_57920498,,hard_negative_gate,,keep_adjudicated,hard_negative_gate,"{""plm_score"": 5.486834197654389e-05, ""theta"": 0.61, ""delta"": 0.08, ""llm_says_match"": false}",2,medium
products_1_32019388|products_3_19222593,,hard_negative_gate,,keep_adjudicated,hard_negative_gate,"{""plm_score"": 0.0002499945694580674, ""theta"": 0.61, ""delta"": 0.08, ""llm_says_match"": false}",2,medium
products_1_32019388|products_3_37315116,,hard_negative_gate,,keep_adjudicated,hard_negative_gate,"{""plm_score"": 0.00016306398902088404, ""theta"": 0.61, ""delta"": 0.08, ""llm_says_match"": false}",2,medium
products_1_32019388|products_3_86084034,,hard_negative_gate,,keep_adjudicated,hard_negative_gate,"{""plm_score"": 4.708645792561583e-05, ""theta"": 0.61, ""delta"": 0.08, ""llm_says_match"": false}",2,medium
products_1_32019388|products_4_40505365,,hard_negative_gate,,keep_adjudicated,hard_negative_gate,"{""plm_score"": 0.0034537564497441053, ""theta"": 0.61, ""delta"": 0.08, ""llm_says_match"": false}",2,medium
products_1_32019388|products_4_7178022,,hard_negative_gate,,keep_adjudicated,hard_negative_gate,"{""plm_score"": 2.5985393222072162e-05, ""theta"": 0.61, ""delta"": 0.08, ""llm_says_match"": false}",2,medium
products_1_32132801|products_2_97351682,,hard_negative_gate,,keep_adjudicated,hard_negative_gate,"{""plm_score"": 1.8580678442958742e-05, ""theta"": 0.61, ""delta"": 0.08, ""llm_says_match"": false}",2,medium
products_1_32132801|products_3_52720711,,hard_negative_gate,,keep_adjudicated,hard_negative_gate,"{""plm_score"": 0.0007457943866029382, ""theta"": 0.61, ""delta"": 0.08, ""llm_says_match"": false}",2,medium
products_1_32132801|products_4_62327624,,hard_negative_gate,,keep_adjudicated,hard_negative_gate,"{""plm_score"": 8.049472671700642e-05, ""theta"": 0.61, ""delta"": 0.08, ""llm_says_match"": false}",2,medium
products_1_3223487|products_2_18325004,,hard_negative_gate,,keep_adjudicated,hard_negative_gate,"{""plm_score"": 0.05734362453222275, ""theta"": 0.61, ""delta"": 0.08, ""llm_says_match"": false}",2,medium
products_1_3223487|products_2_51594744,,hard_negative_gate,,keep_adjudicated,hard_negative_gate,"{""plm_score"": 7.041302160359919e-05, ""theta"": 0.61, ""delta"": 0.08, ""llm_says_match"": false}",2,medium
products_1_3223487|products_2_80184260,,hard_negative_gate,,keep_adjudicated,hard_negative_gate,"{""plm_score"": 0.0004357262805569917, ""theta"": 0.61, ""delta"": 0.08, ""llm_says_match"": false}",2,medium
products_1_3223487|products_2_94022712,,hard_negative_gate,,keep_adjudicated,hard_negative_gate,"{""plm_score"": 6.478127761511132e-05, ""theta"": 0.61, ""delta"": 0.08, ""llm_says_match"": false}",2,medium
products_1_3223487|products_3_21171675,,hard_negative_gate,,keep_adjudicated,hard_negative_gate,"{""plm_score"": 9.548127127345651e-05, ""theta"": 0.61, ""delta"": 0.08, ""llm_says_match"": false}",2,medium
products_1_3223487|products_3_22323468,,hard_negative_gate,,keep_adjudicated,hard_negative_gate,"{""plm_score"": 0.04064264893531799, ""theta"": 0.61, ""delta"": 0.08, ""llm_says_match"": false}",2,medium
products_1_3223487|products_3_24911815,,hard_negative_gate,,keep_adjudicated,hard_negative_gate,"{""plm_score"": 0.00043299433309584856, ""theta"": 0.61, ""delta"": 0.08, ""llm_says_match"": false}",2,medium
products_1_3223487|products_3_35859576,,hard_negative_gate,,keep_adjudicated,hard_negative_gate,"{""plm_score"": 4.846316369366832e-05, ""theta"": 0.61, ""delta"": 0.08, ""llm_says_match"": false}",2,medium
products_1_3223487|products_4_12783063,,hard_negative_gate,,keep_adjudicated,hard_negative_gate,"{""plm_score"": 0.6138898134231567, ""theta"": 0.61, ""delta"": 0.08, ""llm_says_match"": false}",2,medium
products_1_3223487|products_4_73644160,,hard_negative_gate,,keep_adjudicated,hard_negative_gate,"{""plm_score"": 0.00018377126252744347, ""theta"": 0.61, ""delta"": 0.08, ""llm_says_match"": false}",2,medium
products_1_3223487|products_4_98406611,,hard_negative_gate,,keep_adjudicated,hard_negative_gate,"{""plm_score"": 0.0015897615812718868, ""theta"": 0.61, ""delta"": 0.08, ""llm_says_match"": false}",2,medium
products_1_325545|products_2_2855231,,hard_negative_gate,,keep_adjudicated,hard_negative_gate,"{""plm_score"": 0.00010453051800141111, ""theta"": 0.61, ""delta"": 0.08, ""llm_says_match"": false}",2,medium
products_1_325545|products_2_41211362,,hard_negative_gate,,keep_adjudicated,hard_negative_gate,"{""plm_score"": 0.10934958606958389, ""theta"": 0.61, ""delta"": 0.08, ""llm_says_match"": false}",2,medium
products_1_325545|products_2_84977888,,hard_negative_gate,,keep_adjudicated,hard_negative_gate,"{""plm_score"": 3.6280824133427814e-05, ""theta"": 0.61, ""delta"": 0.08, ""llm_says_match"": false}",2,medium
products_1_325545|products_3_66564908,,hard_negative_gate,,keep_adjudicated,hard_negative_gate,"{""plm_score"": 5.830338704981841e-05, ""theta"": 0.61, ""delta"": 0.08, ""llm_says_match"": false}",2,medium
products_1_325545|products_3_83797388,,hard_negative_gate,,keep_adjudicated,hard_negative_gate,"{""plm_score"": 0.00019549847638700157, ""theta"": 0.61, ""delta"": 0.08, ""llm_says_match"": false}",2,medium
products_1_325545|products_3_91452319,,hard_negative_gate,,keep_adjudicated,hard_negative_gate,"{""plm_score"": 0.0013412501430138946, ""theta"": 0.61, ""delta"": 0.08, ""llm_says_match"": false}",2,medium
products_1_325545|products_4_3817876,,hard_negative_gate,,keep_adjudicated,hard_negative_gate,"{""plm_score"": 0.003134399186819792, ""theta"": 0.61, ""delta"": 0.08, ""llm_says_match"": false}",2,medium
products_1_325545|products_4_98695487,,hard_negative_gate,,keep_adjudicated,hard_negative_gate,"{""plm_score"": 7.7590171713382e-05, ""theta"": 0.61, ""delta"": 0.08, ""llm_says_match"": false}",2,medium
products_1_325545|products_4_9921764,,hard_negative_gate,,keep_adjudicated,hard_negative_gate,"{""plm_score"": 0.00015563619672320783, ""theta"": 0.61, ""delta"": 0.08, ""llm_says_match"": false}",2,medium
products_1_32651602|products_2_48419588,,hard_negative_gate,,keep_adjudicated,hard_negative_gate,"{""plm_score"": 2.283437606820371e-05, ""theta"": 0.61, ""delta"": 0.08, ""llm_says_match"": false}",2,medium
products_1_32651602|products_2_82312103,,hard_negative_gate,,keep_adjudicated,hard_negative_gate,"{""plm_score"": 1.2068730939063244e-05, ""theta"": 0.61, ""delta"": 0.08, ""llm_says_match"": false}",2,medium
products_1_32651602|products_3_19629048,,hard_negative_gate,,keep_adjudicated,hard_negative_gate,"{""plm_score"": 1.888062251964584e-05, ""theta"": 0.61, ""delta"": 0.08, ""llm_says_match"": false}",2,medium
products_1_32651602|products_3_48999667,,hard_negative_gate,,keep_adjudicated,hard_negative_gate,"{""plm_score"": 1.3160601156414486e-05, ""theta"": 0.61, ""delta"": 0.08, ""llm_says_match"": false}",2,medium
products_1_32651602|products_4_70235854,,hard_negative_gate,,keep_adjudicated,hard_negative_gate,"{""plm_score"": 1.305070509260986e-05, ""theta"": 0.61, ""delta"": 0.08, ""llm_says_match"": false}",2,medium
products_1_32738830|products_2_52572370,,hard_negative_gate,,keep_adjudicated,hard_negative_gate,"{""plm_score"": 2.693134047149215e-05, ""theta"": 0.61, ""delta"": 0.08, ""llm_says_match"": false}",2,medium
products_1_32738830|products_3_84240107,,hard_negative_gate,,keep_adjudicated,hard_negative_gate,"{""plm_score"": 1.4695950085297227e-05, ""theta"": 0.61, ""delta"": 0.08, ""llm_says_match"": false}",2,medium
products_1_32989060|products_2_11378892,,hard_negative_gate,,keep_adjudicated,hard_negative_gate,"{""plm_score"": 6.961524923099205e-05, ""theta"": 0.61, ""delta"": 0.08, ""llm_says_match"": false}",2,medium
products_1_32989060|products_2_52606639,,hard_negative_gate,,keep_adjudicated,hard_negative_gate,"{""plm_score"": 0.004588958341628313, ""theta"": 0.61, ""delta"": 0.08, ""llm_says_match"": false}",2,medium
products_1_32989060|products_2_98639536,,hard_negative_gate,,keep_adjudicated,hard_negative_gate,"{""plm_score"": 2.9542297852458432e-05, ""theta"": 0.61, ""delta"": 0.08, ""llm_says_match"": false}",2,medium
products_1_32989060|products_3_28393371,,hard_negative_gate,,keep_adjudicated,hard_negative_gate,"{""plm_score"": 2.667153239599429e-05, ""theta"": 0.61, ""delta"": 0.08, ""llm_says_match"": false}",2,medium
products_1_32989060|products_3_76507424,,hard_negative_gate,,keep_adjudicated,hard_negative_gate,"{""plm_score"": 4.617637750925496e-05, ""theta"": 0.61, ""delta"": 0.08, ""llm_says_match"": false}",2,medium
products_1_32989060|products_3_78451157,,hard_negative_gate,,keep_adjudicated,hard_negative_gate,"{""plm_score"": 1.7691212633508258e-05, ""theta"": 0.61, ""delta"": 0.08, ""llm_says_match"": false}",2,medium
products_1_32989060|products_4_17033312,,hard_negative_gate,,keep_adjudicated,hard_negative_gate,"{""plm_score"": 2.1492836822289973e-05, ""theta"": 0.61, ""delta"": 0.08, ""llm_says_match"": false}",2,medium
products_1_32989060|products_4_85694947,,hard_negative_gate,,keep_adjudicated,hard_negative_gate,"{""plm_score"": 2.33711634791689e-05, ""theta"": 0.61, ""delta"": 0.08, ""llm_says_match"": false}",2,medium
products_1_32989060|products_4_87067165,,hard_negative_gate,,keep_adjudicated,hard_negative_gate,"{""plm_score"": 0.00023367817630060017, ""theta"": 0.61, ""delta"": 0.08, ""llm_says_match"": false}",2,medium
products_1_3308613|products_2_1695860,,hard_negative_gate,,keep_adjudicated,hard_negative_gate,"{""plm_score"": 0.000110119282908272, ""theta"": 0.61, ""delta"": 0.08, ""llm_says_match"": false}",2,medium
products_1_3308613|products_3_41335396,,hard_negative_gate,,keep_adjudicated,hard_negative_gate,"{""plm_score"": 2.6899280783254653e-05, ""theta"": 0.61, ""delta"": 0.08, ""llm_says_match"": false}",2,medium
products_1_3308613|products_4_97389879,,hard_negative_gate,,keep_adjudicated,hard_negative_gate,"{""plm_score"": 3.860911601805128e-05, ""theta"": 0.61, ""delta"": 0.08, ""llm_says_match"": false}",2,medium
products_1_3323341|products_2_38638660,,hard_negative_gate,,keep_adjudicated,hard_negative_gate,"{""plm_score"": 0.0019545373506844044, ""theta"": 0.61, ""delta"": 0.08, ""llm_says_match"": false}",2,medium
products_1_3323341|products_3_57807258,,hard_negative_gate,,keep_adjudicated,hard_negative_gate,"{""plm_score"": 0.009146478027105331, ""theta"": 0.61, ""delta"": 0.08, ""llm_says_match"": false}",2,medium
products_1_33376118|products_2_27226970,,hard_negative_gate,,keep_adjudicated,hard_negative_gate,"{""plm_score"": 0.01302378810942173, ""theta"": 0.61, ""delta"": 0.08, ""llm_says_match"": false}",2,medium
products_1_33376118|products_2_44701727,,hard_negative_gate,,keep_adjudicated,hard_negative_gate,"{""plm_score"": 3.0603096092818305e-05, ""theta"": 0.61, ""delta"": 0.08, ""llm_says_match"": false}",2,medium
products_1_33376118|products_2_69985226,,hard_negative_gate,,keep_adjudicated,hard_negative_gate,"{""plm_score"": 0.0007934535387903452, ""theta"": 0.61, ""delta"": 0.08, ""llm_says_match"": false}",2,medium
products_1_33376118|products_3_48184346,,hard_negative_gate,,keep_adjudicated,hard_negative_gate,"{""plm_score"": 2.4337696231668815e-05, ""theta"": 0.61, ""delta"": 0.08, ""llm_says_match"": false}",2,medium
products_1_33376118|products_3_78086660,,hard_negative_gate,,keep_adjudicated,hard_negative_gate,"{""plm_score"": 4.9305988795822486e-05, ""theta"": 0.61, ""delta"": 0.08, ""llm_says_match"": false}",2,medium
products_1_33376118|products_4_79085544,,hard_negative_gate,,keep_adjudicated,hard_negative_gate,"{""plm_score"": 0.8186867237091064, ""theta"": 0.61, ""delta"": 0.08, ""llm_says_match"": false}",2,medium
products_1_33376118|products_4_85938356,,hard_negative_gate,,keep_adjudicated,hard_negative_gate,"{""plm_score"": 3.604167068260722e-05, ""theta"": 0.61, ""delta"": 0.08, ""llm_says_match"": false}",2,medium
products_1_33428043|products_2_55212927,,hard_negative_gate,,keep_adjudicated,hard_negative_gate,"{""plm_score"": 1.4250724234443624e-05, ""theta"": 0.61, ""delta"": 0.08, ""llm_says_match"": false}",2,medium
products_1_33428043|products_3_67323222,,hard_negative_gate,,keep_adjudicated,hard_negative_gate,"{""plm_score"": 2.741997377597727e-05, ""theta"": 0.61, ""delta"": 0.08, ""llm_says_match"": false}",2,medium
products_1_33428043|products_4_17952554,,hard_negative_gate,,keep_adjudicated,hard_negative_gate,"{""plm_score"": 1.740757579682395e-05, ""theta"": 0.61, ""delta"": 0.08, ""llm_says_match"": false}",2,medium
products_1_33916475|products_2_66038575,,hard_negative_gate,,keep_adjudicated,hard_negative_gate,"{""plm_score"": 2.6125708245672286e-05, ""theta"": 0.61, ""delta"": 0.08, ""llm_says_match"": false}",2,medium
products_1_33916475|products_3_89923273,,hard_negative_gate,,keep_adjudicated,hard_negative_gate,"{""plm_score"": 4.086608169018291e-05, ""theta"": 0.61, ""delta"": 0.08, ""llm_says_match"": false}",2,medium
products_1_33916475|products_4_66417148,,hard_negative_gate,,keep_adjudicated,hard_negative_gate,"{""plm_score"": 3.5079643566859886e-05, ""theta"": 0.61, ""delta"": 0.08, ""llm_says_match"": false}",2,medium
products_1_34143288|products_2_52588862,,hard_negative_gate,,keep_adjudicated,hard_negative_gate,"{""plm_score"": 1.8313667169422843e-05, ""theta"": 0.61, ""delta"": 0.08, ""llm_says_match"": false}",2,medium
products_1_34143288|products_3_66718913,,hard_negative_gate,,keep_adjudicated,hard_negative_gate,"{""plm_score"": 2.9187438485678285e-05, ""theta"": 0.61, ""delta"": 0.08, ""llm_says_match"": false}",2,medium
products_1_34143288|products_4_72004049,,hard_negative_gate,,keep_adjudicated,hard_negative_gate,"{""plm_score"": 2.158951247110963e-05, ""theta"": 0.61, ""delta"": 0.08, ""llm_says_match"": false}",2,medium
products_1_34973375|products_2_38470155,,hard_negative_gate,,keep_adjudicated,hard_negative_gate,"{""plm_score"": 6.864585884613916e-05, ""theta"": 0.61, ""delta"": 0.08, ""llm_says_match"": false}",2,medium
products_1_34973375|products_3_82337278,,hard_negative_gate,,keep_adjudicated,hard_negative_gate,"{""plm_score"": 0.00010004531213780865, ""theta"": 0.61, ""delta"": 0.08, ""llm_says_match"": false}",2,medium
products_1_35356546|products_2_56622231,,hard_negative_gate,,keep_adjudicated,hard_negative_gate,"{""plm_score"": 1.2973840966878925e-05, ""theta"": 0.61, ""delta"": 0.08, ""llm_says_match"": false}",2,medium
products_1_35356546|products_3_64334870,,hard_negative_gate,,keep_adjudicated,hard_negative_gate,"{""plm_score"": 1.1191370504093356e-05, ""theta"": 0.61, ""delta"": 0.08, ""llm_says_match"": false}",2,medium
products_1_35356546|products_4_77596659,,hard_negative_gate,,keep_adjudicated,hard_negative_gate,"{""plm_score"": 1.2724108273687307e-05, ""theta"": 0.61, ""delta"": 0.08, ""llm_says_match"": false}",2,medium
products_1_35479899|products_2_71970308,,hard_negative_gate,,keep_adjudicated,hard_negative_gate,"{""plm_score"": 4.0946131775854155e-05, ""theta"": 0.61, ""delta"": 0.08, ""llm_says_match"": false}",2,medium
products_1_35479899|products_3_55362281,,hard_negative_gate,,keep_adjudicated,hard_negative_gate,"{""plm_score"": 1.1983173862972762e-05, ""theta"": 0.61, ""delta"": 0.08, ""llm_says_match"": false}",2,medium
products_1_35479899|products_4_70011599,,hard_negative_gate,,keep_adjudicated,hard_negative_gate,"{""plm_score"": 1.3271310308482498e-05, ""theta"": 0.61, ""delta"": 0.08, ""llm_says_match"": false}",2,medium
products_1_3578071|products_2_16091824,,hard_negative_gate,,keep_adjudicated,hard_negative_gate,"{""plm_score"": 0.024306172505021095, ""theta"": 0.61, ""delta"": 0.08, ""llm_says_match"": false}",2,medium
products_1_3578071|products_2_66310001,,hard_negative_gate,,keep_adjudicated,hard_negative_gate,"{""plm_score"": 2.4687848053872585e-05, ""theta"": 0.61, ""delta"": 0.08, ""llm_says_match"": false}",2,medium
products_1_3578071|products_3_72385861,,hard_negative_gate,,keep_adjudicated,hard_negative_gate,"{""plm_score"": 0.014318120665848255, ""theta"": 0.61, ""delta"": 0.08, ""llm_says_match"": false}",2,medium
products_1_3578071|products_3_91897985,,hard_negative_gate,,keep_adjudicated,hard_negative_gate,"{""plm_score"": 2.5366589397890493e-05, ""theta"": 0.61, ""delta"": 0.08, ""llm_says_match"": false}",2,medium
products_1_3578071|products_4_30450098,,hard_negative_gate,,keep_adjudicated,hard_negative_gate,"{""plm_score"": 3.9337035559583455e-05, ""theta"": 0.61, ""delta"": 0.08, ""llm_says_match"": false}",2,medium
products_1_35800770|products_2_53310090,,hard_negative_gate,,keep_adjudicated,hard_negative_gate,"{""plm_score"": 1.0933397788903676e-05, ""theta"": 0.61, ""delta"": 0.08, ""llm_says_match"": false}",2,medium
products_1_35800770|products_2_9482772,,hard_negative_gate,,keep_adjudicated,hard_negative_gate,"{""plm_score"": 1.3148733160051052e-05, ""theta"": 0.61, ""delta"": 0.08, ""llm_says_match"": false}",2,medium
products_1_35800770|products_3_18920928,,hard_negative_gate,,keep_adjudicated,hard_negative_gate,"{""plm_score"": 1.40748588819406e-05, ""theta"": 0.61, ""delta"": 0.08, ""llm_says_match"": false}",2,medium
products_1_35800770|products_3_89809523,,hard_negative_gate,,keep_adjudicated,hard_negative_gate,"{""plm_score"": 1.3430742001219187e-05, ""theta"": 0.61, ""delta"": 0.08, ""llm_says_match"": false}",2,medium
products_1_35800770|products_4_19320322,,hard_negative_gate,,keep_adjudicated,hard_negative_gate,"{""plm_score"": 1.4603211639041547e-05, ""theta"": 0.61, ""delta"": 0.08, ""llm_says_match"": false}",2,medium
products_1_3589339|products_2_52572370,,hard_negative_gate,,keep_adjudicated,hard_negative_gate,"{""plm_score"": 1.2344540664344095e-05, ""theta"": 0.61, ""delta"": 0.08, ""llm_says_match"": false}",2,medium
products_1_3589339|products_2_55562405,,hard_negative_gate,,keep_adjudicated,hard_negative_gate,"{""plm_score"": 1.755213634169195e-05, ""theta"": 0.61, ""delta"": 0.08, ""llm_says_match"": false}",2,medium
products_1_3589339|products_2_9940059,,hard_negative_gate,,keep_adjudicated,hard_negative_gate,"{""plm_score"": 2.6501205866225064e-05, ""theta"": 0.61, ""delta"": 0.08, ""llm_says_match"": false}",2,medium
products_1_3589339|products_3_36875298,,hard_negative_gate,,keep_adjudicated,hard_negative_gate,"{""plm_score"": 1.3729663805861492e-05, ""theta"": 0.61, ""delta"": 0.08, ""llm_says_match"": false}",2,medium
products_1_3589339|products_3_84240107,,hard_negative_gate,,keep_adjudicated,hard_negative_gate,"{""plm_score"": 7.9413439380005e-05, ""theta"": 0.61, ""delta"": 0.08, ""llm_says_match"": false}",2,medium
products_1_3589339|products_3_9744227,,hard_negative_gate,,keep_adjudicated,hard_negative_gate,"{""plm_score"": 0.00010427505912957713, ""theta"": 0.61, ""delta"": 0.08, ""llm_says_match"": false}",2,medium
products_1_3589339|products_4_43400546,,hard_negative_gate,,keep_adjudicated,hard_negative_gate,"{""plm_score"": 1.5515255654463544e-05, ""theta"": 0.61, ""delta"": 0.08, ""llm_says_match"": false}",2,medium
products_1_3589339|products_4_5483712,,hard_negative_gate,,keep_adjudicated,hard_negative_gate,"{""plm_score"": 9.143311763182282e-05, ""theta"": 0.61, ""delta"": 0.08, ""llm_says_match"": false}",2,medium
products_1_35966001|products_2_84543151,,hard_negative_gate,,keep_adjudicated,hard_negative_gate,"{""plm_score"": 2.0829300410696305e-05, ""theta"": 0.61, ""delta"": 0.08, ""llm_says_match"": false}",2,medium
products_1_35966001|products_3_30606247,,hard_negative_gate,,keep_adjudicated,hard_negative_gate,"{""plm_score"": 1.005959802569123e-05, ""theta"": 0.61, ""delta"": 0.08, ""llm_says_match"": false}",2,medium
products_1_35966001|products_4_41915007,,hard_negative_gate,,keep_adjudicated,hard_negative_gate,"{""plm_score"": 1.0043034308182541e-05, ""theta"": 0.61, ""delta"": 0.08, ""llm_says_match"": false}",2,medium
products_1_3600312|products_2_2108011,,hard_negative_gate,,keep_adjudicated,hard_negative_gate,"{""plm_score"": 7.225861918414012e-05, ""theta"": 0.61, ""delta"": 0.08, ""llm_says_match"": false}",2,medium
products_1_3600312|products_3_14787728,,hard_negative_gate,,keep_adjudicated,hard_negative_gate,"{""plm_score"": 4.8002562834881246e-05, ""theta"": 0.61, ""delta"": 0.08, ""llm_says_match"": false}",2,medium
products_1_3600312|products_4_23123467,,hard_negative_gate,,keep_adjudicated,hard_negative_gate,"{""plm_score"": 8.388637070311233e-05, ""theta"": 0.61, ""delta"": 0.08, ""llm_says_match"": false}",2,medium
products_1_36580730|products_2_14720640,,hard_negative_gate,,keep_adjudicated,hard_negative_gate,"{""plm_score"": 2.416389725112822e-05, ""theta"": 0.61, ""delta"": 0.08, ""llm_says_match"": false}",2,medium
products_1_36580730|products_2_19172447,,hard_negative_gate,,keep_adjudicated,hard_negative_gate,"{""plm_score"": 1.698062987998128e-05, ""theta"": 0.61, ""delta"": 0.08, ""llm_says_match"": false}",2,medium
products_1_36580730|products_2_31617338,,hard_negative_gate,,keep_adjudicated,hard_negative_gate,"{""plm_score"": 4.620139588951133e-05, ""theta"": 0.61, ""delta"": 0.08, ""llm_says_match"": false}",2,medium
products_1_36580730|products_2_63735890,,hard_negative_gate,,keep_adjudicated,hard_negative_gate,"{""plm_score"": 6.184716039570048e-05, ""theta"": 0.61, ""delta"": 0.08, ""llm_says_match"": false}",2,medium
products_1_36580730|products_3_17652897,,hard_negative_gate,,keep_adjudicated,hard_negative_gate,"{""plm_score"": 2.5567585907992907e-05, ""theta"": 0.61, ""delta"": 0.08, ""llm_says_match"": false}",2,medium
products_1_36580730|products_3_33623557,,hard_negative_gate,,keep_adjudicated,hard_negative_gate,"{""plm_score"": 1.1239867490075994e-05, ""theta"": 0.61, ""delta"": 0.08, ""llm_says_match"": false}",2,medium
products_1_36580730|products_3_50853852,,hard_negative_gate,,keep_adjudicated,hard_negative_gate,"{""plm_score"": 3.680174268083647e-05, ""theta"": 0.61, ""delta"": 0.08, ""llm_says_match"": false}",2,medium
products_1_36580730|products_4_60276763,,hard_negative_gate,,keep_adjudicated,hard_negative_gate,"{""plm_score"": 2.460842370055616e-05, ""theta"": 0.61, ""delta"": 0.08, ""llm_says_match"": false}",2,medium
products_1_36580730|products_4_92930814,,hard_negative_gate,,keep_adjudicated,hard_negative_gate,"{""plm_score"": 5.769521158072166e-05, ""theta"": 0.61, ""delta"": 0.08, ""llm_says_match"": false}",2,medium
products_1_36622630|products_2_31237395,,hard_negative_gate,,keep_adjudicated,hard_negative_gate,"{""plm_score"": 0.0002470088074915111, ""theta"": 0.61, ""delta"": 0.08, ""llm_says_match"": false}",2,medium
products_1_36622630|products_3_31447687,,hard_negative_gate,,keep_adjudicated,hard_negative_gate,"{""plm_score"": 0.00012281352246645838, ""theta"": 0.61, ""delta"": 0.08, ""llm_says_match"": false}",2,medium
products_1_36622630|products_4_52499748,,hard_negative_gate,,keep_adjudicated,hard_negative_gate,"{""plm_score"": 0.028416555374860764, ""theta"": 0.61, ""delta"": 0.08, ""llm_says_match"": false}",2,medium
products_1_36708398|products_2_56622231,,hard_negative_gate,,keep_adjudicated,hard_negative_gate,"{""plm_score"": 9.903914178721607e-05, ""theta"": 0.61, ""delta"": 0.08, ""llm_says_match"": false}",2,medium
products_1_36708398|products_2_85950331,,hard_negative_gate,,keep_adjudicated,hard_negative_gate,"{""plm_score"": 0.001691965851932764, ""theta"": 0.61, ""delta"": 0.08, ""llm_says_match"": false}",2,medium
products_1_36708398|products_3_64334870,,hard_negative_gate,,keep_adjudicated,hard_negative_gate,"{""plm_score"": 0.0002560889406595379, ""theta"": 0.61, ""delta"": 0.08, ""llm_says_match"": false}",2,medium
products_1_36708398|products_3_86362376,,hard_negative_gate,,keep_adjudicated,hard_negative_gate,"{""plm_score"": 4.471061402000487e-05, ""theta"": 0.61, ""delta"": 0.08, ""llm_says_match"": false}",2,medium
products_1_36708398|products_4_77596659,,hard_negative_gate,,keep_adjudicated,hard_negative_gate,"{""plm_score"": 3.7634723412338644e-05, ""theta"": 0.61, ""delta"": 0.08, ""llm_says_match"": false}",2,medium
products_1_36708398|products_4_87017633,,hard_negative_gate,,keep_adjudicated,hard_negative_gate,"{""plm_score"": 5.1703067583730444e-05, ""theta"": 0.61, ""delta"": 0.08, ""llm_says_match"": false}",2,medium
products_1_36807074|products_2_60381598,,hard_negative_gate,,keep_adjudicated,hard_negative_gate,"{""plm_score"": 5.519665501196869e-05, ""theta"": 0.61, ""delta"": 0.08, ""llm_says_match"": false}",2,medium
products_1_36807074|products_2_69085113,,hard_negative_gate,,keep_adjudicated,hard_negative_gate,"{""plm_score"": 2.318004953849595e-05, ""theta"": 0.61, ""delta"": 0.08, ""llm_says_match"": false}",2,medium
products_1_36807074|products_3_91946031,,hard_negative_gate,,keep_adjudicated,hard_negative_gate,"{""plm_score"": 2.738764487730805e-05, ""theta"": 0.61, ""delta"": 0.08, ""llm_says_match"": false}",2,medium
products_1_36807074|products_3_92849384,,hard_negative_gate,,keep_adjudicated,hard_negative_gate,"{""plm_score"": 1.8667458789423108e-05, ""theta"": 0.61, ""delta"": 0.08, ""llm_says_match"": false}",2,medium
products_1_36807074|products_4_50127391,,hard_negative_gate,,keep_adjudicated,hard_negative_gate,"{""plm_score"": 3.358417234267108e-05, ""theta"": 0.61, ""delta"": 0.08, ""llm_says_match"": false}",2,medium
products_1_36863105|products_2_2630166,,hard_negative_gate,,keep_adjudicated,hard_negative_gate,"{""plm_score"": 1.4111120435700286e-05, ""theta"": 0.61, ""delta"": 0.08, ""llm_says_match"": false}",2,medium
products_1_36863105|products_3_15742380,,hard_negative_gate,,keep_adjudicated,hard_negative_gate,"{""plm_score"": 1.9379349396331236e-05, ""theta"": 0.61, ""delta"": 0.08, ""llm_says_match"": false}",2,medium
products_1_36863105|products_4_39096117,,hard_negative_gate,,keep_adjudicated,hard_negative_gate,"{""plm_score"": 2.4454509912175126e-05, ""theta"": 0.61, ""delta"": 0.08, ""llm_says_match"": false}",2,medium
products_1_36985187|products_2_1723221,,hard_negative_gate,,keep_adjudicated,hard_negative_gate,"{""plm_score"": 0.0036302199587225914, ""theta"": 0.61, ""delta"": 0.08, ""llm_says_match"": false}",2,medium
products_1_36985187|products_3_4999387,,hard_negative_gate,,keep_adjudicated,hard_negative_gate,"{""plm_score"": 4.816621731151827e-05, ""theta"": 0.61, ""delta"": 0.08, ""llm_says_match"": false}",2,medium
products_1_36985187|products_4_19413356,,hard_negative_gate,,keep_adjudicated,hard_negative_gate,"{""plm_score"": 1.2530785170383751e-05, ""theta"": 0.61, ""delta"": 0.08, ""llm_says_match"": false}",2,medium
products_1_38109675|products_2_3690175,,hard_negative_gate,,keep_adjudicated,hard_negative_gate,"{""plm_score"": 6.386420864146203e-05, ""theta"": 0.61, ""delta"": 0.08, ""llm_says_match"": false}",2,medium
products_1_38109675|products_3_41306498,,hard_negative_gate,,keep_adjudicated,hard_negative_gate,"{""plm_score"": 7.296905823750421e-05, ""theta"": 0.61, ""delta"": 0.08, ""llm_says_match"": false}",2,medium
products_1_38109675|products_4_9127388,,hard_negative_gate,,keep_adjudicated,hard_negative_gate,"{""plm_score"": 3.837481563095935e-05, ""theta"": 0.61, ""delta"": 0.08, ""llm_says_match"": false}",2,medium
products_1_39143445|products_2_26597061,,hard_negative_gate,,keep_adjudicated,hard_negative_gate,"{""plm_score"": 0.9999145269393921, ""theta"": 0.61, ""delta"": 0.08, ""llm_says_match"": false}",2,medium
products_1_39143445|products_3_33754739,,hard_negative_gate,,keep_adjudicated,hard_negative_gate,"{""plm_score"": 0.04772331938147545, ""theta"": 0.61, ""delta"": 0.08, ""llm_says_match"": false}",2,medium
products_1_39143445|products_4_37637412,,hard_negative_gate,,keep_adjudicated,hard_negative_gate,"{""plm_score"": 0.0159476175904274, ""theta"": 0.61, ""delta"": 0.08, ""llm_says_match"": false}",2,medium
products_1_3957588|products_2_22689923,,hard_negative_gate,,keep_adjudicated,hard_negative_gate,"{""plm_score"": 0.5385458469390869, ""theta"": 0.61, ""delta"": 0.08, ""llm_says_match"": false}",2,medium
products_1_3957588|products_2_29524279,,hard_negative_gate,,keep_adjudicated,hard_negative_gate,"{""plm_score"": 0.0005540839047171175, ""theta"": 0.61, ""delta"": 0.08, ""llm_says_match"": false}",2,medium
products_1_3957588|products_2_32766302,,hard_negative_gate,,keep_adjudicated,hard_negative_gate,"{""plm_score"": 0.00017764332005754113, ""theta"": 0.61, ""delta"": 0.08, ""llm_says_match"": false}",2,medium
products_1_3957588|products_3_17406325,,hard_negative_gate,,keep_adjudicated,hard_negative_gate,"{""plm_score"": 0.9175792932510376, ""theta"": 0.61, ""delta"": 0.08, ""llm_says_match"": false}",2,medium
products_1_3957588|products_3_48296709,,hard_negative_gate,,keep_adjudicated,hard_negative_gate,"{""plm_score"": 0.00040926304063759744, ""theta"": 0.61, ""delta"": 0.08, ""llm_says_match"": false}",2,medium
products_1_3957588|products_3_54935090,,hard_negative_gate,,keep_adjudicated,hard_negative_gate,"{""plm_score"": 8.137951226672158e-05, ""theta"": 0.61, ""delta"": 0.08, ""llm_says_match"": false}",2,medium
products_1_3957588|products_4_23589087,,hard_negative_gate,,keep_adjudicated,hard_negative_gate,"{""plm_score"": 0.8795817494392395, ""theta"": 0.61, ""delta"": 0.08, ""llm_says_match"": false}",2,medium
products_1_3957588|products_4_58191363,,hard_negative_gate,,keep_adjudicated,hard_negative_gate,"{""plm_score"": 0.0013697566464543343, ""theta"": 0.61, ""delta"": 0.08, ""llm_says_match"": false}",2,medium
products_1_3957588|products_4_87116717,,hard_negative_gate,,keep_adjudicated,hard_negative_gate,"{""plm_score"": 0.0013666019076481462, ""theta"": 0.61, ""delta"": 0.08, ""llm_says_match"": false}",2,medium
products_1_39676059|products_2_43883075,,hard_negative_gate,,keep_adjudicated,hard_negative_gate,"{""plm_score"": 3.77950600523036e-05, ""theta"": 0.61, ""delta"": 0.08, ""llm_says_match"": false}",2,medium
products_1_39676059|products_2_96436782,,hard_negative_gate,,keep_adjudicated,hard_negative_gate,"{""plm_score"": 0.040390342473983765, ""theta"": 0.61, ""delta"": 0.08, ""llm_says_match"": false}",2,medium
products_1_39676059|products_3_23016862,,hard_negative_gate,,keep_adjudicated,hard_negative_gate,"{""plm_score"": 0.00010781982564367354, ""theta"": 0.61, ""delta"": 0.08, ""llm_says_match"": false}",2,medium
products_1_39676059|products_3_60926906,,hard_negative_gate,,keep_adjudicated,hard_negative_gate,"{""plm_score"": 0.003323781304061413, ""theta"": 0.61, ""delta"": 0.08, ""llm_says_match"": false}",2,medium
products_1_39676059|products_4_36258612,,hard_negative_gate,,keep_adjudicated,hard_negative_gate,"{""plm_score"": 0.00013155749184079468, ""theta"": 0.61, ""delta"": 0.08, ""llm_says_match"": false}",2,medium
products_1_39676059|products_4_67488123,,hard_negative_gate,,keep_adjudicated,hard_negative_gate,"{""plm_score"": 5.425458584795706e-05, ""theta"": 0.61, ""delta"": 0.08, ""llm_says_match"": false}",2,medium
products_1_39826842|products_2_60381598,,hard_negative_gate,,keep_adjudicated,hard_negative_gate,"{""plm_score"": 3.0069382773945108e-05, ""theta"": 0.61, ""delta"": 0.08, ""llm_says_match"": false}",2,medium
products_1_39826842|products_3_91946031,,hard_negative_gate,,keep_adjudicated,hard_negative_gate,"{""plm_score"": 2.1465943063958548e-05, ""theta"": 0.61, ""delta"": 0.08, ""llm_says_match"": false}",2,medium
products_1_39826842|products_4_50127391,,hard_negative_gate,,keep_adjudicated,hard_negative_gate,"{""plm_score"": 1.6396614228142425e-05, ""theta"": 0.61, ""delta"": 0.08, ""llm_says_match"": false}",2,medium
products_1_3992423|products_2_79853164,,hard_negative_gate,,keep_adjudicated,hard_negative_gate,"{""plm_score"": 3.60882404493168e-05, ""theta"": 0.61, ""delta"": 0.08, ""llm_says_match"": false}",2,medium
products_1_3992423|products_3_88489852,,hard_negative_gate,,keep_adjudicated,hard_negative_gate,"{""plm_score"": 1.300111398450099e-05, ""theta"": 0.61, ""delta"": 0.08, ""llm_says_match"": false}",2,medium
products_1_3992423|products_4_44988958,,hard_negative_gate,,keep_adjudicated,hard_negative_gate,"{""plm_score"": 4.1984269046224654e-05, ""theta"": 0.61, ""delta"": 0.08, ""llm_says_match"": false}",2,medium
products_1_40229645|products_2_32534439,,hard_negative_gate,,keep_adjudicated,hard_negative_gate,"{""plm_score"": 2.774058884824626e-05, ""theta"": 0.61, ""delta"": 0.08, ""llm_says_match"": false}",2,medium
products_1_40229645|products_2_7691539,,hard_negative_gate,,keep_adjudicated,hard_negative_gate,"{""plm_score"": 1.7425763871870004e-05, ""theta"": 0.61, ""delta"": 0.08, ""llm_says_match"": false}",2,medium
products_1_40229645|products_3_45567640,,hard_negative_gate,,keep_adjudicated,hard_negative_gate,"{""plm_score"": 1.210829577757977e-05, ""theta"": 0.61, ""delta"": 0.08, ""llm_says_match"": false}",2,medium
products_1_40229645|products_3_59252242,,hard_negative_gate,,keep_adjudicated,hard_negative_gate,"{""plm_score"": 1.2835440429626033e-05, ""theta"": 0.61, ""delta"": 0.08, ""llm_says_match"": false}",2,medium
products_1_40229645|products_4_2963466,,hard_negative_gate,,keep_adjudicated,hard_negative_gate,"{""plm_score"": 1.2928796422784217e-05, ""theta"": 0.61, ""delta"": 0.08, ""llm_says_match"": false}",2,medium
products_1_40229645|products_4_65442400,,hard_negative_gate,,keep_adjudicated,hard_negative_gate,"{""plm_score"": 1.2797576346201822e-05, ""theta"": 0.61, ""delta"": 0.08, ""llm_says_match"": false}",2,medium
products_1_40530169|products_2_19126355,,hard_negative_gate,,keep_adjudicated,hard_negative_gate,"{""plm_score"": 0.17356187105178833, ""theta"": 0.61, ""delta"": 0.08, ""llm_says_match"": false}",2,medium
products_1_40530169|products_3_46320085,,hard_negative_gate,,keep_adjudicated,hard_negative_gate,"{""plm_score"": 0.0037507747765630484, ""theta"": 0.61, ""delta"": 0.08, ""llm_says_match"": false}",2,medium
products_1_40530169|products_4_66956099,,hard_negative_gate,,keep_adjudicated,hard_negative_gate,"{""plm_score"": 0.008045610971748829, ""theta"": 0.61, ""delta"": 0.08, ""llm_says_match"": false}",2,medium
products_1_41160430|products_2_33137302,,hard_negative_gate,,keep_adjudicated,hard_negative_gate,"{""plm_score"": 0.0029609007760882378, ""theta"": 0.61, ""delta"": 0.08, ""llm_says_match"": false}",2,medium
products_1_41160430|products_2_52572370,,hard_negative_gate,,keep_adjudicated,hard_negative_gate,"{""plm_score"": 6.256206688703969e-05, ""theta"": 0.61, ""delta"": 0.08, ""llm_says_match"": false}",2,medium
products_1_41160430|products_3_49263678,,hard_negative_gate,,keep_adjudicated,hard_negative_gate,"{""plm_score"": 0.1798398643732071, ""theta"": 0.61, ""delta"": 0.08, ""llm_says_match"": false}",2,medium
products_1_41160430|products_3_84240107,,hard_negative_gate,,keep_adjudicated,hard_negative_gate,"{""plm_score"": 2.304788176843431e-05, ""theta"": 0.61, ""delta"": 0.08, ""llm_says_match"": false}",2,medium
products_1_41160430|products_4_58196146,,hard_negative_gate,,keep_adjudicated,hard_negative_gate,"{""plm_score"": 0.5861550569534302, ""theta"": 0.61, ""delta"": 0.08, ""llm_says_match"": false}",2,medium
products_1_4118764|products_2_49236530,,hard_negative_gate,,keep_adjudicated,hard_negative_gate,"{""plm_score"": 3.834046583506279e-05, ""theta"": 0.61, ""delta"": 0.08, ""llm_says_match"": false}",2,medium
products_1_4118764|products_3_58345950,,hard_negative_gate,,keep_adjudicated,hard_negative_gate,"{""plm_score"": 1.5325183994718827e-05, ""theta"": 0.61, ""delta"": 0.08, ""llm_says_match"": false}",2,medium
products_1_4118764|products_4_93635611,,hard_negative_gate,,keep_adjudicated,hard_negative_gate,"{""plm_score"": 2.1290688891895115e-05, ""theta"": 0.61, ""delta"": 0.08, ""llm_says_match"": false}",2,medium
products_1_41214107|products_2_47815709,,hard_negative_gate,,keep_adjudicated,hard_negative_gate,"{""plm_score"": 1.3200824469095096e-05, ""theta"": 0.61, ""delta"": 0.08, ""llm_says_match"": false}",2,medium
products_1_41214107|products_3_29024406,,hard_negative_gate,,keep_adjudicated,hard_negative_gate,"{""plm_score"": 1.6633739505778067e-05, ""theta"": 0.61, ""delta"": 0.08, ""llm_says_match"": false}",2,medium
products_1_41214107|products_4_51713711,,hard_negative_gate,,keep_adjudicated,hard_negative_gate,"{""plm_score"": 2.122865043929778e-05, ""theta"": 0.61, ""delta"": 0.08, ""llm_says_match"": false}",2,medium
products_1_41238362|products_2_12476892,,hard_negative_gate,,keep_adjudicated,hard_negative_gate,"{""plm_score"": 0.0009517328580841422, ""theta"": 0.61, ""delta"": 0.08, ""llm_says_match"": false}",2,medium
products_1_41238362|products_3_23220008,,hard_negative_gate,,keep_adjudicated,hard_negative_gate,"{""plm_score"": 0.0001449011906515807, ""theta"": 0.61, ""delta"": 0.08, ""llm_says_match"": false}",2,medium
products_1_41238362|products_4_231364,,hard_negative_gate,,keep_adjudicated,hard_negative_gate,"{""plm_score"": 0.00033124545007012784, ""theta"": 0.61, ""delta"": 0.08, ""llm_says_match"": false}",2,medium
products_1_41553488|products_2_6988926,,hard_negative_gate,,keep_adjudicated,hard_negative_gate,"{""plm_score"": 1.3260973901196849e-05, ""theta"": 0.61, ""delta"": 0.08, ""llm_says_match"": false}",2,medium
products_1_41553488|products_3_76447164,,hard_negative_gate,,keep_adjudicated,hard_negative_gate,"{""plm_score"": 1.9672419512062334e-05, ""theta"": 0.61, ""delta"": 0.08, ""llm_says_match"": false}",2,medium
products_1_41553488|products_4_7634013,,hard_negative_gate,,keep_adjudicated,hard_negative_gate,"{""plm_score"": 3.56564560206607e-05, ""theta"": 0.61, ""delta"": 0.08, ""llm_says_match"": false}",2,medium
products_1_41630423|products_2_63895377,,hard_negative_gate,,keep_adjudicated,hard_negative_gate,"{""plm_score"": 0.999833345413208, ""theta"": 0.61, ""delta"": 0.08, ""llm_says_match"": false}",2,medium
products_1_41630423|products_3_92310352,,hard_negative_gate,,keep_adjudicated,hard_negative_gate,"{""plm_score"": 0.9929428100585938, ""theta"": 0.61, ""delta"": 0.08, ""llm_says_match"": false}",2,medium
products_1_41630423|products_4_66179582,,hard_negative_gate,,keep_adjudicated,hard_negative_gate,"{""plm_score"": 0.5465243458747864, ""theta"": 0.61, ""delta"": 0.08, ""llm_says_match"": false}",2,medium
products_1_4212691|products_2_23403721,,hard_negative_gate,,keep_adjudicated,hard_negative_gate,"{""plm_score"": 6.797089008614421e-05, ""theta"": 0.61, ""delta"": 0.08, ""llm_says_match"": false}",2,medium
products_1_4212691|products_2_9482772,,hard_negative_gate,,keep_adjudicated,hard_negative_gate,"{""plm_score"": 0.00013785007467959076, ""theta"": 0.61, ""delta"": 0.08, ""llm_says_match"": false}",2,medium
products_1_4212691|products_3_18920928,,hard_negative_gate,,keep_adjudicated,hard_negative_gate,"{""plm_score"": 3.7625966797349975e-05, ""theta"": 0.61, ""delta"": 0.08, ""llm_says_match"": false}",2,medium
products_1_4212691|products_4_19320322,,hard_negative_gate,,keep_adjudicated,hard_negative_gate,"{""plm_score"": 4.5052500354358926e-05, ""theta"": 0.61, ""delta"": 0.08, ""llm_says_match"": false}",2,medium
products_1_42551174|products_2_52606639,,hard_negative_gate,,keep_adjudicated,hard_negative_gate,"{""plm_score"": 3.817654214799404e-05, ""theta"": 0.61, ""delta"": 0.08, ""llm_says_match"": false}",2,medium
products_1_42551174|products_2_56280047,,hard_negative_gate,,keep_adjudicated,hard_negative_gate,"{""plm_score"": 2.6743970011011697e-05, ""theta"": 0.61, ""delta"": 0.08, ""llm_says_match"": false}",2,medium
products_1_42551174|products_3_55948609,,hard_negative_gate,,keep_adjudicated,hard_negative_gate,"{""plm_score"": 2.3862216039560735e-05, ""theta"": 0.61, ""delta"": 0.08, ""llm_says_match"": false}",2,medium
products_1_42551174|products_3_76507424,,hard_negative_gate,,keep_adjudicated,hard_negative_gate,"{""plm_score"": 3.1707677408121526e-05, ""theta"": 0.61, ""delta"": 0.08, ""llm_says_match"": false}",2,medium
products_1_42551174|products_4_57859900,,hard_negative_gate,,keep_adjudicated,hard_negative_gate,"{""plm_score"": 4.2795440094778314e-05, ""theta"": 0.61, ""delta"": 0.08, ""llm_says_match"": false}",2,medium
products_1_42551174|products_4_87067165,,hard_negative_gate,,keep_adjudicated,hard_negative_gate,"{""plm_score"": 3.0215438528102823e-05, ""theta"": 0.61, ""delta"": 0.08, ""llm_says_match"": false}",2,medium
products_1_43294436|products_2_3722813,,hard_negative_gate,,keep_adjudicated,hard_negative_gate,"{""plm_score"": 2.3682167011429556e-05, ""theta"": 0.61, ""delta"": 0.08, ""llm_says_match"": false}",2,medium
products_1_43294436|products_3_10330594,,hard_negative_gate,,keep_adjudicated,hard_negative_gate,"{""plm_score"": 2.5618986910558306e-05, ""theta"": 0.61, ""delta"": 0.08, ""llm_says_match"": false}",2,medium
products_1_43294436|products_4_73423155,,hard_negative_gate,,keep_adjudicated,hard_negative_gate,"{""plm_score"": 0.0005174233228899539, ""theta"": 0.61, ""delta"": 0.08, ""llm_says_match"": false}",2,medium
products_1_4330|products_2_95268181,,hard_negative_gate,,keep_adjudicated,hard_negative_gate,"{""plm_score"": 1.0079284038511105e-05, ""theta"": 0.61, ""delta"": 0.08, ""llm_says_match"": false}",2,medium
products_1_4330|products_2_98139630,,hard_negative_gate,,keep_adjudicated,hard_negative_gate,"{""plm_score"": 1.3127559213899076e-05, ""theta"": 0.61, ""delta"": 0.08, ""llm_says_match"": false}",2,medium
products_1_4330|products_3_34888275,,hard_negative_gate,,keep_adjudicated,hard_negative_gate,"{""plm_score"": 9.925671292876359e-06, ""theta"": 0.61, ""delta"": 0.08, ""llm_says_match"": false}",2,medium
products_1_4330|products_3_47385841,,hard_negative_gate,,keep_adjudicated,hard_negative_gate,"{""plm_score"": 1.4619402463722508e-05, ""theta"": 0.61, ""delta"": 0.08, ""llm_says_match"": false}",2,medium
products_1_4330|products_4_53937881,,hard_negative_gate,,keep_adjudicated,hard_negative_gate,"{""plm_score"": 1.5372803318314254e-05, ""theta"": 0.61, ""delta"": 0.08, ""llm_says_match"": false}",2,medium
products_1_4330|products_4_74115015,,hard_negative_gate,,keep_adjudicated,hard_negative_gate,"{""plm_score"": 9.850411515799351e-06, ""theta"": 0.61, ""delta"": 0.08, ""llm_says_match"": false}",2,medium
products_1_4360231|products_2_23846849,,hard_negative_gate,,keep_adjudicated,hard_negative_gate,"{""plm_score"": 0.00010356414713896811, ""theta"": 0.61, ""delta"": 0.08, ""llm_says_match"": false}",2,medium
products_1_4360231|products_3_96863812,,hard_negative_gate,,keep_adjudicated,hard_negative_gate,"{""plm_score"": 4.662159699364565e-05, ""theta"": 0.61, ""delta"": 0.08, ""llm_says_match"": false}",2,medium
products_1_43613054|products_2_190485,,hard_negative_gate,,keep_adjudicated,hard_negative_gate,"{""plm_score"": 7.030191773083061e-05, ""theta"": 0.61, ""delta"": 0.08, ""llm_says_match"": false}",2,medium
products_1_43613054|products_2_41172040,,hard_negative_gate,,keep_adjudicated,hard_negative_gate,"{""plm_score"": 6.773020140826702e-05, ""theta"": 0.61, ""delta"": 0.08, ""llm_says_match"": false}",2,medium
products_1_43613054|products_3_69943848,,hard_negative_gate,,keep_adjudicated,hard_negative_gate,"{""plm_score"": 1.6838672308949754e-05, ""theta"": 0.61, ""delta"": 0.08, ""llm_says_match"": false}",2,medium
products_1_43613054|products_3_70423243,,hard_negative_gate,,keep_adjudicated,hard_negative_gate,"{""plm_score"": 4.371964678284712e-05, ""theta"": 0.61, ""delta"": 0.08, ""llm_says_match"": false}",2,medium
products_1_43613054|products_4_2701008,,hard_negative_gate,,keep_adjudicated,hard_negative_gate,"{""plm_score"": 0.059203535318374634, ""theta"": 0.61, ""delta"": 0.08, ""llm_says_match"": false}",2,medium
products_1_44551871|products_2_5623956,,hard_negative_gate,,keep_adjudicated,hard_negative_gate,"{""plm_score"": 0.6052356362342834, ""theta"": 0.61, ""delta"": 0.08, ""llm_says_match"": false}",2,medium
products_1_44551871|products_2_96091216,,hard_negative_gate,,keep_adjudicated,hard_negative_gate,"{""plm_score"": 0.2067326158285141, ""theta"": 0.61, ""delta"": 0.08, ""llm_says_match"": false}",2,medium
products_1_44551871|products_3_30114774,,hard_negative_gate,,keep_adjudicated,hard_negative_gate,"{""plm_score"": 0.6745668649673462, ""theta"": 0.61, ""delta"": 0.08, ""llm_says_match"": false}",2,medium
products_1_44551871|products_4_31966474,,hard_negative_gate,,keep_adjudicated,hard_negative_gate,"{""plm_score"": 0.08855225890874863, ""theta"": 0.61, ""delta"": 0.08, ""llm_says_match"": false}",2,medium
products_1_44618699|products_2_38300965,,hard_negative_gate,,keep_adjudicated,hard_negative_gate,"{""plm_score"": 1.75755030795699e-05, ""theta"": 0.61, ""delta"": 0.08, ""llm_says_match"": false}",2,medium
products_1_44618699|products_3_78460452,,hard_negative_gate,,keep_adjudicated,hard_negative_gate,"{""plm_score"": 1.5782170521561056e-05, ""theta"": 0.61, ""delta"": 0.08, ""llm_says_match"": false}",2,medium
products_1_44618699|products_4_56775878,,hard_negative_gate,,keep_adjudicated,hard_negative_gate,"{""plm_score"": 1.504680130892666e-05, ""theta"": 0.61, ""delta"": 0.08, ""llm_says_match"": false}",2,medium
products_1_44656058|products_2_3564915,,hard_negative_gate,,keep_adjudicated,hard_negative_gate,"{""plm_score"": 1.2428066838765517e-05, ""theta"": 0.61, ""delta"": 0.08, ""llm_says_match"": false}",2,medium
products_1_44656058|products_3_59145653,,hard_negative_gate,,keep_adjudicated,hard_negative_gate,"{""plm_score"": 1.3023500287090428e-05, ""theta"": 0.61, ""delta"": 0.08, ""llm_says_match"": false}",2,medium
products_1_44656058|products_4_75638511,,hard_negative_gate,,keep_adjudicated,hard_negative_gate,"{""plm_score"": 3.0461182177532464e-05, ""theta"": 0.61, ""delta"": 0.08, ""llm_says_match"": false}",2,medium
products_1_44678762|products_2_6176761,,hard_negative_gate,,keep_adjudicated,hard_negative_gate,"{""plm_score"": 2.8938386094523594e-05, ""theta"": 0.61, ""delta"": 0.08, ""llm_says_match"": false}",2,medium
products_1_44678762|products_3_81285148,,hard_negative_gate,,keep_adjudicated,hard_negative_gate,"{""plm_score"": 1.684050221228972e-05, ""theta"": 0.61, ""delta"": 0.08, ""llm_says_match"": false}",2,medium
products_1_44678762|products_4_88949733,,hard_negative_gate,,keep_adjudicated,hard_negative_gate,"{""plm_score"": 2.9617758627864532e-05, ""theta"": 0.61, ""delta"": 0.08, ""llm_says_match"": false}",2,medium
products_1_44921379|products_2_1695860,,hard_negative_gate,,keep_adjudicated,hard_negative_gate,"{""plm_score"": 0.49650710821151733, ""theta"": 0.61, ""delta"": 0.08, ""llm_says_match"": false}",2,medium
products_1_44921379|products_3_41335396,,hard_negative_gate,,keep_adjudicated,hard_negative_gate,"{""plm_score"": 0.9994445443153381, ""theta"": 0.61, ""delta"": 0.08, ""llm_says_match"": false}",2,medium
products_1_44921379|products_4_97389879,,hard_negative_gate,,keep_adjudicated,hard_negative_gate,"{""plm_score"": 0.9952369928359985, ""theta"": 0.61, ""delta"": 0.08, ""llm_says_match"": false}",2,medium
products_1_44961253|products_2_81919883,,hard_negative_gate,,keep_adjudicated,hard_negative_gate,"{""plm_score"": 3.712285979418084e-05, ""theta"": 0.61, ""delta"": 0.08, ""llm_says_match"": false}",2,medium
products_1_44961253|products_3_81443209,,hard_negative_gate,,keep_adjudicated,hard_negative_gate,"{""plm_score"": 2.466085607011337e-05, ""theta"": 0.61, ""delta"": 0.08, ""llm_says_match"": false}",2,medium
products_1_45169409|products_2_42633194,,hard_negative_gate,,keep_adjudicated,hard_negative_gate,"{""plm_score"": 1.0169503184442874e-05, ""theta"": 0.61, ""delta"": 0.08, ""llm_says_match"": false}",2,medium
products_1_45169409|products_3_26401991,,hard_negative_gate,,keep_adjudicated,hard_negative_gate,"{""plm_score"": 8.699445061211009e-06, ""theta"": 0.61, ""delta"": 0.08, ""llm_says_match"": false}",2,medium
products_1_45169409|products_4_65070554,,hard_negative_gate,,keep_adjudicated,hard_negative_gate,"{""plm_score"": 1.4813907910138369e-05, ""theta"": 0.61, ""delta"": 0.08, ""llm_says_match"": false}",2,medium
products_1_45214544|products_2_30142035,,hard_negative_gate,,keep_adjudicated,hard_negative_gate,"{""plm_score"": 2.0568897525663488e-05, ""theta"": 0.61, ""delta"": 0.08, ""llm_says_match"": false}",2,medium
products_1_45214544|products_2_6988926,,hard_negative_gate,,keep_adjudicated,hard_negative_gate,"{""plm_score"": 9.005514584714547e-06, ""theta"": 0.61, ""delta"": 0.08, ""llm_says_match"": false}",2,medium
products_1_45214544|products_3_76447164,,hard_negative_gate,,keep_adjudicated,hard_negative_gate,"{""plm_score"": 1.0403397936897818e-05, ""theta"": 0.61, ""delta"": 0.08, ""llm_says_match"": false}",2,medium
products_1_45214544|products_3_85807926,,hard_negative_gate,,keep_adjudicated,hard_negative_gate,"{""plm_score"": 1.6058087567216717e-05, ""theta"": 0.61, ""delta"": 0.08, ""llm_says_match"": false}",2,medium
products_1_45214544|products_4_7634013,,hard_negative_gate,,keep_adjudicated,hard_negative_gate,"{""plm_score"": 8.7737216745154e-06, ""theta"": 0.61, ""delta"": 0.08, ""llm_says_match"": false}",2,medium
products_1_45478469|products_2_91504889,,hard_negative_gate,,keep_adjudicated,hard_negative_gate,"{""plm_score"": 0.0013950245920568705, ""theta"": 0.61, ""delta"": 0.08, ""llm_says_match"": false}",2,medium
products_1_45478469|products_3_58718563,,hard_negative_gate,,keep_adjudicated,hard_negative_gate,"{""plm_score"": 0.0007933182059787214, ""theta"": 0.61, ""delta"": 0.08, ""llm_says_match"": false}",2,medium
products_1_45478469|products_4_68607451,,hard_negative_gate,,keep_adjudicated,hard_negative_gate,"{""plm_score"": 0.000596387661062181, ""theta"": 0.61, ""delta"": 0.08, ""llm_says_match"": false}",2,medium
products_1_4586576|products_2_58710753,,hard_negative_gate,,keep_adjudicated,hard_negative_gate,"{""plm_score"": 0.0005894360365346074, ""theta"": 0.61, ""delta"": 0.08, ""llm_says_match"": false}",2,medium
products_1_4586576|products_2_75180166,,hard_negative_gate,,keep_adjudicated,hard_negative_gate,"{""plm_score"": 5.927085658186115e-05, ""theta"": 0.61, ""delta"": 0.08, ""llm_says_match"": false}",2,medium
products_1_4586576|products_2_79777030,,hard_negative_gate,,keep_adjudicated,hard_negative_gate,"{""plm_score"": 1.603754935786128e-05, ""theta"": 0.61, ""delta"": 0.08, ""llm_says_match"": false}",2,medium
products_1_4586576|products_3_18175862,,hard_negative_gate,,keep_adjudicated,hard_negative_gate,"{""plm_score"": 1.4772473150514998e-05, ""theta"": 0.61, ""delta"": 0.08, ""llm_says_match"": false}",2,medium
products_1_4586576|products_3_2111408,,hard_negative_gate,,keep_adjudicated,hard_negative_gate,"{""plm_score"": 0.001294993213377893, ""theta"": 0.61, ""delta"": 0.08, ""llm_says_match"": false}",2,medium
products_1_4586576|products_3_95781031,,hard_negative_gate,,keep_adjudicated,hard_negative_gate,"{""plm_score"": 0.0006665224791504443, ""theta"": 0.61, ""delta"": 0.08, ""llm_says_match"": false}",2,medium
products_1_4586576|products_4_50360533,,hard_negative_gate,,keep_adjudicated,hard_negative_gate,"{""plm_score"": 0.0008244990021921694, ""theta"": 0.61, ""delta"": 0.08, ""llm_says_match"": false}",2,medium
products_1_4586576|products_4_61167194,,hard_negative_gate,,keep_adjudicated,hard_negative_gate,"{""plm_score"": 0.00025318365078419447, ""theta"": 0.61, ""delta"": 0.08, ""llm_says_match"": false}",2,medium
products_1_46100256|products_2_26597061,,hard_negative_gate,,keep_adjudicated,hard_negative_gate,"{""plm_score"": 5.260324542177841e-05, ""theta"": 0.61, ""delta"": 0.08, ""llm_says_match"": false}",2,medium
products_1_46100256|products_3_33754739,,hard_negative_gate,,keep_adjudicated,hard_negative_gate,"{""plm_score"": 5.304360456648283e-05, ""theta"": 0.61, ""delta"": 0.08, ""llm_says_match"": false}",2,medium
products_1_46100256|products_4_37637412,,hard_negative_gate,,keep_adjudicated,hard_negative_gate,"{""plm_score"": 4.851032645092346e-05, ""theta"": 0.61, ""delta"": 0.08, ""llm_says_match"": false}",2,medium
products_1_46330427|products_2_51932172,,hard_negative_gate,,keep_adjudicated,hard_negative_gate,"{""plm_score"": 0.00013515917817130685, ""theta"": 0.61, ""delta"": 0.08, ""llm_says_match"": false}",2,medium
products_1_46330427|products_2_63973332,,hard_negative_gate,,keep_adjudicated,hard_negative_gate,"{""plm_score"": 1.7558531908434816e-05, ""theta"": 0.61, ""delta"": 0.08, ""llm_says_match"": false}",2,medium
products_1_46330427|products_3_17899082,,hard_negative_gate,,keep_adjudicated,hard_negative_gate,"{""plm_score"": 0.00021918526908848435, ""theta"": 0.61, ""delta"": 0.08, ""llm_says_match"": false}",2,medium
products_1_46330427|products_3_47613152,,hard_negative_gate,,keep_adjudicated,hard_negative_gate,"{""plm_score"": 1.6523603335372172e-05, ""theta"": 0.61, ""delta"": 0.08, ""llm_says_match"": false}",2,medium
products_1_46330427|products_4_46802224,,hard_negative_gate,,keep_adjudicated,hard_negative_gate,"{""plm_score"": 0.09225334227085114, ""theta"": 0.61, ""delta"": 0.08, ""llm_says_match"": false}",2,medium
products_1_46330427|products_4_51893803,,hard_negative_gate,,keep_adjudicated,hard_negative_gate,"{""plm_score"": 1.6543817764613777e-05, ""theta"": 0.61, ""delta"": 0.08, ""llm_says_match"": false}",2,medium
products_1_46891078|products_2_77233349,,hard_negative_gate,,keep_adjudicated,hard_negative_gate,"{""plm_score"": 1.3948172636446543e-05, ""theta"": 0.61, ""delta"": 0.08, ""llm_says_match"": false}",2,medium
products_1_46891078|products_3_20661417,,hard_negative_gate,,keep_adjudicated,hard_negative_gate,"{""plm_score"": 1.0247473255731165e-05, ""theta"": 0.61, ""delta"": 0.08, ""llm_says_match"": false}",2,medium
products_1_46891078|products_4_33276068,,hard_negative_gate,,keep_adjudicated,hard_negative_gate,"{""plm_score"": 1.0568696779955644e-05, ""theta"": 0.61, ""delta"": 0.08, ""llm_says_match"": false}",2,medium
products_1_47198697|products_2_79372881,,hard_negative_gate,,keep_adjudicated,hard_negative_gate,"{""plm_score"": 1.7234628103324212e-05, ""theta"": 0.61, ""delta"": 0.08, ""llm_says_match"": false}",2,medium
products_1_47198697|products_3_1051974,,hard_negative_gate,,keep_adjudicated,hard_negative_gate,"{""plm_score"": 8.46071561682038e-05, ""theta"": 0.61, ""delta"": 0.08, ""llm_says_match"": false}",2,medium
products_1_47198697|products_4_5552466,,hard_negative_gate,,keep_adjudicated,hard_negative_gate,"{""plm_score"": 2.0147612303844653e-05, ""theta"": 0.61, ""delta"": 0.08, ""llm_says_match"": false}",2,medium
products_1_47773304|products_2_52572370,,hard_negative_gate,,keep_adjudicated,hard_negative_gate,"{""plm_score"": 1.4597087101719808e-05, ""theta"": 0.61, ""delta"": 0.08, ""llm_says_match"": false}",2,medium
products_1_47773304|products_2_75180166,,hard_negative_gate,,keep_adjudicated,hard_negative_gate,"{""plm_score"": 0.004425154533237219, ""theta"": 0.61, ""delta"": 0.08, ""llm_says_match"": false}",2,medium
products_1_47773304|products_3_2111408,,hard_negative_gate,,keep_adjudicated,hard_negative_gate,"{""plm_score"": 0.9995874762535095, ""theta"": 0.61, ""delta"": 0.08, ""llm_says_match"": false}",2,medium
products_1_47773304|products_3_84240107,,hard_negative_gate,,keep_adjudicated,hard_negative_gate,"{""plm_score"": 1.4086420378589537e-05, ""theta"": 0.61, ""delta"": 0.08, ""llm_says_match"": false}",2,medium
products_1_47773304|products_4_61167194,,hard_negative_gate,,keep_adjudicated,hard_negative_gate,"{""plm_score"": 0.08118779957294464, ""theta"": 0.61, ""delta"": 0.08, ""llm_says_match"": false}",2,medium
products_1_47930825|products_2_271216,,hard_negative_gate,,keep_adjudicated,hard_negative_gate,"{""plm_score"": 4.521631490206346e-05, ""theta"": 0.61, ""delta"": 0.08, ""llm_says_match"": false}",2,medium
products_1_47930825|products_3_5228033,,hard_negative_gate,,keep_adjudicated,hard_negative_gate,"{""plm_score"": 2.7996629796689376e-05, ""theta"": 0.61, ""delta"": 0.08, ""llm_says_match"": false}",2,medium
products_1_47930825|products_4_16429465,,hard_negative_gate,,keep_adjudicated,hard_negative_gate,"{""plm_score"": 3.303716584923677e-05, ""theta"": 0.61, ""delta"": 0.08, ""llm_says_match"": false}",2,medium
products_1_48259418|products_2_25681159,,hard_negative_gate,,keep_adjudicated,hard_negative_gate,"{""plm_score"": 0.0008719332981854677, ""theta"": 0.61, ""delta"": 0.08, ""llm_says_match"": false}",2,medium
products_1_48259418|products_3_45883906,,hard_negative_gate,,keep_adjudicated,hard_negative_gate,"{""plm_score"": 0.00027358494116924703, ""theta"": 0.61, ""delta"": 0.08, ""llm_says_match"": false}",2,medium
products_1_48259418|products_4_68085447,,hard_negative_gate,,keep_adjudicated,hard_negative_gate,"{""plm_score"": 0.001033924869261682, ""theta"": 0.61, ""delta"": 0.08, ""llm_says_match"": false}",2,medium
products_1_48281373|products_2_23403721,,hard_negative_gate,,keep_adjudicated,hard_negative_gate,"{""plm_score"": 1.4382778317667544e-05, ""theta"": 0.61, ""delta"": 0.08, ""llm_says_match"": false}",2,medium
products_1_48281373|products_2_50974100,,hard_negative_gate,,keep_adjudicated,hard_negative_gate,"{""plm_score"": 1.3902303180657327e-05, ""theta"": 0.61, ""delta"": 0.08, ""llm_says_match"": false}",2,medium
products_1_48281373|products_2_5623956,,hard_negative_gate,,keep_adjudicated,hard_negative_gate,"{""plm_score"": 0.08966448158025742, ""theta"": 0.61, ""delta"": 0.08, ""llm_says_match"": false}",2,medium
products_1_48281373|products_3_30114774,,hard_negative_gate,,keep_adjudicated,hard_negative_gate,"{""plm_score"": 0.0019280922133475542, ""theta"": 0.61, ""delta"": 0.08, ""llm_says_match"": false}",2,medium
products_1_48281373|products_3_58164584,,hard_negative_gate,,keep_adjudicated,hard_negative_gate,"{""plm_score"": 6.36414551991038e-05, ""theta"": 0.61, ""delta"": 0.08, ""llm_says_match"": false}",2,medium
products_1_48281373|products_4_31966474,,hard_negative_gate,,keep_adjudicated,hard_negative_gate,"{""plm_score"": 0.0004352789546828717, ""theta"": 0.61, ""delta"": 0.08, ""llm_says_match"": false}",2,medium
products_1_48281373|products_4_54595497,,hard_negative_gate,,keep_adjudicated,hard_negative_gate,"{""plm_score"": 3.337581074447371e-05, ""theta"": 0.61, ""delta"": 0.08, ""llm_says_match"": false}",2,medium
products_1_48525870|products_2_16191031,,hard_negative_gate,,keep_adjudicated,hard_negative_gate,"{""plm_score"": 1.187025281979004e-05, ""theta"": 0.61, ""delta"": 0.08, ""llm_says_match"": false}",2,medium
products_1_48525870|products_2_33137302,,hard_negative_gate,,keep_adjudicated,hard_negative_gate,"{""plm_score"": 3.7231806345516816e-05, ""theta"": 0.61, ""delta"": 0.08, ""llm_says_match"": false}",2,medium
products_1_48525870|products_2_59308229,,hard_negative_gate,,keep_adjudicated,hard_negative_gate,"{""plm_score"": 0.9999343156814575, ""theta"": 0.61, ""delta"": 0.08, ""llm_says_match"": false}",2,medium
products_1_48525870|products_2_64336682,,hard_negative_gate,,keep_adjudicated,hard_negative_gate,"{""plm_score"": 2.174056317016948e-05, ""theta"": 0.61, ""delta"": 0.08, ""llm_says_match"": false}",2,medium
products_1_48525870|products_3_17671245,,hard_negative_gate,,keep_adjudicated,hard_negative_gate,"{""plm_score"": 1.3595384189102333e-05, ""theta"": 0.61, ""delta"": 0.08, ""llm_says_match"": false}",2,medium
products_1_48525870|products_3_49263678,,hard_negative_gate,,keep_adjudicated,hard_negative_gate,"{""plm_score"": 3.6196011933498085e-05, ""theta"": 0.61, ""delta"": 0.08, ""llm_says_match"": false}",2,medium
products_1_48525870|products_3_67784462,,hard_negative_gate,,keep_adjudicated,hard_negative_gate,"{""plm_score"": 4.4576423533726484e-05, ""theta"": 0.61, ""delta"": 0.08, ""llm_says_match"": false}",2,medium
products_1_48525870|products_3_93741977,,hard_negative_gate,,keep_adjudicated,hard_negative_gate,"{""plm_score"": 0.9995322227478027, ""theta"": 0.61, ""delta"": 0.08, ""llm_says_match"": false}",2,medium
products_1_48525870|products_4_34725164,,hard_negative_gate,,keep_adjudicated,hard_negative_gate,"{""plm_score"": 2.0292754925321788e-05, ""theta"": 0.61, ""delta"": 0.08, ""llm_says_match"": false}",2,medium
products_1_48525870|products_4_58196146,,hard_negative_gate,,keep_adjudicated,hard_negative_gate,"{""plm_score"": 2.0039040464325808e-05, ""theta"": 0.61, ""delta"": 0.08, ""llm_says_match"": false}",2,medium
products_1_49130224|products_2_95268181,,hard_negative_gate,,keep_adjudicated,hard_negative_gate,"{""plm_score"": 9.090074854611885e-06, ""theta"": 0.61, ""delta"": 0.08, ""llm_says_match"": false}",2,medium
products_1_49130224|products_3_34888275,,hard_negative_gate,,keep_adjudicated,hard_negative_gate,"{""plm_score"": 1.1586584150791168e-05, ""theta"": 0.61, ""delta"": 0.08, ""llm_says_match"": false}",2,medium
products_1_49130224|products_4_74115015,,hard_negative_gate,,keep_adjudicated,hard_negative_gate,"{""plm_score"": 9.111790859606117e-06, ""theta"": 0.61, ""delta"": 0.08, ""llm_says_match"": false}",2,medium
products_1_4944318|products_2_3708141,,hard_negative_gate,,keep_adjudicated,hard_negative_gate,"{""plm_score"": 0.9933218359947205, ""theta"": 0.61, ""delta"": 0.08, ""llm_says_match"": false}",2,medium
products_1_4944318|products_2_56905331,,hard_negative_gate,,keep_adjudicated,hard_negative_gate,"{""plm_score"": 0.07886026054620743, ""theta"": 0.61, ""delta"": 0.08, ""llm_says_match"": false}",2,medium
products_1_4944318|products_3_22646558,,hard_negative_gate,,keep_adjudicated,hard_negative_gate,"{""plm_score"": 0.9982036352157593, ""theta"": 0.61, ""delta"": 0.08, ""llm_says_match"": false}",2,medium
products_1_4944318|products_3_57479122,,hard_negative_gate,,keep_adjudicated,hard_negative_gate,"{""plm_score"": 0.9971850514411926, ""theta"": 0.61, ""delta"": 0.08, ""llm_says_match"": false}",2,medium
products_1_4944318|products_4_60975501,,hard_negative_gate,,keep_adjudicated,hard_negative_gate,"{""plm_score"": 0.9038853049278259, ""theta"": 0.61, ""delta"": 0.08, ""llm_says_match"": false}",2,medium
products_1_50222671|products_2_12064785,,hard_negative_gate,,keep_adjudicated,hard_negative_gate,"{""plm_score"": 1.7866695998236537e-05, ""theta"": 0.61, ""delta"": 0.08, ""llm_says_match"": false}",2,medium
products_1_50222671|products_2_35384524,,hard_negative_gate,,keep_adjudicated,hard_negative_gate,"{""plm_score"": 4.858671309193596e-05, ""theta"": 0.61, ""delta"": 0.08, ""llm_says_match"": false}",2,medium
products_1_50222671|products_2_44178154,,hard_negative_gate,,keep_adjudicated,hard_negative_gate,"{""plm_score"": 9.228239832737017e-06, ""theta"": 0.61, ""delta"": 0.08, ""llm_says_match"": false}",2,medium
products_1_50222671|products_2_54362555,,hard_negative_gate,,keep_adjudicated,hard_negative_gate,"{""plm_score"": 0.0001445173256797716, ""theta"": 0.61, ""delta"": 0.08, ""llm_says_match"": false}",2,medium
products_1_50222671|products_2_95232041,,hard_negative_gate,,keep_adjudicated,hard_negative_gate,"{""plm_score"": 8.829144462652039e-06, ""theta"": 0.61, ""delta"": 0.08, ""llm_says_match"": false}",2,medium
products_1_50222671|products_3_1901878,,hard_negative_gate,,keep_adjudicated,hard_negative_gate,"{""plm_score"": 1.0952976481348742e-05, ""theta"": 0.61, ""delta"": 0.08, ""llm_says_match"": false}",2,medium
products_1_50222671|products_3_198799,,hard_negative_gate,,keep_adjudicated,hard_negative_gate,"{""plm_score"": 0.0022455481812357903, ""theta"": 0.61, ""delta"": 0.08, ""llm_says_match"": false}",2,medium
products_1_50222671|products_3_28681672,,hard_negative_gate,,keep_adjudicated,hard_negative_gate,"{""plm_score"": 2.2636617359239608e-05, ""theta"": 0.61, ""delta"": 0.08, ""llm_says_match"": false}",2,medium
products_1_50222671|products_3_43317133,,hard_negative_gate,,keep_adjudicated,hard_negative_gate,"{""plm_score"": 2.5624214686104096e-05, ""theta"": 0.61, ""delta"": 0.08, ""llm_says_match"": false}",2,medium
products_1_50222671|products_3_75907519,,hard_negative_gate,,keep_adjudicated,hard_negative_gate,"{""plm_score"": 1.0715919415815733e-05, ""theta"": 0.61, ""delta"": 0.08, ""llm_says_match"": false}",2,medium
products_1_50222671|products_4_1773697,,hard_negative_gate,,keep_adjudicated,hard_negative_gate,"{""plm_score"": 7.961225492181256e-05, ""theta"": 0.61, ""delta"": 0.08, ""llm_says_match"": false}",2,medium
products_1_50222671|products_4_49228214,,hard_negative_gate,,keep_adjudicated,hard_negative_gate,"{""plm_score"": 2.953356488433201e-05, ""theta"": 0.61, ""delta"": 0.08, ""llm_says_match"": false}",2,medium
products_1_50222671|products_4_65720783,,hard_negative_gate,,keep_adjudicated,hard_negative_gate,"{""plm_score"": 1.589351631992031e-05, ""theta"": 0.61, ""delta"": 0.08, ""llm_says_match"": false}",2,medium
products_1_50222671|products_4_6891243,,hard_negative_gate,,keep_adjudicated,hard_negative_gate,"{""plm_score"": 1.444146710127825e-05, ""theta"": 0.61, ""delta"": 0.08, ""llm_says_match"": false}",2,medium
products_1_50222671|products_4_88684927,,hard_negative_gate,,keep_adjudicated,hard_negative_gate,"{""plm_score"": 1.164639434136916e-05, ""theta"": 0.61, ""delta"": 0.08, ""llm_says_match"": false}",2,medium
products_1_50293915|products_2_70357864,,hard_negative_gate,,keep_adjudicated,hard_negative_gate,"{""plm_score"": 1.11849803943187e-05, ""theta"": 0.61, ""delta"": 0.08, ""llm_says_match"": false}",2,medium
products_1_50293915|products_3_35481120,,hard_negative_gate,,keep_adjudicated,hard_negative_gate,"{""plm_score"": 9.254289579985198e-06, ""theta"": 0.61, ""delta"": 0.08, ""llm_says_match"": false}",2,medium
products_1_50293915|products_4_43760984,,hard_negative_gate,,keep_adjudicated,hard_negative_gate,"{""plm_score"": 1.0948475392069668e-05, ""theta"": 0.61, ""delta"": 0.08, ""llm_says_match"": false}",2,medium
products_1_52172790|products_2_29928344,,hard_negative_gate,,keep_adjudicated,hard_negative_gate,"{""plm_score"": 0.00018797209486365318, ""theta"": 0.61, ""delta"": 0.08, ""llm_says_match"": false}",2,medium
products_1_52172790|products_3_47160280,,hard_negative_gate,,keep_adjudicated,hard_negative_gate,"{""plm_score"": 2.558002233854495e-05, ""theta"": 0.61, ""delta"": 0.08, ""llm_says_match"": false}",2,medium
products_1_52172790|products_4_86658262,,hard_negative_gate,,keep_adjudicated,hard_negative_gate,"{""plm_score"": 2.3057576981955208e-05, ""theta"": 0.61, ""delta"": 0.08, ""llm_says_match"": false}",2,medium
products_1_5311205|products_2_5003948,,hard_negative_gate,,keep_adjudicated,hard_negative_gate,"{""plm_score"": 0.0013872120762243867, ""theta"": 0.61, ""delta"": 0.08, ""llm_says_match"": false}",2,medium
products_1_5311205|products_3_57346942,,hard_negative_gate,,keep_adjudicated,hard_negative_gate,"{""plm_score"": 0.0013575584162026644, ""theta"": 0.61, ""delta"": 0.08, ""llm_says_match"": false}",2,medium
products_1_5311205|products_4_94931124,,hard_negative_gate,,keep_adjudicated,hard_negative_gate,"{""plm_score"": 0.002961147343739867, ""theta"": 0.61, ""delta"": 0.08, ""llm_says_match"": false}",2,medium
products_1_53672855|products_2_14953157,,hard_negative_gate,,keep_adjudicated,hard_negative_gate,"{""plm_score"": 0.0008391751907765865, ""theta"": 0.61, ""delta"": 0.08, ""llm_says_match"": false}",2,medium
products_1_53672855|products_2_22018751,,hard_negative_gate,,keep_adjudicated,hard_negative_gate,"{""plm_score"": 1.0668016329873353e-05, ""theta"": 0.61, ""delta"": 0.08, ""llm_says_match"": false}",2,medium
products_1_53672855|products_2_35250546,,hard_negative_gate,,keep_adjudicated,hard_negative_gate,"{""plm_score"": 1.245220937562408e-05, ""theta"": 0.61, ""delta"": 0.08, ""llm_says_match"": false}",2,medium
products_1_53672855|products_3_42008504,,hard_negative_gate,,keep_adjudicated,hard_negative_gate,"{""plm_score"": 1.124196842283709e-05, ""theta"": 0.61, ""delta"": 0.08, ""llm_says_match"": false}",2,medium
products_1_53672855|products_3_56747635,,hard_negative_gate,,keep_adjudicated,hard_negative_gate,"{""plm_score"": 3.356892921146937e-05, ""theta"": 0.61, ""delta"": 0.08, ""llm_says_match"": false}",2,medium
products_1_53672855|products_3_57420385,,hard_negative_gate,,keep_adjudicated,hard_negative_gate,"{""plm_score"": 0.005109630525112152, ""theta"": 0.61, ""delta"": 0.08, ""llm_says_match"": false}",2,medium
products_1_53672855|products_4_67818648,,hard_negative_gate,,keep_adjudicated,hard_negative_gate,"{""plm_score"": 8.896033250493929e-06, ""theta"": 0.61, ""delta"": 0.08, ""llm_says_match"": false}",2,medium
products_1_53672855|products_4_74691870,,hard_negative_gate,,keep_adjudicated,hard_negative_gate,"{""plm_score"": 0.00024389679310843349, ""theta"": 0.61, ""delta"": 0.08, ""llm_says_match"": false}",2,medium
products_1_53672855|products_4_80569158,,hard_negative_gate,,keep_adjudicated,hard_negative_gate,"{""plm_score"": 0.0008391751907765865, ""theta"": 0.61, ""delta"": 0.08, ""llm_says_match"": false}",2,medium
products_1_5371368|products_2_35686933,,hard_negative_gate,,keep_adjudicated,hard_negative_gate,"{""plm_score"": 0.014877375215291977, ""theta"": 0.61, ""delta"": 0.08, ""llm_says_match"": false}",2,medium
products_1_5371368|products_2_79044072,,hard_negative_gate,,keep_adjudicated,hard_negative_gate,"{""plm_score"": 0.00010973080497933552, ""theta"": 0.61, ""delta"": 0.08, ""llm_says_match"": false}",2,medium
products_1_5371368|products_3_68605583,,hard_negative_gate,,keep_adjudicated,hard_negative_gate,"{""plm_score"": 0.01425676979124546, ""theta"": 0.61, ""delta"": 0.08, ""llm_says_match"": false}",2,medium
products_1_5371368|products_3_89071044,,hard_negative_gate,,keep_adjudicated,hard_negative_gate,"{""plm_score"": 9.075876732822508e-05, ""theta"": 0.61, ""delta"": 0.08, ""llm_says_match"": false}",2,medium
products_1_5371368|products_4_83464558,,hard_negative_gate,,keep_adjudicated,hard_negative_gate,"{""plm_score"": 0.9697878956794739, ""theta"": 0.61, ""delta"": 0.08, ""llm_says_match"": false}",2,medium
products_1_5371368|products_4_97292891,,hard_negative_gate,,keep_adjudicated,hard_negative_gate,"{""plm_score"": 4.5784552639815956e-05, ""theta"": 0.61, ""delta"": 0.08, ""llm_says_match"": false}",2,medium
products_1_53763929|products_2_33137302,,hard_negative_gate,,keep_adjudicated,hard_negative_gate,"{""plm_score"": 0.04656967148184776, ""theta"": 0.61, ""delta"": 0.08, ""llm_says_match"": false}",2,medium
products_1_53763929|products_3_49263678,,hard_negative_gate,,keep_adjudicated,hard_negative_gate,"{""plm_score"": 0.007360173389315605, ""theta"": 0.61, ""delta"": 0.08, ""llm_says_match"": false}",2,medium
products_1_53763929|products_4_58196146,,hard_negative_gate,,keep_adjudicated,hard_negative_gate,"{""plm_score"": 0.017410609871149063, ""theta"": 0.61, ""delta"": 0.08, ""llm_says_match"": false}",2,medium
products_1_54859186|products_2_71970308,,hard_negative_gate,,keep_adjudicated,hard_negative_gate,"{""plm_score"": 4.0216120396507904e-05, ""theta"": 0.61, ""delta"": 0.08, ""llm_says_match"": false}",2,medium
products_1_54859186|products_3_55362281,,hard_negative_gate,,keep_adjudicated,hard_negative_gate,"{""plm_score"": 0.00011761800851672888, ""theta"": 0.61, ""delta"": 0.08, ""llm_says_match"": false}",2,medium
products_1_54859186|products_4_70011599,,hard_negative_gate,,keep_adjudicated,hard_negative_gate,"{""plm_score"": 0.00025976478355005383, ""theta"": 0.61, ""delta"": 0.08, ""llm_says_match"": false}",2,medium
products_1_55631773|products_2_65522425,,hard_negative_gate,,keep_adjudicated,hard_negative_gate,"{""plm_score"": 9.616467650630511e-06, ""theta"": 0.61, ""delta"": 0.08, ""llm_says_match"": false}",2,medium
products_1_55631773|products_3_68665486,,hard_negative_gate,,keep_adjudicated,hard_negative_gate,"{""plm_score"": 9.644103556638584e-06, ""theta"": 0.61, ""delta"": 0.08, ""llm_says_match"": false}",2,medium
products_1_55631773|products_4_21961368,,hard_negative_gate,,keep_adjudicated,hard_negative_gate,"{""plm_score"": 1.2300332855375018e-05, ""theta"": 0.61, ""delta"": 0.08, ""llm_says_match"": false}",2,medium
products_1_55998431|products_2_5278516,,hard_negative_gate,,keep_adjudicated,hard_negative_gate,"{""plm_score"": 2.4141647372744046e-05, ""theta"": 0.61, ""delta"": 0.08, ""llm_says_match"": false}",2,medium
products_1_55998431|products_3_45917002,,hard_negative_gate,,keep_adjudicated,hard_negative_gate,"{""plm_score"": 2.2813852410763502e-05, ""theta"": 0.61, ""delta"": 0.08, ""llm_says_match"": false}",2,medium
products_1_55998431|products_4_4210690,,hard_negative_gate,,keep_adjudicated,hard_negative_gate,"{""plm_score"": 4.153902409598231e-05, ""theta"": 0.61, ""delta"": 0.08, ""llm_says_match"": false}",2,medium
products_1_56905335|products_2_56905331,,hard_negative_gate,,keep_adjudicated,hard_negative_gate,"{""plm_score"": 0.00011288798123132437, ""theta"": 0.61, ""delta"": 0.08, ""llm_says_match"": false}",2,medium
products_1_56905335|products_3_57479122,,hard_negative_gate,,keep_adjudicated,hard_negative_gate,"{""plm_score"": 0.00017794218729250133, ""theta"": 0.61, ""delta"": 0.08, ""llm_says_match"": false}",2,medium
products_1_58034111|products_2_75126756,,hard_negative_gate,,keep_adjudicated,hard_negative_gate,"{""plm_score"": 2.3088708985596895e-05, ""theta"": 0.61, ""delta"": 0.08, ""llm_says_match"": false}",2,medium
products_1_58034111|products_3_10474555,,hard_negative_gate,,keep_adjudicated,hard_negative_gate,"{""plm_score"": 0.0003010371292475611, ""theta"": 0.61, ""delta"": 0.08, ""llm_says_match"": false}",2,medium
products_1_58034111|products_4_33164035,,hard_negative_gate,,keep_adjudicated,hard_negative_gate,"{""plm_score"": 4.023142537334934e-05, ""theta"": 0.61, ""delta"": 0.08, ""llm_says_match"": false}",2,medium
products_1_58208007|products_2_11732386,,hard_negative_gate,,keep_adjudicated,hard_negative_gate,"{""plm_score"": 6.014667815179564e-05, ""theta"": 0.61, ""delta"": 0.08, ""llm_says_match"": false}",2,medium
products_1_58208007|products_3_37351978,,hard_negative_gate,,keep_adjudicated,hard_negative_gate,"{""plm_score"": 2.843630500137806e-05, ""theta"": 0.61, ""delta"": 0.08, ""llm_says_match"": false}",2,medium
products_1_58208007|products_4_14576497,,hard_negative_gate,,keep_adjudicated,hard_negative_gate,"{""plm_score"": 4.4343480112729594e-05, ""theta"": 0.61, ""delta"": 0.08, ""llm_says_match"": false}",2,medium
products_1_58505382|products_2_8988689,,hard_negative_gate,,keep_adjudicated,hard_negative_gate,"{""plm_score"": 3.8483220123453066e-05, ""theta"": 0.61, ""delta"": 0.08, ""llm_says_match"": false}",2,medium
products_1_58505382|products_3_47917137,,hard_negative_gate,,keep_adjudicated,hard_negative_gate,"{""plm_score"": 0.00011193643877049908, ""theta"": 0.61, ""delta"": 0.08, ""llm_says_match"": false}",2,medium
products_1_58685745|products_2_3730472,,hard_negative_gate,,keep_adjudicated,hard_negative_gate,"{""plm_score"": 1.678358603385277e-05, ""theta"": 0.61, ""delta"": 0.08, ""llm_says_match"": false}",2,medium
products_1_58685745|products_3_7363253,,hard_negative_gate,,keep_adjudicated,hard_negative_gate,"{""plm_score"": 2.940370177384466e-05, ""theta"": 0.61, ""delta"": 0.08, ""llm_says_match"": false}",2,medium
products_1_58685745|products_4_29387115,,hard_negative_gate,,keep_adjudicated,hard_negative_gate,"{""plm_score"": 3.078419831581414e-05, ""theta"": 0.61, ""delta"": 0.08, ""llm_says_match"": false}",2,medium
products_1_59530038|products_2_39418692,,hard_negative_gate,,keep_adjudicated,hard_negative_gate,"{""plm_score"": 2.0328858227003366e-05, ""theta"": 0.61, ""delta"": 0.08, ""llm_says_match"": false}",2,medium
products_1_59530038|products_2_53182926,,hard_negative_gate,,keep_adjudicated,hard_negative_gate,"{""plm_score"": 2.4638478862470947e-05, ""theta"": 0.61, ""delta"": 0.08, ""llm_says_match"": false}",2,medium
products_1_59530038|products_3_40032101,,hard_negative_gate,,keep_adjudicated,hard_negative_gate,"{""plm_score"": 2.6061306925839745e-05, ""theta"": 0.61, ""delta"": 0.08, ""llm_says_match"": false}",2,medium
products_1_59530038|products_3_4497800,,hard_negative_gate,,keep_adjudicated,hard_negative_gate,"{""plm_score"": 1.572463042975869e-05, ""theta"": 0.61, ""delta"": 0.08, ""llm_says_match"": false}",2,medium
products_1_59530038|products_4_18197151,,hard_negative_gate,,keep_adjudicated,hard_negative_gate,"{""plm_score"": 4.854397411691025e-05, ""theta"": 0.61, ""delta"": 0.08, ""llm_says_match"": false}",2,medium
products_1_59530038|products_4_32190901,,hard_negative_gate,,keep_adjudicated,hard_negative_gate,"{""plm_score"": 1.4239491065382026e-05, ""theta"": 0.61, ""delta"": 0.08, ""llm_says_match"": false}",2,medium
products_1_59897811|products_2_8975311,,hard_negative_gate,,keep_adjudicated,hard_negative_gate,"{""plm_score"": 5.4731372074456885e-05, ""theta"": 0.61, ""delta"": 0.08, ""llm_says_match"": false}",2,medium
products_1_59897811|products_3_64356572,,hard_negative_gate,,keep_adjudicated,hard_negative_gate,"{""plm_score"": 0.00010957784252241254, ""theta"": 0.61, ""delta"": 0.08, ""llm_says_match"": false}",2,medium
products_1_59897811|products_4_71377449,,hard_negative_gate,,keep_adjudicated,hard_negative_gate,"{""plm_score"": 0.00011071046901633963, ""theta"": 0.61, ""delta"": 0.08, ""llm_says_match"": false}",2,medium
products_1_6114785|products_2_22689923,,hard_negative_gate,,keep_adjudicated,hard_negative_gate,"{""plm_score"": 3.440785803832114e-05, ""theta"": 0.61, ""delta"": 0.08, ""llm_says_match"": false}",2,medium
products_1_6114785|products_3_17406325,,hard_negative_gate,,keep_adjudicated,hard_negative_gate,"{""plm_score"": 6.264946568990126e-05, ""theta"": 0.61, ""delta"": 0.08, ""llm_says_match"": false}",2,medium
products_1_6114785|products_4_23589087,,hard_negative_gate,,keep_adjudicated,hard_negative_gate,"{""plm_score"": 4.215798617224209e-05, ""theta"": 0.61, ""delta"": 0.08, ""llm_says_match"": false}",2,medium
products_1_6118785|products_2_65348210,,hard_negative_gate,,keep_adjudicated,hard_negative_gate,"{""plm_score"": 1.056263135978952e-05, ""theta"": 0.61, ""delta"": 0.08, ""llm_says_match"": false}",2,medium
products_1_6118785|products_3_77924764,,hard_negative_gate,,keep_adjudicated,hard_negative_gate,"{""plm_score"": 2.6112082196050324e-05, ""theta"": 0.61, ""delta"": 0.08, ""llm_says_match"": false}",2,medium
products_1_61268150|products_2_28590032,,hard_negative_gate,,keep_adjudicated,hard_negative_gate,"{""plm_score"": 5.086280361865647e-05, ""theta"": 0.61, ""delta"": 0.08, ""llm_says_match"": false}",2,medium
products_1_61268150|products_3_30304218,,hard_negative_gate,,keep_adjudicated,hard_negative_gate,"{""plm_score"": 2.588045936136041e-05, ""theta"": 0.61, ""delta"": 0.08, ""llm_says_match"": false}",2,medium
products_1_61268150|products_4_58883395,,hard_negative_gate,,keep_adjudicated,hard_negative_gate,"{""plm_score"": 0.00027099723229184747, ""theta"": 0.61, ""delta"": 0.08, ""llm_says_match"": false}",2,medium
products_1_61307663|products_2_40217101,,hard_negative_gate,,keep_adjudicated,hard_negative_gate,"{""plm_score"": 8.157052434398793e-06, ""theta"": 0.61, ""delta"": 0.08, ""llm_says_match"": false}",2,medium
products_1_61307663|products_2_74731291,,hard_negative_gate,,keep_adjudicated,hard_negative_gate,"{""plm_score"": 5.0176204240415245e-05, ""theta"": 0.61, ""delta"": 0.08, ""llm_says_match"": false}",2,medium
products_1_61307663|products_3_53085468,,hard_negative_gate,,keep_adjudicated,hard_negative_gate,"{""plm_score"": 8.65149104356533e-06, ""theta"": 0.61, ""delta"": 0.08, ""llm_says_match"": false}",2,medium
products_1_61307663|products_3_80753496,,hard_negative_gate,,keep_adjudicated,hard_negative_gate,"{""plm_score"": 1.4485134670394473e-05, ""theta"": 0.61, ""delta"": 0.08, ""llm_says_match"": false}",2,medium
products_1_61307663|products_4_5531813,,hard_negative_gate,,keep_adjudicated,hard_negative_gate,"{""plm_score"": 8.722523489268497e-06, ""theta"": 0.61, ""delta"": 0.08, ""llm_says_match"": false}",2,medium
products_1_61433092|products_2_12064785,,hard_negative_gate,,keep_adjudicated,hard_negative_gate,"{""plm_score"": 0.5590778589248657, ""theta"": 0.61, ""delta"": 0.08, ""llm_says_match"": false}",2,medium
products_1_61433092|products_2_43484397,,hard_negative_gate,,keep_adjudicated,hard_negative_gate,"{""plm_score"": 0.002994068432599306, ""theta"": 0.61, ""delta"": 0.08, ""llm_says_match"": false}",2,medium
products_1_61433092|products_2_569608,,hard_negative_gate,,keep_adjudicated,hard_negative_gate,"{""plm_score"": 1.255207371286815e-05, ""theta"": 0.61, ""delta"": 0.08, ""llm_says_match"": false}",2,medium
products_1_61433092|products_3_28681672,,hard_negative_gate,,keep_adjudicated,hard_negative_gate,"{""plm_score"": 0.026703519746661186, ""theta"": 0.61, ""delta"": 0.08, ""llm_says_match"": false}",2,medium
products_1_61433092|products_3_61710753,,hard_negative_gate,,keep_adjudicated,hard_negative_gate,"{""plm_score"": 2.1543213733821176e-05, ""theta"": 0.61, ""delta"": 0.08, ""llm_says_match"": false}",2,medium
products_1_61433092|products_3_65598015,,hard_negative_gate,,keep_adjudicated,hard_negative_gate,"{""plm_score"": 0.0001142735272878781, ""theta"": 0.61, ""delta"": 0.08, ""llm_says_match"": false}",2,medium
products_1_61433092|products_4_61015432,,hard_negative_gate,,keep_adjudicated,hard_negative_gate,"{""plm_score"": 1.560586315463297e-05, ""theta"": 0.61, ""delta"": 0.08, ""llm_says_match"": false}",2,medium
products_1_61433092|products_4_65720783,,hard_negative_gate,,keep_adjudicated,hard_negative_gate,"{""plm_score"": 0.0001173314667539671, ""theta"": 0.61, ""delta"": 0.08, ""llm_says_match"": false}",2,medium
products_1_61433092|products_4_81376715,,hard_negative_gate,,keep_adjudicated,hard_negative_gate,"{""plm_score"": 0.3957473337650299, ""theta"": 0.61, ""delta"": 0.08, ""llm_says_match"": false}",2,medium
products_1_617284|products_2_57731827,,hard_negative_gate,,keep_adjudicated,hard_negative_gate,"{""plm_score"": 0.0029097297228872776, ""theta"": 0.61, ""delta"": 0.08, ""llm_says_match"": false}",2,medium
products_1_617284|products_3_2823713,,hard_negative_gate,,keep_adjudicated,hard_negative_gate,"{""plm_score"": 0.020140966400504112, ""theta"": 0.61, ""delta"": 0.08, ""llm_says_match"": false}",2,medium
products_1_617284|products_4_77070657,,hard_negative_gate,,keep_adjudicated,hard_negative_gate,"{""plm_score"": 0.1094181016087532, ""theta"": 0.61, ""delta"": 0.08, ""llm_says_match"": false}",2,medium
products_1_61786604|products_2_63895377,,hard_negative_gate,,keep_adjudicated,hard_negative_gate,"{""plm_score"": 0.9999654293060303, ""theta"": 0.61, ""delta"": 0.08, ""llm_says_match"": false}",2,medium
products_1_61786604|products_3_92310352,,hard_negative_gate,,keep_adjudicated,hard_negative_gate,"{""plm_score"": 0.030111337080597878, ""theta"": 0.61, ""delta"": 0.08, ""llm_says_match"": false}",2,medium
products_1_61786604|products_4_66179582,,hard_negative_gate,,keep_adjudicated,hard_negative_gate,"{""plm_score"": 0.7855846285820007, ""theta"": 0.61, ""delta"": 0.08, ""llm_says_match"": false}",2,medium
products_1_62078047|products_2_10329471,,hard_negative_gate,,keep_adjudicated,hard_negative_gate,"{""plm_score"": 1.4143196494842414e-05, ""theta"": 0.61, ""delta"": 0.08, ""llm_says_match"": false}",2,medium
products_1_62078047|products_3_49739678,,hard_negative_gate,,keep_adjudicated,hard_negative_gate,"{""plm_score"": 1.6698253602953628e-05, ""theta"": 0.61, ""delta"": 0.08, ""llm_says_match"": false}",2,medium
products_1_62078047|products_4_63700999,,hard_negative_gate,,keep_adjudicated,hard_negative_gate,"{""plm_score"": 1.5146660189202521e-05, ""theta"": 0.61, ""delta"": 0.08, ""llm_says_match"": false}",2,medium
products_1_62156844|products_2_12490998,,hard_negative_gate,,keep_adjudicated,hard_negative_gate,"{""plm_score"": 1.1975338566116989e-05, ""theta"": 0.61, ""delta"": 0.08, ""llm_says_match"": false}",2,medium
products_1_62156844|products_3_40192165,,hard_negative_gate,,keep_adjudicated,hard_negative_gate,"{""plm_score"": 1.1639054719125852e-05, ""theta"": 0.61, ""delta"": 0.08, ""llm_says_match"": false}",2,medium
products_1_62156844|products_4_95316560,,hard_negative_gate,,keep_adjudicated,hard_negative_gate,"{""plm_score"": 2.0649380530812778e-05, ""theta"": 0.61, ""delta"": 0.08, ""llm_says_match"": false}",2,medium
products_1_62958579|products_2_4078281,,hard_negative_gate,,keep_adjudicated,hard_negative_gate,"{""plm_score"": 1.260051521967398e-05, ""theta"": 0.61, ""delta"": 0.08, ""llm_says_match"": false}",2,medium
products_1_62958579|products_3_80488178,,hard_negative_gate,,keep_adjudicated,hard_negative_gate,"{""plm_score"": 1.4810432730882894e-05, ""theta"": 0.61, ""delta"": 0.08, ""llm_says_match"": false}",2,medium
products_1_63493764|products_2_41211362,,hard_negative_gate,,keep_adjudicated,hard_negative_gate,"{""plm_score"": 8.044314745347947e-05, ""theta"": 0.61, ""delta"": 0.08, ""llm_says_match"": false}",2,medium
products_1_63493764|products_3_91452319,,hard_negative_gate,,keep_adjudicated,hard_negative_gate,"{""plm_score"": 2.9980275940033607e-05, ""theta"": 0.61, ""delta"": 0.08, ""llm_says_match"": false}",2,medium
products_1_63493764|products_4_3817876,,hard_negative_gate,,keep_adjudicated,hard_negative_gate,"{""plm_score"": 4.0800976421451196e-05, ""theta"": 0.61, ""delta"": 0.08, ""llm_says_match"": false}",2,medium
products_1_63930194|products_2_96393578,,hard_negative_gate,,keep_adjudicated,hard_negative_gate,"{""plm_score"": 4.351836469140835e-05, ""theta"": 0.61, ""delta"": 0.08, ""llm_says_match"": false}",2,medium
products_1_63930194|products_3_63227149,,hard_negative_gate,,keep_adjudicated,hard_negative_gate,"{""plm_score"": 0.5734153389930725, ""theta"": 0.61, ""delta"": 0.08, ""llm_says_match"": false}",2,medium
products_1_63930194|products_4_78470119,,hard_negative_gate,,keep_adjudicated,hard_negative_gate,"{""plm_score"": 3.0188795790309086e-05, ""theta"": 0.61, ""delta"": 0.08, ""llm_says_match"": false}",2,medium
products_1_64204030|products_2_19126355,,hard_negative_gate,,keep_adjudicated,hard_negative_gate,"{""plm_score"": 1.664338560658507e-05, ""theta"": 0.61, ""delta"": 0.08, ""llm_says_match"": false}",2,medium
products_1_64204030|products_2_24224043,,hard_negative_gate,,keep_adjudicated,hard_negative_gate,"{""plm_score"": 0.0003381821443326771, ""theta"": 0.61, ""delta"": 0.08, ""llm_says_match"": false}",2,medium
products_1_64204030|products_2_71970308,,hard_negative_gate,,keep_adjudicated,hard_negative_gate,"{""plm_score"": 1.3767582458967809e-05, ""theta"": 0.61, ""delta"": 0.08, ""llm_says_match"": false}",2,medium
products_1_64204030|products_3_46320085,,hard_negative_gate,,keep_adjudicated,hard_negative_gate,"{""plm_score"": 1.2865821190644056e-05, ""theta"": 0.61, ""delta"": 0.08, ""llm_says_match"": false}",2,medium
products_1_64204030|products_3_55362281,,hard_negative_gate,,keep_adjudicated,hard_negative_gate,"{""plm_score"": 9.009904715640005e-06, ""theta"": 0.61, ""delta"": 0.08, ""llm_says_match"": false}",2,medium
products_1_64204030|products_3_60220132,,hard_negative_gate,,keep_adjudicated,hard_negative_gate,"{""plm_score"": 0.0003843613376375288, ""theta"": 0.61, ""delta"": 0.08, ""llm_says_match"": false}",2,medium
products_1_64204030|products_4_66956099,,hard_negative_gate,,keep_adjudicated,hard_negative_gate,"{""plm_score"": 1.0290554200764745e-05, ""theta"": 0.61, ""delta"": 0.08, ""llm_says_match"": false}",2,medium
products_1_64204030|products_4_70011599,,hard_negative_gate,,keep_adjudicated,hard_negative_gate,"{""plm_score"": 1.3652732377522625e-05, ""theta"": 0.61, ""delta"": 0.08, ""llm_says_match"": false}",2,medium
products_1_6520859|products_2_49236530,,hard_negative_gate,,keep_adjudicated,hard_negative_gate,"{""plm_score"": 0.0001657806133152917, ""theta"": 0.61, ""delta"": 0.08, ""llm_says_match"": false}",2,medium
products_1_6520859|products_3_58345950,,hard_negative_gate,,keep_adjudicated,hard_negative_gate,"{""plm_score"": 0.001113222329877317, ""theta"": 0.61, ""delta"": 0.08, ""llm_says_match"": false}",2,medium
products_1_6520859|products_4_93635611,,hard_negative_gate,,keep_adjudicated,hard_negative_gate,"{""plm_score"": 0.00038346354267559946, ""theta"": 0.61, ""delta"": 0.08, ""llm_says_match"": false}",2,medium
products_1_6557275|products_2_11752341,,hard_negative_gate,,keep_adjudicated,hard_negative_gate,"{""plm_score"": 7.03407495166175e-05, ""theta"": 0.61, ""delta"": 0.08, ""llm_says_match"": false}",2,medium
products_1_6557275|products_3_60655529,,hard_negative_gate,,keep_adjudicated,hard_negative_gate,"{""plm_score"": 0.00013744845637120306, ""theta"": 0.61, ""delta"": 0.08, ""llm_says_match"": false}",2,medium
products_1_6557275|products_4_89681182,,hard_negative_gate,,keep_adjudicated,hard_negative_gate,"{""plm_score"": 4.945974797010422e-05, ""theta"": 0.61, ""delta"": 0.08, ""llm_says_match"": false}",2,medium
products_1_65837616|products_2_64387878,,hard_negative_gate,,keep_adjudicated,hard_negative_gate,"{""plm_score"": 3.55816628143657e-05, ""theta"": 0.61, ""delta"": 0.08, ""llm_says_match"": false}",2,medium
products_1_65837616|products_2_73989902,,hard_negative_gate,,keep_adjudicated,hard_negative_gate,"{""plm_score"": 8.870532474247739e-05, ""theta"": 0.61, ""delta"": 0.08, ""llm_says_match"": false}",2,medium
products_1_65837616|products_3_84077826,,hard_negative_gate,,keep_adjudicated,hard_negative_gate,"{""plm_score"": 6.377839599736035e-05, ""theta"": 0.61, ""delta"": 0.08, ""llm_says_match"": false}",2,medium
products_1_65837616|products_4_55414812,,hard_negative_gate,,keep_adjudicated,hard_negative_gate,"{""plm_score"": 0.0001909535058075562, ""theta"": 0.61, ""delta"": 0.08, ""llm_says_match"": false}",2,medium
products_1_66183633|products_2_2855231,,hard_negative_gate,,keep_adjudicated,hard_negative_gate,"{""plm_score"": 1.2657953448069748e-05, ""theta"": 0.61, ""delta"": 0.08, ""llm_says_match"": false}",2,medium
products_1_66183633|products_3_83797388,,hard_negative_gate,,keep_adjudicated,hard_negative_gate,"{""plm_score"": 7.073789311107248e-05, ""theta"": 0.61, ""delta"": 0.08, ""llm_says_match"": false}",2,medium
products_1_66183633|products_4_98695487,,hard_negative_gate,,keep_adjudicated,hard_negative_gate,"{""plm_score"": 1.9850869648507796e-05, ""theta"": 0.61, ""delta"": 0.08, ""llm_says_match"": false}",2,medium
products_1_66270550|products_2_40217101,,hard_negative_gate,,keep_adjudicated,hard_negative_gate,"{""plm_score"": 1.1619669749052264e-05, ""theta"": 0.61, ""delta"": 0.08, ""llm_says_match"": false}",2,medium
products_1_66270550|products_3_53085468,,hard_negative_gate,,keep_adjudicated,hard_negative_gate,"{""plm_score"": 1.1062043995480053e-05, ""theta"": 0.61, ""delta"": 0.08, ""llm_says_match"": false}",2,medium
products_1_66270550|products_4_5531813,,hard_negative_gate,,keep_adjudicated,hard_negative_gate,"{""plm_score"": 1.4893502338964026e-05, ""theta"": 0.61, ""delta"": 0.08, ""llm_says_match"": false}",2,medium
products_1_66284906|products_2_96833745,,hard_negative_gate,,keep_adjudicated,hard_negative_gate,"{""plm_score"": 1.541456913400907e-05, ""theta"": 0.61, ""delta"": 0.08, ""llm_says_match"": false}",2,medium
products_1_66284906|products_3_19590182,,hard_negative_gate,,keep_adjudicated,hard_negative_gate,"{""plm_score"": 1.88441790669458e-05, ""theta"": 0.61, ""delta"": 0.08, ""llm_says_match"": false}",2,medium
products_1_66284906|products_4_70747254,,hard_negative_gate,,keep_adjudicated,hard_negative_gate,"{""plm_score"": 5.370671715354547e-05, ""theta"": 0.61, ""delta"": 0.08, ""llm_says_match"": false}",2,medium
products_1_66458380|products_2_29453941,,hard_negative_gate,,keep_adjudicated,hard_negative_gate,"{""plm_score"": 0.0007617565570399165, ""theta"": 0.61, ""delta"": 0.08, ""llm_says_match"": false}",2,medium
products_1_66458380|products_2_31331520,,hard_negative_gate,,keep_adjudicated,hard_negative_gate,"{""plm_score"": 5.1628376240842044e-05, ""theta"": 0.61, ""delta"": 0.08, ""llm_says_match"": false}",2,medium
products_1_66458380|products_2_5992480,,hard_negative_gate,,keep_adjudicated,hard_negative_gate,"{""plm_score"": 0.0004814856220036745, ""theta"": 0.61, ""delta"": 0.08, ""llm_says_match"": false}",2,medium
products_1_66458380|products_2_68662600,,hard_negative_gate,,keep_adjudicated,hard_negative_gate,"{""plm_score"": 0.0001314901455771178, ""theta"": 0.61, ""delta"": 0.08, ""llm_says_match"": false}",2,medium
products_1_66458380|products_3_10627843,,hard_negative_gate,,keep_adjudicated,hard_negative_gate,"{""plm_score"": 0.0003102725022472441, ""theta"": 0.61, ""delta"": 0.08, ""llm_says_match"": false}",2,medium
products_1_66458380|products_3_56489331,,hard_negative_gate,,keep_adjudicated,hard_negative_gate,"{""plm_score"": 0.6212104558944702, ""theta"": 0.61, ""delta"": 0.08, ""llm_says_match"": false}",2,medium
products_1_66458380|products_3_66466941,,hard_negative_gate,,keep_adjudicated,hard_negative_gate,"{""plm_score"": 2.055387813015841e-05, ""theta"": 0.61, ""delta"": 0.08, ""llm_says_match"": false}",2,medium
products_1_66458380|products_3_98078792,,hard_negative_gate,,keep_adjudicated,hard_negative_gate,"{""plm_score"": 0.0005215965211391449, ""theta"": 0.61, ""delta"": 0.08, ""llm_says_match"": false}",2,medium
products_1_66458380|products_4_15081125,,hard_negative_gate,,keep_adjudicated,hard_negative_gate,"{""plm_score"": 0.011704499833285809, ""theta"": 0.61, ""delta"": 0.08, ""llm_says_match"": false}",2,medium
products_1_66458380|products_4_8387407,,hard_negative_gate,,keep_adjudicated,hard_negative_gate,"{""plm_score"": 0.0026841824874281883, ""theta"": 0.61, ""delta"": 0.08, ""llm_says_match"": false}",2,medium
products_1_67183699|products_2_69601386,,hard_negative_gate,,keep_adjudicated,hard_negative_gate,"{""plm_score"": 0.0018341551767662168, ""theta"": 0.61, ""delta"": 0.08, ""llm_says_match"": false}",2,medium
products_1_67375798|products_2_40849884,,hard_negative_gate,,keep_adjudicated,hard_negative_gate,"{""plm_score"": 1.3595266864285804e-05, ""theta"": 0.61, ""delta"": 0.08, ""llm_says_match"": false}",2,medium
products_1_67375798|products_2_49236530,,hard_negative_gate,,keep_adjudicated,hard_negative_gate,"{""plm_score"": 0.0006483754841610789, ""theta"": 0.61, ""delta"": 0.08, ""llm_says_match"": false}",2,medium
products_1_67375798|products_2_74242060,,hard_negative_gate,,keep_adjudicated,hard_negative_gate,"{""plm_score"": 1.864440127974376e-05, ""theta"": 0.61, ""delta"": 0.08, ""llm_says_match"": false}",2,medium
products_1_67375798|products_3_58345950,,hard_negative_gate,,keep_adjudicated,hard_negative_gate,"{""plm_score"": 2.318060251127463e-05, ""theta"": 0.61, ""delta"": 0.08, ""llm_says_match"": false}",2,medium
products_1_67375798|products_3_79718792,,hard_negative_gate,,keep_adjudicated,hard_negative_gate,"{""plm_score"": 0.00012110793613828719, ""theta"": 0.61, ""delta"": 0.08, ""llm_says_match"": false}",2,medium
products_1_67375798|products_3_80509522,,hard_negative_gate,,keep_adjudicated,hard_negative_gate,"{""plm_score"": 2.0728419258375652e-05, ""theta"": 0.61, ""delta"": 0.08, ""llm_says_match"": false}",2,medium
products_1_67375798|products_4_7604703,,hard_negative_gate,,keep_adjudicated,hard_negative_gate,"{""plm_score"": 1.2187910215288866e-05, ""theta"": 0.61, ""delta"": 0.08, ""llm_says_match"": false}",2,medium
products_1_67375798|products_4_93635611,,hard_negative_gate,,keep_adjudicated,hard_negative_gate,"{""plm_score"": 2.1546871721511707e-05, ""theta"": 0.61, ""delta"": 0.08, ""llm_says_match"": false}",2,medium
products_1_675322|products_2_10123735,,hard_negative_gate,,keep_adjudicated,hard_negative_gate,"{""plm_score"": 0.004891633987426758, ""theta"": 0.61, ""delta"": 0.08, ""llm_says_match"": false}",2,medium
products_1_675322|products_2_40527674,,hard_negative_gate,,keep_adjudicated,hard_negative_gate,"{""plm_score"": 0.9261196851730347, ""theta"": 0.61, ""delta"": 0.08, ""llm_says_match"": false}",2,medium
products_1_675322|products_3_63584406,,hard_negative_gate,,keep_adjudicated,hard_negative_gate,"{""plm_score"": 0.0004136395000386983, ""theta"": 0.61, ""delta"": 0.08, ""llm_says_match"": false}",2,medium
products_1_675322|products_4_35159024,,hard_negative_gate,,keep_adjudicated,hard_negative_gate,"{""plm_score"": 0.018691670149564743, ""theta"": 0.61, ""delta"": 0.08, ""llm_says_match"": false}",2,medium
products_1_67813666|products_2_31689616,,hard_negative_gate,,keep_adjudicated,hard_negative_gate,"{""plm_score"": 0.0001523075479781255, ""theta"": 0.61, ""delta"": 0.08, ""llm_says_match"": false}",2,medium
products_1_67813666|products_2_32723557,,hard_negative_gate,,keep_adjudicated,hard_negative_gate,"{""plm_score"": 2.0627710910048336e-05, ""theta"": 0.61, ""delta"": 0.08, ""llm_says_match"": false}",2,medium
products_1_67813666|products_2_51143371,,hard_negative_gate,,keep_adjudicated,hard_negative_gate,"{""plm_score"": 3.300113894511014e-05, ""theta"": 0.61, ""delta"": 0.08, ""llm_says_match"": false}",2,medium
products_1_67813666|products_2_7210030,,hard_negative_gate,,keep_adjudicated,hard_negative_gate,"{""plm_score"": 3.078816371271387e-05, ""theta"": 0.61, ""delta"": 0.08, ""llm_says_match"": false}",2,medium
products_1_67813666|products_2_98639536,,hard_negative_gate,,keep_adjudicated,hard_negative_gate,"{""plm_score"": 2.756596040853765e-05, ""theta"": 0.61, ""delta"": 0.08, ""llm_says_match"": false}",2,medium
products_1_67813666|products_3_23321687,,hard_negative_gate,,keep_adjudicated,hard_negative_gate,"{""plm_score"": 6.612727156607434e-05, ""theta"": 0.61, ""delta"": 0.08, ""llm_says_match"": false}",2,medium
products_1_67813666|products_3_36927421,,hard_negative_gate,,keep_adjudicated,hard_negative_gate,"{""plm_score"": 1.8717746570473537e-05, ""theta"": 0.61, ""delta"": 0.08, ""llm_says_match"": false}",2,medium
products_1_67813666|products_3_47617888,,hard_negative_gate,,keep_adjudicated,hard_negative_gate,"{""plm_score"": 0.00014554288645740598, ""theta"": 0.61, ""delta"": 0.08, ""llm_says_match"": false}",2,medium
products_1_67813666|products_3_74380362,,hard_negative_gate,,keep_adjudicated,hard_negative_gate,"{""plm_score"": 4.035603706142865e-05, ""theta"": 0.61, ""delta"": 0.08, ""llm_says_match"": false}",2,medium
products_1_67813666|products_3_78451157,,hard_negative_gate,,keep_adjudicated,hard_negative_gate,"{""plm_score"": 5.451369361253455e-05, ""theta"": 0.61, ""delta"": 0.08, ""llm_says_match"": false}",2,medium
products_1_67813666|products_4_46930776,,hard_negative_gate,,keep_adjudicated,hard_negative_gate,"{""plm_score"": 1.8625547454576008e-05, ""theta"": 0.61, ""delta"": 0.08, ""llm_says_match"": false}",2,medium
products_1_67813666|products_4_72645491,,hard_negative_gate,,keep_adjudicated,hard_negative_gate,"{""plm_score"": 0.00013153377221897244, ""theta"": 0.61, ""delta"": 0.08, ""llm_says_match"": false}",2,medium
products_1_67813666|products_4_81530115,,hard_negative_gate,,keep_adjudicated,hard_negative_gate,"{""plm_score"": 1.7332222341792658e-05, ""theta"": 0.61, ""delta"": 0.08, ""llm_says_match"": false}",2,medium
products_1_67813666|products_4_85694947,,hard_negative_gate,,keep_adjudicated,hard_negative_gate,"{""plm_score"": 3.429029311519116e-05, ""theta"": 0.61, ""delta"": 0.08, ""llm_says_match"": false}",2,medium
products_1_67813666|products_4_90267958,,hard_negative_gate,,keep_adjudicated,hard_negative_gate,"{""plm_score"": 2.292905810463708e-05, ""theta"": 0.61, ""delta"": 0.08, ""llm_says_match"": false}",2,medium
products_1_67844012|products_2_89814815,,hard_negative_gate,,keep_adjudicated,hard_negative_gate,"{""plm_score"": 0.0020091389305889606, ""theta"": 0.61, ""delta"": 0.08, ""llm_says_match"": false}",2,medium
products_1_67844012|products_2_96393578,,hard_negative_gate,,keep_adjudicated,hard_negative_gate,"{""plm_score"": 0.0001560076343594119, ""theta"": 0.61, ""delta"": 0.08, ""llm_says_match"": false}",2,medium
products_1_67844012|products_3_63227149,,hard_negative_gate,,keep_adjudicated,hard_negative_gate,"{""plm_score"": 0.0022731274366378784, ""theta"": 0.61, ""delta"": 0.08, ""llm_says_match"": false}",2,medium
products_1_67844012|products_3_8274427,,hard_negative_gate,,keep_adjudicated,hard_negative_gate,"{""plm_score"": 6.24049935140647e-05, ""theta"": 0.61, ""delta"": 0.08, ""llm_says_match"": false}",2,medium
products_1_67844012|products_4_15633031,,hard_negative_gate,,keep_adjudicated,hard_negative_gate,"{""plm_score"": 0.00026519160019233823, ""theta"": 0.61, ""delta"": 0.08, ""llm_says_match"": false}",2,medium
products_1_67844012|products_4_78470119,,hard_negative_gate,,keep_adjudicated,hard_negative_gate,"{""plm_score"": 3.827189721050672e-05, ""theta"": 0.61, ""delta"": 0.08, ""llm_says_match"": false}",2,medium
products_1_6817605|products_2_17820388,,hard_negative_gate,,keep_adjudicated,hard_negative_gate,"{""plm_score"": 0.00011263648048043251, ""theta"": 0.61, ""delta"": 0.08, ""llm_says_match"": false}",2,medium
products_1_6817605|products_2_26458543,,hard_negative_gate,,keep_adjudicated,hard_negative_gate,"{""plm_score"": 9.268491703551263e-05, ""theta"": 0.61, ""delta"": 0.08, ""llm_says_match"": false}",2,medium
products_1_6817605|products_3_51422423,,hard_negative_gate,,keep_adjudicated,hard_negative_gate,"{""plm_score"": 2.253254751849454e-05, ""theta"": 0.61, ""delta"": 0.08, ""llm_says_match"": false}",2,medium
products_1_6817605|products_3_79912496,,hard_negative_gate,,keep_adjudicated,hard_negative_gate,"{""plm_score"": 2.8188878786750138e-05, ""theta"": 0.61, ""delta"": 0.08, ""llm_says_match"": false}",2,medium
products_1_6817605|products_4_15310578,,hard_negative_gate,,keep_adjudicated,hard_negative_gate,"{""plm_score"": 4.104010804439895e-05, ""theta"": 0.61, ""delta"": 0.08, ""llm_says_match"": false}",2,medium
products_1_6817605|products_4_67087419,,hard_negative_gate,,keep_adjudicated,hard_negative_gate,"{""plm_score"": 2.6818010155693628e-05, ""theta"": 0.61, ""delta"": 0.08, ""llm_says_match"": false}",2,medium
products_1_68338843|products_2_61698087,,hard_negative_gate,,keep_adjudicated,hard_negative_gate,"{""plm_score"": 0.0004352279065642506, ""theta"": 0.61, ""delta"": 0.08, ""llm_says_match"": false}",2,medium
products_1_68338843|products_3_693299,,hard_negative_gate,,keep_adjudicated,hard_negative_gate,"{""plm_score"": 0.000755168788600713, ""theta"": 0.61, ""delta"": 0.08, ""llm_says_match"": false}",2,medium
products_1_68338843|products_4_4601555,,hard_negative_gate,,keep_adjudicated,hard_negative_gate,"{""plm_score"": 0.056987009942531586, ""theta"": 0.61, ""delta"": 0.08, ""llm_says_match"": false}",2,medium
products_1_6951663|products_2_31237395,,hard_negative_gate,,keep_adjudicated,hard_negative_gate,"{""plm_score"": 1.2751087524520699e-05, ""theta"": 0.61, ""delta"": 0.08, ""llm_says_match"": false}",2,medium
products_1_6951663|products_2_3708141,,hard_negative_gate,,keep_adjudicated,hard_negative_gate,"{""plm_score"": 2.0723378838738427e-05, ""theta"": 0.61, ""delta"": 0.08, ""llm_says_match"": false}",2,medium
products_1_6951663|products_2_59082251,,hard_negative_gate,,keep_adjudicated,hard_negative_gate,"{""plm_score"": 3.315786307211965e-05, ""theta"": 0.61, ""delta"": 0.08, ""llm_says_match"": false}",2,medium
products_1_6951663|products_2_9615620,,hard_negative_gate,,keep_adjudicated,hard_negative_gate,"{""plm_score"": 5.985355528537184e-05, ""theta"": 0.61, ""delta"": 0.08, ""llm_says_match"": false}",2,medium
products_1_6951663|products_2_96833745,,hard_negative_gate,,keep_adjudicated,hard_negative_gate,"{""plm_score"": 2.3975995645741932e-05, ""theta"": 0.61, ""delta"": 0.08, ""llm_says_match"": false}",2,medium
products_1_6951663|products_3_19590182,,hard_negative_gate,,keep_adjudicated,hard_negative_gate,"{""plm_score"": 2.6486628485145047e-05, ""theta"": 0.61, ""delta"": 0.08, ""llm_says_match"": false}",2,medium
products_1_6951663|products_3_22158552,,hard_negative_gate,,keep_adjudicated,hard_negative_gate,"{""plm_score"": 0.000148329563671723, ""theta"": 0.61, ""delta"": 0.08, ""llm_says_match"": false}",2,medium
products_1_6951663|products_3_22646558,,hard_negative_gate,,keep_adjudicated,hard_negative_gate,"{""plm_score"": 2.9080832973704673e-05, ""theta"": 0.61, ""delta"": 0.08, ""llm_says_match"": false}",2,medium
products_1_6951663|products_3_31447687,,hard_negative_gate,,keep_adjudicated,hard_negative_gate,"{""plm_score"": 1.2899755347461905e-05, ""theta"": 0.61, ""delta"": 0.08, ""llm_says_match"": false}",2,medium
products_1_6951663|products_3_61496289,,hard_negative_gate,,keep_adjudicated,hard_negative_gate,"{""plm_score"": 2.2387455828720704e-05, ""theta"": 0.61, ""delta"": 0.08, ""llm_says_match"": false}",2,medium
products_1_6951663|products_4_52499748,,hard_negative_gate,,keep_adjudicated,hard_negative_gate,"{""plm_score"": 1.8741198800853454e-05, ""theta"": 0.61, ""delta"": 0.08, ""llm_says_match"": false}",2,medium
products_1_6951663|products_4_60975501,,hard_negative_gate,,keep_adjudicated,hard_negative_gate,"{""plm_score"": 3.454258694546297e-05, ""theta"": 0.61, ""delta"": 0.08, ""llm_says_match"": false}",2,medium
products_1_6951663|products_4_70747254,,hard_negative_gate,,keep_adjudicated,hard_negative_gate,"{""plm_score"": 3.811466012848541e-05, ""theta"": 0.61, ""delta"": 0.08, ""llm_says_match"": false}",2,medium
products_1_6951663|products_4_79322922,,hard_negative_gate,,keep_adjudicated,hard_negative_gate,"{""plm_score"": 2.3488692022510804e-05, ""theta"": 0.61, ""delta"": 0.08, ""llm_says_match"": false}",2,medium
products_1_6951663|products_4_95938519,,hard_negative_gate,,keep_adjudicated,hard_negative_gate,"{""plm_score"": 4.104652543901466e-05, ""theta"": 0.61, ""delta"": 0.08, ""llm_says_match"": false}",2,medium
products_1_69962412|products_2_72477277,,hard_negative_gate,,keep_adjudicated,hard_negative_gate,"{""plm_score"": 6.276817293837667e-05, ""theta"": 0.61, ""delta"": 0.08, ""llm_says_match"": false}",2,medium
products_1_69962412|products_3_65987337,,hard_negative_gate,,keep_adjudicated,hard_negative_gate,"{""plm_score"": 1.9744988094316795e-05, ""theta"": 0.61, ""delta"": 0.08, ""llm_says_match"": false}",2,medium
products_1_69962412|products_4_70539715,,hard_negative_gate,,keep_adjudicated,hard_negative_gate,"{""plm_score"": 3.4867291105911136e-05, ""theta"": 0.61, ""delta"": 0.08, ""llm_says_match"": false}",2,medium
products_1_70026799|products_2_22689923,,hard_negative_gate,,keep_adjudicated,hard_negative_gate,"{""plm_score"": 1.825085018936079e-05, ""theta"": 0.61, ""delta"": 0.08, ""llm_says_match"": false}",2,medium
products_1_70026799|products_2_64387878,,hard_negative_gate,,keep_adjudicated,hard_negative_gate,"{""plm_score"": 6.031819066265598e-05, ""theta"": 0.61, ""delta"": 0.08, ""llm_says_match"": false}",2,medium
products_1_70026799|products_3_17406325,,hard_negative_gate,,keep_adjudicated,hard_negative_gate,"{""plm_score"": 1.4758504221390467e-05, ""theta"": 0.61, ""delta"": 0.08, ""llm_says_match"": false}",2,medium
products_1_70026799|products_4_23589087,,hard_negative_gate,,keep_adjudicated,hard_negative_gate,"{""plm_score"": 1.9176808564225212e-05, ""theta"": 0.61, ""delta"": 0.08, ""llm_says_match"": false}",2,medium
products_1_70342601|products_2_71688211,,hard_negative_gate,,keep_adjudicated,hard_negative_gate,"{""plm_score"": 6.545483483932912e-05, ""theta"": 0.61, ""delta"": 0.08, ""llm_says_match"": false}",2,medium
products_1_70342601|products_3_20462564,,hard_negative_gate,,keep_adjudicated,hard_negative_gate,"{""plm_score"": 0.0007643557619303465, ""theta"": 0.61, ""delta"": 0.08, ""llm_says_match"": false}",2,medium
products_1_70342601|products_4_51881114,,hard_negative_gate,,keep_adjudicated,hard_negative_gate,"{""plm_score"": 1.5282395906979218e-05, ""theta"": 0.61, ""delta"": 0.08, ""llm_says_match"": false}",2,medium
products_1_70568597|products_2_10434912,,hard_negative_gate,,keep_adjudicated,hard_negative_gate,"{""plm_score"": 1.805273313948419e-05, ""theta"": 0.61, ""delta"": 0.08, ""llm_says_match"": false}",2,medium
products_1_70568597|products_2_79457331,,hard_negative_gate,,keep_adjudicated,hard_negative_gate,"{""plm_score"": 1.695950959401671e-05, ""theta"": 0.61, ""delta"": 0.08, ""llm_says_match"": false}",2,medium
products_1_70568597|products_3_53361087,,hard_negative_gate,,keep_adjudicated,hard_negative_gate,"{""plm_score"": 1.5145822544582188e-05, ""theta"": 0.61, ""delta"": 0.08, ""llm_says_match"": false}",2,medium
products_1_70568597|products_3_66798457,,hard_negative_gate,,keep_adjudicated,hard_negative_gate,"{""plm_score"": 4.2643441702239215e-05, ""theta"": 0.61, ""delta"": 0.08, ""llm_says_match"": false}",2,medium
products_1_70568597|products_4_40478216,,hard_negative_gate,,keep_adjudicated,hard_negative_gate,"{""plm_score"": 6.561113696079701e-05, ""theta"": 0.61, ""delta"": 0.08, ""llm_says_match"": false}",2,medium
products_1_70568597|products_4_81150975,,hard_negative_gate,,keep_adjudicated,hard_negative_gate,"{""plm_score"": 4.922190055367537e-05, ""theta"": 0.61, ""delta"": 0.08, ""llm_says_match"": false}",2,medium
products_1_705891|products_2_5003948,,hard_negative_gate,,keep_adjudicated,hard_negative_gate,"{""plm_score"": 1.1874487427121494e-05, ""theta"": 0.61, ""delta"": 0.08, ""llm_says_match"": false}",2,medium
products_1_705891|products_2_569608,,hard_negative_gate,,keep_adjudicated,hard_negative_gate,"{""plm_score"": 2.2954547603148967e-05, ""theta"": 0.61, ""delta"": 0.08, ""llm_says_match"": false}",2,medium
products_1_705891|products_3_57346942,,hard_negative_gate,,keep_adjudicated,hard_negative_gate,"{""plm_score"": 9.34619311010465e-06, ""theta"": 0.61, ""delta"": 0.08, ""llm_says_match"": false}",2,medium
products_1_705891|products_3_61710753,,hard_negative_gate,,keep_adjudicated,hard_negative_gate,"{""plm_score"": 0.47601720690727234, ""theta"": 0.61, ""delta"": 0.08, ""llm_says_match"": false}",2,medium
products_1_705891|products_4_61015432,,hard_negative_gate,,keep_adjudicated,hard_negative_gate,"{""plm_score"": 6.987230153754354e-05, ""theta"": 0.61, ""delta"": 0.08, ""llm_says_match"": false}",2,medium
products_1_705891|products_4_94931124,,hard_negative_gate,,keep_adjudicated,hard_negative_gate,"{""plm_score"": 7.592518159071915e-06, ""theta"": 0.61, ""delta"": 0.08, ""llm_says_match"": false}",2,medium
products_1_70715850|products_2_78440042,,hard_negative_gate,,keep_adjudicated,hard_negative_gate,"{""plm_score"": 2.875421523640398e-05, ""theta"": 0.61, ""delta"": 0.08, ""llm_says_match"": false}",2,medium
products_1_70715850|products_3_10085301,,hard_negative_gate,,keep_adjudicated,hard_negative_gate,"{""plm_score"": 3.254900366300717e-05, ""theta"": 0.61, ""delta"": 0.08, ""llm_says_match"": false}",2,medium
products_1_70715850|products_4_16877254,,hard_negative_gate,,keep_adjudicated,hard_negative_gate,"{""plm_score"": 6.291043246164918e-05, ""theta"": 0.61, ""delta"": 0.08, ""llm_says_match"": false}",2,medium
products_1_7131523|products_2_10041015,,hard_negative_gate,,keep_adjudicated,hard_negative_gate,"{""plm_score"": 6.316152575891465e-05, ""theta"": 0.61, ""delta"": 0.08, ""llm_says_match"": false}",2,medium
products_1_7131523|products_2_54337235,,hard_negative_gate,,keep_adjudicated,hard_negative_gate,"{""plm_score"": 1.3252465578261763e-05, ""theta"": 0.61, ""delta"": 0.08, ""llm_says_match"": false}",2,medium
products_1_7131523|products_2_9479923,,hard_negative_gate,,keep_adjudicated,hard_negative_gate,"{""plm_score"": 1.0489972737559583e-05, ""theta"": 0.61, ""delta"": 0.08, ""llm_says_match"": false}",2,medium
products_1_7131523|products_3_13750671,,hard_negative_gate,,keep_adjudicated,hard_negative_gate,"{""plm_score"": 1.3172855688026175e-05, ""theta"": 0.61, ""delta"": 0.08, ""llm_says_match"": false}",2,medium
products_1_7131523|products_3_15572167,,hard_negative_gate,,keep_adjudicated,hard_negative_gate,"{""plm_score"": 2.9382907086983323e-05, ""theta"": 0.61, ""delta"": 0.08, ""llm_says_match"": false}",2,medium
products_1_7131523|products_4_45991513,,hard_negative_gate,,keep_adjudicated,hard_negative_gate,"{""plm_score"": 1.8581848053145222e-05, ""theta"": 0.61, ""delta"": 0.08, ""llm_says_match"": false}",2,medium
products_1_7179251|products_2_48419588,,hard_negative_gate,,keep_adjudicated,hard_negative_gate,"{""plm_score"": 1.0992028364853468e-05, ""theta"": 0.61, ""delta"": 0.08, ""llm_says_match"": false}",2,medium
products_1_7179251|products_3_19629048,,hard_negative_gate,,keep_adjudicated,hard_negative_gate,"{""plm_score"": 1.3547572962124832e-05, ""theta"": 0.61, ""delta"": 0.08, ""llm_says_match"": false}",2,medium
products_1_71883742|products_2_3967869,,hard_negative_gate,,keep_adjudicated,hard_negative_gate,"{""plm_score"": 2.373037023062352e-05, ""theta"": 0.61, ""delta"": 0.08, ""llm_says_match"": false}",2,medium
products_1_71883742|products_3_70102329,,hard_negative_gate,,keep_adjudicated,hard_negative_gate,"{""plm_score"": 1.4711150470247958e-05, ""theta"": 0.61, ""delta"": 0.08, ""llm_says_match"": false}",2,medium
products_1_71883742|products_4_76315714,,hard_negative_gate,,keep_adjudicated,hard_negative_gate,"{""plm_score"": 1.2540504030766897e-05, ""theta"": 0.61, ""delta"": 0.08, ""llm_says_match"": false}",2,medium
products_1_71962852|products_2_72212864,,hard_negative_gate,,keep_adjudicated,hard_negative_gate,"{""plm_score"": 1.2166447959316429e-05, ""theta"": 0.61, ""delta"": 0.08, ""llm_says_match"": false}",2,medium
products_1_71962852|products_2_86548095,,hard_negative_gate,,keep_adjudicated,hard_negative_gate,"{""plm_score"": 1.285789767280221e-05, ""theta"": 0.61, ""delta"": 0.08, ""llm_says_match"": false}",2,medium
products_1_71962852|products_3_51061090,,hard_negative_gate,,keep_adjudicated,hard_negative_gate,"{""plm_score"": 1.0818425835168455e-05, ""theta"": 0.61, ""delta"": 0.08, ""llm_says_match"": false}",2,medium
products_1_71962852|products_3_8081917,,hard_negative_gate,,keep_adjudicated,hard_negative_gate,"{""plm_score"": 1.6178382793441415e-05, ""theta"": 0.61, ""delta"": 0.08, ""llm_says_match"": false}",2,medium
products_1_71962852|products_4_11420148,,hard_negative_gate,,keep_adjudicated,hard_negative_gate,"{""plm_score"": 2.824150760716293e-05, ""theta"": 0.61, ""delta"": 0.08, ""llm_says_match"": false}",2,medium
products_1_71962852|products_4_80012174,,hard_negative_gate,,keep_adjudicated,hard_negative_gate,"{""plm_score"": 2.517697066650726e-05, ""theta"": 0.61, ""delta"": 0.08, ""llm_says_match"": false}",2,medium
products_1_72112341|products_2_39520289,,hard_negative_gate,,keep_adjudicated,hard_negative_gate,"{""plm_score"": 0.9998992681503296, ""theta"": 0.61, ""delta"": 0.08, ""llm_says_match"": false}",2,medium
products_1_72112341|products_3_46111836,,hard_negative_gate,,keep_adjudicated,hard_negative_gate,"{""plm_score"": 0.9918391108512878, ""theta"": 0.61, ""delta"": 0.08, ""llm_says_match"": false}",2,medium
products_1_72112341|products_4_33538650,,hard_negative_gate,,keep_adjudicated,hard_negative_gate,"{""plm_score"": 0.9998642206192017, ""theta"": 0.61, ""delta"": 0.08, ""llm_says_match"": false}",2,medium
products_1_72380436|products_2_97430094,,hard_negative_gate,,keep_adjudicated,hard_negative_gate,"{""plm_score"": 0.999932050704956, ""theta"": 0.61, ""delta"": 0.08, ""llm_says_match"": false}",2,medium
products_1_72380436|products_3_30783448,,hard_negative_gate,,keep_adjudicated,hard_negative_gate,"{""plm_score"": 0.9999395608901978, ""theta"": 0.61, ""delta"": 0.08, ""llm_says_match"": false}",2,medium
products_1_72380436|products_4_39929660,,hard_negative_gate,,keep_adjudicated,hard_negative_gate,"{""plm_score"": 0.9999397993087769, ""theta"": 0.61, ""delta"": 0.08, ""llm_says_match"": false}",2,medium
products_1_727932|products_2_56280047,,hard_negative_gate,,keep_adjudicated,hard_negative_gate,"{""plm_score"": 0.001197723438963294, ""theta"": 0.61, ""delta"": 0.08, ""llm_says_match"": false}",2,medium
products_1_727932|products_2_77339323,,hard_negative_gate,,keep_adjudicated,hard_negative_gate,"{""plm_score"": 0.0011286315275356174, ""theta"": 0.61, ""delta"": 0.08, ""llm_says_match"": false}",2,medium
products_1_727932|products_3_55948609,,hard_negative_gate,,keep_adjudicated,hard_negative_gate,"{""plm_score"": 0.034189432859420776, ""theta"": 0.61, ""delta"": 0.08, ""llm_says_match"": false}",2,medium
products_1_727932|products_3_5786853,,hard_negative_gate,,keep_adjudicated,hard_negative_gate,"{""plm_score"": 0.00047873766743578017, ""theta"": 0.61, ""delta"": 0.08, ""llm_says_match"": false}",2,medium
products_1_727932|products_4_22935789,,hard_negative_gate,,keep_adjudicated,hard_negative_gate,"{""plm_score"": 0.002768888371065259, ""theta"": 0.61, ""delta"": 0.08, ""llm_says_match"": false}",2,medium
products_1_727932|products_4_57859900,,hard_negative_gate,,keep_adjudicated,hard_negative_gate,"{""plm_score"": 0.0008841673843562603, ""theta"": 0.61, ""delta"": 0.08, ""llm_says_match"": false}",2,medium
products_1_72803086|products_2_14953157,,hard_negative_gate,,keep_adjudicated,hard_negative_gate,"{""plm_score"": 0.0030871874187141657, ""theta"": 0.61, ""delta"": 0.08, ""llm_says_match"": false}",2,medium
products_1_72803086|products_3_57420385,,hard_negative_gate,,keep_adjudicated,hard_negative_gate,"{""plm_score"": 0.005161155480891466, ""theta"": 0.61, ""delta"": 0.08, ""llm_says_match"": false}",2,medium
products_1_72803086|products_4_80569158,,hard_negative_gate,,keep_adjudicated,hard_negative_gate,"{""plm_score"": 0.0030871874187141657, ""theta"": 0.61, ""delta"": 0.08, ""llm_says_match"": false}",2,medium
products_1_72884596|products_2_7450716,,hard_negative_gate,,keep_adjudicated,hard_negative_gate,"{""plm_score"": 1.0993139767379034e-05, ""theta"": 0.61, ""delta"": 0.08, ""llm_says_match"": false}",2,medium
products_1_72884596|products_3_12117192,,hard_negative_gate,,keep_adjudicated,hard_negative_gate,"{""plm_score"": 1.0686588211683556e-05, ""theta"": 0.61, ""delta"": 0.08, ""llm_says_match"": false}",2,medium
products_1_72884596|products_4_22696080,,hard_negative_gate,,keep_adjudicated,hard_negative_gate,"{""plm_score"": 8.43595898913918e-06, ""theta"": 0.61, ""delta"": 0.08, ""llm_says_match"": false}",2,medium
products_1_73035052|products_2_68724654,,hard_negative_gate,,keep_adjudicated,hard_negative_gate,"{""plm_score"": 3.398506305529736e-05, ""theta"": 0.61, ""delta"": 0.08, ""llm_says_match"": false}",2,medium
products_1_74156633|products_2_12490998,,hard_negative_gate,,keep_adjudicated,hard_negative_gate,"{""plm_score"": 0.00014372533769346774, ""theta"": 0.61, ""delta"": 0.08, ""llm_says_match"": false}",2,medium
products_1_74156633|products_2_45261192,,hard_negative_gate,,keep_adjudicated,hard_negative_gate,"{""plm_score"": 0.002752387197688222, ""theta"": 0.61, ""delta"": 0.08, ""llm_says_match"": false}",2,medium
products_1_74156633|products_3_40192165,,hard_negative_gate,,keep_adjudicated,hard_negative_gate,"{""plm_score"": 0.00016087987751234323, ""theta"": 0.61, ""delta"": 0.08, ""llm_says_match"": false}",2,medium
products_1_74156633|products_3_76066552,,hard_negative_gate,,keep_adjudicated,hard_negative_gate,"{""plm_score"": 0.00026822288054972887, ""theta"": 0.61, ""delta"": 0.08, ""llm_says_match"": false}",2,medium
products_1_74156633|products_4_78053170,,hard_negative_gate,,keep_adjudicated,hard_negative_gate,"{""plm_score"": 5.272819907986559e-05, ""theta"": 0.61, ""delta"": 0.08, ""llm_says_match"": false}",2,medium
products_1_74156633|products_4_95316560,,hard_negative_gate,,keep_adjudicated,hard_negative_gate,"{""plm_score"": 0.0004244722949806601, ""theta"": 0.61, ""delta"": 0.08, ""llm_says_match"": false}",2,medium
products_1_74341359|products_2_8988689,,hard_negative_gate,,keep_adjudicated,hard_negative_gate,"{""plm_score"": 7.607521183672361e-06, ""theta"": 0.61, ""delta"": 0.08, ""llm_says_match"": false}",2,medium
products_1_74341359|products_3_47917137,,hard_negative_gate,,keep_adjudicated,hard_negative_gate,"{""plm_score"": 1.252806032425724e-05, ""theta"": 0.61, ""delta"": 0.08, ""llm_says_match"": false}",2,medium
products_1_74635538|products_2_12476892,,hard_negative_gate,,keep_adjudicated,hard_negative_gate,"{""plm_score"": 0.0002418036456219852, ""theta"": 0.61, ""delta"": 0.08, ""llm_says_match"": false}",2,medium
products_1_74635538|products_2_39523398,,hard_negative_gate,,keep_adjudicated,hard_negative_gate,"{""plm_score"": 4.0366929169977084e-05, ""theta"": 0.61, ""delta"": 0.08, ""llm_says_match"": false}",2,medium
products_1_74635538|products_3_23220008,,hard_negative_gate,,keep_adjudicated,hard_negative_gate,"{""plm_score"": 4.809631718671881e-05, ""theta"": 0.61, ""delta"": 0.08, ""llm_says_match"": false}",2,medium
products_1_74635538|products_3_75965694,,hard_negative_gate,,keep_adjudicated,hard_negative_gate,"{""plm_score"": 0.00033245081431232393, ""theta"": 0.61, ""delta"": 0.08, ""llm_says_match"": false}",2,medium
products_1_74635538|products_4_231364,,hard_negative_gate,,keep_adjudicated,hard_negative_gate,"{""plm_score"": 3.761359039344825e-05, ""theta"": 0.61, ""delta"": 0.08, ""llm_says_match"": false}",2,medium
products_1_74655572|products_2_9437121,,hard_negative_gate,,keep_adjudicated,hard_negative_gate,"{""plm_score"": 0.0007311503286473453, ""theta"": 0.61, ""delta"": 0.08, ""llm_says_match"": false}",2,medium
products_1_74655572|products_3_19242534,,hard_negative_gate,,keep_adjudicated,hard_negative_gate,"{""plm_score"": 0.0001427350362064317, ""theta"": 0.61, ""delta"": 0.08, ""llm_says_match"": false}",2,medium
products_1_74655572|products_4_67265186,,hard_negative_gate,,keep_adjudicated,hard_negative_gate,"{""plm_score"": 0.018429486081004143, ""theta"": 0.61, ""delta"": 0.08, ""llm_says_match"": false}",2,medium
products_1_7610550|products_2_49236530,,hard_negative_gate,,keep_adjudicated,hard_negative_gate,"{""plm_score"": 4.3529569666134194e-05, ""theta"": 0.61, ""delta"": 0.08, ""llm_says_match"": false}",2,medium
products_1_7610550|products_2_54362555,,hard_negative_gate,,keep_adjudicated,hard_negative_gate,"{""plm_score"": 0.00024767572176642716, ""theta"": 0.61, ""delta"": 0.08, ""llm_says_match"": false}",2,medium
products_1_7610550|products_2_69750969,,hard_negative_gate,,keep_adjudicated,hard_negative_gate,"{""plm_score"": 0.0007455769809894264, ""theta"": 0.61, ""delta"": 0.08, ""llm_says_match"": false}",2,medium
products_1_7610550|products_3_198799,,hard_negative_gate,,keep_adjudicated,hard_negative_gate,"{""plm_score"": 0.00011890457972185686, ""theta"": 0.61, ""delta"": 0.08, ""llm_says_match"": false}",2,medium
products_1_7610550|products_3_38275815,,hard_negative_gate,,keep_adjudicated,hard_negative_gate,"{""plm_score"": 8.478872769046575e-05, ""theta"": 0.61, ""delta"": 0.08, ""llm_says_match"": false}",2,medium
products_1_7610550|products_3_58345950,,hard_negative_gate,,keep_adjudicated,hard_negative_gate,"{""plm_score"": 2.384479194006417e-05, ""theta"": 0.61, ""delta"": 0.08, ""llm_says_match"": false}",2,medium
products_1_7610550|products_4_1773697,,hard_negative_gate,,keep_adjudicated,hard_negative_gate,"{""plm_score"": 0.00010628657037159428, ""theta"": 0.61, ""delta"": 0.08, ""llm_says_match"": false}",2,medium
products_1_7610550|products_4_54530409,,hard_negative_gate,,keep_adjudicated,hard_negative_gate,"{""plm_score"": 0.9999637603759766, ""theta"": 0.61, ""delta"": 0.08, ""llm_says_match"": false}",2,medium
products_1_7610550|products_4_93635611,,hard_negative_gate,,keep_adjudicated,hard_negative_gate,"{""plm_score"": 3.7175217585172504e-05, ""theta"": 0.61, ""delta"": 0.08, ""llm_says_match"": false}",2,medium
products_1_77093147|products_2_29524279,,hard_negative_gate,,keep_adjudicated,hard_negative_gate,"{""plm_score"": 3.8026002584956586e-05, ""theta"": 0.61, ""delta"": 0.08, ""llm_says_match"": false}",2,medium
products_1_77093147|products_3_48296709,,hard_negative_gate,,keep_adjudicated,hard_negative_gate,"{""plm_score"": 0.0011554647935554385, ""theta"": 0.61, ""delta"": 0.08, ""llm_says_match"": false}",2,medium
products_1_77093147|products_4_87116717,,hard_negative_gate,,keep_adjudicated,hard_negative_gate,"{""plm_score"": 0.0001398303429596126, ""theta"": 0.61, ""delta"": 0.08, ""llm_says_match"": false}",2,medium
products_1_77251182|products_2_7691539,,hard_negative_gate,,keep_adjudicated,hard_negative_gate,"{""plm_score"": 0.8621801137924194, ""theta"": 0.61, ""delta"": 0.08, ""llm_says_match"": false}",2,medium
products_1_77251182|products_3_45567640,,hard_negative_gate,,keep_adjudicated,hard_negative_gate,"{""plm_score"": 0.00014992171782068908, ""theta"": 0.61, ""delta"": 0.08, ""llm_says_match"": false}",2,medium
products_1_77251182|products_4_65442400,,hard_negative_gate,,keep_adjudicated,hard_negative_gate,"{""plm_score"": 1.4498997188638896e-05, ""theta"": 0.61, ""delta"": 0.08, ""llm_says_match"": false}",2,medium
products_1_77398203|products_2_96393578,,hard_negative_gate,,keep_adjudicated,hard_negative_gate,"{""plm_score"": 0.0004545368137769401, ""theta"": 0.61, ""delta"": 0.08, ""llm_says_match"": false}",2,medium
products_1_77398203|products_3_63227149,,hard_negative_gate,,keep_adjudicated,hard_negative_gate,"{""plm_score"": 0.9986107349395752, ""theta"": 0.61, ""delta"": 0.08, ""llm_says_match"": false}",2,medium
products_1_77398203|products_4_78470119,,hard_negative_gate,,keep_adjudicated,hard_negative_gate,"{""plm_score"": 0.00021954145631752908, ""theta"": 0.61, ""delta"": 0.08, ""llm_says_match"": false}",2,medium
products_1_77578535|products_2_17046235,,hard_negative_gate,,keep_adjudicated,hard_negative_gate,"{""plm_score"": 9.121766925090924e-05, ""theta"": 0.61, ""delta"": 0.08, ""llm_says_match"": false}",2,medium
products_1_77578535|products_3_64998693,,hard_negative_gate,,keep_adjudicated,hard_negative_gate,"{""plm_score"": 2.1652438590535894e-05, ""theta"": 0.61, ""delta"": 0.08, ""llm_says_match"": false}",2,medium
products_1_77651287|products_2_44288630,,hard_negative_gate,,keep_adjudicated,hard_negative_gate,"{""plm_score"": 0.00023705416242592037, ""theta"": 0.61, ""delta"": 0.08, ""llm_says_match"": false}",2,medium
products_1_77651287|products_3_50493882,,hard_negative_gate,,keep_adjudicated,hard_negative_gate,"{""plm_score"": 8.55799880810082e-05, ""theta"": 0.61, ""delta"": 0.08, ""llm_says_match"": false}",2,medium
products_1_77651287|products_4_75629761,,hard_negative_gate,,keep_adjudicated,hard_negative_gate,"{""plm_score"": 0.00027963347383774817, ""theta"": 0.61, ""delta"": 0.08, ""llm_says_match"": false}",2,medium
products_1_77791574|products_2_21120495,,hard_negative_gate,,keep_adjudicated,hard_negative_gate,"{""plm_score"": 0.00012500617594923824, ""theta"": 0.61, ""delta"": 0.08, ""llm_says_match"": false}",2,medium
products_1_77791574|products_3_18576054,,hard_negative_gate,,keep_adjudicated,hard_negative_gate,"{""plm_score"": 0.0003465655317995697, ""theta"": 0.61, ""delta"": 0.08, ""llm_says_match"": false}",2,medium
products_1_77791574|products_4_21085676,,hard_negative_gate,,keep_adjudicated,hard_negative_gate,"{""plm_score"": 1.3752190170635004e-05, ""theta"": 0.61, ""delta"": 0.08, ""llm_says_match"": false}",2,medium
products_1_78427880|products_2_43883075,,hard_negative_gate,,keep_adjudicated,hard_negative_gate,"{""plm_score"": 2.1438036128529347e-05, ""theta"": 0.61, ""delta"": 0.08, ""llm_says_match"": false}",2,medium
products_1_78427880|products_2_53399405,,hard_negative_gate,,keep_adjudicated,hard_negative_gate,"{""plm_score"": 1.0926507457043044e-05, ""theta"": 0.61, ""delta"": 0.08, ""llm_says_match"": false}",2,medium
products_1_78427880|products_3_19222593,,hard_negative_gate,,keep_adjudicated,hard_negative_gate,"{""plm_score"": 1.4091016055317596e-05, ""theta"": 0.61, ""delta"": 0.08, ""llm_says_match"": false}",2,medium
products_1_78427880|products_3_23016862,,hard_negative_gate,,keep_adjudicated,hard_negative_gate,"{""plm_score"": 1.9661636542878114e-05, ""theta"": 0.61, ""delta"": 0.08, ""llm_says_match"": false}",2,medium
products_1_78427880|products_4_67488123,,hard_negative_gate,,keep_adjudicated,hard_negative_gate,"{""plm_score"": 5.078254616819322e-05, ""theta"": 0.61, ""delta"": 0.08, ""llm_says_match"": false}",2,medium
products_1_78427880|products_4_7178022,,hard_negative_gate,,keep_adjudicated,hard_negative_gate,"{""plm_score"": 1.3538196981244255e-05, ""theta"": 0.61, ""delta"": 0.08, ""llm_says_match"": false}",2,medium
products_1_7871781|products_2_54323125,,hard_negative_gate,,keep_adjudicated,hard_negative_gate,"{""plm_score"": 1.1064269529015291e-05, ""theta"": 0.61, ""delta"": 0.08, ""llm_says_match"": false}",2,medium
products_1_7871781|products_2_59082251,,hard_negative_gate,,keep_adjudicated,hard_negative_gate,"{""plm_score"": 2.1113670300110243e-05, ""theta"": 0.61, ""delta"": 0.08, ""llm_says_match"": false}",2,medium
products_1_7871781|products_2_7582500,,hard_negative_gate,,keep_adjudicated,hard_negative_gate,"{""plm_score"": 4.342803003964946e-05, ""theta"": 0.61, ""delta"": 0.08, ""llm_says_match"": false}",2,medium
products_1_7871781|products_2_89495889,,hard_negative_gate,,keep_adjudicated,hard_negative_gate,"{""plm_score"": 1.2036410225846339e-05, ""theta"": 0.61, ""delta"": 0.08, ""llm_says_match"": false}",2,medium
products_1_7871781|products_3_5160662,,hard_negative_gate,,keep_adjudicated,hard_negative_gate,"{""plm_score"": 0.0003366384480614215, ""theta"": 0.61, ""delta"": 0.08, ""llm_says_match"": false}",2,medium
products_1_7871781|products_3_55014203,,hard_negative_gate,,keep_adjudicated,hard_negative_gate,"{""plm_score"": 1.1104704753961414e-05, ""theta"": 0.61, ""delta"": 0.08, ""llm_says_match"": false}",2,medium
products_1_7871781|products_3_61496289,,hard_negative_gate,,keep_adjudicated,hard_negative_gate,"{""plm_score"": 2.186911297030747e-05, ""theta"": 0.61, ""delta"": 0.08, ""llm_says_match"": false}",2,medium
products_1_7871781|products_3_95492944,,hard_negative_gate,,keep_adjudicated,hard_negative_gate,"{""plm_score"": 8.686578439665027e-06, ""theta"": 0.61, ""delta"": 0.08, ""llm_says_match"": false}",2,medium
products_1_7871781|products_4_85120676,,hard_negative_gate,,keep_adjudicated,hard_negative_gate,"{""plm_score"": 1.137438630394172e-05, ""theta"": 0.61, ""delta"": 0.08, ""llm_says_match"": false}",2,medium
products_1_7871781|products_4_95938519,,hard_negative_gate,,keep_adjudicated,hard_negative_gate,"{""plm_score"": 3.907788413926028e-05, ""theta"": 0.61, ""delta"": 0.08, ""llm_says_match"": false}",2,medium
products_1_78827999|products_2_34814123,,hard_negative_gate,,keep_adjudicated,hard_negative_gate,"{""plm_score"": 7.957019988680258e-05, ""theta"": 0.61, ""delta"": 0.08, ""llm_says_match"": false}",2,medium
products_1_78827999|products_2_44701727,,hard_negative_gate,,keep_adjudicated,hard_negative_gate,"{""plm_score"": 6.284333358053118e-05, ""theta"": 0.61, ""delta"": 0.08, ""llm_says_match"": false}",2,medium
products_1_78827999|products_2_56905331,,hard_negative_gate,,keep_adjudicated,hard_negative_gate,"{""plm_score"": 3.7400302971946076e-05, ""theta"": 0.61, ""delta"": 0.08, ""llm_says_match"": false}",2,medium
products_1_78827999|products_3_47375112,,hard_negative_gate,,keep_adjudicated,hard_negative_gate,"{""plm_score"": 0.00011519001418491825, ""theta"": 0.61, ""delta"": 0.08, ""llm_says_match"": false}",2,medium
products_1_78827999|products_3_48184346,,hard_negative_gate,,keep_adjudicated,hard_negative_gate,"{""plm_score"": 6.0844373365398496e-05, ""theta"": 0.61, ""delta"": 0.08, ""llm_says_match"": false}",2,medium
products_1_78827999|products_3_57479122,,hard_negative_gate,,keep_adjudicated,hard_negative_gate,"{""plm_score"": 4.127808642806485e-05, ""theta"": 0.61, ""delta"": 0.08, ""llm_says_match"": false}",2,medium
products_1_78827999|products_4_85938356,,hard_negative_gate,,keep_adjudicated,hard_negative_gate,"{""plm_score"": 0.00041809421963989735, ""theta"": 0.61, ""delta"": 0.08, ""llm_says_match"": false}",2,medium
products_1_79539273|products_2_35250546,,hard_negative_gate,,keep_adjudicated,hard_negative_gate,"{""plm_score"": 0.9999430179595947, ""theta"": 0.61, ""delta"": 0.08, ""llm_says_match"": false}",2,medium
products_1_79539273|products_3_56747635,,hard_negative_gate,,keep_adjudicated,hard_negative_gate,"{""plm_score"": 0.9999034404754639, ""theta"": 0.61, ""delta"": 0.08, ""llm_says_match"": false}",2,medium
products_1_79539273|products_4_74691870,,hard_negative_gate,,keep_adjudicated,hard_negative_gate,"{""plm_score"": 0.9992156028747559, ""theta"": 0.61, ""delta"": 0.08, ""llm_says_match"": false}",2,medium
products_1_79616204|products_2_18162965,,hard_negative_gate,,keep_adjudicated,hard_negative_gate,"{""plm_score"": 1.4060035027796403e-05, ""theta"": 0.61, ""delta"": 0.08, ""llm_says_match"": false}",2,medium
products_1_79616204|products_2_2855231,,hard_negative_gate,,keep_adjudicated,hard_negative_gate,"{""plm_score"": 1.672557118581608e-05, ""theta"": 0.61, ""delta"": 0.08, ""llm_says_match"": false}",2,medium
products_1_79616204|products_3_24481611,,hard_negative_gate,,keep_adjudicated,hard_negative_gate,"{""plm_score"": 1.1077002454840112e-05, ""theta"": 0.61, ""delta"": 0.08, ""llm_says_match"": false}",2,medium
products_1_79616204|products_3_83797388,,hard_negative_gate,,keep_adjudicated,hard_negative_gate,"{""plm_score"": 2.0215646145516075e-05, ""theta"": 0.61, ""delta"": 0.08, ""llm_says_match"": false}",2,medium
products_1_79616204|products_4_50037592,,hard_negative_gate,,keep_adjudicated,hard_negative_gate,"{""plm_score"": 1.5258453458955046e-05, ""theta"": 0.61, ""delta"": 0.08, ""llm_says_match"": false}",2,medium
products_1_79616204|products_4_98695487,,hard_negative_gate,,keep_adjudicated,hard_negative_gate,"{""plm_score"": 1.1754034858313389e-05, ""theta"": 0.61, ""delta"": 0.08, ""llm_says_match"": false}",2,medium
products_1_79686292|products_2_33450282,,hard_negative_gate,,keep_adjudicated,hard_negative_gate,"{""plm_score"": 2.2300964701571502e-05, ""theta"": 0.61, ""delta"": 0.08, ""llm_says_match"": false}",2,medium
products_1_79686292|products_2_44040429,,hard_negative_gate,,keep_adjudicated,hard_negative_gate,"{""plm_score"": 2.261812551296316e-05, ""theta"": 0.61, ""delta"": 0.08, ""llm_says_match"": false}",2,medium
products_1_79686292|products_3_12636108,,hard_negative_gate,,keep_adjudicated,hard_negative_gate,"{""plm_score"": 1.3803998626826797e-05, ""theta"": 0.61, ""delta"": 0.08, ""llm_says_match"": false}",2,medium
products_1_79686292|products_3_48903630,,hard_negative_gate,,keep_adjudicated,hard_negative_gate,"{""plm_score"": 1.4477305740001611e-05, ""theta"": 0.61, ""delta"": 0.08, ""llm_says_match"": false}",2,medium
products_1_79686292|products_4_57507488,,hard_negative_gate,,keep_adjudicated,hard_negative_gate,"{""plm_score"": 2.085132109641563e-05, ""theta"": 0.61, ""delta"": 0.08, ""llm_says_match"": false}",2,medium
products_1_8051112|products_2_16091824,,hard_negative_gate,,keep_adjudicated,hard_negative_gate,"{""plm_score"": 0.01335007231682539, ""theta"": 0.61, ""delta"": 0.08, ""llm_says_match"": false}",2,medium
products_1_8051112|products_3_72385861,,hard_negative_gate,,keep_adjudicated,hard_negative_gate,"{""plm_score"": 0.2745136022567749, ""theta"": 0.61, ""delta"": 0.08, ""llm_says_match"": false}",2,medium
products_1_80911572|products_2_33899952,,hard_negative_gate,,keep_adjudicated,hard_negative_gate,"{""plm_score"": 1.1405983059376013e-05, ""theta"": 0.61, ""delta"": 0.08, ""llm_says_match"": false}",2,medium
products_1_80911572|products_3_19894635,,hard_negative_gate,,keep_adjudicated,hard_negative_gate,"{""plm_score"": 1.2470973160816357e-05, ""theta"": 0.61, ""delta"": 0.08, ""llm_says_match"": false}",2,medium
products_1_80911572|products_4_67563051,,hard_negative_gate,,keep_adjudicated,hard_negative_gate,"{""plm_score"": 1.2085305570508353e-05, ""theta"": 0.61, ""delta"": 0.08, ""llm_says_match"": false}",2,medium
products_1_81080257|products_2_1830308,,hard_negative_gate,,keep_adjudicated,hard_negative_gate,"{""plm_score"": 1.1842201274703257e-05, ""theta"": 0.61, ""delta"": 0.08, ""llm_says_match"": false}",2,medium
products_1_81080257|products_2_38470155,,hard_negative_gate,,keep_adjudicated,hard_negative_gate,"{""plm_score"": 0.0002655665739439428, ""theta"": 0.61, ""delta"": 0.08, ""llm_says_match"": false}",2,medium
products_1_81080257|products_3_5834181,,hard_negative_gate,,keep_adjudicated,hard_negative_gate,"{""plm_score"": 5.082949792267755e-05, ""theta"": 0.61, ""delta"": 0.08, ""llm_says_match"": false}",2,medium
products_1_81080257|products_3_82337278,,hard_negative_gate,,keep_adjudicated,hard_negative_gate,"{""plm_score"": 9.830841736402363e-05, ""theta"": 0.61, ""delta"": 0.08, ""llm_says_match"": false}",2,medium
products_1_8194632|products_2_38470155,,hard_negative_gate,,keep_adjudicated,hard_negative_gate,"{""plm_score"": 2.9077256840537302e-05, ""theta"": 0.61, ""delta"": 0.08, ""llm_says_match"": false}",2,medium
products_1_8194632|products_3_82337278,,hard_negative_gate,,keep_adjudicated,hard_negative_gate,"{""plm_score"": 1.6757292542024516e-05, ""theta"": 0.61, ""delta"": 0.08, ""llm_says_match"": false}",2,medium
products_1_82091590|products_2_27072786,,hard_negative_gate,,keep_adjudicated,hard_negative_gate,"{""plm_score"": 1.9408240405027755e-05, ""theta"": 0.61, ""delta"": 0.08, ""llm_says_match"": false}",2,medium
products_1_82091590|products_2_5623956,,hard_negative_gate,,keep_adjudicated,hard_negative_gate,"{""plm_score"": 2.5747182007762603e-05, ""theta"": 0.61, ""delta"": 0.08, ""llm_says_match"": false}",2,medium
products_1_82091590|products_3_30114774,,hard_negative_gate,,keep_adjudicated,hard_negative_gate,"{""plm_score"": 0.0003095725260209292, ""theta"": 0.61, ""delta"": 0.08, ""llm_says_match"": false}",2,medium
products_1_82091590|products_3_62015262,,hard_negative_gate,,keep_adjudicated,hard_negative_gate,"{""plm_score"": 0.00010291873331880197, ""theta"": 0.61, ""delta"": 0.08, ""llm_says_match"": false}",2,medium
products_1_82091590|products_4_31966474,,hard_negative_gate,,keep_adjudicated,hard_negative_gate,"{""plm_score"": 2.2087784600444138e-05, ""theta"": 0.61, ""delta"": 0.08, ""llm_says_match"": false}",2,medium
products_1_8333161|products_2_32444954,,hard_negative_gate,,keep_adjudicated,hard_negative_gate,"{""plm_score"": 0.2612774074077606, ""theta"": 0.61, ""delta"": 0.08, ""llm_says_match"": false}",2,medium
products_1_8333161|products_3_72641045,,hard_negative_gate,,keep_adjudicated,hard_negative_gate,"{""plm_score"": 0.0037891368847340345, ""theta"": 0.61, ""delta"": 0.08, ""llm_says_match"": false}",2,medium
products_1_8333161|products_4_14569200,,hard_negative_gate,,keep_adjudicated,hard_negative_gate,"{""plm_score"": 0.003129120683297515, ""theta"": 0.61, ""delta"": 0.08, ""llm_says_match"": false}",2,medium
products_1_83749213|products_2_57731827,,hard_negative_gate,,keep_adjudicated,hard_negative_gate,"{""plm_score"": 0.0008003593538887799, ""theta"": 0.61, ""delta"": 0.08, ""llm_says_match"": false}",2,medium
products_1_83749213|products_3_2823713,,hard_negative_gate,,keep_adjudicated,hard_negative_gate,"{""plm_score"": 0.01144913025200367, ""theta"": 0.61, ""delta"": 0.08, ""llm_says_match"": false}",2,medium
products_1_83749213|products_4_77070657,,hard_negative_gate,,keep_adjudicated,hard_negative_gate,"{""plm_score"": 0.05848844349384308, ""theta"": 0.61, ""delta"": 0.08, ""llm_says_match"": false}",2,medium
products_1_84278896|products_2_65401204,,hard_negative_gate,,keep_adjudicated,hard_negative_gate,"{""plm_score"": 1.2213461559440475e-05, ""theta"": 0.61, ""delta"": 0.08, ""llm_says_match"": false}",2,medium
products_1_84278896|products_2_69277053,,hard_negative_gate,,keep_adjudicated,hard_negative_gate,"{""plm_score"": 0.9999737739562988, ""theta"": 0.61, ""delta"": 0.08, ""llm_says_match"": false}",2,medium
products_1_84278896|products_3_50802898,,hard_negative_gate,,keep_adjudicated,hard_negative_gate,"{""plm_score"": 0.9833635091781616, ""theta"": 0.61, ""delta"": 0.08, ""llm_says_match"": false}",2,medium
products_1_84278896|products_3_82431267,,hard_negative_gate,,keep_adjudicated,hard_negative_gate,"{""plm_score"": 1.4534715774061624e-05, ""theta"": 0.61, ""delta"": 0.08, ""llm_says_match"": false}",2,medium
products_1_84278896|products_4_80286980,,hard_negative_gate,,keep_adjudicated,hard_negative_gate,"{""plm_score"": 0.05514495074748993, ""theta"": 0.61, ""delta"": 0.08, ""llm_says_match"": false}",2,medium
products_1_84634220|products_2_30142035,,hard_negative_gate,,keep_adjudicated,hard_negative_gate,"{""plm_score"": 0.9999524354934692, ""theta"": 0.61, ""delta"": 0.08, ""llm_says_match"": false}",2,medium
products_1_84634220|products_3_85807926,,hard_negative_gate,,keep_adjudicated,hard_negative_gate,"{""plm_score"": 0.999110758304596, ""theta"": 0.61, ""delta"": 0.08, ""llm_says_match"": false}",2,medium
products_1_84704597|products_2_53399405,,hard_negative_gate,,keep_adjudicated,hard_negative_gate,"{""plm_score"": 1.9966857507824898e-05, ""theta"": 0.61, ""delta"": 0.08, ""llm_says_match"": false}",2,medium
products_1_84704597|products_3_19222593,,hard_negative_gate,,keep_adjudicated,hard_negative_gate,"{""plm_score"": 5.433059050119482e-05, ""theta"": 0.61, ""delta"": 0.08, ""llm_says_match"": false}",2,medium
products_1_84704597|products_4_7178022,,hard_negative_gate,,keep_adjudicated,hard_negative_gate,"{""plm_score"": 3.0320852602017112e-05, ""theta"": 0.61, ""delta"": 0.08, ""llm_says_match"": false}",2,medium
products_1_84816822|products_2_25234567,,hard_negative_gate,,keep_adjudicated,hard_negative_gate,"{""plm_score"": 0.010563907213509083, ""theta"": 0.61, ""delta"": 0.08, ""llm_says_match"": false}",2,medium
products_1_84816822|products_3_64360601,,hard_negative_gate,,keep_adjudicated,hard_negative_gate,"{""plm_score"": 0.023685390129685402, ""theta"": 0.61, ""delta"": 0.08, ""llm_says_match"": false}",2,medium
products_1_84816822|products_4_86428372,,hard_negative_gate,,keep_adjudicated,hard_negative_gate,"{""plm_score"": 0.002733950037509203, ""theta"": 0.61, ""delta"": 0.08, ""llm_says_match"": false}",2,medium
products_1_84919212|products_2_11411470,,hard_negative_gate,,keep_adjudicated,hard_negative_gate,"{""plm_score"": 2.4437422325718217e-05, ""theta"": 0.61, ""delta"": 0.08, ""llm_says_match"": false}",2,medium
products_1_84919212|products_3_19880570,,hard_negative_gate,,keep_adjudicated,hard_negative_gate,"{""plm_score"": 3.364963413332589e-05, ""theta"": 0.61, ""delta"": 0.08, ""llm_says_match"": false}",2,medium
products_1_84919212|products_4_28074779,,hard_negative_gate,,keep_adjudicated,hard_negative_gate,"{""plm_score"": 1.7336504242848605e-05, ""theta"": 0.61, ""delta"": 0.08, ""llm_says_match"": false}",2,medium
products_1_86482658|products_2_14472962,,hard_negative_gate,,keep_adjudicated,hard_negative_gate,"{""plm_score"": 1.0804785233631264e-05, ""theta"": 0.61, ""delta"": 0.08, ""llm_says_match"": false}",2,medium
products_1_86482658|products_2_72955297,,hard_negative_gate,,keep_adjudicated,hard_negative_gate,"{""plm_score"": 2.151363150915131e-05, ""theta"": 0.61, ""delta"": 0.08, ""llm_says_match"": false}",2,medium
products_1_86482658|products_2_86852761,,hard_negative_gate,,keep_adjudicated,hard_negative_gate,"{""plm_score"": 3.898327122442424e-05, ""theta"": 0.61, ""delta"": 0.08, ""llm_says_match"": false}",2,medium
products_1_86482658|products_3_43128365,,hard_negative_gate,,keep_adjudicated,hard_negative_gate,"{""plm_score"": 2.2146947230794467e-05, ""theta"": 0.61, ""delta"": 0.08, ""llm_says_match"": false}",2,medium
products_1_86482658|products_3_91059944,,hard_negative_gate,,keep_adjudicated,hard_negative_gate,"{""plm_score"": 4.263298978912644e-05, ""theta"": 0.61, ""delta"": 0.08, ""llm_says_match"": false}",2,medium
products_1_86482658|products_3_91423481,,hard_negative_gate,,keep_adjudicated,hard_negative_gate,"{""plm_score"": 2.670752292033285e-05, ""theta"": 0.61, ""delta"": 0.08, ""llm_says_match"": false}",2,medium
products_1_86482658|products_4_25980666,,hard_negative_gate,,keep_adjudicated,hard_negative_gate,"{""plm_score"": 0.0006501921452581882, ""theta"": 0.61, ""delta"": 0.08, ""llm_says_match"": false}",2,medium
products_1_86482658|products_4_76849133,,hard_negative_gate,,keep_adjudicated,hard_negative_gate,"{""plm_score"": 9.724283700052183e-06, ""theta"": 0.61, ""delta"": 0.08, ""llm_says_match"": false}",2,medium
products_1_86835292|products_2_28963007,,hard_negative_gate,,keep_adjudicated,hard_negative_gate,"{""plm_score"": 4.7476158215431497e-05, ""theta"": 0.61, ""delta"": 0.08, ""llm_says_match"": false}",2,medium
products_1_86835292|products_2_29453941,,hard_negative_gate,,keep_adjudicated,hard_negative_gate,"{""plm_score"": 1.5694293324486353e-05, ""theta"": 0.61, ""delta"": 0.08, ""llm_says_match"": false}",2,medium
products_1_86835292|products_2_36176263,,hard_negative_gate,,keep_adjudicated,hard_negative_gate,"{""plm_score"": 1.5102955330803525e-05, ""theta"": 0.61, ""delta"": 0.08, ""llm_says_match"": false}",2,medium
products_1_86835292|products_3_56489331,,hard_negative_gate,,keep_adjudicated,hard_negative_gate,"{""plm_score"": 5.877162402612157e-05, ""theta"": 0.61, ""delta"": 0.08, ""llm_says_match"": false}",2,medium
products_1_86835292|products_3_61198101,,hard_negative_gate,,keep_adjudicated,hard_negative_gate,"{""plm_score"": 1.533325485070236e-05, ""theta"": 0.61, ""delta"": 0.08, ""llm_says_match"": false}",2,medium
products_1_86835292|products_3_61906477,,hard_negative_gate,,keep_adjudicated,hard_negative_gate,"{""plm_score"": 3.0430495826294646e-05, ""theta"": 0.61, ""delta"": 0.08, ""llm_says_match"": false}",2,medium
products_1_86835292|products_4_94651152,,hard_negative_gate,,keep_adjudicated,hard_negative_gate,"{""plm_score"": 0.003688434837386012, ""theta"": 0.61, ""delta"": 0.08, ""llm_says_match"": false}",2,medium
products_1_87430670|products_2_17569343,,hard_negative_gate,,keep_adjudicated,hard_negative_gate,"{""plm_score"": 0.6499589681625366, ""theta"": 0.61, ""delta"": 0.08, ""llm_says_match"": false}",2,medium
products_1_87430670|products_2_33848192,,hard_negative_gate,,keep_adjudicated,hard_negative_gate,"{""plm_score"": 7.430900586768985e-05, ""theta"": 0.61, ""delta"": 0.08, ""llm_says_match"": false}",2,medium
products_1_87430670|products_2_3708141,,hard_negative_gate,,keep_adjudicated,hard_negative_gate,"{""plm_score"": 0.00011136865214211866, ""theta"": 0.61, ""delta"": 0.08, ""llm_says_match"": false}",2,medium
products_1_87430670|products_3_22646558,,hard_negative_gate,,keep_adjudicated,hard_negative_gate,"{""plm_score"": 0.9719028472900391, ""theta"": 0.61, ""delta"": 0.08, ""llm_says_match"": false}",2,medium
products_1_87430670|products_3_30355136,,hard_negative_gate,,keep_adjudicated,hard_negative_gate,"{""plm_score"": 0.03596764802932739, ""theta"": 0.61, ""delta"": 0.08, ""llm_says_match"": false}",2,medium
products_1_87430670|products_3_82272597,,hard_negative_gate,,keep_adjudicated,hard_negative_gate,"{""plm_score"": 0.0002578283892944455, ""theta"": 0.61, ""delta"": 0.08, ""llm_says_match"": false}",2,medium
products_1_87430670|products_4_60975501,,hard_negative_gate,,keep_adjudicated,hard_negative_gate,"{""plm_score"": 0.00034824636531993747, ""theta"": 0.61, ""delta"": 0.08, ""llm_says_match"": false}",2,medium
products_1_87430670|products_4_68681090,,hard_negative_gate,,keep_adjudicated,hard_negative_gate,"{""plm_score"": 0.07021347433328629, ""theta"": 0.61, ""delta"": 0.08, ""llm_says_match"": false}",2,medium
products_1_87510268|products_2_75172014,,hard_negative_gate,,keep_adjudicated,hard_negative_gate,"{""plm_score"": 0.0008741136407479644, ""theta"": 0.61, ""delta"": 0.08, ""llm_says_match"": false}",2,medium
products_1_87510268|products_3_29257602,,hard_negative_gate,,keep_adjudicated,hard_negative_gate,"{""plm_score"": 0.002875467063859105, ""theta"": 0.61, ""delta"": 0.08, ""llm_says_match"": false}",2,medium
products_1_87510268|products_4_45372457,,hard_negative_gate,,keep_adjudicated,hard_negative_gate,"{""plm_score"": 0.0009420400019735098, ""theta"": 0.61, ""delta"": 0.08, ""llm_says_match"": false}",2,medium
products_1_87572356|products_2_63973332,,hard_negative_gate,,keep_adjudicated,hard_negative_gate,"{""plm_score"": 0.0001019341143546626, ""theta"": 0.61, ""delta"": 0.08, ""llm_says_match"": false}",2,medium
products_1_87572356|products_2_91504889,,hard_negative_gate,,keep_adjudicated,hard_negative_gate,"{""plm_score"": 7.161877147154883e-05, ""theta"": 0.61, ""delta"": 0.08, ""llm_says_match"": false}",2,medium
products_1_87572356|products_2_97351682,,hard_negative_gate,,keep_adjudicated,hard_negative_gate,"{""plm_score"": 2.2188638467923738e-05, ""theta"": 0.61, ""delta"": 0.08, ""llm_says_match"": false}",2,medium
products_1_87572356|products_3_17899082,,hard_negative_gate,,keep_adjudicated,hard_negative_gate,"{""plm_score"": 0.000269768584985286, ""theta"": 0.61, ""delta"": 0.08, ""llm_says_match"": false}",2,medium
products_1_87572356|products_3_52720711,,hard_negative_gate,,keep_adjudicated,hard_negative_gate,"{""plm_score"": 0.00029165908927097917, ""theta"": 0.61, ""delta"": 0.08, ""llm_says_match"": false}",2,medium
products_1_87572356|products_3_58718563,,hard_negative_gate,,keep_adjudicated,hard_negative_gate,"{""plm_score"": 0.07492981106042862, ""theta"": 0.61, ""delta"": 0.08, ""llm_says_match"": false}",2,medium
products_1_87572356|products_4_46802224,,hard_negative_gate,,keep_adjudicated,hard_negative_gate,"{""plm_score"": 0.26420027017593384, ""theta"": 0.61, ""delta"": 0.08, ""llm_says_match"": false}",2,medium
products_1_87572356|products_4_62327624,,hard_negative_gate,,keep_adjudicated,hard_negative_gate,"{""plm_score"": 5.376298213377595e-05, ""theta"": 0.61, ""delta"": 0.08, ""llm_says_match"": false}",2,medium
products_1_87572356|products_4_68607451,,hard_negative_gate,,keep_adjudicated,hard_negative_gate,"{""plm_score"": 0.00011237728176638484, ""theta"": 0.61, ""delta"": 0.08, ""llm_says_match"": false}",2,medium
products_1_88855243|products_2_86724338,,hard_negative_gate,,keep_adjudicated,hard_negative_gate,"{""plm_score"": 4.823355266125873e-05, ""theta"": 0.61, ""delta"": 0.08, ""llm_says_match"": false}",2,medium
products_1_88855243|products_3_90715071,,hard_negative_gate,,keep_adjudicated,hard_negative_gate,"{""plm_score"": 5.521913408301771e-05, ""theta"": 0.61, ""delta"": 0.08, ""llm_says_match"": false}",2,medium
products_1_88855243|products_4_94834764,,hard_negative_gate,,keep_adjudicated,hard_negative_gate,"{""plm_score"": 2.1197700334596448e-05, ""theta"": 0.61, ""delta"": 0.08, ""llm_says_match"": false}",2,medium
products_1_8904814|products_2_87689104,,hard_negative_gate,,keep_adjudicated,hard_negative_gate,"{""plm_score"": 3.7289762985892594e-05, ""theta"": 0.61, ""delta"": 0.08, ""llm_says_match"": false}",2,medium
products_1_8904814|products_3_57965652,,hard_negative_gate,,keep_adjudicated,hard_negative_gate,"{""plm_score"": 0.00024653493892401457, ""theta"": 0.61, ""delta"": 0.08, ""llm_says_match"": false}",2,medium
products_1_8924039|products_2_5843382,,hard_negative_gate,,keep_adjudicated,hard_negative_gate,"{""plm_score"": 5.649292506859638e-05, ""theta"": 0.61, ""delta"": 0.08, ""llm_says_match"": false}",2,medium
products_1_8924039|products_3_17693785,,hard_negative_gate,,keep_adjudicated,hard_negative_gate,"{""plm_score"": 6.194915476953611e-05, ""theta"": 0.61, ""delta"": 0.08, ""llm_says_match"": false}",2,medium
products_1_8924039|products_4_72856559,,hard_negative_gate,,keep_adjudicated,hard_negative_gate,"{""plm_score"": 6.22260122327134e-05, ""theta"": 0.61, ""delta"": 0.08, ""llm_says_match"": false}",2,medium
products_1_8942393|products_2_45261192,,hard_negative_gate,,keep_adjudicated,hard_negative_gate,"{""plm_score"": 7.103660027496517e-05, ""theta"": 0.61, ""delta"": 0.08, ""llm_says_match"": false}",2,medium
products_1_8942393|products_3_76066552,,hard_negative_gate,,keep_adjudicated,hard_negative_gate,"{""plm_score"": 5.1859406084986404e-05, ""theta"": 0.61, ""delta"": 0.08, ""llm_says_match"": false}",2,medium
products_1_8942393|products_4_78053170,,hard_negative_gate,,keep_adjudicated,hard_negative_gate,"{""plm_score"": 4.089258800377138e-05, ""theta"": 0.61, ""delta"": 0.08, ""llm_says_match"": false}",2,medium
products_1_9004260|products_2_10434912,,hard_negative_gate,,keep_adjudicated,hard_negative_gate,"{""plm_score"": 2.7476673494675197e-05, ""theta"": 0.61, ""delta"": 0.08, ""llm_says_match"": false}",2,medium
products_1_9004260|products_3_53361087,,hard_negative_gate,,keep_adjudicated,hard_negative_gate,"{""plm_score"": 8.869195880834013e-05, ""theta"": 0.61, ""delta"": 0.08, ""llm_says_match"": false}",2,medium
products_1_9004260|products_4_40478216,,hard_negative_gate,,keep_adjudicated,hard_negative_gate,"{""plm_score"": 8.352765144081786e-05, ""theta"": 0.61, ""delta"": 0.08, ""llm_says_match"": false}",2,medium
products_1_90766529|products_2_17820388,,hard_negative_gate,,keep_adjudicated,hard_negative_gate,"{""plm_score"": 0.0021619517356157303, ""theta"": 0.61, ""delta"": 0.08, ""llm_says_match"": false}",2,medium
products_1_90766529|products_2_62202192,,hard_negative_gate,,keep_adjudicated,hard_negative_gate,"{""plm_score"": 0.0004829102545045316, ""theta"": 0.61, ""delta"": 0.08, ""llm_says_match"": false}",2,medium
products_1_90766529|products_3_47205216,,hard_negative_gate,,keep_adjudicated,hard_negative_gate,"{""plm_score"": 0.0006410188507288694, ""theta"": 0.61, ""delta"": 0.08, ""llm_says_match"": false}",2,medium
products_1_90766529|products_3_51422423,,hard_negative_gate,,keep_adjudicated,hard_negative_gate,"{""plm_score"": 0.00026026484556496143, ""theta"": 0.61, ""delta"": 0.08, ""llm_says_match"": false}",2,medium
products_1_90766529|products_4_67087419,,hard_negative_gate,,keep_adjudicated,hard_negative_gate,"{""plm_score"": 0.00031377736013382673, ""theta"": 0.61, ""delta"": 0.08, ""llm_says_match"": false}",2,medium
products_1_90766529|products_4_76264958,,hard_negative_gate,,keep_adjudicated,hard_negative_gate,"{""plm_score"": 0.0005623160395771265, ""theta"": 0.61, ""delta"": 0.08, ""llm_says_match"": false}",2,medium
products_1_91393515|products_2_1773698,,hard_negative_gate,,keep_adjudicated,hard_negative_gate,"{""plm_score"": 0.0005957703106105328, ""theta"": 0.61, ""delta"": 0.08, ""llm_says_match"": false}",2,medium
products_1_91393515|products_2_18162965,,hard_negative_gate,,keep_adjudicated,hard_negative_gate,"{""plm_score"": 2.815701373037882e-05, ""theta"": 0.61, ""delta"": 0.08, ""llm_says_match"": false}",2,medium
products_1_91393515|products_2_84977888,,hard_negative_gate,,keep_adjudicated,hard_negative_gate,"{""plm_score"": 2.9124184948159382e-05, ""theta"": 0.61, ""delta"": 0.08, ""llm_says_match"": false}",2,medium
products_1_91393515|products_2_9885683,,hard_negative_gate,,keep_adjudicated,hard_negative_gate,"{""plm_score"": 2.3244421754498035e-05, ""theta"": 0.61, ""delta"": 0.08, ""llm_says_match"": false}",2,medium
products_1_91393515|products_3_12578214,,hard_negative_gate,,keep_adjudicated,hard_negative_gate,"{""plm_score"": 0.002464188262820244, ""theta"": 0.61, ""delta"": 0.08, ""llm_says_match"": false}",2,medium
products_1_91393515|products_3_24481611,,hard_negative_gate,,keep_adjudicated,hard_negative_gate,"{""plm_score"": 2.7915262762689963e-05, ""theta"": 0.61, ""delta"": 0.08, ""llm_says_match"": false}",2,medium
products_1_91393515|products_3_27307306,,hard_negative_gate,,keep_adjudicated,hard_negative_gate,"{""plm_score"": 5.203744876780547e-05, ""theta"": 0.61, ""delta"": 0.08, ""llm_says_match"": false}",2,medium
products_1_91393515|products_3_66564908,,hard_negative_gate,,keep_adjudicated,hard_negative_gate,"{""plm_score"": 1.675150815572124e-05, ""theta"": 0.61, ""delta"": 0.08, ""llm_says_match"": false}",2,medium
products_1_91393515|products_4_26310252,,hard_negative_gate,,keep_adjudicated,hard_negative_gate,"{""plm_score"": 0.0008314846199937165, ""theta"": 0.61, ""delta"": 0.08, ""llm_says_match"": false}",2,medium
products_1_91393515|products_4_29939200,,hard_negative_gate,,keep_adjudicated,hard_negative_gate,"{""plm_score"": 2.8367023332975805e-05, ""theta"": 0.61, ""delta"": 0.08, ""llm_says_match"": false}",2,medium
products_1_91393515|products_4_50037592,,hard_negative_gate,,keep_adjudicated,hard_negative_gate,"{""plm_score"": 0.00015984316996764392, ""theta"": 0.61, ""delta"": 0.08, ""llm_says_match"": false}",2,medium
products_1_91393515|products_4_9921764,,hard_negative_gate,,keep_adjudicated,hard_negative_gate,"{""plm_score"": 3.04801305901492e-05, ""theta"": 0.61, ""delta"": 0.08, ""llm_says_match"": false}",2,medium
products_1_9210121|products_2_35250546,,hard_negative_gate,,keep_adjudicated,hard_negative_gate,"{""plm_score"": 0.043125398457050323, ""theta"": 0.61, ""delta"": 0.08, ""llm_says_match"": false}",2,medium
products_1_9210121|products_3_56747635,,hard_negative_gate,,keep_adjudicated,hard_negative_gate,"{""plm_score"": 5.128498378326185e-05, ""theta"": 0.61, ""delta"": 0.08, ""llm_says_match"": false}",2,medium
products_1_9210121|products_4_74691870,,hard_negative_gate,,keep_adjudicated,hard_negative_gate,"{""plm_score"": 0.013463789597153664, ""theta"": 0.61, ""delta"": 0.08, ""llm_says_match"": false}",2,medium
products_1_92213757|products_2_53832391,,hard_negative_gate,,keep_adjudicated,hard_negative_gate,"{""plm_score"": 8.96413803275209e-06, ""theta"": 0.61, ""delta"": 0.08, ""llm_says_match"": false}",2,medium
products_1_92213757|products_3_89757104,,hard_negative_gate,,keep_adjudicated,hard_negative_gate,"{""plm_score"": 1.054904168995563e-05, ""theta"": 0.61, ""delta"": 0.08, ""llm_says_match"": false}",2,medium
products_1_92213757|products_4_95164652,,hard_negative_gate,,keep_adjudicated,hard_negative_gate,"{""plm_score"": 8.381637599086389e-06, ""theta"": 0.61, ""delta"": 0.08, ""llm_says_match"": false}",2,medium
products_1_92865515|products_2_34820113,,hard_negative_gate,,keep_adjudicated,hard_negative_gate,"{""plm_score"": 1.111980509449495e-05, ""theta"": 0.61, ""delta"": 0.08, ""llm_says_match"": false}",2,medium
products_1_92865515|products_2_86548095,,hard_negative_gate,,keep_adjudicated,hard_negative_gate,"{""plm_score"": 1.0102437045134138e-05, ""theta"": 0.61, ""delta"": 0.08, ""llm_says_match"": false}",2,medium
products_1_92865515|products_3_51061090,,hard_negative_gate,,keep_adjudicated,hard_negative_gate,"{""plm_score"": 1.5983927369234152e-05, ""theta"": 0.61, ""delta"": 0.08, ""llm_says_match"": false}",2,medium
products_1_92865515|products_3_55876174,,hard_negative_gate,,keep_adjudicated,hard_negative_gate,"{""plm_score"": 1.178284492198145e-05, ""theta"": 0.61, ""delta"": 0.08, ""llm_says_match"": false}",2,medium
products_1_92865515|products_4_11420148,,hard_negative_gate,,keep_adjudicated,hard_negative_gate,"{""plm_score"": 2.8025131541653536e-05, ""theta"": 0.61, ""delta"": 0.08, ""llm_says_match"": false}",2,medium
products_1_92865515|products_4_96620640,,hard_negative_gate,,keep_adjudicated,hard_negative_gate,"{""plm_score"": 1.1292512681393418e-05, ""theta"": 0.61, ""delta"": 0.08, ""llm_says_match"": false}",2,medium
products_1_94604558|products_2_60381598,,hard_negative_gate,,keep_adjudicated,hard_negative_gate,"{""plm_score"": 2.6112904379260726e-05, ""theta"": 0.61, ""delta"": 0.08, ""llm_says_match"": false}",2,medium
products_1_94604558|products_3_91946031,,hard_negative_gate,,keep_adjudicated,hard_negative_gate,"{""plm_score"": 2.072132338071242e-05, ""theta"": 0.61, ""delta"": 0.08, ""llm_says_match"": false}",2,medium
products_1_94604558|products_4_50127391,,hard_negative_gate,,keep_adjudicated,hard_negative_gate,"{""plm_score"": 0.00010314814426237717, ""theta"": 0.61, ""delta"": 0.08, ""llm_says_match"": false}",2,medium
products_1_94807470|products_2_11444071,,hard_negative_gate,,keep_adjudicated,hard_negative_gate,"{""plm_score"": 1.2652197256102227e-05, ""theta"": 0.61, ""delta"": 0.08, ""llm_says_match"": false}",2,medium
products_1_94807470|products_2_73989902,,hard_negative_gate,,keep_adjudicated,hard_negative_gate,"{""plm_score"": 0.0019969323184341192, ""theta"": 0.61, ""delta"": 0.08, ""llm_says_match"": false}",2,medium
products_1_94807470|products_3_12512318,,hard_negative_gate,,keep_adjudicated,hard_negative_gate,"{""plm_score"": 3.335875226184726e-05, ""theta"": 0.61, ""delta"": 0.08, ""llm_says_match"": false}",2,medium
products_1_94807470|products_3_84077826,,hard_negative_gate,,keep_adjudicated,hard_negative_gate,"{""plm_score"": 9.208648407366127e-05, ""theta"": 0.61, ""delta"": 0.08, ""llm_says_match"": false}",2,medium
products_1_94807470|products_4_55414812,,hard_negative_gate,,keep_adjudicated,hard_negative_gate,"{""plm_score"": 6.843174196546897e-05, ""theta"": 0.61, ""delta"": 0.08, ""llm_says_match"": false}",2,medium
products_1_9487971|products_2_28204172,,hard_negative_gate,,keep_adjudicated,hard_negative_gate,"{""plm_score"": 0.00012952813995070755, ""theta"": 0.61, ""delta"": 0.08, ""llm_says_match"": false}",2,medium
products_1_9487971|products_3_44593789,,hard_negative_gate,,keep_adjudicated,hard_negative_gate,"{""plm_score"": 2.3193868400994688e-05, ""theta"": 0.61, ""delta"": 0.08, ""llm_says_match"": false}",2,medium
products_1_9487971|products_4_54699332,,hard_negative_gate,,keep_adjudicated,hard_negative_gate,"{""plm_score"": 0.00010825550998561084, ""theta"": 0.61, ""delta"": 0.08, ""llm_says_match"": false}",2,medium
products_1_951604|products_2_52588862,,hard_negative_gate,,keep_adjudicated,hard_negative_gate,"{""plm_score"": 1.8732873286353424e-05, ""theta"": 0.61, ""delta"": 0.08, ""llm_says_match"": false}",2,medium
products_1_951604|products_3_66718913,,hard_negative_gate,,keep_adjudicated,hard_negative_gate,"{""plm_score"": 2.391365524090361e-05, ""theta"": 0.61, ""delta"": 0.08, ""llm_says_match"": false}",2,medium
products_1_951604|products_4_72004049,,hard_negative_gate,,keep_adjudicated,hard_negative_gate,"{""plm_score"": 3.317415394121781e-05, ""theta"": 0.61, ""delta"": 0.08, ""llm_says_match"": false}",2,medium
products_1_9545127|products_2_40217101,,hard_negative_gate,,keep_adjudicated,hard_negative_gate,"{""plm_score"": 1.0354540791013278e-05, ""theta"": 0.61, ""delta"": 0.08, ""llm_says_match"": false}",2,medium
products_1_9545127|products_3_53085468,,hard_negative_gate,,keep_adjudicated,hard_negative_gate,"{""plm_score"": 1.0689513146644458e-05, ""theta"": 0.61, ""delta"": 0.08, ""llm_says_match"": false}",2,medium
products_1_9545127|products_4_5531813,,hard_negative_gate,,keep_adjudicated,hard_negative_gate,"{""plm_score"": 1.2521968528744765e-05, ""theta"": 0.61, ""delta"": 0.08, ""llm_says_match"": false}",2,medium
products_1_95573755|products_2_35818283,,hard_negative_gate,,keep_adjudicated,hard_negative_gate,"{""plm_score"": 2.104566192429047e-05, ""theta"": 0.61, ""delta"": 0.08, ""llm_says_match"": false}",2,medium
products_1_95573755|products_2_60381598,,hard_negative_gate,,keep_adjudicated,hard_negative_gate,"{""plm_score"": 0.9998852014541626, ""theta"": 0.61, ""delta"": 0.08, ""llm_says_match"": false}",2,medium
products_1_95573755|products_2_7691539,,hard_negative_gate,,keep_adjudicated,hard_negative_gate,"{""plm_score"": 0.4955444931983948, ""theta"": 0.61, ""delta"": 0.08, ""llm_says_match"": false}",2,medium
products_1_95573755|products_3_45567640,,hard_negative_gate,,keep_adjudicated,hard_negative_gate,"{""plm_score"": 0.005458081141114235, ""theta"": 0.61, ""delta"": 0.08, ""llm_says_match"": false}",2,medium
products_1_95573755|products_3_47564133,,hard_negative_gate,,keep_adjudicated,hard_negative_gate,"{""plm_score"": 2.069359652523417e-05, ""theta"": 0.61, ""delta"": 0.08, ""llm_says_match"": false}",2,medium
products_1_95573755|products_3_91946031,,hard_negative_gate,,keep_adjudicated,hard_negative_gate,"{""plm_score"": 0.9936214089393616, ""theta"": 0.61, ""delta"": 0.08, ""llm_says_match"": false}",2,medium
products_1_95573755|products_4_50127391,,hard_negative_gate,,keep_adjudicated,hard_negative_gate,"{""plm_score"": 0.9999210834503174, ""theta"": 0.61, ""delta"": 0.08, ""llm_says_match"": false}",2,medium
products_1_95573755|products_4_53591112,,hard_negative_gate,,keep_adjudicated,hard_negative_gate,"{""plm_score"": 0.00028892967384308577, ""theta"": 0.61, ""delta"": 0.08, ""llm_says_match"": false}",2,medium
products_1_95573755|products_4_65442400,,hard_negative_gate,,keep_adjudicated,hard_negative_gate,"{""plm_score"": 0.0004271834623068571, ""theta"": 0.61, ""delta"": 0.08, ""llm_says_match"": false}",2,medium
products_1_96580141|products_2_61743995,,hard_negative_gate,,keep_adjudicated,hard_negative_gate,"{""plm_score"": 2.9761304176645353e-05, ""theta"": 0.61, ""delta"": 0.08, ""llm_says_match"": false}",2,medium
products_1_96580141|products_3_72068235,,hard_negative_gate,,keep_adjudicated,hard_negative_gate,"{""plm_score"": 1.3955504073237535e-05, ""theta"": 0.61, ""delta"": 0.08, ""llm_says_match"": false}",2,medium
products_1_96580141|products_4_266853,,hard_negative_gate,,keep_adjudicated,hard_negative_gate,"{""plm_score"": 1.6863645214471035e-05, ""theta"": 0.61, ""delta"": 0.08, ""llm_says_match"": false}",2,medium
products_1_97046372|products_2_1773698,,hard_negative_gate,,keep_adjudicated,hard_negative_gate,"{""plm_score"": 2.0430954464245588e-05, ""theta"": 0.61, ""delta"": 0.08, ""llm_says_match"": false}",2,medium
products_1_97046372|products_2_52312288,,hard_negative_gate,,keep_adjudicated,hard_negative_gate,"{""plm_score"": 0.00011500506661832333, ""theta"": 0.61, ""delta"": 0.08, ""llm_says_match"": false}",2,medium
products_1_97046372|products_3_12578214,,hard_negative_gate,,keep_adjudicated,hard_negative_gate,"{""plm_score"": 1.3573268915934023e-05, ""theta"": 0.61, ""delta"": 0.08, ""llm_says_match"": false}",2,medium
products_1_97046372|products_3_65966922,,hard_negative_gate,,keep_adjudicated,hard_negative_gate,"{""plm_score"": 0.00013235333608463407, ""theta"": 0.61, ""delta"": 0.08, ""llm_says_match"": false}",2,medium
products_1_97046372|products_4_26310252,,hard_negative_gate,,keep_adjudicated,hard_negative_gate,"{""plm_score"": 2.154366666218266e-05, ""theta"": 0.61, ""delta"": 0.08, ""llm_says_match"": false}",2,medium
products_1_9739864|products_2_67695486,,hard_negative_gate,,keep_adjudicated,hard_negative_gate,"{""plm_score"": 1.7814549210015684e-05, ""theta"": 0.61, ""delta"": 0.08, ""llm_says_match"": false}",2,medium
products_1_98108384|products_2_17046235,,hard_negative_gate,,keep_adjudicated,hard_negative_gate,"{""plm_score"": 1.1066645129176322e-05, ""theta"": 0.61, ""delta"": 0.08, ""llm_says_match"": false}",2,medium
products_1_98108384|products_2_64863085,,hard_negative_gate,,keep_adjudicated,hard_negative_gate,"{""plm_score"": 0.00018356757936999202, ""theta"": 0.61, ""delta"": 0.08, ""llm_says_match"": false}",2,medium
products_1_98108384|products_3_64998693,,hard_negative_gate,,keep_adjudicated,hard_negative_gate,"{""plm_score"": 1.3219872926129028e-05, ""theta"": 0.61, ""delta"": 0.08, ""llm_says_match"": false}",2,medium
products_1_98108384|products_3_79116996,,hard_negative_gate,,keep_adjudicated,hard_negative_gate,"{""plm_score"": 1.2159500329289585e-05, ""theta"": 0.61, ""delta"": 0.08, ""llm_says_match"": false}",2,medium
products_1_9830450|products_2_4557639,,hard_negative_gate,,keep_adjudicated,hard_negative_gate,"{""plm_score"": 2.83866684185341e-05, ""theta"": 0.61, ""delta"": 0.08, ""llm_says_match"": false}",2,medium
products_1_9830450|products_3_51601254,,hard_negative_gate,,keep_adjudicated,hard_negative_gate,"{""plm_score"": 0.00011201502638868988, ""theta"": 0.61, ""delta"": 0.08, ""llm_says_match"": false}",2,medium
products_1_9830450|products_4_69971378,,hard_negative_gate,,keep_adjudicated,hard_negative_gate,"{""plm_score"": 1.6165489796549082e-05, ""theta"": 0.61, ""delta"": 0.08, ""llm_says_match"": false}",2,medium
products_1_98624308|products_2_11343029,,hard_negative_gate,,keep_adjudicated,hard_negative_gate,"{""plm_score"": 3.972210470237769e-05, ""theta"": 0.61, ""delta"": 0.08, ""llm_says_match"": false}",2,medium
products_1_98624308|products_2_31233436,,hard_negative_gate,,keep_adjudicated,hard_negative_gate,"{""plm_score"": 2.2159349100547843e-05, ""theta"": 0.61, ""delta"": 0.08, ""llm_says_match"": false}",2,medium
products_1_98624308|products_2_53101134,,hard_negative_gate,,keep_adjudicated,hard_negative_gate,"{""plm_score"": 6.480381853180006e-05, ""theta"": 0.61, ""delta"": 0.08, ""llm_says_match"": false}",2,medium
products_1_98624308|products_3_41283631,,hard_negative_gate,,keep_adjudicated,hard_negative_gate,"{""plm_score"": 3.8402162317652255e-05, ""theta"": 0.61, ""delta"": 0.08, ""llm_says_match"": false}",2,medium
products_1_98624308|products_3_90232019,,hard_negative_gate,,keep_adjudicated,hard_negative_gate,"{""plm_score"": 0.00017083091370295733, ""theta"": 0.61, ""delta"": 0.08, ""llm_says_match"": false}",2,medium
products_1_98624308|products_3_98500616,,hard_negative_gate,,keep_adjudicated,hard_negative_gate,"{""plm_score"": 1.4868496691633482e-05, ""theta"": 0.61, ""delta"": 0.08, ""llm_says_match"": false}",2,medium
products_1_98624308|products_4_37569873,,hard_negative_gate,,keep_adjudicated,hard_negative_gate,"{""plm_score"": 0.00038918256177566946, ""theta"": 0.61, ""delta"": 0.08, ""llm_says_match"": false}",2,medium
products_1_98624308|products_4_8625921,,hard_negative_gate,,keep_adjudicated,hard_negative_gate,"{""plm_score"": 1.3661549928656314e-05, ""theta"": 0.61, ""delta"": 0.08, ""llm_says_match"": false}",2,medium
products_1_98624308|products_4_95444865,,hard_negative_gate,,keep_adjudicated,hard_negative_gate,"{""plm_score"": 5.124245217302814e-05, ""theta"": 0.61, ""delta"": 0.08, ""llm_says_match"": false}",2,medium
products_1_98803698|products_2_14653650,,hard_negative_gate,,keep_adjudicated,hard_negative_gate,"{""plm_score"": 0.659614622592926, ""theta"": 0.61, ""delta"": 0.08, ""llm_says_match"": false}",2,medium
products_1_98803698|products_3_18402228,,hard_negative_gate,,keep_adjudicated,hard_negative_gate,"{""plm_score"": 0.25618618726730347, ""theta"": 0.61, ""delta"": 0.08, ""llm_says_match"": false}",2,medium
products_1_98803698|products_4_66415332,,hard_negative_gate,,keep_adjudicated,hard_negative_gate,"{""plm_score"": 0.25618618726730347, ""theta"": 0.61, ""delta"": 0.08, ""llm_says_match"": false}",2,medium
products_1_9908573|products_2_11565762,,hard_negative_gate,,keep_adjudicated,hard_negative_gate,"{""plm_score"": 7.165811985032633e-05, ""theta"": 0.61, ""delta"": 0.08, ""llm_says_match"": false}",2,medium
products_1_9908573|products_2_80771543,,hard_negative_gate,,keep_adjudicated,hard_negative_gate,"{""plm_score"": 0.00036761933006346226, ""theta"": 0.61, ""delta"": 0.08, ""llm_says_match"": false}",2,medium
products_1_9908573|products_3_34301207,,hard_negative_gate,,keep_adjudicated,hard_negative_gate,"{""plm_score"": 0.00016626581782475114, ""theta"": 0.61, ""delta"": 0.08, ""llm_says_match"": false}",2,medium
products_1_9908573|products_3_87415090,,hard_negative_gate,,keep_adjudicated,hard_negative_gate,"{""plm_score"": 0.0003191819996573031, ""theta"": 0.61, ""delta"": 0.08, ""llm_says_match"": false}",2,medium
products_1_9908573|products_4_52586114,,hard_negative_gate,,keep_adjudicated,hard_negative_gate,"{""plm_score"": 2.8462296540965326e-05, ""theta"": 0.61, ""delta"": 0.08, ""llm_says_match"": false}",2,medium
products_1_9908573|products_4_98882167,,hard_negative_gate,,keep_adjudicated,hard_negative_gate,"{""plm_score"": 0.0005100984126329422, ""theta"": 0.61, ""delta"": 0.08, ""llm_says_match"": false}",2,medium
