id1,id2,source_1,source_2,label
dblp-00032,open_alex-35818,dblp,open_alex,true
dblp-00063,open_alex-19791,dblp,open_alex,true
dblp-00116,open_alex-42423,dblp,open_alex,true
dblp-00316,open_alex-47112,dblp,open_alex,true
dblp-00333,open_alex-50545,dblp,open_alex,true
dblp-00393,open_alex-27361,dblp,open_alex,true
dblp-00469,open_alex-39398,dblp,open_alex,true
dblp-00474,open_alex-17365,dblp,open_alex,true
dblp-00602,open_alex-12995,dblp,open_alex,true
dblp-00656,open_alex-39364,dblp,open_alex,true
dblp-00761,open_alex-41685,dblp,open_alex,true
dblp-00969,open_alex-34906,dblp,open_alex,true
dblp-01057,open_alex-52848,dblp,open_alex,true
dblp-01096,open_alex-33433,dblp,open_alex,true
dblp-01289,open_alex-05096,dblp,open_alex,true
dblp-01427,open_alex-09826,dblp,open_alex,true
dblp-01504,open_alex-14023,dblp,open_alex,true
dblp-01513,open_alex-34891,dblp,open_alex,true
dblp-01638,open_alex-49533,dblp,open_alex,true
dblp-01797,open_alex-02494,dblp,open_alex,true
dblp-01836,open_alex-03702,dblp,open_alex,true
dblp-01841,open_alex-07102,dblp,open_alex,true
dblp-01928,open_alex-46093,dblp,open_alex,true
dblp-01967,open_alex-09099,dblp,open_alex,true
dblp-02094,open_alex-16140,dblp,open_alex,true
dblp-02174,open_alex-39392,dblp,open_alex,true
dblp-02308,open_alex-42382,dblp,open_alex,true
dblp-02530,open_alex-07466,dblp,open_alex,true
dblp-02583,open_alex-07859,dblp,open_alex,true
dblp-02691,open_alex-39712,dblp,open_alex,true
dblp-02714,open_alex-04308,dblp,open_alex,true
dblp-02730,open_alex-20546,dblp,open_alex,true
dblp-02746,open_alex-32212,dblp,open_alex,true
dblp-02845,open_alex-36279,dblp,open_alex,true
dblp-02996,open_alex-05706,dblp,open_alex,true
dblp-03023,open_alex-03777,dblp,open_alex,true
dblp-03033,open_alex-36297,dblp,open_alex,true
dblp-03187,open_alex-07655,dblp,open_alex,true
dblp-03256,open_alex-25639,dblp,open_alex,true
dblp-03295,open_alex-47595,dblp,open_alex,true
dblp-03319,open_alex-18763,dblp,open_alex,true
dblp-03444,open_alex-11165,dblp,open_alex,true
dblp-03463,open_alex-30402,dblp,open_alex,true
dblp-03479,open_alex-28556,dblp,open_alex,true
dblp-03488,open_alex-39708,dblp,open_alex,true
dblp-03492,open_alex-05235,dblp,open_alex,true
dblp-03501,open_alex-34762,dblp,open_alex,true
dblp-03509,open_alex-50950,dblp,open_alex,true
dblp-03529,open_alex-41398,dblp,open_alex,true
dblp-03530,open_alex-55913,dblp,open_alex,true
dblp-03570,open_alex-35761,dblp,open_alex,true
dblp-03652,open_alex-09880,dblp,open_alex,true
dblp-03759,open_alex-34141,dblp,open_alex,true
dblp-03789,open_alex-53479,dblp,open_alex,true
dblp-03790,open_alex-07346,dblp,open_alex,true
dblp-03848,open_alex-47413,dblp,open_alex,true
dblp-03855,open_alex-10874,dblp,open_alex,true
dblp-03953,open_alex-18862,dblp,open_alex,true
dblp-03977,open_alex-54881,dblp,open_alex,true
dblp-04196,open_alex-30372,dblp,open_alex,true
dblp-04245,open_alex-26545,dblp,open_alex,true
dblp-04421,open_alex-01484,dblp,open_alex,true
dblp-04451,open_alex-47876,dblp,open_alex,true
dblp-04500,open_alex-05598,dblp,open_alex,true
dblp-04536,open_alex-36273,dblp,open_alex,true
dblp-04577,open_alex-16945,dblp,open_alex,true
dblp-04589,open_alex-44549,dblp,open_alex,true
dblp-04696,open_alex-13333,dblp,open_alex,true
dblp-04808,open_alex-14395,dblp,open_alex,true
dblp-04844,open_alex-32586,dblp,open_alex,true
dblp-04885,open_alex-40400,dblp,open_alex,true
dblp-04991,open_alex-05274,dblp,open_alex,true
dblp-04999,open_alex-37774,dblp,open_alex,true
dblp-05001,open_alex-16166,dblp,open_alex,true
dblp-05094,open_alex-12790,dblp,open_alex,true
dblp-05220,open_alex-19511,dblp,open_alex,true
dblp-05228,open_alex-31811,dblp,open_alex,true
dblp-05324,open_alex-48057,dblp,open_alex,true
dblp-05331,open_alex-55773,dblp,open_alex,true
dblp-05377,open_alex-03921,dblp,open_alex,true
dblp-05453,open_alex-26809,dblp,open_alex,true
dblp-05537,open_alex-51318,dblp,open_alex,true
dblp-05785,open_alex-18798,dblp,open_alex,true
dblp-05826,open_alex-60136,dblp,open_alex,true
dblp-05846,open_alex-00208,dblp,open_alex,true
dblp-05918,open_alex-13650,dblp,open_alex,true
dblp-06028,open_alex-54215,dblp,open_alex,true
dblp-06067,open_alex-34702,dblp,open_alex,true
dblp-06075,open_alex-29350,dblp,open_alex,true
dblp-06118,open_alex-25399,dblp,open_alex,true
dblp-06141,open_alex-19475,dblp,open_alex,true
dblp-06199,open_alex-41172,dblp,open_alex,true
dblp-06206,open_alex-55231,dblp,open_alex,true
dblp-06322,open_alex-59588,dblp,open_alex,true
dblp-06462,open_alex-07625,dblp,open_alex,true
dblp-06485,open_alex-31458,dblp,open_alex,true
dblp-06522,open_alex-48312,dblp,open_alex,true
dblp-06677,open_alex-42894,dblp,open_alex,true
dblp-06740,open_alex-31019,dblp,open_alex,true
dblp-06911,open_alex-19211,dblp,open_alex,true
dblp-06956,open_alex-41309,dblp,open_alex,true
dblp-06986,open_alex-33486,dblp,open_alex,true
dblp-07137,open_alex-42434,dblp,open_alex,true
dblp-07270,open_alex-53153,dblp,open_alex,true
dblp-07304,open_alex-28652,dblp,open_alex,true
dblp-07474,open_alex-24407,dblp,open_alex,true
dblp-07499,open_alex-29278,dblp,open_alex,true
dblp-07690,open_alex-14944,dblp,open_alex,true
dblp-07734,open_alex-11651,dblp,open_alex,true
dblp-08021,open_alex-33960,dblp,open_alex,true
dblp-08046,open_alex-09165,dblp,open_alex,true
dblp-08049,open_alex-49120,dblp,open_alex,true
dblp-08099,open_alex-60424,dblp,open_alex,true
dblp-08180,open_alex-30245,dblp,open_alex,true
dblp-08442,open_alex-38370,dblp,open_alex,true
dblp-08457,open_alex-46565,dblp,open_alex,true
dblp-08481,open_alex-53407,dblp,open_alex,true
dblp-08490,open_alex-48369,dblp,open_alex,true
dblp-08662,open_alex-46834,dblp,open_alex,true
dblp-08755,open_alex-34819,dblp,open_alex,true
dblp-08800,open_alex-32682,dblp,open_alex,true
dblp-08891,open_alex-45721,dblp,open_alex,true
dblp-08912,open_alex-05512,dblp,open_alex,true
dblp-09182,open_alex-16235,dblp,open_alex,true
dblp-09188,open_alex-11764,dblp,open_alex,true
dblp-09258,open_alex-52825,dblp,open_alex,true
dblp-09289,open_alex-58196,dblp,open_alex,true
dblp-09398,open_alex-25377,dblp,open_alex,true
dblp-09426,open_alex-20729,dblp,open_alex,true
dblp-09427,open_alex-00554,dblp,open_alex,true
dblp-09459,open_alex-04156,dblp,open_alex,true
dblp-09507,open_alex-11237,dblp,open_alex,true
dblp-09619,open_alex-38453,dblp,open_alex,true
dblp-09676,open_alex-57150,dblp,open_alex,true
dblp-09766,open_alex-15381,dblp,open_alex,true
dblp-09826,open_alex-03181,dblp,open_alex,true
dblp-09898,open_alex-45840,dblp,open_alex,true
dblp-09995,open_alex-55500,dblp,open_alex,true
dblp-10026,open_alex-17213,dblp,open_alex,true
dblp-10071,open_alex-10907,dblp,open_alex,true
dblp-10203,open_alex-16275,dblp,open_alex,true
dblp-10214,open_alex-19240,dblp,open_alex,true
dblp-10365,open_alex-42651,dblp,open_alex,true
dblp-10491,open_alex-04687,dblp,open_alex,true
dblp-10556,open_alex-39900,dblp,open_alex,true
dblp-10593,open_alex-15399,dblp,open_alex,true
dblp-10874,open_alex-41561,dblp,open_alex,true
dblp-11035,open_alex-28938,dblp,open_alex,true
dblp-11040,open_alex-41495,dblp,open_alex,true
dblp-11112,open_alex-36377,dblp,open_alex,true
dblp-11115,open_alex-18952,dblp,open_alex,true
dblp-11140,open_alex-13758,dblp,open_alex,true
dblp-11200,open_alex-02193,dblp,open_alex,true
dblp-11290,open_alex-47442,dblp,open_alex,true
dblp-11339,open_alex-20869,dblp,open_alex,true
dblp-11487,open_alex-53911,dblp,open_alex,true
dblp-11507,open_alex-07168,dblp,open_alex,true
dblp-11597,open_alex-33504,dblp,open_alex,true
dblp-11711,open_alex-58730,dblp,open_alex,true
dblp-11793,open_alex-48397,dblp,open_alex,true
dblp-11794,open_alex-39025,dblp,open_alex,true
dblp-12008,open_alex-40063,dblp,open_alex,true
dblp-12049,open_alex-14864,dblp,open_alex,true
dblp-12117,open_alex-54576,dblp,open_alex,true
dblp-12220,open_alex-41440,dblp,open_alex,true
dblp-12421,open_alex-18806,dblp,open_alex,true
dblp-12425,open_alex-04548,dblp,open_alex,true
dblp-12477,open_alex-07272,dblp,open_alex,true
dblp-12483,open_alex-07872,dblp,open_alex,true
dblp-12531,open_alex-17989,dblp,open_alex,true
dblp-12643,open_alex-16367,dblp,open_alex,true
dblp-12655,open_alex-48905,dblp,open_alex,true
dblp-12672,open_alex-50827,dblp,open_alex,true
dblp-12684,open_alex-19046,dblp,open_alex,true
dblp-12689,open_alex-42327,dblp,open_alex,true
dblp-12741,open_alex-15772,dblp,open_alex,true
dblp-12753,open_alex-38298,dblp,open_alex,true
dblp-12862,open_alex-45121,dblp,open_alex,true
dblp-13192,open_alex-60198,dblp,open_alex,true
dblp-13206,open_alex-34784,dblp,open_alex,true
dblp-13468,open_alex-49943,dblp,open_alex,true
dblp-13524,open_alex-18305,dblp,open_alex,true
dblp-13616,open_alex-58371,dblp,open_alex,true
dblp-13637,open_alex-00498,dblp,open_alex,true
dblp-13821,open_alex-21198,dblp,open_alex,true
dblp-13938,open_alex-33858,dblp,open_alex,true
dblp-13951,open_alex-41507,dblp,open_alex,true
dblp-13977,open_alex-41163,dblp,open_alex,true
dblp-14127,open_alex-35535,dblp,open_alex,true
dblp-14197,open_alex-30292,dblp,open_alex,true
dblp-14204,open_alex-47437,dblp,open_alex,true
dblp-14230,open_alex-26338,dblp,open_alex,true
dblp-14312,open_alex-19111,dblp,open_alex,true
dblp-14395,open_alex-48788,dblp,open_alex,true
dblp-14803,open_alex-00847,dblp,open_alex,true
dblp-14972,open_alex-00460,dblp,open_alex,true
dblp-14982,open_alex-58880,dblp,open_alex,true
dblp-15017,open_alex-05503,dblp,open_alex,true
dblp-15062,open_alex-43812,dblp,open_alex,true
dblp-15119,open_alex-06091,dblp,open_alex,true
dblp-15163,open_alex-43184,dblp,open_alex,true
dblp-15435,open_alex-53892,dblp,open_alex,true
dblp-15551,open_alex-29331,dblp,open_alex,true
dblp-15572,open_alex-17870,dblp,open_alex,true
dblp-15684,open_alex-32404,dblp,open_alex,true
dblp-15891,open_alex-08127,dblp,open_alex,true
dblp-16242,open_alex-03942,dblp,open_alex,true
dblp-16300,open_alex-00612,dblp,open_alex,true
dblp-16341,open_alex-02415,dblp,open_alex,true
dblp-16418,open_alex-37581,dblp,open_alex,true
dblp-16509,open_alex-14362,dblp,open_alex,true
dblp-16583,open_alex-43562,dblp,open_alex,true
dblp-16584,open_alex-17530,dblp,open_alex,true
dblp-16711,open_alex-60570,dblp,open_alex,true
dblp-16734,open_alex-45959,dblp,open_alex,true
dblp-16805,open_alex-50739,dblp,open_alex,true
dblp-16807,open_alex-03096,dblp,open_alex,true
dblp-16899,open_alex-56633,dblp,open_alex,true
dblp-16955,open_alex-16330,dblp,open_alex,true
dblp-17088,open_alex-46432,dblp,open_alex,true
dblp-17467,open_alex-15500,dblp,open_alex,true
dblp-17707,open_alex-03590,dblp,open_alex,true
dblp-17901,open_alex-37665,dblp,open_alex,true
dblp-17991,open_alex-27760,dblp,open_alex,true
dblp-18080,open_alex-07105,dblp,open_alex,true
dblp-18124,open_alex-14053,dblp,open_alex,true
dblp-18183,open_alex-22665,dblp,open_alex,true
dblp-18221,open_alex-26648,dblp,open_alex,true
dblp-18224,open_alex-39899,dblp,open_alex,true
dblp-18439,open_alex-29333,dblp,open_alex,true
dblp-18636,open_alex-53915,dblp,open_alex,true
dblp-18665,open_alex-04034,dblp,open_alex,true
dblp-18696,open_alex-24139,dblp,open_alex,true
dblp-18765,open_alex-25259,dblp,open_alex,true
dblp-18801,open_alex-08691,dblp,open_alex,true
dblp-18916,open_alex-31104,dblp,open_alex,true
dblp-18936,open_alex-35638,dblp,open_alex,true
dblp-19028,open_alex-11797,dblp,open_alex,true
dblp-19082,open_alex-27288,dblp,open_alex,true
dblp-19350,open_alex-28709,dblp,open_alex,true
dblp-19525,open_alex-15970,dblp,open_alex,true
dblp-19724,open_alex-54517,dblp,open_alex,true
dblp-19851,open_alex-47737,dblp,open_alex,true
dblp-19876,open_alex-57992,dblp,open_alex,true
dblp-19902,open_alex-07552,dblp,open_alex,true
dblp-20091,open_alex-52235,dblp,open_alex,true
dblp-20118,open_alex-03584,dblp,open_alex,true
dblp-20186,open_alex-26321,dblp,open_alex,true
dblp-20467,open_alex-33323,dblp,open_alex,true
dblp-20509,open_alex-28863,dblp,open_alex,true
dblp-20521,open_alex-39903,dblp,open_alex,true
dblp-20552,open_alex-33599,dblp,open_alex,true
dblp-20574,open_alex-29284,dblp,open_alex,true
dblp-20580,open_alex-59062,dblp,open_alex,true
dblp-20636,open_alex-49861,dblp,open_alex,true
dblp-20643,open_alex-51643,dblp,open_alex,true
dblp-20740,open_alex-52881,dblp,open_alex,true
dblp-20769,open_alex-17711,dblp,open_alex,true
dblp-20849,open_alex-46938,dblp,open_alex,true
dblp-20907,open_alex-51441,dblp,open_alex,true
dblp-21085,open_alex-22683,dblp,open_alex,true
dblp-21157,open_alex-22137,dblp,open_alex,true
dblp-21226,open_alex-04012,dblp,open_alex,true
dblp-21238,open_alex-12793,dblp,open_alex,true
dblp-21241,open_alex-05961,dblp,open_alex,true
dblp-21320,open_alex-07586,dblp,open_alex,true
dblp-21420,open_alex-01100,dblp,open_alex,true
dblp-21484,open_alex-40163,dblp,open_alex,true
dblp-21569,open_alex-41281,dblp,open_alex,true
dblp-21570,open_alex-21990,dblp,open_alex,true
dblp-21648,open_alex-07716,dblp,open_alex,true
dblp-21925,open_alex-55785,dblp,open_alex,true
dblp-21944,open_alex-31801,dblp,open_alex,true
dblp-22022,open_alex-03884,dblp,open_alex,true
dblp-22036,open_alex-54534,dblp,open_alex,true
dblp-22216,open_alex-25153,dblp,open_alex,true
dblp-22225,open_alex-24979,dblp,open_alex,true
dblp-22245,open_alex-17023,dblp,open_alex,true
dblp-22389,open_alex-44913,dblp,open_alex,true
dblp-22472,open_alex-53731,dblp,open_alex,true
dblp-22627,open_alex-42383,dblp,open_alex,true
dblp-22741,open_alex-40895,dblp,open_alex,true
dblp-22786,open_alex-43475,dblp,open_alex,true
dblp-22788,open_alex-32224,dblp,open_alex,true
dblp-22832,open_alex-42629,dblp,open_alex,true
dblp-22879,open_alex-00491,dblp,open_alex,true
dblp-23219,open_alex-32908,dblp,open_alex,true
dblp-23443,open_alex-08715,dblp,open_alex,true
dblp-23536,open_alex-41481,dblp,open_alex,true
dblp-23552,open_alex-31293,dblp,open_alex,true
dblp-23643,open_alex-07981,dblp,open_alex,true
dblp-23753,open_alex-59557,dblp,open_alex,true
dblp-24025,open_alex-36500,dblp,open_alex,true
dblp-24218,open_alex-18044,dblp,open_alex,true
dblp-24219,open_alex-28096,dblp,open_alex,true
dblp-24321,open_alex-12811,dblp,open_alex,true
dblp-24429,open_alex-13002,dblp,open_alex,true
dblp-24556,open_alex-44475,dblp,open_alex,true
dblp-24603,open_alex-56842,dblp,open_alex,true
dblp-24631,open_alex-20563,dblp,open_alex,true
dblp-24635,open_alex-17779,dblp,open_alex,true
dblp-24711,open_alex-25349,dblp,open_alex,true
dblp-24755,open_alex-52891,dblp,open_alex,true
dblp-24781,open_alex-38718,dblp,open_alex,true
dblp-24839,open_alex-49628,dblp,open_alex,true
dblp-24954,open_alex-07842,dblp,open_alex,true
dblp-25080,open_alex-56144,dblp,open_alex,true
dblp-25254,open_alex-51595,dblp,open_alex,true
dblp-25331,open_alex-44740,dblp,open_alex,true
dblp-25369,open_alex-07890,dblp,open_alex,true
dblp-25681,open_alex-11508,dblp,open_alex,true
dblp-25787,open_alex-27679,dblp,open_alex,true
dblp-25839,open_alex-51264,dblp,open_alex,true
dblp-25841,open_alex-46639,dblp,open_alex,true
dblp-25867,open_alex-58192,dblp,open_alex,true
dblp-25887,open_alex-52150,dblp,open_alex,true
dblp-25971,open_alex-34910,dblp,open_alex,true
dblp-26048,open_alex-56039,dblp,open_alex,true
dblp-26100,open_alex-32798,dblp,open_alex,true
dblp-26161,open_alex-30347,dblp,open_alex,true
dblp-26374,open_alex-30833,dblp,open_alex,true
dblp-26406,open_alex-50440,dblp,open_alex,true
dblp-26433,open_alex-07685,dblp,open_alex,true
dblp-26435,open_alex-15158,dblp,open_alex,true
dblp-26494,open_alex-34590,dblp,open_alex,true
dblp-26944,open_alex-37575,dblp,open_alex,true
dblp-26952,open_alex-50745,dblp,open_alex,true
dblp-27049,open_alex-07541,dblp,open_alex,true
dblp-27531,open_alex-52738,dblp,open_alex,true
dblp-27592,open_alex-11609,dblp,open_alex,true
dblp-27662,open_alex-47722,dblp,open_alex,true
dblp-27714,open_alex-22481,dblp,open_alex,true
dblp-27884,open_alex-39568,dblp,open_alex,true
dblp-27941,open_alex-26410,dblp,open_alex,true
dblp-27953,open_alex-54497,dblp,open_alex,true
dblp-27963,open_alex-14701,dblp,open_alex,true
dblp-28077,open_alex-57794,dblp,open_alex,true
dblp-28186,open_alex-37827,dblp,open_alex,true
dblp-28288,open_alex-30596,dblp,open_alex,true
dblp-28353,open_alex-38418,dblp,open_alex,true
dblp-28449,open_alex-03486,dblp,open_alex,true
dblp-28493,open_alex-27011,dblp,open_alex,true
dblp-28748,open_alex-53483,dblp,open_alex,true
dblp-28764,open_alex-18716,dblp,open_alex,true
dblp-28796,open_alex-33483,dblp,open_alex,true
dblp-28945,open_alex-21489,dblp,open_alex,true
dblp-28954,open_alex-51943,dblp,open_alex,true
dblp-29183,open_alex-39120,dblp,open_alex,true
dblp-29230,open_alex-15639,dblp,open_alex,true
dblp-29276,open_alex-07212,dblp,open_alex,true
dblp-29364,open_alex-22011,dblp,open_alex,true
dblp-29507,open_alex-16706,dblp,open_alex,true
dblp-29603,open_alex-51253,dblp,open_alex,true
dblp-29708,open_alex-50637,dblp,open_alex,true
dblp-29828,open_alex-06075,dblp,open_alex,true
dblp-29925,open_alex-10189,dblp,open_alex,true
dblp-30153,open_alex-02256,dblp,open_alex,true
dblp-30281,open_alex-21028,dblp,open_alex,true
dblp-30290,open_alex-57578,dblp,open_alex,true
dblp-30291,open_alex-55519,dblp,open_alex,true
dblp-30402,open_alex-05504,dblp,open_alex,true
dblp-30427,open_alex-13904,dblp,open_alex,true
dblp-30528,open_alex-15711,dblp,open_alex,true
dblp-30656,open_alex-18997,dblp,open_alex,true
dblp-30768,open_alex-05425,dblp,open_alex,true
dblp-31044,open_alex-51494,dblp,open_alex,true
dblp-31141,open_alex-29341,dblp,open_alex,true
dblp-31158,open_alex-01265,dblp,open_alex,true
dblp-31221,open_alex-32462,dblp,open_alex,true
dblp-31291,open_alex-15598,dblp,open_alex,true
dblp-31306,open_alex-34738,dblp,open_alex,true
dblp-31439,open_alex-21100,dblp,open_alex,true
dblp-31462,open_alex-15664,dblp,open_alex,true
dblp-31547,open_alex-24840,dblp,open_alex,true
dblp-31562,open_alex-33747,dblp,open_alex,true
dblp-31747,open_alex-24213,dblp,open_alex,true
dblp-31809,open_alex-37239,dblp,open_alex,true
dblp-32148,open_alex-13124,dblp,open_alex,true
dblp-32193,open_alex-02820,dblp,open_alex,true
dblp-32200,open_alex-08360,dblp,open_alex,true
dblp-32212,open_alex-22550,dblp,open_alex,true
dblp-32456,open_alex-05882,dblp,open_alex,true
dblp-32517,open_alex-10080,dblp,open_alex,true
dblp-32612,open_alex-15685,dblp,open_alex,true
dblp-32616,open_alex-00674,dblp,open_alex,true
dblp-32625,open_alex-32557,dblp,open_alex,true
dblp-32636,open_alex-23261,dblp,open_alex,true
dblp-32665,open_alex-45845,dblp,open_alex,true
dblp-32765,open_alex-49221,dblp,open_alex,true
dblp-32863,open_alex-18463,dblp,open_alex,true
dblp-32935,open_alex-37516,dblp,open_alex,true
dblp-32943,open_alex-47103,dblp,open_alex,true
dblp-32946,open_alex-14987,dblp,open_alex,true
dblp-33042,open_alex-55030,dblp,open_alex,true
dblp-33059,open_alex-27325,dblp,open_alex,true
dblp-33075,open_alex-44823,dblp,open_alex,true
dblp-33079,open_alex-52402,dblp,open_alex,true
dblp-33105,open_alex-58147,dblp,open_alex,true
dblp-33141,open_alex-04679,dblp,open_alex,true
dblp-33201,open_alex-49022,dblp,open_alex,true
dblp-33225,open_alex-50904,dblp,open_alex,true
dblp-33469,open_alex-49651,dblp,open_alex,true
dblp-33705,open_alex-53257,dblp,open_alex,true
dblp-33882,open_alex-48160,dblp,open_alex,true
dblp-34191,open_alex-56117,dblp,open_alex,true
dblp-34391,open_alex-37046,dblp,open_alex,true
dblp-34475,open_alex-48323,dblp,open_alex,true
dblp-34527,open_alex-39302,dblp,open_alex,true
dblp-34538,open_alex-20820,dblp,open_alex,true
dblp-34543,open_alex-29836,dblp,open_alex,true
dblp-34793,open_alex-50146,dblp,open_alex,true
dblp-34921,open_alex-46485,dblp,open_alex,true
dblp-34940,open_alex-50872,dblp,open_alex,true
dblp-34944,open_alex-60663,dblp,open_alex,true
dblp-34971,open_alex-24193,dblp,open_alex,true
dblp-35049,open_alex-15409,dblp,open_alex,true
dblp-35058,open_alex-49784,dblp,open_alex,true
dblp-35071,open_alex-45369,dblp,open_alex,true
dblp-35253,open_alex-31506,dblp,open_alex,true
dblp-35359,open_alex-35599,dblp,open_alex,true
dblp-35402,open_alex-04542,dblp,open_alex,true
dblp-35417,open_alex-39518,dblp,open_alex,true
dblp-35444,open_alex-19632,dblp,open_alex,true
dblp-35668,open_alex-44642,dblp,open_alex,true
dblp-35792,open_alex-55652,dblp,open_alex,true
dblp-35802,open_alex-37864,dblp,open_alex,true
dblp-35910,open_alex-49029,dblp,open_alex,true
dblp-35911,open_alex-15854,dblp,open_alex,true
dblp-35977,open_alex-33516,dblp,open_alex,true
dblp-35979,open_alex-01703,dblp,open_alex,true
dblp-35981,open_alex-44593,dblp,open_alex,true
dblp-36078,open_alex-27441,dblp,open_alex,true
dblp-36149,open_alex-16867,dblp,open_alex,true
dblp-36241,open_alex-20966,dblp,open_alex,true
dblp-36396,open_alex-20634,dblp,open_alex,true
dblp-36399,open_alex-42878,dblp,open_alex,true
dblp-36428,open_alex-35615,dblp,open_alex,true
dblp-36429,open_alex-20136,dblp,open_alex,true
dblp-36449,open_alex-11354,dblp,open_alex,true
dblp-36554,open_alex-45394,dblp,open_alex,true
dblp-36758,open_alex-56854,dblp,open_alex,true
dblp-36799,open_alex-21987,dblp,open_alex,true
dblp-36988,open_alex-53354,dblp,open_alex,true
dblp-37218,open_alex-09195,dblp,open_alex,true
dblp-37225,open_alex-18010,dblp,open_alex,true
dblp-37252,open_alex-10042,dblp,open_alex,true
dblp-37407,open_alex-25079,dblp,open_alex,true
dblp-37484,open_alex-33051,dblp,open_alex,true
dblp-37514,open_alex-15576,dblp,open_alex,true
dblp-37577,open_alex-42306,dblp,open_alex,true
dblp-37590,open_alex-39417,dblp,open_alex,true
dblp-37775,open_alex-56923,dblp,open_alex,true
dblp-37800,open_alex-16754,dblp,open_alex,true
dblp-37987,open_alex-44341,dblp,open_alex,true
dblp-38143,open_alex-40525,dblp,open_alex,true
dblp-38149,open_alex-11537,dblp,open_alex,true
dblp-38270,open_alex-60019,dblp,open_alex,true
dblp-38355,open_alex-37250,dblp,open_alex,true
dblp-38474,open_alex-43424,dblp,open_alex,true
dblp-38482,open_alex-53339,dblp,open_alex,true
dblp-38657,open_alex-25237,dblp,open_alex,true
dblp-38670,open_alex-43119,dblp,open_alex,true
dblp-38671,open_alex-53600,dblp,open_alex,true
dblp-38753,open_alex-53365,dblp,open_alex,true
dblp-38786,open_alex-48188,dblp,open_alex,true
dblp-38950,open_alex-29420,dblp,open_alex,true
dblp-39067,open_alex-18517,dblp,open_alex,true
dblp-39363,open_alex-16929,dblp,open_alex,true
dblp-39512,open_alex-02464,dblp,open_alex,true
dblp-39514,open_alex-41768,dblp,open_alex,true
dblp-39538,open_alex-05123,dblp,open_alex,true
dblp-39707,open_alex-29244,dblp,open_alex,true
dblp-39721,open_alex-58748,dblp,open_alex,true
dblp-39855,open_alex-16222,dblp,open_alex,true
dblp-40063,open_alex-01978,dblp,open_alex,true
dblp-40065,open_alex-29903,dblp,open_alex,true
dblp-40298,open_alex-28288,dblp,open_alex,true
dblp-40556,open_alex-39566,dblp,open_alex,true
dblp-40604,open_alex-22974,dblp,open_alex,true
dblp-40712,open_alex-39258,dblp,open_alex,true
dblp-40822,open_alex-15131,dblp,open_alex,true
dblp-40849,open_alex-05480,dblp,open_alex,true
dblp-40963,open_alex-15068,dblp,open_alex,true
dblp-40993,open_alex-30032,dblp,open_alex,true
dblp-41054,open_alex-05022,dblp,open_alex,true
dblp-41066,open_alex-18216,dblp,open_alex,true
dblp-41179,open_alex-14652,dblp,open_alex,true
dblp-41253,open_alex-58559,dblp,open_alex,true
dblp-41304,open_alex-01588,dblp,open_alex,true
dblp-41309,open_alex-33606,dblp,open_alex,true
dblp-41339,open_alex-12193,dblp,open_alex,true
dblp-41376,open_alex-36301,dblp,open_alex,true
dblp-41403,open_alex-48167,dblp,open_alex,true
dblp-41417,open_alex-03683,dblp,open_alex,true
dblp-41451,open_alex-23668,dblp,open_alex,true
dblp-41565,open_alex-14966,dblp,open_alex,true
dblp-41676,open_alex-41396,dblp,open_alex,true
dblp-41828,open_alex-53605,dblp,open_alex,true
dblp-42104,open_alex-23106,dblp,open_alex,true
dblp-42114,open_alex-04604,dblp,open_alex,true
dblp-42119,open_alex-07676,dblp,open_alex,true
dblp-42134,open_alex-48386,dblp,open_alex,true
dblp-42193,open_alex-25228,dblp,open_alex,true
dblp-42242,open_alex-24821,dblp,open_alex,true
dblp-42251,open_alex-34827,dblp,open_alex,true
dblp-42345,open_alex-39813,dblp,open_alex,true
dblp-42461,open_alex-40384,dblp,open_alex,true
dblp-42473,open_alex-36256,dblp,open_alex,true
dblp-42484,open_alex-52734,dblp,open_alex,true
dblp-42558,open_alex-55334,dblp,open_alex,true
dblp-42790,open_alex-48108,dblp,open_alex,true
dblp-42848,open_alex-01023,dblp,open_alex,true
dblp-42854,open_alex-29859,dblp,open_alex,true
dblp-42909,open_alex-53333,dblp,open_alex,true
dblp-43273,open_alex-14303,dblp,open_alex,true
dblp-43288,open_alex-42345,dblp,open_alex,true
dblp-43317,open_alex-29944,dblp,open_alex,true
dblp-43358,open_alex-01027,dblp,open_alex,true
dblp-43368,open_alex-36337,dblp,open_alex,true
dblp-43495,open_alex-11124,dblp,open_alex,true
dblp-43578,open_alex-49084,dblp,open_alex,true
dblp-43759,open_alex-05286,dblp,open_alex,true
dblp-43913,open_alex-11820,dblp,open_alex,true
dblp-44200,open_alex-33727,dblp,open_alex,true
dblp-44202,open_alex-03132,dblp,open_alex,true
dblp-44410,open_alex-41784,dblp,open_alex,true
dblp-44626,open_alex-43635,dblp,open_alex,true
dblp-44758,open_alex-30256,dblp,open_alex,true
dblp-44771,open_alex-01833,dblp,open_alex,true
dblp-44846,open_alex-25877,dblp,open_alex,true
dblp-44888,open_alex-50093,dblp,open_alex,true
dblp-44913,open_alex-26858,dblp,open_alex,true
dblp-44919,open_alex-51409,dblp,open_alex,true
dblp-44941,open_alex-49764,dblp,open_alex,true
dblp-45128,open_alex-36763,dblp,open_alex,true
dblp-45234,open_alex-42536,dblp,open_alex,true
dblp-45260,open_alex-26840,dblp,open_alex,true
dblp-45274,open_alex-44118,dblp,open_alex,true
dblp-45286,open_alex-14686,dblp,open_alex,true
dblp-45291,open_alex-03620,dblp,open_alex,true
dblp-45294,open_alex-32070,dblp,open_alex,true
dblp-45304,open_alex-22243,dblp,open_alex,true
dblp-45561,open_alex-10668,dblp,open_alex,true
dblp-45586,open_alex-10062,dblp,open_alex,true
dblp-45594,open_alex-22267,dblp,open_alex,true
dblp-45627,open_alex-48213,dblp,open_alex,true
dblp-45673,open_alex-49040,dblp,open_alex,true
dblp-45696,open_alex-22933,dblp,open_alex,true
dblp-45796,open_alex-06573,dblp,open_alex,true
dblp-45965,open_alex-37912,dblp,open_alex,true
dblp-45976,open_alex-19825,dblp,open_alex,true
dblp-46267,open_alex-12127,dblp,open_alex,true
dblp-46284,open_alex-53186,dblp,open_alex,true
dblp-46350,open_alex-54361,dblp,open_alex,true
dblp-46398,open_alex-29233,dblp,open_alex,true
dblp-46478,open_alex-23168,dblp,open_alex,true
dblp-46769,open_alex-59156,dblp,open_alex,true
dblp-46831,open_alex-49124,dblp,open_alex,true
dblp-46848,open_alex-02403,dblp,open_alex,true
dblp-47042,open_alex-17890,dblp,open_alex,true
dblp-47272,open_alex-18654,dblp,open_alex,true
dblp-47278,open_alex-14989,dblp,open_alex,true
dblp-47401,open_alex-52508,dblp,open_alex,true
dblp-47421,open_alex-28131,dblp,open_alex,true
dblp-47455,open_alex-28241,dblp,open_alex,true
dblp-47521,open_alex-44210,dblp,open_alex,true
dblp-47601,open_alex-32995,dblp,open_alex,true
dblp-47715,open_alex-30604,dblp,open_alex,true
dblp-47749,open_alex-50424,dblp,open_alex,true
dblp-47846,open_alex-09786,dblp,open_alex,true
dblp-47849,open_alex-06887,dblp,open_alex,true
dblp-47920,open_alex-35337,dblp,open_alex,true
dblp-47986,open_alex-13899,dblp,open_alex,true
dblp-48053,open_alex-22965,dblp,open_alex,true
dblp-48135,open_alex-22871,dblp,open_alex,true
dblp-48139,open_alex-57672,dblp,open_alex,true
dblp-48162,open_alex-50347,dblp,open_alex,true
dblp-48164,open_alex-32522,dblp,open_alex,true
dblp-48218,open_alex-01077,dblp,open_alex,true
dblp-48470,open_alex-42547,dblp,open_alex,true
dblp-48494,open_alex-18432,dblp,open_alex,true
dblp-48597,open_alex-58680,dblp,open_alex,true
dblp-48673,open_alex-48648,dblp,open_alex,true
dblp-48882,open_alex-55775,dblp,open_alex,true
dblp-48935,open_alex-34981,dblp,open_alex,true
dblp-49017,open_alex-58952,dblp,open_alex,true
dblp-49078,open_alex-28639,dblp,open_alex,true
dblp-49107,open_alex-09680,dblp,open_alex,true
dblp-49108,open_alex-57295,dblp,open_alex,true
dblp-49182,open_alex-09313,dblp,open_alex,true
dblp-49417,open_alex-17953,dblp,open_alex,true
dblp-49528,open_alex-19864,dblp,open_alex,true
dblp-49547,open_alex-07668,dblp,open_alex,true
dblp-49588,open_alex-29617,dblp,open_alex,true
dblp-49605,open_alex-02503,dblp,open_alex,true
dblp-49736,open_alex-40348,dblp,open_alex,true
dblp-49883,open_alex-36090,dblp,open_alex,true
dblp-50029,open_alex-14614,dblp,open_alex,true
dblp-50030,open_alex-54311,dblp,open_alex,true
dblp-50053,open_alex-34983,dblp,open_alex,true
dblp-50183,open_alex-40627,dblp,open_alex,true
dblp-50219,open_alex-16582,dblp,open_alex,true
dblp-50268,open_alex-40336,dblp,open_alex,true
dblp-50340,open_alex-02883,dblp,open_alex,true
dblp-50429,open_alex-59332,dblp,open_alex,true
dblp-50603,open_alex-16974,dblp,open_alex,true
dblp-50721,open_alex-51220,dblp,open_alex,true
dblp-50761,open_alex-01912,dblp,open_alex,true
dblp-50788,open_alex-04779,dblp,open_alex,true
dblp-50934,open_alex-21308,dblp,open_alex,true
dblp-51055,open_alex-29910,dblp,open_alex,true
dblp-51089,open_alex-29917,dblp,open_alex,true
dblp-51136,open_alex-53279,dblp,open_alex,true
dblp-51170,open_alex-19560,dblp,open_alex,true
dblp-51223,open_alex-16099,dblp,open_alex,true
dblp-51363,open_alex-12200,dblp,open_alex,true
dblp-51454,open_alex-17243,dblp,open_alex,true
dblp-51574,open_alex-38664,dblp,open_alex,true
dblp-51585,open_alex-25303,dblp,open_alex,true
dblp-51675,open_alex-30501,dblp,open_alex,true
dblp-51835,open_alex-00139,dblp,open_alex,true
dblp-51950,open_alex-10015,dblp,open_alex,true
dblp-52001,open_alex-30894,dblp,open_alex,true
dblp-52041,open_alex-43779,dblp,open_alex,true
dblp-52070,open_alex-06992,dblp,open_alex,true
dblp-52097,open_alex-33009,dblp,open_alex,true
dblp-52293,open_alex-54020,dblp,open_alex,true
dblp-52315,open_alex-10555,dblp,open_alex,true
dblp-52367,open_alex-12206,dblp,open_alex,true
dblp-52511,open_alex-52581,dblp,open_alex,true
dblp-52530,open_alex-31579,dblp,open_alex,true
dblp-52556,open_alex-24377,dblp,open_alex,true
dblp-52561,open_alex-10894,dblp,open_alex,true
dblp-52762,open_alex-35540,dblp,open_alex,true
dblp-52891,open_alex-60383,dblp,open_alex,true
dblp-52968,open_alex-08936,dblp,open_alex,true
dblp-53377,open_alex-41041,dblp,open_alex,true
dblp-53778,open_alex-12645,dblp,open_alex,true
dblp-53866,open_alex-34668,dblp,open_alex,true
dblp-53885,open_alex-41670,dblp,open_alex,true
dblp-53964,open_alex-07930,dblp,open_alex,true
dblp-53965,open_alex-33331,dblp,open_alex,true
dblp-54025,open_alex-10081,dblp,open_alex,true
dblp-54027,open_alex-20091,dblp,open_alex,true
dblp-54064,open_alex-10328,dblp,open_alex,true
dblp-54213,open_alex-37885,dblp,open_alex,true
dblp-54313,open_alex-20123,dblp,open_alex,true
dblp-54415,open_alex-20967,dblp,open_alex,true
dblp-54768,open_alex-36620,dblp,open_alex,true
dblp-54794,open_alex-19599,dblp,open_alex,true
dblp-54795,open_alex-19277,dblp,open_alex,true
dblp-54947,open_alex-49208,dblp,open_alex,true
dblp-55052,open_alex-37472,dblp,open_alex,true
dblp-55060,open_alex-29010,dblp,open_alex,true
dblp-55186,open_alex-28774,dblp,open_alex,true
dblp-55311,open_alex-18954,dblp,open_alex,true
dblp-55369,open_alex-01456,dblp,open_alex,true
dblp-55417,open_alex-01020,dblp,open_alex,true
dblp-55482,open_alex-32134,dblp,open_alex,true
dblp-55637,open_alex-15054,dblp,open_alex,true
dblp-55735,open_alex-08492,dblp,open_alex,true
dblp-55801,open_alex-21648,dblp,open_alex,true
dblp-55812,open_alex-25056,dblp,open_alex,true
dblp-55989,open_alex-34528,dblp,open_alex,true
dblp-56053,open_alex-27166,dblp,open_alex,true
dblp-56077,open_alex-56365,dblp,open_alex,true
dblp-56162,open_alex-28932,dblp,open_alex,true
dblp-56202,open_alex-56075,dblp,open_alex,true
dblp-56325,open_alex-54646,dblp,open_alex,true
dblp-56367,open_alex-20881,dblp,open_alex,true
dblp-56374,open_alex-03115,dblp,open_alex,true
dblp-56410,open_alex-15785,dblp,open_alex,true
dblp-56451,open_alex-22305,dblp,open_alex,true
dblp-56458,open_alex-47236,dblp,open_alex,true
dblp-56555,open_alex-03601,dblp,open_alex,true
dblp-56712,open_alex-26722,dblp,open_alex,true
dblp-56833,open_alex-26729,dblp,open_alex,true
dblp-56836,open_alex-15908,dblp,open_alex,true
dblp-56917,open_alex-26606,dblp,open_alex,true
dblp-57041,open_alex-29833,dblp,open_alex,true
dblp-57150,open_alex-27141,dblp,open_alex,true
dblp-57163,open_alex-28359,dblp,open_alex,true
dblp-57194,open_alex-53950,dblp,open_alex,true
dblp-57295,open_alex-03296,dblp,open_alex,true
dblp-57323,open_alex-38768,dblp,open_alex,true
dblp-57432,open_alex-57792,dblp,open_alex,true
dblp-57668,open_alex-27395,dblp,open_alex,true
dblp-57687,open_alex-37512,dblp,open_alex,true
dblp-57824,open_alex-03288,dblp,open_alex,true
dblp-57862,open_alex-10993,dblp,open_alex,true
dblp-57864,open_alex-08713,dblp,open_alex,true
dblp-57890,open_alex-19890,dblp,open_alex,true
dblp-57897,open_alex-39226,dblp,open_alex,true
dblp-58155,open_alex-16846,dblp,open_alex,true
dblp-58269,open_alex-06739,dblp,open_alex,true
dblp-58283,open_alex-54803,dblp,open_alex,true
dblp-58385,open_alex-04699,dblp,open_alex,true
dblp-58508,open_alex-43749,dblp,open_alex,true
dblp-58517,open_alex-32498,dblp,open_alex,true
dblp-58903,open_alex-20506,dblp,open_alex,true
dblp-59010,open_alex-08538,dblp,open_alex,true
dblp-59142,open_alex-59890,dblp,open_alex,true
dblp-59250,open_alex-19454,dblp,open_alex,true
dblp-59366,open_alex-11869,dblp,open_alex,true
dblp-59379,open_alex-15030,dblp,open_alex,true
dblp-59391,open_alex-26822,dblp,open_alex,true
dblp-59622,open_alex-51853,dblp,open_alex,true
dblp-59772,open_alex-46162,dblp,open_alex,true
dblp-59961,open_alex-35412,dblp,open_alex,true
dblp-60110,open_alex-06534,dblp,open_alex,true
dblp-60182,open_alex-44933,dblp,open_alex,true
dblp-60213,open_alex-53953,dblp,open_alex,true
dblp-60251,open_alex-58247,dblp,open_alex,true
dblp-60283,open_alex-39399,dblp,open_alex,true
dblp-60465,open_alex-45953,dblp,open_alex,true
dblp-60492,open_alex-58558,dblp,open_alex,true
dblp-60563,open_alex-09555,dblp,open_alex,true
dblp-00011,open_alex-45907,dblp,open_alex,false
dblp-00031,open_alex-14864,dblp,open_alex,false
dblp-00038,open_alex-34667,dblp,open_alex,false
dblp-00062,open_alex-48471,dblp,open_alex,false
dblp-00084,open_alex-49911,dblp,open_alex,false
dblp-00085,open_alex-18002,dblp,open_alex,false
dblp-00102,open_alex-20912,dblp,open_alex,false
dblp-00120,open_alex-54176,dblp,open_alex,false
dblp-00128,open_alex-06149,dblp,open_alex,false
dblp-00150,open_alex-27512,dblp,open_alex,false
dblp-00217,open_alex-18049,dblp,open_alex,false
dblp-00275,open_alex-29326,dblp,open_alex,false
dblp-00292,open_alex-41312,dblp,open_alex,false
dblp-00310,open_alex-02503,dblp,open_alex,false
dblp-00316,open_alex-28957,dblp,open_alex,false
dblp-00317,open_alex-02769,dblp,open_alex,false
dblp-00391,open_alex-38324,dblp,open_alex,false
dblp-00410,open_alex-53588,dblp,open_alex,false
dblp-00449,open_alex-50875,dblp,open_alex,false
dblp-00455,open_alex-16545,dblp,open_alex,false
dblp-00556,open_alex-40309,dblp,open_alex,false
dblp-00613,open_alex-09320,dblp,open_alex,false
dblp-00640,open_alex-25807,dblp,open_alex,false
dblp-00646,open_alex-52148,dblp,open_alex,false
dblp-00677,open_alex-12539,dblp,open_alex,false
dblp-00679,open_alex-25796,dblp,open_alex,false
dblp-00693,open_alex-34390,dblp,open_alex,false
dblp-00747,open_alex-20194,dblp,open_alex,false
dblp-00754,open_alex-59067,dblp,open_alex,false
dblp-00827,open_alex-38475,dblp,open_alex,false
dblp-00873,open_alex-39704,dblp,open_alex,false
dblp-00881,open_alex-06016,dblp,open_alex,false
dblp-00911,open_alex-07702,dblp,open_alex,false
dblp-00919,open_alex-51490,dblp,open_alex,false
dblp-00926,open_alex-58798,dblp,open_alex,false
dblp-00983,open_alex-12880,dblp,open_alex,false
dblp-01024,open_alex-57195,dblp,open_alex,false
dblp-01025,open_alex-34472,dblp,open_alex,false
dblp-01028,open_alex-55217,dblp,open_alex,false
dblp-01061,open_alex-41737,dblp,open_alex,false
dblp-01063,open_alex-38842,dblp,open_alex,false
dblp-01085,open_alex-32422,dblp,open_alex,false
dblp-01144,open_alex-18291,dblp,open_alex,false
dblp-01205,open_alex-10017,dblp,open_alex,false
dblp-01259,open_alex-08356,dblp,open_alex,false
dblp-01260,open_alex-49725,dblp,open_alex,false
dblp-01282,open_alex-26633,dblp,open_alex,false
dblp-01314,open_alex-23297,dblp,open_alex,false
dblp-01340,open_alex-26078,dblp,open_alex,false
dblp-01347,open_alex-13466,dblp,open_alex,false
dblp-01394,open_alex-07836,dblp,open_alex,false
dblp-01399,open_alex-55334,dblp,open_alex,false
dblp-01433,open_alex-36922,dblp,open_alex,false
dblp-01433,open_alex-38018,dblp,open_alex,false
dblp-01452,open_alex-14070,dblp,open_alex,false
dblp-01474,open_alex-21813,dblp,open_alex,false
dblp-01516,open_alex-20465,dblp,open_alex,false
dblp-01533,open_alex-30975,dblp,open_alex,false
dblp-01654,open_alex-03074,dblp,open_alex,false
dblp-01668,open_alex-15006,dblp,open_alex,false
dblp-01682,open_alex-20100,dblp,open_alex,false
dblp-01692,open_alex-43897,dblp,open_alex,false
dblp-01738,open_alex-46461,dblp,open_alex,false
dblp-01741,open_alex-28243,dblp,open_alex,false
dblp-01741,open_alex-49060,dblp,open_alex,false
dblp-01856,open_alex-17699,dblp,open_alex,false
dblp-01856,open_alex-31672,dblp,open_alex,false
dblp-01867,open_alex-12064,dblp,open_alex,false
dblp-01904,open_alex-04304,dblp,open_alex,false
dblp-01912,open_alex-32908,dblp,open_alex,false
dblp-01912,open_alex-54556,dblp,open_alex,false
dblp-01927,open_alex-40569,dblp,open_alex,false
dblp-01945,open_alex-57004,dblp,open_alex,false
dblp-01959,open_alex-37575,dblp,open_alex,false
dblp-01974,open_alex-13153,dblp,open_alex,false
dblp-01992,open_alex-32035,dblp,open_alex,false
dblp-02005,open_alex-52627,dblp,open_alex,false
dblp-02007,open_alex-07519,dblp,open_alex,false
dblp-02089,open_alex-22741,dblp,open_alex,false
dblp-02129,open_alex-50668,dblp,open_alex,false
dblp-02143,open_alex-15970,dblp,open_alex,false
dblp-02152,open_alex-04810,dblp,open_alex,false
dblp-02166,open_alex-04185,dblp,open_alex,false
dblp-02166,open_alex-35728,dblp,open_alex,false
dblp-02227,open_alex-04212,dblp,open_alex,false
dblp-02239,open_alex-17941,dblp,open_alex,false
dblp-02264,open_alex-51282,dblp,open_alex,false
dblp-02267,open_alex-49300,dblp,open_alex,false
dblp-02278,open_alex-51690,dblp,open_alex,false
dblp-02287,open_alex-05740,dblp,open_alex,false
dblp-02293,open_alex-40027,dblp,open_alex,false
dblp-02322,open_alex-33106,dblp,open_alex,false
dblp-02342,open_alex-39147,dblp,open_alex,false
dblp-02351,open_alex-10883,dblp,open_alex,false
dblp-02405,open_alex-42242,dblp,open_alex,false
dblp-02487,open_alex-39662,dblp,open_alex,false
dblp-02506,open_alex-30946,dblp,open_alex,false
dblp-02530,open_alex-39708,dblp,open_alex,false
dblp-02532,open_alex-14949,dblp,open_alex,false
dblp-02546,open_alex-50104,dblp,open_alex,false
dblp-02569,open_alex-21539,dblp,open_alex,false
dblp-02619,open_alex-46875,dblp,open_alex,false
dblp-02622,open_alex-01144,dblp,open_alex,false
dblp-02639,open_alex-34638,dblp,open_alex,false
dblp-02640,open_alex-16666,dblp,open_alex,false
dblp-02658,open_alex-30754,dblp,open_alex,false
dblp-02700,open_alex-29030,dblp,open_alex,false
dblp-02706,open_alex-56531,dblp,open_alex,false
dblp-02735,open_alex-51065,dblp,open_alex,false
dblp-02744,open_alex-07740,dblp,open_alex,false
dblp-02746,open_alex-35013,dblp,open_alex,false
dblp-02753,open_alex-14315,dblp,open_alex,false
dblp-02757,open_alex-46502,dblp,open_alex,false
dblp-02797,open_alex-26874,dblp,open_alex,false
dblp-02829,open_alex-39724,dblp,open_alex,false
dblp-02857,open_alex-11377,dblp,open_alex,false
dblp-02867,open_alex-09564,dblp,open_alex,false
dblp-02898,open_alex-09258,dblp,open_alex,false
dblp-02945,open_alex-26908,dblp,open_alex,false
dblp-02945,open_alex-48939,dblp,open_alex,false
dblp-03000,open_alex-25665,dblp,open_alex,false
dblp-03053,open_alex-02009,dblp,open_alex,false
dblp-03056,open_alex-29668,dblp,open_alex,false
dblp-03120,open_alex-46985,dblp,open_alex,false
dblp-03163,open_alex-54647,dblp,open_alex,false
dblp-03169,open_alex-35559,dblp,open_alex,false
dblp-03172,open_alex-04984,dblp,open_alex,false
dblp-03193,open_alex-32522,dblp,open_alex,false
dblp-03209,open_alex-41564,dblp,open_alex,false
dblp-03244,open_alex-19407,dblp,open_alex,false
dblp-03352,open_alex-05952,dblp,open_alex,false
dblp-03353,open_alex-51621,dblp,open_alex,false
dblp-03357,open_alex-37672,dblp,open_alex,false
dblp-03357,open_alex-42787,dblp,open_alex,false
dblp-03377,open_alex-09785,dblp,open_alex,false
dblp-03397,open_alex-26185,dblp,open_alex,false
dblp-03418,open_alex-50195,dblp,open_alex,false
dblp-03442,open_alex-22558,dblp,open_alex,false
dblp-03455,open_alex-30679,dblp,open_alex,false
dblp-03485,open_alex-38500,dblp,open_alex,false
dblp-03492,open_alex-10783,dblp,open_alex,false
dblp-03552,open_alex-22905,dblp,open_alex,false
dblp-03566,open_alex-02341,dblp,open_alex,false
dblp-03593,open_alex-15218,dblp,open_alex,false
dblp-03612,open_alex-35419,dblp,open_alex,false
dblp-03613,open_alex-43580,dblp,open_alex,false
dblp-03614,open_alex-40064,dblp,open_alex,false
dblp-03647,open_alex-49791,dblp,open_alex,false
dblp-03647,open_alex-57822,dblp,open_alex,false
dblp-03700,open_alex-05707,dblp,open_alex,false
dblp-03703,open_alex-24840,dblp,open_alex,false
dblp-03730,open_alex-52640,dblp,open_alex,false
dblp-03742,open_alex-10413,dblp,open_alex,false
dblp-03745,open_alex-37149,dblp,open_alex,false
dblp-03758,open_alex-48079,dblp,open_alex,false
dblp-03795,open_alex-29016,dblp,open_alex,false
dblp-03801,open_alex-55036,dblp,open_alex,false
dblp-03860,open_alex-34043,dblp,open_alex,false
dblp-03903,open_alex-18502,dblp,open_alex,false
dblp-04020,open_alex-53961,dblp,open_alex,false
dblp-04024,open_alex-31577,dblp,open_alex,false
dblp-04039,open_alex-33260,dblp,open_alex,false
dblp-04060,open_alex-31393,dblp,open_alex,false
dblp-04126,open_alex-33889,dblp,open_alex,false
dblp-04128,open_alex-34927,dblp,open_alex,false
dblp-04139,open_alex-06948,dblp,open_alex,false
dblp-04140,open_alex-53371,dblp,open_alex,false
dblp-04183,open_alex-08501,dblp,open_alex,false
dblp-04196,open_alex-18609,dblp,open_alex,false
dblp-04235,open_alex-58247,dblp,open_alex,false
dblp-04251,open_alex-21090,dblp,open_alex,false
dblp-04258,open_alex-40496,dblp,open_alex,false
dblp-04296,open_alex-59251,dblp,open_alex,false
dblp-04304,open_alex-38906,dblp,open_alex,false
dblp-04308,open_alex-10791,dblp,open_alex,false
dblp-04326,open_alex-34774,dblp,open_alex,false
dblp-04336,open_alex-46863,dblp,open_alex,false
dblp-04400,open_alex-47704,dblp,open_alex,false
dblp-04410,open_alex-06140,dblp,open_alex,false
dblp-04428,open_alex-15462,dblp,open_alex,false
dblp-04450,open_alex-34826,dblp,open_alex,false
dblp-04466,open_alex-07905,dblp,open_alex,false
dblp-04483,open_alex-31841,dblp,open_alex,false
dblp-04490,open_alex-02068,dblp,open_alex,false
dblp-04490,open_alex-12498,dblp,open_alex,false
dblp-04537,open_alex-03027,dblp,open_alex,false
dblp-04626,open_alex-20459,dblp,open_alex,false
dblp-04635,open_alex-41683,dblp,open_alex,false
dblp-04717,open_alex-05198,dblp,open_alex,false
dblp-04720,open_alex-09182,dblp,open_alex,false
dblp-04736,open_alex-43737,dblp,open_alex,false
dblp-04770,open_alex-15020,dblp,open_alex,false
dblp-04770,open_alex-21860,dblp,open_alex,false
dblp-04776,open_alex-01517,dblp,open_alex,false
dblp-04832,open_alex-44558,dblp,open_alex,false
dblp-04832,open_alex-49905,dblp,open_alex,false
dblp-04852,open_alex-28989,dblp,open_alex,false
dblp-04859,open_alex-60676,dblp,open_alex,false
dblp-04871,open_alex-45030,dblp,open_alex,false
dblp-04878,open_alex-16062,dblp,open_alex,false
dblp-04961,open_alex-54608,dblp,open_alex,false
dblp-04981,open_alex-08903,dblp,open_alex,false
dblp-04987,open_alex-20262,dblp,open_alex,false
dblp-05106,open_alex-23390,dblp,open_alex,false
dblp-05137,open_alex-31072,dblp,open_alex,false
dblp-05163,open_alex-14906,dblp,open_alex,false
dblp-05200,open_alex-33261,dblp,open_alex,false
dblp-05292,open_alex-12754,dblp,open_alex,false
dblp-05301,open_alex-57308,dblp,open_alex,false
dblp-05327,open_alex-41041,dblp,open_alex,false
dblp-05332,open_alex-46292,dblp,open_alex,false
dblp-05340,open_alex-16888,dblp,open_alex,false
dblp-05394,open_alex-11337,dblp,open_alex,false
dblp-05428,open_alex-38184,dblp,open_alex,false
dblp-05455,open_alex-34868,dblp,open_alex,false
dblp-05500,open_alex-42900,dblp,open_alex,false
dblp-05503,open_alex-15387,dblp,open_alex,false
dblp-05513,open_alex-43828,dblp,open_alex,false
dblp-05548,open_alex-11276,dblp,open_alex,false
dblp-05564,open_alex-02922,dblp,open_alex,false
dblp-05578,open_alex-59217,dblp,open_alex,false
dblp-05613,open_alex-34291,dblp,open_alex,false
dblp-05652,open_alex-40671,dblp,open_alex,false
dblp-05658,open_alex-19892,dblp,open_alex,false
dblp-05678,open_alex-18649,dblp,open_alex,false
dblp-05678,open_alex-30516,dblp,open_alex,false
dblp-05692,open_alex-40737,dblp,open_alex,false
dblp-05739,open_alex-43941,dblp,open_alex,false
dblp-05747,open_alex-04156,dblp,open_alex,false
dblp-05749,open_alex-51315,dblp,open_alex,false
dblp-05757,open_alex-13274,dblp,open_alex,false
dblp-05775,open_alex-11508,dblp,open_alex,false
dblp-05778,open_alex-17537,dblp,open_alex,false
dblp-05785,open_alex-52848,dblp,open_alex,false
dblp-05816,open_alex-20928,dblp,open_alex,false
dblp-05824,open_alex-26571,dblp,open_alex,false
dblp-05841,open_alex-04405,dblp,open_alex,false
dblp-05860,open_alex-16099,dblp,open_alex,false
dblp-05955,open_alex-49408,dblp,open_alex,false
dblp-05985,open_alex-39173,dblp,open_alex,false
dblp-06020,open_alex-48953,dblp,open_alex,false
dblp-06035,open_alex-31485,dblp,open_alex,false
dblp-06046,open_alex-48969,dblp,open_alex,false
dblp-06120,open_alex-25513,dblp,open_alex,false
dblp-06128,open_alex-06926,dblp,open_alex,false
dblp-06149,open_alex-54921,dblp,open_alex,false
dblp-06199,open_alex-31004,dblp,open_alex,false
dblp-06216,open_alex-47900,dblp,open_alex,false
dblp-06217,open_alex-14524,dblp,open_alex,false
dblp-06223,open_alex-03938,dblp,open_alex,false
dblp-06230,open_alex-32944,dblp,open_alex,false
dblp-06234,open_alex-32438,dblp,open_alex,false
dblp-06249,open_alex-47310,dblp,open_alex,false
dblp-06267,open_alex-28200,dblp,open_alex,false
dblp-06322,open_alex-49073,dblp,open_alex,false
dblp-06338,open_alex-60146,dblp,open_alex,false
dblp-06357,open_alex-29135,dblp,open_alex,false
dblp-06363,open_alex-19860,dblp,open_alex,false
dblp-06377,open_alex-31352,dblp,open_alex,false
dblp-06429,open_alex-11305,dblp,open_alex,false
dblp-06455,open_alex-60702,dblp,open_alex,false
dblp-06456,open_alex-48440,dblp,open_alex,false
dblp-06463,open_alex-57595,dblp,open_alex,false
dblp-06488,open_alex-11903,dblp,open_alex,false
dblp-06489,open_alex-05488,dblp,open_alex,false
dblp-06537,open_alex-33531,dblp,open_alex,false
dblp-06537,open_alex-34428,dblp,open_alex,false
dblp-06578,open_alex-11505,dblp,open_alex,false
dblp-06621,open_alex-52944,dblp,open_alex,false
dblp-06652,open_alex-26297,dblp,open_alex,false
dblp-06699,open_alex-42163,dblp,open_alex,false
dblp-06728,open_alex-27709,dblp,open_alex,false
dblp-06746,open_alex-19811,dblp,open_alex,false
dblp-06757,open_alex-13097,dblp,open_alex,false
dblp-06807,open_alex-57338,dblp,open_alex,false
dblp-06814,open_alex-57399,dblp,open_alex,false
dblp-06864,open_alex-10320,dblp,open_alex,false
dblp-06885,open_alex-31679,dblp,open_alex,false
dblp-06983,open_alex-36861,dblp,open_alex,false
dblp-06992,open_alex-45076,dblp,open_alex,false
dblp-07055,open_alex-18086,dblp,open_alex,false
dblp-07091,open_alex-60641,dblp,open_alex,false
dblp-07133,open_alex-08359,dblp,open_alex,false
dblp-07137,open_alex-32357,dblp,open_alex,false
dblp-07195,open_alex-32318,dblp,open_alex,false
dblp-07299,open_alex-25317,dblp,open_alex,false
dblp-07307,open_alex-01057,dblp,open_alex,false
dblp-07316,open_alex-48652,dblp,open_alex,false
dblp-07365,open_alex-49777,dblp,open_alex,false
dblp-07420,open_alex-58047,dblp,open_alex,false
dblp-07458,open_alex-12610,dblp,open_alex,false
dblp-07474,open_alex-57499,dblp,open_alex,false
dblp-07497,open_alex-16003,dblp,open_alex,false
dblp-07510,open_alex-55334,dblp,open_alex,false
dblp-07536,open_alex-45573,dblp,open_alex,false
dblp-07550,open_alex-52264,dblp,open_alex,false
dblp-07555,open_alex-15695,dblp,open_alex,false
dblp-07557,open_alex-44086,dblp,open_alex,false
dblp-07606,open_alex-39787,dblp,open_alex,false
dblp-07650,open_alex-13167,dblp,open_alex,false
dblp-07670,open_alex-42666,dblp,open_alex,false
dblp-07705,open_alex-35553,dblp,open_alex,false
dblp-07712,open_alex-58086,dblp,open_alex,false
dblp-07719,open_alex-37721,dblp,open_alex,false
dblp-07725,open_alex-09456,dblp,open_alex,false
dblp-07757,open_alex-31611,dblp,open_alex,false
dblp-07826,open_alex-58290,dblp,open_alex,false
dblp-07842,open_alex-01259,dblp,open_alex,false
dblp-07997,open_alex-55428,dblp,open_alex,false
dblp-08019,open_alex-54304,dblp,open_alex,false
dblp-08034,open_alex-40726,dblp,open_alex,false
dblp-08054,open_alex-02414,dblp,open_alex,false
dblp-08092,open_alex-00960,dblp,open_alex,false
dblp-08093,open_alex-34183,dblp,open_alex,false
dblp-08122,open_alex-08710,dblp,open_alex,false
dblp-08197,open_alex-22206,dblp,open_alex,false
dblp-08214,open_alex-30967,dblp,open_alex,false
dblp-08220,open_alex-44437,dblp,open_alex,false
dblp-08220,open_alex-52106,dblp,open_alex,false
dblp-08279,open_alex-07893,dblp,open_alex,false
dblp-08296,open_alex-17701,dblp,open_alex,false
dblp-08360,open_alex-42128,dblp,open_alex,false
dblp-08360,open_alex-42708,dblp,open_alex,false
dblp-08400,open_alex-17281,dblp,open_alex,false
dblp-08402,open_alex-21444,dblp,open_alex,false
dblp-08402,open_alex-34561,dblp,open_alex,false
dblp-08410,open_alex-53225,dblp,open_alex,false
dblp-08455,open_alex-57376,dblp,open_alex,false
dblp-08478,open_alex-54339,dblp,open_alex,false
dblp-08479,open_alex-01035,dblp,open_alex,false
dblp-08580,open_alex-43449,dblp,open_alex,false
dblp-08652,open_alex-35872,dblp,open_alex,false
dblp-08684,open_alex-51278,dblp,open_alex,false
dblp-08707,open_alex-59512,dblp,open_alex,false
dblp-08731,open_alex-27438,dblp,open_alex,false
dblp-08741,open_alex-51318,dblp,open_alex,false
dblp-08755,open_alex-54809,dblp,open_alex,false
dblp-08809,open_alex-38320,dblp,open_alex,false
dblp-08824,open_alex-10429,dblp,open_alex,false
dblp-08824,open_alex-30504,dblp,open_alex,false
dblp-08830,open_alex-29824,dblp,open_alex,false
dblp-08830,open_alex-30514,dblp,open_alex,false
dblp-08845,open_alex-03160,dblp,open_alex,false
dblp-08845,open_alex-36604,dblp,open_alex,false
dblp-08857,open_alex-12620,dblp,open_alex,false
dblp-08860,open_alex-11237,dblp,open_alex,false
dblp-08878,open_alex-11128,dblp,open_alex,false
dblp-08893,open_alex-14362,dblp,open_alex,false
dblp-08903,open_alex-54164,dblp,open_alex,false
dblp-08910,open_alex-38476,dblp,open_alex,false
dblp-08969,open_alex-16469,dblp,open_alex,false
dblp-09021,open_alex-43435,dblp,open_alex,false
dblp-09087,open_alex-16467,dblp,open_alex,false
dblp-09136,open_alex-20970,dblp,open_alex,false
dblp-09202,open_alex-33098,dblp,open_alex,false
dblp-09225,open_alex-28978,dblp,open_alex,false
dblp-09225,open_alex-35882,dblp,open_alex,false
dblp-09242,open_alex-28729,dblp,open_alex,false
dblp-09242,open_alex-48157,dblp,open_alex,false
dblp-09266,open_alex-27934,dblp,open_alex,false
dblp-09324,open_alex-48057,dblp,open_alex,false
dblp-09349,open_alex-43773,dblp,open_alex,false
dblp-09352,open_alex-26652,dblp,open_alex,false
dblp-09365,open_alex-05897,dblp,open_alex,false
dblp-09370,open_alex-29544,dblp,open_alex,false
dblp-09373,open_alex-55870,dblp,open_alex,false
dblp-09412,open_alex-56473,dblp,open_alex,false
dblp-09419,open_alex-54602,dblp,open_alex,false
dblp-09469,open_alex-49445,dblp,open_alex,false
dblp-09482,open_alex-45970,dblp,open_alex,false
dblp-09502,open_alex-25440,dblp,open_alex,false
dblp-09534,open_alex-26157,dblp,open_alex,false
dblp-09554,open_alex-02652,dblp,open_alex,false
dblp-09565,open_alex-09625,dblp,open_alex,false
dblp-09572,open_alex-47437,dblp,open_alex,false
dblp-09573,open_alex-15806,dblp,open_alex,false
dblp-09573,open_alex-29136,dblp,open_alex,false
dblp-09592,open_alex-42846,dblp,open_alex,false
dblp-09696,open_alex-60396,dblp,open_alex,false
dblp-09790,open_alex-24775,dblp,open_alex,false
dblp-09861,open_alex-06923,dblp,open_alex,false
dblp-09899,open_alex-58104,dblp,open_alex,false
dblp-09905,open_alex-55186,dblp,open_alex,false
dblp-09924,open_alex-55744,dblp,open_alex,false
dblp-09970,open_alex-49644,dblp,open_alex,false
dblp-09970,open_alex-54284,dblp,open_alex,false
dblp-09977,open_alex-39406,dblp,open_alex,false
dblp-09981,open_alex-10814,dblp,open_alex,false
dblp-10013,open_alex-02235,dblp,open_alex,false
dblp-10036,open_alex-26156,dblp,open_alex,false
dblp-10045,open_alex-12168,dblp,open_alex,false
dblp-10087,open_alex-59817,dblp,open_alex,false
dblp-10113,open_alex-33564,dblp,open_alex,false
dblp-10114,open_alex-10187,dblp,open_alex,false
dblp-10157,open_alex-34415,dblp,open_alex,false
dblp-10175,open_alex-44257,dblp,open_alex,false
dblp-10178,open_alex-08256,dblp,open_alex,false
dblp-10192,open_alex-05011,dblp,open_alex,false
dblp-10219,open_alex-21987,dblp,open_alex,false
dblp-10221,open_alex-29552,dblp,open_alex,false
dblp-10289,open_alex-26635,dblp,open_alex,false
dblp-10290,open_alex-54305,dblp,open_alex,false
dblp-10342,open_alex-42827,dblp,open_alex,false
dblp-10354,open_alex-10415,dblp,open_alex,false
dblp-10370,open_alex-11658,dblp,open_alex,false
dblp-10407,open_alex-28358,dblp,open_alex,false
dblp-10414,open_alex-60273,dblp,open_alex,false
dblp-10441,open_alex-36974,dblp,open_alex,false
dblp-10466,open_alex-47815,dblp,open_alex,false
dblp-10480,open_alex-52895,dblp,open_alex,false
dblp-10509,open_alex-40509,dblp,open_alex,false
dblp-10577,open_alex-49338,dblp,open_alex,false
dblp-10620,open_alex-42912,dblp,open_alex,false
dblp-10669,open_alex-59449,dblp,open_alex,false
dblp-10741,open_alex-56221,dblp,open_alex,false
dblp-10834,open_alex-38491,dblp,open_alex,false
dblp-10836,open_alex-02189,dblp,open_alex,false
dblp-10884,open_alex-57312,dblp,open_alex,false
dblp-10894,open_alex-23475,dblp,open_alex,false
dblp-10951,open_alex-60273,dblp,open_alex,false
dblp-10980,open_alex-20368,dblp,open_alex,false
dblp-10984,open_alex-08530,dblp,open_alex,false
dblp-10993,open_alex-57562,dblp,open_alex,false
dblp-11000,open_alex-31985,dblp,open_alex,false
dblp-11011,open_alex-00451,dblp,open_alex,false
dblp-11030,open_alex-00744,dblp,open_alex,false
dblp-11054,open_alex-19795,dblp,open_alex,false
dblp-11166,open_alex-14402,dblp,open_alex,false
dblp-11169,open_alex-07781,dblp,open_alex,false
dblp-11198,open_alex-50836,dblp,open_alex,false
dblp-11209,open_alex-20186,dblp,open_alex,false
dblp-11210,open_alex-33597,dblp,open_alex,false
dblp-11210,open_alex-42985,dblp,open_alex,false
dblp-11222,open_alex-40798,dblp,open_alex,false
dblp-11235,open_alex-37674,dblp,open_alex,false
dblp-11245,open_alex-31057,dblp,open_alex,false
dblp-11252,open_alex-60380,dblp,open_alex,false
dblp-11290,open_alex-25840,dblp,open_alex,false
dblp-11296,open_alex-10040,dblp,open_alex,false
dblp-11299,open_alex-15122,dblp,open_alex,false
dblp-11361,open_alex-34967,dblp,open_alex,false
dblp-11375,open_alex-02714,dblp,open_alex,false
dblp-11377,open_alex-23654,dblp,open_alex,false
dblp-11417,open_alex-57150,dblp,open_alex,false
dblp-11452,open_alex-36924,dblp,open_alex,false
dblp-11474,open_alex-54918,dblp,open_alex,false
dblp-11550,open_alex-12480,dblp,open_alex,false
dblp-11558,open_alex-10168,dblp,open_alex,false
dblp-11623,open_alex-02380,dblp,open_alex,false
dblp-11625,open_alex-59299,dblp,open_alex,false
dblp-11708,open_alex-03411,dblp,open_alex,false
dblp-11708,open_alex-33317,dblp,open_alex,false
dblp-11765,open_alex-16474,dblp,open_alex,false
dblp-11765,open_alex-26075,dblp,open_alex,false
dblp-11769,open_alex-58476,dblp,open_alex,false
dblp-11775,open_alex-07484,dblp,open_alex,false
dblp-11793,open_alex-23861,dblp,open_alex,false
dblp-11813,open_alex-44341,dblp,open_alex,false
dblp-11827,open_alex-52106,dblp,open_alex,false
dblp-11850,open_alex-46964,dblp,open_alex,false
dblp-11923,open_alex-01090,dblp,open_alex,false
dblp-11947,open_alex-34035,dblp,open_alex,false
dblp-11981,open_alex-45845,dblp,open_alex,false
dblp-12024,open_alex-41826,dblp,open_alex,false
dblp-12035,open_alex-36371,dblp,open_alex,false
dblp-12038,open_alex-42135,dblp,open_alex,false
dblp-12049,open_alex-29880,dblp,open_alex,false
dblp-12050,open_alex-07125,dblp,open_alex,false
dblp-12110,open_alex-42580,dblp,open_alex,false
dblp-12111,open_alex-09526,dblp,open_alex,false
dblp-12153,open_alex-34144,dblp,open_alex,false
dblp-12163,open_alex-30033,dblp,open_alex,false
dblp-12217,open_alex-58303,dblp,open_alex,false
dblp-12233,open_alex-41583,dblp,open_alex,false
dblp-12247,open_alex-14970,dblp,open_alex,false
dblp-12266,open_alex-08246,dblp,open_alex,false
dblp-12284,open_alex-07625,dblp,open_alex,false
dblp-12308,open_alex-24910,dblp,open_alex,false
dblp-12347,open_alex-18943,dblp,open_alex,false
dblp-12371,open_alex-26237,dblp,open_alex,false
dblp-12396,open_alex-26664,dblp,open_alex,false
dblp-12408,open_alex-02028,dblp,open_alex,false
dblp-12421,open_alex-43422,dblp,open_alex,false
dblp-12483,open_alex-01394,dblp,open_alex,false
dblp-12531,open_alex-45576,dblp,open_alex,false
dblp-12535,open_alex-33261,dblp,open_alex,false
dblp-12557,open_alex-45856,dblp,open_alex,false
dblp-12592,open_alex-14127,dblp,open_alex,false
dblp-12617,open_alex-50170,dblp,open_alex,false
dblp-12621,open_alex-02390,dblp,open_alex,false
dblp-12654,open_alex-49685,dblp,open_alex,false
dblp-12655,open_alex-06126,dblp,open_alex,false
dblp-12671,open_alex-07316,dblp,open_alex,false
dblp-12691,open_alex-08729,dblp,open_alex,false
dblp-12753,open_alex-42930,dblp,open_alex,false
dblp-12790,open_alex-40681,dblp,open_alex,false
dblp-12790,open_alex-40819,dblp,open_alex,false
dblp-12843,open_alex-52093,dblp,open_alex,false
dblp-12859,open_alex-26864,dblp,open_alex,false
dblp-12862,open_alex-30726,dblp,open_alex,false
dblp-12868,open_alex-02245,dblp,open_alex,false
dblp-12898,open_alex-44093,dblp,open_alex,false
dblp-12899,open_alex-32798,dblp,open_alex,false
dblp-12904,open_alex-09097,dblp,open_alex,false
dblp-13018,open_alex-29626,dblp,open_alex,false
dblp-13024,open_alex-34918,dblp,open_alex,false
dblp-13044,open_alex-03094,dblp,open_alex,false
dblp-13108,open_alex-19967,dblp,open_alex,false
dblp-13124,open_alex-25922,dblp,open_alex,false
dblp-13126,open_alex-46039,dblp,open_alex,false
dblp-13160,open_alex-42837,dblp,open_alex,false
dblp-13181,open_alex-31788,dblp,open_alex,false
dblp-13202,open_alex-54997,dblp,open_alex,false
dblp-13260,open_alex-30594,dblp,open_alex,false
dblp-13277,open_alex-46844,dblp,open_alex,false
dblp-13290,open_alex-44457,dblp,open_alex,false
dblp-13356,open_alex-55815,dblp,open_alex,false
dblp-13371,open_alex-58861,dblp,open_alex,false
dblp-13475,open_alex-59217,dblp,open_alex,false
dblp-13504,open_alex-44715,dblp,open_alex,false
dblp-13504,open_alex-60603,dblp,open_alex,false
dblp-13520,open_alex-59025,dblp,open_alex,false
dblp-13551,open_alex-11403,dblp,open_alex,false
dblp-13556,open_alex-57443,dblp,open_alex,false
dblp-13577,open_alex-25887,dblp,open_alex,false
dblp-13592,open_alex-42380,dblp,open_alex,false
dblp-13593,open_alex-01647,dblp,open_alex,false
dblp-13594,open_alex-15787,dblp,open_alex,false
dblp-13611,open_alex-12590,dblp,open_alex,false
dblp-13611,open_alex-20408,dblp,open_alex,false
dblp-13616,open_alex-09531,dblp,open_alex,false
dblp-13648,open_alex-34086,dblp,open_alex,false
dblp-13658,open_alex-27205,dblp,open_alex,false
dblp-13692,open_alex-11891,dblp,open_alex,false
dblp-13694,open_alex-05327,dblp,open_alex,false
dblp-13705,open_alex-28042,dblp,open_alex,false
dblp-13714,open_alex-08487,dblp,open_alex,false
dblp-13823,open_alex-33812,dblp,open_alex,false
dblp-13846,open_alex-43998,dblp,open_alex,false
dblp-13862,open_alex-26319,dblp,open_alex,false
dblp-13896,open_alex-43413,dblp,open_alex,false
dblp-13916,open_alex-59449,dblp,open_alex,false
dblp-13926,open_alex-39079,dblp,open_alex,false
dblp-13927,open_alex-33450,dblp,open_alex,false
dblp-13952,open_alex-40413,dblp,open_alex,false
dblp-13969,open_alex-20479,dblp,open_alex,false
dblp-14003,open_alex-27708,dblp,open_alex,false
dblp-14036,open_alex-57450,dblp,open_alex,false
dblp-14097,open_alex-23079,dblp,open_alex,false
dblp-14102,open_alex-26328,dblp,open_alex,false
dblp-14102,open_alex-43996,dblp,open_alex,false
dblp-14115,open_alex-38579,dblp,open_alex,false
dblp-14125,open_alex-40543,dblp,open_alex,false
dblp-14125,open_alex-40552,dblp,open_alex,false
dblp-14127,open_alex-23186,dblp,open_alex,false
dblp-14144,open_alex-49379,dblp,open_alex,false
dblp-14152,open_alex-36973,dblp,open_alex,false
dblp-14187,open_alex-35522,dblp,open_alex,false
dblp-14240,open_alex-14548,dblp,open_alex,false
dblp-14309,open_alex-08501,dblp,open_alex,false
dblp-14310,open_alex-39060,dblp,open_alex,false
dblp-14312,open_alex-56765,dblp,open_alex,false
dblp-14321,open_alex-45970,dblp,open_alex,false
dblp-14328,open_alex-33041,dblp,open_alex,false
dblp-14400,open_alex-24992,dblp,open_alex,false
dblp-14427,open_alex-38586,dblp,open_alex,false
dblp-14458,open_alex-25056,dblp,open_alex,false
dblp-14539,open_alex-52033,dblp,open_alex,false
dblp-14546,open_alex-08847,dblp,open_alex,false
dblp-14546,open_alex-28364,dblp,open_alex,false
dblp-14593,open_alex-35206,dblp,open_alex,false
dblp-14611,open_alex-52820,dblp,open_alex,false
dblp-14613,open_alex-18357,dblp,open_alex,false
dblp-14660,open_alex-26840,dblp,open_alex,false
dblp-14701,open_alex-19052,dblp,open_alex,false
dblp-14757,open_alex-01747,dblp,open_alex,false
dblp-14761,open_alex-03653,dblp,open_alex,false
dblp-14803,open_alex-45305,dblp,open_alex,false
dblp-14813,open_alex-56094,dblp,open_alex,false
dblp-14819,open_alex-29606,dblp,open_alex,false
dblp-14861,open_alex-13104,dblp,open_alex,false
dblp-14905,open_alex-13425,dblp,open_alex,false
dblp-14907,open_alex-12669,dblp,open_alex,false
dblp-14926,open_alex-39022,dblp,open_alex,false
dblp-14942,open_alex-22334,dblp,open_alex,false
dblp-14942,open_alex-40887,dblp,open_alex,false
dblp-14960,open_alex-28320,dblp,open_alex,false
dblp-14976,open_alex-52852,dblp,open_alex,false
dblp-14979,open_alex-48841,dblp,open_alex,false
dblp-14979,open_alex-51949,dblp,open_alex,false
dblp-15007,open_alex-58514,dblp,open_alex,false
dblp-15035,open_alex-55538,dblp,open_alex,false
dblp-15046,open_alex-35955,dblp,open_alex,false
dblp-15058,open_alex-11847,dblp,open_alex,false
dblp-15058,open_alex-56202,dblp,open_alex,false
dblp-15079,open_alex-23783,dblp,open_alex,false
dblp-15093,open_alex-02899,dblp,open_alex,false
dblp-15093,open_alex-21374,dblp,open_alex,false
dblp-15097,open_alex-45319,dblp,open_alex,false
dblp-15099,open_alex-10722,dblp,open_alex,false
dblp-15110,open_alex-39146,dblp,open_alex,false
dblp-15143,open_alex-08800,dblp,open_alex,false
dblp-15165,open_alex-48095,dblp,open_alex,false
dblp-15204,open_alex-59354,dblp,open_alex,false
dblp-15257,open_alex-19345,dblp,open_alex,false
dblp-15280,open_alex-17267,dblp,open_alex,false
dblp-15306,open_alex-29699,dblp,open_alex,false
dblp-15306,open_alex-60322,dblp,open_alex,false
dblp-15316,open_alex-09037,dblp,open_alex,false
dblp-15394,open_alex-26645,dblp,open_alex,false
dblp-15462,open_alex-37189,dblp,open_alex,false
dblp-15477,open_alex-19599,dblp,open_alex,false
dblp-15509,open_alex-45630,dblp,open_alex,false
dblp-15571,open_alex-04100,dblp,open_alex,false
dblp-15610,open_alex-20332,dblp,open_alex,false
dblp-15612,open_alex-27174,dblp,open_alex,false
dblp-15643,open_alex-30812,dblp,open_alex,false
dblp-15652,open_alex-35856,dblp,open_alex,false
dblp-15687,open_alex-29959,dblp,open_alex,false
dblp-15712,open_alex-00084,dblp,open_alex,false
dblp-15712,open_alex-05557,dblp,open_alex,false
dblp-15724,open_alex-26001,dblp,open_alex,false
dblp-15731,open_alex-47413,dblp,open_alex,false
dblp-15738,open_alex-55942,dblp,open_alex,false
dblp-15741,open_alex-08592,dblp,open_alex,false
dblp-15771,open_alex-37112,dblp,open_alex,false
dblp-15796,open_alex-10117,dblp,open_alex,false
dblp-15796,open_alex-56831,dblp,open_alex,false
dblp-15832,open_alex-47592,dblp,open_alex,false
dblp-15841,open_alex-43780,dblp,open_alex,false
dblp-15897,open_alex-23343,dblp,open_alex,false
dblp-16013,open_alex-07929,dblp,open_alex,false
dblp-16017,open_alex-29507,dblp,open_alex,false
dblp-16056,open_alex-44606,dblp,open_alex,false
dblp-16064,open_alex-46162,dblp,open_alex,false
dblp-16084,open_alex-55732,dblp,open_alex,false
dblp-16088,open_alex-24764,dblp,open_alex,false
dblp-16100,open_alex-45477,dblp,open_alex,false
dblp-16123,open_alex-54954,dblp,open_alex,false
dblp-16141,open_alex-15188,dblp,open_alex,false
dblp-16227,open_alex-28322,dblp,open_alex,false
dblp-16240,open_alex-33666,dblp,open_alex,false
dblp-16268,open_alex-39086,dblp,open_alex,false
dblp-16272,open_alex-02712,dblp,open_alex,false
dblp-16317,open_alex-34415,dblp,open_alex,false
dblp-16318,open_alex-50908,dblp,open_alex,false
dblp-16329,open_alex-08993,dblp,open_alex,false
dblp-16341,open_alex-32896,dblp,open_alex,false
dblp-16344,open_alex-21978,dblp,open_alex,false
dblp-16357,open_alex-52399,dblp,open_alex,false
dblp-16418,open_alex-27031,dblp,open_alex,false
dblp-16444,open_alex-01781,dblp,open_alex,false
dblp-16460,open_alex-57437,dblp,open_alex,false
dblp-16515,open_alex-56848,dblp,open_alex,false
dblp-16543,open_alex-00523,dblp,open_alex,false
dblp-16549,open_alex-08808,dblp,open_alex,false
dblp-16561,open_alex-35642,dblp,open_alex,false
dblp-16583,open_alex-48301,dblp,open_alex,false
dblp-16643,open_alex-39566,dblp,open_alex,false
dblp-16666,open_alex-45090,dblp,open_alex,false
dblp-16677,open_alex-07267,dblp,open_alex,false
dblp-16697,open_alex-48056,dblp,open_alex,false
dblp-16732,open_alex-42708,dblp,open_alex,false
dblp-16734,open_alex-15538,dblp,open_alex,false
dblp-16742,open_alex-33047,dblp,open_alex,false
dblp-16770,open_alex-38731,dblp,open_alex,false
dblp-16831,open_alex-24301,dblp,open_alex,false
dblp-16844,open_alex-30894,dblp,open_alex,false
dblp-16844,open_alex-52868,dblp,open_alex,false
dblp-16868,open_alex-30594,dblp,open_alex,false
dblp-16870,open_alex-33874,dblp,open_alex,false
dblp-16880,open_alex-17722,dblp,open_alex,false
dblp-16880,open_alex-39053,dblp,open_alex,false
dblp-16899,open_alex-22812,dblp,open_alex,false
dblp-16902,open_alex-22305,dblp,open_alex,false
dblp-16927,open_alex-04156,dblp,open_alex,false
dblp-16993,open_alex-04086,dblp,open_alex,false
dblp-17004,open_alex-47436,dblp,open_alex,false
dblp-17020,open_alex-26054,dblp,open_alex,false
dblp-17023,open_alex-02477,dblp,open_alex,false
dblp-17028,open_alex-16503,dblp,open_alex,false
dblp-17149,open_alex-34143,dblp,open_alex,false
dblp-17155,open_alex-27437,dblp,open_alex,false
dblp-17191,open_alex-01978,dblp,open_alex,false
dblp-17213,open_alex-01030,dblp,open_alex,false
dblp-17233,open_alex-60582,dblp,open_alex,false
dblp-17255,open_alex-35816,dblp,open_alex,false
dblp-17271,open_alex-45111,dblp,open_alex,false
dblp-17294,open_alex-27090,dblp,open_alex,false
dblp-17324,open_alex-15705,dblp,open_alex,false
dblp-17424,open_alex-21931,dblp,open_alex,false
dblp-17424,open_alex-43579,dblp,open_alex,false
dblp-17460,open_alex-12233,dblp,open_alex,false
dblp-17491,open_alex-22646,dblp,open_alex,false
dblp-17496,open_alex-27783,dblp,open_alex,false
dblp-17617,open_alex-40822,dblp,open_alex,false
dblp-17652,open_alex-17863,dblp,open_alex,false
dblp-17668,open_alex-23808,dblp,open_alex,false
dblp-17692,open_alex-57979,dblp,open_alex,false
dblp-17705,open_alex-01235,dblp,open_alex,false
dblp-17730,open_alex-19951,dblp,open_alex,false
dblp-17782,open_alex-36500,dblp,open_alex,false
dblp-17811,open_alex-13451,dblp,open_alex,false
dblp-17813,open_alex-37399,dblp,open_alex,false
dblp-17831,open_alex-26753,dblp,open_alex,false
dblp-17902,open_alex-37672,dblp,open_alex,false
dblp-17972,open_alex-00948,dblp,open_alex,false
dblp-17981,open_alex-37050,dblp,open_alex,false
dblp-18012,open_alex-17395,dblp,open_alex,false
dblp-18012,open_alex-42536,dblp,open_alex,false
dblp-18022,open_alex-10769,dblp,open_alex,false
dblp-18044,open_alex-41530,dblp,open_alex,false
dblp-18046,open_alex-31321,dblp,open_alex,false
dblp-18069,open_alex-22374,dblp,open_alex,false
dblp-18117,open_alex-14624,dblp,open_alex,false
dblp-18127,open_alex-05582,dblp,open_alex,false
dblp-18139,open_alex-43207,dblp,open_alex,false
dblp-18173,open_alex-21132,dblp,open_alex,false
dblp-18192,open_alex-44318,dblp,open_alex,false
dblp-18208,open_alex-11126,dblp,open_alex,false
dblp-18210,open_alex-17537,dblp,open_alex,false
dblp-18273,open_alex-10915,dblp,open_alex,false
dblp-18289,open_alex-41130,dblp,open_alex,false
dblp-18295,open_alex-19308,dblp,open_alex,false
dblp-18314,open_alex-52341,dblp,open_alex,false
dblp-18315,open_alex-48762,dblp,open_alex,false
dblp-18364,open_alex-07955,dblp,open_alex,false
dblp-18372,open_alex-06434,dblp,open_alex,false
dblp-18373,open_alex-02189,dblp,open_alex,false
dblp-18373,open_alex-19320,dblp,open_alex,false
dblp-18397,open_alex-00253,dblp,open_alex,false
dblp-18432,open_alex-20888,dblp,open_alex,false
dblp-18529,open_alex-08160,dblp,open_alex,false
dblp-18530,open_alex-51652,dblp,open_alex,false
dblp-18571,open_alex-08971,dblp,open_alex,false
dblp-18596,open_alex-09002,dblp,open_alex,false
dblp-18694,open_alex-04570,dblp,open_alex,false
dblp-18696,open_alex-22708,dblp,open_alex,false
dblp-18737,open_alex-42231,dblp,open_alex,false
dblp-18760,open_alex-53201,dblp,open_alex,false
dblp-18775,open_alex-45542,dblp,open_alex,false
dblp-18779,open_alex-36815,dblp,open_alex,false
dblp-18780,open_alex-09532,dblp,open_alex,false
dblp-18786,open_alex-23933,dblp,open_alex,false
dblp-18796,open_alex-04350,dblp,open_alex,false
dblp-18798,open_alex-08897,dblp,open_alex,false
dblp-18828,open_alex-05992,dblp,open_alex,false
dblp-18832,open_alex-17596,dblp,open_alex,false
dblp-18832,open_alex-51772,dblp,open_alex,false
dblp-18832,open_alex-53164,dblp,open_alex,false
dblp-18857,open_alex-60342,dblp,open_alex,false
dblp-18865,open_alex-49392,dblp,open_alex,false
dblp-18892,open_alex-18763,dblp,open_alex,false
dblp-18898,open_alex-35443,dblp,open_alex,false
dblp-18921,open_alex-13291,dblp,open_alex,false
dblp-18936,open_alex-52933,dblp,open_alex,false
dblp-18960,open_alex-60180,dblp,open_alex,false
dblp-18986,open_alex-31163,dblp,open_alex,false
dblp-18986,open_alex-35866,dblp,open_alex,false
dblp-19040,open_alex-32982,dblp,open_alex,false
dblp-19064,open_alex-43997,dblp,open_alex,false
dblp-19106,open_alex-10915,dblp,open_alex,false
dblp-19112,open_alex-12168,dblp,open_alex,false
dblp-19117,open_alex-47300,dblp,open_alex,false
dblp-19133,open_alex-38246,dblp,open_alex,false
dblp-19143,open_alex-60558,dblp,open_alex,false
dblp-19202,open_alex-29537,dblp,open_alex,false
dblp-19208,open_alex-56769,dblp,open_alex,false
dblp-19242,open_alex-29330,dblp,open_alex,false
dblp-19286,open_alex-07734,dblp,open_alex,false
dblp-19397,open_alex-60682,dblp,open_alex,false
dblp-19413,open_alex-00779,dblp,open_alex,false
dblp-19429,open_alex-22683,dblp,open_alex,false
dblp-19470,open_alex-56756,dblp,open_alex,false
dblp-19487,open_alex-53687,dblp,open_alex,false
dblp-19526,open_alex-46544,dblp,open_alex,false
dblp-19537,open_alex-25011,dblp,open_alex,false
dblp-19543,open_alex-04447,dblp,open_alex,false
dblp-19559,open_alex-15112,dblp,open_alex,false
dblp-19579,open_alex-45501,dblp,open_alex,false
dblp-19686,open_alex-00101,dblp,open_alex,false
dblp-19713,open_alex-34788,dblp,open_alex,false
dblp-19724,open_alex-45749,dblp,open_alex,false
dblp-19771,open_alex-40432,dblp,open_alex,false
dblp-19845,open_alex-43215,dblp,open_alex,false
dblp-19967,open_alex-15459,dblp,open_alex,false
dblp-19979,open_alex-21489,dblp,open_alex,false
dblp-19993,open_alex-05775,dblp,open_alex,false
dblp-20023,open_alex-26078,dblp,open_alex,false
dblp-20024,open_alex-33801,dblp,open_alex,false
dblp-20027,open_alex-05050,dblp,open_alex,false
dblp-20036,open_alex-30893,dblp,open_alex,false
dblp-20069,open_alex-08668,dblp,open_alex,false
dblp-20220,open_alex-54646,dblp,open_alex,false
dblp-20250,open_alex-08868,dblp,open_alex,false
dblp-20278,open_alex-13096,dblp,open_alex,false
dblp-20385,open_alex-55874,dblp,open_alex,false
dblp-20391,open_alex-10107,dblp,open_alex,false
dblp-20509,open_alex-34482,dblp,open_alex,false
dblp-20521,open_alex-46785,dblp,open_alex,false
dblp-20582,open_alex-02414,dblp,open_alex,false
dblp-20586,open_alex-25629,dblp,open_alex,false
dblp-20616,open_alex-26481,dblp,open_alex,false
dblp-20624,open_alex-06730,dblp,open_alex,false
dblp-20628,open_alex-10884,dblp,open_alex,false
dblp-20638,open_alex-51867,dblp,open_alex,false
dblp-20688,open_alex-29399,dblp,open_alex,false
dblp-20696,open_alex-07119,dblp,open_alex,false
dblp-20715,open_alex-06049,dblp,open_alex,false
dblp-20723,open_alex-22628,dblp,open_alex,false
dblp-20726,open_alex-47099,dblp,open_alex,false
dblp-20727,open_alex-03254,dblp,open_alex,false
dblp-20731,open_alex-49848,dblp,open_alex,false
dblp-20775,open_alex-30661,dblp,open_alex,false
dblp-20783,open_alex-53207,dblp,open_alex,false
dblp-20904,open_alex-25290,dblp,open_alex,false
dblp-20924,open_alex-28662,dblp,open_alex,false
dblp-20957,open_alex-56041,dblp,open_alex,false
dblp-20973,open_alex-26359,dblp,open_alex,false
dblp-20993,open_alex-16092,dblp,open_alex,false
dblp-21005,open_alex-14169,dblp,open_alex,false
dblp-21005,open_alex-22627,dblp,open_alex,false
dblp-21085,open_alex-28626,dblp,open_alex,false
dblp-21100,open_alex-42187,dblp,open_alex,false
dblp-21124,open_alex-01747,dblp,open_alex,false
dblp-21135,open_alex-26767,dblp,open_alex,false
dblp-21145,open_alex-03865,dblp,open_alex,false
dblp-21194,open_alex-12422,dblp,open_alex,false
dblp-21218,open_alex-49125,dblp,open_alex,false
dblp-21235,open_alex-08838,dblp,open_alex,false
dblp-21315,open_alex-22008,dblp,open_alex,false
dblp-21399,open_alex-47131,dblp,open_alex,false
dblp-21426,open_alex-20123,dblp,open_alex,false
dblp-21441,open_alex-02947,dblp,open_alex,false
dblp-21457,open_alex-15685,dblp,open_alex,false
dblp-21481,open_alex-18434,dblp,open_alex,false
dblp-21486,open_alex-20532,dblp,open_alex,false
dblp-21517,open_alex-35155,dblp,open_alex,false
dblp-21519,open_alex-15864,dblp,open_alex,false
dblp-21530,open_alex-07841,dblp,open_alex,false
dblp-21530,open_alex-30777,dblp,open_alex,false
dblp-21530,open_alex-54362,dblp,open_alex,false
dblp-21543,open_alex-39798,dblp,open_alex,false
dblp-21543,open_alex-55931,dblp,open_alex,false
dblp-21583,open_alex-05022,dblp,open_alex,false
dblp-21641,open_alex-52359,dblp,open_alex,false
dblp-21656,open_alex-30993,dblp,open_alex,false
dblp-21728,open_alex-39002,dblp,open_alex,false
dblp-21735,open_alex-60146,dblp,open_alex,false
dblp-21744,open_alex-59834,dblp,open_alex,false
dblp-21745,open_alex-03590,dblp,open_alex,false
dblp-21755,open_alex-20084,dblp,open_alex,false
dblp-21796,open_alex-06136,dblp,open_alex,false
dblp-21805,open_alex-56761,dblp,open_alex,false
dblp-21814,open_alex-22235,dblp,open_alex,false
dblp-21888,open_alex-31214,dblp,open_alex,false
dblp-21898,open_alex-00469,dblp,open_alex,false
dblp-21898,open_alex-06635,dblp,open_alex,false
dblp-21912,open_alex-29971,dblp,open_alex,false
dblp-21936,open_alex-52439,dblp,open_alex,false
dblp-21977,open_alex-58391,dblp,open_alex,false
dblp-21992,open_alex-01423,dblp,open_alex,false
dblp-21995,open_alex-01765,dblp,open_alex,false
dblp-22014,open_alex-11352,dblp,open_alex,false
dblp-22018,open_alex-31319,dblp,open_alex,false
dblp-22067,open_alex-53065,dblp,open_alex,false
dblp-22105,open_alex-23152,dblp,open_alex,false
dblp-22111,open_alex-57052,dblp,open_alex,false
dblp-22153,open_alex-35331,dblp,open_alex,false
dblp-22171,open_alex-33103,dblp,open_alex,false
dblp-22178,open_alex-53489,dblp,open_alex,false
dblp-22206,open_alex-05689,dblp,open_alex,false
dblp-22225,open_alex-53037,dblp,open_alex,false
dblp-22243,open_alex-04172,dblp,open_alex,false
dblp-22312,open_alex-02769,dblp,open_alex,false
dblp-22319,open_alex-33732,dblp,open_alex,false
dblp-22374,open_alex-59349,dblp,open_alex,false
dblp-22393,open_alex-05706,dblp,open_alex,false
dblp-22393,open_alex-24876,dblp,open_alex,false
dblp-22404,open_alex-60572,dblp,open_alex,false
dblp-22408,open_alex-39808,dblp,open_alex,false
dblp-22425,open_alex-27722,dblp,open_alex,false
dblp-22425,open_alex-49640,dblp,open_alex,false
dblp-22472,open_alex-09317,dblp,open_alex,false
dblp-22487,open_alex-06567,dblp,open_alex,false
dblp-22577,open_alex-02255,dblp,open_alex,false
dblp-22583,open_alex-03456,dblp,open_alex,false
dblp-22603,open_alex-52000,dblp,open_alex,false
dblp-22613,open_alex-33048,dblp,open_alex,false
dblp-22619,open_alex-08232,dblp,open_alex,false
dblp-22624,open_alex-31879,dblp,open_alex,false
dblp-22688,open_alex-22691,dblp,open_alex,false
dblp-22709,open_alex-52179,dblp,open_alex,false
dblp-22826,open_alex-17121,dblp,open_alex,false
dblp-22847,open_alex-26075,dblp,open_alex,false
dblp-22847,open_alex-36852,dblp,open_alex,false
dblp-22850,open_alex-42333,dblp,open_alex,false
dblp-22853,open_alex-26780,dblp,open_alex,false
dblp-22871,open_alex-40231,dblp,open_alex,false
dblp-22877,open_alex-29010,dblp,open_alex,false
dblp-22907,open_alex-06944,dblp,open_alex,false
dblp-22954,open_alex-41199,dblp,open_alex,false
dblp-22965,open_alex-41690,dblp,open_alex,false
dblp-22977,open_alex-13258,dblp,open_alex,false
dblp-22985,open_alex-22761,dblp,open_alex,false
dblp-22991,open_alex-12636,dblp,open_alex,false
dblp-23002,open_alex-32545,dblp,open_alex,false
dblp-23058,open_alex-38840,dblp,open_alex,false
dblp-23137,open_alex-47415,dblp,open_alex,false
dblp-23137,open_alex-54735,dblp,open_alex,false
dblp-23181,open_alex-31210,dblp,open_alex,false
dblp-23193,open_alex-39036,dblp,open_alex,false
dblp-23206,open_alex-20084,dblp,open_alex,false
dblp-23208,open_alex-26648,dblp,open_alex,false
dblp-23226,open_alex-51889,dblp,open_alex,false
dblp-23245,open_alex-51910,dblp,open_alex,false
dblp-23282,open_alex-07110,dblp,open_alex,false
dblp-23282,open_alex-25391,dblp,open_alex,false
dblp-23334,open_alex-02132,dblp,open_alex,false
dblp-23338,open_alex-25030,dblp,open_alex,false
dblp-23358,open_alex-14906,dblp,open_alex,false
dblp-23379,open_alex-38739,dblp,open_alex,false
dblp-23379,open_alex-53301,dblp,open_alex,false
dblp-23425,open_alex-40213,dblp,open_alex,false
dblp-23425,open_alex-50896,dblp,open_alex,false
dblp-23484,open_alex-18491,dblp,open_alex,false
dblp-23532,open_alex-21854,dblp,open_alex,false
dblp-23532,open_alex-22966,dblp,open_alex,false
dblp-23611,open_alex-10722,dblp,open_alex,false
dblp-23632,open_alex-05746,dblp,open_alex,false
dblp-23654,open_alex-15772,dblp,open_alex,false
dblp-23719,open_alex-24475,dblp,open_alex,false
dblp-23722,open_alex-42442,dblp,open_alex,false
dblp-23753,open_alex-15312,dblp,open_alex,false
dblp-23794,open_alex-44575,dblp,open_alex,false
dblp-23812,open_alex-44246,dblp,open_alex,false
dblp-23836,open_alex-30205,dblp,open_alex,false
dblp-23837,open_alex-36553,dblp,open_alex,false
dblp-23855,open_alex-17566,dblp,open_alex,false
dblp-23894,open_alex-48930,dblp,open_alex,false
dblp-23918,open_alex-23129,dblp,open_alex,false
dblp-23937,open_alex-30402,dblp,open_alex,false
dblp-23967,open_alex-46145,dblp,open_alex,false
dblp-23983,open_alex-15552,dblp,open_alex,false
dblp-24075,open_alex-30913,dblp,open_alex,false
dblp-24081,open_alex-48759,dblp,open_alex,false
dblp-24190,open_alex-05709,dblp,open_alex,false
dblp-24248,open_alex-09379,dblp,open_alex,false
dblp-24248,open_alex-14216,dblp,open_alex,false
dblp-24248,open_alex-50237,dblp,open_alex,false
dblp-24250,open_alex-30233,dblp,open_alex,false
dblp-24269,open_alex-19902,dblp,open_alex,false
dblp-24269,open_alex-49659,dblp,open_alex,false
dblp-24308,open_alex-08127,dblp,open_alex,false
dblp-24311,open_alex-18963,dblp,open_alex,false
dblp-24337,open_alex-35688,dblp,open_alex,false
dblp-24352,open_alex-25442,dblp,open_alex,false
dblp-24384,open_alex-21370,dblp,open_alex,false
dblp-24384,open_alex-21715,dblp,open_alex,false
dblp-24425,open_alex-35513,dblp,open_alex,false
dblp-24429,open_alex-29917,dblp,open_alex,false
dblp-24463,open_alex-22383,dblp,open_alex,false
dblp-24499,open_alex-52852,dblp,open_alex,false
dblp-24505,open_alex-24385,dblp,open_alex,false
dblp-24534,open_alex-11105,dblp,open_alex,false
dblp-24534,open_alex-19376,dblp,open_alex,false
dblp-24539,open_alex-35980,dblp,open_alex,false
dblp-24558,open_alex-15068,dblp,open_alex,false
dblp-24559,open_alex-56787,dblp,open_alex,false
dblp-24577,open_alex-34694,dblp,open_alex,false
dblp-24706,open_alex-18623,dblp,open_alex,false
dblp-24721,open_alex-36101,dblp,open_alex,false
dblp-24750,open_alex-46782,dblp,open_alex,false
dblp-24782,open_alex-23297,dblp,open_alex,false
dblp-24804,open_alex-43501,dblp,open_alex,false
dblp-24808,open_alex-12238,dblp,open_alex,false
dblp-24809,open_alex-48088,dblp,open_alex,false
dblp-24823,open_alex-18496,dblp,open_alex,false
dblp-24827,open_alex-32718,dblp,open_alex,false
dblp-24841,open_alex-55108,dblp,open_alex,false
dblp-24851,open_alex-24862,dblp,open_alex,false
dblp-24870,open_alex-55569,dblp,open_alex,false
dblp-24902,open_alex-23245,dblp,open_alex,false
dblp-24948,open_alex-54132,dblp,open_alex,false
dblp-24967,open_alex-30440,dblp,open_alex,false
dblp-24971,open_alex-08679,dblp,open_alex,false
dblp-24979,open_alex-16469,dblp,open_alex,false
dblp-25023,open_alex-44312,dblp,open_alex,false
dblp-25035,open_alex-58523,dblp,open_alex,false
dblp-25048,open_alex-55092,dblp,open_alex,false
dblp-25072,open_alex-44217,dblp,open_alex,false
dblp-25109,open_alex-45859,dblp,open_alex,false
dblp-25132,open_alex-35806,dblp,open_alex,false
dblp-25160,open_alex-36098,dblp,open_alex,false
dblp-25166,open_alex-02388,dblp,open_alex,false
dblp-25200,open_alex-43276,dblp,open_alex,false
dblp-25243,open_alex-32042,dblp,open_alex,false
dblp-25266,open_alex-17348,dblp,open_alex,false
dblp-25305,open_alex-04884,dblp,open_alex,false
dblp-25309,open_alex-41929,dblp,open_alex,false
dblp-25321,open_alex-28848,dblp,open_alex,false
dblp-25332,open_alex-05327,dblp,open_alex,false
dblp-25413,open_alex-05455,dblp,open_alex,false
dblp-25417,open_alex-47967,dblp,open_alex,false
dblp-25448,open_alex-56977,dblp,open_alex,false
dblp-25571,open_alex-06350,dblp,open_alex,false
dblp-25579,open_alex-51153,dblp,open_alex,false
dblp-25633,open_alex-33051,dblp,open_alex,false
dblp-25661,open_alex-46269,dblp,open_alex,false
dblp-25681,open_alex-57376,dblp,open_alex,false
dblp-25718,open_alex-39025,dblp,open_alex,false
dblp-25750,open_alex-16469,dblp,open_alex,false
dblp-25768,open_alex-22121,dblp,open_alex,false
dblp-25776,open_alex-11513,dblp,open_alex,false
dblp-25824,open_alex-24038,dblp,open_alex,false
dblp-25827,open_alex-40493,dblp,open_alex,false
dblp-25827,open_alex-42373,dblp,open_alex,false
dblp-25827,open_alex-45463,dblp,open_alex,false
dblp-25830,open_alex-25670,dblp,open_alex,false
dblp-25839,open_alex-56136,dblp,open_alex,false
dblp-25841,open_alex-22327,dblp,open_alex,false
dblp-25844,open_alex-09276,dblp,open_alex,false
dblp-25863,open_alex-35452,dblp,open_alex,false
dblp-25891,open_alex-53621,dblp,open_alex,false
dblp-25962,open_alex-16894,dblp,open_alex,false
dblp-25979,open_alex-24287,dblp,open_alex,false
dblp-26012,open_alex-19211,dblp,open_alex,false
dblp-26036,open_alex-28507,dblp,open_alex,false
dblp-26054,open_alex-43622,dblp,open_alex,false
dblp-26087,open_alex-53805,dblp,open_alex,false
dblp-26125,open_alex-22983,dblp,open_alex,false
dblp-26135,open_alex-46833,dblp,open_alex,false
dblp-26142,open_alex-10515,dblp,open_alex,false
dblp-26142,open_alex-12934,dblp,open_alex,false
dblp-26153,open_alex-07756,dblp,open_alex,false
dblp-26208,open_alex-40924,dblp,open_alex,false
dblp-26218,open_alex-36493,dblp,open_alex,false
dblp-26232,open_alex-26493,dblp,open_alex,false
dblp-26241,open_alex-34037,dblp,open_alex,false
dblp-26260,open_alex-56282,dblp,open_alex,false
dblp-26323,open_alex-05160,dblp,open_alex,false
dblp-26334,open_alex-39457,dblp,open_alex,false
dblp-26334,open_alex-52709,dblp,open_alex,false
dblp-26338,open_alex-16056,dblp,open_alex,false
dblp-26359,open_alex-19872,dblp,open_alex,false
dblp-26362,open_alex-58330,dblp,open_alex,false
dblp-26403,open_alex-00984,dblp,open_alex,false
dblp-26407,open_alex-52107,dblp,open_alex,false
dblp-26409,open_alex-59646,dblp,open_alex,false
dblp-26435,open_alex-32295,dblp,open_alex,false
dblp-26456,open_alex-14931,dblp,open_alex,false
dblp-26487,open_alex-52989,dblp,open_alex,false
dblp-26634,open_alex-54205,dblp,open_alex,false
dblp-26695,open_alex-37881,dblp,open_alex,false
dblp-26701,open_alex-23036,dblp,open_alex,false
dblp-26703,open_alex-54529,dblp,open_alex,false
dblp-26717,open_alex-15500,dblp,open_alex,false
dblp-26719,open_alex-41384,dblp,open_alex,false
dblp-26722,open_alex-16735,dblp,open_alex,false
dblp-26798,open_alex-10369,dblp,open_alex,false
dblp-26805,open_alex-23801,dblp,open_alex,false
dblp-26808,open_alex-16944,dblp,open_alex,false
dblp-26830,open_alex-19301,dblp,open_alex,false
dblp-26831,open_alex-16595,dblp,open_alex,false
dblp-26847,open_alex-51490,dblp,open_alex,false
dblp-26873,open_alex-48425,dblp,open_alex,false
dblp-26873,open_alex-52195,dblp,open_alex,false
dblp-26878,open_alex-24740,dblp,open_alex,false
dblp-26890,open_alex-46030,dblp,open_alex,false
dblp-26904,open_alex-42110,dblp,open_alex,false
dblp-26919,open_alex-17309,dblp,open_alex,false
dblp-26922,open_alex-04347,dblp,open_alex,false
dblp-26978,open_alex-45030,dblp,open_alex,false
dblp-26981,open_alex-02126,dblp,open_alex,false
dblp-26981,open_alex-35856,dblp,open_alex,false
dblp-27019,open_alex-56204,dblp,open_alex,false
dblp-27080,open_alex-13075,dblp,open_alex,false
dblp-27084,open_alex-45810,dblp,open_alex,false
dblp-27130,open_alex-07595,dblp,open_alex,false
dblp-27133,open_alex-54160,dblp,open_alex,false
dblp-27176,open_alex-11490,dblp,open_alex,false
dblp-27220,open_alex-05706,dblp,open_alex,false
dblp-27224,open_alex-52275,dblp,open_alex,false
dblp-27352,open_alex-54215,dblp,open_alex,false
dblp-27394,open_alex-21480,dblp,open_alex,false
dblp-27394,open_alex-47619,dblp,open_alex,false
dblp-27402,open_alex-28613,dblp,open_alex,false
dblp-27421,open_alex-37535,dblp,open_alex,false
dblp-27432,open_alex-36815,dblp,open_alex,false
dblp-27465,open_alex-02930,dblp,open_alex,false
dblp-27506,open_alex-35127,dblp,open_alex,false
dblp-27510,open_alex-57672,dblp,open_alex,false
dblp-27514,open_alex-44105,dblp,open_alex,false
dblp-27531,open_alex-08290,dblp,open_alex,false
dblp-27531,open_alex-19959,dblp,open_alex,false
dblp-27558,open_alex-30729,dblp,open_alex,false
dblp-27565,open_alex-28354,dblp,open_alex,false
dblp-27568,open_alex-46822,dblp,open_alex,false
dblp-27574,open_alex-37127,dblp,open_alex,false
dblp-27589,open_alex-20465,dblp,open_alex,false
dblp-27592,open_alex-21895,dblp,open_alex,false
dblp-27595,open_alex-27092,dblp,open_alex,false
dblp-27623,open_alex-46574,dblp,open_alex,false
dblp-27625,open_alex-27558,dblp,open_alex,false
dblp-27644,open_alex-39834,dblp,open_alex,false
dblp-27662,open_alex-52153,dblp,open_alex,false
dblp-27698,open_alex-58866,dblp,open_alex,false
dblp-27781,open_alex-27204,dblp,open_alex,false
dblp-27792,open_alex-58321,dblp,open_alex,false
dblp-27863,open_alex-08200,dblp,open_alex,false
dblp-27881,open_alex-47704,dblp,open_alex,false
dblp-27888,open_alex-35905,dblp,open_alex,false
dblp-27902,open_alex-00134,dblp,open_alex,false
dblp-27904,open_alex-51521,dblp,open_alex,false
dblp-27944,open_alex-00468,dblp,open_alex,false
dblp-27944,open_alex-32674,dblp,open_alex,false
dblp-27987,open_alex-21632,dblp,open_alex,false
dblp-27996,open_alex-21005,dblp,open_alex,false
dblp-28009,open_alex-06532,dblp,open_alex,false
dblp-28010,open_alex-58398,dblp,open_alex,false
dblp-28012,open_alex-35615,dblp,open_alex,false
dblp-28019,open_alex-23305,dblp,open_alex,false
dblp-28023,open_alex-31621,dblp,open_alex,false
dblp-28025,open_alex-48446,dblp,open_alex,false
dblp-28037,open_alex-11072,dblp,open_alex,false
dblp-28066,open_alex-02572,dblp,open_alex,false
dblp-28107,open_alex-53555,dblp,open_alex,false
dblp-28119,open_alex-57355,dblp,open_alex,false
dblp-28126,open_alex-49328,dblp,open_alex,false
dblp-28136,open_alex-30178,dblp,open_alex,false
dblp-28168,open_alex-53789,dblp,open_alex,false
dblp-28188,open_alex-58803,dblp,open_alex,false
dblp-28217,open_alex-01568,dblp,open_alex,false
dblp-28217,open_alex-04614,dblp,open_alex,false
dblp-28248,open_alex-39399,dblp,open_alex,false
dblp-28280,open_alex-40534,dblp,open_alex,false
dblp-28299,open_alex-08727,dblp,open_alex,false
dblp-28318,open_alex-48440,dblp,open_alex,false
dblp-28370,open_alex-07800,dblp,open_alex,false
dblp-28382,open_alex-05846,dblp,open_alex,false
dblp-28437,open_alex-05030,dblp,open_alex,false
dblp-28446,open_alex-39526,dblp,open_alex,false
dblp-28459,open_alex-10941,dblp,open_alex,false
dblp-28485,open_alex-08582,dblp,open_alex,false
dblp-28498,open_alex-54198,dblp,open_alex,false
dblp-28532,open_alex-31526,dblp,open_alex,false
dblp-28593,open_alex-25052,dblp,open_alex,false
dblp-28594,open_alex-58351,dblp,open_alex,false
dblp-28617,open_alex-39662,dblp,open_alex,false
dblp-28679,open_alex-11933,dblp,open_alex,false
dblp-28679,open_alex-50065,dblp,open_alex,false
dblp-28751,open_alex-44213,dblp,open_alex,false
dblp-28773,open_alex-39086,dblp,open_alex,false
dblp-28777,open_alex-36969,dblp,open_alex,false
dblp-28825,open_alex-46299,dblp,open_alex,false
dblp-28875,open_alex-50545,dblp,open_alex,false
dblp-28882,open_alex-38710,dblp,open_alex,false
dblp-28918,open_alex-50896,dblp,open_alex,false
dblp-28945,open_alex-15679,dblp,open_alex,false
dblp-29021,open_alex-48161,dblp,open_alex,false
dblp-29042,open_alex-14445,dblp,open_alex,false
dblp-29136,open_alex-15117,dblp,open_alex,false
dblp-29144,open_alex-47413,dblp,open_alex,false
dblp-29160,open_alex-16812,dblp,open_alex,false
dblp-29193,open_alex-20990,dblp,open_alex,false
dblp-29215,open_alex-45786,dblp,open_alex,false
dblp-29224,open_alex-16372,dblp,open_alex,false
dblp-29253,open_alex-27844,dblp,open_alex,false
dblp-29278,open_alex-03875,dblp,open_alex,false
dblp-29278,open_alex-26842,dblp,open_alex,false
dblp-29308,open_alex-14470,dblp,open_alex,false
dblp-29338,open_alex-10608,dblp,open_alex,false
dblp-29360,open_alex-45686,dblp,open_alex,false
dblp-29468,open_alex-57490,dblp,open_alex,false
dblp-29543,open_alex-35469,dblp,open_alex,false
dblp-29552,open_alex-13530,dblp,open_alex,false
dblp-29568,open_alex-51881,dblp,open_alex,false
dblp-29584,open_alex-01057,dblp,open_alex,false
dblp-29603,open_alex-58903,dblp,open_alex,false
dblp-29624,open_alex-53505,dblp,open_alex,false
dblp-29638,open_alex-40805,dblp,open_alex,false
dblp-29638,open_alex-42930,dblp,open_alex,false
dblp-29659,open_alex-35286,dblp,open_alex,false
dblp-29700,open_alex-04851,dblp,open_alex,false
dblp-29819,open_alex-57345,dblp,open_alex,false
dblp-29826,open_alex-02380,dblp,open_alex,false
dblp-29848,open_alex-58692,dblp,open_alex,false
dblp-29852,open_alex-17423,dblp,open_alex,false
dblp-29879,open_alex-25259,dblp,open_alex,false
dblp-29897,open_alex-08790,dblp,open_alex,false
dblp-29930,open_alex-35564,dblp,open_alex,false
dblp-29955,open_alex-41096,dblp,open_alex,false
dblp-29971,open_alex-46655,dblp,open_alex,false
dblp-29977,open_alex-45161,dblp,open_alex,false
dblp-30046,open_alex-41805,dblp,open_alex,false
dblp-30046,open_alex-45292,dblp,open_alex,false
dblp-30052,open_alex-59771,dblp,open_alex,false
dblp-30066,open_alex-36043,dblp,open_alex,false
dblp-30081,open_alex-24559,dblp,open_alex,false
dblp-30139,open_alex-48423,dblp,open_alex,false
dblp-30142,open_alex-29653,dblp,open_alex,false
dblp-30148,open_alex-56963,dblp,open_alex,false
dblp-30196,open_alex-53023,dblp,open_alex,false
dblp-30198,open_alex-13927,dblp,open_alex,false
dblp-30264,open_alex-21239,dblp,open_alex,false
dblp-30287,open_alex-21724,dblp,open_alex,false
dblp-30287,open_alex-53343,dblp,open_alex,false
dblp-30323,open_alex-00213,dblp,open_alex,false
dblp-30388,open_alex-43184,dblp,open_alex,false
dblp-30439,open_alex-14991,dblp,open_alex,false
dblp-30439,open_alex-41058,dblp,open_alex,false
dblp-30440,open_alex-56667,dblp,open_alex,false
dblp-30521,open_alex-23030,dblp,open_alex,false
dblp-30524,open_alex-11343,dblp,open_alex,false
dblp-30553,open_alex-35451,dblp,open_alex,false
dblp-30631,open_alex-31596,dblp,open_alex,false
dblp-30673,open_alex-08610,dblp,open_alex,false
dblp-30696,open_alex-26674,dblp,open_alex,false
dblp-30718,open_alex-09015,dblp,open_alex,false
dblp-30729,open_alex-22013,dblp,open_alex,false
dblp-30744,open_alex-32689,dblp,open_alex,false
dblp-30760,open_alex-57530,dblp,open_alex,false
dblp-30764,open_alex-26281,dblp,open_alex,false
dblp-30837,open_alex-48138,dblp,open_alex,false
dblp-30839,open_alex-59926,dblp,open_alex,false
dblp-30854,open_alex-27683,dblp,open_alex,false
dblp-30878,open_alex-22812,dblp,open_alex,false
dblp-30904,open_alex-43259,dblp,open_alex,false
dblp-30912,open_alex-35206,dblp,open_alex,false
dblp-30912,open_alex-57563,dblp,open_alex,false
dblp-30922,open_alex-31009,dblp,open_alex,false
dblp-30959,open_alex-56746,dblp,open_alex,false
dblp-31015,open_alex-56473,dblp,open_alex,false
dblp-31029,open_alex-50521,dblp,open_alex,false
dblp-31118,open_alex-14160,dblp,open_alex,false
dblp-31141,open_alex-56997,dblp,open_alex,false
dblp-31142,open_alex-53452,dblp,open_alex,false
dblp-31148,open_alex-04143,dblp,open_alex,false
dblp-31181,open_alex-58758,dblp,open_alex,false
dblp-31189,open_alex-28611,dblp,open_alex,false
dblp-31191,open_alex-48314,dblp,open_alex,false
dblp-31257,open_alex-34102,dblp,open_alex,false
dblp-31272,open_alex-20055,dblp,open_alex,false
dblp-31327,open_alex-26273,dblp,open_alex,false
dblp-31328,open_alex-32142,dblp,open_alex,false
dblp-31352,open_alex-20510,dblp,open_alex,false
dblp-31353,open_alex-53131,dblp,open_alex,false
dblp-31398,open_alex-47580,dblp,open_alex,false
dblp-31430,open_alex-31761,dblp,open_alex,false
dblp-31447,open_alex-14912,dblp,open_alex,false
dblp-31489,open_alex-17780,dblp,open_alex,false
dblp-31490,open_alex-41595,dblp,open_alex,false
dblp-31504,open_alex-29775,dblp,open_alex,false
dblp-31549,open_alex-41275,dblp,open_alex,false
dblp-31584,open_alex-46383,dblp,open_alex,false
dblp-31619,open_alex-01107,dblp,open_alex,false
dblp-31651,open_alex-29910,dblp,open_alex,false
dblp-31654,open_alex-55795,dblp,open_alex,false
dblp-31674,open_alex-38803,dblp,open_alex,false
dblp-31678,open_alex-14897,dblp,open_alex,false
dblp-31706,open_alex-03220,dblp,open_alex,false
dblp-31706,open_alex-15011,dblp,open_alex,false
dblp-31774,open_alex-14505,dblp,open_alex,false
dblp-31808,open_alex-43695,dblp,open_alex,false
dblp-31812,open_alex-57555,dblp,open_alex,false
dblp-31905,open_alex-54337,dblp,open_alex,false
dblp-31908,open_alex-51516,dblp,open_alex,false
dblp-32025,open_alex-58678,dblp,open_alex,false
dblp-32053,open_alex-01003,dblp,open_alex,false
dblp-32132,open_alex-32688,dblp,open_alex,false
dblp-32135,open_alex-26546,dblp,open_alex,false
dblp-32169,open_alex-25096,dblp,open_alex,false
dblp-32187,open_alex-52867,dblp,open_alex,false
dblp-32204,open_alex-06594,dblp,open_alex,false
dblp-32253,open_alex-39345,dblp,open_alex,false
dblp-32258,open_alex-51388,dblp,open_alex,false
dblp-32260,open_alex-32288,dblp,open_alex,false
dblp-32301,open_alex-47312,dblp,open_alex,false
dblp-32302,open_alex-19628,dblp,open_alex,false
dblp-32315,open_alex-38302,dblp,open_alex,false
dblp-32319,open_alex-43092,dblp,open_alex,false
dblp-32397,open_alex-31762,dblp,open_alex,false
dblp-32473,open_alex-25329,dblp,open_alex,false
dblp-32501,open_alex-19449,dblp,open_alex,false
dblp-32529,open_alex-49418,dblp,open_alex,false
dblp-32532,open_alex-20050,dblp,open_alex,false
dblp-32553,open_alex-47412,dblp,open_alex,false
dblp-32582,open_alex-14505,dblp,open_alex,false
dblp-32588,open_alex-53579,dblp,open_alex,false
dblp-32622,open_alex-36662,dblp,open_alex,false
dblp-32633,open_alex-01966,dblp,open_alex,false
dblp-32652,open_alex-26529,dblp,open_alex,false
dblp-32718,open_alex-47733,dblp,open_alex,false
dblp-32820,open_alex-18605,dblp,open_alex,false
dblp-32855,open_alex-10428,dblp,open_alex,false
dblp-32866,open_alex-43727,dblp,open_alex,false
dblp-32878,open_alex-56704,dblp,open_alex,false
dblp-32880,open_alex-38008,dblp,open_alex,false
dblp-32908,open_alex-42419,dblp,open_alex,false
dblp-32915,open_alex-11168,dblp,open_alex,false
dblp-32946,open_alex-21319,dblp,open_alex,false
dblp-32962,open_alex-59982,dblp,open_alex,false
dblp-32982,open_alex-21856,dblp,open_alex,false
dblp-33018,open_alex-21100,dblp,open_alex,false
dblp-33036,open_alex-16439,dblp,open_alex,false
dblp-33072,open_alex-06658,dblp,open_alex,false
dblp-33072,open_alex-45976,dblp,open_alex,false
dblp-33090,open_alex-59893,dblp,open_alex,false
dblp-33107,open_alex-32472,dblp,open_alex,false
dblp-33118,open_alex-01521,dblp,open_alex,false
dblp-33118,open_alex-31104,dblp,open_alex,false
dblp-33131,open_alex-27984,dblp,open_alex,false
dblp-33141,open_alex-13047,dblp,open_alex,false
dblp-33145,open_alex-23726,dblp,open_alex,false
dblp-33207,open_alex-05689,dblp,open_alex,false
dblp-33261,open_alex-26185,dblp,open_alex,false
dblp-33271,open_alex-11281,dblp,open_alex,false
dblp-33286,open_alex-06140,dblp,open_alex,false
dblp-33300,open_alex-11892,dblp,open_alex,false
dblp-33316,open_alex-04698,dblp,open_alex,false
dblp-33319,open_alex-32944,dblp,open_alex,false
dblp-33381,open_alex-22500,dblp,open_alex,false
dblp-33389,open_alex-44715,dblp,open_alex,false
dblp-33442,open_alex-25178,dblp,open_alex,false
dblp-33494,open_alex-22589,dblp,open_alex,false
dblp-33509,open_alex-57308,dblp,open_alex,false
dblp-33643,open_alex-30572,dblp,open_alex,false
dblp-33673,open_alex-50422,dblp,open_alex,false
dblp-33705,open_alex-53607,dblp,open_alex,false
dblp-33727,open_alex-59184,dblp,open_alex,false
dblp-33739,open_alex-45103,dblp,open_alex,false
dblp-33745,open_alex-16183,dblp,open_alex,false
dblp-33771,open_alex-60448,dblp,open_alex,false
dblp-33815,open_alex-47103,dblp,open_alex,false
dblp-33891,open_alex-19974,dblp,open_alex,false
dblp-33956,open_alex-38766,dblp,open_alex,false
dblp-33960,open_alex-31181,dblp,open_alex,false
dblp-33976,open_alex-40535,dblp,open_alex,false
dblp-34004,open_alex-16864,dblp,open_alex,false
dblp-34034,open_alex-30679,dblp,open_alex,false
dblp-34050,open_alex-30679,dblp,open_alex,false
dblp-34066,open_alex-44366,dblp,open_alex,false
dblp-34073,open_alex-10180,dblp,open_alex,false
dblp-34124,open_alex-12263,dblp,open_alex,false
dblp-34140,open_alex-36616,dblp,open_alex,false
dblp-34165,open_alex-47228,dblp,open_alex,false
dblp-34198,open_alex-32945,dblp,open_alex,false
dblp-34204,open_alex-22508,dblp,open_alex,false
dblp-34218,open_alex-25750,dblp,open_alex,false
dblp-34219,open_alex-20366,dblp,open_alex,false
dblp-34219,open_alex-22500,dblp,open_alex,false
dblp-34236,open_alex-05964,dblp,open_alex,false
dblp-34255,open_alex-30457,dblp,open_alex,false
dblp-34288,open_alex-52523,dblp,open_alex,false
dblp-34307,open_alex-03312,dblp,open_alex,false
dblp-34322,open_alex-48424,dblp,open_alex,false
dblp-34391,open_alex-52697,dblp,open_alex,false
dblp-34394,open_alex-52581,dblp,open_alex,false
dblp-34432,open_alex-03701,dblp,open_alex,false
dblp-34497,open_alex-49617,dblp,open_alex,false
dblp-34519,open_alex-04688,dblp,open_alex,false
dblp-34519,open_alex-33889,dblp,open_alex,false
dblp-34526,open_alex-47676,dblp,open_alex,false
dblp-34527,open_alex-10907,dblp,open_alex,false
dblp-34538,open_alex-16827,dblp,open_alex,false
dblp-34564,open_alex-35666,dblp,open_alex,false
dblp-34569,open_alex-18342,dblp,open_alex,false
dblp-34595,open_alex-42925,dblp,open_alex,false
dblp-34676,open_alex-33863,dblp,open_alex,false
dblp-34749,open_alex-52749,dblp,open_alex,false
dblp-34791,open_alex-29286,dblp,open_alex,false
dblp-34795,open_alex-54954,dblp,open_alex,false
dblp-34798,open_alex-02498,dblp,open_alex,false
dblp-34805,open_alex-21441,dblp,open_alex,false
dblp-34809,open_alex-09803,dblp,open_alex,false
dblp-34835,open_alex-29333,dblp,open_alex,false
dblp-34887,open_alex-28649,dblp,open_alex,false
dblp-34891,open_alex-17891,dblp,open_alex,false
dblp-34944,open_alex-39441,dblp,open_alex,false
dblp-35044,open_alex-49844,dblp,open_alex,false
dblp-35049,open_alex-27647,dblp,open_alex,false
dblp-35082,open_alex-52697,dblp,open_alex,false
dblp-35138,open_alex-45757,dblp,open_alex,false
dblp-35145,open_alex-60363,dblp,open_alex,false
dblp-35188,open_alex-10425,dblp,open_alex,false
dblp-35234,open_alex-54011,dblp,open_alex,false
dblp-35264,open_alex-08832,dblp,open_alex,false
dblp-35308,open_alex-40145,dblp,open_alex,false
dblp-35345,open_alex-03954,dblp,open_alex,false
dblp-35345,open_alex-24523,dblp,open_alex,false
dblp-35360,open_alex-12430,dblp,open_alex,false
dblp-35379,open_alex-12016,dblp,open_alex,false
dblp-35394,open_alex-10562,dblp,open_alex,false
dblp-35410,open_alex-40833,dblp,open_alex,false
dblp-35417,open_alex-29066,dblp,open_alex,false
dblp-35514,open_alex-30594,dblp,open_alex,false
dblp-35530,open_alex-47451,dblp,open_alex,false
dblp-35552,open_alex-41100,dblp,open_alex,false
dblp-35555,open_alex-24334,dblp,open_alex,false
dblp-35601,open_alex-37399,dblp,open_alex,false
dblp-35646,open_alex-57474,dblp,open_alex,false
dblp-35662,open_alex-00942,dblp,open_alex,false
dblp-35663,open_alex-30345,dblp,open_alex,false
dblp-35673,open_alex-47401,dblp,open_alex,false
dblp-35677,open_alex-34868,dblp,open_alex,false
dblp-35678,open_alex-46408,dblp,open_alex,false
dblp-35714,open_alex-10210,dblp,open_alex,false
dblp-35730,open_alex-35564,dblp,open_alex,false
dblp-35760,open_alex-03719,dblp,open_alex,false
dblp-35769,open_alex-40851,dblp,open_alex,false
dblp-35779,open_alex-44129,dblp,open_alex,false
dblp-35784,open_alex-55866,dblp,open_alex,false
dblp-35792,open_alex-46251,dblp,open_alex,false
dblp-35827,open_alex-11579,dblp,open_alex,false
dblp-35833,open_alex-26952,dblp,open_alex,false
dblp-35885,open_alex-30059,dblp,open_alex,false
dblp-35885,open_alex-57648,dblp,open_alex,false
dblp-35895,open_alex-06307,dblp,open_alex,false
dblp-35905,open_alex-60606,dblp,open_alex,false
dblp-35907,open_alex-45871,dblp,open_alex,false
dblp-36045,open_alex-54721,dblp,open_alex,false
dblp-36091,open_alex-05781,dblp,open_alex,false
dblp-36104,open_alex-15703,dblp,open_alex,false
dblp-36152,open_alex-13086,dblp,open_alex,false
dblp-36152,open_alex-35793,dblp,open_alex,false
dblp-36178,open_alex-47503,dblp,open_alex,false
dblp-36211,open_alex-32042,dblp,open_alex,false
dblp-36214,open_alex-15288,dblp,open_alex,false
dblp-36225,open_alex-45195,dblp,open_alex,false
dblp-36238,open_alex-24008,dblp,open_alex,false
dblp-36261,open_alex-42825,dblp,open_alex,false
dblp-36266,open_alex-22039,dblp,open_alex,false
dblp-36276,open_alex-16695,dblp,open_alex,false
dblp-36396,open_alex-50695,dblp,open_alex,false
dblp-36440,open_alex-18162,dblp,open_alex,false
dblp-36447,open_alex-54988,dblp,open_alex,false
dblp-36474,open_alex-34449,dblp,open_alex,false
dblp-36480,open_alex-50441,dblp,open_alex,false
dblp-36488,open_alex-45777,dblp,open_alex,false
dblp-36516,open_alex-17329,dblp,open_alex,false
dblp-36542,open_alex-31654,dblp,open_alex,false
dblp-36567,open_alex-37627,dblp,open_alex,false
dblp-36571,open_alex-29792,dblp,open_alex,false
dblp-36601,open_alex-43511,dblp,open_alex,false
dblp-36612,open_alex-43874,dblp,open_alex,false
dblp-36623,open_alex-32522,dblp,open_alex,false
dblp-36623,open_alex-53760,dblp,open_alex,false
dblp-36629,open_alex-22781,dblp,open_alex,false
dblp-36746,open_alex-02126,dblp,open_alex,false
dblp-36749,open_alex-15559,dblp,open_alex,false
dblp-36781,open_alex-08478,dblp,open_alex,false
dblp-36959,open_alex-59771,dblp,open_alex,false
dblp-36983,open_alex-33876,dblp,open_alex,false
dblp-36983,open_alex-42442,dblp,open_alex,false
dblp-36997,open_alex-31046,dblp,open_alex,false
dblp-36998,open_alex-30269,dblp,open_alex,false
dblp-37048,open_alex-46834,dblp,open_alex,false
dblp-37053,open_alex-27752,dblp,open_alex,false
dblp-37068,open_alex-54947,dblp,open_alex,false
dblp-37088,open_alex-30070,dblp,open_alex,false
dblp-37101,open_alex-34738,dblp,open_alex,false
dblp-37113,open_alex-21184,dblp,open_alex,false
dblp-37113,open_alex-30044,dblp,open_alex,false
dblp-37139,open_alex-22154,dblp,open_alex,false
dblp-37176,open_alex-16203,dblp,open_alex,false
dblp-37186,open_alex-44830,dblp,open_alex,false
dblp-37189,open_alex-45307,dblp,open_alex,false
dblp-37209,open_alex-07818,dblp,open_alex,false
dblp-37235,open_alex-02082,dblp,open_alex,false
dblp-37235,open_alex-60616,dblp,open_alex,false
dblp-37247,open_alex-29367,dblp,open_alex,false
dblp-37263,open_alex-14531,dblp,open_alex,false
dblp-37342,open_alex-01387,dblp,open_alex,false
dblp-37353,open_alex-54921,dblp,open_alex,false
dblp-37358,open_alex-23680,dblp,open_alex,false
dblp-37364,open_alex-09002,dblp,open_alex,false
dblp-37385,open_alex-00848,dblp,open_alex,false
dblp-37401,open_alex-47923,dblp,open_alex,false
dblp-37411,open_alex-00273,dblp,open_alex,false
dblp-37440,open_alex-36165,dblp,open_alex,false
dblp-37475,open_alex-51280,dblp,open_alex,false
dblp-37478,open_alex-51136,dblp,open_alex,false
dblp-37514,open_alex-52891,dblp,open_alex,false
dblp-37549,open_alex-04156,dblp,open_alex,false
dblp-37554,open_alex-50655,dblp,open_alex,false
dblp-37595,open_alex-52353,dblp,open_alex,false
dblp-37602,open_alex-37150,dblp,open_alex,false
dblp-37636,open_alex-11377,dblp,open_alex,false
dblp-37683,open_alex-54957,dblp,open_alex,false
dblp-37724,open_alex-26501,dblp,open_alex,false
dblp-37759,open_alex-27927,dblp,open_alex,false
dblp-37764,open_alex-28911,dblp,open_alex,false
dblp-37773,open_alex-16470,dblp,open_alex,false
dblp-37800,open_alex-49979,dblp,open_alex,false
dblp-37806,open_alex-33819,dblp,open_alex,false
dblp-37828,open_alex-55729,dblp,open_alex,false
dblp-37867,open_alex-19308,dblp,open_alex,false
dblp-37883,open_alex-17657,dblp,open_alex,false
dblp-37919,open_alex-13533,dblp,open_alex,false
dblp-37933,open_alex-48090,dblp,open_alex,false
dblp-37934,open_alex-44554,dblp,open_alex,false
dblp-37966,open_alex-08873,dblp,open_alex,false
dblp-37966,open_alex-13729,dblp,open_alex,false
dblp-37980,open_alex-03229,dblp,open_alex,false
dblp-37986,open_alex-15917,dblp,open_alex,false
dblp-38021,open_alex-02094,dblp,open_alex,false
dblp-38021,open_alex-51282,dblp,open_alex,false
dblp-38028,open_alex-32804,dblp,open_alex,false
dblp-38111,open_alex-25872,dblp,open_alex,false
dblp-38120,open_alex-12527,dblp,open_alex,false
dblp-38127,open_alex-58531,dblp,open_alex,false
dblp-38133,open_alex-16845,dblp,open_alex,false
dblp-38222,open_alex-39715,dblp,open_alex,false
dblp-38235,open_alex-45786,dblp,open_alex,false
dblp-38242,open_alex-43131,dblp,open_alex,false
dblp-38296,open_alex-00202,dblp,open_alex,false
dblp-38296,open_alex-52555,dblp,open_alex,false
dblp-38301,open_alex-35021,dblp,open_alex,false
dblp-38340,open_alex-53959,dblp,open_alex,false
dblp-38350,open_alex-44072,dblp,open_alex,false
dblp-38363,open_alex-48056,dblp,open_alex,false
dblp-38443,open_alex-06846,dblp,open_alex,false
dblp-38457,open_alex-51970,dblp,open_alex,false
dblp-38478,open_alex-50481,dblp,open_alex,false
dblp-38521,open_alex-43869,dblp,open_alex,false
dblp-38537,open_alex-30200,dblp,open_alex,false
dblp-38566,open_alex-01326,dblp,open_alex,false
dblp-38583,open_alex-49757,dblp,open_alex,false
dblp-38610,open_alex-49089,dblp,open_alex,false
dblp-38657,open_alex-42574,dblp,open_alex,false
dblp-38661,open_alex-04562,dblp,open_alex,false
dblp-38661,open_alex-27362,dblp,open_alex,false
dblp-38661,open_alex-29662,dblp,open_alex,false
dblp-38667,open_alex-58158,dblp,open_alex,false
dblp-38769,open_alex-60277,dblp,open_alex,false
dblp-38828,open_alex-03113,dblp,open_alex,false
dblp-38841,open_alex-05012,dblp,open_alex,false
dblp-38864,open_alex-28175,dblp,open_alex,false
dblp-38958,open_alex-30928,dblp,open_alex,false
dblp-38983,open_alex-44011,dblp,open_alex,false
dblp-38992,open_alex-31640,dblp,open_alex,false
dblp-39066,open_alex-43264,dblp,open_alex,false
dblp-39117,open_alex-60637,dblp,open_alex,false
dblp-39122,open_alex-30661,dblp,open_alex,false
dblp-39122,open_alex-39590,dblp,open_alex,false
dblp-39165,open_alex-04702,dblp,open_alex,false
dblp-39166,open_alex-11011,dblp,open_alex,false
dblp-39183,open_alex-55988,dblp,open_alex,false
dblp-39203,open_alex-49816,dblp,open_alex,false
dblp-39251,open_alex-14843,dblp,open_alex,false
dblp-39292,open_alex-41416,dblp,open_alex,false
dblp-39324,open_alex-16604,dblp,open_alex,false
dblp-39430,open_alex-55334,dblp,open_alex,false
dblp-39438,open_alex-14010,dblp,open_alex,false
dblp-39480,open_alex-47117,dblp,open_alex,false
dblp-39498,open_alex-01061,dblp,open_alex,false
dblp-39525,open_alex-17900,dblp,open_alex,false
dblp-39546,open_alex-17404,dblp,open_alex,false
dblp-39550,open_alex-09731,dblp,open_alex,false
dblp-39571,open_alex-12715,dblp,open_alex,false
dblp-39595,open_alex-09006,dblp,open_alex,false
dblp-39595,open_alex-19519,dblp,open_alex,false
dblp-39595,open_alex-38441,dblp,open_alex,false
dblp-39600,open_alex-54228,dblp,open_alex,false
dblp-39607,open_alex-02331,dblp,open_alex,false
dblp-39608,open_alex-18770,dblp,open_alex,false
dblp-39638,open_alex-51280,dblp,open_alex,false
dblp-39655,open_alex-32514,dblp,open_alex,false
dblp-39658,open_alex-35020,dblp,open_alex,false
dblp-39662,open_alex-48707,dblp,open_alex,false
dblp-39672,open_alex-50542,dblp,open_alex,false
dblp-39677,open_alex-19005,dblp,open_alex,false
dblp-39687,open_alex-08228,dblp,open_alex,false
dblp-39688,open_alex-10769,dblp,open_alex,false
dblp-39736,open_alex-45145,dblp,open_alex,false
dblp-39769,open_alex-14081,dblp,open_alex,false
dblp-39775,open_alex-35449,dblp,open_alex,false
dblp-39782,open_alex-56653,dblp,open_alex,false
dblp-39834,open_alex-56155,dblp,open_alex,false
dblp-39839,open_alex-22227,dblp,open_alex,false
dblp-39849,open_alex-58969,dblp,open_alex,false
dblp-39957,open_alex-22332,dblp,open_alex,false
dblp-39982,open_alex-56402,dblp,open_alex,false
dblp-40018,open_alex-52928,dblp,open_alex,false
dblp-40073,open_alex-42992,dblp,open_alex,false
dblp-40075,open_alex-12307,dblp,open_alex,false
dblp-40083,open_alex-36856,dblp,open_alex,false
dblp-40093,open_alex-52141,dblp,open_alex,false
dblp-40098,open_alex-25642,dblp,open_alex,false
dblp-40098,open_alex-45851,dblp,open_alex,false
dblp-40106,open_alex-50404,dblp,open_alex,false
dblp-40143,open_alex-28471,dblp,open_alex,false
dblp-40213,open_alex-51026,dblp,open_alex,false
dblp-40234,open_alex-12796,dblp,open_alex,false
dblp-40269,open_alex-33882,dblp,open_alex,false
dblp-40316,open_alex-21973,dblp,open_alex,false
dblp-40322,open_alex-04441,dblp,open_alex,false
dblp-40330,open_alex-05582,dblp,open_alex,false
dblp-40333,open_alex-51136,dblp,open_alex,false
dblp-40378,open_alex-50481,dblp,open_alex,false
dblp-40415,open_alex-09381,dblp,open_alex,false
dblp-40426,open_alex-17498,dblp,open_alex,false
dblp-40432,open_alex-37386,dblp,open_alex,false
dblp-40442,open_alex-07055,dblp,open_alex,false
dblp-40448,open_alex-39207,dblp,open_alex,false
dblp-40478,open_alex-20676,dblp,open_alex,false
dblp-40485,open_alex-44355,dblp,open_alex,false
dblp-40536,open_alex-31717,dblp,open_alex,false
dblp-40536,open_alex-35806,dblp,open_alex,false
dblp-40558,open_alex-56118,dblp,open_alex,false
dblp-40560,open_alex-47443,dblp,open_alex,false
dblp-40608,open_alex-01440,dblp,open_alex,false
dblp-40608,open_alex-10815,dblp,open_alex,false
dblp-40688,open_alex-33667,dblp,open_alex,false
dblp-40732,open_alex-17301,dblp,open_alex,false
dblp-40737,open_alex-48163,dblp,open_alex,false
dblp-40739,open_alex-44779,dblp,open_alex,false
dblp-40791,open_alex-17244,dblp,open_alex,false
dblp-40819,open_alex-27400,dblp,open_alex,false
dblp-40824,open_alex-33036,dblp,open_alex,false
dblp-40834,open_alex-37250,dblp,open_alex,false
dblp-40868,open_alex-42163,dblp,open_alex,false
dblp-40872,open_alex-46783,dblp,open_alex,false
dblp-40881,open_alex-55797,dblp,open_alex,false
dblp-40904,open_alex-27646,dblp,open_alex,false
dblp-40912,open_alex-02186,dblp,open_alex,false
dblp-40929,open_alex-59468,dblp,open_alex,false
dblp-40946,open_alex-24072,dblp,open_alex,false
dblp-40956,open_alex-17735,dblp,open_alex,false
dblp-41007,open_alex-47228,dblp,open_alex,false
dblp-41020,open_alex-49076,dblp,open_alex,false
dblp-41030,open_alex-10462,dblp,open_alex,false
dblp-41052,open_alex-27558,dblp,open_alex,false
dblp-41058,open_alex-41497,dblp,open_alex,false
dblp-41099,open_alex-60511,dblp,open_alex,false
dblp-41110,open_alex-11963,dblp,open_alex,false
dblp-41110,open_alex-45218,dblp,open_alex,false
dblp-41116,open_alex-34336,dblp,open_alex,false
dblp-41137,open_alex-29644,dblp,open_alex,false
dblp-41140,open_alex-60424,dblp,open_alex,false
dblp-41174,open_alex-02265,dblp,open_alex,false
dblp-41179,open_alex-12760,dblp,open_alex,false
dblp-41252,open_alex-51091,dblp,open_alex,false
dblp-41261,open_alex-36454,dblp,open_alex,false
dblp-41329,open_alex-05831,dblp,open_alex,false
dblp-41336,open_alex-59520,dblp,open_alex,false
dblp-41350,open_alex-05708,dblp,open_alex,false
dblp-41404,open_alex-58850,dblp,open_alex,false
dblp-41413,open_alex-47242,dblp,open_alex,false
dblp-41451,open_alex-38435,dblp,open_alex,false
dblp-41453,open_alex-11629,dblp,open_alex,false
dblp-41489,open_alex-46748,dblp,open_alex,false
dblp-41514,open_alex-41352,dblp,open_alex,false
dblp-41546,open_alex-55311,dblp,open_alex,false
dblp-41551,open_alex-10769,dblp,open_alex,false
dblp-41582,open_alex-31793,dblp,open_alex,false
dblp-41583,open_alex-18714,dblp,open_alex,false
dblp-41586,open_alex-10038,dblp,open_alex,false
dblp-41625,open_alex-58680,dblp,open_alex,false
dblp-41626,open_alex-51032,dblp,open_alex,false
dblp-41631,open_alex-17730,dblp,open_alex,false
dblp-41654,open_alex-55626,dblp,open_alex,false
dblp-41681,open_alex-31985,dblp,open_alex,false
dblp-41763,open_alex-03588,dblp,open_alex,false
dblp-41763,open_alex-47722,dblp,open_alex,false
dblp-41784,open_alex-39719,dblp,open_alex,false
dblp-41847,open_alex-25759,dblp,open_alex,false
dblp-41880,open_alex-39306,dblp,open_alex,false
dblp-41912,open_alex-39511,dblp,open_alex,false
dblp-41953,open_alex-01003,dblp,open_alex,false
dblp-42038,open_alex-51351,dblp,open_alex,false
dblp-42052,open_alex-21572,dblp,open_alex,false
dblp-42076,open_alex-40179,dblp,open_alex,false
dblp-42140,open_alex-58723,dblp,open_alex,false
dblp-42150,open_alex-18167,dblp,open_alex,false
dblp-42164,open_alex-59679,dblp,open_alex,false
dblp-42202,open_alex-57873,dblp,open_alex,false
dblp-42271,open_alex-27708,dblp,open_alex,false
dblp-42276,open_alex-01751,dblp,open_alex,false
dblp-42279,open_alex-34848,dblp,open_alex,false
dblp-42307,open_alex-60648,dblp,open_alex,false
dblp-42331,open_alex-40656,dblp,open_alex,false
dblp-42342,open_alex-23013,dblp,open_alex,false
dblp-42342,open_alex-42166,dblp,open_alex,false
dblp-42357,open_alex-52379,dblp,open_alex,false
dblp-42360,open_alex-16286,dblp,open_alex,false
dblp-42392,open_alex-39345,dblp,open_alex,false
dblp-42408,open_alex-18086,dblp,open_alex,false
dblp-42414,open_alex-50195,dblp,open_alex,false
dblp-42463,open_alex-18810,dblp,open_alex,false
dblp-42473,open_alex-02043,dblp,open_alex,false
dblp-42479,open_alex-56858,dblp,open_alex,false
dblp-42505,open_alex-06075,dblp,open_alex,false
dblp-42505,open_alex-44136,dblp,open_alex,false
dblp-42593,open_alex-06748,dblp,open_alex,false
dblp-42601,open_alex-03777,dblp,open_alex,false
dblp-42643,open_alex-48216,dblp,open_alex,false
dblp-42665,open_alex-25329,dblp,open_alex,false
dblp-42704,open_alex-34367,dblp,open_alex,false
dblp-42792,open_alex-37110,dblp,open_alex,false
dblp-42834,open_alex-38803,dblp,open_alex,false
dblp-42884,open_alex-08376,dblp,open_alex,false
dblp-42890,open_alex-06485,dblp,open_alex,false
dblp-42988,open_alex-12064,dblp,open_alex,false
dblp-43011,open_alex-43418,dblp,open_alex,false
dblp-43104,open_alex-33408,dblp,open_alex,false
dblp-43127,open_alex-27085,dblp,open_alex,false
dblp-43138,open_alex-35403,dblp,open_alex,false
dblp-43155,open_alex-32212,dblp,open_alex,false
dblp-43163,open_alex-04762,dblp,open_alex,false
dblp-43164,open_alex-51921,dblp,open_alex,false
dblp-43172,open_alex-01453,dblp,open_alex,false
dblp-43244,open_alex-56112,dblp,open_alex,false
dblp-43265,open_alex-27060,dblp,open_alex,false
dblp-43273,open_alex-36090,dblp,open_alex,false
dblp-43293,open_alex-39262,dblp,open_alex,false
dblp-43334,open_alex-36763,dblp,open_alex,false
dblp-43345,open_alex-21593,dblp,open_alex,false
dblp-43365,open_alex-22103,dblp,open_alex,false
dblp-43411,open_alex-16686,dblp,open_alex,false
dblp-43435,open_alex-27271,dblp,open_alex,false
dblp-43457,open_alex-58247,dblp,open_alex,false
dblp-43489,open_alex-07982,dblp,open_alex,false
dblp-43489,open_alex-46767,dblp,open_alex,false
dblp-43497,open_alex-30489,dblp,open_alex,false
dblp-43518,open_alex-34367,dblp,open_alex,false
dblp-43528,open_alex-15409,dblp,open_alex,false
dblp-43530,open_alex-35091,dblp,open_alex,false
dblp-43562,open_alex-26919,dblp,open_alex,false
dblp-43630,open_alex-11474,dblp,open_alex,false
dblp-43635,open_alex-22806,dblp,open_alex,false
dblp-43653,open_alex-59449,dblp,open_alex,false
dblp-43658,open_alex-35495,dblp,open_alex,false
dblp-43658,open_alex-36473,dblp,open_alex,false
dblp-43695,open_alex-44672,dblp,open_alex,false
dblp-43696,open_alex-12764,dblp,open_alex,false
dblp-43704,open_alex-23148,dblp,open_alex,false
dblp-43726,open_alex-57299,dblp,open_alex,false
dblp-43741,open_alex-45934,dblp,open_alex,false
dblp-43749,open_alex-48919,dblp,open_alex,false
dblp-43762,open_alex-16529,dblp,open_alex,false
dblp-43781,open_alex-22397,dblp,open_alex,false
dblp-43782,open_alex-24069,dblp,open_alex,false
dblp-43818,open_alex-35469,dblp,open_alex,false
dblp-43853,open_alex-03379,dblp,open_alex,false
dblp-43860,open_alex-00942,dblp,open_alex,false
dblp-43863,open_alex-11870,dblp,open_alex,false
dblp-43873,open_alex-56778,dblp,open_alex,false
dblp-43874,open_alex-46764,dblp,open_alex,false
dblp-43898,open_alex-39634,dblp,open_alex,false
dblp-43932,open_alex-50070,dblp,open_alex,false
dblp-43957,open_alex-50716,dblp,open_alex,false
dblp-43972,open_alex-33753,dblp,open_alex,false
dblp-44005,open_alex-52000,dblp,open_alex,false
dblp-44026,open_alex-11783,dblp,open_alex,false
dblp-44079,open_alex-43799,dblp,open_alex,false
dblp-44126,open_alex-48721,dblp,open_alex,false
dblp-44136,open_alex-45930,dblp,open_alex,false
dblp-44170,open_alex-47676,dblp,open_alex,false
dblp-44211,open_alex-49964,dblp,open_alex,false
dblp-44270,open_alex-59557,dblp,open_alex,false
dblp-44287,open_alex-30092,dblp,open_alex,false
dblp-44390,open_alex-35244,dblp,open_alex,false
dblp-44390,open_alex-37453,dblp,open_alex,false
dblp-44495,open_alex-03025,dblp,open_alex,false
dblp-44532,open_alex-41995,dblp,open_alex,false
dblp-44556,open_alex-16852,dblp,open_alex,false
dblp-44558,open_alex-41364,dblp,open_alex,false
dblp-44583,open_alex-35715,dblp,open_alex,false
dblp-44598,open_alex-13472,dblp,open_alex,false
dblp-44599,open_alex-50238,dblp,open_alex,false
dblp-44607,open_alex-00514,dblp,open_alex,false
dblp-44636,open_alex-33041,dblp,open_alex,false
dblp-44658,open_alex-43897,dblp,open_alex,false
dblp-44713,open_alex-29037,dblp,open_alex,false
dblp-44771,open_alex-02697,dblp,open_alex,false
dblp-44793,open_alex-17802,dblp,open_alex,false
dblp-44802,open_alex-17930,dblp,open_alex,false
dblp-44879,open_alex-14578,dblp,open_alex,false
dblp-45013,open_alex-34339,dblp,open_alex,false
dblp-45022,open_alex-32148,dblp,open_alex,false
dblp-45047,open_alex-19527,dblp,open_alex,false
dblp-45051,open_alex-37638,dblp,open_alex,false
dblp-45051,open_alex-52242,dblp,open_alex,false
dblp-45059,open_alex-03555,dblp,open_alex,false
dblp-45059,open_alex-24903,dblp,open_alex,false
dblp-45071,open_alex-22527,dblp,open_alex,false
dblp-45133,open_alex-03425,dblp,open_alex,false
dblp-45189,open_alex-09044,dblp,open_alex,false
dblp-45189,open_alex-20020,dblp,open_alex,false
dblp-45263,open_alex-44390,dblp,open_alex,false
dblp-45306,open_alex-19472,dblp,open_alex,false
dblp-45306,open_alex-49029,dblp,open_alex,false
dblp-45309,open_alex-16813,dblp,open_alex,false
dblp-45347,open_alex-42451,dblp,open_alex,false
dblp-45387,open_alex-44713,dblp,open_alex,false
dblp-45389,open_alex-16367,dblp,open_alex,false
dblp-45446,open_alex-13821,dblp,open_alex,false
dblp-45463,open_alex-45537,dblp,open_alex,false
dblp-45511,open_alex-26297,dblp,open_alex,false
dblp-45537,open_alex-28077,dblp,open_alex,false
dblp-45624,open_alex-49137,dblp,open_alex,false
dblp-45631,open_alex-01256,dblp,open_alex,false
dblp-45650,open_alex-51310,dblp,open_alex,false
dblp-45652,open_alex-07707,dblp,open_alex,false
dblp-45726,open_alex-29600,dblp,open_alex,false
dblp-45729,open_alex-22575,dblp,open_alex,false
dblp-45775,open_alex-26892,dblp,open_alex,false
dblp-45787,open_alex-16793,dblp,open_alex,false
dblp-45787,open_alex-51255,dblp,open_alex,false
dblp-45795,open_alex-29611,dblp,open_alex,false
dblp-45810,open_alex-50233,dblp,open_alex,false
dblp-45834,open_alex-33855,dblp,open_alex,false
dblp-45846,open_alex-20524,dblp,open_alex,false
dblp-45854,open_alex-33497,dblp,open_alex,false
dblp-45868,open_alex-29341,dblp,open_alex,false
dblp-45879,open_alex-45856,dblp,open_alex,false
dblp-45887,open_alex-50404,dblp,open_alex,false
dblp-45944,open_alex-48871,dblp,open_alex,false
dblp-45984,open_alex-54835,dblp,open_alex,false
dblp-46012,open_alex-07905,dblp,open_alex,false
dblp-46017,open_alex-11887,dblp,open_alex,false
dblp-46027,open_alex-07264,dblp,open_alex,false
dblp-46107,open_alex-29364,dblp,open_alex,false
dblp-46115,open_alex-02622,dblp,open_alex,false
dblp-46162,open_alex-08014,dblp,open_alex,false
dblp-46178,open_alex-12195,dblp,open_alex,false
dblp-46234,open_alex-57600,dblp,open_alex,false
dblp-46296,open_alex-31229,dblp,open_alex,false
dblp-46298,open_alex-27067,dblp,open_alex,false
dblp-46301,open_alex-24678,dblp,open_alex,false
dblp-46444,open_alex-15738,dblp,open_alex,false
dblp-46454,open_alex-40155,dblp,open_alex,false
dblp-46463,open_alex-06091,dblp,open_alex,false
dblp-46469,open_alex-21020,dblp,open_alex,false
dblp-46487,open_alex-54186,dblp,open_alex,false
dblp-46490,open_alex-48267,dblp,open_alex,false
dblp-46522,open_alex-49891,dblp,open_alex,false
dblp-46528,open_alex-43812,dblp,open_alex,false
dblp-46535,open_alex-09973,dblp,open_alex,false
dblp-46584,open_alex-07129,dblp,open_alex,false
dblp-46595,open_alex-52191,dblp,open_alex,false
dblp-46608,open_alex-57628,dblp,open_alex,false
dblp-46610,open_alex-53153,dblp,open_alex,false
dblp-46640,open_alex-21570,dblp,open_alex,false
dblp-46653,open_alex-31733,dblp,open_alex,false
dblp-46658,open_alex-42741,dblp,open_alex,false
dblp-46662,open_alex-25226,dblp,open_alex,false
dblp-46667,open_alex-02259,dblp,open_alex,false
dblp-46726,open_alex-02152,dblp,open_alex,false
dblp-46739,open_alex-18044,dblp,open_alex,false
dblp-46739,open_alex-21480,dblp,open_alex,false
dblp-46739,open_alex-23025,dblp,open_alex,false
dblp-46749,open_alex-21499,dblp,open_alex,false
dblp-46803,open_alex-01437,dblp,open_alex,false
dblp-46808,open_alex-49718,dblp,open_alex,false
dblp-46837,open_alex-37535,dblp,open_alex,false
dblp-46856,open_alex-06646,dblp,open_alex,false
dblp-46863,open_alex-26192,dblp,open_alex,false
dblp-46921,open_alex-23642,dblp,open_alex,false
dblp-46931,open_alex-53680,dblp,open_alex,false
dblp-46949,open_alex-49710,dblp,open_alex,false
dblp-46987,open_alex-36098,dblp,open_alex,false
dblp-47007,open_alex-44753,dblp,open_alex,false
dblp-47056,open_alex-55569,dblp,open_alex,false
dblp-47114,open_alex-54803,dblp,open_alex,false
dblp-47127,open_alex-49806,dblp,open_alex,false
dblp-47134,open_alex-46856,dblp,open_alex,false
dblp-47146,open_alex-10941,dblp,open_alex,false
dblp-47161,open_alex-51821,dblp,open_alex,false
dblp-47172,open_alex-19888,dblp,open_alex,false
dblp-47200,open_alex-27752,dblp,open_alex,false
dblp-47297,open_alex-33231,dblp,open_alex,false
dblp-47297,open_alex-52971,dblp,open_alex,false
dblp-47305,open_alex-03998,dblp,open_alex,false
dblp-47349,open_alex-27085,dblp,open_alex,false
dblp-47366,open_alex-39482,dblp,open_alex,false
dblp-47382,open_alex-32630,dblp,open_alex,false
dblp-47382,open_alex-34337,dblp,open_alex,false
dblp-47415,open_alex-19872,dblp,open_alex,false
dblp-47422,open_alex-03076,dblp,open_alex,false
dblp-47426,open_alex-40213,dblp,open_alex,false
dblp-47508,open_alex-21099,dblp,open_alex,false
dblp-47576,open_alex-41600,dblp,open_alex,false
dblp-47601,open_alex-16084,dblp,open_alex,false
dblp-47601,open_alex-35915,dblp,open_alex,false
dblp-47621,open_alex-19745,dblp,open_alex,false
dblp-47653,open_alex-05931,dblp,open_alex,false
dblp-47709,open_alex-12518,dblp,open_alex,false
dblp-47750,open_alex-31210,dblp,open_alex,false
dblp-47772,open_alex-41956,dblp,open_alex,false
dblp-47773,open_alex-25297,dblp,open_alex,false
dblp-47778,open_alex-38642,dblp,open_alex,false
dblp-47804,open_alex-02328,dblp,open_alex,false
dblp-47804,open_alex-08532,dblp,open_alex,false
dblp-47825,open_alex-29905,dblp,open_alex,false
dblp-47890,open_alex-49457,dblp,open_alex,false
dblp-47901,open_alex-03486,dblp,open_alex,false
dblp-47906,open_alex-01012,dblp,open_alex,false
dblp-47925,open_alex-36246,dblp,open_alex,false
dblp-47976,open_alex-57071,dblp,open_alex,false
dblp-48018,open_alex-34908,dblp,open_alex,false
dblp-48066,open_alex-04100,dblp,open_alex,false
dblp-48109,open_alex-22905,dblp,open_alex,false
dblp-48143,open_alex-20520,dblp,open_alex,false
dblp-48150,open_alex-30495,dblp,open_alex,false
dblp-48166,open_alex-42128,dblp,open_alex,false
dblp-48191,open_alex-42135,dblp,open_alex,false
dblp-48283,open_alex-21853,dblp,open_alex,false
dblp-48296,open_alex-35589,dblp,open_alex,false
dblp-48307,open_alex-40492,dblp,open_alex,false
dblp-48345,open_alex-42620,dblp,open_alex,false
dblp-48346,open_alex-14459,dblp,open_alex,false
dblp-48362,open_alex-23900,dblp,open_alex,false
dblp-48370,open_alex-38042,dblp,open_alex,false
dblp-48419,open_alex-56734,dblp,open_alex,false
dblp-48452,open_alex-45434,dblp,open_alex,false
dblp-48472,open_alex-33089,dblp,open_alex,false
dblp-48487,open_alex-00315,dblp,open_alex,false
dblp-48501,open_alex-31067,dblp,open_alex,false
dblp-48548,open_alex-31292,dblp,open_alex,false
dblp-48548,open_alex-44620,dblp,open_alex,false
dblp-48560,open_alex-28593,dblp,open_alex,false
dblp-48591,open_alex-39566,dblp,open_alex,false
dblp-48609,open_alex-44356,dblp,open_alex,false
dblp-48620,open_alex-34867,dblp,open_alex,false
dblp-48649,open_alex-21215,dblp,open_alex,false
dblp-48667,open_alex-20510,dblp,open_alex,false
dblp-48678,open_alex-25631,dblp,open_alex,false
dblp-48764,open_alex-06014,dblp,open_alex,false
dblp-48836,open_alex-04233,dblp,open_alex,false
dblp-48935,open_alex-07948,dblp,open_alex,false
dblp-48935,open_alex-20691,dblp,open_alex,false
dblp-48962,open_alex-21273,dblp,open_alex,false
dblp-48985,open_alex-33750,dblp,open_alex,false
dblp-49058,open_alex-11925,dblp,open_alex,false
dblp-49059,open_alex-12054,dblp,open_alex,false
dblp-49073,open_alex-47183,dblp,open_alex,false
dblp-49075,open_alex-31893,dblp,open_alex,false
dblp-49087,open_alex-41403,dblp,open_alex,false
dblp-49090,open_alex-59437,dblp,open_alex,false
dblp-49091,open_alex-07117,dblp,open_alex,false
dblp-49099,open_alex-04339,dblp,open_alex,false
dblp-49108,open_alex-54439,dblp,open_alex,false
dblp-49176,open_alex-57217,dblp,open_alex,false
dblp-49248,open_alex-11979,dblp,open_alex,false
dblp-49253,open_alex-20226,dblp,open_alex,false
dblp-49304,open_alex-19428,dblp,open_alex,false
dblp-49304,open_alex-46018,dblp,open_alex,false
dblp-49373,open_alex-01047,dblp,open_alex,false
dblp-49373,open_alex-52972,dblp,open_alex,false
dblp-49471,open_alex-57139,dblp,open_alex,false
dblp-49539,open_alex-30553,dblp,open_alex,false
dblp-49543,open_alex-46782,dblp,open_alex,false
dblp-49579,open_alex-25747,dblp,open_alex,false
dblp-49583,open_alex-44751,dblp,open_alex,false
dblp-49682,open_alex-42681,dblp,open_alex,false
dblp-49701,open_alex-53686,dblp,open_alex,false
dblp-49704,open_alex-54798,dblp,open_alex,false
dblp-49705,open_alex-17701,dblp,open_alex,false
dblp-49743,open_alex-55744,dblp,open_alex,false
dblp-49760,open_alex-30650,dblp,open_alex,false
dblp-49782,open_alex-58186,dblp,open_alex,false
dblp-49794,open_alex-57380,dblp,open_alex,false
dblp-49816,open_alex-59926,dblp,open_alex,false
dblp-49858,open_alex-02173,dblp,open_alex,false
dblp-49864,open_alex-54399,dblp,open_alex,false
dblp-49870,open_alex-37810,dblp,open_alex,false
dblp-49872,open_alex-05215,dblp,open_alex,false
dblp-49872,open_alex-33577,dblp,open_alex,false
dblp-49874,open_alex-08326,dblp,open_alex,false
dblp-49901,open_alex-04720,dblp,open_alex,false
dblp-49959,open_alex-17805,dblp,open_alex,false
dblp-49991,open_alex-37979,dblp,open_alex,false
dblp-50035,open_alex-54618,dblp,open_alex,false
dblp-50049,open_alex-16070,dblp,open_alex,false
dblp-50142,open_alex-60480,dblp,open_alex,false
dblp-50151,open_alex-25715,dblp,open_alex,false
dblp-50206,open_alex-53941,dblp,open_alex,false
dblp-50219,open_alex-34209,dblp,open_alex,false
dblp-50237,open_alex-19591,dblp,open_alex,false
dblp-50250,open_alex-48169,dblp,open_alex,false
dblp-50275,open_alex-22109,dblp,open_alex,false
dblp-50289,open_alex-35915,dblp,open_alex,false
dblp-50454,open_alex-21262,dblp,open_alex,false
dblp-50462,open_alex-34124,dblp,open_alex,false
dblp-50466,open_alex-53537,dblp,open_alex,false
dblp-50504,open_alex-44230,dblp,open_alex,false
dblp-50514,open_alex-01631,dblp,open_alex,false
dblp-50543,open_alex-28243,dblp,open_alex,false
dblp-50552,open_alex-48678,dblp,open_alex,false
dblp-50568,open_alex-35012,dblp,open_alex,false
dblp-50572,open_alex-42779,dblp,open_alex,false
dblp-50587,open_alex-33047,dblp,open_alex,false
dblp-50604,open_alex-24992,dblp,open_alex,false
dblp-50657,open_alex-30605,dblp,open_alex,false
dblp-50710,open_alex-12256,dblp,open_alex,false
dblp-50762,open_alex-42179,dblp,open_alex,false
dblp-50770,open_alex-00445,dblp,open_alex,false
dblp-50804,open_alex-56939,dblp,open_alex,false
dblp-50810,open_alex-57648,dblp,open_alex,false
dblp-50826,open_alex-48580,dblp,open_alex,false
dblp-50862,open_alex-36946,dblp,open_alex,false
dblp-50898,open_alex-06942,dblp,open_alex,false
dblp-50898,open_alex-16326,dblp,open_alex,false
dblp-50900,open_alex-43092,dblp,open_alex,false
dblp-50912,open_alex-26002,dblp,open_alex,false
dblp-50920,open_alex-23568,dblp,open_alex,false
dblp-50934,open_alex-16256,dblp,open_alex,false
dblp-50953,open_alex-21132,dblp,open_alex,false
dblp-50976,open_alex-50836,dblp,open_alex,false
dblp-50980,open_alex-48252,dblp,open_alex,false
dblp-51008,open_alex-18266,dblp,open_alex,false
dblp-51023,open_alex-05857,dblp,open_alex,false
dblp-51042,open_alex-13862,dblp,open_alex,false
dblp-51044,open_alex-30097,dblp,open_alex,false
dblp-51060,open_alex-51018,dblp,open_alex,false
dblp-51087,open_alex-31356,dblp,open_alex,false
dblp-51087,open_alex-49505,dblp,open_alex,false
dblp-51089,open_alex-48385,dblp,open_alex,false
dblp-51095,open_alex-19027,dblp,open_alex,false
dblp-51126,open_alex-00821,dblp,open_alex,false
dblp-51126,open_alex-05493,dblp,open_alex,false
dblp-51133,open_alex-56166,dblp,open_alex,false
dblp-51174,open_alex-60568,dblp,open_alex,false
dblp-51209,open_alex-53303,dblp,open_alex,false
dblp-51234,open_alex-15492,dblp,open_alex,false
dblp-51262,open_alex-01665,dblp,open_alex,false
dblp-51358,open_alex-09900,dblp,open_alex,false
dblp-51376,open_alex-02790,dblp,open_alex,false
dblp-51405,open_alex-51893,dblp,open_alex,false
dblp-51406,open_alex-48375,dblp,open_alex,false
dblp-51447,open_alex-06986,dblp,open_alex,false
dblp-51515,open_alex-36645,dblp,open_alex,false
dblp-51585,open_alex-25153,dblp,open_alex,false
dblp-51594,open_alex-39257,dblp,open_alex,false
dblp-51603,open_alex-22761,dblp,open_alex,false
dblp-51617,open_alex-22508,dblp,open_alex,false
dblp-51657,open_alex-20636,dblp,open_alex,false
dblp-51697,open_alex-52398,dblp,open_alex,false
dblp-51760,open_alex-17428,dblp,open_alex,false
dblp-51779,open_alex-29458,dblp,open_alex,false
dblp-51826,open_alex-19974,dblp,open_alex,false
dblp-51835,open_alex-04451,dblp,open_alex,false
dblp-51835,open_alex-13533,dblp,open_alex,false
dblp-51835,open_alex-28449,dblp,open_alex,false
dblp-51841,open_alex-21499,dblp,open_alex,false
dblp-51845,open_alex-37901,dblp,open_alex,false
dblp-51847,open_alex-04281,dblp,open_alex,false
dblp-51908,open_alex-08785,dblp,open_alex,false
dblp-51978,open_alex-22481,dblp,open_alex,false
dblp-52040,open_alex-06748,dblp,open_alex,false
dblp-52105,open_alex-01797,dblp,open_alex,false
dblp-52105,open_alex-07907,dblp,open_alex,false
dblp-52110,open_alex-05775,dblp,open_alex,false
dblp-52192,open_alex-31437,dblp,open_alex,false
dblp-52197,open_alex-07457,dblp,open_alex,false
dblp-52201,open_alex-36454,dblp,open_alex,false
dblp-52272,open_alex-53727,dblp,open_alex,false
dblp-52320,open_alex-18202,dblp,open_alex,false
dblp-52357,open_alex-51318,dblp,open_alex,false
dblp-52360,open_alex-33165,dblp,open_alex,false
dblp-52380,open_alex-59988,dblp,open_alex,false
dblp-52391,open_alex-59008,dblp,open_alex,false
dblp-52407,open_alex-05977,dblp,open_alex,false
dblp-52417,open_alex-21081,dblp,open_alex,false
dblp-52417,open_alex-23030,dblp,open_alex,false
dblp-52436,open_alex-54984,dblp,open_alex,false
dblp-52460,open_alex-48108,dblp,open_alex,false
dblp-52502,open_alex-48318,dblp,open_alex,false
dblp-52521,open_alex-17922,dblp,open_alex,false
dblp-52539,open_alex-47593,dblp,open_alex,false
dblp-52539,open_alex-53631,dblp,open_alex,false
dblp-52548,open_alex-39833,dblp,open_alex,false
dblp-52587,open_alex-57486,dblp,open_alex,false
dblp-52589,open_alex-42664,dblp,open_alex,false
dblp-52596,open_alex-22055,dblp,open_alex,false
dblp-52653,open_alex-24666,dblp,open_alex,false
dblp-52679,open_alex-50687,dblp,open_alex,false
dblp-52684,open_alex-09691,dblp,open_alex,false
dblp-52711,open_alex-19466,dblp,open_alex,false
dblp-52711,open_alex-53457,dblp,open_alex,false
dblp-52737,open_alex-23036,dblp,open_alex,false
dblp-52769,open_alex-06730,dblp,open_alex,false
dblp-52816,open_alex-18607,dblp,open_alex,false
dblp-52844,open_alex-33464,dblp,open_alex,false
dblp-52900,open_alex-51669,dblp,open_alex,false
dblp-52988,open_alex-49672,dblp,open_alex,false
dblp-53043,open_alex-54333,dblp,open_alex,false
dblp-53141,open_alex-39275,dblp,open_alex,false
dblp-53155,open_alex-47644,dblp,open_alex,false
dblp-53208,open_alex-14470,dblp,open_alex,false
dblp-53208,open_alex-19415,dblp,open_alex,false
dblp-53227,open_alex-17760,dblp,open_alex,false
dblp-53248,open_alex-17775,dblp,open_alex,false
dblp-53258,open_alex-34394,dblp,open_alex,false
dblp-53299,open_alex-11808,dblp,open_alex,false
dblp-53340,open_alex-39067,dblp,open_alex,false
dblp-53357,open_alex-15645,dblp,open_alex,false
dblp-53359,open_alex-17963,dblp,open_alex,false
dblp-53392,open_alex-09099,dblp,open_alex,false
dblp-53463,open_alex-19424,dblp,open_alex,false
dblp-53465,open_alex-51153,dblp,open_alex,false
dblp-53481,open_alex-56900,dblp,open_alex,false
dblp-53485,open_alex-19152,dblp,open_alex,false
dblp-53543,open_alex-42053,dblp,open_alex,false
dblp-53563,open_alex-56232,dblp,open_alex,false
dblp-53591,open_alex-24291,dblp,open_alex,false
dblp-53599,open_alex-06944,dblp,open_alex,false
dblp-53647,open_alex-33992,dblp,open_alex,false
dblp-53781,open_alex-52864,dblp,open_alex,false
dblp-53821,open_alex-38082,dblp,open_alex,false
dblp-53829,open_alex-39417,dblp,open_alex,false
dblp-53838,open_alex-31302,dblp,open_alex,false
dblp-53838,open_alex-60544,dblp,open_alex,false
dblp-53886,open_alex-40440,dblp,open_alex,false
dblp-53900,open_alex-47390,dblp,open_alex,false
dblp-53929,open_alex-44812,dblp,open_alex,false
dblp-53944,open_alex-26259,dblp,open_alex,false
dblp-53958,open_alex-60629,dblp,open_alex,false
dblp-53962,open_alex-01751,dblp,open_alex,false
dblp-53968,open_alex-43888,dblp,open_alex,false
dblp-53981,open_alex-21993,dblp,open_alex,false
dblp-53981,open_alex-38223,dblp,open_alex,false
dblp-53991,open_alex-08005,dblp,open_alex,false
dblp-54022,open_alex-00025,dblp,open_alex,false
dblp-54069,open_alex-51652,dblp,open_alex,false
dblp-54076,open_alex-20136,dblp,open_alex,false
dblp-54101,open_alex-19745,dblp,open_alex,false
dblp-54109,open_alex-33772,dblp,open_alex,false
dblp-54114,open_alex-57590,dblp,open_alex,false
dblp-54121,open_alex-34627,dblp,open_alex,false
dblp-54130,open_alex-22498,dblp,open_alex,false
dblp-54140,open_alex-46205,dblp,open_alex,false
dblp-54157,open_alex-17329,dblp,open_alex,false
dblp-54164,open_alex-07530,dblp,open_alex,false
dblp-54169,open_alex-55887,dblp,open_alex,false
dblp-54172,open_alex-02082,dblp,open_alex,false
dblp-54187,open_alex-53289,dblp,open_alex,false
dblp-54203,open_alex-09146,dblp,open_alex,false
dblp-54204,open_alex-26095,dblp,open_alex,false
dblp-54204,open_alex-41707,dblp,open_alex,false
dblp-54227,open_alex-39375,dblp,open_alex,false
dblp-54252,open_alex-51231,dblp,open_alex,false
dblp-54272,open_alex-03308,dblp,open_alex,false
dblp-54308,open_alex-12555,dblp,open_alex,false
dblp-54353,open_alex-00514,dblp,open_alex,false
dblp-54361,open_alex-02494,dblp,open_alex,false
dblp-54363,open_alex-36457,dblp,open_alex,false
dblp-54373,open_alex-02744,dblp,open_alex,false
dblp-54398,open_alex-36612,dblp,open_alex,false
dblp-54398,open_alex-48930,dblp,open_alex,false
dblp-54451,open_alex-06754,dblp,open_alex,false
dblp-54515,open_alex-21540,dblp,open_alex,false
dblp-54515,open_alex-32148,dblp,open_alex,false
dblp-54577,open_alex-60019,dblp,open_alex,false
dblp-54596,open_alex-47242,dblp,open_alex,false
dblp-54601,open_alex-18286,dblp,open_alex,false
dblp-54607,open_alex-59672,dblp,open_alex,false
dblp-54639,open_alex-23839,dblp,open_alex,false
dblp-54658,open_alex-47329,dblp,open_alex,false
dblp-54662,open_alex-43126,dblp,open_alex,false
dblp-54715,open_alex-49093,dblp,open_alex,false
dblp-54734,open_alex-45121,dblp,open_alex,false
dblp-54752,open_alex-08270,dblp,open_alex,false
dblp-54779,open_alex-00546,dblp,open_alex,false
dblp-54788,open_alex-47834,dblp,open_alex,false
dblp-54802,open_alex-59716,dblp,open_alex,false
dblp-54805,open_alex-53812,dblp,open_alex,false
dblp-54839,open_alex-20596,dblp,open_alex,false
dblp-54861,open_alex-38443,dblp,open_alex,false
dblp-54914,open_alex-23973,dblp,open_alex,false
dblp-54918,open_alex-22239,dblp,open_alex,false
dblp-54924,open_alex-35452,dblp,open_alex,false
dblp-54940,open_alex-20787,dblp,open_alex,false
dblp-54945,open_alex-45582,dblp,open_alex,false
dblp-54948,open_alex-41173,dblp,open_alex,false
dblp-54989,open_alex-29846,dblp,open_alex,false
dblp-55009,open_alex-37638,dblp,open_alex,false
dblp-55055,open_alex-48891,dblp,open_alex,false
dblp-55110,open_alex-47413,dblp,open_alex,false
dblp-55165,open_alex-28309,dblp,open_alex,false
dblp-55186,open_alex-15705,dblp,open_alex,false
dblp-55209,open_alex-37509,dblp,open_alex,false
dblp-55287,open_alex-49254,dblp,open_alex,false
dblp-55298,open_alex-43605,dblp,open_alex,false
dblp-55305,open_alex-08832,dblp,open_alex,false
dblp-55418,open_alex-48162,dblp,open_alex,false
dblp-55462,open_alex-12951,dblp,open_alex,false
dblp-55462,open_alex-40693,dblp,open_alex,false
dblp-55493,open_alex-20084,dblp,open_alex,false
dblp-55551,open_alex-34672,dblp,open_alex,false
dblp-55563,open_alex-01484,dblp,open_alex,false
dblp-55563,open_alex-41173,dblp,open_alex,false
dblp-55585,open_alex-34141,dblp,open_alex,false
dblp-55600,open_alex-51051,dblp,open_alex,false
dblp-55624,open_alex-52242,dblp,open_alex,false
dblp-55630,open_alex-48150,dblp,open_alex,false
dblp-55637,open_alex-40000,dblp,open_alex,false
dblp-55669,open_alex-06174,dblp,open_alex,false
dblp-55669,open_alex-07153,dblp,open_alex,false
dblp-55704,open_alex-46594,dblp,open_alex,false
dblp-55745,open_alex-51026,dblp,open_alex,false
dblp-55749,open_alex-57440,dblp,open_alex,false
dblp-55794,open_alex-16328,dblp,open_alex,false
dblp-55801,open_alex-15865,dblp,open_alex,false
dblp-55832,open_alex-44374,dblp,open_alex,false
dblp-55906,open_alex-50716,dblp,open_alex,false
dblp-55965,open_alex-10780,dblp,open_alex,false
dblp-55982,open_alex-17255,dblp,open_alex,false
dblp-55982,open_alex-49848,dblp,open_alex,false
dblp-55985,open_alex-34321,dblp,open_alex,false
dblp-56004,open_alex-50325,dblp,open_alex,false
dblp-56005,open_alex-39680,dblp,open_alex,false
dblp-56010,open_alex-16151,dblp,open_alex,false
dblp-56038,open_alex-39482,dblp,open_alex,false
dblp-56059,open_alex-20973,dblp,open_alex,false
dblp-56102,open_alex-53149,dblp,open_alex,false
dblp-56105,open_alex-40884,dblp,open_alex,false
dblp-56106,open_alex-07316,dblp,open_alex,false
dblp-56148,open_alex-44352,dblp,open_alex,false
dblp-56166,open_alex-42728,dblp,open_alex,false
dblp-56203,open_alex-55238,dblp,open_alex,false
dblp-56213,open_alex-09331,dblp,open_alex,false
dblp-56231,open_alex-56379,dblp,open_alex,false
dblp-56255,open_alex-50280,dblp,open_alex,false
dblp-56263,open_alex-51007,dblp,open_alex,false
dblp-56272,open_alex-55499,dblp,open_alex,false
dblp-56301,open_alex-38100,dblp,open_alex,false
dblp-56328,open_alex-03759,dblp,open_alex,false
dblp-56395,open_alex-50929,dblp,open_alex,false
dblp-56436,open_alex-01325,dblp,open_alex,false
dblp-56438,open_alex-41958,dblp,open_alex,false
dblp-56455,open_alex-48995,dblp,open_alex,false
dblp-56459,open_alex-52605,dblp,open_alex,false
dblp-56482,open_alex-09517,dblp,open_alex,false
dblp-56545,open_alex-03074,dblp,open_alex,false
dblp-56559,open_alex-31602,dblp,open_alex,false
dblp-56582,open_alex-18989,dblp,open_alex,false
dblp-56616,open_alex-17537,dblp,open_alex,false
dblp-56689,open_alex-38284,dblp,open_alex,false
dblp-56703,open_alex-01507,dblp,open_alex,false
dblp-56703,open_alex-50950,dblp,open_alex,false
dblp-56735,open_alex-21936,dblp,open_alex,false
dblp-56768,open_alex-44549,dblp,open_alex,false
dblp-56773,open_alex-24218,dblp,open_alex,false
dblp-56783,open_alex-35915,dblp,open_alex,false
dblp-56794,open_alex-30132,dblp,open_alex,false
dblp-56796,open_alex-25673,dblp,open_alex,false
dblp-56806,open_alex-34058,dblp,open_alex,false
dblp-56843,open_alex-58895,dblp,open_alex,false
dblp-56854,open_alex-44093,dblp,open_alex,false
dblp-56857,open_alex-15542,dblp,open_alex,false
dblp-56883,open_alex-29223,dblp,open_alex,false
dblp-56954,open_alex-31726,dblp,open_alex,false
dblp-56993,open_alex-02214,dblp,open_alex,false
dblp-57041,open_alex-55640,dblp,open_alex,false
dblp-57126,open_alex-42629,dblp,open_alex,false
dblp-57150,open_alex-50685,dblp,open_alex,false
dblp-57166,open_alex-46649,dblp,open_alex,false
dblp-57195,open_alex-29081,dblp,open_alex,false
dblp-57230,open_alex-25483,dblp,open_alex,false
dblp-57230,open_alex-47724,dblp,open_alex,false
dblp-57240,open_alex-27918,dblp,open_alex,false
dblp-57260,open_alex-16565,dblp,open_alex,false
dblp-57281,open_alex-26507,dblp,open_alex,false
dblp-57292,open_alex-07707,dblp,open_alex,false
dblp-57311,open_alex-15099,dblp,open_alex,false
dblp-57330,open_alex-20217,dblp,open_alex,false
dblp-57408,open_alex-50424,dblp,open_alex,false
dblp-57430,open_alex-43605,dblp,open_alex,false
dblp-57446,open_alex-17620,dblp,open_alex,false
dblp-57465,open_alex-22330,dblp,open_alex,false
dblp-57516,open_alex-52852,dblp,open_alex,false
dblp-57529,open_alex-05100,dblp,open_alex,false
dblp-57532,open_alex-09532,dblp,open_alex,false
dblp-57532,open_alex-52488,dblp,open_alex,false
dblp-57575,open_alex-00626,dblp,open_alex,false
dblp-57578,open_alex-29642,dblp,open_alex,false
dblp-57604,open_alex-50802,dblp,open_alex,false
dblp-57616,open_alex-35602,dblp,open_alex,false
dblp-57666,open_alex-49560,dblp,open_alex,false
dblp-57688,open_alex-19180,dblp,open_alex,false
dblp-57689,open_alex-19724,dblp,open_alex,false
dblp-57689,open_alex-24055,dblp,open_alex,false
dblp-57700,open_alex-47266,dblp,open_alex,false
dblp-57714,open_alex-48424,dblp,open_alex,false
dblp-57781,open_alex-29284,dblp,open_alex,false
dblp-57809,open_alex-02946,dblp,open_alex,false
dblp-57833,open_alex-32999,dblp,open_alex,false
dblp-57933,open_alex-42798,dblp,open_alex,false
dblp-57952,open_alex-38794,dblp,open_alex,false
dblp-57999,open_alex-44634,dblp,open_alex,false
dblp-58005,open_alex-35943,dblp,open_alex,false
dblp-58065,open_alex-52264,dblp,open_alex,false
dblp-58112,open_alex-37562,dblp,open_alex,false
dblp-58146,open_alex-51551,dblp,open_alex,false
dblp-58150,open_alex-25048,dblp,open_alex,false
dblp-58166,open_alex-01751,dblp,open_alex,false
dblp-58189,open_alex-10641,dblp,open_alex,false
dblp-58212,open_alex-42152,dblp,open_alex,false
dblp-58253,open_alex-44819,dblp,open_alex,false
dblp-58284,open_alex-07279,dblp,open_alex,false
dblp-58306,open_alex-57633,dblp,open_alex,false
dblp-58309,open_alex-12635,dblp,open_alex,false
dblp-58323,open_alex-10373,dblp,open_alex,false
dblp-58362,open_alex-44955,dblp,open_alex,false
dblp-58385,open_alex-19105,dblp,open_alex,false
dblp-58391,open_alex-22933,dblp,open_alex,false
dblp-58431,open_alex-12322,dblp,open_alex,false
dblp-58538,open_alex-01576,dblp,open_alex,false
dblp-58547,open_alex-28626,dblp,open_alex,false
dblp-58586,open_alex-44740,dblp,open_alex,false
dblp-58632,open_alex-33589,dblp,open_alex,false
dblp-58653,open_alex-43177,dblp,open_alex,false
dblp-58723,open_alex-25110,dblp,open_alex,false
dblp-58732,open_alex-51749,dblp,open_alex,false
dblp-58744,open_alex-34067,dblp,open_alex,false
dblp-58767,open_alex-21005,dblp,open_alex,false
dblp-58784,open_alex-15381,dblp,open_alex,false
dblp-58798,open_alex-14686,dblp,open_alex,false
dblp-58814,open_alex-29762,dblp,open_alex,false
dblp-58844,open_alex-49766,dblp,open_alex,false
dblp-58885,open_alex-51690,dblp,open_alex,false
dblp-58958,open_alex-09037,dblp,open_alex,false
dblp-59005,open_alex-31579,dblp,open_alex,false
dblp-59028,open_alex-36238,dblp,open_alex,false
dblp-59041,open_alex-01472,dblp,open_alex,false
dblp-59123,open_alex-20688,dblp,open_alex,false
dblp-59228,open_alex-07545,dblp,open_alex,false
dblp-59266,open_alex-35495,dblp,open_alex,false
dblp-59270,open_alex-13914,dblp,open_alex,false
dblp-59317,open_alex-04950,dblp,open_alex,false
dblp-59344,open_alex-50528,dblp,open_alex,false
dblp-59377,open_alex-24038,dblp,open_alex,false
dblp-59406,open_alex-50386,dblp,open_alex,false
dblp-59498,open_alex-55624,dblp,open_alex,false
dblp-59519,open_alex-27431,dblp,open_alex,false
dblp-59519,open_alex-38321,dblp,open_alex,false
dblp-59552,open_alex-02874,dblp,open_alex,false
dblp-59561,open_alex-58312,dblp,open_alex,false
dblp-59573,open_alex-30893,dblp,open_alex,false
dblp-59690,open_alex-17808,dblp,open_alex,false
dblp-59691,open_alex-43627,dblp,open_alex,false
dblp-59706,open_alex-16945,dblp,open_alex,false
dblp-59725,open_alex-48101,dblp,open_alex,false
dblp-59753,open_alex-00466,dblp,open_alex,false
dblp-59753,open_alex-03718,dblp,open_alex,false
dblp-59801,open_alex-55289,dblp,open_alex,false
dblp-59806,open_alex-39086,dblp,open_alex,false
dblp-59846,open_alex-43449,dblp,open_alex,false
dblp-59955,open_alex-07747,dblp,open_alex,false
dblp-59971,open_alex-53607,dblp,open_alex,false
dblp-59973,open_alex-56396,dblp,open_alex,false
dblp-59983,open_alex-47895,dblp,open_alex,false
dblp-60049,open_alex-52891,dblp,open_alex,false
dblp-60112,open_alex-53799,dblp,open_alex,false
dblp-60170,open_alex-32964,dblp,open_alex,false
dblp-60180,open_alex-10198,dblp,open_alex,false
dblp-60192,open_alex-10568,dblp,open_alex,false
dblp-60192,open_alex-17135,dblp,open_alex,false
dblp-60222,open_alex-57798,dblp,open_alex,false
dblp-60259,open_alex-23455,dblp,open_alex,false
dblp-60294,open_alex-18834,dblp,open_alex,false
dblp-60326,open_alex-60045,dblp,open_alex,false
dblp-60332,open_alex-53680,dblp,open_alex,false
dblp-60347,open_alex-12596,dblp,open_alex,false
dblp-60352,open_alex-50127,dblp,open_alex,false
dblp-60359,open_alex-27982,dblp,open_alex,false
dblp-60387,open_alex-13626,dblp,open_alex,false
dblp-60460,open_alex-02189,dblp,open_alex,false
dblp-60484,open_alex-52467,dblp,open_alex,false
dblp-60490,open_alex-11798,dblp,open_alex,false
dblp-60498,open_alex-00101,dblp,open_alex,false
dblp-60499,open_alex-58867,dblp,open_alex,false
dblp-60518,open_alex-07787,dblp,open_alex,false
dblp-60550,open_alex-47954,dblp,open_alex,false
