id1,id2,score
lastFM_32281,mbrainz_14726,0.9940796555435952
lastFM_43547,mbrainz_18055,1.0
lastFM_72364,mbrainz_28981,0.7205882352941176
lastFM_52305,mbrainz_20762,0.8723684210526317
lastFM_8416,mbrainz_4054,0.5833333333333333
lastFM_29038,mbrainz_13427,0.7033492822966507
k02_interp_music_00036__lastfm,k02_interp_music_00036__musicbrainz,0.5
lastFM_77358,mbrainz_31032,0.4736603088101725
lastFM_2243,mbrainz_970,0.5833333333333333
lastFM_15614,mbrainz_7309,0.7282608695652174
lastFM_37733,mbrainz_16389,0.5
lastFM_30795,mbrainz_14136,0.75
lastFM_24328,mbrainz_11342,0.6833333333333333
lastFM_16033,mbrainz_7508,0.67
lastFM_8404,mbrainz_4046,0.6
lastFM_8134,mbrainz_3919,0.6047619047619047
lastFM_24290,mbrainz_11333,0.625
lastFM_4206,mbrainz_1884,0.43137254901960786
lastFM_629,mbrainz_341,0.5833333333333334
lastFM_19781,mbrainz_9299,0.6666666666666666
lastFM_10763,mbrainz_5167,0.4685945273631841
lastFM_36891,mbrainz_16161,0.6875
lastFM_58849,mbrainz_23204,0.75
lastFM_7467,mbrainz_3575,0.8055680958134718
lastFM_27447,mbrainz_12746,0.6810344827586207
lastFM_4650,mbrainz_2139,0.75
lastFM_6435,mbrainz_3047,1.0
lastFM_7410,mbrainz_3544,0.625
lastFM_5419,mbrainz_2542,0.71875
lastFM_32080,mbrainz_14648,0.9938823529411764
lastFM_64418,mbrainz_25550,0.4545454545454546
lastFM_83170,mbrainz_33650,0.5833333333333334
lastFM_697,mbrainz_370,0.7083333333333334
lastFM_72299,mbrainz_28953,0.7222222222222222
lastFM_73644,mbrainz_29530,0.5833333333333334
lastFM_27905,mbrainz_12946,0.988744075829384
lastFM_32396,mbrainz_14773,0.8628048780487805
lastFM_4721,mbrainz_2176,0.6625
lastFM_15208,mbrainz_7146,0.75
k02_interp_music_00082__lastfm,k02_interp_music_00082__musicbrainz,0.75
lastFM_28772,mbrainz_13323,0.625
lastFM_65388,mbrainz_25997,0.5087719298245614
lastFM_21587,mbrainz_15213,0.5
lastFM_46545,mbrainz_18954,0.8450850499269967
lastFM_50826,mbrainz_20177,0.9033917682926829
lastFM_66626,mbrainz_26570,0.7
lastFM_6470,mbrainz_3061,0.7096774193548387
lastFM_27941,mbrainz_12962,0.7642173546266399
lastFM_69727,mbrainz_27835,0.75
lastFM_28598,mbrainz_13253,1.0
k04__within_dup__lastfm__lastFM_28598,mbrainz_13253,1.0
lastFM_516,mbrainz_296,0.6704545454545454
lastFM_17337,mbrainz_8110,0.75
lastFM_10951,mbrainz_5250,0.75
lastFM_33286,mbrainz_15134,0.75
lastFM_4594,mbrainz_2105,0.5454545454545454
lastFM_20923,mbrainz_9827,0.9259259259259259
lastFM_11590,mbrainz_5511,0.7411504424778761
lastFM_4133,mbrainz_1845,0.5583333333333333
lastFM_54700,mbrainz_21594,0.5426356589147288
lastFM_36334,mbrainz_16030,0.75
lastFM_50123,mbrainz_19923,0.5799435028248587
lastFM_76111,mbrainz_30489,0.7010869565217391
lastFM_1490,mbrainz_641,0.75
lastFM_38000,mbrainz_16471,0.75
lastFM_5678,mbrainz_2674,0.75
lastFM_69888,mbrainz_27902,0.875
lastFM_1074,mbrainz_498,0.7802542512795113
lastFM_21449,mbrainz_10070,0.75
lastFM_72792,mbrainz_29182,0.5170068027210885
lastFM_82595,mbrainz_33377,0.7
lastFM_21874,mbrainz_10253,0.5875
lastFM_40955,mbrainz_17408,0.6408045977011494
k02_interp_music_00027__lastfm,k02_interp_music_00027__musicbrainz,0.5
k02_interp_music_00059__lastfm,k02_interp_music_00059__musicbrainz,0.75
lastFM_15001,mbrainz_7068,0.6071428571428572
lastFM_5964,mbrainz_2811,0.5
lastFM_78080,mbrainz_31367,0.5593971631205674
lastFM_26183,mbrainz_12155,1.0
lastFM_83004,mbrainz_33564,0.6170054038038264
lastFM_8050,mbrainz_3873,0.9375
lastFM_57012,mbrainz_22456,0.7523068050749712
lastFM_7623,mbrainz_3663,0.6388888888888888
lastFM_50291,mbrainz_19986,0.625
lastFM_18786,mbrainz_8813,0.4797885572139303
lastFM_34841,mbrainz_15657,0.467741935483871
lastFM_5249,mbrainz_2458,0.6666666666666666
lastFM_23682,mbrainz_11044,0.75
lastFM_13196,mbrainz_6256,0.6436170212765957
lastFM_49808,mbrainz_19825,0.6666666666666666
lastFM_26747,mbrainz_12416,0.9966329966329966
lastFM_49395,mbrainz_19686,0.84375
lastFM_433,mbrainz_254,0.75
lastFM_30080,mbrainz_13866,0.5183325548808968
lastFM_19533,mbrainz_9180,0.7152777777777778
k02_interp_music_00055__lastfm,k02_interp_music_00055__musicbrainz,0.5
lastFM_3516,mbrainz_1510,0.7261904761904762
lastFM_11345,mbrainz_5415,0.7045454545454546
lastFM_3963,mbrainz_1747,0.6666666666666666
lastFM_82327,mbrainz_33241,0.7016129032258065
lastFM_27482,mbrainz_12763,0.5208333333333333
lastFM_11395,mbrainz_5434,0.7
lastFM_2540,mbrainz_1101,0.6625
lastFM_13975,mbrainz_6614,0.75
lastFM_441,mbrainz_260,0.4375
lastFM_1769,mbrainz_754,0.47575757575757577
lastFM_32191,mbrainz_14691,0.5019230769230769
lastFM_76433,mbrainz_30626,0.34422268907563025
lastFM_55910,mbrainz_22029,0.6700913242009132
lastFM_11103,mbrainz_5311,0.75
lastFM_9651,mbrainz_4679,0.6597222222222222
lastFM_1426,mbrainz_621,0.6016212121212121
lastFM_2459,mbrainz_1061,0.5583333333333333
lastFM_7268,mbrainz_3470,0.7380952380952381
lastFM_14052,mbrainz_6644,0.625
lastFM_8926,mbrainz_4316,0.6416666666666666
lastFM_36969,mbrainz_16186,0.6915584415584416
lastFM_16037,mbrainz_7510,0.5833333333333333
lastFM_48793,mbrainz_19576,0.632183908045977
lastFM_7857,mbrainz_3779,0.9285714285714286
lastFM_6239,mbrainz_2951,0.55
lastFM_7807,mbrainz_3746,0.6574074074074074
lastFM_52243,mbrainz_6014,0.5119047619047619
lastFM_30275,mbrainz_13939,0.75
lastFM_16724,mbrainz_7842,0.8891488453455605
lastFM_29702,mbrainz_13703,0.5761440940012368
lastFM_4764,mbrainz_2199,0.7142857142857143
lastFM_11561,mbrainz_5498,0.6750687947165658
lastFM_13897,mbrainz_6573,0.75
lastFM_35875,mbrainz_15986,0.75
lastFM_22977,mbrainz_10744,0.6666666666666666
lastFM_47651,mbrainz_19305,0.6409090909090909
lastFM_67107,mbrainz_26784,0.5091836734693878
lastFM_13911,mbrainz_6578,0.6282051282051282
lastFM_72981,mbrainz_29262,0.4897959183673469
lastFM_3435,mbrainz_1472,0.5673076923076923
lastFM_56062,mbrainz_22096,0.5833333333333333
lastFM_9475,mbrainz_4598,0.6666666666666666
lastFM_1557,mbrainz_666,0.6041666666666666
lastFM_40079,mbrainz_17127,0.875
lastFM_2026,mbrainz_870,0.5833333333333333
lastFM_12227,mbrainz_5801,0.5833333333333333
lastFM_54,mbrainz_40,0.75
lastFM_53101,mbrainz_21027,0.9
lastFM_9137,mbrainz_4421,0.69
lastFM_78966,mbrainz_31745,0.7083333333333334
lastFM_21845,mbrainz_10238,0.5831766917293233
lastFM_33726,mbrainz_15336,0.625
lastFM_410,mbrainz_236,0.5625
lastFM_56428,mbrainz_22237,0.375
lastFM_19085,mbrainz_8963,0.7303921568627451
lastFM_17317,mbrainz_8104,0.7
lastFM_23168,mbrainz_10813,0.830503144654088
lastFM_78226,mbrainz_31436,0.4546631076599531
lastFM_30023,mbrainz_13837,0.7094594594594594
lastFM_68528,mbrainz_27382,0.6076388888888888
lastFM_60429,mbrainz_23850,0.75
lastFM_28837,mbrainz_13347,0.7042042042042042
k02_interp_music_00038__lastfm,k02_interp_music_00038__musicbrainz,0.5
lastFM_6832,mbrainz_3241,1.0
lastFM_63878,mbrainz_25334,0.6923076923076923
lastFM_13630,mbrainz_6459,0.6509433962264151
lastFM_5680,mbrainz_2676,0.75
lastFM_8086,mbrainz_3896,0.7232142857142857
lastFM_25239,mbrainz_11752,0.6272727272727273
lastFM_48946,mbrainz_19656,0.5442127575667949
lastFM_7890,mbrainz_3798,0.95
lastFM_72861,mbrainz_29214,0.5833333333333333
lastFM_23471,mbrainz_10956,0.34116465863453815
lastFM_18400,mbrainz_8635,0.6626984126984127
lastFM_7895,mbrainz_3801,0.9
lastFM_28569,mbrainz_13242,0.46710526315789475
lastFM_16967,mbrainz_7961,0.6508011557656947
lastFM_15033,mbrainz_7083,0.75
lastFM_29672,mbrainz_13689,0.6428571428571428
lastFM_5131,mbrainz_2392,0.75
lastFM_24736,mbrainz_11543,0.7171052631578947
lastFM_20101,mbrainz_9451,0.5738993710691824
lastFM_34846,mbrainz_15658,0.8181818181818181
lastFM_10915,mbrainz_5233,0.8333333333333333
lastFM_17340,mbrainz_8111,0.4959677419354839
lastFM_31957,mbrainz_14594,0.7817821782178218
lastFM_98,mbrainz_74,0.75
lastFM_6119,mbrainz_2891,0.75
lastFM_20540,mbrainz_9652,0.5
lastFM_20088,mbrainz_9447,0.6875
lastFM_10488,mbrainz_5052,0.6285714285714286
lastFM_29901,mbrainz_13786,0.575
lastFM_12991,mbrainz_6165,1.0
lastFM_32579,mbrainz_14852,0.4565217391304348
lastFM_27544,mbrainz_12791,0.5965447154471545
lastFM_13595,mbrainz_6437,0.8333333333333333
lastFM_29112,mbrainz_13464,0.75
lastFM_9072,mbrainz_4390,0.4375
lastFM_4332,mbrainz_1957,0.5562874251497006
lastFM_56810,mbrainz_22383,0.5407801418439716
lastFM_54306,mbrainz_21454,0.6041666666666666
lastFM_1375,mbrainz_604,0.9090909090909091
lastFM_51763,mbrainz_20534,0.625
lastFM_9246,mbrainz_4488,0.6571428571428571
lastFM_24220,mbrainz_11298,0.4583333333333333
lastFM_47678,mbrainz_19322,0.8244949494949495
lastFM_6392,mbrainz_3023,0.6486842105263158
lastFM_58171,mbrainz_22925,0.4659653465346535
lastFM_54346,mbrainz_21467,0.5036764705882353
lastFM_71529,mbrainz_28613,0.65
lastFM_65189,mbrainz_25906,0.5484496124031008
lastFM_14309,mbrainz_17392,0.625
k02_interp_music_00006__lastfm,k02_interp_music_00006__musicbrainz,0.75
lastFM_28032,mbrainz_13002,0.625
k02_interp_music_00000__lastfm,k02_interp_music_00000__musicbrainz,0.5
lastFM_4709,mbrainz_2169,0.75
lastFM_35554,mbrainz_15867,0.7105263157894737
lastFM_45547,mbrainz_18664,0.725
lastFM_18151,mbrainz_8502,0.6836065573770492
k02_interp_music_00003__lastfm,k02_interp_music_00003__musicbrainz,0.75
lastFM_6977,mbrainz_3326,0.6544715447154471
lastFM_50648,mbrainz_20116,0.5404040404040403
lastFM_7150,mbrainz_3408,0.7359508676445919
lastFM_7752,mbrainz_3723,0.75
lastFM_42755,mbrainz_17820,0.7291666666666666
k02_interp_music_00074__lastfm,k02_interp_music_00074__musicbrainz,0.6666666666666666
lastFM_22118,mbrainz_10365,0.9157657657657658
lastFM_30678,mbrainz_14091,0.5833333333333333
lastFM_37799,mbrainz_16405,0.5
lastFM_19646,mbrainz_9235,0.7329136690647482
lastFM_19189,mbrainz_9011,0.625
k02_interp_music_00087__lastfm,k02_interp_music_00087__musicbrainz,0.5
lastFM_43806,mbrainz_18330,0.7195121951219512
k02_interp_music_00100__lastfm,k02_interp_music_00100__musicbrainz,0.5
lastFM_32434,mbrainz_14789,0.5
lastFM_44518,mbrainz_18368,1.0
lastFM_78755,mbrainz_31666,0.4642857142857143
lastFM_15027,mbrainz_7080,0.575
lastFM_6447,mbrainz_3052,0.7
lastFM_34479,mbrainz_15638,0.5615942028985507
lastFM_14312,mbrainz_6774,0.6412363067292645
k02_interp_music_00090__lastfm,k02_interp_music_00090__musicbrainz,0.75
lastFM_67469,mbrainz_26920,0.75
lastFM_17430,mbrainz_8147,0.4138523174877246
lastFM_20843,mbrainz_9789,0.6774193548387097
lastFM_72083,mbrainz_28858,0.8467776991297831
lastFM_3118,mbrainz_1340,0.625
k02_interp_music_00094__lastfm,k02_interp_music_00094__musicbrainz,0.5
lastFM_38355,mbrainz_16589,0.4083333333333333
lastFM_18881,mbrainz_8868,0.5431035905901775
lastFM_17780,mbrainz_8310,0.5
lastFM_10088,mbrainz_4867,0.65
lastFM_53023,mbrainz_21003,0.4201977401129944
lastFM_61949,mbrainz_24480,0.5571023549152346
lastFM_76980,mbrainz_30854,0.5833333333333333
lastFM_5670,mbrainz_2668,0.4583333333333333
lastFM_23319,mbrainz_10889,0.6396396396396395
lastFM_33219,mbrainz_15103,0.7
lastFM_4965,mbrainz_2298,0.6607746345168027
lastFM_16918,mbrainz_7932,0.7142857142857143
lastFM_20388,mbrainz_9583,0.5157657657657657
lastFM_18612,mbrainz_8737,0.6988095238095238
lastFM_13470,mbrainz_6384,0.5833333333333333
lastFM_11312,mbrainz_22231,0.7314814814814815
lastFM_5959,mbrainz_2807,0.6875
lastFM_9039,mbrainz_4374,0.625
lastFM_22125,mbrainz_10369,0.75
lastFM_42440,mbrainz_17785,0.7444003177124703
lastFM_81975,mbrainz_33082,0.7045454545454546
lastFM_30977,mbrainz_14205,0.5
lastFM_67,mbrainz_49,0.4583333333333333
lastFM_50655,mbrainz_20119,0.5987787356321839
lastFM_20926,mbrainz_9830,0.8557692307692308
k02_interp_music_00009__lastfm,k02_interp_music_00009__musicbrainz,0.5
lastFM_16760,mbrainz_7860,0.73
lastFM_6600,mbrainz_3129,0.5
lastFM_53026,mbrainz_21004,0.7151447245564893
lastFM_2555,mbrainz_1109,0.6160714285714286
lastFM_20104,mbrainz_9452,0.6666666666666666
lastFM_13837,mbrainz_6549,0.5
lastFM_37803,mbrainz_16406,0.8333333333333333
lastFM_33015,mbrainz_15029,0.3867924528301887
lastFM_3961,mbrainz_1746,0.84375
lastFM_19720,mbrainz_9271,0.625
lastFM_59326,mbrainz_23388,0.625
lastFM_33412,mbrainz_15183,0.7142857142857143
lastFM_2562,mbrainz_1113,0.41666666666666663
lastFM_12468,mbrainz_5914,0.8333333333333333
lastFM_36663,mbrainz_16103,0.65
lastFM_15364,mbrainz_7206,0.5
lastFM_17403,mbrainz_8140,0.6387960819390368
lastFM_10490,mbrainz_5054,0.717741935483871
lastFM_47216,mbrainz_19167,0.65
lastFM_60033,mbrainz_23681,0.4772727272727273
lastFM_4604,mbrainz_2112,0.8928571428571428
lastFM_2076,mbrainz_896,0.8585703305149884
lastFM_19723,mbrainz_9273,0.4583333333333333
lastFM_62712,mbrainz_24804,0.5833333333333333
lastFM_37582,mbrainz_1625,0.4543010752688172
lastFM_327,mbrainz_193,0.8333333333333333
lastFM_32295,mbrainz_14733,0.38829787234042556
lastFM_10528,mbrainz_5067,0.5
lastFM_20049,mbrainz_9427,0.7419354838709677
lastFM_16512,mbrainz_7739,0.4583333333333333
lastFM_12682,mbrainz_6026,0.4213615023474178
lastFM_58943,mbrainz_23238,0.5833333333333333
lastFM_66616,mbrainz_26566,0.8333333333333333
lastFM_8700,mbrainz_4197,0.6875
lastFM_6949,mbrainz_3311,0.5833333333333333
lastFM_12873,mbrainz_6122,0.6216216216216216
lastFM_66134,mbrainz_26345,0.6875
lastFM_6350,mbrainz_3001,0.5833333333333333
lastFM_67994,mbrainz_27156,0.45
lastFM_14994,mbrainz_7062,0.4041666666666667
lastFM_24609,mbrainz_11483,0.55
lastFM_23945,mbrainz_11156,0.6785714285714286
lastFM_63525,mbrainz_25171,0.43465909090909094
lastFM_6636,mbrainz_3142,0.725
lastFM_31262,mbrainz_14322,1.0
lastFM_4448,mbrainz_2017,0.625
lastFM_44589,mbrainz_18388,0.7075187969924812
lastFM_14634,mbrainz_6907,0.5578703703703703
k04__within_dup__lastfm__lastFM_32191,mbrainz_14691,0.5019230769230769
lastFM_47467,mbrainz_19233,0.4523809523809524
lastFM_41616,mbrainz_17543,0.6032608695652174
lastFM_21904,mbrainz_10268,0.625
lastFM_22351,mbrainz_10474,0.5625
lastFM_61997,mbrainz_24503,0.45
lastFM_2639,mbrainz_1145,0.9285714285714286
lastFM_75448,mbrainz_30214,0.625
lastFM_34018,mbrainz_15452,0.6354166666666666
lastFM_7430,mbrainz_3557,0.6666666666666666
lastFM_4517,mbrainz_2056,0.5
lastFM_16836,mbrainz_7895,0.5208333333333333
lastFM_72861,mbrainz_32017,0.4375
lastFM_1628,mbrainz_697,0.375
k04__within_dup__lastfm__discogs_11676,mbrainz_2674,0.7697368421052632
lastFM_8633,mbrainz_4163,0.4857142857142857
lastFM_31817,mbrainz_14539,0.41666666666666663
lastFM_3276,mbrainz_1412,0.625
lastFM_62776,mbrainz_24830,0.3645833333333333
lastFM_106,mbrainz_80,0.75
lastFM_6915,mbrainz_3291,0.5833333333333333
lastFM_46623,mbrainz_18984,0.416869918699187
lastFM_2074,mbrainz_894,0.5514069264069265
k04__within_dup__lastfm__lastFM_72717,mbrainz_29147,1.0
lastFM_72717,mbrainz_29147,1.0
lastFM_40425,mbrainz_20198,0.3383333333333334
lastFM_67736,mbrainz_27044,0.6057692307692308
lastFM_869,mbrainz_421,0.9292019027484144
lastFM_2315,mbrainz_999,0.7495991983967936
lastFM_15742,mbrainz_7366,0.47619047619047616
lastFM_8259,mbrainz_3979,0.6593406593406593
lastFM_53774,mbrainz_21259,0.6538461538461539
lastFM_33336,mbrainz_15154,0.7857142857142857
lastFM_21762,mbrainz_10200,0.625
lastFM_3724,mbrainz_1586,0.7377778870745623
lastFM_55705,mbrainz_21957,0.5622825330549757
lastFM_53159,mbrainz_22063,0.75
lastFM_17897,mbrainz_8367,0.5625
lastFM_63547,mbrainz_25178,0.6713709677419355
lastFM_3631,mbrainz_1557,0.7232142857142857
lastFM_2116,mbrainz_912,0.6666666666666666
lastFM_6196,mbrainz_2931,0.6785714285714286
lastFM_3640,mbrainz_1559,0.4888888888888889
lastFM_82535,mbrainz_33344,0.5833333333333333
lastFM_34882,mbrainz_15668,1.0
k02_interp_music_00011__lastfm,k02_interp_music_00011__musicbrainz,0.75
lastFM_19350,mbrainz_9087,0.5833333333333333
k02_interp_music_00080__lastfm,k02_interp_music_00080__musicbrainz,0.5
lastFM_2706,mbrainz_1170,0.6666666666666666
lastFM_1345,mbrainz_593,0.45
lastFM_3151,mbrainz_1353,0.46875
lastFM_17555,mbrainz_8209,0.43636363636363634
lastFM_19346,mbrainz_9085,0.5585585585585585
lastFM_47544,mbrainz_19250,0.8078698771219547
k02_interp_music_00073__lastfm,k02_interp_music_00073__musicbrainz,0.685483870967742
lastFM_46597,mbrainz_18971,0.41720430107526885
lastFM_35723,mbrainz_15921,0.875
lastFM_25395,mbrainz_11815,0.75
lastFM_57365,mbrainz_22608,0.5114744693057947
k02_interp_music_00010__lastfm,k02_interp_music_00010__musicbrainz,0.571917808219178
lastFM_21754,mbrainz_10196,0.7554347826086957
lastFM_52333,mbrainz_20773,0.3142857142857143
k04__within_dup__lastfm__lastFM_52099,mbrainz_20674,0.5473484848484849
lastFM_8064,mbrainz_3883,0.618421052631579
lastFM_46871,mbrainz_19064,0.6527777777777778
lastFM_33457,mbrainz_15203,0.4583333333333333
lastFM_50790,mbrainz_20164,0.625
lastFM_65406,mbrainz_26005,0.6166666666666667
lastFM_368,mbrainz_212,0.625
k02_interp_music_00046__lastfm,k02_interp_music_00046__musicbrainz,0.5
lastFM_68354,mbrainz_27304,0.7410117056856187
lastFM_21375,mbrainz_10035,0.4471288515406162
lastFM_16542,mbrainz_7755,0.6875
lastFM_22174,mbrainz_10391,0.625
lastFM_4207,mbrainz_1885,0.5666666666666667
lastFM_101,mbrainz_77,1.0
lastFM_9180,mbrainz_4445,0.75
lastFM_3773,mbrainz_1621,0.4
lastFM_11073,mbrainz_5301,0.8690476190476191
lastFM_18786,mbrainz_2028,0.3684210526315789
lastFM_28537,mbrainz_13231,0.3894230769230769
lastFM_47536,mbrainz_19246,0.411036036036036
lastFM_2927,mbrainz_1267,0.6222826086956521
lastFM_52364,mbrainz_20785,0.5
lastFM_31842,mbrainz_14547,0.53125
lastFM_5049,mbrainz_2342,0.6648208248816768
lastFM_31745,mbrainz_14511,0.5
lastFM_4765,mbrainz_2200,0.41994047619047614
k02_interp_music_00024__lastfm,k02_interp_music_00024__musicbrainz,0.5
lastFM_15370,mbrainz_7208,0.7151515151515151
lastFM_164,mbrainz_127,0.8333333333333333
lastFM_21063,mbrainz_9881,0.6875
lastFM_14811,mbrainz_6976,0.652080162354135
lastFM_548,mbrainz_312,0.5
lastFM_3502,mbrainz_1502,0.625
lastFM_30319,mbrainz_13961,0.3273960216998192
lastFM_38263,mbrainz_16566,0.7327586206896551
lastFM_57591,mbrainz_22701,0.40625
lastFM_5080,mbrainz_2360,0.48051948051948046
lastFM_62782,mbrainz_24833,0.3214285714285714
lastFM_22328,mbrainz_10465,0.4499654934437543
lastFM_14340,mbrainz_6787,0.625
lastFM_19537,mbrainz_9183,0.5343915343915344
lastFM_58846,mbrainz_23203,0.4649122807017544
lastFM_21055,mbrainz_9877,0.6053571428571429
lastFM_44925,mbrainz_18486,0.59375
lastFM_13181,mbrainz_6249,0.6666666666666666
lastFM_26709,mbrainz_12395,0.4318181818181818
lastFM_5746,mbrainz_2708,0.5716641526284885
k04__within_dup__lastfm__lastFM_17403,mbrainz_8140,0.571078431372549
lastFM_8850,mbrainz_4278,0.4226190476190476
lastFM_2742,mbrainz_1188,0.6666666666666666
lastFM_43953,mbrainz_18191,0.5738396624472574
k04__within_dup__lastfm__lastFM_20049,mbrainz_9427,0.7419354838709677
lastFM_42011,mbrainz_17655,0.6785714285714286
lastFM_35987,mbrainz_16097,0.5625
lastFM_13089,mbrainz_6205,0.5724014336917562
lastFM_368,mbrainz_355,0.618421052631579
lastFM_34448,mbrainz_15623,0.6666666666666666
lastFM_10114,mbrainz_4877,1.0
lastFM_3877,mbrainz_1689,0.5666666666666667
lastFM_1528,mbrainz_656,0.7166666666666667
lastFM_25997,mbrainz_12072,0.5862341772151899
lastFM_66878,mbrainz_26682,0.4
lastFM_69577,mbrainz_27773,0.8497747747747748
lastFM_25803,mbrainz_11989,0.5544871794871795
lastFM_3203,mbrainz_1378,0.6056034482758621
lastFM_61012,mbrainz_24092,0.5446428571428572
lastFM_5105,mbrainz_2373,0.5833333333333333
lastFM_64133,mbrainz_25434,0.6621816409490626
lastFM_53612,mbrainz_21198,0.5701754385964912
lastFM_8650,mbrainz_4172,0.5833333333333333
lastFM_50931,mbrainz_20209,0.6206896551724138
lastFM_10906,mbrainz_5229,0.5
lastFM_10595,mbrainz_5095,0.8273848792716717
lastFM_55767,mbrainz_21978,0.6982758620689655
lastFM_42253,mbrainz_17724,0.75
lastFM_18672,mbrainz_8759,0.5625
lastFM_14034,mbrainz_6637,0.7
lastFM_60225,mbrainz_23762,0.568407960199005
lastFM_43560,mbrainz_18060,0.6944444444444444
lastFM_5890,mbrainz_2774,0.55
lastFM_7624,mbrainz_3664,0.4847560975609756
lastFM_32495,mbrainz_14814,0.7272727272727273
lastFM_35629,mbrainz_15890,0.47916666666666663
k02_interp_music_00016__lastfm,k02_interp_music_00016__musicbrainz,0.5
lastFM_26302,mbrainz_12215,0.7424242424242424
lastFM_48900,mbrainz_19628,0.575
lastFM_176,mbrainz_134,0.6666666666666666
lastFM_21552,mbrainz_10116,0.5416666666666667
lastFM_30819,mbrainz_14145,0.6268656716417911
lastFM_11228,mbrainz_5361,0.6134259259259259
lastFM_48165,mbrainz_19396,0.75
lastFM_1216,mbrainz_558,0.3366900175131349
lastFM_24976,mbrainz_11647,0.5
lastFM_60170,mbrainz_23745,0.7537503651767455
lastFM_20277,mbrainz_9532,0.75
lastFM_1,mbrainz_1,0.65625
lastFM_60674,mbrainz_23956,0.515625
lastFM_50594,mbrainz_20098,0.5029761904761905
lastFM_1255,mbrainz_571,0.5448717948717948
lastFM_53599,mbrainz_21193,0.5104166666666666
k02_interp_music_00056__lastfm,k02_interp_music_00056__musicbrainz,0.5
lastFM_1213,mbrainz_557,0.36666666666666664
lastFM_72243,mbrainz_28926,0.41025641025641024
lastFM_77739,mbrainz_31208,0.6515151515151515
lastFM_27969,mbrainz_12977,0.5267857142857143
lastFM_55291,mbrainz_21822,0.44166666666666665
k02_interp_music_00058__lastfm,k02_interp_music_00058__musicbrainz,0.5
lastFM_51455,mbrainz_20418,0.6944444444444444
lastFM_27896,mbrainz_12940,0.6011904761904762
lastFM_41766,mbrainz_17583,0.6297909407665505
lastFM_79995,mbrainz_32189,0.5833333333333333
lastFM_9560,mbrainz_4637,0.6875
lastFM_42853,mbrainz_17838,0.327639751552795
k02_interp_music_00043__lastfm,k02_interp_music_00043__musicbrainz,0.75
lastFM_16175,mbrainz_7581,0.5833333333333333
k02_interp_music_00051__lastfm,k02_interp_music_00051__musicbrainz,0.5
lastFM_17881,mbrainz_8359,0.6130952380952381
lastFM_63634,mbrainz_25221,0.40625
lastFM_79215,mbrainz_31847,0.75
lastFM_53769,mbrainz_21256,0.6388888888888888
lastFM_4697,mbrainz_2162,0.5863095238095237
lastFM_16125,mbrainz_7556,0.5
lastFM_1219,mbrainz_559,0.5833333333333333
lastFM_54797,mbrainz_21629,0.75
lastFM_16730,mbrainz_7844,0.625
lastFM_28260,mbrainz_13100,0.325
lastFM_1506,mbrainz_648,1.0
lastFM_4458,mbrainz_2024,0.6607142857142857
lastFM_62631,mbrainz_24765,0.5833333333333333
lastFM_31599,mbrainz_14452,0.5
lastFM_31968,mbrainz_14597,0.4769169622110798
lastFM_4882,mbrainz_2261,0.6756465517241379
lastFM_84,mbrainz_64,0.625
lastFM_4071,mbrainz_1812,0.6416666666666667
lastFM_15506,mbrainz_7264,0.3973509933774835
lastFM_5362,mbrainz_2513,0.5
lastFM_23154,mbrainz_10808,0.6953125
lastFM_21756,mbrainz_10198,0.625
lastFM_1915,mbrainz_826,0.5384615384615384
lastFM_48919,mbrainz_19636,0.650462962962963
lastFM_54580,mbrainz_21551,0.4111111111111111
lastFM_1891,mbrainz_808,0.75
lastFM_30466,mbrainz_14020,0.7776141384388807
lastFM_64968,mbrainz_25816,0.46314102564102566
lastFM_278,mbrainz_175,0.5833333333333333
k02_interp_music_00015__lastfm,k02_interp_music_00015__musicbrainz,0.5
k02_interp_music_00042__lastfm,k02_interp_music_00042__musicbrainz,0.375
lastFM_17250,mbrainz_8079,0.5333333333333333
lastFM_65227,mbrainz_25927,0.6211741791875347
lastFM_2054,mbrainz_882,0.8353294457083584
lastFM_33138,mbrainz_15071,0.4439203354297694
lastFM_34100,mbrainz_15494,0.49411764705882355
lastFM_19312,mbrainz_9063,0.7532239030146979
lastFM_17433,mbrainz_8150,0.425
lastFM_7604,mbrainz_3651,0.7083333333333334
lastFM_79006,mbrainz_31762,0.6774193548387097
lastFM_51143,mbrainz_20291,0.47101449275362317
lastFM_890,mbrainz_430,0.75
lastFM_23532,mbrainz_10983,0.5
k04__within_dup__lastfm__discogs_56911,mbrainz_12395,0.3484848484848485
lastFM_5548,mbrainz_2607,0.5140522875816993
lastFM_66262,mbrainz_26403,0.548469387755102
lastFM_24287,mbrainz_11330,0.8769917887261429
k02_interp_music_00033__lastfm,k02_interp_music_00033__musicbrainz,0.75
k02_interp_music_00031__lastfm,k02_interp_music_00031__musicbrainz,0.75
lastFM_34355,mbrainz_15588,0.7002688172043011
lastFM_34250,mbrainz_15556,0.75
lastFM_64401,mbrainz_25545,0.47763347763347763
lastFM_1851,mbrainz_789,0.5
lastFM_11929,mbrainz_5666,0.5
lastFM_65829,mbrainz_26204,0.7708333333333333
lastFM_58434,mbrainz_23035,0.65625
lastFM_18371,mbrainz_8619,0.5833333333333333
lastFM_30133,mbrainz_13883,0.6213235294117647
lastFM_13928,mbrainz_6589,0.65625
lastFM_24155,mbrainz_11264,0.6764705882352942
lastFM_5831,mbrainz_2743,0.5081521739130435
lastFM_9247,mbrainz_4489,0.4583333333333333
lastFM_55435,mbrainz_21861,0.75
lastFM_46027,mbrainz_18790,0.625
lastFM_33295,mbrainz_15139,0.8925744173835777
lastFM_13815,mbrainz_6539,0.7676101262422776
lastFM_74606,mbrainz_29886,0.6296296296296297
k04__within_dup__lastfm__lastFM_81741,mbrainz_32973,0.4583333333333333
lastFM_27819,mbrainz_12913,0.425
lastFM_50471,mbrainz_20050,0.525
lastFM_29833,mbrainz_13760,0.7321428571428572
lastFM_1394,mbrainz_610,0.625
lastFM_2589,mbrainz_1128,0.7708333333333334
k02_interp_music_00091__lastfm,k02_interp_music_00091__musicbrainz,0.5
lastFM_52539,mbrainz_20849,0.7261904761904762
lastFM_73597,mbrainz_29510,0.3557692307692308
lastFM_15968,mbrainz_7470,0.5
lastFM_6641,mbrainz_3145,0.5916666666666667
lastFM_52017,mbrainz_20636,0.5378787878787878
lastFM_19031,mbrainz_8941,0.5
lastFM_13921,mbrainz_6584,0.6071428571428572
lastFM_19155,mbrainz_8996,0.7450980392156863
lastFM_12488,mbrainz_5926,0.5576923076923077
lastFM_7914,mbrainz_3809,0.5714285714285714
lastFM_34286,mbrainz_15566,0.36607142857142855
lastFM_51395,mbrainz_20392,0.39285714285714285
lastFM_10716,mbrainz_5151,0.9375
lastFM_7356,mbrainz_3517,0.7560181773520019
lastFM_31636,mbrainz_14463,0.5324074074074074
lastFM_15894,mbrainz_7432,0.375
lastFM_7789,mbrainz_3741,0.95
lastFM_13472,mbrainz_6386,0.5674603174603174
lastFM_56510,mbrainz_22272,0.6174999999999999
lastFM_9281,mbrainz_4506,0.6875
lastFM_34607,mbrainz_33634,0.44
lastFM_61969,mbrainz_24490,0.7830568720379147
lastFM_17957,mbrainz_8399,0.3159090909090909
lastFM_57765,mbrainz_22781,0.5892857142857143
lastFM_53757,mbrainz_21250,0.75
lastFM_60215,mbrainz_23760,0.625
lastFM_4423,mbrainz_2007,0.5416666666666666
lastFM_17046,mbrainz_7988,0.5208333333333333
lastFM_2780,mbrainz_1203,0.47916666666666663
lastFM_13325,mbrainz_6315,0.4948717948717949
lastFM_76216,mbrainz_30527,0.796875
lastFM_18227,mbrainz_8542,0.49525769659548924
k02_interp_music_00022__lastfm,k02_interp_music_00022__musicbrainz,0.5
lastFM_25668,mbrainz_11929,0.45833333333333337
lastFM_2284,mbrainz_983,0.75
lastFM_77000,mbrainz_30861,0.5833333333333333
lastFM_14883,mbrainz_7013,0.5416666666666666
lastFM_26717,mbrainz_12400,0.6470873786407767
k02_interp_music_00004__lastfm,k02_interp_music_00004__musicbrainz,0.5
lastFM_83591,mbrainz_33831,0.3857758620689655
lastFM_57572,mbrainz_22699,0.7708333333333333
lastFM_23577,mbrainz_10999,0.7076388888888889
k02_interp_music_00060__lastfm,k02_interp_music_00060__musicbrainz,0.5
lastFM_10967,mbrainz_5259,0.6428571428571428
lastFM_25937,mbrainz_12041,0.625
lastFM_2038,mbrainz_875,0.5833333333333333
lastFM_1546,mbrainz_662,0.3046218487394958
lastFM_16241,mbrainz_7614,0.4285714285714286
lastFM_32779,mbrainz_14922,0.8446969696969697
lastFM_27153,mbrainz_12601,0.85
lastFM_1973,mbrainz_849,0.5743255728011826
lastFM_14393,mbrainz_6807,0.5714285714285714
lastFM_20355,mbrainz_9567,0.9258064516129032
lastFM_4681,mbrainz_2155,0.75
lastFM_7411,mbrainz_3545,0.390625
lastFM_24354,mbrainz_11353,0.7377093117261535
lastFM_26792,mbrainz_12436,0.5433333333333333
lastFM_45420,mbrainz_18632,0.45695970695970695
lastFM_17263,mbrainz_8083,0.557746948893974
lastFM_21856,mbrainz_10244,0.5833333333333333
lastFM_53400,mbrainz_21122,0.575
lastFM_24748,mbrainz_11547,0.3815217391304348
lastFM_21345,mbrainz_10025,0.4722222222222222
lastFM_29279,mbrainz_13530,0.40625
lastFM_7923,mbrainz_3815,0.5738095238095238
k02_interp_music_00064__lastfm,k02_interp_music_00064__musicbrainz,0.75
k04__within_dup__lastfm__lastFM_12468,mbrainz_5914,0.5
lastFM_4128,mbrainz_1840,0.5
lastFM_58619,mbrainz_23106,0.42142857142857143
lastFM_62700,mbrainz_24802,0.5900225660863959
lastFM_23933,mbrainz_11148,0.6732301241735204
lastFM_45052,mbrainz_18518,0.6142857142857143
lastFM_52099,mbrainz_20674,0.7556818181818181
lastFM_83111,mbrainz_33617,0.625
lastFM_69828,mbrainz_27878,0.8333333333333333
lastFM_4990,mbrainz_2306,0.5452898550724637
lastFM_42979,mbrainz_17871,0.703328677839851
k02_interp_music_00063__lastfm,k02_interp_music_00063__musicbrainz,0.625
lastFM_53934,mbrainz_21318,0.53125
lastFM_6401,mbrainz_3031,0.5
lastFM_7267,mbrainz_3469,0.6771978021978022
lastFM_1935,mbrainz_833,0.41666666666666663
lastFM_3300,mbrainz_1426,0.44047619047619047
lastFM_8578,mbrainz_4139,0.5547292143401983
lastFM_9253,mbrainz_4491,0.7757352941176471
lastFM_31759,mbrainz_14824,0.4375
lastFM_70922,mbrainz_28364,0.6521739130434783
lastFM_63155,mbrainz_25004,0.5924403610573823
k02_interp_music_00001__lastfm,k02_interp_music_00001__musicbrainz,0.5
lastFM_4560,mbrainz_2083,0.5833333333333333
lastFM_15409,mbrainz_7223,0.45833333333333337
lastFM_43640,mbrainz_18090,0.521505376344086
k02_interp_music_00086__lastfm,k02_interp_music_00086__musicbrainz,0.5
lastFM_14234,mbrainz_6740,0.6271929824561403
lastFM_37695,mbrainz_16376,0.553921568627451
lastFM_23009,mbrainz_10756,0.5208333333333333
k02_interp_music_00097__lastfm,k02_interp_music_00097__musicbrainz,0.75
lastFM_7537,mbrainz_3614,0.6833333333333333
lastFM_51570,mbrainz_20466,0.4198717948717948
lastFM_49563,mbrainz_19740,0.475
lastFM_4636,mbrainz_2127,0.6682692307692308
k02_interp_music_00070__lastfm,k02_interp_music_00070__musicbrainz,0.75
lastFM_4976,mbrainz_2302,0.6666666666666666
lastFM_5211,mbrainz_2439,0.6203703703703703
lastFM_32420,mbrainz_14782,0.4930555555555556
lastFM_58527,mbrainz_23071,0.6222222222222222
lastFM_30962,mbrainz_14200,0.5949074074074074
lastFM_5985,mbrainz_2822,0.5041666666666667
lastFM_73899,mbrainz_29624,0.5490304098721904
k04__within_dup__lastfm__discogs_10662,mbrainz_2439,0.6203703703703703
lastFM_17665,mbrainz_8260,0.5625
lastFM_17025,mbrainz_7979,0.7753488234598557
lastFM_42439,mbrainz_17784,0.8011111111111111
lastFM_9254,mbrainz_4492,0.7785269709543567
lastFM_58097,mbrainz_22894,0.5188172043010753
lastFM_13022,mbrainz_6179,0.9204545454545455
lastFM_46332,mbrainz_18891,0.43555008210180624
lastFM_11860,mbrainz_5631,0.625
lastFM_72652,mbrainz_29117,0.7976190476190477
lastFM_12562,mbrainz_5965,0.3535433070866142
lastFM_4011,mbrainz_1775,0.404796511627907
lastFM_17495,mbrainz_8177,0.75
lastFM_59073,mbrainz_23284,0.625
lastFM_7544,mbrainz_3618,0.7666666666666666
lastFM_924,mbrainz_445,0.3125
lastFM_27189,mbrainz_12620,0.5386904761904762
lastFM_13952,mbrainz_6602,0.5565332995695113
lastFM_16821,mbrainz_7886,0.5
lastFM_53770,mbrainz_21257,0.7259615384615384
lastFM_2157,mbrainz_931,0.45833333333333337
lastFM_9944,mbrainz_4804,0.625
lastFM_5365,mbrainz_2515,0.3758561643835616
lastFM_31123,mbrainz_14267,0.4189189189189189
lastFM_72472,mbrainz_29033,0.5166666666666666
lastFM_666,mbrainz_359,0.75
lastFM_7201,mbrainz_3435,0.5
lastFM_58446,mbrainz_23041,0.75
lastFM_67943,mbrainz_27136,0.45
lastFM_7396,mbrainz_3539,0.875
lastFM_66723,mbrainz_26617,0.7013888888888888
lastFM_21838,mbrainz_10236,0.8642857142857143
lastFM_41762,mbrainz_4541,0.4001937984496124
lastFM_20137,mbrainz_9467,0.625
lastFM_22155,mbrainz_10384,0.625
lastFM_10885,mbrainz_5219,0.6875
lastFM_29507,mbrainz_13618,0.625
lastFM_25855,mbrainz_12009,0.5138888888888888
lastFM_28190,mbrainz_13066,0.4666666666666667
lastFM_12829,mbrainz_6100,0.425
lastFM_16567,mbrainz_7764,0.6875
k02_interp_music_00002__lastfm,k02_interp_music_00002__musicbrainz,0.75
lastFM_28610,mbrainz_13257,0.8207754949448978
k02_interp_music_00026__lastfm,k02_interp_music_00026__musicbrainz,0.5
lastFM_28743,mbrainz_13309,0.45740049751243783
k02_interp_music_00028__lastfm,k02_interp_music_00028__musicbrainz,0.5
lastFM_2257,mbrainz_972,0.6875
lastFM_51194,mbrainz_20312,0.375
lastFM_10714,mbrainz_5149,0.625
lastFM_77418,mbrainz_31064,0.4305555555555555
lastFM_13476,mbrainz_6388,0.7274919289749798
lastFM_9809,mbrainz_4745,0.65
lastFM_76355,mbrainz_30588,0.6574675324675325
lastFM_26050,mbrainz_12092,0.46516545826361777
lastFM_33183,mbrainz_15091,0.6559510791741519
lastFM_1876,mbrainz_801,0.6666666666666667
lastFM_10369,mbrainz_4999,0.5471670686536307
lastFM_8830,mbrainz_4266,0.5909090909090909
lastFM_9267,mbrainz_4498,0.4545454545454546
lastFM_2479,mbrainz_1070,0.5607370317064972
lastFM_81675,mbrainz_32944,0.47916666666666663
lastFM_11465,mbrainz_5466,0.625
lastFM_18006,mbrainz_8426,0.375
lastFM_8568,mbrainz_4131,0.30454545454545456
lastFM_12629,mbrainz_5998,0.30952380952380953
lastFM_24,mbrainz_17,0.39285714285714285
lastFM_4611,mbrainz_2114,0.5
lastFM_12932,mbrainz_6140,0.36546499477533956
lastFM_58877,mbrainz_23213,0.4583333333333333
k02_interp_music_00014__lastfm,k02_interp_music_00014__musicbrainz,0.5
lastFM_12025,mbrainz_5704,0.5833333333333333
lastFM_42330,mbrainz_17748,0.3862179487179487
lastFM_5973,mbrainz_2816,0.4996221726990957
k02_interp_music_00006__lastfm,k02_interp_music_00087__musicbrainz,0.35714285714285715
lastFM_131,mbrainz_99,0.4583333333333333
k02_interp_music_00078__lastfm,k02_interp_music_00078__musicbrainz,0.75
k02_interp_music_00039__lastfm,k02_interp_music_00039__musicbrainz,0.5
lastFM_29341,mbrainz_13554,0.6153846153846154
lastFM_5854,mbrainz_2753,0.34791666666666665
lastFM_5780,mbrainz_2718,0.375
lastFM_10307,mbrainz_4966,0.5196969696969697
lastFM_33066,mbrainz_15041,0.5591397849462365
lastFM_16166,mbrainz_7574,0.8984375
lastFM_3093,mbrainz_1331,0.625
lastFM_42892,mbrainz_17850,0.5416666666666666
lastFM_25573,mbrainz_11891,0.5634020618556701
lastFM_11368,mbrainz_5424,0.6866666666666666
lastFM_12935,mbrainz_6142,0.41666666666666663
k02_interp_music_00102__lastfm,k02_interp_music_00102__musicbrainz,0.5
lastFM_32359,mbrainz_14758,0.4583333333333333
lastFM_9440,mbrainz_4581,0.625
k02_interp_music_00008__lastfm,k02_interp_music_00008__musicbrainz,0.75
lastFM_34125,mbrainz_15506,0.3482142857142857
lastFM_12017,mbrainz_5701,0.5333333333333333
lastFM_18389,mbrainz_8627,0.45833333333333337
lastFM_21012,mbrainz_9858,0.4543010752688172
lastFM_46672,mbrainz_18997,0.5009057971014492
lastFM_5754,mbrainz_2710,0.44047619047619047
lastFM_12869,mbrainz_6119,0.5890465849749238
k02_interp_music_00005__lastfm,k02_interp_music_00005__musicbrainz,0.75
lastFM_29584,mbrainz_13647,0.4537037037037037
lastFM_72465,mbrainz_29030,0.41359447004608296
lastFM_45212,mbrainz_18561,0.5476190476190477
lastFM_33667,mbrainz_15309,0.41287878787878785
k02_interp_music_00025__lastfm,k02_interp_music_00025__musicbrainz,0.75
lastFM_31131,mbrainz_14271,0.525
lastFM_48538,mbrainz_19502,0.625
lastFM_63731,mbrainz_25261,0.5398550724637682
lastFM_49493,mbrainz_19719,0.46875
k02_interp_music_00007__lastfm,k02_interp_music_00007__musicbrainz,0.5
lastFM_29861,mbrainz_13786,0.45
k02_interp_music_00037__lastfm,k02_interp_music_00037__musicbrainz,0.75
lastFM_29942,mbrainz_13804,0.4638888888888889
lastFM_38389,mbrainz_16599,0.41500000000000004
lastFM_29738,mbrainz_13717,0.41666666666666663
lastFM_62690,mbrainz_24794,0.3894230769230769
lastFM_26453,mbrainz_12290,0.4270833333333333
lastFM_43731,mbrainz_18122,0.85
lastFM_69035,mbrainz_27555,0.5
lastFM_14230,mbrainz_6737,0.40986394557823125
lastFM_3395,mbrainz_1456,0.6666666666666666
k02_interp_music_00047__lastfm,k02_interp_music_00047__musicbrainz,0.5
k02_interp_music_00006__lastfm,k02_interp_music_00003__musicbrainz,0.35714285714285715
lastFM_53568,mbrainz_21182,0.6388888888888888
lastFM_26460,mbrainz_12293,0.75
k02_interp_music_00003__lastfm,k02_interp_music_00006__musicbrainz,0.35714285714285715
lastFM_45129,mbrainz_18544,0.43902439024390244
lastFM_20598,mbrainz_9680,0.5245098039215685
lastFM_44053,mbrainz_18220,0.7642857142857142
k02_interp_music_00015__lastfm,k02_interp_music_00055__musicbrainz,0.40625
lastFM_24154,mbrainz_11263,0.5
lastFM_77880,mbrainz_31283,0.5833333333333333
lastFM_22817,mbrainz_10669,0.875
lastFM_5093,mbrainz_2366,0.5477941176470589
lastFM_6044,mbrainz_2849,0.33163265306122447
lastFM_3000,mbrainz_1297,0.43333333333333335
lastFM_25421,mbrainz_11825,0.513235294117647
k02_interp_music_00052__lastfm,k02_interp_music_00052__musicbrainz,0.75
lastFM_19707,mbrainz_9262,0.3888888888888889
lastFM_39977,mbrainz_25221,0.4309210526315789
lastFM_425,mbrainz_247,0.65625
lastFM_3123,mbrainz_1342,0.5971183445964408
lastFM_102,mbrainz_78,0.8333333333333333
lastFM_74938,mbrainz_30023,0.5
lastFM_27273,mbrainz_12653,0.519927536231884
k02_interp_music_00013__lastfm,k02_interp_music_00013__musicbrainz,0.5
lastFM_53786,mbrainz_21264,0.6210835509138382
lastFM_277,mbrainz_174,0.65
lastFM_78528,mbrainz_31563,0.58
lastFM_6458,mbrainz_3056,0.4263565891472868
lastFM_22153,mbrainz_10382,0.5075757575757576
lastFM_17072,mbrainz_7998,0.6041666666666666
lastFM_70701,mbrainz_28262,0.46817363922627075
lastFM_7473,mbrainz_3579,0.4583333333333333
lastFM_3458,mbrainz_1483,0.625
k02_interp_music_00018__lastfm,k02_interp_music_00018__musicbrainz,0.5
lastFM_4446,mbrainz_2016,0.75
lastFM_12086,mbrainz_5730,0.4886363636363636
lastFM_29589,mbrainz_13649,0.8333333333333333
lastFM_81741,mbrainz_32973,0.75
lastFM_31956,mbrainz_14593,0.5833333333333333
lastFM_44336,mbrainz_18301,0.8013136288998358
lastFM_3935,mbrainz_1725,0.5
lastFM_2186,mbrainz_943,0.49459459459459465
lastFM_17992,mbrainz_8417,0.5833333333333333
lastFM_41969,mbrainz_17641,0.9166666666666666
lastFM_4209,mbrainz_1887,0.3293918918918919
lastFM_61541,mbrainz_24309,0.7708333333333333
lastFM_52043,mbrainz_20645,0.4583333333333333
lastFM_71615,mbrainz_28635,0.45833333333333337
lastFM_36523,mbrainz_16075,0.3731060606060606
lastFM_56542,mbrainz_22286,0.5
lastFM_17933,mbrainz_8387,0.5651515151515152
lastFM_16216,mbrainz_7602,0.6210526315789474
lastFM_48581,mbrainz_20461,0.575
k02_interp_music_00087__lastfm,k02_interp_music_00006__musicbrainz,0.4642857142857143
lastFM_53111,mbrainz_21030,0.5208333333333333
lastFM_36859,mbrainz_16153,0.41666666666666663
lastFM_20132,mbrainz_11491,0.36342592592592593
lastFM_52,mbrainz_38,0.3125
lastFM_40496,mbrainz_17263,0.39610389610389607
lastFM_23498,mbrainz_10969,0.5740131578947368
lastFM_15751,mbrainz_7369,0.5591397849462365
lastFM_7016,mbrainz_3342,0.41469594594594594
lastFM_20649,mbrainz_9696,0.7666666666666666
lastFM_6340,mbrainz_2997,0.5833333333333333
lastFM_14926,mbrainz_7034,0.3333333333333333
lastFM_52775,mbrainz_20922,0.575
lastFM_18365,mbrainz_8617,0.49615384615384617
lastFM_54213,mbrainz_21421,0.575
lastFM_124,mbrainz_94,0.5542553191489361
lastFM_23054,mbrainz_10773,0.75
k02_interp_music_00003__lastfm,k02_interp_music_00087__musicbrainz,0.35714285714285715
lastFM_7866,mbrainz_3784,0.5333333333333333
k02_interp_music_00101__lastfm,k02_interp_music_00101__musicbrainz,0.5
lastFM_7338,mbrainz_3507,0.5302340702210664
lastFM_29353,mbrainz_13558,0.46440914271757716
lastFM_61772,mbrainz_24404,0.8263888888888888
lastFM_24806,mbrainz_11568,0.5
lastFM_14159,mbrainz_6705,0.5117924528301887
lastFM_74164,mbrainz_29728,0.5163690476190476
lastFM_32511,mbrainz_14823,0.6416666666666666
lastFM_34063,mbrainz_15474,0.4928571428571428
lastFM_8237,mbrainz_3967,0.6458333333333334
lastFM_901,mbrainz_435,0.5833333333333333
lastFM_72056,mbrainz_28846,0.5980392156862745
lastFM_4539,mbrainz_2071,0.41666666666666663
lastFM_7845,mbrainz_3774,0.5
lastFM_8592,mbrainz_4145,0.4652777777777778
lastFM_3551,mbrainz_1523,0.41666666666666663
lastFM_60434,mbrainz_23854,0.5557017543859648
lastFM_15983,mbrainz_7479,0.4
lastFM_71564,mbrainz_28626,0.75
lastFM_8076,mbrainz_3891,0.6210526315789474
k02_interp_music_00103__lastfm,k02_interp_music_00103__musicbrainz,0.375
k02_interp_music_00034__lastfm,k02_interp_music_00034__musicbrainz,0.6666666666666666
k02_interp_music_00045__lastfm,k02_interp_music_00045__musicbrainz,0.5
lastFM_82385,mbrainz_33271,0.6054376657824934
lastFM_26120,mbrainz_12120,0.42207792207792205
lastFM_72903,mbrainz_29232,0.5
k02_interp_music_00032__lastfm,k02_interp_music_00032__musicbrainz,0.75
k02_interp_music_00041__lastfm,k02_interp_music_00041__musicbrainz,0.75
lastFM_79324,mbrainz_31892,0.45
lastFM_18340,mbrainz_4541,0.33958333333333335
lastFM_54734,mbrainz_21610,0.375
lastFM_67297,mbrainz_26853,0.47126436781609193
lastFM_30,mbrainz_21,0.875
lastFM_16500,mbrainz_7732,0.3333333333333333
lastFM_22069,mbrainz_10345,0.5833333333333333
lastFM_66803,mbrainz_26649,0.7028301886792453
lastFM_37972,mbrainz_16465,0.5119047619047619
lastFM_6089,mbrainz_2873,0.5433333333333333
lastFM_16701,mbrainz_7832,0.41666666666666663
lastFM_20714,mbrainz_9730,0.4208333333333333
k02_interp_music_00081__lastfm,k02_interp_music_00081__musicbrainz,0.5
lastFM_39977,mbrainz_17086,0.375
lastFM_51524,mbrainz_20447,0.625
lastFM_13794,mbrainz_6530,0.4715320910973085
k02_interp_music_00085__lastfm,k02_interp_music_00085__musicbrainz,0.5
lastFM_3442,mbrainz_1474,0.6333333333333333
lastFM_16581,mbrainz_7773,0.4583333333333333
k02_interp_music_00019__lastfm,k02_interp_music_00019__musicbrainz,0.75
lastFM_43894,mbrainz_18169,0.5625
lastFM_5358,mbrainz_2511,0.569047619047619
lastFM_14609,mbrainz_6898,0.387987012987013
lastFM_2762,mbrainz_1196,0.44791666666666663
lastFM_44785,mbrainz_18444,0.5125
lastFM_45671,mbrainz_18701,0.475875614729519
lastFM_50676,mbrainz_20126,0.47916666666666663
lastFM_46147,mbrainz_18831,0.36915391156462585
lastFM_69237,mbrainz_27640,0.3108974358974359
lastFM_3875,mbrainz_1687,0.75
lastFM_45215,mbrainz_18562,0.5677083333333333
lastFM_20254,mbrainz_9522,0.7277298850574713
lastFM_45469,mbrainz_18647,0.4816017316017316
lastFM_10055,mbrainz_4850,0.7311320754716981
lastFM_22634,mbrainz_10590,0.8184523809523809
lastFM_9959,mbrainz_4809,0.47685185185185186
lastFM_23122,mbrainz_10797,0.4633333333333333
lastFM_30838,mbrainz_14150,0.4375
lastFM_16933,mbrainz_7940,0.5963541666666666
k04__within_dup__lastfm__lastFM_6949,mbrainz_3311,0.4285714285714286
k02_interp_music_00095__lastfm,k02_interp_music_00095__musicbrainz,0.75
lastFM_3426,mbrainz_1466,0.5833333333333333
lastFM_420,mbrainz_243,0.49999999999999994
lastFM_9476,mbrainz_4599,0.375
lastFM_650,mbrainz_352,0.4111111111111111
lastFM_16667,mbrainz_7812,0.75
lastFM_13052,mbrainz_6190,0.41666666666666663
lastFM_29139,mbrainz_13474,0.6818181818181819
lastFM_11359,mbrainz_5422,0.5
k02_interp_music_00029__lastfm,k02_interp_music_00029__musicbrainz,0.41666666666666663
lastFM_34090,mbrainz_15486,0.35357142857142854
lastFM_518,mbrainz_298,0.625
lastFM_5033,mbrainz_2332,0.4583333333333333
lastFM_1529,mbrainz_657,0.625
lastFM_5832,mbrainz_2744,0.5986842105263158
lastFM_9966,mbrainz_4812,0.3875
lastFM_49910,mbrainz_19853,0.4583333333333333
lastFM_155,mbrainz_119,0.5
lastFM_39264,mbrainz_16863,0.47916666666666663
lastFM_75857,mbrainz_30391,0.3261822788099259
lastFM_64649,mbrainz_25656,0.4396929824561403
lastFM_119,mbrainz_90,0.3333333333333333
lastFM_63999,mbrainz_25375,0.625
lastFM_3288,mbrainz_1418,0.375
lastFM_6336,mbrainz_2996,0.5
lastFM_16835,mbrainz_7894,0.5328947368421053
lastFM_14970,mbrainz_7051,0.3522727272727273
lastFM_32208,mbrainz_14695,0.4305555555555555
k02_interp_music_00087__lastfm,k02_interp_music_00003__musicbrainz,0.35714285714285715
lastFM_48868,mbrainz_19614,0.5102564102564102
lastFM_32495,mbrainz_9859,0.3578125
lastFM_20286,mbrainz_9538,0.5892857142857143
lastFM_46175,mbrainz_18840,0.5452380952380953
lastFM_49483,mbrainz_19714,0.5833333333333333
lastFM_10597,mbrainz_5097,0.535
k02_interp_music_00009__lastfm,k02_interp_music_00120__musicbrainz,0.35
lastFM_65,mbrainz_47,0.4444444444444444
lastFM_3495,mbrainz_1499,0.4791666666666667
lastFM_72958,mbrainz_29254,0.4060077519379845
lastFM_3134,mbrainz_1346,0.4285714285714286
lastFM_74237,mbrainz_29757,0.46710526315789475
lastFM_5023,mbrainz_2328,0.39583333333333337
k02_interp_music_00049__lastfm,k02_interp_music_00049__musicbrainz,0.5
lastFM_18096,mbrainz_8468,0.7617096018735362
lastFM_538,mbrainz_306,0.4444444444444444
k02_interp_music_00056__lastfm,k04__within_dup__musicbrainz____singleton___musicbrainz_k02_interp_music_00056__musicbrainz,0.7
lastFM_3091,mbrainz_1330,0.5
lastFM_104,mbrainz_79,0.45
k02_interp_music_00147__lastfm,k02_interp_music_00104__musicbrainz,0.34375
lastFM_12501,mbrainz_5933,0.41666666666666663
lastFM_25571,mbrainz_11890,0.6847826086956521
lastFM_5615,mbrainz_2636,0.6577380952380952
lastFM_18421,mbrainz_8646,0.75
lastFM_70934,mbrainz_28371,0.6142857142857143
lastFM_236,mbrainz_164,0.75
lastFM_77853,mbrainz_31267,0.48333333333333334
lastFM_28703,mbrainz_13295,0.75
lastFM_18420,mbrainz_8645,0.41960784313725485
lastFM_27749,mbrainz_12884,0.36363636363636365
lastFM_17552,mbrainz_8206,0.49347826086956526
lastFM_5278,mbrainz_2475,0.5
lastFM_38767,mbrainz_16723,0.5833333333333333
lastFM_47274,mbrainz_19183,0.4022727272727272
lastFM_24333,mbrainz_11345,0.515625
lastFM_5096,mbrainz_2368,0.7470588235294118
lastFM_25667,mbrainz_11928,0.30978260869565216
lastFM_16614,mbrainz_7789,0.523611111111111
lastFM_2857,mbrainz_1238,0.5833333333333333
lastFM_6559,mbrainz_3106,0.5354225784185904
lastFM_57563,mbrainz_6898,0.3572916666666667
lastFM_33991,mbrainz_15439,0.5780798149219202
lastFM_7721,mbrainz_3708,0.545
lastFM_8483,mbrainz_4091,0.625
lastFM_15612,mbrainz_7308,0.6474358974358975
lastFM_2667,mbrainz_1158,0.4189189189189189
lastFM_23406,mbrainz_10923,0.5795454545454546
lastFM_4460,mbrainz_2025,0.4934413648572862
k04__within_dup__lastfm__discogs_8631,mbrainz_1887,0.4543918918918919
lastFM_177,mbrainz_135,0.625
lastFM_34990,mbrainz_15704,0.38848039215686275
lastFM_9234,mbrainz_4477,0.45
lastFM_46104,mbrainz_18812,0.5625
lastFM_82221,mbrainz_33188,0.5
lastFM_17834,mbrainz_8334,0.525
lastFM_83227,mbrainz_33679,0.4216339357059439
lastFM_71414,mbrainz_28566,0.6190476190476191
lastFM_30070,mbrainz_13861,0.5658783783783784
lastFM_82208,mbrainz_33181,0.4583333333333333
k02_interp_music_00096__lastfm,k02_interp_music_00096__musicbrainz,0.375
lastFM_11176,mbrainz_5338,0.5024378109452736
lastFM_33794,mbrainz_15365,0.75
k02_interp_music_00068__lastfm,k02_interp_music_00068__musicbrainz,0.5
lastFM_26621,mbrainz_12354,0.75
lastFM_23465,mbrainz_10954,0.461046511627907
lastFM_290,mbrainz_180,0.42105263157894735
lastFM_13834,mbrainz_6546,0.30147058823529416
k02_interp_music_00048__lastfm,k02_interp_music_00048__musicbrainz,0.5
lastFM_1297,mbrainz_578,0.42647058823529416
lastFM_20671,mbrainz_9705,0.625
lastFM_33414,mbrainz_15185,0.5833333333333333
lastFM_64052,mbrainz_25400,0.37202380952380953
lastFM_6158,mbrainz_2916,0.4583333333333333
k04__within_dup__lastfm____singleton___lastfm_k02_interp_music_00024__lastfm,k02_interp_music_00024__musicbrainz,0.7
k02_interp_music_00098__lastfm,k02_interp_music_00098__musicbrainz,0.6666666666666666
lastFM_482,mbrainz_280,0.6436781609195402
lastFM_37645,mbrainz_16361,0.5208333333333333
lastFM_7905,mbrainz_3809,0.3180894308943089
k02_interp_music_00065__lastfm,k02_interp_music_00065__musicbrainz,0.5
lastFM_10871,mbrainz_5214,0.4243589743589744
lastFM_65837,mbrainz_26210,0.42543859649122806
lastFM_1179,mbrainz_536,0.37651515151515147
lastFM_2576,mbrainz_1119,0.5
lastFM_17117,mbrainz_8021,0.5462962962962963
lastFM_60307,mbrainz_23796,0.45555555555555555
lastFM_1378,mbrainz_606,0.546875
lastFM_50314,mbrainz_19991,0.6079698809961968
lastFM_26362,mbrainz_12240,0.4455128205128205
lastFM_10518,mbrainz_5061,0.47893772893772896
lastFM_12102,mbrainz_5739,0.6597222222222222
lastFM_168,mbrainz_129,0.875
lastFM_6577,mbrainz_3113,0.5916666666666667
lastFM_37844,mbrainz_16420,0.375
lastFM_24445,mbrainz_11399,0.5
lastFM_20010,mbrainz_9412,0.41666666666666663
lastFM_53235,mbrainz_21064,0.5
lastFM_5768,mbrainz_2716,0.3875
lastFM_699,mbrainz_371,0.5625
k02_interp_music_00000__lastfm,k04__within_dup__musicbrainz____singleton___musicbrainz_k02_interp_music_00056__musicbrainz,0.3125
lastFM_10343,mbrainz_4985,0.5
lastFM_54423,mbrainz_21491,0.6
lastFM_68309,mbrainz_27291,0.45175438596491224
lastFM_7844,mbrainz_3773,0.6396103896103896
lastFM_5444,mbrainz_2558,0.8333333333333333
lastFM_1011,mbrainz_480,0.5347222222222222
lastFM_9367,mbrainz_4543,0.3522727272727273
lastFM_64486,mbrainz_25578,0.6011904761904762
lastFM_18905,mbrainz_8886,0.369047619047619
lastFM_53,mbrainz_39,0.7916666666666667
lastFM_54841,mbrainz_21647,0.4147727272727273
lastFM_11046,mbrainz_5293,0.3958333333333333
lastFM_1572,mbrainz_674,0.5476190476190476
lastFM_82014,mbrainz_33103,0.4817073170731707
lastFM_21556,mbrainz_10119,0.7569444444444444
lastFM_64881,mbrainz_25783,0.3813030785562632
lastFM_2258,mbrainz_973,0.375
lastFM_3580,mbrainz_1537,0.5571428571428572
lastFM_17008,mbrainz_7972,0.5333333333333333
lastFM_5956,mbrainz_2805,0.3333333333333333
k04__within_dup__lastfm__discogs_108439,mbrainz_19614,0.5102564102564102
lastFM_39755,mbrainz_17009,0.5641025641025641
lastFM_47070,mbrainz_19119,0.764985380116959
lastFM_4703,mbrainz_2165,0.5
lastFM_56425,mbrainz_22234,0.6649122807017545
lastFM_58817,mbrainz_23194,0.5225310084311778
lastFM_7862,mbrainz_3782,0.5
lastFM_8041,mbrainz_3866,0.425
lastFM_2208,mbrainz_956,0.45
lastFM_31301,mbrainz_18169,0.34059343434343436
lastFM_62079,mbrainz_24538,0.5234375
lastFM_63674,mbrainz_25239,0.6418269230769231
lastFM_31926,mbrainz_14583,0.5
lastFM_22641,mbrainz_10593,0.5336538461538461
lastFM_6226,mbrainz_2950,0.41666666666666663
lastFM_63213,mbrainz_25034,0.3953900709219858
lastFM_51031,mbrainz_20260,0.35984848484848486
lastFM_38629,mbrainz_16682,0.5
lastFM_9536,mbrainz_4627,0.5
lastFM_16082,mbrainz_7534,0.425
lastFM_7445,mbrainz_3565,0.5119047619047619
lastFM_8961,mbrainz_4340,0.875
lastFM_114,mbrainz_87,0.36190476190476195
lastFM_60026,mbrainz_23678,0.44345238095238093
lastFM_48615,mbrainz_19522,0.5303825300452241
lastFM_72107,mbrainz_28868,0.4255952380952381
lastFM_30462,mbrainz_14016,0.45512820512820507
lastFM_63737,mbrainz_25264,0.42344961240310075
lastFM_27735,mbrainz_12873,0.4895833333333333
lastFM_8515,mbrainz_4109,0.638872350559657
lastFM_62592,mbrainz_24743,0.3333333333333333
lastFM_4755,mbrainz_2192,0.4083333333333333
lastFM_22168,mbrainz_28213,0.375
lastFM_53871,mbrainz_21295,0.3333333333333333
lastFM_122,mbrainz_92,0.8125
lastFM_27823,mbrainz_12916,0.695054945054945
k04__within_dup__lastfm__discogs_71930,mbrainz_15213,0.6757936507936508
lastFM_66329,mbrainz_26439,0.611111111111111
lastFM_7833,mbrainz_3764,0.7253787878787878
lastFM_49647,mbrainz_19770,0.8066037735849056
lastFM_20965,mbrainz_9841,0.6413043478260869
lastFM_29815,k02_interp_music_00087__musicbrainz,0.34375
lastFM_63658,mbrainz_25231,0.3875
lastFM_11417,mbrainz_5444,0.5916666666666667
lastFM_23621,k02_interp_music_00003__musicbrainz,0.375
lastFM_27227,mbrainz_12640,0.5157657657657657
lastFM_33284,mbrainz_15132,0.75
k02_interp_music_00100__lastfm,k04__within_dup__musicbrainz____singleton___musicbrainz_k02_interp_music_00100__musicbrainz,0.3666666666666667
lastFM_2925,mbrainz_1265,0.5814102564102563
k02_interp_music_00071__lastfm,k02_interp_music_00071__musicbrainz,0.75
lastFM_66492,mbrainz_26518,0.3745210727969349
k02_interp_music_00069__lastfm,k02_interp_music_00069__musicbrainz,0.41666666666666663
lastFM_27,mbrainz_19,0.7083333333333333
lastFM_37061,mbrainz_16219,0.4020833333333333
lastFM_82083,mbrainz_33131,0.6166666666666667
lastFM_55146,mbrainz_6014,0.7581168831168832
lastFM_73051,mbrainz_29292,0.35
lastFM_19657,mbrainz_9242,0.6794871794871795
k02_interp_music_00000__lastfm,k02_interp_music_00110__musicbrainz,0.5625
k04__within_dup__lastfm____singleton___lastfm_lastFM_21153,mbrainz_9925,0.5153876061729872
k02_interp_music_00063__lastfm,k02_interp_music_00087__musicbrainz,0.3627025772827872
lastFM_156,mbrainz_120,0.35416666666666663
lastFM_22919,mbrainz_10715,0.4907407407407407
lastFM_19584,mbrainz_9210,0.4095528455284553
lastFM_137,mbrainz_103,0.5833333333333333
lastFM_17523,mbrainz_8191,0.41666666666666663
lastFM_45133,mbrainz_18545,0.41666666666666663
k02_interp_music_00055__lastfm,k02_interp_music_00015__musicbrainz,0.40625
lastFM_13747,mbrainz_6514,0.3404471544715447
lastFM_55963,mbrainz_22056,0.3125
lastFM_1041,mbrainz_489,0.8669587537617277
lastFM_15206,mbrainz_7144,0.5320373224336639
lastFM_19184,mbrainz_9006,0.45
lastFM_3252,mbrainz_1399,0.35714285714285715
lastFM_33784,mbrainz_15359,0.7242999616417338
lastFM_7524,mbrainz_3608,0.6166666666666667
k04__within_dup__lastfm__discogs_35120,mbrainz_7832,0.41666666666666663
lastFM_25279,mbrainz_11773,0.4375
lastFM_21160,mbrainz_9927,0.6466836734693877
lastFM_61544,mbrainz_24311,0.5681818181818181
lastFM_4205,mbrainz_1883,0.65
lastFM_12283,mbrainz_5823,0.7976190476190477
lastFM_9569,mbrainz_4641,0.44999999999999996
lastFM_76477,mbrainz_30648,0.905241935483871
lastFM_40062,mbrainz_17122,0.7583333333333333
k02_interp_music_00055__lastfm,k02_interp_music_00110__musicbrainz,0.5555555555555556
lastFM_17116,mbrainz_8020,0.41666666666666663
lastFM_9468,mbrainz_4595,0.33174603174603173
lastFM_643,mbrainz_348,0.7292067770504428
lastFM_67671,mbrainz_27016,0.5142276422764227
lastFM_15817,mbrainz_7404,0.44696969696969696
k02_interp_music_00040__lastfm,k02_interp_music_00040__musicbrainz,0.5833333333333333
lastFM_8141,mbrainz_3924,0.4768817204301075
lastFM_26651,mbrainz_12373,0.40625
k02_interp_music_00057__lastfm,k02_interp_music_00057__musicbrainz,0.425
lastFM_7844,mbrainz_9567,0.40494505494505495
lastFM_58213,mbrainz_22940,0.3907103825136612
lastFM_30614,mbrainz_14073,0.3218390804597701
k02_interp_music_00056__lastfm,k02_interp_music_00059__musicbrainz,0.3846153846153846
k04__within_dup__lastfm__discogs_147745,mbrainz_25578,0.6011904761904762
lastFM_16956,mbrainz_10547,0.3119047619047619
lastFM_55730,mbrainz_21967,0.47619047619047616
lastFM_10624,mbrainz_5110,0.3472222222222222
k02_interp_music_00017__lastfm,k02_interp_music_00022__musicbrainz,0.6666666666666666
lastFM_6404,mbrainz_3034,0.3333333333333333
lastFM_17212,mbrainz_8066,0.47770270270270276
lastFM_60690,mbrainz_23963,0.5
lastFM_2789,mbrainz_1209,0.5
lastFM_26204,mbrainz_12166,0.5208333333333333
lastFM_22051,mbrainz_10336,0.5554347826086956
lastFM_2866,mbrainz_1241,0.9166666666666666
lastFM_16506,mbrainz_7736,0.375
lastFM_63601,mbrainz_25205,0.30833333333333335
lastFM_22709,mbrainz_10624,0.4421641791044776
lastFM_52020,mbrainz_20639,0.425
lastFM_37497,mbrainz_17572,0.7291666666666666
lastFM_20755,mbrainz_9749,0.34775641025641024
lastFM_4245,mbrainz_1907,0.40337882489586674
lastFM_18500,mbrainz_8680,0.3
lastFM_9458,mbrainz_4592,0.39285714285714285
lastFM_26390,mbrainz_12254,0.5
lastFM_3150,mbrainz_1352,0.5535692212997929
lastFM_24361,mbrainz_11359,0.4193548387096774
lastFM_5048,mbrainz_4154,0.4564393939393939
k02_interp_music_00154__lastfm,k02_interp_music_00120__musicbrainz,0.625
lastFM_6963,mbrainz_3318,0.5737179487179487
k02_interp_music_00050__lastfm,k02_interp_music_00050__musicbrainz,0.5
lastFM_57478,mbrainz_22655,0.3684210526315789
lastFM_7923,mbrainz_26449,0.4092741935483871
lastFM_69458,mbrainz_8320,0.39057971014492754
lastFM_5056,mbrainz_2347,0.625
k04__within_dup__lastfm__discogs_938,mbrainz_306,0.3611111111111111
lastFM_30690,mbrainz_14097,0.3719512195121951
lastFM_77044,mbrainz_30883,0.5760869565217391
k02_interp_music_00015__lastfm,k02_interp_music_00110__musicbrainz,0.3125
lastFM_45684,mbrainz_18707,0.5
lastFM_37674,mbrainz_16371,0.3125
lastFM_22659,mbrainz_10599,0.4532258064516129
lastFM_54602,mbrainz_21559,0.3375
lastFM_13001,mbrainz_6168,0.4583333333333333
lastFM_15260,mbrainz_7166,0.5
lastFM_12483,mbrainz_5923,0.8333333333333333
lastFM_10891,mbrainz_5224,0.48214285714285715
lastFM_24154,mbrainz_11264,0.3888888888888889
lastFM_8800,mbrainz_4251,0.5603448275862069
lastFM_19824,mbrainz_9319,0.375
lastFM_17664,mbrainz_8259,0.3020833333333333
lastFM_23464,mbrainz_10953,0.5961538461538461
lastFM_66862,mbrainz_26674,0.39102918586789553
lastFM_20900,mbrainz_9817,0.41203703703703703
lastFM_8442,mbrainz_4066,0.625
lastFM_10489,mbrainz_5053,0.375
lastFM_33581,mbrainz_15263,0.5507246376811594
lastFM_23462,mbrainz_10951,0.41328828828828834
lastFM_8772,mbrainz_4234,0.5555691133895115
lastFM_55066,mbrainz_21750,0.3177083333333333
lastFM_11922,mbrainz_5662,0.5892857142857143
k02_interp_music_00095__lastfm,k02_interp_music_00185__musicbrainz,0.35
lastFM_41632,mbrainz_17547,0.3416666666666667
lastFM_38330,mbrainz_16582,0.4294871794871795
lastFM_172,mbrainz_132,0.625
lastFM_24545,mbrainz_11450,0.375
lastFM_67304,mbrainz_26856,0.4583333333333333
lastFM_15717,mbrainz_7358,0.5267857142857143
lastFM_5060,mbrainz_2349,0.6395833333333333
lastFM_21290,mbrainz_9996,0.5208333333333333
k02_interp_music_00053__lastfm,k02_interp_music_00206__musicbrainz,0.34375
k02_interp_music_00155__lastfm,k02_interp_music_00104__musicbrainz,0.3055555555555556
lastFM_3488,mbrainz_1496,0.5
lastFM_4820,mbrainz_2227,0.5446969696969697
lastFM_3624,mbrainz_1552,0.3814102564102564
lastFM_47671,mbrainz_19317,0.3645833333333333
k02_interp_music_00171__lastfm,k02_interp_music_00193__musicbrainz,0.4156911928651059
lastFM_18007,mbrainz_8427,0.41666666666666663
lastFM_57547,mbrainz_22690,0.3522727272727273
lastFM_83571,mbrainz_33822,0.5119047619047619
k02_interp_music_00054__lastfm,k02_interp_music_00054__musicbrainz,0.41666666666666663
lastFM_63740,mbrainz_25265,0.7583333333333333
k02_interp_music_00060__lastfm,k02_interp_music_00026__musicbrainz,0.3125
lastFM_8668,mbrainz_4180,0.5125
k02_interp_music_00154__lastfm,k02_interp_music_00009__musicbrainz,0.34375
lastFM_81,mbrainz_61,0.39285714285714285
lastFM_36768,mbrainz_16125,0.30729166666666663
lastFM_9373,mbrainz_4547,0.5375
lastFM_179,mbrainz_137,0.7
lastFM_47502,mbrainz_19241,0.4473684210526316
lastFM_14998,mbrainz_7066,0.41666666666666663
lastFM_6135,mbrainz_2902,0.30128205128205127
lastFM_1946,mbrainz_839,0.412037037037037
lastFM_22519,mbrainz_10547,0.375
lastFM_50296,mbrainz_19987,0.328125
lastFM_61385,mbrainz_24245,0.5205882352941176
lastFM_29815,k02_interp_music_00003__musicbrainz,0.3055555555555556
k02_interp_music_00014__lastfm,k02_interp_music_00013__musicbrainz,0.3333333333333333
lastFM_78863,mbrainz_31707,0.4807692307692307
lastFM_1037,mbrainz_488,0.59375
lastFM_25221,mbrainz_11748,0.5625
lastFM_75824,mbrainz_30379,0.5587848932676519
k02_interp_music_00056__lastfm,k02_interp_music_00192__musicbrainz,0.3333333333333333
lastFM_56574,mbrainz_22292,0.3611111111111111
k02_interp_music_00095__lastfm,k02_interp_music_00013__musicbrainz,0.4
lastFM_61626,mbrainz_24347,0.5183823529411764
lastFM_5395,mbrainz_2530,0.4583333333333333
lastFM_53665,mbrainz_21213,0.6491043439319302
lastFM_4599,mbrainz_2109,0.5625
lastFM_36988,mbrainz_16193,0.3958333333333333
lastFM_7870,mbrainz_3787,0.75
lastFM_15940,mbrainz_7456,0.3125
lastFM_134,mbrainz_102,0.5270833333333333
lastFM_24837,mbrainz_11584,0.42446255337294575
lastFM_64060,mbrainz_25404,0.375
k02_interp_music_00059__lastfm,k02_interp_music_00055__musicbrainz,0.4130824372759857
lastFM_33278,mbrainz_15127,0.7976190476190477
lastFM_1205,mbrainz_553,0.43430161848629434
lastFM_38559,mbrainz_16657,0.41666666666666663
lastFM_53844,mbrainz_21284,0.3333333333333333
lastFM_109,mbrainz_83,0.4583333333333333
lastFM_2946,mbrainz_1271,0.5
lastFM_25306,mbrainz_11785,0.4314102564102564
lastFM_32352,mbrainz_14754,0.875
lastFM_44374,mbrainz_18314,0.3870967741935484
k02_interp_music_00013__lastfm,k02_interp_music_00095__musicbrainz,0.4
lastFM_42091,mbrainz_17680,0.39202066221765913
lastFM_2,mbrainz_2,0.39285714285714285
k02_interp_music_00055__lastfm,k02_interp_music_00059__musicbrainz,0.3888888888888889
lastFM_4570,mbrainz_2090,0.3
lastFM_3891,mbrainz_1697,0.6333333333333333
k02_interp_music_00004__lastfm,k02_interp_music_00185__musicbrainz,0.587962962962963
lastFM_19310,mbrainz_9062,0.5991527899503359
lastFM_27930,mbrainz_12956,0.3088829907386492
k02_interp_music_00013__lastfm,k02_interp_music_00185__musicbrainz,0.5648117839607201
lastFM_582,mbrainz_318,0.391025641025641
lastFM_11,mbrainz_9,0.5
lastFM_29815,k02_interp_music_00006__musicbrainz,0.3055555555555556
lastFM_483,mbrainz_742,0.3548177083333333
lastFM_32403,mbrainz_14776,0.55
k02_interp_music_00021__lastfm,k02_interp_music_00021__musicbrainz,0.5
lastFM_8885,mbrainz_4296,0.3787878787878788
lastFM_34272,mbrainz_15563,0.4222222222222222
lastFM_1156,mbrainz_528,0.5218702865761689
lastFM_15261,mbrainz_7167,0.5
lastFM_43202,mbrainz_17944,0.4375
lastFM_2003,mbrainz_861,0.35833333333333334
k02_interp_music_00095__lastfm,k02_interp_music_00120__musicbrainz,0.3125
lastFM_31886,mbrainz_14564,0.75
lastFM_21005,mbrainz_9854,0.4005602240896358
lastFM_58210,mbrainz_22937,0.4119047619047619
k02_interp_music_00154__lastfm,k02_interp_music_00004__musicbrainz,0.3
k02_interp_music_00154__lastfm,k02_interp_music_00136__musicbrainz,0.35
lastFM_33163,mbrainz_15083,0.3785460992907801
lastFM_33812,mbrainz_15371,0.41666666666666663
lastFM_6144,mbrainz_2907,0.575
lastFM_64707,mbrainz_25686,0.3958333333333333
lastFM_170,mbrainz_131,0.75
k02_interp_music_00154__lastfm,k02_interp_music_00185__musicbrainz,0.3
lastFM_6084,mbrainz_2870,0.6301724137931035
lastFM_37035,mbrainz_16208,0.3278985507246377
lastFM_21122,mbrainz_9908,0.41666666666666663
lastFM_75539,mbrainz_30257,0.3333333333333333
lastFM_5439,mbrainz_2554,0.5
lastFM_65607,mbrainz_26107,0.35
lastFM_416,mbrainz_241,0.35416666666666663
k02_interp_music_00053__lastfm,k02_interp_music_00055__musicbrainz,0.3333333333333333
k02_interp_music_00023__lastfm,k02_interp_music_00023__musicbrainz,0.3333333333333333
lastFM_37304,mbrainz_16282,0.6140350877192982
k02_interp_music_00013__lastfm,k02_interp_music_00014__musicbrainz,0.3333333333333333
k02_interp_music_00044__lastfm,k02_interp_music_00044__musicbrainz,0.41666666666666663
lastFM_7420,mbrainz_3549,0.45833333333333337
lastFM_39952,mbrainz_17077,0.34259259259259256
lastFM_35611,mbrainz_15886,0.375
lastFM_17733,mbrainz_8289,0.5
lastFM_2944,mbrainz_1270,0.75
lastFM_19551,mbrainz_9193,0.625
lastFM_7879,mbrainz_3793,0.6166666666666667
lastFM_11312,mbrainz_1739,0.39215686274509803
lastFM_71990,mbrainz_28812,0.3333333333333333
lastFM_12330,mbrainz_5845,0.35347985347985345
lastFM_54457,mbrainz_21505,0.35
k02_interp_music_00053__lastfm,k02_interp_music_00110__musicbrainz,0.53125
k04__within_dup__lastfm____singleton___lastfm_lastFM_54506,k02_interp_music_00158__musicbrainz,0.39285714285714285
lastFM_28474,mbrainz_13200,0.39821428571428574
lastFM_9076,mbrainz_4392,0.717948717948718
lastFM_23621,k02_interp_music_00087__musicbrainz,0.3214285714285714
lastFM_23621,k02_interp_music_00006__musicbrainz,0.3214285714285714
lastFM_20355,mbrainz_3773,0.4008333333333333
lastFM_58527,mbrainz_15000,0.3433333333333333
lastFM_8196,mbrainz_3945,0.5
k02_interp_music_00059__lastfm,k02_interp_music_00110__musicbrainz,0.3055555555555556
lastFM_18369,mbrainz_31563,0.4666666666666667
lastFM_27963,mbrainz_12973,0.5964285714285714
lastFM_8695,mbrainz_4195,0.5277777777777777
lastFM_31997,mbrainz_14611,0.3333333333333333
lastFM_7505,mbrainz_3600,0.4369047619047619
lastFM_20844,mbrainz_9790,0.5
k02_interp_music_00059__lastfm,k02_interp_music_00015__musicbrainz,0.42052845528455285
k02_interp_music_00014__lastfm,k02_interp_music_00095__musicbrainz,0.3333333333333333
lastFM_39506,mbrainz_16932,0.655
k02_interp_music_00060__lastfm,k02_interp_music_00041__musicbrainz,0.3
lastFM_18358,mbrainz_8612,0.3194444444444444
lastFM_3745,mbrainz_1600,0.3833333333333333
lastFM_17947,mbrainz_8395,0.35
k02_interp_music_00045__lastfm,k02_interp_music_00037__musicbrainz,0.3333333333333333
lastFM_16685,mbrainz_7821,0.6666666666666666
k02_interp_music_00014__lastfm,k02_interp_music_00185__musicbrainz,0.48239030023094687
k02_interp_music_00056__lastfm,k02_interp_music_00000__musicbrainz,0.3055555555555556
lastFM_18318,mbrainz_8589,0.43333333333333335
lastFM_2639,mbrainz_3635,0.7053571428571428
lastFM_67163,mbrainz_26800,0.4602272727272727
lastFM_77305,mbrainz_31003,0.4811827956989247
lastFM_8798,mbrainz_4250,0.375
lastFM_58527,mbrainz_26717,0.3080357142857143
k02_interp_music_00147__lastfm,k02_interp_music_00015__musicbrainz,0.3055555555555556
lastFM_20104,mbrainz_10450,0.37254901960784315
lastFM_9374,mbrainz_4548,0.41314801782782073
lastFM_2863,mbrainz_1240,0.375
lastFM_65524,mbrainz_26063,0.33796296296296297
lastFM_42428,mbrainz_17778,0.5
k02_interp_music_00053__lastfm,k02_interp_music_00015__musicbrainz,0.34375
k02_interp_music_00021__lastfm,k04__within_dup__musicbrainz____singleton___musicbrainz_k02_interp_music_00021__musicbrainz,0.375
lastFM_5828,mbrainz_2741,0.3153153153153153
k02_interp_music_00026__lastfm,k02_interp_music_00041__musicbrainz,0.3125
lastFM_7221,mbrainz_1792,0.4
k04__within_dup__lastfm__discogs_48213,mbrainz_10624,0.32966417910447765
lastFM_24832,mbrainz_11581,0.5192307692307693
k02_interp_music_00095__lastfm,k02_interp_music_00014__musicbrainz,0.3333333333333333
k02_interp_music_00056__lastfm,k02_interp_music_00110__musicbrainz,0.3214285714285714
lastFM_41840,mbrainz_18137,0.5
lastFM_16420,mbrainz_7687,0.4207317073170732
lastFM_37119,mbrainz_16231,0.46846846846846846
lastFM_30110,mbrainz_13876,0.5
lastFM_40373,mbrainz_17220,0.3333333333333333
k02_interp_music_00014__lastfm,k02_interp_music_00064__musicbrainz,0.3
k02_interp_music_00030__lastfm,k02_interp_music_00030__musicbrainz,0.3333333333333333
lastFM_19509,mbrainz_9167,0.31666666666666665
lastFM_19273,mbrainz_9048,0.4
k02_interp_music_00147__lastfm,k02_interp_music_00110__musicbrainz,0.3214285714285714
k02_interp_music_00147__lastfm,k04__within_dup__musicbrainz____singleton___musicbrainz_k02_interp_music_00056__musicbrainz,0.3214285714285714
k02_interp_music_00017__lastfm,k02_interp_music_00009__musicbrainz,0.5277777777777778
lastFM_27846,mbrainz_12926,0.41666666666666663
k02_interp_music_00056__lastfm,k02_interp_music_00055__musicbrainz,0.3
k02_interp_music_00017__lastfm,k02_interp_music_00014__musicbrainz,0.3
lastFM_5666,mbrainz_2664,0.3
lastFM_55714,mbrainz_21962,0.375
lastFM_64592,mbrainz_25624,0.3713768115942029
k02_interp_music_00013__lastfm,k02_interp_music_00136__musicbrainz,0.3333333333333333
lastFM_38992,mbrainz_16794,0.41666666666666663
lastFM_44534,mbrainz_18371,0.4015957446808511
lastFM_25486,mbrainz_11847,0.6959459459459459
lastFM_21846,mbrainz_10239,0.3
k02_interp_music_00095__lastfm,k02_interp_music_00136__musicbrainz,0.3333333333333333
lastFM_62403,mbrainz_24664,0.625
lastFM_186,mbrainz_140,0.45833333333333337
lastFM_21459,mbrainz_10077,0.6552680285165889
lastFM_44431,mbrainz_18331,0.3333333333333333
k02_interp_music_00059__lastfm,k02_interp_music_00000__musicbrainz,0.325
lastFM_8064,mbrainz_1002,0.31521739130434784
lastFM_34084,mbrainz_15483,0.3315217391304348
k02_interp_music_00064__lastfm,k02_interp_music_00014__musicbrainz,0.3
lastFM_52117,mbrainz_20680,0.43548387096774194
k02_interp_music_00017__lastfm,k02_interp_music_00064__musicbrainz,0.5833333333333333
lastFM_4408,mbrainz_1994,0.4285714285714286
k04__within_dup__lastfm__discogs_120729,mbrainz_21295,0.375
lastFM_26700,mbrainz_12389,0.41666666666666663
lastFM_39830,mbrainz_17035,0.3125
lastFM_43542,mbrainz_18054,0.321078431372549
k02_interp_music_00000__lastfm,k02_interp_music_00055__musicbrainz,0.325
lastFM_3367,mbrainz_1449,0.625
lastFM_45626,mbrainz_18689,0.5
lastFM_3030,mbrainz_3131,0.3390692640692641
lastFM_25564,mbrainz_11888,0.46875
k02_interp_music_00055__lastfm,k04__within_dup__musicbrainz____singleton___musicbrainz_k02_interp_music_00056__musicbrainz,0.3055555555555556
lastFM_46690,mbrainz_18999,0.5965909090909091
k02_interp_music_00155__lastfm,k02_interp_music_00000__musicbrainz,0.3055555555555556
lastFM_883,mbrainz_427,0.39250700280112044
lastFM_43971,mbrainz_18196,0.4375
lastFM_22918,mbrainz_10714,0.4
k02_interp_music_00059__lastfm,k04__within_dup__musicbrainz____singleton___musicbrainz_k02_interp_music_00056__musicbrainz,0.3568376068376069
k02_interp_music_00015__lastfm,k02_interp_music_00059__musicbrainz,0.325
lastFM_54774,mbrainz_21622,0.5828474246841594
k02_interp_music_00048__lastfm,k02_interp_music_00064__musicbrainz,0.5
lastFM_2711,mbrainz_1172,0.75
lastFM_73,mbrainz_54,0.3875
k02_interp_music_00000__lastfm,k02_interp_music_00059__musicbrainz,0.325
lastFM_11039,mbrainz_5290,0.5
lastFM_12514,mbrainz_1549,0.4001350716466996
lastFM_282,mbrainz_176,0.41666666666666663
k02_interp_music_00147__lastfm,k02_interp_music_00055__musicbrainz,0.3
lastFM_57574,mbrainz_23071,0.3076923076923077
k02_interp_music_00126__lastfm,k02_interp_music_00016__musicbrainz,0.5714285714285714
k02_interp_music_00055__lastfm,k02_interp_music_00000__musicbrainz,0.325
k02_interp_music_00000__lastfm,k02_interp_music_00015__musicbrainz,0.3
lastFM_152,mbrainz_116,0.40625
lastFM_81002,mbrainz_32617,0.34090909090909094
lastFM_58564,mbrainz_23088,0.375
k02_interp_music_00154__lastfm,k02_interp_music_00017__musicbrainz,0.3333333333333333
lastFM_36328,mbrainz_16029,0.35
lastFM_50749,mbrainz_20148,0.35625
k02_interp_music_00035__lastfm,k02_interp_music_00035__musicbrainz,0.375
k02_interp_music_00154__lastfm,k02_interp_music_00022__musicbrainz,0.3
lastFM_8922,mbrainz_4313,0.3125
lastFM_20282,mbrainz_9536,0.39285714285714285
k02_interp_music_00048__lastfm,k02_interp_music_00004__musicbrainz,0.3
lastFM_9093,mbrainz_4401,0.34239130434782605
lastFM_5049,mbrainz_4154,0.4834263611437525
lastFM_62237,mbrainz_24596,0.6666666666666666
k02_interp_music_00109__lastfm,k02_interp_music_00010__musicbrainz,0.3774733637747337
lastFM_57964,mbrainz_22847,0.375
lastFM_58662,mbrainz_23128,0.45833333333333337
lastFM_21522,mbrainz_10099,0.3333333333333333
lastFM_28822,mbrainz_13341,0.5799979785728724
k02_interp_music_00147__lastfm,k02_interp_music_00059__musicbrainz,0.3
k02_interp_music_00048__lastfm,k02_interp_music_00013__musicbrainz,0.35
lastFM_23040,mbrainz_8,0.3333333333333333
k02_interp_music_00026__lastfm,k02_interp_music_00060__musicbrainz,0.3125
lastFM_51492,mbrainz_20434,0.375
k02_interp_music_00048__lastfm,k02_interp_music_00136__musicbrainz,0.6
lastFM_33534,mbrainz_15239,0.6860860728172499
lastFM_63042,mbrainz_24950,0.36197916666666663
k02_interp_music_00053__lastfm,k02_interp_music_00053__musicbrainz,0.375
lastFM_7625,mbrainz_3665,0.3125
k02_interp_music_00013__lastfm,k02_interp_music_00120__musicbrainz,0.3125
k02_interp_music_00048__lastfm,k02_interp_music_00185__musicbrainz,0.3
k02_interp_music_00009__lastfm,k02_interp_music_00095__musicbrainz,0.45010822510822507
lastFM_47081,mbrainz_19124,0.3601190476190476
lastFM_15771,mbrainz_7379,0.5833333333333333
lastFM_18269,mbrainz_8566,0.4552197802197802
lastFM_15597,mbrainz_7299,0.3027777777777778
lastFM_1189,mbrainz_542,0.43333333333333335
lastFM_42609,mbrainz_23870,0.30437853107344637
lastFM_28226,mbrainz_13081,0.3051075268817204
lastFM_26063,mbrainz_12098,0.3333333333333333
lastFM_65454,mbrainz_26032,0.75
lastFM_21153,mbrainz_9925,0.5153876061729872
k02_interp_music_00064__lastfm,k02_interp_music_00185__musicbrainz,0.3125
lastFM_18866,mbrainz_8857,0.3333333333333333
k02_interp_music_00091__lastfm,k02_interp_music_00079__musicbrainz,0.5714285714285714
lastFM_21486,mbrainz_10084,0.33669354838709675
lastFM_7694,mbrainz_3779,0.3622685185185185
k02_interp_music_00008__lastfm,k02_interp_music_00066__musicbrainz,0.44999999999999996
lastFM_26213,mbrainz_12170,0.375
k02_interp_music_00091__lastfm,k02_interp_music_00003__musicbrainz,0.3125
k02_interp_music_00056__lastfm,k02_interp_music_00015__musicbrainz,0.3055555555555556
k02_interp_music_00017__lastfm,k02_interp_music_00095__musicbrainz,0.3
lastFM_57581,mbrainz_23071,0.3406862745098039
lastFM_30935,mbrainz_14186,0.48333333333333334
lastFM_34063,mbrainz_3151,0.3125
lastFM_22174,mbrainz_7048,0.4
k02_interp_music_00009__lastfm,k02_interp_music_00136__musicbrainz,0.3
lastFM_21816,mbrainz_10222,0.375
lastFM_809,mbrainz_10450,0.3330578512396694
lastFM_6220,mbrainz_2945,0.6023529411764705
k02_interp_music_00067__lastfm,k02_interp_music_00047__musicbrainz,0.375
k02_interp_music_00089__lastfm,k02_interp_music_00089__musicbrainz,0.5833333333333333
lastFM_69767,mbrainz_9452,0.3290689230041715
lastFM_19946,mbrainz_2261,0.3333333333333333
k02_interp_music_00154__lastfm,k02_interp_music_00048__musicbrainz,0.3
k02_interp_music_00048__lastfm,k02_interp_music_00095__musicbrainz,0.35
lastFM_14962,mbrainz_7049,0.39583333333333337
lastFM_11103,mbrainz_25205,0.35714285714285715
lastFM_28461,mbrainz_13194,0.4128787878787879
lastFM_17651,mbrainz_8254,0.6211715160796325
k02_interp_music_00029__lastfm,k02_interp_music_00089__musicbrainz,0.3214285714285714
lastFM_23621,mbrainz_10450,0.3333333333333333
lastFM_15333,mbrainz_9452,0.42346229969931104
lastFM_48008,mbrainz_19352,0.75
k02_interp_music_00064__lastfm,k02_interp_music_00022__musicbrainz,0.5625
lastFM_71019,mbrainz_28403,0.71875
lastFM_73880,mbrainz_9373,0.34375
lastFM_14633,mbrainz_6906,0.5
lastFM_2114,mbrainz_910,0.34375
lastFM_76688,mbrainz_28812,0.375
lastFM_23177,mbrainz_10819,0.5555555555555556
lastFM_16037,mbrainz_2562,0.515
lastFM_13121,mbrainz_2924,0.3
lastFM_16449,mbrainz_7703,0.39285714285714285
lastFM_51930,mbrainz_4506,0.5183823529411764
k02_interp_music_00064__lastfm,k02_interp_music_00095__musicbrainz,0.3
lastFM_16795,mbrainz_7874,0.34469696969696967
k02_interp_music_00013__lastfm,k02_interp_music_00064__musicbrainz,0.3
lastFM_20928,mbrainz_9831,0.375
lastFM_69577,mbrainz_1591,0.31856100104275287
lastFM_31996,mbrainz_14610,0.4375
k02_interp_music_00095__lastfm,k02_interp_music_00064__musicbrainz,0.3
lastFM_4206,mbrainz_16293,0.3226851851851852
k04__within_dup__lastfm____singleton___lastfm_k02_interp_music_00103__lastfm,k02_interp_music_00103__musicbrainz,0.5
lastFM_4543,mbrainz_2073,0.3333333333333333
k02_interp_music_00056__lastfm,k02_interp_music_00104__musicbrainz,0.3055555555555556
lastFM_29071,mbrainz_13443,0.5
k02_interp_music_00048__lastfm,k02_interp_music_00120__musicbrainz,0.3214285714285714
lastFM_78444,mbrainz_2549,0.375
k04__within_dup__lastfm____singleton___lastfm_k02_interp_music_00044__lastfm,k02_interp_music_00044__musicbrainz,0.625
lastFM_64974,mbrainz_25820,0.32999999999999996
lastFM_19539,mbrainz_9185,0.3125
lastFM_63230,mbrainz_25043,0.35
k02_interp_music_00126__lastfm,k02_interp_music_00009__musicbrainz,0.5227272727272727
k02_interp_music_00064__lastfm,k02_interp_music_00013__musicbrainz,0.3
lastFM_73815,mbrainz_29586,0.4375
k02_interp_music_00041__lastfm,k02_interp_music_00026__musicbrainz,0.34953703703703703
lastFM_11715,mbrainz_5567,0.30892857142857144
k02_interp_music_00003__lastfm,mbrainz_10450,0.3214285714285714
lastFM_37371,mbrainz_16291,0.75
lastFM_11590,mbrainz_2030,0.3095833333333333
lastFM_25365,mbrainz_11808,0.375
lastFM_16401,mbrainz_7677,0.6510229386236825
k02_interp_music_00015__lastfm,k04__within_dup__musicbrainz____singleton___musicbrainz_k02_interp_music_00056__musicbrainz,0.3125
k02_interp_music_00126__lastfm,k02_interp_music_00022__musicbrainz,0.5416666666666667
k02_interp_music_00015__lastfm,k02_interp_music_00000__musicbrainz,0.3
k02_interp_music_00043__lastfm,k02_interp_music_00089__musicbrainz,0.32564941046425944
lastFM_69577,mbrainz_5097,0.3422794117647059
lastFM_6921,mbrainz_3296,0.303763440860215
k02_interp_music_00063__lastfm,k02_interp_music_00091__musicbrainz,0.3714731636127777
k02_interp_music_00003__lastfm,k02_interp_music_00091__musicbrainz,0.3125
lastFM_49922,mbrainz_19858,0.41666666666666663
lastFM_33279,mbrainz_15128,0.31875
lastFM_44201,mbrainz_18257,0.312015503875969
k02_interp_music_00017__lastfm,k02_interp_music_00185__musicbrainz,0.3125
k02_interp_music_00171__lastfm,k02_interp_music_00196__musicbrainz,0.3125
lastFM_999,mbrainz_477,0.5952380952380952
k02_interp_music_00037__lastfm,k02_interp_music_00045__musicbrainz,0.5833333333333333
lastFM_29702,mbrainz_12374,0.35256410256410253
lastFM_74720,mbrainz_29937,0.5
lastFM_29702,mbrainz_9373,0.33608058608058605
k02_interp_music_00053__lastfm,k02_interp_music_00000__musicbrainz,0.34375
k02_interp_music_00064__lastfm,k02_interp_music_00009__musicbrainz,0.5
k02_interp_music_00099__lastfm,k02_interp_music_00091__musicbrainz,0.4763652110493208
lastFM_34,mbrainz_25,0.375
k02_interp_music_00048__lastfm,k02_interp_music_00009__musicbrainz,0.525
lastFM_15436,mbrainz_6388,0.34337944664031617
k02_interp_music_00095__lastfm,k02_interp_music_00048__musicbrainz,0.35
lastFM_21441,mbrainz_10066,0.5
lastFM_45129,mbrainz_4109,0.3477443609022556
k02_interp_music_00085__lastfm,k04__within_dup__musicbrainz____singleton___musicbrainz_k02_interp_music_00085__musicbrainz,0.5137343532684284
lastFM_60469,mbrainz_23867,0.5
lastFM_15952,mbrainz_7462,0.5
lastFM_28548,mbrainz_13236,0.4375
k02_interp_music_00154__lastfm,mbrainz_1739,0.3125
k02_interp_music_00121__lastfm,k02_interp_music_00089__musicbrainz,0.3125
k02_interp_music_00013__lastfm,k02_interp_music_00048__musicbrainz,0.5508064516129032
k02_interp_music_00015__lastfm,k02_interp_music_00104__musicbrainz,0.3753205128205128
lastFM_70213,mbrainz_28051,0.75
lastFM_10972,mbrainz_5262,0.3125
lastFM_57581,mbrainz_15000,0.3114942528735632
lastFM_29815,mbrainz_10450,0.3125
lastFM_12929,mbrainz_6139,0.375
lastFM_33930,mbrainz_15414,0.4375
lastFM_7006,mbrainz_3341,0.41666666666666663
lastFM_2494,mbrainz_1081,0.5416666666666666
lastFM_30493,mbrainz_14029,0.5178571428571428
lastFM_57059,mbrainz_22480,0.4375
lastFM_53437,mbrainz_21132,0.453125
lastFM_76561,mbrainz_30679,0.5
lastFM_14312,mbrainz_3014,0.375
k02_interp_music_00053__lastfm,k02_interp_music_00059__musicbrainz,0.3
lastFM_90,mbrainz_68,0.55
k02_interp_music_00017__lastfm,k02_interp_music_00013__musicbrainz,0.3
k02_interp_music_00004__lastfm,k02_interp_music_00048__musicbrainz,0.5271473601260835
lastFM_7632,mbrainz_3669,0.45
lastFM_64124,mbrainz_25432,0.3333333333333333
lastFM_2704,mbrainz_1169,0.33669354838709675
lastFM_11395,mbrainz_17860,0.30543478260869567
lastFM_13990,mbrainz_6621,0.5285714285714286
lastFM_73880,mbrainz_13255,0.34375
lastFM_42835,mbrainz_17834,0.4230769230769231
lastFM_604,mbrainz_329,0.35
k02_interp_music_00011__lastfm,k02_interp_music_00046__musicbrainz,0.3125
lastFM_54815,mbrainz_10391,0.35714285714285715
lastFM_17855,mbrainz_8346,0.3666666666666667
lastFM_30289,mbrainz_18331,0.40813008130081296
lastFM_56909,mbrainz_22416,0.4375
lastFM_40228,mbrainz_22997,0.375
lastFM_74828,mbrainz_29973,0.41666666666666663
k02_interp_music_00022__lastfm,k02_interp_music_00064__musicbrainz,0.3125
k02_interp_music_00025__lastfm,k02_interp_music_00091__musicbrainz,0.4036147324277509
lastFM_57884,mbrainz_33542,0.3062015503875969
lastFM_80919,mbrainz_14174,0.4
k02_interp_music_00045__lastfm,k02_interp_music_00011__musicbrainz,0.3333333333333333
lastFM_30289,mbrainz_15029,0.4122377622377622
lastFM_82118,mbrainz_1265,0.34375
lastFM_8373,mbrainz_4029,0.5
lastFM_77231,mbrainz_30962,0.375
k02_interp_music_00041__lastfm,k02_interp_music_00060__musicbrainz,0.3
k02_interp_music_00032__lastfm,k02_interp_music_00077__musicbrainz,0.3333333333333333
lastFM_12904,mbrainz_7247,0.6996521739130435
lastFM_70261,mbrainz_5262,0.3
k02_interp_music_00099__lastfm,k02_interp_music_00060__musicbrainz,0.48727394507702615
lastFM_48590,mbrainz_9089,0.3
k02_interp_music_00099__lastfm,k02_interp_music_00025__musicbrainz,0.4726594301221167
lastFM_24713,mbrainz_3651,0.38449367088607594
k02_interp_music_00046__lastfm,k02_interp_music_00011__musicbrainz,0.3125
lastFM_41766,mbrainz_9538,0.5120967741935484
k02_interp_music_00090__lastfm,k02_interp_music_00026__musicbrainz,0.3236434108527132
k02_interp_music_00066__lastfm,k02_interp_music_00066__musicbrainz,0.3333333333333333
lastFM_44496,mbrainz_18358,0.4642857142857143
lastFM_78815,mbrainz_31688,0.34226190476190477
k04__within_dup__lastfm__lastFM_21441,mbrainz_10066,0.5
lastFM_8909,mbrainz_4307,0.5
k02_interp_music_00014__lastfm,k02_interp_music_00048__musicbrainz,0.4962471131639723
lastFM_42390,mbrainz_33164,0.3412698412698413
lastFM_113,mbrainz_86,0.41666666666666663
lastFM_43806,mbrainz_27773,0.315359477124183
k02_interp_music_00009__lastfm,k02_interp_music_00074__musicbrainz,0.3813186813186813
lastFM_30289,mbrainz_1884,0.4101010101010101
k02_interp_music_00087__lastfm,mbrainz_10450,0.3214285714285714
lastFM_9112,mbrainz_4411,0.3333333333333333
lastFM_879,mbrainz_426,0.4
k02_interp_music_00006__lastfm,mbrainz_10450,0.3214285714285714
lastFM_75741,mbrainz_14145,0.509375
lastFM_69577,mbrainz_18330,0.3158783783783784
k02_interp_music_00064__lastfm,k02_interp_music_00136__musicbrainz,0.5
lastFM_8812,mbrainz_1709,0.4007401530301713
lastFM_4259,mbrainz_1916,0.38844696969696973
k02_interp_music_00095__lastfm,mbrainz_1739,0.34724005134788194
lastFM_6442,mbrainz_2365,0.35714285714285715
lastFM_81925,mbrainz_17217,0.3299260799260799
lastFM_73880,mbrainz_20300,0.3181818181818182
lastFM_42390,mbrainz_25178,0.34523809523809523
lastFM_54964,mbrainz_21712,0.5
k02_interp_music_00017__lastfm,k02_interp_music_00136__musicbrainz,0.5
lastFM_71990,mbrainz_48,0.3352272727272727
k02_interp_music_00126__lastfm,k02_interp_music_00146__musicbrainz,0.41666666666666663
k02_interp_music_00017__lastfm,k02_interp_music_00016__musicbrainz,0.5416666666666667
lastFM_23918,mbrainz_11140,0.4375
k02_interp_music_00048__lastfm,k02_interp_music_00146__musicbrainz,0.41666666666666663
lastFM_15374,mbrainz_7209,0.3125
lastFM_9135,mbrainz_480,0.44334975369458124
lastFM_23406,mbrainz_6668,0.38541666666666663
lastFM_29580,mbrainz_13645,0.3333333333333333
lastFM_69767,k02_interp_music_00089__musicbrainz,0.37373737373737376
k02_interp_music_00045__lastfm,k02_interp_music_00046__musicbrainz,0.40307971014492755
k02_interp_music_00125__lastfm,k02_interp_music_00079__musicbrainz,0.5
lastFM_70590,mbrainz_5567,0.30925925925925923
lastFM_47633,mbrainz_14152,0.34375
lastFM_48536,mbrainz_10033,0.3333333333333333
lastFM_4,mbrainz_4,0.375
lastFM_64846,mbrainz_25765,0.33333333333333337
lastFM_66057,mbrainz_31367,0.35
lastFM_51100,mbrainz_8320,0.33450778480728677
lastFM_142,mbrainz_108,0.75
lastFM_35554,mbrainz_1018,0.3162046908315565
lastFM_67120,mbrainz_15931,0.375
lastFM_51327,mbrainz_20366,0.375
lastFM_75188,mbrainz_30104,0.41435185185185186
k02_interp_music_00194__lastfm,k02_interp_music_00060__musicbrainz,0.35975763895471924
lastFM_402,mbrainz_231,0.3333333333333333
lastFM_15333,k02_interp_music_00089__musicbrainz,0.43771594835424626
lastFM_70782,mbrainz_31367,0.375
lastFM_83263,mbrainz_5574,0.3215909090909091
lastFM_8812,mbrainz_15808,0.32597389853792563
lastFM_78280,mbrainz_25765,0.3125
lastFM_59647,mbrainz_1718,0.3
k02_interp_music_00055__lastfm,k02_interp_music_00206__musicbrainz,0.325
k02_interp_music_00041__lastfm,k02_interp_music_00089__musicbrainz,0.5338624338624338
k02_interp_music_00025__lastfm,k02_interp_music_00029__musicbrainz,0.33259803921568626
lastFM_47502,mbrainz_7672,0.36761426978818285
lastFM_73880,mbrainz_12374,0.34375
lastFM_4657,mbrainz_19770,0.38166666666666665
lastFM_46833,k02_interp_music_00043__musicbrainz,0.3055555555555556
lastFM_9708,mbrainz_4700,0.375
lastFM_23962,mbrainz_5574,0.3208333333333333
lastFM_74640,mbrainz_6906,0.3658730158730159
lastFM_62335,mbrainz_33466,0.5126050420168067
k02_interp_music_00058__lastfm,mbrainz_1739,0.3333333333333333
lastFM_71868,mbrainz_31367,0.375
lastFM_16774,mbrainz_5262,0.3
k02_interp_music_00083__lastfm,k02_interp_music_00083__musicbrainz,0.375
lastFM_8440,mbrainz_31367,0.375
lastFM_72299,mbrainz_298,0.3391472868217054
lastFM_20795,mbrainz_8562,0.413420943549749
lastFM_52817,mbrainz_20938,0.3333333333333333
lastFM_36768,mbrainz_8813,0.3271431148401255
lastFM_33054,mbrainz_31367,0.35
lastFM_42892,mbrainz_16231,0.3915225784791002
k02_interp_music_00090__lastfm,k02_interp_music_00041__musicbrainz,0.45555555555555555
lastFM_26335,mbrainz_12233,0.4083333333333333
lastFM_78551,mbrainz_31576,0.35416666666666663
lastFM_50816,mbrainz_3098,0.3333333333333333
k02_interp_music_00037__lastfm,k02_interp_music_00042__musicbrainz,0.3958333333333333
lastFM_8155,mbrainz_3708,0.375
lastFM_12685,mbrainz_6028,0.41666666666666663
k02_interp_music_00043__lastfm,mbrainz_9452,0.3080324244657332
lastFM_3276,mbrainz_24802,0.3194444444444444
k02_interp_music_00074__lastfm,mbrainz_1739,0.42029862792574657
k02_interp_music_00126__lastfm,k02_interp_music_00064__musicbrainz,0.5
lastFM_755,mbrainz_387,0.3333333333333333
lastFM_44379,mbrainz_18315,0.5
k02_interp_music_00142__lastfm,k02_interp_music_00086__musicbrainz,0.5438084112149533
lastFM_47634,mbrainz_14152,0.3333333333333333
lastFM_19247,mbrainz_31367,0.3383002207505519
lastFM_4594,mbrainz_4005,0.33035714285714285
lastFM_7192,mbrainz_3431,0.375
lastFM_72903,mbrainz_8287,0.4327956989247312
lastFM_5395,mbrainz_21861,0.5
k02_interp_music_00022__lastfm,k02_interp_music_00185__musicbrainz,0.3
lastFM_22866,mbrainz_6668,0.32019230769230766
lastFM_10597,mbrainz_27773,0.30185950413223145
lastFM_10423,mbrainz_5019,0.35637681159420287
lastFM_50023,mbrainz_3409,0.3476671214188267
k02_interp_music_00011__lastfm,k02_interp_music_00045__musicbrainz,0.3333333333333333
lastFM_39328,mbrainz_16881,0.5
lastFM_13478,mbrainz_2650,0.46153846153846156
lastFM_10849,mbrainz_5205,0.42728291887484715
lastFM_8853,mbrainz_4279,0.5
lastFM_58553,mbrainz_1591,0.375
lastFM_4133,mbrainz_10255,0.3597222222222222
lastFM_62335,mbrainz_7432,0.39087301587301587
lastFM_17925,mbrainz_29773,0.3333333333333333
lastFM_30289,mbrainz_2028,0.3214285714285714
k02_interp_music_00080__lastfm,k02_interp_music_00030__musicbrainz,0.5
k02_interp_music_00090__lastfm,k02_interp_music_00089__musicbrainz,0.4573283858998145
k02_interp_music_00147__lastfm,k02_interp_music_00206__musicbrainz,0.3055555555555556
lastFM_15394,mbrainz_7217,0.5
lastFM_2459,mbrainz_20366,0.375
lastFM_10319,mbrainz_5250,0.3125
lastFM_72299,mbrainz_3987,0.3517156862745098
lastFM_15371,k02_interp_music_00031__musicbrainz,0.4696848022485445
lastFM_50023,mbrainz_5227,0.30047974413646056
lastFM_19452,mbrainz_9133,0.31666666666666665
k02_interp_music_00154__lastfm,mbrainz_22231,0.3125
lastFM_64401,mbrainz_7432,0.3017337807606264
lastFM_11541,mbrainz_5492,0.3333333333333333
lastFM_3875,mbrainz_15808,0.35399783301133103
lastFM_11395,mbrainz_21274,0.3
lastFM_51930,mbrainz_5466,0.5606060606060606
k02_interp_music_00016__lastfm,mbrainz_23870,0.5425
k02_interp_music_00126__lastfm,k02_interp_music_00136__musicbrainz,0.5
k02_interp_music_00003__lastfm,k02_interp_music_00089__musicbrainz,0.4461966604823748
lastFM_29589,mbrainz_3854,0.5
lastFM_59360,mbrainz_3708,0.3858695652173913
lastFM_1122,mbrainz_3374,0.3869047619047619
lastFM_16933,mbrainz_22356,0.3090909090909091
lastFM_52973,mbrainz_20987,0.32978723404255317
lastFM_49570,mbrainz_19745,0.45
lastFM_44630,k04__within_dup__musicbrainz____singleton___musicbrainz_mbrainz_15299,0.31550387596899226
lastFM_57884,mbrainz_18518,0.3244047619047619
lastFM_26314,mbrainz_12221,0.651972464919248
lastFM_41967,mbrainz_17640,0.3125
lastFM_61662,mbrainz_4034,0.3
k02_interp_music_00009__lastfm,mbrainz_1739,0.3134920634920635
lastFM_66113,mbrainz_33131,0.3333333333333333
k02_interp_music_00048__lastfm,k02_interp_music_00022__musicbrainz,0.5
lastFM_36768,mbrainz_4278,0.3308929023546291
lastFM_19346,mbrainz_16252,0.32425932433300464
lastFM_53393,mbrainz_6668,0.3492063492063492
lastFM_18609,mbrainz_21274,0.3808139534883721
lastFM_23790,mbrainz_2309,0.3055555555555556
k02_interp_music_00014__lastfm,k02_interp_music_00010__musicbrainz,0.366
lastFM_22691,mbrainz_153,0.5
lastFM_29702,mbrainz_20300,0.31427648578811374
lastFM_65189,mbrainz_25816,0.33614232209737827
lastFM_30568,mbrainz_19745,0.337927604381976
lastFM_479,mbrainz_279,0.6411439114391144
lastFM_29702,mbrainz_13255,0.3333333333333333
lastFM_7623,mbrainz_19628,0.3036764705882353
lastFM_12718,mbrainz_6044,0.375
k04__within_dup__lastfm__lastFM_74828,mbrainz_6139,0.3327922077922078
lastFM_54815,mbrainz_7048,0.35714285714285715
lastFM_62335,mbrainz_6530,0.3143939393939394
k02_interp_music_00022__lastfm,mbrainz_1739,0.3075757575757576
k02_interp_music_00074__lastfm,k02_interp_music_00095__musicbrainz,0.3255241762943945
lastFM_39977,mbrainz_20849,0.5
lastFM_34196,mbrainz_15533,0.41666666666666663
lastFM_34019,mbrainz_15453,0.4
lastFM_26183,mbrainz_9087,0.30925925925925923
lastFM_80769,mbrainz_24309,0.30709876543209874
lastFM_50899,mbrainz_18501,0.3425412087912088
lastFM_13307,mbrainz_6307,0.3333333333333333
lastFM_2459,mbrainz_12389,0.3394308943089431
lastFM_24884,mbrainz_11606,0.5
lastFM_71990,mbrainz_131,0.3333333333333333
lastFM_15533,mbrainz_33164,0.30705128205128207
lastFM_4657,mbrainz_15012,0.38095238095238093
k02_interp_music_00043__lastfm,k02_interp_music_00060__musicbrainz,0.4089082384460817
lastFM_80016,mbrainz_2319,0.3243944824589986
k02_interp_music_00059__lastfm,k02_interp_music_00206__musicbrainz,0.3009024873431653
lastFM_33971,mbrainz_153,0.3333333333333333
k02_interp_music_00091__lastfm,k02_interp_music_00032__musicbrainz,0.5
k02_interp_music_00015__lastfm,k02_interp_music_00206__musicbrainz,0.3333333333333333
lastFM_142,mbrainz_2083,0.4513888888888889
lastFM_35554,mbrainz_15933,0.3548033641317223
lastFM_47081,mbrainz_1986,0.3885483870967742
k04__within_dup__lastfm__lastFM_52099,mbrainz_15533,0.36265822784810126
lastFM_74720,mbrainz_18639,0.5277777777777778
k02_interp_music_00095__lastfm,k02_interp_music_00074__musicbrainz,0.4088575096277278
lastFM_66113,mbrainz_2365,0.315
k02_interp_music_00046__lastfm,k02_interp_music_00045__musicbrainz,0.3125
lastFM_22284,mbrainz_37,0.3645833333333333
k02_interp_music_00070__lastfm,k02_interp_music_00021__musicbrainz,0.5
lastFM_29507,mbrainz_7965,0.3442028985507246
lastFM_8850,mbrainz_22929,0.3003177966101695
lastFM_1122,mbrainz_25432,0.3248456790123457
k02_interp_music_00029__lastfm,k02_interp_music_00032__musicbrainz,0.5
lastFM_73419,mbrainz_15566,0.41666666666666663
lastFM_62335,mbrainz_10116,0.30566666666666664
lastFM_21160,mbrainz_29757,0.44791666666666663
lastFM_20923,mbrainz_5584,0.3209745762711864
lastFM_63878,mbrainz_17127,0.32173913043478264
lastFM_72538,mbrainz_9927,0.42391304347826086
k02_interp_music_00060__lastfm,k02_interp_music_00032__musicbrainz,0.5
lastFM_10319,mbrainz_11554,0.30230496453900707
lastFM_51868,mbrainz_15556,0.4887216385627262
lastFM_54080,mbrainz_19431,0.5
lastFM_327,mbrainz_21274,0.31925675675675674
lastFM_83591,mbrainz_7067,0.3125
lastFM_24837,mbrainz_26097,0.33932969954150816
lastFM_69002,mbrainz_18594,0.3
lastFM_31254,mbrainz_7191,0.3829852032327074
lastFM_81776,mbrainz_25432,0.3125
lastFM_53393,mbrainz_29292,0.34259259259259256
lastFM_28598,mbrainz_15623,0.32837301587301587
lastFM_61541,mbrainz_18446,0.400506230529595
lastFM_51053,mbrainz_18169,0.3055555555555556
lastFM_63878,mbrainz_33542,0.31851851851851853
lastFM_9944,mbrainz_4105,0.3125
lastFM_7623,mbrainz_25261,0.3110294117647059
lastFM_74736,mbrainz_23870,0.3181818181818182
lastFM_61842,mbrainz_20922,0.3498409783667076
k02_interp_music_00033__lastfm,k02_interp_music_00101__musicbrainz,0.3041297935103245
lastFM_20315,mbrainz_11069,0.46279761904761907
lastFM_61633,mbrainz_13837,0.5
lastFM_72299,mbrainz_10819,0.3183139534883721
lastFM_42390,mbrainz_17127,0.31157635467980294
lastFM_30289,k04__within_dup__musicbrainz____singleton___musicbrainz_mbrainz_15299,0.3039906103286385
lastFM_48287,mbrainz_19423,0.3333333333333333
lastFM_8123,mbrainz_3914,0.5
lastFM_23406,mbrainz_6848,0.3333333333333333
lastFM_2459,mbrainz_15658,0.33854166666666663
lastFM_74906,mbrainz_12041,0.32127192982456143
lastFM_6134,mbrainz_2901,0.5
lastFM_40452,mbrainz_2347,0.3125
lastFM_20277,mbrainz_22234,0.36404494382022473
k04__within_dup__lastfm__lastFM_28598,mbrainz_15623,0.32837301587301587
lastFM_40659,mbrainz_14838,0.3371212121212121
lastFM_66113,mbrainz_10596,0.34444444444444444
k02_interp_music_00003__lastfm,k02_interp_music_00026__musicbrainz,0.33333333333333337
k04__within_dup__lastfm__lastFM_81741,mbrainz_16252,0.4493873201917954
lastFM_49832,mbrainz_21274,0.3125
lastFM_57781,mbrainz_5167,0.5194583681425786
lastFM_81776,mbrainz_3374,0.3794642857142857
lastFM_44630,mbrainz_1884,0.3001893939393939
lastFM_22817,mbrainz_23819,0.4009216589861751
lastFM_16933,mbrainz_2744,0.3333333333333333
k02_interp_music_00087__lastfm,k02_interp_music_00019__musicbrainz,0.3484848484848485
lastFM_75741,mbrainz_3271,0.5
lastFM_64846,mbrainz_22356,0.32990314769975787
k02_interp_music_00025__lastfm,k02_interp_music_00043__musicbrainz,0.49779411764705883
lastFM_28179,mbrainz_13060,0.5
lastFM_61633,mbrainz_122,0.3881578947368421
k04__within_dup__lastfm__discogs_10662,mbrainz_37,0.39285714285714285
lastFM_75630,mbrainz_573,0.5003206740442656
lastFM_44763,mbrainz_18440,0.4583333333333333
k02_interp_music_00017__lastfm,k02_interp_music_00146__musicbrainz,0.41666666666666663
lastFM_6927,mbrainz_16161,0.3514450867052023
k02_interp_music_00125__lastfm,k02_interp_music_00032__musicbrainz,0.5
lastFM_22843,mbrainz_21274,0.3
lastFM_417,mbrainz_242,0.5833333333333333
lastFM_1122,mbrainz_31064,0.3504566210045662
lastFM_36506,mbrainz_12473,0.37390924505283185
k02_interp_music_00064__lastfm,k02_interp_music_00146__musicbrainz,0.41666666666666663
k02_interp_music_00013__lastfm,k02_interp_music_00098__musicbrainz,0.33630195080576764
lastFM_55309,mbrainz_11825,0.37896825396825395
lastFM_29507,mbrainz_15658,0.3181818181818182
lastFM_43202,mbrainz_24404,0.3
lastFM_11312,mbrainz_3874,0.3229166666666667
lastFM_79052,mbrainz_739,0.3147423352902805
lastFM_42294,mbrainz_7301,0.3046452390237074
lastFM_7341,mbrainz_10120,0.33340000000000003
lastFM_44432,mbrainz_18332,0.3333333333333333
lastFM_7752,mbrainz_7052,0.375
k04__within_dup__lastfm__discogs_10662,mbrainz_9390,0.33405172413793105
lastFM_8064,mbrainz_21712,0.3181655228925535
k02_interp_music_00000__lastfm,k02_interp_music_00169__musicbrainz,0.44047619047619047
lastFM_28598,mbrainz_7972,0.30494505494505497
lastFM_142,mbrainz_302,0.43452380952380953
k04__within_dup__lastfm__lastFM_74828,mbrainz_22925,0.44348795718108835
lastFM_62335,mbrainz_19901,0.35277777777777775
lastFM_81776,mbrainz_2412,0.3169642857142857
lastFM_63999,mbrainz_15000,0.3189102564102564
lastFM_46871,mbrainz_16471,0.32767857142857143
lastFM_877,mbrainz_424,0.5
lastFM_3203,mbrainz_9412,0.37962962962962965
lastFM_34083,mbrainz_12997,0.375
lastFM_40496,mbrainz_26846,0.5032894736842105
lastFM_16990,mbrainz_8589,0.32108879492600423
lastFM_32784,mbrainz_17562,0.32857142857142857
lastFM_75586,mbrainz_30276,0.375
lastFM_10615,mbrainz_8646,0.3489583333333333
lastFM_23175,mbrainz_1986,0.3170731707317073
lastFM_1754,mbrainz_145,0.35
lastFM_7568,mbrainz_20366,0.375
lastFM_5740,mbrainz_8203,0.33318545971847857
lastFM_40496,mbrainz_32973,0.3368055555555556
k04__within_dup__lastfm__lastFM_28598,mbrainz_7972,0.30494505494505497
k02_interp_music_00003__lastfm,k02_interp_music_00041__musicbrainz,0.4444444444444444
lastFM_25183,mbrainz_33617,0.3386363636363636
lastFM_9238,mbrainz_10596,0.3246951219512195
lastFM_3989,mbrainz_4892,0.36086956521739133
lastFM_14591,mbrainz_3415,0.5054347826086957
lastFM_5535,mbrainz_2603,0.5
k02_interp_music_00077__lastfm,k02_interp_music_00077__musicbrainz,0.625
lastFM_7467,mbrainz_27291,0.4666666666666667
lastFM_54700,mbrainz_5444,0.3870967741935484
lastFM_49832,mbrainz_193,0.3
lastFM_80016,mbrainz_32195,0.4335801393728223
lastFM_24333,mbrainz_33433,0.3481848184818482
lastFM_12877,mbrainz_3708,0.3125
k02_interp_music_00025__lastfm,k02_interp_music_00060__musicbrainz,0.4109176155391828
lastFM_44630,mbrainz_4592,0.30386178861788615
lastFM_7754,mbrainz_3725,0.6806122448979592
k04__within_dup__lastfm__lastFM_74828,mbrainz_29973,0.41666666666666663
lastFM_48496,mbrainz_3085,0.3159722222222222
lastFM_25183,mbrainz_16030,0.3177083333333333
lastFM_21626,mbrainz_10145,0.3233695652173913
lastFM_24445,mbrainz_3743,0.55
lastFM_2972,mbrainz_5285,0.3165618448637316
lastFM_10615,mbrainz_18561,0.3258741258741259
lastFM_72364,mbrainz_15890,0.5
lastFM_22284,mbrainz_193,0.34226190476190477
lastFM_66134,mbrainz_11253,0.47135416666666663
lastFM_37240,mbrainz_16260,0.4329268292682927
lastFM_43513,mbrainz_31367,0.3333333333333333
lastFM_34084,mbrainz_159,0.30295566502463056
k02_interp_music_00056__lastfm,k02_interp_music_00206__musicbrainz,0.3055555555555556
k02_interp_music_00205__lastfm,k02_interp_music_00040__musicbrainz,0.3
lastFM_74720,mbrainz_19,0.5833333333333333
lastFM_77284,mbrainz_3874,0.30847457627118646
lastFM_64052,mbrainz_2052,0.34375
lastFM_74720,mbrainz_16054,0.5
lastFM_15333,k02_interp_music_00029__musicbrainz,0.45216175668303327
lastFM_6927,mbrainz_6848,0.30714285714285716
lastFM_11122,mbrainz_5315,0.3333333333333333
lastFM_18556,k02_interp_music_00018__musicbrainz,0.3
lastFM_17605,mbrainz_8227,0.5
lastFM_518,mbrainz_3987,0.3806818181818182
lastFM_1490,mbrainz_802,0.4992690058479532
lastFM_5048,mbrainz_22929,0.3684874677549763
lastFM_49832,mbrainz_24404,0.31875
lastFM_20277,mbrainz_2981,0.34626436781609193
lastFM_79457,mbrainz_18656,0.3333333333333333
lastFM_55309,mbrainz_11609,0.30833333333333335
lastFM_28260,mbrainz_12473,0.33010686951813006
lastFM_10319,mbrainz_7067,0.3125
lastFM_22866,mbrainz_20773,0.3256578947368421
k02_interp_music_00099__lastfm,k02_interp_music_00043__musicbrainz,0.4206241519674355
lastFM_25183,mbrainz_22356,0.314484126984127
lastFM_10823,mbrainz_9683,0.3181818181818182
lastFM_10816,mbrainz_22925,0.39251207729468596
lastFM_177,mbrainz_657,0.5625
lastFM_32295,mbrainz_22929,0.37057828491567746
lastFM_62335,mbrainz_2052,0.38657407407407407
lastFM_20277,mbrainz_31701,0.3590909090909091
lastFM_2711,mbrainz_22697,0.5
lastFM_8812,mbrainz_1687,0.31037717786712615
lastFM_10615,mbrainz_22356,0.3211805555555556
lastFM_17317,mbrainz_27891,0.31053459119496857
lastFM_83170,mbrainz_22356,0.3268633540372671
lastFM_76732,mbrainz_5167,0.33333333333333337
lastFM_582,mbrainz_3517,0.317851440502509
lastFM_55825,mbrainz_16589,0.40057194671130636
lastFM_11713,mbrainz_17562,0.491866028708134
lastFM_50314,mbrainz_348,0.37209480122324157
lastFM_2459,mbrainz_9522,0.3125
lastFM_5144,mbrainz_22690,0.3178191489361702
lastFM_19952,mbrainz_2436,0.3553921568627451
lastFM_9468,mbrainz_1297,0.3338120280474649
lastFM_46164,mbrainz_2017,0.32386363636363635
lastFM_6340,mbrainz_1378,0.3328392417375468
lastFM_64451,mbrainz_27507,0.36791018427826244
lastFM_38629,mbrainz_6210,0.375
lastFM_31442,mbrainz_33271,0.3341049382716049
lastFM_27777,mbrainz_12894,0.3530701754385965
lastFM_518,mbrainz_10819,0.35
lastFM_21923,mbrainz_325,0.5
lastFM_22634,mbrainz_11594,0.33576051779935273
lastFM_25256,mbrainz_9390,0.3487179487179487
lastFM_49832,mbrainz_4046,0.3125
k02_interp_music_00105__lastfm,k02_interp_music_00007__musicbrainz,0.375
lastFM_42390,mbrainz_9411,0.3048245614035088
lastFM_20649,mbrainz_162,0.35416666666666663
lastFM_57896,mbrainz_20312,0.32090395480225986
lastFM_2994,mbrainz_1293,0.7
lastFM_59844,mbrainz_23596,0.3748582077459083
lastFM_44630,mbrainz_9411,0.5035714285714286
lastFM_36889,mbrainz_16160,0.41666666666666663
lastFM_29351,mbrainz_268,0.34226190476190477
lastFM_24580,mbrainz_12041,0.30657894736842106
lastFM_44630,mbrainz_424,0.4035211267605634
lastFM_7858,mbrainz_3779,0.5397058823529413
lastFM_22284,mbrainz_296,0.31985294117647056
lastFM_12102,mbrainz_4892,0.3
lastFM_72299,mbrainz_9210,0.3445273631840796
k02_interp_music_00017__lastfm,mbrainz_3874,0.5
k02_interp_music_00064__lastfm,k02_interp_music_00016__musicbrainz,0.5
lastFM_137,mbrainz_542,0.41666666666666663
lastFM_20277,mbrainz_16163,0.3598684210526316
lastFM_46606,mbrainz_18974,0.41666666666666663
lastFM_58446,mbrainz_37,0.33035714285714285
lastFM_42756,mbrainz_2365,0.36257763975155277
k02_interp_music_00154__lastfm,mbrainz_3874,0.3
lastFM_17317,mbrainz_30023,0.32253086419753085
lastFM_46164,mbrainz_3309,0.34102564102564104
lastFM_9238,mbrainz_29816,0.3125
lastFM_73829,mbrainz_4592,0.3125
lastFM_64209,mbrainz_13102,0.3053030303030303
k04__within_dup__lastfm____singleton___lastfm_lastFM_77611,mbrainz_10920,0.3125
lastFM_6340,mbrainz_12233,0.3199110364563892
k02_interp_music_00043__lastfm,k02_interp_music_00029__musicbrainz,0.3285784468540548
lastFM_9112,mbrainz_6737,0.41666666666666663
lastFM_20254,mbrainz_12389,0.3
lastFM_80010,mbrainz_30648,0.36696428571428574
lastFM_2690,mbrainz_1164,0.3333333333333333
lastFM_24837,mbrainz_5167,0.47913137587050636
lastFM_4539,mbrainz_10192,0.32155542544886806
lastFM_16175,mbrainz_15566,0.375
lastFM_20277,mbrainz_22056,0.34523809523809523
lastFM_20277,mbrainz_4195,0.3793859649122807
k04__within_dup__lastfm__lastFM_12468,mbrainz_10131,0.375
lastFM_74736,k02_interp_music_00074__musicbrainz,0.3076923076923077
lastFM_53167,mbrainz_1935,0.30727554179566563
lastFM_29507,mbrainz_5379,0.30694444444444446
k04__within_dup__lastfm__lastFM_12468,mbrainz_16814,0.38235294117647056
lastFM_57884,mbrainz_30023,0.31861702127659575
lastFM_17317,mbrainz_1935,0.3028846153846154
lastFM_15674,mbrainz_2087,0.4573677956030897
lastFM_66113,mbrainz_10112,0.5053191489361701
lastFM_12547,mbrainz_4627,0.325
lastFM_38330,mbrainz_6573,0.3333333333333333
lastFM_23177,mbrainz_433,0.35
lastFM_20277,mbrainz_11483,0.3386524822695035
lastFM_72538,mbrainz_29757,0.41666666666666663
lastFM_643,mbrainz_19991,0.3136808367071525
lastFM_18421,mbrainz_27156,0.3333333333333333
lastFM_38330,mbrainz_32790,0.3384879725085911
lastFM_10615,mbrainz_9412,0.3278061224489796
lastFM_16175,mbrainz_5387,0.375
lastFM_30933,mbrainz_9210,0.3168103448275862
lastFM_23406,mbrainz_29292,0.3821428571428571
lastFM_170,mbrainz_48,0.41666666666666663
lastFM_12957,mbrainz_20366,0.3333333333333333
lastFM_3645,mbrainz_2901,0.5
k02_interp_music_00071__lastfm,k02_interp_music_00156__musicbrainz,0.3333333333333333
lastFM_3624,mbrainz_2807,0.3380084026101725
lastFM_47673,mbrainz_3723,0.3590705565466821
lastFM_76185,mbrainz_11811,0.3125
lastFM_50648,mbrainz_21622,0.3125
lastFM_81722,mbrainz_4592,0.3
k02_interp_music_00009__lastfm,k02_interp_music_00098__musicbrainz,0.3727603110209601
lastFM_57674,mbrainz_298,0.35
lastFM_198,mbrainz_147,0.375
lastFM_14281,mbrainz_3874,0.3125
lastFM_29507,mbrainz_25098,0.3286290322580645
lastFM_3624,mbrainz_18501,0.3006108913370811
lastFM_75741,k02_interp_music_00070__musicbrainz,0.5
lastFM_55727,mbrainz_8222,0.30806451612903224
lastFM_11395,mbrainz_4046,0.3
lastFM_518,mbrainz_10402,0.3942307692307692
lastFM_22843,mbrainz_3052,0.3214285714285714
lastFM_42756,mbrainz_998,0.31837606837606836
lastFM_77611,mbrainz_22781,0.315
lastFM_49647,mbrainz_15012,0.3333333333333333
lastFM_64637,mbrainz_21861,0.3333333333333333
lastFM_10615,mbrainz_2082,0.3194444444444444
lastFM_55795,mbrainz_583,0.4060975609756098
lastFM_21005,mbrainz_2332,0.4948641554640131
lastFM_2033,mbrainz_21505,0.338768115942029
lastFM_10114,mbrainz_153,0.5
lastFM_9238,mbrainz_33131,0.3125
lastFM_65227,mbrainz_21264,0.31227310067042957
lastFM_2589,mbrainz_241,0.375
k02_interp_music_00070__lastfm,mbrainz_14145,0.5
lastFM_10915,mbrainz_11929,0.3333333333333333
lastFM_17523,mbrainz_15185,0.3828125
k04__within_dup__lastfm____singleton___lastfm_lastFM_77611,mbrainz_22781,0.32055555555555554
lastFM_21556,mbrainz_10604,0.3333333333333333
lastFM_72865,mbrainz_30469,0.3421052631578947
lastFM_8885,mbrainz_153,0.5
lastFM_39521,mbrainz_1993,0.375
lastFM_17337,mbrainz_8111,0.33771929824561403
lastFM_72640,mbrainz_2127,0.45492353901128274
lastFM_24445,mbrainz_26345,0.4078125
lastFM_72299,mbrainz_18462,0.3870967741935484
lastFM_28562,mbrainz_6787,0.3360511402573102
lastFM_12957,mbrainz_15658,0.3125
k02_interp_music_00003__lastfm,k02_interp_music_00090__musicbrainz,0.4883720930232558
lastFM_17195,mbrainz_894,0.3013392857142857
lastFM_13258,mbrainz_2743,0.3834745762711864
lastFM_17523,mbrainz_243,0.3125
lastFM_12877,mbrainz_2422,0.3458333333333333
lastFM_83591,mbrainz_8886,0.3125
k02_interp_music_00070__lastfm,k02_interp_music_00069__musicbrainz,0.41666666666666663
k02_interp_music_00121__lastfm,k02_interp_music_00077__musicbrainz,0.32417582417582413
lastFM_24445,mbrainz_1680,0.6527777777777778
lastFM_23406,mbrainz_20773,0.38031914893617025
lastFM_20923,mbrainz_14091,0.3051020408163265
lastFM_55795,mbrainz_20639,0.32056451612903225
k02_interp_music_00043__lastfm,k02_interp_music_00025__musicbrainz,0.49779411764705883
lastFM_2033,mbrainz_13120,0.3431372549019608
lastFM_23406,mbrainz_12926,0.3390151515151515
lastFM_22284,mbrainz_9536,0.3125
lastFM_3624,mbrainz_8158,0.41983805668016194
lastFM_3203,mbrainz_8646,0.36
lastFM_58446,mbrainz_19317,0.5
lastFM_77284,mbrainz_16208,0.3125
lastFM_47697,mbrainz_7481,0.5
lastFM_42390,mbrainz_2744,0.30480769230769234
lastFM_73419,mbrainz_5387,0.3333333333333333
lastFM_3584,mbrainz_1539,0.625
lastFM_38743,mbrainz_5914,0.30368431463976375
lastFM_18421,mbrainz_2997,0.375
lastFM_106,mbrainz_2744,0.3
lastFM_77284,mbrainz_2012,0.3333333333333333
lastFM_14281,mbrainz_2012,0.375
lastFM_22843,mbrainz_2368,0.3480392156862745
lastFM_2589,mbrainz_28368,0.3
lastFM_61541,mbrainz_22776,0.3161231884057971
lastFM_54419,mbrainz_13837,0.37896825396825395
lastFM_22691,mbrainz_4877,0.5
lastFM_49738,mbrainz_27763,0.4666666666666667
lastFM_34083,mbrainz_32241,0.375
lastFM_64846,mbrainz_33617,0.31848659003831414
lastFM_3151,mbrainz_14952,0.3125
lastFM_4129,mbrainz_2347,0.34068627450980393
lastFM_34083,mbrainz_11274,0.375
lastFM_10615,mbrainz_3701,0.3182674199623352
lastFM_8572,mbrainz_1220,0.3333333333333333
lastFM_28598,mbrainz_19757,0.3046536796536796
lastFM_29545,mbrainz_13636,0.3333333333333333
lastFM_83170,mbrainz_1172,0.35256410256410253
lastFM_55727,mbrainz_1179,0.3040983606557377
lastFM_6340,mbrainz_155,0.40037593984962405
lastFM_8572,mbrainz_19317,0.33779761904761907
lastFM_14281,mbrainz_542,0.3125
lastFM_34083,mbrainz_8759,0.34276729559748426
lastFM_61186,mbrainz_25578,0.4264705882352941
lastFM_3989,mbrainz_2347,0.3125
lastFM_8155,mbrainz_2422,0.5
lastFM_83170,mbrainz_10920,0.3125
lastFM_81722,mbrainz_12041,0.3445273631840796
lastFM_23962,mbrainz_6028,0.3073529411764706
lastFM_81613,mbrainz_23606,0.3
lastFM_71990,mbrainz_95,0.3333333333333333
lastFM_15118,mbrainz_7110,0.30506091846298033
lastFM_6927,mbrainz_19317,0.32313829787234044
k02_interp_music_00015__lastfm,k02_interp_music_00053__musicbrainz,0.4543269230769231
lastFM_17195,mbrainz_29655,0.3317307692307692
lastFM_25256,mbrainz_583,0.3303030303030303
lastFM_23962,mbrainz_19317,0.3333333333333333
lastFM_51930,mbrainz_529,0.3368055555555556
lastFM_32295,mbrainz_31247,0.30612699727617043
k02_interp_music_00060__lastfm,mbrainz_11811,0.3
lastFM_49832,mbrainz_8187,0.35657894736842105
lastFM_62270,mbrainz_222,0.5
lastFM_62335,mbrainz_10382,0.3391472868217054
lastFM_62335,mbrainz_16828,0.30357142857142855
lastFM_75759,mbrainz_30357,0.5
lastFM_654,mbrainz_7787,0.32478088775798697
lastFM_77028,mbrainz_11467,0.33222433460076045
lastFM_38263,mbrainz_1993,0.3264285714285714
lastFM_8572,mbrainz_47,0.3119047619047619
lastFM_46282,mbrainz_18878,0.41666666666666663
lastFM_42390,mbrainz_12916,0.3664772727272727
lastFM_9180,mbrainz_79,0.41875
lastFM_10319,mbrainz_7369,0.3241279069767442
lastFM_26923,mbrainz_10953,0.36875
lastFM_66134,mbrainz_3743,0.4453125
lastFM_11368,mbrainz_1150,0.3
lastFM_8775,mbrainz_122,0.38031914893617025
lastFM_34083,mbrainz_24830,0.3194444444444444
lastFM_22641,mbrainz_47,0.3619047619047619
lastFM_79252,mbrainz_13837,0.375
lastFM_55268,mbrainz_32830,0.35
lastFM_66113,mbrainz_29816,0.31805555555555554
lastFM_79252,mbrainz_268,0.3390151515151515
lastFM_34846,mbrainz_20366,0.3333333333333333
lastFM_366,mbrainz_6190,0.3333333333333333
lastFM_52085,mbrainz_7510,0.3058139534883721
lastFM_34083,mbrainz_8453,0.3333333333333333
lastFM_42853,mbrainz_14852,0.30654761904761907
lastFM_22817,mbrainz_10268,0.3553779069767442
lastFM_44842,mbrainz_18462,0.5
lastFM_53393,mbrainz_20773,0.3464912280701754
lastFM_142,mbrainz_9390,0.3153753026634383
lastFM_72538,mbrainz_14165,0.3221153846153846
lastFM_30110,mbrainz_31451,0.3360909772986963
lastFM_13470,mbrainz_1077,0.3015481862509903
lastFM_10376,mbrainz_1233,0.36
lastFM_30614,mbrainz_10983,0.3063813813813814
lastFM_4765,mbrainz_10074,0.3
lastFM_50844,mbrainz_23943,0.32054794520547947
lastFM_34083,mbrainz_13053,0.375
lastFM_25256,mbrainz_209,0.3314393939393939
lastFM_45215,mbrainz_3034,0.3089080459770115
lastFM_45919,mbrainz_15931,0.375
lastFM_6136,mbrainz_7810,0.3125
lastFM_22866,mbrainz_16310,0.3125
lastFM_68108,mbrainz_14152,0.3
lastFM_142,mbrainz_583,0.38257575757575757
lastFM_25256,mbrainz_299,0.4247311827956989
lastFM_22284,mbrainz_23041,0.375
lastFM_327,mbrainz_4046,0.3125
lastFM_34882,mbrainz_5482,0.3814935064935065
lastFM_3891,mbrainz_11242,0.38175675675675674
lastFM_5964,mbrainz_3723,0.3439838802533103
lastFM_4765,mbrainz_8187,0.31036324786324787
k04__within_dup__lastfm__discogs_10662,mbrainz_299,0.37083333333333335
lastFM_50844,mbrainz_998,0.37030075187969924
lastFM_12629,mbrainz_4340,0.375
lastFM_49493,mbrainz_22378,0.3320892375168691
lastFM_23122,mbrainz_14564,0.5
lastFM_3203,mbrainz_998,0.32949308755760365
lastFM_11713,mbrainz_13554,0.30993728895320793
lastFM_42892,mbrainz_19744,0.3452798829942827
k04__within_dup__lastfm____singleton___lastfm_lastFM_77611,mbrainz_8334,0.3
lastFM_82208,mbrainz_6573,0.50625
lastFM_30838,mbrainz_1721,0.3572927506070066
lastFM_61032,mbrainz_8645,0.3036764705882353
lastFM_17195,mbrainz_8227,0.38031914893617025
lastFM_23177,mbrainz_298,0.3333333333333333
lastFM_34083,mbrainz_31208,0.38095238095238093
lastFM_66262,mbrainz_8227,0.31646825396825395
lastFM_29507,mbrainz_12389,0.31925675675675674
lastFM_62335,mbrainz_1179,0.34833333333333333
lastFM_30,mbrainz_11929,0.3333333333333333
lastFM_64969,mbrainz_8110,0.3685661764705882
lastFM_50844,mbrainz_5386,0.34316770186335405
lastFM_24580,mbrainz_7812,0.3125
lastFM_68108,mbrainz_4340,0.375
lastFM_48094,mbrainz_159,0.3651315789473684
lastFM_16933,mbrainz_80,0.32193396226415094
lastFM_56510,mbrainz_3019,0.3032478814310534
lastFM_20132,mbrainz_14837,0.4004329004329004
lastFM_66134,mbrainz_1680,0.35528846153846155
lastFM_8064,mbrainz_2087,0.4960171568627451
lastFM_8885,mbrainz_14271,0.3333333333333333
lastFM_19155,mbrainz_19491,0.4375
lastFM_74640,mbrainz_8495,0.30637254901960786
lastFM_57414,mbrainz_8593,0.375
lastFM_55309,mbrainz_15128,0.30520833333333336
lastFM_34846,mbrainz_12389,0.3125
lastFM_13258,mbrainz_10131,0.375
lastFM_67943,mbrainz_14091,0.30125
k02_interp_music_00126__lastfm,mbrainz_3874,0.5
lastFM_44630,mbrainz_2260,0.30974025974025976
lastFM_4657,mbrainz_3129,0.3333333333333333
lastFM_5278,mbrainz_13194,0.35
lastFM_2200,mbrainz_5772,0.3081851179673321
lastFM_26233,mbrainz_1935,0.3033769063180828
lastFM_5399,mbrainz_2532,0.375
lastFM_5278,mbrainz_13875,0.45394736842105265
lastFM_37674,mbrainz_12916,0.3102006688963211
lastFM_2033,mbrainz_10374,0.3794642857142857
lastFM_40496,mbrainz_305,0.375
lastFM_25256,mbrainz_1265,0.4235294117647059
lastFM_28849,mbrainz_2192,0.5166666666666666
lastFM_50648,mbrainz_21621,0.3076923076923077
lastFM_45844,mbrainz_9522,0.3108974358974359
lastFM_9204,mbrainz_30533,0.48201438848920863
lastFM_518,mbrainz_86,0.375
lastFM_48287,mbrainz_2916,0.42687074829931976
lastFM_55268,mbrainz_5214,0.3214285714285714
lastFM_2589,mbrainz_542,0.3
lastFM_10615,mbrainz_5386,0.31020408163265306
lastFM_12547,mbrainz_3435,0.30833333333333335
lastFM_24445,mbrainz_865,0.39285714285714285
lastFM_20355,mbrainz_27397,0.3387096774193548
lastFM_11929,mbrainz_2664,0.41984126984126985
lastFM_24832,mbrainz_80,0.3411458333333333
lastFM_47216,mbrainz_896,0.3
lastFM_33581,mbrainz_13054,0.3430968395168872
lastFM_5670,mbrainz_26846,0.5
lastFM_25256,mbrainz_75,0.33035714285714285
lastFM_12877,mbrainz_117,0.3416666666666667
lastFM_61541,mbrainz_14852,0.3058139534883721
lastFM_24580,mbrainz_7088,0.34375
lastFM_14373,mbrainz_3883,0.4485924112607099
k02_interp_music_00064__lastfm,mbrainz_3874,0.5
lastFM_66262,mbrainz_4340,0.3333333333333333
lastFM_12227,mbrainz_23238,0.35700659035726673
lastFM_77000,mbrainz_30023,0.31153846153846154
lastFM_14373,mbrainz_237,0.5036238105458968
lastFM_10376,mbrainz_12500,0.3717391304347826
lastFM_24580,mbrainz_719,0.31785714285714284
lastFM_36057,mbrainz_19571,0.375
lastFM_23406,mbrainz_7821,0.3333333333333333
lastFM_137,mbrainz_38,0.3333333333333333
lastFM_64209,mbrainz_16599,0.3116822429906542
lastFM_23577,mbrainz_4700,0.30208333333333337
lastFM_64451,mbrainz_10092,0.37659134669838035
k04__within_dup__lastfm__discogs_10662,mbrainz_75,0.3416666666666667
lastFM_50931,mbrainz_252,0.3142857142857143
lastFM_34846,mbrainz_9522,0.3
lastFM_46027,mbrainz_719,0.3833333333333333
lastFM_4182,mbrainz_1867,0.4878048780487805
lastFM_71848,mbrainz_15928,0.3278735632183908
lastFM_39977,mbrainz_7973,0.375
lastFM_66113,mbrainz_669,0.30925925925925923
lastFM_78984,mbrainz_1239,0.3
lastFM_45420,mbrainz_32469,0.35317460317460314
lastFM_77611,mbrainz_10920,0.3125
lastFM_55795,mbrainz_32017,0.3121345029239766
lastFM_8775,mbrainz_13837,0.3333333333333333
lastFM_22284,mbrainz_169,0.3333333333333333
lastFM_20570,mbrainz_10145,0.42350746268656714
lastFM_3203,mbrainz_5386,0.35333333333333333
lastFM_142,mbrainz_23943,0.42105263157894735
k04__within_dup__lastfm__discogs_10662,mbrainz_209,0.3526785714285714
lastFM_14924,mbrainz_7032,0.3333333333333333
lastFM_16933,mbrainz_247,0.30518018018018017
lastFM_9039,mbrainz_15301,0.3127236707566462
lastFM_30634,mbrainz_13876,0.5
k02_interp_music_00071__lastfm,k02_interp_music_00045__musicbrainz,0.3333333333333333
lastFM_22817,mbrainz_5386,0.3128205128205128
lastFM_50717,mbrainz_30343,0.3326612903225806
lastFM_73829,mbrainz_14205,0.30357142857142855
lastFM_16487,mbrainz_5764,0.3236651285431773
lastFM_3645,mbrainz_118,0.3
lastFM_6442,mbrainz_669,0.3125
lastFM_62428,mbrainz_237,0.4742785445420326
lastFM_22817,mbrainz_27156,0.3472711267605634
lastFM_3203,mbrainz_2082,0.37054794520547946
lastFM_26717,mbrainz_13817,0.30824635922330096
lastFM_71848,mbrainz_20809,0.3175
lastFM_432,mbrainz_253,0.6666666666666666
lastFM_60033,mbrainz_10255,0.304006968641115
lastFM_30,mbrainz_5233,0.3333333333333333
lastFM_16685,mbrainz_30935,0.375
lastFM_57781,mbrainz_8699,0.39744598010923227
lastFM_29507,mbrainz_16320,0.3
lastFM_23054,mbrainz_23796,0.3333333333333333
lastFM_170,mbrainz_29973,0.375
lastFM_25365,mbrainz_11046,0.3090277777777778
lastFM_2038,mbrainz_2082,0.3592592592592593
lastFM_24832,mbrainz_247,0.3
lastFM_11287,mbrainz_1265,0.4088235294117647
lastFM_43050,mbrainz_12116,0.5175438596491229
lastFM_55727,k04__within_dup__musicbrainz__discogs_9345,0.3
k02_interp_music_00055__lastfm,k02_interp_music_00169__musicbrainz,0.3888888888888889
lastFM_10625,mbrainz_5111,0.3125
lastFM_38629,mbrainz_20809,0.3
lastFM_80010,mbrainz_14773,0.3174418604651163
lastFM_2589,mbrainz_9696,0.3
k04__within_dup__lastfm__lastFM_30485,mbrainz_22655,0.31721698113207547
lastFM_48091,mbrainz_23943,0.39964788732394363
lastFM_31435,mbrainz_6966,0.315625
lastFM_50717,mbrainz_1873,0.3075657894736842
lastFM_42390,mbrainz_8270,0.30303030303030304
lastFM_26302,mbrainz_11928,0.5
lastFM_76185,mbrainz_17944,0.3
lastFM_77284,mbrainz_3618,0.30793650793650795
lastFM_53167,mbrainz_29816,0.3056586270871985
lastFM_13837,mbrainz_141,0.3846153846153846
lastFM_58446,mbrainz_9536,0.3
lastFM_43724,mbrainz_12254,0.3382352941176471
lastFM_6927,mbrainz_252,0.38611111111111107
lastFM_19657,mbrainz_15127,0.32976190476190476
lastFM_71990,mbrainz_29973,0.375
lastFM_24580,mbrainz_20354,0.3125
lastFM_4167,mbrainz_9830,0.30568181818181817
k04__within_dup__lastfm__lastFM_52099,mbrainz_32617,0.32752613240418116
lastFM_58446,mbrainz_169,0.3125
lastFM_51868,mbrainz_20579,0.300051867219917
lastFM_61032,mbrainz_22195,0.33653846153846156
lastFM_66134,mbrainz_865,0.35714285714285715
lastFM_40392,mbrainz_16320,0.3333333333333333
lastFM_77985,mbrainz_10399,0.3371794871794872
lastFM_8572,mbrainz_169,0.3125
lastFM_10369,mbrainz_1747,0.3205324357405141
lastFM_53786,mbrainz_31847,0.300069905627403
lastFM_7623,mbrainz_4667,0.3055555555555556
k02_interp_music_00053__lastfm,k02_interp_music_00169__musicbrainz,0.40476190476190477
lastFM_74640,mbrainz_154,0.3333333333333333
lastFM_71990,mbrainz_5470,0.3
lastFM_19155,mbrainz_11537,0.3
lastFM_63780,mbrainz_12940,0.3051020408163265
lastFM_42756,mbrainz_8963,0.3014112903225806
lastFM_60170,mbrainz_21395,0.3215016067776804
lastFM_21587,mbrainz_6774,0.30882633657841796
lastFM_83170,mbrainz_22697,0.3333333333333333
lastFM_2589,mbrainz_2024,0.3125
lastFM_7114,mbrainz_386,0.3125
lastFM_2033,mbrainz_2190,0.3333333333333333
lastFM_6134,mbrainz_1697,0.3333333333333333
k02_interp_music_00048__lastfm,k02_interp_music_00024__musicbrainz,0.3333333333333333
lastFM_31435,mbrainz_16078,0.3
lastFM_63740,mbrainz_2664,0.31646825396825395
lastFM_19549,mbrainz_32617,0.3333333333333333
lastFM_75741,k02_interp_music_00069__musicbrainz,0.41666666666666663
lastFM_62020,mbrainz_14787,0.3125
lastFM_3624,mbrainz_30489,0.4888487237447614
lastFM_10114,mbrainz_2979,0.3333333333333333
k04__within_dup__lastfm__discogs_10662,mbrainz_1265,0.35084033613445376
lastFM_17337,mbrainz_2024,0.3433333333333333
lastFM_29507,mbrainz_20366,0.3333333333333333
lastFM_14281,mbrainz_26439,0.3125
lastFM_62335,mbrainz_26807,0.375
lastFM_7845,mbrainz_14152,0.30657894736842106
lastFM_75741,k02_interp_music_00021__musicbrainz,0.5
lastFM_6837,mbrainz_13645,0.3324958123953099
lastFM_28795,mbrainz_13330,0.5
lastFM_155,mbrainz_32830,0.35256410256410253
lastFM_45420,mbrainz_12476,0.3157248157248157
k02_interp_music_00032__lastfm,k02_interp_music_00199__musicbrainz,0.3333333333333333
lastFM_106,mbrainz_8270,0.30401234567901236
lastFM_40392,mbrainz_45,0.35714285714285715
lastFM_21923,mbrainz_8253,0.3125
lastFM_3203,mbrainz_10924,0.3333333333333333
lastFM_72936,mbrainz_547,0.3333333333333333
lastFM_16862,mbrainz_9652,0.35609756097560974
lastFM_10069,mbrainz_4489,0.3125
lastFM_50648,mbrainz_29170,0.3034332688588008
lastFM_38629,mbrainz_236,0.3125
lastFM_58446,mbrainz_1240,0.3333333333333333
lastFM_48091,mbrainz_2083,0.3925438596491228
lastFM_74640,mbrainz_132,0.3125
lastFM_10376,mbrainz_12959,0.4215686274509804
lastFM_11929,mbrainz_7614,0.3482142857142857
lastFM_55767,mbrainz_31283,0.34140289855072464
lastFM_18921,mbrainz_6966,0.3104166666666667
lastFM_31759,mbrainz_31,0.3666666666666667
lastFM_42390,mbrainz_247,0.38611111111111107
lastFM_55727,mbrainz_13242,0.32175925925925924
lastFM_177,mbrainz_13242,0.3194444444444444
lastFM_19415,mbrainz_18997,0.31838235294117645
lastFM_72299,mbrainz_2562,0.32765151515151514
lastFM_62270,mbrainz_176,0.375
lastFM_3203,mbrainz_53,0.3487179487179487
lastFM_50844,mbrainz_16194,0.33796296296296297
lastFM_24837,mbrainz_16339,0.3315306767868438
lastFM_14281,mbrainz_3025,0.3333333333333333
lastFM_56871,mbrainz_11929,0.3333333333333333
lastFM_71529,mbrainz_21259,0.5058139534883721
lastFM_21160,mbrainz_33453,0.4
lastFM_22519,mbrainz_8635,0.3086206896551724
lastFM_10615,mbrainz_53,0.3038461538461539
k04__within_dup__lastfm__discogs_10662,mbrainz_25714,0.34375
lastFM_13258,mbrainz_6026,0.3333333333333333
lastFM_2589,mbrainz_10431,0.30714285714285716
lastFM_44630,mbrainz_8635,0.3040322580645161
lastFM_4657,mbrainz_7063,0.375
lastFM_20649,mbrainz_26,0.3
k02_interp_music_00059__lastfm,k02_interp_music_00200__musicbrainz,0.31963645673323093
lastFM_50214,mbrainz_13330,0.5
lastFM_14281,mbrainz_15203,0.3388888888888889
lastFM_177,mbrainz_4151,0.31925675675675674
lastFM_142,mbrainz_29170,0.3114035087719298
lastFM_10822,mbrainz_22655,0.3
lastFM_34,mbrainz_3025,0.3
lastFM_2711,mbrainz_137,0.3333333333333333
lastFM_10615,mbrainz_16194,0.3148148148148148
lastFM_22284,mbrainz_4489,0.3333333333333333
lastFM_25256,mbrainz_2449,0.33712121212121215
lastFM_10597,k02_interp_music_00086__musicbrainz,0.40909090909090906
lastFM_11287,mbrainz_529,0.3125
lastFM_21375,mbrainz_12476,0.31456310679611654
k02_interp_music_00017__lastfm,k02_interp_music_00039__musicbrainz,0.3333333333333333
lastFM_10615,mbrainz_2997,0.3214285714285714
lastFM_2033,mbrainz_16275,0.3333333333333333
k02_interp_music_00048__lastfm,k02_interp_music_00083__musicbrainz,0.3
lastFM_61541,mbrainz_30648,0.30637254901960786
lastFM_49832,mbrainz_10066,0.35
lastFM_56871,mbrainz_7063,0.3333333333333333
lastFM_22843,mbrainz_139,0.3
lastFM_10114,mbrainz_5210,0.5
lastFM_10114,mbrainz_919,0.5
lastFM_23177,mbrainz_10402,0.3333333333333333
lastFM_74906,mbrainz_7964,0.32552693208430916
lastFM_19657,mbrainz_8635,0.3055555555555556
lastFM_3367,mbrainz_1056,0.4
lastFM_13837,mbrainz_11537,0.3119047619047619
lastFM_5144,mbrainz_2760,0.3018433179723502
lastFM_13837,mbrainz_25714,0.3560606060606061
lastFM_137,mbrainz_10431,0.3233695652173913
lastFM_28569,mbrainz_11273,0.35330273953553054
lastFM_2639,k02_interp_music_00071__musicbrainz,0.5
k02_interp_music_00000__lastfm,mbrainz_3014,0.3
lastFM_44930,mbrainz_27564,0.33613445378151263
lastFM_14998,mbrainz_4151,0.3
lastFM_23406,k02_interp_music_00199__musicbrainz,0.3333333333333333
k04__within_dup__lastfm____singleton___lastfm_k02_interp_music_00024__lastfm,k02_interp_music_00135__musicbrainz,0.3
lastFM_65684,mbrainz_4489,0.3333333333333333
lastFM_10069,mbrainz_697,0.3125
lastFM_31435,mbrainz_2760,0.3
lastFM_59527,mbrainz_17798,0.35416666666666663
lastFM_8572,mbrainz_4489,0.3125
lastFM_20315,mbrainz_246,0.381578947368421
lastFM_6586,mbrainz_21487,0.5
k04__within_dup__lastfm____singleton___lastfm_lastFM_37149,mbrainz_24283,0.3382352941176471
lastFM_20649,mbrainz_10431,0.3
k04__within_dup__lastfm__lastFM_6949,mbrainz_10074,0.3055555555555556
lastFM_3093,mbrainz_6862,0.35416666666666663
k04__within_dup__lastfm__lastFM_52099,mbrainz_8972,0.35
lastFM_3151,mbrainz_9881,0.3169642857142857
lastFM_43661,mbrainz_3801,0.3
lastFM_59073,mbrainz_33453,0.35
lastFM_8885,mbrainz_5210,0.5
lastFM_60195,mbrainz_1737,0.3125
lastFM_53167,mbrainz_17798,0.3076923076923077
lastFM_62428,mbrainz_3563,0.49624999999999997
lastFM_81456,mbrainz_4185,0.3214285714285714
lastFM_72299,mbrainz_10402,0.3458333333333333
k04__within_dup__lastfm____singleton___lastfm_lastFM_30634,mbrainz_13876,0.5
lastFM_108,mbrainz_978,0.3333333333333333
lastFM_52540,mbrainz_110,0.3125
k02_interp_music_00053__lastfm,mbrainz_3014,0.3055555555555556
lastFM_26094,mbrainz_17160,0.3333333333333333
lastFM_2584,mbrainz_108,0.3125
lastFM_31759,mbrainz_13211,0.375
lastFM_64589,mbrainz_32901,0.3
lastFM_33971,mbrainz_919,0.3333333333333333
lastFM_25256,mbrainz_25714,0.3107142857142857
lastFM_77028,mbrainz_2701,0.3730988593155894
lastFM_5365,mbrainz_9881,0.302536231884058
lastFM_22691,mbrainz_919,0.5
lastFM_72538,mbrainz_33453,0.375
lastFM_6305,mbrainz_22422,0.3125
lastFM_30330,mbrainz_20660,0.5
lastFM_32916,mbrainz_12928,0.3333333333333333
lastFM_15533,mbrainz_17798,0.3109110169491526
lastFM_54,mbrainz_3178,0.35
k02_interp_music_00170__lastfm,k02_interp_music_00159__musicbrainz,0.41666666666666663
lastFM_21375,mbrainz_27523,0.3403755868544601
k02_interp_music_00080__lastfm,k02_interp_music_00039__musicbrainz,0.3333333333333333
lastFM_5365,mbrainz_4385,0.3161189358372457
lastFM_9369,mbrainz_7383,0.3125
lastFM_6340,mbrainz_8335,0.30922001153402534
lastFM_13391,mbrainz_32901,0.3125
lastFM_48519,mbrainz_6319,0.375
k02_interp_music_00071__lastfm,mbrainz_1145,0.5
lastFM_22691,mbrainz_5210,0.5
lastFM_83170,k04__within_dup__musicbrainz__lastFM_2692,0.35
lastFM_24832,mbrainz_2155,0.3
lastFM_666,mbrainz_30679,0.3
lastFM_81456,mbrainz_28312,0.3125
lastFM_52539,mbrainz_7973,0.375
lastFM_10915,mbrainz_21,0.375
lastFM_48519,mbrainz_110,0.3333333333333333
lastFM_30933,mbrainz_7903,0.3125
lastFM_22634,mbrainz_16193,0.375
k02_interp_music_00070__lastfm,k02_interp_music_00083__musicbrainz,0.375
lastFM_3584,mbrainz_8150,0.5
lastFM_21556,mbrainz_4385,0.30568181818181817
lastFM_2494,mbrainz_54,0.3125
lastFM_24806,mbrainz_278,0.32717391304347826
