silver_cluster_id,best_pipe_cluster_id,overlap_count,silver_size,pipe_size,jaccard
discogs_100,discogs_100,2,2,2,1.0
discogs_100122,discogs_44,3,12,3,0.25
discogs_100165,discogs_12544,2,5,2,0.4
discogs_100310,discogs_12299,2,4,2,0.5
discogs_10032,discogs_10032,3,4,3,0.75
discogs_10045,discogs_36815,2,6,2,0.3333333333333333
discogs_100640,discogs_51346,3,14,3,0.21428571428571427
discogs_100710,discogs_100710,3,5,3,0.6
discogs_10086,discogs_10086,2,2,2,1.0
discogs_10094,discogs_74784,2,4,2,0.5
discogs_100948,discogs_24602,2,12,2,0.16666666666666666
discogs_101,discogs_101,3,3,3,1.0
discogs_101094,discogs_25521,3,52,3,0.057692307692307696
discogs_101139,discogs_101139,1,3,1,0.3333333333333333
discogs_101146,discogs_45502,3,22,3,0.13636363636363635
discogs_10116,discogs_10116,3,3,3,1.0
discogs_10128,discogs_10128,2,2,2,1.0
discogs_101315,discogs_79291,3,13,3,0.23076923076923078
discogs_101323,discogs_34968,2,3,2,0.6666666666666666
discogs_101340,discogs_101340,1,4,1,0.25
discogs_101416,discogs_42487,3,10,3,0.3
discogs_10144,discogs_10144,2,2,2,1.0
discogs_101500,discogs_101500,3,3,3,1.0
discogs_101523,discogs_115453,3,44,3,0.06818181818181818
discogs_10155,discogs_10155,3,16,3,0.1875
discogs_101710,discogs_101710,2,2,2,1.0
discogs_1018,discogs_1018,2,6,2,0.3333333333333333
discogs_101806,discogs_101806,2,6,2,0.3333333333333333
discogs_101845,discogs_101845,3,3,3,1.0
discogs_101935,discogs_101935,3,3,3,1.0
discogs_101939,discogs_101939,3,11,3,0.2727272727272727
discogs_101993,discogs_6,2,5,2,0.4
discogs_102116,discogs_102116,2,2,2,1.0
discogs_102132,discogs_102132,2,2,2,1.0
discogs_10214,discogs_10214,1,4,1,0.25
discogs_10230,discogs_10230,3,3,3,1.0
discogs_1024,discogs_1024,3,3,3,1.0
discogs_10244,discogs_19411,3,17,3,0.17647058823529413
discogs_102570,discogs_51610,2,4,2,0.5
discogs_102621,discogs_102621,2,2,2,1.0
discogs_102703,discogs_11969,3,61,3,0.04918032786885246
discogs_102711,discogs_40185,3,43,3,0.06976744186046512
discogs_10272,discogs_10272,2,9,2,0.2222222222222222
discogs_102844,discogs_102844,3,3,3,1.0
discogs_102885,discogs_102885,2,2,2,1.0
discogs_102896,discogs_102896,3,5,3,0.6
discogs_10293,discogs_10293,2,3,2,0.6666666666666666
discogs_103010,discogs_103010,2,3,2,0.6666666666666666
discogs_10302,discogs_10302,3,118,3,0.025423728813559324
discogs_10303,discogs_10303,3,3,3,1.0
discogs_103190,discogs_1150,3,65,3,0.046153846153846156
discogs_10320,discogs_10320,3,5,3,0.6
discogs_103256,discogs_103256,3,3,3,1.0
discogs_10329,discogs_10329,2,2,2,1.0
discogs_103459,discogs_103459,2,2,2,1.0
discogs_103481,discogs_103481,2,2,2,1.0
discogs_103586,discogs_103586,1,3,1,0.3333333333333333
discogs_103623,discogs_103623,2,2,2,1.0
discogs_10363,discogs_10363,2,2,2,1.0
discogs_10374,discogs_10374,3,3,3,1.0
discogs_103756,discogs_103756,2,4,2,0.5
discogs_103759,discogs_103759,2,3,2,0.6666666666666666
discogs_103775,discogs_103775,2,2,2,1.0
discogs_10378,discogs_10378,3,11,3,0.2727272727272727
discogs_103809,discogs_103809,2,2,2,1.0
discogs_103822,discogs_118774,3,18,3,0.16666666666666666
discogs_103951,discogs_103951,3,3,3,1.0
discogs_103983,discogs_103983,2,2,2,1.0
discogs_10399,discogs_10399,3,3,3,1.0
discogs_104,discogs_118650,3,50,3,0.06
discogs_104213,discogs_104213,2,2,2,1.0
discogs_104224,discogs_21565,3,12,3,0.25
discogs_104248,discogs_25988,3,13,3,0.23076923076923078
discogs_10429,discogs_10429,3,3,3,1.0
discogs_104349,discogs_104349,3,3,3,1.0
discogs_104360,discogs_104360,3,6,3,0.5
discogs_104463,discogs_104463,2,2,2,1.0
discogs_104481,discogs_104481,2,2,2,1.0
discogs_104500,discogs_104500,3,8,3,0.375
discogs_10473,discogs_97789,3,8,3,0.375
discogs_10480,discogs_10480,3,3,3,1.0
discogs_104874,discogs_23881,3,75,3,0.04
discogs_10495,discogs_10495,3,4,3,0.75
discogs_104954,discogs_13451,2,5,2,0.4
discogs_105015,discogs_105015,2,2,2,1.0
discogs_10504,discogs_10504,2,2,2,1.0
discogs_10509,lastFM_82759,2,6,2,0.3333333333333333
discogs_105195,discogs_105195,3,6,3,0.5
discogs_10526,discogs_10526,2,2,2,1.0
discogs_105399,discogs_105399,2,3,2,0.6666666666666666
discogs_1054,discogs_1054,2,2,2,1.0
discogs_105404,discogs_105404,2,2,2,1.0
discogs_10546,discogs_10546,2,3,2,0.6666666666666666
discogs_105473,discogs_105473,3,7,3,0.42857142857142855
discogs_105476,discogs_105476,3,16,3,0.1875
discogs_105490,discogs_105490,2,3,2,0.6666666666666666
discogs_105792,discogs_52083,2,3,2,0.6666666666666666
discogs_10580,discogs_10580,2,3,2,0.6666666666666666
discogs_10583,discogs_10583,3,32,3,0.09375
discogs_10599,discogs_10599,3,3,3,1.0
discogs_106,discogs_106,2,2,2,1.0
discogs_1060,lastFM_62237,2,4,2,0.5
discogs_106146,discogs_106146,2,3,2,0.6666666666666666
discogs_106147,discogs_106147,3,3,3,1.0
discogs_10631,discogs_10631,2,2,2,1.0
discogs_106317,discogs_106317,2,2,2,1.0
discogs_106454,discogs_106454,2,3,2,0.6666666666666666
discogs_106477,lastFM_48068,2,3,2,0.6666666666666666
discogs_106482,discogs_106482,2,3,2,0.6666666666666666
discogs_106507,discogs_106507,2,2,2,1.0
discogs_106593,discogs_106593,3,3,3,1.0
discogs_10662,discogs_24065,3,4,3,0.75
discogs_106628,discogs_106826,2,3,2,0.6666666666666666
discogs_10670,discogs_4608,3,32,3,0.09375
discogs_10674,discogs_10674,2,2,2,1.0
discogs_1070,discogs_1070,2,3,2,0.6666666666666666
discogs_107021,discogs_107021,3,5,3,0.6
discogs_107082,discogs_37434,3,5,3,0.6
discogs_107109,discogs_13075,3,57,3,0.05263157894736842
discogs_10717,discogs_10717,2,2,2,1.0
discogs_10728,discogs_10728,3,3,3,1.0
discogs_107322,discogs_107322,3,17,3,0.17647058823529413
discogs_107434,discogs_35293,3,24,3,0.125
discogs_107440,discogs_107440,2,2,2,1.0
discogs_10747,discogs_131531,2,5,2,0.4
discogs_10748,discogs_10748,3,3,3,1.0
discogs_107501,lastFM_48496,2,3,2,0.6666666666666666
discogs_107536,discogs_107536,2,2,2,1.0
discogs_107548,discogs_20329,2,10,2,0.2
discogs_107792,discogs_107792,2,3,2,0.6666666666666666
discogs_107839,discogs_107839,2,3,2,0.6666666666666666
discogs_108,discogs_108,3,3,3,1.0
discogs_108012,discogs_8082,2,3,2,0.6666666666666666
discogs_10804,discogs_10804,3,16,3,0.1875
discogs_108086,discogs_341,3,30,3,0.1
discogs_10814,discogs_10814,2,3,2,0.6666666666666666
discogs_108263,discogs_108263,2,2,2,1.0
discogs_108266,discogs_108266,2,3,2,0.6666666666666666
discogs_108439,lastFM_48868,2,3,2,0.6666666666666666
discogs_108456,discogs_108456,2,2,2,1.0
discogs_10850,discogs_10850,2,4,2,0.5
discogs_108529,lastFM_48900,2,3,2,0.6666666666666666
discogs_108535,discogs_108535,2,2,2,1.0
discogs_108576,discogs_18755,3,10,3,0.3
discogs_108586,discogs_108586,3,3,3,1.0
discogs_108623,discogs_108623,2,3,2,0.6666666666666666
discogs_10874,discogs_10874,3,3,3,1.0
discogs_1088,discogs_1088,2,5,2,0.4
discogs_108821,discogs_69895,2,3,2,0.6666666666666666
discogs_109,discogs_109,2,2,2,1.0
discogs_109047,discogs_109047,2,2,2,1.0
discogs_109113,discogs_109113,3,3,3,1.0
discogs_109190,discogs_109190,3,3,3,1.0
discogs_109421,discogs_109421,2,4,2,0.5
discogs_109503,discogs_109503,1,2,1,0.5
discogs_109508,discogs_109508,1,3,1,0.3333333333333333
discogs_109556,discogs_99242,3,6,3,0.5
discogs_1096,discogs_44616,2,3,2,0.6666666666666666
discogs_10965,discogs_10965,3,3,3,1.0
discogs_10972,discogs_10972,1,2,1,0.5
discogs_10975,discogs_10975,3,3,3,1.0
discogs_109804,discogs_63740,2,10,2,0.2
discogs_10981,discogs_10981,2,4,2,0.5
discogs_10982,discogs_10982,3,4,3,0.75
discogs_109972,discogs_109972,3,3,3,1.0
discogs_11,discogs_11,2,2,2,1.0
discogs_11001,discogs_11001,3,3,3,1.0
discogs_11004,discogs_11004,2,2,2,1.0
discogs_11005,discogs_11005,2,2,2,1.0
discogs_1101,discogs_1101,2,2,2,1.0
discogs_110104,lastFM_33868,2,7,2,0.2857142857142857
discogs_110126,discogs_110126,3,4,3,0.75
discogs_110142,discogs_110142,3,3,3,1.0
discogs_110190,discogs_39513,2,3,2,0.6666666666666666
discogs_110222,discogs_110222,2,2,2,1.0
discogs_110472,discogs_88989,3,4,3,0.75
discogs_110530,discogs_7277,2,3,2,0.6666666666666666
discogs_11054,discogs_239,3,5,3,0.6
discogs_11055,discogs_11055,3,3,3,1.0
discogs_110803,discogs_110803,3,3,3,1.0
discogs_110806,discogs_110806,2,3,2,0.6666666666666666
discogs_110906,discogs_65374,2,10,2,0.2
discogs_110986,discogs_110986,3,7,3,0.42857142857142855
discogs_111,discogs_111,3,3,3,1.0
discogs_1110,discogs_1110,3,3,3,1.0
discogs_111015,discogs_111015,3,4,3,0.75
discogs_111021,discogs_183367,2,4,3,0.4
discogs_11105,discogs_11105,3,3,3,1.0
discogs_111265,discogs_111265,2,2,2,1.0
discogs_111272,discogs_111272,2,2,2,1.0
discogs_111460,lastFM_50106,2,3,2,0.6666666666666666
discogs_111489,discogs_111489,3,3,3,1.0
discogs_11149,discogs_11149,3,3,3,1.0
discogs_111537,discogs_111537,2,2,2,1.0
discogs_11156,discogs_11156,2,2,2,1.0
discogs_111596,discogs_20405,2,4,2,0.5
discogs_111609,discogs_111609,3,4,3,0.75
discogs_111695,discogs_13209,2,3,2,0.6666666666666666
discogs_1117,discogs_1117,3,3,3,1.0
discogs_111787,discogs_111787,3,3,3,1.0
discogs_111791,discogs_111791,2,3,2,0.6666666666666666
discogs_111862,discogs_118645,3,55,3,0.05454545454545454
discogs_111897,discogs_111897,3,3,3,1.0
discogs_111908,discogs_111908,2,2,2,1.0
discogs_111963,discogs_111963,2,4,2,0.5
discogs_111970,discogs_124598,3,10,3,0.3
discogs_112273,discogs_112273,3,3,3,1.0
discogs_112334,discogs_112334,3,3,3,1.0
discogs_112500,discogs_9170,2,4,2,0.5
discogs_11262,discogs_11262,2,2,2,1.0
discogs_112649,discogs_112649,3,3,3,1.0
discogs_11274,discogs_11274,3,3,3,1.0
discogs_112755,lastFM_50648,2,4,2,0.5
discogs_112781,discogs_82440,2,3,2,0.6666666666666666
discogs_112967,discogs_6173,2,3,2,0.6666666666666666
discogs_113102,discogs_51543,3,14,3,0.21428571428571427
discogs_11311,discogs_11311,3,3,3,1.0
discogs_113151,discogs_113151,2,2,2,1.0
discogs_113171,discogs_113171,3,90,3,0.03333333333333333
discogs_113189,discogs_40655,3,8,3,0.375
discogs_113196,lastFM_50832,2,3,2,0.6666666666666666
discogs_113382,discogs_113382,2,2,2,1.0
discogs_113442,discogs_113442,3,3,3,1.0
discogs_1135,discogs_1135,3,3,3,1.0
discogs_113523,discogs_71149,3,4,3,0.75
discogs_113529,discogs_37627,3,5,3,0.6
discogs_11355,discogs_11355,3,3,3,1.0
discogs_113578,discogs_164809,2,3,2,0.6666666666666666
discogs_113637,discogs_113637,3,17,3,0.17647058823529413
discogs_113681,discogs_113681,2,3,2,0.6666666666666666
discogs_113846,discogs_113846,2,3,2,0.6666666666666666
discogs_113863,discogs_69561,2,3,2,0.6666666666666666
discogs_113966,discogs_113966,2,2,2,1.0
discogs_113969,discogs_113969,3,3,3,1.0
discogs_114017,discogs_74382,2,3,2,0.6666666666666666
discogs_114043,discogs_114043,2,2,2,1.0
discogs_114096,discogs_43838,3,4,3,0.75
discogs_114165,discogs_42238,2,6,2,0.3333333333333333
discogs_1143,discogs_1143,2,2,2,1.0
discogs_114392,discogs_114392,3,3,3,1.0
discogs_114396,discogs_114396,3,3,3,1.0
discogs_11441,discogs_11441,3,3,3,1.0
discogs_114552,discogs_114552,3,3,3,1.0
discogs_114666,discogs_114666,2,2,2,1.0
discogs_114685,discogs_114685,3,16,3,0.1875
discogs_114760,discogs_114760,2,4,2,0.5
discogs_114782,discogs_114782,3,3,3,1.0
discogs_11495,discogs_11495,1,2,1,0.5
discogs_114954,discogs_22610,2,3,2,0.6666666666666666
discogs_114969,discogs_13050,2,4,2,0.5
discogs_115,discogs_115,3,3,3,1.0
discogs_115138,discogs_115138,1,4,1,0.25
discogs_11520,discogs_3927,3,8,3,0.375
discogs_115203,discogs_27938,2,6,2,0.3333333333333333
discogs_115241,discogs_60662,3,8,3,0.375
discogs_115256,discogs_27518,3,16,3,0.1875
discogs_115286,discogs_115286,2,6,2,0.3333333333333333
discogs_11529,discogs_11529,2,3,2,0.6666666666666666
discogs_11536,discogs_11536,2,3,2,0.6666666666666666
discogs_11548,discogs_11548,2,3,2,0.6666666666666666
discogs_1155,discogs_1155,3,3,3,1.0
discogs_115515,discogs_19027,3,57,3,0.05263157894736842
discogs_115587,discogs_115587,2,4,2,0.5
discogs_115736,discogs_8193,3,4,3,0.75
discogs_115793,discogs_115793,2,2,2,1.0
discogs_115805,lastFM_59316,2,3,2,0.6666666666666666
discogs_115843,discogs_672,3,16,3,0.1875
discogs_116118,discogs_116118,3,3,3,1.0
discogs_116139,discogs_177,3,8,3,0.375
discogs_116180,discogs_116180,3,25,3,0.12
discogs_1163,discogs_1163,3,6,3,0.5
discogs_11632,discogs_11632,2,5,2,0.4
discogs_11646,discogs_11646,3,3,3,1.0
discogs_11649,discogs_11649,2,2,2,1.0
discogs_11655,discogs_11655,3,3,3,1.0
discogs_11660,discogs_11660,2,2,2,1.0
discogs_116744,discogs_14713,3,6,3,0.5
discogs_11676,discogs_11676,3,4,3,0.75
discogs_116843,discogs_116843,3,3,3,1.0
discogs_116921,discogs_116921,3,3,3,1.0
discogs_117,discogs_117,3,3,3,1.0
discogs_1171,discogs_1171,2,3,2,0.6666666666666666
discogs_117186,discogs_117186,2,3,2,0.6666666666666666
discogs_11721,discogs_11721,2,2,2,1.0
discogs_11730,discogs_11730,1,3,1,0.3333333333333333
discogs_1175,discogs_647,3,5,3,0.6
discogs_11750,discogs_11750,2,2,2,1.0
discogs_11751,discogs_11751,2,2,2,1.0
discogs_11753,discogs_11753,2,2,2,1.0
discogs_117614,discogs_117614,3,3,3,1.0
discogs_117644,discogs_117644,2,2,2,1.0
discogs_117694,discogs_117694,2,2,2,1.0
discogs_11776,discogs_11776,2,2,2,1.0
discogs_11782,discogs_11782,2,2,2,1.0
discogs_11804,discogs_11804,2,2,2,1.0
discogs_11814,discogs_11814,3,3,3,1.0
discogs_118153,discogs_118153,2,2,2,1.0
discogs_118160,discogs_118160,2,2,2,1.0
discogs_118231,discogs_17229,2,5,2,0.4
discogs_1183,discogs_1183,3,3,3,1.0
discogs_118316,discogs_118392,3,4,3,0.75
discogs_11838,discogs_11838,3,3,3,1.0
discogs_118528,discogs_118528,3,34,3,0.08823529411764706
discogs_118561,discogs_20865,2,3,2,0.6666666666666666
discogs_11858,discogs_11858,3,3,3,1.0
discogs_11860,discogs_118659,2,12,2,0.16666666666666666
discogs_118639,discogs_118639,3,3,3,1.0
discogs_11880,discogs_11880,3,3,3,1.0
discogs_118877,discogs_41511,2,4,2,0.5
discogs_118956,discogs_118956,3,3,3,1.0
discogs_118995,discogs_118995,3,4,3,0.75
discogs_119,discogs_119,3,3,3,1.0
discogs_119009,discogs_119009,2,2,2,1.0
discogs_119103,discogs_12758,3,31,3,0.0967741935483871
discogs_11927,discogs_11927,2,3,2,0.6666666666666666
discogs_11928,discogs_11928,3,4,3,0.75
discogs_119315,discogs_78395,2,3,2,0.6666666666666666
discogs_11936,discogs_11936,2,5,2,0.4
discogs_119425,discogs_60506,2,4,2,0.5
discogs_119488,discogs_8462,2,3,2,0.6666666666666666
discogs_119588,discogs_119588,3,5,3,0.6
discogs_119605,discogs_119605,3,3,3,1.0
discogs_119685,discogs_119685,3,3,3,1.0
discogs_11975,discogs_11975,3,3,3,1.0
discogs_11976,discogs_11976,3,13,3,0.23076923076923078
discogs_11986,discogs_11986,2,2,2,1.0
discogs_119870,lastFM_2739,2,7,2,0.2857142857142857
discogs_11992,discogs_8376,2,3,2,0.6666666666666666
discogs_120005,discogs_120005,1,3,1,0.3333333333333333
discogs_120008,discogs_75325,2,3,2,0.6666666666666666
discogs_120087,discogs_120087,3,3,3,1.0
discogs_12030,discogs_12030,3,8,3,0.375
discogs_1204,discogs_1204,2,2,2,1.0
discogs_12044,lastFM_72366,2,4,2,0.5
discogs_120447,discogs_120447,3,3,3,1.0
discogs_12050,discogs_12050,2,2,2,1.0
discogs_12052,discogs_36870,2,5,2,0.4
discogs_120525,discogs_120525,2,4,2,0.5
discogs_12055,discogs_12055,2,2,2,1.0
discogs_12065,discogs_12065,2,2,2,1.0
discogs_120729,discogs_120729,3,3,3,1.0
discogs_120886,discogs_120886,3,3,3,1.0
discogs_120905,discogs_31569,2,6,2,0.3333333333333333
discogs_12093,discogs_12093,2,2,2,1.0
discogs_12101,discogs_12101,2,2,2,1.0
discogs_121064,discogs_121064,2,3,2,0.6666666666666666
discogs_121088,discogs_31230,2,3,2,0.6666666666666666
discogs_12109,discogs_12109,2,2,2,1.0
discogs_121165,lastFM_21256,2,3,2,0.6666666666666666
discogs_121414,discogs_125965,3,9,3,0.3333333333333333
discogs_121437,discogs_17698,3,74,3,0.04054054054054054
discogs_121599,discogs_121599,2,3,2,0.6666666666666666
discogs_12162,discogs_12162,3,3,3,1.0
discogs_121645,discogs_121645,2,3,2,0.6666666666666666
discogs_121826,discogs_121826,3,3,3,1.0
discogs_12188,discogs_12188,3,3,3,1.0
discogs_122117,discogs_122117,3,3,3,1.0
discogs_122140,discogs_70724,3,6,3,0.5
discogs_122196,discogs_122196,3,3,3,1.0
discogs_12233,discogs_12233,2,2,2,1.0
discogs_12234,discogs_12234,3,3,3,1.0
discogs_12243,discogs_35741,3,28,3,0.10714285714285714
discogs_122439,discogs_122439,2,2,2,1.0
discogs_122442,discogs_26162,2,3,2,0.6666666666666666
discogs_12248,discogs_12248,2,4,2,0.5
discogs_12271,discogs_12271,3,3,3,1.0
discogs_122749,discogs_122749,3,6,3,0.5
discogs_122830,discogs_122830,1,4,1,0.25
discogs_122864,discogs_122864,2,3,2,0.6666666666666666
discogs_12287,discogs_12287,3,3,3,1.0
discogs_122873,discogs_122873,3,3,3,1.0
discogs_123014,discogs_95440,3,8,3,0.375
discogs_12308,discogs_334,3,5,3,0.6
discogs_123251,discogs_123251,2,3,2,0.6666666666666666
discogs_123316,discogs_19176,2,4,2,0.5
discogs_12337,discogs_12337,2,3,2,0.6666666666666666
discogs_123395,discogs_123395,3,3,3,1.0
discogs_12343,discogs_12343,3,3,3,1.0
discogs_123430,discogs_123430,3,38,3,0.07894736842105263
discogs_1235,discogs_1235,3,3,3,1.0
discogs_1236,discogs_1236,3,4,3,0.75
discogs_123721,discogs_12986,3,19,3,0.15789473684210525
discogs_12374,discogs_12374,2,2,2,1.0
discogs_12396,discogs_61074,2,3,2,0.6666666666666666
discogs_12399,discogs_15369,3,4,3,0.75
discogs_124,discogs_124,2,2,2,1.0
discogs_12412,discogs_12412,1,3,1,0.3333333333333333
discogs_124245,discogs_8312,2,11,2,0.18181818181818182
discogs_12431,discogs_12431,2,2,2,1.0
discogs_124316,discogs_53955,2,3,2,0.6666666666666666
discogs_12432,discogs_12432,2,2,2,1.0
discogs_124380,discogs_124380,1,4,1,0.25
discogs_124386,discogs_124386,1,2,1,0.5
discogs_12467,discogs_12467,2,2,2,1.0
discogs_12468,discogs_12468,2,3,2,0.6666666666666666
discogs_12474,discogs_12474,3,3,3,1.0
discogs_12475,discogs_12475,1,3,1,0.3333333333333333
discogs_12482,discogs_12482,3,3,3,1.0
discogs_1249,discogs_1249,2,5,2,0.4
discogs_125186,discogs_125186,3,3,3,1.0
discogs_125216,discogs_125216,2,2,2,1.0
discogs_125229,discogs_125229,2,2,2,1.0
discogs_125275,discogs_125275,3,3,3,1.0
discogs_125318,discogs_125318,3,3,3,1.0
discogs_125404,discogs_125404,1,3,1,0.3333333333333333
discogs_125413,lastFM_55767,2,3,2,0.6666666666666666
discogs_125545,discogs_83660,3,6,3,0.5
discogs_12555,discogs_12555,2,2,2,1.0
discogs_125562,discogs_125562,3,3,3,1.0
discogs_12560,discogs_12560,3,3,3,1.0
discogs_1257,discogs_1257,2,2,2,1.0
discogs_12585,discogs_12585,2,2,2,1.0
discogs_125883,discogs_125883,2,2,2,1.0
discogs_125917,discogs_125917,3,3,3,1.0
discogs_12592,discogs_12592,3,3,3,1.0
discogs_126,discogs_126,3,3,3,1.0
discogs_126024,discogs_126024,2,2,2,1.0
discogs_126027,discogs_58942,2,4,2,0.5
discogs_12611,discogs_12611,3,3,3,1.0
discogs_12612,discogs_12612,3,6,3,0.5
discogs_126258,discogs_126258,3,3,3,1.0
discogs_12626,discogs_12626,2,3,2,0.6666666666666666
discogs_126283,discogs_126283,1,2,1,0.5
discogs_126287,discogs_126287,2,5,2,0.4
discogs_126559,discogs_126683,2,3,2,0.6666666666666666
discogs_12656,discogs_12656,3,3,3,1.0
discogs_126580,discogs_126580,2,2,2,1.0
discogs_1266,discogs_1266,2,4,2,0.5
discogs_12664,discogs_12664,2,2,2,1.0
discogs_126696,discogs_46923,2,4,2,0.5
discogs_1267,discogs_1267,2,2,2,1.0
discogs_126743,discogs_126743,2,2,2,1.0
discogs_126816,discogs_126816,3,3,3,1.0
discogs_126903,discogs_126903,1,2,1,0.5
discogs_126946,discogs_126946,2,2,2,1.0
discogs_126986,discogs_30061,3,7,3,0.42857142857142855
discogs_127,discogs_55797,3,5,3,0.6
discogs_127015,discogs_127015,2,2,2,1.0
discogs_127079,discogs_127079,2,2,2,1.0
discogs_127156,discogs_127156,3,3,3,1.0
discogs_12717,discogs_12717,2,2,2,1.0
discogs_12719,discogs_12719,3,3,3,1.0
discogs_12732,discogs_12732,2,2,2,1.0
discogs_127350,discogs_127350,3,3,3,1.0
discogs_127439,discogs_127439,3,6,3,0.5
discogs_127444,discogs_15012,2,3,2,0.6666666666666666
discogs_127577,discogs_45704,2,3,2,0.6666666666666666
discogs_12763,discogs_12763,2,2,2,1.0
discogs_12768,discogs_12768,3,3,3,1.0
discogs_127723,discogs_127723,3,3,3,1.0
discogs_127782,discogs_17149,2,4,2,0.5
discogs_127805,discogs_34664,2,5,2,0.4
discogs_12785,discogs_12785,1,2,1,0.5
discogs_12787,discogs_12787,3,6,3,0.5
discogs_12788,discogs_12788,2,2,2,1.0
discogs_128,discogs_152802,2,3,2,0.6666666666666666
discogs_128073,discogs_128073,3,3,3,1.0
discogs_12813,discogs_12813,3,5,3,0.6
discogs_128206,discogs_128206,2,3,2,0.6666666666666666
discogs_128349,discogs_128349,3,3,3,1.0
discogs_128567,discogs_128567,3,3,3,1.0
discogs_12858,discogs_12858,2,4,2,0.5
discogs_128699,discogs_128699,3,3,3,1.0
discogs_12899,discogs_12899,3,12,3,0.25
discogs_129,discogs_129,2,3,2,0.6666666666666666
discogs_12904,discogs_12904,2,3,2,0.6666666666666666
discogs_129050,discogs_129050,2,5,2,0.4
discogs_12907,discogs_12907,2,2,2,1.0
discogs_12917,discogs_12917,3,3,3,1.0
discogs_129260,discogs_129260,3,4,3,0.75
discogs_129285,discogs_1600,3,23,3,0.13043478260869565
discogs_129306,discogs_129306,2,2,2,1.0
discogs_12941,discogs_12941,3,4,3,0.75
discogs_129436,discogs_129436,2,2,2,1.0
discogs_12980,discogs_12980,3,3,3,1.0
discogs_129831,discogs_129831,2,5,2,0.4
discogs_129945,discogs_129945,3,3,3,1.0
discogs_13,discogs_13,3,4,3,0.75
discogs_130010,discogs_130010,3,3,3,1.0
discogs_13006,discogs_13006,3,3,3,1.0
discogs_130070,discogs_42210,2,3,2,0.6666666666666666
discogs_130166,discogs_130166,3,3,3,1.0
discogs_1302,discogs_1302,3,4,3,0.75
discogs_130299,discogs_130299,2,2,2,1.0
discogs_130395,discogs_130395,3,3,3,1.0
discogs_130396,discogs_130396,2,3,2,0.6666666666666666
discogs_130455,discogs_7849,2,6,2,0.3333333333333333
discogs_130521,discogs_130521,2,2,2,1.0
discogs_130646,discogs_86363,2,3,2,0.6666666666666666
discogs_13071,discogs_13071,3,3,3,1.0
discogs_130772,discogs_130772,2,3,2,0.6666666666666666
discogs_13088,discogs_13088,3,3,3,1.0
discogs_130922,discogs_130922,3,3,3,1.0
discogs_13098,discogs_13098,3,3,3,1.0
discogs_13102,discogs_13102,3,3,3,1.0
discogs_13104,discogs_13104,2,2,2,1.0
discogs_131101,discogs_13947,2,5,2,0.4
discogs_13115,discogs_13115,2,2,2,1.0
discogs_131279,discogs_131279,3,3,3,1.0
discogs_131346,discogs_131346,2,2,2,1.0
discogs_13137,discogs_13137,3,3,3,1.0
discogs_131400,discogs_131400,3,3,3,1.0
discogs_13150,discogs_13150,2,2,2,1.0
discogs_131603,discogs_131603,2,3,2,0.6666666666666666
discogs_131709,discogs_131709,1,4,1,0.25
discogs_131791,discogs_131791,2,2,2,1.0
discogs_13180,discogs_13180,2,2,2,1.0
discogs_131876,discogs_131876,3,3,3,1.0
discogs_131969,discogs_56911,3,10,3,0.3
discogs_132019,discogs_43818,3,4,3,0.75
discogs_132080,discogs_17549,2,7,2,0.2857142857142857
discogs_132151,discogs_132151,3,3,3,1.0
discogs_13245,discogs_13245,3,3,3,1.0
discogs_13274,discogs_13274,2,3,2,0.6666666666666666
discogs_132785,discogs_132785,1,2,1,0.5
discogs_132842,discogs_132842,2,2,2,1.0
discogs_13298,discogs_13298,3,3,3,1.0
discogs_13299,discogs_66623,3,7,3,0.42857142857142855
discogs_133027,discogs_133027,2,2,2,1.0
discogs_133107,discogs_133107,3,3,3,1.0
discogs_133138,discogs_33970,3,6,3,0.5
discogs_133176,discogs_140988,2,4,2,0.5
discogs_133214,discogs_133214,3,3,3,1.0
discogs_13325,discogs_13325,3,3,3,1.0
discogs_133273,lastFM_58877,2,3,2,0.6666666666666666
discogs_133322,discogs_24414,2,4,2,0.5
discogs_133352,discogs_133352,3,3,3,1.0
discogs_133459,lastFM_58943,2,3,2,0.6666666666666666
discogs_13356,discogs_13356,2,3,2,0.6666666666666666
discogs_133761,discogs_133761,3,4,3,0.75
discogs_13379,discogs_13379,2,2,2,1.0
discogs_13390,discogs_13390,2,2,2,1.0
discogs_133944,discogs_133944,1,3,1,0.3333333333333333
discogs_1341,discogs_1341,3,3,3,1.0
discogs_134361,discogs_27336,3,6,3,0.5
discogs_134379,discogs_134379,3,3,3,1.0
discogs_13444,discogs_13444,3,3,3,1.0
discogs_134445,discogs_134445,3,3,3,1.0
discogs_134716,discogs_134716,3,3,3,1.0
discogs_13472,discogs_13472,3,4,3,0.75
discogs_13479,discogs_13479,3,3,3,1.0
discogs_13486,discogs_39210,3,21,3,0.14285714285714285
discogs_135,discogs_135,3,3,3,1.0
discogs_13504,discogs_13504,3,3,3,1.0
discogs_13517,discogs_13517,1,3,1,0.3333333333333333
discogs_13531,discogs_13531,3,3,3,1.0
discogs_13543,discogs_13543,3,3,3,1.0
discogs_13544,discogs_13544,2,3,2,0.6666666666666666
discogs_135444,lastFM_59735,2,12,2,0.16666666666666666
discogs_135490,discogs_5060,2,4,2,0.5
discogs_135494,discogs_135494,2,2,2,1.0
discogs_13554,discogs_13554,3,13,3,0.23076923076923078
discogs_135704,discogs_135704,3,3,3,1.0
discogs_13580,discogs_13580,3,3,3,1.0
discogs_13591,discogs_13591,1,6,1,0.16666666666666666
discogs_136,discogs_136,3,20,3,0.15
discogs_136064,discogs_136064,2,2,2,1.0
discogs_136157,discogs_136157,3,3,3,1.0
discogs_136167,discogs_136167,3,3,3,1.0
discogs_1362,discogs_1362,2,3,2,0.6666666666666666
discogs_13632,discogs_13632,2,2,2,1.0
discogs_136390,discogs_9712,3,6,3,0.5
discogs_13642,discogs_13642,3,3,3,1.0
discogs_136507,discogs_136507,2,2,2,1.0
discogs_13655,discogs_2349,3,9,3,0.3333333333333333
discogs_136555,lastFM_60183,2,3,2,0.6666666666666666
discogs_136567,discogs_52452,2,3,2,0.6666666666666666
discogs_136727,discogs_136727,2,3,2,0.6666666666666666
discogs_136852,discogs_136852,3,3,3,1.0
discogs_137085,discogs_137085,3,3,3,1.0
discogs_137138,discogs_137138,3,14,3,0.21428571428571427
discogs_137230,discogs_137230,3,3,3,1.0
discogs_13725,discogs_13725,3,3,3,1.0
discogs_137326,discogs_8770,2,3,2,0.6666666666666666
discogs_137412,discogs_137412,2,2,2,1.0
discogs_137475,discogs_137475,2,2,2,1.0
discogs_137598,discogs_137598,3,3,3,1.0
discogs_13764,discogs_13764,2,2,2,1.0
discogs_137715,discogs_137715,3,3,3,1.0
discogs_13772,discogs_13772,3,13,3,0.23076923076923078
discogs_137768,discogs_137768,3,3,3,1.0
discogs_13777,discogs_13777,3,3,3,1.0
discogs_13787,discogs_8246,2,3,2,0.6666666666666666
discogs_137917,discogs_137917,2,2,2,1.0
discogs_138,discogs_138,3,3,3,1.0
discogs_138074,discogs_138074,3,7,3,0.42857142857142855
discogs_13818,discogs_48791,2,7,2,0.2857142857142857
discogs_13834,discogs_13834,2,3,2,0.6666666666666666
discogs_13840,discogs_13840,2,2,2,1.0
discogs_138430,discogs_138430,2,2,2,1.0
discogs_138635,discogs_138635,3,3,3,1.0
discogs_13896,discogs_38678,3,11,3,0.2727272727272727
discogs_139002,discogs_139002,3,3,3,1.0
discogs_13945,discogs_13945,2,4,2,0.5
discogs_139459,discogs_16407,2,4,2,0.5
discogs_13953,discogs_19732,3,8,3,0.375
discogs_139629,discogs_139629,3,3,3,1.0
discogs_14,discogs_14,2,2,2,1.0
discogs_140,discogs_140,3,3,3,1.0
discogs_1401,discogs_1401,3,3,3,1.0
discogs_140313,discogs_140313,2,2,2,1.0
discogs_140357,discogs_140357,3,3,3,1.0
discogs_140388,discogs_140388,2,2,2,1.0
discogs_14054,discogs_14054,2,2,2,1.0
discogs_14064,discogs_14064,3,3,3,1.0
discogs_140739,lastFM_61842,2,4,2,0.5
discogs_14074,discogs_14074,2,3,2,0.6666666666666666
discogs_14081,discogs_30538,2,3,2,0.6666666666666666
discogs_140955,discogs_140955,3,3,3,1.0
discogs_14107,discogs_31057,2,3,2,0.6666666666666666
discogs_141088,lastFM_61969,2,3,2,0.6666666666666666
discogs_14112,discogs_14112,2,2,2,1.0
discogs_141135,discogs_141135,3,25,3,0.12
discogs_141169,discogs_141169,3,3,3,1.0
discogs_14128,discogs_14128,2,2,2,1.0
discogs_141355,discogs_141355,1,5,1,0.2
discogs_141389,lastFM_62079,2,3,2,0.6666666666666666
discogs_141431,discogs_155310,2,5,2,0.4
discogs_14145,discogs_14145,2,2,2,1.0
discogs_14146,discogs_14146,2,2,2,1.0
discogs_14147,discogs_14147,3,7,3,0.42857142857142855
discogs_14153,discogs_14153,3,3,3,1.0
discogs_14160,discogs_14160,2,2,2,1.0
discogs_141758,discogs_141758,2,2,2,1.0
discogs_141790,discogs_25391,2,4,2,0.5
discogs_14188,discogs_14188,2,2,2,1.0
discogs_141886,discogs_141886,2,2,2,1.0
discogs_142088,discogs_142088,2,2,2,1.0
discogs_14216,discogs_14216,2,2,2,1.0
discogs_14224,discogs_14224,3,3,3,1.0
discogs_14236,discogs_14236,2,2,2,1.0
discogs_14239,discogs_14239,3,3,3,1.0
discogs_14247,discogs_14247,2,2,2,1.0
discogs_1425,discogs_1425,2,11,2,0.18181818181818182
discogs_14260,discogs_14260,3,3,3,1.0
discogs_14263,discogs_14263,2,2,2,1.0
discogs_142690,discogs_8076,2,3,2,0.6666666666666666
discogs_14278,discogs_9698,2,3,2,0.6666666666666666
discogs_14290,discogs_95255,3,9,3,0.3333333333333333
discogs_142929,discogs_142929,3,3,3,1.0
discogs_142937,discogs_81433,2,3,2,0.6666666666666666
discogs_14298,discogs_14298,2,3,2,0.6666666666666666
discogs_14315,discogs_14315,3,4,3,0.75
discogs_14344,discogs_14344,2,2,2,1.0
discogs_143460,discogs_143460,1,4,1,0.25
discogs_143546,discogs_7935,2,3,2,0.6666666666666666
discogs_143583,discogs_18586,2,3,2,0.6666666666666666
discogs_14363,discogs_14363,2,2,2,1.0
discogs_143738,discogs_4994,2,3,2,0.6666666666666666
discogs_144090,discogs_144090,3,3,3,1.0
discogs_14447,discogs_14447,2,3,2,0.6666666666666666
discogs_14463,discogs_28351,3,11,3,0.2727272727272727
discogs_144679,discogs_144679,2,2,2,1.0
discogs_14470,discogs_14470,3,3,3,1.0
discogs_144992,discogs_44692,2,8,2,0.25
discogs_145,discogs_145,3,3,3,1.0
discogs_145000,discogs_145000,2,2,2,1.0
discogs_145276,discogs_145276,2,2,2,1.0
discogs_14532,discogs_14532,2,3,2,0.6666666666666666
discogs_145421,discogs_145421,3,6,3,0.5
discogs_145482,discogs_145482,2,2,2,1.0
discogs_14558,discogs_14558,2,3,2,0.6666666666666666
discogs_145792,discogs_145792,2,2,2,1.0
discogs_145799,discogs_9237,2,3,2,0.6666666666666666
discogs_145828,discogs_145828,3,3,3,1.0
discogs_146,discogs_146,3,3,3,1.0
discogs_146133,discogs_25552,2,7,2,0.2857142857142857
discogs_146210,discogs_146210,1,3,1,0.3333333333333333
discogs_14622,discogs_14622,2,3,2,0.6666666666666666
discogs_14628,discogs_14628,2,2,2,1.0
discogs_14629,discogs_14629,2,3,2,0.6666666666666666
discogs_146440,discogs_146440,3,4,3,0.75
discogs_146453,lastFM_63999,2,3,2,0.6666666666666666
discogs_1466,discogs_1466,3,3,3,1.0
discogs_146684,discogs_146684,2,3,2,0.6666666666666666
discogs_14673,discogs_14673,2,2,2,1.0
discogs_146795,discogs_146795,3,3,3,1.0
discogs_14688,discogs_14688,2,2,2,1.0
discogs_1471,discogs_1471,2,2,2,1.0
discogs_147237,discogs_28486,2,4,2,0.5
discogs_14737,discogs_14737,2,2,2,1.0
discogs_14744,discogs_14744,2,2,2,1.0
discogs_147530,discogs_28006,3,11,3,0.2727272727272727
discogs_147592,discogs_147592,2,2,2,1.0
discogs_14768,discogs_14768,2,2,2,1.0
discogs_14779,discogs_14779,3,3,3,1.0
discogs_14780,discogs_14780,2,2,2,1.0
discogs_147918,discogs_147918,2,2,2,1.0
discogs_147932,discogs_32156,2,4,2,0.5
discogs_148,discogs_148,2,2,2,1.0
discogs_148039,discogs_148039,2,2,2,1.0
discogs_14818,discogs_14818,3,3,3,1.0
discogs_148237,discogs_148237,3,3,3,1.0
discogs_148267,discogs_148267,3,3,3,1.0
discogs_148456,discogs_148456,2,2,2,1.0
discogs_14847,discogs_14847,2,3,2,0.6666666666666666
discogs_14877,discogs_14877,3,6,3,0.5
discogs_148936,discogs_148936,3,3,3,1.0
discogs_14898,discogs_14898,2,2,2,1.0
discogs_149,discogs_149,3,3,3,1.0
discogs_149032,discogs_149032,3,3,3,1.0
discogs_14914,discogs_14914,3,3,3,1.0
discogs_14928,discogs_14928,2,2,2,1.0
discogs_149281,discogs_23073,2,4,2,0.5
discogs_149438,discogs_1819,2,3,2,0.6666666666666666
discogs_149482,discogs_77354,2,3,2,0.6666666666666666
discogs_149503,discogs_24399,2,4,2,0.5
discogs_14956,discogs_14956,2,2,2,1.0
discogs_14959,discogs_14959,3,4,3,0.75
discogs_149592,discogs_149592,3,3,3,1.0
discogs_14960,discogs_14960,3,3,3,1.0
discogs_14971,discogs_14971,2,2,2,1.0
discogs_149927,discogs_79808,2,5,2,0.4
discogs_149938,discogs_149938,3,3,3,1.0
discogs_150079,discogs_150079,3,3,3,1.0
discogs_150172,discogs_150172,3,3,3,1.0
discogs_150354,discogs_25292,2,3,2,0.6666666666666666
discogs_15040,discogs_15040,3,3,3,1.0
discogs_150615,lastFM_65591,2,3,2,0.6666666666666666
discogs_150642,lastFM_65607,2,3,2,0.6666666666666666
discogs_150726,discogs_1799,3,29,3,0.10344827586206896
discogs_15084,discogs_15084,3,3,3,1.0
discogs_150976,discogs_150976,2,4,2,0.5
discogs_15098,discogs_15098,3,3,3,1.0
discogs_151009,discogs_80426,2,4,2,0.5
discogs_151032,lastFM_32543,2,3,2,0.6666666666666666
discogs_151192,discogs_151192,3,3,3,1.0
discogs_151316,discogs_151316,2,2,2,1.0
discogs_151725,discogs_151725,1,2,1,0.5
discogs_151835,discogs_36796,3,7,3,0.42857142857142855
discogs_15187,discogs_15187,2,2,2,1.0
discogs_15189,discogs_15189,2,2,2,1.0
discogs_15215,discogs_15215,3,3,3,1.0
discogs_15248,discogs_15248,3,3,3,1.0
discogs_15250,discogs_15250,3,3,3,1.0
discogs_15262,discogs_15262,3,3,3,1.0
discogs_15272,discogs_15272,3,3,3,1.0
discogs_15274,discogs_15274,2,2,2,1.0
discogs_152970,discogs_152970,3,5,3,0.6
discogs_152985,discogs_152985,3,3,3,1.0
discogs_15305,discogs_15305,3,3,3,1.0
discogs_1531,discogs_5987,2,3,2,0.6666666666666666
discogs_153124,lastFM_66553,2,3,2,0.6666666666666666
discogs_153138,discogs_7874,2,3,2,0.6666666666666666
discogs_15323,discogs_15323,2,2,2,1.0
discogs_153301,discogs_153301,3,3,3,1.0
discogs_153307,discogs_153308,3,5,3,0.6
discogs_15337,discogs_15337,3,3,3,1.0
discogs_153493,discogs_85082,3,15,3,0.2
discogs_15361,discogs_15361,2,3,2,0.6666666666666666
discogs_153719,discogs_53759,2,5,2,0.4
discogs_153730,discogs_153730,3,3,3,1.0
discogs_15388,discogs_15388,3,6,3,0.5
discogs_15395,discogs_15395,3,3,3,1.0
discogs_153956,discogs_153956,2,2,2,1.0
discogs_15408,discogs_15408,2,2,2,1.0
discogs_154302,discogs_68903,2,3,2,0.6666666666666666
discogs_154333,discogs_26638,2,5,2,0.4
discogs_15435,discogs_15435,2,2,2,1.0
discogs_15447,discogs_15447,3,3,3,1.0
discogs_154844,discogs_67260,2,3,2,0.6666666666666666
discogs_154995,discogs_91863,2,3,2,0.6666666666666666
discogs_15505,discogs_15505,3,3,3,1.0
discogs_155054,discogs_155054,3,3,3,1.0
discogs_15506,discogs_15506,2,2,2,1.0
discogs_15517,discogs_15517,3,3,3,1.0
discogs_155234,discogs_68442,3,6,3,0.5
discogs_155311,discogs_40782,2,5,2,0.4
discogs_155484,discogs_158438,3,6,3,0.5
discogs_15580,discogs_15580,2,2,2,1.0
discogs_156,discogs_156,3,3,3,1.0
discogs_156032,lastFM_67671,2,3,2,0.6666666666666666
discogs_156107,discogs_3465,2,5,2,0.4
discogs_156183,discogs_3066,2,3,2,0.6666666666666666
discogs_15638,discogs_15638,2,4,2,0.5
discogs_15655,discogs_54232,3,5,3,0.6
discogs_15661,discogs_15661,2,2,2,1.0
discogs_15662,discogs_15662,2,2,2,1.0
discogs_157018,discogs_74557,2,3,2,0.6666666666666666
discogs_15702,discogs_15702,3,3,3,1.0
discogs_15707,discogs_15707,3,5,3,0.6
discogs_15725,discogs_15725,3,3,3,1.0
discogs_157409,discogs_55,2,3,2,0.6666666666666666
discogs_157478,discogs_8077,2,3,2,0.6666666666666666
discogs_1577,discogs_1577,3,3,3,1.0
discogs_157710,lastFM_64465,2,3,2,0.6666666666666666
discogs_158131,discogs_158131,1,4,1,0.25
discogs_15819,discogs_15819,3,3,3,1.0
discogs_158226,discogs_29377,3,5,3,0.6
discogs_158465,discogs_57252,2,3,2,0.6666666666666666
discogs_158524,discogs_158524,1,2,1,0.5
discogs_15869,discogs_15869,2,2,2,1.0
discogs_159,discogs_159,2,2,2,1.0
discogs_15939,discogs_15939,2,4,2,0.5
discogs_15947,discogs_7525,2,3,2,0.6666666666666666
discogs_15955,discogs_15955,2,2,2,1.0
discogs_15964,discogs_15964,2,2,2,1.0
discogs_15966,discogs_15966,3,4,3,0.75
discogs_15971,discogs_15971,3,6,3,0.5
discogs_159719,discogs_91138,2,3,2,0.6666666666666666
discogs_15986,discogs_15986,2,2,2,1.0
discogs_159888,discogs_28536,2,3,2,0.6666666666666666
discogs_16001,discogs_16001,2,2,2,1.0
discogs_16005,discogs_16005,2,2,2,1.0
discogs_16062,discogs_16062,3,14,3,0.21428571428571427
discogs_160628,discogs_56545,2,3,2,0.6666666666666666
discogs_16093,discogs_16093,3,3,3,1.0
discogs_161,discogs_161,3,3,3,1.0
discogs_161188,discogs_83767,2,3,2,0.6666666666666666
discogs_16131,discogs_16131,3,3,3,1.0
discogs_16143,discogs_16143,2,2,2,1.0
discogs_16155,discogs_16155,3,3,3,1.0
discogs_16168,discogs_16168,2,2,2,1.0
discogs_16188,discogs_16188,2,2,2,1.0
discogs_161924,discogs_161924,3,3,3,1.0
discogs_16197,discogs_16197,3,3,3,1.0
discogs_161995,discogs_161995,3,3,3,1.0
discogs_16205,discogs_16205,3,3,3,1.0
discogs_16218,discogs_16218,3,3,3,1.0
discogs_16242,discogs_16242,3,3,3,1.0
discogs_16262,discogs_16262,3,3,3,1.0
discogs_16269,discogs_16269,3,3,3,1.0
discogs_162715,discogs_162715,1,2,1,0.5
discogs_16286,discogs_16286,3,6,3,0.5
discogs_16289,discogs_16289,2,2,2,1.0
discogs_16322,discogs_16322,3,8,3,0.375
discogs_163380,discogs_163380,2,2,2,1.0
discogs_16342,discogs_16342,3,3,3,1.0
discogs_1635,discogs_1635,3,3,3,1.0
discogs_16351,discogs_16351,2,4,2,0.5
discogs_16359,discogs_16359,2,2,2,1.0
discogs_1636,discogs_55179,2,3,2,0.6666666666666666
discogs_164179,discogs_164179,2,3,2,0.6666666666666666
discogs_16437,discogs_16437,2,2,2,1.0
discogs_164396,discogs_9454,2,3,2,0.6666666666666666
discogs_164542,discogs_21474,3,4,3,0.75
discogs_164686,discogs_164686,3,3,3,1.0
discogs_164861,discogs_63470,3,5,3,0.6
discogs_1650,discogs_1650,2,3,2,0.6666666666666666
discogs_16530,discogs_16530,2,2,2,1.0
discogs_165390,discogs_6950,2,5,2,0.4
discogs_16548,discogs_16548,3,3,3,1.0
discogs_16570,discogs_16570,3,3,3,1.0
discogs_166068,discogs_166068,2,2,2,1.0
discogs_16634,discogs_16634,2,2,2,1.0
discogs_16635,discogs_16635,3,3,3,1.0
discogs_166352,discogs_166352,3,3,3,1.0
discogs_166382,lastFM_67034,2,5,2,0.4
discogs_16649,discogs_16649,3,3,3,1.0
discogs_166533,discogs_166533,2,2,2,1.0
discogs_16686,discogs_16686,3,4,3,0.75
discogs_16687,discogs_16687,2,2,2,1.0
discogs_167,discogs_167,3,9,3,0.3333333333333333
discogs_1670,discogs_1670,2,3,2,0.6666666666666666
discogs_16700,discogs_16700,2,2,2,1.0
discogs_16707,discogs_16707,3,3,3,1.0
discogs_16729,discogs_16729,1,2,1,0.5
discogs_167341,discogs_167341,1,2,1,0.5
discogs_16739,discogs_16739,3,3,3,1.0
discogs_16764,discogs_16764,3,6,3,0.5
discogs_167688,discogs_72163,3,12,3,0.25
discogs_16813,discogs_16813,2,2,2,1.0
discogs_1683,discogs_1683,3,3,3,1.0
discogs_168351,discogs_168351,3,3,3,1.0
discogs_168523,discogs_67932,3,8,3,0.375
discogs_168588,lastFM_72401,2,3,2,0.6666666666666666
discogs_16863,discogs_16863,3,3,3,1.0
discogs_168759,discogs_168759,3,3,3,1.0
discogs_168814,discogs_64936,3,15,3,0.2
discogs_16887,discogs_16887,3,3,3,1.0
discogs_16925,discogs_16925,3,3,3,1.0
discogs_169508,lastFM_51055,2,10,2,0.2
discogs_16958,discogs_16958,3,3,3,1.0
discogs_169673,discogs_4114,3,21,3,0.14285714285714285
discogs_16974,discogs_16974,2,2,2,1.0
discogs_169761,discogs_169761,3,3,3,1.0
discogs_16985,discogs_16985,2,2,2,1.0
discogs_169896,discogs_169896,3,3,3,1.0
discogs_16995,discogs_16995,3,3,3,1.0
discogs_17,discogs_17,3,3,3,1.0
discogs_17008,discogs_17008,2,2,2,1.0
discogs_17046,discogs_60668,3,17,3,0.17647058823529413
discogs_17064,discogs_17064,3,3,3,1.0
discogs_171,discogs_171,2,2,2,1.0
discogs_17171,discogs_17171,2,3,2,0.6666666666666666
discogs_171893,discogs_8739,2,4,2,0.5
discogs_17196,discogs_17196,3,3,3,1.0
discogs_17245,discogs_17245,3,3,3,1.0
discogs_17258,discogs_17258,2,4,2,0.5
discogs_17266,discogs_67444,2,3,2,0.6666666666666666
discogs_172880,discogs_172880,1,2,1,0.5
discogs_17299,discogs_17299,2,2,2,1.0
discogs_173,discogs_173,2,2,2,1.0
discogs_17311,discogs_17311,2,2,2,1.0
discogs_17316,discogs_17316,3,3,3,1.0
discogs_173214,discogs_49170,3,15,3,0.2
discogs_173409,discogs_74273,2,4,2,0.5
discogs_17352,discogs_17352,3,3,3,1.0
discogs_17365,discogs_17365,2,2,2,1.0
discogs_173815,discogs_28198,2,3,2,0.6666666666666666
discogs_17388,discogs_31814,2,3,2,0.6666666666666666
discogs_17393,discogs_17393,2,2,2,1.0
discogs_17404,discogs_17404,3,3,3,1.0
discogs_174089,discogs_174089,2,2,2,1.0
discogs_17434,discogs_17434,3,3,3,1.0
discogs_174437,lastFM_2442,2,4,2,0.5
discogs_174537,discogs_61057,2,4,2,0.5
discogs_17464,discogs_17464,2,2,2,1.0
discogs_174884,lastFM_74938,2,3,2,0.6666666666666666
discogs_17493,discogs_17493,2,2,2,1.0
discogs_17500,discogs_17500,3,3,3,1.0
discogs_175499,discogs_175499,2,2,2,1.0
discogs_17553,discogs_17553,2,2,2,1.0
discogs_17560,discogs_17560,2,3,2,0.6666666666666666
discogs_175607,lastFM_75188,2,3,2,0.6666666666666666
discogs_17565,discogs_17565,3,3,3,1.0
discogs_17592,discogs_17592,2,2,2,1.0
discogs_176,discogs_176,3,3,3,1.0
discogs_176452,discogs_176452,3,3,3,1.0
discogs_17656,discogs_17656,2,2,2,1.0
discogs_17690,discogs_17690,2,2,2,1.0
discogs_176903,discogs_176903,3,3,3,1.0
discogs_177088,discogs_177088,1,2,1,0.5
discogs_17709,discogs_17709,3,3,3,1.0
discogs_17716,discogs_17716,3,3,3,1.0
discogs_177544,lastFM_81339,2,3,2,0.6666666666666666
discogs_177633,discogs_88029,2,4,2,0.5
discogs_177808,discogs_177808,1,3,1,0.3333333333333333
discogs_17790,discogs_17790,2,3,2,0.6666666666666666
discogs_178,discogs_178,3,4,3,0.75
discogs_17818,discogs_96940,2,3,2,0.6666666666666666
discogs_178646,lastFM_76355,2,3,2,0.6666666666666666
discogs_17869,discogs_17869,2,3,2,0.6666666666666666
discogs_17874,discogs_17874,3,3,3,1.0
discogs_17875,discogs_17875,3,3,3,1.0
discogs_178925,discogs_20479,2,7,2,0.2857142857142857
discogs_17915,discogs_17915,3,3,3,1.0
discogs_179222,lastFM_10485,2,5,2,0.4
discogs_179974,discogs_79337,2,3,2,0.6666666666666666
discogs_180,discogs_180,3,3,3,1.0
discogs_18003,discogs_18003,3,3,3,1.0
discogs_18013,discogs_18013,3,3,3,1.0
discogs_180273,lastFM_77000,2,3,2,0.6666666666666666
discogs_1804,discogs_1804,3,3,3,1.0
discogs_18047,discogs_18047,3,3,3,1.0
discogs_18053,discogs_18053,3,3,3,1.0
discogs_18077,discogs_18077,2,2,2,1.0
discogs_18098,discogs_18098,3,3,3,1.0
discogs_181092,discogs_181092,2,2,2,1.0
discogs_181281,lastFM_77358,2,3,2,0.6666666666666666
discogs_181422,discogs_184703,3,4,3,0.75
discogs_18145,discogs_18145,2,2,2,1.0
discogs_1817,discogs_1817,3,3,3,1.0
discogs_181810,discogs_181810,1,2,1,0.5
discogs_181820,discogs_30086,2,5,2,0.4
discogs_181892,lastFM_77569,2,3,2,0.6666666666666666
discogs_182227,discogs_55433,2,3,2,0.6666666666666666
discogs_18229,discogs_18229,3,3,3,1.0
discogs_1825,discogs_1825,3,3,3,1.0
discogs_182925,discogs_182925,3,3,3,1.0
discogs_18298,discogs_18298,3,3,3,1.0
discogs_183013,discogs_7938,2,4,2,0.5
discogs_183590,discogs_183590,1,2,1,0.5
discogs_18360,discogs_18360,2,3,2,0.6666666666666666
discogs_183673,discogs_183673,1,3,1,0.3333333333333333
discogs_184489,discogs_66079,2,3,2,0.6666666666666666
discogs_18461,discogs_18461,2,2,2,1.0
discogs_18462,discogs_18462,3,5,3,0.6
discogs_18484,discogs_18484,3,3,3,1.0
discogs_18486,discogs_18486,2,2,2,1.0
discogs_18489,discogs_18489,2,2,2,1.0
discogs_18491,discogs_18491,2,2,2,1.0
discogs_184979,lastFM_78755,2,3,2,0.6666666666666666
discogs_18500,discogs_18500,2,4,2,0.5
discogs_18531,discogs_18531,3,7,3,0.42857142857142855
discogs_18532,discogs_18532,1,3,1,0.3333333333333333
discogs_186,discogs_186,2,2,2,1.0
discogs_18641,discogs_18641,2,2,2,1.0
discogs_18675,discogs_18675,3,4,3,0.75
discogs_18677,discogs_18677,2,3,2,0.6666666666666666
discogs_18681,discogs_18681,3,3,3,1.0
discogs_18730,discogs_18730,2,2,2,1.0
discogs_187388,discogs_55765,2,3,2,0.6666666666666666
discogs_18765,discogs_18765,3,4,3,0.75
discogs_187705,discogs_70520,2,3,2,0.6666666666666666
discogs_18797,discogs_52374,3,21,3,0.14285714285714285
discogs_188,discogs_188,2,2,2,1.0
discogs_18850,discogs_18850,3,10,3,0.3
discogs_18875,discogs_18875,3,3,3,1.0
discogs_189,discogs_189,3,6,3,0.5
discogs_18901,discogs_18901,3,3,3,1.0
discogs_18931,discogs_18931,2,2,2,1.0
discogs_189743,lastFM_80564,2,3,2,0.6666666666666666
discogs_18981,discogs_18981,2,2,2,1.0
discogs_18983,discogs_18983,3,3,3,1.0
discogs_18986,discogs_22582,3,6,3,0.5
discogs_19005,discogs_19005,3,3,3,1.0
discogs_19022,discogs_6889,2,4,2,0.5
discogs_19104,discogs_19104,3,3,3,1.0
discogs_191099,discogs_191099,3,3,3,1.0
discogs_1912,discogs_1912,2,2,2,1.0
discogs_19120,discogs_19120,2,2,2,1.0
discogs_191256,lastFM_53240,2,3,2,0.6666666666666666
discogs_1913,discogs_1913,3,3,3,1.0
discogs_19148,discogs_19148,3,3,3,1.0
discogs_19183,discogs_19183,3,3,3,1.0
discogs_19184,discogs_19184,2,2,2,1.0
discogs_191949,discogs_7901,3,4,3,0.75
discogs_192,discogs_192,3,3,3,1.0
discogs_1920,discogs_1920,3,15,3,0.2
discogs_19221,discogs_19221,2,2,2,1.0
discogs_19227,discogs_19227,3,3,3,1.0
discogs_19246,discogs_19246,2,2,2,1.0
discogs_19255,discogs_19255,2,2,2,1.0
discogs_192740,discogs_192740,3,3,3,1.0
discogs_193004,lastFM_81776,2,3,2,0.6666666666666666
discogs_19315,lastFM_9321,2,3,2,0.6666666666666666
discogs_19330,discogs_88523,2,3,2,0.6666666666666666
discogs_19339,discogs_19339,2,2,2,1.0
discogs_193550,discogs_193550,1,2,1,0.5
discogs_19357,discogs_19357,3,4,3,0.75
discogs_193712,lastFM_82014,2,3,2,0.6666666666666666
discogs_194,discogs_194,3,4,3,0.75
discogs_19400,discogs_19400,3,3,3,1.0
discogs_19405,discogs_19405,3,3,3,1.0
discogs_19414,discogs_19414,3,3,3,1.0
discogs_19417,discogs_19417,3,3,3,1.0
discogs_19426,discogs_19426,2,4,2,0.5
discogs_19454,discogs_19454,3,3,3,1.0
discogs_19470,discogs_19470,2,2,2,1.0
discogs_19510,discogs_19510,3,3,3,1.0
discogs_195103,discogs_195103,3,3,3,1.0
discogs_19520,discogs_19520,2,2,2,1.0
discogs_19535,discogs_19535,3,3,3,1.0
discogs_19556,discogs_19556,1,2,1,0.5
discogs_19560,discogs_19560,2,2,2,1.0
discogs_19561,discogs_19561,3,3,3,1.0
discogs_195613,lastFM_82704,2,3,2,0.6666666666666666
discogs_19585,discogs_19585,3,3,3,1.0
discogs_196,discogs_196,2,2,2,1.0
discogs_19604,discogs_19604,3,3,3,1.0
discogs_19605,discogs_19605,3,3,3,1.0
discogs_196116,discogs_25086,2,6,2,0.3333333333333333
discogs_196160,discogs_62583,2,6,2,0.3333333333333333
discogs_19634,discogs_19634,2,2,2,1.0
discogs_1965,discogs_1965,3,3,3,1.0
discogs_19653,discogs_19653,3,3,3,1.0
discogs_19670,discogs_19670,3,3,3,1.0
discogs_197,discogs_197,3,12,3,0.25
discogs_19801,discogs_19801,3,3,3,1.0
discogs_19822,discogs_19822,2,2,2,1.0
discogs_19833,discogs_19833,2,2,2,1.0
discogs_1985,discogs_1985,2,4,2,0.5
discogs_199,discogs_199,2,2,2,1.0
discogs_19909,discogs_19909,2,2,2,1.0
discogs_1992,discogs_1992,2,2,2,1.0
discogs_19936,discogs_19936,2,2,2,1.0
discogs_1997,discogs_1997,3,3,3,1.0
discogs_19986,discogs_19986,2,2,2,1.0
discogs_20019,discogs_20019,3,3,3,1.0
discogs_20081,discogs_20081,2,2,2,1.0
discogs_201,discogs_201,2,2,2,1.0
discogs_20115,discogs_20115,3,3,3,1.0
discogs_2014,discogs_2014,2,2,2,1.0
discogs_202,discogs_202,3,3,3,1.0
discogs_203,discogs_203,3,3,3,1.0
discogs_20315,discogs_20315,3,6,3,0.5
discogs_20352,discogs_20352,3,3,3,1.0
discogs_20414,discogs_20414,2,2,2,1.0
discogs_20465,discogs_20465,3,3,3,1.0
discogs_20506,discogs_20506,2,3,2,0.6666666666666666
discogs_20633,discogs_20633,2,2,2,1.0
discogs_2064,discogs_2064,3,5,3,0.6
discogs_20643,discogs_20643,2,2,2,1.0
discogs_20646,discogs_20646,3,3,3,1.0
discogs_20669,discogs_20669,3,6,3,0.5
discogs_20715,discogs_20715,2,2,2,1.0
discogs_2074,discogs_2074,3,3,3,1.0
discogs_20810,discogs_20810,2,2,2,1.0
discogs_20831,discogs_20831,3,3,3,1.0
discogs_20842,discogs_20842,3,3,3,1.0
discogs_20894,discogs_20894,3,3,3,1.0
discogs_2091,discogs_2091,3,3,3,1.0
discogs_21,discogs_21,2,3,2,0.6666666666666666
discogs_21003,discogs_21003,3,3,3,1.0
discogs_21012,discogs_21012,2,2,2,1.0
discogs_2102,discogs_2102,2,2,2,1.0
discogs_21065,discogs_21065,2,2,2,1.0
discogs_211,discogs_211,2,2,2,1.0
discogs_21112,discogs_21112,2,2,2,1.0
discogs_21136,discogs_21136,2,2,2,1.0
discogs_212,discogs_212,3,3,3,1.0
discogs_21242,discogs_21242,2,2,2,1.0
discogs_21264,discogs_21264,2,2,2,1.0
discogs_2131,discogs_2131,3,6,3,0.5
discogs_21313,discogs_21313,2,2,2,1.0
discogs_21329,lastFM_10307,2,3,2,0.6666666666666666
discogs_21358,discogs_21358,2,2,2,1.0
discogs_21401,discogs_21401,3,3,3,1.0
discogs_21408,discogs_7556,2,3,2,0.6666666666666666
discogs_21468,discogs_21468,2,2,2,1.0
discogs_21532,discogs_21532,2,3,2,0.6666666666666666
discogs_21545,discogs_21545,2,5,2,0.4
discogs_21581,discogs_21581,2,2,2,1.0
discogs_216,discogs_216,2,5,2,0.4
discogs_21616,discogs_21616,2,2,2,1.0
discogs_21640,discogs_21640,2,2,2,1.0
discogs_21648,discogs_40227,2,3,2,0.6666666666666666
discogs_21658,discogs_21658,1,3,1,0.3333333333333333
discogs_21684,discogs_84548,3,7,3,0.42857142857142855
discogs_21695,discogs_21695,3,11,3,0.2727272727272727
discogs_21696,discogs_21696,3,3,3,1.0
discogs_21701,discogs_21701,2,2,2,1.0
discogs_2171,discogs_2171,3,3,3,1.0
discogs_21829,discogs_21829,2,3,2,0.6666666666666666
discogs_2184,discogs_2184,2,3,2,0.6666666666666666
discogs_21884,discogs_21884,3,3,3,1.0
discogs_219,discogs_219,2,2,2,1.0
discogs_21903,discogs_21903,3,5,3,0.6
discogs_21963,discogs_21963,3,3,3,1.0
discogs_21973,discogs_21973,2,3,2,0.6666666666666666
discogs_2200,discogs_2200,2,2,2,1.0
discogs_22025,discogs_22025,2,3,2,0.6666666666666666
discogs_22030,discogs_22030,3,3,3,1.0
discogs_22150,discogs_22150,3,3,3,1.0
discogs_22224,discogs_22224,3,3,3,1.0
discogs_22237,discogs_22237,2,2,2,1.0
discogs_2228,discogs_2228,3,3,3,1.0
discogs_22292,discogs_22292,3,3,3,1.0
discogs_2231,discogs_2231,3,3,3,1.0
discogs_22352,discogs_22352,3,5,3,0.6
discogs_22373,discogs_22373,2,2,2,1.0
discogs_22381,discogs_22381,3,3,3,1.0
discogs_224,discogs_224,2,2,2,1.0
discogs_22430,discogs_22430,2,2,2,1.0
discogs_22437,discogs_22437,3,3,3,1.0
discogs_22441,discogs_22441,2,2,2,1.0
discogs_22493,discogs_22493,2,2,2,1.0
discogs_22502,discogs_22502,3,3,3,1.0
discogs_2253,discogs_2253,3,3,3,1.0
discogs_22538,discogs_22538,3,3,3,1.0
discogs_22639,discogs_22639,3,3,3,1.0
discogs_22640,discogs_22640,3,3,3,1.0
discogs_22653,discogs_22653,3,3,3,1.0
discogs_22686,discogs_22686,2,2,2,1.0
discogs_22711,discogs_22711,2,2,2,1.0
discogs_2273,discogs_2273,2,2,2,1.0
discogs_22772,discogs_22772,3,3,3,1.0
discogs_22786,discogs_22786,3,7,3,0.42857142857142855
discogs_228,discogs_228,2,4,2,0.5
discogs_22812,discogs_22812,3,3,3,1.0
discogs_22859,discogs_22859,3,3,3,1.0
discogs_22924,discogs_22924,3,3,3,1.0
discogs_22963,discogs_22963,3,4,3,0.75
discogs_22964,discogs_22964,2,2,2,1.0
discogs_23,discogs_23,2,2,2,1.0
discogs_230,discogs_230,3,3,3,1.0
discogs_23012,discogs_8614,2,4,2,0.5
discogs_23096,discogs_23096,3,3,3,1.0
discogs_2310,discogs_2310,3,3,3,1.0
discogs_23104,discogs_23104,3,5,3,0.6
discogs_23138,discogs_23138,2,2,2,1.0
discogs_2318,discogs_2318,3,3,3,1.0
discogs_23208,discogs_23208,3,3,3,1.0
discogs_23212,discogs_23212,3,3,3,1.0
discogs_23227,discogs_23227,2,2,2,1.0
discogs_2323,discogs_2323,3,3,3,1.0
discogs_23237,discogs_23237,2,2,2,1.0
discogs_23279,discogs_23279,2,2,2,1.0
discogs_23303,discogs_23303,2,2,2,1.0
discogs_23371,discogs_23371,3,3,3,1.0
discogs_234,discogs_234,3,3,3,1.0
discogs_23476,discogs_23476,2,2,2,1.0
discogs_23515,discogs_23515,3,3,3,1.0
discogs_23533,discogs_23533,3,3,3,1.0
discogs_237,discogs_237,3,3,3,1.0
discogs_2370,discogs_2370,3,3,3,1.0
discogs_23753,discogs_23753,2,2,2,1.0
discogs_23754,discogs_23754,3,3,3,1.0
discogs_238,discogs_35468,2,3,2,0.6666666666666666
discogs_23836,lastFM_11541,2,3,2,0.6666666666666666
discogs_23845,discogs_23845,2,2,2,1.0
discogs_23858,discogs_23858,2,2,2,1.0
discogs_2390,discogs_2390,3,3,3,1.0
discogs_2398,discogs_2398,3,3,3,1.0
discogs_23999,discogs_23999,2,3,2,0.6666666666666666
discogs_24008,discogs_24008,3,3,3,1.0
discogs_24028,discogs_5665,3,7,3,0.42857142857142855
discogs_242,discogs_242,2,2,2,1.0
discogs_2421,discogs_2421,3,9,3,0.3333333333333333
discogs_24211,discogs_24211,3,7,3,0.42857142857142855
discogs_24261,discogs_24261,1,2,1,0.5
discogs_24299,discogs_24299,2,3,2,0.6666666666666666
discogs_243,discogs_243,3,3,3,1.0
discogs_24336,discogs_24336,3,3,3,1.0
discogs_24349,discogs_24349,3,3,3,1.0
discogs_24471,discogs_24471,2,2,2,1.0
discogs_245,discogs_245,3,3,3,1.0
discogs_24523,discogs_24523,2,2,2,1.0
discogs_24571,discogs_24571,2,2,2,1.0
discogs_24592,discogs_24592,2,2,2,1.0
discogs_246,discogs_246,2,2,2,1.0
discogs_24658,discogs_24658,3,3,3,1.0
discogs_24669,discogs_24669,3,3,3,1.0
discogs_24673,discogs_24673,2,2,2,1.0
discogs_24776,discogs_24776,1,2,1,0.5
discogs_24785,lastFM_11860,2,3,2,0.6666666666666666
discogs_24830,discogs_24830,2,2,2,1.0
discogs_24831,discogs_24831,3,3,3,1.0
discogs_249,discogs_249,2,2,2,1.0
discogs_24900,discogs_24900,3,3,3,1.0
discogs_24910,discogs_24910,2,2,2,1.0
discogs_24929,discogs_24929,2,2,2,1.0
discogs_24945,discogs_87679,2,3,2,0.6666666666666666
discogs_24976,discogs_24976,3,3,3,1.0
discogs_250,discogs_250,3,3,3,1.0
discogs_25008,discogs_25008,1,3,1,0.3333333333333333
discogs_25011,discogs_25011,2,2,2,1.0
discogs_25044,discogs_25044,3,3,3,1.0
discogs_25057,discogs_25057,2,2,2,1.0
discogs_2506,discogs_2506,3,5,3,0.6
discogs_25132,lastFM_29341,2,4,2,0.5
discogs_25158,discogs_37788,2,3,2,0.6666666666666666
discogs_252,discogs_252,3,3,3,1.0
discogs_25200,discogs_25200,3,3,3,1.0
discogs_25208,discogs_25208,2,4,2,0.5
discogs_25221,discogs_25221,2,2,2,1.0
discogs_25246,discogs_25246,2,3,2,0.6666666666666666
discogs_25343,discogs_25343,2,2,2,1.0
discogs_254,discogs_254,2,2,2,1.0
discogs_25436,discogs_25436,2,8,2,0.25
discogs_2551,discogs_2551,3,3,3,1.0
discogs_25548,discogs_25548,3,6,3,0.5
discogs_256,discogs_256,3,3,3,1.0
discogs_25616,discogs_25616,3,3,3,1.0
discogs_25677,discogs_66288,3,4,3,0.75
discogs_25746,discogs_25746,3,3,3,1.0
discogs_25756,discogs_37402,3,7,3,0.42857142857142855
discogs_258,discogs_258,2,3,2,0.6666666666666666
discogs_25844,discogs_25844,3,5,3,0.6
discogs_259,discogs_259,2,2,2,1.0
discogs_2592,discogs_2592,3,3,3,1.0
discogs_25943,discogs_27705,3,6,3,0.5
discogs_26,discogs_26,3,3,3,1.0
discogs_2600,discogs_2600,3,3,3,1.0
discogs_26010,discogs_26010,3,3,3,1.0
discogs_26127,discogs_26127,2,2,2,1.0
discogs_26153,discogs_26153,3,3,3,1.0
discogs_26161,discogs_26161,2,3,2,0.6666666666666666
discogs_26172,discogs_45541,3,5,3,0.6
discogs_262,discogs_262,2,2,2,1.0
discogs_26275,discogs_26275,2,2,2,1.0
discogs_26287,discogs_26287,2,2,2,1.0
discogs_26288,discogs_26288,2,4,2,0.5
discogs_26336,discogs_26336,2,3,2,0.6666666666666666
discogs_26343,discogs_26343,3,3,3,1.0
discogs_26451,discogs_26451,2,4,2,0.5
discogs_2656,discogs_2656,2,3,2,0.6666666666666666
discogs_26571,discogs_26571,2,2,2,1.0
discogs_266,discogs_266,3,3,3,1.0
discogs_26614,discogs_26614,3,3,3,1.0
discogs_26622,discogs_26622,2,2,2,1.0
discogs_26640,discogs_26640,2,5,2,0.4
discogs_26679,discogs_26679,3,3,3,1.0
discogs_26681,discogs_26681,2,2,2,1.0
discogs_26684,discogs_26684,3,3,3,1.0
discogs_2669,discogs_2669,3,3,3,1.0
discogs_2673,discogs_2673,3,3,3,1.0
discogs_26742,discogs_26742,3,3,3,1.0
discogs_26762,discogs_26762,3,4,3,0.75
discogs_26815,discogs_26815,3,3,3,1.0
discogs_26824,discogs_26824,3,3,3,1.0
discogs_26839,discogs_26839,1,2,1,0.5
discogs_26867,discogs_26867,2,2,2,1.0
discogs_26877,discogs_26877,2,3,2,0.6666666666666666
discogs_26886,discogs_26886,3,3,3,1.0
discogs_26898,discogs_26898,2,2,2,1.0
discogs_269,discogs_269,2,2,2,1.0
discogs_26933,discogs_26933,3,3,3,1.0
discogs_26939,discogs_26939,3,3,3,1.0
discogs_26967,discogs_26967,3,3,3,1.0
discogs_26994,discogs_26994,3,3,3,1.0
discogs_2712,discogs_2712,3,3,3,1.0
discogs_27161,discogs_27161,3,3,3,1.0
discogs_2720,discogs_2720,3,3,3,1.0
discogs_2724,discogs_2724,3,3,3,1.0
discogs_27280,discogs_27280,2,2,2,1.0
discogs_273,discogs_273,2,2,2,1.0
discogs_27302,discogs_27302,2,2,2,1.0
discogs_27371,discogs_27371,2,2,2,1.0
discogs_27404,discogs_27404,3,3,3,1.0
discogs_27464,discogs_27464,2,2,2,1.0
discogs_275,discogs_275,2,3,2,0.6666666666666666
discogs_27566,discogs_27566,2,2,2,1.0
discogs_27639,lastFM_13307,2,3,2,0.6666666666666666
discogs_27676,discogs_27676,3,3,3,1.0
discogs_27681,discogs_27681,3,3,3,1.0
discogs_27684,discogs_27684,3,3,3,1.0
discogs_27696,discogs_27696,2,2,2,1.0
discogs_277,discogs_277,2,2,2,1.0
discogs_27767,discogs_27767,3,3,3,1.0
discogs_27785,discogs_27785,2,5,2,0.4
discogs_27823,discogs_27823,3,3,3,1.0
discogs_27853,discogs_27853,3,3,3,1.0
discogs_27894,discogs_27894,2,3,2,0.6666666666666666
discogs_27926,discogs_27926,3,5,3,0.6
discogs_27993,discogs_27993,3,3,3,1.0
discogs_281,discogs_281,3,3,3,1.0
discogs_28266,discogs_28266,2,2,2,1.0
discogs_28288,discogs_28288,3,3,3,1.0
discogs_284,discogs_284,2,2,2,1.0
discogs_28487,discogs_28487,2,2,2,1.0
discogs_28502,discogs_28502,3,4,3,0.75
discogs_28524,discogs_28524,3,3,3,1.0
discogs_28542,discogs_28542,3,3,3,1.0
discogs_28579,discogs_28579,3,3,3,1.0
discogs_28641,discogs_28641,2,3,2,0.6666666666666666
discogs_28649,discogs_28649,3,5,3,0.6
discogs_28668,discogs_28668,3,3,3,1.0
discogs_28713,discogs_28713,3,3,3,1.0
discogs_28749,discogs_28749,2,2,2,1.0
discogs_28753,discogs_28753,3,3,3,1.0
discogs_288,discogs_288,3,3,3,1.0
discogs_28807,discogs_28807,3,3,3,1.0
discogs_28888,discogs_28888,2,2,2,1.0
discogs_28931,discogs_28931,3,3,3,1.0
discogs_28954,discogs_28954,3,3,3,1.0
discogs_28995,discogs_28995,3,3,3,1.0
discogs_29,discogs_29,2,2,2,1.0
discogs_290,discogs_290,2,3,2,0.6666666666666666
discogs_29049,discogs_29049,3,3,3,1.0
discogs_29061,discogs_29061,3,3,3,1.0
discogs_2907,discogs_2907,3,3,3,1.0
discogs_29084,discogs_29084,3,3,3,1.0
discogs_29172,discogs_29172,2,3,2,0.6666666666666666
discogs_29209,discogs_29209,3,3,3,1.0
discogs_29279,discogs_29279,2,2,2,1.0
discogs_29288,discogs_29288,3,4,3,0.75
discogs_29324,discogs_29324,2,2,2,1.0
discogs_29443,discogs_29443,3,12,3,0.25
discogs_29466,discogs_29466,3,3,3,1.0
discogs_29477,discogs_29477,2,2,2,1.0
discogs_295,discogs_295,3,3,3,1.0
discogs_29634,discogs_29634,2,2,2,1.0
discogs_29716,discogs_29716,2,4,2,0.5
discogs_29752,discogs_29752,3,3,3,1.0
discogs_29814,discogs_29814,2,2,2,1.0
discogs_29815,lastFM_14309,2,3,2,0.6666666666666666
discogs_29841,discogs_29841,2,2,2,1.0
discogs_29881,discogs_29881,3,3,3,1.0
discogs_29886,discogs_29886,2,3,2,0.6666666666666666
discogs_29916,discogs_29916,2,2,2,1.0
discogs_2993,discogs_2993,3,3,3,1.0
discogs_29980,discogs_29980,2,2,2,1.0
discogs_29986,discogs_29986,2,2,2,1.0
discogs_29991,lastFM_14393,2,3,2,0.6666666666666666
discogs_29993,discogs_29993,1,2,1,0.5
discogs_3,discogs_3,3,3,3,1.0
discogs_30,discogs_30,2,2,2,1.0
discogs_3007,discogs_3007,2,2,2,1.0
discogs_30088,discogs_30088,2,2,2,1.0
discogs_30089,discogs_30089,2,2,2,1.0
discogs_30228,discogs_59281,3,5,3,0.6
discogs_30254,discogs_30254,2,2,2,1.0
discogs_30299,discogs_30299,3,3,3,1.0
discogs_3035,discogs_3035,2,2,2,1.0
discogs_30446,discogs_30446,3,3,3,1.0
discogs_30502,discogs_30502,3,3,3,1.0
discogs_30549,discogs_30549,3,3,3,1.0
discogs_30550,discogs_30550,3,8,3,0.375
discogs_3057,discogs_3057,3,3,3,1.0
discogs_3058,discogs_3058,2,2,2,1.0
discogs_30598,discogs_30598,2,2,2,1.0
discogs_3063,discogs_3063,2,2,2,1.0
discogs_30640,discogs_30640,2,2,2,1.0
discogs_30685,discogs_30685,2,3,2,0.6666666666666666
discogs_307,discogs_307,2,2,2,1.0
discogs_30755,discogs_30755,2,2,2,1.0
discogs_3081,discogs_3081,3,6,3,0.5
discogs_30888,discogs_34172,2,4,2,0.5
discogs_30890,discogs_30890,3,3,3,1.0
discogs_30919,discogs_37120,3,5,3,0.6
discogs_30957,discogs_30957,3,3,3,1.0
discogs_311,discogs_311,3,3,3,1.0
discogs_31156,discogs_31156,2,2,2,1.0
discogs_31187,discogs_31187,3,3,3,1.0
discogs_312,discogs_312,1,2,1,0.5
discogs_31270,discogs_31270,2,2,2,1.0
discogs_31284,discogs_31284,3,5,3,0.6
discogs_31289,discogs_31289,2,2,2,1.0
discogs_31300,discogs_31300,3,3,3,1.0
discogs_31349,discogs_31349,3,3,3,1.0
discogs_31353,discogs_31353,3,3,3,1.0
discogs_31365,discogs_31365,2,4,2,0.5
discogs_31408,discogs_31408,2,2,2,1.0
discogs_3141,discogs_3141,3,3,3,1.0
discogs_31421,discogs_31421,3,3,3,1.0
discogs_31455,discogs_31455,3,4,3,0.75
discogs_31469,discogs_906,2,3,2,0.6666666666666666
discogs_31486,discogs_31486,2,2,2,1.0
discogs_315,discogs_315,3,3,3,1.0
discogs_316,discogs_316,2,3,2,0.6666666666666666
discogs_31667,discogs_31667,2,2,2,1.0
discogs_31671,discogs_31671,3,3,3,1.0
discogs_31687,discogs_31687,1,3,1,0.3333333333333333
discogs_317,discogs_317,3,3,3,1.0
discogs_318,discogs_318,2,3,2,0.6666666666666666
discogs_31879,discogs_31879,3,3,3,1.0
discogs_31882,discogs_31882,3,3,3,1.0
discogs_32000,discogs_32000,3,3,3,1.0
discogs_32003,discogs_32003,3,3,3,1.0
discogs_32031,discogs_32031,2,2,2,1.0
discogs_322,discogs_6631,3,4,3,0.75
discogs_3223,discogs_3223,2,2,2,1.0
discogs_3224,discogs_3224,2,2,2,1.0
discogs_32243,discogs_32243,3,5,3,0.6
discogs_32283,discogs_32283,3,12,3,0.25
discogs_32308,discogs_32308,3,3,3,1.0
discogs_3235,discogs_3235,3,3,3,1.0
discogs_32364,discogs_52242,3,5,3,0.6
discogs_32612,discogs_32612,3,3,3,1.0
discogs_327,discogs_327,3,3,3,1.0
discogs_32718,discogs_32718,3,3,3,1.0
discogs_32721,discogs_32721,2,2,2,1.0
discogs_32722,discogs_32722,3,3,3,1.0
discogs_32747,discogs_32747,3,3,3,1.0
discogs_32779,discogs_32779,2,2,2,1.0
discogs_328,discogs_328,2,2,2,1.0
discogs_32804,discogs_32804,3,4,3,0.75
discogs_32938,discogs_32938,2,2,2,1.0
discogs_33069,discogs_33069,1,2,1,0.5
discogs_33118,discogs_33118,3,3,3,1.0
discogs_33142,discogs_33142,2,2,2,1.0
discogs_33178,discogs_33178,3,3,3,1.0
discogs_33186,discogs_33186,2,2,2,1.0
discogs_332,discogs_332,3,3,3,1.0
discogs_33211,lastFM_12501,2,3,2,0.6666666666666666
discogs_33221,discogs_33221,3,5,3,0.6
discogs_333,discogs_333,3,3,3,1.0
discogs_33411,discogs_33411,2,5,2,0.4
discogs_33433,discogs_33433,3,3,3,1.0
discogs_33461,discogs_33461,3,3,3,1.0
discogs_33498,discogs_33498,3,3,3,1.0
discogs_33525,discogs_33525,2,2,2,1.0
discogs_33536,discogs_33536,2,2,2,1.0
discogs_33551,discogs_33551,2,2,2,1.0
discogs_33631,discogs_33631,3,3,3,1.0
discogs_33674,discogs_35408,2,3,2,0.6666666666666666
discogs_337,discogs_337,2,2,2,1.0
discogs_33750,discogs_33750,3,3,3,1.0
discogs_3383,discogs_3383,2,2,2,1.0
discogs_33925,discogs_33925,3,4,3,0.75
discogs_33982,discogs_33982,3,6,3,0.5
discogs_33994,discogs_33994,3,7,3,0.42857142857142855
discogs_34,discogs_34,2,2,2,1.0
discogs_34097,discogs_34097,2,2,2,1.0
discogs_34098,discogs_34098,3,3,3,1.0
discogs_34162,discogs_34162,3,3,3,1.0
discogs_3423,discogs_3423,2,2,2,1.0
discogs_34272,lastFM_16298,2,3,2,0.6666666666666666
discogs_3431,discogs_3431,3,3,3,1.0
discogs_34498,lastFM_16401,2,3,2,0.6666666666666666
discogs_3453,discogs_3453,2,2,2,1.0
discogs_34584,discogs_34584,3,3,3,1.0
discogs_3460,discogs_3460,3,3,3,1.0
discogs_34606,discogs_34606,3,3,3,1.0
discogs_34722,discogs_34722,3,3,3,1.0
discogs_34731,discogs_34731,3,19,3,0.15789473684210525
discogs_3478,discogs_3478,3,4,3,0.75
discogs_34803,discogs_34803,1,4,1,0.25
discogs_34853,discogs_34853,3,3,3,1.0
discogs_34882,discogs_34882,2,8,2,0.25
discogs_34884,discogs_34884,3,3,3,1.0
discogs_34940,discogs_34940,2,2,2,1.0
discogs_34949,discogs_34949,2,2,2,1.0
discogs_34982,discogs_34982,2,4,2,0.5
discogs_34995,discogs_34995,2,2,2,1.0
discogs_35073,discogs_35073,2,2,2,1.0
discogs_35103,discogs_35103,2,3,2,0.6666666666666666
discogs_35120,discogs_35120,3,3,3,1.0
discogs_35148,discogs_35148,3,3,3,1.0
discogs_35167,discogs_35167,3,3,3,1.0
discogs_35350,discogs_35350,3,3,3,1.0
discogs_35373,discogs_35373,3,3,3,1.0
discogs_35375,discogs_35375,3,3,3,1.0
discogs_3541,discogs_3541,3,3,3,1.0
discogs_35477,discogs_35477,3,3,3,1.0
discogs_35594,discogs_35594,3,3,3,1.0
discogs_35628,discogs_35628,3,6,3,0.5
discogs_35647,discogs_35647,2,2,2,1.0
discogs_35648,discogs_35648,2,2,2,1.0
discogs_35690,discogs_35690,2,2,2,1.0
discogs_35700,discogs_35700,3,3,3,1.0
discogs_35792,discogs_35792,2,2,2,1.0
discogs_35811,discogs_35811,3,3,3,1.0
discogs_35820,discogs_35820,2,2,2,1.0
discogs_35862,discogs_35862,2,2,2,1.0
discogs_35873,discogs_35873,2,3,2,0.6666666666666666
discogs_35962,discogs_7242,2,3,2,0.6666666666666666
discogs_35974,discogs_35974,3,3,3,1.0
discogs_35983,discogs_35983,3,3,3,1.0
discogs_36,discogs_36,2,2,2,1.0
discogs_36020,discogs_36020,3,3,3,1.0
discogs_36104,discogs_36104,2,2,2,1.0
discogs_36131,discogs_36131,2,3,3,0.5
discogs_36162,discogs_61187,2,3,2,0.6666666666666666
discogs_36164,discogs_7249,2,3,2,0.6666666666666666
discogs_36217,discogs_36217,2,2,2,1.0
discogs_36293,discogs_36293,2,2,2,1.0
discogs_36326,discogs_36326,2,2,2,1.0
discogs_36438,discogs_36438,3,3,3,1.0
discogs_3645,discogs_3645,2,2,2,1.0
discogs_36551,discogs_36551,2,2,2,1.0
discogs_36606,discogs_36606,3,3,3,1.0
discogs_3661,discogs_3661,3,3,3,1.0
discogs_36671,discogs_36671,3,3,3,1.0
discogs_36672,discogs_36672,2,3,2,0.6666666666666666
discogs_36675,discogs_36675,3,8,3,0.375
discogs_36802,discogs_36802,3,3,3,1.0
discogs_36804,discogs_36804,2,3,2,0.6666666666666666
discogs_3681,discogs_3681,2,2,2,1.0
discogs_36837,discogs_36837,2,2,2,1.0
discogs_36856,discogs_36856,1,2,1,0.5
discogs_36865,discogs_36865,3,3,3,1.0
discogs_36875,discogs_36875,2,2,2,1.0
discogs_36920,discogs_36920,3,3,3,1.0
discogs_36982,discogs_36982,2,2,2,1.0
discogs_36984,discogs_36984,2,3,2,0.6666666666666666
discogs_37049,discogs_37049,2,2,2,1.0
discogs_3712,discogs_3712,3,3,3,1.0
discogs_37168,discogs_37168,3,3,3,1.0
discogs_37199,discogs_37199,2,2,2,1.0
discogs_3720,discogs_3720,3,3,3,1.0
discogs_37256,discogs_37256,3,3,3,1.0
discogs_37290,discogs_37290,2,2,2,1.0
discogs_37316,lastFM_17733,2,3,2,0.6666666666666666
discogs_37335,discogs_37335,2,3,2,0.6666666666666666
discogs_37375,discogs_37375,3,3,3,1.0
discogs_3740,discogs_3740,3,3,3,1.0
discogs_37405,discogs_37405,3,5,3,0.6
discogs_37420,discogs_37420,2,2,2,1.0
discogs_37445,discogs_37445,1,2,1,0.5
discogs_37464,discogs_37464,3,3,3,1.0
discogs_375,discogs_375,2,2,2,1.0
discogs_3750,discogs_3750,3,3,3,1.0
discogs_37505,discogs_37505,3,3,3,1.0
discogs_37525,discogs_37525,3,3,3,1.0
discogs_3754,discogs_3754,2,2,2,1.0
discogs_37547,discogs_37547,1,2,1,0.5
discogs_37576,discogs_37576,2,2,2,1.0
discogs_37577,lastFM_17855,2,3,2,0.6666666666666666
discogs_37589,discogs_37589,3,3,3,1.0
discogs_3771,discogs_3771,3,3,3,1.0
discogs_37754,discogs_37754,3,6,3,0.5
discogs_37770,discogs_39238,2,6,2,0.3333333333333333
discogs_37889,discogs_37889,3,3,3,1.0
discogs_37915,discogs_37915,2,2,2,1.0
discogs_37928,discogs_37928,2,2,2,1.0
discogs_37934,discogs_37934,3,3,3,1.0
discogs_38019,discogs_38019,2,2,2,1.0
discogs_38023,discogs_73305,3,6,3,0.5
discogs_38034,discogs_38034,2,2,2,1.0
discogs_3812,discogs_3812,3,3,3,1.0
discogs_38120,discogs_38120,3,3,3,1.0
discogs_38159,discogs_38159,1,3,1,0.3333333333333333
discogs_38211,discogs_38211,2,3,2,0.6666666666666666
discogs_38232,discogs_38232,3,3,3,1.0
discogs_38301,discogs_38301,1,2,1,0.5
discogs_38346,discogs_38346,3,3,3,1.0
discogs_38380,discogs_38380,2,2,2,1.0
discogs_3840,discogs_3840,2,2,2,1.0
discogs_3843,lastFM_1935,2,3,2,0.6666666666666666
discogs_38430,discogs_39828,2,3,2,0.6666666666666666
discogs_38508,discogs_38508,2,2,2,1.0
discogs_38514,discogs_38514,2,3,2,0.6666666666666666
discogs_38554,lastFM_37463,2,3,2,0.6666666666666666
discogs_38565,discogs_38565,2,2,2,1.0
discogs_38589,discogs_38589,2,2,2,1.0
discogs_38610,discogs_38610,2,2,2,1.0
discogs_38645,discogs_38645,3,3,3,1.0
discogs_38657,discogs_38657,3,3,3,1.0
discogs_3868,lastFM_1946,2,6,2,0.3333333333333333
discogs_38684,discogs_38684,3,3,3,1.0
discogs_38713,discogs_38713,3,3,3,1.0
discogs_38783,discogs_38783,3,3,3,1.0
discogs_388,discogs_388,3,3,3,1.0
discogs_38886,discogs_38886,3,3,3,1.0
discogs_38956,discogs_38956,3,3,3,1.0
discogs_39084,discogs_39084,2,4,2,0.5
discogs_39094,lastFM_18559,2,3,2,0.6666666666666666
discogs_39215,discogs_39215,2,2,2,1.0
discogs_39237,discogs_39237,2,2,2,1.0
discogs_39307,discogs_39307,3,3,3,1.0
discogs_39404,discogs_39404,2,2,2,1.0
discogs_39425,discogs_39425,2,2,2,1.0
discogs_3948,discogs_844,2,3,2,0.6666666666666666
discogs_3966,discogs_3966,2,2,2,1.0
discogs_39862,discogs_39862,2,2,2,1.0
discogs_39901,discogs_39901,3,3,3,1.0
discogs_39916,discogs_39916,2,2,2,1.0
discogs_40107,discogs_40107,3,3,3,1.0
discogs_40133,discogs_40133,3,3,3,1.0
discogs_40210,discogs_40210,3,3,3,1.0
discogs_40278,lastFM_19099,2,3,2,0.6666666666666666
discogs_4028,discogs_4028,2,2,2,1.0
discogs_40357,discogs_40357,2,2,2,1.0
discogs_4037,discogs_4037,2,5,2,0.4
discogs_4039,discogs_4039,2,3,2,0.6666666666666666
discogs_404,discogs_404,3,3,3,1.0
discogs_40400,discogs_40400,3,3,3,1.0
discogs_40405,discogs_40405,2,2,2,1.0
discogs_40459,discogs_40459,3,3,3,1.0
discogs_40462,discogs_40462,3,3,3,1.0
discogs_4048,discogs_4048,3,3,3,1.0
discogs_4049,discogs_4049,3,3,3,1.0
discogs_40516,discogs_40516,2,2,2,1.0
discogs_4055,discogs_4055,2,2,2,1.0
discogs_40584,discogs_40584,2,2,2,1.0
discogs_40588,discogs_83647,2,3,2,0.6666666666666666
discogs_40631,discogs_40631,2,2,2,1.0
discogs_40693,discogs_40693,3,3,3,1.0
discogs_4071,discogs_4071,3,3,3,1.0
discogs_4074,discogs_4074,3,3,3,1.0
discogs_40742,discogs_40742,3,14,3,0.21428571428571427
discogs_40744,discogs_40744,2,2,2,1.0
discogs_40761,discogs_40761,3,3,3,1.0
discogs_40815,discogs_40815,2,2,2,1.0
discogs_40842,discogs_40842,2,2,2,1.0
discogs_4090,discogs_4090,2,2,2,1.0
discogs_40959,discogs_5203,3,4,3,0.75
discogs_40981,discogs_40981,3,4,3,0.75
discogs_4099,discogs_4099,2,2,2,1.0
discogs_41070,discogs_41070,2,2,2,1.0
discogs_41077,discogs_41077,3,3,3,1.0
discogs_41151,discogs_41151,2,2,2,1.0
discogs_41162,discogs_571,3,11,3,0.2727272727272727
discogs_41247,discogs_41247,3,3,3,1.0
discogs_41254,discogs_41254,3,3,3,1.0
discogs_41282,discogs_41282,3,3,3,1.0
discogs_41358,discogs_58532,2,3,2,0.6666666666666666
discogs_41431,discogs_41431,2,2,2,1.0
discogs_41489,discogs_41489,3,3,3,1.0
discogs_41520,discogs_41520,2,2,2,1.0
discogs_41613,discogs_41613,3,4,3,0.75
discogs_41614,discogs_41614,2,2,2,1.0
discogs_4172,discogs_4172,3,4,3,0.75
discogs_41750,discogs_41750,3,3,3,1.0
discogs_41778,discogs_41778,3,3,3,1.0
discogs_41826,discogs_41826,3,5,3,0.6
discogs_41863,discogs_41863,2,2,2,1.0
discogs_41876,discogs_41876,2,2,2,1.0
discogs_41895,discogs_41895,2,2,2,1.0
discogs_41929,discogs_41929,3,3,3,1.0
discogs_41958,lastFM_76216,2,3,2,0.6666666666666666
discogs_42022,discogs_42022,3,3,3,1.0
discogs_42029,discogs_64852,3,9,3,0.3333333333333333
discogs_42153,discogs_42153,2,2,2,1.0
discogs_42181,discogs_42181,2,2,2,1.0
discogs_4227,discogs_4227,3,3,3,1.0
discogs_42401,discogs_42401,2,2,2,1.0
discogs_42411,discogs_42411,2,2,2,1.0
discogs_42413,discogs_67427,2,3,2,0.6666666666666666
discogs_42439,discogs_42439,3,3,3,1.0
discogs_42500,discogs_42500,3,3,3,1.0
discogs_4255,discogs_4255,3,3,3,1.0
discogs_4257,discogs_4257,3,3,3,1.0
discogs_42571,discogs_42571,2,2,2,1.0
discogs_42605,lastFM_20182,2,3,2,0.6666666666666666
discogs_42649,discogs_42649,2,2,2,1.0
discogs_4265,discogs_4265,2,2,2,1.0
discogs_42713,discogs_42713,2,2,2,1.0
discogs_42724,discogs_42724,1,2,1,0.5
discogs_42818,discogs_42818,2,3,2,0.6666666666666666
discogs_42872,discogs_42872,3,3,3,1.0
discogs_42877,discogs_42877,2,2,2,1.0
discogs_42882,discogs_42882,3,3,3,1.0
discogs_42939,discogs_42939,3,3,3,1.0
discogs_42979,discogs_83275,2,4,2,0.5
discogs_43,discogs_43,2,2,2,1.0
discogs_43027,discogs_43027,3,4,3,0.75
discogs_43081,discogs_43081,2,2,2,1.0
discogs_43099,discogs_43099,3,3,3,1.0
discogs_43200,discogs_43200,2,3,2,0.6666666666666666
discogs_43244,discogs_43244,2,2,2,1.0
discogs_43395,discogs_43395,3,3,3,1.0
discogs_43420,discogs_43420,2,2,2,1.0
discogs_4345,discogs_4345,3,3,3,1.0
discogs_43451,discogs_43451,3,3,3,1.0
discogs_43464,discogs_58545,3,5,3,0.6
discogs_43498,discogs_43498,2,2,2,1.0
discogs_43583,discogs_43583,2,2,2,1.0
discogs_43674,discogs_43674,2,2,2,1.0
discogs_43684,discogs_43684,3,3,3,1.0
discogs_437,discogs_437,2,2,2,1.0
discogs_43712,discogs_43712,3,3,3,1.0
discogs_4380,discogs_4380,2,2,2,1.0
discogs_4381,discogs_4381,2,2,2,1.0
discogs_43839,discogs_43839,3,3,3,1.0
discogs_43848,discogs_8394,2,3,2,0.6666666666666666
discogs_43877,discogs_43877,3,5,3,0.6
discogs_43910,discogs_43910,3,3,3,1.0
discogs_43952,discogs_43952,3,3,3,1.0
discogs_44002,discogs_44002,1,4,1,0.25
discogs_44022,discogs_44022,3,3,3,1.0
discogs_44035,discogs_44035,3,3,3,1.0
discogs_44049,discogs_44049,2,2,2,1.0
discogs_4407,discogs_4407,2,5,2,0.4
discogs_44103,discogs_44103,3,3,3,1.0
discogs_44127,discogs_44127,3,3,3,1.0
discogs_44191,discogs_44191,2,3,2,0.6666666666666666
discogs_44313,discogs_44313,3,3,3,1.0
discogs_44494,discogs_44494,3,3,3,1.0
discogs_44496,discogs_44496,2,3,2,0.6666666666666666
discogs_4452,discogs_4452,3,3,3,1.0
discogs_44579,discogs_44579,3,3,3,1.0
discogs_44619,discogs_44619,2,2,2,1.0
discogs_4467,discogs_4467,3,3,3,1.0
discogs_44751,discogs_44751,3,3,3,1.0
discogs_44829,discogs_44829,2,2,2,1.0
discogs_44830,discogs_44830,2,2,2,1.0
discogs_44895,discogs_44895,2,2,2,1.0
discogs_44959,discogs_44959,3,3,3,1.0
discogs_44960,discogs_44960,2,2,2,1.0
discogs_44967,discogs_44967,2,4,2,0.5
discogs_44975,discogs_44975,3,3,3,1.0
discogs_45000,discogs_95068,2,3,2,0.6666666666666666
discogs_4503,discogs_4503,2,2,2,1.0
discogs_45073,discogs_45073,3,3,3,1.0
discogs_45096,discogs_45096,3,3,3,1.0
discogs_45107,discogs_45107,2,2,2,1.0
discogs_45129,discogs_45129,3,3,3,1.0
discogs_45151,discogs_45151,3,3,3,1.0
discogs_452,discogs_452,2,2,2,1.0
discogs_45332,discogs_45332,3,3,3,1.0
discogs_45361,discogs_45361,3,3,3,1.0
discogs_45539,discogs_45539,2,2,2,1.0
discogs_45554,discogs_45554,2,2,2,1.0
discogs_4558,discogs_4558,3,3,3,1.0
discogs_45583,discogs_45583,2,3,2,0.6666666666666666
discogs_45669,discogs_45669,2,2,2,1.0
discogs_4572,discogs_4572,2,2,2,1.0
discogs_45729,discogs_45729,2,2,2,1.0
discogs_45737,discogs_45737,2,2,2,1.0
discogs_45853,discogs_45853,3,3,3,1.0
discogs_4591,discogs_4591,3,3,3,1.0
discogs_45911,discogs_45911,2,2,2,1.0
discogs_46,discogs_46,3,3,3,1.0
discogs_4604,discogs_4604,2,2,2,1.0
discogs_46122,discogs_46122,3,3,3,1.0
discogs_46189,lastFM_21816,2,3,2,0.6666666666666666
discogs_46208,discogs_46208,2,2,2,1.0
discogs_46245,discogs_46245,3,3,3,1.0
discogs_46246,discogs_46246,3,3,3,1.0
discogs_46253,discogs_46253,2,2,2,1.0
discogs_46276,discogs_46276,3,3,3,1.0
discogs_46329,discogs_46329,3,7,3,0.42857142857142855
discogs_46339,discogs_46339,2,2,2,1.0
discogs_46352,discogs_46352,2,3,2,0.6666666666666666
discogs_46469,discogs_46469,3,3,3,1.0
discogs_46486,discogs_46486,3,6,3,0.5
discogs_46498,discogs_46498,2,3,2,0.6666666666666666
discogs_46527,discogs_46527,2,2,2,1.0
discogs_46536,discogs_46536,2,2,2,1.0
discogs_46539,discogs_46539,3,3,3,1.0
discogs_46672,discogs_46672,2,3,2,0.6666666666666666
discogs_46676,discogs_46676,3,3,3,1.0
discogs_46680,discogs_46680,2,3,2,0.6666666666666666
discogs_46683,discogs_46683,2,2,2,1.0
discogs_468,discogs_468,3,3,3,1.0
discogs_46874,discogs_46874,3,3,3,1.0
discogs_46909,discogs_56150,3,4,3,0.75
discogs_46977,discogs_51954,3,4,3,0.75
discogs_4703,discogs_4703,2,2,2,1.0
discogs_47100,discogs_47100,2,2,2,1.0
discogs_47247,discogs_47247,2,2,2,1.0
discogs_47281,discogs_47281,3,3,3,1.0
discogs_473,discogs_473,3,3,3,1.0
discogs_4730,discogs_4730,2,2,2,1.0
discogs_4731,discogs_4731,3,3,3,1.0
discogs_47336,discogs_47336,3,3,3,1.0
discogs_47438,discogs_47438,3,3,3,1.0
discogs_47554,discogs_47554,2,2,2,1.0
discogs_47891,discogs_47891,3,3,3,1.0
discogs_47948,discogs_47948,3,3,3,1.0
discogs_47971,discogs_47971,2,3,2,0.6666666666666666
discogs_48010,discogs_48010,3,3,3,1.0
discogs_48083,discogs_48083,3,3,3,1.0
discogs_48086,discogs_48086,3,3,3,1.0
discogs_482,discogs_482,3,3,3,1.0
discogs_48213,discogs_48213,3,3,3,1.0
discogs_48220,discogs_48220,2,2,2,1.0
discogs_48352,discogs_48352,2,2,2,1.0
discogs_48428,discogs_48428,2,2,2,1.0
discogs_48471,discogs_48471,3,3,3,1.0
discogs_48525,discogs_713,2,3,2,0.6666666666666666
discogs_48532,discogs_48532,3,3,3,1.0
discogs_48589,discogs_48589,3,3,3,1.0
discogs_48708,discogs_48708,3,3,3,1.0
discogs_48848,discogs_48848,2,2,2,1.0
discogs_48906,discogs_48906,3,3,3,1.0
discogs_48967,discogs_48967,2,2,2,1.0
discogs_48997,discogs_48997,3,3,3,1.0
discogs_490,discogs_490,2,2,2,1.0
discogs_49032,discogs_54696,2,3,2,0.6666666666666666
discogs_49037,discogs_49037,2,2,2,1.0
discogs_4911,discogs_4911,2,3,2,0.6666666666666666
discogs_49133,discogs_49133,3,3,3,1.0
discogs_4916,discogs_4916,2,2,2,1.0
discogs_49243,discogs_49243,3,3,3,1.0
discogs_49284,lastFM_23168,2,3,2,0.6666666666666666
discogs_49302,discogs_49302,3,3,3,1.0
discogs_49352,discogs_49352,3,3,3,1.0
discogs_49509,discogs_49509,2,3,2,0.6666666666666666
discogs_49539,discogs_49539,2,2,2,1.0
discogs_49585,discogs_49585,2,2,2,1.0
discogs_49624,discogs_49624,2,2,2,1.0
discogs_49694,discogs_49694,3,3,3,1.0
discogs_49699,discogs_49699,3,3,3,1.0
discogs_49708,discogs_49708,3,3,3,1.0
discogs_49711,discogs_49711,3,3,3,1.0
discogs_49727,discogs_49727,2,2,2,1.0
discogs_49811,discogs_49811,3,6,3,0.5
discogs_49928,discogs_49928,3,3,3,1.0
discogs_49935,discogs_49935,3,3,3,1.0
discogs_49952,discogs_49952,2,2,2,1.0
discogs_4996,discogs_4996,3,3,3,1.0
discogs_49996,discogs_49996,2,2,2,1.0
discogs_5,discogs_5,2,2,2,1.0
discogs_5011,discogs_5011,3,3,3,1.0
discogs_50172,discogs_50172,2,2,2,1.0
discogs_50177,discogs_50177,2,4,2,0.5
discogs_50227,discogs_8159,2,3,2,0.6666666666666666
discogs_50250,discogs_50250,2,2,2,1.0
discogs_50376,discogs_50376,3,3,3,1.0
discogs_50394,discogs_50394,2,2,2,1.0
discogs_5043,discogs_5043,2,2,2,1.0
discogs_50554,discogs_50554,2,2,2,1.0
discogs_50588,discogs_50588,2,7,2,0.2857142857142857
discogs_50603,discogs_50603,2,2,2,1.0
discogs_5061,discogs_5061,2,2,2,1.0
discogs_50616,discogs_50616,2,2,2,1.0
discogs_50656,discogs_50656,2,2,2,1.0
discogs_50740,discogs_50740,3,3,3,1.0
discogs_50886,discogs_50886,3,3,3,1.0
discogs_50901,discogs_50901,2,2,2,1.0
discogs_5112,discogs_5112,3,3,3,1.0
discogs_5115,discogs_5115,2,2,2,1.0
discogs_51158,discogs_51158,2,3,2,0.6666666666666666
discogs_5120,discogs_5120,3,5,3,0.6
discogs_51215,discogs_51215,2,2,2,1.0
discogs_51223,discogs_51223,2,2,2,1.0
discogs_5126,discogs_5126,3,3,3,1.0
discogs_51414,discogs_51414,3,6,3,0.5
discogs_51575,discogs_51575,1,3,1,0.3333333333333333
discogs_51756,discogs_51756,3,3,3,1.0
discogs_51762,discogs_51762,2,2,2,1.0
discogs_5178,discogs_5178,2,2,2,1.0
discogs_51791,discogs_51791,3,3,3,1.0
discogs_52092,discogs_52092,2,2,2,1.0
discogs_5213,discogs_5213,2,2,2,1.0
discogs_52191,discogs_52191,3,3,3,1.0
discogs_52197,discogs_52197,2,2,2,1.0
discogs_52361,discogs_52361,3,3,3,1.0
discogs_52380,discogs_52380,3,3,3,1.0
discogs_52385,discogs_52385,2,2,2,1.0
discogs_52387,discogs_52387,2,2,2,1.0
discogs_5244,discogs_5244,3,3,3,1.0
discogs_5252,discogs_5252,2,2,2,1.0
discogs_52559,discogs_52559,2,2,2,1.0
discogs_52624,discogs_52624,3,3,3,1.0
discogs_52626,discogs_52626,2,2,2,1.0
discogs_52668,discogs_52668,2,2,2,1.0
discogs_52702,discogs_52702,2,2,2,1.0
discogs_52713,discogs_52713,2,2,2,1.0
discogs_5272,discogs_5272,3,3,3,1.0
discogs_52738,discogs_52738,2,2,2,1.0
discogs_52743,discogs_52743,2,2,2,1.0
discogs_52805,discogs_52805,3,3,3,1.0
discogs_52833,discogs_52833,3,3,3,1.0
discogs_52846,discogs_52846,2,2,2,1.0
discogs_52864,discogs_52864,3,5,3,0.6
discogs_52903,discogs_52903,3,3,3,1.0
discogs_52957,discogs_52957,2,2,2,1.0
discogs_52985,discogs_52985,3,3,3,1.0
discogs_53,discogs_53,3,3,3,1.0
discogs_5300,discogs_5300,2,2,2,1.0
discogs_5302,discogs_5302,3,3,3,1.0
discogs_53166,discogs_53166,3,3,3,1.0
discogs_53172,discogs_53172,3,3,3,1.0
discogs_53200,discogs_6766,2,3,2,0.6666666666666666
discogs_53212,discogs_53212,3,3,3,1.0
discogs_53244,discogs_53244,2,2,2,1.0
discogs_53325,discogs_53325,2,2,2,1.0
discogs_53389,discogs_53389,3,3,3,1.0
discogs_53585,discogs_53585,3,3,3,1.0
discogs_53650,discogs_53650,3,3,3,1.0
discogs_53717,discogs_8192,2,3,2,0.6666666666666666
discogs_53785,discogs_53785,3,3,3,1.0
discogs_53859,discogs_53859,2,2,2,1.0
discogs_5398,discogs_5398,1,2,1,0.5
discogs_53980,discogs_53980,2,2,2,1.0
discogs_54026,discogs_54026,2,2,2,1.0
discogs_54053,discogs_54053,3,3,3,1.0
discogs_54141,discogs_54141,2,2,2,1.0
discogs_5416,discogs_5416,3,3,3,1.0
discogs_5422,discogs_5422,1,2,1,0.5
discogs_54238,discogs_54238,3,3,3,1.0
discogs_54384,discogs_54384,2,2,2,1.0
discogs_54393,discogs_54393,2,2,2,1.0
discogs_54411,discogs_54411,3,3,3,1.0
discogs_54434,discogs_54434,3,3,3,1.0
discogs_5444,discogs_5444,2,2,2,1.0
discogs_5452,discogs_5452,3,3,3,1.0
discogs_54631,discogs_54631,3,4,3,0.75
discogs_54632,discogs_54632,3,3,3,1.0
discogs_54653,discogs_54653,3,3,3,1.0
discogs_5473,discogs_5473,3,3,3,1.0
discogs_54789,discogs_54789,2,2,2,1.0
discogs_54817,discogs_54817,2,2,2,1.0
discogs_55025,discogs_55025,2,2,2,1.0
discogs_55033,discogs_55033,2,2,2,1.0
discogs_55034,discogs_55034,2,2,2,1.0
discogs_5522,discogs_5522,3,3,3,1.0
discogs_5523,discogs_5523,2,3,2,0.6666666666666666
discogs_55244,discogs_55244,2,2,2,1.0
discogs_55288,discogs_55288,3,3,3,1.0
discogs_55297,discogs_55297,2,2,2,1.0
discogs_55332,discogs_55332,3,3,3,1.0
discogs_55345,discogs_55345,3,3,3,1.0
discogs_55364,discogs_55364,2,2,2,1.0
discogs_5539,discogs_5539,3,3,3,1.0
discogs_55418,discogs_55418,2,2,2,1.0
discogs_5549,discogs_5549,3,4,3,0.75
discogs_55502,discogs_55502,3,3,3,1.0
discogs_55623,discogs_55623,2,2,2,1.0
discogs_55624,discogs_55624,2,2,2,1.0
discogs_5566,discogs_5566,2,2,2,1.0
discogs_55755,discogs_55755,3,3,3,1.0
discogs_55809,discogs_55809,3,3,3,1.0
discogs_55825,discogs_55825,2,2,2,1.0
discogs_55909,discogs_55909,2,2,2,1.0
discogs_55956,discogs_55956,2,2,2,1.0
discogs_55980,discogs_55980,3,3,3,1.0
discogs_56,discogs_56,2,2,2,1.0
discogs_56010,discogs_56010,3,3,3,1.0
discogs_56034,discogs_56034,3,3,3,1.0
discogs_56056,discogs_56056,1,2,1,0.5
discogs_5608,discogs_5608,2,2,2,1.0
discogs_56175,discogs_56175,2,2,2,1.0
discogs_56249,discogs_56249,2,2,2,1.0
discogs_56286,discogs_56286,3,3,3,1.0
discogs_56347,discogs_56347,3,3,3,1.0
discogs_56442,discogs_56442,3,3,3,1.0
discogs_5652,discogs_5652,3,3,3,1.0
discogs_56579,discogs_56579,3,3,3,1.0
discogs_566,discogs_76909,2,3,2,0.6666666666666666
discogs_56656,discogs_718,3,7,3,0.42857142857142855
discogs_56685,discogs_56685,3,3,3,1.0
discogs_56706,discogs_56706,2,2,2,1.0
discogs_56792,discogs_56792,2,2,2,1.0
discogs_56869,discogs_56869,2,2,2,1.0
discogs_56962,discogs_56962,2,2,2,1.0
discogs_56991,discogs_56991,3,3,3,1.0
discogs_570,discogs_570,3,3,3,1.0
discogs_57079,discogs_57079,3,3,3,1.0
discogs_57138,discogs_57138,3,3,3,1.0
discogs_57160,discogs_57160,2,2,2,1.0
discogs_572,discogs_572,3,3,3,1.0
discogs_57381,discogs_57381,2,2,2,1.0
discogs_5743,discogs_5743,3,3,3,1.0
discogs_57509,discogs_57509,2,8,2,0.25
discogs_57546,discogs_57546,2,2,2,1.0
discogs_57573,discogs_57573,2,2,2,1.0
discogs_57615,discogs_57615,2,2,2,1.0
discogs_57648,discogs_57648,3,3,3,1.0
discogs_57673,discogs_57673,2,2,2,1.0
discogs_5776,discogs_5776,2,2,2,1.0
discogs_57921,discogs_57921,3,3,3,1.0
discogs_5803,discogs_5803,2,2,2,1.0
discogs_58051,discogs_58051,3,4,3,0.75
discogs_58061,discogs_58061,2,2,2,1.0
discogs_58170,discogs_58170,3,3,3,1.0
discogs_58199,discogs_58199,3,3,3,1.0
discogs_58284,discogs_58284,2,2,2,1.0
discogs_58424,discogs_58424,3,3,3,1.0
discogs_5845,discogs_5845,2,2,2,1.0
discogs_58461,discogs_58461,3,3,3,1.0
discogs_5850,discogs_5850,3,3,3,1.0
discogs_58539,discogs_58539,3,3,3,1.0
discogs_58563,discogs_58563,3,3,3,1.0
discogs_58589,discogs_58589,3,3,3,1.0
discogs_5860,discogs_5860,3,3,3,1.0
discogs_58657,discogs_58657,3,3,3,1.0
discogs_58799,discogs_58799,2,2,2,1.0
discogs_58914,lastFM_22295,2,3,2,0.6666666666666666
discogs_58927,discogs_58927,2,2,2,1.0
discogs_5894,discogs_5894,2,2,2,1.0
discogs_59074,discogs_59074,3,3,3,1.0
discogs_59096,discogs_59096,2,2,2,1.0
discogs_59099,discogs_59099,2,2,2,1.0
discogs_59186,discogs_59186,2,2,2,1.0
discogs_59209,discogs_59209,3,3,3,1.0
discogs_59246,discogs_59246,3,3,3,1.0
discogs_59261,discogs_59261,3,3,3,1.0
discogs_59265,discogs_59751,2,4,3,0.4
discogs_59339,discogs_59339,3,3,3,1.0
discogs_59342,discogs_59342,3,3,3,1.0
discogs_59347,discogs_59347,3,3,3,1.0
discogs_59399,discogs_59399,3,3,3,1.0
discogs_59403,discogs_59403,3,3,3,1.0
discogs_5942,discogs_5942,2,2,2,1.0
discogs_59449,discogs_59449,2,2,2,1.0
discogs_5946,discogs_5946,3,4,3,0.75
discogs_59532,discogs_59532,3,3,3,1.0
discogs_59558,discogs_59558,2,3,2,0.6666666666666666
discogs_59594,discogs_59594,3,8,3,0.375
discogs_59609,discogs_59609,3,3,3,1.0
discogs_59634,lastFM_27952,2,3,2,0.6666666666666666
discogs_59660,discogs_59660,2,2,2,1.0
discogs_59677,discogs_59677,3,3,3,1.0
discogs_5976,discogs_5976,2,2,2,1.0
discogs_59802,discogs_59802,3,3,3,1.0
discogs_59821,discogs_59821,3,3,3,1.0
discogs_59844,discogs_59844,2,2,2,1.0
discogs_60006,discogs_60006,2,2,2,1.0
discogs_60014,discogs_60014,2,2,2,1.0
discogs_60043,discogs_60043,2,2,2,1.0
discogs_60082,discogs_60082,3,3,3,1.0
discogs_60157,discogs_60157,3,4,3,0.75
discogs_60210,discogs_60210,2,2,2,1.0
discogs_6033,discogs_6033,3,3,3,1.0
discogs_60359,discogs_60359,3,3,3,1.0
discogs_60361,discogs_60361,2,2,2,1.0
discogs_6040,discogs_6040,3,3,3,1.0
discogs_60490,discogs_60490,2,2,2,1.0
discogs_6052,discogs_6052,2,5,2,0.4
discogs_60547,discogs_60547,3,3,3,1.0
discogs_60573,discogs_60573,3,3,3,1.0
discogs_60601,discogs_60601,2,2,2,1.0
discogs_60736,discogs_60736,2,3,2,0.6666666666666666
discogs_60840,discogs_60840,2,2,2,1.0
discogs_6091,discogs_6091,2,2,2,1.0
discogs_60914,discogs_60914,2,2,2,1.0
discogs_60959,discogs_60959,3,3,3,1.0
discogs_6098,discogs_6098,3,3,3,1.0
discogs_61,discogs_61,2,2,2,1.0
discogs_61062,discogs_61062,3,3,3,1.0
discogs_61141,discogs_948,3,5,3,0.6
discogs_61237,discogs_61237,2,2,2,1.0
discogs_61252,discogs_61252,3,3,3,1.0
discogs_61296,discogs_61296,2,2,2,1.0
discogs_61343,discogs_61343,2,2,2,1.0
discogs_61365,discogs_61365,2,2,2,1.0
discogs_61410,lastFM_28772,2,3,2,0.6666666666666666
discogs_61465,discogs_61465,3,4,3,0.75
discogs_61516,discogs_61516,3,3,3,1.0
discogs_6152,discogs_6152,3,3,3,1.0
discogs_61575,discogs_61575,2,3,2,0.6666666666666666
discogs_6158,discogs_6158,3,3,3,1.0
discogs_6159,discogs_6159,2,2,2,1.0
discogs_61616,discogs_61616,3,3,3,1.0
discogs_617,discogs_617,2,2,2,1.0
discogs_61721,discogs_61721,3,3,3,1.0
discogs_61761,discogs_61761,3,3,3,1.0
discogs_6178,discogs_6178,3,3,3,1.0
discogs_6180,discogs_6180,3,3,3,1.0
discogs_61835,discogs_61835,2,2,2,1.0
discogs_61955,discogs_61955,3,3,3,1.0
discogs_61972,discogs_61972,2,2,2,1.0
discogs_61988,discogs_61988,3,3,3,1.0
discogs_62036,discogs_62036,3,3,3,1.0
discogs_62039,discogs_62039,3,3,3,1.0
discogs_62046,discogs_62046,2,2,2,1.0
discogs_62127,discogs_62127,3,3,3,1.0
discogs_62181,discogs_62181,3,3,3,1.0
discogs_6221,discogs_6221,3,3,3,1.0
discogs_62255,discogs_62255,3,3,3,1.0
discogs_62295,discogs_62295,3,3,3,1.0
discogs_62300,discogs_62300,3,4,3,0.75
discogs_62349,discogs_62349,3,3,3,1.0
discogs_62428,discogs_62428,3,3,3,1.0
discogs_62482,discogs_62482,1,3,1,0.3333333333333333
discogs_6260,discogs_6260,2,2,2,1.0
discogs_62635,discogs_62635,2,3,2,0.6666666666666666
discogs_6266,discogs_6266,2,2,2,1.0
discogs_62678,discogs_62678,3,3,3,1.0
discogs_62881,discogs_62881,2,2,2,1.0
discogs_629,discogs_629,3,3,3,1.0
discogs_6296,discogs_6296,2,2,2,1.0
discogs_63048,discogs_63048,3,3,3,1.0
discogs_63067,discogs_63067,2,2,2,1.0
discogs_63233,discogs_63233,3,3,3,1.0
discogs_63282,discogs_63282,3,3,3,1.0
discogs_63295,discogs_63295,2,2,2,1.0
discogs_63309,discogs_63309,2,2,2,1.0
discogs_6334,discogs_6334,3,3,3,1.0
discogs_63403,discogs_63403,3,4,3,0.75
discogs_63436,discogs_74984,3,6,3,0.5
discogs_63538,discogs_63538,1,3,1,0.3333333333333333
discogs_63546,discogs_63546,2,2,2,1.0
discogs_63566,discogs_63566,3,3,3,1.0
discogs_63621,discogs_63621,2,2,2,1.0
discogs_63675,discogs_63675,2,2,2,1.0
discogs_6374,discogs_6374,3,3,3,1.0
discogs_63753,discogs_63753,3,3,3,1.0
discogs_638,discogs_638,2,2,2,1.0
discogs_63853,discogs_63853,2,3,2,0.6666666666666666
discogs_63904,discogs_63904,2,2,2,1.0
discogs_63975,discogs_63975,1,4,1,0.25
discogs_6399,discogs_6399,2,2,2,1.0
discogs_64058,discogs_64058,2,2,2,1.0
discogs_64063,discogs_64063,2,2,2,1.0
discogs_641,discogs_641,2,2,2,1.0
discogs_6414,discogs_6414,2,2,2,1.0
discogs_64160,discogs_64160,3,3,3,1.0
discogs_64206,discogs_64206,2,2,2,1.0
discogs_6422,discogs_6422,3,3,3,1.0
discogs_64298,discogs_64298,3,3,3,1.0
discogs_6438,discogs_6438,3,3,3,1.0
discogs_644,discogs_878,2,3,2,0.6666666666666666
discogs_645,discogs_645,3,3,3,1.0
discogs_64514,discogs_64514,3,3,3,1.0
discogs_6463,discogs_6463,3,3,3,1.0
discogs_64630,discogs_64630,2,2,2,1.0
discogs_64675,discogs_64675,2,2,3,0.6666666666666666
discogs_64681,discogs_64681,3,3,3,1.0
discogs_64746,lastFM_30275,2,3,2,0.6666666666666666
discogs_64804,discogs_64804,3,3,3,1.0
discogs_64828,discogs_64828,2,2,2,1.0
discogs_64977,discogs_64977,3,3,3,1.0
discogs_64979,discogs_64979,2,2,2,1.0
discogs_64985,discogs_64985,2,2,2,1.0
discogs_65,discogs_65,2,2,2,1.0
discogs_6506,discogs_6506,3,3,3,1.0
discogs_65090,lastFM_30428,2,3,2,0.6666666666666666
discogs_65120,discogs_65120,2,2,2,1.0
discogs_65139,discogs_65571,2,4,2,0.5
discogs_65185,discogs_65185,3,3,3,1.0
discogs_65240,discogs_65240,2,2,2,1.0
discogs_65273,discogs_65273,3,3,3,1.0
discogs_65349,discogs_65349,2,2,2,1.0
discogs_65350,discogs_65350,2,2,2,1.0
discogs_65424,discogs_65424,2,3,2,0.6666666666666666
discogs_65548,discogs_65548,2,2,2,1.0
discogs_65556,discogs_65556,2,2,2,1.0
discogs_6561,discogs_6561,2,2,2,1.0
discogs_65649,discogs_65649,3,3,3,1.0
discogs_65680,discogs_65680,3,3,3,1.0
discogs_657,discogs_657,2,2,2,1.0
discogs_65720,discogs_65720,2,2,2,1.0
discogs_65758,discogs_74107,2,5,2,0.4
discogs_6584,discogs_6584,2,2,2,1.0
discogs_65886,lastFM_73829,2,3,2,0.6666666666666666
discogs_65917,discogs_65917,2,2,2,1.0
discogs_66005,discogs_66005,3,3,3,1.0
discogs_66016,discogs_66016,2,2,2,1.0
discogs_66147,discogs_66147,2,3,2,0.6666666666666666
discogs_66158,discogs_66158,2,2,2,1.0
discogs_66199,discogs_66199,2,3,2,0.6666666666666666
discogs_66212,discogs_66212,3,3,3,1.0
discogs_66278,discogs_66278,3,3,3,1.0
discogs_663,discogs_663,2,2,2,1.0
discogs_66349,discogs_66349,2,2,2,1.0
discogs_66395,discogs_66395,2,2,2,1.0
discogs_66573,discogs_66573,2,2,2,1.0
discogs_66638,discogs_66638,3,3,3,1.0
discogs_66707,discogs_66707,2,2,2,1.0
discogs_66766,discogs_66766,3,3,3,1.0
discogs_6687,discogs_6687,2,2,2,1.0
discogs_66932,discogs_66932,2,2,2,1.0
discogs_6694,discogs_6694,2,2,2,1.0
discogs_66940,discogs_66940,2,2,2,1.0
discogs_66948,lastFM_31262,2,3,2,0.6666666666666666
discogs_67,discogs_67,3,3,3,1.0
discogs_67084,discogs_67321,2,3,2,0.6666666666666666
discogs_67328,discogs_67328,3,3,3,1.0
discogs_67380,discogs_67380,3,6,3,0.5
discogs_6745,discogs_6745,2,2,2,1.0
discogs_67502,discogs_8025,2,3,2,0.6666666666666666
discogs_67621,discogs_67621,1,2,1,0.5
discogs_67634,discogs_67634,3,3,3,1.0
discogs_67721,discogs_67721,2,2,2,1.0
discogs_67950,discogs_67950,2,2,2,1.0
discogs_68125,discogs_68125,3,3,3,1.0
discogs_6814,discogs_6814,3,3,3,1.0
discogs_68145,discogs_68145,2,2,2,1.0
discogs_68177,discogs_68177,3,3,3,1.0
discogs_68185,discogs_68185,2,2,2,1.0
discogs_6831,discogs_6831,2,2,2,1.0
discogs_68345,discogs_68345,2,2,2,1.0
discogs_68375,discogs_68375,2,2,2,1.0
discogs_68443,discogs_68443,3,3,3,1.0
discogs_68463,discogs_68463,3,3,3,1.0
discogs_68472,discogs_68472,2,2,2,1.0
discogs_68523,discogs_68523,3,3,3,1.0
discogs_68524,discogs_68524,3,3,3,1.0
discogs_68631,discogs_68631,3,3,3,1.0
discogs_68779,discogs_68779,2,2,2,1.0
discogs_6897,discogs_6897,2,2,2,1.0
discogs_69127,discogs_69127,2,2,2,1.0
discogs_69191,discogs_69191,3,3,3,1.0
discogs_69253,discogs_69253,1,2,1,0.5
discogs_69335,discogs_69335,3,3,3,1.0
discogs_69519,discogs_69519,3,3,3,1.0
discogs_69531,discogs_69531,1,2,1,0.5
discogs_69543,discogs_69543,3,3,3,1.0
discogs_69544,discogs_69544,2,2,2,1.0
discogs_69783,discogs_69783,1,4,1,0.25
discogs_6984,discogs_6984,2,2,2,1.0
discogs_700,discogs_700,3,3,3,1.0
discogs_70100,discogs_70100,2,2,2,1.0
discogs_703,discogs_703,3,3,3,1.0
discogs_70310,discogs_70310,3,3,3,1.0
discogs_70330,discogs_70330,2,2,2,1.0
discogs_70343,discogs_70343,3,3,3,1.0
discogs_70395,discogs_70395,3,5,3,0.6
discogs_70460,discogs_70460,2,2,2,1.0
discogs_70589,discogs_70589,2,2,2,1.0
discogs_70672,lastFM_34882,2,3,2,0.6666666666666666
discogs_707,discogs_707,2,2,2,1.0
discogs_7077,discogs_7077,1,2,1,0.5
discogs_7088,discogs_7088,2,2,2,1.0
discogs_710,discogs_710,3,3,3,1.0
discogs_7103,discogs_7103,3,3,3,1.0
discogs_71039,discogs_71039,3,3,3,1.0
discogs_71066,discogs_71066,2,2,2,1.0
discogs_7108,discogs_7108,2,3,2,0.6666666666666666
discogs_7110,discogs_7110,2,2,2,1.0
discogs_71139,lastFM_33132,2,3,2,0.6666666666666666
discogs_71169,discogs_71169,2,2,2,1.0
discogs_71250,discogs_71250,3,3,3,1.0
discogs_71264,discogs_71264,2,2,2,1.0
discogs_7130,discogs_7130,3,3,3,1.0
discogs_7138,discogs_7138,3,3,3,1.0
discogs_71458,discogs_71458,3,3,3,1.0
discogs_71459,discogs_71459,1,2,1,0.5
discogs_71475,discogs_71475,3,3,3,1.0
discogs_715,discogs_715,3,6,3,0.5
discogs_7159,discogs_7159,2,3,2,0.6666666666666666
discogs_716,discogs_716,3,3,3,1.0
discogs_7165,discogs_7165,2,2,2,1.0
discogs_71763,discogs_71763,3,3,3,1.0
discogs_71795,discogs_71795,2,2,2,1.0
discogs_7187,discogs_7187,3,5,3,0.6
discogs_71877,discogs_71877,3,3,3,1.0
discogs_7189,discogs_7189,2,2,2,1.0
discogs_719,discogs_719,3,3,3,1.0
discogs_71900,discogs_71900,2,7,2,0.2857142857142857
discogs_71930,discogs_71930,3,3,3,1.0
discogs_722,discogs_722,3,3,3,1.0
discogs_72221,discogs_72221,2,2,2,1.0
discogs_72395,discogs_72395,2,2,2,1.0
discogs_72469,discogs_72469,2,4,2,0.5
discogs_7248,discogs_7248,3,3,3,1.0
discogs_72504,discogs_72504,2,2,2,1.0
discogs_72639,discogs_72639,3,3,3,1.0
discogs_72675,discogs_72675,3,3,3,1.0
discogs_727,discogs_727,3,3,3,1.0
discogs_72825,discogs_72825,3,3,3,1.0
discogs_72898,discogs_72898,3,3,3,1.0
discogs_72909,discogs_72909,2,2,2,1.0
discogs_72951,discogs_72951,3,3,3,1.0
discogs_73018,discogs_73018,2,2,2,1.0
discogs_73108,discogs_73108,3,4,3,0.75
discogs_73178,discogs_73178,3,3,3,1.0
discogs_7324,discogs_7324,2,2,2,1.0
discogs_73257,discogs_73257,2,3,2,0.6666666666666666
discogs_7326,discogs_7326,3,3,3,1.0
discogs_7329,discogs_7329,3,3,3,1.0
discogs_733,discogs_733,2,2,2,1.0
discogs_73309,discogs_73309,3,3,3,1.0
discogs_734,discogs_734,3,4,3,0.75
discogs_7346,discogs_7346,2,2,2,1.0
discogs_7352,discogs_7352,3,3,3,1.0
discogs_73572,discogs_73572,3,3,3,1.0
discogs_736,discogs_736,2,2,2,1.0
discogs_7365,discogs_7365,2,2,2,1.0
discogs_73697,discogs_73697,2,2,2,1.0
discogs_737,discogs_737,3,3,3,1.0
discogs_7372,discogs_7372,2,2,2,1.0
discogs_73796,discogs_73796,3,3,3,1.0
discogs_73847,discogs_73847,2,5,2,0.4
discogs_73879,discogs_73879,3,3,3,1.0
discogs_73911,discogs_73911,3,3,3,1.0
discogs_73916,discogs_73916,2,2,2,1.0
discogs_74,discogs_74,3,3,3,1.0
discogs_740,discogs_740,2,2,2,1.0
discogs_74027,discogs_74027,2,2,2,1.0
discogs_74033,discogs_74033,2,2,2,1.0
discogs_74113,discogs_74113,3,3,3,1.0
discogs_74120,lastFM_34440,2,3,2,0.6666666666666666
discogs_74132,discogs_74132,3,3,3,1.0
discogs_74187,discogs_76222,2,3,2,0.6666666666666666
discogs_742,discogs_742,2,2,2,1.0
discogs_74360,discogs_74360,2,2,2,1.0
discogs_744,discogs_744,3,3,3,1.0
discogs_745,discogs_745,3,3,3,1.0
discogs_746,discogs_746,3,3,3,1.0
discogs_74664,discogs_74664,2,2,2,1.0
discogs_74785,discogs_8381,2,5,2,0.4
discogs_7480,discogs_7480,3,3,3,1.0
discogs_74922,discogs_74922,2,2,2,1.0
discogs_74992,discogs_74992,3,3,3,1.0
discogs_7506,discogs_7506,2,2,2,1.0
discogs_7508,lastFM_3580,2,3,2,0.6666666666666666
discogs_7513,discogs_7513,3,3,3,1.0
discogs_75175,discogs_75175,2,2,2,1.0
discogs_75235,discogs_75235,2,2,2,1.0
discogs_75502,discogs_75502,2,2,2,1.0
discogs_757,discogs_757,3,3,3,1.0
discogs_75826,discogs_75826,2,2,2,1.0
discogs_75827,discogs_75827,2,2,2,1.0
discogs_759,discogs_759,2,2,2,1.0
discogs_7591,discogs_7591,3,4,3,0.75
discogs_75939,discogs_75939,3,3,3,1.0
discogs_75959,discogs_75959,2,2,2,1.0
discogs_75961,discogs_75961,2,2,2,1.0
discogs_75992,discogs_75992,2,2,2,1.0
discogs_76217,discogs_76217,2,2,2,1.0
discogs_7622,discogs_7622,3,3,3,1.0
discogs_7627,discogs_7627,3,4,3,0.75
discogs_76276,discogs_76276,2,2,2,1.0
discogs_7638,discogs_7638,2,2,2,1.0
discogs_76445,discogs_76445,1,2,1,0.5
discogs_76467,discogs_76467,2,3,2,0.6666666666666666
discogs_76481,discogs_76481,3,3,3,1.0
discogs_7658,discogs_7658,2,2,2,1.0
discogs_7663,discogs_7663,2,2,2,1.0
discogs_76631,discogs_76631,2,2,2,1.0
discogs_76769,discogs_76769,3,3,3,1.0
discogs_7680,discogs_7680,2,2,2,1.0
discogs_76811,discogs_76811,2,2,2,1.0
discogs_769,discogs_769,2,2,2,1.0
discogs_76960,discogs_76960,2,2,2,1.0
discogs_770,discogs_770,2,2,2,1.0
discogs_77051,discogs_77051,3,3,3,1.0
discogs_77079,discogs_77079,3,3,3,1.0
discogs_7716,discogs_7716,3,3,3,1.0
discogs_77295,discogs_77295,2,3,2,0.6666666666666666
discogs_7737,discogs_7737,2,2,2,1.0
discogs_77422,discogs_77422,3,3,3,1.0
discogs_77509,discogs_77509,3,3,3,1.0
discogs_77748,discogs_77748,2,4,2,0.5
discogs_7782,discogs_7782,2,2,2,1.0
discogs_77905,discogs_77905,2,2,2,1.0
discogs_7799,discogs_7799,3,3,3,1.0
discogs_7803,discogs_7803,1,2,1,0.5
discogs_784,discogs_784,2,2,2,1.0
discogs_78451,discogs_78451,3,3,3,1.0
discogs_78465,discogs_78465,3,3,3,1.0
discogs_78472,discogs_78472,2,2,2,1.0
discogs_78499,discogs_78499,2,2,2,1.0
discogs_78684,discogs_78684,3,3,3,1.0
discogs_78685,discogs_78685,2,2,2,1.0
discogs_7869,discogs_7869,3,3,3,1.0
discogs_7880,discogs_7880,3,3,3,1.0
discogs_7895,discogs_7895,2,2,2,1.0
discogs_78998,discogs_78998,3,3,3,1.0
discogs_7906,discogs_7906,3,3,3,1.0
discogs_79214,discogs_79214,1,2,1,0.5
discogs_79671,discogs_79671,2,3,2,0.6666666666666666
discogs_79720,discogs_79720,3,3,3,1.0
discogs_79770,discogs_80880,2,3,2,0.6666666666666666
discogs_79917,discogs_79917,2,2,2,1.0
discogs_79952,discogs_79952,2,5,2,0.4
discogs_79961,discogs_79961,3,3,3,1.0
discogs_79971,discogs_79971,3,3,3,1.0
discogs_80092,discogs_80092,2,2,2,1.0
discogs_8012,discogs_8012,2,2,2,1.0
discogs_80133,discogs_80133,3,3,3,1.0
discogs_80191,discogs_80191,3,3,3,1.0
discogs_8022,discogs_8022,2,2,2,1.0
discogs_80257,discogs_80257,2,2,2,1.0
discogs_80268,discogs_80268,3,3,3,1.0
discogs_80272,lastFM_37240,2,5,2,0.4
discogs_8043,discogs_8043,2,2,2,1.0
discogs_80450,discogs_80450,2,2,2,1.0
discogs_80516,discogs_80516,2,2,2,1.0
discogs_80566,discogs_80566,2,2,2,1.0
discogs_8058,discogs_8058,3,4,3,0.75
discogs_8059,discogs_8059,3,3,3,1.0
discogs_80608,discogs_80608,1,2,1,0.5
discogs_80683,discogs_80683,2,2,2,1.0
discogs_80693,discogs_80693,2,2,2,1.0
discogs_80709,discogs_80709,3,3,3,1.0
discogs_80778,discogs_80778,2,3,2,0.6666666666666666
discogs_8109,discogs_8109,2,2,2,1.0
discogs_81161,discogs_81161,2,2,2,1.0
discogs_81191,discogs_81191,2,2,2,1.0
discogs_81220,discogs_81220,2,2,2,1.0
discogs_81242,discogs_81242,3,3,3,1.0
discogs_8132,discogs_8132,2,2,2,1.0
discogs_81439,discogs_81439,2,3,2,0.6666666666666666
discogs_8146,discogs_8146,2,2,2,1.0
discogs_81481,discogs_81481,3,5,3,0.6
discogs_815,discogs_815,2,2,2,1.0
discogs_8151,discogs_8151,3,3,3,1.0
discogs_81558,discogs_81558,3,3,3,1.0
discogs_81604,discogs_81604,3,3,3,1.0
discogs_81684,discogs_81684,2,2,2,1.0
discogs_81699,discogs_81699,3,3,3,1.0
discogs_8171,discogs_8171,2,2,2,1.0
discogs_81712,discogs_81712,3,3,3,1.0
discogs_8189,discogs_8189,3,3,3,1.0
discogs_81921,discogs_81921,3,3,3,1.0
discogs_81946,discogs_81946,3,3,3,1.0
discogs_82,discogs_82,1,3,1,0.3333333333333333
discogs_82061,discogs_82061,2,2,2,1.0
discogs_822,discogs_822,3,3,3,1.0
discogs_82334,discogs_82334,3,3,3,1.0
discogs_82375,discogs_82375,2,2,2,1.0
discogs_82379,discogs_82379,2,2,2,1.0
discogs_8256,discogs_8256,2,2,2,1.0
discogs_82564,discogs_82564,2,2,2,1.0
discogs_82753,discogs_82753,2,2,2,1.0
discogs_8287,discogs_8287,2,2,2,1.0
discogs_82891,discogs_82891,3,3,3,1.0
discogs_83,discogs_83,2,2,2,1.0
discogs_83053,discogs_83053,2,3,2,0.6666666666666666
discogs_83079,lastFM_38355,2,3,2,0.6666666666666666
discogs_83113,discogs_83113,3,3,3,1.0
discogs_83431,discogs_83431,3,3,3,1.0
discogs_83524,discogs_83524,2,2,2,1.0
discogs_8362,discogs_8362,3,3,3,1.0
discogs_83717,discogs_83717,3,3,3,1.0
discogs_83730,lastFM_38659,2,3,2,0.6666666666666666
discogs_8377,discogs_8377,2,2,2,1.0
discogs_8390,discogs_8390,3,4,3,0.75
discogs_83952,discogs_83952,3,3,3,1.0
discogs_84,discogs_84,2,2,2,1.0
discogs_84121,discogs_84121,2,2,2,1.0
discogs_8449,discogs_8449,2,2,2,1.0
discogs_8478,discogs_8478,3,3,3,1.0
discogs_84783,discogs_84783,3,3,3,1.0
discogs_8480,discogs_8480,3,4,3,0.75
discogs_8483,discogs_8483,3,3,3,1.0
discogs_8484,discogs_8484,3,3,3,1.0
discogs_84933,discogs_84933,2,2,2,1.0
discogs_85020,discogs_85020,3,3,3,1.0
discogs_85138,discogs_85138,2,2,2,1.0
discogs_85320,discogs_85320,3,6,3,0.5
discogs_8552,discogs_8552,3,3,3,1.0
discogs_85543,discogs_85543,2,2,2,1.0
discogs_85624,lastFM_39466,2,3,2,0.6666666666666666
discogs_86,discogs_86,2,2,2,1.0
discogs_8610,discogs_8610,1,2,1,0.5
discogs_86123,discogs_86123,2,2,2,1.0
discogs_8627,discogs_8627,3,3,3,1.0
discogs_86289,discogs_86289,2,2,2,1.0
discogs_8629,discogs_8629,2,2,2,1.0
discogs_8631,discogs_8631,3,3,3,1.0
discogs_86704,discogs_86704,2,2,2,1.0
discogs_86931,discogs_86931,3,3,3,1.0
discogs_8694,discogs_8694,3,3,3,1.0
discogs_86999,discogs_86999,3,3,3,1.0
discogs_871,discogs_871,3,3,3,1.0
discogs_8711,discogs_8711,2,2,2,1.0
discogs_87133,discogs_87133,2,2,2,1.0
discogs_872,discogs_872,2,2,2,1.0
discogs_87228,discogs_87228,3,3,3,1.0
discogs_8727,discogs_8727,2,2,2,1.0
discogs_87405,discogs_87405,2,2,2,1.0
discogs_87651,discogs_87651,3,3,3,1.0
discogs_8771,discogs_8771,2,2,2,1.0
discogs_8772,discogs_8772,2,2,2,1.0
discogs_87802,discogs_87802,3,3,3,1.0
discogs_87809,discogs_87809,3,3,3,1.0
discogs_8833,discogs_8833,1,2,1,0.5
discogs_88634,discogs_88634,2,2,2,1.0
discogs_88636,discogs_88636,2,2,2,1.0
discogs_8866,discogs_8866,3,3,3,1.0
discogs_88852,lastFM_30133,2,3,2,0.6666666666666666
discogs_89005,discogs_89005,3,3,3,1.0
discogs_89067,discogs_89067,2,2,2,1.0
discogs_89100,discogs_89100,2,2,2,1.0
discogs_8957,discogs_8957,3,3,3,1.0
discogs_897,discogs_897,2,2,2,1.0
discogs_89712,discogs_89712,2,2,2,1.0
discogs_899,discogs_899,3,4,3,0.75
discogs_89940,discogs_89940,3,3,3,1.0
discogs_900,discogs_900,2,2,2,1.0
discogs_90058,discogs_90058,2,2,2,1.0
discogs_9011,discogs_9011,2,2,2,1.0
discogs_903,discogs_903,2,2,2,1.0
discogs_904,discogs_904,3,3,3,1.0
discogs_905,discogs_905,2,2,2,1.0
discogs_9052,discogs_9052,3,3,3,1.0
discogs_90542,discogs_90542,2,2,2,1.0
discogs_9055,discogs_9055,2,2,2,1.0
discogs_90566,discogs_90566,2,3,2,0.6666666666666666
discogs_90678,discogs_90678,3,3,3,1.0
discogs_908,discogs_908,2,2,2,1.0
discogs_90880,discogs_90880,2,2,2,1.0
discogs_910,discogs_910,2,2,2,1.0
discogs_91030,discogs_91030,2,2,2,1.0
discogs_9106,discogs_9106,2,2,2,1.0
discogs_91123,discogs_91123,2,2,2,1.0
discogs_9118,discogs_9118,3,3,3,1.0
discogs_9120,discogs_9120,3,5,3,0.6
discogs_91416,discogs_91416,3,4,3,0.75
discogs_9153,discogs_9153,2,2,2,1.0
discogs_91642,discogs_91642,2,2,2,1.0
discogs_91702,discogs_91702,3,3,3,1.0
discogs_91794,discogs_91794,3,3,3,1.0
discogs_91849,discogs_91849,3,3,3,1.0
discogs_92114,discogs_92114,3,3,3,1.0
discogs_92195,discogs_92195,3,3,3,1.0
discogs_9221,discogs_9221,2,2,2,1.0
discogs_9222,discogs_9222,3,5,3,0.6
discogs_92232,discogs_92232,2,2,2,1.0
discogs_9225,discogs_9225,2,2,2,1.0
discogs_92421,discogs_92421,3,3,3,1.0
discogs_9243,discogs_9243,2,2,2,1.0
discogs_9259,discogs_9259,3,4,3,0.75
discogs_9284,discogs_9284,2,2,2,1.0
discogs_92848,discogs_92848,2,2,2,1.0
discogs_9299,discogs_9299,3,3,3,1.0
discogs_93084,discogs_93084,2,2,2,1.0
discogs_93307,discogs_93364,3,5,3,0.6
discogs_9349,discogs_9349,3,3,3,1.0
discogs_9350,discogs_9350,2,2,2,1.0
discogs_93510,lastFM_42835,2,3,2,0.6666666666666666
discogs_93562,lastFM_42853,2,3,2,0.6666666666666666
discogs_93565,lastFM_42855,2,3,2,0.6666666666666666
discogs_936,discogs_936,2,2,2,1.0
discogs_93655,discogs_93655,3,3,3,1.0
discogs_938,discogs_938,3,5,3,0.6
discogs_93800,discogs_93800,2,2,2,1.0
discogs_9383,discogs_9383,3,3,3,1.0
discogs_93912,discogs_93912,2,3,2,0.6666666666666666
discogs_9397,discogs_9397,3,3,3,1.0
discogs_93992,discogs_94874,2,3,2,0.6666666666666666
discogs_9404,lastFM_4600,2,3,2,0.6666666666666666
discogs_941,lastFM_541,2,3,2,0.6666666666666666
discogs_9411,discogs_9411,3,3,3,1.0
discogs_9423,discogs_9423,3,3,3,1.0
discogs_9430,discogs_9430,2,2,2,1.0
discogs_94305,discogs_94305,2,2,2,1.0
discogs_94317,discogs_94317,2,2,2,1.0
discogs_9434,discogs_9434,2,2,2,1.0
discogs_94411,discogs_94411,3,3,3,1.0
discogs_9455,discogs_9455,2,2,2,1.0
discogs_94661,discogs_94661,2,2,2,1.0
discogs_94774,discogs_94774,3,3,3,1.0
discogs_9490,discogs_9490,3,3,3,1.0
discogs_9506,lastFM_4657,2,3,2,0.6666666666666666
discogs_95151,discogs_95151,3,3,3,1.0
discogs_9523,discogs_9523,3,3,3,1.0
discogs_95294,discogs_95294,2,2,2,1.0
discogs_95411,discogs_95411,2,2,2,1.0
discogs_958,discogs_958,2,2,2,1.0
discogs_95802,discogs_95802,2,2,2,1.0
discogs_9591,discogs_9591,3,3,3,1.0
discogs_96024,discogs_96024,3,3,3,1.0
discogs_9603,discogs_9603,3,3,3,1.0
discogs_96053,discogs_96053,2,2,2,1.0
discogs_9616,discogs_9616,3,3,3,1.0
discogs_96293,discogs_96293,2,2,2,1.0
discogs_96298,lastFM_43932,2,3,2,0.6666666666666666
discogs_96422,discogs_96422,3,3,3,1.0
discogs_9650,lastFM_4730,2,3,2,0.6666666666666666
discogs_96550,discogs_96551,2,3,2,0.6666666666666666
discogs_96636,discogs_96636,3,3,3,1.0
discogs_9665,discogs_9665,3,3,3,1.0
discogs_96723,discogs_96723,2,2,2,1.0
discogs_9678,discogs_9678,2,2,2,1.0
discogs_9681,discogs_9681,3,3,3,1.0
discogs_96815,discogs_96815,3,3,3,1.0
discogs_9691,discogs_9691,2,3,2,0.6666666666666666
discogs_96952,discogs_96952,2,2,2,1.0
discogs_97317,discogs_97317,3,3,3,1.0
discogs_97319,discogs_97319,2,2,2,1.0
discogs_97332,discogs_97332,2,2,2,1.0
discogs_97444,discogs_97444,3,3,3,1.0
discogs_97454,discogs_97454,3,3,3,1.0
discogs_976,discogs_976,3,3,3,1.0
discogs_97643,discogs_97643,3,3,3,1.0
discogs_98,discogs_98,3,3,3,1.0
discogs_9800,discogs_9800,2,2,2,1.0
discogs_98067,discogs_98067,2,2,2,1.0
discogs_98068,discogs_98068,3,3,3,1.0
discogs_9819,discogs_9819,3,3,3,1.0
discogs_98482,discogs_98482,3,3,3,1.0
discogs_99,discogs_99,3,3,3,1.0
discogs_9915,discogs_9915,2,2,2,1.0
discogs_99197,discogs_99197,2,2,2,1.0
discogs_9923,discogs_9923,3,3,3,1.0
discogs_9936,discogs_9936,3,3,3,1.0
discogs_99363,discogs_99363,2,2,2,1.0
discogs_9939,discogs_9939,2,2,2,1.0
discogs_99584,discogs_99584,3,3,3,1.0
discogs_99588,discogs_99588,3,3,3,1.0
discogs_99936,discogs_99936,3,3,3,1.0
discogs_99955,discogs_99955,3,3,3,1.0
lastFM_10022,lastFM_10022,2,2,2,1.0
lastFM_10122,lastFM_10122,2,2,2,1.0
lastFM_10164,lastFM_10164,2,2,2,1.0
lastFM_10197,lastFM_10197,2,2,2,1.0
lastFM_10277,lastFM_10277,2,2,2,1.0
lastFM_10375,lastFM_10375,2,2,2,1.0
lastFM_10450,lastFM_10450,2,2,2,1.0
lastFM_10453,lastFM_10453,2,2,2,1.0
lastFM_10460,lastFM_10460,2,2,2,1.0
lastFM_10488,lastFM_10488,2,2,2,1.0
lastFM_10528,lastFM_10528,2,2,2,1.0
lastFM_10538,lastFM_10538,2,2,2,1.0
lastFM_10579,lastFM_10579,2,4,2,0.5
lastFM_10595,lastFM_10595,2,2,2,1.0
lastFM_10622,lastFM_10622,2,2,2,1.0
lastFM_10647,lastFM_10647,2,2,2,1.0
lastFM_10716,lastFM_10716,2,2,2,1.0
lastFM_10822,lastFM_10822,2,2,2,1.0
lastFM_10885,lastFM_10885,2,2,2,1.0
lastFM_10922,lastFM_10922,2,2,2,1.0
lastFM_11060,lastFM_11060,2,2,2,1.0
lastFM_1122,lastFM_1122,2,2,2,1.0
lastFM_11274,lastFM_11274,2,2,2,1.0
lastFM_11283,lastFM_11283,2,2,2,1.0
lastFM_11330,lastFM_11330,2,2,2,1.0
lastFM_11345,lastFM_11345,2,2,2,1.0
lastFM_11359,lastFM_11359,2,2,2,1.0
lastFM_11417,lastFM_11417,2,2,2,1.0
lastFM_11465,lastFM_11465,2,2,2,1.0
lastFM_11727,lastFM_11727,2,2,2,1.0
lastFM_11858,lastFM_11858,2,4,2,0.5
lastFM_11956,lastFM_11956,2,2,2,1.0
lastFM_1200,lastFM_1200,2,2,2,1.0
lastFM_12025,lastFM_12025,2,2,2,1.0
lastFM_1205,lastFM_1205,2,2,2,1.0
lastFM_12100,lastFM_12100,2,2,2,1.0
lastFM_12283,lastFM_12283,2,2,2,1.0
lastFM_12401,lastFM_12401,2,2,2,1.0
lastFM_1245,lastFM_1245,2,2,2,1.0
lastFM_12476,lastFM_12476,2,2,2,1.0
lastFM_12483,lastFM_12483,2,2,2,1.0
lastFM_12552,lastFM_12552,2,2,2,1.0
lastFM_12562,lastFM_12562,2,2,2,1.0
lastFM_12685,lastFM_12685,2,2,2,1.0
lastFM_12742,lastFM_12742,2,2,2,1.0
lastFM_12788,lastFM_12788,2,2,2,1.0
lastFM_12800,lastFM_12800,2,2,2,1.0
lastFM_12949,lastFM_12949,2,2,2,1.0
lastFM_12990,lastFM_12990,2,2,2,1.0
lastFM_13093,lastFM_13093,2,2,2,1.0
lastFM_13197,lastFM_13197,2,2,2,1.0
lastFM_1328,lastFM_1328,2,2,2,1.0
lastFM_13443,lastFM_13443,2,2,2,1.0
lastFM_13508,lastFM_13508,2,2,2,1.0
lastFM_13642,lastFM_13642,2,2,2,1.0
lastFM_13647,lastFM_17337,2,3,2,0.6666666666666666
lastFM_13677,lastFM_13677,2,2,2,1.0
lastFM_13777,lastFM_13777,2,2,2,1.0
lastFM_13835,lastFM_13835,2,2,2,1.0
lastFM_13897,lastFM_13897,2,2,2,1.0
lastFM_13928,lastFM_13928,2,2,2,1.0
lastFM_1397,lastFM_1397,2,2,2,1.0
lastFM_14010,lastFM_14010,2,2,2,1.0
lastFM_14052,lastFM_14052,2,2,2,1.0
lastFM_14121,lastFM_14121,2,2,2,1.0
lastFM_14157,lastFM_14157,2,2,2,1.0
lastFM_14159,lastFM_14159,2,2,2,1.0
lastFM_14234,lastFM_14234,2,2,2,1.0
lastFM_14259,lastFM_14259,2,2,2,1.0
lastFM_1426,lastFM_1426,2,2,2,1.0
lastFM_14312,lastFM_14312,2,2,2,1.0
lastFM_1437,lastFM_1437,2,2,2,1.0
lastFM_14487,lastFM_14487,2,2,2,1.0
lastFM_14493,lastFM_14493,2,2,2,1.0
lastFM_14501,lastFM_14501,2,2,2,1.0
lastFM_14506,lastFM_14506,2,2,2,1.0
lastFM_14530,lastFM_14530,2,2,2,1.0
lastFM_14765,lastFM_14765,2,2,2,1.0
lastFM_14832,lastFM_14832,2,2,2,1.0
lastFM_14883,lastFM_14883,2,2,2,1.0
lastFM_14895,lastFM_14895,2,2,2,1.0
lastFM_14921,lastFM_14921,2,2,2,1.0
lastFM_14994,lastFM_14994,2,2,2,1.0
lastFM_1500,lastFM_1500,2,2,2,1.0
lastFM_15015,lastFM_15015,2,2,2,1.0
lastFM_15033,lastFM_15033,2,2,2,1.0
lastFM_15161,lastFM_15161,2,2,2,1.0
lastFM_15234,lastFM_15234,2,2,2,1.0
lastFM_15262,lastFM_15262,2,2,2,1.0
lastFM_15296,lastFM_15296,2,2,2,1.0
lastFM_15364,lastFM_15364,2,2,2,1.0
lastFM_15370,lastFM_15370,2,2,2,1.0
lastFM_15417,lastFM_15417,2,2,2,1.0
lastFM_15436,lastFM_15436,2,2,2,1.0
lastFM_15486,lastFM_15486,2,2,2,1.0
lastFM_15506,lastFM_15506,2,2,2,1.0
lastFM_15523,lastFM_15523,2,2,2,1.0
lastFM_15528,lastFM_15528,2,2,2,1.0
lastFM_15601,lastFM_15601,2,2,2,1.0
lastFM_15612,lastFM_15612,2,2,2,1.0
lastFM_15614,lastFM_15614,2,2,2,1.0
lastFM_15637,mbrainz_7321,1,2,1,0.5
lastFM_15992,lastFM_15992,2,2,2,1.0
lastFM_15999,lastFM_15999,2,2,2,1.0
lastFM_16033,lastFM_16033,2,2,2,1.0
lastFM_16072,lastFM_16072,2,2,2,1.0
lastFM_16163,lastFM_16163,2,2,2,1.0
lastFM_1637,lastFM_1637,2,2,2,1.0
lastFM_16515,lastFM_16515,2,2,2,1.0
lastFM_16542,lastFM_16542,2,2,2,1.0
lastFM_16614,lastFM_16614,2,2,2,1.0
lastFM_16685,lastFM_16685,2,2,2,1.0
lastFM_16724,lastFM_16724,2,2,2,1.0
lastFM_16760,lastFM_16760,2,2,2,1.0
lastFM_16862,lastFM_16862,2,2,2,1.0
lastFM_16887,discogs_63682,2,2,2,1.0
lastFM_16918,lastFM_16918,2,2,2,1.0
lastFM_16933,lastFM_16933,2,2,2,1.0
lastFM_16967,lastFM_16967,2,2,2,1.0
lastFM_16988,discogs_35699,2,2,2,1.0
lastFM_17009,lastFM_17009,2,3,2,0.6666666666666666
lastFM_17072,lastFM_17072,2,4,2,0.5
lastFM_17117,lastFM_17117,2,2,2,1.0
lastFM_17212,lastFM_17212,2,2,2,1.0
lastFM_17236,lastFM_28179,2,3,2,0.6666666666666666
lastFM_17263,lastFM_17263,2,2,2,1.0
lastFM_17399,discogs_159149,2,2,2,1.0
lastFM_1744,lastFM_1744,2,2,2,1.0
lastFM_1745,lastFM_1745,2,2,2,1.0
lastFM_17609,lastFM_17609,2,2,2,1.0
lastFM_17650,lastFM_17650,2,2,2,1.0
lastFM_17664,lastFM_17664,2,2,2,1.0
lastFM_17699,lastFM_17699,2,2,2,1.0
lastFM_17706,lastFM_17706,2,2,2,1.0
lastFM_17835,lastFM_17835,2,2,2,1.0
lastFM_1787,lastFM_1787,2,4,2,0.5
lastFM_17904,lastFM_17904,2,2,2,1.0
lastFM_17919,lastFM_17919,2,2,2,1.0
lastFM_17947,lastFM_17947,2,2,2,1.0
lastFM_17996,lastFM_17996,2,2,2,1.0
lastFM_18143,lastFM_18143,2,2,2,1.0
lastFM_18298,lastFM_18298,2,2,2,1.0
lastFM_18340,lastFM_18340,2,3,2,0.6666666666666666
lastFM_18369,lastFM_78528,2,3,2,0.6666666666666666
lastFM_18400,lastFM_18400,2,2,2,1.0
lastFM_18438,lastFM_18438,2,2,2,1.0
lastFM_18482,lastFM_18482,2,3,2,0.6666666666666666
lastFM_18612,lastFM_18612,2,2,2,1.0
lastFM_18735,lastFM_18735,2,2,2,1.0
lastFM_18746,lastFM_18746,2,2,2,1.0
lastFM_18783,lastFM_18783,2,2,2,1.0
lastFM_18851,lastFM_18851,2,2,2,1.0
lastFM_18866,lastFM_18866,2,2,2,1.0
lastFM_1891,lastFM_1891,2,2,2,1.0
lastFM_18981,lastFM_18981,2,2,2,1.0
lastFM_19013,lastFM_19013,2,2,2,1.0
lastFM_19085,lastFM_19085,2,2,2,1.0
lastFM_19147,lastFM_19147,2,2,2,1.0
lastFM_1915,lastFM_1915,2,2,2,1.0
lastFM_19155,lastFM_19155,2,2,2,1.0
lastFM_19175,lastFM_19175,2,2,2,1.0
lastFM_19189,lastFM_19189,2,3,2,0.6666666666666666
lastFM_19346,lastFM_19346,2,2,2,1.0
lastFM_19412,lastFM_19412,2,2,2,1.0
lastFM_19418,lastFM_19418,2,2,2,1.0
lastFM_19497,lastFM_19497,2,2,2,1.0
lastFM_19549,lastFM_19549,2,2,2,1.0
lastFM_19594,lastFM_19594,2,2,2,1.0
lastFM_19606,lastFM_19606,2,2,2,1.0
lastFM_19707,lastFM_19707,2,2,2,1.0
lastFM_19720,lastFM_19720,2,2,2,1.0
lastFM_19761,lastFM_19761,2,2,2,1.0
lastFM_19870,lastFM_19870,2,2,2,1.0
lastFM_19952,lastFM_19952,2,2,2,1.0
lastFM_19985,lastFM_19985,2,2,2,1.0
lastFM_2003,lastFM_2003,2,2,2,1.0
lastFM_20146,lastFM_20146,2,2,2,1.0
lastFM_20251,lastFM_20251,2,2,2,1.0
lastFM_20254,lastFM_20254,2,2,2,1.0
lastFM_20255,lastFM_20255,2,2,2,1.0
lastFM_20277,lastFM_20277,2,2,2,1.0
lastFM_20311,lastFM_20311,2,2,2,1.0
lastFM_20315,lastFM_20315,2,8,2,0.25
lastFM_20413,lastFM_20413,2,2,2,1.0
lastFM_20416,lastFM_20416,2,2,2,1.0
lastFM_20430,lastFM_20430,2,3,2,0.6666666666666666
lastFM_20432,lastFM_20432,2,2,2,1.0
lastFM_20530,lastFM_20530,2,2,2,1.0
lastFM_20549,lastFM_20549,2,2,2,1.0
lastFM_20811,lastFM_20811,2,2,2,1.0
lastFM_20833,lastFM_20833,2,2,2,1.0
lastFM_20844,lastFM_20844,2,2,2,1.0
lastFM_20923,lastFM_20923,2,2,2,1.0
lastFM_21042,lastFM_21042,2,2,2,1.0
lastFM_21055,lastFM_21055,2,2,2,1.0
lastFM_21133,lastFM_21133,2,2,2,1.0
lastFM_21441,lastFM_21441,2,2,2,1.0
lastFM_21449,lastFM_21449,2,2,2,1.0
lastFM_21462,lastFM_21462,2,2,2,1.0
lastFM_21486,lastFM_21486,2,2,2,1.0
lastFM_21537,lastFM_21537,2,2,2,1.0
lastFM_21556,lastFM_21556,2,2,2,1.0
lastFM_21732,lastFM_21732,2,6,2,0.3333333333333333
lastFM_21741,lastFM_21741,2,2,2,1.0
lastFM_21754,lastFM_21754,2,2,2,1.0
lastFM_21756,lastFM_21756,2,2,2,1.0
lastFM_21762,lastFM_21762,2,2,2,1.0
lastFM_21766,lastFM_21766,2,2,2,1.0
lastFM_21777,lastFM_21777,2,2,2,1.0
lastFM_21904,lastFM_21904,2,2,2,1.0
lastFM_21923,lastFM_21923,2,2,2,1.0
lastFM_21957,lastFM_21957,2,2,2,1.0
lastFM_22069,lastFM_22069,2,4,2,0.5
lastFM_22079,lastFM_22079,2,2,2,1.0
lastFM_2208,lastFM_2208,2,2,2,1.0
lastFM_22118,lastFM_22118,2,2,2,1.0
lastFM_22125,lastFM_22125,2,2,2,1.0
lastFM_22153,lastFM_22153,2,2,2,1.0
lastFM_22194,lastFM_22194,2,2,2,1.0
lastFM_22253,lastFM_22253,2,2,2,1.0
lastFM_22303,discogs_47239,2,2,2,1.0
lastFM_22342,lastFM_22342,2,2,2,1.0
lastFM_22366,lastFM_22366,2,2,2,1.0
lastFM_22393,lastFM_22393,2,2,2,1.0
lastFM_22411,lastFM_22411,2,2,2,1.0
lastFM_22641,lastFM_22641,2,2,2,1.0
lastFM_22654,lastFM_22654,2,2,2,1.0
lastFM_2283,lastFM_2283,2,2,2,1.0
lastFM_2284,lastFM_2284,2,2,2,1.0
lastFM_22874,lastFM_22874,2,2,2,1.0
lastFM_22918,lastFM_22918,2,2,2,1.0
lastFM_22967,lastFM_22967,2,2,2,1.0
lastFM_22977,lastFM_22977,2,2,2,1.0
lastFM_2318,lastFM_2318,2,5,2,0.4
lastFM_23216,lastFM_23216,2,2,2,1.0
lastFM_23319,lastFM_23319,2,2,2,1.0
lastFM_2344,lastFM_2344,2,2,2,1.0
lastFM_23465,lastFM_23465,2,2,2,1.0
lastFM_23497,lastFM_23497,2,2,2,1.0
lastFM_2358,discogs_4843,2,2,2,1.0
lastFM_23674,lastFM_23674,2,2,2,1.0
lastFM_23767,lastFM_23767,2,2,2,1.0
lastFM_23837,lastFM_23837,2,2,2,1.0
lastFM_23929,lastFM_23929,2,2,2,1.0
lastFM_23972,lastFM_23972,2,2,2,1.0
lastFM_24050,lastFM_24050,2,2,2,1.0
lastFM_24145,lastFM_24145,2,2,2,1.0
lastFM_24168,lastFM_24168,2,2,2,1.0
lastFM_24293,lastFM_31945,2,11,2,0.18181818181818182
lastFM_24313,lastFM_24313,2,2,2,1.0
lastFM_24445,lastFM_24445,2,2,2,1.0
lastFM_24521,lastFM_24521,2,2,2,1.0
lastFM_24564,lastFM_24564,2,2,2,1.0
lastFM_24595,lastFM_24595,2,2,2,1.0
lastFM_24601,lastFM_24601,1,2,1,0.5
lastFM_24718,lastFM_24718,2,2,2,1.0
lastFM_2479,lastFM_2479,2,2,2,1.0
lastFM_24884,lastFM_24884,2,2,2,1.0
lastFM_2494,lastFM_2494,2,2,2,1.0
lastFM_25047,lastFM_25047,2,2,2,1.0
lastFM_2518,lastFM_2518,2,2,2,1.0
lastFM_25183,lastFM_25183,2,2,2,1.0
lastFM_25404,lastFM_25404,2,2,2,1.0
lastFM_25508,lastFM_25508,2,2,2,1.0
lastFM_25536,lastFM_25536,2,2,2,1.0
lastFM_25549,lastFM_25549,2,2,2,1.0
lastFM_2555,discogs_2311,2,2,2,1.0
lastFM_25585,lastFM_25585,2,2,2,1.0
lastFM_25600,lastFM_25600,2,2,2,1.0
lastFM_25766,lastFM_25766,2,2,2,1.0
lastFM_25774,lastFM_25774,2,2,2,1.0
lastFM_25781,lastFM_25781,2,2,2,1.0
lastFM_25796,lastFM_25796,2,2,2,1.0
lastFM_25803,lastFM_25803,2,2,2,1.0
lastFM_25920,lastFM_25920,2,2,2,1.0
lastFM_25938,lastFM_25938,2,2,2,1.0
lastFM_26062,lastFM_26062,2,2,2,1.0
lastFM_26212,lastFM_26212,2,3,2,0.6666666666666666
lastFM_26233,lastFM_26233,2,2,2,1.0
lastFM_26304,lastFM_26304,2,2,2,1.0
lastFM_26362,lastFM_26362,2,2,2,1.0
lastFM_26390,lastFM_26390,2,2,2,1.0
lastFM_26446,lastFM_26446,2,2,2,1.0
lastFM_26470,lastFM_26470,2,2,2,1.0
lastFM_26487,lastFM_26487,2,2,2,1.0
lastFM_26566,lastFM_26566,2,2,2,1.0
lastFM_26651,lastFM_26651,2,2,2,1.0
lastFM_26700,lastFM_26700,2,2,2,1.0
lastFM_26807,lastFM_26807,2,3,2,0.6666666666666666
lastFM_26873,lastFM_26873,2,4,2,0.5
lastFM_26891,lastFM_26891,2,2,2,1.0
lastFM_26978,lastFM_26978,2,2,2,1.0
lastFM_27044,lastFM_27044,2,2,2,1.0
lastFM_27070,lastFM_27070,2,2,2,1.0
lastFM_27189,lastFM_27189,2,2,2,1.0
lastFM_27234,lastFM_27234,2,2,2,1.0
lastFM_27288,lastFM_27288,2,2,2,1.0
lastFM_27329,lastFM_27329,2,2,2,1.0
lastFM_27396,lastFM_27396,2,2,2,1.0
lastFM_27482,lastFM_27482,2,2,2,1.0
lastFM_2752,lastFM_2752,2,2,2,1.0
lastFM_2757,lastFM_2757,2,2,2,1.0
lastFM_27616,lastFM_27616,2,2,2,1.0
lastFM_27646,lastFM_27646,2,2,2,1.0
lastFM_2768,lastFM_2768,2,2,2,1.0
lastFM_27735,lastFM_27735,2,2,2,1.0
lastFM_27779,lastFM_51706,2,3,2,0.6666666666666666
lastFM_2789,lastFM_2789,2,2,2,1.0
lastFM_27894,lastFM_27894,2,2,2,1.0
lastFM_27969,lastFM_27969,2,2,2,1.0
lastFM_28214,lastFM_28214,2,2,2,1.0
lastFM_28223,lastFM_28223,2,2,2,1.0
lastFM_28226,lastFM_28226,2,2,2,1.0
lastFM_28235,lastFM_28235,2,2,2,1.0
lastFM_28250,lastFM_28250,2,2,2,1.0
lastFM_28268,lastFM_28268,2,2,2,1.0
lastFM_28322,lastFM_28322,2,3,2,0.6666666666666666
lastFM_28531,lastFM_28531,2,4,2,0.5
lastFM_28548,lastFM_28548,2,2,2,1.0
lastFM_28594,lastFM_28594,2,2,2,1.0
lastFM_28598,lastFM_28598,2,2,2,1.0
lastFM_28886,lastFM_28886,2,2,2,1.0
lastFM_28889,lastFM_28889,2,2,2,1.0
lastFM_28921,lastFM_28921,2,2,2,1.0
lastFM_29097,lastFM_29097,2,2,2,1.0
lastFM_29101,lastFM_29101,2,2,2,1.0
lastFM_29102,lastFM_29102,2,2,2,1.0
lastFM_2922,lastFM_2922,2,2,2,1.0
lastFM_29220,lastFM_29220,2,2,2,1.0
lastFM_2927,lastFM_2927,2,2,2,1.0
lastFM_29279,lastFM_29279,2,2,2,1.0
lastFM_29433,lastFM_29433,2,2,2,1.0
lastFM_29443,lastFM_29443,2,2,2,1.0
lastFM_29498,lastFM_29498,2,2,2,1.0
lastFM_29535,lastFM_29535,2,2,2,1.0
lastFM_29545,lastFM_29545,2,4,2,0.5
lastFM_29593,lastFM_29593,2,2,2,1.0
lastFM_29644,lastFM_29644,2,2,2,1.0
lastFM_29669,lastFM_29669,2,2,2,1.0
lastFM_29672,lastFM_29672,2,2,2,1.0
lastFM_29687,lastFM_29687,2,2,2,1.0
lastFM_29755,lastFM_29755,2,2,2,1.0
lastFM_30022,lastFM_30022,2,2,2,1.0
lastFM_30323,lastFM_8064,2,3,2,0.6666666666666666
lastFM_30336,lastFM_30336,2,2,2,1.0
lastFM_30445,lastFM_30445,2,2,2,1.0
lastFM_30462,lastFM_30462,2,2,2,1.0
lastFM_30485,lastFM_30485,2,5,2,0.4
lastFM_30568,lastFM_30568,2,2,2,1.0
lastFM_30695,lastFM_30695,2,3,2,0.6666666666666666
lastFM_3079,lastFM_3079,2,2,2,1.0
lastFM_30843,lastFM_30843,2,2,2,1.0
lastFM_30866,lastFM_30866,2,2,2,1.0
lastFM_30887,lastFM_30887,2,2,2,1.0
lastFM_30933,lastFM_30933,2,2,2,1.0
lastFM_30934,lastFM_30934,2,2,2,1.0
lastFM_30935,lastFM_30935,2,2,2,1.0
lastFM_30977,lastFM_30977,2,2,2,1.0
lastFM_31286,lastFM_31286,2,2,2,1.0
lastFM_31301,lastFM_43894,2,4,2,0.5
lastFM_3151,lastFM_3151,2,2,2,1.0
lastFM_3158,lastFM_3158,2,2,2,1.0
lastFM_3162,lastFM_3162,2,2,2,1.0
lastFM_31636,lastFM_31636,2,2,2,1.0
lastFM_3168,lastFM_3168,2,2,2,1.0
lastFM_31690,lastFM_31690,2,3,2,0.6666666666666666
lastFM_31779,lastFM_31779,2,4,2,0.5
lastFM_32033,lastFM_32033,2,2,2,1.0
lastFM_32111,lastFM_32111,2,2,2,1.0
lastFM_32191,lastFM_32191,2,2,2,1.0
lastFM_32208,lastFM_32208,2,2,2,1.0
lastFM_32225,lastFM_32225,2,2,2,1.0
lastFM_32282,lastFM_32282,2,2,2,1.0
lastFM_32352,lastFM_32352,2,2,2,1.0
lastFM_32396,lastFM_32396,2,2,2,1.0
lastFM_32403,lastFM_32403,2,2,2,1.0
lastFM_32456,lastFM_32456,2,2,2,1.0
lastFM_32493,lastFM_32493,2,2,2,1.0
lastFM_32494,lastFM_32494,2,2,2,1.0
lastFM_32511,lastFM_32511,2,3,2,0.6666666666666666
lastFM_32579,lastFM_32579,2,2,2,1.0
lastFM_32668,lastFM_32668,2,2,2,1.0
lastFM_32784,lastFM_32784,2,2,2,1.0
lastFM_33025,lastFM_33025,2,2,2,1.0
lastFM_33066,lastFM_33066,2,2,2,1.0
lastFM_33083,lastFM_33083,2,2,2,1.0
lastFM_33150,lastFM_33150,2,2,2,1.0
lastFM_33176,lastFM_33176,2,2,2,1.0
lastFM_33286,lastFM_33286,2,2,2,1.0
lastFM_33414,lastFM_33414,2,4,2,0.5
lastFM_33467,lastFM_33467,2,2,2,1.0
lastFM_33751,lastFM_33751,2,2,2,1.0
lastFM_34018,lastFM_34018,2,2,2,1.0
lastFM_34037,lastFM_34037,2,2,2,1.0
lastFM_34063,lastFM_34063,2,2,2,1.0
lastFM_34073,lastFM_34073,2,4,2,0.5
lastFM_34077,lastFM_34077,2,2,2,1.0
lastFM_34141,lastFM_34141,2,2,2,1.0
lastFM_34188,lastFM_34188,2,2,2,1.0
lastFM_34250,lastFM_34250,2,2,2,1.0
lastFM_34317,lastFM_34317,2,2,2,1.0
lastFM_34327,lastFM_34327,2,3,2,0.6666666666666666
lastFM_34355,lastFM_34355,2,2,2,1.0
lastFM_34521,lastFM_34521,2,2,2,1.0
lastFM_3456,lastFM_3456,2,2,2,1.0
lastFM_34641,lastFM_34641,1,2,1,0.5
lastFM_3473,lastFM_3473,2,2,2,1.0
lastFM_34876,lastFM_34876,2,2,2,1.0
lastFM_34918,lastFM_34918,2,2,2,1.0
lastFM_34934,lastFM_34934,1,2,1,0.5
lastFM_3500,lastFM_3500,2,2,2,1.0
lastFM_3502,discogs_7290,2,2,2,1.0
lastFM_35387,lastFM_35387,2,2,2,1.0
lastFM_35629,lastFM_35629,2,2,2,1.0
lastFM_35691,lastFM_56226,2,4,2,0.5
lastFM_35744,lastFM_35744,2,2,2,1.0
lastFM_35747,lastFM_35747,2,2,2,1.0
lastFM_36350,lastFM_36350,2,2,2,1.0
lastFM_36371,lastFM_36371,2,2,2,1.0
lastFM_36435,lastFM_36435,2,2,2,1.0
lastFM_36665,lastFM_36665,2,3,2,0.6666666666666666
lastFM_36845,lastFM_36845,2,2,2,1.0
lastFM_36859,lastFM_36859,2,2,2,1.0
lastFM_36889,lastFM_36889,2,2,2,1.0
lastFM_36976,lastFM_36976,2,2,2,1.0
lastFM_36990,lastFM_36990,2,2,2,1.0
lastFM_36998,lastFM_36998,2,2,2,1.0
lastFM_37021,lastFM_37021,2,2,2,1.0
lastFM_37035,lastFM_37035,2,2,2,1.0
lastFM_37270,lastFM_37270,2,2,2,1.0
lastFM_37289,lastFM_37289,2,2,2,1.0
lastFM_37371,lastFM_37371,2,2,2,1.0
lastFM_37411,lastFM_37411,2,2,2,1.0
lastFM_37535,lastFM_37535,2,2,2,1.0
lastFM_37670,lastFM_37670,2,2,2,1.0
lastFM_37785,lastFM_37785,2,2,2,1.0
lastFM_37799,lastFM_37799,2,2,2,1.0
lastFM_37803,lastFM_37803,2,2,2,1.0
lastFM_3787,lastFM_3787,2,2,2,1.0
lastFM_38087,lastFM_38087,2,3,2,0.6666666666666666
lastFM_38292,lastFM_38292,2,2,2,1.0
lastFM_38323,lastFM_38323,2,2,2,1.0
lastFM_38330,lastFM_38330,2,2,2,1.0
lastFM_38389,lastFM_38389,2,2,2,1.0
lastFM_38512,lastFM_38512,2,2,2,1.0
lastFM_38559,lastFM_38559,2,2,2,1.0
lastFM_38732,lastFM_38732,2,2,2,1.0
lastFM_38743,lastFM_38743,2,2,2,1.0
lastFM_38814,lastFM_38814,2,2,2,1.0
lastFM_38830,lastFM_38830,2,3,2,0.6666666666666666
lastFM_38926,lastFM_38926,2,2,2,1.0
lastFM_39119,lastFM_39119,2,2,2,1.0
lastFM_39161,lastFM_39161,2,2,2,1.0
lastFM_39264,lastFM_39264,2,2,2,1.0
lastFM_39373,lastFM_39373,2,2,2,1.0
lastFM_39521,lastFM_39521,2,4,2,0.5
lastFM_39606,lastFM_39606,2,2,2,1.0
lastFM_39747,lastFM_39747,2,2,2,1.0
lastFM_39755,lastFM_39755,1,2,1,0.5
lastFM_39830,lastFM_39830,2,2,2,1.0
lastFM_39950,lastFM_39950,2,2,2,1.0
lastFM_40025,discogs_25843,2,2,2,1.0
lastFM_40062,lastFM_40062,2,2,2,1.0
lastFM_40124,lastFM_40124,2,2,2,1.0
lastFM_40196,discogs_87268,2,2,2,1.0
lastFM_40312,lastFM_40312,2,5,2,0.4
lastFM_40342,lastFM_40342,2,2,2,1.0
lastFM_4036,lastFM_4036,2,2,2,1.0
lastFM_40373,lastFM_40373,2,2,2,1.0
lastFM_4040,lastFM_4040,2,2,2,1.0
lastFM_40496,lastFM_40496,2,2,2,1.0
lastFM_40658,lastFM_40658,2,2,2,1.0
lastFM_40963,lastFM_40963,2,2,2,1.0
lastFM_40998,lastFM_40998,2,2,2,1.0
lastFM_41102,lastFM_41102,2,2,2,1.0
lastFM_41493,lastFM_41493,2,2,2,1.0
lastFM_4164,lastFM_4164,2,2,2,1.0
lastFM_41766,lastFM_41766,2,2,2,1.0
lastFM_41949,lastFM_41949,2,2,2,1.0
lastFM_41959,lastFM_41959,2,2,2,1.0
lastFM_42011,lastFM_42011,2,2,2,1.0
lastFM_42085,lastFM_42085,2,2,2,1.0
lastFM_42212,lastFM_42212,2,2,2,1.0
lastFM_42253,lastFM_42253,2,2,2,1.0
lastFM_42330,lastFM_42330,2,2,2,1.0
lastFM_42428,lastFM_42428,2,2,2,1.0
lastFM_42440,lastFM_42440,2,2,2,1.0
lastFM_42449,lastFM_42449,2,2,2,1.0
lastFM_42454,lastFM_42454,2,2,2,1.0
lastFM_42470,lastFM_42470,2,2,2,1.0
lastFM_42483,lastFM_42483,2,2,2,1.0
lastFM_4291,lastFM_4291,2,2,2,1.0
lastFM_42988,lastFM_42988,2,2,2,1.0
lastFM_43204,lastFM_43204,2,2,2,1.0
lastFM_43350,lastFM_43350,2,2,2,1.0
lastFM_43490,lastFM_43490,2,2,2,1.0
lastFM_43768,lastFM_43768,2,3,2,0.6666666666666666
lastFM_43944,lastFM_43944,2,2,2,1.0
lastFM_44053,lastFM_44053,2,2,2,1.0
lastFM_44105,lastFM_44105,2,2,2,1.0
lastFM_4419,lastFM_4419,2,2,2,1.0
lastFM_44201,discogs_97014,2,2,2,1.0
lastFM_44425,lastFM_44425,2,2,2,1.0
lastFM_44431,lastFM_44431,2,2,2,1.0
lastFM_44496,lastFM_44496,2,2,2,1.0
lastFM_44518,lastFM_44518,2,2,2,1.0
lastFM_44539,lastFM_44539,2,4,2,0.5
lastFM_44730,lastFM_44730,2,2,2,1.0
lastFM_44785,lastFM_44785,2,2,2,1.0
lastFM_44789,lastFM_44789,2,2,2,1.0
lastFM_44876,lastFM_44876,2,2,2,1.0
lastFM_44878,lastFM_44878,2,2,2,1.0
lastFM_44925,lastFM_44925,2,2,2,1.0
lastFM_44927,lastFM_44927,2,2,2,1.0
lastFM_45128,lastFM_45128,2,2,2,1.0
lastFM_45316,lastFM_45316,2,2,2,1.0
lastFM_45420,lastFM_45420,2,2,2,1.0
lastFM_4543,lastFM_4543,2,2,2,1.0
lastFM_4546,lastFM_4546,2,2,2,1.0
lastFM_45626,lastFM_45626,2,2,2,1.0
lastFM_45671,lastFM_45671,2,2,2,1.0
lastFM_45699,lastFM_45699,2,2,2,1.0
lastFM_45844,lastFM_45844,2,2,2,1.0
lastFM_45919,lastFM_45919,2,2,2,1.0
lastFM_46013,lastFM_46013,2,2,2,1.0
lastFM_46282,lastFM_46282,2,2,2,1.0
lastFM_46332,lastFM_46332,2,2,2,1.0
lastFM_46426,lastFM_46426,2,2,2,1.0
lastFM_46479,lastFM_46479,2,2,2,1.0
lastFM_46525,lastFM_46525,2,2,2,1.0
lastFM_46526,lastFM_46526,2,2,2,1.0
lastFM_46545,lastFM_46545,2,2,2,1.0
lastFM_46575,lastFM_46575,2,2,2,1.0
lastFM_46578,lastFM_46578,2,2,2,1.0
lastFM_46606,lastFM_46606,2,2,2,1.0
lastFM_4661,lastFM_4661,2,2,2,1.0
lastFM_46672,lastFM_46672,2,2,2,1.0
lastFM_46685,lastFM_46685,2,2,2,1.0
lastFM_46690,lastFM_46690,2,2,2,1.0
lastFM_46871,lastFM_46871,2,4,2,0.5
lastFM_4709,lastFM_4709,2,2,2,1.0
lastFM_47174,lastFM_47174,2,2,2,1.0
lastFM_4721,lastFM_4721,2,2,2,1.0
lastFM_47225,lastFM_47225,2,2,2,1.0
lastFM_4729,lastFM_4729,2,2,2,1.0
lastFM_47502,lastFM_47502,2,2,2,1.0
lastFM_47536,lastFM_47536,2,2,2,1.0
lastFM_476,lastFM_476,1,2,1,0.5
lastFM_47619,discogs_119145,2,2,2,1.0
lastFM_47651,lastFM_47651,2,2,2,1.0
lastFM_47678,lastFM_47678,2,2,2,1.0
lastFM_48008,lastFM_48008,2,2,2,1.0
lastFM_48083,lastFM_48083,2,2,2,1.0
lastFM_48143,lastFM_48143,2,2,2,1.0
lastFM_48165,lastFM_48165,2,2,2,1.0
lastFM_48328,lastFM_48328,2,2,2,1.0
lastFM_4848,lastFM_4848,2,2,2,1.0
lastFM_48538,lastFM_48538,2,2,2,1.0
lastFM_48663,lastFM_48663,2,2,2,1.0
lastFM_48704,lastFM_48704,2,2,2,1.0
lastFM_48777,lastFM_48777,2,2,2,1.0
lastFM_48793,lastFM_48793,2,2,2,1.0
lastFM_48854,lastFM_48854,2,2,2,1.0
lastFM_48946,lastFM_48946,2,2,2,1.0
lastFM_49297,lastFM_49297,2,2,2,1.0
lastFM_49305,lastFM_49305,2,2,2,1.0
lastFM_49395,lastFM_49395,2,2,2,1.0
lastFM_49404,lastFM_49404,2,2,2,1.0
lastFM_49465,lastFM_76433,2,3,2,0.6666666666666666
lastFM_49541,lastFM_49541,2,2,2,1.0
lastFM_49647,lastFM_49647,2,2,2,1.0
lastFM_49719,lastFM_49719,2,2,2,1.0
lastFM_49768,lastFM_49768,2,2,2,1.0
lastFM_49808,lastFM_49808,2,2,2,1.0
lastFM_5023,lastFM_5023,2,2,2,1.0
lastFM_5032,lastFM_5032,2,2,2,1.0
lastFM_50456,lastFM_50456,2,4,2,0.5
lastFM_50471,lastFM_50471,2,2,2,1.0
lastFM_50487,lastFM_50487,2,2,2,1.0
lastFM_50546,lastFM_50546,2,2,2,1.0
lastFM_50655,lastFM_50655,2,2,2,1.0
lastFM_50717,lastFM_50717,2,2,2,1.0
lastFM_50749,lastFM_50749,2,2,2,1.0
lastFM_50790,lastFM_50790,2,2,2,1.0
lastFM_50889,lastFM_50889,2,2,2,1.0
lastFM_50899,lastFM_50899,2,3,2,0.6666666666666666
lastFM_50926,lastFM_50926,2,2,2,1.0
lastFM_5096,discogs_10409,2,4,2,0.5
lastFM_51000,lastFM_51000,2,2,2,1.0
lastFM_51167,lastFM_51167,2,2,2,1.0
lastFM_51185,lastFM_51185,2,2,2,1.0
lastFM_51189,lastFM_51189,2,2,2,1.0
lastFM_5140,lastFM_5140,2,2,2,1.0
lastFM_51410,lastFM_51410,2,2,2,1.0
lastFM_51423,lastFM_51423,2,2,2,1.0
lastFM_5144,lastFM_5144,2,2,2,1.0
lastFM_51468,lastFM_51468,2,2,2,1.0
lastFM_51524,lastFM_51524,2,2,2,1.0
lastFM_51544,lastFM_51544,2,2,2,1.0
lastFM_51570,lastFM_51570,2,2,2,1.0
lastFM_516,lastFM_516,2,2,2,1.0
lastFM_5164,lastFM_5164,2,2,2,1.0
lastFM_5167,lastFM_5167,2,2,2,1.0
lastFM_51730,lastFM_51730,2,2,2,1.0
lastFM_51744,lastFM_51744,2,2,2,1.0
lastFM_51747,lastFM_51747,2,2,2,1.0
lastFM_51868,lastFM_51868,2,2,2,1.0
lastFM_51898,lastFM_51898,2,2,2,1.0
lastFM_5200,lastFM_5200,2,2,2,1.0
lastFM_52014,lastFM_52014,2,2,2,1.0
lastFM_52020,lastFM_52020,2,2,2,1.0
lastFM_52054,lastFM_52054,2,2,2,1.0
lastFM_52099,lastFM_52099,2,2,2,1.0
lastFM_52117,lastFM_52117,2,2,2,1.0
lastFM_52142,lastFM_52142,2,2,2,1.0
lastFM_52273,lastFM_52273,2,2,2,1.0
lastFM_52337,lastFM_52337,2,2,2,1.0
lastFM_52364,lastFM_52364,2,2,2,1.0
lastFM_52539,lastFM_52539,2,2,2,1.0
lastFM_52562,lastFM_52562,2,2,2,1.0
lastFM_52785,lastFM_52785,2,2,2,1.0
lastFM_52817,lastFM_52817,2,2,2,1.0
lastFM_52827,lastFM_52827,2,2,2,1.0
lastFM_52941,lastFM_52941,2,2,2,1.0
lastFM_53101,lastFM_53101,2,2,2,1.0
lastFM_53172,lastFM_53172,2,2,2,1.0
lastFM_53235,lastFM_53235,2,2,2,1.0
lastFM_53466,lastFM_53466,2,2,2,1.0
lastFM_53505,lastFM_53505,2,2,2,1.0
lastFM_53612,lastFM_53612,2,2,2,1.0
lastFM_53665,lastFM_53665,2,2,2,1.0
lastFM_53757,lastFM_53757,2,2,2,1.0
lastFM_53770,lastFM_53770,2,2,2,1.0
lastFM_53774,lastFM_53774,2,2,2,1.0
lastFM_53786,lastFM_53786,2,2,2,1.0
lastFM_53844,lastFM_53844,2,4,2,0.5
lastFM_53870,lastFM_53870,2,2,2,1.0
lastFM_53954,lastFM_53954,2,2,2,1.0
lastFM_5397,lastFM_5397,2,2,2,1.0
lastFM_5405,lastFM_5405,2,2,2,1.0
lastFM_5439,lastFM_5439,2,2,2,1.0
lastFM_54517,lastFM_54517,2,2,2,1.0
lastFM_54580,lastFM_54580,2,2,2,1.0
lastFM_54602,lastFM_54602,2,2,2,1.0
lastFM_54700,lastFM_54700,2,2,2,1.0
lastFM_54718,lastFM_54718,2,2,2,1.0
lastFM_54762,lastFM_54762,2,2,2,1.0
lastFM_54770,lastFM_54774,2,3,2,0.6666666666666666
lastFM_54841,lastFM_54841,2,2,2,1.0
lastFM_55090,lastFM_55090,2,2,2,1.0
lastFM_55188,lastFM_55188,2,2,2,1.0
lastFM_55535,lastFM_55535,2,3,2,0.6666666666666666
lastFM_55590,discogs_124072,2,3,2,0.6666666666666666
lastFM_55705,lastFM_55705,2,2,2,1.0
lastFM_55796,lastFM_55796,2,2,2,1.0
lastFM_55852,lastFM_55852,2,2,2,1.0
lastFM_5589,lastFM_5589,2,2,2,1.0
lastFM_55910,lastFM_55910,2,2,2,1.0
lastFM_56048,lastFM_56048,2,2,2,1.0
lastFM_56062,lastFM_56062,2,2,2,1.0
lastFM_56499,lastFM_56499,2,2,2,1.0
lastFM_56504,lastFM_56504,2,2,2,1.0
lastFM_56558,lastFM_56558,2,2,2,1.0
lastFM_5663,lastFM_5663,2,2,2,1.0
lastFM_56734,lastFM_56734,2,2,2,1.0
lastFM_56785,lastFM_56785,2,2,2,1.0
lastFM_5680,lastFM_5680,2,2,2,1.0
lastFM_56803,lastFM_56803,2,2,2,1.0
lastFM_56846,lastFM_56846,2,2,2,1.0
lastFM_56909,lastFM_56909,2,2,2,1.0
lastFM_57151,lastFM_699,2,3,2,0.6666666666666666
lastFM_57342,lastFM_57342,2,2,2,1.0
lastFM_57473,lastFM_57473,2,2,2,1.0
lastFM_57478,lastFM_57478,2,2,2,1.0
lastFM_57547,lastFM_57547,2,2,2,1.0
lastFM_57572,lastFM_57572,2,2,2,1.0
lastFM_57684,lastFM_57684,2,2,2,1.0
lastFM_57713,lastFM_57713,2,2,2,1.0
lastFM_57721,lastFM_57721,2,2,2,1.0
lastFM_57754,lastFM_57754,2,2,2,1.0
lastFM_5778,lastFM_5778,2,2,2,1.0
lastFM_57896,lastFM_57896,2,2,2,1.0
lastFM_58003,lastFM_58003,2,2,2,1.0
lastFM_58028,lastFM_58028,2,2,2,1.0
lastFM_58036,lastFM_58036,2,2,2,1.0
lastFM_58210,lastFM_58210,2,2,2,1.0
lastFM_58292,lastFM_58292,2,2,2,1.0
lastFM_58369,lastFM_58369,2,2,2,1.0
lastFM_58564,lastFM_58564,2,2,2,1.0
lastFM_58638,lastFM_58638,2,2,2,1.0
lastFM_58662,lastFM_58662,2,2,2,1.0
lastFM_58846,lastFM_58846,2,2,2,1.0
lastFM_58864,lastFM_58864,2,2,2,1.0
lastFM_5889,lastFM_5889,2,2,2,1.0
lastFM_59010,lastFM_59010,2,2,2,1.0
lastFM_59046,lastFM_59046,2,2,2,1.0
lastFM_59285,lastFM_59285,2,2,2,1.0
lastFM_59304,lastFM_59304,2,2,2,1.0
lastFM_59326,lastFM_59326,2,2,2,1.0
lastFM_59360,lastFM_59360,2,2,2,1.0
lastFM_59686,lastFM_59686,2,2,2,1.0
lastFM_59943,lastFM_59943,2,2,2,1.0
lastFM_60170,lastFM_60170,2,2,2,1.0
lastFM_60215,lastFM_60215,2,2,2,1.0
lastFM_60225,lastFM_60225,2,2,2,1.0
lastFM_60373,lastFM_60373,2,2,2,1.0
lastFM_60405,lastFM_60405,2,2,2,1.0
lastFM_60413,lastFM_60413,2,2,2,1.0
lastFM_60434,lastFM_60434,2,2,2,1.0
lastFM_60443,lastFM_60443,2,2,2,1.0
lastFM_60479,lastFM_60479,2,2,2,1.0
lastFM_60582,lastFM_60582,2,2,2,1.0
lastFM_60639,lastFM_60639,2,2,2,1.0
lastFM_60674,lastFM_60674,2,2,2,1.0
lastFM_6073,lastFM_6073,2,2,2,1.0
lastFM_60835,lastFM_60835,2,2,2,1.0
lastFM_60932,lastFM_60932,2,2,2,1.0
lastFM_61032,discogs_13321,2,2,2,1.0
lastFM_61152,lastFM_61152,2,2,2,1.0
lastFM_61356,lastFM_61356,2,2,2,1.0
lastFM_61385,lastFM_61385,2,2,2,1.0
lastFM_6146,lastFM_6146,2,3,2,0.6666666666666666
lastFM_61480,lastFM_61480,2,2,2,1.0
lastFM_61498,lastFM_61498,2,2,2,1.0
lastFM_6152,lastFM_6152,2,2,2,1.0
lastFM_61614,lastFM_61614,2,2,2,1.0
lastFM_61626,lastFM_61626,2,2,2,1.0
lastFM_61643,lastFM_61643,2,2,2,1.0
lastFM_61669,lastFM_61669,2,2,2,1.0
lastFM_61759,lastFM_61759,2,2,2,1.0
lastFM_61837,lastFM_61837,2,2,2,1.0
lastFM_62090,lastFM_62090,2,4,2,0.5
lastFM_62478,lastFM_62478,2,2,2,1.0
lastFM_62592,lastFM_62592,2,2,2,1.0
lastFM_62631,lastFM_62631,2,2,2,1.0
lastFM_62694,lastFM_62694,2,2,2,1.0
lastFM_62700,lastFM_62700,2,2,2,1.0
lastFM_62712,lastFM_62712,2,2,2,1.0
lastFM_62744,lastFM_62744,2,2,2,1.0
lastFM_62776,lastFM_62776,2,2,2,1.0
lastFM_62806,lastFM_62806,2,2,2,1.0
lastFM_63042,lastFM_63042,2,2,2,1.0
lastFM_63055,lastFM_63055,2,2,2,1.0
lastFM_63070,lastFM_63070,2,2,2,1.0
lastFM_63199,lastFM_63199,2,2,2,1.0
lastFM_63213,lastFM_63213,2,4,2,0.5
lastFM_63214,lastFM_63214,2,2,2,1.0
lastFM_63525,lastFM_63525,2,2,2,1.0
lastFM_63547,lastFM_63547,2,2,2,1.0
lastFM_63674,lastFM_63674,2,2,2,1.0
lastFM_63731,lastFM_63731,2,2,2,1.0
lastFM_63735,lastFM_63735,2,2,2,1.0
lastFM_63878,lastFM_63878,2,2,2,1.0
lastFM_64028,lastFM_64028,1,2,1,0.5
lastFM_6404,lastFM_6404,2,2,2,1.0
lastFM_64060,lastFM_64060,2,2,2,1.0
lastFM_64159,lastFM_64159,2,2,2,1.0
lastFM_64256,lastFM_64256,2,2,2,1.0
lastFM_6435,lastFM_6435,2,2,2,1.0
lastFM_6442,lastFM_6442,2,2,2,1.0
lastFM_64460,lastFM_64460,2,2,2,1.0
lastFM_6458,lastFM_6458,2,2,2,1.0
lastFM_64580,lastFM_64580,2,2,2,1.0
lastFM_64618,lastFM_64618,2,2,2,1.0
lastFM_64649,lastFM_64649,2,2,2,1.0
lastFM_64688,lastFM_64688,2,2,2,1.0
lastFM_64767,lastFM_64767,2,2,2,1.0
lastFM_64846,lastFM_64846,2,2,2,1.0
lastFM_64867,lastFM_64867,2,2,2,1.0
lastFM_6487,lastFM_6487,2,2,2,1.0
lastFM_64881,lastFM_64881,2,2,2,1.0
lastFM_64903,lastFM_64903,2,2,2,1.0
lastFM_64969,lastFM_64969,2,2,2,1.0
lastFM_64974,lastFM_64974,2,2,2,1.0
lastFM_64980,lastFM_64980,2,4,2,0.5
lastFM_65079,lastFM_65079,2,3,2,0.6666666666666666
lastFM_6525,lastFM_6525,2,2,2,1.0
lastFM_65388,lastFM_65388,2,2,2,1.0
lastFM_65446,lastFM_65446,2,2,2,1.0
lastFM_6553,lastFM_6553,2,2,2,1.0
lastFM_6557,lastFM_6557,2,2,2,1.0
lastFM_65593,lastFM_65593,2,2,2,1.0
lastFM_65603,lastFM_65603,2,2,2,1.0
lastFM_65829,lastFM_65829,2,2,2,1.0
lastFM_65857,lastFM_65857,2,2,2,1.0
lastFM_66025,lastFM_66025,2,2,2,1.0
lastFM_66040,lastFM_66040,2,2,2,1.0
lastFM_66042,lastFM_66042,2,2,2,1.0
lastFM_66216,lastFM_66216,2,2,2,1.0
lastFM_66293,lastFM_66293,2,2,2,1.0
lastFM_66329,lastFM_66329,2,2,2,1.0
lastFM_66547,lastFM_66547,2,2,2,1.0
lastFM_6656,lastFM_6656,2,2,2,1.0
lastFM_66578,lastFM_66578,2,2,2,1.0
lastFM_66588,lastFM_66588,2,2,2,1.0
lastFM_66616,lastFM_66616,2,2,2,1.0
lastFM_66647,lastFM_66647,2,2,2,1.0
lastFM_66759,lastFM_66759,2,2,2,1.0
lastFM_66762,lastFM_66762,2,2,2,1.0
lastFM_66803,lastFM_66803,2,2,2,1.0
lastFM_66858,lastFM_66858,2,2,2,1.0
lastFM_66876,lastFM_66876,2,2,2,1.0
lastFM_66884,lastFM_66884,2,2,2,1.0
lastFM_67073,lastFM_67073,2,2,2,1.0
lastFM_67107,lastFM_67107,2,2,2,1.0
lastFM_67117,lastFM_67117,2,2,2,1.0
lastFM_67163,lastFM_67163,2,2,2,1.0
lastFM_67297,lastFM_67297,2,2,2,1.0
lastFM_67301,lastFM_67301,2,2,2,1.0
lastFM_67313,lastFM_67313,2,2,2,1.0
lastFM_67390,lastFM_67390,2,2,2,1.0
lastFM_67432,lastFM_67432,2,2,2,1.0
lastFM_676,lastFM_676,2,2,2,1.0
lastFM_67616,lastFM_67616,2,2,2,1.0
lastFM_67736,lastFM_67736,2,2,2,1.0
lastFM_67943,lastFM_67943,2,2,2,1.0
lastFM_68108,lastFM_68108,2,2,2,1.0
lastFM_68339,lastFM_68339,2,2,2,1.0
lastFM_68354,lastFM_68354,2,2,2,1.0
lastFM_68400,lastFM_68400,2,2,2,1.0
lastFM_68505,lastFM_68505,2,2,2,1.0
lastFM_68528,lastFM_68528,2,2,2,1.0
lastFM_68615,lastFM_68615,2,2,2,1.0
lastFM_68651,lastFM_68651,2,2,2,1.0
lastFM_68869,lastFM_68869,2,2,2,1.0
lastFM_69031,lastFM_69031,2,2,2,1.0
lastFM_69035,lastFM_69035,2,2,2,1.0
lastFM_69064,lastFM_69064,2,2,2,1.0
lastFM_69091,lastFM_69091,2,3,2,0.6666666666666666
lastFM_6921,lastFM_6921,2,2,2,1.0
lastFM_69212,lastFM_69212,2,2,2,1.0
lastFM_69270,lastFM_69270,2,2,2,1.0
lastFM_69388,lastFM_69388,2,2,2,1.0
lastFM_6949,lastFM_6949,2,2,2,1.0
lastFM_69676,lastFM_69676,2,2,2,1.0
lastFM_69828,lastFM_69828,2,2,2,1.0
lastFM_69851,lastFM_69851,2,2,2,1.0
lastFM_7006,lastFM_7006,2,2,2,1.0
lastFM_7016,lastFM_7016,2,2,2,1.0
lastFM_7018,lastFM_7018,2,2,2,1.0
lastFM_70213,lastFM_70213,2,2,2,1.0
lastFM_7024,lastFM_7024,2,2,2,1.0
lastFM_70440,lastFM_70440,2,2,2,1.0
lastFM_70447,lastFM_70447,2,2,2,1.0
lastFM_70701,lastFM_70701,2,3,2,0.6666666666666666
lastFM_70796,lastFM_70796,2,2,2,1.0
lastFM_70857,lastFM_70857,2,2,2,1.0
lastFM_70864,lastFM_70864,2,2,2,1.0
lastFM_70934,lastFM_70934,2,2,2,1.0
lastFM_71019,lastFM_71019,2,2,2,1.0
lastFM_71098,lastFM_71098,2,2,2,1.0
lastFM_71101,lastFM_71101,2,2,2,1.0
lastFM_71116,lastFM_71116,2,2,2,1.0
lastFM_71120,lastFM_71120,2,2,2,1.0
lastFM_7125,lastFM_7125,2,2,2,1.0
lastFM_71414,lastFM_71414,2,2,2,1.0
lastFM_7151,lastFM_7151,2,2,2,1.0
lastFM_71615,lastFM_71615,2,2,2,1.0
lastFM_71704,lastFM_71704,2,2,2,1.0
lastFM_71725,lastFM_71725,2,2,2,1.0
lastFM_71738,lastFM_71738,2,2,2,1.0
lastFM_71752,lastFM_71752,2,2,2,1.0
lastFM_7192,lastFM_7192,2,2,2,1.0
lastFM_72013,lastFM_72013,2,2,2,1.0
lastFM_72056,lastFM_72056,2,2,2,1.0
lastFM_72083,lastFM_72083,2,2,2,1.0
lastFM_72095,lastFM_72095,2,2,2,1.0
lastFM_72281,lastFM_72281,2,2,2,1.0
lastFM_7235,lastFM_7235,2,2,2,1.0
lastFM_72372,lastFM_72372,2,2,2,1.0
lastFM_72387,lastFM_72387,2,2,2,1.0
lastFM_7247,lastFM_7247,2,2,2,1.0
lastFM_72472,lastFM_72472,2,2,2,1.0
lastFM_72590,lastFM_72590,2,2,2,1.0
lastFM_72617,lastFM_72617,2,3,2,0.6666666666666666
lastFM_72652,lastFM_72652,2,2,2,1.0
lastFM_72701,lastFM_72701,2,2,2,1.0
lastFM_72717,lastFM_72717,2,2,2,1.0
lastFM_72747,lastFM_72747,2,2,2,1.0
lastFM_72772,lastFM_72772,2,3,2,0.6666666666666666
lastFM_72792,lastFM_72792,2,2,2,1.0
lastFM_72936,lastFM_72936,2,2,2,1.0
lastFM_72981,lastFM_72981,2,2,2,1.0
lastFM_73050,lastFM_73050,2,2,2,1.0
lastFM_73051,lastFM_73051,2,2,2,1.0
lastFM_73246,lastFM_73246,2,2,2,1.0
lastFM_73282,lastFM_73282,2,2,2,1.0
lastFM_73297,lastFM_73297,2,2,2,1.0
lastFM_73320,lastFM_73320,2,2,2,1.0
lastFM_73360,lastFM_73360,2,2,2,1.0
lastFM_73380,lastFM_73380,2,2,2,1.0
lastFM_73419,lastFM_73419,2,2,2,1.0
lastFM_7356,lastFM_7356,2,2,2,1.0
lastFM_73644,lastFM_73644,2,2,2,1.0
lastFM_7373,lastFM_7373,2,2,2,1.0
lastFM_73815,lastFM_73815,2,2,2,1.0
lastFM_73899,lastFM_73899,2,2,2,1.0
lastFM_7392,lastFM_7392,2,2,2,1.0
lastFM_73999,lastFM_73999,2,2,2,1.0
lastFM_74164,lastFM_74164,2,2,2,1.0
lastFM_74422,lastFM_74422,2,2,2,1.0
lastFM_74605,lastFM_74605,2,2,2,1.0
lastFM_74701,lastFM_74701,2,2,2,1.0
lastFM_7474,lastFM_7474,2,2,2,1.0
lastFM_74740,lastFM_74740,2,2,2,1.0
lastFM_74985,lastFM_74985,2,2,2,1.0
lastFM_75147,lastFM_75147,2,2,2,1.0
lastFM_75263,lastFM_75263,2,2,2,1.0
lastFM_75352,lastFM_75352,2,2,2,1.0
lastFM_7538,lastFM_7538,2,2,2,1.0
lastFM_75432,lastFM_75956,2,3,2,0.6666666666666666
lastFM_75448,lastFM_75448,2,2,2,1.0
lastFM_75459,lastFM_75459,2,2,2,1.0
lastFM_75577,lastFM_75577,2,2,2,1.0
lastFM_75586,lastFM_75586,2,2,2,1.0
lastFM_75735,lastFM_75735,2,2,2,1.0
lastFM_75824,lastFM_75824,2,2,2,1.0
lastFM_75833,lastFM_75833,2,2,2,1.0
lastFM_75857,lastFM_75857,2,2,2,1.0
lastFM_7596,lastFM_7596,2,2,2,1.0
lastFM_76014,lastFM_76014,2,2,2,1.0
lastFM_76185,lastFM_76185,2,2,2,1.0
lastFM_76477,lastFM_76477,2,2,2,1.0
lastFM_76507,lastFM_76507,2,2,2,1.0
lastFM_76561,lastFM_76561,2,2,2,1.0
lastFM_7657,lastFM_7657,2,2,2,1.0
lastFM_76614,lastFM_76614,2,2,2,1.0
lastFM_7677,lastFM_7677,2,2,2,1.0
lastFM_7694,lastFM_7694,2,2,2,1.0
lastFM_7698,lastFM_7698,2,2,2,1.0
lastFM_76996,lastFM_76996,2,2,2,1.0
lastFM_77001,lastFM_77001,2,2,2,1.0
lastFM_77044,lastFM_77044,2,2,2,1.0
lastFM_77295,lastFM_77295,2,2,2,1.0
lastFM_77305,lastFM_77305,2,2,2,1.0
lastFM_77414,lastFM_77414,2,2,2,1.0
lastFM_77441,lastFM_77441,1,2,1,0.5
lastFM_77555,lastFM_77555,2,2,2,1.0
lastFM_77629,lastFM_77629,2,2,2,1.0
lastFM_77712,lastFM_77712,2,2,2,1.0
lastFM_77732,lastFM_77732,2,2,2,1.0
lastFM_77853,lastFM_77853,2,2,2,1.0
lastFM_77865,lastFM_77865,2,2,2,1.0
lastFM_77880,lastFM_77880,2,2,2,1.0
lastFM_7789,lastFM_7789,2,2,2,1.0
lastFM_78143,lastFM_78143,2,2,2,1.0
lastFM_78306,lastFM_78306,2,2,2,1.0
lastFM_7836,lastFM_7836,2,2,2,1.0
lastFM_78415,lastFM_78415,2,2,2,1.0
lastFM_7844,lastFM_7844,2,2,2,1.0
lastFM_78468,lastFM_78468,2,2,2,1.0
lastFM_7857,lastFM_7857,2,2,2,1.0
lastFM_78581,lastFM_78581,2,2,2,1.0
lastFM_78672,lastFM_78672,2,2,2,1.0
lastFM_78718,lastFM_78718,2,2,2,1.0
lastFM_78843,lastFM_78843,2,2,2,1.0
lastFM_78863,lastFM_78863,2,2,2,1.0
lastFM_78877,lastFM_78877,2,2,2,1.0
lastFM_78932,lastFM_78932,2,2,2,1.0
lastFM_78966,lastFM_78966,2,2,2,1.0
lastFM_78984,lastFM_78984,2,2,2,1.0
lastFM_79006,lastFM_79006,2,2,2,1.0
lastFM_79052,lastFM_79052,2,2,2,1.0
lastFM_79108,lastFM_79108,2,2,2,1.0
lastFM_79252,lastFM_79252,2,4,2,0.5
lastFM_79276,lastFM_79276,2,2,2,1.0
lastFM_79324,lastFM_79324,2,2,2,1.0
lastFM_79500,lastFM_79500,2,2,2,1.0
lastFM_79648,lastFM_79648,2,2,2,1.0
lastFM_7997,lastFM_7997,2,2,2,1.0
lastFM_79995,lastFM_79995,2,2,2,1.0
lastFM_8014,lastFM_8014,2,2,2,1.0
lastFM_80143,lastFM_80143,2,2,2,1.0
lastFM_80460,lastFM_80460,2,2,2,1.0
lastFM_80555,lastFM_80555,2,2,2,1.0
lastFM_80558,lastFM_80558,2,2,2,1.0
lastFM_80640,lastFM_80640,1,2,1,0.5
lastFM_80704,lastFM_80704,2,2,2,1.0
lastFM_8073,lastFM_8073,2,2,2,1.0
lastFM_8076,lastFM_8076,2,2,2,1.0
lastFM_80769,lastFM_80769,2,2,2,1.0
lastFM_8088,lastFM_8088,2,2,2,1.0
lastFM_81002,lastFM_81002,2,2,2,1.0
lastFM_81244,lastFM_81244,2,2,2,1.0
lastFM_81307,lastFM_81307,2,2,2,1.0
lastFM_81341,lastFM_81341,2,2,2,1.0
lastFM_81448,lastFM_81448,2,2,2,1.0
lastFM_81524,lastFM_81524,2,2,2,1.0
lastFM_81591,lastFM_81591,2,2,2,1.0
lastFM_81626,lastFM_81626,2,2,2,1.0
lastFM_81635,lastFM_81635,2,2,2,1.0
lastFM_81741,lastFM_81741,2,2,2,1.0
lastFM_81836,lastFM_81836,1,2,1,0.5
lastFM_81926,lastFM_81926,1,2,1,0.5
lastFM_81975,lastFM_81975,2,2,2,1.0
lastFM_82083,lastFM_82083,2,2,2,1.0
lastFM_82208,lastFM_82208,2,2,2,1.0
lastFM_82221,lastFM_82221,2,2,2,1.0
lastFM_82314,lastFM_82314,2,2,2,1.0
lastFM_82385,lastFM_82385,2,2,2,1.0
lastFM_82620,lastFM_82620,2,2,2,1.0
lastFM_82643,lastFM_82643,2,2,2,1.0
lastFM_82921,lastFM_82921,2,2,2,1.0
lastFM_82952,lastFM_82952,2,2,2,1.0
lastFM_83037,lastFM_83037,2,2,2,1.0
lastFM_83111,lastFM_83111,2,2,2,1.0
lastFM_83227,lastFM_83227,2,2,2,1.0
lastFM_83571,lastFM_83571,2,2,2,1.0
lastFM_83591,lastFM_83591,2,2,2,1.0
lastFM_8423,lastFM_8423,2,2,2,1.0
lastFM_8436,lastFM_8436,2,2,2,1.0
lastFM_8639,lastFM_8639,2,2,2,1.0
lastFM_8657,lastFM_8657,2,2,2,1.0
lastFM_869,lastFM_869,2,2,2,1.0
lastFM_8695,lastFM_8695,2,2,2,1.0
lastFM_8720,lastFM_8720,2,2,2,1.0
lastFM_8800,lastFM_8800,2,2,2,1.0
lastFM_8909,lastFM_8909,2,2,2,1.0
lastFM_8915,lastFM_8915,2,2,2,1.0
lastFM_8926,lastFM_8926,2,2,2,1.0
lastFM_9102,lastFM_9102,2,2,2,1.0
lastFM_9234,lastFM_9234,2,2,2,1.0
lastFM_9246,lastFM_9246,2,2,2,1.0
lastFM_9253,lastFM_9253,2,2,2,1.0
lastFM_936,lastFM_936,2,2,2,1.0
lastFM_9364,lastFM_9364,2,2,2,1.0
lastFM_9560,lastFM_9560,2,2,2,1.0
lastFM_9688,lastFM_9688,2,2,2,1.0
lastFM_9794,lastFM_9794,2,2,2,1.0
lastFM_9917,lastFM_9917,2,2,2,1.0
