silver_cluster_id,best_pipe_cluster_id,overlap_count,silver_size,pipe_size,jaccard
discogs_100,lastFM_54,2,2,2,1.0
discogs_100122,discogs_44,3,12,3,0.25
discogs_100165,mbrainz_2096,2,5,2,0.4
discogs_100310,discogs_12299,2,4,2,0.5
discogs_10032,lastFM_4937,3,4,3,0.75
discogs_10045,discogs_189451,2,6,2,0.3333333333333333
discogs_100640,lastFM_24126,3,14,3,0.21428571428571427
discogs_100710,mbrainz_18707,3,5,3,0.6
discogs_10086,discogs_10086,2,2,2,1.0
discogs_10094,discogs_95232,2,4,2,0.5
discogs_100948,discogs_100948,1,12,1,0.08333333333333333
discogs_101,lastFM_55,3,3,3,1.0
discogs_101094,discogs_25521,3,52,3,0.057692307692307696
discogs_101139,mbrainz_18750,2,3,2,0.6666666666666666
discogs_101146,discogs_6285,3,22,3,0.13636363636363635
discogs_10116,lastFM_4976,3,3,3,1.0
discogs_10128,discogs_10128,2,2,2,1.0
discogs_101315,mbrainz_16109,3,13,3,0.23076923076923078
discogs_101323,discogs_101323,2,3,2,0.6666666666666666
discogs_101340,discogs_41261,2,4,2,0.5
discogs_101416,mbrainz_11491,3,10,3,0.3
discogs_10144,discogs_10144,2,2,2,1.0
discogs_101500,discogs_101500,2,3,2,0.6666666666666666
discogs_101523,discogs_115453,3,44,3,0.06818181818181818
discogs_10155,discogs_10155,3,16,3,0.1875
discogs_101710,discogs_101710,2,2,2,1.0
discogs_1018,discogs_1018,2,6,2,0.3333333333333333
discogs_101806,mbrainz_1448,2,6,2,0.3333333333333333
discogs_101845,lastFM_46175,3,3,3,1.0
discogs_101935,lastFM_17340,3,3,3,1.0
discogs_101939,mbrainz_10963,3,11,3,0.2727272727272727
discogs_101993,discogs_101993,2,5,2,0.4
discogs_102116,discogs_102116,2,2,2,1.0
discogs_102132,discogs_102132,2,2,2,1.0
discogs_10214,discogs_78410,2,4,2,0.5
discogs_10230,discogs_10230,3,3,3,1.0
discogs_1024,mbrainz_318,3,3,3,1.0
discogs_10244,mbrainz_4547,3,17,3,0.17647058823529413
discogs_102570,discogs_51610,2,4,2,0.5
discogs_102621,discogs_102621,2,2,2,1.0
discogs_102703,mbrainz_2741,3,61,3,0.04918032786885246
discogs_102711,discogs_40185,3,43,3,0.06976744186046512
discogs_10272,discogs_10272,2,9,2,0.2222222222222222
discogs_102844,lastFM_46597,3,3,3,1.0
discogs_102885,mbrainz_18982,2,2,2,1.0
discogs_102896,discogs_102896,3,5,3,0.6
discogs_10293,mbrainz_2337,2,3,2,0.6666666666666666
discogs_103010,discogs_21718,2,3,2,0.6666666666666666
discogs_10302,mbrainz_2341,3,118,3,0.025423728813559324
discogs_10303,discogs_10303,3,3,3,1.0
discogs_103190,mbrainz_350,3,65,3,0.046153846153846156
discogs_10320,mbrainz_2347,3,5,3,0.6
discogs_103256,lastFM_46774,3,3,3,1.0
discogs_10329,discogs_10329,2,2,2,1.0
discogs_103459,mbrainz_19059,2,2,2,1.0
discogs_103481,discogs_103481,2,2,2,1.0
discogs_103586,discogs_180909,2,3,2,0.6666666666666666
discogs_103623,discogs_103623,2,2,2,1.0
discogs_10363,mbrainz_2359,2,2,2,1.0
discogs_10374,lastFM_5080,3,3,3,1.0
discogs_103756,discogs_104191,2,4,2,0.5
discogs_103759,discogs_138933,2,3,2,0.6666666666666666
discogs_103775,discogs_103775,2,2,2,1.0
discogs_10378,mbrainz_1689,3,11,3,0.2727272727272727
discogs_103809,mbrainz_19105,2,2,2,1.0
discogs_103822,lastFM_53072,3,18,3,0.16666666666666666
discogs_103951,discogs_103951,3,3,3,1.0
discogs_103983,discogs_103983,2,2,2,1.0
discogs_10399,lastFM_5093,3,3,3,1.0
discogs_104,lastFM_29580,3,50,3,0.06
discogs_104213,discogs_104213,2,2,2,1.0
discogs_104224,mbrainz_5019,3,12,3,0.25
discogs_104248,discogs_25988,2,13,2,0.15384615384615385
discogs_10429,mbrainz_2373,3,3,3,1.0
discogs_104349,discogs_104349,3,3,3,1.0
discogs_104360,lastFM_47216,3,6,3,0.5
discogs_104463,mbrainz_11304,2,2,2,1.0
discogs_104481,mbrainz_8643,2,2,2,1.0
discogs_104500,discogs_104500,3,8,3,0.375
discogs_10473,mbrainz_2384,2,8,2,0.25
discogs_10480,discogs_10480,3,3,3,1.0
discogs_104874,mbrainz_5498,3,75,3,0.04
discogs_10495,lastFM_5131,3,4,3,0.75
discogs_104954,mbrainz_3092,2,5,2,0.4
discogs_105015,mbrainz_20266,2,2,2,1.0
discogs_10504,mbrainz_2397,2,2,2,1.0
discogs_10509,discogs_10509,3,6,3,0.5
discogs_105195,lastFM_47544,3,6,3,0.5
discogs_10526,mbrainz_2401,2,2,2,1.0
discogs_105399,discogs_105399,2,3,2,0.6666666666666666
discogs_1054,mbrainz_325,2,2,2,1.0
discogs_105404,discogs_105404,2,2,2,1.0
discogs_10546,discogs_10546,2,3,2,0.6666666666666666
discogs_105473,mbrainz_19317,3,7,3,0.42857142857142855
discogs_105476,mbrainz_19319,3,16,3,0.1875
discogs_105490,discogs_105490,2,3,2,0.6666666666666666
discogs_105792,mbrainz_1799,2,3,2,0.6666666666666666
discogs_10580,discogs_10580,2,3,2,0.6666666666666666
discogs_10583,discogs_10583,3,32,3,0.09375
discogs_10599,lastFM_5182,3,3,3,1.0
discogs_106,discogs_106,1,2,1,0.5
discogs_1060,mbrainz_24596,2,4,2,0.5
discogs_106146,mbrainz_23870,2,3,2,0.6666666666666666
discogs_106147,discogs_106147,2,3,2,0.6666666666666666
discogs_10631,mbrainz_2433,2,2,2,1.0
discogs_106317,discogs_106317,2,2,2,1.0
discogs_106454,mbrainz_2033,2,3,2,0.6666666666666666
discogs_106477,discogs_106477,3,3,3,1.0
discogs_106482,discogs_106482,2,3,2,0.6666666666666666
discogs_106507,mbrainz_16538,2,2,2,1.0
discogs_106593,mbrainz_4180,3,3,3,1.0
discogs_10662,discogs_10662,3,4,3,0.75
discogs_106628,mbrainz_19406,2,3,2,0.6666666666666666
discogs_10670,discogs_4608,3,32,3,0.09375
discogs_10674,discogs_10674,2,2,2,1.0
discogs_1070,discogs_1070,2,3,2,0.6666666666666666
discogs_107021,discogs_107021,3,5,3,0.6
discogs_107082,lastFM_14564,3,5,3,0.6
discogs_107109,lastFM_6378,3,57,3,0.05263157894736842
discogs_10717,mbrainz_2451,2,2,2,1.0
discogs_10728,mbrainz_2453,3,3,3,1.0
discogs_107322,mbrainz_2155,3,17,3,0.17647058823529413
discogs_107434,mbrainz_7870,3,24,3,0.125
discogs_107440,mbrainz_27949,2,2,2,1.0
discogs_10747,discogs_159377,2,5,2,0.4
discogs_10748,discogs_10748,3,3,3,1.0
discogs_107501,discogs_107501,3,3,3,1.0
discogs_107536,mbrainz_4940,2,2,2,1.0
discogs_107548,discogs_107548,3,10,3,0.3
discogs_107792,discogs_81466,2,3,2,0.6666666666666666
discogs_107839,mbrainz_1530,2,3,2,0.6666666666666666
discogs_108,mbrainz_44,3,3,3,1.0
discogs_108012,discogs_108012,1,3,1,0.3333333333333333
discogs_10804,lastFM_5278,3,16,3,0.1875
discogs_108086,discogs_341,3,30,3,0.1
discogs_10814,mbrainz_2477,2,3,2,0.6666666666666666
discogs_108263,discogs_108263,2,2,2,1.0
discogs_108266,mbrainz_19578,2,3,2,0.6666666666666666
discogs_108439,lastFM_48868,3,3,3,1.0
discogs_108456,discogs_108456,2,2,2,1.0
discogs_10850,lastFM_27337,3,4,3,0.75
discogs_108529,lastFM_48900,3,3,3,1.0
discogs_108535,discogs_108535,2,2,2,1.0
discogs_108576,mbrainz_4390,3,10,3,0.3
discogs_108586,discogs_108586,3,3,3,1.0
discogs_108623,mbrainz_19647,2,3,2,0.6666666666666666
discogs_10874,mbrainz_2485,2,3,2,0.6666666666666666
discogs_1088,discogs_38558,3,5,3,0.6
discogs_108821,discogs_108821,2,3,2,0.6666666666666666
discogs_109,discogs_109,2,2,2,1.0
discogs_109047,discogs_109047,2,2,2,1.0
discogs_109113,mbrainz_20461,3,3,3,1.0
discogs_109190,mbrainz_23646,3,3,3,1.0
discogs_109421,mbrainz_32464,2,4,2,0.5
discogs_109503,mbrainz_15089,2,2,2,1.0
discogs_109508,mbrainz_29161,2,3,2,0.6666666666666666
discogs_109556,discogs_99242,3,6,3,0.5
discogs_1096,discogs_1096,2,3,2,0.6666666666666666
discogs_10965,mbrainz_2511,3,3,3,1.0
discogs_10972,discogs_10972,2,2,2,1.0
discogs_10975,lastFM_5362,3,3,3,1.0
discogs_109804,discogs_63740,2,10,2,0.2
discogs_10981,lastFM_27905,2,4,2,0.5
discogs_10982,lastFM_5365,3,4,3,0.75
discogs_109972,mbrainz_19719,3,3,3,1.0
discogs_11,discogs_11,2,2,2,1.0
discogs_11001,mbrainz_2516,3,3,3,1.0
discogs_11004,mbrainz_2518,2,2,2,1.0
discogs_11005,discogs_11005,2,2,2,1.0
discogs_1101,discogs_1101,2,2,2,1.0
discogs_110104,mbrainz_15395,3,7,3,0.42857142857142855
discogs_110126,mbrainz_19740,3,4,3,0.75
discogs_110142,mbrainz_19745,3,3,3,1.0
discogs_110190,mbrainz_8791,2,3,2,0.6666666666666666
discogs_110222,discogs_110222,2,2,2,1.0
discogs_110472,discogs_110472,3,4,3,0.75
discogs_110530,discogs_110530,2,3,2,0.6666666666666666
discogs_11054,discogs_239,3,5,3,0.6
discogs_11055,lastFM_5395,3,3,3,1.0
discogs_110803,mbrainz_19831,3,3,3,1.0
discogs_110806,discogs_110806,2,3,2,0.6666666666666666
discogs_110906,discogs_110906,3,10,3,0.3
discogs_110986,mbrainz_19853,3,7,3,0.42857142857142855
discogs_111,mbrainz_46,3,3,3,1.0
discogs_1110,discogs_1110,3,3,3,1.0
discogs_111015,lastFM_49922,3,4,3,0.75
discogs_111021,discogs_111021,2,4,3,0.4
discogs_11105,mbrainz_2542,3,3,3,1.0
discogs_111265,discogs_111265,2,2,2,1.0
discogs_111272,discogs_111272,2,2,2,1.0
discogs_111460,discogs_111460,3,3,3,1.0
discogs_111489,discogs_111489,3,3,3,1.0
discogs_11149,mbrainz_2558,3,3,3,1.0
discogs_111537,discogs_111537,2,2,2,1.0
discogs_11156,discogs_11156,2,2,2,1.0
discogs_111596,mbrainz_908,2,4,2,0.5
discogs_111609,mbrainz_4266,3,4,3,0.75
discogs_111695,discogs_13209,2,3,2,0.6666666666666666
discogs_1117,mbrainz_341,3,3,3,1.0
discogs_111787,lastFM_50250,3,3,3,1.0
discogs_111791,mbrainz_1903,2,3,2,0.6666666666666666
discogs_111862,discogs_118645,3,55,3,0.05454545454545454
discogs_111897,mbrainz_19986,3,3,3,1.0
discogs_111908,mbrainz_19987,2,2,2,1.0
discogs_111963,lastFM_50314,2,4,2,0.5
discogs_111970,mbrainz_2,3,10,3,0.3
discogs_112273,mbrainz_13120,3,3,3,1.0
discogs_112334,lastFM_50466,3,3,3,1.0
discogs_112500,discogs_9170,2,4,2,0.5
discogs_11262,mbrainz_2581,2,2,2,1.0
discogs_112649,discogs_112649,3,3,3,1.0
discogs_11274,discogs_11274,3,3,3,1.0
discogs_112755,mbrainz_20116,3,4,3,0.75
discogs_112781,mbrainz_16484,2,3,2,0.6666666666666666
discogs_112967,mbrainz_1298,2,3,2,0.6666666666666666
discogs_113102,lastFM_24220,3,14,3,0.21428571428571427
discogs_11311,lastFM_5517,3,3,3,1.0
discogs_113151,discogs_113151,2,2,2,1.0
discogs_113171,mbrainz_20175,3,90,3,0.03333333333333333
discogs_113189,lastFM_50829,3,8,3,0.375
discogs_113196,lastFM_50832,3,3,3,1.0
discogs_113382,discogs_113382,2,2,2,1.0
discogs_113442,lastFM_50931,3,3,3,1.0
discogs_1135,discogs_1135,3,3,3,1.0
discogs_113523,lastFM_33138,3,4,3,0.75
discogs_113529,mbrainz_8359,3,5,3,0.6
discogs_11355,mbrainz_2603,3,3,3,1.0
discogs_113578,mbrainz_11212,2,3,2,0.6666666666666666
discogs_113637,mbrainz_20244,2,17,2,0.11764705882352941
discogs_113681,discogs_168007,2,3,2,0.6666666666666666
discogs_113846,discogs_113846,1,3,1,0.3333333333333333
discogs_113863,discogs_113863,2,3,2,0.6666666666666666
discogs_113966,discogs_113966,2,2,2,1.0
discogs_113969,mbrainz_20291,3,3,3,1.0
discogs_114017,mbrainz_20300,2,3,2,0.6666666666666666
discogs_114043,mbrainz_13211,2,2,2,1.0
discogs_114096,lastFM_26303,3,4,3,0.75
discogs_114165,mbrainz_7057,2,6,2,0.3333333333333333
discogs_1143,discogs_1143,2,2,2,1.0
discogs_114392,mbrainz_20366,3,3,3,1.0
discogs_114396,lastFM_51330,3,3,3,1.0
discogs_11441,lastFM_5577,3,3,3,1.0
discogs_114552,lastFM_51397,3,3,3,1.0
discogs_114666,mbrainz_20280,2,2,2,1.0
discogs_114685,lastFM_51455,3,16,3,0.1875
discogs_114760,mbrainz_20428,2,4,2,0.5
discogs_114782,mbrainz_20434,3,3,3,1.0
discogs_11495,discogs_11495,1,2,1,0.5
discogs_114954,discogs_114954,2,3,2,0.6666666666666666
discogs_114969,mbrainz_3010,2,4,2,0.5
discogs_115,discogs_115,3,3,3,1.0
discogs_115138,discogs_115138,3,4,3,0.75
discogs_11520,lastFM_1973,3,8,3,0.375
discogs_115203,mbrainz_6370,2,6,2,0.3333333333333333
discogs_115241,lastFM_6998,3,8,3,0.375
discogs_115256,discogs_27518,3,16,3,0.1875
discogs_115286,mbrainz_2387,2,6,2,0.3333333333333333
discogs_11529,lastFM_5615,2,3,2,0.6666666666666666
discogs_11536,discogs_11536,1,3,1,0.3333333333333333
discogs_11548,discogs_11907,2,3,2,0.6666666666666666
discogs_1155,lastFM_650,3,3,3,1.0
discogs_115515,mbrainz_4460,3,57,3,0.05263157894736842
discogs_115587,discogs_115587,2,4,2,0.5
discogs_115736,discogs_8193,3,4,3,0.75
discogs_115793,mbrainz_20598,2,2,2,1.0
discogs_115805,lastFM_59316,3,3,3,1.0
discogs_115843,discogs_672,3,16,3,0.1875
discogs_116118,lastFM_52017,3,3,3,1.0
discogs_116139,discogs_177,3,8,3,0.375
discogs_116180,discogs_116180,3,25,3,0.12
discogs_1163,discogs_1163,3,6,3,0.5
discogs_11632,discogs_11632,2,5,2,0.4
discogs_11646,discogs_11646,3,3,3,1.0
discogs_11649,discogs_11649,2,2,2,1.0
discogs_11655,lastFM_5670,3,3,3,1.0
discogs_11660,discogs_11660,2,2,2,1.0
discogs_116744,lastFM_7150,3,6,3,0.5
discogs_11676,mbrainz_2674,3,4,3,0.75
discogs_116843,mbrainz_20762,3,3,3,1.0
discogs_116921,lastFM_52333,3,3,3,1.0
discogs_117,mbrainz_49,3,3,3,1.0
discogs_1171,mbrainz_356,2,3,2,0.6666666666666666
discogs_117186,mbrainz_20809,2,3,2,0.6666666666666666
discogs_11721,discogs_11721,2,2,2,1.0
discogs_11730,mbrainz_2689,2,3,2,0.6666666666666666
discogs_1175,lastFM_368,3,5,3,0.6
discogs_11750,mbrainz_2695,2,2,2,1.0
discogs_11751,discogs_11751,2,2,2,1.0
discogs_11753,mbrainz_2696,2,2,2,1.0
discogs_117614,lastFM_52591,3,3,3,1.0
discogs_117644,discogs_117644,2,2,2,1.0
discogs_117694,mbrainz_20880,2,2,2,1.0
discogs_11776,mbrainz_2702,2,2,2,1.0
discogs_11782,discogs_11782,2,2,2,1.0
discogs_11804,discogs_11804,2,2,2,1.0
discogs_11814,discogs_11814,3,3,3,1.0
discogs_118153,discogs_118153,2,2,2,1.0
discogs_118160,mbrainz_9004,2,2,2,1.0
discogs_118231,discogs_17229,2,5,2,0.4
discogs_1183,lastFM_666,3,3,3,1.0
discogs_118316,lastFM_53597,3,4,3,0.75
discogs_11838,discogs_11838,3,3,3,1.0
discogs_118528,mbrainz_20987,3,34,3,0.08823529411764706
discogs_118561,discogs_118561,2,3,2,0.6666666666666666
discogs_11858,discogs_11858,3,3,3,1.0
discogs_11860,mbrainz_2719,2,12,2,0.16666666666666666
discogs_118639,discogs_118639,3,3,3,1.0
discogs_11880,mbrainz_2722,3,3,3,1.0
discogs_118877,mbrainz_9239,2,4,2,0.5
discogs_118956,lastFM_53144,3,3,3,1.0
discogs_118995,mbrainz_22063,3,4,3,0.75
discogs_119,lastFM_68,3,3,3,1.0
discogs_119009,mbrainz_21042,2,2,2,1.0
discogs_119103,mbrainz_2945,3,31,3,0.0967741935483871
discogs_11927,discogs_38649,2,3,2,0.6666666666666666
discogs_11928,discogs_94539,2,4,2,0.5
discogs_119315,discogs_119315,2,3,2,0.6666666666666666
discogs_11936,mbrainz_873,2,5,2,0.4
discogs_119425,mbrainz_13138,2,4,2,0.5
discogs_119488,mbrainz_1835,2,3,2,0.6666666666666666
discogs_119588,discogs_119588,3,5,3,0.6
discogs_119605,discogs_119605,3,3,3,1.0
discogs_119685,lastFM_53437,3,3,3,1.0
discogs_11975,mbrainz_2743,3,3,3,1.0
discogs_11976,lastFM_5832,3,13,3,0.23076923076923078
discogs_11986,mbrainz_2591,2,2,2,1.0
discogs_119870,mbrainz_1186,2,7,2,0.2857142857142857
discogs_11992,mbrainz_1805,2,3,2,0.6666666666666666
discogs_120005,mbrainz_6892,2,3,2,0.6666666666666666
discogs_120008,discogs_120008,2,3,2,0.6666666666666666
discogs_120087,mbrainz_21193,3,3,3,1.0
discogs_12030,lastFM_5854,3,8,3,0.375
discogs_1204,discogs_1204,2,2,2,1.0
discogs_12044,lastFM_72366,2,4,2,0.5
discogs_120447,discogs_120447,3,3,3,1.0
discogs_12050,discogs_12050,2,2,2,1.0
discogs_12052,mbrainz_2750,2,5,2,0.4
discogs_120525,mbrainz_20507,2,4,2,0.5
discogs_12055,discogs_12055,2,2,2,1.0
discogs_12065,mbrainz_2764,2,2,2,1.0
discogs_120729,mbrainz_21295,3,3,3,1.0
discogs_120886,discogs_120886,3,3,3,1.0
discogs_120905,mbrainz_7097,2,6,2,0.3333333333333333
discogs_12093,mbrainz_2774,2,2,2,1.0
discogs_12101,mbrainz_1570,2,2,2,1.0
discogs_121064,discogs_7860,2,3,2,0.6666666666666666
discogs_121088,discogs_121088,1,3,1,0.3333333333333333
discogs_12109,discogs_12109,2,2,2,1.0
discogs_121165,lastFM_21256,2,3,2,0.6666666666666666
discogs_121414,lastFM_55963,3,9,3,0.3333333333333333
discogs_121437,lastFM_8572,3,74,3,0.04054054054054054
discogs_121599,discogs_121599,2,3,2,0.6666666666666666
discogs_12162,discogs_12162,3,3,3,1.0
discogs_121645,mbrainz_21428,2,3,2,0.6666666666666666
discogs_121826,discogs_121826,3,3,3,1.0
discogs_12188,lastFM_5934,3,3,3,1.0
discogs_122117,lastFM_54423,3,3,3,1.0
discogs_122140,mbrainz_15000,2,6,2,0.3333333333333333
discogs_122196,mbrainz_21505,3,3,3,1.0
discogs_12233,mbrainz_2035,2,2,2,1.0
discogs_12234,mbrainz_2805,3,3,3,1.0
discogs_12243,discogs_35741,3,28,3,0.10714285714285714
discogs_122439,discogs_122439,2,2,2,1.0
discogs_122442,discogs_122442,2,3,2,0.6666666666666666
discogs_12248,discogs_12248,2,4,2,0.5
discogs_12271,mbrainz_2816,3,3,3,1.0
discogs_122749,discogs_122749,3,6,3,0.5
discogs_122830,discogs_39704,2,4,2,0.5
discogs_122864,discogs_134778,2,3,2,0.6666666666666666
discogs_12287,discogs_12287,3,3,3,1.0
discogs_122873,discogs_122873,3,3,3,1.0
discogs_123014,mbrainz_12359,3,8,3,0.375
discogs_12308,lastFM_202,3,5,3,0.6
discogs_123251,discogs_123251,2,3,2,0.6666666666666666
discogs_123316,mbrainz_4495,2,4,2,0.5
discogs_12337,mbrainz_2835,2,3,2,0.6666666666666666
discogs_123395,discogs_123395,3,3,3,1.0
discogs_12343,mbrainz_2836,3,3,3,1.0
discogs_123430,discogs_123430,3,38,3,0.07894736842105263
discogs_1235,lastFM_444,3,3,3,1.0
discogs_1236,lastFM_697,3,4,3,0.75
discogs_123721,discogs_12986,3,19,3,0.15789473684210525
discogs_12374,discogs_12374,2,2,2,1.0
discogs_12396,mbrainz_13202,2,3,2,0.6666666666666666
discogs_12399,mbrainz_2849,3,4,3,0.75
discogs_124,mbrainz_52,2,2,2,1.0
discogs_12412,mbrainz_2851,2,3,2,0.6666666666666666
discogs_124245,discogs_124245,2,11,2,0.18181818181818182
discogs_12431,mbrainz_2856,2,2,2,1.0
discogs_124316,discogs_53955,2,3,2,0.6666666666666666
discogs_12432,mbrainz_2857,2,2,2,1.0
discogs_124380,discogs_124380,2,4,2,0.5
discogs_124386,mbrainz_13921,2,2,2,1.0
discogs_12467,mbrainz_2867,2,2,2,1.0
discogs_12468,discogs_12468,2,3,2,0.6666666666666666
discogs_12474,lastFM_6084,3,3,3,1.0
discogs_12475,discogs_167512,2,3,2,0.6666666666666666
discogs_12482,lastFM_6089,3,3,3,1.0
discogs_1249,mbrainz_292,2,5,2,0.4
discogs_125186,lastFM_55673,3,3,3,1.0
discogs_125216,mbrainz_20494,2,2,2,1.0
discogs_125229,discogs_125229,2,2,2,1.0
discogs_125275,mbrainz_21962,3,3,3,1.0
discogs_125318,mbrainz_21967,3,3,3,1.0
discogs_125404,discogs_125406,2,3,2,0.6666666666666666
discogs_125413,mbrainz_21978,3,3,3,1.0
discogs_125545,discogs_83660,3,6,3,0.5
discogs_12555,mbrainz_2887,2,2,2,1.0
discogs_125562,mbrainz_21997,3,3,3,1.0
discogs_12560,mbrainz_2891,3,3,3,1.0
discogs_1257,mbrainz_375,2,2,2,1.0
discogs_12585,lastFM_6132,2,2,2,1.0
discogs_125883,discogs_125883,2,2,2,1.0
discogs_125917,mbrainz_22047,3,3,3,1.0
discogs_12592,discogs_12592,3,3,3,1.0
discogs_126,mbrainz_54,3,3,3,1.0
discogs_126024,mbrainz_22069,2,2,2,1.0
discogs_126027,discogs_129314,2,4,2,0.5
discogs_12611,lastFM_6144,3,3,3,1.0
discogs_12612,discogs_12612,3,6,3,0.5
discogs_126258,discogs_126258,3,3,3,1.0
discogs_12626,discogs_9466,2,3,2,0.6666666666666666
discogs_126283,discogs_126283,1,2,1,0.5
discogs_126287,discogs_126287,2,5,2,0.4
discogs_126559,discogs_126683,2,3,2,0.6666666666666666
discogs_12656,discogs_12656,3,3,3,1.0
discogs_126580,mbrainz_20463,2,2,2,1.0
discogs_1266,discogs_1765,2,4,2,0.5
discogs_12664,mbrainz_2922,2,2,2,1.0
discogs_126696,mbrainz_2005,2,4,2,0.5
discogs_1267,discogs_1267,2,2,2,1.0
discogs_126743,discogs_126743,2,2,2,1.0
discogs_126816,lastFM_56290,3,3,3,1.0
discogs_126903,discogs_126903,2,2,2,1.0
discogs_126946,discogs_126946,2,2,2,1.0
discogs_126986,lastFM_2038,3,7,3,0.42857142857142855
discogs_127,discogs_55797,3,5,3,0.6
discogs_127015,discogs_127015,2,2,2,1.0
discogs_127079,mbrainz_16375,2,2,2,1.0
discogs_127156,mbrainz_22237,3,3,3,1.0
discogs_12717,discogs_12717,2,2,2,1.0
discogs_12719,discogs_12719,3,3,3,1.0
discogs_12732,mbrainz_2937,2,2,2,1.0
discogs_127350,mbrainz_22272,3,3,3,1.0
discogs_127439,lastFM_56542,3,6,3,0.5
discogs_127444,discogs_15012,2,3,2,0.6666666666666666
discogs_127577,discogs_127577,2,3,2,0.6666666666666666
discogs_12763,mbrainz_2948,2,2,2,1.0
discogs_12768,mbrainz_2950,3,3,3,1.0
discogs_127723,mbrainz_22327,3,3,3,1.0
discogs_127782,mbrainz_3734,2,4,2,0.5
discogs_127805,discogs_98778,2,5,2,0.4
discogs_12785,discogs_12785,1,2,1,0.5
discogs_12787,lastFM_6239,3,6,3,0.5
discogs_12788,mbrainz_2952,2,2,2,1.0
discogs_128,mbrainz_56,2,3,2,0.6666666666666666
discogs_128073,lastFM_56810,3,3,3,1.0
discogs_12813,mbrainz_2961,3,5,3,0.6
discogs_128206,mbrainz_22405,2,3,2,0.6666666666666666
discogs_128349,discogs_128349,3,3,3,1.0
discogs_128567,discogs_128567,3,3,3,1.0
discogs_12858,discogs_13481,2,4,2,0.5
discogs_128699,lastFM_57059,3,3,3,1.0
discogs_12899,mbrainz_2979,3,12,3,0.25
discogs_129,mbrainz_57,2,3,2,0.6666666666666666
discogs_12904,mbrainz_2981,2,3,2,0.6666666666666666
discogs_129050,discogs_130184,2,5,2,0.4
discogs_12907,discogs_12907,2,2,2,1.0
discogs_12917,mbrainz_2984,3,3,3,1.0
discogs_129260,lastFM_14182,3,4,3,0.75
discogs_129285,discogs_1600,3,23,3,0.13043478260869565
discogs_129306,mbrainz_22460,2,2,2,1.0
discogs_12941,mbrainz_6014,3,4,3,0.75
discogs_129436,discogs_129436,2,2,2,1.0
discogs_12980,mbrainz_2996,3,3,3,1.0
discogs_129831,mbrainz_15080,2,5,2,0.4
discogs_129945,mbrainz_22701,3,3,3,1.0
discogs_13,mbrainz_7,3,4,3,0.75
discogs_130010,lastFM_57614,3,3,3,1.0
discogs_13006,discogs_13006,3,3,3,1.0
discogs_130070,mbrainz_9406,2,3,2,0.6666666666666666
discogs_130166,lastFM_57674,3,3,3,1.0
discogs_1302,mbrainz_385,3,4,3,0.75
discogs_130299,discogs_130299,2,2,2,1.0
discogs_130395,lastFM_57765,3,3,3,1.0
discogs_130396,mbrainz_24470,2,3,2,0.6666666666666666
discogs_130455,discogs_130455,2,6,2,0.3333333333333333
discogs_130521,discogs_130521,2,2,2,1.0
discogs_130646,discogs_130646,2,3,2,0.6666666666666666
discogs_13071,lastFM_6375,3,3,3,1.0
discogs_130772,discogs_130772,2,3,2,0.6666666666666666
discogs_13088,mbrainz_3019,3,3,3,1.0
discogs_130922,discogs_130922,3,3,3,1.0
discogs_13098,mbrainz_3021,3,3,3,1.0
discogs_13102,discogs_13102,3,3,3,1.0
discogs_13104,mbrainz_526,2,2,2,1.0
discogs_131101,mbrainz_8422,2,5,2,0.4
discogs_13115,mbrainz_3025,2,2,2,1.0
discogs_131279,mbrainz_22894,3,3,3,1.0
discogs_131346,mbrainz_22905,2,2,2,1.0
discogs_13137,discogs_13137,3,3,3,1.0
discogs_131400,lastFM_58142,3,3,3,1.0
discogs_13150,discogs_13150,2,2,2,1.0
discogs_131603,mbrainz_22938,2,3,2,0.6666666666666666
discogs_131709,discogs_134832,2,4,2,0.5
discogs_131791,mbrainz_22970,2,2,2,1.0
discogs_13180,mbrainz_847,2,2,2,1.0
discogs_131876,lastFM_35721,3,3,3,1.0
discogs_131969,lastFM_26709,3,10,3,0.3
discogs_132019,mbrainz_1153,3,4,3,0.75
discogs_132080,discogs_80261,2,7,2,0.2857142857142857
discogs_132151,lastFM_58434,3,3,3,1.0
discogs_13245,discogs_13245,3,3,3,1.0
discogs_13274,mbrainz_2365,2,3,2,0.6666666666666666
discogs_132785,mbrainz_13824,2,2,2,1.0
discogs_132842,discogs_132842,2,2,2,1.0
discogs_13298,discogs_118916,2,3,2,0.6666666666666666
discogs_13299,discogs_66623,3,7,3,0.42857142857142855
discogs_133027,discogs_133027,2,2,2,1.0
discogs_133107,discogs_133107,3,3,3,1.0
discogs_133138,mbrainz_7574,3,6,3,0.5
discogs_133176,mbrainz_24467,2,4,2,0.5
discogs_133214,discogs_133214,3,3,3,1.0
discogs_13325,lastFM_6480,3,3,3,1.0
discogs_133273,lastFM_58877,2,3,2,0.6666666666666666
discogs_133322,mbrainz_5616,2,4,2,0.5
discogs_133352,lastFM_58905,3,3,3,1.0
discogs_133459,mbrainz_23238,3,3,3,1.0
discogs_13356,discogs_13356,2,3,2,0.6666666666666666
discogs_133761,lastFM_59073,3,4,3,0.75
discogs_13379,discogs_13379,2,2,2,1.0
discogs_13390,mbrainz_3075,2,2,2,1.0
discogs_133944,discogs_133944,2,3,2,0.6666666666666666
discogs_1341,discogs_1341,3,3,3,1.0
discogs_134361,lastFM_5060,3,6,3,0.5
discogs_134379,lastFM_59311,3,3,3,1.0
discogs_13444,discogs_13444,3,3,3,1.0
discogs_134445,discogs_134445,3,3,3,1.0
discogs_134716,lastFM_59449,3,3,3,1.0
discogs_13472,mbrainz_3098,3,4,3,0.75
discogs_13479,discogs_13479,3,3,3,1.0
discogs_13486,mbrainz_8735,3,21,3,0.14285714285714285
discogs_135,lastFM_79,3,3,3,1.0
discogs_13504,mbrainz_3106,2,3,2,0.6666666666666666
discogs_13517,discogs_80326,2,3,2,0.6666666666666666
discogs_13531,mbrainz_3113,3,3,3,1.0
discogs_13543,lastFM_6582,3,3,3,1.0
discogs_13544,discogs_13544,2,3,2,0.6666666666666666
discogs_135444,lastFM_59735,3,12,3,0.25
discogs_135490,discogs_5060,2,4,2,0.5
discogs_135494,mbrainz_23552,2,2,2,1.0
discogs_13554,mbrainz_635,3,13,3,0.23076923076923078
discogs_135704,mbrainz_23596,3,3,3,1.0
discogs_13580,discogs_13580,3,3,3,1.0
discogs_13591,mbrainz_2160,2,6,2,0.3333333333333333
discogs_136,lastFM_80,3,20,3,0.15
discogs_136064,mbrainz_23664,2,2,2,1.0
discogs_136157,discogs_136157,3,3,3,1.0
discogs_136167,discogs_136167,3,3,3,1.0
discogs_1362,mbrainz_278,2,3,2,0.6666666666666666
discogs_13632,discogs_13632,2,2,2,1.0
discogs_136390,discogs_136390,3,6,3,0.5
discogs_13642,discogs_13642,3,3,3,1.0
discogs_136507,lastFM_58619,2,2,2,1.0
discogs_13655,lastFM_6641,3,9,3,0.3333333333333333
discogs_136555,mbrainz_23749,3,3,3,1.0
discogs_136567,mbrainz_11495,2,3,2,0.6666666666666666
discogs_136727,discogs_136727,2,3,2,0.6666666666666666
discogs_136852,mbrainz_23796,3,3,3,1.0
discogs_137085,mbrainz_23838,3,3,3,1.0
discogs_137138,lastFM_60429,3,14,3,0.21428571428571427
discogs_137230,discogs_137230,3,3,3,1.0
discogs_13725,discogs_13725,2,3,2,0.6666666666666666
discogs_137326,discogs_8770,2,3,2,0.6666666666666666
discogs_137412,discogs_137412,2,2,2,1.0
discogs_137475,lastFM_60575,2,2,2,1.0
discogs_137598,discogs_137598,3,3,3,1.0
discogs_13764,discogs_13764,2,2,2,1.0
discogs_137715,mbrainz_24408,3,3,3,1.0
discogs_13772,mbrainz_3175,3,13,3,0.23076923076923078
discogs_137768,discogs_137768,3,3,3,1.0
discogs_13777,lastFM_6705,3,3,3,1.0
discogs_13787,mbrainz_1764,2,3,2,0.6666666666666666
discogs_137917,mbrainz_24155,2,2,2,1.0
discogs_138,discogs_138,3,3,3,1.0
discogs_138074,discogs_189613,3,7,3,0.42857142857142855
discogs_13818,mbrainz_2610,2,7,2,0.2857142857142857
discogs_13834,mbrainz_3191,2,3,2,0.6666666666666666
discogs_13840,mbrainz_3195,2,2,2,1.0
discogs_138430,discogs_138430,2,2,2,1.0
discogs_138635,lastFM_61012,3,3,3,1.0
discogs_13896,mbrainz_8619,3,11,3,0.2727272727272727
discogs_139002,mbrainz_24150,3,3,3,1.0
discogs_13945,lastFM_4786,2,4,2,0.5
discogs_139459,discogs_16407,2,4,2,0.5
discogs_13953,lastFM_9536,3,8,3,0.375
discogs_139629,mbrainz_16932,3,3,3,1.0
discogs_14,lastFM_23040,2,2,2,1.0
discogs_140,discogs_140,3,3,3,1.0
discogs_1401,mbrainz_221,3,3,3,1.0
discogs_140313,discogs_140313,2,2,2,1.0
discogs_140357,lastFM_61677,3,3,3,1.0
discogs_140388,mbrainz_4225,2,2,2,1.0
discogs_14054,mbrainz_3238,2,2,2,1.0
discogs_14064,lastFM_6832,3,3,3,1.0
discogs_140739,discogs_140739,3,4,3,0.75
discogs_14074,discogs_14074,2,3,2,0.6666666666666666
discogs_14081,mbrainz_3245,2,3,2,0.6666666666666666
discogs_140955,discogs_140955,3,3,3,1.0
discogs_14107,mbrainz_1279,2,3,2,0.6666666666666666
discogs_141088,mbrainz_24490,3,3,3,1.0
discogs_14112,discogs_14112,2,2,2,1.0
discogs_141135,lastFM_61984,3,25,3,0.12
discogs_141169,mbrainz_24503,3,3,3,1.0
discogs_14128,discogs_14128,2,2,2,1.0
discogs_141355,lastFM_43115,3,5,3,0.6
discogs_141389,mbrainz_24538,3,3,3,1.0
discogs_141431,discogs_143240,2,5,2,0.4
discogs_14145,discogs_14145,2,2,2,1.0
discogs_14146,mbrainz_3265,2,2,2,1.0
discogs_14147,mbrainz_1426,3,7,3,0.42857142857142855
discogs_14153,lastFM_6877,3,3,3,1.0
discogs_14160,discogs_14160,2,2,2,1.0
discogs_141758,mbrainz_16163,2,2,2,1.0
discogs_141790,mbrainz_404,2,4,2,0.5
discogs_14188,mbrainz_3278,2,2,2,1.0
discogs_141886,mbrainz_24610,2,2,2,1.0
discogs_142088,discogs_142088,2,2,2,1.0
discogs_14216,lastFM_6905,2,2,2,1.0
discogs_14224,mbrainz_3287,3,3,3,1.0
discogs_14236,discogs_14236,1,2,1,0.5
discogs_14239,lastFM_6915,3,3,3,1.0
discogs_14247,discogs_14247,2,2,2,1.0
discogs_1425,mbrainz_400,2,11,2,0.18181818181818182
discogs_14260,lastFM_6927,3,3,3,1.0
discogs_14263,discogs_14263,2,2,2,1.0
discogs_142690,mbrainz_1692,2,3,2,0.6666666666666666
discogs_14278,discogs_14278,2,3,2,0.6666666666666666
discogs_14290,mbrainz_3309,3,9,3,0.3333333333333333
discogs_142929,discogs_142929,3,3,3,1.0
discogs_142937,mbrainz_13319,2,3,2,0.6666666666666666
discogs_14298,discogs_14298,1,3,1,0.3333333333333333
discogs_14315,lastFM_6963,3,4,3,0.75
discogs_14344,discogs_14344,2,2,2,1.0
discogs_143460,mbrainz_1625,3,4,3,0.75
discogs_143546,mbrainz_1651,2,3,2,0.6666666666666666
discogs_143583,mbrainz_4356,2,3,2,0.6666666666666666
discogs_14363,discogs_14363,2,2,2,1.0
discogs_143738,discogs_4994,2,3,2,0.6666666666666666
discogs_144090,mbrainz_28981,3,3,3,1.0
discogs_14447,discogs_14447,2,3,2,0.6666666666666666
discogs_14463,lastFM_13630,3,11,3,0.2727272727272727
discogs_144679,discogs_144679,2,2,2,1.0
discogs_14470,mbrainz_3359,3,3,3,1.0
discogs_144992,discogs_144992,2,8,2,0.25
discogs_145,mbrainz_65,3,3,3,1.0
discogs_145000,mbrainz_25146,2,2,2,1.0
discogs_145276,mbrainz_25191,2,2,2,1.0
discogs_14532,discogs_14532,2,3,2,0.6666666666666666
discogs_145421,lastFM_63634,3,6,3,0.5
discogs_145482,discogs_145482,2,2,2,1.0
discogs_14558,discogs_161282,2,3,2,0.6666666666666666
discogs_145792,mbrainz_25278,2,2,2,1.0
discogs_145799,mbrainz_2050,2,3,2,0.6666666666666666
discogs_145828,mbrainz_25284,3,3,3,1.0
discogs_146,lastFM_88,3,3,3,1.0
discogs_146133,mbrainz_2611,2,7,2,0.2857142857142857
discogs_146210,mbrainz_7899,2,3,2,0.6666666666666666
discogs_14622,mbrainz_3386,2,3,2,0.6666666666666666
discogs_14628,discogs_14628,1,2,1,0.5
discogs_14629,discogs_14629,2,3,2,0.6666666666666666
discogs_146440,lastFM_41616,3,4,3,0.75
discogs_146453,lastFM_63999,3,3,3,1.0
discogs_1466,discogs_1466,3,3,3,1.0
discogs_146684,mbrainz_25416,2,3,2,0.6666666666666666
discogs_14673,discogs_14673,2,2,2,1.0
discogs_146795,discogs_146795,2,3,2,0.6666666666666666
discogs_14688,discogs_14688,2,2,2,1.0
discogs_1471,discogs_1471,2,2,2,1.0
discogs_147237,discogs_147237,2,4,2,0.5
discogs_14737,mbrainz_3415,2,2,2,1.0
discogs_14744,mbrainz_3416,2,2,2,1.0
discogs_147530,discogs_164866,3,11,3,0.2727272727272727
discogs_147592,discogs_147592,2,2,2,1.0
discogs_14768,mbrainz_3343,2,2,2,1.0
discogs_14779,mbrainz_3423,3,3,3,1.0
discogs_14780,discogs_14780,2,2,2,1.0
discogs_147918,discogs_147918,2,2,2,1.0
discogs_147932,mbrainz_1954,2,4,2,0.5
discogs_148,mbrainz_67,2,2,2,1.0
discogs_148039,mbrainz_25098,2,2,2,1.0
discogs_14818,discogs_14818,3,3,3,1.0
discogs_148237,mbrainz_25686,3,3,3,1.0
discogs_148267,discogs_148267,3,3,3,1.0
discogs_148456,mbrainz_25722,2,2,2,1.0
discogs_14847,mbrainz_3442,2,3,2,0.6666666666666666
discogs_14877,discogs_14877,3,6,3,0.5
discogs_148936,mbrainz_25816,3,3,3,1.0
discogs_14898,mbrainz_3454,2,2,2,1.0
discogs_149,discogs_149,3,3,3,1.0
discogs_149032,mbrainz_25835,2,3,2,0.6666666666666666
discogs_14914,discogs_14914,3,3,3,1.0
discogs_14928,mbrainz_1103,2,2,2,1.0
discogs_149281,mbrainz_2335,2,4,2,0.5
discogs_149438,discogs_1819,2,3,2,0.6666666666666666
discogs_149482,mbrainz_7573,2,3,2,0.6666666666666666
discogs_149503,discogs_149503,2,4,2,0.5
discogs_14956,discogs_14956,2,2,2,1.0
discogs_14959,discogs_49529,3,4,3,0.75
discogs_149592,lastFM_65227,3,3,3,1.0
discogs_14960,discogs_14960,3,3,3,1.0
discogs_14971,mbrainz_3474,2,2,2,1.0
discogs_149927,discogs_79799,2,5,2,0.4
discogs_149938,discogs_149938,3,3,3,1.0
discogs_150079,lastFM_65406,3,3,3,1.0
discogs_150172,discogs_150172,3,3,3,1.0
discogs_150354,discogs_25292,2,3,2,0.6666666666666666
discogs_15040,lastFM_7308,3,3,3,1.0
discogs_150615,mbrainz_26099,3,3,3,1.0
discogs_150642,mbrainz_26107,2,3,2,0.6666666666666666
discogs_150726,discogs_1799,3,29,3,0.10344827586206896
discogs_15084,mbrainz_3504,3,3,3,1.0
discogs_150976,mbrainz_8287,2,4,2,0.5
discogs_15098,lastFM_7338,3,3,3,1.0
discogs_151009,discogs_80426,2,4,2,0.5
discogs_151032,lastFM_32543,2,3,2,0.6666666666666666
discogs_151192,lastFM_65837,3,3,3,1.0
discogs_151316,mbrainz_24312,2,2,2,1.0
discogs_151725,mbrainz_19306,2,2,2,1.0
discogs_151835,mbrainz_1867,2,7,2,0.2857142857142857
discogs_15187,discogs_15187,2,2,2,1.0
discogs_15189,mbrainz_2639,2,2,2,1.0
discogs_15215,discogs_15215,3,3,3,1.0
discogs_15248,discogs_15248,3,3,3,1.0
discogs_15250,mbrainz_3545,3,3,3,1.0
discogs_15262,mbrainz_3546,3,3,3,1.0
discogs_15272,discogs_15272,3,3,3,1.0
discogs_15274,discogs_15274,2,2,2,1.0
discogs_152970,lastFM_66484,3,5,3,0.6
discogs_152985,discogs_152985,2,3,2,0.6666666666666666
discogs_15305,mbrainz_3557,3,3,3,1.0
discogs_1531,lastFM_82118,2,3,2,0.6666666666666666
discogs_153124,discogs_153124,3,3,3,1.0
discogs_153138,mbrainz_1619,2,3,2,0.6666666666666666
discogs_15323,discogs_15323,2,2,2,1.0
discogs_153301,lastFM_66626,3,3,3,1.0
discogs_153307,mbrainz_26560,3,5,3,0.6
discogs_15337,discogs_15337,3,3,3,1.0
discogs_153493,lastFM_39237,3,15,3,0.2
discogs_15361,discogs_15361,2,3,2,0.6666666666666666
discogs_153719,mbrainz_1982,2,5,2,0.4
discogs_153730,lastFM_66794,3,3,3,1.0
discogs_15388,lastFM_7467,3,6,3,0.5
discogs_15395,mbrainz_3579,3,3,3,1.0
discogs_153956,discogs_153956,2,2,2,1.0
discogs_15408,mbrainz_3584,2,2,2,1.0
discogs_154302,mbrainz_12103,2,3,2,0.6666666666666666
discogs_154333,discogs_154333,2,5,2,0.4
discogs_15435,discogs_15435,2,2,2,1.0
discogs_15447,lastFM_7505,3,3,3,1.0
discogs_154844,mbrainz_14364,2,3,2,0.6666666666666666
discogs_154995,mbrainz_17701,2,3,2,0.6666666666666666
discogs_15505,lastFM_7536,3,3,3,1.0
discogs_155054,discogs_155054,3,3,3,1.0
discogs_15506,discogs_15506,2,2,2,1.0
discogs_15517,discogs_15517,3,3,3,1.0
discogs_155234,lastFM_31956,3,6,3,0.5
discogs_155311,discogs_46936,2,5,2,0.4
discogs_155484,discogs_169350,3,6,3,0.5
discogs_15580,discogs_15580,2,2,2,1.0
discogs_156,discogs_156,3,3,3,1.0
discogs_156032,discogs_156032,3,3,3,1.0
discogs_156107,discogs_30531,2,5,2,0.4
discogs_156183,discogs_3066,2,3,2,0.6666666666666666
discogs_15638,mbrainz_3644,2,4,2,0.5
discogs_15655,discogs_54232,3,5,3,0.6
discogs_15661,discogs_15661,2,2,2,1.0
discogs_15662,mbrainz_3652,2,2,2,1.0
discogs_157018,discogs_157018,2,3,2,0.6666666666666666
discogs_15702,discogs_15702,3,3,3,1.0
discogs_15707,mbrainz_3665,2,5,2,0.4
discogs_15725,mbrainz_3669,3,3,3,1.0
discogs_157409,discogs_157409,2,3,2,0.6666666666666666
discogs_157478,mbrainz_5532,2,3,2,0.6666666666666666
discogs_1577,mbrainz_423,3,3,3,1.0
discogs_157710,discogs_177937,2,3,2,0.6666666666666666
discogs_158131,discogs_158131,3,4,3,0.75
discogs_15819,mbrainz_3686,3,3,3,1.0
discogs_158226,mbrainz_6678,3,5,3,0.6
discogs_158465,mbrainz_12476,2,3,2,0.6666666666666666
discogs_158524,lastFM_68652,2,2,2,1.0
discogs_15869,mbrainz_2129,2,2,2,1.0
discogs_159,discogs_159,2,2,2,1.0
discogs_15939,discogs_15939,2,4,2,0.5
discogs_15947,discogs_7525,2,3,2,0.6666666666666666
discogs_15955,mbrainz_3718,2,2,2,1.0
discogs_15964,mbrainz_3721,2,2,2,1.0
discogs_15966,mbrainz_3723,3,4,3,0.75
discogs_15971,lastFM_7754,3,6,3,0.5
discogs_159719,discogs_91138,2,3,2,0.6666666666666666
discogs_15986,discogs_15986,2,2,2,1.0
discogs_159888,mbrainz_6502,2,3,2,0.6666666666666666
discogs_16001,mbrainz_3732,2,2,2,1.0
discogs_16005,discogs_16005,2,2,2,1.0
discogs_16062,discogs_16062,3,14,3,0.21428571428571427
discogs_160628,mbrainz_5760,2,3,2,0.6666666666666666
discogs_16093,discogs_16093,3,3,3,1.0
discogs_161,discogs_161,2,3,2,0.6666666666666666
discogs_161188,discogs_83767,2,3,2,0.6666666666666666
discogs_16131,lastFM_46450,2,3,2,0.6666666666666666
discogs_16143,mbrainz_3759,2,2,2,1.0
discogs_16155,mbrainz_3764,3,3,3,1.0
discogs_16168,discogs_16168,2,2,2,1.0
discogs_16188,mbrainz_3776,2,2,2,1.0
discogs_161924,discogs_161924,3,3,3,1.0
discogs_16197,discogs_16197,3,3,3,1.0
discogs_161995,mbrainz_27902,3,3,3,1.0
discogs_16205,mbrainz_3782,3,3,3,1.0
discogs_16218,lastFM_7866,3,3,3,1.0
discogs_16242,discogs_16242,3,3,3,1.0
discogs_16262,lastFM_7890,3,3,3,1.0
discogs_16269,mbrainz_3801,3,3,3,1.0
discogs_162715,mbrainz_28026,2,2,2,1.0
discogs_16286,mbrainz_3804,3,6,3,0.5
discogs_16289,mbrainz_3806,2,2,2,1.0
discogs_16322,mbrainz_3815,3,8,3,0.375
discogs_163380,discogs_163380,2,2,2,1.0
discogs_16342,discogs_16342,3,3,3,1.0
discogs_1635,discogs_1635,3,3,3,1.0
discogs_16351,discogs_16351,2,4,2,0.5
discogs_16359,mbrainz_3823,2,2,2,1.0
discogs_1636,mbrainz_436,2,3,2,0.6666666666666666
discogs_164179,mbrainz_1179,2,3,2,0.6666666666666666
discogs_16437,discogs_16437,2,2,2,1.0
discogs_164396,discogs_9454,2,3,2,0.6666666666666666
discogs_164542,lastFM_10376,3,4,3,0.75
discogs_164686,discogs_164686,3,3,3,1.0
discogs_164861,discogs_164861,3,5,3,0.6
discogs_1650,discogs_174912,2,3,2,0.6666666666666666
discogs_16530,mbrainz_3860,2,2,2,1.0
discogs_165390,mbrainz_1157,2,5,2,0.4
discogs_16548,discogs_16548,3,3,3,1.0
discogs_16570,lastFM_8050,3,3,3,1.0
discogs_166068,mbrainz_28581,2,2,2,1.0
discogs_16634,discogs_16634,2,2,2,1.0
discogs_16635,mbrainz_3896,3,3,3,1.0
discogs_166352,discogs_166352,3,3,3,1.0
discogs_166382,mbrainz_28629,3,5,3,0.6
discogs_16649,mbrainz_3899,3,3,3,1.0
discogs_166533,mbrainz_24494,2,2,2,1.0
discogs_16686,lastFM_8113,3,4,3,0.75
discogs_16687,discogs_16687,2,2,2,1.0
discogs_167,mbrainz_74,3,9,3,0.3333333333333333
discogs_1670,discogs_71203,2,3,2,0.6666666666666666
discogs_16700,mbrainz_854,2,2,2,1.0
discogs_16707,discogs_16707,3,3,3,1.0
discogs_16729,discogs_16729,2,2,2,1.0
discogs_167341,mbrainz_28768,2,2,2,1.0
discogs_16739,mbrainz_3924,3,3,3,1.0
discogs_16764,discogs_16764,3,6,3,0.5
discogs_167688,mbrainz_15263,3,12,3,0.25
discogs_16813,discogs_16813,2,2,2,1.0
discogs_1683,discogs_1683,3,3,3,1.0
discogs_168351,lastFM_72299,3,3,3,1.0
discogs_168523,mbrainz_14511,3,8,3,0.375
discogs_168588,lastFM_72401,3,3,3,1.0
discogs_16863,discogs_16863,3,3,3,1.0
discogs_168759,lastFM_72465,3,3,3,1.0
discogs_168814,mbrainz_11359,3,15,3,0.2
discogs_16887,lastFM_8210,3,3,3,1.0
discogs_16925,mbrainz_3961,3,3,3,1.0
discogs_169508,lastFM_34472,2,10,2,0.2
discogs_16958,lastFM_8237,3,3,3,1.0
discogs_169673,lastFM_2054,3,21,3,0.14285714285714285
discogs_16974,mbrainz_3971,2,2,2,1.0
discogs_169761,lastFM_72903,3,3,3,1.0
discogs_16985,mbrainz_3974,2,2,2,1.0
discogs_169896,mbrainz_29254,3,3,3,1.0
discogs_16995,mbrainz_3979,3,3,3,1.0
discogs_17,lastFM_11,3,3,3,1.0
discogs_17008,discogs_17008,2,2,2,1.0
discogs_17046,discogs_98622,3,17,3,0.17647058823529413
discogs_17064,mbrainz_3992,3,3,3,1.0
discogs_171,discogs_171,2,2,2,1.0
discogs_17171,mbrainz_4012,2,3,2,0.6666666666666666
discogs_171893,discogs_19258,2,4,2,0.5
discogs_17196,mbrainz_4017,3,3,3,1.0
discogs_17245,discogs_17245,3,3,3,1.0
discogs_17258,mbrainz_4034,2,4,2,0.5
discogs_17266,discogs_67444,2,3,2,0.6666666666666666
discogs_172880,mbrainz_13911,2,2,2,1.0
discogs_17299,discogs_17299,2,2,2,1.0
discogs_173,discogs_173,2,2,2,1.0
discogs_17311,discogs_17311,2,2,2,1.0
discogs_17316,lastFM_8404,3,3,3,1.0
discogs_173214,discogs_173214,3,15,3,0.2
discogs_173409,mbrainz_29794,2,4,2,0.5
discogs_17352,discogs_17352,3,3,3,1.0
discogs_17365,discogs_17365,2,2,2,1.0
discogs_173815,mbrainz_4107,2,3,2,0.6666666666666666
discogs_17388,mbrainz_4063,2,3,2,0.6666666666666666
discogs_17393,discogs_17393,2,2,2,1.0
discogs_17404,lastFM_8442,3,3,3,1.0
discogs_174089,discogs_174089,2,2,2,1.0
discogs_17434,mbrainz_4073,3,3,3,1.0
discogs_174437,lastFM_2442,3,4,3,0.75
discogs_174537,discogs_174538,2,4,2,0.5
discogs_17464,discogs_17464,2,2,2,1.0
discogs_174884,lastFM_74938,3,3,3,1.0
discogs_17493,discogs_17493,2,2,2,1.0
discogs_17500,discogs_17500,3,3,3,1.0
discogs_175499,discogs_175499,2,2,2,1.0
discogs_17553,discogs_17553,2,2,2,1.0
discogs_17560,mbrainz_386,2,3,2,0.6666666666666666
discogs_175607,mbrainz_30104,3,3,3,1.0
discogs_17565,lastFM_8517,3,3,3,1.0
discogs_17592,discogs_17592,2,2,2,1.0
discogs_176,mbrainz_77,3,3,3,1.0
discogs_176452,discogs_176452,3,3,3,1.0
discogs_17656,discogs_17656,2,2,2,1.0
discogs_17690,mbrainz_4130,2,2,2,1.0
discogs_176903,discogs_176903,3,3,3,1.0
discogs_177088,discogs_177088,2,2,2,1.0
discogs_17709,lastFM_8578,3,3,3,1.0
discogs_17716,lastFM_8582,3,3,3,1.0
discogs_177544,lastFM_81339,2,3,2,0.6666666666666666
discogs_177633,discogs_88029,2,4,2,0.5
discogs_177808,discogs_177808,2,3,2,0.6666666666666666
discogs_17790,mbrainz_4154,2,3,2,0.6666666666666666
discogs_178,lastFM_13052,3,4,3,0.75
discogs_17818,mbrainz_4158,2,3,2,0.6666666666666666
discogs_178646,mbrainz_30588,3,3,3,1.0
discogs_17869,mbrainz_4170,2,3,2,0.6666666666666666
discogs_17874,mbrainz_4172,3,3,3,1.0
discogs_17875,mbrainz_4173,3,3,3,1.0
discogs_178925,discogs_178925,2,7,2,0.2857142857142857
discogs_17915,mbrainz_4185,3,3,3,1.0
discogs_179222,discogs_48032,3,5,3,0.6
discogs_179974,mbrainz_16115,2,3,2,0.6666666666666666
discogs_180,lastFM_104,3,3,3,1.0
discogs_18003,mbrainz_4206,3,3,3,1.0
discogs_18013,discogs_18013,3,3,3,1.0
discogs_180273,discogs_180273,3,3,3,1.0
discogs_1804,mbrainz_471,3,3,3,1.0
discogs_18047,discogs_18047,3,3,3,1.0
discogs_18053,discogs_18053,3,3,3,1.0
discogs_18077,discogs_18077,2,2,2,1.0
discogs_18098,discogs_18098,3,3,3,1.0
discogs_181092,discogs_181092,2,2,2,1.0
discogs_181281,mbrainz_31032,3,3,3,1.0
discogs_181422,mbrainz_31064,3,4,3,0.75
discogs_18145,mbrainz_4250,2,2,2,1.0
discogs_1817,discogs_1817,3,3,3,1.0
discogs_181810,mbrainz_29355,2,2,2,1.0
discogs_181820,mbrainz_6826,2,5,2,0.4
discogs_181892,lastFM_77569,3,3,3,1.0
discogs_182227,mbrainz_12085,2,3,2,0.6666666666666666
discogs_18229,lastFM_8828,3,3,3,1.0
discogs_1825,mbrainz_478,3,3,3,1.0
discogs_182925,discogs_182925,3,3,3,1.0
discogs_18298,mbrainz_4279,3,3,3,1.0
discogs_183013,mbrainz_1653,2,4,2,0.5
discogs_183590,mbrainz_31436,2,2,2,1.0
discogs_18360,discogs_197640,2,3,2,0.6666666666666666
discogs_183673,mbrainz_31451,2,3,2,0.6666666666666666
discogs_184489,mbrainz_14165,2,3,2,0.6666666666666666
discogs_18461,discogs_18461,2,2,2,1.0
discogs_18462,lastFM_3745,3,5,3,0.6
discogs_18484,mbrainz_4325,3,3,3,1.0
discogs_18486,mbrainz_4327,2,2,2,1.0
discogs_18489,mbrainz_4330,2,2,2,1.0
discogs_18491,mbrainz_2863,2,2,2,1.0
discogs_184979,discogs_184979,3,3,3,1.0
discogs_18500,discogs_18500,2,4,2,0.5
discogs_18531,lastFM_8961,3,7,3,0.42857142857142855
discogs_18532,discogs_18532,2,3,2,0.6666666666666666
discogs_186,discogs_186,2,2,2,1.0
discogs_18641,discogs_18641,2,2,2,1.0
discogs_18675,mbrainz_3655,3,4,3,0.75
discogs_18677,mbrainz_2272,2,3,2,0.6666666666666666
discogs_18681,lastFM_9039,3,3,3,1.0
discogs_18730,discogs_18730,2,2,2,1.0
discogs_187388,mbrainz_12839,2,3,2,0.6666666666666666
discogs_18765,mbrainz_4392,3,4,3,0.75
discogs_187705,mbrainz_14952,2,3,2,0.6666666666666666
discogs_18797,lastFM_9093,3,21,3,0.14285714285714285
discogs_188,discogs_188,2,2,2,1.0
discogs_18850,mbrainz_6737,3,10,3,0.3
discogs_18875,discogs_18875,3,3,3,1.0
discogs_189,lastFM_108,3,6,3,0.5
discogs_18901,lastFM_9137,3,3,3,1.0
discogs_18931,discogs_18931,2,2,2,1.0
discogs_189743,discogs_189743,3,3,3,1.0
discogs_18981,mbrainz_3192,2,2,2,1.0
discogs_18983,discogs_18983,3,3,3,1.0
discogs_18986,lastFM_10937,3,6,3,0.5
discogs_19005,discogs_19005,3,3,3,1.0
discogs_19022,discogs_6889,2,4,2,0.5
discogs_19104,lastFM_9238,3,3,3,1.0
discogs_191099,discogs_191099,3,3,3,1.0
discogs_1912,mbrainz_487,2,2,2,1.0
discogs_19120,mbrainz_4489,2,2,2,1.0
discogs_191256,mbrainz_21066,2,3,2,0.6666666666666666
discogs_1913,discogs_1913,3,3,3,1.0
discogs_19148,lastFM_9254,3,3,3,1.0
discogs_19183,lastFM_9267,3,3,3,1.0
discogs_19184,mbrainz_4499,2,2,2,1.0
discogs_191949,discogs_7901,3,4,3,0.75
discogs_192,discogs_192,3,3,3,1.0
discogs_1920,lastFM_1041,3,15,3,0.2
discogs_19221,mbrainz_1606,2,2,2,1.0
discogs_19227,lastFM_9281,3,3,3,1.0
discogs_19246,mbrainz_1674,2,2,2,1.0
discogs_19255,discogs_19255,2,2,2,1.0
discogs_192740,discogs_192740,3,3,3,1.0
discogs_193004,mbrainz_32988,3,3,3,1.0
discogs_19315,mbrainz_4527,3,3,3,1.0
discogs_19330,mbrainz_4531,2,3,2,0.6666666666666666
discogs_19339,mbrainz_4533,2,2,2,1.0
discogs_193550,discogs_193550,2,2,2,1.0
discogs_19357,discogs_19357,3,4,3,0.75
discogs_193712,lastFM_82014,3,3,3,1.0
discogs_194,mbrainz_85,3,4,3,0.75
discogs_19400,mbrainz_4543,3,3,3,1.0
discogs_19405,lastFM_9369,3,3,3,1.0
discogs_19414,discogs_19414,3,3,3,1.0
discogs_19417,mbrainz_4549,3,3,3,1.0
discogs_19426,discogs_19426,1,4,1,0.25
discogs_19454,discogs_19454,3,3,3,1.0
discogs_19470,mbrainz_4571,2,2,2,1.0
discogs_19510,discogs_19510,3,3,3,1.0
discogs_195103,mbrainz_33344,3,3,3,1.0
discogs_19520,discogs_19520,2,2,2,1.0
discogs_19535,discogs_19535,3,3,3,1.0
discogs_19556,discogs_19556,2,2,2,1.0
discogs_19560,discogs_19560,2,2,2,1.0
discogs_19561,mbrainz_4592,3,3,3,1.0
discogs_195613,discogs_195613,3,3,3,1.0
discogs_19585,lastFM_9468,3,3,3,1.0
discogs_196,discogs_196,2,2,2,1.0
discogs_19604,lastFM_9475,3,3,3,1.0
discogs_19605,mbrainz_4599,3,3,3,1.0
discogs_196116,discogs_36814,2,6,2,0.3333333333333333
discogs_196160,mbrainz_27773,2,6,2,0.3333333333333333
discogs_19634,mbrainz_4608,2,2,2,1.0
discogs_1965,discogs_1965,3,3,3,1.0
discogs_19653,lastFM_9500,3,3,3,1.0
discogs_19670,mbrainz_4615,3,3,3,1.0
discogs_197,discogs_197,3,12,3,0.25
discogs_19801,mbrainz_4641,3,3,3,1.0
discogs_19822,mbrainz_4644,2,2,2,1.0
discogs_19833,discogs_19833,2,2,2,1.0
discogs_1985,mbrainz_5766,2,4,2,0.5
discogs_199,mbrainz_88,2,2,2,1.0
discogs_19909,discogs_19909,2,2,2,1.0
discogs_1992,discogs_1992,2,2,2,1.0
discogs_19936,mbrainz_4667,2,2,2,1.0
discogs_1997,discogs_1997,3,3,3,1.0
discogs_19986,discogs_19986,2,2,2,1.0
discogs_20019,discogs_20019,3,3,3,1.0
discogs_20081,discogs_20081,1,2,1,0.5
discogs_201,discogs_201,2,2,2,1.0
discogs_20115,lastFM_9708,3,3,3,1.0
discogs_2014,mbrainz_459,2,2,2,1.0
discogs_202,mbrainz_90,3,3,3,1.0
discogs_203,mbrainz_91,3,3,3,1.0
discogs_20315,discogs_20315,3,6,3,0.5
discogs_20352,discogs_20352,3,3,3,1.0
discogs_20414,lastFM_9869,2,2,2,1.0
discogs_20465,lastFM_9890,3,3,3,1.0
discogs_20506,discogs_97213,2,3,2,0.6666666666666666
discogs_20633,discogs_20633,2,2,2,1.0
discogs_2064,lastFM_1103,3,5,3,0.6
discogs_20643,mbrainz_4811,2,2,2,1.0
discogs_20646,lastFM_9966,3,3,3,1.0
discogs_20669,discogs_20669,3,6,3,0.5
discogs_20715,discogs_20715,2,2,2,1.0
discogs_2074,lastFM_1110,3,3,3,1.0
discogs_20810,discogs_20810,2,2,2,1.0
discogs_20831,mbrainz_4850,3,3,3,1.0
discogs_20842,lastFM_10061,3,3,3,1.0
discogs_20894,discogs_20894,3,3,3,1.0
discogs_2091,discogs_2091,3,3,3,1.0
discogs_21,mbrainz_10,2,3,2,0.6666666666666666
discogs_21003,discogs_21003,3,3,3,1.0
discogs_21012,mbrainz_4894,2,2,2,1.0
discogs_2102,mbrainz_512,2,2,2,1.0
discogs_21065,mbrainz_4904,2,2,2,1.0
discogs_211,discogs_211,2,2,2,1.0
discogs_21112,discogs_21112,2,2,2,1.0
discogs_21136,mbrainz_4919,2,2,2,1.0
discogs_212,lastFM_124,3,3,3,1.0
discogs_21242,discogs_21242,2,2,2,1.0
discogs_21264,mbrainz_3735,2,2,2,1.0
discogs_2131,discogs_77693,3,6,3,0.5
discogs_21313,discogs_21313,2,2,2,1.0
discogs_21329,lastFM_10307,3,3,3,1.0
discogs_21358,mbrainz_4979,2,2,2,1.0
discogs_21401,mbrainz_4985,3,3,3,1.0
discogs_21408,discogs_7556,2,3,2,0.6666666666666666
discogs_21468,mbrainz_5000,2,2,2,1.0
discogs_21532,mbrainz_5009,2,3,2,0.6666666666666666
discogs_21545,mbrainz_1092,2,5,2,0.4
discogs_21581,discogs_21581,2,2,2,1.0
discogs_216,discogs_216,2,5,2,0.4
discogs_21616,discogs_21616,2,2,2,1.0
discogs_21640,mbrainz_5038,2,2,2,1.0
discogs_21648,discogs_40227,2,3,2,0.6666666666666666
discogs_21658,mbrainz_5043,2,3,2,0.6666666666666666
discogs_21684,mbrainz_280,3,7,3,0.42857142857142855
discogs_21695,mbrainz_5053,3,11,3,0.2727272727272727
discogs_21696,mbrainz_5054,3,3,3,1.0
discogs_21701,discogs_21701,2,2,2,1.0
discogs_2171,mbrainz_528,3,3,3,1.0
discogs_21829,discogs_21829,3,3,3,1.0
discogs_2184,mbrainz_529,2,3,2,0.6666666666666666
discogs_21884,discogs_21884,3,3,3,1.0
discogs_219,mbrainz_96,2,2,2,1.0
discogs_21903,discogs_21903,3,5,3,0.6
discogs_21963,discogs_21963,2,3,2,0.6666666666666666
discogs_21973,mbrainz_5115,2,3,2,0.6666666666666666
discogs_2200,discogs_2200,2,2,2,1.0
discogs_22025,discogs_22025,2,3,2,0.6666666666666666
discogs_22030,mbrainz_5107,3,3,3,1.0
discogs_22150,discogs_22150,3,3,3,1.0
discogs_22224,lastFM_10749,3,3,3,1.0
discogs_22237,discogs_22237,2,2,2,1.0
discogs_2228,discogs_2228,3,3,3,1.0
discogs_22292,discogs_22292,3,3,3,1.0
discogs_2231,discogs_2231,3,3,3,1.0
discogs_22352,discogs_22352,3,5,3,0.6
discogs_22373,discogs_22373,2,2,2,1.0
discogs_22381,discogs_22381,3,3,3,1.0
discogs_224,mbrainz_98,2,2,2,1.0
discogs_22430,discogs_22430,2,2,2,1.0
discogs_22437,lastFM_10871,3,3,3,1.0
discogs_22441,mbrainz_2834,2,2,2,1.0
discogs_22493,mbrainz_5227,2,2,2,1.0
discogs_22502,discogs_22502,3,3,3,1.0
discogs_2253,mbrainz_542,3,3,3,1.0
discogs_22538,discogs_22538,3,3,3,1.0
discogs_22639,discogs_22639,3,3,3,1.0
discogs_22640,mbrainz_5259,3,3,3,1.0
discogs_22653,lastFM_10972,3,3,3,1.0
discogs_22686,discogs_22686,2,2,2,1.0
discogs_22711,mbrainz_3030,2,2,2,1.0
discogs_2273,mbrainz_547,2,2,2,1.0
discogs_22772,discogs_22772,3,3,3,1.0
discogs_22786,lastFM_11039,3,7,3,0.42857142857142855
discogs_228,mbrainz_100,2,4,2,0.5
discogs_22812,discogs_22812,3,3,3,1.0
discogs_22859,discogs_22859,3,3,3,1.0
discogs_22924,mbrainz_5311,3,3,3,1.0
discogs_22963,lastFM_11122,3,4,3,0.75
discogs_22964,mbrainz_17326,2,2,2,1.0
discogs_23,mbrainz_11,2,2,2,1.0
discogs_230,mbrainz_102,3,3,3,1.0
discogs_23012,mbrainz_199,2,4,2,0.5
discogs_23096,mbrainz_5338,3,3,3,1.0
discogs_2310,discogs_2310,3,3,3,1.0
discogs_23104,lastFM_9511,3,5,3,0.6
discogs_23138,mbrainz_5347,2,2,2,1.0
discogs_2318,discogs_2318,3,3,3,1.0
discogs_23208,mbrainz_5358,3,3,3,1.0
discogs_23212,discogs_23212,3,3,3,1.0
discogs_23227,mbrainz_5364,2,2,2,1.0
discogs_2323,lastFM_1219,3,3,3,1.0
discogs_23237,mbrainz_5370,2,2,2,1.0
discogs_23279,mbrainz_5379,2,2,2,1.0
discogs_23303,discogs_23303,2,2,2,1.0
discogs_23371,lastFM_11312,3,3,3,1.0
discogs_234,mbrainz_103,3,3,3,1.0
discogs_23476,mbrainz_5424,2,2,2,1.0
discogs_23515,mbrainz_5431,3,3,3,1.0
discogs_23533,mbrainz_5434,3,3,3,1.0
discogs_237,lastFM_140,3,3,3,1.0
discogs_2370,lastFM_1241,3,3,3,1.0
discogs_23753,mbrainz_5478,2,2,2,1.0
discogs_23754,mbrainz_5479,3,3,3,1.0
discogs_238,mbrainz_107,2,3,2,0.6666666666666666
discogs_23836,mbrainz_5492,3,3,3,1.0
discogs_23845,discogs_23845,2,2,2,1.0
discogs_23858,discogs_23858,2,2,2,1.0
discogs_2390,discogs_2390,3,3,3,1.0
discogs_2398,mbrainz_571,3,3,3,1.0
discogs_23999,mbrainz_1334,2,3,2,0.6666666666666666
discogs_24008,discogs_24008,3,3,3,1.0
discogs_24028,lastFM_290,3,7,3,0.42857142857142855
discogs_242,mbrainz_110,2,2,2,1.0
discogs_2421,discogs_2421,3,9,3,0.3333333333333333
discogs_24211,lastFM_11713,3,7,3,0.42857142857142855
discogs_24261,discogs_24261,2,2,2,1.0
discogs_24299,discogs_54374,2,3,2,0.6666666666666666
discogs_243,mbrainz_111,3,3,3,1.0
discogs_24336,lastFM_11773,3,3,3,1.0
discogs_24349,discogs_24349,3,3,3,1.0
discogs_24471,mbrainz_5624,2,2,2,1.0
discogs_245,lastFM_148,3,3,3,1.0
discogs_24523,discogs_24523,2,2,2,1.0
discogs_24571,mbrainz_5639,2,2,2,1.0
discogs_24592,discogs_24592,2,2,2,1.0
discogs_246,mbrainz_114,2,2,2,1.0
discogs_24658,lastFM_11922,3,3,3,1.0
discogs_24669,mbrainz_5666,3,3,3,1.0
discogs_24673,mbrainz_5380,2,2,2,1.0
discogs_24776,discogs_24776,2,2,2,1.0
discogs_24785,discogs_24785,3,3,3,1.0
discogs_24830,mbrainz_5700,2,2,2,1.0
discogs_24831,mbrainz_5701,3,3,3,1.0
discogs_249,mbrainz_115,2,2,2,1.0
discogs_24900,discogs_24900,3,3,3,1.0
discogs_24910,mbrainz_5716,2,2,2,1.0
discogs_24929,mbrainz_3701,2,2,2,1.0
discogs_24945,discogs_24945,2,3,2,0.6666666666666666
discogs_24976,mbrainz_5730,3,3,3,1.0
discogs_250,lastFM_152,3,3,3,1.0
discogs_25008,discogs_25008,3,3,3,1.0
discogs_25011,mbrainz_4624,2,2,2,1.0
discogs_25044,discogs_25044,3,3,3,1.0
discogs_25057,discogs_25057,2,2,2,1.0
discogs_2506,discogs_2506,3,5,3,0.6
discogs_25132,lastFM_29341,2,4,2,0.5
discogs_25158,mbrainz_7867,2,3,2,0.6666666666666666
discogs_252,discogs_252,3,3,3,1.0
discogs_25200,lastFM_4150,3,3,3,1.0
discogs_25208,discogs_25208,2,4,2,0.5
discogs_25221,discogs_25221,2,2,2,1.0
discogs_25246,discogs_25246,1,3,1,0.3333333333333333
discogs_25343,mbrainz_5809,2,2,2,1.0
discogs_254,mbrainz_119,2,2,2,1.0
discogs_25436,discogs_25436,1,8,1,0.125
discogs_2551,mbrainz_588,3,3,3,1.0
discogs_25548,lastFM_35465,3,6,3,0.5
discogs_256,discogs_256,3,3,3,1.0
discogs_25616,lastFM_12376,3,3,3,1.0
discogs_25677,discogs_66288,3,4,3,0.75
discogs_25746,discogs_25746,3,3,3,1.0
discogs_25756,lastFM_4208,3,7,3,0.42857142857142855
discogs_258,mbrainz_122,2,3,2,0.6666666666666666
discogs_25844,mbrainz_5926,3,5,3,0.6
discogs_259,mbrainz_123,2,2,2,1.0
discogs_2592,mbrainz_592,3,3,3,1.0
discogs_25943,discogs_25943,2,6,2,0.3333333333333333
discogs_26,mbrainz_12,3,3,3,1.0
discogs_2600,discogs_2600,3,3,3,1.0
discogs_26010,discogs_26010,3,3,3,1.0
discogs_26127,mbrainz_2309,2,2,2,1.0
discogs_26153,lastFM_12629,3,3,3,1.0
discogs_26161,mbrainz_6000,2,3,2,0.6666666666666666
discogs_26172,discogs_26172,3,5,3,0.6
discogs_262,mbrainz_5470,2,2,2,1.0
discogs_26275,discogs_26275,2,2,2,1.0
discogs_26287,mbrainz_6033,2,2,2,1.0
discogs_26288,discogs_26288,2,4,2,0.5
discogs_26336,mbrainz_6043,2,3,2,0.6666666666666666
discogs_26343,lastFM_12718,3,3,3,1.0
discogs_26451,discogs_26451,2,4,2,0.5
discogs_2656,mbrainz_602,2,3,2,0.6666666666666666
discogs_26571,discogs_26571,2,2,2,1.0
discogs_266,mbrainz_127,3,3,3,1.0
discogs_26614,mbrainz_6100,3,3,3,1.0
discogs_26622,mbrainz_6102,2,2,2,1.0
discogs_26640,mbrainz_576,2,5,2,0.4
discogs_26679,discogs_26679,3,3,3,1.0
discogs_26681,discogs_26681,2,2,2,1.0
discogs_26684,lastFM_12873,3,3,3,1.0
discogs_2669,discogs_2669,3,3,3,1.0
discogs_2673,mbrainz_606,3,3,3,1.0
discogs_26742,mbrainz_7247,3,3,3,1.0
discogs_26762,discogs_26762,2,4,2,0.5
discogs_26815,discogs_26815,3,3,3,1.0
discogs_26824,discogs_26824,3,3,3,1.0
discogs_26839,discogs_26839,2,2,2,1.0
discogs_26867,discogs_26867,2,2,2,1.0
discogs_26877,mbrainz_6153,2,3,2,0.6666666666666666
discogs_26886,lastFM_12964,3,3,3,1.0
discogs_26898,mbrainz_6157,2,2,2,1.0
discogs_269,mbrainz_128,2,2,2,1.0
discogs_26933,lastFM_12988,3,3,3,1.0
discogs_26939,lastFM_12991,3,3,3,1.0
discogs_26967,lastFM_13001,3,3,3,1.0
discogs_26994,mbrainz_6173,3,3,3,1.0
discogs_2712,lastFM_1394,3,3,3,1.0
discogs_27161,discogs_27161,3,3,3,1.0
discogs_2720,discogs_2720,3,3,3,1.0
discogs_2724,discogs_2724,3,3,3,1.0
discogs_27280,discogs_27280,2,2,2,1.0
discogs_273,mbrainz_129,2,2,2,1.0
discogs_27302,discogs_27302,2,2,2,1.0
discogs_27371,lastFM_13181,2,2,2,1.0
discogs_27404,mbrainz_6256,3,3,3,1.0
discogs_27464,mbrainz_5904,2,2,2,1.0
discogs_275,discogs_275,2,3,2,0.6666666666666666
discogs_27566,mbrainz_17357,2,2,2,1.0
discogs_27639,discogs_27639,3,3,3,1.0
discogs_27676,mbrainz_6312,3,3,3,1.0
discogs_27681,discogs_27681,3,3,3,1.0
discogs_27684,discogs_27684,3,3,3,1.0
discogs_27696,discogs_27696,2,2,2,1.0
discogs_277,discogs_277,2,2,2,1.0
discogs_27767,mbrainz_6329,3,3,3,1.0
discogs_27785,discogs_27785,2,5,2,0.4
discogs_27823,discogs_27823,3,3,3,1.0
discogs_27853,discogs_27853,2,3,2,0.6666666666666666
discogs_27894,discogs_27894,2,3,2,0.6666666666666666
discogs_27926,lastFM_13439,3,5,3,0.6
discogs_27993,mbrainz_6384,3,3,3,1.0
discogs_281,discogs_281,3,3,3,1.0
discogs_28266,discogs_28266,2,2,2,1.0
discogs_28288,mbrainz_6437,3,3,3,1.0
discogs_284,discogs_284,2,2,2,1.0
discogs_28487,discogs_28487,2,2,2,1.0
discogs_28502,mbrainz_6492,3,4,3,0.75
discogs_28524,lastFM_13715,3,3,3,1.0
discogs_28542,mbrainz_6506,3,3,3,1.0
discogs_28579,discogs_28579,3,3,3,1.0
discogs_28641,mbrainz_5943,2,3,2,0.6666666666666666
discogs_28649,mbrainz_6527,2,5,2,0.4
discogs_28668,discogs_28668,3,3,3,1.0
discogs_28713,mbrainz_6539,3,3,3,1.0
discogs_28749,mbrainz_6546,2,2,2,1.0
discogs_28753,mbrainz_6549,3,3,3,1.0
discogs_288,lastFM_176,3,3,3,1.0
discogs_28807,lastFM_13861,3,3,3,1.0
discogs_28888,mbrainz_6571,2,2,2,1.0
discogs_28931,discogs_28931,3,3,3,1.0
discogs_28954,lastFM_9651,3,3,3,1.0
discogs_28995,discogs_28995,3,3,3,1.0
discogs_29,mbrainz_13,2,2,2,1.0
discogs_290,discogs_290,2,3,2,0.6666666666666666
discogs_29049,discogs_29049,3,3,3,1.0
discogs_29061,mbrainz_6617,3,3,3,1.0
discogs_2907,mbrainz_641,3,3,3,1.0
discogs_29084,discogs_29084,3,3,3,1.0
discogs_29172,discogs_29172,2,3,2,0.6666666666666666
discogs_29209,lastFM_14034,3,3,3,1.0
discogs_29279,discogs_29279,2,2,2,1.0
discogs_29288,mbrainz_6652,3,4,3,0.75
discogs_29324,lastFM_14082,2,2,2,1.0
discogs_29443,mbrainz_6693,3,12,3,0.25
discogs_29466,discogs_29466,3,3,3,1.0
discogs_29477,mbrainz_6703,2,2,2,1.0
discogs_295,discogs_295,3,3,3,1.0
discogs_29634,mbrainz_6735,2,2,2,1.0
discogs_29716,discogs_97292,2,4,2,0.5
discogs_29752,lastFM_14281,3,3,3,1.0
discogs_29814,discogs_29814,2,2,2,1.0
discogs_29815,discogs_29815,3,3,3,1.0
discogs_29841,discogs_29841,2,2,2,1.0
discogs_29881,lastFM_14340,3,3,3,1.0
discogs_29886,discogs_29886,2,3,2,0.6666666666666666
discogs_29916,discogs_29916,2,2,2,1.0
discogs_2993,mbrainz_656,3,3,3,1.0
discogs_29980,mbrainz_6803,2,2,2,1.0
discogs_29986,mbrainz_6805,2,2,2,1.0
discogs_29991,discogs_29991,3,3,3,1.0
discogs_29993,discogs_29993,2,2,2,1.0
discogs_3,lastFM_1,3,3,3,1.0
discogs_30,mbrainz_14,2,2,2,1.0
discogs_3007,discogs_3007,2,2,2,1.0
discogs_30088,discogs_30088,2,2,2,1.0
discogs_30089,discogs_30089,1,2,1,0.5
discogs_30228,mbrainz_12899,3,5,3,0.6
discogs_30254,discogs_30254,2,2,2,1.0
discogs_30299,mbrainz_1349,3,3,3,1.0
discogs_3035,mbrainz_662,2,2,2,1.0
discogs_30446,mbrainz_6891,3,3,3,1.0
discogs_30502,lastFM_14609,3,3,3,1.0
discogs_30549,mbrainz_6906,3,3,3,1.0
discogs_30550,discogs_30550,3,8,3,0.375
discogs_3057,mbrainz_666,3,3,3,1.0
discogs_3058,discogs_3058,2,2,2,1.0
discogs_30598,discogs_30598,2,2,2,1.0
discogs_3063,mbrainz_669,2,2,2,1.0
discogs_30640,discogs_30640,2,2,2,1.0
discogs_30685,discogs_30685,2,3,2,0.6666666666666666
discogs_307,mbrainz_139,2,2,2,1.0
discogs_30755,discogs_30755,2,2,2,1.0
discogs_3081,mbrainz_674,3,6,3,0.5
discogs_30888,mbrainz_2119,2,4,2,0.5
discogs_30890,discogs_30890,3,3,3,1.0
discogs_30919,lastFM_17651,3,5,3,0.6
discogs_30957,lastFM_14811,3,3,3,1.0
discogs_311,lastFM_186,3,3,3,1.0
discogs_31156,mbrainz_13784,2,2,2,1.0
discogs_31187,mbrainz_7032,3,3,3,1.0
discogs_312,discogs_312,2,2,2,1.0
discogs_31270,discogs_31270,2,2,2,1.0
discogs_31284,discogs_31284,3,5,3,0.6
discogs_31289,discogs_31289,2,2,2,1.0
discogs_31300,lastFM_14970,3,3,3,1.0
discogs_31349,discogs_31349,3,3,3,1.0
discogs_31353,discogs_31353,3,3,3,1.0
discogs_31365,lastFM_15001,2,4,2,0.5
discogs_31408,discogs_31408,2,2,2,1.0
discogs_3141,discogs_3141,3,3,3,1.0
discogs_31421,mbrainz_7080,3,3,3,1.0
discogs_31455,lastFM_15043,3,4,3,0.75
discogs_31469,mbrainz_302,2,3,2,0.6666666666666666
discogs_31486,discogs_31486,2,2,2,1.0
discogs_315,mbrainz_142,3,3,3,1.0
discogs_316,discogs_316,2,3,2,0.6666666666666666
discogs_31667,mbrainz_5896,2,2,2,1.0
discogs_31671,mbrainz_7110,3,3,3,1.0
discogs_31687,discogs_31687,3,3,3,1.0
discogs_317,mbrainz_144,3,3,3,1.0
discogs_318,discogs_318,2,3,2,0.6666666666666666
discogs_31879,mbrainz_7144,3,3,3,1.0
discogs_31882,discogs_31882,3,3,3,1.0
discogs_32000,discogs_32000,3,3,3,1.0
discogs_32003,mbrainz_7167,3,3,3,1.0
discogs_32031,discogs_32031,1,2,1,0.5
discogs_322,mbrainz_1378,3,4,3,0.75
discogs_3223,mbrainz_704,2,2,2,1.0
discogs_3224,mbrainz_705,2,2,2,1.0
discogs_32243,mbrainz_7209,3,5,3,0.6
discogs_32283,discogs_32283,3,12,3,0.25
discogs_32308,lastFM_15409,3,3,3,1.0
discogs_3235,lastFM_1656,3,3,3,1.0
discogs_32364,mbrainz_11450,3,5,3,0.6
discogs_32612,lastFM_15533,3,3,3,1.0
discogs_327,mbrainz_147,3,3,3,1.0
discogs_32718,discogs_32718,3,3,3,1.0
discogs_32721,mbrainz_7298,2,2,2,1.0
discogs_32722,mbrainz_7299,3,3,3,1.0
discogs_32747,discogs_32747,3,3,3,1.0
discogs_32779,mbrainz_1013,2,2,2,1.0
discogs_328,mbrainz_148,2,2,2,1.0
discogs_32804,lastFM_82365,3,4,3,0.75
discogs_32938,discogs_32938,2,2,2,1.0
discogs_33069,lastFM_15742,2,2,2,1.0
discogs_33118,mbrainz_7379,3,3,3,1.0
discogs_33142,discogs_33142,2,2,2,1.0
discogs_33178,lastFM_15800,3,3,3,1.0
discogs_33186,discogs_33186,2,2,2,1.0
discogs_332,discogs_332,3,3,3,1.0
discogs_33211,lastFM_12501,2,3,2,0.6666666666666666
discogs_33221,discogs_33221,3,5,3,0.6
discogs_333,discogs_333,3,3,3,1.0
discogs_33411,mbrainz_7447,2,5,2,0.4
discogs_33433,discogs_33433,3,3,3,1.0
discogs_33461,discogs_33461,3,3,3,1.0
discogs_33498,discogs_33498,3,3,3,1.0
discogs_33525,mbrainz_7479,2,2,2,1.0
discogs_33536,discogs_33536,2,2,2,1.0
discogs_33551,mbrainz_7486,2,2,2,1.0
discogs_33631,lastFM_16037,3,3,3,1.0
discogs_33674,discogs_35408,2,3,2,0.6666666666666666
discogs_337,discogs_337,2,2,2,1.0
discogs_33750,mbrainz_7534,3,3,3,1.0
discogs_3383,discogs_3383,2,2,2,1.0
discogs_33925,discogs_33925,3,4,3,0.75
discogs_33982,mbrainz_7874,3,6,3,0.5
discogs_33994,mbrainz_1825,2,7,2,0.2857142857142857
discogs_34,discogs_34,2,2,2,1.0
discogs_34097,discogs_34097,2,2,2,1.0
discogs_34098,lastFM_16216,3,3,3,1.0
discogs_34162,discogs_34162,3,3,3,1.0
discogs_3423,discogs_3423,1,2,1,0.5
discogs_34272,discogs_34272,3,3,3,1.0
discogs_3431,mbrainz_745,3,3,3,1.0
discogs_34498,mbrainz_7677,3,3,3,1.0
discogs_3453,mbrainz_739,2,2,2,1.0
discogs_34584,discogs_34584,3,3,3,1.0
discogs_3460,mbrainz_754,3,3,3,1.0
discogs_34606,discogs_34606,2,3,2,0.6666666666666666
discogs_34722,lastFM_16500,3,3,3,1.0
discogs_34731,discogs_34731,3,19,3,0.15789473684210525
discogs_3478,mbrainz_757,3,4,3,0.75
discogs_34803,discogs_34803,2,4,2,0.5
discogs_34853,discogs_34853,3,3,3,1.0
discogs_34882,mbrainz_7772,2,8,2,0.25
discogs_34884,discogs_34884,3,3,3,1.0
discogs_34940,mbrainz_7787,2,2,2,1.0
discogs_34949,mbrainz_7791,2,2,2,1.0
discogs_34982,mbrainz_7798,2,4,2,0.5
discogs_34995,mbrainz_7800,2,2,2,1.0
discogs_35073,discogs_35073,2,2,2,1.0
discogs_35103,discogs_35103,2,3,2,0.6666666666666666
discogs_35120,discogs_35120,3,3,3,1.0
discogs_35148,mbrainz_7840,3,3,3,1.0
discogs_35167,lastFM_16730,3,3,3,1.0
discogs_35350,mbrainz_7886,3,3,3,1.0
discogs_35373,discogs_35373,2,3,2,0.6666666666666666
discogs_35375,mbrainz_7895,3,3,3,1.0
discogs_3541,lastFM_1628,3,3,3,1.0
discogs_35477,lastFM_16886,3,3,3,1.0
discogs_35594,discogs_35594,3,3,3,1.0
discogs_35628,discogs_35628,3,6,3,0.5
discogs_35647,discogs_35647,2,2,2,1.0
discogs_35648,discogs_35648,1,2,1,0.5
discogs_35690,mbrainz_7964,2,2,2,1.0
discogs_35700,mbrainz_7969,3,3,3,1.0
discogs_35792,discogs_35792,2,2,2,1.0
discogs_35811,lastFM_17042,3,3,3,1.0
discogs_35820,discogs_35820,2,2,2,1.0
discogs_35862,mbrainz_7995,2,2,2,1.0
discogs_35873,discogs_35873,2,3,2,0.6666666666666666
discogs_35962,mbrainz_1495,2,3,2,0.6666666666666666
discogs_35974,lastFM_17116,3,3,3,1.0
discogs_35983,discogs_35983,3,3,3,1.0
discogs_36,discogs_36,2,2,2,1.0
discogs_36020,mbrainz_8031,3,3,3,1.0
discogs_36104,discogs_36104,2,2,2,1.0
discogs_36131,mbrainz_8051,3,3,3,1.0
discogs_36162,discogs_36162,2,3,2,0.6666666666666666
discogs_36164,discogs_36164,2,3,2,0.6666666666666666
discogs_36217,discogs_36217,2,2,2,1.0
discogs_36293,discogs_36293,2,2,2,1.0
discogs_36326,discogs_36326,2,2,2,1.0
discogs_36438,lastFM_17317,3,3,3,1.0
discogs_3645,mbrainz_347,2,2,2,1.0
discogs_36551,discogs_36551,1,2,1,0.5
discogs_36606,lastFM_17400,3,3,3,1.0
discogs_3661,discogs_3661,3,3,3,1.0
discogs_36671,discogs_36671,3,3,3,1.0
discogs_36672,discogs_7818,2,3,2,0.6666666666666666
discogs_36675,mbrainz_8150,3,8,3,0.375
discogs_36802,discogs_36802,3,3,3,1.0
discogs_36804,mbrainz_8178,2,3,2,0.6666666666666666
discogs_3681,discogs_3681,2,2,2,1.0
discogs_36837,mbrainz_8182,2,2,2,1.0
discogs_36856,mbrainz_1269,2,2,2,1.0
discogs_36865,discogs_36865,3,3,3,1.0
discogs_36875,discogs_36875,2,2,2,1.0
discogs_36920,lastFM_17555,3,3,3,1.0
discogs_36982,mbrainz_7499,2,2,2,1.0
discogs_36984,discogs_36984,2,3,2,0.6666666666666666
discogs_37049,mbrainz_8237,2,2,2,1.0
discogs_3712,lastFM_1876,3,3,3,1.0
discogs_37168,lastFM_17665,3,3,3,1.0
discogs_37199,discogs_37199,2,2,2,1.0
discogs_3720,mbrainz_803,3,3,3,1.0
discogs_37256,discogs_37256,3,3,3,1.0
discogs_37290,discogs_37290,2,2,2,1.0
discogs_37316,lastFM_17733,3,3,3,1.0
discogs_37335,discogs_37335,2,3,2,0.6666666666666666
discogs_37375,discogs_37375,3,3,3,1.0
discogs_3740,discogs_3740,3,3,3,1.0
discogs_37405,lastFM_17780,3,5,3,0.6
discogs_37420,discogs_37420,2,2,2,1.0
discogs_37445,discogs_37445,2,2,2,1.0
discogs_37464,lastFM_17810,3,3,3,1.0
discogs_375,discogs_375,2,2,2,1.0
discogs_3750,mbrainz_814,3,3,3,1.0
discogs_37505,discogs_37505,3,3,3,1.0
discogs_37525,mbrainz_8334,3,3,3,1.0
discogs_3754,mbrainz_815,2,2,2,1.0
discogs_37547,discogs_37547,2,2,2,1.0
discogs_37576,discogs_37576,2,2,2,1.0
discogs_37577,mbrainz_8346,3,3,3,1.0
discogs_37589,discogs_37589,3,3,3,1.0
discogs_3771,lastFM_1909,3,3,3,1.0
discogs_37754,lastFM_17933,3,6,3,0.5
discogs_37770,discogs_39238,2,6,2,0.3333333333333333
discogs_37889,mbrainz_8417,3,3,3,1.0
discogs_37915,discogs_37915,2,2,2,1.0
discogs_37928,mbrainz_8426,2,2,2,1.0
discogs_37934,discogs_37934,3,3,3,1.0
discogs_38019,mbrainz_8451,2,2,2,1.0
discogs_38023,mbrainz_15482,3,6,3,0.5
discogs_38034,mbrainz_5312,2,2,2,1.0
discogs_3812,discogs_3812,3,3,3,1.0
discogs_38120,lastFM_18096,3,3,3,1.0
discogs_38159,mbrainz_8432,2,3,2,0.6666666666666666
discogs_38211,mbrainz_8495,2,3,2,0.6666666666666666
discogs_38232,mbrainz_8502,3,3,3,1.0
discogs_38301,mbrainz_8518,2,2,2,1.0
discogs_38346,lastFM_18208,3,3,3,1.0
discogs_38380,mbrainz_8540,2,2,2,1.0
discogs_3840,mbrainz_6864,2,2,2,1.0
discogs_3843,mbrainz_833,3,3,3,1.0
discogs_38430,discogs_39828,2,3,2,0.6666666666666666
discogs_38508,mbrainz_8576,2,2,2,1.0
discogs_38514,mbrainz_4382,2,3,2,0.6666666666666666
discogs_38554,lastFM_37463,2,3,2,0.6666666666666666
discogs_38565,discogs_38565,2,2,2,1.0
discogs_38589,discogs_38589,2,2,2,1.0
discogs_38610,mbrainz_3396,2,2,2,1.0
discogs_38645,mbrainz_8612,3,3,3,1.0
discogs_38657,lastFM_18365,3,3,3,1.0
discogs_3868,lastFM_1946,3,6,3,0.5
discogs_38684,mbrainz_8206,3,3,3,1.0
discogs_38713,discogs_38713,3,3,3,1.0
discogs_38783,discogs_38783,3,3,3,1.0
discogs_388,mbrainz_160,3,3,3,1.0
discogs_38886,mbrainz_8664,3,3,3,1.0
discogs_38956,discogs_38956,3,3,3,1.0
discogs_39084,discogs_39084,3,4,3,0.75
discogs_39094,mbrainz_8709,3,3,3,1.0
discogs_39215,discogs_39215,2,2,2,1.0
discogs_39237,discogs_39237,2,2,2,1.0
discogs_39307,mbrainz_8751,3,3,3,1.0
discogs_39404,mbrainz_8768,2,2,2,1.0
discogs_39425,discogs_39425,2,2,2,1.0
discogs_3948,discogs_844,2,3,2,0.6666666666666666
discogs_3966,discogs_3966,2,2,2,1.0
discogs_39862,discogs_39862,2,2,2,1.0
discogs_39901,discogs_39901,3,3,3,1.0
discogs_39916,mbrainz_5932,2,2,2,1.0
discogs_40107,discogs_40107,3,3,3,1.0
discogs_40133,lastFM_19031,3,3,3,1.0
discogs_40210,mbrainz_8542,2,3,2,0.6666666666666666
discogs_40278,discogs_40278,3,3,3,1.0
discogs_4028,mbrainz_865,2,2,2,1.0
discogs_40357,mbrainz_8368,2,2,2,1.0
discogs_4037,mbrainz_867,2,5,2,0.4
discogs_4039,mbrainz_868,2,3,2,0.6666666666666666
discogs_404,mbrainz_164,3,3,3,1.0
discogs_40400,lastFM_19152,3,3,3,1.0
discogs_40405,discogs_40405,2,2,2,1.0
discogs_40459,lastFM_19183,3,3,3,1.0
discogs_40462,lastFM_19184,3,3,3,1.0
discogs_4048,mbrainz_869,3,3,3,1.0
discogs_4049,mbrainz_870,3,3,3,1.0
discogs_40516,discogs_40516,2,2,2,1.0
discogs_4055,discogs_4055,2,2,2,1.0
discogs_40584,mbrainz_9033,2,2,2,1.0
discogs_40588,discogs_83647,2,3,2,0.6666666666666666
discogs_40631,discogs_40631,2,2,2,1.0
discogs_40693,mbrainz_9055,3,3,3,1.0
discogs_4071,mbrainz_872,3,3,3,1.0
discogs_4074,discogs_4074,2,3,2,0.6666666666666666
discogs_40742,mbrainz_9063,3,14,3,0.21428571428571427
discogs_40744,discogs_40744,2,2,2,1.0
discogs_40761,discogs_40761,3,3,3,1.0
discogs_40815,discogs_40815,2,2,2,1.0
discogs_40842,mbrainz_9089,2,2,2,1.0
discogs_4090,discogs_4090,2,2,2,1.0
discogs_40959,lastFM_2540,3,4,3,0.75
discogs_40981,discogs_40981,3,4,3,0.75
discogs_4099,discogs_4099,2,2,2,1.0
discogs_41070,discogs_41070,2,2,2,1.0
discogs_41077,lastFM_19463,3,3,3,1.0
discogs_41151,discogs_41151,2,2,2,1.0
discogs_41162,mbrainz_194,3,11,3,0.2727272727272727
discogs_41247,mbrainz_9180,3,3,3,1.0
discogs_41254,lastFM_19537,3,3,3,1.0
discogs_41282,mbrainz_9193,3,3,3,1.0
discogs_41358,discogs_58532,2,3,2,0.6666666666666666
discogs_41431,mbrainz_9225,2,2,2,1.0
discogs_41489,mbrainz_9235,3,3,3,1.0
discogs_41520,mbrainz_9243,2,2,2,1.0
discogs_41613,mbrainz_8534,3,4,3,0.75
discogs_41614,mbrainz_8861,2,2,2,1.0
discogs_4172,discogs_4172,3,4,3,0.75
discogs_41750,discogs_41750,3,3,3,1.0
discogs_41778,mbrainz_9310,3,3,3,1.0
discogs_41826,mbrainz_9319,3,5,3,0.6
discogs_41863,mbrainz_4743,2,2,2,1.0
discogs_41876,mbrainz_9334,2,2,2,1.0
discogs_41895,discogs_41895,2,2,2,1.0
discogs_41929,discogs_41929,3,3,3,1.0
discogs_41958,mbrainz_30527,2,3,2,0.6666666666666666
discogs_42022,discogs_42022,3,3,3,1.0
discogs_42029,mbrainz_13961,3,9,3,0.3333333333333333
discogs_42153,discogs_42153,2,2,2,1.0
discogs_42181,mbrainz_9401,2,2,2,1.0
discogs_4227,discogs_4227,2,3,2,0.6666666666666666
discogs_42401,discogs_42401,2,2,2,1.0
discogs_42411,discogs_42411,2,2,2,1.0
discogs_42413,discogs_67427,2,3,2,0.6666666666666666
discogs_42439,lastFM_20104,2,3,2,0.6666666666666666
discogs_42500,lastFM_20137,3,3,3,1.0
discogs_4255,lastFM_2114,3,3,3,1.0
discogs_4257,discogs_4257,3,3,3,1.0
discogs_42571,mbrainz_3525,2,2,2,1.0
discogs_42605,discogs_42605,3,3,3,1.0
discogs_42649,mbrainz_9095,2,2,2,1.0
discogs_4265,discogs_4265,2,2,2,1.0
discogs_42713,discogs_42713,2,2,2,1.0
discogs_42724,mbrainz_9510,2,2,2,1.0
discogs_42818,mbrainz_2556,2,3,2,0.6666666666666666
discogs_42872,discogs_42872,3,3,3,1.0
discogs_42877,discogs_42877,2,2,2,1.0
discogs_42882,discogs_42882,3,3,3,1.0
discogs_42939,discogs_42939,3,3,3,1.0
discogs_42979,discogs_42979,2,4,2,0.5
discogs_43,discogs_43,2,2,2,1.0
discogs_43027,mbrainz_9567,3,4,3,0.75
discogs_43081,discogs_43081,2,2,2,1.0
discogs_43099,lastFM_20388,3,3,3,1.0
discogs_43200,discogs_78144,2,3,2,0.6666666666666666
discogs_43244,mbrainz_9620,2,2,2,1.0
discogs_43395,mbrainz_9652,3,3,3,1.0
discogs_43420,discogs_43420,2,2,2,1.0
discogs_4345,lastFM_2157,3,3,3,1.0
discogs_43451,mbrainz_9668,3,3,3,1.0
discogs_43464,discogs_58545,3,5,3,0.6
discogs_43498,discogs_43498,2,2,2,1.0
discogs_43583,discogs_43583,2,2,2,1.0
discogs_43674,lastFM_20671,2,2,2,1.0
discogs_43684,mbrainz_9706,3,3,3,1.0
discogs_437,discogs_437,2,2,2,1.0
discogs_43712,mbrainz_9716,3,3,3,1.0
discogs_4380,discogs_4380,2,2,2,1.0
discogs_4381,discogs_4381,2,2,2,1.0
discogs_43839,lastFM_20755,3,3,3,1.0
discogs_43848,discogs_43848,2,3,2,0.6666666666666666
discogs_43877,discogs_57838,3,5,3,0.6
discogs_43910,discogs_43910,3,3,3,1.0
discogs_43952,mbrainz_9771,3,3,3,1.0
discogs_44002,mbrainz_19894,2,4,2,0.5
discogs_44022,mbrainz_9789,3,3,3,1.0
discogs_44035,lastFM_20852,3,3,3,1.0
discogs_44049,mbrainz_9799,2,2,2,1.0
discogs_4407,discogs_61896,2,5,2,0.4
discogs_44103,mbrainz_9807,3,3,3,1.0
discogs_44127,lastFM_20900,3,3,3,1.0
discogs_44191,mbrainz_9693,2,3,2,0.6666666666666666
discogs_44313,mbrainz_9848,3,3,3,1.0
discogs_44494,lastFM_21063,3,3,3,1.0
discogs_44496,mbrainz_9882,2,3,2,0.6666666666666666
discogs_4452,lastFM_2200,3,3,3,1.0
discogs_44579,lastFM_21108,3,3,3,1.0
discogs_44619,mbrainz_9908,2,2,2,1.0
discogs_4467,mbrainz_957,3,3,3,1.0
discogs_44751,discogs_44751,3,3,3,1.0
discogs_44829,mbrainz_27523,2,2,2,1.0
discogs_44830,discogs_44830,2,2,2,1.0
discogs_44895,mbrainz_9980,2,2,2,1.0
discogs_44959,discogs_44959,3,3,3,1.0
discogs_44960,discogs_44960,2,2,2,1.0
discogs_44967,mbrainz_9998,2,4,2,0.5
discogs_44975,mbrainz_10000,3,3,3,1.0
discogs_45000,mbrainz_2507,2,3,2,0.6666666666666666
discogs_4503,mbrainz_961,2,2,2,1.0
discogs_45073,discogs_45073,3,3,3,1.0
discogs_45096,lastFM_21345,3,3,3,1.0
discogs_45107,discogs_45107,2,2,2,1.0
discogs_45129,discogs_45129,3,3,3,1.0
discogs_45151,discogs_45151,3,3,3,1.0
discogs_452,discogs_452,2,2,2,1.0
discogs_45332,discogs_45332,3,3,3,1.0
discogs_45361,lastFM_21469,3,3,3,1.0
discogs_45539,discogs_45539,2,2,2,1.0
discogs_45554,discogs_45554,2,2,2,1.0
discogs_4558,lastFM_2243,3,3,3,1.0
discogs_45583,mbrainz_10115,2,3,2,0.6666666666666666
discogs_45669,lastFM_59007,2,2,2,1.0
discogs_4572,mbrainz_971,2,2,2,1.0
discogs_45729,discogs_45729,2,2,2,1.0
discogs_45737,mbrainz_10140,2,2,2,1.0
discogs_45853,lastFM_21659,3,3,3,1.0
discogs_4591,mbrainz_973,3,3,3,1.0
discogs_45911,discogs_45911,2,2,2,1.0
discogs_46,discogs_46,3,3,3,1.0
discogs_4604,mbrainz_975,2,2,2,1.0
discogs_46122,discogs_46122,3,3,3,1.0
discogs_46189,mbrainz_10222,3,3,3,1.0
discogs_46208,mbrainz_10229,2,2,2,1.0
discogs_46245,discogs_46245,3,3,3,1.0
discogs_46246,discogs_46246,3,3,3,1.0
discogs_46253,discogs_46253,2,2,2,1.0
discogs_46276,lastFM_21856,3,3,3,1.0
discogs_46329,discogs_46329,3,7,3,0.42857142857142855
discogs_46339,mbrainz_10254,2,2,2,1.0
discogs_46352,discogs_94484,2,3,2,0.6666666666666666
discogs_46469,lastFM_7624,3,3,3,1.0
discogs_46486,mbrainz_10293,3,6,3,0.5
discogs_46498,discogs_46498,2,3,2,0.6666666666666666
discogs_46527,mbrainz_10300,2,2,2,1.0
discogs_46536,discogs_46536,2,2,2,1.0
discogs_46539,discogs_46539,3,3,3,1.0
discogs_46672,mbrainz_10328,2,3,2,0.6666666666666666
discogs_46676,lastFM_22038,3,3,3,1.0
discogs_46680,mbrainz_28213,3,3,3,1.0
discogs_46683,mbrainz_10331,2,2,2,1.0
discogs_468,mbrainz_172,3,3,3,1.0
discogs_46874,mbrainz_10374,3,3,3,1.0
discogs_46909,mbrainz_10384,3,4,3,0.75
discogs_46977,discogs_46977,3,4,3,0.75
discogs_4703,mbrainz_994,2,2,2,1.0
discogs_47100,mbrainz_10426,2,2,2,1.0
discogs_47247,mbrainz_3628,2,2,2,1.0
discogs_47281,mbrainz_10465,3,3,3,1.0
discogs_473,discogs_473,3,3,3,1.0
discogs_4730,discogs_4730,2,2,2,1.0
discogs_4731,discogs_4731,3,3,3,1.0
discogs_47336,lastFM_22351,3,3,3,1.0
discogs_47438,discogs_47438,3,3,3,1.0
discogs_47554,mbrainz_9415,2,2,2,1.0
discogs_47891,discogs_47891,3,3,3,1.0
discogs_47948,discogs_47948,3,3,3,1.0
discogs_47971,discogs_55327,2,3,2,0.6666666666666666
discogs_48010,discogs_48010,3,3,3,1.0
discogs_48083,mbrainz_10598,2,3,2,0.6666666666666666
discogs_48086,mbrainz_10599,3,3,3,1.0
discogs_482,discogs_482,3,3,3,1.0
discogs_48213,discogs_48213,3,3,3,1.0
discogs_48220,mbrainz_10628,2,2,2,1.0
discogs_48352,mbrainz_10646,2,2,2,1.0
discogs_48428,mbrainz_10658,2,2,2,1.0
discogs_48471,mbrainz_10669,3,3,3,1.0
discogs_48525,lastFM_47038,2,3,2,0.6666666666666666
discogs_48532,mbrainz_10679,3,3,3,1.0
discogs_48589,discogs_48589,3,3,3,1.0
discogs_48708,mbrainz_10715,3,3,3,1.0
discogs_48848,mbrainz_5969,2,2,2,1.0
discogs_48906,discogs_48906,3,3,3,1.0
discogs_48967,discogs_48967,2,2,2,1.0
discogs_48997,mbrainz_10773,3,3,3,1.0
discogs_490,discogs_490,2,2,2,1.0
discogs_49032,mbrainz_10778,2,3,2,0.6666666666666666
discogs_49037,discogs_49037,2,2,2,1.0
discogs_4911,mbrainz_1032,2,3,2,0.6666666666666666
discogs_49133,discogs_49133,3,3,3,1.0
discogs_4916,mbrainz_1034,2,2,2,1.0
discogs_49243,lastFM_23154,3,3,3,1.0
discogs_49284,mbrainz_10813,3,3,3,1.0
discogs_49302,discogs_49302,2,3,2,0.6666666666666666
discogs_49352,discogs_49352,3,3,3,1.0
discogs_49509,discogs_49509,2,3,2,0.6666666666666666
discogs_49539,mbrainz_2232,2,2,2,1.0
discogs_49585,discogs_49585,2,2,2,1.0
discogs_49624,discogs_49624,2,2,2,1.0
discogs_49694,discogs_49694,2,3,2,0.6666666666666666
discogs_49699,mbrainz_10902,3,3,3,1.0
discogs_49708,discogs_49708,3,3,3,1.0
discogs_49711,lastFM_23360,3,3,3,1.0
discogs_49727,mbrainz_10909,2,2,2,1.0
discogs_49811,discogs_49811,3,6,3,0.5
discogs_49928,lastFM_23462,3,3,3,1.0
discogs_49935,mbrainz_10953,3,3,3,1.0
discogs_49952,mbrainz_10956,2,2,2,1.0
discogs_4996,discogs_4996,3,3,3,1.0
discogs_49996,mbrainz_10965,2,2,2,1.0
discogs_5,mbrainz_3,2,2,2,1.0
discogs_5011,mbrainz_1050,3,3,3,1.0
discogs_50172,discogs_50172,2,2,2,1.0
discogs_50177,discogs_50177,2,4,2,0.5
discogs_50227,mbrainz_1731,2,3,2,0.6666666666666666
discogs_50250,discogs_50250,2,2,2,1.0
discogs_50376,mbrainz_11044,3,3,3,1.0
discogs_50394,mbrainz_8082,2,2,2,1.0
discogs_5043,discogs_5043,2,2,2,1.0
discogs_50554,mbrainz_11089,2,2,2,1.0
discogs_50588,discogs_50588,2,7,2,0.2857142857142857
discogs_50603,discogs_50603,2,2,2,1.0
discogs_5061,mbrainz_1060,2,2,2,1.0
discogs_50616,discogs_50616,2,2,2,1.0
discogs_50656,discogs_50656,2,2,2,1.0
discogs_50740,mbrainz_6046,3,3,3,1.0
discogs_50886,lastFM_23933,3,3,3,1.0
discogs_50901,discogs_50901,2,2,2,1.0
discogs_5112,mbrainz_1074,2,3,2,0.6666666666666666
discogs_5115,mbrainz_1077,2,2,2,1.0
discogs_51158,discogs_51158,2,3,2,0.6666666666666666
discogs_5120,lastFM_2491,3,5,3,0.6
discogs_51215,discogs_51215,2,2,2,1.0
discogs_51223,mbrainz_11227,2,2,2,1.0
discogs_5126,lastFM_2495,3,3,3,1.0
discogs_51414,lastFM_24154,3,6,3,0.5
discogs_51575,discogs_54220,2,3,2,0.6666666666666666
discogs_51756,lastFM_24328,3,3,3,1.0
discogs_51762,mbrainz_11344,2,2,2,1.0
discogs_5178,discogs_5178,2,2,2,1.0
discogs_51791,lastFM_24354,3,3,3,1.0
discogs_52092,discogs_52092,2,2,2,1.0
discogs_5213,discogs_5213,2,2,2,1.0
discogs_52191,mbrainz_11436,3,3,3,1.0
discogs_52197,mbrainz_4061,2,2,2,1.0
discogs_52361,discogs_52361,3,3,3,1.0
discogs_52380,discogs_52380,3,3,3,1.0
discogs_52385,discogs_52385,2,2,2,1.0
discogs_52387,mbrainz_11487,2,2,2,1.0
discogs_5244,discogs_5244,3,3,3,1.0
discogs_5252,discogs_5252,2,2,2,1.0
discogs_52559,mbrainz_11521,2,2,2,1.0
discogs_52624,mbrainz_11537,3,3,3,1.0
discogs_52626,mbrainz_1602,2,2,2,1.0
discogs_52668,mbrainz_11545,2,2,2,1.0
discogs_52702,discogs_52702,2,2,2,1.0
discogs_52713,mbrainz_9230,2,2,2,1.0
discogs_5272,mbrainz_1119,3,3,3,1.0
discogs_52738,discogs_52738,2,2,2,1.0
discogs_52743,mbrainz_11556,2,2,2,1.0
discogs_52805,lastFM_24806,3,3,3,1.0
discogs_52833,lastFM_24287,3,3,3,1.0
discogs_52846,mbrainz_11577,2,2,2,1.0
discogs_52864,discogs_52864,3,5,3,0.6
discogs_52903,lastFM_24849,3,3,3,1.0
discogs_52957,discogs_52957,2,2,2,1.0
discogs_52985,mbrainz_11609,3,3,3,1.0
discogs_53,mbrainz_21,3,3,3,1.0
discogs_5300,mbrainz_497,2,2,2,1.0
discogs_5302,mbrainz_1128,3,3,3,1.0
discogs_53166,lastFM_24976,3,3,3,1.0
discogs_53172,mbrainz_11648,2,3,2,0.6666666666666666
discogs_53200,discogs_6766,2,3,2,0.6666666666666666
discogs_53212,discogs_53212,3,3,3,1.0
discogs_53244,lastFM_23498,2,2,2,1.0
discogs_53325,mbrainz_33164,2,2,2,1.0
discogs_53389,discogs_53389,3,3,3,1.0
discogs_53585,mbrainz_11728,3,3,3,1.0
discogs_53650,discogs_53650,3,3,3,1.0
discogs_53717,discogs_8192,2,3,2,0.6666666666666666
discogs_53785,discogs_53785,3,3,3,1.0
discogs_53859,lastFM_25306,2,2,2,1.0
discogs_5398,lastFM_2639,2,2,2,1.0
discogs_53980,mbrainz_11808,2,2,2,1.0
discogs_54026,lastFM_25385,2,2,2,1.0
discogs_54053,lastFM_25395,3,3,3,1.0
discogs_54141,mbrainz_11684,2,2,2,1.0
discogs_5416,discogs_5416,3,3,3,1.0
discogs_5422,discogs_5422,2,2,2,1.0
discogs_54238,lastFM_25486,3,3,3,1.0
discogs_54384,mbrainz_11879,2,2,2,1.0
discogs_54393,mbrainz_11882,2,2,2,1.0
discogs_54411,mbrainz_11888,3,3,3,1.0
discogs_54434,mbrainz_11891,3,3,3,1.0
discogs_5444,discogs_5444,2,2,2,1.0
discogs_5452,lastFM_2667,3,3,3,1.0
discogs_54631,mbrainz_11928,3,4,3,0.75
discogs_54632,lastFM_25668,3,3,3,1.0
discogs_54653,mbrainz_11931,3,3,3,1.0
discogs_5473,lastFM_2679,3,3,3,1.0
discogs_54789,discogs_54789,2,2,2,1.0
discogs_54817,discogs_54817,2,2,2,1.0
discogs_55025,discogs_55025,2,2,2,1.0
discogs_55033,discogs_55033,2,2,2,1.0
discogs_55034,mbrainz_11940,2,2,2,1.0
discogs_5522,mbrainz_1166,3,3,3,1.0
discogs_5523,discogs_5523,2,3,2,0.6666666666666666
discogs_55244,mbrainz_12044,2,2,2,1.0
discogs_55288,discogs_55288,3,3,3,1.0
discogs_55297,discogs_55297,2,2,2,1.0
discogs_55332,mbrainz_12065,3,3,3,1.0
discogs_55345,discogs_55345,2,3,2,0.6666666666666666
discogs_55364,lastFM_25997,2,2,2,1.0
discogs_5539,mbrainz_1170,3,3,3,1.0
discogs_55418,discogs_55418,2,2,2,1.0
discogs_5549,discogs_5549,3,4,3,0.75
discogs_55502,discogs_55502,3,3,3,1.0
discogs_55623,mbrainz_12116,2,2,2,1.0
discogs_55624,mbrainz_4245,2,2,2,1.0
discogs_5566,discogs_5566,2,2,2,1.0
discogs_55755,mbrainz_12155,3,3,3,1.0
discogs_55809,lastFM_26213,3,3,3,1.0
discogs_55825,discogs_55825,2,2,2,1.0
discogs_55909,mbrainz_12193,2,2,2,1.0
discogs_55956,mbrainz_2260,2,2,2,1.0
discogs_55980,discogs_55980,3,3,3,1.0
discogs_56,mbrainz_23,2,2,2,1.0
discogs_56010,lastFM_26310,3,3,3,1.0
discogs_56034,discogs_56034,3,3,3,1.0
discogs_56056,lastFM_26335,2,2,2,1.0
discogs_5608,mbrainz_1188,2,2,2,1.0
discogs_56175,discogs_56175,2,2,2,1.0
discogs_56249,mbrainz_17072,2,2,2,1.0
discogs_56286,lastFM_24512,3,3,3,1.0
discogs_56347,mbrainz_12290,3,3,3,1.0
discogs_56442,discogs_56442,3,3,3,1.0
discogs_5652,discogs_5652,3,3,3,1.0
discogs_56579,lastFM_26572,3,3,3,1.0
discogs_566,mbrainz_490,2,3,2,0.6666666666666666
discogs_56656,mbrainz_241,3,7,3,0.42857142857142855
discogs_56685,mbrainz_12354,3,3,3,1.0
discogs_56706,discogs_56706,2,2,2,1.0
discogs_56792,discogs_56792,2,2,2,1.0
discogs_56869,discogs_56869,2,2,2,1.0
discogs_56962,discogs_56962,2,2,2,1.0
discogs_56991,lastFM_26747,3,3,3,1.0
discogs_570,discogs_570,3,3,3,1.0
discogs_57079,discogs_57079,3,3,3,1.0
discogs_57138,discogs_57138,3,3,3,1.0
discogs_57160,mbrainz_7490,2,2,2,1.0
discogs_572,lastFM_329,3,3,3,1.0
discogs_57381,discogs_57381,2,2,2,1.0
discogs_5743,discogs_5743,3,3,3,1.0
discogs_57509,mbrainz_9411,2,8,2,0.25
discogs_57546,discogs_57546,2,2,2,1.0
discogs_57573,mbrainz_12538,2,2,2,1.0
discogs_57615,discogs_57615,1,2,1,0.5
discogs_57648,discogs_57648,2,3,2,0.6666666666666666
discogs_57673,discogs_57673,2,2,2,1.0
discogs_5776,mbrainz_1220,2,2,2,1.0
discogs_57921,discogs_57921,3,3,3,1.0
discogs_5803,discogs_5803,2,2,2,1.0
discogs_58051,discogs_58051,3,4,3,0.75
discogs_58061,discogs_58061,2,2,2,1.0
discogs_58170,mbrainz_12653,3,3,3,1.0
discogs_58199,lastFM_27285,3,3,3,1.0
discogs_58284,discogs_58284,2,2,2,1.0
discogs_58424,mbrainz_12711,3,3,3,1.0
discogs_5845,mbrainz_1239,2,2,2,1.0
discogs_58461,discogs_58461,3,3,3,1.0
discogs_5850,mbrainz_1240,3,3,3,1.0
discogs_58539,lastFM_27434,3,3,3,1.0
discogs_58563,lastFM_27447,3,3,3,1.0
discogs_58589,mbrainz_12751,3,3,3,1.0
discogs_5860,discogs_5860,3,3,3,1.0
discogs_58657,lastFM_27490,3,3,3,1.0
discogs_58799,mbrainz_12791,2,2,2,1.0
discogs_58914,discogs_58914,3,3,3,1.0
discogs_58927,discogs_58927,1,2,1,0.5
discogs_5894,mbrainz_1132,2,2,2,1.0
discogs_59074,discogs_59074,3,3,3,1.0
discogs_59096,discogs_59096,2,2,2,1.0
discogs_59099,discogs_59099,2,2,2,1.0
discogs_59186,mbrainz_12874,2,2,2,1.0
discogs_59209,mbrainz_12884,3,3,3,1.0
discogs_59246,lastFM_26758,3,3,3,1.0
discogs_59261,discogs_59261,3,3,3,1.0
discogs_59265,mbrainz_12895,2,4,2,0.5
discogs_59339,lastFM_27819,3,3,3,1.0
discogs_59342,lastFM_27820,3,3,3,1.0
discogs_59347,mbrainz_12916,3,3,3,1.0
discogs_59399,mbrainz_12926,3,3,3,1.0
discogs_59403,mbrainz_12928,3,3,3,1.0
discogs_5942,discogs_5942,2,2,2,1.0
discogs_59449,discogs_59449,2,2,2,1.0
discogs_5946,mbrainz_1260,3,4,3,0.75
discogs_59532,lastFM_27896,3,3,3,1.0
discogs_59558,discogs_59558,2,3,2,0.6666666666666666
discogs_59594,mbrainz_12956,3,8,3,0.375
discogs_59609,lastFM_27941,3,3,3,1.0
discogs_59634,lastFM_27952,3,3,3,1.0
discogs_59660,discogs_59660,2,2,2,1.0
discogs_59677,lastFM_27971,3,3,3,1.0
discogs_5976,discogs_5976,2,2,2,1.0
discogs_59802,lastFM_28024,3,3,3,1.0
discogs_59821,mbrainz_13002,3,3,3,1.0
discogs_59844,discogs_59844,2,2,2,1.0
discogs_60006,discogs_60006,2,2,2,1.0
discogs_60014,discogs_60014,2,2,2,1.0
discogs_60043,discogs_60043,2,2,2,1.0
discogs_60082,mbrainz_231,3,3,3,1.0
discogs_60157,mbrainz_13066,3,4,3,0.75
discogs_60210,discogs_60210,2,2,2,1.0
discogs_6033,lastFM_2944,3,3,3,1.0
discogs_60359,mbrainz_13101,3,3,3,1.0
discogs_60361,mbrainz_13102,2,2,2,1.0
discogs_6040,discogs_6040,2,3,2,0.6666666666666666
discogs_60490,discogs_60490,2,2,2,1.0
discogs_6052,lastFM_4560,3,5,3,0.6
discogs_60547,lastFM_28351,3,3,3,1.0
discogs_60573,discogs_60573,3,3,3,1.0
discogs_60601,lastFM_28381,2,2,2,1.0
discogs_60736,mbrainz_13187,2,3,2,0.6666666666666666
discogs_60840,mbrainz_8338,2,2,2,1.0
discogs_6091,discogs_6091,2,2,2,1.0
discogs_60914,mbrainz_13231,2,2,2,1.0
discogs_60959,discogs_60959,3,3,3,1.0
discogs_6098,lastFM_2972,3,3,3,1.0
discogs_61,discogs_61,2,2,2,1.0
discogs_61062,discogs_61062,3,3,3,1.0
discogs_61141,lastFM_548,3,5,3,0.6
discogs_61237,mbrainz_13290,2,2,2,1.0
discogs_61252,mbrainz_13295,3,3,3,1.0
discogs_61296,discogs_61296,2,2,2,1.0
discogs_61343,mbrainz_13306,2,2,2,1.0
discogs_61365,mbrainz_9331,2,2,2,1.0
discogs_61410,lastFM_28772,3,3,3,1.0
discogs_61465,lastFM_28795,3,4,3,0.75
discogs_61516,lastFM_28822,3,3,3,1.0
discogs_6152,mbrainz_1293,3,3,3,1.0
discogs_61575,mbrainz_14884,2,3,2,0.6666666666666666
discogs_6158,discogs_6158,3,3,3,1.0
discogs_6159,lastFM_3000,2,2,2,1.0
discogs_61616,discogs_61616,3,3,3,1.0
discogs_617,discogs_617,2,2,2,1.0
discogs_61721,discogs_61721,3,3,3,1.0
discogs_61761,lastFM_28926,3,3,3,1.0
discogs_6178,lastFM_3008,3,3,3,1.0
discogs_6180,mbrainz_1301,3,3,3,1.0
discogs_61835,discogs_61835,2,2,2,1.0
discogs_61955,lastFM_82595,3,3,3,1.0
discogs_61972,mbrainz_13425,2,2,2,1.0
discogs_61988,lastFM_29038,3,3,3,1.0
discogs_62036,discogs_62036,3,3,3,1.0
discogs_62039,discogs_62039,3,3,3,1.0
discogs_62046,mbrainz_7383,2,2,2,1.0
discogs_62127,lastFM_29112,3,3,3,1.0
discogs_62181,lastFM_29139,3,3,3,1.0
discogs_6221,lastFM_3030,3,3,3,1.0
discogs_62255,lastFM_29171,3,3,3,1.0
discogs_62295,lastFM_27092,3,3,3,1.0
discogs_62300,lastFM_29186,3,4,3,0.75
discogs_62349,mbrainz_13502,3,3,3,1.0
discogs_62428,lastFM_29239,3,3,3,1.0
discogs_62482,discogs_62482,2,3,2,0.6666666666666666
discogs_6260,mbrainz_173,2,2,2,1.0
discogs_62635,discogs_74648,2,3,2,0.6666666666666666
discogs_6266,mbrainz_625,2,2,2,1.0
discogs_62678,lastFM_29351,3,3,3,1.0
discogs_62881,discogs_62881,1,2,1,0.5
discogs_629,lastFM_355,3,3,3,1.0
discogs_6296,discogs_6296,2,2,2,1.0
discogs_63048,discogs_63048,3,3,3,1.0
discogs_63067,mbrainz_13623,2,2,2,1.0
discogs_63233,discogs_63233,3,3,3,1.0
discogs_63282,lastFM_29610,3,3,3,1.0
discogs_63295,discogs_63295,2,2,2,1.0
discogs_63309,discogs_63309,2,2,2,1.0
discogs_6334,lastFM_3075,3,3,3,1.0
discogs_63403,discogs_63403,3,4,3,0.75
discogs_63436,discogs_74984,3,6,3,0.5
discogs_63538,discogs_63538,2,3,2,0.6666666666666666
discogs_63546,discogs_63546,2,2,2,1.0
discogs_63566,lastFM_29738,3,3,3,1.0
discogs_63621,discogs_63621,2,2,2,1.0
discogs_63675,mbrainz_5168,2,2,2,1.0
discogs_6374,mbrainz_1331,3,3,3,1.0
discogs_63753,discogs_63753,3,3,3,1.0
discogs_638,discogs_638,2,2,2,1.0
discogs_63853,discogs_63853,2,3,2,0.6666666666666666
discogs_63904,mbrainz_13787,2,2,2,1.0
discogs_63975,lastFM_36760,3,4,3,0.75
discogs_6399,discogs_6399,2,2,2,1.0
discogs_64058,lastFM_43596,2,2,2,1.0
discogs_64063,discogs_64063,2,2,2,1.0
discogs_641,mbrainz_11488,2,2,2,1.0
discogs_6414,mbrainz_1337,2,2,2,1.0
discogs_64160,discogs_64160,3,3,3,1.0
discogs_64206,discogs_64206,2,2,2,1.0
discogs_6422,discogs_6422,3,3,3,1.0
discogs_64298,discogs_64298,3,3,3,1.0
discogs_6438,lastFM_3123,3,3,3,1.0
discogs_644,mbrainz_210,2,3,2,0.6666666666666666
discogs_645,discogs_645,3,3,3,1.0
discogs_64514,discogs_64514,3,3,3,1.0
discogs_6463,discogs_6463,3,3,3,1.0
discogs_64630,discogs_64630,2,2,2,1.0
discogs_64675,discogs_64675,2,2,2,1.0
discogs_64681,discogs_64681,3,3,3,1.0
discogs_64746,discogs_64746,3,3,3,1.0
discogs_64804,discogs_64804,3,3,3,1.0
discogs_64828,mbrainz_13955,2,2,2,1.0
discogs_64977,discogs_64977,3,3,3,1.0
discogs_64979,discogs_64979,2,2,2,1.0
discogs_64985,discogs_64985,2,2,2,1.0
discogs_65,discogs_65,2,2,2,1.0
discogs_6506,mbrainz_1352,3,3,3,1.0
discogs_65090,discogs_65090,3,3,3,1.0
discogs_65120,discogs_65120,2,2,2,1.0
discogs_65139,mbrainz_14081,2,4,2,0.5
discogs_65185,lastFM_30466,3,3,3,1.0
discogs_65240,discogs_65240,2,2,2,1.0
discogs_65273,lastFM_30509,3,3,3,1.0
discogs_65349,mbrainz_3427,2,2,2,1.0
discogs_65350,discogs_65350,2,2,2,1.0
discogs_65424,discogs_65424,2,3,2,0.6666666666666666
discogs_65548,mbrainz_14076,2,2,2,1.0
discogs_65556,discogs_65556,2,2,2,1.0
discogs_6561,discogs_6561,2,2,2,1.0
discogs_65649,discogs_65649,3,3,3,1.0
discogs_65680,discogs_65680,3,3,3,1.0
discogs_657,discogs_657,2,2,2,1.0
discogs_65720,discogs_65720,2,2,2,1.0
discogs_65758,discogs_70370,2,5,2,0.4
discogs_6584,mbrainz_1283,2,2,2,1.0
discogs_65886,lastFM_73829,2,3,2,0.6666666666666666
discogs_65917,mbrainz_10376,2,2,2,1.0
discogs_66005,discogs_66005,3,3,3,1.0
discogs_66016,mbrainz_14152,2,2,2,1.0
discogs_66147,mbrainz_14174,2,3,2,0.6666666666666666
discogs_66158,discogs_66158,2,2,2,1.0
discogs_66199,mbrainz_16722,2,3,2,0.6666666666666666
discogs_66212,lastFM_30936,3,3,3,1.0
discogs_66278,lastFM_30962,3,3,3,1.0
discogs_663,mbrainz_219,2,2,2,1.0
discogs_66349,discogs_66349,2,2,2,1.0
discogs_66395,discogs_66395,2,2,2,1.0
discogs_66573,discogs_66573,2,2,2,1.0
discogs_66638,discogs_66638,3,3,3,1.0
discogs_66707,mbrainz_14409,2,2,2,1.0
discogs_66766,discogs_66766,3,3,3,1.0
discogs_6687,mbrainz_1273,2,2,2,1.0
discogs_66932,lastFM_31254,2,2,2,1.0
discogs_6694,mbrainz_1389,2,2,2,1.0
discogs_66940,mbrainz_14321,2,2,2,1.0
discogs_66948,discogs_66948,3,3,3,1.0
discogs_67,lastFM_37,3,3,3,1.0
discogs_67084,mbrainz_14341,2,3,2,0.6666666666666666
discogs_67328,discogs_67328,3,3,3,1.0
discogs_67380,mbrainz_14396,2,6,2,0.3333333333333333
discogs_6745,discogs_6745,2,2,2,1.0
discogs_67502,mbrainz_1680,2,3,2,0.6666666666666666
discogs_67621,mbrainz_24365,2,2,2,1.0
discogs_67634,lastFM_31599,3,3,3,1.0
discogs_67721,mbrainz_14464,2,2,2,1.0
discogs_67950,discogs_67950,2,2,2,1.0
discogs_68125,lastFM_31817,3,3,3,1.0
discogs_6814,lastFM_3288,3,3,3,1.0
discogs_68145,mbrainz_14111,2,2,2,1.0
discogs_68177,discogs_68177,3,3,3,1.0
discogs_68185,mbrainz_13239,2,2,2,1.0
discogs_6831,mbrainz_1421,2,2,2,1.0
discogs_68345,discogs_68345,2,2,2,1.0
discogs_68375,mbrainz_1640,2,2,2,1.0
discogs_68443,mbrainz_14594,3,3,3,1.0
discogs_68463,mbrainz_14597,3,3,3,1.0
discogs_68472,mbrainz_14600,2,2,2,1.0
discogs_68523,mbrainz_14610,2,3,2,0.6666666666666666
discogs_68524,lastFM_31997,3,3,3,1.0
discogs_68631,mbrainz_14634,3,3,3,1.0
discogs_68779,discogs_68779,2,2,2,1.0
discogs_6897,mbrainz_1434,2,2,2,1.0
discogs_69127,mbrainz_14711,2,2,2,1.0
discogs_69191,lastFM_32281,3,3,3,1.0
discogs_69253,discogs_69253,2,2,2,1.0
discogs_69335,mbrainz_13945,3,3,3,1.0
discogs_69519,discogs_69519,3,3,3,1.0
discogs_69531,mbrainz_14787,2,2,2,1.0
discogs_69543,discogs_69543,3,3,3,1.0
discogs_69544,discogs_69544,2,2,2,1.0
discogs_69783,discogs_72464,2,4,2,0.5
discogs_6984,discogs_6984,2,2,2,1.0
discogs_700,lastFM_404,3,3,3,1.0
discogs_70100,discogs_70100,2,2,2,1.0
discogs_703,lastFM_407,3,3,3,1.0
discogs_70310,lastFM_32760,3,3,3,1.0
discogs_70330,discogs_70330,2,2,2,1.0
discogs_70343,mbrainz_14922,3,3,3,1.0
discogs_70395,lastFM_32803,3,5,3,0.6
discogs_70460,mbrainz_6651,2,2,2,1.0
discogs_70589,discogs_70589,2,2,2,1.0
discogs_70672,lastFM_34882,2,3,2,0.6666666666666666
discogs_707,discogs_707,2,2,2,1.0
discogs_7077,mbrainz_1462,2,2,2,1.0
discogs_7088,mbrainz_1464,2,2,2,1.0
discogs_710,mbrainz_236,3,3,3,1.0
discogs_7103,mbrainz_1466,3,3,3,1.0
discogs_71039,lastFM_33082,3,3,3,1.0
discogs_71066,discogs_71066,2,2,2,1.0
discogs_7108,mbrainz_1468,2,3,2,0.6666666666666666
discogs_7110,mbrainz_1469,2,2,2,1.0
discogs_71139,mbrainz_15067,3,3,3,1.0
discogs_71169,mbrainz_15076,2,2,2,1.0
discogs_71250,mbrainz_15091,3,3,3,1.0
discogs_71264,mbrainz_15093,2,2,2,1.0
discogs_7130,lastFM_3435,3,3,3,1.0
discogs_7138,lastFM_3437,3,3,3,1.0
discogs_71458,discogs_71458,3,3,3,1.0
discogs_71459,lastFM_33278,2,2,2,1.0
discogs_71475,discogs_71475,3,3,3,1.0
discogs_715,mbrainz_239,3,6,3,0.5
discogs_7159,discogs_7159,2,3,2,0.6666666666666666
discogs_716,discogs_716,3,3,3,1.0
discogs_7165,mbrainz_1477,2,2,2,1.0
discogs_71763,mbrainz_15183,3,3,3,1.0
discogs_71795,mbrainz_15458,2,2,2,1.0
discogs_7187,lastFM_3458,3,5,3,0.6
discogs_71877,lastFM_33457,3,3,3,1.0
discogs_7189,mbrainz_1485,2,2,2,1.0
discogs_719,mbrainz_242,3,3,3,1.0
discogs_71900,lastFM_33466,2,7,2,0.2857142857142857
discogs_71930,mbrainz_15213,3,3,3,1.0
discogs_722,lastFM_420,3,3,3,1.0
discogs_72221,mbrainz_15280,2,2,2,1.0
discogs_72395,discogs_72395,2,2,2,1.0
discogs_72469,discogs_72469,2,4,2,0.5
discogs_7248,discogs_7248,3,3,3,1.0
discogs_72504,mbrainz_15337,2,2,2,1.0
discogs_72639,discogs_72639,3,3,3,1.0
discogs_72675,lastFM_33812,3,3,3,1.0
discogs_727,mbrainz_244,3,3,3,1.0
discogs_72825,mbrainz_15139,3,3,3,1.0
discogs_72898,mbrainz_15407,3,3,3,1.0
discogs_72909,discogs_72909,1,2,1,0.5
discogs_72951,lastFM_33930,3,3,3,1.0
discogs_73018,mbrainz_15423,2,2,2,1.0
discogs_73108,discogs_73108,3,4,3,0.75
discogs_73178,lastFM_34019,3,3,3,1.0
discogs_7324,mbrainz_1509,2,2,2,1.0
discogs_73257,discogs_73257,2,3,2,0.6666666666666666
discogs_7326,mbrainz_1510,3,3,3,1.0
discogs_7329,mbrainz_1511,3,3,3,1.0
discogs_733,discogs_733,2,2,2,1.0
discogs_73309,discogs_73309,3,3,3,1.0
discogs_734,discogs_734,3,4,3,0.75
discogs_7346,mbrainz_1513,2,2,2,1.0
discogs_7352,lastFM_3525,3,3,3,1.0
discogs_73572,discogs_73572,3,3,3,1.0
discogs_736,mbrainz_249,2,2,2,1.0
discogs_7365,mbrainz_1517,2,2,2,1.0
discogs_73697,discogs_73697,2,2,2,1.0
discogs_737,discogs_77052,2,3,2,0.6666666666666666
discogs_7372,discogs_7372,2,2,2,1.0
discogs_73796,lastFM_13990,3,3,3,1.0
discogs_73847,mbrainz_14400,2,5,2,0.4
discogs_73879,mbrainz_15584,3,3,3,1.0
discogs_73911,mbrainz_15586,3,3,3,1.0
discogs_73916,mbrainz_9070,2,2,2,1.0
discogs_74,discogs_74,3,3,3,1.0
discogs_740,discogs_740,2,2,2,1.0
discogs_74027,discogs_74027,2,2,2,1.0
discogs_74033,lastFM_34405,2,2,2,1.0
discogs_74113,lastFM_34435,3,3,3,1.0
discogs_74120,lastFM_34440,3,3,3,1.0
discogs_74132,mbrainz_15623,3,3,3,1.0
discogs_74187,mbrainz_15638,2,3,2,0.6666666666666666
discogs_742,discogs_742,2,2,2,1.0
discogs_74360,mbrainz_6939,2,2,2,1.0
discogs_744,mbrainz_254,3,3,3,1.0
discogs_745,lastFM_434,3,3,3,1.0
discogs_746,lastFM_435,3,3,3,1.0
discogs_74664,discogs_74664,2,2,2,1.0
discogs_74785,mbrainz_1807,2,5,2,0.4
discogs_7480,mbrainz_1532,3,3,3,1.0
discogs_74922,discogs_74922,2,2,2,1.0
discogs_74992,mbrainz_15658,3,3,3,1.0
discogs_7506,mbrainz_1535,2,2,2,1.0
discogs_7508,discogs_7508,3,3,3,1.0
discogs_7513,mbrainz_1539,3,3,3,1.0
discogs_75175,discogs_75175,2,2,2,1.0
discogs_75235,discogs_75235,2,2,2,1.0
discogs_75502,mbrainz_13271,2,2,2,1.0
discogs_757,discogs_757,3,3,3,1.0
discogs_75826,mbrainz_15750,2,2,2,1.0
discogs_75827,mbrainz_15751,2,2,2,1.0
discogs_759,mbrainz_261,2,2,2,1.0
discogs_7591,discogs_7591,2,4,2,0.5
discogs_75939,mbrainz_11022,3,3,3,1.0
discogs_75959,discogs_75959,1,2,1,0.5
discogs_75961,discogs_75961,2,2,2,1.0
discogs_75992,mbrainz_15781,2,2,2,1.0
discogs_76217,mbrainz_15808,2,2,2,1.0
discogs_7622,discogs_7622,3,3,3,1.0
discogs_7627,discogs_9500,3,4,3,0.75
discogs_76276,mbrainz_15820,2,2,2,1.0
discogs_7638,discogs_7638,2,2,2,1.0
discogs_76445,discogs_76445,2,2,2,1.0
discogs_76467,discogs_76467,2,3,2,0.6666666666666666
discogs_76481,lastFM_35481,3,3,3,1.0
discogs_7658,mbrainz_1154,2,2,2,1.0
discogs_7663,mbrainz_1564,2,2,2,1.0
discogs_76631,discogs_76631,1,2,1,0.5
discogs_76769,lastFM_30614,3,3,3,1.0
discogs_7680,mbrainz_1567,2,2,2,1.0
discogs_76811,discogs_76811,2,2,2,1.0
discogs_769,discogs_769,2,2,2,1.0
discogs_76960,discogs_76960,2,2,2,1.0
discogs_770,mbrainz_264,2,2,2,1.0
discogs_77051,discogs_77051,2,3,2,0.6666666666666666
discogs_77079,lastFM_35734,3,3,3,1.0
discogs_7716,mbrainz_1568,3,3,3,1.0
discogs_77295,lastFM_67120,3,3,3,1.0
discogs_7737,mbrainz_1576,2,2,2,1.0
discogs_77422,discogs_77422,3,3,3,1.0
discogs_77509,discogs_77509,3,3,3,1.0
discogs_77748,discogs_77748,2,4,2,0.5
discogs_7782,discogs_7782,2,2,2,1.0
discogs_77905,discogs_77905,2,2,2,1.0
discogs_7799,mbrainz_1588,3,3,3,1.0
discogs_7803,mbrainz_1589,2,2,2,1.0
discogs_784,mbrainz_268,2,2,2,1.0
discogs_78451,mbrainz_16029,3,3,3,1.0
discogs_78465,mbrainz_16030,3,3,3,1.0
discogs_78472,mbrainz_7903,2,2,2,1.0
discogs_78499,mbrainz_16037,2,2,2,1.0
discogs_78684,lastFM_36426,3,3,3,1.0
discogs_78685,mbrainz_15003,2,2,2,1.0
discogs_7869,mbrainz_1617,3,3,3,1.0
discogs_7880,discogs_7880,3,3,3,1.0
discogs_7895,discogs_7895,2,2,2,1.0
discogs_78998,lastFM_36570,3,3,3,1.0
discogs_7906,discogs_7906,3,3,3,1.0
discogs_79214,discogs_79214,2,2,2,1.0
discogs_79671,discogs_79671,2,3,2,0.6666666666666666
discogs_79720,mbrainz_16161,3,3,3,1.0
discogs_79770,mbrainz_16166,2,3,2,0.6666666666666666
discogs_79917,discogs_79917,2,2,2,1.0
discogs_79952,discogs_92534,3,5,3,0.6
discogs_79961,mbrainz_11272,3,3,3,1.0
discogs_79971,lastFM_36994,3,3,3,1.0
discogs_80092,discogs_80092,2,2,2,1.0
discogs_8012,mbrainz_1676,2,2,2,1.0
discogs_80133,discogs_80133,2,3,2,0.6666666666666666
discogs_80191,discogs_80191,3,3,3,1.0
discogs_8022,mbrainz_1678,2,2,2,1.0
discogs_80257,mbrainz_16232,2,2,2,1.0
discogs_80268,lastFM_4180,3,3,3,1.0
discogs_80272,lastFM_37240,2,5,2,0.4
discogs_8043,mbrainz_1683,2,2,2,1.0
discogs_80450,discogs_80450,2,2,2,1.0
discogs_80516,discogs_80516,2,2,2,1.0
discogs_80566,discogs_80566,2,2,2,1.0
discogs_8058,lastFM_3875,3,4,3,0.75
discogs_8059,lastFM_3876,3,3,3,1.0
discogs_80608,mbrainz_16268,2,2,2,1.0
discogs_80683,mbrainz_8515,2,2,2,1.0
discogs_80693,discogs_80693,2,2,2,1.0
discogs_80709,lastFM_37304,3,3,3,1.0
discogs_80778,mbrainz_5988,2,3,2,0.6666666666666666
discogs_8109,mbrainz_1704,2,2,2,1.0
discogs_81161,discogs_81161,2,2,2,1.0
discogs_81191,mbrainz_16320,2,2,2,1.0
discogs_81220,discogs_81220,2,2,2,1.0
discogs_81242,lastFM_37542,3,3,3,1.0
discogs_8132,discogs_8132,2,2,2,1.0
discogs_81439,discogs_81439,2,3,2,0.6666666666666666
discogs_8146,mbrainz_1721,2,2,2,1.0
discogs_81481,mbrainz_16361,3,5,3,0.6
discogs_815,mbrainz_433,2,2,2,1.0
discogs_8151,discogs_8151,3,3,3,1.0
discogs_81558,mbrainz_16371,3,3,3,1.0
discogs_81604,lastFM_37695,3,3,3,1.0
discogs_81684,mbrainz_19268,2,2,2,1.0
discogs_81699,mbrainz_16389,3,3,3,1.0
discogs_8171,mbrainz_1737,2,2,2,1.0
discogs_81712,lastFM_37738,3,3,3,1.0
discogs_8189,lastFM_3958,3,3,3,1.0
discogs_81921,lastFM_31759,3,3,3,1.0
discogs_81946,mbrainz_16420,3,3,3,1.0
discogs_82,discogs_97157,2,3,2,0.6666666666666666
discogs_82061,mbrainz_15773,2,2,2,1.0
discogs_822,mbrainz_275,3,3,3,1.0
discogs_82334,discogs_82334,3,3,3,1.0
discogs_82375,discogs_82375,2,2,2,1.0
discogs_82379,discogs_82379,1,2,1,0.5
discogs_8256,mbrainz_1768,2,2,2,1.0
discogs_82564,discogs_82564,2,2,2,1.0
discogs_82753,mbrainz_11884,2,2,2,1.0
discogs_8287,discogs_8287,2,2,2,1.0
discogs_82891,lastFM_38263,3,3,3,1.0
discogs_83,discogs_83,1,2,1,0.5
discogs_83053,mbrainz_16585,2,3,2,0.6666666666666666
discogs_83079,mbrainz_16589,3,3,3,1.0
discogs_83113,lastFM_38371,3,3,3,1.0
discogs_83431,discogs_83431,3,3,3,1.0
discogs_83524,discogs_83524,2,2,2,1.0
discogs_8362,discogs_8362,3,3,3,1.0
discogs_83717,mbrainz_16689,3,3,3,1.0
discogs_83730,mbrainz_16690,3,3,3,1.0
discogs_8377,discogs_8377,2,2,2,1.0
discogs_8390,mbrainz_1812,3,4,3,0.75
discogs_83952,discogs_83952,3,3,3,1.0
discogs_84,discogs_84,2,2,2,1.0
discogs_84121,mbrainz_28232,2,2,2,1.0
discogs_8449,discogs_8449,2,2,2,1.0
discogs_8478,mbrainz_1840,3,3,3,1.0
discogs_84783,mbrainz_16825,3,3,3,1.0
discogs_8480,mbrainz_1841,3,4,3,0.75
discogs_8483,lastFM_4132,3,3,3,1.0
discogs_8484,discogs_8484,3,3,3,1.0
discogs_84933,discogs_84933,2,2,2,1.0
discogs_85020,discogs_85020,3,3,3,1.0
discogs_85138,discogs_85138,2,2,2,1.0
discogs_85320,lastFM_39328,3,6,3,0.5
discogs_8552,mbrainz_1859,3,3,3,1.0
discogs_85543,discogs_85543,2,2,2,1.0
discogs_85624,lastFM_39466,3,3,3,1.0
discogs_86,mbrainz_35,2,2,2,1.0
discogs_8610,mbrainz_1879,2,2,2,1.0
discogs_86123,discogs_86123,2,2,2,1.0
discogs_8627,lastFM_4205,3,3,3,1.0
discogs_86289,mbrainz_17012,2,2,2,1.0
discogs_8629,discogs_8629,2,2,2,1.0
discogs_8631,lastFM_4209,3,3,3,1.0
discogs_86704,mbrainz_18289,2,2,2,1.0
discogs_86931,lastFM_40044,3,3,3,1.0
discogs_8694,discogs_8694,3,3,3,1.0
discogs_86999,mbrainz_17127,3,3,3,1.0
discogs_871,lastFM_500,3,3,3,1.0
discogs_8711,mbrainz_1914,2,2,2,1.0
discogs_87133,mbrainz_6226,2,2,2,1.0
discogs_872,mbrainz_288,2,2,2,1.0
discogs_87228,lastFM_40176,3,3,3,1.0
discogs_8727,lastFM_4259,2,2,2,1.0
discogs_87405,mbrainz_17179,2,2,2,1.0
discogs_87651,discogs_87651,3,3,3,1.0
discogs_8771,mbrainz_1929,2,2,2,1.0
discogs_8772,mbrainz_1930,2,2,2,1.0
discogs_87802,discogs_87802,3,3,3,1.0
discogs_87809,lastFM_40429,3,3,3,1.0
discogs_8833,discogs_8833,2,2,2,1.0
discogs_88634,discogs_88634,2,2,2,1.0
discogs_88636,mbrainz_17356,2,2,2,1.0
discogs_8866,lastFM_4332,3,3,3,1.0
discogs_88852,discogs_88852,3,3,3,1.0
discogs_89005,discogs_89005,3,3,3,1.0
discogs_89067,discogs_89067,2,2,2,1.0
discogs_89100,mbrainz_17417,2,2,2,1.0
discogs_8957,lastFM_4379,3,3,3,1.0
discogs_897,mbrainz_297,2,2,2,1.0
discogs_89712,discogs_89712,2,2,2,1.0
discogs_899,discogs_899,3,4,3,0.75
discogs_89940,discogs_89940,3,3,3,1.0
discogs_900,discogs_900,2,2,2,1.0
discogs_90058,discogs_90058,2,2,2,1.0
discogs_9011,mbrainz_1994,2,2,2,1.0
discogs_903,discogs_903,2,2,2,1.0
discogs_904,discogs_904,3,3,3,1.0
discogs_905,discogs_905,1,2,1,0.5
discogs_9052,discogs_9052,3,3,3,1.0
discogs_90542,discogs_90542,2,2,2,1.0
discogs_9055,discogs_9055,2,2,2,1.0
discogs_90566,mbrainz_19485,2,3,2,0.6666666666666666
discogs_90678,mbrainz_17559,3,3,3,1.0
discogs_908,mbrainz_15462,2,2,2,1.0
discogs_90880,mbrainz_11790,2,2,2,1.0
discogs_910,mbrainz_304,2,2,2,1.0
discogs_91030,mbrainz_17594,2,2,2,1.0
discogs_9106,lastFM_4448,2,2,2,1.0
discogs_91123,discogs_91123,2,2,2,1.0
discogs_9118,discogs_9118,3,3,3,1.0
discogs_9120,lastFM_4460,3,5,3,0.6
discogs_91416,discogs_91506,2,4,2,0.5
discogs_9153,mbrainz_2030,2,2,2,1.0
discogs_91642,discogs_91642,2,2,2,1.0
discogs_91702,discogs_91702,3,3,3,1.0
discogs_91794,lastFM_42138,3,3,3,1.0
discogs_91849,mbrainz_17696,3,3,3,1.0
discogs_92114,discogs_92114,3,3,3,1.0
discogs_92195,discogs_92195,3,3,3,1.0
discogs_9221,discogs_9221,2,2,2,1.0
discogs_9222,mbrainz_2046,3,5,3,0.6
discogs_92232,mbrainz_17790,2,2,2,1.0
discogs_9225,discogs_9225,2,2,2,1.0
discogs_92421,lastFM_42390,3,3,3,1.0
discogs_9243,discogs_9243,2,2,2,1.0
discogs_9259,mbrainz_2056,3,4,3,0.75
discogs_9284,mbrainz_2065,2,2,2,1.0
discogs_92848,discogs_92848,2,2,2,1.0
discogs_9299,lastFM_4539,3,3,3,1.0
discogs_93084,discogs_93084,2,2,2,1.0
discogs_93307,discogs_93364,3,5,3,0.6
discogs_9349,lastFM_4570,3,3,3,1.0
discogs_9350,discogs_9350,2,2,2,1.0
discogs_93510,lastFM_42835,3,3,3,1.0
discogs_93562,lastFM_42853,3,3,3,1.0
discogs_93565,lastFM_42855,3,3,3,1.0
discogs_936,mbrainz_305,2,2,2,1.0
discogs_93655,mbrainz_17850,3,3,3,1.0
discogs_938,lastFM_538,3,5,3,0.6
discogs_93800,discogs_93800,2,2,2,1.0
discogs_9383,discogs_9383,3,3,3,1.0
discogs_93912,discogs_93912,3,3,3,1.0
discogs_9397,lastFM_4599,3,3,3,1.0
discogs_93992,mbrainz_17890,2,3,2,0.6666666666666666
discogs_9404,mbrainz_2110,3,3,3,1.0
discogs_941,lastFM_541,3,3,3,1.0
discogs_9411,discogs_9411,3,3,3,1.0
discogs_9423,mbrainz_2114,3,3,3,1.0
discogs_9430,discogs_9430,2,2,2,1.0
discogs_94305,mbrainz_17928,2,2,2,1.0
discogs_94317,discogs_94317,2,2,2,1.0
discogs_9434,discogs_9434,2,2,2,1.0
discogs_94411,lastFM_43202,3,3,3,1.0
discogs_9455,discogs_9455,2,2,2,1.0
discogs_94661,discogs_94661,2,2,2,1.0
discogs_94774,lastFM_2186,2,3,2,0.6666666666666666
discogs_9490,lastFM_4650,3,3,3,1.0
discogs_9506,mbrainz_2145,3,3,3,1.0
discogs_95151,lastFM_43511,3,3,3,1.0
discogs_9523,discogs_9523,3,3,3,1.0
discogs_95294,mbrainz_18060,2,2,2,1.0
discogs_95411,mbrainz_18072,2,2,2,1.0
discogs_958,mbrainz_29655,2,2,2,1.0
discogs_95802,lastFM_43731,2,2,2,1.0
discogs_9591,discogs_9591,3,3,3,1.0
discogs_96024,discogs_96024,3,3,3,1.0
discogs_9603,lastFM_4703,3,3,3,1.0
discogs_96053,discogs_96053,2,2,2,1.0
discogs_9616,lastFM_4711,3,3,3,1.0
discogs_96293,mbrainz_15855,2,2,2,1.0
discogs_96298,mbrainz_18181,3,3,3,1.0
discogs_96422,lastFM_43971,3,3,3,1.0
discogs_9650,mbrainz_2181,3,3,3,1.0
discogs_96550,mbrainz_18206,2,3,2,0.6666666666666666
discogs_96636,discogs_96636,3,3,3,1.0
discogs_9665,mbrainz_2186,3,3,3,1.0
discogs_96723,mbrainz_31781,2,2,2,1.0
discogs_9678,discogs_9678,2,2,2,1.0
discogs_9681,discogs_9681,3,3,3,1.0
discogs_96815,lastFM_21012,3,3,3,1.0
discogs_9691,discogs_9691,2,3,2,0.6666666666666666
discogs_96952,mbrainz_18250,2,2,2,1.0
discogs_97317,lastFM_44336,3,3,3,1.0
discogs_97319,mbrainz_15351,2,2,2,1.0
discogs_97332,discogs_97332,2,2,2,1.0
discogs_97444,mbrainz_18314,3,3,3,1.0
discogs_97454,discogs_97454,3,3,3,1.0
discogs_976,lastFM_561,3,3,3,1.0
discogs_97643,lastFM_44469,3,3,3,1.0
discogs_98,mbrainz_38,2,3,2,0.6666666666666666
discogs_9800,discogs_9800,1,2,1,0.5
discogs_98067,discogs_98067,2,2,2,1.0
discogs_98068,mbrainz_18402,3,3,3,1.0
discogs_9819,lastFM_4820,3,3,3,1.0
discogs_98482,lastFM_44792,3,3,3,1.0
discogs_99,discogs_99,3,3,3,1.0
discogs_9915,discogs_9915,2,2,2,1.0
discogs_99197,discogs_99197,2,2,2,1.0
discogs_9923,lastFM_4874,3,3,3,1.0
discogs_9936,discogs_9936,3,3,3,1.0
discogs_99363,mbrainz_18816,2,2,2,1.0
discogs_9939,mbrainz_2262,2,2,2,1.0
discogs_99584,discogs_99584,3,3,3,1.0
discogs_99588,discogs_99588,3,3,3,1.0
discogs_99936,discogs_99936,2,3,2,0.6666666666666666
discogs_99955,discogs_99955,3,3,3,1.0
lastFM_10022,mbrainz_4838,2,2,2,1.0
lastFM_10122,lastFM_10122,2,2,2,1.0
lastFM_10164,mbrainz_4901,2,2,2,1.0
lastFM_10197,lastFM_10197,2,2,2,1.0
lastFM_10277,lastFM_10277,1,2,1,0.5
lastFM_10375,lastFM_10375,2,2,2,1.0
lastFM_10450,lastFM_10450,2,2,2,1.0
lastFM_10453,mbrainz_5033,2,2,2,1.0
lastFM_10460,mbrainz_5037,2,2,2,1.0
lastFM_10488,lastFM_10488,2,2,2,1.0
lastFM_10528,mbrainz_5067,2,2,2,1.0
lastFM_10538,mbrainz_5072,2,2,2,1.0
lastFM_10579,lastFM_10579,2,4,2,0.5
lastFM_10595,mbrainz_5095,2,2,2,1.0
lastFM_10622,lastFM_10622,2,2,2,1.0
lastFM_10647,mbrainz_5123,2,2,2,1.0
lastFM_10716,mbrainz_5151,2,2,2,1.0
lastFM_10822,lastFM_10822,2,2,2,1.0
lastFM_10885,lastFM_10885,2,2,2,1.0
lastFM_10922,mbrainz_5239,2,2,2,1.0
lastFM_11060,lastFM_11060,2,2,2,1.0
lastFM_1122,mbrainz_511,2,2,2,1.0
lastFM_11274,lastFM_11274,2,2,2,1.0
lastFM_11283,mbrainz_5391,2,2,2,1.0
lastFM_11330,lastFM_11330,2,2,2,1.0
lastFM_11345,lastFM_11345,2,2,2,1.0
lastFM_11359,mbrainz_5422,2,2,2,1.0
lastFM_11417,mbrainz_5444,2,2,2,1.0
lastFM_11465,lastFM_11465,2,2,2,1.0
lastFM_11727,lastFM_11727,2,2,2,1.0
lastFM_11858,mbrainz_5629,2,4,2,0.5
lastFM_11956,mbrainz_5680,2,2,2,1.0
lastFM_1200,mbrainz_550,2,2,2,1.0
lastFM_12025,lastFM_12025,2,2,2,1.0
lastFM_1205,lastFM_1205,2,2,2,1.0
lastFM_12100,mbrainz_5737,2,2,2,1.0
lastFM_12283,lastFM_12283,2,2,2,1.0
lastFM_12401,lastFM_12401,2,2,2,1.0
lastFM_1245,mbrainz_568,2,2,2,1.0
lastFM_12476,mbrainz_5920,2,2,2,1.0
lastFM_12483,lastFM_12483,2,2,2,1.0
lastFM_12552,mbrainz_5960,2,2,2,1.0
lastFM_12562,mbrainz_5965,2,2,2,1.0
lastFM_12685,mbrainz_6028,2,2,2,1.0
lastFM_12742,mbrainz_6056,2,2,2,1.0
lastFM_12788,lastFM_12788,2,2,2,1.0
lastFM_12800,mbrainz_6083,2,2,2,1.0
lastFM_12949,lastFM_12949,2,2,2,1.0
lastFM_12990,lastFM_12990,2,2,2,1.0
lastFM_13093,mbrainz_6207,2,2,2,1.0
lastFM_13197,lastFM_13197,2,2,2,1.0
lastFM_1328,mbrainz_590,2,2,2,1.0
lastFM_13443,mbrainz_6368,2,2,2,1.0
lastFM_13508,mbrainz_6404,2,2,2,1.0
lastFM_13642,mbrainz_6466,2,2,2,1.0
lastFM_13647,mbrainz_8110,2,3,2,0.6666666666666666
lastFM_13677,mbrainz_6485,2,2,2,1.0
lastFM_13777,lastFM_13777,2,2,2,1.0
lastFM_13835,mbrainz_6547,2,2,2,1.0
lastFM_13897,lastFM_13897,2,2,2,1.0
lastFM_13928,lastFM_13928,2,2,2,1.0
lastFM_1397,lastFM_1397,2,2,2,1.0
lastFM_14010,lastFM_14010,2,2,2,1.0
lastFM_14052,lastFM_14052,2,2,2,1.0
lastFM_14121,lastFM_14121,2,2,2,1.0
lastFM_14157,lastFM_14157,2,2,2,1.0
lastFM_14159,lastFM_14159,2,2,2,1.0
lastFM_14234,mbrainz_6740,2,2,2,1.0
lastFM_14259,lastFM_14259,2,2,2,1.0
lastFM_1426,mbrainz_621,2,2,2,1.0
lastFM_14312,mbrainz_6774,2,2,2,1.0
lastFM_1437,mbrainz_626,2,2,2,1.0
lastFM_14487,lastFM_14487,1,2,1,0.5
lastFM_14493,mbrainz_6851,2,2,2,1.0
lastFM_14501,mbrainz_6855,2,2,2,1.0
lastFM_14506,mbrainz_6856,2,2,2,1.0
lastFM_14530,lastFM_14530,2,2,2,1.0
lastFM_14765,lastFM_14765,2,2,2,1.0
lastFM_14832,mbrainz_6990,2,2,2,1.0
lastFM_14883,mbrainz_7013,2,2,2,1.0
lastFM_14895,lastFM_14895,1,2,1,0.5
lastFM_14921,lastFM_14921,2,2,2,1.0
lastFM_14994,mbrainz_7062,2,2,2,1.0
lastFM_1500,lastFM_1500,2,2,2,1.0
lastFM_15015,mbrainz_7076,2,2,2,1.0
lastFM_15033,lastFM_15033,2,2,2,1.0
lastFM_15161,mbrainz_7126,2,2,2,1.0
lastFM_15234,mbrainz_7160,2,2,2,1.0
lastFM_15262,lastFM_15262,2,2,2,1.0
lastFM_15296,lastFM_15296,2,2,2,1.0
lastFM_15364,lastFM_15364,2,2,2,1.0
lastFM_15370,mbrainz_7208,2,2,2,1.0
lastFM_15417,mbrainz_7228,2,2,2,1.0
lastFM_15436,mbrainz_7234,2,2,2,1.0
lastFM_15486,mbrainz_7257,2,2,2,1.0
lastFM_15506,mbrainz_7264,2,2,2,1.0
lastFM_15523,mbrainz_7270,2,2,2,1.0
lastFM_15528,lastFM_15528,2,2,2,1.0
lastFM_15601,mbrainz_7300,2,2,2,1.0
lastFM_15612,lastFM_15612,2,2,2,1.0
lastFM_15614,lastFM_15614,2,2,2,1.0
lastFM_15637,mbrainz_7321,2,2,2,1.0
lastFM_15992,mbrainz_7483,2,2,2,1.0
lastFM_15999,lastFM_15999,2,2,2,1.0
lastFM_16033,mbrainz_7508,2,2,2,1.0
lastFM_16072,lastFM_16072,2,2,2,1.0
lastFM_16163,mbrainz_7572,2,2,2,1.0
lastFM_1637,mbrainz_699,2,2,2,1.0
lastFM_16515,lastFM_16515,2,2,2,1.0
lastFM_16542,lastFM_16542,2,2,2,1.0
lastFM_16614,mbrainz_7789,2,2,2,1.0
lastFM_16685,mbrainz_7821,2,2,2,1.0
lastFM_16724,mbrainz_7842,2,2,2,1.0
lastFM_16760,mbrainz_7860,2,2,2,1.0
lastFM_16862,mbrainz_7905,2,2,2,1.0
lastFM_16887,discogs_63682,2,2,2,1.0
lastFM_16918,lastFM_16918,2,2,2,1.0
lastFM_16933,mbrainz_7940,2,2,2,1.0
lastFM_16967,mbrainz_7961,2,2,2,1.0
lastFM_16988,lastFM_16988,2,2,2,1.0
lastFM_17009,lastFM_17009,2,3,2,0.6666666666666666
lastFM_17072,lastFM_17072,2,4,2,0.5
lastFM_17117,mbrainz_8021,2,2,2,1.0
lastFM_17212,lastFM_17212,2,2,2,1.0
lastFM_17236,mbrainz_13060,2,3,2,0.6666666666666666
lastFM_17263,mbrainz_8083,2,2,2,1.0
lastFM_17399,mbrainz_8137,2,2,2,1.0
lastFM_1744,lastFM_1744,2,2,2,1.0
lastFM_1745,mbrainz_741,2,2,2,1.0
lastFM_17609,mbrainz_8230,2,2,2,1.0
lastFM_17650,mbrainz_8253,2,2,2,1.0
lastFM_17664,lastFM_17664,2,2,2,1.0
lastFM_17699,lastFM_17699,2,2,2,1.0
lastFM_17706,lastFM_17706,2,2,2,1.0
lastFM_17835,mbrainz_8335,2,2,2,1.0
lastFM_1787,lastFM_1787,2,4,2,0.5
lastFM_17904,mbrainz_8371,2,2,2,1.0
lastFM_17919,mbrainz_8380,2,2,2,1.0
lastFM_17947,mbrainz_8395,2,2,2,1.0
lastFM_17996,mbrainz_8419,2,2,2,1.0
lastFM_18143,lastFM_18143,2,2,2,1.0
lastFM_18298,mbrainz_8580,2,2,2,1.0
lastFM_18340,lastFM_41762,2,3,2,0.6666666666666666
lastFM_18369,lastFM_78528,2,3,2,0.6666666666666666
lastFM_18400,lastFM_18400,2,2,2,1.0
lastFM_18438,lastFM_18438,2,2,2,1.0
lastFM_18482,lastFM_18482,2,3,2,0.6666666666666666
lastFM_18612,mbrainz_8737,2,2,2,1.0
lastFM_18735,mbrainz_8788,2,2,2,1.0
lastFM_18746,lastFM_18746,1,2,1,0.5
lastFM_18783,mbrainz_8811,2,2,2,1.0
lastFM_18851,lastFM_18851,2,2,2,1.0
lastFM_18866,lastFM_18866,1,2,1,0.5
lastFM_1891,mbrainz_808,2,2,2,1.0
lastFM_18981,mbrainz_8920,2,2,2,1.0
lastFM_19013,mbrainz_8933,2,2,2,1.0
lastFM_19085,lastFM_19085,2,2,2,1.0
lastFM_19147,mbrainz_8992,2,2,2,1.0
lastFM_1915,mbrainz_826,2,2,2,1.0
lastFM_19155,mbrainz_8996,2,2,2,1.0
lastFM_19175,mbrainz_9001,2,2,2,1.0
lastFM_19189,lastFM_19189,2,3,2,0.6666666666666666
lastFM_19346,lastFM_19346,2,2,2,1.0
lastFM_19412,mbrainz_9116,2,2,2,1.0
lastFM_19418,lastFM_19418,2,2,2,1.0
lastFM_19497,lastFM_19497,2,2,2,1.0
lastFM_19549,lastFM_19549,2,2,2,1.0
lastFM_19594,lastFM_19594,1,2,1,0.5
lastFM_19606,mbrainz_9221,2,2,2,1.0
lastFM_19707,mbrainz_9262,2,2,2,1.0
lastFM_19720,mbrainz_9271,2,2,2,1.0
lastFM_19761,lastFM_19761,2,2,2,1.0
lastFM_19870,mbrainz_9350,2,2,2,1.0
lastFM_19952,lastFM_19952,2,2,2,1.0
lastFM_19985,discogs_42180,2,2,2,1.0
lastFM_2003,mbrainz_861,2,2,2,1.0
lastFM_20146,lastFM_20146,2,2,2,1.0
lastFM_20251,lastFM_20251,1,2,1,0.5
lastFM_20254,mbrainz_9522,2,2,2,1.0
lastFM_20255,lastFM_20255,2,2,2,1.0
lastFM_20277,mbrainz_9532,2,2,2,1.0
lastFM_20311,mbrainz_16409,2,2,2,1.0
lastFM_20315,mbrainz_9548,2,8,2,0.25
lastFM_20413,mbrainz_9591,2,2,2,1.0
lastFM_20416,lastFM_20416,2,2,2,1.0
lastFM_20430,mbrainz_9599,2,3,2,0.6666666666666666
lastFM_20432,lastFM_20432,2,2,2,1.0
lastFM_20530,lastFM_20530,2,2,2,1.0
lastFM_20549,mbrainz_9656,2,2,2,1.0
lastFM_20811,mbrainz_9773,2,2,2,1.0
lastFM_20833,lastFM_20833,2,2,2,1.0
lastFM_20844,lastFM_20844,2,2,2,1.0
lastFM_20923,lastFM_20923,2,2,2,1.0
lastFM_21042,lastFM_21042,2,2,2,1.0
lastFM_21055,lastFM_21055,2,2,2,1.0
lastFM_21133,lastFM_21133,2,2,2,1.0
lastFM_21441,mbrainz_10066,2,2,2,1.0
lastFM_21449,mbrainz_10070,2,2,2,1.0
lastFM_21462,mbrainz_10078,2,2,2,1.0
lastFM_21486,lastFM_21486,2,2,2,1.0
lastFM_21537,mbrainz_10108,2,2,2,1.0
lastFM_21556,mbrainz_10119,2,2,2,1.0
lastFM_21732,mbrainz_10188,2,6,2,0.3333333333333333
lastFM_21741,lastFM_21741,2,2,2,1.0
lastFM_21754,mbrainz_10196,2,2,2,1.0
lastFM_21756,mbrainz_10198,2,2,2,1.0
lastFM_21762,lastFM_21762,2,2,2,1.0
lastFM_21766,lastFM_21766,2,2,2,1.0
lastFM_21777,mbrainz_10206,2,2,2,1.0
lastFM_21904,mbrainz_10268,2,2,2,1.0
lastFM_21923,lastFM_21923,2,2,2,1.0
lastFM_21957,lastFM_21957,2,2,2,1.0
lastFM_22069,lastFM_22069,2,4,2,0.5
lastFM_22079,mbrainz_10351,2,2,2,1.0
lastFM_2208,mbrainz_956,2,2,2,1.0
lastFM_22118,lastFM_22118,2,2,2,1.0
lastFM_22125,lastFM_22125,2,2,2,1.0
lastFM_22153,discogs_46902,2,2,2,1.0
lastFM_22194,lastFM_22194,2,2,2,1.0
lastFM_22253,lastFM_22253,2,2,2,1.0
lastFM_22303,discogs_47239,2,2,2,1.0
lastFM_22342,mbrainz_10470,2,2,2,1.0
lastFM_22366,lastFM_22366,2,2,2,1.0
lastFM_22393,mbrainz_10494,2,2,2,1.0
lastFM_22411,lastFM_22411,2,2,2,1.0
lastFM_22641,mbrainz_10593,2,2,2,1.0
lastFM_22654,lastFM_22654,2,2,2,1.0
lastFM_2283,mbrainz_982,2,2,2,1.0
lastFM_2284,lastFM_2284,2,2,2,1.0
lastFM_22874,mbrainz_10692,2,2,2,1.0
lastFM_22918,mbrainz_10714,2,2,2,1.0
lastFM_22967,mbrainz_10737,2,2,2,1.0
lastFM_22977,mbrainz_10744,2,2,2,1.0
lastFM_2318,mbrainz_1001,2,5,2,0.4
lastFM_23216,mbrainz_10839,2,2,2,1.0
lastFM_23319,lastFM_23319,2,2,2,1.0
lastFM_2344,lastFM_2344,2,2,2,1.0
lastFM_23465,mbrainz_10954,2,2,2,1.0
lastFM_23497,lastFM_23497,2,2,2,1.0
lastFM_2358,lastFM_2358,2,2,2,1.0
lastFM_23674,mbrainz_11038,2,2,2,1.0
lastFM_23767,mbrainz_11085,2,2,2,1.0
lastFM_23837,mbrainz_11114,2,2,2,1.0
lastFM_23929,lastFM_23929,2,2,2,1.0
lastFM_23972,mbrainz_11172,2,2,2,1.0
lastFM_24050,lastFM_24050,2,2,2,1.0
lastFM_24145,lastFM_24145,2,2,2,1.0
lastFM_24168,mbrainz_11274,2,2,2,1.0
lastFM_24293,lastFM_31945,2,11,2,0.18181818181818182
lastFM_24313,lastFM_24313,2,2,2,1.0
lastFM_24445,mbrainz_11399,2,2,2,1.0
lastFM_24521,lastFM_24521,2,2,2,1.0
lastFM_24564,mbrainz_11460,2,2,2,1.0
lastFM_24595,lastFM_24595,2,2,2,1.0
lastFM_24601,lastFM_24601,1,2,1,0.5
lastFM_24718,mbrainz_11534,2,2,2,1.0
lastFM_2479,lastFM_2479,2,2,2,1.0
lastFM_24884,mbrainz_11606,2,2,2,1.0
lastFM_2494,mbrainz_1081,2,2,2,1.0
lastFM_25047,mbrainz_11674,2,2,2,1.0
lastFM_2518,mbrainz_1093,2,2,2,1.0
lastFM_25183,mbrainz_11730,2,2,2,1.0
lastFM_25404,mbrainz_11819,2,2,2,1.0
lastFM_25508,lastFM_25508,2,2,2,1.0
lastFM_25536,lastFM_25536,2,2,2,1.0
lastFM_25549,lastFM_25549,2,2,2,1.0
lastFM_2555,lastFM_2555,2,2,2,1.0
lastFM_25585,lastFM_25585,2,2,2,1.0
lastFM_25600,lastFM_25600,2,2,2,1.0
lastFM_25766,lastFM_25766,2,2,2,1.0
lastFM_25774,mbrainz_11979,2,2,2,1.0
lastFM_25781,mbrainz_11982,2,2,2,1.0
lastFM_25796,lastFM_25796,2,2,2,1.0
lastFM_25803,mbrainz_11989,2,2,2,1.0
lastFM_25920,lastFM_25920,2,2,2,1.0
lastFM_25938,mbrainz_12042,2,2,2,1.0
lastFM_26062,mbrainz_12097,2,2,2,1.0
lastFM_26212,mbrainz_12169,2,3,2,0.6666666666666666
lastFM_26233,lastFM_26233,2,2,2,1.0
lastFM_26304,mbrainz_12217,2,2,2,1.0
lastFM_26362,mbrainz_12240,2,2,2,1.0
lastFM_26390,lastFM_26390,2,2,2,1.0
lastFM_26446,mbrainz_12285,2,2,2,1.0
lastFM_26470,mbrainz_12297,2,2,2,1.0
lastFM_26487,lastFM_26487,2,2,2,1.0
lastFM_26566,mbrainz_12333,2,2,2,1.0
lastFM_26651,lastFM_26651,2,2,2,1.0
lastFM_26700,lastFM_26700,1,2,1,0.5
lastFM_26807,lastFM_26807,2,3,2,0.6666666666666666
lastFM_26873,mbrainz_12478,2,4,2,0.5
lastFM_26891,lastFM_26891,2,2,2,1.0
lastFM_26978,lastFM_26978,2,2,2,1.0
lastFM_27044,lastFM_27044,2,2,2,1.0
lastFM_27070,mbrainz_12566,2,2,2,1.0
lastFM_27189,lastFM_27189,2,2,2,1.0
lastFM_27234,lastFM_27234,2,2,2,1.0
lastFM_27288,mbrainz_12659,2,2,2,1.0
lastFM_27329,mbrainz_12678,2,2,2,1.0
lastFM_27396,mbrainz_12715,2,2,2,1.0
lastFM_27482,lastFM_27482,2,2,2,1.0
lastFM_2752,mbrainz_1192,2,2,2,1.0
lastFM_2757,lastFM_2757,2,2,2,1.0
lastFM_27616,mbrainz_12822,2,2,2,1.0
lastFM_27646,lastFM_27646,2,2,2,1.0
lastFM_2768,mbrainz_1200,2,2,2,1.0
lastFM_27735,lastFM_27735,2,2,2,1.0
lastFM_27779,mbrainz_20511,2,3,2,0.6666666666666666
lastFM_2789,mbrainz_1209,2,2,2,1.0
lastFM_27894,mbrainz_12939,2,2,2,1.0
lastFM_27969,mbrainz_12977,2,2,2,1.0
lastFM_28214,lastFM_28214,2,2,2,1.0
lastFM_28223,mbrainz_13079,2,2,2,1.0
lastFM_28226,lastFM_28226,2,2,2,1.0
lastFM_28235,lastFM_28235,2,2,2,1.0
lastFM_28250,mbrainz_13094,2,2,2,1.0
lastFM_28268,mbrainz_13103,2,2,2,1.0
lastFM_28322,mbrainz_13133,2,3,2,0.6666666666666666
lastFM_28531,lastFM_28531,2,4,2,0.5
lastFM_28548,lastFM_28548,2,2,2,1.0
lastFM_28594,lastFM_28594,2,2,2,1.0
lastFM_28598,lastFM_28598,2,2,2,1.0
lastFM_28886,mbrainz_13364,2,2,2,1.0
lastFM_28889,mbrainz_13366,2,2,2,1.0
lastFM_28921,lastFM_28921,2,2,2,1.0
lastFM_29097,lastFM_29097,2,2,2,1.0
lastFM_29101,lastFM_29101,2,2,2,1.0
lastFM_29102,mbrainz_13458,2,2,2,1.0
lastFM_2922,mbrainz_1263,2,2,2,1.0
lastFM_29220,mbrainz_13507,2,2,2,1.0
lastFM_2927,mbrainz_1267,2,2,2,1.0
lastFM_29279,lastFM_29279,1,2,1,0.5
lastFM_29433,lastFM_29433,2,2,2,1.0
lastFM_29443,mbrainz_13595,2,2,2,1.0
lastFM_29498,mbrainz_13614,2,2,2,1.0
lastFM_29535,lastFM_29535,2,2,2,1.0
lastFM_29545,mbrainz_17871,2,4,2,0.5
lastFM_29593,mbrainz_13652,2,2,2,1.0
lastFM_29644,lastFM_29644,2,2,2,1.0
lastFM_29669,lastFM_29669,2,2,2,1.0
lastFM_29672,mbrainz_13689,2,2,2,1.0
lastFM_29687,lastFM_29687,2,2,2,1.0
lastFM_29755,lastFM_29755,2,2,2,1.0
lastFM_30022,lastFM_30022,2,2,2,1.0
lastFM_30323,mbrainz_3883,2,3,2,0.6666666666666666
lastFM_30336,mbrainz_13968,2,2,2,1.0
lastFM_30445,lastFM_30445,2,2,2,1.0
lastFM_30462,lastFM_30462,2,2,2,1.0
lastFM_30485,lastFM_30485,2,5,2,0.4
lastFM_30568,mbrainz_14057,2,2,2,1.0
lastFM_30695,lastFM_30695,1,3,1,0.3333333333333333
lastFM_3079,lastFM_3079,1,2,1,0.5
lastFM_30843,discogs_66020,2,2,2,1.0
lastFM_30866,lastFM_30866,2,2,2,1.0
lastFM_30887,mbrainz_14171,2,2,2,1.0
lastFM_30933,lastFM_30933,2,2,2,1.0
lastFM_30934,lastFM_30934,2,2,2,1.0
lastFM_30935,mbrainz_14186,2,2,2,1.0
lastFM_30977,discogs_65305,2,2,2,1.0
lastFM_31286,lastFM_31286,2,2,2,1.0
lastFM_31301,mbrainz_18169,2,4,2,0.5
lastFM_3151,mbrainz_1353,2,2,2,1.0
lastFM_3158,lastFM_3158,2,2,2,1.0
lastFM_3162,lastFM_3162,2,2,2,1.0
lastFM_31636,lastFM_31636,2,2,2,1.0
lastFM_3168,lastFM_3168,2,2,2,1.0
lastFM_31690,mbrainz_14487,2,3,2,0.6666666666666666
lastFM_31779,mbrainz_14524,2,4,2,0.5
lastFM_32033,mbrainz_14630,2,2,2,1.0
lastFM_32111,mbrainz_14661,2,2,2,1.0
lastFM_32191,mbrainz_14691,2,2,2,1.0
lastFM_32208,mbrainz_14695,2,2,2,1.0
lastFM_32225,lastFM_32225,2,2,2,1.0
lastFM_32282,lastFM_32282,2,2,2,1.0
lastFM_32352,mbrainz_14754,2,2,2,1.0
lastFM_32396,mbrainz_14773,2,2,2,1.0
lastFM_32403,mbrainz_14776,2,2,2,1.0
lastFM_32456,lastFM_32456,2,2,2,1.0
lastFM_32493,mbrainz_14812,2,2,2,1.0
lastFM_32494,mbrainz_14813,2,2,2,1.0
lastFM_32511,lastFM_32511,2,3,2,0.6666666666666666
lastFM_32579,lastFM_32579,2,2,2,1.0
lastFM_32668,lastFM_32668,2,2,2,1.0
lastFM_32784,lastFM_32784,2,2,2,1.0
lastFM_33025,lastFM_33025,2,2,2,1.0
lastFM_33066,mbrainz_15041,2,2,2,1.0
lastFM_33083,lastFM_33083,1,2,1,0.5
lastFM_33150,mbrainz_15077,2,2,2,1.0
lastFM_33176,mbrainz_15088,2,2,2,1.0
lastFM_33286,mbrainz_15134,2,2,2,1.0
lastFM_33414,lastFM_33414,2,4,2,0.5
lastFM_33467,mbrainz_15210,2,2,2,1.0
lastFM_33751,mbrainz_15344,2,2,2,1.0
lastFM_34018,mbrainz_15452,2,2,2,1.0
lastFM_34037,lastFM_34037,2,2,2,1.0
lastFM_34063,mbrainz_15474,2,2,2,1.0
lastFM_34073,mbrainz_15478,2,4,2,0.5
lastFM_34077,lastFM_34077,2,2,2,1.0
lastFM_34141,mbrainz_15514,2,2,3,0.6666666666666666
lastFM_34188,lastFM_34188,2,2,2,1.0
lastFM_34250,mbrainz_15556,2,2,2,1.0
lastFM_34317,mbrainz_15577,2,2,2,1.0
lastFM_34327,mbrainz_15580,2,3,2,0.6666666666666666
lastFM_34355,mbrainz_15588,2,2,2,1.0
lastFM_34521,lastFM_34521,2,2,2,1.0
lastFM_3456,lastFM_3456,2,2,2,1.0
lastFM_34641,lastFM_34641,1,2,1,0.5
lastFM_3473,lastFM_3473,2,2,2,1.0
lastFM_34876,lastFM_34876,2,2,2,1.0
lastFM_34918,lastFM_34918,2,2,2,1.0
lastFM_34934,lastFM_34934,2,2,2,1.0
lastFM_3500,mbrainz_1501,2,2,2,1.0
lastFM_3502,discogs_7290,2,2,2,1.0
lastFM_35387,mbrainz_15818,2,2,2,1.0
lastFM_35629,lastFM_35629,2,2,2,1.0
lastFM_35691,lastFM_35691,1,4,1,0.25
lastFM_35744,mbrainz_15928,2,2,2,1.0
lastFM_35747,mbrainz_15930,2,2,2,1.0
lastFM_36350,mbrainz_16036,2,2,2,1.0
lastFM_36371,mbrainz_16043,2,2,2,1.0
lastFM_36435,lastFM_36435,2,2,2,1.0
lastFM_36665,mbrainz_16104,2,3,2,0.6666666666666666
lastFM_36845,lastFM_36845,2,2,2,1.0
lastFM_36859,mbrainz_16153,2,2,2,1.0
lastFM_36889,mbrainz_16160,2,2,2,1.0
lastFM_36976,lastFM_36976,2,2,2,1.0
lastFM_36990,lastFM_36990,2,2,2,1.0
lastFM_36998,lastFM_36998,2,2,2,1.0
lastFM_37021,mbrainz_16206,2,2,2,1.0
lastFM_37035,mbrainz_16208,2,2,2,1.0
lastFM_37270,mbrainz_16272,2,2,2,1.0
lastFM_37289,mbrainz_16275,2,2,2,1.0
lastFM_37371,mbrainz_16291,2,2,2,1.0
lastFM_37411,lastFM_37411,2,2,2,1.0
lastFM_37535,mbrainz_16327,2,2,2,1.0
lastFM_37670,mbrainz_16368,2,2,2,1.0
lastFM_37785,lastFM_37785,2,2,2,1.0
lastFM_37799,mbrainz_16405,2,2,2,1.0
lastFM_37803,mbrainz_16406,2,2,2,1.0
lastFM_3787,lastFM_3787,2,2,2,1.0
lastFM_38087,lastFM_38087,2,3,2,0.6666666666666666
lastFM_38292,mbrainz_16571,2,2,2,1.0
lastFM_38323,mbrainz_16581,2,2,2,1.0
lastFM_38330,lastFM_38330,2,2,2,1.0
lastFM_38389,mbrainz_16599,2,2,2,1.0
lastFM_38512,mbrainz_16642,2,2,2,1.0
lastFM_38559,mbrainz_16657,2,2,2,1.0
lastFM_38732,mbrainz_16712,2,2,2,1.0
lastFM_38743,lastFM_38743,2,2,2,1.0
lastFM_38814,lastFM_38814,2,2,2,1.0
lastFM_38830,mbrainz_466,2,3,2,0.6666666666666666
lastFM_38926,lastFM_38926,2,2,2,1.0
lastFM_39119,mbrainz_16828,2,2,2,1.0
lastFM_39161,mbrainz_16838,2,2,2,1.0
lastFM_39264,lastFM_39264,2,2,2,1.0
lastFM_39373,mbrainz_16895,2,2,2,1.0
lastFM_39521,lastFM_39521,2,4,2,0.5
lastFM_39606,lastFM_39606,2,2,2,1.0
lastFM_39747,discogs_86243,2,2,2,1.0
lastFM_39755,mbrainz_17009,2,2,2,1.0
lastFM_39830,lastFM_39830,2,2,2,1.0
lastFM_39950,mbrainz_17076,2,2,2,1.0
lastFM_40025,discogs_25843,2,2,2,1.0
lastFM_40062,lastFM_40062,2,2,2,1.0
lastFM_40124,lastFM_40124,2,2,2,1.0
lastFM_40196,discogs_87268,2,2,2,1.0
lastFM_40312,mbrainz_17203,2,5,2,0.4
lastFM_40342,mbrainz_17212,2,2,2,1.0
lastFM_4036,mbrainz_1791,2,2,2,1.0
lastFM_40373,lastFM_40373,2,2,2,1.0
lastFM_4040,mbrainz_1793,2,2,2,1.0
lastFM_40496,lastFM_40496,2,2,2,1.0
lastFM_40658,lastFM_40658,2,2,2,1.0
lastFM_40963,mbrainz_17410,2,2,2,1.0
lastFM_40998,lastFM_40998,2,2,2,1.0
lastFM_41102,lastFM_41102,2,2,2,1.0
lastFM_41493,mbrainz_17504,2,2,2,1.0
lastFM_4164,mbrainz_1856,2,2,2,1.0
lastFM_41766,lastFM_41766,2,2,2,1.0
lastFM_41949,mbrainz_17635,2,2,2,1.0
lastFM_41959,mbrainz_17639,2,2,2,1.0
lastFM_42011,mbrainz_17655,2,2,2,1.0
lastFM_42085,lastFM_42085,2,2,2,1.0
lastFM_42212,mbrainz_17712,2,2,2,1.0
lastFM_42253,mbrainz_17724,2,2,2,1.0
lastFM_42330,lastFM_42330,2,2,2,1.0
lastFM_42428,lastFM_42428,2,2,2,1.0
lastFM_42440,mbrainz_17785,2,2,2,1.0
lastFM_42449,mbrainz_17788,2,2,2,1.0
lastFM_42454,lastFM_42454,2,2,2,1.0
lastFM_42470,lastFM_42470,2,2,2,1.0
lastFM_42483,lastFM_42483,2,2,2,1.0
lastFM_4291,lastFM_4291,2,2,2,1.0
lastFM_42988,mbrainz_17876,2,2,2,1.0
lastFM_43204,lastFM_43204,2,2,2,1.0
lastFM_43350,mbrainz_17999,2,2,2,1.0
lastFM_43490,mbrainz_9552,2,2,2,1.0
lastFM_43768,mbrainz_18132,2,3,2,0.6666666666666666
lastFM_43944,mbrainz_18185,2,2,2,1.0
lastFM_44053,lastFM_44053,2,2,2,1.0
lastFM_44105,mbrainz_18232,2,2,2,1.0
lastFM_4419,lastFM_4419,2,2,2,1.0
lastFM_44201,lastFM_44201,2,2,2,1.0
lastFM_44425,mbrainz_18327,2,2,2,1.0
lastFM_44431,lastFM_44431,2,2,2,1.0
lastFM_44496,mbrainz_18358,2,2,2,1.0
lastFM_44518,mbrainz_18368,2,2,2,1.0
lastFM_44539,mbrainz_18372,2,4,2,0.5
lastFM_44730,lastFM_44730,2,2,2,1.0
lastFM_44785,lastFM_44785,2,2,2,1.0
lastFM_44789,lastFM_44789,2,2,2,1.0
lastFM_44876,mbrainz_18468,2,2,2,1.0
lastFM_44878,lastFM_44878,2,2,2,1.0
lastFM_44925,lastFM_44925,2,2,2,1.0
lastFM_44927,mbrainz_18487,2,2,2,1.0
lastFM_45128,lastFM_45128,2,2,2,1.0
lastFM_45316,lastFM_45316,2,2,2,1.0
lastFM_45420,mbrainz_18632,2,2,2,1.0
lastFM_4543,lastFM_4543,1,2,1,0.5
lastFM_4546,lastFM_4546,2,2,2,1.0
lastFM_45626,mbrainz_18689,2,2,2,1.0
lastFM_45671,mbrainz_18701,2,2,2,1.0
lastFM_45699,mbrainz_18711,2,2,2,1.0
lastFM_45844,mbrainz_18743,2,2,2,1.0
lastFM_45919,lastFM_45919,1,2,1,0.5
lastFM_46013,mbrainz_18786,2,2,2,1.0
lastFM_46282,mbrainz_18878,2,2,2,1.0
lastFM_46332,mbrainz_18891,2,2,2,1.0
lastFM_46426,lastFM_46426,2,2,2,1.0
lastFM_46479,mbrainz_18935,2,2,2,1.0
lastFM_46525,lastFM_46525,2,2,2,1.0
lastFM_46526,lastFM_46526,1,2,1,0.5
lastFM_46545,lastFM_46545,2,2,2,1.0
lastFM_46575,mbrainz_18962,2,2,2,1.0
lastFM_46578,lastFM_46578,2,2,2,1.0
lastFM_46606,mbrainz_18974,2,2,2,1.0
lastFM_4661,lastFM_4661,2,2,2,1.0
lastFM_46672,lastFM_46672,2,2,2,1.0
lastFM_46685,mbrainz_18998,2,2,2,1.0
lastFM_46690,lastFM_46690,2,2,2,1.0
lastFM_46871,lastFM_46871,2,4,2,0.5
lastFM_4709,mbrainz_2169,2,2,2,1.0
lastFM_47174,mbrainz_19150,2,2,2,1.0
lastFM_4721,mbrainz_2176,2,2,2,1.0
lastFM_47225,lastFM_47225,1,2,1,0.5
lastFM_4729,mbrainz_2180,2,2,2,1.0
lastFM_47502,lastFM_47502,1,2,1,0.5
lastFM_47536,mbrainz_19246,2,2,2,1.0
lastFM_476,lastFM_476,1,2,1,0.5
lastFM_47619,mbrainz_19290,2,2,2,1.0
lastFM_47651,mbrainz_19305,2,2,2,1.0
lastFM_47678,mbrainz_19322,2,2,2,1.0
lastFM_48008,lastFM_48008,2,2,2,1.0
lastFM_48083,lastFM_48083,2,2,2,1.0
lastFM_48143,mbrainz_19390,2,2,2,1.0
lastFM_48165,lastFM_48165,2,2,2,1.0
lastFM_48328,lastFM_48328,1,2,1,0.5
lastFM_4848,lastFM_4848,2,2,2,1.0
lastFM_48538,mbrainz_19502,2,2,2,1.0
lastFM_48663,mbrainz_19537,2,2,2,1.0
lastFM_48704,lastFM_48704,2,2,2,1.0
lastFM_48777,mbrainz_19571,2,2,2,1.0
lastFM_48793,lastFM_48793,2,2,2,1.0
lastFM_48854,lastFM_48854,2,2,2,1.0
lastFM_48946,lastFM_48946,2,2,2,1.0
lastFM_49297,mbrainz_19662,2,2,2,1.0
lastFM_49305,mbrainz_19663,2,2,2,1.0
lastFM_49395,lastFM_49395,2,2,2,1.0
lastFM_49404,mbrainz_19687,2,2,2,1.0
lastFM_49465,lastFM_76433,2,3,2,0.6666666666666666
lastFM_49541,lastFM_49541,1,2,1,0.5
lastFM_49647,lastFM_49647,2,2,2,1.0
lastFM_49719,lastFM_49719,2,2,2,1.0
lastFM_49768,lastFM_49768,2,2,2,1.0
lastFM_49808,mbrainz_19825,2,2,2,1.0
lastFM_5023,mbrainz_2328,2,2,2,1.0
lastFM_5032,mbrainz_2331,2,2,2,1.0
lastFM_50456,mbrainz_20044,2,4,2,0.5
lastFM_50471,lastFM_50471,2,2,2,1.0
lastFM_50487,mbrainz_20057,2,2,2,1.0
lastFM_50546,mbrainz_20081,2,2,2,1.0
lastFM_50655,lastFM_50655,2,2,2,1.0
lastFM_50717,mbrainz_20138,2,2,2,1.0
lastFM_50749,lastFM_50749,2,2,2,1.0
lastFM_50790,lastFM_50790,1,2,1,0.5
lastFM_50889,mbrainz_20193,2,2,2,1.0
lastFM_50899,mbrainz_20196,2,3,2,0.6666666666666666
lastFM_50926,lastFM_50926,2,2,2,1.0
lastFM_5096,discogs_10409,2,4,2,0.5
lastFM_51000,lastFM_51000,2,2,2,1.0
lastFM_51167,lastFM_51167,2,2,2,1.0
lastFM_51185,lastFM_51185,1,2,1,0.5
lastFM_51189,mbrainz_20310,2,2,2,1.0
lastFM_5140,lastFM_5140,2,2,2,1.0
lastFM_51410,lastFM_51410,2,2,2,1.0
lastFM_51423,mbrainz_20406,2,2,2,1.0
lastFM_5144,mbrainz_2400,2,2,2,1.0
lastFM_51468,lastFM_51468,2,2,2,1.0
lastFM_51524,lastFM_51524,2,2,2,1.0
lastFM_51544,lastFM_51544,2,2,2,1.0
lastFM_51570,lastFM_51570,2,2,2,1.0
lastFM_516,mbrainz_296,2,2,2,1.0
lastFM_5164,mbrainz_2412,2,2,2,1.0
lastFM_5167,lastFM_5167,2,2,2,1.0
lastFM_51730,mbrainz_20518,2,2,2,1.0
lastFM_51744,mbrainz_20524,2,2,2,1.0
lastFM_51747,mbrainz_20526,2,2,2,1.0
lastFM_51868,mbrainz_20579,2,2,2,1.0
lastFM_51898,lastFM_51898,2,2,2,1.0
lastFM_5200,mbrainz_2436,2,2,2,1.0
lastFM_52014,lastFM_52014,2,2,2,1.0
lastFM_52020,mbrainz_20639,2,2,2,1.0
lastFM_52054,lastFM_52054,2,2,2,1.0
lastFM_52099,lastFM_52099,2,2,2,1.0
lastFM_52117,mbrainz_20680,2,2,2,1.0
lastFM_52142,lastFM_52142,2,2,2,1.0
lastFM_52273,mbrainz_20745,2,2,2,1.0
lastFM_52337,lastFM_52337,2,2,2,1.0
lastFM_52364,lastFM_52364,2,2,2,1.0
lastFM_52539,mbrainz_20849,2,2,2,1.0
lastFM_52562,lastFM_52562,2,2,2,1.0
lastFM_52785,mbrainz_20926,2,2,2,1.0
lastFM_52817,lastFM_52817,2,2,2,1.0
lastFM_52827,lastFM_52827,1,2,1,0.5
lastFM_52941,mbrainz_20978,2,2,2,1.0
lastFM_53101,mbrainz_21027,2,2,2,1.0
lastFM_53172,lastFM_53172,2,2,2,1.0
lastFM_53235,lastFM_53235,2,2,2,1.0
lastFM_53466,mbrainz_21143,2,2,2,1.0
lastFM_53505,lastFM_53505,2,2,2,1.0
lastFM_53612,lastFM_53612,2,2,2,1.0
lastFM_53665,mbrainz_21213,2,2,2,1.0
lastFM_53757,mbrainz_21250,2,2,2,1.0
lastFM_53770,lastFM_53770,2,2,2,1.0
lastFM_53774,lastFM_53774,2,2,2,1.0
lastFM_53786,mbrainz_21264,2,2,2,1.0
lastFM_53844,mbrainz_21284,2,4,2,0.5
lastFM_53870,mbrainz_21294,2,2,2,1.0
lastFM_53954,mbrainz_21325,2,2,2,1.0
lastFM_5397,lastFM_5397,2,2,2,1.0
lastFM_5405,mbrainz_2536,2,2,2,1.0
lastFM_5439,mbrainz_2554,2,2,2,1.0
lastFM_54517,mbrainz_21534,2,2,2,1.0
lastFM_54580,mbrainz_21551,2,2,2,1.0
lastFM_54602,lastFM_54602,2,2,2,1.0
lastFM_54700,mbrainz_21594,2,2,2,1.0
lastFM_54718,mbrainz_21601,2,2,2,1.0
lastFM_54762,lastFM_54762,2,2,2,1.0
lastFM_54770,mbrainz_21622,2,3,2,0.6666666666666666
lastFM_54841,mbrainz_21647,2,2,2,1.0
lastFM_55090,mbrainz_21762,2,2,2,1.0
lastFM_55188,mbrainz_21802,2,2,2,1.0
lastFM_55535,mbrainz_21896,2,3,2,0.6666666666666666
lastFM_55590,lastFM_72248,2,3,2,0.6666666666666666
lastFM_55705,discogs_125251,2,2,2,1.0
lastFM_55796,lastFM_55796,2,2,2,1.0
lastFM_55852,mbrainz_22010,2,2,2,1.0
lastFM_5589,mbrainz_2626,2,2,2,1.0
lastFM_55910,lastFM_55910,2,2,2,1.0
lastFM_56048,lastFM_56048,2,2,2,1.0
lastFM_56062,lastFM_56062,2,2,2,1.0
lastFM_56499,lastFM_56499,2,2,2,1.0
lastFM_56504,mbrainz_22269,2,2,2,1.0
lastFM_56558,lastFM_56558,2,2,2,1.0
lastFM_5663,mbrainz_2662,2,2,2,1.0
lastFM_56734,mbrainz_22354,2,2,2,1.0
lastFM_56785,lastFM_56785,2,2,2,1.0
lastFM_5680,mbrainz_2676,2,2,2,1.0
lastFM_56803,lastFM_56803,2,2,2,1.0
lastFM_56846,lastFM_56846,2,2,2,1.0
lastFM_56909,mbrainz_22416,2,2,2,1.0
lastFM_57151,lastFM_699,2,3,2,0.6666666666666666
lastFM_57342,mbrainz_22599,2,2,2,1.0
lastFM_57473,lastFM_57473,2,2,2,1.0
lastFM_57478,mbrainz_22655,2,2,2,1.0
lastFM_57547,mbrainz_22690,2,2,2,1.0
lastFM_57572,lastFM_57572,2,2,2,1.0
lastFM_57684,lastFM_57684,2,2,2,1.0
lastFM_57713,mbrainz_22760,2,2,2,1.0
lastFM_57721,mbrainz_22765,2,2,2,1.0
lastFM_57754,mbrainz_22773,2,2,2,1.0
lastFM_5778,mbrainz_2717,2,2,2,1.0
lastFM_57896,mbrainz_22825,2,2,2,1.0
lastFM_58003,mbrainz_24381,2,2,2,1.0
lastFM_58028,mbrainz_22872,2,2,2,1.0
lastFM_58036,lastFM_58036,2,2,2,1.0
lastFM_58210,mbrainz_22937,2,2,2,1.0
lastFM_58292,lastFM_58292,2,2,2,1.0
lastFM_58369,mbrainz_23008,2,2,2,1.0
lastFM_58564,mbrainz_23088,2,2,2,1.0
lastFM_58638,mbrainz_23118,2,2,2,1.0
lastFM_58662,mbrainz_23128,2,2,2,1.0
lastFM_58846,lastFM_58846,2,2,2,1.0
lastFM_58864,mbrainz_23210,2,2,2,1.0
lastFM_5889,mbrainz_2773,2,2,2,1.0
lastFM_59010,lastFM_59010,2,2,2,1.0
lastFM_59046,lastFM_59046,2,2,2,1.0
lastFM_59285,lastFM_59285,2,2,2,1.0
lastFM_59304,mbrainz_23379,2,2,2,1.0
lastFM_59326,lastFM_59326,2,2,2,1.0
lastFM_59360,lastFM_59360,2,2,2,1.0
lastFM_59686,mbrainz_23527,2,2,2,1.0
lastFM_59943,lastFM_59943,2,2,2,1.0
lastFM_60170,lastFM_60170,2,2,2,1.0
lastFM_60215,mbrainz_23760,2,2,2,1.0
lastFM_60225,mbrainz_23762,2,2,2,1.0
lastFM_60373,mbrainz_23819,2,2,2,1.0
lastFM_60405,lastFM_60405,2,2,2,1.0
lastFM_60413,lastFM_60413,2,2,2,1.0
lastFM_60434,mbrainz_23854,2,2,2,1.0
lastFM_60443,lastFM_60443,2,2,2,1.0
lastFM_60479,lastFM_60479,2,2,2,1.0
lastFM_60582,lastFM_60582,2,2,2,1.0
lastFM_60639,lastFM_60639,2,2,2,1.0
lastFM_60674,lastFM_60674,2,2,2,1.0
lastFM_6073,lastFM_6073,1,2,1,0.5
lastFM_60835,mbrainz_24019,2,2,2,1.0
lastFM_60932,lastFM_60932,2,2,2,1.0
lastFM_61032,discogs_13321,2,2,2,1.0
lastFM_61152,mbrainz_24149,2,2,2,1.0
lastFM_61356,mbrainz_24235,2,2,2,1.0
lastFM_61385,mbrainz_24245,2,2,2,1.0
lastFM_6146,lastFM_6146,2,3,2,0.6666666666666666
lastFM_61480,lastFM_61480,2,2,2,1.0
lastFM_61498,lastFM_61498,2,2,2,1.0
lastFM_6152,lastFM_6152,2,2,2,1.0
lastFM_61614,mbrainz_24341,2,2,2,1.0
lastFM_61626,mbrainz_24347,2,2,2,1.0
lastFM_61643,lastFM_61643,2,2,2,1.0
lastFM_61669,lastFM_61669,2,2,2,1.0
lastFM_61759,lastFM_61759,2,2,2,1.0
lastFM_61837,mbrainz_24436,2,2,2,1.0
lastFM_62090,mbrainz_24541,2,4,2,0.5
lastFM_62478,mbrainz_24691,2,2,2,1.0
lastFM_62592,mbrainz_24743,2,2,2,1.0
lastFM_62631,lastFM_62631,2,2,2,1.0
lastFM_62694,mbrainz_24797,2,2,2,1.0
lastFM_62700,lastFM_62700,2,2,2,1.0
lastFM_62712,lastFM_62712,2,2,2,1.0
lastFM_62744,mbrainz_24815,2,2,2,1.0
lastFM_62776,mbrainz_24830,2,2,2,1.0
lastFM_62806,mbrainz_24842,2,2,2,1.0
lastFM_63042,lastFM_63042,2,2,2,1.0
lastFM_63055,lastFM_63055,2,2,2,1.0
lastFM_63070,lastFM_63070,2,2,2,1.0
lastFM_63199,mbrainz_25027,2,2,2,1.0
lastFM_63213,lastFM_63213,2,4,2,0.5
lastFM_63214,lastFM_63214,2,2,2,1.0
lastFM_63525,mbrainz_25171,2,2,2,1.0
lastFM_63547,mbrainz_25178,2,2,2,1.0
lastFM_63674,lastFM_63674,2,2,2,1.0
lastFM_63731,mbrainz_25261,2,2,2,1.0
lastFM_63735,lastFM_63735,2,2,2,1.0
lastFM_63878,lastFM_63878,2,2,2,1.0
lastFM_64028,lastFM_64028,2,2,2,1.0
lastFM_6404,mbrainz_3034,2,2,2,1.0
lastFM_64060,mbrainz_25404,2,2,2,1.0
lastFM_64159,lastFM_64159,2,2,2,1.0
lastFM_64256,mbrainz_25489,2,2,2,1.0
lastFM_6435,mbrainz_3047,2,2,2,1.0
lastFM_6442,lastFM_6442,2,2,2,1.0
lastFM_64460,lastFM_64460,2,2,2,1.0
lastFM_6458,mbrainz_3056,2,2,2,1.0
lastFM_64580,lastFM_64580,2,2,2,1.0
lastFM_64618,lastFM_64618,2,2,2,1.0
lastFM_64649,lastFM_64649,2,2,2,1.0
lastFM_64688,lastFM_64688,2,2,2,1.0
lastFM_64767,lastFM_64767,2,2,2,1.0
lastFM_64846,lastFM_64846,2,2,2,1.0
lastFM_64867,lastFM_64867,2,2,2,1.0
lastFM_6487,mbrainz_3068,2,2,2,1.0
lastFM_64881,lastFM_64881,2,2,2,1.0
lastFM_64903,lastFM_64903,2,2,2,1.0
lastFM_64969,mbrainz_25817,2,2,2,1.0
lastFM_64974,lastFM_64974,2,2,2,1.0
lastFM_64980,mbrainz_25824,2,4,2,0.5
lastFM_65079,lastFM_65079,2,3,2,0.6666666666666666
lastFM_6525,mbrainz_3085,2,2,2,1.0
lastFM_65388,mbrainz_25997,2,2,2,1.0
lastFM_65446,lastFM_65446,2,2,2,1.0
lastFM_6553,lastFM_6553,2,2,2,1.0
lastFM_6557,mbrainz_3105,2,2,2,1.0
lastFM_65593,lastFM_65593,2,2,2,1.0
lastFM_65603,lastFM_65603,2,2,2,1.0
lastFM_65829,mbrainz_26204,2,2,2,1.0
lastFM_65857,mbrainz_26219,2,2,2,1.0
lastFM_66025,lastFM_66025,2,2,2,1.0
lastFM_66040,mbrainz_26302,2,2,2,1.0
lastFM_66042,lastFM_66042,2,2,2,1.0
lastFM_66216,mbrainz_26383,2,2,2,1.0
lastFM_66293,mbrainz_26419,2,2,2,1.0
lastFM_66329,lastFM_66329,2,2,2,1.0
lastFM_66547,lastFM_66547,2,2,2,1.0
lastFM_6656,mbrainz_3154,2,2,2,1.0
lastFM_66578,mbrainz_26552,2,2,2,1.0
lastFM_66588,lastFM_66588,2,2,2,1.0
lastFM_66616,lastFM_66616,2,2,2,1.0
lastFM_66647,lastFM_66647,2,2,2,1.0
lastFM_66759,mbrainz_26628,2,2,2,1.0
lastFM_66762,lastFM_66762,1,2,1,0.5
lastFM_66803,mbrainz_26649,2,2,2,1.0
lastFM_66858,mbrainz_26672,2,2,2,1.0
lastFM_66876,mbrainz_26680,2,2,2,1.0
lastFM_66884,lastFM_66884,2,2,2,1.0
lastFM_67073,mbrainz_26770,2,2,2,1.0
lastFM_67107,lastFM_67107,2,2,2,1.0
lastFM_67117,lastFM_67117,2,2,2,1.0
lastFM_67163,lastFM_67163,1,2,1,0.5
lastFM_67297,lastFM_67297,2,2,2,1.0
lastFM_67301,lastFM_67301,2,2,2,1.0
lastFM_67313,lastFM_67313,2,2,2,1.0
lastFM_67390,lastFM_67390,2,2,2,1.0
lastFM_67432,lastFM_67432,2,2,2,1.0
lastFM_676,lastFM_676,2,2,2,1.0
lastFM_67616,mbrainz_26985,2,2,2,1.0
lastFM_67736,lastFM_67736,2,2,2,1.0
lastFM_67943,lastFM_67943,2,2,2,1.0
lastFM_68108,mbrainz_27204,2,2,2,1.0
lastFM_68339,mbrainz_27299,2,2,2,1.0
lastFM_68354,mbrainz_27304,2,2,2,1.0
lastFM_68400,mbrainz_27326,2,2,2,1.0
lastFM_68505,lastFM_68505,2,2,2,1.0
lastFM_68528,lastFM_68528,2,2,2,1.0
lastFM_68615,lastFM_68615,2,2,2,1.0
lastFM_68651,lastFM_68651,2,2,2,1.0
lastFM_68869,mbrainz_27507,2,2,2,1.0
lastFM_69031,mbrainz_27554,2,2,2,1.0
lastFM_69035,mbrainz_27555,2,2,2,1.0
lastFM_69064,mbrainz_27564,2,2,2,1.0
lastFM_69091,mbrainz_27580,2,3,2,0.6666666666666666
lastFM_6921,mbrainz_3296,2,2,2,1.0
lastFM_69212,lastFM_69212,2,2,2,1.0
lastFM_69270,lastFM_69270,2,2,2,1.0
lastFM_69388,mbrainz_27696,2,2,2,1.0
lastFM_6949,lastFM_6949,2,2,2,1.0
lastFM_69676,mbrainz_27815,2,2,2,1.0
lastFM_69828,lastFM_69828,2,2,2,1.0
lastFM_69851,mbrainz_27891,2,2,2,1.0
lastFM_7006,mbrainz_3341,2,2,2,1.0
lastFM_7016,lastFM_7016,2,2,2,1.0
lastFM_7018,lastFM_7018,2,2,2,1.0
lastFM_70213,mbrainz_28051,2,2,2,1.0
lastFM_7024,lastFM_7024,2,2,2,1.0
lastFM_70440,mbrainz_28153,2,2,2,1.0
lastFM_70447,lastFM_70447,2,2,2,1.0
lastFM_70701,lastFM_70701,2,3,2,0.6666666666666666
lastFM_70796,mbrainz_28312,2,2,2,1.0
lastFM_70857,mbrainz_28340,2,2,2,1.0
lastFM_70864,lastFM_70864,2,2,2,1.0
lastFM_70934,lastFM_70934,2,2,2,1.0
lastFM_71019,mbrainz_28403,2,2,2,1.0
lastFM_71098,lastFM_71098,2,2,2,1.0
lastFM_71101,lastFM_71101,2,2,2,1.0
lastFM_71116,lastFM_71116,2,2,2,1.0
lastFM_71120,mbrainz_28451,2,2,2,1.0
lastFM_7125,mbrainz_3395,2,2,2,1.0
lastFM_71414,lastFM_71414,2,2,2,1.0
lastFM_7151,lastFM_7151,2,2,2,1.0
lastFM_71615,lastFM_71615,2,2,2,1.0
lastFM_71704,lastFM_71704,2,2,2,1.0
lastFM_71725,lastFM_71725,2,2,2,1.0
lastFM_71738,lastFM_71738,2,2,2,1.0
lastFM_71752,lastFM_71752,2,2,2,1.0
lastFM_7192,lastFM_7192,2,2,2,1.0
lastFM_72013,lastFM_72013,2,2,2,1.0
lastFM_72056,lastFM_72056,2,2,2,1.0
lastFM_72083,lastFM_72083,2,2,2,1.0
lastFM_72095,lastFM_72095,2,2,2,1.0
lastFM_72281,mbrainz_28944,2,2,2,1.0
lastFM_7235,mbrainz_3453,2,2,2,1.0
lastFM_72372,mbrainz_28988,2,2,2,1.0
lastFM_72387,mbrainz_28995,2,2,2,1.0
lastFM_7247,mbrainz_18079,2,2,2,1.0
lastFM_72472,lastFM_72472,2,2,2,1.0
lastFM_72590,mbrainz_29088,2,2,2,1.0
lastFM_72617,lastFM_72617,2,3,2,0.6666666666666666
lastFM_72652,lastFM_72652,2,2,2,1.0
lastFM_72701,mbrainz_29140,2,2,2,1.0
lastFM_72717,mbrainz_29147,2,2,2,1.0
lastFM_72747,mbrainz_29159,2,2,2,1.0
lastFM_72772,lastFM_72772,2,3,2,0.6666666666666666
lastFM_72792,mbrainz_29182,2,2,2,1.0
lastFM_72936,lastFM_72936,2,2,2,1.0
lastFM_72981,lastFM_72981,2,2,2,1.0
lastFM_73050,mbrainz_29291,2,2,2,1.0
lastFM_73051,lastFM_73051,2,2,2,1.0
lastFM_73246,mbrainz_29373,2,2,2,1.0
lastFM_73282,mbrainz_29386,2,2,2,1.0
lastFM_73297,lastFM_73297,2,2,2,1.0
lastFM_73320,lastFM_73320,2,2,2,1.0
lastFM_73360,mbrainz_29430,2,2,2,1.0
lastFM_73380,lastFM_73380,2,2,2,1.0
lastFM_73419,lastFM_73419,2,2,2,1.0
lastFM_7356,discogs_15138,2,2,2,1.0
lastFM_73644,lastFM_73644,2,2,2,1.0
lastFM_7373,mbrainz_3524,2,2,2,1.0
lastFM_73815,lastFM_73815,2,2,2,1.0
lastFM_73899,lastFM_73899,2,2,2,1.0
lastFM_7392,mbrainz_3537,2,2,2,1.0
lastFM_73999,lastFM_73999,2,2,2,1.0
lastFM_74164,discogs_172956,2,2,2,1.0
lastFM_74422,mbrainz_29816,2,2,2,1.0
lastFM_74605,lastFM_74605,2,2,2,1.0
lastFM_74701,mbrainz_29929,2,2,2,1.0
lastFM_7474,lastFM_7474,2,2,2,1.0
lastFM_74740,mbrainz_29942,2,2,2,1.0
lastFM_74985,lastFM_74985,2,2,2,1.0
lastFM_75147,mbrainz_30086,2,2,2,1.0
lastFM_75263,lastFM_75263,2,2,2,1.0
lastFM_75352,lastFM_75352,2,2,2,1.0
lastFM_7538,lastFM_7538,2,2,2,1.0
lastFM_75432,lastFM_75432,1,3,1,0.3333333333333333
lastFM_75448,lastFM_75448,2,2,2,1.0
lastFM_75459,lastFM_75459,2,2,2,1.0
lastFM_75577,mbrainz_30273,2,2,2,1.0
lastFM_75586,mbrainz_30276,2,2,2,1.0
lastFM_75735,mbrainz_30346,2,2,2,1.0
lastFM_75824,mbrainz_30379,2,2,2,1.0
lastFM_75833,mbrainz_30384,2,2,2,1.0
lastFM_75857,lastFM_75857,2,2,2,1.0
lastFM_7596,lastFM_7596,2,2,2,1.0
lastFM_76014,mbrainz_30449,2,2,2,1.0
lastFM_76185,mbrainz_30512,2,2,2,1.0
lastFM_76477,discogs_178966,2,2,2,1.0
lastFM_76507,lastFM_76507,2,2,2,1.0
lastFM_76561,lastFM_76561,2,2,2,1.0
lastFM_7657,mbrainz_3679,2,2,2,1.0
lastFM_76614,mbrainz_30700,2,2,2,1.0
lastFM_7677,lastFM_7677,2,2,2,1.0
lastFM_7694,lastFM_7694,2,2,2,1.0
lastFM_7698,lastFM_7698,2,2,2,1.0
lastFM_76996,mbrainz_30859,2,2,2,1.0
lastFM_77001,mbrainz_30862,2,2,2,1.0
lastFM_77044,mbrainz_30883,2,2,2,1.0
lastFM_77295,lastFM_77295,2,2,2,1.0
lastFM_77305,mbrainz_31003,2,2,2,1.0
lastFM_77414,lastFM_77414,2,2,2,1.0
lastFM_77441,mbrainz_31069,2,2,2,1.0
lastFM_77555,mbrainz_31120,2,2,2,1.0
lastFM_77629,lastFM_77629,2,2,2,1.0
lastFM_77712,mbrainz_31192,2,2,2,1.0
lastFM_77732,lastFM_77732,2,2,2,1.0
lastFM_77853,lastFM_77853,2,2,2,1.0
lastFM_77865,lastFM_77865,2,2,2,1.0
lastFM_77880,mbrainz_31283,2,2,2,1.0
lastFM_7789,mbrainz_3741,2,2,2,1.0
lastFM_78143,lastFM_78143,2,2,2,1.0
lastFM_78306,lastFM_78306,2,2,2,1.0
lastFM_7836,mbrainz_3766,2,2,2,1.0
lastFM_78415,lastFM_78415,2,2,2,1.0
lastFM_7844,mbrainz_3773,2,2,2,1.0
lastFM_78468,lastFM_78468,2,2,2,1.0
lastFM_7857,lastFM_7857,2,2,2,1.0
lastFM_78581,lastFM_78581,1,2,1,0.5
lastFM_78672,mbrainz_31636,2,2,2,1.0
lastFM_78718,mbrainz_31653,2,2,2,1.0
lastFM_78843,lastFM_78843,2,2,2,1.0
lastFM_78863,lastFM_78863,2,2,2,1.0
lastFM_78877,lastFM_78877,1,2,1,0.5
lastFM_78932,lastFM_78932,2,2,2,1.0
lastFM_78966,lastFM_78966,2,2,2,1.0
lastFM_78984,mbrainz_31752,2,2,2,1.0
lastFM_79006,mbrainz_31762,2,2,2,1.0
lastFM_79052,mbrainz_31774,2,2,2,1.0
lastFM_79108,mbrainz_31794,2,2,2,1.0
lastFM_79252,mbrainz_31858,2,4,2,0.5
lastFM_79276,lastFM_79276,2,2,2,1.0
lastFM_79324,mbrainz_31892,2,2,2,1.0
lastFM_79500,mbrainz_31972,2,2,2,1.0
lastFM_79648,lastFM_79648,2,2,2,1.0
lastFM_7997,lastFM_7997,2,2,2,1.0
lastFM_79995,lastFM_79995,2,2,2,1.0
lastFM_8014,lastFM_8014,2,2,2,1.0
lastFM_80143,mbrainz_32251,2,2,2,1.0
lastFM_80460,mbrainz_32381,2,2,2,1.0
lastFM_80555,lastFM_80555,2,2,2,1.0
lastFM_80558,discogs_96928,2,2,2,1.0
lastFM_80640,mbrainz_32460,2,2,2,1.0
lastFM_80704,mbrainz_32487,2,2,2,1.0
lastFM_8073,mbrainz_3889,2,2,2,1.0
lastFM_8076,mbrainz_3891,2,2,2,1.0
lastFM_80769,mbrainz_32512,2,2,2,1.0
lastFM_8088,mbrainz_3897,2,2,2,1.0
lastFM_81002,mbrainz_32617,2,2,2,1.0
lastFM_81244,mbrainz_32734,2,2,2,1.0
lastFM_81307,mbrainz_32774,2,2,2,1.0
lastFM_81341,lastFM_81341,2,2,2,1.0
lastFM_81448,mbrainz_32830,2,2,2,1.0
lastFM_81524,mbrainz_32870,2,2,2,1.0
lastFM_81591,lastFM_81591,2,2,2,1.0
lastFM_81626,mbrainz_32923,2,2,2,1.0
lastFM_81635,lastFM_81635,2,2,2,1.0
lastFM_81741,mbrainz_32973,2,2,2,1.0
lastFM_81836,mbrainz_33018,2,2,2,1.0
lastFM_81926,lastFM_81926,1,2,1,0.5
lastFM_81975,lastFM_81975,2,2,2,1.0
lastFM_82083,mbrainz_33131,2,2,2,1.0
lastFM_82208,lastFM_82208,2,2,2,1.0
lastFM_82221,lastFM_82221,2,2,2,1.0
lastFM_82314,lastFM_82314,1,2,1,0.5
lastFM_82385,lastFM_82385,2,2,2,1.0
lastFM_82620,lastFM_82620,2,2,2,1.0
lastFM_82643,lastFM_82643,2,2,2,1.0
lastFM_82921,lastFM_82921,2,2,2,1.0
lastFM_82952,mbrainz_33542,2,2,2,1.0
lastFM_83037,lastFM_83037,2,2,2,1.0
lastFM_83111,lastFM_83111,2,2,2,1.0
lastFM_83227,mbrainz_33679,2,2,2,1.0
lastFM_83571,lastFM_83571,2,2,2,1.0
lastFM_83591,lastFM_83591,2,2,2,1.0
lastFM_8423,mbrainz_4060,2,2,2,1.0
lastFM_8436,mbrainz_4064,2,2,2,1.0
lastFM_8639,mbrainz_4168,2,2,2,1.0
lastFM_8657,lastFM_8657,2,2,2,1.0
lastFM_869,lastFM_869,2,2,2,1.0
lastFM_8695,lastFM_8695,2,2,2,1.0
lastFM_8720,mbrainz_4205,2,2,2,1.0
lastFM_8800,lastFM_8800,2,2,2,1.0
lastFM_8909,mbrainz_4307,2,2,2,1.0
lastFM_8915,lastFM_8915,2,2,2,1.0
lastFM_8926,lastFM_8926,2,2,2,1.0
lastFM_9102,mbrainz_4405,2,2,2,1.0
lastFM_9234,mbrainz_4477,2,2,2,1.0
lastFM_9246,lastFM_9246,2,2,2,1.0
lastFM_9253,lastFM_9253,2,2,2,1.0
lastFM_936,lastFM_936,2,2,2,1.0
lastFM_9364,mbrainz_4542,2,2,2,1.0
lastFM_9560,mbrainz_4637,2,2,2,1.0
lastFM_9688,mbrainz_4695,2,2,2,1.0
lastFM_9794,lastFM_9794,2,2,2,1.0
lastFM_9917,mbrainz_4792,2,2,2,1.0
