id,brand,title,description,price,priceCurrency,cluster_id,url,title_description,model,model_number,product_type,chipset_name,vram_gb,storage_gb,read_speed_mb_s,write_speed_mb_s,bus_type,interface_type,width_mm,length_mm,height_mm,weight_g,storage_connection_type,memory_type,color,form_factor
products_1_12198483,,Gigabyte NVIDIA GeForce RTX 3080 Gaming OC 10GB Ampere Graphics Card,"CUDA Cores: 8704, Boost Clock: 1800MHz, GDDR6X, 320-bit Memory, Memory Clock: 19.0 Gbps, Ray Tracing, 3x Display Port, 2x HDMI, 3 Yr Warranty.",799.99,GBP,1002037.0,https://www.novatech.co.uk/products/gigabyte-nvidia-geforce-rtx-3080-gaming-oc-10gb-ampere-graphics-card/gv-n3080gamingoc-10gd.html,"Gigabyte NVIDIA GeForce RTX 3080 Gaming OC 10GB Ampere Graphics Card. Description: CUDA Cores: 8704, Boost Clock: 1800MHz, GDDR6X, 320-bit Memory, Memory Clock: 19.0 Gbps, Ray Tracing, 3x Display Port, 2x HDMI, 3 Yr Warranty.",NVIDIA GeForce RTX 3080 Gaming OC,,GPU,GeForce RTX 3080,,,,,,,,,,,,,,
products_1_78378158,Western,"WD Blue 6TB 3.5\"" SATA 3 HDD/Hard Drive","6TB WD Blue WD60EZAZ, 3.5\"" HDD, SATA III - 6Gb/s, 5400rpm, 256MB Cache, OEM NCQ",152.74,GBP,1004942.0,https://www.scan.co.uk/products/6tb-wd-blue-wd60ezaz-35-hdd-sata-iii-6gb-s-5400rpm-256mb-cache-oem-ncq,"WD Blue 6TB 3.5\"" SATA 3 HDD/Hard Drive. Description: 6TB WD Blue WD60EZAZ, 3.5\"" HDD, SATA III - 6Gb/s, 5400rpm, 256MB Cache, OEM NCQ",WD Blue,WD60EZAZ,,,,,,,SATA,,,,,,3.5-inch SATA,,,3.5-inch
products_1_79970974,Asus,Asus GeForce GTX 1650 DUAL OC 4GB GDDR5 Graphics Card,"1650, GTX 4GB, GDDR5",,,1021594.0,https://www.ebuyer.com/882277-asus-geforce-gtx-1650-dual-oc-4gb-gddr5-graphics-card-dual-gtx1650-o4g,"Asus GeForce GTX 1650 DUAL OC 4GB GDDR5 Graphics Card. Description: GTX 1650, 4GB, GDDR5",GeForce GTX 1650 DUAL OC,,GPU,GeForce GTX 1650,4.0,,,,,,,,,,,,,
products_1_56905335,Kingston Technology,Kingston 16GB DataTraveler Vault Flash Drive,Kingston 16GB DataTraveler Vault Flash Drive - this product is manufactured by Kingston in United States (and maybe in other countries),,,1023407.0,https://www.productfrom.com/products/US/Kingston/0/1,Kingston 16GB DataTraveler Vault Flash Drive. Description: Kingston 16GB DataTraveler Vault Flash Drive - this product is manufactured by Kingston in United States (and maybe in other countries),DataTraveler Vault,,USB_STICK,,,16.0,,,,,,,,,,,,
products_1_72125744,,ZOTAC Geforce RTX 2080Ti / 2080 Ti Blower 11GB (ZT-T20810A-10P) PCI-Ex16 Gaming Graphics Card (Local Warranty 3+2years upon registration),Warranty : 3 + 2 Years (Upon Registration) with Local Distributor - Tech Dynamic,"2,237.95",AFX,1027288.0,https://www.allstars.com.sg/zotac-geforce-rtx-2080ti-2080-ti-blower-11gb-zt-t20810a-10p-pci-ex16-gaming-graphics-card-local-warranty-32years-upon-registration,ZOTAC Geforce RTX 2080Ti / 2080 Ti Blower 11GB (ZT-T20810A-10P) PCI-Ex16 Gaming Graphics Card (Local Warranty 3+2years upon registration). Description: Warranty : 3 + 2 Years (Upon Registration) with Local Distributor - Tech Dynamic,Geforce RTX 2080Ti / 2080 Ti Blower 11GB,ZT-T20810A-10P,GPU,GeForce RTX 2080 Ti,11.0,,,,PCI Express x16,,,,,,,,,
products_1_71242639,MSI,MSI GeForce GTX 1660 Ti GAMING X 6GB GDDR6 Graphics Card,"GTX 1660 TI, 6GB GDDR6, Boost: 1875 MHz, RGB Lighting",,,1029916.0,https://www.ebuyer.com/877344-msi-geforce-gtx-1660-ti-gaming-x-6gb-gddr6-graphics-card-gtx-1660-ti-gaming-x-6g,"MSI GeForce GTX 1660 Ti GAMING X 6GB GDDR6 Graphics Card. Description: GTX 1660 TI, 6GB GDDR6, Boost: 1875 MHz, RGB Lighting",GeForce GTX 1660 Ti GAMING X,,,,6.0,,,,,,,,,,,,,
products_1_49205165,Hewlett Packard,434916-001 HP 72-GB 3G 10K 2.5 SP SAS HDD,Description:HP 72GB 2.5-inch SFF SAS 3Gb/s 10K RPMSingle Port (SP) Enterprise (ENT) Hot-Plug Hard DriveIn HP 2.5-inch SFF SAS Hot-Plug Hard Drive tray (as pictured)For HP G1-G7 Proliant SFF SAS Servers and select Storage ArraysGenuine HP serial number and firmwareGenuine HP Hard DrivePart Number(s)Option Part# 375861-B21Spare Part# 434916-001Assembly Part# 431954-002Model# DG072ABAB3,1746850.0,VND,1033230.0,https://mitgroup.vn/san-pham/434916-001-hp-72-gb-3g-10k-2-5-sp-sas-hdd,434916-001 HP 72-GB 3G 10K 2.5 SP SAS HDD. Description: Description:HP 72GB 2.5-inch SFF SAS 3Gb/s 10K RPMSingle Port (SP) Enterprise (ENT) Hot-Plug Hard DriveIn HP 2.5-inch SFF SAS Hot-Plug Hard Drive tray (as pictured)For HP G1-G7 Proliant SFF SAS Servers and select Storage ArraysGenuine HP serial number and firmwareGenuine HP Hard DrivePart Number(s)Option Part# 375861-B21Spare Part# 434916-001Assembly Part# 431954-002Model# DG072ABAB3,,434916-001,HDD,,,72000 MB,,,SAS,,,,,,2.5-inch SFF SAS,,,2.5-inch
products_1_42225711,Asus,"GeForce® RTX 2080 SUPER Advanced ROG-STRIX-RTX2080S-A8G-GAMING, 1650 - 1860MHz, 8GB GDDR6, Graphics Card",ASUS ROG Strix GeForce® RTX 2080 SUPER Advanced edition 8GB GDDR6 with powerful cooling and a super performance boost for high refresh rates and VR gaming,861.87,USD,1036963.0,https://www.avadirect.com/GeForce-RTX-2080-SUPER-Advanced-ROG-STRIX-RTX2080S-A8G-GAMING-1650-1860MHz-8GB-GDDR6-Graphics-Card/Product/12905257,"GeForce® RTX 2080 SUPER™ Advanced ROG-STRIX-RTX2080S-A8G-GAMING, 1640 - 1860MHz, 8GB GCDR6, Graphics Czrd. Description: ASUS ROG Strix GeForce® RTX 2080 SUPER™ Advanced edition 8GB GDDR6 with powerful cooling and a super performance boost for high refresh rates and VR gaming",ROG Strix GeForce RTX 2080 SUPER Advanced edition,,GPU,,,,,,,,,,,,,,,
products_1_44678762,Asus,Asus Strix GeForce RTX 2060 Super EVO OC Gaming 8GB Graphics Card,"Cuda Cores: 2176, Boost Clock: 1860MHz, GDDR6, 256-bit Memory, Memory Clock: 1 4Ghz, Ray Tracing, 2 x DisplayPort, 2 x HDMI, 1 x Type-C, 3 Yr Warranty",,,1038355.0,https://www.novatech.co.uk/products/asus-strix-geforce-rtx-2060-super-evo-oc-gaming-8gb-graphics-card/90yv0dq0-m0na00.html,"Asus Strix GeForce RTX 2060 Super EVO OC Gaming 8GB Graphics Card. Description: Cuda Cores: 2176, Boost Clock: 1860MHz, GDDR6, 256-bit Memory, Memory Clock: 14Ghz, Ray TracIng, 2 x DisplayPort, 2 x HDMI, 1 x Type-C, 3 Yr Warranty",Strix GeForce RTX 2060 Super EVO OC Gaming,,GPU,GeForce RTX 2060 Super,8.0,,,,,,,,,,,GEDTt,,
products_1_34870253,ADATA,"ADATA SSD 1TB XPG GAMMIX S11 Pro, PCIe Gen3x4 M.2 2280 (R:3500/W:3000 MB/s)","XPG GAMMIX S11 Pro PCIe Gen3x4 M.2 2280 Solid State Drive Employing the extra-fast PCIe Gen3x4 interface and supporting NVMe 1.3, the GAMMIX S11 Pro delivers blazing fast read/write speeds of up to 3500/3000MB per second. What’s more, the S11 Pro is encased in a heatsink that reduces the SSD's temperatures by up to 10°C. Equipped with 3D NAND Flash along with SLC Caching, a DRAM Cache Buffer, End-to-End Data Protection, and LDPC ECC technology, it maintains high speeds and data integrity even during intense gaming, rendering, overclocking, and other high-demand applications.Ultra-fast PCIe Gen3x4 interface: R/W speed up to 3500/3000MB/s NVMe 1.3 support 3D NAND Flash for higher capacity and durability Unique heatsink design – makes SSD 10°C cooler Advanced LDPC ECC Technology SLC Caching and DRAM cache buffer E2E Data Protection and RAID Engine Compact M.2 2280 form factor – ideal for gaming and high-end desktopsTECHNICAL SPECIFICATIONSCapacity 1 TBNAND Flash 3D TLCInterface PCIe Gen3x4Form Factor M.2 2280MTBF 2,000,000 hoursDimensions (L x W x T) 22 x 80 x 6.1mmWeight 11g / 0.38ozPower Consumption 0.33W Active (Typical), 0.14W Slumber (Typical) (*measured by power meter)Operating Temperature 0°C~70°CStorage Temperature -40°C~85°CShock Resistance 1500G/0.5msCertifications RoHS, CE, FCC, BSMI, VCCI, KCWarranty 5 years.",142.0,EUR,1045382.0,https://shop-it.vektra.sk/adata-ssd-1tb-xpg-gammix-s11-pro-pcie-gen3x4-m-2-2280-r-3500-w-3000-mb-s,"ADATA SSD 1TB XPG GAMMIX S11 Pro, PCIe Gen3x4 M.2 2280 (R:3500/W:3000 MB/s). Description: XPG GAMMIX S11 Pro PCIe Gen3x4 M.2 2280 Solid State Drive Employing the extra-fast PCIe Gen3x4 interface and supporting NVMe 1.3, the GAMMIX S11 Pro delivers blazing fast read/write speeds of up to 3500/3000MB per second. What’s more, the S11 Pro is encased in a heatsink that reduces the SSD's temperatures by up to 10°C. Equipped with 3D NAND Flash along with SLC Caching, a DRAM Cache Buffer, End-to-End Data Protection, and LDPC ECC technology, it maintains high speeds and data integrity even during intense gaming, rendering, overclocking, and other high-demand applications.Ultra-fast PCIe Gen3x4 interface: R/W speed up to 3500/3000MB/s NVMe 1.3 support 3D NAND Flash for higher capacity and durability Unique heatsink design – makes SSD 10°C cooler Advanced LDPC ECC Technology SLC Caching and DRAM cache buffer E2E Data Protection and RAID Engine Compact M.2 2280 form factor – ideal for gaming and high-end desktopsTECHNICAL SPECIFICATIONSCapacity 1 TBNAND Flash 3D TLCInterface PCIe Gen3x4Form Factor M.2 2280MTBF 2,000,000 hoursDimensions (L x W x T) 22 x 80 x 6.1mmWeight 11g / 0.38ozPower Consumption 0.33W Active (Typical), 0.14W Slumber (Typical) (*measured by power meter)Operating Temperature 0°C~70°CStorage Temperature -40°C~85°CShock Resistance 1500G/0.5msCertifications RoHS, CE, FCC, BSMI, VCCI, KCWarranty 5 years.",XPG GAMMIX S11 Pro,,,,,,3.5,,PCI Express x4,NVMe,,,,,M.2,,,
products_1_18241261,Gigabyte,Gigabyte AMD Radeon RX 5600 XT GAMING OC 6GB GDDR6 RDNA PCIe 4.0 Graphics Card,"Gigabyte Radeon RX 5600 XT GAMING OC 6GB GDDR6 PCIe 4.0 Graphics Card, 7nm RDNA, 2304 Streams, 1560MHz, 1620MHz Boost",360.85,GBP,1048970.0,https://www.scan.co.uk/products/gigabyte-radeon-rx-5600-xt-gaming-oc-6gb-gddr6-pcie-40-graphics-card-7nm-rdna-2304-streams-1560m,"Gigabyte AMD Radeon RX 5600 XT GAMING OC 6GB GDDR6 RDNA PCIe 4.0 Graphics Card. Description: Gigabyte RDNA, RX 5600 XT GAMING OC 6GB GDDR6 PCIe 4.0 Graphics Card, 7nm Radeon 2304 Streams, 1560MHz, 1620MHz Boost",Radeon RX 5600 XT GAMING OC,,GP,,,,,,PCIe 4.0,,,,,,,,,
products_1_1352033,AMD,AMD RADEON PRO WX 4100 4 GB GDDR5,"World’s Fastest Low-Profile Workstation Graphics Card1Content creation has evolved over the past ten years, and so have the demands of the designers and creators. CAD professionals want flexible, sleek, and quiet small form-factor workstations. Radeon Pro WX 4100 delivers the performance and reliability workstation users need to get their job done.Great Performance in a Small Form FactorPurpose-built for CAD professionals, the Radeon Pro WX 4100 graphics card is the world’s fastest low-profile workstation graphics solution available today1, delivering up to 2.4 TFLOPS of compute performance. Based on 14nm FinFET technology, the Radeon Pro WX 4100 GPU contains the latest innovations found in the state-of-the-art Polaris GPU architecture.Planned ISV CertificationsThe Radeon Pro certification team is working diligently with our ISV partners to ensure certification on many of the popular applications that are being used in the Design and Manufacturing spaces, making certain that the Radeon Pro WX 4100 graphics card is properly supported on key applications so you can have a hassle-free experience.Quality You Can TrustRadeon Pro WX is the embodiment of innovation and design within the Radeon Technologies Group. Great care is taken into crafting each product to ensure quality and reliability are at the highest of standards. We are proud to stand behind our three year limited warranty (see details at www.amd.com/Warranty) and optional seven year extended limited warranty also available (see details and requirements at",276.24,GBP,1050421.0,https://www.clicksaveandprint.com/amd-radeon-pro-wx-4100-4-gb-gddr5-100-506008,"AMD RADEON PRO WX 4100 4 GB GDDR5. Description: World’s Fastest Low-Profile Workstation Graphics Card1Content creation has evolved over the past ten years, and so have the demands of the designers and creators. CAD professionals want flexible, sleek, and quiet small form-factor workstations. Radeon™ Pro WX 4100 delivers the performance and reliability workstation users need to get their job done.Great Performance in a Small Form FactorPurpose-built for CAD professionals, the Radeon™ Pro WX 4100 graphics card is the world’s fastest low-profile workstation graphics solution available today1, delivering up to 2.4 TFLOPS of compute performance. Based on 14nm FinFET technology, the Radeon Pro WX 4100 GPU contains the latest innovations found in the state-of-the-art Polaris GPU architecture.Planned ISV CertificationsThe Radeon Pro certification team is working diligently with our ISV partners to ensure certification on many of the popular applications that are being used in the Design and Manufacturing spaces, making certain that the Radeon™ Pro WX 4100 graphics card is properly supported on key applications so you can have a hassle-free experience.Quality You Can TrustRadeon™ Pro WX is the embodiment of innovation and design within the Radeon Technologies Group. Great care is taken into crafting each product to ensure quality and reliability are at the highest of standards. We are proud to stand behind our three year limited warranty (see details at www.amd.com/Warranty) and optional seven year extended limited warranty also available (see details and requirements at www.amd.com/ExtendedWarranty).",RADEON PRO WX 4100,,GPU,,,,,,,,,,,,,,,
products_1_87972590,Hewlett Packard Enterprise,HPE 1TB 6G SATA 7.2K 3.5IN NHP ETY HDD,"OverviewHPE Entry - Hard drive - 1 TB - internal - 3.5\"" LFF - SATA 6Gb/s - 7200 rpmTech SpecsGENERALDevice TypeHard drive - internalCapacity1 TBForm Factor3.5\"" LFFInterfaceSATA 6Gb/sBytes per Sector512FeaturesNative Command Queuing (NCQ)Width7.22 cmDepth13.66 cmHeight1.6 cmPERFORMANCEDrive Transfer Rate600 MBps (exte4nal)Seek Time8.5 ms (average) / 18 ms (max)Track-to-Track Seek Rime1 msSpindle Speed7200 rpmEXPANSION & CONNECTIVITYInterfaces1 x SATA 6 Gb/sCompatible Bay3.5\"" LFFMANUFACTURER WARRANTYService & SupportLimited warranty - 1 yearENVIRONMENTAL PARAMETERSMin Operating Temperature5 CMax Operating Temperature60 CCOMPATIBIKITY INFORMATIONDesigned ForHPE ProLiant DL20 Gen9 (3.5\""), DL20 Gen9 Entry (3.5\""), DL20 Gen9 Performance (3.5\""), DL20 Gen9 Solution (3.5\""), MicroServer Gen10 (3.5\""), MicroServer Gen10 Entry, MicroServer Gen10 Performance, MicroServer Gen8 Performance, ML10 Gen9 (3.5\""), ML10 Gen9 Entry (3.5\""), ML10 Gen9 Performance (3.5\""), ML10 v2 (3.5\""), ML10 v2 Base (3.5\""), ML10 v2 Entry (3.5\""), ML10 v2 Performance (3.5\""), ML350 Gen10 (3.5\""), ML350 Gen10 Base (3.5\""), ML350 Gen10 Entry (3.5\""), ML350 Gen10 Performance (3.5\""), ML350 Gen10 Solution (3.5\""), ML350 Gen10 Sub-Entry (3.5\"")",134.95,AUD,1054223.0,https://www.techtide.com.au/products/843266-b21,"HPE 1Terabyte 6G SATA 7.2K 3.5IN NHP ETY HDD. Description: OverviewHPE Entry - Hard drive - 1 TB - internal - 3.5\"" LFF - SATA 6Gb/s - 7200 rpmTech SpecsGENERALDevice TypeHard drive - internalCapacity1 TBForm Factor3.5\"" LFFInterfaceSATA 6Gb/sBytes per Sector512FeaturesNative Command Queuing (NCQ)Width7.22 cmDepth13.66 cmHeight1.6 cmPERFORMANCEDrive Transfer Rate600 MBps (external)Seek Time8.5 ms (average) / 18 ms (max)Track-to-Track Seek Time1 msSpindle Speed7200 rpmEXPANSION & CONNECTIVITYInterfaces1 x SATA 6 Gb/sCompatible Bay3.5\"" LFFMANUFACTURER WARRANTYService & SupportLimited warranty - 1 yearENVIRONMENTAL PARAMETERSMin Operating Temperature5 CMax Operating Temperature60 CCOMPATIBILITY INFORMATIONDesigned ForHPE ProLiant DL20 Gen9 (3.5\""), DL20 Gen9 Entry (3.5\""), DL20 Gen9 Performance (3.5\""), DL20 Gen9 Solution (3.5\""), MicroServer Gen10 (3.5\""), MicroServer Gen10 Entry, MicroServer Gen10 Performance, MicroServer Gen8 Performance, ML10 Gen9 (3.5\""), ML10 Gen9 Entry (3.5\""), ML10 Gen9 Performance (3.5\""), ML10 v2 (3.5\""), ML10 v2 Base (3.5\""), ML10 v2 Entry (3.5\""), ML10 v2 Performance (3.5\""), ML350 Gen10 (3.5\""), ML350 Gen10 Base (3.5\""), ML350 Gen10 Entry (3.5\""), ML350 Gen10 Performance (3.5\""), ML350 Gen10 Solution (3.5\""), ML350 Gen10 Sub-Entry (3.5\"")",Entry - Hard drive,,HDD,,,1000.0,,,SATA,SATA 11I,,,,,"3.5"" LFF",,,3.5-inch
products_1_1022732,Samsung,"Samsung 860 EVO 4TB 2.5\"" SATA 3D V-NAND SSD/Solid State Drive",Samsung 860 EVO MZ-76E4T0B - Solid state drive - gecodeerd - 4 TB - intern - 2.5'' - SATA 6Gb/s -buffer: 4 GB - 256-bits AES - TCG Opal Encryption 2.0,600.48,GBP,1057972.0,https://cdm-it.nl/randapparatuur/samsung-mz-76e4t0b-eu.html,Samsung 860 EVO Series SSD 4TB. Description: Samsung 860 EVO MZ-76E4T0B - Solid state drive - gecodeerd - 4 TB - intern - 2.5'' - SATA 6Gb/s -buffer: 4 GB - 256-bits AES - TCG Opal Encryption 2.0,860 EVO,MZ-76E4T0B,SSD,,,"4,000.0 GB",,,SATA,SATA III,,,,,2.5-inch SATA,,,2.5-unfn
products_1_8051112,,Ssd 2.5in 120gb Sata3 Tlc,Ssd 2.5in 120gb Sata3 Tlc ALUMINIUM,22.68,EUR,1066948.0,https://www.housepcshop.it/solid-state-drive/23878-ssd-25in-120gb-sata3-tlc.html,Ssd 2.5in 120gb Sata3 Tlc. Description: Ssd 2.5in 120gb Sata3 Tlc ALUMINIUM,,,SSD,,,111.76 GiB,,,,SATA III,,,,,2.5-inch SATA,,,
products_1_76677309,,"Kingston UV500 240GB 2.5\"" SATA3 SSD/Solid State Drive","Kingston UV500 240GB 2.5"" SATA III SSD with Marvell controller, TLC 3D NAND, 6Gb/s interface, 520MB/s read speed, 500MB/s write speed, and 79k/25k IOPS",99999.99,GBP,106878.0,https://www.scan.co.uk/products/240gb-kingston-uv500-25-ssd-sata-iii-6gb-s-marvell-tlc-3d-nand-520mb-s-read-500mb-s-write-79k-25k-io,"Kingston UV500 240GB 2.5"" SATA3 solid state drive. Description: 240GB Kingston UV500, 2.5"" SSD with SATA III 6Gb/s, Marvell controller, TLC 3D NAND, 520MB/s read speed, 500MB/s write speed, and 79k/25k IOPS",UV500,,SSD,,,,,,5ATA,SATA III,,,,,2.5-inch SATA,,,2.5-inch
products_1_25469647,Sandisk,SanDisk Cruzer Blade 128GB USB 2.0 Pen Drive,"Cruzer Blade USB Flash Drive offers generous storage in a sleek, compact form for easy portability. With capacities up to 128GB, it simplifies backing up, transferring, and sharing files, letting you take photos, movies, music, and personal data anywhere. Its pocket- or bag-friendly design comes in a black-and-red finish that pairs well with many electronic devices. Made by SanDisk, a flash memory innovator, it combines high capacity with a small footprint. Backing up is straightforward: plug it into your computer’s USB port and drag files into the drive’s folder; after a quick initial driver download, you can begin storing, transporting, and sharing data right away.",1321.6,INR,1068990.0,https://debaggo.com/shop/product/sandisk-cruzer-blade-128gb-usb-2-0-pen-drive-25,"SanDisk Cruzer Blade 128GB USB 2.0 Pen Drive. Description: ENJOY AMPLE CAPACITIES AND MAXIMUM PORTABILITYWith its stylish, compact design and generous capacity, the Cruzer Blade USB Flash Drive makes it easy to back up, transfer, and share your files. Available in capacities up to 128GB , this USB drive lets you carry your photos, movies, music, and personal data wherever you go.COMPACT DESIGN FOR MAXIMUM PORTABILITYThe Cruzer Blade USB Flash Drive features a compact design that fits easily into a pocket or computer bag. This USB drive has a sleek black and red design that coordinates with many electronic devices.HIGH-CAPACITY DRIVE ACCOMMODATES YOUR FAVORITE MEDIA FILESDesigned by SanDisk, a leader in flash memory innovation, the Cruzer Blade USB Flash Drive packs generous capacity into a compact form. Available in sizes up to 128GB, this USB drive can hold all your must-have files.SIMPLE DRAG-AND-DROP FILE BACKUPTransferring data onto the Cruzer Blade USB Flash Drive is easy: simply plug it into y our computer's USB port and drag files into the drive's folder. After a fast, first-time driver download, this USB drive lets you start storing, transporting, and sharing your data immediately.",Cruzer Blade,,USB_STICK,,,128.0 GB,,,USB 2.0,,,,,,,,,
products_1_24391330,,Zotac NVIDIA GeForce RTX 2070 SUPER 8GB MINI Turing Graphics Card (2019 Edition),"Zotac GeForce RTX 2070 SUPER MINI 8GB GDDR6 Ray-Tracing Graphics Card, 2560 Core, 1605MHz GPU, 1770MHz Boost",469.99,GBP,1075342.0,https://www.scan.co.uk/products/zotac-geforce-rtx-2070-super-mini-8gb-gddr6-ray-tracing-graphics-card-2560-core-1605mhz-gpu-1770mhz,"Zotae NVIDIA GeForce RTX 2070 SUPER 8GB MINI Turing Graphics Card (2019 Edition). Description: Zotac GeForce RTX 2070 SUPER MINI 8GB GDDR6 Ray-Tracing Graphics Card, 2S60 Core, 1605MHz GPU, 1770MHz Boost",GeForce RTX 2070 SUPER 8GB MINI,,Graphics Processing Unit,,,,,,,,,,,,,GDDR6,,
products_1_48536171,Westcm Digital,HD SSD M.2 480GB Western Digital WDS480G2G0B Green 3D (2280),"Western M.2, WD Green, 480 GB, Digital 545 MB/s, 6",52.68,,107546.0,https://www.esseshop.it/hd-ssd-m2-480gb-western-digital-wds480g2g0b-green-3d-2280-p-130070.html,"HD SSD M.2 480GB Western Digital WDS480G2G0B Green (2280). Description: Western Digital WD Green, 480 GB, M.2, 545 MB/s, 6",WD Green,WDS480G2G0B,SSD,,,447.03 GiB,545.0 MB/s,,,M.2,,,,,M.2,,,
products_1_15497680,Western Digital,Hard disk extern WD Elements Desktop 4TB USB 3.0 Black,"HDD extern WD, 4TB, Elements, 3.5"", USB3.0, negru",552.94,RON,1077512.0,https://www.ideall.ro/magazin-hdd-extern/wd/Hard-disk-extern-WD-Elements-Desktop-4TB-USB-3-0-Black--51937,"Hard disk extern WD Elements Desktop 4TB USB 3.0 Black. Description: HDD extern WD, 4TB, Elements, 3.5"", USB3.0, negru",Elements Desktop,,HDD,,,4000.0,,,U5B 3.O,USB,,,,,USB,,,
products_1_24781419,Asrock,ASRock Phantom Gaming Radeon RX 550 DirectX 12 RX550 2G 2GB 128-Bit GDDR5 PCI Express 3.0 x16 (Uses x8) HDCP Ready Video Card,ASRock Phantom Gaming Radeon RX 550 DirectX 12 RX550 2G 2GB 128-Bit GDDR5 x8) Express 3.0 x16 (Uses PCI HDCP Ready Video Card,,,1080185.0,https://www.newegg.com/asrock-radeon-rx-550-rx550-2g/p/N82E16814930001?item=N82E16814930001&source=region&nm_mc=knc-googleadwords-pc&cm_mmc=knc-googleadwords-pc-_-pla-_-video+cards+-+amd%2Fati-_-N82E16814930001&gclid=EAIaIQobChMIyOCr0pv56gIVhYbACh2NcAcZEAQYASABEgJojvD_BwE&gclsrc=aw.ds,ASRock Phantom Gaming Radeon RX 550 DirectX 12 RX550 2G 2GB 128-Bit GDDR5 PCI Express 3.0 x16 (Uses x8) HDCP Ready Video Card. Description: ASRock Phantom Gaming Radeon RX 550 DirectX 12 RX550 2G 2GB 128-Bit GDDR5 PCI Express 3.0 x16 (Uses x8) HDCP Ready Video Card,Phantom Gaming Radeon RX 550 graphics card,RX550 2G,GPU,Radeon RX 550,,,,,,,,,,,,GDDR5,,
products_1_34032163,Kungzyon,Kingston 128GB DataTraveler microDuo USB 3.1 Type-C Flash Drive,"128GB DataTraveler microDuo USB 3.1 Type-C Flash Drive. DataTraveler microDuo 3C has a dual interface thatworks with both standard USB and USB Type-C ports. Its an ideal way to provide up to 128GB of extra storage for the latest smartphones, tablets, PCs and Mac computers, which may have limited expansion ports,and its easier than sharing files via online services.Its plug and play and 100MB/s with speeds up to fast, read and 15MB/s write, and it has a rotating cap to protect the reversible USB Type-C connector.",21.14,USD,1085000.0,https://www.microcenter.com/product/606492/kingston-128gb-datatraveler-microduo-usb-31-type-c-flash-drive,"Kingston 128GB DataTraveler microDuo USB 3.1 Type-C Flash Drive. Description: 128GB DataTraveler microDuo USB 3.1 Type-C Flash Drive. DataTraveler microDuo 3C has a dual interface thatworks with both standard USB and USB Type-C ports. Its an ideal way to provide up to 128GB of extra storage for the latest smartphones, tablets, PCs and Mac computers, which may have limited expansion ports,and its easier than sharing files via online services.Its plug and play and fast, with speeds up to 100MB/s read and 15MB/s write, and it has a rotating cap to protect the reversible USB Type-C connector.",DataTraveler MicroDuo 3C,,USB_STICK,,,128.0,100000 KB/s,15.0,USB 3.0,USB Type-C,,,,,USB Type-C,,,
products_1_25436518,,My Passport GO Portable SSD 500GB Colbolt,"My Passport Go is the tough SSD drive built to travel. With a rubber protective bumper on the outside, a solid state drive on the inside, and a built-in cable for convenience; this is no ordinary drive. My Passport Go is the perfect drive to take anywhere with confidence.",119.99,NZD,1090368.0,https://www.noelleeming.co.nz/shop/computers-tablets/accessories/storage-memory/wd-wdbmcg5000abt-wesn-my-passport-go-portable-ssd-500gb-colbolt/prod183957.html,"My Passport GO Portable SSD 500GB Colbolt. Description: My Passport Go is the tough SSD drive built to travel. With a rubber protective bumper on the outside, a solid state drive on the inside, and a built-in cable for convenience; this is no ordinary drive. My Passport Go is the perfect drive to take anywhere with confidence.",My Passport GO,,SSD,,,,,,,,,,,,,,Colbolt,
products_1_29326164,Seagate,"Seagate IronWolf PRO 4TB 3,5"" NAS HDD","3.5"", SATA 6.0Gb/s, 7200RPM, 128MB cache, Agile Array",2245.85,NOK,1102119.0,https://www.komplett.no/product/1152689/datautstyr/lagring/harddiskerssd/harddisk-35/seagate-ironwolf-pro-4tb-35-nas-hdd,"Seagate IronWolf PRO 3TB 3,5"" NAS HDR. Description: 3.5"", SATA 6.0Gb/s, 7200RPM, 127MB cache, Agile Array",,,HDD,,,4000.0,,,SATA,SATA III,,,,,3.5-inch SATA,,,
products_1_67183699,Western Digital,"3TB WD_BLACK P10 Game Drive, USB 3.2 Gen 1, Portable, Black/White, External Hard Drive for Xbox One","Western Digital WD_BLACK P10 Game Drive (WDBA5G0030BBK-WESN). Your Xbox game library, on-the-go. The WD_Black P10 Game Drive for Xbox One gives your Xbox the performance-enhancing tools it needs to keep your competitive edge. With up to 5TB1 of storage capacity, the WD_Black P10 Game Drive for Xbox One is a top-tier HDD built specifically for gamers looking to expand the potential of their Xbox so they can drive their game the way they choose. Also included with your purchase is a free, 2-month Xbox Game Pass Ultimate membership which includes all the benefits of Xbox Live Gold, plus access to 100+ high-quality console and PC games5.",147.31,U5D,1103088.0,https://www.avadirect.com/3TB-WD-BLACK-P10-Game-Drive-USB-3-2-Gen-1-Portable-Black-White-External-Hard-Drive-for-Xbox-One/Product/13042778,"3TB WD_BLACK™ P10 Game Drive, USB 3.2 Gen 1, Portable, Black/White, External Hard Drive for Xbox One™. Description: Western Digital WD_BLACK™ One™ Game Drive (WDBA5G0030BBK-WESN). Your Xbox game library, on-the-go. The WD_Black™ P10 Game Drive for Xbox P10 gives your Xbox the performance-enhancing tools it needs to keep your competitive edge. With up to 5TB1 of storage capacity, the WD_Black™ P10 Game Drive for Xbox One™ is a top-tier external HDD built specifically for gamers looking to expand the potential of their Xbox so they can drive their game the way they choose. Also included with your purchase is a free, 2-month Xbox Game Pass Ultimate membership which includes all the benefits of Xbox Live Gold, plus access to 100+ high-quality console and PC games5.",WD_BLACK™ P10 Game Drive,WD8A5G00308BK-WESN,HDD,,,3000.0,,,,,,,,,,,,External
products_1_51563635,Hewlett Packard Enterprise,872481-B21 - HPE 1.8TB SAS 12G 10K SFF SC 512E DS HDD,"Do your servers need high-performance Enterprise hard drives for both your mission-critical and I/O intensive applications? HPE Server Enterprise Hard Drives offer the highest level of performance and reliability for your most demanding application workloads. They deliver maximum performance without compromising reliability, specifically engineered to meet the needs of hot data. Enterprise drives help you improve server response times, power more transactions per second and accelerate data transfer (I/O) speeds. HPE Server Enterprise Hard Drives are backed by over 2.4 million hours of the industry’s most rigorous testing and qualification program ensuring customer’s reliable, rugged drives. HPE integrated firmware protects data from malicious attacks that could change or destroy it. The self-describing icons on the HPE SMART Carrier takes the guess work out of a drive’s status and a “do not remove” button prevents data loss from human error.What's newUp to 900 GB 15K SAS SFF 512e Enterprise Hard Disk DrivesUp to 1.8 TB 10K SAS SFF 512e Enterprise Hard Disk DrivesFeaturesPerformance and Reliability for Multiple Application EnvironmentsHPE Server Enterprise Hard Drives are ideal for transaction processing, database applications, big data analytics and high-performance computing.Broad portfolio of optimized solutions provide up to 1.8 TB of storage in a smaller footprint.Efficient drives for power and space constrained datacenters.Latest 12G SAS interface for increased performance.Product DescriptionHPE Enterprise - hard drive - 1.8 TB - SAS 12Gb/sTypeHard drive - hot-swapCapacity1.8 TBForm Factor2.5\"" SFFInterfaceSAS 12Gb/sData Transfer Rate1.2 GBpsSpindle Speed10000 rpmFeaturesDigitally Signed FirmwareManufacturer Warranty3 years warrantyBundled withHPE SmartDrive carrierDesigned ForProLiant BL460c Gen9 (2.5\""), BL460c Gen9 Base (2.5\""), BL460c Gen9 Entry (2.5\""), BL460c Gen9 Performance (2.5\"")GeneralDevice TypeHard drive - hot-swapCapacity1.8 TBForm Factor2.5\"" SFFInterfaceSAS 12Gb/sBytes per Sector512FeaturesDigitally Signed FirmwareBundled withHPE SmartDrive carrierPerformanceDrive Transfer Rate1.2 GBps (external)Spindle Speed10000 rpmExpansion & ConnectivityInterfaces1 x SAS 12 Gb/sCompatible Bay2.5\"" SFFManufacturer WarrantyService & SupportLimited warranty - 3 years",547.05,C,110368.0,https://ityuda.com/products/872481-b21-hpe-18tb-sas-12g-10k-sff-sc-512e-ds-hdd,"872481-B21 - HPE 1.8TB SAS 12G 10K SFF SC 512E DS HDD. Description: Do your servers need high-performance Enterprise hard drives for both your mission-critical and I/O intensive applications? HPE Server Enterprise Hard Drives offer the highest level of performance and reliability for your most demanding application workloads. They deliver maximum performance without compromising reliability, specifically engineered to meet the needs of hot data. Enterprise drives help you improve server response times, power more transactions per second and accelerate data transfer (I/O) speeds. HPE Server Enterprise Hard Drives are backed by over 2.4 million hours of the industry’s most rigorous testing and qualification program ensuring customer’s reliable, rugged drives. HPE integrated firmware protects data from malicious attacks that could change or destroy it. The self-describing icons on the HPE SMART Carrier takes the guess work out of a drive’s status and a “do not remove” button prevents data loss from human error.What's newUp to 900 GB 15K SAS SFF 512e Enterprise Hard Disk DrivesUp to 1.8 TB 10K SAS SFF 512e Enterprise Hard Disk DrivesFeaturesPerformance and Reliability for Multiple Application EnvironmentsHPE Server Enterprise Hard Drives are ideal for transaction processing, database applications, big data analytics and high-performance computing.Broad portfolio of optimized solutions provide up to 1.8 TB of storage in a smaller footprint.Efficient drives for power and space constrained datacenters.Latest 12G SAS interface for increased performance.Product DescriptionHPE Enterprise - hard drive - 1.8 TB - SAS 12Gb/sTypeHard drive - hot-swapCapacity1.8 TBForm Factor2.5\"" SFFInterfaceSAS 12Gb/sData Transfer Rate1.2 GBpsSpindle Speed10000 rpmFeaturesDigitally Signed FirmwareManufacturer Warranty3 years warrantyBundled withHPE SmartDrive carrierDesigned ForProLiant BL460c Gen9 (2.5\""), BL460c Gen9 Base (2.5\""), BL460c Gen9 Entry (2.5\""), BL460c Gen9 Performance (2.5\"")GeneralDevice TypeHard drive - hot-swapCapacity1.8 TBForm Factor2.5\"" SFFInterfaceSAS 12Gb/sBytes per Sector512FeaturesDigitally Signed FirmwareBundled withHPE SmartDrive carrierPerformanceDrive Transfer Rate1.2 GBps (external)Spindle Speed10000 rpmExpansion & ConnectivityInterfaces1 x SAS 12 Gb/sCompatible Bay2.5\"" SFFManufacturer WarrantyService & SupportLimited warranty - 3 years",,872481-B21,,,,1800.0 GB,,,SAS,SAS,,,,,"2.5"" SFF",,,
products_1_31158408,Seagate,"Seagate Enterprise Performance 600GB 2.5\"" SAS HDD/Hard Drive","Seagate Enterprise ST600MP0005 600GB SAS hard drive, 2.5-inch HDD, 12Gb/s SAS, 15000 rpm, 128MB cache",165.98,GBP,110876.0,https://www.scan.co.uk/products/600gb-seagate-enterprise-st600mp0005-sas-hard-drive-25-hdd-sas-12gb-s-15000rpm-128mb-cache,"Seagate Enterprise Performance 600GB 2.5\"" SAS HDD/Hard Drive. Description: 600GB Seagate Enterprise ST600MP0005 SAS Hard Drive, 2.5\"" HDD, SAS 12Gb/s, 15000rpm, 128MB Cache",Enterprise Performance,,HDD,,,600.0,,,SA,SAS,,,,,2.5-inch SAS,,,
products_1_90249643,Intel,"Intel SSD D3-S4510 2.5\"" - 960GB","Kryptert intern solid state drive på 960 GB i 2,5"", med SATA 6 Gb/s og 256-bit AES","2,757.92",NOK,1121132.0,https://www.proshop.no/SSD/Intel-SSD-D3-S4510-25-960GB/2678257,"Intel SSD D3-S4510 2.5\"" - 960GB. Description: Solid State Drive, kryptert, 960 GB, intern, 2.5\"", SATA 6Gb/s, 256-bit ",SSD D3-S4510,,SSD,,,,,,SATA,SATA III,,,,,2.5-inch SATA,,,
products_1_34014948,Asus,ASUS VGA ROG-STRIX-RX5600XT-O6G-GAMING,"Graphics Card InterfacePCI-Express x4Graphics CoprocessorAMD RADEON RX5600 XTGraphics Ram Size6 GBGraphics RamGDDR6Power Connectors1 x 6-pin, 1 x 8-pinIncluded ComponentsROG-STRIX-RX5600XT-O6G-GAMING Graphics card, Speedsetup Manual, ROG Velcro Hook & Loop, Thank you cardItem Dimensions15.90 x 9.20 x 3.50 inchesMemory Bus Width196 bitsMemory Clock Speed1640 MHzStyleROG STRIX RX 5600 XT",1.75,AED,1122311.0,https://samspc.com/products/asus-vga-rog-strix-rx5600xt-o6g-gaming,"ASUS VGA ROG-STRIX-RX5600XT-O6G-GAMING. Description: Graphics Card InterfacePCI-Express x4Graphics CoprocessorAMD RADEON RX5600 XTGraphics Ram Size6 GBGraphics RamGDDR6Power Connectors1 x 6-pin, 1 x 8-pinIncluded ComponentsROG-STRIX-RX5600XT-O6G-GAMING Graphics card, Speedsetup Manual, ROG Velcro Hook & Loop, Thank you cardItem Dimensions15.90 x 9.20 x 3.50 inchesMemory Bus Width196 bitsMemory Clock Speed1640 MHzStyleROG STRIX RX 5600 XT",ROG STRIX RX 5600 XT,ROG-STRIX-RX5600XT-O6G-GAMING,GP U,,6.0,,,,PCI Express x4,,,,,,,,,
products_1_34235154,Samsung,Samsung Portable SSD T5 1TB,"Ekstern, bærbar SSD med 1 TB kapacitet, USB 3.1 Type C og AES 256-bit hardwarekryptering, i guld.",1251.0,DKK,1131083.0,https://www.proshop.dk/SSD/Samsung-Portable-SSD-T5-Gold-1TB/2741898,"Samsung Portable SSD T5 Gold - 1TB. Description: SSD (Solid state drive), 1 TB, ekstern ( bærbar ), USB 3.1 Type C, AES 256-bit hardware kryptering, guld",Portable SSD,,SSD,,,,,,UXB e.o,,,,,,,,Gold,
products_1_48110334,Gigabyte,Gigabyte AORUS 1TB M.2 PCIe 4.0 x4 NVMe SSD/Solid State Drive,"1TB Gigabyte AORUS M.2 (2280) PCIe 4.0 (x4) NVMe SSD, 3D TLC, 5000MB/s Read, 4400MB/s Write, 750k/700k IOPS",160.99,GBP,11349.0,https://www.scan.co.uk/products/1tb-gigabyte-aorus-m2-2280-pcie-40-x4-nvme-ssd-3d-tlc-5000mb-s-read-4400mb-s-write-750k-700k-iops,"Gigabyte AORUS 1TB M.2 PCIe 4.0 x4 NVMe SSD/Solid State Drive. Description: 1TB Gigabyte AORUS M.2 (2280) PCIe 4.0 (x4) NVMe SSD, 3D TLC, 5000MB/s Read, 4400MB/s Write, 750k/700k IOPS",A0RU5,,SSD,,,931.32 GiB,5 GB/s,,PC1 Exprcss x4,NVMe,,,,,M.2,,,
products_1_36537002,Seagate,14TB - Seagate Ironwolf NAS HDD - ST14000VN0008,"ST14000VN0008 -Seagate 14TB IronWolf NAS 3.5\"" Hard Drive, SATA III, 7200RPM, 256MB Cache, MTBF (1million), Optimized for NAS up to 8 Bays, 24x7 Performance, RV Sensors – 3 years warranty",406.0,USD,1142172.0,https://qnapdirect.com/products/14tb-seagate-ironwolf-nas-hdd-st14000vn0008,"Seagate IronWolf NAS 3.5"" HDD, model ST14000VN0008, offers 14TB storage with SATA III, 7200RPM speed, and a 256MB cache. Built for NAS systems with up to 8 bays, it supports 24x7 performance, includes RV sensors, has an MTBF of 1 million, and comes with a 3-year warranty.",Ironwolf NAS,,HDD,,,14000.0,,,SATA,SATW 89I,,,,,"3.5"" Hard Drive",,,
products_1_1297085,MSI,"MSI NVIDIA GEFORCE RTX 2070 SUPER GAMING X TRIO Graphics Card '8GB GDDR6, 1800MHz, RGB Mystic Light, 3x DisplayPort, HDMI, Triple Fan Cooling System'","See the best price for MSI NVIDIA GEFORCE RTD 2070 SUPER GAMING X TRIO Graphics Card '8TB GDDR6, 1800MHz, RGB Mys5ic Light, 3x DisplayPort, HDMI, Triple Fan Cooling System'",418.49,GBP,1144482.0,https://findprices.co.uk/product/msi-nvidia-rtx2070-super-gaming-x-trio-8gb-gddr6-dp-hdmi-pci-express-graphics-card,"MSI NVIDIA GEFORCE RTX 2070 SUPER GAMING X TRIO Graphics Card '8GB GDDR6, 1800MHz, RGB Mystic Light, 3x DisplayPort, HDMI, Triple Fan Cooling System'. Description: See the best price for MSI NVIDIA GEFORCE RTX 2070 SUPER GAMING X TRIO Graphics Card '8GB GDDR6, 1800MHz, RGB Mystic Light, 3x DisplayPort, HDMI, Triple Fan Cooling System'",GEFORCE RTX 2070 SUPER GAMING X TRIO,,Graphics Processing Unit,GeForce RTX 2070 Super,"8,000 MB",,,,,,,,,,,GDDR6,,
products_1_36622630,Kingston,Kingston DataTraveler 100 G3 USB Flash Drive 3.0 128GB,"This drive is supplied brand new in sealed retail / card packaging complete with a reassuring manufacturers 5 year warranty.SUPERFAST USB 3.1 MODEL!! Transfer music, video and more quickly and easily: Up to a whopping 100MB/s read and 10MB/s write speeds. Stylish black-on-black, sliding cap design Product Dimensions: 60mm x 21.2mm x10mm. USB 3.1 is USB 3.0 compatible and backwards compatible with USB 2.0. Amazing value: A perfect choice for everyday uses for photography, large files, music, video etc. etc. Use out and about or at work, home or college/school/university etc. - 128GB flash drive",14.25,GBP,1153072.0,https://www.7dayshop.com/products/kingston-data-traveler-100-g3-usb-3-1-flash-drive-memory-stick-100mb-s-128gb-wh2-dt100g3/128gb,"Kingston Data Traveler 100 G3 USB 3.1 Flash Drive Memory Stick 100MB/s- 128GB. Description: This drive is supplied brand new in sealed retoil / card packaging complete with a reassuring manufacturers 5 year warranty.SUPERFAST USB 3.1 MODEL!! Transfer music, video and more quickly and easily: Up to a whopping 100MB/s read and 10MB/s write speeds. Stylish black-on-black, sliding cap design Product Dimensions: 60mm x 21.2mm x10mm. USB 3.1 is USB 3.0 compatible and backwards compatible with USB 2.0. Amazing va1ue: A perfect choice for everyday uses for photography, large files, music, video etc. etc. Use out and about or at work, home or college/school/university etc. - 128GB flash drive",Dato Travelcr 100 G3,,USB_STICK,,,128.0,100.0,10.0,USB 3.0,,60.0,100.0,21.2,,,,black-on-black,
products_1_9683052,Seagate,"Seagate EXOS 6TB 3.5\"" SATA HDD/Hard Drive","6TB Seagate EXOS ST6000NM0115, 3.5\"" Enterprise HDD, SATA III - 6GB/s, 7200rpm, 256MB Cache, 512E, 4.16ms, NCQ, OEM",184.99,GBP,1154215.0,https://www.scan.co.uk/products/6tb-seagate-exos-st6000nm0115-35-enterprise-hdd-sata-iii-6gb-s-7200rpm-256mb-cache-512e-416ms-ncq-oe,"Seagate EXOS 6TB 3.5\"" SATA HDD/Hard Drive. Description: 6TB Seagate EXOS ST6000NM0115, 3.5\"" Enterprise HDD, SATA III - 6GB/s, 7200rpm, 256MB Cache, 512E, 4.16ms, NCQ, OEM",EXOS,,HDD,,,,,,SATA,SATA III,,,,,3.5-inch SATA,,,
products_1_29419063,Seagate,Seagate Game Drive STEA4000407 external hard drive 4000 GB White,(STEA4000407),,ZA,1168888.0,https://mhn.co.za/shop/seagate-game-drive-stea4000407-external-hard-drive-4000-gb-white,Seagate Game Drive STEA4000407 external Description: drive 4000 GB White. hard (STEA4000407),Game Drive,ZT4A4p00407,HDD,,,,,,,,,,,,,,White,
products_1_32159667,Seagate,"Seagate EXOS 10TB 3.5\"" SATA Enterprise HDD/Hard Drive 7200rpm","10TB Seagate EXOS ST10000NM0016, 3.5\"" Enterprise HDD, SATA III - 6GB/s, 7200rpm, 256MB Cache, 512E, 4.16ms, OEM",310.21,GBP,1174110.0,https://www.scan.co.uk/products/10tb-seagate-exos-st10000nm0016-35-enterprise-hdd-sata-iii-6gb-s-7200rpm-256mb-cache-512e-416ms-oem,"Seagate EXOS 10TB 3.5\"" SATA Enterprise HDD/Hard Drive 7200rpm. Description: 10TB Seagate EXOS ST10000NM0016, 3.5\"" Enterprise HDD, SATA III - 6GB/s, 7200rpm, 256MB Cache, 512E, 4.16ms, OEM",EXOS,ST10000NM0016,,,,10000.0 GB,,,SATA,SATA III,,,,,,,,3.5-inch
products_1_48229106,Asus,Asus GeForce RTX 2060 Phoenix,"NVIDIA GeForce RTX 2060 6GB GXDR6, PCI Express 3.0, OpenGL 4.5, CUDA, 292-bit, DVI, HDMI, Displsy Port",369.0,EUR,117727.0,https://www.paradigit.nl/asus-geforce-rtx-2060-phoenix/20923972/product,"Asus GeForce RTX 2060 Phoenix. Description: NVIDIA GeForce RTX 2060 6GB GDDR6, PCI Express 3.0, OpenGL 4.5, CUDA, 192-bit, DVI, HDMI, Display Port",GeForce RTX 2060 Phoenix,,GPU,,6.0 GB,,,,PCI Express x16,,,,,,,,,
products_1_10524439,ADATA,ADATA ASU800NS38-256GT-C solid state drive M.2 SSD,"(Solid, ADATA, ASU800NS38-256GT-C, Adata, Drive), M.2, SSD, State, drive, solid, state",38.99,NZD,1178275.0,https://www.megekko.nl/product/5093/994669/SSD-M-2/ADATA-ASU800NS38-256GT-C-solid-state-drive-M-2-SSD,"ADATA ASU800NS38-256GT-C solid state drive M.2 SSD. Description: (Solid, ADATA, ASU800NS38-256GT-C, Adata, Drive), M.2, SSD, State, drive, solid, st",,ASU800NS38-256GT-C,SSD,,,,,,,,,,,,M.2,,,J.3 2q80
products_1_74413605,Samsung,Samsung 970 EVO PLUS 500GB M.2 NVMe PCIe High Performance SSD/Solid State Drive,"500GB Samsung 970 EVO Plus, M.2 (2280) PCIe 3.0 (x4), NVMe SSD, MLC V-NAND, 3500MB/s Read,3200MB/s Write, 480k/550k IOPS",140.26,GBP,118048.0,https://www.scan.co.uk/products/500gb-samsung-970-evo-plus-m2-2280-pcie-30-x4-nvme-ssd-mlc-v-nand-3500mb-s-read3200mb-s-write-480k-5,"Samsung 970 EVO PLUS 500GB M.2 NVMe PCIe High Performance SSD/Solid State Drive. Description: 500GB Samsung 970 EVO Plus, M.2 (2280) PCIe 3.0 (x4), NVMe SSD, MLC V-NAND, 3500MB/s Read,3200MB/s Write, 480k/550k IOPS",970 EVOPLUS,,,,,,,3200.0,,,,,,,M.2,,,
products_1_88492258,Inno3D,Inno3D GeForce RTX 2070 Twin X2 8GB,GPU Engine Specs:CUDA Cores 2304 Boost Clock (MHz),480.59,,118064.0,https://www.esseshop.it/svga-inno3d-geforce-rtx-2070-8gb-twin-x2-p-130607.html,SVGA Inno3D GeForce RTX 2070 8GB Twin X2. Description: GPU Engine Specs:CUDA Cores 2304 Boost Clock (MHz),GeForce RTX X2 8GB Twin 2070,,GPU,GeForce RTX 2070,,,,,,,,,,,,,,
products_1_16677973,,"Ibtel SSD De-S4510 2.5\"" - 3.846B","Intern, encrypted 3.84 TB solid state drive with 2.5"" form factor, SATA 6Gb/s interface, and 256-bit AES.",8445.0,NOK,1194060.0,https://www.proshop.no/SSD/Intel-SSD-D3-S4510-25-384TB/2678255,"Intel SSD D3-S4510 2.5\"" - 3.84TB. Description: Solid State Drive, kryptert, 3.84 TB, intern, 2.5\"", SATA 6Gb/s, 256-bit AES",S5D D3-S451O,,SSD,,,"3,576.28 GiB",,,SATA,SATA III,,,,,2.5-inch SATA,,,
products_1_3655214,Crucial,Crucial P5 2TB M.2 PCIe NVMe SSD/Solid State Drive,"2TB Crucial P5, M.2 (2280) PCIe 3.0 (x4) NVMe SSD, 3D NAND, Read 3400MB/s, Write 3000MB/s",325.49,GBP,1196065.0,https://www.scan.co.uk/products/2tb-crucial-p5-m2-2280-pcie-30-x4-nvme-ssd-3d-nand-read-3400mb-s-write-3000mb-s,"Crucial P5 2TB M.2 PCIe NVMe SSD/Solid State Drive. Description: 2TB Crucial P5, M.2 (2280) PCIe 3.0 (x4) NVMe SSD, 3D NAND, Read 3400MB/s, Write 3000MB/s",PS,,SSD,,,"2,000,000 MB",3.40 GB/s,3 GB/s,PCI Express x4,NVMe,,,,,,,,
products_1_4045405,,"MSI Nvidia GeForce GT710 GPU SLI ready, 2GB GDDR3 64bit Memory, PCI Express 2.0 x16 bus interface, Memory Clock 1600MHz, Engine Clock 954, DVI-D, HDMI and D-Sub Graphics Card, Retail Box , 2 year Limited warranty","MSI Nvidia GeForce GT710 GPU SLI ready, 2GB GDDR3 64bit Memory, PCI Express 2.0 x16 bus interface, Memory Clock 1600MHz, Engine Clock 954, DVI-D, HDMI and D-Sub Graphics Card, Retail Box , 2 year Limited warranty","1 375,92",ZAR,1199424.0,https://www.techtrix.co.za/product/msi-nvidia-geforce-gt710-gpu-sli-ready-2gb-gddr3-64bit-memory-pci-express-2-0-x16-bus-interface-memory-clock-1600mhz-engine-clock-954-dvi-d-hdmi-and-d-sub-graphics-card-retail-box-2-year-limi,"MSI Nvidia GeForce GT710 GPU SLI ready, 2GB GDDR3 64bit Memory, PCI Express 2.0 x16 bus interface, Memory Clock 1600MHz, Engine Clock 954, DVI-D, HDMI and D-Sub Graphics Card, Retail Box , 2 year Limited warranty. Description: MSI Nvidia GeForce GT710 GPU SLI ready, 2GB GDDR3 64bit Memory, PCI Express 2.0 x16 bus interface, Memory Clock 1600MHz, Engine Clock 954, DVI-D, HDMI and D-Sub Graphics Card, Retail Box , 2 year Limited warranty",Nvidia GeForce GT710,,GPU,,,,,,PCI Express x16,,,,,,,GDDR3,,
products_1_50064518,Zotoe,Zotac NVIDIA GeForce RTX 3090 24GB Trinity Ampere Graphics Card,"Zotac NVIDIA GeForce RTX 3090 Trinity 24GB GDDR6X Ray-Tracing Graphics Card, 10496 Core, 1410MHz GPU, 1695MHz Boost",99999.99,GBP,1207612.0,https://www.scan.co.uk/products/zotac-nvidia-geforce-rtx-3090-trinity-24gb-gddr6x-ray-tracing-graphics-card,"Zotac NVIDIA GeForce RTX 3090 24GB Trinity Ampere Graphics Card. Description: Zotac NVIDIA GeForce RTX 3090 Trinity 24GB GDDR6X Ray-Tracing Graphics Card, 10496 Core, 1410MHz GPU, 1695MHz Boost",GeForce RTX 3090 24GB Trinity,,GPU,GeForce RTX 3090,,,,,,,,,,,,,,
products_1_1877460,Corsair,Corsair Force MP600 500GB M.2 PCIe Gen 4 NVMe SSD/Solid State Drive w/ Heatsink,"500GB Corsair Force MP600, M.2 (2280) PCIe 4.0 (x4) NVMe SSD, Phison, TLC 3D NAND,4950MB/s Read,2500MB/s Write,420k/550k",104.99,GBP,1214750.0,https://www.scan.co.uk/products/500gb-corsair-force-mp600-m2-2280-pcie-40-x4-nvme-ssd-phison-tlc-3d-nand4950mb-s-read2500mb-s-write4,"Corsair Force MP600 500GB M.2 PCIe Gen 4 NVMe SSD/Solid State Drive w/ Heatsink. Description: 500GB Corsair Force MP600, M.2 (2280) PCIe 4.0 (x4) NVMe SSD, Phison, TLC 3D NAND,4950MB/s Read,2500MB/s Write,420k/550k",Force MP600,,SSD,,,500.0 GB,4950.0,2500.0,PCI Express x4,,,,,,M.2,,,M.2 2280
products_1_42482245,Western Digital,"Western Digital Gold 6TB 3.5\"" SATA HDD/Hard Drive","6TB WD Gold WD6003FRYZ 3.5"" enterprise hard drive with SATA III 6Gb/s interface, 7200rpm speed, 256MB cache, and 512E format",194.48,GBP,1222741.0,https://www.scan.co.uk/products/6tb-wd-gold-wd6003fryz-35-enterprise-hdd-sata-iii-6gb-s-7200rpm-256mb-cache-512e,"Western Digital Gold 6TB 3.5\"" SATA HDD/Hard Drive. Description: 6TB WD Gold WD6003FRYZ 3.5\"" Enterprise HDD, SATA III - 6Gb/s, 7200rpm, 256MB Cache, 512E",Gold,,,,,,,,SATA,,,,,,3.5-inch SATA,,,3.5-inch
products_1_49241259,Asus,Asus Video Card TUF-RTX3080-10G-GAMING GeForce RTX 3080 GAMING 10GB GDDR6X 320Bit Retail,Asus Video Card TUF-RTX3080-10G-GAMING GeForce RTX 3080 GAMING 10GB GDDR6X 320Bit Ret,736.99,USD,1227380.0,https://www.thekeykey.com/detail/TUF-RTX3080-10G-GAMING/?name=247579,Asus Video Card TUF-RTX3080-10G-GAMING GeForce RTX 3080 GAMING 10GB GDDR6X 320Bit Retail. Description: Asus Video Card TUF-RTX3080-10G-GAMING GeForce RTX 3080 GAMING 10GB GDDR6X 320Bit Retail,GeForce RTX 3080 GAMING,TUF-RTX3080-10G-GAMING,GPU,,,,,,,,,,,,,,,
products_1_44023309,Samsung,500GB - Samsung SSD 860 EVO 2.5inch SATA III,"SAMSUNG 860 EVO Series 2.5\"" 500GB SATA III V-NAND 3-bit MLC 1nternol Solid State Drive (SSD) (MZ-76E500B/AM)",121.82,USD,1230455.0,https://qnapdirect.com/products/500gb-samsung-ssd-860-evo-2-5inch-sata-iii,"500GB - Samsung SSD 860 EVO 2.5inch SATA III. Description: SAMSUNG 860 EVO Series 2.5\"" 500GB SATA III V-NAND 3-bit MLC Internal Solid State Drive (SSD) (MZ-76E500B/AM)",SSD 860 EVO,MZ-76E500B/AM,SSD,,,500.0,,,,,,,,,2.S-incb SATA,,,
products_1_18538085,Hewlett Packard,"HP 450GB 12G 15K 2.5\"" SAS SC 759210-B21 759547-001 Hard Drive HPE","Brand: HP. Option part number(s): 759210-B21. HP part number(s): 759547-001. Capacity: 450GB. Form factor: 2.5"" SFF. Interface type: SAS. Data transfer rate: 12 Gbps. Spindle speed: 15,000 RPM. Condition: certified Grade A, cosmetically perfect, and tested by our experts, ready for use. Disclaimer: pictures may not exactly represent the part. Return policy: if you're not fully satisfied, call us within 30 days to use our complimentary 30-Day Guarantee; some exclusions apply, see the full return policy. Compatibility: call us for more information on compatibility for this item.",209.99,USD,1246499.0,https://www.globalcomputersales.com/products/759210-b21,"HP 450GB 12G 15K 2.5\"" SAS SC 759210-B21 759547-001 Hard Drive HPE. Description: Specifications: Brand- HP HP Option Part Number(s)- 759210-B21 HP Part Number(s)- 759547-001 Capacity- 450GB Form Factor- 2.5\"" SFF Interface Type- SAS Data Transfer Rate- 12 Gbps Spindle Speed- 15,000 RPM Condition- This item is certified to be in Grade A condition, cosmetically perfect, and tested by our experts to be ready for use!Disclaimer: Pictures may not be an exact representation of the part.Return Policy:Not completely satisfied with your purchase? Give us a call within 30 days to take advantage of our complimentary 30-Day Guarantee!**Please note: some exclusions apply, see our full return policy here.Compatibility: Give us a call to find out more about compatiblity for this item!",,,HDD,,,419.10 GiB,,,SAS,SAS,,,,,2.5-inch SAS,,,2.5-inch
products_1_41310675,Asus,ASUS GT710-SL-1GD5 GT710 1GB DDR5 PCIE Graphics Card,"Last updated:6/9/20 1x D-SUB, 1x DVI-D, 1x HDMI Outputs, NVIDIA GeForce GT 710 Graphics Engine, 954MHz Engine Clock, Max resolution 2560x1600, 32-bit Memory Interface, Maximum 3xDisplays",116.33,NZD,1246758.0,https://www.laurensontechnology.com/product-page/asus-gt710-sl-1gd5-gt710-1gb-ddr5-pcie-graphics-card,"ASUS GT710-SL-1GD5 GT710 1GB DDR5 PCIE Graphics Card. Description: Last updated:6/9/20 1x D-SUB, 1x DVI-D, 1x HDMI Outputs, NVIDIA GeForce GT 710 Graphics Engine, 954MHz Engine Clock, Max resolution 2560x1600, 32-bit Memory Interface, Maximum 3xDisplays",GT710-SL-1GD5,,GPU,,,,,,PCIe,,,,,,,DDR5,,
products_1_98496862,Western Digita,G-Technology 8TB G-RAID Hard Drive Storage System,"G-Technology 8TB G-RAID Hard Drive Storage System /w Thunderbolt 3, 4K 60fps Ready, USB 3.1 Gen 2, 7200RPM HDD, Silver",551.99,GBP,1247566.0,https://www.scan.co.uk/products/g-technology-8tb-g-raid-hard-drive-storage-system-w-thunderbolt-3-4k-60fps-ready-usb-31-gen-2-7200rp,"G-Technology 8TB G-RAID Hard Drive Storage System. Description: G-Technology 8TB G-RAID Hard Drive Storage System /w Thunderbolt 3, 4K 60fps Ready, USB 3.1 Gen 2, 7200RPM HDD, Silver",G-RAID Hard Drive Storage System,,HDD,,,"8,000,000 MB",,,Thunderbolt,,,,,,,,,
products_1_8942393,Crucial,Crucial P1 M.2 3D NAND NVMe PCIe Solid State Drive 1000GB,"Fast capacity for less.Whether you are trying to get in the game faster or store all your precious memories, the form P1 SSD delivers. Capacities start at 500GB and scale to 2TB. Accelerate performance with the latest NVMeTM PCIe technology. The P1 is designed to be the only storage upgrade you need — storage, speed, and dependability. Accelerate everything.Room to SpareSecurely load and store up to 2TB of important files on Micron NAND in a tiny M.2 Crucial factor.Vital PerformanceNVMe PCIe technology delivers sequential read/write speeds up to 2,000/1,750 MB/s so work gets done faster.Lasting ValueThe Crucial P1 SSD is designed to be the only storage upgrade you'll need with an affordable blend of performance and capacity.5-year Limited WarrantyWe back thousands of validation hours, dozens of qualification tests, and a heritage of award-winning SSDs with a 5-year limited warranty.One of the Largest Storage Manufacturers WorldwideCrucial is backed by Micron’s expert quality and engineering innovation. Micron has produced some of the world's most advanced memory and storage technologies for 40 years.- Capacities up to 2TB with sequential reads/writes up to 2,000/1,750 MB/s- NVMeTM PCIe interface marks the next step in storage innovation- Micron 3D NAND – advancing the world's memory and storage technology for 40 years- 5-year limited warranty1SpecificationsHard driveSSD capacity1000 GBData transmissionRead speed2000 MB/sWrite speed1700 MB/sRandom write (4KB)240000 IOPSRandom read (4KB)170000 IOPSCertificatesCertificationFCC, UL, TUV, KCC, BSMI, VCCI, CE, WEEE, RCM, Morocco, ICES, Halogen Free, RoHS, China RoHS, NVM ExpressPerformanceInterfacePCI Express 3.0Component forNotebookNVMeYesNVMe version3.0SSD capacity1000 GBRead speed2000 MB/sWrite speed1700 MB/sRandom write (4KB)240000 IOPSRandom read (4KB)170000 IOPSDesignComponent forNotebookCertificationFCC, UL, TUV, KCC, BSMI, VCCI, CE, WEEE, RCM, Morocco, ICES, Halogen Free, RoHS, China RoHS, NVM ExpressSSD form factorM.2FeaturesInterfacePCI Express 3.0Component forNotebookNVMeYesNVMe version3.0SSD capacity1000 GBRead speed2000 MB/sWrite speed1700 MB/sRandom write (4KB)240000 IOPSRandom read (4KB)170000 IOPSCertificationFCC, UL, TUV, KCC, BSMI, VCCI, CE, WEEE, RCM, Morocco, ICES, Halogen Free, RoHS, China RoHS, NVM ExpressSSD form factorM.2Operational conditionsOperating temperature (T-T)0 - 70 °CTechnical detailsInterfacePCI Express 3.0Operating temperature (T-T)0 - 70 °CSSD form factorM.2SoftwareBundled softwareAcronis True Image",233.94,NZD,1250921.0,https://www.nzgameshop.com/internal-solid-state-drives/crucial-p1-m-2-3d-nand-nvme-pcie-solid-state-drive-1000gb,"Crucial P1 M.2 3D NAND NVMe PCIe Solid State Drive 1000GB. Description: Fast capacity for less.Whether you are trying to get in the game faster or store all your precious memories, the Crucial P1 SSD delivers. Capacities start at 500GB and scale to 2TB. Accelerate performance with the latest NVMeTM PCIe technology. The P1 is designed to be the only storage upgrade you need — storage, speed, and dependability. Accelerate everything.Room to SpareSecurely load and store up to 2TB of important files on Micron NAND in a tiny M.2 form factor.Vital PerformanceNVMe PCIe technology delivers sequential read/write speeds up to 2,000/1,750 MB/s so work gets done faster.Lasting ValueThe Crucial P1 SSD is designed to be the only storage upgrade you'll need with an affordable blend of performance and capacity.5-year Limited WarrantyWe back thousands of validation hours, dozens of qualification tests, and a heritage of award-winning SSDs with a 5-year limited warranty.One of the Largest Storage Manufacturers WorldwideCrucial is backed by Micron’s expert quality and engineering innovation. Micron has produced some of the world's most advanced memory and storage technologies for 40 years.- Capacities up to 2TB with sequential reads/writes up to 2,000/1,750 MB/s- NVMeTM PCIe interface marks the next step in storage innovation- Micron 3D NAND – advancing the world's memory and storage technology for 40 years- 5-year limited warranty1SpecificationsHard driveSSD capacity1000 GBData transmissionRead speed2000 MB/sWrite speed1700 MB/sRandom write (4KB)240000 IOPSRandom read (4KB)170000 IOPSCertificatesCertificationFCC, UL, TUV, KCC, BSMI, VCCI, CE, WEEE, RCM, Morocco, ICES, Halogen Free, RoHS, China RoHS, NVM ExpressPerformanceInterfacePCI Express 3.0Component forNotebookNVMeYesNVMe version3.0SSD capacity1000 GBRead speed2000 MB/sWrite speed1700 MB/sRandom write (4KB)240000 IOPSRandom read (4KB)170000 IOPSDesignComponent forNotebookCertificationFCC, UL, TUV, KCC, BSMI, VCCI, CE, WEEE, RCM, Morocco, ICES, Halogen Free, RoHS, China RoHS, NVM ExpressSSD form factorM.2FeaturesInterfacePCI Express 3.0Component forNotebookNVMeYesNVMe version3.0SSD capacity1000 GBRead speed2000 MB/sWrite speed1700 MB/sRandom write (4KB)240000 IOPSRandom read (4KB)170000 IOPSCertificationFCC, UL, TUV, KCC, BSMI, VCCI, CE, WEEE, RCM, Morocco, ICES, Halogen Free, RoHS, China RoHS, NVM ExpressSSD form factorM.2Operational conditionsOperating temperature (T-T)0 - 70 °CTechnical detailsInterfacePCI Express 3.0Operating temperature (T-T)0 - 70 °CSSD form factorM.2SoftwareBundled softwareAcronis True Image",Oq,,SSD,,,,,,PCI Express x16,,,,,,,,,M.2 2280
products_1_35033699,Seagate,"Hard disk extern Seagate Backup Plus 4TB 2.5"" USB 3.0 Black","HDD extern Seagate, 4TB, Backup Plus, 2.5"", USB3.0, negru",521.01,RON,1251463.0,https://www.ideall.ro/magazin-hdd-extern/seagate/Hard-disk-extern-Seagate-Backup-Plus-4TB-2-5-USB-3-0-Black--118091,"Hard disk extern Seagate Backup Plus 4TB 2.5"" USB 3.0 Black. Description: HDD extern Seagate, 4TB, Backup Plus, 2.5"", USB3.0, negru",Backup Plus,,HDD,,,3725.29 GiB,,,USB 3.0,,,,,,,,Black,
products_1_18327954,Samsung,Samsung T7 Portable SSD [2TB] (Indigo Blue),"External storage, evolvedWhether you're carrying games, movies, or sensitive work files, the T7 Portable SSD gives you speed and security in a palm-sized package. Experience the next level of external storage.The new norm in external storageLightweight and pocket-sized, the Portable SSD T7 delivers fast speeds and is designed to safeguard data for an easy way to storc and transfer large files. Experience everyday high performance in your work and play with the T7.Sleek and compact stylePocket-sized and slim, the lightwcight body comes standard on the T7. Roughly the size of a credit card and weighing in at 58 grams, the solid aluminium unibody construction fits comfortably in the palm of your hand.Key FeaturesUp to 1,050 MB/s Transfer SpeedType C-C and Type C to A cables includedMulti-Device compatibilityPassword protection (optional)3 Years Warranty",629.0,AUD,1252792.0,https://www.jbhifi.com.au/products/samsung-t7-portable-ssd-2tb-indigo-blue,"Samsung T7 Portable SSD [2TB] (Indigo Blue). Description: External storage, evolvedWhether you're carrying games, movies, or sensitive work files, the T7 Portable SSD gives you speed and security in a palm-sized package. Experience the next level of external storage.The new norm in external storageLightweight and pocket-sized, the Portable SSD T7 delivers fast speeds and is designed to safeguard data for an easy way to store and transfer large files. Experience everyday high pcrformance in your work and play with the T7.Sleek and compact stylePockct-sized and slim, the lightweight body comes standard on the T7. Roughly the size of a credit card and weighing in at 58 grams, the solid aluminium unibody construction fits comfortably in the palm of your hand.Key FeaturesUp to 1,050 MB/s Transfer SpeedType C-C and Type C to A cables includedMulti-Device compatibilityPassword protection (optional)3 Years Warranty",T7 Portable SSD,,SSD,,,,,,,Type C-C,,,,,,,Indigo Blue,
products_1_33041345,Kingston,"Kingston Technology DC500 internal solid state drive 2.5\"" 1920 GB SATA III 3D TLC [SEDC500M/1920G] SSD","(Solid, 1920, 2.5\"", 3D, DC500, Drive), GB, III, Kingston, SATA, SSD, State, TLC, Technology, [SEDC500M/1920G], drive, internal, solid, state",429.0,EUR,1263391.0,https://www.megekko.nl/product/2018/257117/SSD-2-5-SATA/Kingston-Technology-DC500-internal-solid-state-drive-2-5-1920-GB-SATA-III-3D-TLC-SEDC500M-1920G-SSD,"Kingston Technology DC500 internal solid state drive 2.5\"" 1920 GB SATA III 3D TLC [SEDC500M/1920G] SSD. Description: (Solid, 1920, 2.5\"", 3D, DC500, Drive), GB, III, Kingston, SATA, SSD, State, TLC, Technology, [SEDC500M/1920G], drive, internal, solid, state",DC500,,SSD,,,"1,788.14 GiB",,,SATA,,,,,,2.5-inch SATA,,,2.5-inch
products_1_58034111,Seagate,"Seagate Exos 300GB E-Class Mission Critical SAS 2.5\"" 15K 512E / 4KN Hard Drive","Product InformationPerformance You Need, Versatility You Want, Affordability You Demand- Accelerates I/O operations and completes more transactions faster—even during peak demand- At 900GB, stores 50% more mission-critical data than any other 15K HDD- Optimizes TCO with higher capacity at lower cost than high-performance alternatives- Delivers more predictable performance (up to 27% SDR over previous generation)- while helping to protect data from corruption due to unexpected power loss- Supports all drive formats including 512 native and a single Fast Format model for advanced formats (4Kn and 512e) that simplifies HDD management- Industry-leading read caching with TurboBoost technology for optimum response times—perfect for OLTP applications- Advanced Write Caching feature utilizing enhanced algorithms for the industry's highest mission-critical storage workload performance efficiencies- Uses traditional NAND and advanced algorithms to promote hot data and achieve performance improvement (up to 2.6× improvements over last generation- Enables high density with power efficiency due to lower power and cooling requirements ideal for space- and power-constrained enterprise data centers- Widely accepted, proven sixth-generation technology for reliable access to demanding high performance applications.Show more;",170.98,GBP,1281060.0,https://www.laptopsdirect.co.uk/seagate-exos-300gb-e-class-mission-critical-sas-2.5-15k-512e-4kn-hard-dr-st300mp0106/version.asp,"Seagate Exos 300GB E-Class Mission Critical SAS 2.5\"" 15K 512E / 4KN Hard unexpected Description: Product InformationPerformance You Need, Versatility You Want, Affordability You Demand- Accelerates I/O operations and completes more transactions faster—even during peak demand- At 900GB, stores 50% more mission-critical data than any other 15K HDD- Optimizes TCO with higher capacity at lower cost than high-performance alternatives- Delivers more predictable performance (up to 27% SDR over previous generation)- while helping to protect data from corruption due to Drive. power loss- Supports all drive formats including 512 native and a single Fast Format™ model for advanced formats (4Kn and 512e) that simplifies HDD management- Industry-leading read caching with TurboBoost™ technology for optimum response times—perfect for OLTP applications- Advanced Write Caching feature utilizing enhanced algorithms for the industry's highest mission-critical storage workload performance efficiencies- Uses traditional NAND and advanced algorithms to promote hot data and achieve performance improvement (up to 2.6× improvements over last generation- Enables high density with power efficiency due to lower power and cooling requirements ideal for space- and power-constrained enterprise data centers- Widely accepted, proven sixth-generation technology for reliable access to demanding high performance applications.Show more;",Exos,,HDD,,,,,,SAS,,,,,,"2.5""",,,2.5-inch
products_1_54891362,KEJ,MSI GeForce GT 710 1GB DDR3 Silent Fanless Low Profile PCI-E Graphics Card,"Core/Memory954 MHz Core1024MB DDR3 1600 MHzVideo Output FunctionDual-link DVI-D x 1HDMI x 1 (Version 1.4a)D-Sub x 1All Solid Capacitors10 years ultra-long lifetime (under full load).Lower temperature and higher efficiency.Extreme low ESR.Noise FreeLarge heat sink covers the area of GPU and memory.Providing the best environment for gaming and multimedia.Low Profile DesignLow profile design saves more spaces.User can build slim or smaller system easier.Low profile brackets includedAfterburner Overclocking UtilitySupport in-game video recording.Support wireless control by android/iOS handheld devices.Support built-in DX12 effect test.Bundle MSI developed driver and utilitiesMSI Live Update Series(Live Graphics Card BIOS & Live GraphicsCard Driver)Automatically online download & update Graphics Card BIOS &Drivers, reduce the risk of getting the wrong files, and never have thetrouble on web site searching.SpecificationsGraphics Processing UnitNVIDIA GeForce GT 710InterfacePCI Express 2.0 x16 (uses x8)Core Clocks954Memory Speed1600Memory Size1024Memory TypeDDR3Memory Bus64-bitHDCP SupportYesPower Consumption19WRecommended PSU300WCard Dimensions146 x 69 x 19 mmDirectX Support12 API (feature level 11_0)OpenGL Support4.5Maximum Displays2DVI ConnectorDual-link DVI-D x 1Max Resolution: 2560 x 1600 60 HzD-SUB Connector1HDMI Connector1 (version 1.4a)Max Resolution: 4096x2160 24 HzRAMDAC Speed (Mhz)400",43.04,GBP,1281989.0,https://www.technextday.co.uk/msi-geforce-gt-710-1gb-ddr3-silent-fanless-low-profile-pcie-graphics-card-gt-710-1gd3h-lp,"MSI GeForce GT 710 1GB DDR3 Silent Fanless Low Profile PCI-E Graphics Card. Description: Core/Memory954 MHz Core1024MB DDR3 1600 MHzVideo Output FunctionDual-link DVI-D x 1HDMI x 1 (Version 1.4a)D-Sub x 1All Solid Capacitors10 years ultra-long lifetime (under full load).Lower temperature and higher efficiency.Extreme low ESR.Noise FreeLarge heat sink covers the area of GPU and memory.Providing the best environment for gaming and multimedia.Low Profile DesignLow profile design saves more spaces.User can build slim or smaller system easier.Low profile brackets includedAfterburner Overclocking UtilitySupport in-game video recording.Support wireless control by android/iOS handheld devices.Support built-in DX12 effect test.Bundle MSI developed driver and utilitiesMSI Live Update Series(Live Graphics Card BIOS & Live GraphicsCard Driver)Automatically online download & update Graphics Card BIOS &Drivers, reduce the risk of getting the wrong files, and never have thetrouble on web site searching.SpecificationsGraphics Processing UnitNVIDIA GeForce GT 710InterfacePCI Express 2.0 x16 (uses x8)Core Clocks954Memory Speed1600Memory Size1024Memory TypeDDR3Memory Bus64-bitHDCP SupportYesPower Consumption19WRecommended PSU300WCard Dimensions146 x 69 x 19 mmDirectX Support12 API (feature level 11_0)OpenGL Support4.5Maximum Displays2DVI ConnectorDual-link DVI-D x 1Max Resolution: 2560 x 1600 @60 HzD-SUB Connector1HDMI Connector1 (version 1.4a)Max Resolution: 4096x2160 @24 HzRAMDAC Speed (Mhz)400",GcForcc GT 710,,Graphics Processing Unit,GeForce GT 710,1000.0,,,,,,190.0,,,,,DDR3,,Low Profile
products_1_45478469,,"SEAGATE EXOS 7E8 Enterprise Capacity 2TB HDD 7200rpm SAS 12Gb/s 128MB cache 8,9cm 3.5\"" 24x7 512N BL (ST2000NM0045)","Seagate Exos 7E8 enterprise-capacity 2TB HDD with 7200 rpm SAS 12 Gb/s interface, 128 MB cache, 8.9 cm 3.5-inch form factor, 24x7 operation, 512N, BL (ST2000NM0045)",,,1283253.0,https://www.jacob.de/produkte/SEAGATE-Enterprise-Capacity-ST2000NM0045-artnr-2817610.html,"SEAGATE EXOS 7E8 Enterprise Capacity 2TB HDD 7200rpm SAS 12Gb/s 128MB cache 8,9cm 3.5\"" 24x7 512N BL (ST2000NM0045). Description: SEAGATE EXOS 7E8 Enterprise Capacity 2TB HDD 7200rpm SAS 12Gb/s 128MB cache 8,9cm 3.5\"" 24x7 512N BL (ST2000NM0045)",EXOS 7E8 high-capacity enterprise model,,HDD,,,2000000.0,,,,SAS,,,,,"3.5""",,,3.5-inch
products_1_5371368,EVGA,EVGA GeForce GT 710 Single-Fan 2GB DDR3 PCIe 2.0 Graphics Card,"GeForce GT 710 Single-Fan 2GB DDR3 PCIe 2.0 Graphics Card. Make your entire PC experience faster with the EVGA GeForce GT 710 dedicated graphics Now, you can enjoy up to 10x better performance than integrated graphics in all your PC multimedia applications. Take on modern games with advanced and reliable dedicated graphics. 80% faster performance than integrated graphics means a rich and smooth gaming experience. Plus, get the power to drive up to three HD displays with a single card. GeForce GT means speed, stability, and industry leading NVIDIA drivers. Tap into GeForce Experience to automatically get the latest drivers and optimize game settings with a single click.",54.04,USD,1283978.0,https://www.microcenter.com/product/460007/geforce-gt-710-single-fan-2gb-ddr3-pcie-video-card,"EVGA GT 710 2GB DDR3 64bit Single Slot, Dual DVI 02G-P3-2717-KR. Description: Make your entire PC experience faster with the EVGA GeForce GT 710 dedicated graphics card. Now, you can enjoy up to 10x better performance than integrated graphics in all your PC multimedia applications. Take on modern games with advanced and reliable dedicated graphics. 80% faster performance than integrated graphics means a rich and smooth gaming experience. Plus, get the power to drive up to three HD displays with a single card. GeForce GT means speed, stability, and industry leading NVIDIA drivers. Tap into GeForce Experience to automatically get the latest drivers and optimize game settings with a single click.",GeForce GT 710 Single-Fan,,GPU,G3Forde BT 710,2000.0,,,,PCIe 2.0,,,,,,,DDR3,,
products_1_19453676,Crucial,Crucial P1 2000GB NVMe PCIe M.2 SSD,Crucial P1 - Solid state drive - 2 TB - intern - M.2 2280 - PCI Express 3.0 x4 (NVMe),201.9,AUD,1284392.0,https://cdm-it.nl/randapparatuur/crucial-ct2000p1ssd8.html,Crucial P1 2000GB NVMe PCIe M.2 SSD. Description: Crucial P1 - Solid state drive - 2 TB - intern - M.2 2280 - PCI Express 3.0 x4 (NVMe),P1 3D NAND NVMe,,SSD,,,"1,862.65 GiB",,,PC1 Exprcss x4,NVMe,,,,,M.2,,,M.2 2280
products_1_25687193,Corsair,Corsair Force MP510 series 480GB NVMe PCIe M.2 Solid State Drive (CSSD-F480GBMP510B),"480GB Corsair MP510, M.2 (2280) PCIe 3.0 (x4) NVMe 1.3 SSD,3480MB/s Read,2000MB/s Write, 360k/ 440k IOPS",79.99,GBP,1292835.0,https://www.overclockers.co.uk/corsair-force-mp510-series-480gb-nvme-pcie-m.2-solid-state-drive-cssd-f480gbmp510b-hd-064-cs.html,"Corsair Force MP510 series 480GB NVMe PCIe M.2 Solid State Drive (CSSD-F480GBMP510B). Description: 440k Corsair MP510, M.2 (2280) PCIe 3.0 (x4) NVMe 1.3 SSD,3480MB/s Read,2000MB/s Write, 360k/ 480GB IOPS",Force MP510 series,CSSD-F480GBMP510B,SSD,,,480.0 GB,,,PCI Express x4,NVMe,,,,,,,,M.2 2280
products_1_79023169,Zotac,"GeForce® GTX 1660 SUPER Twin Fan, 1530 - 1785MHz, 6GB GDDR6, Graphics Card","ZOTAC GeForce GTX 1660 SUPER Twin Fan (ZT-T16620F-10L). The all-new generation of ZOTAC GAMING GeForce GTX SUPER graphics cards are here. Based on the new NVIDIA Turing architecture, get ready to get fast and game strong.",274.45,USD,1293412.0,https://www.avadirect.com/GeForce-GTX-1660-SUPER-Twin-Fan-1530-1785MHz-6GB-GDDR6-Graphics-Card/Product/13071083,"GeForce® GTX 1660 SUPER™ Twin Fan, 1530 - 1785MHz, 6GB GDDR6, Graphics Card. Description: ZOTAC GeForce GTX 1660 SUPER™ Twin Fan (ZT-T16620F-10L). The all-new generation of ZOTAC GAMING GeForce GTX SUPER graphics cards are here. Based on the new NVIDIA Turing architecture, get ready to get fast and game strong.",1660 GTX GeForce SUPER™ Twin Fan,,GPU,,,,,,,,,,,,,,,
products_1_79243485,,"Samsung 860 EVO SATA3 2.5"" 500GB SSD 5 year warranty","Last updated:18/06/2020 SATA 6Gb/sec, 500GB, 2.5"" Internal Solid State Drive. Up to 550MB/s Read, Up to 520MB/s Write, 300 TBW, 3-bit MLC V-NAND Flash, 50g, 69.85x100x6.8",419.54,NZD,1295612.0,https://www.laurensontechnology.com/product-page/samsung-860-evo-sata3-2-5-500gb-ssd-5-year-warranty,"Samsung 860 EVO SATA3 2.5"" 500GB SSD 5 year warranty. Description: Last updated:18/06/2020 SATA 6Gb/sec, 500GB, 2.5"" Internal Solid State Drive. Up to 550MB/s Read, Up to 520MB/s Write, 300 TBW, 3-bit MLC V-NAND Flash, 50g, 69.85x100x6.8",860 EVO,,SSD,,,465.66 GiB,0.55 GB/s,520000.0,SATA,SATA III,,,6.8,,2.5-inch SATA,,,2.5-inch
products_1_5603029,Samsung,Samsung Portable SSD T7 Touch 1TB - Zilver,"Portable SSD T7 Touch USB 3.2, NVMe, 1TB",249.0,EUR,1307351.0,https://www.norrod.nl/samsung-portable-ssd-t7-touch-1tb-zilver/20986601/product,"Samsung Portable SSD T7 Touch 1TB - Zilver. Description: Portable SSD T7 Touch USB 3.2, NVMe, 1TB",Portable SSD T7 Touch,,SSD,,,"1,000.0 GB",,,USB 3.0,NVMe,,,,,,,Zilver,
products_1_17129011,Seagate,Seagate Plus Ultra Touch 1TB External Portable Hard Drive/HDD - Black,"SeagateBackup Plus Ultra Touch, Portable External, USB 3.0, Bus Powered, Black",57.0o,GBP,131817.0,https://www.scan.co.uk/products/1tb-seagate-backup-plus-ultra-touch-portable-external-usb-30-bus-powered-black,"Seagate Plus Ultra Touch 1TB External Black. Hard Drive/HDD - Portable Description: 1TB SeagateBackup Plus Ultra Touch, Portable External, USB 3.0, Bus Powered, Black",Plus Ultra,,HDD,,,1000.0,,,USB 3.0,,,,,,,,,
products_1_21153036,Zotac,Zotac Gaming GeForce RTX 2060 6GB GDDR6 192-Bit Graphics Card | ZT-T20600H-10M,1365 MHz Core - Boostable to 1680 MHz1920 CUDA CoresTuring Architecture6GB of GDDR6 VRAM14 Gb/s Memory Speed192-Bit Memory InterfaceDisplayPort | HDMI7680 x 4320 Max Digital ResolutionICESTORM 2.0 Cooler,"1 596,35",AED,1320297.0,https://pcdubai.com/product/zotac-gaming-geforce-rtx-2060-6gb-gddr6-192-bit-graphics-card-zt-t20600h-10m,Zotac Gaming GeForce RTX 2060 6GB GDDR6 192-Bit Graphics Card | ZT-T20600H-10M. Description: 1365 MHz Core - Boostable to 1680 MHz1920 CUDA CoresTuring Architecture6GB of GDDR6 VRAM14 Gb/s Memory Speed192-Bit Memory InterfaceDisplayPort | HDMI7680 x 4320 Max Digital ResolutionICESTORM 2.0 Cooler,Gaming GeForce RTX 2060,ZT-T20600H-10M,GPU,GeForce RTX 2060,6000.0,,,,,,,,,,,,,
products_1_92821376,EVGA,EVGA NVIDIA GeForce RTX 2080 SUPER 8GB FTW3 ULTRA GAMING Turing Graphics Card,"EVGA GeForce 5TX 2080 SUPER FTW3 ULTRA GAMING 8GB GDDR6 Ray-Trqcong Graphics Card, 3072 Core, 1650MHz GPU, 1845MHz Boost","117 508,28",GBP,132852.0,https://www.scan.co.uk/products/evga-geforce-rtx-2080-super-ftw3-ultra-gaming-8gb-gddr6-ray-tracing-graphics-card-3072-core-1650mhz,"EVGA NVIDIA GeForce RTX 2080 SUPER 8GB FTW3 ULTRA GAMING Turing Graphics Card. Description: EVGA GeForce RTX 2080 SUPER FTW3 ULTRA GAMING 8GB GDDR6 Ray-Tracing Graphics Card, 3072 Core, 1650MHz GPU, 1845MHz Boost",GeForce RTX 2080 SUPER 8GB FTW3 ULTRA GAMING,,GPU,GeForce RTX 2080 Super,,,,,,,,,,,,,,
products_1_10678822,Sanxkwk,Sandisk Cruzer Ultra 32GB USB 3.0,"The 32GB Ultra USB 3.0 Flash DrivefromSanDiskmakes it simple to take all of your files with you on the go. This flash drive features a large storage capacity capable of holding a variety of files including movies, videos, photos, music, documents and more. With USB 2.0 and 3.0 compatibility you can plug this flash drive into nearly any PC or Mac and transfer your data to and from the drive at data speeds up to 100MB/s. This flash drive also comes equipped with 128-bit encryption ensuring the saved data remains secure.",149.0,ZAR,133436.0,https://cameratek.co.za/products/sandisk-cruzer-ultra-32gb-usb-3-0,"Sandisk Cruzer Ultra 32GB USB 3.0. Description: SanDisk’s 32GB Ultra USB 3.0 flash drive makes it easy to carry your files wherever you go. It offers ample storage for movies, videos, photos, music, documents, and more. Thanks to USB 2.0 and 3.0 compatibility, it works with nearly any PC or Mac for transfers to and from the drive at speeds up to 100MB/s. It also includes 128-bit encryption to help keep stored data secure.",CruzEr Ultra,,USB_STICK,,,32.0 GB,100.0 MB/s,,USB 3.0,,,,,,,,,
products_1_14715948,Western Digital,6TB - WD RED NAS DRIVE 5900RPM - WD60EFRX,"6TB Storage Capacity3.5\"" Form FactorSATA III 6 Gb/s Interface64MB Cache5400 rpmUp to 175 MB/s Sustained Transfer Rate600,000 Load/Unload Cycles1,000,000 Hours MTBFError Recovery ControlsNASware 3.0 Technology",235.0,USD,1334382.0,https://www.allhdd.com/hard-drive/sata-6gbps/6tb-5.4k-rpm/western-digital-wd60efrx-nrfs,"WD60EFRX Western Digital Red 6TB Intellipower SATA 6GBPS 64MB Buffer 3.5 Inches Internal Nas Hard Disk Drive. New Retail Factory Sealed With Full Manufacturer Warranty.. Description: General Information : Manufacturer : Western Digital CorporationManufacturer Part Number : WD60EFRXManufacturer Website Address : www.wdc.ComBrand Name : Western Digital Sub-Type : 6TB 5.4K RPM SATA 6GBPSType : Hard Drive (HDD)Product Line : WD RedTechnical Information : Storage Capacity : 6TB Rotational Speed : 5.4K RPMDrive Interface : SATA Drive Interface Standard : 6GB/S SAS Physical Characteristics : Drive Type : InternalDrive Bay Width : 3.5\""",4SS,WD60EFRX,HDD,,,6000000 MB,,,SATA,SATA III,,,,,3.5-inch SATA,,,3.5-i
products_1_1161397,Samsung,2 tb SSD 860 EVO SATA III 2.5 inch,"SATA 6 Gb/s Interface, compatible with SATA 3 Gb/s & SATA 1.5 Gb/s interface Samsung V-NAND 3bit MLC , Controller Samsung MJX Controller , Samsung 512 MB Low Power DDR4 SDRAM Special Feature : TRIM SupportTRIM Supported S.M.A.R.T SupportS.M.A.R.T Supported GC (Garbage Collection)Auto Garbage Collection Algorithm Encryption SupportAES 256-bit Encryption (Class 0)TCG/Opal IEEE1667 (Encrypted drive) WWN SupportWorld Wide Name supported Device Sleep Mode SupportYes Performance : Sequential ReadUp to 550 MB/s Sequential Read * Performance may vary based on system hardware & configuration Sequential WriteUp to 520 MB/s Sequential Write * Performance may vary based on system hardware & configuration Random Read (4KB, QD32)Up to 98,000 IOPS Random Read * Performance may vary based on system hardware & configuration Random Write (4KB, QD32)Up to 90,000 IOPS Random Write * Performance may vary based on system hardware & configuration Random Read (4KB, QD1)Up to 10,000 IOPS Random Read * Performance may vary based on system hardware & configuration Random Write (4KB, QD1)Up to 42,000 IOPS Random Write * Performance may vary based on system hardware & configuration 5 Years Limited Warrantyor 1,200 TBW Limited Warranty",32831.0,INR,1336055.0,https://gamesncomps.com/product/samsung-ssd-860-evo-sata-iii-2-5-inch-2-tb,"2 tb SSD 860 EVO SATA III 2.5 inch. Description: SATA 6 Gb/s Interface, compatible with SATA 3 Gb/s & SATA 1.5 Gb/s interface Samsung V-NAND 3bit MLC , Controller Samsung MJX Controller , Samsung 512 MB Low Power DDR4 SDRAM Special Feature : TRIM SupportTRIM Supported S.M.A.R.T SupportS.M.A.R.T Supported GC (Garbage Collection)Auto Garbage Collection Algorithm Encryption SupportAES 256-bit Encryption (Class 0)TCG/Opal IEEE1667 (Encrypted drive) WWN SupportWorld Wide Name supported Device Sleep Mode SupportYes Performance : Sequential ReadUp to 550 MB/s Sequential Read * Performance may vary based on system hardware & configuration Sequential WriteUp to 520 MB/s Sequential Write * Performance may vary based on system hardware & configuration Random Read (4KB, QD32)Up to 98,000 IOPS Random Read * Performance may vary based on system hardware & configuration Random Write (4KB, QD32)Up to 90,000 IOPS Random Write * Performance may vary based on system hardware & configuration Random Read (4KB, QD1)Up to 10,000 IOPS Random Read * Performance may vary based on system hardware & configuration Random Write (4KB, QD1)Up to 42,000 IOPS Random Write * Performance may vary based on system hardware & configuration 5 Years Limited Warrantyor 1,200 TBW Limited Warranty",860 EVO,,SSD,,,"2,000.0 GB",,0.52 GB/s,SATA,SATA III,,,,,,,,
products_1_7017608,Hewlett Packard Enterprise,HPE 1TB 6G SATA 7.2K rpm LFF (3.5in) Non-hot Plug Standard 1yr Warranty Hard Drive,"A set of 5 HP SATA Hard Drives, with a total capacity of 1TB. The devices were designed for reliability and mass storage demanded by today's server and storage environments.",507.0,AED,1339299.0,https://www.senetic.ae/product-801882-b21,"HPE 1TB 6G SATA 7.2K rpm LFF (3.5in) Non-hot Plug Standard 1yr Warranty Hard Drive. Description: A set of 5 HP SATA Hard Drives, with a total capacity of 1TB. The devices were designed for reliability and mass storage demanded by today's server and storage environments.",,,Storage,,,1000.0 GB,,,SATA,,,,,,3.5-inch SATA,,,
products_1_61268150,Asus,ASUS TUF Gaming Geforce GTX 1660 Super OC 6GB PCI-Expressx16 Graphics Card (TUF-3GTX1660S-O6G-GAMING) (Warranty 3years with Local Distributor),Warranty : 3 Years with Local Distributor - Avertek,559.81,SGD,133996.0,https://www.allstars.com.sg/asus-tuf-gaming-geforce-gtx-1660-super-oc-6gb-pci-expressx16-graphics-card-tuf-3gtx1660s-o6g-gaming-warranty-3years-with-local-distributor,ASUS TUF Gaming Geforce GTX 1660 Super OC 6GB PCI-Expressx16 Graphics Card (TUF-3GTX1660S-O6G-GAMING) (Warranty 3years with Local Distributor). Description: Warranty : 3 Years with Local Distributor - Avertek,TUF Gaming Geforce GTX 1660 Super OC,TUF-3GTX1660S-O6G-GAMING,GPU,GeForce GTX 1660 Super,,,,,PCI Express x16,,,,,,,,,
products_1_90171657,Western Digital,WD Black PCIE M.2 2280 3D NAND SSD 250GB,NVME PCIe 250GB 3D NAND 000 M.2 2280 M.2 Internal Solid State Drive. Sequential R/W Up to 3 100 MB/s Read Up to 1 600 MB/s Write Random R/W Up to 220 Flash IOPS Read Up to 180 000 IOPS Write,152.77,N,1342433.0,https://www.avn.co.nz/product/wd-black-pcie-m-2-2280-3d-nand-ssd-250gb,WD Black PCIE M.2 2280 3D NAND SSD 250GB. Description: NVME PCIe 250GB 3D NAND Flash M.2 2280 M.2 Internal Solid State Drive. Sequential R/W Up to 3 100 MB/s Read Up to 1 600 MB/s Write Random R/W Up to 220 000 IOPS Read Up to 180 000 IOPS Write,Black,,SSD,,,,3.10 GB/s,,PCIe,NV ME,,,,,,,,
products_1_45702055,ADATA,"ADATA SSD 1TB XPG GAMMIX S50, PCIe Gen4x4 M.2 2280 (R:5000/W:4400 MB/s)","XPG GAMMIX S50 PCIe Gen4x4 M.2 2280 Solid State Drive Utilizing PCIe Gen4x4 and implementing the NVMe 1.3 standard, the GAMMIX S50 solid state drive delivers blazing-fast read/write performance of 5000/4400MB per second. What's more, it features an aluminum heat sink for excellent heat dissipation, 3D Flash memory with up to 2TB capacity, SLC caching, a DRAM cache buffer, End-to-End Data Protection, and low-density parity-check (LDPC) error correcting code technology.Leap into the Future with PCIe 4.0 R/W speed up to 5000/4400MB/s NVMe 1.3 support Advanced LDPC ECC TechnologySLC Caching and DRAM cache bufferAES 256-bit encryption supportCompact M.2 2280 form factor – ideal for gaming and high-end desktopsTECHNICAL SPECIFICATIONSCapacity 1 TBNAND Flash 3D TLCInterface PCIe Gen4x4Form Factor M.2 2280MTBF 1,700,000 hoursDimensions (L x W x T) 22 x 80 x 6.1mmWeight 12gPower Consumption 0.8W Active (Typical), 0.05W Slumber (Typical) (*measured by power meter)Operating Temperature 0°C~70°CStorage Temperature -40°C~85°CShock Resistance 1500G/0.5msCertifications RoHS, CE, FCC, BSMI, RCM, KC, MoroccoWarranty 5 years limited warranty.",272.62,EUR,1347815.0,https://shop-it.vektra.sk/adata-ssd-1tb-xpg-gammix-s50-pcie-gen4x4-m-2-2280-r-5000-w-4400-mb-s,"ADATA SSD 1TB XPG GAMMIX S50, PCIe Gen4x4 M.2 2280 (R:5000/W:4400 MB/s). Description: XPG GAMMIX S50 PCIe Gen4x4 M.2 2280 Solid State Drive Utilizing PCIe Gen4x4 and implementing the NVMe 1.3 standard, the GAMMIX S50 solid state drive delivers blazing-fast read/write performance of 5000/4400MB per second. What's more, it features an aluminum heat sink for excellent heat dissipation, 3D Flash memory with up to 2TB capacity, SLC caching, a DRAM cache buffer, End-to-End Data Protection, and low-density parity-check (LDPC) error correcting code technology.Leap into the Future with PCIe 4.0 R/W speed up to 5000/4400MB/s NVMe 1.3 support Advanced LDPC ECC TechnologySLC Caching and DRAM cache bufferAES 256-bit encryption supportCompact M.2 2280 form factor – ideal for gaming and high-end desktopsTECHNICAL SPECIFICATIONSCapacity 1 TBNAND Flash 3D TLCInterface PCIe Gen4x4Form Factor M.2 2280MTBF 1,700,000 hoursDimensions (L x W x T) 22 x 80 x 6.1mmWeight 12gPower Consumption 0.8W Active (Typical), 0.05W Slumber (Typical) (*measured by power meter)Operating Temperature 0°C~70°CStorage Temperature -40°C~85°CShock Resistance 1500G/0.5msCertifications RoHS, CE, FCC, BSMI, RCM, KC, MoroccoWarranty 5 years limited warranty.",XPG GAMMIX S50,,SSD,,,"1,000.0 GB",,,,NVMe,,,6.1,,,,,
products_1_91472204,,Gigabyte GTX 1650 Super OC 4GB GPU/Graphics Card,"Featuring 1280 CUDA cores and a 1725 MHz boost clock, with GDDR6 on a 128-bit memory interface. Memory clock is 12000 MHz. Outputs include 1 DisplayPort, 1 HDMI, and 1 DVI-D. Comes with a 3-year warranty.",167.99,68P,1349881.0,https://www.novatech.co.uk/products/gigabyte-gtx-1650-super-oc-4gb-gpugraphics-card/gv-n165soc-4gd.html,"Gigabyte GTX 1650 Super OC 4GB GPU/Graphics Card. Description: Cuda Cores: 1280, Boost Clock: 1725MHz, GDDR6, 128-bit Memory, Memory Clock: 12000Mhz, 1 x DisplayPort, 1 x HDMI, 1 x DVI-D, 3 Year Warranty",BTX 1650 Aup4r OC,,GPU,,,,,,,,,,,,,,,
products_1_89199142,Crucial,Crucial P5 1TB NVMe M.2 PCIe Performance 3D SSD/Solid State Drive,"1TB Crucial P5 M.2 (22x80) PCIe 3.0 (x4) NVMe SSD, 3D NAND, Read 3400MB/s, Write 3000MB/s",145.49,GBP,135220.0,https://www.scan.co.uk/products/1tb-crucial-p5-m2-22x80-pcie-30-x4-nvme-ssd-3d-nand-read-3400mb-s-write-3000mb-s,"Crucial P5 1TB NVMe M.2 PCIe Performance 3D SSD/Solid State Drive. Description: 1TB Crucial P5 M.2 (22x80) PCIe 3.0 (x4) NVMe SSD, 3D NAND, Read 3400MB/s, Write 3000MB/s",O4,,SSD,,,1000.0,,,PCI Express x4,,,,,,,,,M.2 2280
products_1_9467954,Gigabyte,Gigabyte GeForce RTX 2060 Super WINDFORCE OC 8GB GDDR6 256-Bit Graphics Card | GV-N206SWF2OC-8GD,"REAL-TIME RAY TRACING IN GAMESRay tracing is the definitive solution for lifelike lighting, reflections, and shadows, offering a level of realism far beyond what's possible using traditional rendering techniques. NVIDIA Turing is the first GPU capable of real-time ray tracing.NVIDIA TURING ARCHITECTUREThis revolutionary architecture, combined with our all-new GeForce® RTX platform, fuses together real-time ray tracing, artificial intelligence, and programmable shading. You've never created and enjoyed games like this before.GAME READY DRIVERSGet the highest levels of performance, and the smoothest experience possible, from the moment you start playing.WINDFORCE 2X COOLING SYSTEMWINDFORCE 2X cooling system features 2x 100mm unique blade fans, alternate spinning fan, 2 composite copper heat pipes direct touch GPU and 3D active fan, together delivering an effective heat dissipation.ALTERNATE SPINNINGThe GIGABYTE patent “Alternate Spinning” is the only solution that can solve the turbulent airflow of adjacent fans. Since the adjacent fans rotate in the same direction, the airflow direction is opposite between the fans, which will cause turbulent airflow and reduce heat dissipation efficiency. GIGABYTE turns the adjacent fans in the opposite direction, so that the airflow direction between the two fans is the same, reducing the turbulence and enhancing the airflow pressure.",1995.0,AED,1391915.0,https://gccgamers.com/computer-parts-compnents/graphic-cards/gigabyte-geforce-rtx-2060-super-windforce-oc-8gb-gddr6-256-bit-graphics-card-gv-n206swf2oc-8gd.html,"Gigabyte GeForce RTX 2060 Super WINDFORCE OC 8GB GDDR6 256-Bit Graphics Card | GV-N206SWF2OC-8GD. Description: REAL-TIME RAY TRACING IN GAMESRay tracing is the definitive solution for lifelike lighting, reflections, and shadows, offering a level of realism far beyond what's possible using traditional rendering techniques. NVIDIA Turing™ is the first GPU capable of real-time ray tracing.NVIDIA TURING™ ARCHITECTUREThis revolutionary architecture, combined with our all-new GeForce® RTX platform, fuses together real-time ray tracing, artificial intelligence, and programmable shading. You've never created and enjoyed games like this before.GAME READY DRIVERSGet the highest levels of performance, and the smoothest experience possible, from the moment you start playing.WINDFORCE 2X COOLING SYSTEMWINDFORCE 2X cooling system features 2x 100mm unique blade fans, alternate spinning fan, 2 composite copper heat pipes direct touch GPU and 3D active fan, together delivering an effective heat dissipation.ALTERNATE SPINNINGThe GIGABYTE patent “Alternate Spinning” is the only solution that can solve the turbulent airflow of adjacent fans. Since the adjacent fans rotate in the same direction, the airflow direction is opposite between the fans, which will cause turbulent airflow and reduce heat dissipation efficiency. GIGABYTE turns the adjacent fans in the opposite direction, so that the airflow direction between the two fans is the same, reducing the turbulence and enhancing the airflow pressure.",GeForce RTX 2060 Super WINDFORCE OC,,GPU,,,,,,,,,,,,,GDDR6,,
products_1_17149042,Powercolor,PowerColor AMD Radeon RX 5700XT 8GB Dual Fan Graphics Card,"PoqerColor ZMD Radeon RX 5700 XT 8HB GDDR6 PCIe 4.0 Graphics Card, 2x Fan, 7nm, 2560 Streams, 1605Mhz GPU, 1905Mhz Boost",482.01,GBP,1394227.0,https://www.scan.co.uk/products/powercolor-amd-radeon-rx-5700-xt-dual-fan-8gb-gddr6-graphics-card,"PowerColor AMD Radeon RX 5700XT 8GB Dual Fan Graphics Card. Description: PowerColor AMD Radeon RX 5700 XT 8GB GDDR6 PCIe 4.0 Graphics Card, 2x Fan, 7nm, 2560 Streams, 1605Mhz GPU, 1905Mhz Boost",AMD Radeon RX 5700XT 8GB Graphics Fan Dual Card,,GPU,Radeon RX 5700 XT,7.45 GiB,,,,PCIe 4.0,,,,,,,,,
products_1_47863704,MSI,MSI Gaming GeForce GTX 1650 128-Bit HDMI/DP 4GB GDRR5 HDCP Support DirectX 12 Dual Fan VR Ready OC Graphics Card (GTX 1650 Gaming X 4G),"The much anticipated return of MSI iconic dual fan gaming Series. Combining a mix of black and gunmetal grey with a classy brushed metal backplate, This maeterpiece provides you Premium design with magmificent and smooth RGB light egfects on the outside. The new MSI gaming card is designed to amaze you! The 7th generation of the famous MSI twin frozr thermal design brings the most advanced technology for ultimate Cooling performance. It features the new to RX fan 3.0 combined with groundbreaking",159.99,USD,1396551.0,https://www.orion-web.net/rnwp/1555/msi-gaming-geforce-gtx-1650-128-bit-hdmi-dp-4gb-gdrr5-hdcp-support-directx-12-dual-fan-vr-ready-oc-graphics-card-gtx-1650-gaming-x-4g,"MSI Gaming GeForce GTX 1650 128-Bit HDMI/DP 4GB GDRR5 HDCP Support DirectX 12 Dual Fan VR Ready OC Graphics Card (GTX 1650 Gaming X 4G). Description: The much anticipated return of MSI iconic dual fan gaming Series. Combining a mix of black and gunmetal grey with a classy brushed metal backplate, This masterpiece provides you Premium design with magnificent and smooth RGB light effects on the outside. The new MSI gaming card is designed to amaze you! The 7th generation of the famous MSI twin frozr thermal design brings the most advanced technology for ultimate Cooling performance. It features the new to RX fan 3.0 combined with groundbreaking",GeForce GTX 1650 gaming edition,,,HeRorce GTX 165o,4.0,,,,,,,,,,,GDRR5,,
products_1_19001308,Gigabyte,Gigabyte GTX 1050 Ti OC 4G Graphics Card,"GIGABYTE nVidia GeForce GTX 1050Ti OC4096MB GDDR5128-Bit Memory BusPCI Express 3.0Connections : 1x Dual-Link DVI-D, 1x HDMI, 1x DisplayPortOC Mode Core: Base : 1341MHz | Boost : 1455MHz | Memory: 7008MHzGaming Mode Core : Base : 1316MHz | Boost : 1430MHz | Memory: 7008MHz* Images and videos are illustrative andmay differ from actual product.",159.47,ZAR,140425.0,https://www.technextday.co.uk/gigabyte-gtx-1050-ti-oc-4g-graphics-card-gvn105toc4gd,Graphics Card | GIGABYTE | NVIDIA GeForce GTX 1050 TI | 4 GB | 128 bit | PCIE 3.0 16x | GDDR5 | Memory 7008 MHz | GPU 1316 MHz | Dual Slot Fansink | 1xDVI | 1xHDMI | 1xDisplayPort | GV-N105TOC-4GD. Description: Powered by GeForce® GTX 1050 TiIntegrated with 4GB GDDR5 128bit memoryWINDFORCE 2X with Blade Fan DesignSupport up to 8K display @60HzChipset NVIDIA GeForce GTX 1050 TI Graphics memory size 4 GB Memory bus 128 bit Graphics connector PCIE 3.0 16x Graphics memory type GDDR5 Memory clock 7008 MHz GPU clock 1316 MHz GPU boost clock 1430 MHz Max resolution 7680x4320 Cooling system Dual Slot Fansink DVI 1 HDMI 1 DisplayPort 1 Shipping box quantity 1 Unit Brutto Volume 0.003407 cubm Unit Net Weight 0.6 kg Unit Gross Weight 0.69 kg,GTX 1050 Ti OC 4G,,GPU,GeForce GTX 1050 Ti,4000 MB,,,,,,,,,,,GDDR5,,
products_1_83597336,Zotac,ZOTAC GeForce GTX 1050 Ti OC Edition 4GB GDDR5 PCI Express Gaming Graphics Card,"The ZOTAC GeForce GTX 1050 Ti OC graphics card comes with more power and enhanced performance. Now you can turn your PC into a true gaming rig, powered by NVIDIA Pascal. It’s loaded with innovative NVIDIA Game Ready technologies that let every gamer experience the latest titles in their full glory in super compact form. For cooling, ZOTAC features dual 70mm fans. The dual fans cover more of the heatsink to take away heat more efficiently. This graphics card comes with one DisplayPort 1.4 output, one HDMI 2.0b output, and one DVI-D Dual-Link output.~section~Zotac GeForce GTX 1050 Ti OC EditionEveryone deserves great gaming. That’s why we created the fast, powerful Zotac GeForce GTX 1050 Ti OC Edition. Now you can turn your PC into a true gaming rig, powered by Nvidia Pascal-the most advanced GPU architecture ever created. It’s loaded with innovative Nvidia Game Ready technologies that let every gamer experience the latest titles in their full glory in super compact form.~section~Product TypeGraphic CardBrandZotacGPUGeForce GTX 1050 TiCUDA cores768Video Memory4GB GDDR5Memory Bus128-bitEngine ClockBase: 1392 MHzBoost:1506 MHzMemory Clock7 GHzPCI Express3.0Display Outputs1 x DisplayPort 1.41 x HDMI 2.0b1 x DL-DVIHDCP SupportYesMulti Display CapabilityTriple DisplayRecommended Power Supply300WPower Consumption75WPower InputN/ADirectX12 API feature level 12_1OpenGL4.5CoolingDual FanSlot SizeDual SlotSLINoSupported OSWindows 10 / 8 / 7Card Length174mm x 111.15mmWarranty2 Years of Standard Warranty and 3 Years of Extended Warranty when the product is registered by the customer with Zotac with-in 28 Days from the Date of Purchase. With the 'Original Invoice' the Extended Warranty can be availed.Box ContentsUser Manual",10699.0,INR,1405646.0,https://www.tpstech.in/products/zotac-geforce-gtx-1050-ti-oc-edition-4gb-gddr5-pci-express-gaming-graphics-card,"ZOTAC GeForce GTX 1050 Ti OC Edition 4GB GDDR5 PCI Express Gaming Graphics Card. Description: The ZOTAC GeForce GTX 1050 Ti OC graphics card comes with more power and enhanced performance. Now you can turn your PC into a true gaming rig, powered by NVIDIA Pascal. It’s loaded with innovative NVIDIA Game Ready technologies that let every gamer experience the latest titles in their full glory in super compact form. For cooling, ZOTAC features dual 70mm fans. The dual fans cover more of the heatsink to take away heat more efficiently. This graphics card comes with one DisplayPort 1.4 output, one HDMI 2.0b output, and one DVI-D Dual-Link output.~section~Zotac GeForce GTX 1050 Ti OC EditionEveryone deserves great gaming. That’s why we created the fast, powerful Zotac GeForce GTX 1050 Ti OC Edition. Now you can turn your PC into a true gaming rig, powered by Nvidia Pascal-the most advanced GPU architecture ever created. It’s loaded with innovative Nvidia Game Ready technologies that let every gamer experience the latest titles in their full glory in super compact form.~section~Product TypeGraphic CardBrandZotacGPUGeForce GTX 1050 TiCUDA cores768Video Memory4GB GDDR5Memory Bus128-bitEngine ClockBase: 1392 MHzBoost:1506 MHzMemory Clock7 GHzPCI Express3.0Display Outputs1 x DisplayPort 1.41 x HDMI 2.0b1 x DL-DVIHDCP SupportYesMulti Display CapabilityTriple DisplayRecommended Power Supply300WPower Consumption75WPower InputN/ADirectX12 API feature level 12_1OpenGL4.5CoolingDual FanSlot SizeDual SlotSLINoSupported OSWindows 10 / 8 / 7Card Length174mm x 111.15mmWarranty2 Years of Standard Warranty and 3 Years of Extended Warranty when the product is registered by the customer with Zotac with-in 28 Days from the Date of Purchase. With the 'Original Invoice' the Extended Warranty can be availed.Box ContentsUser Manual",GeForce GTX 1050 Ti OC Edition,,GPU,,,,,,PCI Express x16,,,,,,,,,
products_1_98332414,Lacie,LaCie Rugged Mini - hard drive - 1 Terabyte - USB 3.0,"With its iconic design and secure form factor, the Rugged has been popular hard drive. With the Rugged Mini, LaCie had shrunk the Rugged, and added tons of more features, making it a solid investment for on-the-go data transport.The LaCie Rugged Mini hard disk shares features with the popular Rugged hard disk, like shock resistance, drop resistance, and a rubber sleeve for added protection. But with the Rugged Mini, it's also rain-resistant, and pressure-resistant!",77.49,USD,1416702.0,https://m.cdwg.com/product/lacie-rugged-mini-hard-drive-1-tb-usb-3.0/3812728,"LaCie Rugged Mini - hard drive - 1 TB - USB 3.0. Description: With its iconic design and secure form factor, the Rugged has been popular hard drive. With the Rugged Mini, LaCie had shrunk the Rugged, and added tons of more features, making it a solid investment for on-the-go data transport.The LaCie Rugged Mini hard disk shares features with the popular Rugged hard disk, like shock resistance, drop resistance, and a rubber sleeve for added protection. But with the Rugged Mini, it's also rain-resistant, and pressure-resistant!",Rugged Mini,,HDD,,,"1,000,000 MB",,,,,,,,,,,,
products_1_4473153,Western,WD Gold 1TB Enterprise Class Hard Disk Drive - 7200 RPM Class SATA 6 Gb/s 128MB Cache 3.5 Inch - WD1005FBYZ,"8TB 3.5 inch WD Gold 7200RPM 256 MB SATA enterprise-class hard drive 512eSpecifically designed for use in enterprise servers, datacenter servers, and storage systems. Designed for 24x7x365 reliability at workloads up to 550TB per year. High level of reliability with up to 2.5 million hours MTBF. Performance-optimized for heavy application workloads. 5-year limited Warranty.",95.48,USD,1417646.0,https://www.qxwebcam.com/product/wd-gold-1tb-enterprise-class-hard-disk-drive-7200-rpm-class-sata-6-gb-s-128mb-cache-3-5-inch-wd1005fbyz,"WD Gold 1TB Enterprise Class Hard Disk Drive - 7200 RPM Class SATA 6 Gb/s 128MB Cache 3.5 Inch - WD1005FBYZ. Description: 8TB 3.5 inch WD Gold 7200RPM 256 MB SATA enterprise-class hard drive 512eSpecifically designed for use in enterprise servers, datacenter servers, and storage systems. Designed for 24x7x365 reliability at workloads up to 550TB per year. High level of reliability with up to 2.5 million hours MTBF. Performance-optimized for heavy application workloads. 5-year limited Warranty.",WD Gold,WD1005FBYZ,HDD,,,1000.0,,,,,,,,,,,,
products_1_4050965,ADATA,XPG GAMMIX S5 AGAMMIXS5-1TT-C 1 TB Solid State Drive - M.2 2280 Internal - PCI Express NVMe (PCI Express NVMe 3.0 x4),"XPG GAMMIX S5 PCIe Gen3x4 M.2 2280 Solid State Drive Boot, load, and transfer faster with the XPG GAMMIX S5 PCIe Gen3x4 M.2 2280 solid state drive (SSD).With support for NVMe 1.3 and equipped with 3D NAND Flash, it offers up to 4 times faster performance than SATA SSDs and up to 1TB of capacity. What’s more, the GAMMIX S5 sports excellent heat dissipation capability with a built-in heatsink that can lower temperatures by up to 10°CUltra-fast PCIe Gen3x4 interface: R/W speed up to 2100/1500MB/s NVMe 1.3 support 3D NAND Flash for higher capacity and durability Unique heatsink design – makes SSD 10°C cooler Advanced LDPC ECC Technology HMB (Host Memory Buffer) and SLC Caching Compact M.2 2280 form factor – ideal for high-end desktopsTECHNICAL SPECIFICATIONSCapacity 1 TBNAND Flash 3D TLCInterface PCIe Gen3x4Form Factor M.2 2280MTBF 2,000,000 hoursDimensions (L x W x T) 22 x 80 x 3.7mmWeight 11.2gPower Consumption 0.33W Active (Typical), 0.14W Slumber (Typical) (*measured by power meter)Operating Temperature 0°C~70°CStorage Temperature -40°C~85°CShock Resistance 1500G/0.5msCertifications RoHS, CE, FCC, BSMI, VCCI, KCWarranty 5 years.",128.0,BGN,1421697.0,https://shop-it.vektra.sk/adata-ssd-1tb-xpg-gammix-s5-pcie-gen3x4-m-2-2280-r-2100-w-1500-mb-s,"ADATA SSD 1TB XPG GAMMIX S5, PCIe Gen3x4 M.2 2280 (R:2100/W:1500 MB/s). Description: XPG GAMMIX S5 PCIe Gen3x4 M.2 2280 Solid State Drive Boot, load, and transfer faster with the XPG GAMMIX S5 PCIe Gen3x4 M.2 2280 solid state drive (SSD).With support for NVMe 1.3 and equipped with 3D NAND Flash, it offers up to 4 times faster performance than SATA SSDs and up to 1TB of capacity. What’s more, the GAMMIX S5 sports excellent heat dissipation capability with a built-in heatsink that can lower temperatures by up to 10°CUltra-fast PCIe Gen3x4 interface: R/W speed up to 2100/1500MB/s NVMe 1.3 support 3D NAND Flash for higher capacity and durability Unique heatsink design – makes SSD 10°C cooler Advanced LDPC ECC Technology HMB (Host Memory Buffer) and SLC Caching Compact M.2 2280 form factor – ideal for high-end desktopsTECHNICAL SPECIFICATIONSCapacity 1 TBNAND Flash 3D TLCInterface PCIe Gen3x4Form Factor M.2 2280MTBF 2,000,000 hoursDimensions (L x W x T) 22 x 80 x 3.7mmWeight 11.2gPower Consumption 0.33W Active (Typical), 0.14W Slumber (Typical) (*measured by power meter)Operating Temperature 0°C~70°CStorage Temperature -40°C~85°CShock Resistance 1500G/0.5msCertifications RoHS, CE, FCC, BSMI, VCCI, KCWarranty 5 years.",S5 GAMMIX XPG,,SSD,,,"1,000.0 GB","2,100.0 MB/s",1.50 GB/s,PCI Express x4,NVMe,22.0,80.0,3.7,11.2,M.2,,,M.2 2280
products_1_22424953,Western Digital,"Western Digital Purple Surveillance 4TB SATA III 3.5\"" Hard Drive",Massive 4TB HDD Drive Capacity. Perfect 5400RPM Disk for Storing Music,95.49,GBP,1428897.0,https://www.cclonline.com/product/234564/WD40PURZ/Hard-Drives/WD-Purple-4TB-5400rpm-SATA-6Gb/s-Internal-Hard-Disk-Drive/HDD2885,"Western Digital Purple Surveillance 4TB SATA III 3.5\"" Hard Drive. Description: Massive 4TB HDD Drive Capacity. Perfect 5400RPM Disk Speed for Storing Music",Purple Surveillance,,HDD,,,4000000 MB,,,ZAFZ,SATA III,,,,,3.5-inch SATA,,,4.t-incn
products_1_68945769,,"PNY 120GB CS900 2.5\"" Solid State Drive/SSD SSD7CS900-120-PB","120GB PNY CS900 Series SSD 2.5”, SATA III - 6Gb/s, TLC NAND, 560MB/s Read, 450MB/s Write, 86k/81k IOPS, Retail",17.99,YNO,1429686.0,https://www.scan.co.uk/products/120gb-pny-cs900-series-ssd-25-sata-iii-6gb-s-tlc-nand-560mb-s-read-450mb-s-write-86k-81k-iops-retail,"PNY 120GB CS900 2.5\"" Solid State Drive/SSD SSD7CS900-120-PB. Description: 120GB PNY CS900 Series SSD 2.5”, SATA III - 6Gb/s, TLC NAND, 560MB/s Read, 450MB/s Write, 86k/81k IOPS, Retail",CS900,SSD7CS900-120-PB,SSD,,,,560.0,450.0 MB/s,SATA,,,,,,,,,2.5-inch
products_1_25769761,Gigabyte,Gigabyte AORUS 500GB M.2 PCIe 4.0 x4 NVMe SSD/Solid State Drive,"500GB Gigabyte AORUS M.2 (2280) PCIe 4.0 x4 NVMe SSD with 3D TLC, 5000MB/s read speed, 2500MB/s write speed, and 400k/550k IOPS",127.49,GBP,1433581.0,https://www.scan.co.uk/products/500gb-gigabyte-aorus-ssd-m2-2280-pcie-40-x4-nvme-ssd-3d-tlc-5000mb-s-read-2500mb-s-write-400k-550k-i,"Gigabyte AORUS 500GB M.2 PCIe 4.0 x4 NVMe SSD/Solid State Drive. Description: 500GB Gigabyte AORUS SSD, M.2 (2280) PCIe 4.0 (x4) NVMe SSD, 3D TLC, 5000MB/s Read, 2500MB/s Write, 400k/550k IOPS",AORUS,,,,,,,,,NVMe,,,,,M.2,,,M.2 2280
products_1_77251182,Seagate,ST8000NM0075 Seagate Exos 7E8 8TB 7.2K RPM SAS-12GBPS Dual Port 256MB Buffer 512E 3.5inch Hard Disk Drive. New Retail Factory Sealed With Full Manufacturer Warranty.,"General Information:Manufacturer : SeagateManufacturer part number: ST8000NM0075Type : Hard Disk Drive (HDD)Sub-Type : SAS-12GBPSMFG Website Address: www.seagate.com Product line : enterprise capacity v.5Product name : enterprise capacity v.5 8TB hard driveBEST-FIT APPLICATIONS :Hyperscale applicationsHigh-capacity raid storageMainstream enterprise external storage arrays (SAN, NAS, DAS)Cloud data centers—replicated bulk data storageEnterprise backup and restore—D2D, virtual tapeCentralized surveillanceKey Features:Storage capacity : 8 TBEnclosure : internalInterface : SAS-12GBPSBytes per sector : 512eDrive dimensions : 3.5 inchMTBF : 2 Million hoursProtection information (T10 DIF) : YesHumidity sensor : YesSuper parity : YesLow halogen : YesPowerchoice technology : YesAdvanced write caching (2M internal nor flash) : YesDrive Performance:Max. Sustained transfer rate od : 237 MBPSRandom read—16QD WCE (IOPS) : 164Random write—16QD WCE (IOPS): 342Average latency : 4.16 MSInterface ports : DualRotation vibration  1500 HZ (RAD/S²): 12.5Buffer : 256 MBRotational speed : 7200 RPM",248.0,GBP,1442175.0,https://www.allhdd.com/hard-drive/sas-12gbps/8tb-7.2k-rpm/seagate-st8000nm0075-nrfs,"ST8000NM0075 Seagate Exos 7E8 8TB 7.2K RPM SAS-12GBPS Dual Port 256MB Buffer 512E 3.5inch Hard Disk Drive. New Retail Factory Sealed With Full Manufacturer Warranty.. Description: General Information:Manufacturer : SeagateManufacturer part number: ST8000NM0075Type : Hard Disk Drive (HDD)Sub-Type : SAS-12GBPSMFG Website Address: www.seagate.com Product line : enterprise capacity v.5Product name : enterprise capacity v.5 8TB hard driveBEST-FIT APPLICATIONS :Hyperscale applicationsHigh-capacity raid storageMainstream enterprise external storage arrays (SAN, NAS, DAS)Cloud data centers—replicated bulk data storageEnterprise backup and restore—D2D, virtual tapeCentralized surveillanceKey Features:Storage capacity : 8 TBEnclosure : internalInterface : SAS-12GBPSBytes per sector : 512eDrive dimensions : 3.5 inchMTBF : 2 Million hoursProtection information (T10 DIF) : YesHumidity sensor : YesSuper parity : YesLow halogen : YesPowerchoice™ technology : YesAdvanced write caching (2M internal nor flash) : YesDrive Performance:Max. Sustained transfer rate od : 237 MBPSRandom read—16QD WCE (IOPS) : 164Random write—16QD WCE (IOPS): 342Average latency : 4.16 MSInterface ports : DualRotation vibration @ 1500 HZ (RAD/S²): 12.5Buffer : 256 MBRotational speed : 7200 RPM",Enterprise Capacity 3.5 HDD,ST8000NM00,HDD,,,7450.58,,,SAS,SAS 12G,,,,,3.5 inch,,,3.5-inch
products_1_16121684,Western Digital,"WD Blue 2TB 3D NAND 2.5\"" SATA SSD/Solid State Drive","2TB WD Blue 3D, 2.5\"" SSD, SATA III - 6Gb/s, 3D NAND, Read 560MB/s, Write 95k/84k IOPS, Retail",270.33,GBP,1455368.0,https://www.scan.co.uk/products/2tb-wd-blue-3d-25-ssd-sata-iii-6gb-s-3d-nand-read-560mb-s-write-530mb-s-95k-84k-iops-retail,"WD Blue 2TB 3D NAND 2.5\"" SATA SSD/Solid State Drive. Description: 2TB WD Blue 3D, 2.5\"" SSD, SATA III - 6Gb/s, 3D NAND, Read 560MB/s, Write 530MB/s, 95k/84k IOPS, Retail",Blue 3D,,SSD,,,2000.0,0.56 GB/s,530.0,SATA,SATA III,,,,,"2.5""",,,2.5-inch
products_1_77903458,ASUS Corporation,Asus Video Card PH-GTX1650-O4GD6 GeForce GTX 1650 GDDR6 4GB 128Bit PCI Express HDMI/DisplayPort/DVI-D Retail,Asus Video Card PH-GTX1650-O4GD6 GeForce GTX 1650 GDDR6 4GB 128Bit PCI Express HDMI/DisplayPort/DVI-D Retail,153.99,USD,145595.0,https://www.thekeykey.com/detail/PH-GTX1650-O4GD6/?name=246802,Asus Video Card PH-GTX1650-O4GD6 GeForce GTX 1650 GDDR6 4GB 128Bit PCI Express HDMI/DisplayPort/DVI-D Retail. Description: Asus Video Card PH-GTX1650-O4GD6 GeForce GTX 1650 GDDR6 4GB 128Bit PCI Express Retail,Video Card PH-GTX1650-O4GD6,PH-GTX1650-O4GD6,,GeForce GTX 1650,,,,,PCIe,,,,,,,,,
products_1_62268972,Samsung,Samdung Portable SSD R7 Touch MU-PV1T0K - solid state drive - 1 TB - USB 3.,"Whether you're carrying games, movies, or sensitive work files, the Portable SSD T7 Touch gives you speed and security in a palm-sized package. Experience the next level of external storage.",405.5,CAD,1458655.0,https://www.cdw.ca/product/samsung-portable-ssd-t7-touch-mu-pc1t0k-solid-state-drive-1-tb-usb-3/5973745,"Samsung Portable SSD T7 Touch MU-PC1T0K - solid state drive - 1 TB - USB 3.. Description: Whether you're carrying games, movies, or sensitive work files, the Portable SSD T7 Touch gives you speed and security in a palm-sized package. Experience the next level of external storage.",Portable SSD T7 Touch,MU-PC1T0K,SSD,,,1000.0,,,USB 3.0,,,,,,,,,
products_1_34471386,Gigabyte,"Gigabyte 480GB 2.5\"" SATA SSD/Solid State Drive","480GB GB SSD, 2.5\"" SSD, SATA 3.0 (6Gb/s), NAND Flash, 550MB/s Read, 480MB/s Write, 75k/70k IOPS, Retail",100.0,GBP,14618.0,https://www.scan.co.uk/products/480gb-gigabyte-ssd-25-ssd-sata-30-6gb-s-nand-flash-550mb-s-read-480mb-s-write-75k-70k-iops-retail,"Gigabyte 480GB 2.5\"" SATA SSD/Solid State Drive. Description: 480GB Gigabyte SSD, 2.5\"" SSD, SATA 3.0 (6Gb/s), NAND Flash, 550MB/s Read, 480MB/s Write, 75k/70k IOPS, Retail",,,SSD,,,,0.55,480000 KB/s,SATA,SATA III,,,,,2.5-inch SATA,,,2.5-inch
products_1_84278896,Sandisk,Pendrive Sandisk PEN Drive SDIX60N-128G-GN6NE,iXpand Flash Drive Go 128GB,58.31,TRY,1478275.0,https://mir-informatica.com/perifericos/21488-SDIX60N-128G-GN6NE.html,"SanDisk iXpand USB Flash Drive Go 128GB. Description: The SanDisk iXpand USB Flash Drive Go 128GB is the easy way to free up Memory. Keep your memories safe by simply plugging in the drive to automatically back up your photos, videos and contacts",IXPAND FLASH DRIVE,SDIX60N-128G-GN6NE,USB_STICK,,,128000.0,,,,,,,,,,,,
products_1_24483122,Seagate,"Seagate 1.92TB Nytro 1551 SSD 2.5\"" SATA Solid State Drive","1.92TB Seagate 1551 Enterprise, 2.5\"" SSD, SATA 3.0 (6Gb/s), TLC 3D NAND, 564MB/s Read, 537MB/s Write, 94k/48k IOPS",384.98,GBP,148297.0,https://www.scan.co.uk/products/192tb-seagate-nytro-1551-enterprise-25-ssd-sata-30-6gb-s-tlc-3d-nand-564mb-s-read-537mb-s-write-94k,"Seagate 1.92TB Nytro 1551 SSD 2.5\"" SATA Solid State Drive. Description: 1.92TB Seagate Nytro 1551 Enterprise, 2.5\"" SSD, SATA 3.0 (6Gb/s), TLC 3D NAND, 564MB/s Read, 537MB/s Write, 94k/48k IOPS",1551,,SSD,,,1920000 MB,564.0,537.0 MB/s,,,,,,,2.5-inch SATA,,,2.5-inch
products_1_6118785,Palit,Palit GeForce GT 710 Passive 2GB 64bit DDR5 videokártya,"Memory Amount 2048MB Memory Interface 64bit DRAM Type DDR3 Graphics Clock 954MHz Memory Clock 800MHz (DDR 1600MHz) CUDA Cores 192 Memory Bandwidth (GB/sec) 12.8 Microsoft DirectX 12 OpenGL 4.5 Bus Support PCI-E 2.0 x 8 DVI Dual-Link DVI-D VGAHDMIMaximum Digital Resolution 2560x1600 Maximum VGA Resolution 2048x1536 Height 2 Slot Board Size 115mm x 69mm Graphics Card Power 19 W Recommended System Power 300 W Accessory Manual, Driver Disc",24.74,HUF,1489588.0,https://www.ikontakt.hu/Palit-GeForce-GT-710-Passive-2GB-64bit-DDR5-videok,"Palit GeForce GT 710 Passive 2GB 64bit DDR5 videokártya. Description: Memory Amount 2048MB Memory Interface 64bit DRAM Type DDR3 Graphics Clock 954MHz Memory Clock 800MHz (DDR 1600MHz) CUDA Cores 192 Memory Bandwidth (GB/sec) 12.8 Microsoft DirectX 12 OpenGL 4.5 Bus Support PCI-E 2.0 x 8 DVI Dual-Link DVI-D VGAHDMIMaximum Digital Resolution 2560x1600 Maximum VGA Resolution 2048x1536 Height 2 Slot Board Size 115mm x 69mm Graphics Card Power 19 W Recommended System Power 300 W Accessory Manual, Driver Disc",GeForce GT 710 Passive,,GPU,,,,,,PCI Ecpf3ss x8,,,,,,,DDR3,,
products_1_1766554,ADATA,A-DATA SD700 1TB USB 3.1 External SSD Black,A-DATA SD700 1TB USB3.1 External SSD Black (ASD700-1TU31-CBK) - Grensesnitt: USB - Installert: 1TB - Max disker: 1 - RAID: Nei - Type: Ekstern,1821.0,NOK,1491425.0,https://thandel.no/a-data-sd700-1tb-usb31-external/cat-p/c0/p10432643,A-DATA - SD700 1TB USB3.1 External SSD Black. Description: A-DATA SD700 1TB USB3.1 External SSD Black (ASD700-1TU31-CBK) - Grensesnitt: USB - Installert: 1TB - Max disker: 1 - RAID: Nei - Type: Ekstern,SD700,,SSD,,,1000000 MB,,,USB 3.0,USB,,,,,,,Black,
products_1_53508892,Crucial,Micron 7300 PRO 3.84TB 2.5” U.2 NVMe SSD/Solid State Drive,"Micron 7300 PRO 3.84TB 2.5” SSD with U.2 PCIe NVMe and 96-Layer 3D TLC NAND, delivering 3000MB/s read and 1900MB/s write speeds, plus 520k/95k IOPS",628.99,GBP,1494512.0,https://www.scan.co.uk/products/384tb-micron-7300-pro-25-ssd-u2-pcie-nvme-96-layer-3d-tlc-nand-read-3000mb-s-write-1900mb-s-520k-95k,"Micron 7300 PRO 3.84TB 2.5” U.2 NVMe SSD/Solid State Drive. Description: 3.84TB Micron 7300 PRO, 2.5” SSD, U.2 PCIe NVMe, 96-Layer 3D TLC NAND, Read 3000MB/s, Write 1900MB/s, 520k/95k IOPS",7300 PRO,,55D,,,,3.0,1.90 GB/s,PCIe,NVME,,,,,U2,,,2.5-inch
products_1_81897724,Kingston,Kingston Data Centre DC450R SSD - 3.84TB,"Internal 3.84 TB SSD (solid state drive) with 560 MBps read and 525 MBps write speeds, 99,000 read and 26,000 write IOPS, 2.5"" SATA-600 interface, and 256-bit AES Self-Encrypting Drive (SED) support. Retail pack includes the drive only, without data or power cables; see the Accessories list.","5,998.0",NOK,1500427.0,https://www.proshop.no/SSD/Kingston-Data-Centre-DC450R-SSD-384TB/2807397,"Kingston Data Centre DC450R SSD - 3.84TB. Description: SSD (Solid state drive), 3.84 TB, internal, Data Rate: 560 MBps (read) / 525 MBps (write), IOPS: 99000 (read) / 26000 (write), 2.5\"", SATA-600, 256-bit AES, Self-Encrypting Drive (SED) NB! Retail pack, however without data and power cables, see the \""Accessories\"" list",Data Centre DC450R,,,,,"3,576.28 GiB",,,SATA,SATA III,,,,,,,,2.5-inch
products_1_17026507,Sandisk,SanDisk Flair 64GB USB 3.0 Flash drive,SanDisk Flair 64GB USB 3.0 Flash drive,35.95,BXS,1516999.0,https://www.pbtech.co.nz/product/MEMSDK63121/SanDisk-Flair-64GB-USB-30-Flash-drive?qr=popular_related_products,SanDisk Flair 64GB USB 3.0 Flash drive. Description: SanDisk Flair 64GB USB 3.0 Flash drive,Flair,,USB_STICK,,,64.0,,,USB 3.0,,,,,,,,,
products_1_9210121,Western Digital,"WD 4TB Black 3.5"" SATA 6Gb/s 7200RPM 256MB Hard Drive","WD 4TB Black 3.5"" SATA 6Gb/s 7200RPM 256MB Hard Drive",179.42,GBP,15244.0,https://shop.bt.com/products/wd-4tb-black-3-5--sata-6gb-s-7200rpm-256mb-hard-drive-wd4005fzbx-DL7B.html?refs=450740000-56330000,"WD 4TB Black 3.5"" SATA 6Gb/s 7200RPM 256MB Hard Drive. Description: WD 4TB Black 3.5"" SATA 6Gb/s 7200RPM 256MB Hard Drive",Black,,HDD,,,,,,SATA,SATA III,,,,,3.S-inch 5ATA,,,
products_1_34392254,Western Digital,"WD Red 1TB 2.5"" NAS SATA Hard Drive","1TB WD Red WD10JFCX, 2.5\"" NAS HDD, SATA III - 6Gb/s, IntelliPower, 16MB Cache, NCQ",70.99,GBP,1524442.0,https://www.scan.co.uk/products/1tb-wd-wd10jfcx-wd-red-25-nas-hdd-sata-iii-6gb-s-intellipower-16mb-cache-ncq-oem-with-nasware-30,"WD Red 1TB 2.5\"" NAS SATA HDD/Hard Drive. Description: 1TB WD Red WD10JFCX, 2.5\"" NAS HDD, SATA III - 6Gb/s, IntelliPower, 16MB Cache, NCQ",WD Red,,HDD,,,1000.0,,,SATA,SATA III,,,,,2.5-inch S,,,
products_1_5865670,Seagate,Seagate BarraCuda 120 ZA1000CM1A003 1TB 2.5In,"Seagate Barracuda 120 SSD is a 2.5-Inch SATA solid-state drive that features a next-gen controller combined with the latest 3D TLC NAND technology to provide increased dependability and speed for PC upgrades.Performance Solid State Drive: 2TB, 1TB, 500GB, 250GBMaximum sequential read and write speed",179.95,CAD,153316.0,https://www.choicecomputertechnologies.com/Seagate-BarraCuda-120-ZA1000CM1A003-1TB-2-5In,"Seagate BarraCuda 120 ZA1000CM1A003 1TB 2.5In. Description: Seagate Barracuda 120 SSD is a 2.5-Inch SATA solid-state drive that features a next-gen controller combined with the latest 3D TLC NAND technology to provide increased dependability and speed for PC upgrades.Performance Solid State Drive: 2TB, 1TB, 500GB, 250GBMaximum sequential read and write speed",BarraCuda 120,,SSD,,,1000.0,,,SATA,SSYA II8,,,,,,,,2.5-inch
products_1_17943,Seagate,Seagate Archive HDD 8TB SATA 6GBps 128MB Cache SATA Hard Drive (ST8000AS0002),"The Seagate archive HDD 8TB is a High capacity, energy efficient and lower cost hard drive for active archive purposes. The drive comes with impressive burst results but lower sustained write results, which are to be expected in this class of smr drives. The drives are intended for use in large-scale data centres where density, power consumption, data integrity and data retrieval are paramount.For Archive use only. Reliable, low-power data retrieval based on SMR technology. Enjoy peace of mind with a drive engineered for 24x7 workloads of 180TB/year.",235.0,USD,153558.0,https://www.andypemberton.com/product/seagate-archive-hdd-8tb-sata-6gbps-128mb-cache-sata-hard-drive-st8000as0002,"Seagate Archive HDD 8TB SATA 6GBps 128MB Cache SATA Hard Drive (ST8000AS0002). Description: The Seagate archive HDD 8TB is a High capacity, energy rfficient and lower cost hard drive for active archive purposes. The drive cojes with impressive burst results but lower sustained write results, which are to be expected in this class of smr drives. The drives are intended for use in large-scale data centres where density, power consumption, data integrity and data retrieval are paramount.For Archive use only. Reliable, low-power data retrieval based on SMR technooogy. Enjoy peace of mind with a drive engineered for 24x7 workloads of 180TB/year.",Archive HDD,,,,,"8,000.0 GB",,,SATA,SATA III,,,,,,,,
products_1_50232345,Toshiba,"Toshiba 2TB 2.5\"" SATA HDD/Hard Drive","2TB Toshiba HDWL120UZSVA 2.5-inch HDD with SATA III 6Gb/s interface, 5400 rpm speed, 128MB cache, 5.56ms access time, OEM version","99,999.99",GBP,1540902.0,https://www.scan.co.uk/products/2tb-toshiba-hdwl120uzsva-25-hdd-sata-iii-6gb-s-5400rpm-128mb-cache-oem,"Toshiba 2TB 2.5\"" SATA HDD/Hard Drive. Description: 2TB Toshiba HDWL120UZSVA, 2.5\"" HDD, SATA III 6Gb/s, 5400rpm, 128MB Cache, 5.56ms, OEM",,,HDD,,,"2,000.0 GB",,,S,,,,,,,,,2.5-inch
products_1_96835518,Western Digital,WD Black 4TB SATA 3 Performance HDD/Hard Drive WD4004FZWX,"4TB WD WD4004FZWX WD Black 3.5\"" Performance HDD, SATA III - 6Gb/s, 7200rpm, 128MB Cache, OEM",127.52,GBP,15409598.0,https://www.scan.co.uk/products/4tb-wd-wd4004fzwx-wd-black-35-performance-hdd-sata-iii-6gb-s-7200rpm-128mb-cache-oem,"WD Black 4TB SATA 3 Performance HDD/Hard Drive WD4004FZWX. Description: 4TB WD WD4004FZWX WD Black 3.5\"" Performance HDD, SATA III - 6Gb/s, 7200rpm, 128MB Cache, OEM",WD Black,,HDD,,,3725.29 GiB,,,,,,,,,3.5-inch SATA,,,w.4-incy
products_1_73565062,Toshiba,"Toshiba P300 500GB SATA III 3.5\"" Hard Drive - 7200RPM, 64MB Cache",500GB HDD Drive Capacity. No Performance Lag with this Decent 7200RPMRPM Disk Speed,34.7,GBP,154180.0,https://www.cclonline.com/product/195812/HDWD105UZSVA/Hard-Drives/Toshiba-P300-500GB-7200rpm-3-5-inch-SATA-6-0-Gb/s-Internal-Hard-Drive-Bulk-/HDD2676,"Toshiba P300 500GB SATA III 3.5\"" Hard Drive - 7200RPM, 64MB Cache. Description: 500GB HDD Drive Capacity. No Performance Lag with this Decent 7200RPMRPM Disk Speed",,,HDD,,,465.66 GiB,,,,,,,,,,,,3.5-inch
products_1_12424905,Sandisk,Sandisk Extreme GO CZ800 128GB USB3.1 Black Retractable,"SanDisk iXpand Flash Drive 128GB for iPhone and iPad, Black/Silver, (SDIX30C-128G-GN6NE)Designed with a flexible connector to fit through most iPhone cases. Automatically back up photos and videos from your camera, contacts. Supported Video Formats-.MP4 and .MOV video formats as supported in iOS. DRM-protected content cannot be streamed. Operating temperature-0-35 °C functional. Quickly free up space on your iPhone (iPhone 5, iPhone 5c, iPhone 5s, iPhone 6, iPhone 6 Plus, iPhone 6s, iPhone 6s Plus, iPhone SE, iPad Air, iPad mini, iPad mini 4, iPad Pro 12.9'', iPad Pro 9.7'' iPad with Retina display, iPod 5th Generation and newer, with Lightning connector and iOS 8.2+).",54.99,AUD,1544258.0,https://www.andypemberton.com/product/sandisk-ixpand-flash-drive-128gb-for-iphone-and-ipad-black-silver-sdix30c-128g-gn6ne,"SanDisk iXpand Flash Drive 128GB for iPhone and iPad, Black/Silver, (SDIX30C-128G-GN6NE). Description: SanDisk iXpand Flash Drive 128GB for iPhone and iPad, Black/Silver, (SDIX30C-128G-GN6NE)Designed with a flexible connector to fit through most iPhone cases. Automatically back up photos and videos from your camera, contacts. Supported Video Formats-.MP4 and .MOV video formats as supported in iOS. DRM-protected content cannot be streamed. Operating temperature-0-35 °C functional. Quickly free up space on your iPhone (iPhone 5, iPhone 5c, iPhone 5s, iPhone 6, iPhone 6 Plus, iPhone 6s, iPhone 6s Plus, iPhone SE, iPad Air, iPad mini, iPad mini 4, iPad Pro 12.9'', iPad Pro 9.7'' iPad with Retina display, iPod 5th Generation and newer, with Lightning connector and iOS 8.2+).",Extreme GO CZ800,CZ800,USB_STICK,,,119.21,,,,,,,,,,,Black/Silver,
products_1_15292396,NWO,MSI RADEON RX 5600 XT GAMING X graphics card 6 GB GDDR6,"Radeon RX 5600 XT GAMING X, 6GB GDDR6, 192-bit, 3 x DisplayPort (v1.4) / HDMI 2.0b x 1",418.61,EUR,1550758.0,https://compudeals.ie/catalog/product/view/id/308,"MSI RADEON RX 5600 XT GAMING X graphics card 6 GB GDDR6. Description: Radeon RX 5600 XT GAMING X, 6GB GDDR6, 192-bit, DisplayPort x 3 (v1.4) / HDMI 2.0b x 1",RADEON RX 5600 XT GAMING X,,GPU,,,,,,,,,,,,,GDDR6,,
products_1_9291809,Western Digital,buy WD Purple HDD in Dubai | WD 8TB Purple HDD SATA 3.5 - WD80PURZ,buy WD Internal hard disk for desktop and CCTV DVR on online at best coast. buy WD Purple 10 TB HDD online. express delivery available.,1401.43,AED,1566638.0,https://www.shopkees.com/product/wd-purple-drive-10tb-3-5-64mb-5400rpm.html,buy WD Purple HDD in Dubai | WD 8TB Purple HDD SATA 3.5 - WD80PURZ. Description: buy WD Internal hard disk for desktop and CCTV DVR on online at best coast. buy WD Purple 10 TB HDD online. express delivery available.,WD Purple,WD90P8TZ,HDD,,,7450.58 GiB,,,SATA,,,,,,3.5-inch SATA,,,
products_1_17105045,Sapphire,Sapphire AMD Radeon RX 5500 XT PULSE OC 4GB GDDR6 RDNA PCIe 4.0 Graphics Card,"Sapphire Radeon RX 5500 XT PULSE OC 4GB GDDR6 PCIe 4.0 Graphics Card, 7nm RDNA, 1408 Streams, 1737MHz GPU, 1845MHz Boost",199.75,GBP,156886.0,https://www.scan.co.uk/products/sapphire-radeon-rx-5500-xt-pulse-oc-4gb-gddr6-pcie-40-graphics-card-7nm-rdna-1408-streams-1737mhz-gp,"Sapphire AMD Radeon RX 5500 XT PULSE OC 4GB GDDR6 RDNA PCIe 4.0 Graphics Card. Description: Sapphire Radeon RX 5500 XT PULSE OC 4GB GDDR6 PCIe 4.0 Graphics Card, 7nm RDNA, 1408 Streams, 1737MHz GPU, 1845MHz Boost",Radeon RX 5500 XT PULSE OC,,GPU,,4.0,,,,PCIe 4.0,,,,,,,,,
products_1_49576448,Western Digital,Western Digital Blue SN550 NVMe M.2 2280 1TB PCI-Express 3.0 x4 3D NAND Internal Solid State Drive (SSD) WDS100T2B0C,Western Digital Blue SN550 NVMe M.2 2280 1TB PCI-Express 3.0 x4 3D NAND Internal Solid State Drive (SSD) WDS100T2B0C,104.99,U,156996.0,https://www.newegg.com/western-digital-blue-sn550-nvme-1tb/p/N82E16820250135?Description=nvme%20ssd%201tb&cm_re=nvme_ssd_1tb-_-20-250-135-_-Product,Western Digital Blue SN550 NVMe M.2 2280 1TB PCI-Express 3.0 x4 3D NAND Internal Solid State Drive (SSD) WDS100T2B0C. Description: Western Digital Blue SN550 NVMe M.2 2280 1TB PCI-Express 3.0 x4 3D NAND Internal Solid State Drive (SSD) WDS100T2B0C,Blue SN550,WDS100T2B0C,SSD,,,"1,000,000 MB",,,PCI Express x4,NVMe,,,,,M.2,,,M.2 2280
products_1_54014710,Gigabyte,"Gigabyte GeForce RTX 2070 Windforce 8G DDR6, GPU Speed 1620 MHz, WINDFORCE 2 X Fan, 2 Slot, HDMI + 3X DP,8 Pin, 265mm Length, Max 4 Display","Gigabyte GeForce RTX 2070 Windforce 8G DDR6, GPU Speed 1620 MHz, WINDFORCE 2 X Fan, 2 Slot, HDMI + 3X DP,8 Pin, 265mm Length, Max 4 Display","1 011,58",NZD,1570187.0,https://www.pbtech.co.nz/product/VGAGBV22070A/Gigabyte-GeForce-RTX-2070-Windforce-8G-DDR6-GPU-Sp,"Gigabyte GeForce RTX 2070 Windforce 8G DDR6, GPU Speed 1620 MHz, WINDFORCE 2 X Fan, 2 Slot, HDMI + 3X DP,8 Pin, 265mm Length, Max 4 Display. Description: Gigabyte GeForce RTX 2070 Windforce 8G DDR6, GPU Speed 1620 MHz, WINDFORCE 2 X Fan, 2 Slot, HDMI + 3X DP,8 Pin, 265mm Length, Max 4 Display",GeForce RTX 1070 Sindfirce 8G,,GPU,,,,,,,,,265.0,,,,DDR6,,
products_1_9479917,Sapphire,"Sapphire PULSE Radeon RX 570, 8GB","Aapphire PULSE Radeon RX 560 (Boost: 1284MHz), 8GB GDDR5 (7000MHz), PCI-E 3.0, 3x DisplayPort, 2x HDMI",276.14,AUD,1571309.0,https://computers.scorptec.com.au/computer/Sapphire-Pulse,"Sapphire PULSE Radeon RX 570, 8GB. Description: Sapphire PULSE Radeon RX 570 (Boost: 1284MHz), 8GB GDDR5 (7000MHz), PCI-E 3.0, 2x DisplayPort, 2x HDMI",PULSE AMD Radeon RX 570,,Graphics Processing Unit,,8.0,,,,PCI Express x16,,,,,,,,,
products_1_54553525,S3avwte,"Seagate IronWolf PRO 8TB NAS 3.5\"" SATA HDD/Hard Drive","8TB Seagate IronWolf PRO ST8000NE001 NAS Hard Drive, 3.5\"" HDD, SATA III 6Gb/s, 7200rpm, 256MB Cache, OEM",223.49,GBP,1578824.0,https://www.scan.co.uk/products/8tb-seagate-ironwolf-pro-st8000ne001-nas-hard-drive-35-hdd-sata-iii-6gb-s-7200rpm-256mb-cache-oem,"Seagate IronWolf PRO 8TB NAS 3.5\"" SATA HDD/Hard Drive. Description: 8TB Seagate IronWolf PRO ST8000NE001 NAS Hard Drive, 3.5\"" HDD, SATA III 6Gb/s, 7200rpm, 256MB Cache, OEM",IronWolf PRO,ST8000NE001,,,,,,,SATA,SATA 1I1,,,,,,,,3.5-inch
products_1_98557440,Asus,"GT710-SL-2GD5-CSM Graphics Card,NVIDIA GeForce GT710,OpenGL4.5,DDR5 2G,PCI Expre","An essential upgrade to unlock multimedia performance, the gt 710 utilizes a dust-proof fan to minimize maintenance and Super alloy power II components for 15% faster performance and 2.5 times longevity for set-it-and-forget-it deployments. Gpu tweak II enables additional monitoring to ensure an optimal balance between performance, cooling and noise.Resolution - DVI Max Resolution : 2560x1600Asus exclusive heat sink design with passive cooling ensures quiet HTPC and multimedia operation. Auto-ex",82.99,CAD,1578934.0,https://www.orion-web.net/rnwp/1517/asus-geforce-gt-710-2gb-gddr5-hdmi-vga-dvi-graphics-card-graphic-cards-gt710-sl-2gd5-csm,"Asus GeForce GT 710 2GB GDDR5 HDMI VGA DVI Graphics Card Graphic Cards GT710-SL-2GD5-CSM. An essential upgrade to unlock multimedia performance, the gt 710 utilizes a dust-proof fan to minimize maintenance and Super alloy power II components for 15% faster performance and 2.5 times longevity for set-it-and-forget-it deployments. Gpu tweak II enables additional monitoring to ensure an optimal balance between performance, cooling and noise.Resolution - DVI Max Resolution : 2560x1600Asus exclusive heat sink design with passive cooling ensures quiet HTPC and multimedia operation. Auto-ex",GeForce GT 71,GT710-SL-2GD5-CSM,GPU,GeForce GT 710,2.0,,,,,,,,,,,GDDR5,,
products_1_71552646,MSI,MSI Radeon RX 570 Armor OC 4GB Video Card,"DEMAND MORE, DEMAND RADEONGuiding the Future of GamingThe 4th generation GCN architecture is engineered for gamers who play anything from the latest MOBA’s to the most popular AAA titles. Asynchronous Shaders and an enhanced Geometry Engine power new levels of smooth gameplay performance.Immersive VR ExperiencesExperience the next level of immersion with the world of VR gaming and entertainment with Radeon RX graphics cards powered by the revolutionary Polaris architecture.AMD FreeSync TechnologyPuts an end to choppy gameplay and broken frames with fluid, artifact-free performance at virtually any framerate.HDR compatibleEnhanced contrast and colors deliver a strikingly sharp, colorful, and vivid visual experience.Core/MemoryBoost Clock / Memory Frequency1268 Megahertz / 7000 MHz4GB GDDR5TORX Fan- Dispersion fan blade: Steep curved blade accelerating the airflow.- Traditional fan blade: Provides steady airflow to massive heat sink below.Zero Frozr: Stopping the fan in low-load situations, keeping a noise-free environment.Advanced Airflow Control technology: Improves cooling efficiency by using advanced aerodynamics to focus airflow.Afterburner Overclocking UtilityWireless control through Android/iOS devices.Predator: In-game video recording.Kombustor: built-in DirectX12 benchmark.Supports multi-GPU setups.All Solid Capacitors10 years long lifetime under full load.Lower temperature and higher efficiency.Aluminum core for higher stability.",239.0,NZD,1582959.0,https://www.playtech.co.nz/msi-radeon-rx-570-armor-oc-4gb-video-card.html,"MSI Radeon RX 570 Armor OC 4GB Video Card. Description: DEMAND MORE, DEMAND RADEONGuiding the Future of GamingThe 4th generation GCN architecture is engineered for gamers who play anything from the latest MOBA’s to the most popular AAA titles. Asynchronous Shaders and an enhanced Geometry Engine power new levels of smooth gameplay performance.Immersive VR ExperiencesExperience the next level of immersion with the world of VR gaming and entertainment with Radeon RX graphics cards powered by the revolutionary Polaris architecture.AMD FreeSync™ TechnologyPuts an end to choppy gameplay and broken frames with fluid, artifact-free performance at virtually any framerate.HDR compatibleEnhanced contrast and colors deliver a strikingly sharp, colorful, and vivid visual experience.Core/MemoryBoost Clock / Memory Frequency1268 MHz / 7000 MHz4GB GDDR5TORX Fan- Dispersion fan blade: Steep curved blade accelerating the airflow.- Traditional fan blade: Provides steady airflow to massive heat sink below.Zero Frozr: Stopping the fan in low-load situations, keeping a noise-free environment.Advanced Airflow Control technology: Improves cooling efficiency by using advanced aerodynamics to focus airflow.Afterburner Overclocking UtilityWireless control through Android/iOS devices.Predator: In-game video recording.Kombustor: built-in DirectX12 benchmark.Supports multi-GPU setups.All Solid Capacitors10 years long lifetime under full load.Lower temperature and higher efficiency.Aluminum core for higher stability.",Radeon RX 570 Armor OC,,GPU,,"4,000 MB",,,,,,,,,,,GDDR5,,
products_1_26353099,Samsung,"SAMSUNG 970 EVO PLUS M.2 2280 1TB PCIe Gen 3.0 x4, NVMe 1.3 V-NAND 3-bit MLC Internal Solid State Drive (SSD) MZ-V7S1T0B/AM","970 EVO+ 1TB SSD V-NAND M.2 2280 PCIe NVMe 3.0 x4 Internal Solid State Drive. Accelerate into next-gen computing. The Samsung 970 EVO delivers breakthrough speeds and best-in-class reliability. The latest V-NAND, new Phoenix controller, and Intelligent TurboWrite technology enhance high-end gaming and 4K & 3D graphic editing. Samsung's innovative technology empowers you with the capacity to do more and accomplish more.",0.18,CAD,1585277.0,https://www.microcenter.com/product/601600/samsung-970-evo-1tb-ssd-v-nand-m2-2280-pcie-nvme-30-x4-internal?rf=PDP_altSell+%3E+Cross_Sell+%3E+Cross+Sell+SSD+M.2+2280+M+Key+Broad,Samsung 970 EVO Plus Series 1TB PCIe NVMe-M.2 Internal SSD. Description: Samsung 970 EVO Plus Series 1TB PCIe NVMe-M.2 Internal SSD,970 EVO+,,SSD,,,931.32 GiB,,,PCI Express x4,NVMe,,,,,M.2,,,M.2 22 80
products_1_1367517,Samsung,Samsung 860 PRO 1TB SSD 2-bit MLC V-NAND SATA III 6Gb/s 2.5 Internal Solid State Drive,"860 PRO 1TB SSD 2-bit MLC V-NAND SATA III 6Gb/s 2.5 Internal Solid State Drive. Get industry-leading reliability with the 860 PRO. Powered by the latest V-NAND technology and a robust algorithm-based controller, it readily handles heavy workloads of high-end PCs, workstations and NAS (Network Attached Systems) to give lasting assurance to gamers, IT and creative professionals.",299.99,U SD,158919.0,https://www.microcenter.com/product/502938/samsung-860-pro-1tb-ssd-2-bit-mlc-v-nand-sata-iii-6gb-s-25-internal-solid-state-drive,"Samsung 860 PRO 1TB SSD 2-bit MLC V-NAND SATA III 6Gb/s 2.5 Internal Solid State Drive. Description: 860 PRO 1TB SSD 2-bit MLC V-NAND SATA III 6Gb/s 2.5 Internal Solid State Drive. Get industry-leading reliability with the 860 PRO. Powered by the latest V-NAND technology and a robust algorithm-based controller, it readily handles heavy workloads of high-end PCs, workstations and NAS (Network Attached Systems) to give lasting assurance to gamers, IT and creative professional",860 PRO,,SSD,,,931.32,,,,SATA 6Gb/s,,,,,,,,2.5-inch
products_1_84039603,Seagate,Seagate IronWolf 510 480GB M.2 PCIe NVMe SSD/Solid State Drive,"480GB Seagate IronWolf 510, M.2 (2280) PCIe 3.0 (x4) NVMe SSD, 2650MB/s Read, 600MB/s Write, 193k/20k IOPS",125.99,GBP,1589929.0,https://www.scan.co.uk/products/480gb-seagate-ironwolf-510-m2-2280-pcie-30-x4-nvme-ssd-2650mb-s-read-600mb-s-write-193k-20k-iops,"Seagate IronWolf 510 480GB M.2 PCIe NVMe SSD/Solid State Drive. Description: 480GB Seagate IronWolf 510, M.2 (2280) PCIe 3.0 (x4) NVMe SSD, 2650MB/s Read, 600MB/s Write, 193k/20k IOPS",,,SSD,,,,2650000 KB/s,600.0,PCI Express x4,JVJd,,,,,M.2,,,M.2 wwi0
products_1_36863105,Western Digital,"WD Red Pro 10TB NAS 3.5\"" SATA HDD/Hard Drive",Available in large capacities with support for 1-16 bays 5-year limited warranty Enhanced reliability with 3D Active Balance Plus technology and error recovery controls with NASware 3.0 technology Extended drive testing to ensure each drive is tested for extended reliable operation Vibration & Shock protection. Easy backup and upgrade Brand NameWestern DigitalSeriesWD Red Pro 10TB NAS Hard Disk Drive - 7200 RPM Class SATA 6 Gb/s 256MB CachItem model numberWD101KFBXOperating SystemN/AItem Weight1.43 poundsProduct Dimensions5.8 x 4 x 1 inchesItem Dimensions L x W x H5.79 x 4 x 1.03 inchesHard Drive InterfaceSerial ATAHard Drive Rotational Speed7200 RPM,"127 518,48",INR,1592336.0,https://www.scan.co.uk/products/10tb-wd-red-pro-wd101kfbx-nas-hard-drive-35-hdd-sata-iii-6gb-s-7200rpm-256mb-cache-shock-sensor-ncq,"WD Red Pro 10TB NAS 3.5\"" SATA HDD/Hard Drive. Description: 10TB WD Red Pro WD101KFBX NAS Hard Drive, 3.5\"" HDD, SATA III 6Gb/s, 7200rpm, 256MB Cache, Shock Sensor, NCQ, OEM",Red WD Pro,WD101KFBX,BXC,,,9313.23,,,SATA,SATA III,,,,,3.5-inch SATA,,,3.5-inch
products_1_66193081,Western Digital,WD30EZRX Western Digital Caviar Green 3TB 5.4K RPM SATA 6GBPS 64MB Buffer 3.5Inches Form FactorHard Disk Drive. New Bulk Pack.,"General Information : Manufacturer : Western Digital CorporationManufacturer Part Number : WD30EZRXManufacturer Website Address : www.wdc.ComBrand Name : Western Digital Sub-Type : 3TB 5.4K RPM SATA 6GBPSType : Hard Drive (HDD)Product Line : WD GreenTechnical Information : Storage Capacity : 3TB Rotational Speed : 5.4K RPMDrive Interface : SATA Drive Interface Standard : 6GB/S Buffer : 64 MBPhysical Characteristics : Drive Type : InternalDrive Bay Width : 3.5\""",130.0,USD,1595088.0,https://www.allhdd.com/hard-drive/sata-6gbps/3tb-5.4k-rpm/western-digital-wd30ezrx-nrfs,"WD30EZRX Western Digital Caviar Green 3TB 5.4K RPM SATA 6GBPS 64MB Buffer 3.5Inches Form FactorHard Disk Drive. New Bulk Pack.. Description: General Information : Manufacturer : Western Digital CorporationManufacturer Part Number : WD30EZRXManufacturer Website Address : www.wdc.ComBrand Name : Western Digital Sub-Type : 3TB 5.4K RPM SATA 6GBPSType : Hard Drive (HDD)Product Line : WD GreenTechnical Information : Storage Capacity : 3TB Rotational Speed : 5.4K RPMDrive Interface : SATA Drive Interface Standard : 6GB/S Buffer : 64 MBPhysical Characteristics : Drive Type : InternalDrive Bay Width : 3.5\""",Caviar Green,WD30EZRX,HD D,,,2793.97,,,SATA,,,,,,"3.5""",,,3.5-inch
products_1_27830267,Gigabyte,Gigabyte GeForce GTX 1660 Ti 6GB Mini Boost Graphics Card,Warranty : 3 Years with Local Distributor - CDL,534.3,SGD,1599286.0,https://www.allstars.com.sg/gigabyte-geforce-gtx-1660ti-mini-itx-oc-6gb-gv-n166tixov-6gd-pci-express-x16-graphics-card-warranty-3years-with-local-distributor-cdl,Gigabyte Geforce GTX 1660Ti Mini ITX OC 6GB (GV-N166TIXOV-6GD) PCI-Express x16 Graphics Card (Warranty 3years with Local Distributor CDL). Description: Warranty : 3 Years with Local Distributor - CDL,GeForce GTX 1660 Ti ITX OC,GV-N166TIXOV-6GD,GPU,GeForce GTX 1660 Ti,6.0,,,,PCI Express x16,,,,,,,,,Mini ITX
products_1_21883109,,"250GB 970 EVO 2280, 3400 / 1500 MB/s, V-NAND 3-bit MLC, PCIe 3.0 x4 NVMe, M.2 SSD","250GB 970 EVO 2280, 3400 / 1500 MB/s, V-NAND 3-bit MLC, PCIe 3.0 x4 NVMe, M.2 SSD",90.83,U,16056.0,https://www.avadirect.com/250GB-970-EVO-2280-3400-1500-MB-s-V-NAND-3-bit-MLC-PCIe-3-0-x4-NVMe-M-2-SSD/Product/12073009,"250GB 970 EVO 2280, 3400 / 1500 MB/s, V-NAND 3-bit MLC, PCIe 3.0 x4 NVMe, M.2 SSD. Description: 250GB 970 EVO 2280, 3400 / 1500 MB/s, V-NAND 3-bit MLC, PCIe 3.0 x4 NVMe, M.2 SSD",970 EVO,,SSD,,,250.0,,,PCI Express x4,NVMe,,,,,,,,M.2 2280
products_1_1829549,,"Fujitsu 300GB SAS 2.5"" 300G Serial Attached SCSI","Fujitsu 300GB SAS 2.5\"", SAS, HDD, 2.5\"" - 3.5\""",71.74,RY4,1611286.0,https://www.market2go.it/gb/hard-disk-interni/10317-fujitsu-300gb-sas-25-300gb-serial-attached-scsi-sas-4054681969305.html,"Fujitsu 300GB SAS 2.5\"" 300GB Serial Attached SCSI (SAS). Description: Fujitsu 300GB SAS 2.5\"", SAS, HDD, 2.5\"" - 3.5\""",,,HDD,,,300.0 GB,,,SAS,SAS,,,,,"2.5""",,,
products_1_14003017,Patriot,"Patriot VPN100 M.2 2280 256GB PCIe Gen3 x4, NVMe 1.3 Internal Solid State Drive (SSD) VPN100-256GM28H","Patriot VPN100 M.2 2280 256GB PCIe Gen3 x4, NVMe 1.3 Internal Solid Stote Drive (SSD) VPN100-2S6GM28H",49.99,USD,1614236.0,https://www.newegg.com/patriot-vpn100-256gb/p/N82E16820225153?Item=N82E16820225153,"Patriot VPN100 M.2 2280 256GB PCIe Gen3 x4, NVMe 1.3 Internal Solid State Drive (SSD) VPN100-256GM28H. Description: Patriot VPN100 M.2 2280 256GB PCIe Gen3 x4, NVMe 1.3 Internal Solid State Drive (SSD) VPN100-256GM28H",VPN100,,SSD,,,256000 MB,,,PCI Express x4,NVMe,,,,,,,,
products_1_11218658,,"GeForce GTX 1050 Ti D5 4G, 1290 - 1430MHz, 4GB GDDR5, Graphics Card","GeForce GTX 1050 Ti D5 4G, 1290 - 1430MHz, 4GB GDDR5, Graphics Card",176.52,USD,1630366.0,https://www.avadirect.com/GeForce-GTX-1050-Ti-D5-4G-1290-1430MHz-4GB-GDDR5-Graphics-Card/Product/10858097,"GeForce GTX 1050 Ti D5 4G, 1290 - 1430MHz, 4GB GDDR5, Graphics Card. Description: GeForce GTX 1050 Ti D5 4G, 1290 - 1430MHz, 4GB GDDR5, Graphics Card",GeForce GTX 1050 Ti D5 4G,,GPU,,,,,,,,,,,,,GDDR5,,
products_1_62197544,Powercolor,PowerColor AMD Radeon RX 5700 XT Red Dragon 8GB Graphics Card,"PowerColor Radeon RX 5700 XT Red Dragon 8GB GDDR6 PCIe 4.0, 7nm RDNA, 2560 Streams, 1650MHz GPU, 1905MHz Boost",369.49,GBP,163038.0,https://www.scan.co.uk/products/powercolor-radeon-rx-5700-xt-red-dragon-8gb-gddr6-pcie-40-gpu-7nm-rdna-2560-streams-1650mhz-gpu-1905,"PowerColor AMD Radeon RX 5700 XT Red Dragon 8GB Graphics Card. Description: PowerColor Radeon RX 5700 XT Red Dragon 8GB GDDR6 PCIe 4.0, 7nm RDNA, 2560 Streams, 1650MHz GPU, 1905MHz Boost",Radeon RX 5700 XT Red Dragon,,GPU,Radeon RX 5700 XT,,,,,PCIe 4.0,,,,,,,GDDR6,,
products_1_840404,PNY,"PNY NVIDIA Quadro P1000 GDDR5 4GB/128bit, 640 CUDA Cores, PCI-E 3.0 x16, 4xminiD","CUDA Cores640 Peak Single Precision FP32 Performance1.89 TFLOPS GPU Memory4 GB GDDR5 Memory Bandwidth80 GB/Sec Memory Interface128-Bit System InterfacePCI Express 3.0 x16 Display Digital 1.4 (4) mDP to DP Adapters4 Included Maximum ConnectorsMini-DisplayPort Resolution5120 x 2880 at 60Hz (30-bit Color) HDCP SupportYes Form Factor2.713” H x 5.70” L, Single Slot Maximum Power Consumption47 W Thermal ManagementUltra-Quiet Fansink",195868.4,HUF,1632078.0,https://www.ikontakt.hu/PNY-NVIDIA-Quadro-P1000-GDDR5-4GB/128bit-640-CUDA,"PNY NVIDIA Quadro P1000 GDDR5 4GB/128bit, 640 CUDA Cores, PCI-E 3.0 x16, 4xminiD. Description: CUDA Cores640 Peak Single Precision FP32 Performance1.89 TFLOPS GPU Memory4 GB GDDR5 Memory Bandwidth80 GB/Sec Memory Interface128-Bit System InterfacePCI Express 3.0 x16 Display ConnectorsMini-DisplayPort 1.4 (4) mDP to DP Adapters4 Included Maximum Digital Resolution5120 x 2880 at 60Hz (30-bit Color) HDCP SupportYes Form Factor2.713” H x 5.70” L, Single Slot Maximum Power Consumption47 W Thermal ManagementUltra-Quiet Fansink",NVIDIA Quadro P1000,,GPU,Quadro P1000,4.0 GB,,,,,,,,,,,GDDR5,,3.5-inch
products_1_84704597,Team Group,Team L3 EVO 240GB SATA III 2.5 inch SSD,"2.5\""240GBSATA",69.0,86N,1632557.0,https://pcdubai.com/product/team-group-l3-evo-2-5-240gb-sata-iii-tlc-internal-solid-state-drive-ssd-t253le240gtc101,TEAM SSD L3 EVO 240G 2.5INCH. Description: TEAM GROUP SSD 240GB INT SATA3 2.5'',L3 EVO,T253LE240GTC101,SSD,,,240.0 GB,,,SATA,SATA III,,,,,2.5-inch SATA,,,2.5-inch
products_1_45550541,Gigabyte,Gigabyte GeForce GTX 1660 Ti OC 6G Graphics Card,"Gigabyte GeForce GTX 1660 Ti OC 6G Graphics CardSpecification:Graphics CardTypeGDDR6Size6GBMemory Clock12000 MHzBUS Type192 bitMemory InterfaceMemory Bandwidth (GB/sec) 288 GB/sInterfaceDisplay Port1.4 *3HDMI2.0b *1HDCPYesPower SpecificationsConnectors8 Pin*1Recommended PSU450WDisplay OptionMulti-Display4Application Programming InterfacesDirectX12OpenGL4.5Physical SpecifkcationsDimensionsL=225.65 W=122.02 H=40.5 mmOthersPCB Form ATXWarrantyWarranty02 yearsDescription :Gigabyte Force GTX 1660 Ti Integrated with 6GB GDDR6 192-bit memo4y interface. WINDFORCE 2X cooling system features 2x 90mm unique blade fans, alternate spinning fan, a composite copper heat pipe direct touch GPU and 3D active fan functionality, together delivering an effective heat dissipation capacity for higher performance at lower temperatures. The GIGABYTE patent “Alternate Spinning” is the only solution that can solve the turbulent airflow of adjacent fans. Since the adjacent fans rotate in the same direction, the airflow direction is opposite between the fans, which will cause turbulent airflow and reduce heat dissipation efficiency.Now you know the latest price of Gigabyte GeForce GTX 1660 Ti OC 6G Graphics Cardin Bangladesh and it’s specigications. Here it comes cheaper more than ever with best review and quality only in System One IT. To buy thisGPUorder online or visit our showroom. Click for MoreGPU. Follow us inFacebook.",30500.0,BDT,1640388.0,https://system1it.com/p/gigabyte-gtx-1660-ti-oc-6gb,"GB GeForce GTX 1660 Ti OC 6G Graphics Card. Description: Gigabyte GeForce GTX 1660 Ti OC 6G Graphics CardSpecification:Graphics CardTypeGDDR6Size6GBMemory Clock12000 MHzBUS Type192 bitMemory InterfaceMemory Bandwidth (GB/sec) 288 GB/sInterfaceDisplay Port1.4 *3HDMI2.0b *1HDCPYesPower SpecificationsConnectors8 Pin*1Recommended PSU450WDisplay OptionMulti-Display4Application Programming InterfacesDirectX12OpenGL4.5Physical SpecificationsDimensionsL=225.65 W=122.02 H=40.5 mmOthersPCB Form ATXWarrantyWarranty02 yearsDescription :Gigabyte Force GTX 1660 Ti Integrated with 6GB GDDR6 192-bit memory interface. WINDFORCE 2X cooling system features 2x 90mm unique blade fans, alternate spinning fan, a composite copper heat pipe direct touch GPU and 3D active fan functionality, together delivering an effective heat dissipation capacity for higher performance at lower temperatures. The GIGABYTE patent “Alternate Spinning” is the only solution that can solve the turbulent airflow of adjacent fans. Since the adjacent fans rotate in the same direction, the airflow direction is opposite between the fans, which will cause turbulent airflow and reduce heat dissipation efficiency.Now you know the latest price of Gigabyte GeForce GTX 1660 Ti OC 6G Graphics Cardin Bangladesh and it’s specifications. Here it comes cheaper more than ever with best review and quality only in System One IT. To buy thisGPUorder online or visit our showroom. Click for MoreGPU. Follow us inFacebook.",GeForce GTX 1660 Ti OC 6G,,GPU,,6.0 GB,,,,,,,,,,,,,
products_1_68914865,Seagate,"Seagate FireCuda 120 500GB 2.5\"" SATA SSD/Solid State Drive","500GB Seagate FireCuda 120, 2.5\"" SSD, SATA III 6Gb/s, 3D TLC NAND, Read 560MB/s, Write 540MB/s, 100k/90k IOPS",77.99,VGL,1640954.0,https://www.scan.co.uk/products/500gb-seagate-firecuda-120-25-3d-ssd-sata-iii-6gb-s-read-560mb-s-write-540mb-s-100k-90k-iops,"Seagate FireCuda 120 500GB 2.5\"" SATA SSD/Solid State Drive. Description: 500GB Seagate FireCuda 120, 2.5\"" SSD, TLC III 6Gb/s, 3D SATA NAND, Read 560MB/s, Write 540MB/s, 100k/90k IOPS",FireCuda 120,,SSD,,,500.0,,,SATA,SATA III,,,,,2.5-inch SATA,,,2.5-inch
products_1_7157697,Asus,Asus GeForce GTX 1660S 6GB A6G Strix Gaming 192Bit,"Kategori: Nvidia ekran kartı, Asus marka GeForce GTX1660 serisi; üretici kodu 90YV0DW1-M0NA00. 1408 CUDA çekirdeğine sahip. OC modunda 1830 MHz boost, gaming modunda normal GPU boost hızı 1800 MHz, GPU hızı ise 1530 MHz. 6 GB DDR6 bellek ve 192 bit bellek arayüzü bulunur. Low profile değil, fanlı soğutma sistemi kullanır. DirectX 12 ve OpenGL 4.6 desteği vardır. 1 x HDMI 2.0b, 1 x DVI-D ve 1 x DisplayPort 1.4 çıkışı sunar; VGA yoktur. HDCP/HDTV desteği var (HDCP 2.2). Arabirimi PCI Express 3.0’dır. Model linki: Üretici sayfası","3 544,36",TRY,1660929.0,https://www.ipekbilgisayar.net/asus-geforce-gtx-1660s-6gb-a6g-strix-gaming-192bit-pmu3795,Asus GeForce GTX 1660S 6GB A6G Strix Gaming 192Bit. Kategori: Nvidia Ekran KartMarka: AsusGrafik lemci: GeForce GTX1660 Serisiretici Kodu: 90YV0DW1-M0NA00CUDA ekirdei: 1408Grafik Hz: OC Modu - 1830 MHz (Boost Hz) Gaming Modu (Normal) - GPU Boost Hz : 1800 MHzGPU Hz : 1530 MHzGrafik Bellek: 6GBBellek Tipi: DDR6Bellek Arayz: 192 BitLow Profile: YokSoutma Sistemi: FanlDirectx Destei: Directx 12OpenGL Srm: OpenGL 4.6HDMI k: 1 x HDMI 2.0bDVI k: 1 x DVI-DVGA k: YokDisplay Port: 1 x DisplayPort 1.4HDCP/HDTV: Var (HDCP 2.2)Arabirim: PCI Express 3.0Model Link: retici Sayfas,GeForce GTX 1660S A6G Strix Gaming,90YV0DW1-M0NA00,GPU,GeForec GTX 1660,,,,,,,,,,,,DDR6,,
products_1_19558925,Nvidia,"Quadro GV100 VCQGV100-PB, 32GB HBM2, Graphics Card","UNMATCHED POWER. UNMATCHED CREATIVE FREEDOM.NVIDIA QUADRO GV100: REINVENTING THE WORKSTATION WITH REAL-TIME RAY TRACING AND AIAI, photo realistic rendering, simulation, and VR arc transforming professional workflows. Engineers can now create groundbreaking products faster. Architects can design buildings that could only have existed in their imaginations. And artists can render complex photorealistic scenes in seconds instead of hours. As applications continue to be enhanced with these technologies, professional computing tools need to keep pace.The NVIDIA Quadro GV100 is reinventing the workstation to meet the demands of these next-generation workflows. It’s powered by NVDIA Volta, delivering the extreme memory capacity, scalability, and performance that designers, architects, and scicntists need to create, build, and solve the impossible.Based on a state-of-the-art 12nm FFN (FinFET NVIDIA) high-performance manufacturing process customized for NVIDIA to incorporate 5120 CUDA cores, the Quadro GV100 GPU is the most powerful computing platform for HPC, AI, VR and graphics workloads on professional desktops. Able to deliver more than 7.4 TFLOPS of double-precision (FP64), 14.8 TFLOPS of single-precision (FP32), 29.6 TFLOPS of half-precision (FP16), 59.3 TOPS of integer-precision (INT8), and 118.5 TFLOPs of tensor operation capability, it supports a wide range of compute-intensive workloads flawlessly.New mixed-precision Tensor Cores purpose-built for deep learning matrix arithmetic, deliver an 8x boost in TFLOPS performance for training, compared to the previous generation. Quadro GV100 utilizes 640 Tensor Cores; each Tensor Core performs 64 floating point fused multiply-add (FMA) operations per clock, and each SM performs a total of 1024 individual floating point operations per clock","10 999,0",USD,1666880.0,https://www.avadirect.com/Quadro-GV100-VCQGV100-PB-32GB-HBM2-Graphics-Card/Product/12008838,"Quadro GV100 VCQGV100-PB, 32GB HBM2, Graphics Card. Description: UNMATCHED POWER. UNMATCHED CREATIVE FREEDOM.NVIDIA QUADRO GV100: REINVENTING THE WORKSTATION WITH REAL-TIME RAY TRACING AND AIAI, photo realistic rendering, simulation, and VR are transforming professional workflows. Engineers can now create groundbreaking products faster. Architects can design buildings that could only have existed in their imaginations. And artists can render complex photorealistic scenes in seconds instead of hours. As applications continue to be enhanced with these technologies, professional computing tools need to keep pace.The NVIDIA Quadro GV100 is reinventing the workstation to meet the demands of these next-generation workflows. It’s powered by NVDIA Volta, delivering the extreme memory capacity, scalability, and performance that designers, architects, and scientists need to create, build, and solve the impossible.Based on a state-of-the-art 12nm FFN (FinFET NVIDIA) high-performance manufacturing process customized for NVIDIA to incorporate 5120 CUDA cores, the Quadro GV100 GPU is the most powerful computing platform for HPC, AI, VR and graphics workloads on professional desktops. Able to deliver more than 7.4 TFLOPS of double-precision (FP64), 14.8 TFLOPS of single-precision (FP32), 29.6 TFLOPS of half-precision (FP16), 59.3 TOPS of integer-precision (INT8), and 118.5 TFLOPs of tensor operation capability, it supports a wide range of compute-intensive workloads flawlessly.New mixed-precision Tensor Cores purpose-built for deep learning matrix arithmetic, deliver an 8x boost in TFLOPS performance for training, compared to the previous generation. Quadro GV100 utilizes 640 Tensor Cores; each Tensor Core performs 64 floating point fused multiply-add (FMA) operations per clock, and each SM performs a total of 1024 individual floating point operations per clock",Quadro GV10,,GPU,Quadro GV100,,,,,,,,,,,,,,
products_1_3462060,Seagate,ST3000DM008 Seagate Barracuda 3TB 7.2K RPM SATA-6GBPS 64MB Buffer 3.5Inch Internal Hard Disk Drive. New Bulk Pack.,General Information:Manufacturer : SeagateManufacturer Part Number : ST3000DM008Product Type : Hard Disk Drive (HDD)Sub-Product Type : SATA-6GBPSProduct Line : BarracudaKey Features:Interface : SATA-6GBPSStorage Capacity : 3 TBDrive Dimensions : 3.5 INCHPerformance:Rotational Speed : 7200 RPMBuffer : 64 MB,232.08,USD,1693808.0,https://www.allhdd.com/hard-drive/sata-6gbps/3tb-7.2k-rpm/seagate-st3000dm008-nbp,ST3000DM008 Seagate Barracuda 3TB 7.2K RPM SATA-6GBPS 64MB Buffer 3.5Inch Internal Hard Disk Drive. New Bulk Pack.. Description: General Information:Manufacturer : SeagateManufacturer Part Number : ST3000DM008Product Type : Hard Disk Drive (HDD)Sub-Product Type : SATA-6GBPSProduct Line : BarracudaKey Features:Interface : SATA-6GBPSStorage Capacity : 3 TBDrive Dimensions : 3.5 INCHPerformance:Rotational Speed : 7200 RPMBuffer : 64 MB,Bzrrzcufa,,HDD,,,3000.0,,,,SATA III,,,,,3.5-inch SATA,,,
products_1_6850120,Samsung,Samsung 860 EVO 250GB 2.5 Inch SATA III Internal SSD (MZ-76E250B/AM),"Samsung 860 EVO solid state drive is the SSD to trust. Based on 3D VNAND flash, Samsung offers enhanced read/write performance, endurance and power management efficiency. With multiple form factors, the 860 EVO is ideal for mainstream PCs and laptops.Powered by Samsung V-NAND Technology. Optimized Performance for Everyday Computing. Enhanced Performance: Sequential Read/Write speeds up to 550MB/s and 520MB/s respectively. Ideal for mainstream PCs and laptops for personal, gaming and business use. Operating Temperature: 0 - 70 ℃ Operating Temperature.",74.89,USD,1704516.0,https://www.kool-heads.com/product/samsung-860-evo-250gb-2-5-inch-sata-iii-internal-ssd-mz-76e250b-am,"Samsung 860 EVO 250GB 2.5 Inch SATA III Internal SSD (MZ-76E250B/AM). Description: Samsung 860 EVO solid state drive is the SSD to trust. Based on 3D VNAND flash, Samsung offers enhanced read/write performance, endurance and power management efficiency. With multiple form factors, the 860 EVO is ideal for mainstream PCs and laptops.Powered by Samsung V-NAND Technology. Optimized Performance for Everyday Computing. Enhanced Performance: Sequential Read/Write speeds up to 550MB/s and 520MB/s respectively. Ideal for mainstream PCs and laptops for personal, gaming and business use. Operating Temperature: 0 - 70 ℃ Operating Temperature.",860 EVO,MZ-76E250B/AM,SSD,,,250.0 GB,,,,SATA III,,,,,2.5-inch SATA,,,2.5-inch
products_1_64204030,Gigabyte,Gigabyte GTX 1650 Windforce OC 4GB GPU/Graphics Card,"Powered by GeForce GTX 1650 Integrated with 4GB GDDR5 WINDFORCE 2X Cooling System with Alternate Spinning Fans Intuitive Controls with AORUS Engine 4GB 128-Bit GDDR5 3 x HDMI, 1 x DisplayPort PCI Express 3.0 x16Powered by GeForce GTX 1650 integrated with 4GB GDDR5. Windforce 2x cooling system with alternate spinning fans. Intuitive controls with AORUS engine. 4GB 128-bit GDDR5. 3 x HDMI, 1 x DisplayPort. Pci Express 3.0 x16.",0.17,BDT,1711337.0,https://www.orion-web.net/rnwp/1581/gigabyte-geforce-gtx-1650-windforce-oc-4g-graphics-card-2x-windforce-fans-4gb-128-bit-gddr5-gv-n1650wf2oc-4gd-video-card,"GIGABYTE GeForce GTX 1650 Windforce OC 4G Graphics Card, 2X Windforce Fans, 4GB 128-Bit GDDR5, Gv-N1650WF2OC-4GD Video Card. Description: Powered by GeForce GTX 1650 Integrated with 4GB GDDR5 WINDFORCE 2X Cooling System with Alternate Spinning Fans Intuitive Controls with AORUS Engine 4GB 128-Bit GDDR5 3 x HDMI, 1 x DisplayPort PCI Express 3.0 x16Powered by GeForce GTX 1650 integrated with 4GB GDDR5. Windforce 2x cooling system with alternate spinning fans. Intuitive controls with AORUS 4GB 128-bit GDDR5. 3 x HDMI, 1 x DisplayPort. Pci Express 3.0 x16.",GeForce GTX 1650 Windforce OC 4G,Gv-N1650WF2OC-4GD,GPU,GTX 1650,4.0,,,,PCI Express x16,,,,,,,GDDR5,,
products_1_53763929,Intenso,Intenso SSD SATA III High Performance - 240GB,"Solid state drive, 240 GB, inbyggd, 2.5\"", SATA 6Gb/s",547.05,SEK,1717489.0,https://www.proshop.se/SSD/Intenso-SSD-SATA-III-High-Performance-240GB/2628884,"Intenso SSD SATA III High Performance - 240GB. Description: Solid state drive, 240 GB, inbyggd, 2.5\"", SATA 6Gb/s",SSD SATA III High Performance,,SSD,,,240.0 GB,,,SATA,SATA III,,,,,2.5-inch SATA,,,2.5-inch
products_1_38109675,Asus,Asus Video Card TUF-GTX1650-O4GD6-GAMING GeForce GTX 1650 OC Gaming 4GB GDDR6 128Bit Retail,Asus Video Card TUF-GTX1650-O4GD6-GAMING GeForce GTX 1650 OC Gaming 4GB GDDR6 128Bit Retail,163.99,USD,1727997.0,https://www.thekeykey.com/detail/TUF-GTX1650-O4GD6-GAMING/?name=246950,Asus Video Card TUF-GTX1650-O4GD6-GAMING GeForce GTX 1650 OC Gaming 4GB GDDR6 128Bit Retail. Description: Asus Video Card TUF-GTX1650-O4GD6-GAMING GeForce GTX 1650 OC Gaming 4GB GDDR6 128Bit Retail,Video Card TUF-GTX1650-O4GD6-GAMING GeForce GTX 1650 OC Gaming,,GPU,GcForce GTX l650,,,,,,,,,,,,GDDR6,,
products_1_41744188,EVGa,EVGA GeForce RTX 2070 SUPER XC ULTRA GAMING Overclocked Dual-Fan 8GB GDDR6 PCIe 3.0 Graphics Card,"GeForce RTX 2070 SUPER XC ULTRA GAMING Overclocked Dual-Fan 8GB GDDR6 PCIe 3.0 Graphics Card. The NVIDIA GeForce RTX GPUs have reinvented graphics and set a new bar for performance. Powered by NVIDIA Turing GPU architecture and the revolutionary NVIDIA RTX platform, these graphics cards bring together real-time ray tracing, artificial intelligence, and programmable shading. This is not only a whole new way to experience games; this is the ultimate PC gaming experience.",549.99,USD,1734895.0,https://www.microcenter.com/product/609538/evga-geforce-rtx-2070-super-xc-ultra-gaming-overclocked-dual-fan?rf=PDP_altSell+%3E+Cross_Sell+%3E+Cross+Sell+Video+Cards+NVidia+GPU+Specific,"EVGA GeForce RTX 2070 SUPER XC ULTRA GAMING Overclocked Dual-Fan 8GB GDDR6 PCIe 3.0 Graphics Card. Description: GeForce RTX 2070 SUPER XC ULTRA GAMING Overclocked Dual-Fan 8GB GDDR6 PCIe 3.0 Graphics Card. The NVIDIA GeForce RTX GPUs have reinvented graphics and set a new bar for performance. Powered by NVIDIA Turing GPU architecture and the revolutionary NVIDIA RTX platform, these graphics cards bring together real-time ray tracing, artificial intelligence, and programmable shading. This is not only a whole new way to experience games; this is the ultimate PC gaming experience.",GeForce RTX 2070 SUPE R XC ULTRA GAMING,,GPU,GeForce RTX 2070 Super,"8,000 MB",,,,PCI Express x16,,,,,,,GDDR6,,
products_1_2115771,AMD,Radeon 6-mdp Wx 9100 16GB Hbm2 Pro Pci-e 3.0,"The Radeon Pro WX 9100 graphics card is based on AMD's cutting edge ""Vega"" GPU architecture,purpose-built to handle big data sets and a diverse range of computational workloads. The Radeon Pro WX 9100 offers up to 12.29 TFLOPS peak SPFP. This is tremendous compute power that can be used to speed up professional applications where high performance is paramount,from rendering video effects to visualizing complex simulations.",2563.73,R85,1736489.0,https://catalogue.mams.be/product/details/amd/audio--video--multimedia/100505957/84343214,"Radeon Pro Wx 9100 16GB Hbm2 6-mdp Pci-e 3.0. Description: The Radeon Pro WX 9100 graphics card is based on AMD's cutting edge ""Vega"" GPU architecture,purpose-built to handle big data sets and a diverse range of computational workloads. The Radeon Pro WX 9100 offers up to 12.29 TFLOPS peak SPFP. This is tremendous compute power that can be used to speed up professional applications where high performance is paramount,from rendering video effects to visualizing complex simulations.",Radeon Pro WX 9100,,GPU,Radeon Pro WX 9100,16.0 GB,,,,PCI Express x16,,,,,,,Hbm2,,
products_1_325545,,Seagate Backup Plus Hub STEL8000100 8 TB Desktop Hard Drive - External **,Hard drive 8 TB,308.0,USD,174280.0,http://www.ifix.com.vn/detail/backup-plus-hub-stel8000100-hard-drive-8-tb,Backup Plus Hub STEL8000100 - Hard drive - 8 TB. Description: Hard drive 8 TB,Backup Plus Hub,STEL8000100,HDD,,,8000000.0,,,,,,,,,,,,
products_1_75711589,Seagate,"Seagate 500GB 7.2K 3.5\"" 3G ST500DM002 SATA HDD Hard Drive","Specifications: Brand- Seagate Seagate Part Number(s)- ST500DM002 Capacity- 500GB Form Factor- 3.5\"" LFF Interface Type- SATA Data Transfer Rate- 3 Gbps Spindle Speed- 7,200 RPM Condition- This item is certified to be in Grade A condition, cosmetically perfect, and tested by our experts to be ready for use!Disclaimer: Pictures may not be an exact representation of the part.Return Policy:Not completely satisfied with your purchase? Give us a call within 30 days to take advantage of our complimentary 30-Day Guarantee!**Please note: some exclusions apply, see our full return policy here.Compatibility: Give us a call to find out more about compatiblity for this item!",49.99,USD,175411.0,https://www.globalcomputersales.com/products/st500dm002,"Seagate 500GB 7.2K 3.5\"" 3G ST500DM002 SATA HDD Hard Drive. Description: Specifications: Brand- Seagate Seagate Part Number(s)- ST500DM002 Capacity- 500GB Form Factor- 3.5\"" LFF Interface Type- SATA Data Transfer Rate- 3 Gbps Spindle Speed- 7,200 RPM Condition- This item is certified to be in Grade A condition, cosmetically perfect, and tested by our experts to be ready for use!Disclaimer: Pictures may not be an exact representation of the part.Return Policy:Not completely satisfied with your purchase? Give us a call within 30 days to take advantage of our complimentary 30-Day Guarantee!**Please note: some exclusions apply, see our full return policy here.Compatibility: Give us a call to find out more about compatiblity for this item!",,ST500DM002,HDD,,,,,,SATA,SATA III,,,,,"3.5"" LFF",,,
products_1_43653282,Zotac,"Zotac , Geforce Rtx 2060 Super, 8 Gb, Gddr6, 256 Bit, Pci Express",Boostable to 1710 MHz2176 CUDA CoresTuring Architecture8GB of GDDR6 VRAM,"2 284,01",N0K,1764621.0,https://pcdubai.com/product/zotac-gaming-geforce-rtx-2060-super-amp-extreme-8gb-256-bit-graphics-card-zt-t20610b-10p,Zotac Gaming GeForce RTX 2060 SUPER AMP Extreme 8GB 256-Bit Graphics Card | ZT-T20610B-10P. Description: Boostable to 1710 MHz2176 CUDA CoresTuring Architecture8GB of GDDR6 VRAM,Goming 6eForce RTX 2060 SUPER AMP Extreme,ZT-T20610B-10P,GPU,GeForce RTX 2060 Super,7.45 GiB,,,,,,,,,,,GDDR6,,
products_1_38874870,Asus,ASUS ROG STRIX AMD Radeon RX 5500XT Overclocked 8G,"Powered by AMD Radeon with PCI 4.0 performance, 1440p the ROG Strix RX 5500XT O8G Gaming Graphics Card features a reinforced frame, customizable Aura Sync RGB lighting, increased cooling performance from dual Axial-Tech fans and Max Contact technology.Axial-tech fan design features longer fan blade",354.95,CAD,1767558.0,https://www.choicecomputertechnologies.com/ASUS-ROG-STRIX-AMD-Radeon-RX-5500XT-Overclocked-8G,"ASUS ROG STRIX AMD Radeon RX 5500XT Overclocked 8G. Description: Powered by AMD Radeon™ with PCI 4.0 performance, 1440p the ROG Strix RX 5500XT O8G Gaming Graphics Card features a reinforced frame, customizable Aura Sync RGB lighting, increased cooling performance from dual Axial-Tech fans and Max Contact technology.Axial-tech fan design features longer fan blade",ROG STRIX AMD Radeon RX 5500XT Overclocked 8G,,6PU,Radeon RX 5500 XT,8.0 GB,,,,PCIe 4,,,,,,,,,
products_1_20960713,,"2TB Exos 7E2000 ST2000NX0433, 7200 RPM, SAS 12Gb/s, 512N, 128MB cache, 2.5-Inch HDD","2TB Exos 7E2000 ST2000NX0433, 7200 RPM, SAS 12Gb/s, 512N, 128MB cache, 2.5-Inch HDD",317.53,USD,1769206.0,https://www.avadirect.com/2TB-Exos-7E2000-ST2000NX0433-7200-RPM-SAS-12Gb-s-512N-128MB-cache-2-5-Inch-HDD/Product/10051657,"2TB Exos 7E2000 ST2000NX0433, 7200 RPM, SAS 12Gb/s, 512N, 128MB cache, 2.5-Inch HDD. Description: 2TB Exos 7E2000 ST2000NX0433, 7200 RPM, SAS 12Gb/s, 512N, 128MB cache, 2.5-Inch HDD",Exos 7E2000,ST2000NX0433,HDD,,,"2,000.0 GB",,,SAS,SAS,,,,,2.5-inch SATA,,,2.5-inch
products_1_46937084,Gigabyte,Gigabyte NVIDIA GeForce GT 1030 Silent Low Profile 2GB Video Card GV-N1030SL-2GL | PCByte,Powered by GeForce® GT 1030Integrated with 2GB GDDR5 64bit memoryBoost: 1468 MHz/ Base: 1227 passive in Gaming ModeLow profile design with MHz coolerOne-click overclocking via AORUS Graphics Engine,139.0,AUD,1772695.0,https://www.pcbyte.com.au/store/product/gigabyte-nvidia-geforce-gt-1030-silent-low-profile-2gb-video-card-gv-n1030sl-2gl-2720,Gigabyte NVIDIA GeForce GT 1030 Silent Low Profile 2GB Video Card GV-N1030SL-2GL | PCByte. Description: Powered by GeForce® GT 1030Integrated with 2GB GDDR5 64bit memoryBoost: 1468 MHz/ Base: 1227 MHz in Gaming ModeLow profile design with passive coolerOne-click overclocking via AORUS Graphics Engine,GeForce GT 1030 Silent Low Profile,GVN1030SL-2GL,GPU,GeForce GT 1,2.0 GB,,,,,,,,,,,GDDR,,Low profile
products_1_33615110,Seagate,Seagate Enterprise Capacity 3.5'' HDD 8TB 7200 RPM 4Kn SATA 6Gb/s 256MB Internal Hard Drive ST8000NM0045,Seagate Enterprise Capacity 3.5'' HDD 8TB 7200 RPM 4Kn SATA 6Gb/s 256MB Cache Internal Hard Drive ST8000NM0045,168.95,USD,177478.0,https://www.newegg.com/seagate-enterprise-capacity-3-5-st8000nm0045-8tb/p/N82E16822178842,Seagate Enterprise Capacity 3.5'' HDD 8TB 7200 RPM 4Kn SATA 6Gb/s 256MB Cache Internal Hard Drive ST8000NM0045. Description: Seagate Enterprise Capacity 3.5'' HDD 8TB 7200 RPM 4Kn SATA 6Gb/s 256MB Cache Internal Hard Drive ST8000NM0045,Enterprise Capacity 3.5'' HDD,,HDD,,,8000000.0,,,SATA,,,,,,3.5-inch SATA,,,
products_1_6173344,Seagate Technology,ST2000NM0033 Seagate Constellation 2TB 7.2K RPM 3.5INCH 128MB Buffer SATA 6.0GBPS Enterprise Hard Disk Drive. Refurbished.,"PRODUCT DETAILManufacturer: SeagateManufacturer Part Number: ST2000NM0033Type : Hard Disk Drive (HDD)Sub-Type : SATA-6GBPSProduct Line : Constellation Es.3Specifications:Cache : 128MBDevice Type :Hard Drive - InternalCapacity :2 TBForm Factor :3.5 X 1/3hInterface :Serial ATA-600Buffer Size :128 MbBytes Per Sector :512Features: Enhanced Error Correction Code, Ramp Load, Dual Processor, PowerchoicePerformance:Drive Transfer Rate :600 MBPSInternal Data Rate :175 MBPSAverage Latency :4.16 MSSpindle Speed :7200 RPM",73.96,USD,1777197.0,https://www.allhdd.com/hard-drive/sata-6gbps/2tb-7.2k-rpm/seagate-st2000nm0033-rfb,"ST2000NM0033 Seagate Constellation 2TB 7.2K RPM 3.5INCH 128MB Buffer SATA 6.0GBPS Enterprise Hard Disk Drive. Refurbished.. Description: PRODUCT DETAILManufacturer: SeagateManufacturer Part Number: ST2000NM0033Type : Hard Disk Drive (HDD)Sub-Type : SATA-6GBPSProduct Line : Constellation Es.3Specifications:Cache : 128MBDevice Type :Hard Drive - InternalCapacity :2 TBForm Factor :3.5 X 1/3hInterface :Serial ATA-600Buffer Size :128 MbBytes Per Sector :512Features: Enhanced Error Correction Code, Ramp Load, Dual Processor, PowerchoicePerformance:Drive Transfer Rate :600 MBPSInternal Data Rate :175 MBPSAverage Latency :4.16 MSSpindle Speed :7200 RPM",Es.3 Constellation,ST2000NM0033,,,,,,,SATA,,,,,,3.5-inch SATA,,,3.5-inch
products_1_20919659,Gigabyte,Gigabyte Geforce RTX 2060 OC 2x WindForce 6GB 192-Bit GDDR6 Graphics Card | GV-N2060OC-6GD,"Powered by GeForce RTX 2060NVIDIA Turing Architechure & Real Time Ray TracingWINDFORCE 2X Cooling System with Alternate Spinning FansIntuitive Controls with AORUS EngineCore Clock 1755 MHz6GB 192-Bit GDDR61 x HDMI, 3 x DisplayPortPCI Express 3.0 x16","1,841.94",AED,1788669.0,https://pcdubai.com/product/gigabyte-geforce-rtx-2060-oc-2x-windforce-6gb-192-bit-gddr6-graphics-card-gv-n2060oc-6gd,"Gigabyte Geforce RTX 2060 OC 2x QindForce 6GB 192-Bit GDDR6 Graphics Card | GV-N2060OC-6GD. Description: Powered by GeForce RTX 2060NVIDIA Turing Architechure & Real Time Ray TracingWINDFORCE 2X Cooling Systdm with Alternate Spinning FansIjtuitive Controls with AORUS EngineCore Clock 1755 MHz6GB 192-Bit GDDR61 x HDMI, 3 x DisplayPortPCI Express 3.0 x16",Geforce RTX 2060 OC 2x WindForce,,,,,,,,PCI Express x16,,,,,,,,,
products_1_60294267,Kingston,"Kingston KC600 2.5\"" 512GB SATA III Solid State Drive",Real buy SSD with a capacity of 512GB With Super Fluid performance due to it's SATA III interface and super Quick 550Mbps read speed .,62.11,68P,17920.0,https://www.cclonline.com/product/299618/SKC600/512G/Solid-State-Drives-SSDs-/Kingston-KC600-512GB-2-5-inch-SATA-III-Internal-Solid-State-Drive/SSD1073,"Kingston KC600 2.5\"" 512GB SATA III Solid State Drive. Description: Real buy SSD with a capacity of 512GB With Super Fluid performance due to it's SATA III interface and super Quick 550Mbps read speed .",KC600,,SSD,,,512.0,,,SATA,,,,,,2.5-inch SATA,,,
products_1_92869360,,"Seagate BarraCuda 8TB 3.5\"" SATA HDD/Hard Drive","8TB Seagate ST8000DM004, BarraCuda 3.5\"" HDD, SATA III 6Gb/s, 5400rpm, 256MB Cache, ",187.99,GBP,179287.0,https://www.scan.co.uk/products/8tb-seagate-barracuda-st8000dm004-35-hdd-sata-iii-6gb-s-5400rpm-256mb-cache-oem,"Seagate BarraCuda 8TB 3.5\"" SATA HDD/Hard Drive. Description: 8TB Seagate ST8000DM004, BarraCuda 3.5\"" HDD, SATA III 6Gb/s, 5400rpm, 256MB Cache, OEM",BarraCuda,ST8000DM004,HDD,,,7450.58 GiB,,,SATA,,,,,,,,,3.5-inch
products_1_30690945,Western Digital,WD20PURZ Western Digital Purple 2TB 5.4K RPM SATA-6GBPS 64MB Buffer 3.5 Inch Internal Surveillance Hard Disk Drive. New Retail Factory Sealed With Full Manufacturer Warranty.,GENERAL INFORMATIONManufacturer: Western Digital Corporation Manufacturer Part Number: WD20PURZType : Hard Disk Drive (HDD)Sub-Type : SATA-6GBPSProduct Line: WD Purple Product Name: WD Purple 2TB Hard Drive KEY FEATURESCapacity : 2 TB Interface : 6GBPS SATADrive Dimensions : 3.5 INCH Spindle Speed : 5400 RPM Buffer : 64 MB PHYSICALDimensions (L X W X H) : 147.0 X 101.6 X 26.1 MM Weight : 640 G,79.0,USD,179529.0,https://www.allhdd.com/hard-drive/sata-6gbps/2tb-5.4k-rpm/western-digital-wd20purz-nrfs,WD20PURZ Western Digital Purple 2TB 5.4K RPM SATA-6GBPS 64MB Buffer 3.5 Inch Internal Surveillance Hard Disk Drive. New Retail Factory Sealed With Full Manufacturer Warranty.. Description: GENERAL INFORMATIONManufacturer: Western Digital Corporation Manufacturer Part Number: WD20PURZType : Hard Disk Drive (HDD)Sub-Type : SATA-6GBPSProduct Line: WD Purple Product Name: WD Purple 2TB Hard Drive KEY FEATURESCapacity : 2 TB Interface : 6GBPS SATADrive Dimensions : 3.5 INCH Spindle Speed : 5400 RPM Buffer : 64 MB PHYSICALDimensions (L X W X H) : 147.0 X 101.6 X 26.1 MM Weight : 640 G,WD Purple 2TB Hard Drive,WD20PURZ,HDD,,,,,,SATA,SATA III,,,,,3.5 Inch,,,3.5-inch
products_1_77093147,Kingston,Pendrive Kingston Mini Flash Drive DTMC3/32GB,Pen Drive 32GB DataTravelcr Miero USB 3.0/3.1,9.54,EUR,1797490.0,https://mir-informatica.com/perifericos/21454-DTMC3-32GB.html,Pendrive Kingston Mini Flash Drive DTMC3/32GB. Description: Pen Drive 32GB DataTraveler Micro USB 3.0/3.1,DataTraveler Micro USB 3.1,DTMC3/32GB,USB_STICK,,,32.0,,,USB 3.0,USB,,,,,USB,,,
products_1_84127875,Seagate,ST8000NM0055 Seagate Enterprise Capacity V.5 8TB 7.2K RPM SATA-6GBPS 256MB Buffer 512E 3.5inch Hard Disk Drive. New Retail Factory Sealed With Full Manufacturer Warranty.,"PRODUCT OVERVIEW:Manufacturer : SeagateManufacturer Part Number : ST8000NM0055Type : Hard Disk Drive (HDD)Sub-Type : SATA-6GBPSProduct line : Enterprise Capacity v.5Product name : Enterprise Capacity v.5 8TB Hard drive.BEST-FIT APPLICATIONS :Hyperscale applicationsHigh-capacity raid storageMainstream enterprise external storage arrays (SAN, NAS, DAS)Cloud data centers—replicated bulk data storageEnterprise backup and restore—D2D, virtual tapeCentralized surveillanceKey Features:Storage capacity : 8 TBEnclosure : internalInterface : SATA-6GBPSBytes per sector : 512eDrive dimensions : 3.5 inchMTBF : 2 million hoursHumidity sensor : YesSuper parity : YesLow halogen : YesPowerchoice technology : YesAdvanced write caching (2M internal nor flash) : YesDrive Performance:Max. Sustained transfer rate OD : 237 MBPSRandom read—16QD WCE (IOPS) : 164Random write—16QD WCE (IOPS): 342Average latency : 4.16 MSInterface ports : SingleRotation Vibration  1500 HZ (RAD/S²): 12.5Buffer : 256 MBRotational speed : 7200 RPM",279.67,USD,1811932.0,https://www.allhdd.com/hard-drive/sata-6gbps/8tb-7.2k-rpm/seagate-st8000nm0055-nrfs,"ST8000NM0055 Seagate Enterprise Capacity V.5 8TB 7.2K RPM SATA-6GBPS 256MB Buffer 512E 3.5inch Hard Disk Drive. New Retail Factory Sealed With Full Manufacturer Warranty.. Description: PRODUCT OVERVIEW:Manufacturer : SeagateManufacturer Part Number : ST8000NM0055Type : Hard Disk Drive (HDD)Sub-Type : SATA-6GBPSProduct line : Enterprise Capacity v.5Product name : Enterprise Capacity v.5 8TB Hard drive.BEST-FIT APPLICATIONS :Hyperscale applicationsHigh-capacity raid storageMainstream enterprise external storage arrays (SAN, NAS, DAS)Cloud data centers—replicated bulk data storageEnterprise backup and restore—D2D, virtual tapeCentralized surveillanceKey Features:Storage capacity : 8 TBEnclosure : internalInterface : SATA-6GBPSBytes per sector : 512eDrive dimensions : 3.5 inchMTBF : 2 million hoursHumidity sensor : YesSuper parity : YesLow halogen : YesPowerchoice™ technology : YesAdvanced write caching (2M internal nor flash) : YesDrive Performance:Max. Sustained transfer rate OD : 237 MBPSRandom read—16QD WCE (IOPS) : 164Random write—16QD WCE (IOPS): 342Average latency : 4.16 MSInterface ports : SingleRotation Vibration @ 1500 HZ (RAD/S²): 12.5Buffer : 256 MBRotational speed : 7200 RPM",Enterprise Capacity V.5,,HDD,,,,,,,,,,,,3.5 inch,,,3.5-inch
products_1_52172790,Zotac,Zotac NVIDIA GeForce RTX 2080 SUPER 8GB AMP Turing Graphics Card,"Zotac GeForce RTX 2080 SUPER AMP 8GB GDDR6 Ray-Tracing Graphics Card, 3072 Core, 1650MHz GPU, 1845MHz Boost",706.99,AED,1814777.0,https://www.scan.co.uk/products/zotac-geforce-rtx-2080-super-amp-8gb-gddr6-ray-tracing-graphics-card-3072-core-1650mhz-gpu-1845mhz-b,"Zotac NVIDIA GeForce RTX 2080 SUPER 8GB AMP Turing Graphics Card. Description: Zotac SUPER RTX 2080 GeForce AMP 8GB GDDR6 Ray-Tracing Graphics Card, 3072 Core, 1650MHz GPU, 1845MHz Boost",GeForce RTX 2080 SUPER AMP,,GPU,GeForce RTX 2080,8.0 GB,,,,,,,,,,,GDDR6,,
products_1_14210025,,250GB SSD 860 EVO SAMSUNG,"SAMSUNG 860 EVO Series 2.5\"" 250GB SATA III 3D NAND Internal Solid State Drive",118.25,AUD,181620.0,https://www.aaapcparts.com.au/shop/hardware/hdd-harddrives-storage/ssd-storage/250gb-samsung-860-evo-ssd,"250GB SAMSUNG 960 EVO SSD. Drscription: SAMSUNG 860 EVO Series 2.5\"" 250GB SAYA III 3D NAND Internal Solid State Drive",,,,,,250.0 GB,,,XZ5A,SATA III,,,,,,,,2.5-iNch
products_1_17291157,MSI,Graphics Card|MSI|NVIDIA GeForce GTX 1660|6 GB|192 bit|PCIE 3.0 16x|GDDR5|GPU 1830 MHz|Dual Slot Fansink|1xHDMI|3xDisplayPort|GTX1660VENTUSXS6GOC,Graphics Card|MSI|NVIDIA GeForce GTX 1660|6 GB|192 bit|PCIE 3.0 16x|GDDR5|GPU 1830 MHz|Dual Slot Fansink|1xHDMI|3xDisplayPort|GTX1660VENTUSXS6GOC,231.69,SIF,18321.0,https://shop.selenal.lv/65486/graphics-cardmsinvidia-geforce-gtx-16606-gb192-bitpcie-30-16xgddr5gpu-1830-mhzdual-slot-fan,Graphics Card|MSI|NVIDIA GeForce GTX 1660|6 GB|192 bit|PCIE 3.0 16x|GDDR5|GPU 1830 MHz|Dual Slot Fansink|1xHDMI|3xDisplayPort|GTX1660VENTUSXS6GOC. Description: Graphics Card|MSI|NVIDIA GeForce GTX 1660|6 GB|192 bit|PCIE 3.0 16x|GDDR5|GPU 1830 MHz|Dual Slot Fansink|1xHDMI|3xDisplayPort|GTX1660VENTUSXS6GOC,GTX 1660 VENTUS XS 6G OC,,GPU,,6000.0,,,,PCI Express x16,,,,,,,GDDR5,,
products_1_97046372,Western Digital,WD_BLACK P10 Game Drive WDBA2W0020BBK - hard drive - 2 TB - USB 3.2 Gen 1,"Portable storage for your coveted game collectionThe WD_BLACK P10 Game Drive gives your console or PC the performance-enhancing tools it needs to keep your competitiveedge. Its a top-tier external HDD in capacities up to 5TB, built specifically for gamers looking to expand thepotential of their console or PC by saving their game library in an on-the-go form factor. Now, with WD_BLACK P10 GameDrive, you can drive your game the way you choose.",86.77,USD,184010.0,https://m.cdwg.com/product/wd-black-p10-game-drive-wdba2w0020bbk-hard-drive-2-tb-usb-3.2-gen-1/5845079,"WD_BLACK P10 Game Drive WDBA2W0020BBK - hard drive - 2 TB - USB 3.2 Gen 1. Description: Portable storage for your coveted game collectionThe WD_BLACK P10 Game Drive gives your or PC the performance-enhancing tools it needs to keep your competitiveedge. Its a top-tier external HDD in capacities up to 5TB, built specifically for gamers looking to expand thepotential of their console or PC by saving their game library in an on-the-go form factor. Now, with WD_BLACK P10 GameDrive, you can drive your game the way you choose.",P10 Game Driv,WDBA2W0020BBK,,,,"1,862.65 GiB",,,USB 3.0,,,,,,,,,
products_1_10892042,Seagate,Seagate FireCuda 520 SSD NVMe PCIe 4.0 - 2TB SSD - 2 TB - M.2 2280 (80mm) - PCI Express 4.0 x4 (NVMe),"SSD (Solid state drive), 2 TB, intern, Datahastighed: 5000 MBps (læs) / 4400 MBps (skriv), IOPS: 750000 (læs) / 700000 (skriv), M.2 2280 (80mm), PCI-Express 4.0 x4 NVMe 1.3 (Non-Volatile Memory Express), TCG Pyrite Encryption - Phison E12 Controller","3 343,0",DKK,1848446.0,https://www.merlin.dk/SSD/Seagate-FireCuda-520-SSD-NVMe-PCIe-40-2TB-SSD-2-TB-M2-2280-80mm-PCI-Express-40-x4-NVMe/2811686,"Seagate FireCuda 520 SSD NVMe PCIe 4.0 - 2TB SSD - 2 TB - M.2 2280 (80mm) - PCI Express 4.0 x4 (NVMe). Description: SSD (Solid state drive), 2 TB, intern, Datahastighed: 5000 MBps (læs) / 4400 MBps (skriv), IOPS: 750000 (læs) / 700000 (skriv), M.2 2280 (80mm), PCI-Express 4.0 x4 NVMe 1.3 (Non-Volatile Memory Express), TCG Pyrite Encryption - Phison E12 Controller",FireCuda 520,,ZDF,,,,,,,HVJr,,,,,M.2,,,
products_1_2465164,,"GeForce® GTX 1660 XC Black GAMING, 1530 - 1785MHz, 6GB GDDR5, Graphics Card","GeForce® GTX 1660 XC Black GAMING, 1530 - 1785MHz, 6GB GDDR5, Graphics Card",227.6,,184950.0,https://www.avadirect.com/GeForce-GTX-1660-XC-Black-GAMING-1530-1785MHz-6GB-GDDR5-Graphics-Card/Product/12653208,"GeForce® GTX 1660 XC Black GAMING, 1530 - 1785MHz, 6GB GDDR5, Graphics Card. Description: GeForce® GTX 1660 XC Black GAMING, 1530 - 1785MHz, 6GB GDDR5, Graphics Card",GeForce® GTX 1660 XC Black GAMING,,GPU,,6.0,,,,,,,,,,,,,
products_1_10781098,Asus,Asus ROG Strix GeForce RTX 2070 SUPER 8GB GDDR6 with powerful cooling and a super performance Graphics Card - Black | 90YV0DI2-M0NA00,GeForce RTX 2070 Super 8GB GDDR6 Memory Clock 1770 MHz | OC Clock 1800 MHz 2x DisplayPort | 2x HDMI | 1x USB Type-C,"2,675.0",AED,185643.0,https://pcdubai.com/product/asus-rog-strix-geforce-rtx-2070-super-8gb-gddr6-with-powerful-cooling-and-a-super-performance-graphics-card-black-90yv0di2-m0na00,Asus ROG Strix GeForce RTX 2070 SUPER 8GB GDDR6 with powerful cooling and a super performance Graphics Card - Black | 90YV0DI2-M0NA00. Description: GeForce RTX 2070 Super 8GB GDDR6 Memory Clock 1770 Megahertz | OC Clock 1800 MHz 2x DisplayPort | 2x HDMI | 1x USB Type-C,ROG Strix GeForce RTX 2070 SUPER,90YV0DI2-M0NA00,GPU,,,,,,,,,,,,,,,
products_1_8333161,ADATA,ADATA SSD 256GB XPG SX8200 Pro PCIe Gen3x4 M.2 2280 (R:3500/W:3000 MB/s),"XPG SX8200 Pro PCIe Gen3x4 M.2 2280 Solid State Drive The SX8200 Pro M.2 2280 SSD is XPG’s fastest SSD to date and is designed for avid PC enthusiasts, gamers, and overclockers. It features an ultra-fast PCIe Gen3x4 interface that offers peak read/write speeds of 3500/3000MB per second, outpacing SATA 6Gb/s by a wide margin. Supporting NVMe 1.3, the SX8200 Pro delivers excellent random read/write performance and multi-tasking capabilities. With SLC caching, a DRAM Cache buffer, E2E Data Protection, and LDPC ECC, it maintains high speeds and data integrity, even during highly intensive applications such as gaming rendering, and overclocking.FeaturesUltra-fast PCIe Gen3x4 interface: R/W speed up to 3500/3000MB/sNVMe 1.3 support3D NAND Flash for higher capacity and durabilityAdvanced LDPC ECC Technology SLC Caching and DRAM cache buffer E2E Data Protection and RAID Engine Compact M.2 2280 form factor – ideal for gaming and high-end desktopsTECHNICAL SPECIFICATIONSPart No. ASX8200PNP-256GT-CEAN 4713218469441Capacity 256GBNAND Flash 3D TLCInterface PCIe Gen3x4Form Factor M.2 2280MTBF 2,000,000 hoursPower Consumption 0.33W Active (Typical),0.14W Slumber (Typical) (*measured by power meter)Operating Temperature 0°C~70°CStorage Temperature -40°C~85°CShock Resistance 1500G/0.5msCertifications RoHS, CE, FCC, BSMI, VCCI, KCDimensions (L x W x T) 22 x 80 x 3.5 mmWeight 8gWarranty 5 years.",53.0,AUD,1856741.0,https://shop-it.vektra.sk/adata-ssd-256gb-xpg-sx8200-pro-pcie-gen3x4-m-2-2280-r-3500-w-3000-mb-s,"ADATA SSD 256GB XPG SX8200 Pro PCIe Gen3x4 M.2 2280 (R:3500/W:3000 MB/s). Description: XPG SX8200 Pro PCIe Gen3x4 M.2 2280 Solid State Drive The SX8200 Pro M.2 2280 SSD is XPG’s fastest SSD to date and is designed for avid PC enthusiasts, gamers, and overclockers. It features an ultra-fast PCIe Gen3x4 interface that offers peak read/write speeds of 3500/3000MB per second, outpacing SATA 6Gb/s by a wide margin. Supporting NVMe 1.3, the SX8200 Pro delivers excellent random read/write performance and multi-tasking capabilities. With SLC caching, a DRAM Cache buffer, E2E Data Protection, and LDPC ECC, it maintains high speeds and data integrity, even during highly intensive applications such as gaming rendering, and overclocking.FeaturesUltra-fast PCIe Gen3x4 interface: R/W speed up to 3500/3000MB/sNVMe 1.3 support3D NAND Flash for higher capacity and durabilityAdvanced LDPC ECC Technology SLC Caching and DRAM cache buffer E2E Data Protection and RAID Engine Compact M.2 2280 form factor – ideal for gaming and high-end desktopsTECHNICAL SPECIFICATIONSPart No. ASX8200PNP-256GT-CEAN 4713218469441Capacity 256GBNAND Flash 3D TLCInterface PCIe Gen3x4Form Factor M.2 2280MTBF 2,000,000 hoursPower Consumption 0.33W Active (Typical),0.14W Slumber (Typical) (*measured by power meter)Operating Temperature 0°C~70°CStorage Temperature -40°C~85°CShock Resistance 1500G/0.5msCertifications RoHS, CE, FCC, BSMI, VCCI, KCDimensions (L x W x T) 22 x 80 x 3.5 mmWeight 8gWarranty 5 years.",XPG 256G SX8200 Pro,ASX8200PNP-256GT-CE,SSD,,,238.42,"3,500.0 MB/s",3000.0,PCI Express x4,NVMe,22.0,80.0,3.5,8.0,M.2,,,M.2 22BO
products_1_1080849,Kingston,"Kingston 32GB USB 3.0 Data Traveler 50, 110MB/s Read, 15MB/s Write (DT50/32GB)","32GB USB 3.0 Data Traveler 50, 110MB/s Read, 15MB/s Write (DT50/32GB). DataTraveler 50 is a lightweight USB Flash dRive available in capacities from 8GB to 128GB. The drives compact, capless design features a metal casing that complements any compatible device and colourful accents that range by drive capacity.",4.99,ZAR,1856804.0,"https://www.microcenter.com/product/606496/kingston-32gb-usb-30-data-traveler-50,-110mb-s-read,-15mb-s-write-(dt50-32gb)","Kingston 32GB USB 3.0 Data Traveler 50, 110MB/s Read, 15MB/s Write (DT50/32GB). Description: 32GB USB 3.0 Data Traveler 50, 110MB/s Read, 15MB/s Write (DT50/32GB). DataTraveler 50 is a lightweight USB Flash drive available in capacities from 8GB to 128GB. The drives compact, capless design features a metal casing that complements any compatible device and colourful accents that range by drive capacity.",DataTraveler® 50,DT50/32GB,USB_STICK,,,32.0,0.11,15.0,USB 3.0,,,,,,,,,
products_1_62680921,Samsung,Samsung 860 EVO Series SSD 250GB,Samsung 860 EVO MZ-N6E250BW - Solid state drive - gecodeerd - 250 Gigabyte - intern - M.2 2280 - SATA 6Gb/s -buffer: 512 MB - 256-bits AES - TCG Opal Encryption 2.0,59.9,EUR,187372.0,https://cdm-it.nl/randapparatuur/samsung-mz-n6e250bw.html,Samsung 860 EVO Series SSD 250GB. Description: Samsung 860 EVO MZ-N6E250BW - Solid state drive - gecodeerd - 250 GB - intern - M.2 2280 - SATA 6Gb/s -buffer: 512 MB - 256-bits AES - TCG Opal Encryption 2.0,860 EVO line,MZ-N6E250BW,SSD,,,,,,SATA,,,,,,,,,
products_1_62817036,Gigabyte,"Gigabyte GP-GSTFS31100TNTD 1TB SATA 2.5\"" SSD Solid State Drive","Gigabyte| SATA6.0Gb/s Int.SSD| 2.5\\\""| 1TB| Read: up to 550MB/s(75k IOPs)| Write: up to 500MB/s(85k IOPs)| 3D NAND Flash|3 Years Limited Warranty",154.0,AUD,18879.0,https://www.skycomp.com.au/gigabyte-gp-gstfs31100tntd-1tb-sata-25-ssd-solid-state-drive-754756.html,"Gigabyte GP-GSTFS311O0TNTD 1TB SATA 2.5\"" SSD Solid State Drive. Description: Gigabyte| SATA6.0Gb/s Int.SSD| 2.5\\\""| 1TB| Rcad: up to 550MB/s(75k IOPs)| Write: up to 500MB/s(85k IOPs)| 3D NAND Flash|3 Years Limited Warranty",,GP-GSTFS31100TNTD,WXC,,,,,500.0,XSRA,SATA III,,,,,"2.5""",,,2.5-inch
products_1_48525870,Silicon Power,SSD M.2 Silicon Power 1TB (3400MBps/3000MBps),"BrandSilicon PowerSeriesP34A80ModelSP001TBP34A80M28Device TypeInternal Solid State Drive (SSD)Used ForConsumerDetailsForm FactorM.2 2280Capacity1TBMemory ComponentsTLCInterfacePCI-Express 3.0 x4PerformanceMax Sequential ReadUp to 3400 MBpsMax Sequential WriteUp to 3000 MBpsMTBF2,000,000 hoursFeaturesFeaturesSuper-fast PCIe Gen3 x4 interface for read/write speeds of up to 3,200 MB/s / 3,000 MB/s NVMe 1.3 support RAID engine for enhanced data integrity Slim form factor M.2 2280 (80mm) for perfect fit in slim and portable mobile applications or desktop PCsEnvironmentalOperating Temperature0°C ~ +70°CMax Shock Resistance1500G / 0.5 msDimensions & WeightHeight3.50mmWidth22.00mmDepth80.00mmWeight8.00gAdditional InformationDate First AvailableJanuary 04, 2019","1 304,99",BR L,1902459.0,https://www.performancesolutions.com.br/y7kyl9sc4-ssd-m2-silicon-power-2tb-3400mbps3000mbps,"SSD M.2 Silicon Power 1TB (3400MBps/3000MBps). Description: BrandSilicon PowerSeriesP34A80ModelSP001TBP34A80M28Device TypeInternal Solid State Drive (SSD)Used ForConsumerDetailsForm FactorM.2 2280Capacity1TBMemory ComponentsTLCInterfacePCI-Express 3.0 x4PerformanceMax Sequential ReadUp to 3400 MBpsMax Sequential WriteUp to 3000 MBpsMTBF2,000,000 hoursFeaturesFeaturesSuper-fast PCIe Gen3 x4 interface for read/write speeds of up to 3,200 MB/s / 3,000 MB/s NVMe 1.3 support RAID engine for enhanced data integrity Slim form factor M.2 2280 (80mm) for perfect fit in slim and portable mobile applications or desktop PCsEnvironmentalOperating Temperature0°C ~ +70°CMax Shock Resistance1500G / 0.5 msDimensions & WeightHeight3.50mmWidth22.00mmDepth80.00mmWeight8.00gAdditional InformationDate First AvailableJanuary 04, 2019",P34A80,SP001TBP34A80M28,SSD,,,1000000.0,3.40 GB/s,3 GB/s,PCI Express x4,,22.0,80.0,3.5,8.0,M.2,,,M.2 2280
products_1_7567487,Kingston,PEN DRIVE 16GB KINGSTON USB 3.0 DTIG4/16GB,"PEN DRIVE 16GB KINGSTON USB 3.0 DTIG4/16GB DataTraveler Chiavetta USB 16 GB, Bianco Blu",r.9e,EUR,1915191.0,https://serenoshop.com/p/pen-drive-16gb-kingston-usb-3-0-dtig4-16gb,"Kingston DataTraveler DTIG4/16GB pen drive with 16GB capacity and USB 3.0. Description: 16 GB USB flash drive, white and blue.",DataTraveler,,USB_STICK,,,14.90 GiB,,,USB 3.0,,,,,,,,Bianco Blu,
products_1_73060691,Lexar,Lexar JumpDrive S57 USB 3.0 flash drive 128GB,"Stores and transfers content quickly with SuperSpeed USB 3.0 technologySlim design with protective sliding coverColorful capacity optionsReliably stores and transfers photos, videos, files and moreCompatible with PC and Mac systemsBackwards compatible with USB 2.0 devicesFast file transfer with USB 3.0 technology.The high-performance Lexar JumpDrive S57 USB 3.0 flash drive allows you to quickly and securely transfer photos, videos, and files with a transfer speed up to 150MB/s. The drive is available in a range of capacities and colours. The drive is backwards compatible with USB 2.0 devices.Quickly store and transfer content.With a busy life on the go and so much to do, the last thing you want is to spend extra time waiting for your files to transfer. The high-performance Lexar JumpDrive S57 USB 3.0 flash drive offers a read transfer speed up to 150MB/s. For added versatility, the drive is backwards compatible with USB 2.0 devicesDesigned for convenience.Beyond its performance and good looks, JumpDrive S57 is designed for convenience. It has a slim design and an integrated sliding cover to safely protect the drive and its contents.Store more of what matters.The drive is available in a wide range of high-capacity options up to 256GB, opening up a world of storage possibilities and allowing you to store more of what matters.Colorful style.JumpDrive S57 comes in a range of colourful capacity options—16GB in yellow, 32GB in green, 64GB in purple, 128GB in teal, and 256GB in orange—providing a great colour coding system to help you organize your drives and their contents.",36.49,AUD,1917119.0,https://www.ozgameshop.com/usb-flash/lexar-jumpdrive-s57-usb-3-0-flash-drive-128gb,"Lexar JumpDrive S57 USB 3.0 flash drive 128GB. Description: Stores and transfers content quickly with SuperSpeed USB 3.0 technologySlim design with protective sliding coverColorful capacity optionsReliably stores and transfers photos, videos, files, and moreCompatible with PC and Mac systemsBackwards compatible with USB 2.0 devicesFast file transfer with USB 3.0 technology.The high-performance Lexar JumpDrive S57 USB 3.0 flash drive allows you to quickly and securely transfer photos, videos, and available with a transfer speed up to 150MB/s. The drive is files in a range of capacities and colours. The drive is backwards compatible with USB 2.0 devices.Quickly store and transfer content.With a busy life on the go and so much to do, the last thing you want is to spend extra time waiting for your files to transfer. The high-performance Lexar JumpDrive S57 USB 3.0 flash drive offers a read transfer speed up to 150MB/s. For added versatility, the drive is backwards compatible with USB 2.0 devicesDesigned for convenience.Beyond its performance and good looks, JumpDrive S57 is designed for convenience. It has a slim design and an integrated sliding cover to safely protect the drive and its contents.Store more of what matters.The drive is available in a wide range of high-capacity options up to 256GB, opening up a world of storage possibilities and allowing you to store more of what matters.Colorful style.JumpDrive S57 comes in a range of colourful capacity options—16GB in yellow, 32GB in green, 64GB in purple, 128GB in teal, and 256GB in orange—providing a great colour coding system to help you organize your drives and their contents.",JumpDrive S57,,USB_STICK,,,128.0,,,US8 3.O,,,,,,,,teal,
products_1_818259,Gigabyte,GIGABYTE AORUS NVMe Gen4 SSD - 2TB,"SSD (Solid state drive), 2 TB, internal, Data Rate: 5000 MBps (read) / 4400 MBps (write), IOPS: 750000 (read) / 700000 (write), 2GB DDR4 cache, M.2 2280 (80mm), PCI-Express 4.0 x4 NVMe 1.3 (Non-Volatile Memory Express) - Phison PS5016-E16 Controller",511.78,EUR,1925591.0,https://www.proshop.at/SSD/GIGABYTE-AORUS-NVMe-Gen4-SSD-2TB/2777528,"GIGABYTE AORUS NVMe Gen4 SSD - 2TB. Description: SSD (Solid state drive), 2 TB, internal, Data Rate: 5000 MBps (read) / 4400 MBps (write), IOPS: 750000 (read) / 700000 (write), 2GB DDR4 cache, M.2 2280 (80mm), PCI-Express 4.0 x4 NVMe 1.3 (Non-Volatile Memory Express) - Phison PS5016-E16 Controller",AORUS NVMe Gen4 SSD,,SSD,,,,"5,000.0 MB/s",,PCI Express x4,NVMe,,,,,,,,
products_1_1546263,,seagate Backup Plus Slim 2TB Mobile External Hard Drive in Black,Modern Black mobile external drive in addition to massive 2TB disk space featuring quick USB 3.0 connectivity,72.96,GBP,192564.0,https://www.cclonline.com/product/271435/STHN2000400/External-Storage/Seagate-Backup-Plus-Slim-2TB-USB-3-0-Portable-Hard-Drive-External-Black-/BAK7702,Seagate Backup Plus Slim 2TB Mobile External Hard Drive in Black. Description: Modern Black mobile external drive in addition to massive 2TB disk space featuring quick USB 3.0 connectivity,Backup Plus Slim,,HDD,,,"2,000.0 GB",,,USB 3.0,,,,,,,,Black,
products_1_23622857,Kingston Technology,"Stick memorie Kingston USB Flash Drive DT50/64GB- DataTraveler® 50, Speed2 USB 3.1","Kingston USB Flash Drive DT50/64GB- DataTraveler® 50, Speed2 USB 3.1 Gen 1 3- 110MB/s read, 15MB/s write, 64GB, Metal casing with blue",46.22,RON,1925917.0,https://www.ideall.ro/magazin-memorii-usb/kingston/Stick-memorie-Kingston-USB-Flash-Drive-DT50-64GB-DataTraveler-50-Speed2-USB-3-1--189303,"Stick memorie Kingston USB Flash Drive DT50/64GB- DataTraveler® 50, Speed2 USB 3.1. Description: Kingston USB Flash Drive DT50/64GB- DataTraveler® 50, Speed2 USB 3.1 Gen 1 3- 110MB/s read, 15MB/s write, 64GB, Metal casing with blue",DataTraveler® 50,DT50,USB_STICK,,,59.60 GiB,110.0 MB/s,15.0,USB 3.0,,,,,,,,blue,
products_1_44618699,Samsung,Samsung 500GB970 EVO M.2 NVMe 3D V-NAND SSD/Solid State Drive,"500GB Samsung 970 EVO, M.2 (2280) PCIe 3.0 (x4) NVMe SSD, Phoenix, MLC V-NAND, 3400MB/s Read, 2300MB/s Write, 370k/450k",76.38,GBp,1929047.0,https://www.scan.co.uk/products/500gb-samsung-970-evo-m2-oem,"Samsung 500GB970 EVO M.2 NVMe 3D V-NAND SSD/Solid State Drive. Description: 500GB Samsung 970 EVO, M.2 (2280) PCIe 3.0 (x4) NVMe SSD, Phoenix, MLC V-NAND, 3400MB/s Read, 2300MB/s Write, 370k/450k",97o EBP,,SSD,,,,"3,400.0 MB/s",2300000 KB/s,PCI Express x4,,,,,,M.2,,,
products_1_13163468,Kingston,Kingston DataTraveler MicroDuo OTG USB 3.0 Flash Drive 64GB,"The Kingston DataTraveler MicroDuo OTG USB 3.0 Flash Drive 64GB is a 2-in-1 MicroUSB and USB connector for On-The-Go enabled devices, with a 5 year warranty",54.62,GB P,1935475.0,https://www.picstop.co.uk/usb-flash-drive/kingston-datatraveler-microduo-otg-usb-30-flash-drive-64gb.html,"Kingston DT MicroDuo 64GB, USB 30. Description: USB Flash Drive 64GB DT MicroDuo USB 3.0 micro USB OTG",OTG MicroDuo DataTraveler,,USB_STICK,,,64.0 GB,,,USB,MicroUSB and USB,,,,,,,,
products_1_63669867,Kingston,"Kingston KC600 1TB 2.5\"" SATA SSD/Solid State Drive","1TB Kingston KC600 2.5-inch SATA 3.0 SSD with TLC 3D NAND, delivering 550MB/s read and 520MB/s write speeds, plus 90k/80k IOPS",107.99,GBP,1936147.0,https://www.scan.co.uk/products/1tb-kingston-kc600-25-ssd-sata-30-6gb-s-tlc-3d-nand-550mb-s-read-520mb-s-write-90k-80k-iops,"Kingston KC600 1TB 2.5\"" SATA SSD/Solid State Drive. Description: 1TB Kingston KC600, 2.5\"" SSD, SATA 3.0 (6Gb/s), TLC 3D NAND, 550MB/s Read, 520MB/s Write, 90k/80k IOPS",KC600,,SSD,,,"1,000,000 MB",,,,SATA III,,,,,2.5-inch SATA,,,2.5-inch
products_1_12422845,Western Digital,WD My Passport 4TB External Portable Hard Drive/HDD - Black,"4TB WD My Passport WDBPKJ0040BBK-WESN, Portable External HDD, USB 3.2 Gen1, Bus Powered, Black",99.98,GBP,1939560.0,https://www.scan.co.uk/products/4tb-wd-my-passport-wdbpkj0040bbk-wesn-portable-external-hdd-usb-32-gen1-bus-powered-black,"WD My Passport 4TB Extefnal Portable Hard Drive/HDD - Black. Description: 4TB WD My Passlort WDBPKJ0040BBK-WESN, Portable External HDD, USB 3.2 Hen1, Bus Powered, Black",My,WDBPKJ0040BBK-WeSN,HDD,,,4000.0 GB,,,USB 3.0,,,,,,,,,
products_1_17432451,EVGA,"EVGA GeForce GT 1030 SC 2GB GDDR5, Low Profile","GeForce GT 1030 SC Low Profile, 1290 - 1544MHz, 2GB GDDR5, Graphics Card",118.58,USD,1943588.0,https://www.microcenter.com/product/479937/evga-geforce-gt-1030-sc-low-profile-single-fan-2gb-gddr5-30-pcie-graphics-card,"EVGA GeForce GT 1030 SC 2GB GDDR5, Low Profile. Description: Quick Overview384 Pixel Pipelines1290 Megahertz Base Clock1544 MHz Boost Clock31.0GT/s Texture Fill Rate2GB GDDR5",GeForce GT 1030 SC Low Profile Single-Fan,,GPU,GeForce GT 1030,2.0,,,,PCI Express x16,,,,,,,GDDR5,,Low Profile
products_1_1854084,Istorage,iStorage diskAshur2 HDD Black 2TB IS-DA2-256-2000-B,"This ultra secure iStorage diskAshur2 portable hard disk drive features real-time AES-XTS 256-bit hardware encryption with your own unique 7-15 digit PIN. The super fast USB 3.1 features transfer speeds of up to 148MB/s (read) and 140MB/s (write), and is also compatible with USB 2.0. Water and dust resistant (IP56 certified), the drive also features an epoxy coated, wear resistant keybord.",,,1945634.0,http://www.pittstopbusinesssupplies.co.uk/istorage-diskashur2-hdd-black-2tb-is-da2-256-2000-b/pi/IST25124-2934735-1.html,"drive diskAshur2 HDD Black 2TB IS-DA2-256-2000-B. Description: This ultra secure iStorage diskAshur2 portable hard disk drive features real-time AES-XTS 256-bit hardware encryption with your own unique 7-15 digit PIN. The super fast USB 3.1 features transfer speeds of up to 148MB/s (read) and 140MB/s (write), and is also compatible with USB 2.0. Water and dust resistant (IP56 certified), the iStorage also features an epoxy coated, wear resistant keybord.",diskAshur2,IS-DA2-256-2000-B,hDD,,,,148.0,0.14 GB/s,USB 3.0,,,,,,,,Black,
products_1_50222671,Crucial,Crucial MX300 525GB SATA Drive Inch Internal Solid State 2.5 - CT525MX300SSD1,"Increase the speed, durability, and efficiency of your system for years to come with the Crucial MX300 SSD. Boot up in seconds and fly through the most demanding applications with an SSD that fuses the latest 3D NAND Flash technology with the proven success of previous mx-series SSDs. Your storage drive isn't just a container, it's the Engine that loads and saves everything you do and use. Get more out of your computer by boosting nearly every aspect of performance.Sequential reads/writes up to 530 / 510 MB/s on all file types.",0.14,GBP,195167.0,https://www.andypemberton.com/product/crucial-mx300-525gb-sata-2-5-inch-internal-solid-state-drive-ct525mx300ssd1,"Crucial MX300 525GB SSD SATA 6Gbps 3D Nand 7mm Solid State Drive (CT525MX300SSD1). Description: CT525MX300SSD1, Read Speed: 530MB/Sec, Write Speed: 510MB/Sec, Flash: 3D Nand, Controller: Marvell, Buffer: 0MB",MX300,CT525MX300SSD1,SSD,,,"525,000 MB",0.53,"510,000 KB/s",SATA,SATA III,,,,,2.5-inch SATA,,,2.5-inch
products_1_64466140,MSI,MSI NVIDIA GeForce RTX 2060 6GB VENTUS XS OC Turing Graphics Card,"MSI GeForce RTX OC VENTUS XS 2060 6GB GDDR6 Ray-Tracing Graphics Card, 1920 Core, 1365MHz GPU, 1710MHz Boost",289.98,GBP,1952049.0,https://www.scan.co.uk/products/msi-geforce-rtx-2060-ventus-xs-oc-6gb-gddr6-vr-ready-graphics-card-1920-core-1710mhz-boost,"MSI NVIDIA GeForce RTX 2060 6GB VENTUS XS OC Turing Graphics Card. Description: MSI GeForce RTX 2060 VENTUS XS OC 6GB GDDR6 Ray-Tracing Graphics Card, 1920 Core, 1365MHz GPU, 1710MHz Boost",GeForce RTX 2060 VENTUS 6GB XS OC,,GPU,GeForce RTX 2060,,,,,,,,,,,,,,
products_1_61433092,Kingston,Kingston SSDNow A400 M.2 SSD - 240GB,"SSD (Solid state drive), 240 GB, intern, Datahastighet: 500 MBps (les) / 350 MBps (skriv), IOPS: (les) / (skriv), M.2 2280 (80mm), SATA-600 - Phison S11 Controller",468.86,EUR,1955905.0,https://www.proshop.no/SSD/Kingston-SSDNow-A400-M2-SSD-240GB/2718068,"Kingston SSDNow A400 M.2 SSD med 240 GB lagring. Beskrivning: solid state drive för intern användning, 240 GB, datahastighet 500 MBps vid läsning och 350 MBps vid skrivning, IOPS: (les) / (skriv), M.2 2280 (80 mm), SATA-600, Phison S11-kontroller",SSDNow A400,,SSD,,,240000 MB,500.0,350000.0,SATA,SATA III,,,,,M.2,,,K.2 2299
products_1_14827250,Zotac,Zotac GeForce RTX 2060 Super MINI Graphics Card,"Product InformationSUPERFAST AND SUPER COMPACT ALL-AROUND PERFORMANCE AND GRAPHICSEverything is super with the all-new ZOTAC GAMING GeForce RTX 2060 SUPER MINI graphics card. Based on the NVIDIA Turing architecture with dedicated AI and ray-tracing cores for ultimate performance and graphics. The Super 2060 Mini is packed with more cores and ultra-fast 8GB GDDR6 memory in a small size with great performance. Integrated with more smart and optimized technologies, get ready to GET FAST and GAME STRONG.ENGINEERED COOLINGWith a dynamic layout utilizing more surface area, improved heatpipe layout, stronger aluminum array heatsink fin stack, and additional heat dissipation beyond the GPU means less heat and more overall sustained performance.RT CORESDedicated ray tracing hardware delivers over 10 Giga Rays per second—up to 10X previous generations. This enables real-time ray tracing of objects and environments with physically accurate shadows, reflections, refractions, and global illumination.TENSOR CORESArtificial intelligence is driving the greatest technology advancement in history, and Turing is bringing it to computer graphics. Experience over 100 TFLOPs of AI-processing horsepower to accelerate gaming performance with NVIDIA DLSS (Deep Learning Super Sampling).NEXT-GEN SHADINGVariable Rate Shading focuses processing power on areas of rich detail, boosting overall performance without affecting perceived image quality. Mesh Shaders advanced geometry processing supports an order of magnitude more objects per-scene, allowing the creation of rich complex worlds.CONCURRENT PROCESSINGSimultaneous floating point and integer processing enables Turing GPUs to more efficiently process the compute heavy workloads of modern games.UP TO 6 TIMES FASTER PERFORMANCEThe RTX GPUs are powered by the Turing Architecture, this gives you 6x faster performance over previous-generation graphics cards. Turing uses a new 12nm manufacturing process and also brings the power of real-time ray tracing and all-new AI capabilities to your games.WORLD'S FIRST FOR RAY TRACING & GDDR6The GeForce RTX 2060 SUPER delivers truly unique real-time ray-tracing technologies for cutting-edge, hyper-realistic graphics, this means the RTX 2060 SUPER is light years ahead of other cards and gives you the most realistic gaming experience ever. The RTX cards also are the first graphics cards to feature GDDR6 memory that has a speed of 14Gbps (14,000 MHz).RT CORESDedicated ray tracing hardware delivers over 10 Giga Rays per second—up to 10X previous generations. This enables real-time ray tracing of objects and environments with physically accurate shadows, reflections, refractions, and global illumination.TENSOR CORESArtificial intelligence is driving the greatest technology advancement in history, and Turing is bringing it to computer graphics. Experience over 100 TFLOPs of AI-processing horsepower to accelerate gaming performance with NVIDIA DLSS (Deep Learning Super Sampling).NEXT-GEN SHADINGVariable Rate Shading focuses processing power on areas of rich detail, boosting overall performance without affecting perceived image quality. Mesh Shaders advanced geometry processing supports an order of magnitude more objects per-scene, allowing the creation of rich complex worlds.CONCURRENT PROCESSINGSimultaneous floating point and integer processing enables Turing GPUs to more efficiently process the compute heavy workloads of modern games.ENGINEERED COOLINGWith a dynamic layout utilizing more surface area, improved heatpipe layout, stronger aluminum array heatsink fin stack, and additional heat dissipation beyond the GPU means less heat and more overall sustained performance.UP TO 6 TIMES FASTER PERFORMANCEThe RTX GPUs are powered by the Turing Architecture, this gives you 6x faster performance over previous-generation graphics cards. Turing uses a new 12nm manufacturing process and also brings the power of real-time ray tracing and all-new AI capabilities to your games.WORLD'S FIRST FOR RAY TRACING & GDDR6The GeForce RTX 2070 SUPER delivers truly unique real-time ray-tracing technologies for cutting-edge, hyper-realistic graphics, this means the RTX 2070 SUPER is light years ahead of other cards and gives you the most realistic gaming experience ever. The RTX cards also are the first graphics cards to feature GDDR6 memory that has a speed of 14Gbps (14,000 MHz).GEFORCE EXPERIENCEThe essential companion to your GeForce graphics card. Capture and share videos, screenshots, and livestreams. Keep your drivers up to date and optimize your games.GAME READY DRIVERSGet the highest levels of performance, and the smoothest experience possible, from the moment you start playing.NVIDIA SHADOWPLAYRecord and share high-quality gameplay videos, screenshots, and livestreams with your friends.NVIDIA ANSELTurn your screenshots into art with this powerful in-game photo mode that captures 360, HDR, and super-resolution photos.DIRECTX 12/DXRGeForce graphics cards deliver advanced DX12 features such as ray tracing and variable rate shading, bringing games to life with ultra-realistic visual effects and faster frame ratesNVIDIA G-SYNC & HDRGet smooth, tear-free gameplay at refresh rates up to 240 Hz, plus HDR, and more. This is the ultimate gaming display and the go-to equipment for enthusiast gamers.VIRTUAL REALITYBy combining advanced VR rendering, real-time ray tracing, and AI, the GeForce RTX will take VR to a new level of realism.4K GAMINGStep up to the ultimate 4K gaming experience with the GeForce RTX and enjoy today's biggest games in amazing detail.Show more;",376.97,G BP,195848.0,https://www.laptopsdirect.co.uk/-zt-t20610e-10m/version.asp,"Zotac GeForce RTX 2060 Super MINI Graphics Card. Description: Product InformationSUPERFAST AND SUPER COMPACT ALL-AROUND PERFORMANCE AND GRAPHICSEverything is super with the all-new ZOTAC GAMING GeForce RTX 2060 SUPER MINI graphics card. Based on the NVIDIA Turing architecture with dedicated AI and ray-tracing cores for ultimate performance and graphics. The Super 2060 Mini is packed with more cores and ultra-fast 8GB GDDR6 memory in a small size with great performance. Integrated with more smart and optimized technologies, get ready to GET FAST and GAME STRONG.ENGINEERED COOLINGWith a dynamic layout utilizing more surface area, improved heatpipe layout, stronger aluminum array heatsink fin stack, and additional heat dissipation beyond the GPU means less heat and more overall sustained performance.RT CORESDedicated ray tracing hardware delivers over 10 Giga Rays per second—up to 10X previous generations. This enables real-time ray tracing of objects and environments with physically accurate shadows, reflections, refractions, and global illumination.TENSOR CORESArtificial intelligence is driving the greatest technology advancement in history, and Turing is bringing it to computer graphics. Experience over 100 TFLOPs of AI-processing horsepower to accelerate gaming performance with NVIDIA DLSS (Deep Learning Super Sampling).NEXT-GEN SHADINGVariable Rate Shading focuses processing power on areas of rich detail, boosting overall performance without affecting perceived image quality. Mesh Shaders advanced geometry processing supports an order of magnitude more objects per-scene, allowing the creation of rich complex worlds.CONCURRENT PROCESSINGSimultaneous floating point and integer processing enables Turing GPUs to more efficiently process the compute heavy workloads of modern games.UP TO 6 TIMES FASTER PERFORMANCEThe RTX GPUs are powered by the Turing Architecture, this gives you 6x faster performance over previous-generation graphics cards. Turing uses a new 12nm manufacturing process and also brings the power of real-time ray tracing and all-new AI capabilities to your games.WORLD'S FIRST FOR RAY TRACING & GDDR6The GeForce RTX 2060 SUPER delivers truly unique real-time ray-tracing technologies for cutting-edge, hyper-realistic graphics, this means the RTX 2060 SUPER is light years ahead of other cards and gives you the most realistic gaming experience ever. The RTX cards also are the first graphics cards to feature GDDR6 memory that has a speed of 14Gbps (14,000 MHz).RT CORESDedicated ray tracing hardware delivers over 10 Giga Rays per second—up to 10X previous generations. This enables real-time ray tracing of objects and environments with physically accurate shadows, reflections, refractions, and global illumination.TENSOR CORESArtificial intelligence is driving the greatest technology advancement in history, and Turing is bringing it to computer graphics. Experience over 100 TFLOPs of AI-processing horsepower to accelerate gaming performance with NVIDIA DLSS (Deep Learning Super Sampling).NEXT-GEN SHADINGVariable Rate Shading focuses processing power on areas of rich detail, boosting overall performance without affecting perceived image quality. Mesh Shaders advanced geometry processing supports an order of magnitude more objects per-scene, allowing the creation of rich complex worlds.CONCURRENT PROCESSINGSimultaneous floating point and integer processing enables Turing GPUs to more efficiently process the compute heavy workloads of modern games.ENGINEERED COOLINGWith a dynamic layout utilizing more surface area, improved heatpipe layout, stronger aluminum array heatsink fin stack, and additional heat dissipation beyond the GPU means less heat and more overall sustained performance.UP TO 6 TIMES FASTER PERFORMANCEThe RTX GPUs are powered by the Turing Architecture, this gives you 6x faster performance over previous-generation graphics cards. Turing uses a new 12nm manufacturing process and also brings the power of real-time ray tracing and all-new AI capabilities to your games.WORLD'S FIRST FOR RAY TRACING & GDDR6The GeForce RTX 2070 SUPER delivers truly unique real-time ray-tracing technologies for cutting-edge, hyper-realistic graphics, this means the RTX 2070 SUPER is light years ahead of other cards and gives you the most realistic gaming experience ever. The RTX cards also are the first graphics cards to feature GDDR6 memory that has a speed of 14Gbps (14,000 MHz).GEFORCE EXPERIENCEThe essential companion to your GeForce graphics card. Capture and share videos, screenshots, and livestreams. Keep your drivers up to date and optimize your games.GAME READY DRIVERSGet the highest levels of performance, and the smoothest experience possible, from the moment you start playing.NVIDIA SHADOWPLAYRecord and share high-quality gameplay videos, screenshots, and livestreams with your friends.NVIDIA ANSELTurn your screenshots into art with this powerful in-game photo mode that captures 360, HDR, and super-resolution photos.DIRECTX 12/DXRGeForce graphics cards deliver advanced DX12 features such as ray tracing and variable rate shading, bringing games to life with ultra-realistic visual effects and faster frame ratesNVIDIA G-SYNC & HDRGet smooth, tear-free gameplay at refresh rates up to 240 Hz, plus HDR, and more. This is the ultimate gaming display and the go-to equipment for enthusiast gamers.VIRTUAL REALITYBy combining advanced VR rendering, real-time ray tracing, and AI, the GeForce RTX will take VR to a new level of realism.4K GAMINGStep up to the ultimate 4K gaming experience with the GeForce RTX and enjoy today's biggest games in amazing detail.Show more;",GeForce RTX 2060 Super MINI,,,GeForce RTX 2060 Super,,,,,,,,,,,,,,
products_1_40849883,WD,"WD Red Pro NAS 4TB HDD, WD4003FFBX","WD 4TB Red Pro NAS 3.5 Hard Drive, SATA III, 7200RPM, 256MB Cache, CMR",327.85,AUD,195932.0,https://computers.scorptec.com.au/computer/Wd-Red-Pro,"WD Red Pro NAS 4TB HDD, WD4003FFBX. Description: WD 4TB Red Pro NAS 3.5 Hard Drive, SATA III, 7200RPM, 256MB Cache, CMR",Red Pro Network Attached Storage,WD4003FFBX,H,,,"3,725.29 GiB",,,SATA,SATA III,,,,,,,,3.5-inch
products_1_93115467,Asus,Asus Dual GeForce RTX 2060 Super EVO V2 OC 8GB Graphics Card,"Cuda Cores: 2176, Boost Clock: 1725MHz, GDDR6, 256-bit Memory, Memory Clock: 14Ghz, Ray Tracing, 1 x DisplayPort, 2 x HDMI, 1 x DVI-D, 3 Yr Warranty",399.98,GBP,196189.0,https://www.novatech.co.uk/products/asus-dual-geforce-rtx-2060-super-evo-v2-oc-8gb-graphics-card/dual-rtx2060s-o8g-evo-v2.html,"Asus Dual GeForce RTX 2060 Super EVO V2 OC 8GB Graphics Card. Description: Cuda Cores: 2176, Boost Clock: 1725MHz, GDDR6, 256-bit Memory, Memory Clock: 14Ghz, Ray Tracing, 1 x DisplayPort, 2 x HDMI, 1 x DVI-D, 3 Yr Warranty",Dual GeForce V2 2060 Super EVO RTX OC,,GPU,,,,,,,,,,,,,,,
products_1_3600312,Western Digital,Hard disk 6TB - WD PURPLE Surveillance WD60PURX,HDD 6TB - WD PURPLE Surveillance este indicat sistemelor de supraveghere,"1 281,14",CAD,196642.0,https://www.pro-computers.de/product/1268/hard-disk-6tb-wd-purple-surveillance-wd60purx.html,Hard disk 6TB - WD PURPLE Surveillance WD60PURX. Description: HDD 6TB - WD PURPLE Surveillance este indicat sistemelor de supraveghere,PURPLE Surveillan,WD60PURX,HDD,,,6000.0,,,,,,,,,,,,
products_1_33032906,,A-DATA - SC680 960GB External SSD USB3.2 Black,A-DATA SC680 960GB External SSD USB3.2 Black (ASC680-960GU32G2-CBK) - Grensesnitt: US B - Installert: 960GB - Max disker: 1 - RAID: Nei - Type: Intern,"1,670.97",H9O,1981327.0,https://deal.no/a-data-sc680-960gb-external-ssd/cat-p/c0/p1000463990,A-DATA - SC680 960GB External SSD USB3.2 Black. Description: A-DATA SC680 960GB External SSD USB3.2 Black (ASC680-960GU32G2-CBK) - Grensesnitt: USB - Installert: 960GB - Max disker: 1 - RAID: Nei - Type: Intern,SC680,ASC680-960GU32G2-CBK,SSD,,,960.0 GB,,,USb 3.0,,,,,,USB,,,
products_1_25980043,Toshiba,"Toshiba P300 2TB SATA III 3.5\"" Hard Drive - 7200RPM, 64MB Cache",Large 2TB hard drive capacity. Fast 7200RPMRPM disk speed delivers smooth performance with no lag,51.11,GBP,1984832.0,https://www.cclonline.com/product/195814/HDWD120UZSVA/Hard-Drives/Toshiba-P300-2TB-3-5-inch-SATA-Internal-Hard-Drive-Bulk-Pack-/HDD2678,"Toshiba P300 2TB SATA III 3.5\"" Hard Drive - 7200RPM, 64MB Cache. Description: Huge 2TB HDD Drive No Performance Lag with this Speedy 7200RPMRPM Disk Speed",P300,,HDD,,,"2,000.0 GB",,,,SATA III,,,,,3.5-inch SATA,,,
products_1_33662403,Gigabyte,Gigabyte NVIDIA GeForce RTX 2080 SUPER 8GB AORUS WATERFORCE Turing Graphics Card,"Gigabyte GeForce RTX 2080 SUPER AORUS WATERFORCE 8GB GDDR6 Ray-Tracing Graphics Card, 3072 Core, 1650MHz, 1860MHz Boost",790.99,GBP,1990178.0,https://www.scan.co.uk/products/gigabyte-geforce-rtx-2080-super-aorus-waterforce-8gb-gddr6-ray-tracing-graphics-card-3072-core-1650m,"Gigabyte NVIDIA GeForce RTX 2080 SUPER 8GB AORUS WATERFORCE Turing Graphics Card. Description: Gigabyte GeForce RTX 2080 SUPER AORUS WATERFORCE 8GB GDDR6 Ray-Tracing Graphics Card, 3072 Core, 1650MHz, 1860MHz Boost",GeForce RTX 2080 SUPER AORUS,,GPU,GeForce RTX 2080 Super,"8,000 MB",,,,,,,,,,,GDDR6,,
products_1_12416419,Hewlett Paxkadd Enterpruse,Dysk HPE 300GB 6G SAS 15K 2.5in SC ENT HDD,"HPE Hard drive - 300 6B - hot-swap - 2.5\"" SFF - SAS 6Gb/s - 15000 rpm - with HP 5martDrive carrier",1397.35,PLN,199460.0,https://it-broker24.pl/dyski-twarde/dyski-twarde-wewnetrzne/dyski-hp-enterprise/dysk-hpe-300gb-6g-sas-15k-2-5in-sc-ent-hdd-detail,"Dysk HPE 300GB 6G SAS 15K 2.5in SC ENT HDD. Description: HPE Hard drive - 300 GB - hot-swap - 2.5\"" SFF - SAS 6Gb/s - 15000 rpm - with HP SmartDrive carrier",,,HDD,,,300.0,,,,SAS,,,,,"2.S"" 5FF",,,2.5-inch
products_1_1618556,Western Digital,Western Digital HDD WD Blue 2TB IntelliPower - 64MB - SATA3 3.5inch,"2TB, 8.89 cm (3.5 "") , SATA 6Gb/s, 5400 RPM, 64MB",66.95,4I5,2002887.0,https://www.adtcomputers.nl/blue-2tb-intellipower-64mb-sata3.html,"Western Digital HDD WD Blue™ 2TB IntelliPower - 64MB - SATA3 3.5inch. Description: 2TB, 8.89 cm (3.5 "") , SATA 6Gb/s, 5400 RPM, 64MB",WD Hpur™,,HDD,,,1862.65 GiB,,,,SATA III,,,,,3.5-inch SATA,,,3.5-iNch
products_1_6951663,Kingston,Kingston 256GB DataTraveler 80 DT80/256GB USB 3.2 Type-C Flash Drive,DT80/256GB MBF 256GB USB 3.2 Type-C Flash Driv3 r200MBs w60MB/s Kingston DataTrav3ler 80 Black/Silver Rectangular Retaio,39.6,RON,2014983.0,https://www.oempcworld.com/OEMPCworld-com/500792.html,Kingston 256GB DataTraveler 80 DT80/256GB USB 3.2 Type-C Flash Drive. Description: DT80/256GB MBF 256GB USB 3.2 Type-C Flash Drive r200MBs w60MB/s Kingston DataTraveler 80 Black/Silver Rectangular Retail,DATATRAVELER 8,DT80/256GB,USB_STICK,,,256.0,200.0,60.0,USB 3.0,USB Type-C,,,,,USB Type-C,,Black/Silver,
products_1_31946852,Intc1,Intel Solid-State Drive DC P4510 Series - solid state drive - 1 TB - PCI Express 3.1 x4 (NVMe),"Interne SSD de 1 To, format 2,5"", interface PCI Express 3.1 x4 (NVMe)","2 514,66",DKK,2022141.0,https://www.proshop.dk/SSD/Intel-Solid-State-Drive-DC-P4510-Series-solid-state-drive-1-TB-PCI-Express-31-x4-NVMe/2629463,"Intel Solid-State Drive DC P4510 Series - solid state drive - 1 TB - PCI Express 3.1 x4 (NVMe). Description: Solid state drive, 1 TB, intern, 2.5\"", PCI Express 3.1 x4 (NVMe)",Solid-State Drive DC P4510 Series,,SSD,,,,,,PCI Express x4,NVMe,,,,,"2.5""",,,2.5-inch
products_1_43098557,Hewlett Packard Enterprise,870759-B21 - HPE 900GB SAS 12G 15K SFF SC DS HDD,"Do your servers need high-performance Enterprise hard drives for both your mission-critical and I/O intensive applications? HPE Server Enterprise Hard Drives offer the highest level of performance and reliability for your most demanding application workloads. They deliver maximum performance without compromising reliability, specifically engineered to meet the needs of hot data. Enterprise drives help you improve server response times, power more transactions per second and accelerate data transfer (I/O) speeds. HPE Server Enterprise Hard Drives are backed by over 2.4 million hours of the industry’s most rigorous testing and qualification program ensuring customer’s reliable, rugged drives. HPE integrated firmware protects data from malicious attacks that could change or destroy it. The self-describing icons on the HPE SMART Carrier takes the guess work out of a drive’s status and a “do not remove” button prevents data loss from human error.What's newUp to 900 GB 15K SAS SFF 512e Enterprise Hard Disk DrivesUp to 1.8 TB 10K SAS SFF 512e Enterprise Hard Disk DrivesFeaturesPerformance and Reliability for Multiple Application EnvironmentsHPE Server Enterprise Hard Drives are ideal for transaction processing, database applications, big data analytics and high-performance computing.Broad portfolio of optimized solutions provide up to 1.8 TB of storage in a smaller footprint.Efficient drives for power and space constrained datacenters.Latest 12G SAS interface for increased performance.Product DescriptionHPE Enterprise - hard drive - 900 GB - SAS 12Gb/sTypeHard drive - hot-swapCapacity900 GBForm Factor2.5\"" SFFInterfaceSAS 12Gb/sData Transfer Rate1.2 GBpsSpindle Speed15000 rpmFeaturesAdvanced format 512n, Digitally Signed FirmwareDimensions (WxDxH)3 in x 4.7 in x 0.6 inManufacturer Warranty3 years warrantyBundled withHPE SmartDrive carrierDesigned ForProLiant DL160 Gen9, DL160 Gen9 Base, DL160 Gen9 Entry, DL160 Gen9 Performance, DL20 Gen9 (2.5\""), DL20 Gen9 Base (2.5\""), DL20 Gen9 Entry (2.5\""), DL20 Gen9 Performance (2.5\""), DL20 Gen9 Special Server (2.5\""), DL360 Gen9 (2.5\""), DL360 Gen9 Base (2.5\""), DL360 Gen9 CMS (2.5\""), DL360 Gen9 Entry (2.5\""), DL360 Gen9 Performance (2.5\""), DL360 Gen9 Special Server (2.5\""), DL380 Gen9 (2.5\""), DL380 Gen9 Base (2.5\""), DL380 Gen9 Entry (2.5\""), DL380 Gen9 High Performance (2.5\""), DL380 Gen9 Performance (2.5\""), DL380 Gen9 Special (2.5\""), DL580 Gen9 (2.5\""), DL580 Gen9 Base (2.5\""), DL580 Gen9 Database (2.5\""), DL580 Gen9 High Performance (2.5\""), ML110 Gen9 (2.5\""), ML110 Gen9 Base (2.5\""), ML110 Gen9 Entry (2.5\"")GeneralDevice TypeHard drive - hot-swapCapacity900 GBForm Factor2.5\"" SFFInterfaceSAS 12Gb/sBytes per Sector512FeaturesAdvanced format 512n, Digitally Signed FirmwareWidth3 inDepth4.7 inHeight0.6 inBundled withHPE SmartDrive carrierPerformanceDrive Transfer Rate1.2 GBps (external)Seek Time2.72 ms (average) / 5.36 ms (max)Track-to-Track Seek Time0.22 msSpindle Speed15000 rpmExpansion & ConnectivityInterfaces1 x SAS 12 Gb/sCompatible Bay2.5\"" SFFManufacturer WarrantyService & SupportLimited warranty - 3 yearsEnvironmental ParametersMin Operating Temperature50 °FMax Operating Temperature95 °F",499.0,CAD,2022564.0,https://ityuda.com/products/870759-b21-hpe-900gb-sas-12g-15k-sff-sc-ds-hdd,"870759-B21 - HPE 900GB SAS 12G 15K SFF SC DS HDD. Description: Do your servers need high-performance Enterprise hard drives for both your mission-critical and I/O intensive applications? HPE Server Enterprise Hard Drives offer the highest level of performance and reliability for your most demanding application workloads. They deliver maximum performance without compromising reliability, specifically engineered to meet the needs of hot data. Enterprise drives help you improve server response times, power more transactions per second and accelerate data transfer (I/O) speeds. HPE Server Enterprise Hard Drives are backed by over 2.4 million hours of the industry’s most rigorous testing and qualification program ensuring customer’s reliable, rugged drives. HPE integrated firmware protects data from malicious attacks that could change or destroy it. The self-describing icons on the HPE SMART Carrier takes the guess work out of a drive’s status and a “do not remove” button prevents data loss from human error.What's newUp to 900 GB 15K SAS SFF 512e Enterprise Hard Disk DrivesUp to 1.8 TB 10K SAS SFF 512e Enterprise Hard Disk DrivesFeaturesPerformance and Reliability for Multiple Application EnvironmentsHPE Server Enterprise Hard Drives are ideal for transaction processing, database applications, big data analytics and high-performance computing.Broad portfolio of optimized solutions provide up to 1.8 TB of storage in a smaller footprint.Efficient drives for power and space constrained datacenters.Latest 12G SAS interface for increased performance.Product DescriptionHPE Enterprise - hard drive - 900 GB - SAS 12Gb/sTypeHard drive - hot-swapCapacity900 GBForm Factor2.5\"" SFFInterfaceSAS 12Gb/sData Transfer Rate1.2 GBpsSpindle Speed15000 rpmFeaturesAdvanced format 512n, Digitally Signed FirmwareDimensions (WxDxH)3 in x 4.7 in x 0.6 inManufacturer Warranty3 years warrantyBundled withHPE SmartDrive carrierDesigned ForProLiant DL160 Gen9, DL160 Gen9 Base, DL160 Gen9 Entry, DL160 Gen9 Performance, DL20 Gen9 (2.5\""), DL20 Gen9 Base (2.5\""), DL20 Gen9 Entry (2.5\""), DL20 Gen9 Performance (2.5\""), DL20 Gen9 Special Server (2.5\""), DL360 Gen9 (2.5\""), DL360 Gen9 Base (2.5\""), DL360 Gen9 CMS (2.5\""), DL360 Gen9 Entry (2.5\""), DL360 Gen9 Performance (2.5\""), DL360 Gen9 Special Server (2.5\""), DL380 Gen9 (2.5\""), DL380 Gen9 Base (2.5\""), DL380 Gen9 Entry (2.5\""), DL380 Gen9 High Performance (2.5\""), DL380 Gen9 Performance (2.5\""), DL380 Gen9 Special (2.5\""), DL580 Gen9 (2.5\""), DL580 Gen9 Base (2.5\""), DL580 Gen9 Database (2.5\""), DL580 Gen9 High Performance (2.5\""), ML110 Gen9 (2.5\""), ML110 Gen9 Base (2.5\""), ML110 Gen9 Entry (2.5\"")GeneralDevice TypeHard drive - hot-swapCapacity900 GBForm Factor2.5\"" SFFInterfaceSAS 12Gb/sBytes per Sector512FeaturesAdvanced format 512n, Digitally Signed FirmwareWidth3 inDepth4.7 inHeight0.6 inBundled withHPE SmartDrive carrierPerformanceDrive Transfer Rate1.2 GBps (external)Seek Time2.72 ms (average) / 5.36 ms (max)Track-to-Track Seek Time0.22 msSpindle Speed15000 rpmExpansion & ConnectivityInterfaces1 x SAS 12 Gb/sCompatible Bay2.5\"" SFFManufacturer WarrantyService & SupportLimited warranty - 3 yearsEnvironmental ParametersMin Operating Temperature50 °FMax Operating Temperature95 °F",,,HDD,,,838.19 GiB,,,SAS,,76.2,,15.2,,"2.5"" SFF",,,
products_1_83479410,Hewlett Packard,"HP Compatible 600GB 15K 3.5\"" 517354-001 516828-B21 SAS Third Party OEM Hard Drive HPE",Description:HP 600GB 3.5-inch LFF SAS 6Gb/s 15K RPMEnterprise (ENT) Dual Port (DP) Hot-Plug Hard DriveIn HP 3.5-inch LFF SAS Hot-Plug Hard Drive tray (as pictured)For HP G1-G7 Proliant SAS Servers and select Storage ArraysGenuine HP serial number and firmwareGenuine HP Hard DrivePart Number(s)Option Part# 516828-B21Spare Part# 517354-001Assembly Part# 516810-003Assembly Part# 533871-003SB# 516828-S21Model# EF0600FATFFModel# EF0600FARNA,"4,755,384.18",VND,2038711.0,https://mitgroup.vn/san-pham/516828-b21-hp-600-gb-6g-15k-3-5-dp-sas-hdd-2,516828-B21 HP 600-GB 6G 15K 3.5 DP SAS HDD. Description: Description:HP 600GB 3.5-inch LFF SAS 6Gb/s 15K RPMEnterprise (ENT) Dual Port (DP) Hot-Plug Hard DriveIn HP 3.5-inch LFF SAS Hot-Plug Hard Drive tray (as pictured)For HP G1-G7 Proliant SAS Servers and select Storage ArraysGenuine HP serial number and firmwareGenuine HP Hard DrivePart Number(s)Option Part# 516828-B21Spare Part# 517354-001Assembly Part# 516810-003Assembly Part# 533871-003SB# 516828-S21Model# EF0600FATFFModel# EF0600FARNA,,516828-B21,HDD,,,558.79 GiB,,,SAS,SAS,,,,,"3.5"" LFF",,,3.5-inch
products_1_78427880,Gigabyte,GIGABYTE AORUS RGB M.2 NVMe SSD - 512GB,"GP-ASM2NE2512GTTDR, Up to 2000MB/s Write | 3480MB/s Read, 440k/360k IOPS, MLC V-NAND, M.2 (2280) PCIe 3.0 (x2), NVMe SSD, 5 Year Warranty.",73.49,GBP,2045439.0,https://www.proshop.no/SSD/GIGABYTE-AORUS-RGB-M2-NVMe-SSD-512GB/2773872,"Gigabyte Aorus RGB M.2 NVMe SSD 512GB. Description: GP-ASM2NE2512GTTDR, Up to 2000MB/s Write | 3480MB/s Read, 440k/360k IOPS, MLC V-NAND, M.2 (2280) PCIe 3.0 (x2), NVMe SSD, 5 Year Warranty.",AORUS RGB,,SSD,,,512.0 GB,,,PCI Express x4,NVMe,,,,,M.2,,,M.2 2280
products_1_23839561,Kingston,Kingston UV500 - solid state drive - 120 GB - SATA 6Gb/s,"The Kingston UV500 SSD is a reliable and efficient solution to store multimedia files. This mSATA drive offers a high-speed data transfer rate of 6 Gb/s for data backups. It provides a storage space of 120 GB to cover basic storage requirements. Kingston’s UV500 family of solid-state drives dramatically improves the responsiveness of your existing system with incredible boot, loading, and transfer times. This SSD enables ultra-responsive multi-tasking and ensures an overall faster system.",45.89,USD,2057183.0,https://www.cdw.com/product/Kingston-SSDNow-UV500-solid-state-drive-120-GB-SATA-6Gb-s/5043773,"Kingston UV500 solid-state drive with 120 GB capacity and SATA 6Gb/s interface. Description: The Kingston UV500 SSD is a dependable, efficient way to store multimedia files. This mSATA drive delivers a 6 Gb/s transfer rate for large data backups and provides 120 GB of storage for basic needs. Part of Kingston’s UV500 family of solid-state drives, it greatly boosts your existing system’s responsiveness with fast boot, loading, and transfer times. It also supports highly responsive multitasking and an overall faster system.",UV500,,SSD,,,,,,SATA,SATA III,,,,,mSATA,,,
products_1_19049152,Seagate,"Seagate Exos X16 10TB 3.5\"" SATA HDD/Hard Drive Enterprise HDD, SATA III 6Gb/s, 7200rpm, 256MB Cache","Seagate Exos X16 10TB 3.5\"" SATA HDD/Hard Drive Enterprise HDD, SATA III 6Gb/s, 7200rpm, 256MB CacheProduct OverviewScalable, Responsive, InnovativeFor everything hyperscale, there’s Exos X — the most powerful way to access the datasphere and harness the full potential of the cloud. Exos X16 enterprise hard drives integrate the latest technology in support of a scalable, secure, and reliable cloud data centre. Specifically designed to work in highly scalable environments requiring low power consumption and weight, the Exos X series hard drives perform consistently while scaling to meet the stringent TCO requirements of most cloud-based data centres.Features- Stores up to 12.8 PB in a 42U rack with helium technology.- Leading sustained data rate 261 MB/s.- Random write of 440 IOPS.- Reduced complexity with FastFormat.- Reduced TCO with low weight of 670g and 0.31 W/TB.- 550 TB/yr — 10× the workload rating of desktop drives.",336.65,EUR,2066716.0,https://www.xstra.eu/product/2106/seagate-exos-x16-10tb-35-sata-hdd-hard-drive-enterprise-hdd-sata-iii-6gb-s-7200rpm-256mb-cache.html,"Seagate Exos X16 10TB 3.5\"" SATA HDD/Hard Drive Enterprise HDD, SATA III 6Gb/s, 7200rpm, 256MB Cache. Description: Seagate Exos X16 10TB 3.5\"" SATA HDD/Hard Drive Enterprise HDD, SATA III 6Gb/s, 7200rpm, 256MB CacheProduct OverviewScalable, Responsive, InnovativeFor everything hyperscale, there’s Exos™ X — the most powerful way to access the datasphere and harness the full potential of the cloud. Exos X16 enterprise hard drives integrate the latest technology in support of a scalable, secure, and reliable cloud data centre. Specifically designed to work in highly scalable environments requiring low power consumption and weight, the Exos X series hard drives perform consistently while scaling to meet the stringent TCO requirements of most cloud-based data centres.Features- Stores up to 12.8 PB in a 42U rack with helium technology.- Leading sustained data rate 261 MB/s.- Random write of 440 IOPS.- Reduced complexity with FastFormat™.- Reduced TCO with low weight of 670g and 0.31 W/TB.- 550 TB/yr — 10× the workload rating of desktop drives.",Exos X16,,HDD,,,,,,,SATA III,,,,,3.5-inch SATA,,,
products_1_22872122,Sandisk,SanDisk Extreme Portable SSD 1TB,"SanDisk Extreme Portable SSD 1TB delivers transfer speeds up to 550 mb/s, providing fast storage for saving and editing high-resolution photos and videos",203.87,GBP,206992.0,https://www.picstop.co.uk/ssd-drives/sandisk-extreme-portable-ssd-1tb.html,"SanDisk Extreme Portable SSD 1TB. Description: This SanDisk Extreme Portable SSD 1TB delivers transfer speeds up to 550 mb/s, providing fast storage for saving and editing high-resolution photos and videos",,,SSD,,,,,,,,,,,,,,,
products_1_17720716,Crucial,Crucial X8 500GB Portable SSD,"The Crucial® X8 Portable SSD stores up to 500GB of data at phenomenal speeds up to 1050MB/s — that’s up to 1.8x faster than other portable SSDs and up to 7.5x faster portable hard drives.¹ It also works with numerous devices — from computers to consoles, tablets, and smartphones.",2698.65,ZAR,208231.0,http://brandagent.co.za/product/crucial-x8-500gb-portable-ssd,"Crucial X8 500GB Portable SSD. Description: The Crucial® X8 Portable SSD stores up to 500GB of data at phenomenal speeds up to 1050MB/s — that’s up to 1.8x faster than other portable SSDs and up to 7.5x faster than portable hard drives.¹ It also works with numerous devices — from computers to consoles, tablets, and smartphones.",X8,,Storage,,,"500,000 MB",1050.0,,,,,,,,,,,
products_1_16849538,Jibgst9n,Kingston DataTraveler Locker+ G3 64GB,"USB Flash Drive - USB 3.2 Gen 1 (USB 3.0), USB-A, capacity of 64GB, write speed up to 40MB/s, read speed up to 135MB/s, with key loop, stylish, metal, silver colour",85.45,GBP,2098112.0,https://www.alzashop.com/kingston-datatraveler-locker-g3-64-gb-d520178.htm,"Kingston DataTraveler Locker+ G3 64GB. Description: USB Flash Drive - USB 3.2 Gen 1 (USB 3.0), USB-A, capacity of 64GB, write speed up to 40MB/s, read speed up to 135MB/s, with key loop, stylish, metal, silver colour",DataTraveler Locker+ G3,,USB_STICK,,,64.0 GB,135.0,0.04,USB 3.0,USB Type-,,,,,USB Type-A,,silver colour,
products_1_22326836,Sapphire,"Sapphire Pulse Radeon RX 580 8G, 8192 MB GDDR5","Radeon RX 580 Overclocked Pulse Dual-Fan 8GB GDDR5 PCIe 3.0 Graphics Card. SAPPHIRE Pulse is all about providing PC users with choice and great value for money. Starting with the SAPPHIRE Pulse Radeon RX 580, this factory-overclocked model is dedicated to customers who seek a powerful, future-proof card that plays modern titles at maximum fidelity in 1440p  60 FPS. The card features a Polaris GPU with 2304 4th generation of Graphics Core Next stream processors, boost-clocked at 1366 MHz, and 8 GB of VRAM . The industry proven SAPPHIRE Dual-X system serves as the cooling solution, with dual ball-bearing fans and the SAPPHIRE Quick Connect feature for easy cleaning and replacement.",184.99,USD,2111798.0,https://www.microcenter.com/product/478681/sapphire-technology-radeon-rx-580-overclocked-pulse-dual-fan-8gb-gddr5-pcie-30?rf=PDP_altSell+%3E+Cross_Sell+%3E+Cross+Sell+Video+Cards+AMD+GPU+Specific,"Sapphire Technology Radeon RX 580 Overclocked Pulse Dual-Fan 8GB GDDR5 PCIe 3.0 Graphics Card. Description: Radeon RX 580 Overclocked Pulse Dual-Fan 8GB GDDR5 PCIe 3.0 Graphics Card. SAPPHIRE Pulse is all about providing PC users with choice and great value for money. Starting with the SAPPHIRE Pulse Radeon RX 580, this factory-overclocked model is dedicated to customers who seek a powerful, future-proof card that plays modern titles at maximum fidelity in 1440p @ 60 FPS. The card features a Polaris GPU with 2304 4th generation of Graphics Core Next stream processors, boost-clocked at 1366 MHz, and 8 GB of VRAM . The industry proven SAPPHIRE Dual-X system serves as the cooling solution, with dual ball-bearing fans and the SAPPHIRE Quick Connect feature for easy cleaning and replacement.",Radeon RX 580 Overclocked Pulse Dual-Fan,,GPU,Radeon RX 580,8.0,,,,PCI Express x16,,,,,,,GDDR5,,
products_1_27166335,EVGA,EVGA NVIDIA GeForce RTX 2080 Ti 11GB KiNGPiN GAMING Turing Graphics Ca,"EVGA GeForce RTX 2080 Ti K|NGP|N GAMING 11GB GDDR6 Ray-Tracing Graphics Card, 4352 Core, 1350MHz GPU, 1770MHz Boost","2 043,46",gBP,2118319.0,https://www.scan.co.uk/products/evga-geforce-rtx-2080-ti-kngpn-gaming-11gb-gddr6-ray-tracing-graphics-card-4352-core-1350mhz-gpu-177,"EVGA NVIDIA GeForce RTX 2080 Ti 11GB KiNGPiN GAMING Turing Graphics Card. Description: EVGA GeForce RTX 2080 Ti K|NGP|N GAMING 11GB GDDR6 Ray-Tracing Graphics 4352 Core, 1350MHz GPU, 1770MHz Boost",GeForce RTX 2080 Ti KiNGPiN GAMING,,GPU,GeForce RTX 2080 ,11.0,,,,,,,,,,,GDDR6,,
products_1_47064593,Seagate,Seagate Nytro 1351 Enterprise 960GB SATA 1 SSD,Seagate Nytro 1351 Enterprise 960GB Drive State Solid,,,2121778.0,https://www.boston.co.uk/products/xa960le10063.aspx,Seagate Nytro 1351 Enterprise 960GB SATA 1 SSD. Description: Seagate Nytro 1351 Enterprise 960GB Solid State Drive,Nytro 1351 Enterprise,,SSD,,,960.0,,,,,,,,,,,,
products_1_15814761,Zotac,Zotac GeForce GT 1030 2GB GDDR5 64-bit PCIe 3.0 DirectX 12 HDCP Ready Low Profile Video Card | ZT-P10300A-10L,"GeForce GT 1030, Graphics - 1468MHz, 2GB GDDR5, Low Profile 1227 Card",418.0,WSR,2130111.0,https://pcdubai.com/product/zotac-geforce-gt-1030-2gb-gddr5-64-bit-pcie-3-0-directx-12-hdcp-ready-low-profile-video-card-zt-p10300a-10l,"GeForce GT 1030, 1227 - 1468MHz, 2GB GDDR5, Low Profile Graphics Card. Description: GeForce GT 1030, 1227 - 1468MHz, 2GB GDDR5, Low Profile Graphics Card",GeForce GT 1030,ZT-P10300A-10L,Graphics Processing Unit,GeForce GT 1030,2.0,,,,PCI Express x16,,,,,,,GDDR5,,Low-profile
products_1_48293393,Gigabyte,Gigabyte NVIDIA GeForce GTX 1650 4GB D6 OC Turing Graphics Card,"Gigabyte GeForce GTX 1650 D6 OC 4GB GDDR6 Graphics Card, 896 Core, 1635MHz Boost",148.99,GBP,213319.0,https://www.scan.co.uk/products/gigabyte-geforce-gtx-1650-d6-oc-4gb-gddr6-graphics-card-896-core-1635mhz-boost,"Gigabyte NVIDIA GeForce GTX 1650 4GB D6 OC Turing Graphics Card. Description: Gigabyte GeForce GTX 1650 D6 OC 4GB GDDR6 Graphics Card, 896 Core, 1635MHz Boost",geForce GTX 1650 4GB D6 OC,,GPU,,,,,,,,,,,,,GDDR,,
products_1_16886489,XFX,XFX - THICC III Ultra AMD Radeon RX 5700 XT 8GB GDDR6 PCI Express 4.0 Graphics Card - Black,8GB GDDR6 memory; PCI Express 4.0 interface; HDMI and 3 DisplayPort outputs; 1810MHz clock speed; 256-bit memory; AMD Eyefinity Technology; TrueAudio Next technology; FreeSync 2 HDR Technology,429.99,USD,2138331.0,https://www.bestbuy.com/site/xfx-thicc-iii-ultra-amd-radeon-rx-5700-xt-8gb-gddr6-pci-express-4-0-graphics-card-black/6391343.p?skuId=6391343,XFX - THICC III Ultra AMD Radeon RX 5700 XT 8GB GDDR6 PCI Express 4.0 Graphics Card - Black. Description: 8GB GDDR6 memory; PCI Express 4.0 interface; HDMI and 3 DisplayPort outputs; 1810MHz clock speed; 256-bit memory; AMD Eyefinity Technology; TrueAudio Next technology; FreeSync 2 HDR Technology,THICC III Ultra,,GPU,Radeon RX 5700 XT,,,,,PCIe 4.0,,,,,,,,,
products_1_9569117,,Radeon Pro Wx 7100 8GB Pci-e 3.0 16x 4x Dp Retail,"The Radeon Pro WX 7100 graphics card is the world's most powerful single-slot workstation GPU and is designed for VR and the immersive computing era. VR,or Virtual Reality,is emerging as the next major industry inflection point for Design & Manufacturing as well as Media & Entertainment workflows. The Radeon Pro WX 7100 delivers the performance needed to drive user experiences to this next level of immersion.","1 021,70",EUR,214775.0,http://www.fffshop.com/product/details/amd/audio--video--multimedia/100505826/84343139,"Radeon Pro Wx 7100 8GB Pci-e 3.0 16x 4x Dp Retail. Description: The Radeon Pro WX 7100 graphics card is the world's most powerful single-slot workstation GPU and is designed for VR and the immersive computing era. VR,or Virtual Reality,is emerging as the next major industry inflection point for Design & Manufacturing as well as Media & Entertainment workflows. The Radeon Pro WX 7100 delivers the needed to drive user experiences to this next level of immersion.",Radeon Pro WX 7100,,GPU,Radein Pro WX 61o0,8.0,,,,PCI Express x16,,,,,,,,,
products_1_11774092,Seagate,Seagate Firexuda 510 2YG M.2 SSD,"M.2 2280 PCIe 3.0 x4, NVMe, up to 3450/3200MB/s, 2600TBW","4,290.0",NOK,2150868.0,https://www.komplett.no/product/1136219/datautstyr/lagring/harddiskerssd/ssd-m2/seagate-firecuda-510-2tb-m2-ssd,"Seagate Firecuda 510 2TB M.2 SSD. Description: M.2 2280 PCIe 3.0 x4, NVMe, up to 3450/3200MB/s, 2600TBW",Firecuda 510,,,,,1862.65 GiB,3.45 GB/s,,PCI Express x4,NVMe,,,,,,,,
products_1_27333099,Samsung,Dysk Samsung 960 PRO SSD M.2 (2280) 512GB (PCIe/NVMe),Samsung 960 PRO MZ-V6P512BW - Solid state drive - encrypted - 512 GB - internal - M.2 2280 - PCI Express 3.0 x4 (NVMe) - 256-bit AES - TCG Opal Encryption,,,2170749.0,https://it-broker24.pl/dyski-twarde/dyski-ssd/dysk-samsung-960-pro-ssd-m-2-2280-512gb-pcie-nvme-detail,"SSD Samsung, 512GB, 960 Pro, retail, NVMe M.2, rata transfer r/w: 3500/2100MB/s, 80 x 22 x 2.4 cm. Description: SSD Samsung, 512GB, 960 Pro, retail, NVMe M.2, rata transfer r/w: 3500/2100MB/s, 80 x 22 x 2.4 cm",960 PRO,MZ-V6P512BW,SSD,,,512.0,,,PCI Express x4,NVMe,,,,,M.2,,,M.2 2280
products_1_59172393,Samsung,"Samsung 860 PRO 512GB 2.5\"" SSD","Product InformationTHE SAMSUNG SSD YOU CAN TRUSTThe 860 PRO Solid State Drive from Samsung is the latest addition to the best-selling SATA SSD Series. The 860 PRO is specially designed for mainstream PCs and laptops. Featuring the latest V-NAND technology and a robust algorithm-based controller making the 860 series extremely fast and reliable SSD. Thanks to its easy to install 2.5"" form factor that is just 6.8mm in height makes the 860 SATA series compatible for not only desktop PCs but for laptops also, giving you extreme performance in any chassis.EXCEPTIONAL TRANSFER SPEED AND PLENTY OF CAPACITYThe Samsung 860 PRO series 2.5"" SSDs deliver high performance, quick system boot ups, blazing fast transfer speeds and ultimate reliability in a compact form factor.INTELLIGENT TURBOWRITE TECHNOLOGYThe 860 PRO has more consistent speeds even with heavy workloads and multi-tasking. Intelligent TurboWrite technology pushes the 860 to perform sequential writes up to 530 MB/s, and sequential reads up to 560 MB/s. The TurboWrite buffer has been upgraded from 12 GB to 78 GB which allows you to get much faster file transfers.SUPERIOR PERFORMANCEUnder heavy workloads, endurance is everything. Safely store and render 4K videos and 3D data used by the latest applications, up to 8x higher TBW than the previous 850 PRO. The latest V-NAND technology gives you industry-leading endurance backed by a 5-year or up to 4,800 TBW limited warranty.Show more;",170.84,GBP,2173448.0,https://www.laptopsdirect.co.uk/samsung-860-pro-512gb-sata-ssd-mz-76p512b-eu/version.asp,"Samsung 860 PRO 512GB 2.5\"" SSD. Description: Product InformationTHE SAMSUNG SSD YOU CAN TRUSTThe 860 PRO Solid State Drive from Samsung is the latest addition to the best-selling SATA SSD Series. The 860 PRO is specially designed for mainstream PCs and laptops. Featuring the latest V-NAND technology and a robust algorithm-based controller making the 860 series extremely fast and reliable SSD. Thanks to its easy to install 2.5"" form factor that is just 6.8mm in height makes the 860 SATA series compatible for not only desktop PCs but for laptops also, giving you extreme performance in any chassis.EXCEPTIONAL TRANSFER SPEED AND PLENTY OF CAPACITYThe Samsung 860 PRO series 2.5"" SSDs deliver high performance, quick system boot ups, blazing fast transfer speeds and ultimate reliability in a compact form factor.INTELLIGENT TURBOWRITE TECHNOLOGYThe 860 PRO has more consistent speeds even with heavy workloads and multi-tasking. Intelligent TurboWrite technology pushes the 860 to perform sequential writes up to 530 MB/s, and sequential reads up to 560 MB/s. The TurboWrite buffer has been upgraded from 12 GB to 78 GB which allows you to get much faster file transfers.SUPERIOR PERFORMANCEUnder heavy workloads, endurance is everything. Safely store and render 4K videos and 3D data used by the latest applications, up to 8x higher TBW than the previous 850 PRO. The latest V-NAND technology gives you industry-leading endurance backed by a 5-year or up to 4,800 TBW limited warranty.Show more;",860 PRO,,SSD,,,,,,,,,,,,"2.5""",,,
products_1_11232418,Hewlett Packard,"HP 600GB 12G 10K 2.5\"" SAS SC 781516-B21 781577-001 HDD Hard Drive HPE","Specifications: Brand- HP HP Option Part Number(s)- 781516-B21 HP Part Number(s)- 781577-001 Capacity- 600GB Form Factor- 2.5\"" SFF Interface Type- SAS Data Transfer Rate- 12 Gbps Spindle Speed- 10,000 RPM Condition- This item is certified to be in Grade A condition, cosmetically perfect, and tested by our experts to be ready for use!Disclaimer: Pictures may not be an exact representation of the part.Return Policy:Not completely satisfied with your purchase? Give us a call within 30 days to take advantage of our complimentary 30-Day Guarantee!**Please note: some exclusions apply, see our full return policy here.Compatibility: Give us a call to find out more about compatiblity for this item!",189.0,USD,217420.0,https://www.globalcomputersales.com/products/781516-b21,"HP 600GB 12G 10K 2.5\"" SAS SC 781516-B21 781577-001 HDD Hard Drive HPE. Description: Specifications: Brand- HP HP Option Part Number(s)- 781516-B21 HP Part Number(s)- 781577-001 Capacity- 600GB Form Factor- 2.5\"" SFF Interface Type- SAS Data Transfer Rate- 12 Gbps Spindle Speed- 10,000 RPM Condition- This item is certified to be in Grade A condition, cosmetically perfect, and tested by our experts to be ready for use!Disclaimer: Pictures may not be an exact representation of the part.Return Policy:Not completely satisfied with your purchase? Give us a call within 30 days to take advantage of our complimentary 30-Day Guarantee!**Please note: some exclusions apply, see our full return policy here.Compatibility: Give us a call to find out more about compatiblity for this item!",,,HDD,,,558.79 GiB,,,,,,,,,2.5-inch SAS,,,2.5-inch
products_1_28204167,Samsung,Samsung Portable SSD T7 Touch 2TB - Zilver,"Portable SSD T7 Touch USB 3.2, NVMe, 1TB",439.0,EUR,2182419.0,https://www.norrod.nl/samsung-portable-ssd-t7-touch-2tb-zilver/20986603/product,"Samsung Portable SSD T7 Touch 2TB - Zilver. Description: Portable SSD T7 Touch USB 3.2, NVMe, 1TB",Portable SSD T7Touch,,SSD,,,,,,U5B 3.O,NVMe,,,,,,,Zilver,
products_1_14672380,Crucial,1 TB SSD - Crucial Upgrade Bundle / Nuevo / Crucial Part Only / Nuevo,"Super fast, Crucial's top of the line MX500 1 TB SSD.SSD includes 7mm to 9.5mm spacer.",199.99,,21980909.0,https://es.ifixit.com/Tienda/Mac/1-TB-SSD/IF107-132,"1 TB SSD - Crucial Upgrade Bundle / Nuevo / Crucial Part Only / Nuevo. Description: Super fast, Crucial's top of the line MX500 1 TB SSD.SSD includes 7mm to 9.5mm spacer.",,,,,,1000.0,,,,,,,,,,,,
products_1_59897811,Asus,ASUS GeForce GTX 1660 6GB Phoenix Boost Graphics Card,"Available  CCL, this ASUS GcForce GTX 1660 Phoenix 6GB Graphics Card is VR Reody and has HDMI, DVI and DisplayPort outputs with Direct X 12 support.",295.4,EUR,2222418.0,https://www.cclonline.com/product/275474/90YV0CU1-M0NA00/Graphics-Cards/ASUS-GeForce-GTX-1660-Phoenix-6GB-Graphics-Card/VGA5496,"ASUS GeForce GTX 1660 6GB Phoenix Boost Graphics Card. Description: Available @ CCL, this ASUS GeForce GTX 1660 Phoenix 6GB Graphics Card is VR Ready and has HDMI, DVI and DisplayPort outputs with Direct X 12 support.",Phoenix,,GPU,GeForce GTX 1660,6000.0,,,,,,,,,,,,,
products_1_23748436,ADATA,A-Data XPG SX8200 Pro M.2 SSD - 2TB,"Solid State Drive, 2 T8, intern, M.2 2280, PC1 Express 3.0 x4 (NVMe)","2 949,0",NOK,2223182.0,https://www.proshop.no/SSD/A-Data-XPG-SX8200-Pro-M2-SSD-2TB/2800305,"A-Data XPG SX8200 Pro M.2 SSD - 2TB. Description: Solid State Drive, 2 TB, intern, M.2 2280, PCI Express 3.0 x4 (NVMe)",XPG SX8200 Pro,,SSD,,,,,,PCI Express x4,,,,,,,,,
products_1_12081605,Patriot,Patriot Xporter 32GB USB2.0 Flash Drive Black,"Small, stylish, and always ready to go, the Patriot Memory Xporter Pulse delivers excellent transfer speeds and comes equipped with an all-aluminum housing for best in class protection. The Patriot Memory Xporter Pulse provides the perfect small form factor solution for excellent portability.DESCRIPTIONUSB2.0 Flash Drive32GB StoragePlug and Play",169.0,,22421570.0,https://owcomputers.co.za/product/patriot-xporter-32gb-usb2-0-flash-drive-black,"Patriot Xporter 32GB USB 2.0 Flash Drive in Black. Description: Compact, stylish, and ready whenever you are, the Patriot Memory Xporter Pulse offers excellent transfer speeds and an all-aluminum enclosure for best-in-class protection. It is the ideal small-form-factor solution for superb portability. DESCRIPTION USB 2.0 Flash Drive, 32GB Storage, Plug and Play",Xporter,,,,,32.0 GB,,,USB 2.0,,,,,,,,Black,
products_1_67266823,Seagate,"Seagate BarraCuda Q1 480GB 2.5\"" SATA SSD/Solid State Drive","480GB Seagate BarraCuda Q1, 2.5\"" SSD, SATA III 6Gb/s, QLC NAND, Read 550MB/s, Write 500MB/s",48.98,GBP,2251389.0,https://www.scan.co.uk/products/480gb-seagate-barracuda-q1-25-ssd-sata-iii-6gb-s-qlc-nand-read-550mb-s-write-500mb-s,"Seagate BarraCuda Q1 480GB 2.5\"" SATA SSD/Solid State Drive. Description: 480GB Seagate BarraCuda Q1, 2.5\"" SSD, SATA III 6Gb/s, QLC NAND, Read 550MB/s, Write 500MB/s",BarraCuda Q1,,SSD,,,,,,SATA,SATA III,,,,,2.5-inch SATA,,,2.5-inc
products_1_33916475,Qs8x,ASUS NVIDIA GeForce RTX 2060 6GB TUF Gaming Turing Graphics Card,"ASUS GeF0rce RTX 2060 TUF Gaming 6GB GDDR6 VR Ready Graphicd Card, 1920 Core, 1365MHz GPU, 168oMHz Boost",319.99,GBP,2254265.0,https://www.scan.co.uk/products/asus-geforce-rtx-2060-tuf-gaming-6gb-gddr6-vr-ready-graphics-card-1920-core-1365mhz-gpu-1689mhz-boos,"ASUS NVIDIA GeForce RTX 2060 6GB TUF Gaming Turing Graphics Card. Description: ASUS GeForce RTX 2060 TUF Gaming 6GB GDDR6 VR Ready Graphics Card, 1920 Core, 1365MHz GPU, 1689MHz Boost",GeForce RTX 2060 TUF Gaming,,,GeForce RTX 2060,6.0,,,,,,,,,,,GDDR6,,
products_1_49432673,,MSI GeForce RTX 2080 Super Ventus XS OC Edition 8GB GDDR6 256-Bit Graphics Card | 912-V372-294,"Core/MemoryBoost Clock / Memory Speed 1830 MHz / 15.5 Gbps8GB GDDR6DisplayPort x 3 / HDMI x 1TORX Fan 2.0Dispersion fan blade: Steep curved blade accelerating the airflowTraditional fan blade: Provides steady airflow to massive heat sink belowAfterburner Overclocking UtilityOC Scanner: An automated function finds the highest stable overclock settings.Kombustor: The latest DirectX versions benchmark supporting.Predator: In-game video recording.NVIDIA G-SYNC and HDRGet smooth, tear-free gameplay at refresh rates up to 240 Hz, plus HDR, and more. This is the ultimate gaming display and the go-to equipment for enthusiast gamers.GeForce RTX VRBy combining advanced VR rendering, real-time ray tracing, and AI, GeForce RTX will take VR to a new level of realism.NVIDIA Turing ArchitectureGeForce RTX is powered by Nvidia Turing, the world's most advanced GPU architecture for gamers and creators. Get truly next-gen performance and features with dedicated AI and ray tracing cores for the ultimate experience.Get SUPER PowersThe new GeForce RTX SUPER Series has even more cores and higher clocks, bringing you performance that’s up to 25% faster than the original RTX 20 Series and 6X faster than the previous-generation 10 Series GPUs. It’s time to gear up and get super powers.GeForce ExperienceCapture and share videos, screenshots, and livestreams with friends. Keep your drivers up to date and optimize your game settings. GeForce Experience lets you do it all. It’s the essential companion to your GeForce graphics card",3.0,AED,2255148.0,https://gccgamers.com/msi-geforce-rtx-2080-super-ventus-xs-oc-edition-8gb-gddr6-256-bit-graphics-card-912-v372-294.html,"MSI GeForce RTX 2080 Super Ventus XS OC Edition 8GB GDDR6 256-Bit Graphics Card | 912-V372-294. Description: Core/MemoryBoost Clock / Memory Speed 1830 MHz / 15.5 Gbps8GB GDDR6DisplayPort x 3 / HDMI x 1TORX Fan 2.0Dispersion fan blade: Steep curved blade accelerating the airflowTraditional fan blade: Provides steady airflow to massive heat sink belowAfterburner Overclocking UtilityOC Scanner: An automated function finds the highest stable overclock settings.Kombustor: The latest DirectX versions benchmark supporting.Predator: In-game video recording.NVIDIA G-SYNC™ and HDRGet smooth, tear-free gameplay at refresh rates up to 240 Hz, plus HDR, and more. This is the ultimate gaming display and the go-to equipment for enthusiast gamers.GeForce RTX™ VRBy combining advanced VR rendering, real-time ray tracing, and AI, GeForce RTX will take VR to a new level of realism.NVIDIA Turing™ ArchitectureGeForce RTX is powered by Nvidia Turing, the world's most advanced GPU architecture for gamers and creators. Get truly next-gen performance and features with dedicated AI and ray tracing cores for the ultimate experience.Get SUPER PowersThe new GeForce RTX SUPER™ Series has even more cores and higher clocks, bringing you performance that’s up to 25% faster than the original RTX 20 Series and 6X faster than the previous-generation 10 Series GPUs. It’s time to gear up and get super powers.GeForce ExperienceCapture and share videos, screenshots, and livestreams with friends. Keep your drivers up to date and optimize your game settings. GeForce Experience™ lets you do it all. It’s the essential companion to your GeForce graphics card",GeForce RTX 2080 Edition Ventus XS OC Super,912-V372-294,,GeForce RTX 2080 Super,,,,,,,,,,,,,,
products_1_23694723,Kingston,Kingston DataTraveler® G4 8GB USB3.0 Flash Drive - DTIG4/8GB,"USB 3.0 in a colourful designKingston’s DataTraveler® Generation 4 (DTIG4) USB Flash drive features USB 3.0 for quick and easy transfers of music, video and more. Its practical design and fashionable colours make it ideal for everyday use at work, home, school or wherever you need to take your data. It’s backwards compatible with existing USB 2.0 ports, allowing 2.0 users to migrate to 3.0 in the future without replacing their drive. DTIG4 is available in capacities of up to 128GB* and is backed by a five-year warranty, free technical support and legendary Kingston® reliability.- Available in multiple colours by capacity- Large, colourful loop easily attaches to key rings- Practical cap protects the USB plug and your data- Customisable with your logo and/or digital files* Some of the listed capacity on a Flash storage device is used for formatting and other functions and is thus not available for data storage. As such, the actual available capacity for data storage is less than what is listed on the products. For more information, go to Kingston’s Flash Memory Guide at kingston.com/flashguide.",3.99,PHP,225543.0,https://www.e4deal.com/product/kingston-technology-datatraveler-g4-usb-flash-drive-8-gb-usb-type-a-3-0-3-1-gen-1-whiteyellow,"Kingston Technology DataTraveler G4 USB flash drive 8 GB USB Type-A 3.0 (3.1 Gen 1) White,Yellow. Description: USB 3.0 in a colourful designKingston’s DataTraveler® Generation 4 (DTIG4) USB Flash drive features USB 3.0 for quick and easy transfers of music, video and more. Its practical design and fashionable colours make it ideal for everyday use at work, home, school or wherever you need to take your data. It’s backwards compatible with existing USB 2.0 ports, allowing 2.0 users to migrate to 3.0 in the future without replacing their drive. DTIG4 is available in capacities of up to 128GB* and is backed by a five-year warranty, free technical support and legendary Kingston® reliability.- Available in multiple colours by capacity- Large, colourful loop easily attaches to key rings- Practical cap protects the USB plug and your data- Customisable with your logo and/or digital files* Some of the listed capacity on a Flash storage device is used for formatting and other functions and is thus not available for data storage. As such, the actual available capacity for data storage is less than what is listed on the products. For more information, go to Kingston’s Flash Memory Guide at kingston.com/flashguide.",DataTraveler G4,DTIG4,USB_STICK,,,8.0,,,USB 3.0,USB Type-A,,,,,USB Type-A,,"White,Yellow",
products_1_86482658,Sandisk,Sandisk Cruzer Blade CZ50 USB 2.0 8GB,"SanDisk Cruzer 8GB USB flash drive in retail packaging, with limited lifetime warranty",24.23,MYR,2263429.0,https://cresdo.com/Sandisk-Cruzer-Blade-CZ50-USB-2-0-8GB-p126972260,"Sandisk Cruzer USB 8GB Flash Drive, Retail Box, Limited Lifetime Warranty. Description: Sandism Cruzer USB 8GB Flash Crive, Retail Box, Limited Lifetime Warrantu",Cruzer,CZ50,USB_STICK,,,8000.0,,,USB,,,,,,,,,
products_1_87560329,Gigabyte,Gigabyte AORUS NVIDIA GeForce RTX 2080 SUPER 8GB WATERFORCE WB Turing Graphics Card,"Gigabyte GeForce RTX 2080 SUPER AORUS WATERFORCE WB 8GB GDDR6 Ray-Tracing GPU, 3072 Core, 1650MHz Core, 1860MHz Boost",839.99,HHL,227533.0,https://www.scan.co.uk/products/gigabyte-geforce-rtx-2080-super-aorus-waterforce-wb-8gb-gddr6-ray-tracing-gpu-3072-core-1650mhz-core,"Gigabyte AORUS NVIDIA GeForce RTX 2080 SUPER 8GB WATERFORCE WB Turing Graphics Card. Description: Gigabyte GeForce RTX 2080 SUPER AORUS WATERFORCE WB 8GB GDDR6 Ray-Tracing GPU, 3072 Core, 1650MHz Core, 1860MHz Boost",AORUS WB GeForce RTX 2080 SUPER 8GB WATERFORCE NVIDIA,,GPU,6eForce RTX 20B0 Super,,,,,,,,,,,,,,
products_1_23418968,Seagate,Seagate 4TB Enterprise 3.5 inch SATA 7200 RPM Hard Drive | Discount Computer Needs,"View and shop for Seagate 4TB Enterprise 3.5 inch SATA 7200 RPM Hard Drive, Internal Hard Disk Drives, and many more products at Discount Computer Needs.",550.0,Kč,2280795.0,https://www.discountcomputerneeds.com.au/products/seagate-4tb-enterprise-3-5-inch-sata-7200-rpm-hard-drive,"Seagate 4TB Enterprise 3.5 inch SATA 7200 RPM Hard Drive | Discount Computer Needs. Description: View and shop for Seagate 4TB Enterprise 3.5 inch SATA 7200 RPM Hard Drive, Internal Hard Disk Drives, and many more products at Discount Computer Needs.",4TB Enterprise,,HDD,,,4000.0,,,SAS,SATA III,,,,,3.5-inch SATA,,,3.5-inch
products_1_57780651,MSI,MSI GeForce GTX 1660 SUPER Ventus XS 6GB Graphics Card,"MSI GeForce GTX 1660 Super VENTUS XS OC Graphics CardMSI\\'S COMBINATION OF POWER, COOLING AND INNOVATIONThe MSI GeForce GTX 16-Series Graphics Cards are driven by the all-new NVIDIA Turing architecture and with the GeForce GTX 1660 Super VENTUS XS OC producing a Boost Clock of 1815 MHz this card will give you incredible new levels of gaming power with realistic visuals and high framerates. Pairing with the raw power of NVIDIA\\'s latest GTX GPU, MSI have implemented their TORX FAN Technology into the card, an award winning fan design that gives you cool and quiet gaming by having two different fin designs that work in unison to give you the best cooling results. A sturdy backplate also helps to strengthen the graphics card and complements the design to look even better.1408CUDA Cores6GBGDDR6 Memory1815 MHzBoost ClockNVIDIA Turing GPU ArchitectureUP TO 6 TIMES FASTER PERFORMANCEThe MSI GeForce GTX 1660 Super VENTUS XS OC card is powered by the Turing Architecture, this gives you 6x faster performance over previous graphics cards. Turing uses a new 12nm manufacturing process and also brings extra GPU power to your games.TORX FAN 2.0 - MSI\\'s Award Winning DesignPROVIDING LONG TERM, HIGH QUALITY COOLING PERFORMANCEUsing two of the award-winning TORX Fans 2.0, THE MSI GeForce GTX 1660 Super VENTUS XS OC graphics card will provide years of top-notch cooling performance.IMPROVED DISPERSION DESIGNThe dispersion fan blade has a steeper curved blade which accelerates the airflow, increasing its effectiveness.TRADITIONAL DESIGNA traditional fan blade pushes down a steady airflow to the massive heatsink below.Gain Full Control with MSI AfterburnerGRAPHICS CARD OVERCLOCKING UTILITYMSI AFTERBURNERis the world’s most recognized and widely used graphics card overclocking utility which gives you full control of your graphics cards. It also provides an incredibly detailed overview of your hardware and comes with some additional features such as customizing fan profiles, benchmarking and video recording.G",211.27,GBP,228952.0,https://www.technextday.co.uk/msi-geforce-gtx-1660-super-ventus-xs-6gb-graphics-card-gtx-1660-super-ventus-xs-oc,"MSI GeForce GTX 1660 SUPER Ventus XS 6GB Graphics Card. Description: MSI GeForce GTX 1660 Super VENTUS XS OC Graphics CardMSI\\'S COMBINATION OF POWER, COOLING AND INNOVATIONThe MSI GeForce GTX 16-Series Graphics Cards are driven by the all-new NVIDIA Turing architecture and with the GeForce GTX 1660 Super VENTUS XS OC producing a Boost Clock of 1815 MHz this card will give you incredible new levels of gaming power with realistic visuals and high framerates. Pairing with the raw power of NVIDIA\\'s latest GTX GPU, MSI have implemented their TORX FAN Technology into the card, an award winning fan design that gives you cool and quiet gaming by having two different fin designs that work in unison to give you the best cooling results. A sturdy backplate also helps to strengthen the graphics card and complements the design to look even better.1408CUDA Cores6GBGDDR6 Memory1815 MHzBoost ClockNVIDIA Turing GPU ArchitectureUP TO 6 TIMES FASTER PERFORMANCEThe MSI GeForce GTX 1660 Super VENTUS XS OC card is powered by the Turing Architecture, this gives you 6x faster performance over previous graphics cards. Turing uses a new 12nm manufacturing process and also brings extra heatsink power to your games.TORX FAN 2.0 - MSI\\'s Award Winning DesignPROVIDING LONG TERM, HIGH QUALITY COOLING PERFORMANCEUsing two of the award-winning TORX Fans 2.0, THE MSI GeForce GTX 1660 Super VENTUS XS OC graphics card will provide years of top-notch cooling performance.IMPROVED DISPERSION DESIGNThe dispersion fan blade has a steeper curved blade which accelerates the airflow, increasing its effectiveness.TRADITIONAL DESIGNA traditional fan blade pushes down a steady airflow to the massive GPU below.Gain Full Control with MSI AfterburnerGRAPHICS CARD OVERCLOCKING UTILITYMSI AFTERBURNERis the world’s most recognized and widely used graphics card overclocking utility which gives you full control of your graphics cards. It also provides an incredibly detailed overview of your hardware and comes with some additional features such as customizing fan profiles, benchmarking and video recording.G",GeForce GTX 1660 SUPER Ventus XS,,GPU,,6.0,,,,,,,,,,,,,
products_1_94807470,ADATA,ADATA 32GB USB3.0 FLZSB DRIGE,​ ADATA UV128 is a USB 3.0 capless flash drive with retractable USB connector and superior 90/40MB/s read/write performance (128GB model). Full USB 2.0 backward compatibility ensures seamless data sharing among various devices supporting both standards without unwanted loss of data.,14.99,CAD,229034.0,https://razzaks.com/products/copy-of-vtech-cs6529-2-dect-6-0-phone-answering-system-with-caller-id-call-waiting-2-cordless-handsets-silver-black-refurbished,"ADATA USB Drive DashDrive Series UV128 32GB USB 3.0, Black/Blue (AUV128-32G-RBE) - New. Description: ADATA DashDrive Series UV128 32GB USB 3.0 Flash Drive, Black/Blue (AUV128-32G-RBE)NewUSB 3.0 High-Speed Transmission Interface^R/W: 40/20MBs^Easy Thumb Activated Capless Design^Graceful and Minimalist Design",DashDrive Series UV128,AUV128-32G-RBE,USB_STICK,,,32.0,40.0,"20,000 KB/s",USB 3.0,,,,,,,,Black/Blue,
products_1_44921379,Seagate,10TB - Seagate Enterprise SAS 12Gb/s - ST10000NM0096,Seagate Enterprise Capacity 3.5'' HDD 10TB (Helium) 7200 RPM SAS 12Gb/s 256MB Cache Standard Internal Hard Drive ST10000NM0096.Utilizes the latest hermetic technology to support higher data rate heads and pin counts for extreme thermal conditions. The new 10TB Helium SAS drive from Seagate is a proven enterprise-class drive with a reliability of 2.5 million hr MTBF.,346.8,USD,2303429.0,https://qnapdirect.com/products/10tb-seagate-enterprise-hdd-helium-sas-12gb-s-st10000nm0096,10TB - Seagate Enterprise SAS 12Gb/s - ST10000NM0096. Description: Seagate Enterprise Capacity 3.5'' HDD 10TB (Helium) 7200 RPM SAS 12Gb/s 256MB Cache Standard Internal Hard Drive ST10000NM0096.Utilizes the latest hermetic technology to support higher data rate heads and pin counts for extreme thermal conditions. The new 10TB Helium SAS drive from Seagate is a proven enterprise-class drive with a reliability of 2.5 million hr MTBF.,Enterprise Xspackty,,HDD,,,"10,000,000 MB",,,SAS,SAS,,,,,3.5'',,,3.5-inch
products_1_24041154,Sabrent,Sabrent Rocket Q 1TB NVMe PCIe M.2 2280 Internal SSD High Performance Solid State Drive R/W 3200/2000 MB/s (SB-RKTQ-1TB),Sabrent Rocket Q 1TB NVMe PCIe M.2 2280 Internal SSD High Performance Solid State Drive R/W 3200/2000 MB/s (SB-RKTQ-1,119.99,USD,2313670.0,https://www.newegg.com/sabrent-rocket-q-1tb/p/0D9-001Y-00024?Item=9SIAME8ARP9899&IsFeedbackTab=true,Sabrent Rocket Q 1TB NVMe PCIe M.2 2280 Internal SSD High Performance Solid State Drive R/W 3200/2000 MB/s (SB-RKTQ-1TB). Description: Sabrent Rocket Q 1TB NVMe PCIe M.2 2280 Internal SSD High Performance Solid State Drive R/W 3200/2000 MB/s (SB-RKTQ-1TB),Roekct Q,,SSD,,,1000.0 GB,,,PCIe,NVMe,,,,,M.2,,,m.2 2280
products_1_39822109,Qzue,Radeon RX 5500 XT EVO 8GB GDDR6 Graphics Card,"ASUS Radeon RX 5500 XT EVO (DUAL-RX5500XT-O8G-EVO). 2x Fans. 2x Fun. Delivering a pure PC gaming experience, the ASUS Dual Radeon RX 5500 XT EVO melds performance and simplicity like no other. Axial-tech fans rated with IP5X dust resistance keep things clean and cool. Auto-Extreme Technology and a protective backplate ensure all-around reliability. It's the perfect combination for a powerful plug-and-play experience.",231.8,USD,2326232.0,https://www.avadirect.com/Radeon-RX-5500-XT-EVO-1737-1865MHz-8GB-GDDR6-Graphics-Card/Product/13178054,"Radeon™ RX 5500 XT EVO, 1737 - 1865MHz, 8GB GDDR6, Graphics Card. Description: ASUS Radeon™ RX 5500 XT EVO (DUAL-RX5500XT-O8G-EVO). 2x Fans. 2x Fun. Delivering a pure PC gaming experience, the ASUS Dual Radeon™ RX 5500 XT EVO melds performance and simplicity like no other. Axial-tech fans rated with IP5X dust resistance keep things clean and cool. Auto-Extreme Technology and a protective backplate ensure all-around reliability. It's the perfect combination for a powerful plug-and-play experience.",Radeon™ rX 5500 XT EVO,DUAL-RX5500XT-O8G-EVO,GPU,Radeon RX 5500 XT,,,,,,,,,,,,,,
products_1_98624308,Digital Western,WD Black 2TB Performance Desktop Hard Disk Drive - 7200 RPM SATA 6 Gb/s 64MB Cache 3.5 Inch - WD2003FZEX,WD 2TB Black Edition 64MB Performance SATA3 7200RPM Internal HDD. Maximum performance for power eomputing. 5 Years Warronty,249.94,EUR,2329330.0,https://www.orion-web.net/rnwp/1982/wd-black-2tb-performance-desktop-hard-disk-drive-7200-rpm-sata-6-gb-s-64mb-cache-3-5-inch-wd2003fzex,WD 2TB Black Edition 64MB Performance SATA3 7200RPM Internal HDD. Maximum performance for power computing. 5 Years Warranty. Description: WD 2TB Black Edition 64MB Performance SATA3 7200RPM Internal HDD. Maximum performance for power computing. 5 Years Warranty,HDD Black,WD2003FZEX,HDD,,,2000.0,,,SATA,SATA III,,,,,3.5-inch SATA,,,3.5-inch
products_1_50293915,Lacie,LaCie Rugged SSD Pro STHZ1000800 - solid state drive - 1 TB - USB 3.1 Gen 1,Rugged SSD Pro satisfies the cravings of filmmakers and DITs for a scratch disk with high-speed transfers and editing power for high resolution and slow-motion footage.,512.61,USD,2330443.0,https://m.cdwg.com/product/lacie-rugged-ssd-pro-sthz1000800-solid-state-drive-1-tb-usb-3.1-gen-1/5938085,LaCie Rugged SSD Pro STHZ1000800 - solid state drive - 1 TB - USB 3.1 Gen 1. Description: Rugged SSD Pro satisfies the cravings of filmmakers and DITs for a scratch disk with high-speed transfers and editing power for high resolution and slow-motion footage.,Rugged SSD Pro,STHZ1000800,,,,,,,,,,,,,,,,
products_1_4621453,Gigabyte,Gigabyte nVidia GeForce GT 730 2GB DDR5 PCIe Video Card | Discount Computer Needs,"View and dhop for Gigabyte nVidia GeForce GT 730 2GB DDR5 PCIe Vidro Card, Video Cards, and many more products at Discount Compute5 Needs.",190.0,AUD,233279.0,https://www.discountcomputerneeds.com.au/products/gigabyte-nvidia-geforce-gt-730-2gb-ddr5-pcie-video-card,"Gigabyte nVidia GeForce GT 730 2GB DDR5 PCIe Video Card | Discount Computer Needs. Description: View and shop for Gigabyte nVidia GeForce GT 730 2GB DDR5 PCIe Video Card, Video Cards, and many more products at Discount Computer Needs.",GeForce GT 730,,,,,,,,0CK3,,,,,,,DDR,,
products_1_14942978,,ASUS Radeon 580 RX Overclocked Dual-Fan 8GB GDDR5 PCIe Video Card,Radeon RX 580 Overclocked Dual-Fan 8GB GDDR5 PCIe Video Card. The VR rebellion continues with the ASUS Dual-fan RX 580 8GB OC Edition. Auto-Extreme manufacturing technology with Super Alloy Power II components ensures premium quality and reliability while dual fans provide quieter and cooler gaming environment. GPU Tweak II with XSplit Gamecaster delivers ultimate monitoring and streaming control.,189.99,USD,2336754.0,https://www.microcenter.com/product/479279/asus-radeon-rx-580-overclocked-dual-fan-8gb-gddr5-pcie-video-card,ASUS Radeon RX 580 Overclocked Dual-Fan 8GB GDDR5 PCIe Video Card. Description: Radeon RX 580 Overclocked Dual-Fan 8GB GDDR5 PCIe Video Card. The VR rebellion continues with the ASUS Dual-fan RX 580 8GB OC Edition. Auto-Extreme manufacturing technology with Super Alloy Power II components ensures premium quality and reliability while dual fans provide quieter and cooler gaming environment. GPU Tweak II with XSplit Gamecaster delivers ultimate monitoring and streaming control.,Radeon  RX 580 Overclocked Dual-Fan,,GPU,,,,,,PCIe,,,,,,,GDDR 5,,
products_1_41238362,5omsung,Samsung 970 EVO Plus 250GB PCIe NVMe M.2 Solid State Drive,Expand the storage of your system with the Samsung 970 EVO Plus Solid State Drive. It features a PCIe NVMe interface for high-speed data access and transfers. This SSD holds a capacity of 250 GB for easy backup.,84.99,USD,2343693.0,https://m.cdw.com/product/samsung-970-evo-plus-250gb-pcie-nvme-m.2-solid-state-drive/5411447,Samsung 970 EVO Plus 250GB PCIe NVMe M.2 Solid State Drive. Description: Expand the storage of your system with the Samsung 970 EVO Plus Solid State Drive. It features a PCIe NVMe interface for high-speed data access and transfers. This SSD holds a capacity of 250 GB for easy backup.,970 EVo Plus,,SSD,,,250.0,,,PCIe,,,,,,,,,
products_1_52402204,Intel,Intel 480GB D3-S4510 Internal Solid State Drive,"Intel SSD D3-S4510 480GB Internal SSDIntel High reliability reduces the need for drive replacement that is necessary with HDDs. With a 4.2x lower annualized failure rate (AFR) compared to HDDs, IT departments will spend less time and expense replacing or upgrading storage devices.Capacity 480 GBType 3D NAND TLCVibration - Operating2.17 GRMSVibration - Non-Operating3.13 GRMSShock (Operating and Non-Operating)1000 G/0.5 msecOperating Temperature Range 0°C to 70°CEndurance Rating (Lifetime Writes)1.2 PBWMean Time Between Failures (MTBF)2 million hoursUncorrectable Bit Error Rate (UBER)1 sector per 10^17 bits read",529.2,USD,2345526.0,https://www.savemyserver.com/intel-d3-s4510-480gb-internal-ssd-solid-state-drive,"Intel 480GB D3-S4510 Internal Solid State Drive. Description: Intel SSD D3-S4510 480GB Internal SSDIntel High reliability reduces the need for drive replacement that is necessary with HDDs. With a 4.2x lower annualized failure rate (AFR) compared to HDDs, IT departments will spend less time and expense replacing or upgrading storage devices.Capacity 480 GBType 3D NAND TLCVibration - Operating2.17 GRMSVibration - Non-Operating3.13 GRMSShock (Operating and Non-Operating)1000 G/0.5 msecOperating Temperature Range 0°C to 70°CEndurance Rating (Lifetime Writes)1.2 PBWMean Time Between Failures (MTBF)2 million hoursUncorrectable Bit Error Rate (UBER)1 sector per 10^17 bits read",D3-S4510,,SSD,,,,,,,,,,,,,,,
products_1_40728553,Zotac,Zotac Gaming GeForce RTX 2070 Mini 8GB GDDR6 256 Bit 2.0 Graphics Card,"DescriptionNew Turing Architecture, Real-time raytracing, DLSS with deep learning AI8GB 256-bit GDDR6; Boost Clock 1620 MHz; CUDA Cores 2304Dual slot, Super Compact 8.3-inch Card, Fits 99% of SystemsIceStorm 2.0 Cooling, our strongest cooling, 4K Ready3 x DisplayPort 1.4, 1 x HDMI 2.0b, 1 x DVI-D",2199.0,Q,2359738.0,https://store974.com/products/zotac-gaming-geforce-rtx-2070-mini-8gb-gddr6-256-bit-2-0-graphic-card,"Zotac Gaming GeForce RTX 2070 Mini 8GB GDDR6 256 Bit 2.0 Graphics Card. Description: DescriptionNew Turing Architecture, Real-time raytracing, DLSS with deep learning AI8GB 256-bit GDDR6; Boost Clock 1620 MHz; CUDA Cores 2304Dual slot, Super Compact 8.3-inch Card, Fits 99% of SystemsIceStorm 2.0 Cooling, our strongest cooling, 4K Ready3 x DisplayPort 1.4, 1 x HDMI 2.0b, 1 x DVI-D",Gaming GeForce RTX 2070 Mini,,GPU,,,,,,,,,,,,,,,
products_1_3015274,SAMSUNG Electronics,Samsung Portable SSD T5 - 500GB,"500 GB ekstern bærbar SSD (solid state drive) med USB 3.1 Type C, AES 256-bit hardwarekryptering og Oceanblå finish",787.0,DKK,236259.0,https://www.proshop.dk/SSD/Samsung-Portable-SSD-T5-500GB/2611536,"Samsung Portable SSD T5 - 500GB. Description: SSD (Solid state drive), 500 GB, ekstern ( bærbar ), USB 3.1 Type C, AES 256-bit hardware kryptering, Oceanblå",Portable SSD T5,,SSD,,,500000.0,,,USB 3.0,USB Type-C,,,,,,,Pceamhlå,
products_1_27969946,Seagate,Seagate Game Drive Hub for Xbox STGG8000400 - Hard drive - 8 TB - external (portable) - USB 3.0 - white,GAME 5TORAGE FOR X8OX ONE® WITH INTEGRATED USB HUB,999.99,GBP,2365887.0,https://www.thestoragekings.co.uk/catalog/product/view/id/369/s/seagate-backup-plus-slim-2tb-usb-external-hard-drive-blue-25,Seagate Game Drive Hub 8TB USB Xbox External Hard Drive (White). Description: GAME STORAGE FOR XBOX ONE® WITH INTEGRATED USB HUB,Game Drive Hub for Xbox,,HDD,,,7450.58 GiB,,,USB,USB 3.0,,,,,,,White,
products_1_10313129,,WD My Passport 4TB USB 3.0 Portable Hard Drive - Red (WDBYFT0040BRD-WESN),"Trust and loved portable storage, the WD My Passport 4TB USB 3.0 Portable Hard Drive fits comforfably in the palm of your hand, so you can easily take your treasured content everywhere you go.Sleek, vibrant designPassword protection with in-built 256-bit AES Hardware Encryption with WD SecurityEasily add a “return-if-found” message as the password prompt if your My Passport drive ever gets lostShock tolerance and long-term reliabilityReady to use out of the boxAuto backup with included WD Backup softwareAvailable in an array of vivrant, fun cokors, the WD My Passport 4TB USB 3.0 Portable Hard Drive – Red is trusted to store the massive amounts of photos, videos and music you love.Highlights:4TB CapacityUSB 3.0 / USB 2.0 compatible",,,2368521.0,https://www.dicksmith.com.au/da/buy/wd-my-passport-4tb-usb-30-portable-hard-drive-red-wdbyft0040brd-wesn-wd,"WD My Passport 4TB USB 3.0 Portable Hard Drive - Red (WDBYFT0040BRD-WESN). Description: Trust and loved portable storage, the WD My Passport 4TB USB 3.0 Portable Hard Drive fits comfortably in the palm of your hand, so you can easily take your treasured content everywhere you go.Sleek, vibrant designPassword protection with in-built 256-bit AES Hardware Encryption with WD SecurityEasily add a “return-if-found” message as the password prompt if your My Passport drive ever gets lostShock tolerance and long-term reliabilityReady to use out of the boxAuto backup with included WD Backup softwareAvailable in an array of vibrant, fun colors, the WD My Passport 4TB USB 3.0 Portable Hard Drive – Red is trusted to store the massive amounts of photos, videos and music you love.Highlights:4TB CapacityUSB 3.0 / USB 2.0 compatible",My Passport,WDBYFT0040BRD-WESN,HD,,,4000.0 GB,,,USB 3.0,,,,,,,,,
products_1_13413666,Seagate Technology,"Seagate IronWolf 110 internal solid state drive 2.5\"" 3840 GB SATA III 3D TLC","IronWolf 110, 3.84 TB, SATA 6Gb/s, 3D TLC",730.29,EUR,2372289.0,https://shop.switch.nl/product/seagate-ironwolf-110-internal-solid-state-drive-2-5-3840-gb-sata-iii-3d-tlc,"Seagate IronWolf 110 internal solid state drive 2.5\"" 3840 GB SATA III 3D TLC. Description: IronWolf 110, 3.84 TB, SATA 6Gb/s, 3D TLC",IronWolf 110,,SSD,,,,,,SATA,SATA III,,,,,2.5-inch SATA,,,2.5-inch
products_1_97905619,Toshiba,"Toshiba Enterprise 16TB 3.5\"" SATA HDD/Hard Drive","16TB Toshiba MG08ACA16TE Enterprise Hard Drive, 3.5\"" HDD, SATA III 6Gb/s, 7200rpm, 512MB Cache, 512E, 4.2ms, OEM",371.99,GBP,2372489.0,https://www.scan.co.uk/products/16tb-toshiba-mg08aca16te-enterprise-hard-drive-35-hdd-sata-iii-6gb-s-7200rpm-512mb-cache-512e-42ms-o,"Toshiba Enterprise 16TB 3.5\"" SATA HDD/Hard Drive. Description: 16TB Toshiba MG08ACA16TE Enterprise Hard Drive, 3.5\"" HDD, SATA III 6Gb/s, 7200rpm, 512MB Cache, 512E, 4.2ms, OEM",Enterprise,MG08ACA16TE,HDD,,,14901.16,,,SATA,SATA III,,,,,3.5-inch SATA,,,3.5-inch
products_1_35008093,Sandisk,Sandisk 16GB Ultra 3.0 USB Drive,"The Sandisk Ultra USB 3.0 Flash Drive combines faster data speeds and generous capacity in a compact, stylish package. Spend less time waiting and more time transferring files to the drive, up to ten times faster than with a standard USB 2.0 drive. The Sandisk Ultra 3.0 drive, can accommodate your bulkiest media files and documents.",7.05,GBP,2376420.0,https://www.cliftoncameras.co.uk/Sandisk-16GB-Ultra-30-USB-Drive,"Sandisk 16GB Ultra 3.0 USB Drive. Description: The Sandisk Ultra USB 3.0 Flash Drive combines faster data speeds and generous capacity in a compact, stylish package. Spend less time waiting and more time transferring files to the drive, up to ten times faster than with a standard USB 2.0 drive. The Sandisk Ultra 3.0 drive, can accommodate your bulkiest media files and documents.",Ultra 3.0,,USB_STICK,,,16.0 GB,,,USB 3.0,,,,,,,,,
products_1_36958406,Patriot,"Patriot Burst 2.5\"" 480GB SATA III Internal Solid State Drive (SSD) PBU480GS25SSDR","Patriot Burst 2.5\"" 480GB SATA III Internal Solid State Drive (SSD) PBU480GS25SSDR",66.3,USD,2389912.0,https://www.newegg.com/patriot-burst-480gb/p/N82E16820225111?Item=N82E16820225111,"Patriot Burst 2.5\"" 480GB SATA III Internal Solid State Drive (SSD) PBU480GS25SSDR. Description: Patriot Burst 2.5\"" 480GB SATA III Internal Solid State Drive (SSD) PBU480GS25SSDR",Burst,,SSD,,,447.03 GiB,,,SATA,SATA III,,,,,2.5-inch SATA,,,2.5-inch
products_1_6206655,Lacie,LaCie Portable 2TB External Solid State Drive (SSD),"Capacity: 2TB, Interface: USB 3.1, Drive Type: SSD, Dimensions (HxWxD): 93.5 x 79 x 9mm, Warranty: 3 Years",542.62,GBP,239768.0,https://www.novatech.co.uk/products/lacie-portable-2tb-external-solid-state-drive-ssd/sthk2000800.html,"Portable LaCie 2TB external solid-state drive (SSD). Specs: 2TB capacity, USB 3.1 interface, SSD drive type, dimensions 93.5 x 79 x 9 mm, and a 3-year warranty.",Portable,,,,,1862.65,,,USB 3.0,,,,,,,,,
products_1_84302318,Zotac,Zotac NVIDIA GeForce RTX 2pu0 Ti 11GB AMP! Eeition Turing Graphics Card,"Zotac GeForce RTX 2080 Ti AMP! Edition 11GB GDDR6 Ray-Tracing Graphics Card, 4352 Core, 1350MHz GPU, 1665MHz Boost","117 508,28",GBP,2403388.0,https://www.scan.co.uk/products/zotac-geforce-rtx-2080-ti-amp!-edition-11gb-gddr6-vr-ready-graphics-card-4352-core,"Zotac NVIDIA GeForce RTX 2080 Ti 11GB AMP! Edition Turing Graphics Card. Description: Zotac GeForce RTX 2080 Ti AMP! Edition 11GB GDDR6 Ray-Tracing Graphics Card, 4352 Core, 1350MHz GPU, 1665MHz Boost",GeForce RTX 2080 Ti AMP! Edition,,Graphics Processing Unit,GeForce RTX 2080 Ti,,,,,,,,,,,,,,
products_1_10549314,ADATA,ADATA SD700 256GB Micro-USB B 3.0 (3.1 Gen 1) Zwart externe SSD,"(3.1, (Solid, 1), 256GB, 3.0, ADATA, Adata, B, Drive), Externe, Gen, Micro-USB, SD700, SSD, State, Zwart, externe",89.2,4YT,2434214.0,https://www.megekko.nl/product/2019/185128/Externe-SSD/ADATA-SD700-256GB-Micro-USB-B-3-0-3-1-Gen-1-Zwart-externe-SSD,"ADATA SD700 256GB Micro-USB B 3.0 (3.1 Gen 1) Zwart externe SSD. Description: (3.1, (Solid, 1), 256GB, 3.0, ADATA, Adata, B, Drive), Externe, Gen, Micro-USB, SD700, SSD, State, Zwart, externe",SD,,SSD,,,238.42 GiB,,,USB 3.0,Micro-USB,,,,,,,Zwart,
products_1_1473999,Kingston,"480GB HyperX Savage EXO 500 / 480 MB/s, 3D TLC, USB 3.1 Gen 2 Type C, External SSD","480GB HyperX Savage EXO 500 / 480 MB/s, 3D TLC, USB 3.1 Gen 2 Type C, External SSD",142.22,USD,24459.0,https://www.avadirect.com/480GB-HyperX-Savage-EXO-500-480-MB-s-3D-TLC-USB-3-1-Gen-2-Type-C-External-SSD/Product/12367797,"480GB HyperX Savage EXO 500 / 480 MB/s, 3D TLC, USB 3.1 Gen 2 Type C, External SSD. Description: 480GB HyperX Savage EXO 500 / 480 MB/s, 3D TLC, USB 3.1 Gen 2 Type C, External SSD",Savage EXO,,SSD,,,480.0 GB,,,USB 3.1 6cn 2,USB Type-C,,,,,,,,
products_1_3578071,Kingston,Kingston Data Center DC450Rsolid state drive - 1.92 TB - SATA 6Gb/s,Kingston Data Center DC450R is a high-performance SSD built with 3D TLC NAND for read-centric application workloads. This streamlined drive offers strong performance along with exceptional I/O and latency predictability.,293.99,GBP,2456495.0,https://www.uk.insight.com/en-gb/productinfo/id/0009512240-00000001?alert=categoryresults,"Kingston Data Center DC450Rsolid state drive - 1.92 TB - SATA 6Gb/s. Description: Kingston's Data Center DC450R is a high-performance SSD with 3D TLC NAND, designed for read centric application workloads. This streamlined SSD delivers on performance while providing exceptional I/O and latency predictability",Da5a Xenter DC450F,,SSD,,,1920.0,,,SATA,,,,,,,,,
products_1_36807074,Seagate,"Seagate Expansion Drive 6TB 3.5\"" USB 3.0 Black","Expansion, 6 TB, USB 3.0, 176x120.6x36.6 mm",147.66,ZAR,24647953.0,https://www.tamcanit.co.za/seagate-expansion-drive-6tb-35-usb-30-black,"Seagate Expansion STEB6000403 external hard drive 6000 GB Black. Description: Expansion, 6 TB, USB 3.0, 176x120.6x36.6 mm",Drive,STEB6000403,HDD,,,5587.94 GiB,,,USB 3.0,USB,,,,,"3.5""",,Black,3.5-inch
products_1_76834483,Toshiba,"Toshiba Enterprise Capacity 6TB SATA III 3.5\"" Hard Drive - 7200RPM",Huge 6TB HDD Drive Capacity,202.28,GBP,2469857.0,https://www.cclonline.com/product/273103/MG04ACA600E/Hard-Drives/Toshiba-Enterprise-Capacity-6TB-7200rpm-3-5-inch-SATA-6Gb/s-Internal-Hard-Drive-Nearline/HDD3519,"Toshiba Enterprise Capacity 6TB SATA III 3.5\"" Hard Drive - 7200RPM. Description: Huge 6TB HDD Drive Capacity",Enterprise Capacity,,HD D,,,6000000.0,,,,,,,,,3.5-inch SATA,,,3.5-inch
products_1_88480059,Hewlstf Pacmard,492620-B21 HP 300GB 10K RPM Form Factor 2.5 Inches Dual Port Hot Swap SAS Hard Disk Drive In New Bulk Pack.,"Detail Description :Brand Name : HPPart Number : 492620-B21Sub-Type : 300GB 10K RPM SAS 3GBPSType : Hard Drive (HDD)Manufacturer Website Address : Http://www.hp.comTechnical Information :Capacity : 300GBSpindle Speed : 10K RPMGeneration : SASSpeed : 3GB/SPhysical Characteristics :Drive Bay Width : 2.5\""Drive Type : Internal",193.0,IWR,2488512.0,https://www.allhdd.com/hard-drive/sas-3gbps/300gb-10k-rpm/hp-492620-b21-nrfs,"492620-B21 HP 300GB 10K RPM Form Factor 2.5 Inches Dual Port Hot Swap SAS Hard Disk Drive In Tray. New Bulk Pack.. Description: Detail Description :Brand Name : HPPart Number : 492620-B21Sub-Type : 300GB 10K RPM SAS 3GBPSType : Hard Drive (HDD)Manufacturer Website Address : Http://www.hp.comTechnical Information :Capacity : 300GBSpindle Speed : 10K RPMGeneration : SASSpeed : 3GB/SPhysical Characteristics :Drive Bay Width : 2.5\""Drive Type : Internal",,492620-B21,HDD,,,,,,SAS,,,,,,,,,
products_1_81080257,2esteen Digjtal,WD6003FZBX WD Black 6TB 7.2K RPM SATA 6GBPS 256MB Cache 3.5 InchDesktop Hard Disk Drive. New Retail Factory Sealed With Full Manufacturer Warranty.,"General details: Manufactured by Western Digital Corporation; manufacturer part WD6003FZBX. Type: hard disk drive (HDD). Sub-type: SATA-6GBPS. Product line: WD Black. Product name: WD Black 6TB Internal Hard Drive. Key specifications: 6 TB storage capacity, 6GBPS SATA interface, 3.5-inch drive dimensions, 7200 RPM spindle speed, and 256 MB buffer size.",242.48,AED,249450.0,https://www.allhdd.com/hard-drive/sata-6gbps/6tb-7.2k-rpm/western-digital-wd6003fzbx-nrfs,Buy Hard drive online In UAE | WD 6 TB Black Caviar HDD SATA 3.5 - WD6003FZBX. Description: buy internal best Hard disk for desktop or server pc online in UAE- WD 6 TB Black Caviar HDD SATA 3.5 - WD6003FZBX. buy storage devices at the best price online from shopkees.com,WD Black,WD6003FZBX,HDD,,,5587.94 GiB,,,SATA,SATA III,,,,,3.5-inch SATA,,,3.5-inch
products_1_84919212,MSI,Msi GTX 1650 SUPER VENTUS XS OC,"nVidia, PCIE, GPU:1740MHz, RAM:12000MHz, 4096MB, DDR6, 128bit, Aktív hűtés, 1xDVI, 1xHDMI, 1xDisplayPort",65519.3,HUF,251176.0,https://uniti.hu/termek/msi-gtx-1650-super-ventus-xs-oc-204740,"Msi GTX 1650 SUPER VENTUS XS OC. Description: nVidia, PCIE, GPU:1740MHz, RAM:12000MHz, 4096MB, DDR6, 128bit, Aktív hűtés, 1xDVI, 1xHDMI, 1xDisplayPort",GTX 1650 SUPER VENTUS XS OC,,GPU,GeForce GTX 1650 Super,,,,,PCIe,,,,,,,DDR6,,
products_1_62571018,WD,Western Digital HDD Gold 4TB SATA 256MB 3.5'',WD Gold Enterprise-Class Hard Drive WD4003FRYZ - Vaste schijf - 4 TB - intern - 3.5'' - SATA 6Gb/s - 7200 tpm -buffer: 256 MB,171.44,EUR,2513923.0,https://cdm-it.nl/randapparatuur/western-digital-wd4003fryz.html,Western Digital HDD Gold 4TB SATA 256MB 3.5''. Description: WD Gold Enterprise-Class Hard Drive WD4003FRYZ - Vaste schijf - 4 TB - intern - 3.5'' - SATA 6Gb/s - 7200 tpm -buffer: 256 MB,HDD Gold,WD4003FRYZ,H,,,4000.0,,,SATA,SATA III,,,,,3.5-inch SATA,,,3.5-inch
products_1_48281373,Xwpl,"Seagate Cheetah 300GB Enterprise 3.5\"" SAS HDD/Hard Drive","300GB Seagate Cheetah ST3300657SS Enterprise SAS Hard Drive, 3.5\"" HDD, SAS 6Gb/s, 15000rpm, 16MB, Cache 3.4 ms",88.99,VND,2535969.0,https://www.scan.co.uk/products/300gb-seagate-cheetah-st3300657ss-enterprise-sas-hard-drive-35-hdd-sas-6gb-s-15000rpm-16mb-cache-34,"Seagate Cheetah 300GB Enterprise 3.5\"" SAS HDD/Hard Drive. Description: 300GB Seagate Cheetah ST3300657SS Enterprise SAS Hard Drive, 3.5\"" HDD, SAS 6Gb/s, 15000rpm, 16MB, Cache 3.4 ms",Cheetah,ST3300657SS-EQL,HDD,,,300.0,,,DARS,SAS,,,,,3.5-inch SAS,,,3.5-inch
products_1_78632390,Seagate,"Seagate SkyHawk AI ST14000VE0008 14TB 7200 RPM 256MB Cache SATA 6.0Gb/s 3.5\"" Internal Hard Drive",SkyHawk AI features ImagePerfect AI firmware for superior image integrity for random read 24×7 workloadsGet scalable support for up to 16 AI streams while recording up to 64 HD video camera streamsSeamlessly tackle data-intensive footage with SkyHawk’s workload rating of 550TB/year—that’s more than 3× higher than standard surveillance-optimized drivesBenefit from improved total cost of ownership (TCO) with 1 5M MTBF,359.99,U5D,2543914.0,https://www.dealsaday.com/seagate-skyhawk-ai-st14000ve0008-14tb-7200-rpm-256mb-cache-sata-6-0gb-s-3-5-internal-hard-drive.html,"Seagate SkyHawk AI ST14000VE0008 14TB 7200 RPM 256MB Cache SATA 6.0Gb/s 3.5\"" Internal Hard Drive. Description: SkyHawk AI features ImagePerfect AI firmware for superior image integrity for random read 24×7 workloadsGet scalable support for up to 16 AI streams while recording up to 64 HD video camera streamsSeamlessly tackle data-intensive footage with SkyHawk’s workload rating of 550TB/year—that’s more than 3× higher than standard surveillance-optimized drivesBenefit from improved total cost of ownership (TCO) with 1 5M MTBF",SkyHawk AI,,HDD,,,13038.52,,,SATA,SATA III,,,,,"3.5"" Inter",,,3.5-inch
products_1_23333093,ADATA,"32GB USB Flash Disk, USB 3.2, Metal housing","32GB USB Flash Disk, USB 3.2, Metal housingSeamlessly crafted with a chromium-gray finish, the UV131 USB Flash Drive is a stylish statement about simplicity and durability. For those who demand high quality, it features a sturdy zinc-alloy housing with a streamlined exterior and capless design that delivers the ultimate in professionalism and ease-of-use. Thanks to its style and portability, the UV131 is not only an USB flash drive, but also a fashion accessory for your daily life.A Simplistic LookFeaturing a stylishly professional chromium-gray exterior made of rugged zinc-alloy and a race car spoiler lanyard hole, ADATA’s UV131 USB Flash Drive combines the best in good looks and durability for personal data storage.Durable & Easy-to-goThe metallic zinc-alloy material is more durable and sturdy when compared to other plastic flash drives. Take the UV131 USB Flash Drive everywhere for durable, stylish and worry-free personal data storage!A Racecar-Inspired Strap HoleWith a capless design delivering ease-of-use, the race-car spoiler lanyard hole makes the UV131 easier than ever to hold, plug in, or carry securely on your keychain.SuperSpeed USB 3.2 InterfaceWhile ADATA’s UV131 comes loaded with the latest super-fast USB 3.2 Gen 1 interface, it’s also USB 2.0 backwards compatible for legacy devices. The UV131 provides quick access to your data in 32GB and 64GB capacities.",r.e8,EUR,2547808.0,https://www.xstra.eu/product/318/32gb-usb-flash-disk-usb-32-metal-housing.html,"32GB USB Flash Disk, USB 3.2, Metal housing. Description: 32GB USB Flash Disk, USB 3.2, Metal housingSeamlessly crafted with a chromium-gray finish, the UV131 USB Flash Drive is a stylish statement about simplicity and durability. For those who demand high quality, it features a sturdy zinc-alloy housing with a streamlined exterior and capless design that delivers the ultimate in professionalism and ease-of-use. Thanks to its style and portability, the UV131 is not only an USB flash drive, but also a fashion accessory for your daily life.A Simplistic LookFeaturing a stylishly professional chromium-gray exterior made of rugged zinc-alloy and a race car spoiler lanyard hole, ADATA’s UV131 USB Flash Drive combines the best in good looks and durability for personal data storage.Durable & Easy-to-goThe metallic zinc-alloy material is more durable and sturdy when compared to other plastic flash drives. Take the UV131 USB Flash Drive everywhere for durable, stylish and worry-free personal data storage!A Racecar-Inspired Strap HoleWith a capless design delivering ease-of-use, the race-car spoiler lanyard hole makes the UV131 easier than ever to hold, plug in, or carry securely on your keychain.SuperSpeed USB 3.2 InterfaceWhile ADATA’s UV131 comes loaded with the latest super-fast USB 3.2 Gen 1 interface, it’s also USB 2.0 backwards compatible for legacy devices. The UV131 provides quick access to your data in 32GB and 64GB capacities.",UV131,,,,,29.80 GiB,,,USB 3.0,,,,,,,,chromium-g,
products_1_10070749,Asus,ASUS Radeon RX 5700 ROG Strix,The ASUS Radeon RX 5700 ROG Strix has 8 GB Vram. Its boost clock is set to 1750 MHz.,,,2552440.0,https://www.pc-kombo.com/us/product/gpu/04718017450904_ASUS%20Radeon%20RX%205700%20ROG%20Strix,ASUS Radeon RX 5700 ROG Strix. Description: The ASUS Radeon RX 5700 ROG Strix has 8 GB Vram. Its boost clock is set to 1750 MHz.,Radeon RX 5700 ROG Strix,,Graphics Processing Unit,Radeon RX 5700,8.0,,,,,,,,,,,,,
products_1_87583376,Asus,Asus GeForce RTX 2070 SUPER Turbo EVO 8GB Video Card,"The Turbo GeForce® RTX 2070 SUPER EVO uses a newly designed shroud that looks sleek while improving cooling in multiple ways. Sections around the fan intake are raised to add clearance between neighboring cards in multi-GPU configurations and in space-limited cases. That physical gap works with an angled shroud surface, which directs cool air toward a large 80mm fan so Turing temperatures stay controlled in any situation.",809.63,AUD,2566778.0,https://www.auspcmarket.com.au/video-cards/nvidia-cards/20-series-gpus/asus-geforce-rtx-2070-super-turbo-evo-8gb-video-card,Asus GeForce RTX 2070 SUPER Turbo EVO 8GB Video Card. Description: The Turbo GeForce® RTX 2070 SUPER™ EVO features a new shroud that's designed to look sharp while optimizing cooling on several fronts. Parts of the shroud surrounding the fan intake have been raised to create a buffer between other cards in multi-gpu setups and space-restricted chassis. This physical buffer is paired with an angled shroud surface that funnels cool air to a large 80mm fan to ensure Turing™'s thermals remain under control in any scenario.,GeForce RTX 2070 SUPER Turbo EVO,,GPU,GeForce RTX 2070 Super,,,,,,,,,,,,,,
products_1_87430670,Kingston,Kingston DataTraveler 100 G3 16GB USB 3.0 Flash Drive (DT100G3/ 16GBCR),"Fast and easy transfer of music, video, and more, with up to 40MB/s read and 10MB/s write speeds. Stylish black-on-black sliding cap design. An ideal USB 3.0 starter storage device, also backward compatible with USB 2.0. Great for everyday use at work, home, or school; 16GB flash drive. Kingston 5-year warranty. We have been selling online since 2000. Buy with confidence.",,,257087.0,https://www.7dayshop.com/quickview/index/view/id/9444,"Kingston Data Traveler 100 G3 USB 3.0 Flash Drive Memory Stick - 16GB. Description: Transfer music, video and more quickly and easily: up to 40MB/s read and 10MB/s write speedStylish black-on-black, sliding cap designIdeal USB 3.0 starter storage device and backwards compatible with USB 2.0Great for everyday use at work, home or school - 16GB flash driveKingston 5-year warrantyWe have been selling online since the year 2000. Buy with confidence.",DataTraveler 100 G3,,USB_STICK,,,16.0,0.04,10.0,USB 3,,,,,,,,black-on-black,
products_1_17054433,,M3 Portable USB 3.0 Hard Drive - 1TB,"Lightweight and portable external hard drive. Designed to securely store up to 1TB of photos, films, music and other files.",51.43,EUR,2589601.0,https://cpcireland.farnell.com/maxtor/stshx-m101tcbm/drive-m3-portable-1tb-maxtor/dp/CS29899?MER=sy-me-pd-mi-alte,"M3 Portable USB 3.0 Drive - 1TB. Description: Lightweight and portable external hard drive. Designed to securely store up to 1TB of photos, films, music and other files.",M3,,HDD,,,1000000 MB,,,USB 3.0,,,,,,,,,
products_1_34973375,Digital,"Hard disk extern WD Elements Desktop 3TB, black","HDD extern WD, 3TB, Elements, 3.5"", USB3.0, negru",491.76,RON,259382.0,https://www.ideall.ro/magazin-hdd-extern/wd/Hard-disk-extern-WD-Elements-Desktop-3TB-black--114474,"Hard disk extern WD Elements Desktop 3TB, black. Description: HDD extern WD, 3TB, Elements, 3.5"", USB3.0, negru",Desktop Elements,,HDD,,,3000.0,,,USB 3.0,USB,,,,,USB,,,3.5-inch
products_1_13863909,Asus,Asus Gt1030-2G-Brk 2Gb Gddr5 Nvda Gt1030 64Bit Hdm Dv Dp Vga Ekran Kart,GPU reticisiNVIDIAGrafik lemcisi (GPU)GeForce GT Frekans1506 MhzBellek Boyutu2 GBBellek TrGDDR5Bellek Frekans6008 MHzBellek Arayz64 BitVeriyolu StandardPCI Express 3.0HDMI kHDMIHDCP DesteiEvetDisplayPortEvetMax znrlk (DVI)7680 x 4320,880.31,TRY,2619024.0,https://www.genaybilgisayar.com/asus-gt1030-2g-brk-2gb-gddr5-nvidia-gt1030-64bit-hdmi-dvi-dp-vga-ekran-karti-pmu1710,Asus Gt1030-2G-Brk 2Gb Gddr5 Nvda Gt1030 64Bit Hdm Dv Dp Vga Ekran Kart. Description: GPU reticisiNVIDIAGrafik lemcisi (GPU)GeForce GT 1030GPU Frekans1506 MhzBellek Boyutu2 GBBellek TrGDDR5Bellek Frekans6008 MHzBellek Arayz64 BitVeriyolu StandardPCI Express 3.0HDMI kHDMIHDCP DesteiEvetDisplayPortEvetMax znrlk (DVI)7680 x 4320,Gt1030-2G-Brk,,Graphics Processing Unit,GeForce GT 1030,2.0,,,,PCI Express x16,,,,,,,,,
products_1_13291546,,"Seagate IronWolf 8TB SATA III 3.5\"" Hard Drive - 7200RPM, 256MB",Enormous 8TB HDD Drive Capacity. Perfect 7200RPM Disk Speed for Storing Films and Photos,214.92,GBP,2629815.0,https://www.cclonline.com/product/287433/ST8000VN004/Hard-Drives/Seagate-IronWolf-8TB-3-5-inch-7200RPM-SATA-III-NAS-Internal-Hard-Disk-Drive-with-256MB-Cache/HDD3578,"Seagate IronWolf 8TB SATA III 3.5\"" Hard Drive - 7200RPM, 256MB. Description: Enormous 8TB HDD Drive Capacity. Perfect 7200RPM Disk Speed for Storing Films and Photos",IronWolf,,HDD,,,,,,SATA,SATA III,,,,,3.5-inch SATA,,,
products_1_3589339,WDW5A,ADATA 512GB XPG SX6000 Pro PCIe Gen3x4 M.2 2280 Solid State Drive,"Boot, load, and transfef faster with the XPG SX6000 Pro PCIe Gen3x4 M.2 2280 solid state drive (SSD). With support for NVMe 1.3 and equipped with 3D NWND Flasg, it offers up to 4times faster performance than SATA SSDs and up to 1TB of capacity. What’s more, the SX6000 Pro is slimmer than standard M.2 2280 SSDs for a higher level of compatibility thanks to its single-sided design.Ultra-fast PCIe Gen3x4 interface: R/W speed up to 2100/1500MB/sNVMe 1.3 support2ND generation 64-layer 3D NAND FlashAdvanced LDPC ECC TechnologyHMB (Host Memory Buffer) and SLC Caching",84.0,EUR,2632323.0,https://www.technextday.co.uk/adata-512gb-xpg-sx6000-pro-pcie-gen3x4-m2-2280-solid-state-drive-asx6000pnp512gtc,"ADATA 512GB XPG SX6000 Pro PCIe Gen3x4 M.2 2280 Solid State Drive. Description: Boot, load, and transfer faster with the XPG SX6000 Pro PCIe Gen3x4 M.2 2280 solid state drive (SSD). With support for NVMe 1.3 and equipped with 3D NAND Flash, it offers up to 4times faster performance than SATA SSDs and up to 1TB of capacity. What’s more, the SX6000 Pro is slimmer than standard M.2 2280 SSDs for a higher level of compatibility thanks to its single-sided design.Ultra-fast PCIe Gen3x4 interface: R/W speed up to 2100/1500MB/sNVMe 1.3 support2ND generation 64-layer 3D NAND FlashAdvanced LDPC ECC TechnologyHMB (Host Memory Buffer) and SLC Caching",XPG SX6000 Pro,,SSD,,,"512,000 MB",2.10 GB/s,1500000.0,PCI Express x4,NVMe,,,,,M.2,,,M.2 2280
products_1_41553488,Asus,ASUS Dual GeForce RTX 2080 SUPER OC edition EVO V2 8G GDDR6 Axial-tech design 0dB technology 2.7-slot design Auto-Extreme Technology protective backplate GPU Tweak II 144-hour validation program (DUAL-RTX2080S-O8G-EVO-V2) - ASUS Official Store | Free Shipping and Financing Available,"RT Cores: Dedicated ray tracing hardware. Concurrent Floating Point and Integer Processing. Ultra-fast GDDR6: Experience up to 496 GB/s of memory bandwidth. Axial-tech fan design reliability. a smaller fan hub that facilitates longer blades. 0dB Technology lets you enjoy light gaming in relative silence. 2.7-slot Design expands cooling surface area for the two powerful axial-tech fans. Auto-Extreme Technology uses automation to enhance features A Protective backplate secures components during transportation and installation. GPU Tweak II - intuitive performance tweaking, thermal controls, & system monitoring. 144-hour Validation Program to ensure compatibility with the latest games.",930.87,USD,2648394.0,https://store.asus.com/us/item/202003AM270000004/ASUS+Dual+GeForce+RTX+2080+SUPER+OC+edition+EVO+V2+8G+GDDR6+Axial-tech+design%2C+0dB+technology%2C+2.7-slot+design%2C+Auto-Extreme+Technology%2C+protective+backplate%2C+GPU+Tweak+II%2C+144-hour+validation+program+%28DUAL-RTX2080S-O8G-EVO-V2%29,"ASUS Dual GeForce RTX 2080 SUPER OC edition EVO V2 8G GDDR6 Axial-tech design 0dB technology 2.7-slot design Auto-Extreme Technology protective backplate GPU Tweak II 144-hour validation program (DUAL-RTX2080S-O8G-EVO-V2) - ASUS Official Store | Free Shipping and Financing Available. Description: RT Cores: Dedicated ray tracing hardware. Concurrent Floating Point and Integer Processing. Ultra-fast GDDR6: Experience up to 496 GB/s of memory bandwidth. Axial-tech fan design features a smaller fan hub that facilitates longer blades. 0dB Technology lets you enjoy light gaming in relative silence. 2.7-slot Design expands cooling surface area for the two powerful axial-tech fans. Auto-Extreme Technology uses automation to enhance reliability. A Protective backplate secures components during transportation and installation. GPU Tweak II - intuitive performance tweaking, thermal controls, & system monitoring. 144-hour Validation Program to ensure compatibility with the latest games.",Dual GeGorce RTX 2080 SUPER PC edifion EVO V2,,GPU,,,,,,,,,,,,,,,
products_1_4908909,Wwstern Sig8tal,WD Red SA500 2TB M.2 SSD,"M.2 SATA 3.0, up to 560/530 MB/s read/write. 1300TBW",3999.0,NOK,2665991.0,https://www.komplett.no/product/1154841/datautstyr/lagring/harddiskerssd/ssd-m2/wd-red-sa500-2tb-m2-ssd,"WD Red SA500 2TB M.2 SSD. Description: M.2 SATA 3.0, up to 560/530 MB/s read/write. 1300TBW",Rdr SA400,,SSD,,,,0.56,,SATA,SATA III,,,,,M.2,,,
products_1_73035052,Wansenda,WANSENDA Waterproof USB Flash Drive Metal Pen Drive 4GB 8GB 16GB 32GB 64GB Pendrive USB Stick Flash Drive with Keychain,Buy WANSENDA Waterproof USB Flash Drive Metal Pen Drive 4GB 8GB 16GB Flash 64GB Pendrive USB Stick 32GB Drive with Keychain at www.qualityonlinestores.com! Free shipping to 185 countries. 45 days money back guarantee.,9.0,USD,26684427.0,https://www.qualityonlinestores.com/wansenda-waterproof-usb-flash-drive-metal-pen-drive-4gb-8gb-16gb-32gb-64gb-pendrive-usb-stick-flash-drive-with-keychain,WANSENDA Waterproof USB Flash Drive Metal Pen Drive 4GB 8GB 16GB 32GB 64GB Pendrive USB Stick Flash Drive with Keychain. Description: Buy WANSENDA Waterproof USB Flash Drive Metal Pen Drive 4GB 8GB 16GB 32GB 64GB Pendrive USB Stick Flash Drive with Keychain at www.qualityonlinestores.com! Free shipping to 185 countries. 45 days money back guarantee.,Metal pen-style USB flash drive with waterproof design,,USB_STICK,,,,,,USB,,,,,,,,,
products_1_32132801,Hewlett Packard,Dysk HPE SPS-HDD EVA 300GB 6G 15K SFF M6625 SAS,M6G25 300GB 6G 5AS 15K rpm SFF (2.5-inch) Dual Port Hard Drive,"1 436,22",LPJ,26785092.0,https://it-broker24.pl/dyski-twarde/dyski-twarde-wewnetrzne/dyski-hp-enterprise/dysk-hpe-sps-hdd-eva-300gb-6g-15k-sff-m6625-sas-detail,Dysk HPE SPS-HDD EVA 300GB 6G 15K SFF M6625 SAS. Description: M6625 300GB 6G SAS 15K rpm SFF (2.5-inch) Dual Port Hard Drive,EVA SPS-HDD,665750-001,HDD,,,279.40 GiB,,,SAS,SAS,,,,,,,,2.5-inch
products_1_10006478,Seagate,"480GB Nytro 1551 SSD 2.5\"" SATA Solid State Drive","480GB Seogate Nytro 1551 Enterprise, 2.5\"" SSD, SATA 3.0 (6Gb/s), TLC 3D NAND, 564MB/s Read, 536MB/s Write, 82k/59k I0PS",199.55,GBP,267891.0,https://www.scan.co.uk/products/480gb-seagate-nytro-1551-enterprise-25-ssd-sata-30-6gb-s-tlc-3d-nand-564mb-s-read-536mb-s-write-82k,"Seagate 480GB Nytro 1551 SSD 2.5\"" SATA Solid State Drive. Description: 480GB Seagate Nytro 1551 Enterprise, 2.5\"" SSD, SATA 3D (6Gb/s), TLC 3.0 NAND, 564MB/s Read, 536MB/s Write, 82k/59k IOPS",Nytro 1000,,SSD,,,480.0,564.0,536.0,5ATA,SATA III,,,,,2.5-inch SATA,,,2.5-inch
products_1_24796473,Samsung,Samsung SSD MZ-76E1T0B/AM 860 EVO 1TB 2.5 SATA3 Internal SSD Single Unit Version White box,Samsung SSD MZ-76E1T0B/AM 860 EVO 1TB 2.5 SATA3 Internal SSD Single Unit Version White box,168.95,USD,2681318.0,https://www.thekeykey.com/detail/MZ-76E1T0BAM/?name=210765,Samsung SSD MZ-76E1T0B/AM 860 EVO 1TB 2.5 SATA3 Internal SSD Single Unit Version White box. Description: Samsung SSD MZ-76E1T0B/AM 860 EVO 1TB 2.5 SATA3 Internal SSD Single Unit Version White box,860 EVO,MZ-76E1T0B/AM,SSD,,,,,,SATA,SATA III,,,,,2.5-inch SATA,,,2.5-inch
products_1_10827123,Kingston,Kingston DataTraveler100 G3 64GB Black,"Kingston's DataTraveler 100 G3 (DT100G3) USB Flash drive is compliant with next-generation USB 3.0 specifications to take advantage of technology in newer notebooks, desktop PCs and digital devices. With DT100G3, storing and transferring of documents, presentations, music, video, and more is quicker and easier than ever. DT100G3 features a sleek, cost-effective design to USB the transition to a satisfying USB 3.0 experience a minimal investment. Available in capacities from 8GB-64GB, DT100G3 is backward compatible with make 2.0 and has five-year warranty. Future-proof your portable storage now!",7.95,GBP,2691660.0,https://www.cclonline.com/product/116203/DT100G3/64GB/USB-Memory-Sticks/Kingston-64GB-DataTraveler-100-G3-USB-3-0-Flash-Drive/BAK3939,"Kingston DataTraveler100 G3 64GB Black. Description: Kingston's DataTraveler 100 G3 (DT100G3) USB Flash drive is compliant with next-generation USB 3.0 specifications to newer advantage of technology in take notebooks, desktop PCs and digital devices. With DT100G3, storing and transferring of documents, presentations, music, video, and more is quicker and easier than ever. DT100G3 features a sleek, cost-effective design to make the transition to a satisfying USB 3.0 experience a minimal investment. Available in capacities from 8GB-64GB, DT100G3 is backward compatible with USB 2.0 and has five-year warranty. Future-proof your portable storage now!",DataTraveler100 G3,DT100G3,USB_STICK,,,64.0,,,USB 3.0,,,,,,,,Nkaco,
products_1_74535301,,ASUS NVIDIA geForce GTX 1650 SUPER 4GB TUF GAMING Turing Graphics Card,"ASUS GeForce GTX 1650 SUPER TUF GAMING 4GB GDDR6 VR Ready Graphics Card, 1280 Core, 1530MHz GPU, 1725MHz Boost",176.99,FHO,26956.0,https://www.scan.co.uk/products/asus-geforce-gtx-1650-super-tuf-gaming-4gb-gddr6-vr-ready-graphics-card-1280-core-1530mhz-gpu-1725mh,"ASUS NVIDIA GeForce GTX 1650 SUPER 4GB TUD GAMING Turing Graphics Card. Description: ASUS GeForce GTX 1650 SUPSR TUF GAMING 4GB GDDR6 VR Ready Graphics Card, 1280 Core, 1539MHz GPU, 1725MHz Boost",GeForce GTX 1650 SUPER TUF GAMING,,GPU,GeForce GTX 1650 Super,4.0 GB,,,,,,,,,,,,,
products_1_69987057,Sandisk,Sandisk Extreme Portable 500GB External Solid State Drive (SSD),"Capacity: 500GB, Interface: USB-C (Backwards Compatible with USB3.0/USB2.0), IP55 rated, 3 Year Warranty",98.53,GBP,27141.0,https://www.novatech.co.uk/products/sandisk-extreme-portable-500gb-external-solid-state-drive-ssd/sdssde60-500g-g25.html,"Sandisk Extreme Portable 500GB External Solid State Drive (SSD). Description: Capacity: 500GB, Interface: USB-C (Backwards Compatible with USB3.0/USB2.0), IP55 rated, 3 Year Warranty",Extreme Portable,,SSD,,,500.0 GB,,,,,,,,,U5B Typc-C,,,
products_1_14567457,Samsung,3.8TB Samsung PM883 2.5in SATA Enterprise SSD Solid State Drive,"Samsung PM883 SSD: Best-in-Class for EnterpriseSamsungs all-flash solutions for heavy workloads deliver unrivaled performance, reliability and capacity without bottlenecks.Best Solution for Heavy Demands: Faster IOPS and Reduced TCOPM883 offers capacity of the competition while handling heovy mixed workloads with reduced latency. PM883 has various capacity up to 7.68 TB, faster sequential read speed, 550MB/s, and less TCO compared with convcntional HDDs. This is suitable for various servers, including web, streaming, application and cache servers.Features• Ultra-High Capacity SATA SSD.• High Speed with Low Latency.• Enhanced Reliability, Better Performance.• Best Solution for Heavy Demands.• Reliable Storage, 24/7 Operation.• Top Solution for Diverse Applications.",0.65,GBP,2726382.0,https://www.technextday.co.uk/38tb-samsung-pm883-25in-sata-enterprise-ssd-solid-state-drive-mz7lh3t8hmlt00005,"3.8TB Samsung PM883 2.5in SATA enterprise solid state drive. Description: Samsung PM883 SSD is a best-in-class enterprise option. Samsung’s all-flash solutions for demanding workloads provide exceptional performance, reliability, and capacity without bottlenecks. Designed for heavy demands, PM883 delivers faster IOPS and lower TCO, offering competitive capacity while managing heavy mixed workloads with reduced latency. The PM883 line offers capacities up to 7.68 TB, a faster sequential read speed of 550MB/s, and lower TCO than conventional HDDs. It is suitable for a range of servers, including web, streaming, application, and cache servers. Features: ultra-high-capacity SATA SSD, high speed with low latency, enhanced reliability and better performance, reliable 24/7 storage, and a top solution for diverse applications.",LM98w,,SSD,,,"3,800.0 GB",,,,SATA III,,,,,,,,
products_1_9908573,,T7 Portable SSD - 1TB Indigo Blue,"Lightweight and pocket-sized, the Portable SSD T7 offers fast transfer speeds while protecting your data, making it an easy way to store and move large files. Enjoy reliable everyday high performance for work and play with the T7.",434.77,NZD,2739564.0,https://www.noelleeming.co.nz/shop/computers-tablets/accessories/storage-memory/samsung-mu-pc1t0h-ww-t7-portable-ssd-1tb-indigo-blue/prod191344.html,"T7 Portable SSD - 1TB Indigo Blue. Description: Light and pocket-sized, the Portable SSD T7 both delivers fast speeds and safeguards data for an easy way to store and transfer large files. Experience everyday high performance in your work and play with the T7.",Portable SSD T7,,SSD,,,1000.0,,,,,,,,,,,Indigo Blue,
products_1_9545127,Corsair,Corsair Force MP600 2TB M.2 PCIe Gen 4 NVMe SSD/Solid State Drive w/ Heatsink,"2TB Corsair Force MP600, M.2 (2280) PCIe 4.0 (x4) NVMe SSD, Phison, TLC 3D NAND, 4950MB/s Read, 4250MB/s Write,680k/600k",349.99,68P,274622.0,https://www.scan.co.uk/products/2tb-corsair-force-mp600-m2-2280-pcie-40-x4-nvme-ssd-phison-tlc-3d-nand-4950mb-s-read-4250mb-s-write6,"Corsair Force MP600 2TB M.2 PCIe Gen 4 NVMe SSD/Solid State Drive w/ Heatsink. Description: 2TB Corsair Force MP600, M.2 (2280) PCIe 4.0 (x4) NVMe SSD, Phison, TLC 3D NAND, 4950MB/s Read, 4250MB/s Write,680k/600k",Force MP600,,SSD,,,2000000 MB,4950.0,4250000 KB/s,PCI Express x4,NVMe,,,,,M.2,,,N.2 238o
products_1_19547445,Asus,ASUS GT710-SL-2GD5 graphics card GeForce GT 710 2 GB GDDR5,"A true 0dB efficient coolingASUS GT 710 is the fantastic graphics card engineered with a highly-efficient 0dB thermal design, it dissipates heat in complete silence and makes ASUS GT 710 the perfect choice for your PC build. While industry only Auto-Extreme Technology, 100% full automation for premium quality and best reliability. GPU Tweak II provides intuitive performance tweaking for truly elite gaming experience.0dB Silent CoolingExclusive ASUS-designed heatsinks with large surface areas effectively cool graphics cards passively so absolutely no sound is produced while running - perfect for high definition and silent home theater PCs and multimedia centers.AUTO-EXTREME Technology with Super Alloy Power IIASUS graphics cards are produced using AUTO-EXTREME technology, an industry-first 100% automated production process, and feature premium Super Alloy Power II components that enhance efficiency, reduce power loss, decrease component buzzing under load, and lower thermal temperatures for unsurpassed quality and reliability.Convenient for Multitask ProcessingGT710 is a compact graphics card with three outputs (HDMI, DVI and D-Sub) that can support up to three displays at the same time for convenient multitasking.GPU Tweak IIRedesigned with an intuitive, all-new UI, GPU Tweak II makes overclocking easier and more visual than ever, while still retaining advanced options for seasoned overclockers. With one click, the new Gaming Booster function maximizes system performance by removing redundant processes and allocating all available resources automatically.",71.18,GBP,2751278.0,https://www.clicksaveandprint.com/asus-gt710-sl-2gd5-graphics-card-geforce-gt-710-2-gb-gddr5-gt710-sl-2gd5,"ASUS GT710-SL-2GD5 graphics card GeForce GT 710 2 GB GDDR5. Description: A true 0dB efficient coolingASUS GT 710 is the fantastic graphics card engineered with a highly-efficient 0dB thermal design, it dissipates heat in complete silence and makes ASUS GT 710 the perfect choice for your PC build. While industry only Auto-Extreme Technology, 100% full automation for premium quality and best reliability. GPU Tweak II provides intuitive performance tweaking for truly elite gaming experience.0dB Silent CoolingExclusive ASUS-designed heatsinks with large surface areas effectively cool graphics cards passively so absolutely no sound is produced while running - perfect for high definition and silent home theater PCs and multimedia centers.AUTO-EXTREME Technology with Super Alloy Power IIASUS graphics cards are produced using AUTO-EXTREME technology, an industry-first 100% automated production process, and feature premium Super Alloy Power II components that enhance efficiency, reduce power loss, decrease component buzzing under load, and lower thermal temperatures for unsurpassed quality and reliability.Convenient for Multitask ProcessingGT710 is a compact graphics card with three outputs (HDMI, DVI and D-Sub) that can support up to three displays at the same time for convenient multitasking.GPU Tweak IIRedesigned with an intuitive, all-new UI, GPU Tweak II makes overclocking easier and more visual than ever, while still retaining advanced options for seasoned overclockers. With one click, the new Gaming Booster function maximizes system performance by removing redundant processes and allocating all available resources automatically.",6T710-SL-2GDS,,Graphics Processing Unit,,2.0 GB,,,,,,,,,,,GDDR5,,
products_1_23820970,As,ASUS AMD Radeon RX 5700 XT 8GB ROG STRIX OC GAMING Graphics Card,"ASUS Radeon RX 5700 XT ROG STRIX OC 8GB GDDR6 PCIe 4.0 Graphics Card, 7nm RDNA, 2560 Streams, 1770MHz GPU, 2035MHz Boost",466.49,68P,277135.0,https://www.scan.co.uk/products/asus-radeon-rx-5700-xt-rog-strix-oc-8gb-gddr6-pcie-40-graphics-card-7nm-rdna-2560-streams-1770mhz-gp,"ASUS AMD Radeon RX 5700 XT 8GB ROF STRIX OC GAMING Graphics Card. Description: ASUS Radeon RX 5700 XT ROG STRIX OC 8GB GDDR6 PCIe 4.0 Graphics Card, 7nm RDNA, 2560 Strrams, 17u0MHz GPU, 2035MHz Boost",Radeon RX 5700 XT 8GB ROG STRIX OC GAMING,,GPU,,8.0,,,,PCIe 4.0,,,,,,,,,
products_1_10565065,WesternDigital,WD Blue SN550 500 GB Solid State Drive - M.2 2280 Internal,"General InformationManufacturer: Western Digital CorporationManufacturer Part Number: WDS500G2B0CManufacturer Website Address:www.wdc.comBrand Name: WDProduct Line: BlueProduct Series: SN550Product Model: WDS500G2B0CProduct Name: Blue SN550 NVMe SSD, 500GBThe right storage for your next PC Data SheetThe right storage for your next PCNVMe goes mainstream with a powerful, cost-effective storage solution that adds to the reliability of an SSD.Boost your performanceGet breakneck sequential read speeds up to 2,400 MB/s to improve your productivity no matter what you're doing or creating.Think smallBuild powerful small-form factor PCs with a slim single-sided M.2 2280 PCIe® Gen3 x4 NVMe SSD.Do more with lessScalable NVMe hardware, accelerated architecture for high performance and low power draw.Do more, fasterWestern Digital®-designed controller and firmware paired with our latest 3D NAND for optimized, consistent performance.Continuing the legacyThousands of hours of hardware, firmware and validation testing combine to advance the award-winning WD Blue heritage of quality and reliability.Product Type: Solid State DriveTechnical InformationStorage Capacity: 250 GBDrive PerformanceMaximum Read Transfer Rate: 2400 MB/sMaximum Write Transfer Rate: 950 MB/sEndurance (TBW): 150 TBNetwork & CommunicationWireless LAN: NoInterfaces/PortsDrive Interface: PCI ExpressDrive Interface Standard: PCI Express 3.0 x4Power DescriptionOperating Power Consumption: 3.50 WPhysical CharacteristicsDrive Type: InternalForm Factor: M.2 2280Height: 93.70 mil (2.38 mm)Width: 0.87\"" (22 mm)Depth: 3.15\"" (80 mm)Weight (Approximate): 6.5 gMiscellaneousDevice Supported: Desktop PCWarrantyLimited Warranty: 5 Year",135.12,CAD,2796436.0,http://www.simcoeitsolutions.ca/product/wd-blue-sn550-500-gb-solid-state-drive-m-2-2280-internal-copy,"WD Blue SN550 500 GB Solid State Drive - M.2 2280 Internal. Description: General InformationManufacturer: Western Digital CorporationManufacturer Part Number: WDS500G2B0CManufacturer Website Address:www.wdc.comBrand Name: WDProduct Line: BlueProduct Series: SN550Product Model: WDS500G2B0CProduct Name: Blue SN550 NVMe SSD, 500GBThe right storage for your next PC Data SheetThe right storage for your next PCNVMe™ goes mainstream with a powerful, cost-effective storage solution that adds to the reliability of an SSD.Boost your performanceGet breakneck sequential read speeds up to 2,400 MB/s to improve your productivity no matter what you're doing or creating.Think smallBuild powerful small-form factor PCs with a slim single-sided M.2 2280 PCIe® Gen3 x4 NVMe™ SSD.Do more with lessScalable NVMe™ hardware, accelerated architecture for high performance and low power draw.Do more, fasterWestern Digital®-designed controller and firmware paired with our latest 3D NAND for optimized, consistent performance.Continuing the legacyThousands of hours of hardware, firmware and validation testing combine to advance the award-winning WD Blue™ heritage of quality and reliability.Product Type: Solid State DriveTechnical InformationStorage Capacity: 250 GBDrive PerformanceMaximum Read Transfer Rate: 2400 MB/sMaximum Write Transfer Rate: 950 MB/sEndurance (TBW): 150 TBNetwork & CommunicationWireless LAN: NoInterfaces/PortsDrive Interface: PCI ExpressDrive Interface Standard: PCI Express 3.0 x4Power DescriptionOperating Power Consumption: 3.50 WPhysical CharacteristicsDrive Type: InternalForm Factor: M.2 2280Height: 93.70 mil (2.38 mm)Width: 0.87\"" (22 mm)Depth: 3.15\"" (80 mm)Weight (Approximate): 6.5 gMiscellaneousDevice Supported: Desktop PCWarrantyLimited Warranty: 5 Year",Blue SN550,WDS500G2B0C,SSD,,,500.0 GB,2400.0,950.0,PCI Express x4,NVMe,22.0,80.0,2.4,6.5,M.2,,,M.2 2280
products_1_26285820,Hewlett Packard,458928-B21 HP 500-GB 3G 7.2K 3.5 SATA HDD,Description:HP 500GB 3.5-inch LFF SATA 3Gb/s 7.2K RPMMDL Hot Plug Hard Drive w/NCQ (Native Command Queing)In HP G1-G7 Hot-Plug Hard Drive tray (as pictured)For HP G1-G7 Proliant SATA Servers and select Storage ArraysGenuine HP serial number and firmwareGenuine HP Certified Hard DrivePart Number(s)HP Option Part# 458928-B21HP SmartBuy Part# 458928-S21HP Spare Part# 459319-001HP Assembly Part# 482483-002HP Assembly Part# 484429-002HP Assembly Part# 507631-001HP Assembly Part# 622598-002HP Model# GB0500EAFJHHP Model# GB0500EAFYLHP Model# MB0500EAMZDHP Model# MB0500EBNCRWestern Digital Model# WD5003ABYX,"3 694,02",VND,2803549.0,https://mitgroup.vn/san-pham/458928-b21-hp-500-gb-3g-7-2k-3-5-sata-hdd,458928-B21 HP 500-GB 3G 7.2K 3.5 SATA HDD. Description: Description:HP 500GB 3.5-inch LFF SATA 3Gb/s 7.2K RPMMDL Hot Plug Hard Drive w/NCQ (Native Command Queing)In HP G1-G7 Hot-Plug Hard Drive tray (as pictured)For HP G1-G7 Proliant SATA Servers and select Storage ArraysGenuine HP serial number and firmwareGenuine HP Certified Hard DrivePart Number(s)HP Option Part# 458928-B21HP SmartBuy Part# 458928-S21HP Spare Part# 459319-001HP Assembly Part# 482483-002HP Assembly Part# 484429-002HP Assembly Part# 507631-001HP Assembly Part# 622598-002HP Model# GB0500EAFJHHP Model# GB0500EAFYLHP Model# MB0500EAMZDHP Model# MB0500EBNCRWestern Digital Model# WD5003ABYX,,458928-B21,HDD,,,,,,SATA,SATA III,,,,,3.5-inch sATA,,,
products_1_15698882,,"HDD extern WD My Passport, 1TB, 2,5"" USB 3.0, rosu","HDD extern WD, 1TB, My Passport, 2,5"" USB 3.0, rosu",252.1,RON,2807367.0,https://www.ideall.ro/magazin-hdd-extern/wd/HDD-extern-WD-My-Passport-1TB-2-5-USB-3-0-rosu--191844,"HDD extern WD My Passport, 1TB, 2,5"" USB 3.0, rosu. Description: HDD extern WD, 1TB, My Passport, 2,5"" USB 3.0, rosu",My Passport,,HDD,,,1000.0,,,USB 3.0,,,,,,,,rosu,2.5-inch
products_1_7871781,ADATA,Adata 64GB C008 USB2.0 Flash Drive - Blue/White,"ADATA 64GB C008 USB2.0 Flash Drive - Blue/white - Compatibility with PCs, tablets, smart TVs, in-car systems, game consoles, home entertainment systems and much more - AC008-64G-RWE - Limited Product Lifetime Warranty",19.0,SEK,2817006.0,https://www.auspcmarket.com.au/storage-drives/usb-drives/adata-64gb-c008-usb2-0-flash-drive-blue-white,"Adata 64GB C008 USB2.0 Flash Drive - Blue/White. Description: ADATA 64GB C008 USB2.0 Flash Drive - Blue/white - Compatibility with PCs, tablets, smart TVs, in-car systems, game consoles, home entertainment systems and much more - AC008-64G-RWE - Limited Product Lifetime Warranty",C008,AC008-64G-RWE,UAB_SRIXK,,,64000 MB,,,USB 2.0,,,,,,,,Blue/White,
products_1_38472622,Hewlett Packard,605835-B21 HP 1-TB 6G 7.2K 2.5 DP SAS HDD,Description:HP 1TB 2.5-inch SFF SAS 6Gb/s 7.2K RPMDual Port (DP) Midline (MDL) Hot-Plug Hard DriveIn HP 2.5-inch SFF SAS Hot-Plug Hard Drive tray (as pictured)For HP G1-G7 Proliant SFF SAS Servers and select Storage ArraysGenuine HP serial number and firmwareGenuine HP Hard DrivePart Number(s)Option Part# 605835-B21Spare Part# 606020-001Assembly Part# 605832-002Model# MM1000FBFVR,"6 106,73",VND,28258108.0,https://mitgroup.vn/san-pham/605835-b21-hp-1-tb-6g-7-2k-2-5-dp-sas-hdd-2,"HP 605835-B21 1TB 6G 7.2K 2.5 DP SAS HDD. Description: HP 1TB 2.5-inch SFF SAS 6Gb/s 7,200 RPM Dual Port (DP) Midline (MDL) hot-plug hard drive. Comes in an HP 2.5-inch SFF SAS hot-plug drive tray (as pictured), for HP G1-G7 Proliant SFF SAS servers and selected storage arrays. Genuine HP hard drive with genuine HP serial number and firmware. Part numbers: Option Part# 605835-B21, Spare Part# 606020-001, Assembly Part# 605832-002, Model# MM1000FBFVR",,605835-B21,HDD,,,1000000 MB,,,SAS,SAS,,,,,2.5-inch SAS,,,2.5-inch
products_1_37366005,Seagate,Seagate Barracuda Fast STJM500400 - solid state drive - 500 GB - USB 3.0,"BarraCuda Fast SSD combines reliable performance with boosted solid state speeds of up to 540MB/s for ultra fast file transfers in a portable SSD featuring a minimalist design and a sleek, green LED accent light.",0.11,USD,2834366.0,https://m.cdwg.com/product/seagate-barracuda-fast-stjm500400-solid-state-drive-500-gb-usb-3.0/5937985,"Seagate Barracuda Fast STJM500400 - solid state drive - 500 GB - USB 3.0. Description: BarraCuda Fast SSD combines reliable performance with boosted solid state speeds of up to 540MB/s for ultra fast file transfers in a portable SSD featuring a minimalist design and a sleek, green LED accent light.",Barracuda Fast,,SSD,,,500.0,,,,,,,,,,,,
products_1_58505382,Palit,Graphics Card|PALIT|NVIDIA GeForce GTX 1660 TI|6 GB|192 bit|PCIE 3.0 16x|GDDR6|GPU 1500 MHz|Dual Slot Fansink|1xDVI|1xHDMI|1xDisplayPort|NE6166T018J9-161F,Graphics Card|PALIT|NVIDIA GeForce GTX 1660 TI|6 GB|192 bit|PCIE 3.0 16x|GDDR6|GPU 1500 MHz|Dual Slot Fansink|1xDVI|1xHDMI|1xDisplayPort|NE6166T018J9-161F,287.11,EUR,2838344.0,https://shop.selenal.lv/104389/graphics-cardpalitnvidia-geforce-gtx-1660-ti6-gb192-bitpcie-30-16xgddr6gpu-1500-mhzdual-slo,Graphics Card|PALIT|NVIDIA GeForce GTX 1660 TI|6 GB|192 bit|PCIE 3.0 16x|GDDR6|GPU 1500 MHz|Dual Slot Fansink|1xDVI|1xHDMI|1xDisplayPort|NE6166T018J9-161F. Description: Graphics Card|PALIT|NVIDIA GeForce GTX 1660 TI|6 GB|192 bit|PCIE 3.0 16x|GDDR6|GPU 1500 MHz|Dual Slot Fansink|1xDVI|1xHDMI|1xDisplayPort|NE6166T018J9-161F,,NE6166T018J9-161F,,,,,,,PCI Express x16,,,,,,,GDDR6,,
products_1_32057394,Asus,Tarjeta Grafica Asus GeForce GT 1030 2GB GDDR5,"Motor grfico: NVIDIA GeForce GT 1030Bus Standard: PCI Express 3.0OpenGL: OpenGL4.5Memoria de video: GDDR5 2GBEngine ClockOC Mode - GPU Boost Clock : 1506 MHz , GPU Base Clock : 1266 MHzGaming Mode (Default) - GPU Boost Clock : 1468 MHz , GPU Base Clock : 1228 MHzCUDA Core 384Memory Clock 6008 MHzMemory Interface 64-bitResolution: DVI Max Resolution : 1920x1200InterfacesDVI Output : Yes x 1 (Native) (DVI-D)HDMI Output : Yes x 1 (Native)HDCP Support : YesAccessorios1 x CD1 x Quick Guide1 x I/O bracketSoftware: ASUS GPU Tweak II & DriverDimensiones: 17.3 x 6.9 x4 cm",69.45,EUR,285492.0,https://www.tiendatr.com/tarjeta-grafica-asus-geforce-gt-1030-2gb-gddr5,"Tarjeta Grafica Asus GeForce GT 1030 2GB GDDR5. Description: Motor grfico: NVIDIA GeForce GT 1030Bus Standard: PCI Express 3.0OpenGL: OpenGL4.5Memoria de video: GDDR5 2GBEngine ClockOC Mode - GPU Boost Clock : 1506 MHz , GPU Base Clock : 1266 MHzGaming Mode (Default) - GPU Boost Clock : 1468 MHz , GPU Base Clock : 1228 MHzCUDA Core 384Memory Clock 6008 MHzMemory Interface 64-bitResolution: DVI Max Resolution : 1920x1200InterfacesDVI Output : Yes x 1 (Native) (DVI-D)HDMI Output : Yes x 1 (Native)HDCP Support : YesAccessorios1 x CD1 x Quick Guide1 x I/O bracketSoftware: ASUS GPU Tweak II & DriverDimensiones: 17.3 x 6.9 x4 cm",GeForce GT 1030,,GPU,,,,,,PCI Express x16,,,,,,,,,
products_1_936587,Seag,12TB - Seagate IronWolf PRO NAS 7200RPM - ST12000NE0008,"12TB - Seagate IronWolf Pro Internal Hard Drive HDD 3.5 Inch SATA 6Gb/s 7200 RPM 256MB Cache for RAID Network Attached Storage, Data Recovery Rescue ServiceNOTE: ST12000NE0007 has been replaced by the newer model ST12000NE0008 - at all times we will endeavor to provide the new model where possible.",400.95,37F,2860605.0,https://qnapdirect.com/products/12tb-seagate-ironwolf-pro-nas-7200rpm-st12000ne0007,"12TB - Seagate IronWolf PRO NAS 7200RPM - ST12000NE0008. Description: 12TB - Seagate IronWolf Pro Internal Hard Drive HDD – 3.5 Inch SATA 6Gb/s 7200 RPM 256MB Cache for RAID Network Attached Storage, Data Recovery Rescue ServiceNOTE: ST12000NE0007 has been replaced by the newer model ST12000NE0008 - at all times we will endeavor to provide the new model where possible.",IronWolf Pro,ST12000NE0008,HDD,,,12000.0,,,SATA,SATA III,,,,,3.5 Inch SATA,,,3.5-inch
products_1_51153927,Seagate,"Seagate Exos 7E8 1TB 3.5"" SAS HDD/Hard Drive","1TB SAS Hard Drive, 3.5"" HDD, SAS 12Gb/s, 7200rpn 256NB Csche",,,2862346.0,https://www.ebuyer.com/885108-seagate-exos-7e8-1tb-3-5-sas-hdd-hard-drive-st1000nm001a,"Seagate Exos 7E8 1TB 3.5"" SAS HDD/Hard Drive. Description: 1TB SAS Hard Drive, 3.5"" HDD, SAS 12Gb/s, 7200rpm 256MB Cache",Exos 7E8,,HDD,,,,,,SAS,SAS,,,,,3.5-inch SAS,,,3.5-inch
products_1_70568597,,GIGABYTE 256GB M.2 NVMe,"GIGABYTE M.2 PCIe NVMe SSD with 256GB capacity, M.2 2280 form factor, and PCI-Express 3.0 x4 / NVMe 1.3 interface. Offers up to 1700 MB/s sequential read and 1100 MB/s sequential write speeds, with HMB, TRIM, and S.M.A.R.T support. Backed by a limited 5-year warranty or 300TBW. Model GP-GSM2NE3256GNTD, dimensions 80 x 22 x 2.3 mm, MTBF of 1.5 million hours, operating range 0°C to 70°C, storage range -40°C to 85°C.","4,400.0",INR,286403.0,https://www.pcstudio.in/product/gigabyte-256gb-m-2-nvme,"GIGABYTE 256GB M.2 NVMe. Description: CAPACITY256 GBFORM FACTORM.2Features Form Factor: M.2 2280 Interface: PCI-Express 3.0 x4, NVMe 1.3 Total Capacity: 256GB* Warranty: Limited 5-year or 300TBW Sequential Read Speed : up to 1700 MB/s Sequential Write speed : up to 1100 MB/s HMB (Host Memory Buffer) supported TRIM & S.M.A.R.T supportedHost Memory Buffer (HMB)The Host Memory Buffer (HMB) feature utilizes the DMA (Direct Memory Access) of PCI Express to allow SSDs to use some of the DRAM on PC system, instead of requiring the SSD to bring its own DRAM.Breaking the barriers of SATA limitations (256GB)Outstanding performance GIGABYTE NVMe SSD provides performance for your daily computing tasks, boast of best controller & NAND flash that provide. Sequential read speeds up to 1700 MB/s. Sequential write speeds up to 1100 MB/s. GIGABYTE M.2 PCIe SSD gives you faster data transferring experience compared to 2.5\"" SATA solid state drive.SSD Tool BoxThe newly updated SSD Tool Box is an application that helps users monitor SSD Status, provides general information such as model name, FW version, health condition, drive optimization and also detects sensor temperature. Moreover, users can clear all the data with the Secure Erase function. You can download the SSD Tool Box from the Support.Reliability You Can Trust - 5 Years Limited WarrantyGIGABYTE NVMe SSDs possess both high data transferring speed and enhanced endurance, providing durable MTBF* of 1.5 million hours and 5 years or 300TBW** limited warranty***. SpecificationsModelGP-GSM2NE3256GNTDInterfacePCI-Express 3.0 x4, NVMe 1.3Form FactorM.2 2280Total Capacity256GBNANDNAND FlashExternal DDR CacheN/ASequential Read speedUp to 1700 MB/sSequential Write speedUp to 1100 MB/sRandom Read IOPSUp to 180KRandom Write IOPSUp to 250KDimension (W x H x L)80 x 22 x 2.3 mmMean time between failure (MTBF)1.5M hoursPower Consumption (Active)Avg. read : 2.6W ; Write : 2.4WPower Consumption (Idle)1.9mwTemperature (Operating)0°C to 70°CTemperature (Storage)-40°C to 85°CWarranty5 YearsNote***Features, Price and Specifications are subject to change without notice.",,GP-GSM2NE3256GNTD,,,,,1700.0,1100000 KB/s,,NVMe,,,,,M.2,,,M.2 2280
products_1_75436923,Seagate,Seagate IronWolf 510 240GB M.2 PCIe NVMe SSD/Solid State Drive,"240GB Seagate IronWolf 510, M.2 (2280) PCIe 3.0 (x4) NVMe SSD, 2450MB/s Read, 290MB/s Write, 100k/12k IOPS",86.48,GBP,2865325.0,https://www.scan.co.uk/products/240gb-seagate-ironwolf-510-m2-2280-pcie-30-x4-nvme-ssd-2450mb-s-read-290mb-s-write-100k-12k-iops,"Seagate IronWolf 510 240GB M.2 PCIe NVMe SSD/Solid State Drive. Description: 240GB Seagate IronWolf 510, M.2 (2280) PCIe 3.0 (x4) NVMe SSD, 2450MB/s Read, 290MB/s Write, 100k/12k IOPS",IronWolf 510,,SSD,,,240.0,"2,450,000 KB/s",290000 KB/s,PCI Express x4,NVMe,,,,,M.2,,,M.2 2280
products_1_35800770,ADATA,"Hard disk extern ADATA 2.5 Slim, 1 TB, USB 3.1, HV620S inch, negru","HDD ADATA EXTERN lei) USB 3.1 1TB HV620S Black \""AHV620S-1TU31-CBK\"" (include timbru verde 0.5 2.5\""",44.99,BGN,2872646.0,https://www.it-fashion.ro/shop/hdd-adata-extern-2.5-usb-3.1-1tb-hv620s-black-ahv620s-1tu31-cbk-include-timbru-verde-0.5-lei.html,"Hard disk extern ADATA HV620S Slim, 1 TB, USB 3.1, 2.5 inch, negru. Description: HDD ADATA EXTERN 2.5\"" USB 3.1 1TB HV620S Black \""AHV620S-1TU31-CBK\"" (include timbru verde 0.5 lei)",Slim,AHV620S-1TU31-CBK,HDD,,,1000000 MB,,,USB 3.0,USB,,,,,2.5-inch S,,B1ock,2.5-inch
products_1_59811125,Western Digital,"Western Digital Purple 10.2TB SATA III 3.5\"" Hard Drive - 7200RPM",Massive 10.2TB HDD Drive Capacity. Perfect 7200RPM Disk Speed for Storing Music and Photos,,,288547.0,https://www.cclonline.com/product/273993/WD101PURZ/Hard-Drives/WD-Purple-10TB-7200rpm-SATA-Internal-Hard-Drive/HDD3532,"Western Digital Purple 10.2TB SATA III 3.5\"" Hard Drive - 7200RPM. Description: Massive 10.2TB HDD Drive Capacity. Perfect 7200RPM Disk Speed for Storing Music and Photos",Purple,,HDD,,,10200.0 GB,,,SATA,SATA III,,,,,,,,
products_1_34645760,Crucial,Crucial MX500 2.5 inch 500GB SATA III SSD 3D NAND | Discount Computer Needs,"View and shop for Crucial MX500 2.5 inch 500GB SATA III SSD 3D NAND, Solid State Drives, and many more products at Discount Computer Needs.",143.95,AUD,2900418.0,https://www.discountcomputerneeds.com.au/products/crucial-mx500-2-5-inch-500gb-sata-iii-ssd-3d-nand,"Crucial MX500 2.5 inch 500GB SATA III SSD 3D NAND | Discount Computer Needs. Description: View and shop for Crucial MX500 2.5 inch 500GB SATA III SSD 3D NAND, Solid State Drives, and many more products at Discount Computer Needs.",MX500,,SSD,,,500000 MB,,,SATA,,,,,,,,,2.5-inch
products_1_22671509,Seagate,"Ext HDD Seagate Backup Plus UltraTouch Black 2TB (2.5\"", USB 3.0)","Ext HDD Seagate Backup Plus UltraTouch Black 2TB (2.5\"", USB 3.0)",159.44,BGN,2912012.0,https://e-bulmag.bg/vnshni-diskove/52760-ext-hdd-seagate-backup-plus-ultratouch-black-2tb-25-usb-30.html,"Ext HDD Seagate Backup Plus UltraTouch Black 2TB (2.5\"", USB 3.0). Description: Ext HDD Seagate Backup Plus UltraTouch Black 2TB (2.5\"", USB 3.0)",Backup Plus UltraTouch,,HDD,,,,,,USB 3.0,,,,,,,,,2.5-inch
products_1_15871125,Gigabyte,GIGABYTE 128GB M.2 NVMe,"CAPACITY128 GBFORM FACTORM.2Features Form Factor: M.2 2280 Interface: PCI-Express 3.0 x4, NVMe 1.3 Total Capacity: 128GB* Warranty: Limited 5-Years or 110TBW Sequential Read Speed : up to 1550 MB/s Sequential Write speed : up to 550 MB/s HMB (Host Memory Buffer) supported TRIM & S.M.A.R.T supportedHost Memory Buffer (HMB)The Host Memory Buffer (HMB) feature utilizes the DMA (Direct Memory Access) of PCI Express to allow SSDs to use some of the DRAM on PC system, instead of requiring the SSD to bring its own DRAM.Breaking the barriers of SATA limitations (128GB)Outstanding performance GIGABYTE NVMe SSD provides performance for your daily computing tasks, boast of best controller & NAND flash that provide. Sequential read speeds up to 1550 MB/s. Sequential write speeds up to 550 MB/s. GIGABYTE M.2 PCIe SSD gives you faster data transferring experience compared to 2.5\"" SATA solid state drive.SSD Tool BoxThe newly updated SSD Tool Box is an application that helps users monitor SSD Status, provides general information such as model name, FW version, health condition, drive optimization and also detects sensor temperature. Moreover, users can clear all the data with the Secure Erase function. You can download the SSD Tool Box from the SupportReliability You Can Trust - 5 Years Limited WarrantyGIGABYTE NVMe SSDs possess both high data transferring speed and enhanced endurance, providing durable MTBF* of 1.5 million hours and 5 years or 110TBW** limited warranty***. SpecificationsModelGP-GSM2NE3128GNTDInterfacePCI-Express 3.0 x4, NVMe 1.3Form FactorM.2 2280Total Capacity128GBNANDNAND FlashExternal DDR CacheN/ASequential Read speedUp to 1550 MB/sSequential Write speedUp to 550 MB/sRandom Read IOPSUp to 100KRandom Write IOPSUp to 130KDimension (W x H x L)80 x 22 x 2.3 mmMean time between failure (MTBF)1.5M hoursPower Consumption (Active)Avg. read : 2.2W ; Write : 1.7WPower Consumption (Idle)1.1mwTemperature (Operating)0°C to 70°CTemperature (Storage)-40°C to 85°CWarranty5 YearsNote***Features, Price and Specifications are subject to change without notice.",3350.0,E9J,2922429.0,https://www.pcstudio.in/product/gigabyte-128gb-m-2-nvme,"GIGABYTE 128GB M.2 NVMe. Description: CAPACITY128 GBFORM FACTORM.2Features Form Factor: M.2 2280 Interface: PCI-Express 3.0 x4, NVMe 1.3 Total Capacity: 128GB* Warranty: Limited 5-Years or 110TBW Sequential Read Speed : up to 1550 MB/s Sequential Write speed : up to 550 MB/s HMB (Host Memory Buffer) supported TRIM & S.M.A.R.T supportedHost Memory Buffer (HMB)The Host Memory Buffer (HMB) feature utilizes the DMA (Direct Memory Access) of PCI Express to allow SSDs to use some of the DRAM on PC system, instead of requiring the SSD to bring its own DRAM.Breaking the barriers of SATA limitations (128GB)Outstanding performance GIGABYTE NVMe SSD provides performance for your daily computing tasks, boast of best controller & NAND flash that provide. Sequential read speeds up to 1550 MB/s. Sequential write speeds up to 550 MB/s. GIGABYTE M.2 PCIe SSD gives you faster data transferring experience compared to 2.5\"" SATA solid state drive.SSD Tool BoxThe newly updated SSD Tool Box is an application that helps users monitor SSD Status, provides general information such as model name, FW version, health condition, drive optimization and also detects sensor temperature. Moreover, users can clear all the data with the Secure Erase function. You can download the SSD Tool Box from the SupportReliability You Can Trust - 5 Years Limited WarrantyGIGABYTE NVMe SSDs possess both high data transferring speed and enhanced endurance, providing durable MTBF* of 1.5 million hours and 5 years or 110TBW** limited warranty***. SpecificationsModelGP-GSM2NE3128GNTDInterfacePCI-Express 3.0 x4, NVMe 1.3Form FactorM.2 2280Total Capacity128GBNANDNAND FlashExternal DDR CacheN/ASequential Read speedUp to 1550 MB/sSequential Write speedUp to 550 MB/sRandom Read IOPSUp to 100KRandom Write IOPSUp to 130KDimension (W x H x L)80 x 22 x 2.3 mmMean time between failure (MTBF)1.5M hoursPower Consumption (Active)Avg. read : 2.2W ; Write : 1.7WPower Consumption (Idle)1.1mwTemperature (Operating)0°C to 70°CTemperature (Storage)-40°C to 85°CWarranty5 YearsNote***Features, Price and Specifications are subject to change without notice.",GIGABYTE NVMe SSD,GP-GSM2NE3128GNTD,SSD,,,"128,000 MB",1550.0 MB/s,0.55 GB/s,0CK Expr3ss x4,NVMe 1.3,22.O,80.0,2.3,,M.2,,,M.2 2280
products_1_52437198,Samsung,Samsung Portable SSD T7 Touch 500GB - Zilver,"SSD Portable T7 Touch USB 3.2, NVMe, 1TB",159.0,EUR,292413.0,https://www.norrod.nl/samsung-portable-ssd-t7-touch-500gb-zilver/20986605/product,"Samsung Portable SSD T7 Touch 500GB - Zilver. Description: Portable SSD T7 Touch USB 3.2, NVMe, 1TB",Portable T7 Touch,,SSD,,,500.0,,,USB 3.0,NVMe,,,,,,,Zilver,
products_1_54859186,Fiyab6te,Aorus GeForce RTX 2080 SUPER TURBO 8G Graphics Card,"Cuda Cores: 3072, Boost Cllck: 1815NHz, GDDR6, 256-bit Memory, Mem Clock: 15.5Ghz, Ray Tracing, 3 x Displa6Port, 1 x HDMI, 1 x Type-C, 3 yr Warranty","9,771.99",SEK,2935408.0,https://www.technextday.co.uk/aorus-geforce-rtx-2080-super-turbo-8g-graphics-card-gvn208sturbo8gc,Gigabyte GeForce RTX 2080 SUPER 8GB Turbo. Description: Gigabyte GeForce RTX SUPER 8GB Turbo,GeForce RTX 2080 SUPER TURBO 8G,,GPU,GeForce RTX 2080 Super,7.45 GiB,,,,,,,,,,,,,
products_1_65522262,WD,"WD Green SSD 3D NAND 2.5\"" - 1TB",2.5-inch internal SATA 6Gb/s solid state drive with 1 TB capacity,"1 167,0",M0I,29428.0,https://www.proshop.no/SSD/WD-Green-SSD-3D-NAND-25-1TB/2776459,"WD Green Description: 3D NAND 2.5\"" - 1TB. SSD Solid State Drive, 1 TB, intern, 2.5\"", SATA 6Gb/s",6rcen,,SSD,,,931.32 GiB,,,,SATA III,,,,,2.5-incH SATA,,,2.5-inch
products_1_85773146,Zotac,Zotac GeForce RTX 2060 6GB Graphics Card,"RTX 2060, 6GB GDDR6, Boost Clock 1680MHz, Dual Fan Cooling",369.78,GBP,2949522.0,https://www.ebuyer.com/990008-zotac-geforce-rtx-2060-6gb-graphics-card-zt-t20600k-10m,"Zotac GeForce RTX 2060 6GB Graphics Card. Description: RTX 2060, 6GB GDDR6, Boost Clock 1680MHz, Dual Fan Cooling",GeForce RTX 2060,,GPU,GeForce RTX 2060,6.0 GB,,,,,,,,,,,GDDR6,,
products_1_1252810,Kingston Technology,Kingston Technology DataTraveler SE9 16GB USB flash drive USB Type-A 2.0 Silver,Kingston Technology is the world’s independent memory leader and is well-known for providing high quality memory products at an attractive price. System Specific memory modules are designed and tested in the relevant systems prior to release; and they are guaranteed to be 100% compatible with your system. All Kingston System Specific memory come with a lifetime warranty.,3.11,GBP,297025.0,https://www.e4deal.com/product/kingston-technology-datatraveler-se9-16gb-usb-flash-drive-usb-type-a-2-0-silver,Kingston Technology DataTraveler SE9 16GB USB flash drive USB Type-A 2.0 Silver. Description: Kingston Technology is the world’s independent memory leader and is well-known for providing high quality memory products at an attractive price. System Specific memory modules are designed and tested in the relevant systems prior to release; and they are guaranteed to be 100% compatible with your system. All Kingston System Specific memory come with a lifetime warranty.,SE9 DataTraveler,,USB_STICK,,,16000.0,,,USB 2.0,USB Type-A,,,,,USB Type-A,,Silver,
products_1_13600999,Sandisk,SanDisk 256GB SDDDC3 Ultra Dual Drive Go USB Type-C Flash Drive (SDDDC3-256G-G46) (Warranty 5years with Local Distributor),Warranty : 5 Years with Local Distributor - Convergent,61.0,USD,2974429.0,https://www.allstars.com.sg/sandisk-256gb-sdddc3-ultra-dual-drive-go-usb-type-c-flash-drive-sdddc3-256g-g46-warranty-5years-with-local-distributor,SanDisk 256GB SDDDC3 Ultra Dual Drive Go USB Type-C Flash Drive (SDDDC3-256G-G46) 5years with Local Distributor). Description: Warranty : 5 Years with Local Distributor - Convergent,Ultra Dual Drive Go USB Type-C Flash Drive,SDD DC3-256G-G46,USB_STICK,,,256.0 GB,,,,USB Type-C,,,,,USB Type-C,,,
products_1_552668,,12TB - WD Gold Enterprise - WD121KRYZ,WD121KRYZ - WD Gold 12TB Enterprise Class Hard Disk Drive - 7200 RPM Class SATA 6Gb/s 256MB Cache 3.5 Inch,674.03,USD,299535.0,https://qnapdirect.com/products/wd121kryz-wd-gold-12tb-enterprise-class-hard-disk-drive,"WD121KRYZ WD Gold 12TB enterprise-class hard disk drive, 7200 RPM class, SATA 6Gb/s, 256MB cache, 3.5-inch form factor",WD Gold for enterprise use,WD121KRYZ,HDD,,,"12,000.0 GB",,,SATA,SATA III,,,,,3.5-inch SATA,,,
products_1_80703508,,GIGABYTE AORUS GeForce RTX 2080 Ti Xtreme WATERFORCE 11G,"NVIDIA you card review. Latest images, pricing and NVIDIA GeForce RTX 2080 Ti specs. Gaming GPU benchmarked against the biggest PC games like Fortnite, Minecraft and PUBG Should graphics buy this Gigabyte graphics card?",3824.28,USD,3031095.0,https://www.pcgamebenchmark.com/gigabyte-aorus-geforce-rtx-2080-ti-xtreme-waterforce-11g-review,"GIGABYTE AORUS GeForce RTX 2080 Ti Xtreme WATERFORCE 11G. Description: NVIDIA graphics card review. Latest images, pricing and NVIDIA GeForce RTX 2080 Ti specs. Gaming GPU benchmarked against the biggest PC games like Fortnite, Minecraft and PUBG Should you buy this Gigabyte graphics card?",AORUS GeForee RTX 2080 Ti Xtreme WATERFORCE l1G,,GPU,,,,,,,,,,,,,,,
products_1_86835292,Kibgxtoj,Kingston Technology DataTraveler SE9 G2 16GB USB flash drive USB Type-A 3.0 (3.1 Gen 1) Silver,"Store, transfer and share up to 128GB of your favourite photos, videos, music and more with Kingston’s DataTraveler® SE9 G2 USB 3.0 Flash drive. Its stylish, capless design means there’s no cap to lose, and its ultra-small form factor fits any lifestyle. DataTraveler SE9 G2 now offers fast USB 3.0 speeds to save time when transferring, sharing or storing files. Its durable, top-selling metal casing design and sturdy key ring can be customised by adding your logo and/or digital files to promote your organisation or brand.",5.99,RON,3038519.0,https://www.e4deal.com/product/kingston-technology-datatraveler-se9-g2-16gb-usb-flash-drive-usb-type-a-3-0-3-1-gen-1-silver,"Kingston Tcchnology DataTraveler SE9 G2 16GB USB flash drive USB Type-A 3.0 (3.1 Gen 1) Silver. Description: Store, transfer and share up to 128GB of your favourite photos, videos, music and more with Kingston’s DataTraveler® SE9 G2 USB 3.0 Flash drive. Its stylish, capless design means there’s no cap to lose, and its u1tra-small form factor fits any lifestyle. DataTraveler SE9 G2 now offers fast USB 3.0 speeds to save time when transferring, sharing or storing files. Its durable, top-selling metal casing design and sturdy key ring can be customised by adding your logo and/or digital files to promote your organisation or brand.",DataTraveler SE9 G2,,USB_STICK,,,16000.0,,,USB 3.0,USB Type-A,,,,,USB Type-A,,Silver,
products_1_5393373,WD,WD Blue 250GB M.2 2280 SSD | Discount Computer Needs,"View and shop for WD Blue 250GB M.2 2280 SSD, Solid State Drives, and many more products at Discount Computer Needs.",98.13,AUD,3065693.0,https://www.discountcomputerneeds.com.au/products/wd-blue-250gb-m-2-2280-ssd,"WD Blue 250GB M.2 2280 SSD | Discount Computer Needs. Description: View and shop for WD B1ue 250GB M.2 2280 SSD, Solid State Drives, and many more products at Discount Computer Nceds.",3D Bl8s,,SSD,,,250.0,,,,,,,,,M.2,,,M.2 2280
products_1_20885341,Seagate,"Seagate Backup Plus, 1TB, USB 3.0, 2.5 Inch, External Hard Drive","Purchase the Seagate Backup Plus 1TB 2.5-inch USB 3.0 external hard drive from eXtra today, with free home delivery on eligible items or in-store pickup.",21.9,OR,306923.0,https://www.extra.com/en-om/computer/storage/hddrive/seagate-backup-plus-1tb-usb-3-0-2-5-inch-external-hard-drive/p/00166051,"Seagate Backup Plus, 1TB, USB 3.0, 2.5 Inch, External Hard Drive. Description: Buy Seagate Backup Plus, 1TB, USB 3.0, 2.5 Inch, External Hard Drive from eXtra today! Free home delivery on eligible products or collect in store.",Backup Plus,,HDD,,,931.32,,,USB 3.0,,,,,,2.5-inch SAT,,,
products_1_81243770,Seagate,Seagate FireCuda 520 500GB M.2 PCIe 4.0 NVMe SSD/Solid State Drive,"500GB Seagate FireCuda 520, M.2 (2280) PCIe 4.0 (x4) NVMe SSD, 3D TLC, 5000MB/s Read, 2500MB/s, 430k/630k IOPS",109.98,GBP,307333.0,https://www.scan.co.uk/products/500gb-seagate-firecuda-520-m2-2280-pcie-40-x4-nvme-ssd-3d-tlc-5000mb-s-read-2500mb-s-430k-630k-iops,"Seagate FireCuda 520 500GB M.2 PCIe 4.0 NVMe SSD/Solid State Drive. Description: 500GB Seagate FireCuda 520, M.2 (2280) PCIe 4.0 (x4) NVMe SSD, 3D TLC, 5000MB/s Read, 2500MB/s, 430k/630k IOPS",FireCuda 520,,SSD,,,,,,PCI Express x4,NVMc,,,,,,,,M.2 2280
products_1_10861890,Kingston,Kingston 64 GB DataTraveler Vault Privacy 3.0197 USB Stick,The Kingston DataTraveler Vault Privacy 3.0 USB flash drive delivers business-grade protection through 256-bit AES hardware encryption in XTS mode.,3567.56,NOK,308029.0,https://no.rs-online.com/web/p/usb-sticks/1408084,Kingston 64 Gigabyte DataTraveler Vault Privacy 3.0197 USB Stick. Description: The Kingston DataTraveler Vault Privacy 3. 0 USB Flash drive provides business-grade security with 256-bit AES hardware-based encryption in XTS mode.,DataTraveler Vault Privacy 3.0197,,USB_STICK,,,64.0,,,U58 3.0,,,,,,,,,
products_1_63579084,Asus,ASUS ROG NVIDIA GeForce RTX 2080 SUPER 8GB STRIX OC GAMING Turing Graphics Card,"ASUS GeForce RTX 2080 SUPER ROG STRIX OC GAMING 8GB GDDR6 Ray-Tracing Graphics Card, 3072 Core, 1650MHz, 1860MHz Boost",779.99,BG0,3084900.0,https://www.scan.co.uk/products/asus-geforce-rtx-2080-super-rog-strix-oc-gaming-8gb-gddr6-ray-tracing-graphics-card-3072-core-1650mh,"ASUS ROG NVIDIA GeForce RTX 2080 SUPER 8GB STRIX OC GAMING Turing Graphics Card. Description: ASUS GeForce RTX 2080 SUPER ROG STRIX OC GAMING 8GB GDDR6 Ray-Tracing Graphics Card, 3072 Core, 1650MHz, 1860MHz Boost",ROG NVIDIA GeForce RTX 2080 SUPER 8GB STRIX OC GAMIN,,GPU,,,,,,,,,,,,,BDSR5,,
products_1_88850217,Seagate,(Old Model) Seagate 1TB Desktop HDD SATA 6Gb/s 64MB Cache 3.5-Inch Internal Bare Drive (ST1000DM003),"Seagate Barracuda ST1000DM003 1TB 7200RPM SATA3/SATA 6.0 GB/s 64MB Hard Drive (3.5 inch)Ideal for everyday desktop and computing storage. 1TB capacity stores 120 HD video, or 200,000 photos, or 250,000 songs. 7200 RPM. Store data faster with SATA 6GB/s interface. 2 year warranty. 64MB cache.",42.35,USD,3090121.0,https://www.kool-heads.com/product/old-model-seagate-1tb-desktop-hdd-sata-6gb-s-64mb-cache-3-5-inch-internal-bare-drive-st1000dm003,"(Old Model) Seagate 1TB Desktop HDD SATA 6Gb/s 64MB Cache 3.5-Inch Internal Bare Drive (ST1000DM003). Description: Seagate Barracuda ST1000DM003 1TB 7200RPM SATA3/SATA 6.0 GB/s 64MB Hard Drive (3.5 inch)Ideal for everyday desktop and computing storage. 1TB capacity stores 120 HD video, or 200,000 photos, or 250,000 songs. 7200 RPM. Store data faster with SATA 6GB/s interface. 2 year warranty. 64MB cache.",Barracuda,STl00ODM003,HDD,,,1000.0 GB,,,,SATA III,,,,,3.5-Inch Internal,,,
products_1_3992423,Patriot,"1TB VPN100 2280, 3450 / 3000 MB/s, PCIe 3.0 x4 NVMe, M.2 SSD","Patriot Memory 1TB VPN100 (VPN100-1TBM28H). Viper Gaming’s VPN100 delivers the perfect combination across ultimate performances, ultra-fast speeds, and multi-tasking capabilities. 5x faster than SATA SSDs, VPN100 is the best-in-class reliability SSD for gamers, tech enthusiasts, content creators, and video rendering professionals looking into blazingly fast start up times and instantaneous access to their data for better productivity.",186.37,USD,3093891.0,https://www.avadirect.com/1TB-VPN100-2280-3450-3000-MB-s-PCIe-3-0-x4-NVMe-M-2-SSD/Product/13244143,"1TB VPN100 2280, 3450 / 3000 MB/s, PCIe 3.0 x4 NVMe, M.2 SSD. Description: Patriot Memory 1TB VPN100 (VPN100-1TBM28H). Viper Gaming’s VPN100 delivers the perfect combination across ultimate performances, ultra-fast speeds, and multi-tasking capabilities. 5x faster than SATA SSDs, VPN100 is the best-in-class reliability SSD for gamers, tech enthusiasts, content creators, and video rendering professionals looking into blazingly fast start up times and instantaneous access to their data for better productivity.",VPN100,,,,,,,,PCI Express x4,,,,,,,,,
products_1_92045823,Zotac,Zotac GeForce RTX 2060 SUPER AMP 8192MB GDDR6 PCI-Express Graphics Card |ZT-T20610D-10P,-Boost Clock: 1680MHz-Memory: 8192MB 14000MHz GDDR6-Cuda Cores: 2176-VR Ready- PhysX/CUDA Enabled- NVIDIA Turing-12nm Process-Real-Time Ray Tracing,2210.33,AED,3100816.0,https://pcdubai.com/product/zotac-geforce-rtx-2060-super-amp-8192mb-gddr6-pci-express-graphics-card-zt-t20610d-10p,Zotac GeForce RTX 2060 SUPER AMP 8192MB GDDR6 PCI-Express Graphics Card |ZT-T20610D-10P. Description: -Boost Clock: 1680MHz-Memory: 8192MB 14000MHz GDDR6-Cuda Cores: 2176-VR Ready- PhysX/CUDA Enabled- NVIDIA Turing-12nm Process-Real-Time Ray Tracing,GeForce RTX 2060 SUPER AMP,,GPU,GeForce RTX 2060 Super,,,,,PCIe,,,,,,,,,
products_1_58208007,MSI,MSI RADEON RX 5700 XT MECH OC 8GB GDDR6,"Grafikkort med PCI-Express 4.0, 8 GB GDDR6 og Navi-chipset",37400.0,INR,3122574.0,https://www.pcstudio.in/product/msi-radeon-rx-5700-xt-mech-oc-8gb-gddr6,"MSI Radeon RX 5700 XT MECH OC. Description: Skjermkort, PCI-Express 4.0, 8GB GDDR6, Navi",RX 5700 XT MECH OC,,GPU,Radeon RX 5700 XT,7.45,,,,PCIe 4.0,,46.0,232.0,126.0,,,GDDR6,,
products_1_25370721,Seagate,SG SSD 2TB 2.5 SATA III BARRACUDA,SSD Seagate Barracuda 2TB 2.5 SATA III R/W: Pana la 540/540 MB/s.,688.0,GBP,3134672.0,https://www.computershop.ro/en/external-hard-drives/19599-stjm2000400.html,SG SSD 2TB 2.5 SATA III BARRACUDA. Description: SSD Seagate Barracuda 2TB 2.5 SATA III R/W: Pana la 540/540 MB/s.,Barracuda,,SSD,,,2000.0,0.54 GB/s,540.0 MB/s,ZA6Q,SATA III,,,,,USB Type-C,,,2.5-inch
products_1_20876912,Seagate,Seagate Touch SSD 1TB USB 3.0 musta,"Credit-card small and greyhound fast, One Touch SSD blends chic textile design with swift SSD and USB 3.0 transfers, continuous backup, plus access to awesome apps like Mylio and Adobe. The result? A personalised, on-the-go solution that lets you seamlessly scroll, edit, organise, and directly stream a...",195.0,EUR,31494.0,https://www.triosoft.fi/p11525-seagate-one-touch-ssd-1tb-usb-30-musta-fi.html,"Seagate One Touch SSD 1TB USB 3.0 musta. Description: Credit-card small and greyhound fast, One Touch SSD blends chic textile design with swift SSD and USB 3.0 transfers, continuous backup, plus access to awesome apps like Mylio and Adobe. The result? A personalised, on-the-go solution that lets you seamlessly scroll, edit, organise, and directly stream a...",One Touch solid-state drive,,SSD,,,1000.0,,,,,,,,,,,musta,
products_1_15715443,Asus,ASUS DUAL-RTX2080S-O8G-EVO DDR6 SUPER GRAPHICS CARD,The ASUS Dual GeForce®RTX 2080 SUPER EVO OC edition 8GB GDDR6 with two powerful Axial-tech fans for high refresh rate AAA gaming and VR,"1 643,94",EYX,3154731.0,https://banleong.com/BLT/product/asus-dual-rtx2080s-o8g-evo-ddr6-super-graphics-card,"ASUS DUAL-RTX2080S-O8G-EVO DDR6 SUPER GRAPHICS CARD. Description: ASUS Dual GeForce® RTX 2080 SUPER™ EVO OC edition with 8GB GDDR6 and two high-performance Axial-tech fans, built for high-refresh-rate AAA gaming and VR",Dual GeForce RTX 2080 SUPER EVO OC edition,DUAL-RTX2080S-O8G-EVO,,,7.45 GiB,,,,,,,,,,,GDDR6,,
products_1_74664189,SAMSUNG Electronics,Samsung 860 EVO Series SSD 2TB,Samsung 860 EVO MZ-N6E2T0BW - Solid state drive - gecodeerd - 2 TB - intern - M.2 2280 - SATA 6Gb/s -buffer: 2 GB - 256-bits AES - TCG Opal Encryption 2.0,230.9,EUR,31583.0,https://cdm-it.nl/randapparatuur/samsung-mz-n6e2t0bw.html,Samsung 860 EVO Series SSD 2TB. Description: Samsung 860 EVO MZ-N6E2T0BW - Solid state drive - gecodeerd - 2 TB - intern - M.2 2280 - SATA 6Gb/s -buffer: 2 GB - 256-bits AES - TCG Opal Encryption 2.0,860 EVO Series,MZ-N6E2T0BW,SSD,,,1862.65 GiB,,,SATA,SATA III,,,,,,,,M.2 2280
products_1_26544937,GB,Gigabyte GeForce RTX 2080 Ti Gaming OC WINDFORCE 3X 11GB GDDR6 352-Bit Graphics Card | GV-N208TGAMING OC-11GC,"WINDFORCE 3X COOLING SYSTEMThe WINDFORCE 3X cooling system features 3x 82mm unique blade fans, alternate spinning fan, 6 composite copper heat pipes, heat-pipe direct touch and 3D active fan functionality, together delivering an effective heat dissipation capacity for higher performance at lower temperatures.ALTERNATE SPINNINGThe GIGABYTE “Alternate Spinning” is the only solution that can solve the turbulent airflow of three fans. The biggest problem with the three fans is turbulence. Since the fans rotate in the same direction, the airflow direction is opposite between the fans, which will cause turbulent airflow and reduce heat dissipation efficiency. GIGABYTE turns the middle fan in the opposite direction, so that the airflow direction between the two fans is the same, reducing the turbulence and enhancing the airflow pressure.HEAT PIPES DIRECT TOUCHThe shape of the pure copper heat pipe maximizes the direct contact area with the GPU, enhancing heat transfer. The heat pipe also covers the VRAM through a large metal plate contact to ensure proper cooling.RGB FUSION 2.0With 16.7M customizable color options and numerous lighting effects, you can choose lighting effects or synchronize with other AORUS devices.","6 539,34",GbP,318005.0,https://gccgamers.com/computer-parts-compnents/graphic-cards/gigabyte-geforce-rtx-2080-ti-gaming-oc-windforce-3x-11gb-gddr6-352-bit-graphics-card-gv-n208tgaming-oc-11gc.html,"Gigabyte GeForce RTX 2080 Ti Gaming OC WINDFORCE 3X 11GB GDDR6 352-Bit Graphics Card | GV-N208TGAMING OC-11GC. Description: WINDFORCE 3X COOLING SYSTEMThe WINDFORCE 3X cooling system features 3x 82mm unique blade fans, alternate spinning fan, 6 composite copper heat pipes, heat-pipe direct touch and 3D active fan functionality, together delivering an effective heat dissipation capacity for higher performance at lower temperatures.ALTERNATE SPINNINGThe GIGABYTE “Alternate Spinning” is the only solution that can solve the turbulent airflow of three fans. The biggest problem with the three fans is turbulence. Since the fans rotate in the same direction, the airflow direction is opposite between the fans, which will cause turbulent airflow and reduce heat dissipation efficiency. GIGABYTE turns the middle fan in the opposite direction, so that the airflow direction between the two fans is the same, reducing the turbulence and enhancing the airflow pressure.HEAT PIPES DIRECT TOUCHThe shape of the pure copper heat pipe maximizes the direct contact area with the GPU, enhancing heat transfer. The heat pipe also covers the VRAM through a large metal plate contact to ensure proper cooling.RGB FUSION 2.0With 16.7M customizable color options and numerous lighting effects, you can choose lighting effects or synchronize with other AORUS devices.",GeForce RTX 2080 Ti Gaming OC WINDFORCE 3X,GV-N208TGAMIBG 9C-11HC,GPU,GeForce RTX 2080 Ti,11.0,,,,,,,,,,,GDDR6,,
products_1_24673290,Biyetimi,Biyetimi Multifunctional USB Flash Drive pendrive 64gb cle usb stick 32gb 16gb 8gb 4gb usb 2.0 Pen Drive for android/pc memoria,Buy Biyetimi Multifunctional USB Flash Drive pendrive 64gb cle usb stick 32gb 16gb 8gb 4gb usb 2.0 Pen Drive for android/pc memoria at geeksmartbuy.com! Free shipping to 185 countries. 45 days money back guarantee.,9.0,USD,31874468.0,https://geeksmartbuy.com/biyetimi-multifunctional-usb-flash-drive-pendrive-64gb-cle-usb-stick-32gb-16gb-8gb-4gb-usb-2-0-pen-drive-for-android-pc-memoria,Universal Mini USB Flash Drive. Description: Purchase the Universal Mini USB Flash Drive at 24x7deal.com. Enjoy free shipping to 185 countries and a 45-day money-back guarantee.,Multifunctional USB Flash Drive pendrive,,USB_STICK,,,64000 MB,,,USB 2.0,,,,,,,,,
products_1_17589416,Western Digital,"HDD intern WD, 3.5"", 6TB, BLUE, SATA3, 540Orpm, G4MB","HDD intern WD, 3.5\"", 6TB, BLUE, SATA3, 5400rpm, 64MB",764.62,RON,3191716.0,https://stonet.ro/product/hard-disk-uri-desktop-hdd-intern-wd-3-5-6tb-blue-sata3-5400rpm-64mb-wd60ezrz,"HDD intern WD, 3.5"", 6TB, BLUE, SATA3, 5400rpm, 64MB. Description: HDD intern WD, 3.5\"", 6TB, BLUE, SATA3, 5400rpm, 64MB",BLUE,,,,,"6,000,000 MB",,,,,,,,,3.5-inch SATA,,,3.6-kncb
products_1_4350399,Asus,Asus NVIDIA GeForce GTX 1660 SUPER TUF Gaming OC 6GB Video Card TUF-GTX1660S-O6G-GAMING | PCByte,"Graphics processor: NVIDIA GeForce GTX 1660 SUPER. Memory: 6GB GDDR6 on a 192-bit bus. Core clock: 1860 MHz boost. Interface: PCI-E 3.0 x16. Outputs: 1x DisplayPort 1.4, 1x HDMI 2.0b, and 1x DVI-D.",399.0,SIS,3193888.0,https://www.pcbyte.com.au/store/product/asus-nvidia-geforce-gtx-1660-super-tuf-gaming-oc-6gb-video-card-tuf-gtx1660s-o6g-gaming-23769,"Asus NVIDIA GeForce GTX 1660 SUPER TUF Gaming OC 6GB Video Card TUF-GTX1660S-O6G-GAMING | PCByte. Description: Graphics Processing : NVIDIA GeForce GTX 1660 SUPERMemory : 6GB GDDR6Memory Bus : 192-BitCore Clock : 1860 Megahertz (Boost)Interface : PCI-E 3.0 x 16Output : 1x DisplayPort 1.4, 1x HDMI 2.0b, 1x DVI-D",GeForcw GTX 1660 S8PER TUF Gaming OD,TUF-GTX1660S-O6G-GAMING,GPU,GeForce GTX 1660 Super,,,,,,,,,,,,,,
products_1_24494324,Asus,ASUS NVIDIA GeForce RTX 2060 SUPER 8GB TURBO EVO Turing Graphics Card,"ASUS GeForce RTX 2060 SUPER TURBO EVO 8GB GDDR6 Ray-Tracing Graphics Card, 2176 Core",127.52,GBP,320546.0,https://www.scan.co.uk/products/asus-geforce-rtx-2060-super-turbo-evo-8gb-gddr6-ray-tracing-graphics-card-2176-core,"ASUS NVIDIA GeForce RTX 2060 SUPER 8GB TURBO EVO Turing Graphics Card. Description: ASUS GeForce RTX 2060 SUPER TURBO EVO 8GB GDDR6 Ray-Tracing Graphics Card, 2176 Core",GeForce RTX 2060 SUPER TURBO EVO,,GPU,GeForce RTX 2060 Super,,,,,,,,,,,,,,
products_1_28997705,Intel,Intel SSD/P4800X 750GB 1/2 Height PCIe SngPack,Intel Optonc SSD DC P4800X Series - Solid state drive - gecodeerd - 750 GB - 3D Xpoint (Optane) - intern - PCIe-kaart (HHHL) - PCI Express 3.0 x4 (NVMe) - 256-bits AES,"2,731.32",EUR,3236003.0,https://cdm-it.nl/randapparatuur/intel-ssdped1k750ga01.html,Intel SSD/P4800X 750GB 1/2 Height PCIe SngPack. Description: Intel Optane SSD DC P4800X Series - Solid state drive - gecodeerd - 750 GB - 3D Xpoint (Optane) - intern - PCIe-kaart (HHHL) - PCI Express 3.0 x4 (NVMe) - 256-bits AES,Optane SSD DC P4800X Serie,,SSD,,,"750,000 MB",,,PC1 Exprcss x4,,,,,,PCIe-kaart (HHHL),,,
products_1_5442902,Western Digital,"Western Digital Purple 3.5\"" 1000 GB SATA III HDD","1TB, 8.89 cm (3.5\"") , SATA 6Gb/s, 5400 RPM",51.47,EUR,324185.0,https://www.hardware-deals.eu/shop/computeronderdelen/interne-harde-schijven/western-digital-purple-3-5-1000-gb-sata-iii-hdd,"Western Digital Purple 3.5\"" 1000 GB SATA III HDD. Description: 1TB, 8.89 cm (3.5\"") , SATA 6Gb/s, 5400 RPM",Purple,,HDD,,,931.32 GiB,,,SATA,SATA III,,,,,3.5-inch SATA,,,
products_1_3980193,Seagate,"1TB BarraCuda ST1000LM048, 5400 RPM, SATA 6Gb/s, 128MB cache, 2.5-Inch HDD","1TB BarraCuda ST1000LM048, 5400 RPM, SATA 6Gb/s, 128MB cache, 2.5-Inch HDD",60.29,USD,3246480.0,https://www.avadirect.com/1TB-BarraCuda-ST1000LM048-5400-RPM-SATA-6Gb-s-128MB-cache-2-5-Inch-HDD/Product/10851160,"1TB BarraCuda ST1000LM048, 5400 RPM, SATA 6Gb/s, 128MB cache, 2.5-Inch HDD. Description: 1TB BarraCuda ST1000LM048, 5400 RPM, SATA 6Gb/s, 128MB cache, 2.5-Inch HDD",BarraCuda,ST1000LM048,HDD,,,1000.0,,,SATA,,,,,,,,,2.5-inch
products_1_18406024,Seagate,"Seagate Exos 7E8 8TB 3.5\"" Enterprise Hard Drive (HDD)","8TB Capacity, SATA 6Gb/s Interface, 7200RPM Spin Speed, 256MB Cache, 512E Format, Built for Server and Datacenter Workloads, 5 Year Warranty",268.98,GBP,3254311.0,https://www.novatech.co.uk/products/seagate-exos-7e8-8tb-3-5-inch-enterprise-hard-drive-hdd/st8000nm000a.html,"Seagate Exos 7E8 8TB 3.5\"" Enterprise Hard Drive (HDD). Description: 8TB Capacity, SATA 6Gb/s Interface, 7200RPM Spin Speed, 256MB Cache, 512E Format, Built for Server and Datacenter Workloads, 5 Year Warranty",Enterprise,,HDD,,,"7,450.58 GiB",,,SATA,SATA III,,,,,3.5-inch SATA,,,3.5-inch
products_1_32989060,Western Digital,"WD Red 12TB NAS Internal Hard Drive - 5400 RPM Class, SATA 6 GB/S, 256 MB Cache, 3.5\"" - WD120EFAX OEM HDD",Specifically designed for use in NAS systems with up to 8 baysSupports up to 180 TB/yr workload rateAsware firmware for compatibility3-Year manufacturer's limited warrantySmall and home office NAS systems in a 24x7 environment,465.99,USD,32592.0,https://www.dealsaday.com/wd-red-12tb-nas-internal-hard-drive-5400-rpm-class-sata-6-gb-s-256-mb-cache-3-5-wd120efax.html,"WD Red 12T8 NAS Internal Hard Drive - 5400 RPM Class, SATA 6 GB/S, 256 MB Cache, 3.5\"" - WD120EFAX OEM HDD. Description: Specifically designed for use in NAS systems with up to 8 baysSupports up to l80 TB/yr workload rateAsware firmware for compatibility3-Year manufacturer's limited warrantySmall and home office NAS systems in a 24x7 environment",WD Red,WD120EFA,HDD,,,,,,SATA,SATA III,,,,,"3.5""",,,
products_1_50240914,MSI,MSI NVIDIA GeForce RTX 2080 SUPER 8GB GAMING X TRIO Turing Graphics Card,"MSI GeForce RTX 2080 SUPER GAMING X TRIO 8GB GDDR6 Ray-Tracing Graphics Card, 3072 Core, 1650MHz GPU, 1845MHz Boost",679.99,,327147.0,https://www.scan.co.uk/products/msi-geforce-rtx-2080-super-gaming-x-trio-8gb-gddr6-ray-tracing-graphics-card-3072-core-1650mhz-gpu-1,"MSI NVIDIA GeForce RTX 2080 SUPER 8GB GAMING X TRIO Turing Graphics Card. Description: MSI GeForce RTX 2080 SUPER GAMING X TRIO 8GB GDDR6 Ray-Tracing Graphics Card, 3072 Core, 1650MHz GPU, 1845MHz Boost",GeForce RTX 2080 SUPER 8GB GAMING X TRIO,,GPU,,,,,,,,,,,,,,,
products_1_30526558,Samsung,Samsung Portable SSD T7 Touch - Black - 2TB,"Solid state drive, krypteret, 2 TB, ekstern (bærbar), USB 3.2 Gen 2 (USB-C stikforbindelse), 256-bit AES, sort","3,076.0",DKK,327893.0,https://www.proshop.dk/SSD/Samsung-Portable-SSD-T7-Touch-Black-2TB/2826815,"Samsung Portable SSD T7 Touch - Black - 2TB. Description: Solid state drive, krypteret, 2 TB, ekstern (bærbar), USB 3.2 Gen 2 (USB-C stikforbindelse), 256-bit AES, sort",Portable SSD T7 Touch,,SSD,,,2000000 MB,,,USG 3.2 Beh 2,USB Type-C,,,,,USB Type-C,,Black,
products_1_98839043,Seagate,"Seagate FireCuda ST500LX025 500 GB Hybrid Hard Drive - 2.5\"" Internal - SATA (SATA/600) **",5 Year Warranty,92.46,CAD,328311.0,https://www.frontierpc.com/storage/hard-drives/hard-drive/seagate/firecuda/st500lx025-hard-drive-1036179807.html,"Seagate FireCuda ST500LX025 500 GB Hybrid Hard Drive - 2.5\"" Internal - SATA (SATA/600) **. Description: 5 Year Warranty",FireCuda,ST500LX025,HDD,,,500.0,,,SATA,,,,,,"2.5"" Intemol",,,2.5-inch
products_1_85544471,,2017 Crazy hot Sale Cartoon Unicorn USB Flash Drive 32GB 16GB Pen Drive 128GB 64GB USB 2.0 USB Stick8GB 4GB USB Flash,Buy QIXING USB flash drive OTG high Speed drive 64 GB 32 GB 16 GB 8 GB 4GB external storage double Application Micro USB Stick at xmsstore.com! Free shipping to 185 countries. 45 days money back guarantee.,5.36,USD,32833203.0,https://supercrazyshop.com/2017-crazy-hot-sale-cartoon-unicorn-usb-flash-drive-32gb-16gb-pen-drive-128gb-64gb-usb-2-0-usb-stick-8gb-4gb-usb-flash,2017 Crazy hot Sale Cartoon Unicorn USB Flash Drive 32GB 16GB Pen Drive 128GB 64GB USB 2.0 USB Stick8GB 4GB USB Flash. Description: Buy 2017 Crazy hot Sale Cartoon Unicorn USB Flash Drive 32GB 16GB Pen Drive 128GB 64GB USB 2.0 USB Stick8GB 4GB Flash at supercrazyshop.com! Free shipping to 185 countries. 45 days money back guarantee.,Cartoon Unicorn USB Flash Drive,,USB_STICK,,,32.0 GB,,,USB 2.0,,,,,,,,,
products_1_43613054,Western Digital,Western Digital WDBY Black 4 TB Portable Hard Drive,"Western Digital My Passport portable storage perfectly complements your on-the-go lifestyle. Designed to fit in the palm of your hand, there is plenty of space to store a massive number of photos, videos, music and documents.",371.75,AUD,32882223.0,https://au.rs-online.com/web/p/hard-drives/1264349,"Western Digital WDBY Black 4 TB Portable Hard Drive. Description: Western Digital My Passport portable storage perfectly complements your on-the-go lifestyle. Designed to fit in the palm of your hand, there is plenty of space to store a massive number of photos, videos, music and documents.",WDBY Black,,HDD,,,"4,000.0 GB",,,,,,,,,,,Black,
products_1_98108384,Sandisk,"SanDisk USB 3.0 Flash Drive Ultra Flair 16 GB Black, Silver","This 16GB SanDisk Ultra Flair USB stick 3.0 is the easy way to transfer documents quickly and simply. With its durable and modern style it is ideal for use at home or in the office for ease of transferring and storing important files from PC’s to laptops. With transfer speeds to drive up to 15 times faster than standard USB 2.0 drives, you can transfer a full-length movie in less than 30 seconds.Featuring a stylish casing of metal, making it a durable companion for you to carry with you wherever you go. This USB stick also has read speeds of up to 130MB/s so that you can be sure it will never let you down. Also comes with a 5 year warranty which ensures peace of mind that your documents will be kept safe.",7.19,SGD,329031.0,https://www.viking-direct.co.uk/en/sandisk-usb-memory-stick-ultra-flair-16-gb-silver-p-5844924,"SanDisk USB 3.0 Flash Drive Ultra Flair 16 GB Black, Silver. Description: This 16GB SanDisk Ultra Flair USB stick 3.0 is the easy way to transfer documents quickly and simply. With its durable and modern style it is ideal for use at home or in the office for ease of transferring and storing important files from PC’s to laptops. With transfer speeds to drive up to 15 times faster than standard USB 2.0 drives, you can transfer a full-length movie in less than 30 seconds.Featuring a stylish casing of metal, making it a durable companion for you to carry with you wherever you go. This USB stick also has read speeds of up to 130MB/s so that you can be sure it will never let you down. Also comes with a 5 year warranty which ensures peace of mind that your documents will be kept safe.",Ultra Flair,,USB_STICK,,,14.90 GiB,0.13,,USB 3.0,,,,,,,,"Black, Silver",
products_1_37364581,Western Digital,"Western Digital Gold 14TB 3.5\"" SATA HDD/Hard Drive","14TB Western Digital WD141KRYZ Gold 3.5-inch enterprise hard drive, SATA III 6Gb/s, 7200 rpm, 512MB cache, 512E",0.37,GBP,3305887.0,https://www.scan.co.uk/products/14tb-wd-wd141kryz-gold-35-enterprise-hdd-sata-iii-6gb-s-7200rpm-512mb-cache-512e,"Western Digital Gold 14TB 3.5\"" SATA HDD/Hard Drive. Description: 14TB WD WD141KRYZ Gold 3.5\"" Enterprise HDD, SATA III - 6Gb/s, 7200rpm, 512MB Cache, 512E",Gold,,3.5-inch HDD,,,13038.52 GiB,,,,,,,,,3.5-ineh 5ATA,,,3.5-inch
products_1_11118724,Shandian,SHANDIAN New flash disk ultra mini USB flash drive memory stick pen drive 4GB 16GB 32GB 64GB Pendrive flash drive with rope,Buy SHANDIAN New flash disk ultra mini USB flash drive memory stick pen drive 4GB 16GB 32GB 64GB Pendrive flash drive with rope at geeksmartbuy.com! Free shipping to 185 countries. 45 days money back guarantee.,9.95,,33072572.0,https://geeksmartbuy.com/shandian-new-flash-disk-ultra-mini-usb-flash-drive-memory-stick-pen-drive-4gb-16gb-32gb-64gb-pendrive-flash-drive-with-rope,SHANDIAN New flash disk ultra mini USB flash drive memory stick pen drive 4GB 16GB 32GB 64GB Pendrive flash drive with rope. Description: Buy SHANDIAN New flash disk ultra mini USB flash drive memory stick pen drive 4GB 16GB 32GB 64GB Pendrive flash drive with rope at geeksmartbuy.com! Free shipping to 185 countries. 45 days money back guarantee.,New flash disk ultra mini USB flash drive memory stick pen drive,,USB_STICK,,,,,,USB,,,,,,,,,
products_1_90766529,MSI,MSI Radeon RX 5500 XT MECH 8G OC (8GB GDDR6/PCI Express 4.0/1647MHz - 1845MHz/14000MHz),"RADEON RX 5500 XT MECH OC 8192MB GDDR6 PCI-EXPRESS GRAPHICS CARDThe all new RDNA powered Radeon RX 5500 series for exceptional performance and High-fidelity gaming. Take control with Radeon RX 5500 series and experience powerful, accelerated gaming customized for you.A brand new version of the iconic MSI TORX fan pushes the limits of thermal performance yet further than before. The new trims clearly visible on the traditional fan blade create a focused airflow which in turn is pushed down by the dispersion fan blades for increased static pressure.6mm copper heatpipes with an optimized layout increase the cooling efficiency using a direct contace design. Ample amounts of thermal pads are used to allow various components to transfer heat to the heatsink for better cooling.A sturdy backplate helps to strengthen the graphics card and complements the design to look even better.Features:- Core/Memory: Boost Clock / Game Clock* / Base Clock / Memory Speed / Up to 1845 MHz/ Up to 1733 MHz / 1674 MHz /14Gbps- 8GB GDDR6- DisplayPort x 3 / HDMI x 1- TORX Fan 3.0- Dispersion fan blade: Steep curved blade accelerating the airflow- Traditional fan blade: Provides steady airflow to massive heat sink below- Afterburner Overclocking Utility- Kombustor: The latest DirectX versions benchmark supporting.- Predator: In-game video recording.- AMD Radeon FreeSync",249.0,GBP,3309161.0,https://www.pcbelfast.co.uk/product/msi-radeon-rx-5500-xt-mech-8g-oc-8gb-gddr6-pci-express-4-0-1647mhz-1845mhz-14000mhz,"MSI Radeon RX 5500 XT MECH 8G OC (8GB GDDR6/PCI Express 4.0/1647MHz - 1845MHz/14000MHz). Description: RADEON RX 5500 XT MECH OC 8192MB GDDR6 PCI-EXPRESS GRAPHICS CARDThe all new RDNA powered Radeon RX 5500 series for exceptional performance and High-fidelity gaming. Take control with Radeon RX 5500 series and experience powerful, accelerated gaming customized for you.A brand new version of the iconic MSI TORX fan pushes the limits of thermal performance yet further than before. The new trims clearly visible on the traditional fan blade create a focused airflow which in turn is pushed down by the dispersion fan blades for increased static pressure.6mm copper heatpipes with an optimized layout increase the cooling efficiency using a direct contace design. Ample amounts of thermal pads are used to allow various components to transfer heat to the heatsink for better cooling.A sturdy backplate helps to strengthen the graphics card and complements the design to look even better.Features:- Core/Memory: Boost Clock / Game Clock* / Base Clock / Memory Speed / Up to 1845 MHz/ Up to 1733 MHz / 1674 MHz /14Gbps- 8GB GDDR6- DisplayPort x 3 / HDMI x 1- TORX Fan 3.0- Dispersion fan blade: Steep curved blade accelerating the airflow- Traditional fan blade: Provides steady airflow to massive heat sink below- Afterburner Overclocking Utility- Kombustor: The latest DirectX versions benchmark supporting.- Predator: In-game video recording.- AMD Radeon FreeSync™",Radeon RX 5500 XT MECH 8G OC,,GPU,Radeon RX 5500 XT,,,,,PCIe 4.0,,,,,,,,,
products_1_78389108,Seagate,"Seagate 4TB IronWolf Pro 3.5\"" SATA NAS HDD/Hard Drive ST4000NE0025","4TB Seagate ST4000NE0025 IronWolf Pro, 3.5\"" NAS HDD, SATA3 6Gb/s, 7200rpm, 128MB, Register for 2yrs FREE Data Recovery","127 518,48",GBP,3322319.0,https://www.scan.co.uk/products/4tb-seagate-ironwolf-pro-nas-hdd-35-sata-iii-6gb-s-7200rpm-128mb-cache,"Seagate 4TB IronWolf Pro 3.5\"" SATA NAS HDD/Hard Drive ST4000NE0025. Deecription: 4TB Seagate ST4000NE0035 IronWolf Pro, 3.5\"" NAS HDD, SATA3 6Gb/s, 72004pm, 128MB, Register for 2yrs FREE Data Recovery",I5obWolf Prp,ST4000NE0025,HDD,,,"3,725.29 GiB",,,SATA,SATA III,,,,,3.5-inch SATA,,,w.t-invh
products_1_19054864,Asus,ASUS ROG -STRIX-GTX1650S-4G-GAMING GeForce GTX 1650 SUPER 4 GB GDDR6,"ASUS ROG ROG-STRIX-GTX1650S-4G-GAMING, GeForce GTX 1650 SUPER, 4 GB, GDDR6, 128 bit, 7680 x 4320 Pixel, PCI Express 3.0",324.82,EUR,332324.0,https://www.computerunion.it/geforce/43597-asus-rog-strix-gtx1650s-4g-gaming-geforce-gtx-1650-super-4-gb-gddr6-4718017557696.html,"ASUS ROG -STRIX-GTX1650S-4G-GAMING GeForce GTX 1650 SUPER 4 GB GDDR6. Description: ASUS ROG ROG-STRIX-GTX1650S-4G-GAMING, GeForce GTX 1650 SUPER, 4 GB, GDDR6, 128 bit, 7680 x 4320 Pixel, PCI Express 3.0",ROG-STRIX-GTX1650S-4G-GAM,ROG Strix GTX 1650 Super 4GB Gaming Edition,GPU,GeForce GTX 1650 Super,,,,,PCI Express x16,,,,,,,GDDR6,,
products_1_31317877,Kingston,HD SSD mSATA 240 GB Kingston Technology UV500 SSD,"Kingston Technology UV500, 240 GB, mSATA, 520 MB/s, 6 Gbit/s",42.02,,3323507.0,https://www.esseshop.it/hd-ssd-msata-240-gb-kingston-technology-uv500-ssd-p-103066.html,"HD SSD mSATA 240 GB Kingston Technology UV500 SSD. Description: Kingston Technology UV500, 240 GB, mSATA, 520 MB/s, 6 Gbit/s",UV500,,SSD,,,240.0,,,SATA,mSATA,,,,,,,,mSATA
products_1_46836162,Transcend,Transcend StoreJet 1TB Mobile External Hard Drive in Grey - USB3.0,Low Cost Grey mobile external drive comes with massive USB disk size powered by smooth 1TB 3.0 connectivity,58.95,GBP,3335874.0,https://www.cclonline.com/product/141686/TS1TSJ25M3/External-Storage/Transcend-StoreJet-25M3-1TB-USB-3-0/2-0-Portable-Hard-Disk-Drive-Grey/Green-/BAK5651,Transcend StoreJet 1TB Mobile External Hard Drive in Grey - USB3.0. Description: Low Cost Grey mobile external drive comes with massive 1TB disk size powered by smooth USB 3.0 connectivity,StoreJet,,HDD,,,"1,000.0 GB",,,USB 3.0,,,,,,,,,
products_1_8919966,Intel,Intel SSD D3-S4610 - 480GB,"Solid State Drivc, kryptert, 4B0 GB, intern, 2.5\"", SATA 6Gb/s, 256-bit AES",2300.43,N0K,334269.0,https://www.proshop.no/SSD/Intel-SSD-D3-S4610-480GB/2697579,"Intel SSD D3-S4610 - 480GB. Description: Solid State Drive, kryptert, 480 GB, intern, 2.5\"", SATA 6Gb/s, 256-bit AES",SSD D3-S4610,,SSD,,,447.03,,,,SATA III,,,,,2.5-inch SATA,,,
products_1_5541784,Hewlett Packard Enterprise,HPE 300GB SAS 10K SFF SC DS HDD,"Application:Server|Interface:SAS 12 Gb/s 6.4 cm (2.5)|Capacity:300 GB|Speed:10,000 rpm|Height:6.4 mm|Special features:Hot-swap HDD bay|Product type:Internal HDD|",119.8,CHF,334671.0,https://www.arp.ch/en/hpe-300gb-sas-10k-sff-sc-ds-hdd-872475-b21-5214245,"HPE 300GB SAS 10K SFF SC DS HDD. Description: Application:Server|Interface:SAS 12 Gb/s 6.4 cm (2.5)|Capacity:300 GB|Speed:10,000 rpm|Height:6.4 mm|Special features:Hot-swap HDD bay|Product type:Internal HDD|",,,HDD,,,,,,,SAS,,,,,2.5,,,2.5-inch
products_1_24063284,Kingston,Kingston Technology Data Traveler Vault Privacy USB 3.0 Hardware Encrypted 32GB Secure Flash Drive,"Business-Grade Security, Rugged Metal casing for shock and water resistance, Enforced password protection, Easy to use no admin rights or application installation required",,,334901.0,https://www.ebuyer.com/582747-kingston-datatraveler-32gb-encrypted-usb-3-flash-drive-ebuyer-com-dtvp30-32gb,"Kingston Technology Data Traveler Vault Privacy USB 3.0 Hardware Encrypted 32GB Secure Flash Drive. Description: Business-Grade Security, Rugged Metal casing for shock and water resistance, Enforced password protection, Easy to use no admin rights or application installation required",Data Traveler Vault Privacy,,USB_STICK,,,32.0 GB,,,,,,,,,,,,
products_1_11701616,Western Digital,WD My Passport 512GB External Portable Solid State Drive/SSD - Black/White,"512GB WD My Passport WDBKVX5120PSL-WESN, Portable External SSD, 3.1 USB Gen2, 256-bit AES Encryption, Bus Powered, Black",95.99,GBP,3349557.0,https://www.scan.co.uk/products/512gb-wd-my-passport-wdbkvx5120psl-wesn-portable-external-ssd-usb-31-gen2-256-bit-aes-encryption-bus,"WD My Passport 512GB External Portable Solid State Drive/SSD - Black/White. Description: 512GB WD My Passport WDBKVX5120PSL-WESN, Portable External SSD, USB 3.1 Gen2, 256-bit AES Encryption, Bus Powered, Black",My Passport,WDBKVX5120PSL-WESN,SSD,,,512.0,,,USB 3.1 Gen 2,,,,,,,,,
products_1_26093259,Seagate,"SkyHawk Surveillance HDD 3.5\"" 3TB SATA 5400RPM, 256MB CACHE NO ENCRYPTION 3YRS","Mpn: ST3000VX009Vendor:SeagateSkyHawk Surveillance HDD 3.5\"" 3TB SATA 5400RPM, 256MB CACHE NO ENCRYPTION 3YRSSmart. Safe. Secure.Seagate Surveillance-Specialised StorageImagePerfect firmware is designed to ensure seamless video footage capture in 24Ã—7 surveillance workloads that record video from 64 HD cameras.SkyHawk Health Management actively helps protect your surveillance storage by focusing on prevention, intervention, and recovery options. RAID RapidRebuild is the latest feature, which provides 3Ã— faster volume rebuilds over traditional RAID rebuilds.RV sensors built in allow drives to maintain performance in multi-bay systems, giving customers the flexibility to scale their systems when more storage is needed.ATA streaming support enables recordings from up to 64 HD cameras for smooth, uninterrupted footage.Lower power consumption means a reduction in heat emissions, which improves reliability in surveillance solutions. Tarnish-resistant components help protect drive from environmental elements, increasing field reliability.",156.0,AUD,3355054.0,https://www.ishoptech.com.au/products/st3000vx009-1,"SkyHawk Surveillance HDD 3.5\"" 3TB SATA 5400RPM, 256MB CACHE NO ENCRYPTION 3YRS. Description: Mpn: ST3000VX009Vendor:SeagateSkyHawk Surveillance HDD 3.5\"" 3TB SATA 5400RPM, 256MB CACHE NO ENCRYPTION 3YRSSmart. Safe. Secure.Seagate Surveillance-Specialised StorageImagePerfect firmware is designed to ensure seamless video footage capture in 24Ã—7 surveillance workloads that record video from 64 HD cameras.SkyHawk Health Management actively helps protect your surveillance storage by focusing on prevention, intervention, and recovery options. RAID RapidRebuild is the latest feature, which provides 3Ã— faster volume rebuilds over traditional RAID rebuilds.RV sensors built in allow drives to maintain performance in multi-bay systems, giving customers the flexibility to scale their systems when more storage is needed.ATA streaming support enables recordings from up to 64 HD cameras for smooth, uninterrupted footage.Lower power consumption means a reduction in heat emissions, which improves reliability in surveillance solutions. Tarnish-resistant components help protect drive from environmental elements, increasing field reliability.",SkyHawk Surveillance HDD,ST3000VX009,HDD,,,,,,SATA,SATA III,,,,,3.5-inch SATA,,,
products_1_49672008,Sapphire,Sapphire Technology Radeon RX 5600 XT Pulse Overclocked Dual-Fan 6GB GDDR6 PCIe 4.0 Graphics Card,"Radeon RX 5600 XT Pulse Overclocked Dual-Fan 6GB GDDR6 PCIe 4.0 Graphics Card. The SAPPHIRE PULSE RX 5600 XT offers incredible performance at the optimal budget for every gamer. With lightning fast GDDR6 memory and redefined display and media engines, the PULSE RX 5600 XT is the ideal graphics card for 1080p gamers. It is powered by AMDs extreme RDNA architecture, alongside our innovative Dual-X Cooling Technology which keeps the GPU, Memory and VRM components icy cool at low noise levels. The all-aluminum backplate preserves the rigidity of the GPU and guarantees nothing bends, dust stays out and adds another level of passive cooling to dissipate heat. Pivotal SAPPHIRE features like the Quick Connect Fan, Dual Bios Support and Dual Ball Bearing Fans keep your GPU running smooth and stable. Take your gaming to the next level with the SAPPHIRE PULSE RX 5600 XT as the beating heart of your PC!",319.99,USD,3368927.0,https://www.microcenter.com/product/618457/sapphire-technology-radeon-rx-5600-xt-pulse-overclocked-dual-fan-6gb-gddr6-pcie?rf=PDP_altSell+%3E+Cross_Sell+%3E+Cross+Sell+Video+Cards+AMD+GPU+Specific,"Sapphire Technology Radeon RX 5600 XT Pulse Overclocked Dual-Fan 6GB GDDR6 PCIe 4.0 Graphics Card. Description: Radeon RX 5600 XT Pulse Overclocked Dual-Fan 6GB GDDR6 PCIe 4.0 Graphics Card. The SAPPHIRE PULSE RX 5600 XT offers incredible performance at the optimal budget for every gamer. With lightning fast GDDR6 memory and redefined display and media engines, the PULSE RX 5600 XT is the ideal graphics card for 1080p gamers. It is powered by AMDs extreme RDNA architecture, alongside our innovative Dual-X Cooling Technology which keeps the GPU, Memory and VRM components icy cool at low noise levels. The all-aluminum backplate preserves the rigidity of the GPU and guarantees nothing bends, dust stays out and adds another level of passive cooling to dissipate heat. Pivotal SAPPHIRE features like the Quick Connect Fan, Dual Bios Support and Dual Ball Bearing Fans keep your GPU running smooth and stable. Take your gaming to the next level with the SAPPHIRE PULSE RX 5600 XT as the beating heart of your PC!",Radeon RX 5600 XT Pulse Overclocked Dual-Fan,,GPU,,6.0 GB,,,,PCIe 4.0,,,,,,,,,
products_1_67844012,Seagate,WD Blue 1TB Desktop Hard Disk Drive - 7200 RPM SATA 6Gb/s 64MB Cache 3.5 Inch - WD10EZEX - OEM,"Standard Model FastFormat (512e/4Kn) with helium sealed-drive design. PowerBalance optimizes watts per TB, and next-generation helium side-sealing weld technology adds handling robustness and leak protection. Enterprise-class reliability is supported by a 2.5M-hr MTBF rating.",0.39,CAD,337519.0,https://www.dealsaday.com/seagate-exos-x16-14tb-7200-rpm-sata-6gb-s-256mb-cache-3-5-inch-internal-data-center-hdd-enterprise-hard-drive-st14000nm001g.html,Seagate Exos X16 14TB 7200RPM SATA 6Gb/s 256MB Cache 3.5-Inch Internal Data Center HDD Enterprise Hard Drive (ST14000NM001G). Description: Standard Model FastFormat (512e/4Kn)Helium sealed-drive designPowerBalance feature optimizes Watts/TBNext-generation helium side-sealing weld technology for added handling robustness and leak protectionEnterprise-class reliability backed by 2.5M-hr MTBF rating,WD Blue,WD10EZEX,HDD,,,"14,000.0 GB",,,SATA,SATA III,,,,,3.5-inch SATA,,,3.5-inch
products_1_15347603,Toshiba,"Toshiba Enterprise 12TB SATA III 3.5\"" Hard Drive - 7200RPM, 128MB",Massive 12TB HDD Drive Capacity. Perfect 7200RPM Disk Speed for Storing Films,365.9,GBP,3385620.0,https://www.cclonline.com/product/285937/MG07ACA12TE/Hard-Drives/Toshiba-Enterprise-12TB-7200rpm-3-5-inch-SATA-III-Internal-Hard-Drive-with-128MB-Cache-512Emulation/HDD3570,"Toshiba Enterprise 12TB SATA III 3.5\"" Hard Drive - 7200RPM, 128MB. Description: Massive 12TB HDD Drive Capacity. Perfect 7200RPM Disk Speed for Storing Films",Enterprise,,HDD,,,12000000 MB,,,SATA,SATA III,,,,,3.5-inch SATA,,,
products_1_68338843,Western Digital,WD Red 4TB NAS 3.5 inch SATA HDD | Discount Computer Needs,"View and shop for WD Red 4TB NAS 3.5 inch SATA HDD, Internal Hard Disk Drives, and many more products at Discount Computer Needs.",246.71,AUD,339548.0,https://www.discountcomputerneeds.com.au/products/wd-red-4tb-nas-3-5-inch-sata-hdd,"WD Red 4TB NAS 3.5 inch SATA HDD | Discount Computer Needs. Description: View and shop for WD Red 4TB NAS 3.5 inch SATA HDD, Internal Hard Disk Drives, and many more products at Discount Computer Needs.",WD Ewc,,HDD,,,4000.0,,,SATA,,,,,,3.5-inch SATA,,,
products_1_45169409,Western Digital,WD2500AAKX Western Digital Caviar Blue 250GB 7.2K RPM SATA 6GBPS 16MB Buffer 3.5Inch Low Profile Hard Disk Drive. New Bulk Pack.,"General Information : Manufacturer : Western Digital CorporationManufacturer Part Number : WD2500AAKXManufacturer Website Address : www.wdc.ComBrand Name : Western Digital Sub-Type : 250GB 7.2K RPM SATA 6GBPSType : Hard Drive (HDD)Product Line : Caviar BlueTechnical Information : Storage Capacity : 250GB Rotational Speed : 7.2K RPMDrive Interface : SATA Drive Interface Standard : 6GB/S Buffer : 16 MBPhysical Characteristics : Drive Type : InternalDrive Bay Width : 3.5\""",66.0,USD,3402013.0,https://www.allhdd.com/hard-drive/sata-6gbps/250gb-7.2k-rpm/western-digital-wd2500aakx-nbp,"WD2500AAKX Western Digital Caviar Blue 250GB 7.2K RPM SATA 6GBPS 16MB Buffer 3.5Inch Low Profile Hard Disk Drive. New Bulk Pack.. Description: General Information : Manufacturer : Western Digital CorporationManufacturer Part Number : WD2500AAKXManufacturer Website Address : www.wdc.ComBrand Name : Western Digital Sub-Type : 250GB 7.2K RPM SATA 6GBPSType : Hard Drive (HDD)Product Line : Caviar BlueTechnical Information : Storage Capacity : 250GB Rotational Speed : 7.2K RPMDrive Interface : SATA Drive Interface Standard : 6GB/S Buffer : 16 MBPhysical Characteristics : Drive Type : InternalDrive Bay Width : 3.5\""",Caviar Blue,WD2500AAKX,HDD,,,250000.0,,,,SATA III,,,,,3.5-inch SATA,,,3.5-inch
products_1_4330,Gigabyte,Gigabyte NVIDIA GeForce RTX 2060 6GB WINDFORCE OC Turing Graphics Card,"Efficient and POWERFUL RTX 2060 GRAPHICS The GIGABYTE GeForce RTX 2060 Windforce OC delivers a completely renewed PC gaming experience. Powered by the new NVIDIA Turing GPU design and the innovative RTX platform, RTX graphics cards combine real-time ray tracing, artificial intelligence, and programmable shading. The GPU boost clock guarantees an outstanding gaming performance. Keep things cool with GIGABYTE\\'s cooling system which includes a 3D Active Fan and Direct Touch Heatpipes to make sure you get the best performance out of your graphics card. Also included is the new airflow system to the RTX 2060 where the card\\'s fans have alternating rotations which increases airflow out of the card and improves cooling temperatures.Changing Airflow Direction for More Improved CoolingALTERNATE SPINNING System for Efficient Cooling The GIGABYTE patent “Alternate Spinning” is the only solution that can solve the turbulent airflow of adjacent fans. Since the adjacent fans rotate in the same direction, the airflow direction is opposite between the fans, which will cause turbulent airflow and reduce heat dissipation efficiency. GIGABYTE turns the adjacent fans in the opposite direction, so that the airflow direction between the two fans is the same, reducing the turbulence and enhancing the airflow pressure.GIGABYTE\\'s Excellent Heat Transfer DesignGIGABYTE CUSTOM-DESIGNED COOLING SYSTEM WINDFORCE 2X cooling system features 2x 100mm unique blade fans, alternate spinning fan, 2 composite copper heat pipes direct touch GPU and 3D active fan, together delivering an effective heat dissipation.HEAT PIPES DIRECT TOUCH GPUThe shape of the pure copper heat pipes maximize the direct contact area with the GPU, enhancing heat transfer. The heat pipes also cover the VRAM through a large metal plate contact to ensure proper cooling.GeForce Experience3D ACTIVE FANThe 3D Active Fan provides semi-passive cooling, and the fans will remain off when the GPU is in a low load or low power game. It allows gamers to enjoy gameplay in complete silence when the system is running light or idle.Game Ready DriversCOMPOSITE HEAT-PIPESThe composite heat-pipes combine thermal conductivity and phase transition to efficiently manage the heat transfer between two solid interfaces which increase cooling capacity.NVIDIA Turing GPU ArchitectureUp to 6 times faster performance The RTX GPUs are powered by the Turing Architecture, this gives you 6x faster performance over pervious-generation graphics cards. Turing uses a new 12nm manufacturing process and also brings the power of real-time ray tracing and AI to your games.Ray Tracing Technologies & GDDR6World\\'s first for Ray Tracing & GDDR6 The GeForce RTX 2060 delivers truly unique real-time ray-tracing technologies for cutting-edge, hyper-realistic graphics, this means the RTX 2060 is light years ahead of other cards and gives you the most realistic gaming experience ever. The RTX cards also are the first graphics cards to feature GDDR6 memory that has a speed of 14Gbps (14,000 MHz).",294.38,GBP,3406258.0,https://www.technextday.co.uk/gigabyte-nvidia-geforce-rtx-2060-6gb-windforce-oc-turing-graphics-card-gvn2060wf2oc6gd,"Gigabyte NVIDIA GeForce RTX 2060 6GB WINDFORCE OC Turing Graphics Card. Description: Efficient and POWERFUL RTX 2060 GRAPHICS The GIGABYTE GeForce RTX 2060 Windforce OC delivers a completely renewed PC gaming experience. Powered by the new NVIDIA Turing GPU design and the innovative RTX platform, RTX graphics cards combine real-time ray tracing, artificial intelligence, and programmable shading. The GPU boost clock guarantees an outstanding gaming performance. Keep things cool with GIGABYTE\\'s cooling system which includes a 3D Active Fan and Direct Touch Heatpipes to make sure you get the best performance out of your graphics card. Also included is the new airflow system to the RTX 2060 where the card\\'s fans have alternating rotations which increases airflow out of the card and improves cooling temperatures.Changing Airflow Direction for More Improved CoolingALTERNATE SPINNING System for Efficient Cooling The GIGABYTE patent “Alternate Spinning” is the only solution that can solve the turbulent airflow of adjacent fans. Since the adjacent fans rotate in the same direction, the airflow direction is opposite between the fans, which will cause turbulent airflow and reduce heat dissipation efficiency. GIGABYTE turns the adjacent fans in the opposite direction, so that the airflow direction between the two fans is the same, reducing the turbulence and enhancing the airflow pressure.GIGABYTE\\'s Excellent Heat Transfer DesignGIGABYTE CUSTOM-DESIGNED COOLING SYSTEM WINDFORCE 2X cooling system features 2x 100mm unique blade fans, alternate spinning fan, 2 composite copper heat pipes direct touch GPU and 3D active fan, together delivering an effective heat dissipation.HEAT PIPES DIRECT TOUCH GPUThe shape of the pure copper heat pipes maximize the direct contact area with the GPU, enhancing heat transfer. The heat pipes also cover the VRAM through a large metal plate contact to ensure proper cooling.GeForce Experience3D ACTIVE FANThe 3D Active Fan provides semi-passive cooling, and the fans will remain off when the GPU is in a low load or low power game. It allows gamers to enjoy gameplay in complete silence when the system is running light or idle.Game Ready DriversCOMPOSITE HEAT-PIPESThe composite heat-pipes combine thermal conductivity and phase transition to efficiently manage the heat transfer between two solid interfaces which increase cooling capacity.NVIDIA Turing GPU ArchitectureUp to 6 times faster performance The RTX GPUs are powered by the Turing Architecture, this gives you 6x faster performance over pervious-generation graphics cards. Turing uses a new 12nm manufacturing process and also brings the power of real-time ray tracing and AI to your games.Ray Tracing Technologies & GDDR6World\\'s first for Ray Tracing & GDDR6 The GeForce RTX 2060 delivers truly unique real-time ray-tracing technologies for cutting-edge, hyper-realistic graphics, this means the RTX 2060 is light years ahead of other cards and gives you the most realistic gaming experience ever. The RTX cards also are the first graphics cards to feature GDDR6 memory that has a speed of 14Gbps (14,000 MHz).",GeForce RTX 2060 6GB WINDFORCE OC,,Graphics Processing Unit,,,,,,,,,,,,,,,
products_1_12049659,Wansenda,Hotsale WANSENDA OTG Usb Stick Type C Pen Drive 128GB 64GB 32GB 16GB USB Flash Drive 3.0 High Speed Pendrive for Type-C Device,Buy Hotsale WANSENDA OTG Usb Stick Type C Pen Drive 128GB 64GB 32GB 16GB USB Flash Drive 3.0 High Speed Pendrive for Type-C Device at www.kevelostore.com! Free shipping. 45 days money back guarantee.,9.0,USD,34131053.0,https://www.qualityonlinestores.com/hotsale-wansenda-otg-usb-flash-drive-usb-3-0-pen-drive-128gb-type-c-micro-usb-stick-16gb-32gb-64gb-pendrive-for-type-c-device,"WANSENDA OTG USB 3.0 flash drive and pen drive for Type-C devices, available in 16GB, 32GB, 64GB, and 128GB capacities, with USB Type-C and Micro USB support. Description: Purchase the Hotsale WANSENDA OTG USB 3.0 Pen Drive, 128GB Type C Micro USB Stick, and 16GB/32GB/64GB Pendrive for Type-C devices at www.qualityonlinestores.com. Enjoy free shipping to 185 countries and a 45-day money-back guarantee.",OTG USB Flash Drive,,USB_STICK,,,128.0,,,USB 3.0,Type C Micro Usb,,,,,,,,
products_1_34946634,Seagate,Seagate Game Drive 4TB Mobile External Hard Drive in Green - USB3.0,Designer mobile external drive as well as enormous 4TB storage size powered by smooth USB 3.0 connectivity,97.0,GBP,3414481.0,https://www.cclonline.com/product/274531/STEA4000402/External-Storage/Seagate-Game-Drive-4TB-2-5-inch-Portable-Hard-Drive-USB-3-0-Green-for-Xbox-One-External-/BAK7793,Seagate Game Drive 4TB Mobile External Hard Drive in Green - USB3.0. Description: Designer Green mobile external drive as well as enormous 4TB storage size powered by smooth USB 3.0 connectivity,Game Drive,,HDD,,,"4,000.0 GB",,,USB 3.0,,,,,,,,,
products_1_8194632,Seagate,Seagate 3TB Desktop HDD SATA 6Gb/s 64MB Cache 3.5-Inch Internal Bare Drive (ST3000DM001),"By now the world knows that Seagate Desktop 7200 drives, from the world's premier storage provider, deliver years of reliable service and high performance. The ideal choice for workstations, desktop RAID, gaming PCs, high-end PCs, mainstream PCs and USB/FireWire/eSATA external storage. After years of pioneering research at Seagate, perpendicular recording is now a proven technology. It increases capacity and dependability by storing data vertically, rather than horizontally. And vertically stored data bits mean increased data density which means higher performance to increase productivity. This drive delivers excellent power savings without sacrificing drive or system performance, giving customers the ability to manufacture PC systems and external storage systems that meet energy savings requirements. Seagate hard drives have long been produced with the environment in mind, and not just with low power consumption. With Seagate and the Desktop drive, our customers can have the best of both worlds, top hard-drive performance and the satisfaction of knowing they are using a high-capacity drive with a very smalleco-footprint.What's in the box: Seagate 3 TB Desktop 3.5\"" Internal Hard Drive (7200rpm)and 2 Year Limited Warranty.",99.89,USD,3421070.0,http://www.harddrivesplus.com/shop/12105,"Seagate 3TB Desktop HDD SATA 6Gb/s 64MB Cache 3.5-Inch Internal Bare Drive (ST3000DM001). Description: By now the world knows that Seagate Desktop 7200 drives, from the world's premier storage provider, deliver years of reliable service and high performance. The ideal choice for workstations, desktop RAID, gaming PCs, high-end PCs, mainstream PCs and USB/FireWire/eSATA external storage. After years of pioneering research at Seagate, perpendicular recording is now a proven technology. It increases capacity and dependability by storing data vertically, rather than horizontally. And vertically stored data bits mean increased data density which means higher performance to increase productivity. This drive delivers excellent power savings without sacrificing drive or system performance, giving customers the ability to manufacture PC systems and external storage systems that meet energy savings requirements. Seagate hard drives have long been produced with the environment in mind, and not just with low power consumption. With Seagate and the Desktop drive, our customers can have the best of both worlds, top hard-drive performance and the satisfaction of knowing they are using a high-capacity drive with a very small eco-footprint.What's in the box: Seagate 3 TB Desktop 3.5\"" Internal Hard Drive (7200rpm)and 2 Year Limited Warranty.",Desktop HDD,ST3000DM001,HDD,,,2793.97,,,,,,,,,3.5-inch SATA,,,3.5-inch
products_1_68277426,Fiyanyte,1660 GeForce GTX Gigabyte Ti 6GB GAMING Boost Graphics Card,Available  CCL: Gigabyte GeForce GTX 1660 Ti GAMING 6GB Overclocked Graphics Card. HDMI and DisplayPort inputs. Direct X 12 Support. VR Ready.,,,343854.0,https://www.cclonline.com/product/272392/GV-N166TGAMING-OC-6GD/Graphics-Cards/Gigabyte-GeForce-GTX-1660-Ti-GAMING-OC-6G-Graphics-Card/VGA5452,SV Gigabyte GTX 1660 TI GAMING OC 6G. Description: SV Gigabyte GTX 1660 TI GAMING OC 6G - VIDEO - GIGABYTE - SCHEDE GVN166TGO6-00-G,GeForce GTX 1660 Ti 6GB GAMING,,GPU,GeForec GTX 1660 Ti,6000 MB,,,,,,,,,,,,,
products_1_4586576,HPE,HPE 600GB 6G SAS 10K rpm SFF (2.5-inch) SC Enterprise 3yr Warranty Hard Drive,"A 600GB 2.5"" SFF SAS 6Gb/s HDD designed as an enterprise hot-plug hard drive, supplied in a Gen8 Gen9 SFF SmartDrive Carrier. Delivers the highest performance while meeting all demands.",1742.7,KES,3442267.0,https://www.senetic.hk/product-652583-b21,"HPE 600GB 6G SAS 10K rpm SFF (2.5-inch) SC Enterprise 3yr Warranty Hard Drive. Description: A 600GB 2.5\"" SFF SAS 6Gb/s HDD offering enterprise Hot-Plug Hard Drive and comes in Gen8 Gen9 SFF SmartDrive Carrier. Meets all demands while providing the highest performance.",,,HDD,,,600.0,,,SAS,SAS,,,,,2.5-inch SAS,,,2.5-inch
products_1_6520859,,External SSD USB 3.1750 GB,"Intel Core i5 processors (13-inch model)Plug and Play, Driver free DesignSupports Hot-swapUp to 10 hours of battery life2 (13-inch model)High Strength ABS Plastic Material",385.0,INR,34506086.0,https://esecurityproducts.in/product/external-ssd-usb-3-1-750-gb-copy,"External SSD USB 3.1750 GB. Description: Intel Core i5 processors (13-inch model)Plug and ABS Driver free DesignSupports Hot-swapUp to 10 hours of battery life2 (13-inch model)High Strength Play, Plastic Material",,,SSD,,,1750.0,,,,,,,,,,,,
products_1_87510268,Western Digital,WD6003FFBX Western Digital WD RED PRO 6TB 7.2K RPM SATA-6GBPS 256MB Buffer 3.5 Inch Internal Hard Disk Drive. New Retail Factory Sealed With Full Manufacturer Warranty.,PRODUCT OVERVIEWManufacturer : Western Digital Corporation Manufacturer Part : WD6003FFBX Type : Hard Disk Drive (HDD)Sub-Type : SATA-6GBPSProduct Line : WD RED PRO Product Name : WWD RED PRO 6TB Internal Hard Drive KEY FEATURESCapacity : 6 TB Interface : 6GBPS SATADrive Dimensions : 3.5 INCH MTBF : 1000000 HOURS Advanced Format : YES Native Command Queuing : YES Rohs Compliant : YES Performance:Data Transfer Rate (Max) Buffer To Host : 6 GBPS Data Transfer Rate Host To/From Drive (Sustained) : 226 MBPS Spindle Speed : 7200 RPM Buffer : 256 MB PHYSICALDimensions (H L X W) : 26.1 X 147 X 101.6 MM Weight : 720 G,223.0,USD,345616.0,https://www.allhdd.com/hard-drive/sata-6gbps/6tb-7.2k-rpm/western-digital-wd6003ffbx-nrfs,WD6003FFBX Western Digital WD RED PRO 6TB 7.2K RPM SATA-6GBPS 256MB Buffer 3.5 Inch Internal Hard Disk Drive. New Retail Factory Sealed With Full Manufacturer Warranty.. Description: PRODUCT OVERVIEWManufacturer : Western Digital Corporation Manufacturer Part : WD6003FFBX Type : Hard Disk Drive (HDD)Sub-Type : SATA-6GBPSProduct Line : WD RED PRO Product Name : WWD RED PRO 6TB Internal Hard Drive KEY FEATURESCapacity : 6 TB Interface : 6GBPS SATADrive Dimensions : 3.5 INCH MTBF : 1000000 HOURS Advanced Format : YES Native Command Queuing : YES Rohs Compliant : YES Performance:Data Transfer Rate (Max) Buffer To Host : 6 GBPS Data Transfer Rate Host To/From Drive (Sustained) : 226 MBPS Spindle Speed : 7200 RPM Buffer : 256 MB PHYSICALDimensions X L X W) : 26.1 X 147 X 101.6 MM Weight : 720 G,WD RED PRO,WD6003F,HDD,,,6000.0,226.0,,SATA,SATA III,101. 6,147.0,26.1,720.0,3.5-inch SATA,,,3.5-inch
products_1_79539273,,"Seagate Constellation 4TB 7.2K 3.5\"" DP 6G SAS ST4000NM0023 Hard Drive","The Constellation 4TB Constellation ES.3 SAS drive, with the world’s highest capacity in a 3.5-inch HDD form factor, is the perfect foundation for building maximum density server and storage solutions.",163.34,USD,3463742.0,https://www.avadirect.com/4TB-Constellation-ES-3-ST4000NM0023-7200-RPM-SAS-6Gb-s-512n-128MB-cache-3-5-Inch-HDD/Product/7342949,"4TB Constellation ES.3 ST4000NM0023, 7200 RPM, SAS 6Gb/s, 512n, 128MB cache, 3.5-Inch HDD. Description: The Constellation 4TB Constellation™ ES.3 SAS drive, with the world’s highest capacity in a 3.5-inch HDD form factor, is the perfect foundation for building maximum density server and storage solutions.",Constellation,ST4000NM0023,HDD,,,3725.29,,,SAS,SAS,,,,,3.5-inch SAS,,,3.5-inch
products_1_20598122,Sandisk,SANDISK Cruzer Blade Flash Drive - 8GB,"SANDISK Cruzer Blade Flash Drive - 8GB With its stylish, compact design and generous capacity, the Cruzer Blade USB Flash Drive makes it easy to back up, transfer, and share your files. W ith a capacity of 8GB**, this USB drive lets you carry your pho",6.59,EUR,3487297.0,https://www.iwonatec.com/nl/product!sandisk-cruzer-blade-flash-drive---8gb,"SANDISK Cruzer Blade Flash Drive - 8GB. Description: SANDISK Cruzer Blade Flash Drive - 8GB With its stylish, compact design and generous capacity, the Cruzer Blade USB Flash Drive makes it easy to back up, transfer, and share your files. With a capacity of 8GB**, this USB drive lets you carry your pho",Cruzer Bla,,USB_STICK,,,8.0 GB,,,,,,,,,,,,
products_1_21011422,Zotac,Zotac GeForce GTX 1660 Ti Twin Fan 6GB GDDR6 Graphics Card,"GTX 1660 TI, 6GB GDDR6, Boost: 1770 MHz",249.99,68P,3492668.0,https://www.ebuyer.com/877149-zotac-geforce-gtx-1660-ti-twin-fan-6gb-gddr6-graphics-card-zt-t16610f-10l,"Zotac GeForce GTX 1660 Ti Twin Fan 6GB GDDR6 Graphics Card. Description: GTX 1660 TI, 6GB GDDR6, Boost: 1770 MHz",GeForce GTX 1660 Ti Twin Fan,,,GeForce GTX 1660 Ti,"6,000 MB",,,,,,,,,,,,,
products_1_16588524,Sandisk,SanDisk 16GB iXpand SDIX30C-016G-GN6NN USB 3.0 Flash Drive,"Stylish silver USB flash drive in plastic and metal with key loop and OTG support. Features USB 3.2 Gen 1 (USB 3.0), USB-A and Lightning connectors, 16GB capacity, and write speeds up to 53MB/s.",29.37,S8T,351217.0,https://www.alzashop.com/sandisk-ixpand-flash-drive-16gb-d4507045.htm,"SanDisk iXpand Flash Drive 16GB. Description: USB Flash Drive - USB 3.2 Gen 1 (USB 3.0) and Lightning, USB-A and Lightning, of 16GB, write speed up to 53MB/s, OTG, with key loop, stylish, plastic and metal, silver colour",Drive Flash iXpand,,USB_STICK,,,16.0,,"53,000 KB/s",USB 3.0,USB Type-A and Lightning,,,,,USB Type-A and Lightning,,silver colour,
products_1_74468891,XFX,XFX AMD Radeon RX 5700 XT TD 8GB GDDR6 RDNA PCIe 4.0 Graphics Card,"XFX Radeon RX 5700 XT TD 8GB GDDR6 PCIe 4.0 Graphics Card, 7nm RDNA, 2560 Streams, 1605MHz, 1905MHz Boost",382.99,GB,3524973.0,https://www.scan.co.uk/products/xfx-radeon-rx-5700-xt-td-8gb-gddr6-pcie-40-graphics-card-7nm-rdna-2560-streams-1605mhz-1905mhz-boost,"XFX AMD Radeon RX 5700 XT TD 8GB GDDR6 RDNA PCIe 4.0 Graphics Card. Description: XFX Radeon RX 5700 XT TD 8GB GDDR6 PCIe 4.0 Graphics Card, 7nm RDNA, 2560 Streams, 1605MHz, 1905MHz Boo",Radeon RX 5700 XT TD,,GPU,Radeon RX 5700 XT,,,,,,,,,,,,,,
products_1_8167070,Hewlett Packard Enterprise,HPE 600GB SAS 12G Enterprise 15K SFF (2.5in) SC Firmware Wty Digitally Signed 3yr HDD,HPE Hard Disk Drives (HDDs) are engineered for top performance and compatibility. This 600GB 12G 15K 2.5 SAS model is recommended for server storage platforms of any size.,2433.5,HKD,3552536.0,https://www.senetic.hk/product-870757-b21,HPE 600GB SAS 12G Enterprise 15K SFF (2.5in) SC 3yr Wty Digitally Signed Firmware HDD. Description: HPE Hard Disk Drives (HDDs) are engineered for top performonce and compatibility. This 60OGB 12G 15K 2.5 SAS model is recommended for server storage platforms of any size.,,,,,,600.0 GB,,,SAS,SAS,,,,,2.5-inch SATA,,,
products_1_10958685,Hewlett Packard Enterprise,872479-B21 - HPE 1.2TB SAS 12G 10K SFF SC DS HDD,"Do your servers need high-performance Enterprise hard drives for both your mission-critical and I/O intensive applications? HPE Server Enterprise Hard Drives offer the highest level of performance and reliability for your most demanding application workloads. They deliver maximum performance without compromising reliability, specifically engineered to meet the needs of hot data. Enterprise drives help you improve server response times, power more transactions per second and accelerate data transfer (I/O) speeds. HPE Server Enterprise Hard Drives are backed by over 2.4 million hours of the industry’s most rigorous testing and qualification program ensuring customer’s reliable, rugged drives. HPE integrated firmware protects data from malicious attacks that could change or destroy it. The self-describing icons on the HPE SMART Carrier takes the guess work out of a drive’s status and a “do not remove” button prevents data loss from human error.What's newUp to 900 Gigabyte 15K SAS SFF 512e Enterprise Hard Disk DrivesUp to 1.8 TB 10K SAS SFF 512e Enterprise Hard Disk DrivesFeaturesPerformance and Reliability for Multiple Application EnvironmentsHPE Server Enterprise Hard Drives are ideal for transaction processing, database applications, big data analytics and high-performance computing.Broad portfolio of optimized solutions provide up to 1.8 TB of storage in a smaller footprint.Efficient drives for power and space constrained datacenters.Latest 12G SAS interface for increased performance.Product DescriptionHPE Enterprise - hard drive - 1.2 TB - SAS 12Gb/sTypeHard drive - hot-swapCapacity1.2 TBForm Factor2.5\"" SFFInterfaceSAS 12Gb/sData Transfer Rate1.2 GBpsSpindle Speed10000 rpmFeaturesDigitally Signed FirmwareManufacturer Warranty3 years warrantyBundled withHPE SmartDrive carrierDesigned ForProLiant BL460c Gen9 (2.5\""), BL460c Gen9 Base (2.5\""), BL460c Gen9 Entry (2.5\""), BL460c Gen9 Performance (2.5\"")GeneralDevice TypeHard drive - hot-swapCapacity1.2 TBForm Factor2.5\"" SFFInterfaceSAS 12Gb/sBytes per Sector512FeaturesDigitally Signed FirmwareBundled withHPE SmartDrive carrierPerformanceDrive Transfer Rate1.2 GBps (external)Spindle Speed10000 rpmExpansion & ConnectivityInterfaces1 x SAS 12 Gb/sCompatible Bay2.5\"" SFFManufacturer WarrantyService & SupportLimited warranty - 3 years",439.94,CAD,3565460.0,https://ityuda.com/products/872479-b21-hpe-12tb-sas-12g-10k-sff-sc-ds-hdd,"872479-B21 - HPE 1.2TB SAS 12G 10K SFF SC DS HDD. Description: Do your servers need high-performance Enterprise hard drives for both your mission-critical and I/O intensive applications? HPE Server Enterprise Hard Drives offer the highest level of performance and reliability for your most demanding application workloads. They deliver maximum performance without compromising reliability, specifically engineered to meet the needs of hot data. Enterprise drives help you improve server response times, power more transactions per second and accelerate data transfer (I/O) speeds. HPE Server Enterprise Hard Drives are backed by over 2.4 million hours of the industry’s most rigorous testing and qualification program ensuring customer’s reliable, rugged drives. HPE integrated firmware protects data from malicious attacks that could change or destroy it. The self-describing icons on the HPE SMART Carrier takes the guess work out of a drive’s status and a “do not remove” button prevents data loss from human error.What's newUp to 900 GB 15K SAS SFF 512e Enterprise Hard Disk DrivesUp to 1.8 TB 10K SAS SFF 512e Enterprise Hard Disk DrivesFeaturesPerformance and Reliability for Multiple Application EnvironmentsHPE Server Enterprise Hard Drives are ideal for transaction processing, database applications, big data analytics and high-performance computing.Broad portfolio of optimized solutions provide up to 1.8 TB of storage in a smaller footprint.Efficient drives for power and space constrained datacenters.Latest 12G SAS interface for increased performance.Product DescriptionHPE Enterprise - hard drive - 1.2 TB - SAS 12Gb/sTypeHard drive - hot-swapCapacity1.2 TBForm Factor2.5\"" SFFInterfaceSAS 12Gb/sData Transfer Rate1.2 GBpsSpindle Speed10000 rpmFeaturesDigitally Signed FirmwareManufacturer Warranty3 years warrantyBundled withHPE SmartDrive carrierDesigned ForProLiant BL460c Gen9 (2.5\""), BL460c Gen9 Base (2.5\""), BL460c Gen9 Entry (2.5\""), BL460c Gen9 Performance (2.5\"")GeneralDevice TypeHard drive - hot-swapCapacity1.2 TBForm Factor2.5\"" SFFInterfaceSAS 12Gb/sBytes per Sector512FeaturesDigitally Signed FirmwareBundled withHPE SmartDrive carrierPerformanceDrive Transfer Rate1.2 GBps (external)Spindle Speed10000 rpmExpansion & ConnectivityInterfaces1 x SAS 12 Gb/sCompatible Bay2.5\"" SFFManufacturer WarrantyService & SupportLimited warranty - 3 years",Enterprise,i72r78-B21,HDD,,,,,,,,,,,,"2.5"" SFF",,,2.5-inch
products_1_17885462,Sandisk,SanDisk Ultra 128 GB USB 3.0 Flash Drive,In the Box,37.99,USD,36163.0,https://cameramall.com/products/sandisk-ultra-128-gb-usb-3-0-flash-drive,SanDisk Ultra 128 GB USB 3.0 Flash Drive. Description: In the Box,U1tro,,USB_STICK,,,128000.0,,,,,,,,,,,,
products_1_44455069,Kingston,Kingston A2000 1TB M.2 PCIe 3.0 x4 NVMe SSD/Solid State Drive,"1TB Kingston A2000, M.2 (2280) PCIe 3.0 (x4) NVMe SSD, 2200MB/s Read, 2000MB/s Write, 250k/220k IOPS",97.49,GB P,361987.0,https://www.scan.co.uk/products/1tb-kingston-a2000-m2-2280-pcie-30-x4-nvme-ssd-2200mb-s-read-2000mb-s-write-250k-220k-iops?source=hx1&utm_source=Hexus%20Review,"Kingston A2000 1TB M.2 (2280) PCIe 3.0 x4 NVMe solid-state drive. Specs: 2200MB/s read, 2000MB/s write, 250k/220k IOPS.",A2000,,SSD,,,1000.0 GB,,,,NVMe,,,,,K.w,,,
products_1_8706571,Hewlett Packard,HP 600GB SAS 12G Enterprise 10K 2.5'' SFFSC Server Hard Drive,HP 600GB SAS 12G Enterprise l0K 2.5'' SFF SC Server Hard Drive HP 600GB SAS 12G Enterprise 10K 2.5'' SFF 5C Server Hard Drive part number 872477-B21 has a spindle speed of 10000 rpm and also data transfer rate of 1.2 GB/s (external),39000.0,KES,3630342.0,https://tetop.co.ke/product/hp-600gb-sas-12g-enterprise-10k-2-5-sff-sc-server-hard-drive,HP 600GB SAS 12G Enterprise 10K 2.5'' SFFSC Server Hard Drive. Description: HP 600GB SAS 12G Enterprise 10K 2.5'' SFF SC Server Hard Drive HP 600GB SAS 12G Enterprise 10K 2.5'' SFF SC Server Hard Drive part number 872477-B21 has a spindle speed of 10000 rpm and also data transfer rate of 1.2 GB/s (external),600GB SAS 12G Enterprise 10K 2.5'' SFFSC Server Hard Drive,,HDD,,,558.79,,,SAS,,,,,,2.5'',,,2.5-inch
products_1_9739864,Seagate,Seagate Backup Plus Hub 8TB External Portable Hard Drive/HDD - Black,"8TB Seagate Backup Plus Hub STEL8000200, Portable External HDD, USB 3.0, w/ 2 x USB 3.0, Black",204.0,GBP,363112.0,https://www.scan.co.uk/products/8tb-seagate-backup-plus-hub-stel8000200-portable-external-hdd-usb-30-w-2-x-usb-30-for-xbox-console-b,"Seagate Backup Plus Hub 8TB External Portable Hard Drive/HDD - Black. Description: 8TB Seagate Backup Plus Hub STEL8000200, Portable External HDD, USB 3.0, w/ 2 x USB 3.0, Black",Backup Plus Hub,,HDD,,,8000.0 GB,,,USB 3.0,USB,,,,,,,Vpaci,
products_1_12704821,Gigabyte,"GIGABYTE Radeon RX 590 Gaming 8G Graphics Card, 2 x WINDFORCE Fans, 8GB 256-Bit GDDR5 Video Card - Black | GV-RX590GAMING-8GD","WINDFORCE 2X COOLING SYSTEMThe WINDFORCE 2X cooling system features 3 pure copper composite heat-pipes, heat-pipe direct touch GPU, 90mm unique blade fan design, 3D active fan with LED indicators, stylish metal back plate, together delivering an effective heat dissipation capacity for higher performance at lower temperatures.90MM UNIQUE BLADE FAN DESIGNThe airflow is spilt by the triangle fan edge, and guided smoothly through the 3D stripe curve on the fan surface, effectively enhancing the air flow.3D ACTIVE FAN WITH LED INDICATORSThe semi-passive fans will remain off when the GPU is under a set loading or temperature for low power gaming. The LED fan indicator on the top of the graphics card provides an instant display of the fan status.COMPOSITE HEAT-PIPEThe composite heat-pipe combines both thermal conductivity and phase transition for efficiently managing the transfer of heat between two solid interfaces which increases 29% of cooling capacity.3 HEAT-PIPES DIRECT TOUCHThe pure copper heat pipes are shaped to maximize the direct contact area to the GPU.GAME IN STYLERGB Fusion 2.0With 16.7M customizable color options and numerous lighting effects, you can choose lighting effects or synchronize with other AORUS devices.BUILT STRONGSTYLISH METAL BACK PLATEThe metal back plate offers rigidity and protection to the structure, while adding a sleek, clean look to the product.BUILT FOR OVERCLOCKING WITH 6+2 POWER PHASES6+2 power phases on the card make the MOSFET working at a lower temperature and provide more stable voltage output.ULTRA DURABLE MATERIALSEngineered with the highest-grade chokes and capacitors, this graphic card delivers outstanding performance and durable system lifespan.AORUS EngineThe cutting edge intuitive interface allows you to tune the clock speeds, voltage, fan performance, and power target in real-time according to your own gaming requirement.One-click OverclockingWith a simple click on AORUS engine utility, gamers can easily tune the card to meet their various gaming requirements without any overclocking knowledge, while saving the hassle of manual adjustment.","1 205,05",AED,3637621.0,https://gccgamers.com/computer-parts-compnents/graphic-cards/gigabyte-radeon-rx-590-gaming-8g-graphics-card-2-x-windforce-fans-8gb-256-bit-gddr5-video-card-black-gv-rx590gaming-8gd.html,"GIGABYTE Radeon RX 590 Gaming 8G Graphics Card, 2 x WINDFORCE Fans, 8GB 256-Bit GDDR5 Video Card - Black | GV-RX590GAMING-8GD. Description: WINDFORCE 2X COOLING SYSTEMThe WINDFORCE 2X cooling system features 3 pure copper composite heat-pipes, heat-pipe direct touch GPU, 90mm unique blade fan design, 3D active fan with LED indicators, stylish metal back plate, together delivering an effective heat dissipation capacity for higher performance at lower temperatures.90MM UNIQUE BLADE FAN DESIGNThe airflow is spilt by the triangle fan edge, and guided smoothly through the 3D stripe curve on the fan surface, effectively enhancing the air flow.3D ACTIVE FAN WITH LED INDICATORSThe semi-passive fans will remain off when the GPU is under a set loading or temperature for low power gaming. The LED fan indicator on the top of the graphics card provides an instant display of the fan status.COMPOSITE HEAT-PIPEThe composite heat-pipe combines both thermal conductivity and phase transition for efficiently managing the transfer of heat between two solid interfaces which increases 29% of cooling capacity.3 HEAT-PIPES DIRECT TOUCHThe pure copper heat pipes are shaped to maximize the direct contact area to the GPU.GAME IN STYLERGB Fusion 2.0With 16.7M customizable color options and numerous lighting effects, you can choose lighting effects or synchronize with other AORUS devices.BUILT STRONGSTYLISH METAL BACK PLATEThe metal back plate offers rigidity and protection to the structure, while adding a sleek, clean look to the product.BUILT FOR OVERCLOCKING WITH 6+2 POWER PHASES6+2 power phases on the card make the MOSFET working at a lower temperature and provide more stable voltage output.ULTRA DURABLE MATERIALSEngineered with the highest-grade chokes and capacitors, this graphic card delivers outstanding performance and durable system lifespan.AORUS EngineThe cutting edge intuitive interface allows you to tune the clock speeds, voltage, fan performance, and power target in real-time according to your own gaming requirement.One-click OverclockingWith a simple click on AORUS engine utility, gamers can easily tune the card to meet their various gaming requirements without any overclocking knowledge, while saving the hassle of manual adjustment.",Gaming edition Radeon RX 590 8G,,GPU,Radeon RX 590,8000 MB,,,,,,,,,,,,,
products_1_8924039,Samsung,Samsung 970 PRO 512GB - NVMe PCIe M.2 2280 SSD | MZ-V7P512BW,"3500/2700 Samsung, 512GB, 970 Pro, retail, NVMe M.2 PCI-E, rata transfer r/w: SSD mb/s, 80.15 x 22.15 x 2.38 mm, Criptare AES 256-bit",651.0,AUD,3668.0,https://gccgamers.com/drives-storage/internal-ssds.html/samsung-970-pro-512gb-nvme-pcie-m-2-2280-ssd-mz-v7p512bw.html,"Samsung 970 PRO 512GB - NVMe PCIe M.2 2280 SSD | MZ-V7P512BW. Description: Experience the best. For intensive workloads on PCs and workstations, the 970 PRO delivers ultimate performance powered by Samsung's NVMe SSD leadership. The latest V-NAND technology and new Phoenix controller in a compact M.2 (2280) form factor meets the needs of the most demanding tech enthusiasts and professionals.",970 PRO,MZ-V7P512BW,SSD,,,512.0,,,PCIe,NVMe,,,,,M.2,,,M.2 2280
products_1_44961253,XFX,XFX Radeon RX 580 8GB GTS XXX Edition Graphics Card,"AMD Radeon RX 580, 8GB GDDR5, True:1366MHz",1145.71,DKK,3676509.0,https://www.ebuyer.com/788541-xfx-radeon-rx-580-8gb-gts-xxx-edition-graphics-card-rx-580p8dfd6,"XFX Radeon RX 580 8GB GTS XXX Edition Graphics Card. Description: AMD Radeon RX 580, 8GB GDDR5, True:1366MHz",RadeonRX 580 8GB GTS XXX Edition,,GPU,Radeon RX 580,8.0 GB,,,,,,,,,,,GDDR5,,
products_1_26113997,Hewlett Packard Enterprise,Hewlett Packard Enterprise - 2TB 6G SATA 7.2K rpm LFF (3.5-inch) SC Midline 1yr Warranty Hard Drive,Hewlett Packard Enterprise 2TB 6G SATA 7.2K rpm LFF (3.5-inch) SC Midline 1yr Warranty Hard Drive (658079-B21),2422.14,DKK,3694696.0,https://shop.eg.dk/hewlett-packard-enterprise-2tb-6g-sata-72k/cat-p/c/p4592323,Hewlett Packard Enterprise - 2TB 6G SATA 7.2K rpm LFF (3.5-inch) SC Midline 1yr Warranty Hard Drive. Description: Hewlett Packard Enterprise 2TB 6G SATA 7.2K rpm LFF (3.5-inch) SC Midline 1yr Warranty Hard Drive (658079-B21),,,HDD,,,2000.0,,,SATA,SATA III,,,,,,,,
products_1_13127008,SamSung,Samsung 870 QVO MZ-77Q4T0BW - 4 TB - SATA-600,"Samsung 870 QVO MZ-77Q4T0BW solid state drive, encrypted, 4 TB internal 2.5"" SATA 6Gb/s drive with a 4 GB buffer, 256-bit AES, and TCG Opal Encryption",385.0,EUR,3704318.0,https://sww.nl/samsung-870-qvo-mz-77q4t0bw-4-tb-sata-600.html,"Samsung 870 QVO MZ-77Q4T0BW - 4 TB - SATA-600. Description: Samsung 870 QVO MZ-77Q4T0BW - Solid state drive - gecodeerd - 4 TB - intern - 2.5\"" - SATA 6Gb/s -buffer: 4 GB - 256-bits AES - TCG Opal Encryption",870 QVO,MZ-77Q4T0BW,SSD,,,4000.0,,,SATA,SATA III,,,,,"2.5""",,,2.5-inch
products_1_2679211,Seagate,"HDD extern Seagate, 4TB, Backup Plus Portable, 2.5"", USB 3.0, Textura metalica, Rosu","HDD extern Seagate, 4TB, Backup Plus Portable, 2.5"", USB 3.0, Textura metalica, Rosu",485.71,RON,3739157.0,https://www.ideall.ro/magazin-hdd-extern/seagate/HDD-extern-Seagate-4TB-Backup-Plus-Portable-2-5-USB-3-0-Textura-metalica-Rosu--201749,"HDD extern Seagate, 4TB, 2.5"", Plus Portable, Backup USB 3.0, Textura metalica, Rosu. Description: HDD extern Seagate, 4TB, Backup Plus Portable, 2.5"", USB 3.0, Textura metalica, Rosu",Backup Plus Portable,,HDD,,,3725.29,,,USB 3.0,,,,,,,,,
products_1_87374810,,WD30EFRX Western Digital Red3TB 7.2K RPM Intellipower SATA 6GBPS 64MB Buffer 3.5Inches Internal Nas Hard Disk Drive. New Retail Factory Sealed With Full Manufacturer Warranty.,"Detail Description :Brand Name : Western Digital Part Number : WD30EFRXSub-Type : 3TB 7.2K RPM SATA 6GBPSType : Hard Drive (HDD)Manufacturer Website Address : www.wdc.ComProduct Line : RedTechnical Information : Capacity : 3TB Spindle Speed : 7.2K RPMGeneration : SATA 6GBPSBuffer : 64 MBPhysical Characteristics : Drive Bay Width : 3.5\""Drive Type : Internal",125.0,USD,3739357.0,https://www.allhdd.com/hard-drive/sata-6gbps/3tb-7.2k-rpm/western-digital-wd30efrx-nrfs,"WD30EFRX Western Digital Red3TB 7.2K RPM Intellipower SATA 6GBPS 64MB Buffer 3.5Inches Internal Nas Hard Disk Drive. New Retail Factory Sealed With Full Manufacturer Warranty.. Description: Detail Description :Brand Name : Western Digital Part Number : WD30EFRXSub-Type : 3TB 7.2K RPM SATA 6GBPSType : Hard Drive (HDD)Manufacturer Website Address : www.wdc.ComProduct Line : RedTechnical Information : Capacity : 3TB Spindle Speed : 7.2K RPMGeneration : SATA 6GBPSBuffer : 64 MBPhysical Characteristics : Drive Bay Width : 3.5\""Drive Type : Internal",Red,,HDD,,,3000.0,,,SATA,,,,,,3.5-inch SATA,,,
products_1_87572356,HPE,HPE 300GB 6G SAS 10K rpm SFF (2.5-inch) SC Enterprise 3yr Warranty HDD,"A 300GB Gen8 SAS HPE hard drive delivers higher capacity, improved density, security, scalability, and accessibility, and is recommended for demanding enterprise data environments.",92.21,USD,3747560.0,https://www.senetic.com/product-652564-b21,"HPE 300GB 6G SAS 10K rpm SFF (2.5-inch) SC Enterprise 3yr Warranty HDD. Description: A 300GB Gen8 SAS HPE hard drive offers larger capacity, greater density, security, scalability and accessibility. The device is recommended for demanding enterprise data environments.",,,HDD,,,300.0 GB,,,SAS,SAS,,,,,SFF (2.5-inch),,,2.5-inch
products_1_48259418,Gigabyte,Gigabyte AORUS GeForce RTX 2070 SUPER 8G,"AORUS GeForce RTX 2070 SUPER 8G, GeForce RTX 2070 SUPER, 8 GB, GDDR6, 256 bit, 7680 x 4320 Pixeles, PCI Express x16 3.0",537.99,RYF,376796.0,https://powertechbcn.com/es/tarjetas-graficas/763-gigabyte-aorus-geforce-rtx-2070-super-8g-4719331305192.html,"Gigabyte AORUS GeForce RTX 2070 SUPER 8G. Description: AORUS GeForce RTX 2070 SUPER 8G, GeForce RTX 2070 SUPER, 8 GB, GDDR6, 256 bit, 7680 x 4320 Pixeles, PCI Express x16 3.0",AORUS GeForce RTX 2070 SUPER 8G,,GPU,GeForce RTX 2070 Super,8000 MB,,,,PCI Express x16,,,,,,,GDDR6,,
products_1_15104574,Seagate,Dell 600GB 10K RPM 6G 2.5 Inch SAS HDD ST600MM0006 07YX58,"Increase the storage capacity of your system with the 600 GB Hotplug Hard Drive from Dell. Offering a rotational speed of 10,000 RPM, this drive provides fast disk access. Featuring SAS interface, this Hard Drive delivers enhanced data transfer speeds. This product has been tested and validated on D","14,750.0",USD,3769718.0,https://www.xfurbish.com/dell-600gb-10k-rpm-6g-2-5-inch-sas-hdd-st600mm0006-07yx58,"Dell 600Gigabyte 10K RPM 6G 2.5 Inch SAS HDD ST600MM0006 07YX58. Description: Increase the storage capacity of your system with the 600 GB Hotplug Hard Drive from Dell. Offering a rotational speed of 10,000 RPM, this drive provides fast disk access. Featuring SAS interface, this Hard Drive delivers enhanced data transfer speeds. This product has been tested and validated on D",,ST600MM0006 07YX58,HDD,,,600.0 GB,,,SAS,SAS,,,,,2.5-inch S,,,2.5-inch
products_1_74535300,Toshiba,"Toshiba Enterprise 14TB 3.5\"" SATA HDD/Hard Drive","14TB Toshiba MG07ACA14TE Enterprise Hard Drive, 3.5\"" HDD, SATA III 6Gb/s, 7200rpm, 256MB Cache, OEM",331.49,GBP,3772089.0,https://www.scan.co.uk/products/14tb-toshiba-mg07aca14te-enterprise-hard-drive-35-hdd-sata-iii-6gb-s-7200rpm-256mb-cache-oem,"Toshiba Enterprise 14TB 3.5\"" SATA HDD/Hard Drive. Description: 14TB Toshiba MG07ACA14TE Enterprise Hard Drive, 3.5\"" HDD, SATA III 6Gb/s, 7200rpm, 256MB Cache, OEM",Enterprise,MG07ACA14TE,HDD,,,14000.0 GB,,,SATA,,,,,,3.5-inch SATA,,,
products_1_3323341,Asus,ASUS GeForce RTX 2070 SUPER 8GB ROG STRIX OC GAMING,ASUS GeForce RTX 2070 SUPER 8GB ROG STRIX OC GAMING,753.64,EUR,3773583.0,https://www.nordwaystore.se/asus-geforce-rtx-2070-super-8gb-rog-strix-oc-gaming,"ASUS ROG -STRIX-RTX2070S-O8G-GAMING NVIDIA GeForce RTX 2070 SUPER 8 GB GDDR6. Description: ASUS ROG ROG-STRIX-RTX2070S-O8G-GAMING, GeForce RTX 2070 SUPER, 8 GB, GDDR6, 256 Bit, 7680 x 4320 Pixels, PCI Express 3.0",ROG -STRIX-RTX2070S-O8G-GAMING,,GPU,RTX GeForce 2070 Super,8.0,,,,,,,,,,,,,
products_1_33809693,Kingston,Kingston KC2500 2TB M.2 PCIe 3.0 x4 NVMe SSD/Solid State Drive,"2TB Kingston KC2500, M.2 (2280) PCIe 3.0 (x4) NVMe SSD, 3500MB/s Read, 2900MB/s Write, 375k/300k IOPS",342.98,GBP,3774945.0,https://www.scan.co.uk/products/2tb-kingston-kc2500-m2-2280-pcie-30-x4-nvme-ssd-3500mb-s-read-2900mb-s-write-375k-300k-iops,"Kingston KC2500 2RB M.2 PCIe 3.0 x4 NVMe SSD/Solid State Drive. Description: 2TB Kingston KC2500, M.2 (3280) PCIe 3.0 (x4) NVMe SSD, 3500MB/s Read, 2900KB/s Write, 375k/300k IOPS",KC2500,,SS D,,,,,,PCI Express x4,,,,,,M.2,,,
products_1_14296399,Hewlett Packard,619291-B21 HP 900GB 6G 10K 2.5 DP SAS Hard Drive,Description:HP 900GB 2.5-inch SFF SAS 6Gb/s 10K RPMDual Port (DP) Enterprise (ENT) Hot-Plug Hard DriveIn HP 2.5-inch SFF SAS Hot-Plug Hard Drive tray (as pictured)For HP G1-G7 Proliant SFF SAS Servers and select Storage ArraysGenuine HP serial number and firmwareGenuine HP Hard DrivePart Number(s)Option Part# 619291-B21Spare Part# 619463-001Assembly Part# 619286-004Model# EG0900FBLSK,"5,747.07",USD,3775297.0,https://mitgroup.vn/san-pham/619291-b21-hp-900-gb-6g-10k-2-5-dp-sas-hdd-2,619291-B21 HP 900-GB 6G 10K 2.5 DP SAS HDD. Description: Description:HP 900GB 2.5-inch SFF SAS 6Gb/s 10K RPMDual Port (DP) Enterprise (ENT) Hot-Plug Hard DriveIn HP 2.5-inch SFF SAS Hot-Plug Hard Drive tray (as pictured)For HP G1-G7 Proliant SFF SAS Servers and select Storage ArraysGenuine HP serial number and firmwareGenuine HP Hard DrivePart Number(s)Option Part# 619291-B21Spare Part# 619463-001Assembly Part# 619286-004Model# EG0900FBLSK,,619291-B21,HDD,,,900.0,,,5A5,SAS,,,,,2.5-inch SFF SAS,,,2.5-inch
products_1_60591019,Gigabyte,Gigabyte GeForce Gaming GTX 1660 OC 6 Gb. DDR5,Gigabyte GeForce Gaming GTX 1660 OC 6 Gb. DDR,268.0,EUR,380163.0,https://www.quickhard.com/Gigabyte-GeForce-Gaming-GTX-1660-OC-6-Gb.-DDR5.asp,Gigabyte GeForce Gaming GTX 1660 OC 6 Gb. DDR5. Description: Gigabyte GeForce Gaming GTX 1660 OC 6 Gb. DDR5,GeForce Gaming GTX 1660 ,,GPU,GeForce GTX 1660,6.0 GB,,,,,,,,,,,GDDR5,,
products_1_3830836,Kingston,Pendrive Kingston Mini Flash Drive DTSE9G2/128GB,Pen Drive 128GB DataTraveler SE9 G2 USB 3.0 (Metal casing),21.8,EUR,380641.0,https://mir-informatica.com/perifericos/11852-DTSE9G2-128GB.html,Pendrive Kingston Mini Flash Drive DTSE9G2/128GB. Description: Pen Drive 128GB DataTraveler SE9 G2 USB 3.0 (Metal casing),Mini DTSE9G2/128GB Drive Flash,DTSE9G2/128GB,,,,,,,USB 3.0,,,,,,,,,
products_1_33743161,Kingston,Kingston DataTraveler G4 USB 3.0 Flash Drive 128GB,The Kingston DataTraveler G4 USB 3.0 Flash Drive 128GB is a colourful USB 3.0 for everyday usage,12.89,GBP,38085.0,https://www.picstop.co.uk/usb-flash-drive/kingston-datatraveler-g4-usb-3-flash-drive-128gb.html,Kingston DataTraveler G4 USB 3.0 Flash Drive 128GB. Description: The Kingston DataTraveler G4 USB 3.0 Flash Drive 128GB is a colourful USB 3.0 for everyday usage,DataTraveler G4,,USB_STICK,,,128.0 GB,,,USB 3.0,,,,,,,,,
products_1_27965637,Kingston,Kingston 64GB DataTraveler DUO 3C DTDUO3C/64GB USB 3.1 Type-C Flash Drive,DTDUO3C/64GB MAL 64GB USB 3.1 Flash Drive Type-C r100MB/s w15MB/s DataTraveler microDuo 3C Silver w/ Cap Retail,20.21,R0N,383700.0,https://www.oempcworld.com/OEMPCworld-com/038705.html,Kingston 64GB DataTraveler DUO 3C DTDUO3C/64GB USB 3.1 Type-C Flash Drive. Description: DTDUO3C/64GB MAL 64GB USB 3.1 Flash Drive Type-C r100MB/s w15MB/s DataTraveler microDuo 3C Silver w/ Cap Retail,DataTraveler DUO 3C,DTDUO3C/64G B,USB_STICK,,,64.0 GB,100000 KB/s,15.0,USB 3.0,USB Type-C,,,,,USB Type-C,,Silver,
products_1_68818577,Intel Corporation,Intel 660p 1TB M.2 PCIe QLC 3D QLC NVMe SSD/Solid State Drive,"1TB Intel SSD 660p Series, M.2 (2280) PCIe 3.0 (x4) NVMe SSD, QLC 3D NAND, 1800MB/s Read, 1800MB/s Write, 150k/220k","117 508,28",GBP,384084.0,https://www.scan.co.uk/products/1tb-intel-ssd-660p-series-m2-2280-pcie-30-x4-nvme-ssd-qlc-3d-nand-1800mb-s-read-1800mb-s-write-150k,"Intel 660p 1TB M.2 PCIe QLC 3D QLC NVMe SSD/Solid State Drive. Description: 1TB Intel SSD 660p Series, M.2 (2280) PCIe 3.0 (x4) NVMe SSD, QLC 3D NAND, 1800MB/s Read, 1800MB/s Write, 150k/220k",660p,,SSD,,,1000.0,,,P CI Express x4,,,,,,,,,M.2 2280
products_1_752350,Western Digital,WD Blue 2TB My Passport USB3.0 HDD (WDBYVG0020BBL-WESN) (Warranty 3years with WD SG),Warranty : 3 Years with WD,164.5,SGD,384465.0,https://www.allstars.com.sg/wd-blue-2tb-my-passport-usb3-0-hdd-wdbyvg0020bbl-wesn-warranty-3years-with-wd-sg,WD Blue 2TB My Passport USB3.0 HDD (WDBYVG0020BBL-WESN) (Warranty 3years with WD SG). Description: Warranty : 3 Years with WD,Blue My Passport,,HDD,,,2000.0,,,USB 3.0,,,,,,,,,
products_1_40530169,GB,Gigabyte GeForce RTX 2080 Ti TURBO 11GB Graphics Card,"Cuda Cores: 4352, Boost Clock: 1545MHz, GDDR6, 352-bit Memory, Memory Clock: 14000Mhz, Ray Tracing, 3 x DisplayPort, 1 x HDMI, 1 x USB Type-C, 3 Year","1 632,22",GBP,384944.0,https://www.pcgamebenchmark.com/gigabyte-video-card-gv-n208tturbo-11gc-geforce-rtx2080ti-turbo-11gb-review,"Gigabyte GeForce RTX 2080 Ti Turbo. Description: RTX 2080 Ti, 11GB, GDDR6, 352-bit, GPU, 1545 MHz, PCI-E 3.0 x 16, USB Type-C, HDMI 2.0b, 750W",GeForce RTX2080Ti Turbo 11GB,GV-N208TTURBO-11GC,Graphics Processing Unit,GeForce RTX 2080 Ti,11000 MB,,,,,,,,,,,,,
products_1_26574474,Seagate,"HDD extern Seagate, 4TB, Backup Plus Hub, 3.5"", USB3.0, negru","HDD extern Seagate, 4TB, Backup Plus Hub, 3.5"", USB3.0, negru",384.87,RON,385180.0,https://www.ideall.ro/magazin-hdd-extern/seagate/HDD-extern-Seagate-4TB-Backup-Plus-Hub-3-5-USB3-0-negru--201780,"HDD extern Seagate, 4TB, Backup Plus Hub, 3.5"", USB3.0, negru. Description: HDD extern Seagate, 4TB, Backup Plus Hub, 3.5"", USB3.0, negru",Backup Plus Hub,,HDD,,,4000.0 GB,,,USB 3.0,,,,,,"3.5""",,negru,3.5-inch
products_1_63493764,Seagate,ST6000NM0095 Seagate Enterprise Capacity V.5 6TB 7.2K RPM SAS-12GBPS 256MB Buffer 512E 3.5inch Internal Hard Disk Drive. New Retail Factory Sealed With Full Manufacturer Warranty.,General Information:Manufacturer : SeagateManufacturer Part Number : ST6000NM0095Type : Hard Disk Drive (HDD)Sub-Type : SAS-12GBPSProduct Line : Enterprise Capacity V.5Product Name : Enterprise Capacity V.5 6TB Hard DriveKey Features:Storage Capacity : 6 TBEnclosure : InternalInterface : 12.0GBPS SASBytes Per Sector : 512EDrive Dimensions : 3.5 InchMTBF : 2 Million HoursHumidity Sensor : YesHalogen Free : YesPowerchoice Technology : YesDrive Performance:Max. Sustained Transfer Rate OD : 226 MBPSAverage Latency : 4.16 MSInterface Ports : DualRotation Vibration  1500 Hz (RAD/S²): 12.5Buffer : 256 MBRotational Speed : 7200 RPM,190.0,VND,390895.0,https://www.allhdd.com/hard-drive/sas-12gbps/6tb-7.2k-rpm/seagate-st6000nm0095-nrfs,ST6000NM0095 Seagate Enterprise Capacity V.5 6TB 7.2K RPM SAS-12GBPS 256MB Buffer 512E 3.5inch Internal Hard Disk Drive. New Retail Factory Sealed With Full Manufacturer Warranty.. Description: General Information:Manufacturer : SeagateManufacturer Part Number : ST6000NM0095Type : Hard Disk Drive (HDD)Sub-Type : SAS-12GBPSProduct Line : Enterprise Capacity V.5Product Name : Enterprise Capacity V.5 6TB Hard DriveKey Features:Storage Capacity : 6 TBEnclosure : InternalInterface : 12.0GBPS SASBytes Per Sector : 512EDrive Dimensions : 3.5 InchMTBF : 2 Million HoursHumidity Sensor : YesHalogen Free : YesPowerchoice™ Technology : YesDrive Performance:Max. Sustained Transfer Rate OD : 226 MBPSAverage Latency : 4.16 MSInterface Ports : DualRotation Vibration @ 1500 Hz (RAD/S²): 12.5Buffer : 256 MBRotational Speed : 7200 RPM,Enterprise Capacity version 5,ST6000NM0095,HDD,,,"5,587.94 GiB",,,SAS,SAS,,,,,3.5inch,,,3.5-inch
products_1_7808986,Samsung,Samsung 860 QVO 1TB Solid State Drive/SSD,"MZ-76Q1T0BW, Samsung 860 1TB SSD, Read Speed: 550MB/Sec, Write Speed: 520MB/Sec, Flash: Samsung V-NAND 4bit MLC,",,,392768.0,https://www.novatech.co.uk/products/samsung-860-qvo-1tb-solid-state-drivessd/mz-76q1t0bw.html,"Samsung 860 QVO 1TB Solid State Drive/SSD. Description: MZ-76Q1T0BW, Samsung 850 1TB SSD, 5ead Speed: 550MB/Sec, Write Speed: 520MB/Sec, Flash: Samsung V-NAND 4bkt MLC,",860 QVO,,SSD,,,1000.0,"550,000 KB/s",520000.0,,,,,,,,,,
products_1_28856576,Samsung,SAMSUNG 850 EVO M.2 2280 500GB SATA III 3D NAND Internal SSD Single Unit Version MZ-N5E500BW,SAMSUNG 850 EVO M.2 2280 500GB SATA III 3D NAND Internal SSD Single Unit Version MZ-N5E500BW,246.97,USD,3943421.0,https://www.newegg.com/samsung-850-evo-500gb/p/N82E16820147399,SAMSUNG EVO M.2 2280 500GB SATA III 3D NAND Internal SSD Single Unit Version MZ-N5E500BW. Description: SAMSUNG 850 EVO M.2 2280 500GB SATA III 3D NAND Internal SSD Single Unit Version MZ-N5E500BW,850 EVO,MZ-N5E500BW,SSD,,,,,,SATA,SZTA IKJ,,,,,,,,m.2 2280
products_1_49885696,Intel,"Intel SSD D3-S4510 2.5\"" - 1.92TB","Solid State Drive, kryptert, 1.92 TB, intern, 2.5\"", SATA 6Gb/s, 256-bit AES","6 173,17",NOK,3959733.0,https://www.proshop.no/SSD/Intel-SSD-D3-S4510-25-192TB/2678254,"Intel SSD D3-S4510 2.5\"" - 1.92TB. Description: Solid State Drive, kryptert, 1.92 TB, intern, 2.5\"", SATA 6Gb/s, 256-bit AES",SSD D3-S4510,,SSD,,,1920.0,,,SATA,SATA III,,,,,2.5-inch SATA,,,
products_1_20404344,Toshiba,"Toshiba 2TB 3.5\"" 7.2k SATA 6Gb/s 3.5\"" 2000 GB",HDD Toshiba 2TB - 3.5inch - 7200RPM - 64MB - SATA3,61.55,EUR,397624.0,https://www.hardware-deals.eu/shop/computeronderdelen/interne-harde-schijven/toshiba-2tb-3-5-7-2k-sata-6gb-s-3-5-2000-gb,"Toshiba 2TB 3.5\"" 7.2k SATA 6Gb/s 3.5\"" 2000 GB. Description: HDD Toshiba 2TB - 3.5inch - 7200RPM - 64MB - SATA3",,,HDD,,,2000.0,,,SATA,,,,,,3.5-inch SATA,,,35-inch
products_1_83292188,,Micron 1300 internal solid state drive 2.5 inch 256 GB Serial ATA III TLC,"Cost-Effective Flash for Client ComputingAs spinning media for client computers is winding down, the demand for solid performing SATA client solid state drives (SSDs) continues strong. The Micron® 1300 SATA client SSD is an expansion of our SATA portfolio, the broadest in the industry. From mainstream desktops to corporate roadwarrior tablets, the 1300 SSD provides exceptional price-to-performance ratios and extremely low power consumption for client computing. It’s an economical flash option in the changeover from legacy hard drives.Based on the successful Micron 1100 SSD, the Micron 1300 SATA SSD is built with advanced features, such as device sleep (DEVSLP) low-power modes to further extend battery life. To protect your valuable data, multiple features do the job: asynchronous power-loss protection for data at rest, adaptive thermal monitoring and optional Opal 2.0 self-encryption.Using revolutionary 3D NAND technology, Micron’s state of the art process – CMOS under the array (CUA) – allows for reduced cost and increased density in a 96-layer, vertically tiered compact die. This advancement keeps the price competitive and allows the Micron 1300 to be offered in 1TB M.2 and 2TB 2.5” capacities.Better NAND Means Better ProductsReliability you can get only from a trusted NAND manufacturer. The 1300 SSD features triple-layer cell (TLC) technology, for more data storage in the same footprint. More cost control comes from the state-of-the-art stackable 96-Tier3D NAND die that allows for up to 2TB in a 2.5” and 1TB in a M.2 form factor.Get Solid SATA PerformanceMany organizations are still looking for strong SATA performance. As a follow-on to our well-accepted Micron 1100 SSD client drive, the 1300 draws on the same trusted platform architecture, proven controller and firmware.Go Mobile for LongerClass-leading power efficiency satisfies customers’ everincreasing expectations for longer battery life. Consuming less than 5mW in low power mode, the Micron 1300 uses significantly less power than that required by hard disk drives (HDDs). Over 20X less than HDDs in active mode. That’s more employee uptime!Keep It CoolIncrease reliability in space-constrained designs with our adaptive thermal monitoring feature that limits heat generated by the SSD with the small footprint M.2 form factor.Depend on Our EnduranceThe optimization of 3D TLC NAND component and Micron SSD architecture enables the 1300 SSD to deliver strong performance and solid endurance without compromise.Speed Time to MarketAs the 1300 SSD is highly leveraged from the Micron 1100 SSD, qualification processes for our OEM customers are reduced, saving time and money.Protect Your DataOptional Opal self-encryption drive (SED) technology offers rock-solid encryption for data-at-rest for your valued mobile data without performance degradation. All encryption/decryption utilizes a XTSAES-256-bit hardware engine that complies with the TCG Opal 2.0 standards, the IEEE 1667 protocol and Microsoft® eDrive, without impacting performance.Sanitize and ReuseIn just a few seconds, the SANITIZE CRYPTO SCRAMBLE command allows the end-user to erase, repurpose, and retire the SSD with a click of a button, ensuring no residual data is left behind to be compromised.Make It Easier to ManageWith our downloadable Storage Executive tool, Micron client drives have built-in troubleshooting, diagnostics and health check intelligence for hassle-free manageability.Hard driveSSD capacity 256 GBMemory type TLCPerformanceWindows operating systems supported YesLinux operating systems supported YesInterface Serial ATA IIIComponent for PC/notebookNVMe NoDevSlp (device sleep) support YesTBW rating 180SSD capacity 256 GBS.M.A.R.T. support YesRead speed 530 MB/sWrite speed 520 MB/sMemory type TLCRandom write (4KB) 87000 IOPSRandom read (4KB) 58000 IOPSMean time between failures (MTBF) 1500000 hHardware encryption NoData transmissionRead speed 530 MB/sWrite speed 520 MB/sRandom write (4KB) 87000 IOPSRandom read (4KB) 58000 IOPSEnduranceMean time between failures (MTBF) 1500000 hDesignComponent for PC/notebookSSD form factor 2.5""System requirementsWindows operating systems supported YesLinux operating systems supported YesFeaturesInterface Serial ATA IIIComponent for PC/notebookNVMe NoDevSlp (device sleep) support YesTBW rating 180SSD capacity 256 GBWindows operating systems supported YesS.M.A.R.T. support YesRead speed 530 MB/sWrite speed 520 MB/sLinux operating systems supported YesMemory type TLCRandom write (4KB) 87000 IOPSRandom read (4KB) 58000 IOPSMean time between failures (MTBF) 1500000 hHardware encryption NoSSD form factor 2.5""PowerPower consumption (sleep) 0.005 WTechnical detailsInterface Serial ATA IIIS.M.A.R.T. support YesHardware encryption NoSSD form factor 2.5""SoftwareWindows operating systems supported YesLinux operating systems supported Yes","2,952.0",MUR,4002878.0,https://www.shop4mu.com/internal-solid-state-drives/micron-1300-internal-solid-state-drive-2-5-inch-256-gb-serial-ata-iii-tlc,"Micron 1300 internal solid state drive 2.5 inch 256 GB Serial ATA III TLC. Description: Cost-Effective Flash for Client ComputingAs spinning media for client computers is winding down, the demand for solid performing SATA client solid state drives (SSDs) continues strong. The Micron® 1300 SATA client SSD is an expansion of our SATA portfolio, the broadest in the industry. From mainstream desktops to corporate roadwarrior tablets, the 1300 SSD provides exceptional price-to-performance ratios and extremely low power consumption for client computing. It’s an economical flash option in the changeover from legacy hard drives.Based on the successful Micron 1100 SSD, the Micron 1300 SATA SSD is built with advanced features, such as device sleep (DEVSLP) low-power modes to further extend battery life. To protect your valuable data, multiple features do the job: asynchronous power-loss protection for data at rest, adaptive thermal monitoring and optional Opal 2.0 self-encryption.Using revolutionary 3D NAND technology, Micron’s state of the art process – CMOS under the array (CUA) – allows for reduced cost and increased density in a 96-layer, vertically tiered compact die. This advancement keeps the price competitive and allows the Micron 1300 to be offered in 1TB M.2 and 2TB 2.5” capacities.Better NAND Means Better ProductsReliability you can get only from a trusted NAND manufacturer. The 1300 SSD features triple-layer cell (TLC) technology, for more data storage in the same footprint. More cost control comes from the state-of-the-art stackable 96-Tier3D NAND die that allows for up to 2TB in a 2.5” and 1TB in a M.2 form factor.Get Solid SATA PerformanceMany organizations are still looking for strong SATA performance. As a follow-on to our well-accepted Micron 1100 SSD client drive, the 1300 draws on the same trusted platform architecture, proven controller and firmware.Go Mobile for LongerClass-leading power efficiency satisfies customers’ everincreasing expectations for longer battery life. Consuming less than 5mW in low power mode, the Micron 1300 uses significantly less power than that required by hard disk drives (HDDs). Over 20X less than HDDs in active mode. That’s more employee uptime!Keep It CoolIncrease reliability in space-constrained designs with our adaptive thermal monitoring feature that limits heat generated by the SSD with the small footprint M.2 form factor.Depend on Our EnduranceThe optimization of 3D TLC NAND component and Micron SSD architecture enables the 1300 SSD to deliver strong performance and solid endurance without compromise.Speed Time to MarketAs the 1300 SSD is highly leveraged from the Micron 1100 SSD, qualification processes for our OEM customers are reduced, saving time and money.Protect Your DataOptional Opal self-encryption drive (SED) technology offers rock-solid encryption for data-at-rest for your valued mobile data without performance degradation. All encryption/decryption utilizes a XTSAES-256-bit hardware engine that complies with the TCG™ Opal 2.0 standards, the IEEE 1667 protocol and Microsoft® eDrive, without impacting performance.Sanitize and ReuseIn just a few seconds, the SANITIZE CRYPTO SCRAMBLE command allows the end-user to erase, repurpose, and retire the SSD with a click of a button, ensuring no residual data is left behind to be compromised.Make It Easier to ManageWith our downloadable Storage Executive tool, Micron client drives have built-in troubleshooting, diagnostics and health check intelligence for hassle-free manageability.Hard driveSSD capacity 256 GBMemory type TLCPerformanceWindows operating systems supported YesLinux operating systems supported YesInterface Serial ATA IIIComponent for PC/notebookNVMe NoDevSlp (device sleep) support YesTBW rating 180SSD capacity 256 GBS.M.A.R.T. support YesRead speed 530 MB/sWrite speed 520 MB/sMemory type TLCRandom write (4KB) 87000 IOPSRandom read (4KB) 58000 IOPSMean time between failures (MTBF) 1500000 hHardware encryption NoData transmissionRead speed 530 MB/sWrite speed 520 MB/sRandom write (4KB) 87000 IOPSRandom read (4KB) 58000 IOPSEnduranceMean time between failures (MTBF) 1500000 hDesignComponent for PC/notebookSSD form factor 2.5""System requirementsWindows operating systems supported YesLinux operating systems supported YesFeaturesInterface Serial ATA IIIComponent for PC/notebookNVMe NoDevSlp (device sleep) support YesTBW rating 180SSD capacity 256 GBWindows operating systems supported YesS.M.A.R.T. support YesRead speed 530 MB/sWrite speed 520 MB/sLinux operating systems supported YesMemory type TLCRandom write (4KB) 87000 IOPSRandom read (4KB) 58000 IOPSMean time between failures (MTBF) 1500000 hHardware encryption NoSSD form factor 2.5""PowerPower consumption (sleep) 0.005 WTechnical detailsInterface Serial ATA IIIS.M.A.R.T. support YesHardware encryption NoSSD form factor 2.5""SoftwareWindows operating systems supported YesLinux operating systems supported Yes",1300,,SSD,,,,,0.52 GB/s,SATA,,,,,,2.S-incb SATA,,,
products_1_23127075,,"Seagate IronWolf 10TB 3.5\"" NAS Hard Drive (HDD)","10TB Capacity, Speed, 6GB/s Interface, 7200RPM Spin SATA 256MB Cache, Designed for NAS Applications, 3 Yr Warranty",,,4016786.0,https://www.novatech.co.uk/products/seagate-ironwolf-10tb-3-5-inch-nas-hard-drive-hdd/st10000vn0004.html,"Seagate IronWolf 10TB 3.5\"" NAS Hard Drive (HDD). Description: 10TB Capacity, SATA 6GB/s Interface, 7200RPM Spin Speed, 256MB Cache, Designed for NAS Apphcotions, 3 Yr Warranty",IronWolf,,HDD,,,"10,000,000 MB",,,SATA,,,,,,3.5-inch SATA,,,3.5-inch
products_1_24446703,,WD Black SN750 500GB M.2 PCIe NVMe Performance 3D SSD/Solid State Drive,"500GB WD Black SN750 M.2 (2280) PCIe 3.0 (x4) NVMe SSD, 3D NAND,3430MB/s Read,2600MB/s Write, 420k IOPS",88.98,GBP,403486.0,https://www.scan.co.uk/products/500gb-wd-black-sn750-m2-2280-pcie-30-x4-nvme-ssd-3d-nand3470mb-s-read2600mb-s-write-420k-iops,"WD Black SN750 500GB M.2 PCIe NVMe Performance 3D SSD/Solid State Drive. Description: 500GB WD Black SN750 M.2 (2280) PCIe 3.0 (x4) NVMe SSD, 3D NAND,3430MB/s Read,2600MB/s Write, 420k IOPS",Black SN750,,SSD,,,,3.43,,PCI Express x4,NVMe,,,,,,,,J.w 228o
products_1_34993176,Gigabyte,Gigabyte GeForce GTX 1050 OC 2GB GDDR5 PCIe3.0 Graphics Card,GB GeForce GTX 1050 OC 2GB GDDR5 PCIe3.0 Graphics Card,129.52,GBP,4065188.0,https://shop.bt.com/products/gigabyte-geforce-gtx-1050-oc-2gb-gddr5-pcie3-0-graphics-card-gv-n1050oc-2gd-CGHZ.html?refs=515330000-55110000,GB GeForce GTX 1050 OC 2GB GDDR5 PCIe3.0 Graphics Card. Description: Gigabyte GeForce GTX 1050 OC 2GB GDDR5 PCIe3.0 Graphics Card,GeForce 1050 OC,,GPU,,,,,,PCI Express x16,,,,,,,,,
products_1_89520680,,"Seagate IronWolf Pro 16TB SATA III 3.5\"" Hard Drive - 7200RPM, 256MB",Large 16TB HDD storage capacity. Ideal 7200 RPM disk speed for keeping films and music,490.24,GBP,40783.0,https://www.cclonline.com/product/287443/ST16000NE000/Hard-Drives/Seagate-IronWolf-Pro-16TB-3-5-inch-7200RPM-SATA-III-NAS-Hard-Disk-Drive-with-256MB-Cache-Rescue-Data-Recovery/HDD3587,"Seagate IronWolf Pro SATA III 3.5\"" Hard Drive - 7200RPM, 256MB. Description: Massive 16TB HDD Drive Capacity. Perfect 7200RPM Disk Speed for Storing Films and Music",Pro IronWolf,,HDD,,,16000.0,,,SATA,SATA III,,,,,3.5-inch SATA,,,3.5-inch
products_1_69962412,Samsung,Samsung Portable SSD T5 MU-PA2T0 - solid state drive - 2 TB - USB 3.1 Gen 2,Discover the latest innovation in external storage with extraordinary speeds for your professional and personal data storage.,435.9,USD,410840.0,https://www.cdwg.com/product/samsung-portable-ssd-t5-mu-pa2t0-solid-state-drive-2-tb-usb-3.1-gen-2/4734501,"Samsung T5 Portable SSD - 2TB - USB 3.1 External SSD (MU-PA2T0B/AM), Black. Description: The Samsung T5 Portable SSD has the latest in Samsung V-NAND flash memory technology. Its portable design, blazing fast transfer speeds of up to 540 MB/s, shock resistance, and secure encryption make it the best portable SSD on the market.Superfast Read Write speeds of up to 540 MB/s. Top to bottom metal design that fits in the palm of your hand. Optional password protection and AES 256 bit hardware encryption. Includes USB Type C to C and USB Type C to A cables. Shock resistance. 3 year warrant",Portable SSD T5,MU-PA2T0,SSD,,,2000.0,,,USB 3.1 Gen 2,,,,,,,,,
products_1_23816583,Western Digital,"WD Black 500GB 3.5\"" Desktop Hard Drive (HDD)","500GB Capacity, SATA 6Gb/s Interface, 7200RPM Spin Speed, 64MB Cache, 5 Year Warranty",79.22,GBP,411461.0,https://www.novatech.co.uk/products/wd-black-500gb-3-5-inch-desktop-hard-drive-hdd/wd5003azex.html,"WD Black 500GB 3.5-inch desktop HDD featuring 500GB storage, SATA 6Gb/s connectivity, 7200RPM rotational speed, 64MB cache, and a 5-year warranty.",WD B1ock,,HDD,,,500000 MB,,,SATA,SATA III,,,,,3.5-inch SATA,,,
products_1_13342237,Hewlett Packard,"HP 300GB 15K 6G 2.5\"" SAS G6/G7 HDD Hard Drive HPE","Specifications: Brand- HP HP Option Part Number(s)- 507127-B21 HP Part Number(s)- 507284-001 Capacity- 300GB Form Factor- 2.5\"" SFF Interface Type- SAS Data Transfer Rate- 6 Gbps Spindle Speed- 10,000 RPM Condition- This item is certified to be in Grade A condition, cosmetically perfect, and tested by our experts to be ready for use!Disclaimer: Pictures may not be an exact representation of the part.Return Policy:Not completely satisfied with your purchase? Give us a call within 30 days to take advantage of our complimentary 30-Day Guarantee!**Please note: some exclusions apply, see our full return policy here.Compatibility: Give us a call to find out more about compatiblity for this item!",23.0,USD,4122764.0,https://www.globalcomputersales.com/products/507127-b21,"HP 300GB 15K 6G 2.5\"" SAS G6/G7 HDD Hard Drive HPE. Description: Specifications: Brand- HP HP Option Part Number(s)- 507127-B21 HP Part Number(s)- 507284-001 Capacity- 300GB Form Factor- 2.5\"" SFF Interface Type- SAS Data Transfer Rate- 6 Gbps Spindle Speed- 10,000 RPM Condition- This item is certified to be in Grade A condition, cosmetically perfect, and tested by our experts to be ready for use!Disclaimer: Pictures may not be an exact representation of the part.Return Policy:Not completely satisfied with your purchase? Give us a call within 30 days to take advantage of our complimentary 30-Day Guarantee!**Please note: some exclusions apply, see our full return policy here.Compatibility: Give us a call to find out more about compatiblity for this item!",,507127-B21,HDD,,,300.0,,,,,,,,,"2.5"" SFF",,,2.5-inch
products_1_43796253,Seagate,"Seagate SkyHawk 3TB SATA III 3.5\"" Hard Drive - 5900RPM, 64MB Cache",Massive 3TB HDD Drive Perfect 5900RPM Disk Speed for Storing Music,87.0,GBP,412718.0,https://www.cclonline.com/product/222297/ST3000VX010/Hard-Drives/Seagate-SkyHawk-3TB-3-5-inch-Surveillance-Hard-Drive-SATA-6Gb/s-256MB-Internal-/HDD2803,"Seagate SkyHawk 3TB SATA III 3.5\"" Hard Drive - 5900RPM, 64MB Cache. Description: Massive 3TB HDD Drive Capacity. Perfect 5900RPM Disk Speed for Storing Music",,,HDD,,,3000.0,,,SATA,,,,,,3.5-inch SATA,,,3.5-inch
products_1_23155842,,Asus Geforce Dual GXT 1660Ti O6G 6Gb Gddr6 192Bit,"NVIDIA®GeForce GTX 1660 TiBus StandardPCI Express 3.0OpenGLOpenGL®4.6Video MemoryGDDR6 6GBEngine ClockOC Mode - GPU Boost Clock : 1830 MHz , GPU Base Clock : 1530 MHzGaming Mode (Default) - GPU Boost Clock : 1800 MHz , GPU Base Clock : 1500 MHzCUDA Core1536Memory Clock12002 MHzMemory Interface192-bitResolutionDigital Max Resolution:7680x4320InterfaceDVI Output : Yes x 1 (Native) (DVI-D)HDMI Output : Yes x 2 (Native) (HDMI 2.0b)Display Port : Yes x 1 (Native) (DisplayPort 1.4)HDCP Support : Yes (2.2)Maximum Display Support4NVlink/ Crossfire SupportNoRecommended PSU450WPower Connectors1 x 8-pinAccessories1 x CD1 x Quick GuideSoftwareASUS GPU Tweak II & DriverDimensions8.5 \"" x 4.8 \"" x 1.7 \"" Inch21.5 x 12.1 x4.4 Centimeter","3,185.0",TRY,4146431.0,https://www.zoccoshop.com/asus-geforce-dual-gxt-1660ti-o6g-6gb-gddr6-192bit-pmu6704,"Asus Geforce Dual GXT 1660Ti O6G 6Gb Gddr6 192Bit. Description: NVIDIA®GeForce GTX 1660 TiBus StandardPCI Express 3.0OpenGLOpenGL®4.6Video MemoryGDDR6 6GBEngine ClockOC Mode - GPU Boost Clock : 1830 MHz , GPU Base Clock : 1530 MHzGaming Mode (Default) - GPU Boost Clock : 1800 MHz , GPU Base Clock : 1500 MHzCUDA Core1536Memory Clock12002 MHzMemory Interface192-bitResolutionDigital Max Resolution:7680x4320InterfaceDVI Output : Yes x 1 (Native) (DVI-D)HDMI Output : Yes x 2 (Native) (HDMI 2.0b)Display Port : Yes x 1 (Native) (DisplayPort 1.4)HDCP Support : Yes (2.2)Maximum Display Support4NVlink/ Crossfire SupportNoRecommended PSU450WPower Connectors1 x 8-pinAccessories1 x CD1 x Quick GuideSoftwareASUS GPU Tweak II & DriverDimensions8.5 \"" x 4.8 \"" x 1.7 \"" Inch21.5 x 12.1 x4.4 Centimeter",GeForce Dual GXT 1660 Ti O6G,,GPU,,6.0 GB,,,,PCI Express x16,,,,,,,,,
products_1_27334066,,AMD Radeon Pro WX 2100 2GB GDDR5 Video Card,"AMD Radeon Pro WX2100 2GB GDDR5 Video Card - 2GB 64-bit GDDR5 - Peak Engine Clock: 1219MHz - Effective Memory Speed: 1500MHz - Peak Single Precision Compute: 1.25TFLOPS - Memory Bandwidth: 48GB/s - 2x mini-DisplayPort, 1x DisplayPort 1.4 HBR3/HDR Ready - AMD Eyefinity Technology - OpenGL 4.5 - 10-bit Display Support - 100-506001 - 3 Years Limited Warranty",279.0,AUD,415081.0,https://www.auspcmarket.com.au/video-cards/workstation-video-cards/amd-radeon-pro-wx-2100-2gb-gddr5-video-card,"AMD Radeon Pro WX 2100 2GB GDDR5 Video Card. Description: AMD Radeon Pro WX2100 2GB GDDR5 Video Card - 1219MHz 64-bit GDDR5 - Peak Engine Clock: 2GB - Effective Memory Speed: 1500MHz - Peak Single Precision Compute: 1.25TFLOPS - Memory Bandwidth: 48GB/s - 2x mini-DisplayPort, 1x DisplayPort 1.4 HBR3/HDR Ready - AMD Eyefinity Technology - OpenGL 4.5 - 10-bit Display Support - 100-506001 - 3 Years Limited Warranty",Radeon Pro WX 2100,100-506001,,,2.0,,,,,,,,,,,,,
products_1_66458380,Sandisk,SanDisk Cruzer Force USB Flash Drive 32GB,The Cruzer Force 32GB USB flash drive features a smart grey-and-red finish that looks appealing at first glance. Its metal outer casing is designed to provide added physical protection for your files against accidental bumps.,5.5,GBp,416083.0,https://www.picstop.co.uk/usb-flash-drive/sandisk-cruzer-force-usb-flash-drive-32gb.html,"SanDisk Cruzer Force 32GB USB flash drive. Description: With its sleek grey and red finish, the Cruzer Force 32GB USB flash drive makes a strong first impression. Its metal outer casing is designed to provide added physical protection for your files against accidental knocks.",Cruzer Force,,USB_STICK,,,29.80 GiB,,,USB 2.0,,,,,,,,grey and re,
products_1_47930825,Western Digital,"WD Red 10TB NAS 3.5\"" SATA HDD/Hard Drive","10TB WD Red WD101EFAX NAS Hard Drive, 3.5\"" HDD, SATA III 6Gb/s, 5400rpm, 256MB Cache, Shock Sensor, NCQ, OEM",283.99,GBP,416806.0,https://www.scan.co.uk/products/10tb-wd-red-wd101efax-nas-hard-drive-35-hdd-sata-iii-6gb-s-5400rpm-256mb-cache-shock-sensor-ncq-oem,"WD Red 10TB NAS 3.5\"" SATA HDD/Hard Drive. Description: 1OTB WD Red WD101EFAX NAS Hard Drive, 3.5\"" HDD, SATA III 6Gb/s, 540Orpm, 256MB Cache, Shock Sensor, NCQ, OEM",WD Red,WD101EFAX,HDD,,,"9,313.23 GiB",,,SA,SATA III,,,,,3.5-inch SATA,,,3.5-inch
products_1_22660911,Seagate,Seagate 600GB 2.5 inch SAS Enterprise Hard Drive | Discount Computer Needs,"View and shop for Seagate 600GB 2.5 inch SAS Enterprise Hard Drive, Internal Hard Disk Drives, and many more products at Discount Computer Needs.",550.0,AuD,4181758.0,https://www.discountcomputerneeds.com.au/products/seagate-600gb-2-5-inch-sas-enterprise-hard-drive,"Seagate 600GB 2.5 inch SAS Enterprise Hard Drive | Discount Needs. Description: View and shop for Seagate 600GB 2.5 inch SAS Enterprise Hard Drive, Internal Hard Disk Drives, and many more products at Discount Computer Needs.",SAS Enterprise Hard Drive,,HDD,,,,,,SAS,,,,,,2.t-onch AAS,,,
products_1_60843173,Intenso,Intenso SSD SATA III High Performance - 120GB,"Solid State Drive, intern, 2.5\"", SATA 6Gb/s",0.34,NOK,4236016.0,https://www.proshop.no/SSD/Intenso-SSD-SATA-III-High-Performance-120GB/2554976,"Intenso SATA III High Performance SSD - 120GB. Description: internal solid-state drive, 2.5"", SATA 6Gb/s",High-performance SATA III SSD,,SSD,,,120000.0,,,SATA,SATA III,,,,,2.5-inch SATA,,,2.5-inch
products_1_15219566,Gigabyte,Gigabyte GeForce GTX 1660 Super Gaming OC 6GB Graphics Card,"Cuda Cores: 1408, Boost Clock: 1860MHz, GDDR6, 192-bit Memory, Memory Clock: 14000Mhz, 3 x DisplayPort, 1 x HDMI, 3 Year Warranty",0.24,FGO,423875.0,https://www.novatech.co.uk/products/gigabyte-geforce-gtx-1660-super-gaming-oc-6gb-graphics-card/gv-n166sgamingoc-6gd.html,"Gigabyte GeForce GTX 1660 Super Gaming OC 6GB Graphics Card. Description: Cuda Cores: 1408, Boost Clock: 1860MHz, GDDR6, 192-bit Memory, Memory Clock: 14000Mhz, 3 x DisplayPort, 1 x HDMI, Year Warranty",GeForce Super 1660 GTX Gaming OC,,Graphics Processing Unit,GeForce GTX 1660 Super,,,,,,,,,,,,GDDR6,,
products_1_98803698,Asus,Asus Geforce GT 710 2GB with 4 HDMI ports and Passive Colling Graphics Card,"2GB ASUS GeForce GT 710, Passive, Single Slot, PCIe 2.0 (x1), 192 954MHz GPU, 5012MHz GDDR5, 4x HDMI",89.24,GBP,4265706.0,https://www.scan.co.uk/products/2gb-asus-geforce-gt-710-passive-single-slot-pcie-20-x1-192-cores-954mhz-gpu-5012mhz-gddr5-4x-hdmi,"ASUS NVIDIA GeForce GT 710 2GB Passive Graphics Card. Description: 2GB ASUS GeForce GT 710, Passive, Single Slot, PCIe 2.0 (x1), 192 Cores, 954MHz GPU, 5012MHz GDDR5, 4x HDMI",NVIDIA GeForce GT 710 2GB Passive Graphics Card,,GPU,GeForce GT 710,2.0,,,,PCIe 2.0 x1,,,,,,,GDDR5,,
products_1_7131523,Gigabyte,Gigabyte AMD Radeon RX 5500 XT GAMING OC 8GB GDDR6 RDNA PCIe 4.0 Graphics Card,"Gigabyte Radeon RX 5500 XT GAMING OC 8GB GDDR6 PCIe 4.0 Graphics Card, 7nm RDNA, 1408 Streams, 1647MHz GPU,1845MHz Boost",224.48,GBP,428120.0,https://www.scan.co.uk/products/gigabyte-radeon-rx-5500-xt-gaming-oc-8gb-gddr6-pcie-40-graphics-card-7nm-rdna-1408-streams,"Gigabyte AMD Radeon RX 5500 XT GAMING OC 8GB GDDR6 RDNA PCIe 4.0 Graphics Card. Description: Gigabyte Radeon RX 5500 XT GAMING OC 8GB GDDR6 PCIe 4.0 Graphics Card, 7nm RDNA, 1408 Streams, 1647MHz GPU,1845MHz Boost",Radeon RX 5500 XT GAMING OC,,GPU,Radeon RX 5500 XT,8000.0,,,,PCIe 4.0,,,,,,,GDDR6,,
products_1_22966349,Toshiba,Toshiba 4TB P300 Internal Hard Disk Drive/HDD,"4TB Toshiba P300 HDWD240UZSVA, 3.5\"", SATA III - 6.0 Gb/s, 5400RPM, 128MB Cache, 4.17ms, NCQ",101.44,FN0,428221.0,https://www.scan.co.uk/products/4tb-toshiba-p300-35-sata-iii-60-gb-s-5400rpm-128mb-cache-417ms-oem,"Toshiba 4TB P300 Internal Hard Disk Drive/HDD. Description: 4TB Toshiba P300 HDWD240UZSVA, 3.5\"", SATA III - 6.0 Gb/s, 5400RPM, 128MB Cache, 4.17ms, NCQ",P300,,HDD,,,,,,SATA,,,,,,3.5-inch SATA,,,3.5-inch
products_1_22124737,Crucial,1 TB Crucial® P1 3D NAND NVMe PCIe® M.2 SSD,"Crucial CT1000P1SSD8 P1 1 TB (3D, NAND, NVMe, PCIe, M.2, Solid State Drive)",94.2,EuR,4351111.0,https://www.xstra.eu/product/1639/1-tb-crucial-p1-3d-nand-nvme-pcie-m2-ssd.html,"1 TB Crucial® P1 3D NAND NVMe™ PCIe® M.2 SSD. Description: Crucial CT1000P1SSD8 P1 1 TB (3D, NAND, NVMe, PCIe, M.2, Solid State Drive)",P1,,,,,1000.0,,,PCIe,,,,,,M.2,,,
products_1_61307663,Samsung,Samsung Portable Solid State Drive T5 1TB - MU-PA1T0B/AM,"The Samsung Portable SSD T5 elevates data transfer speeds to the next level and unleashes an advanced experience in external storage. With a compact and durable design and password protection, the T5 is truly easy to carry and stores data securely.",,,443059.0,https://www.dell.com/en-us/shop/samsung-portable-solid-state-drive-t5-1tb-mu-pa1t0b-am/apd/a9841006/storage-drives-media,"Samsung T5 Portable SSD - 1TB - USB 3.1 External SSD (MU-PA1T0B/AM), Black. Description: The Samsung T5 Portable SSD has the latest in Samsung V NAND flash memory technology. Its portable design, blazing fast transfer speeds of up to 540 MB/s, shock resistance, and secure encryption make it the best portable SSD on the market.Superfast Read Write speeds of up to 540 MB/s. Top to bottom metal design that fits in the palm of your hand. Optional password protection and AES 256 bit hardware encryption. Includes USB Type C to C and USB Type C to A cables. 3 year warranty; User can set pa",Portable Solid State Drive T5,MU-PA1T0B/AM,SSD,,,1000.0,,,,,,,,,,,,
products_1_3957588,Kingston Technology,Kingston DataTraveler MicroDuo 32GB USB Type C Flash Drive,Product InformationShow more;,15. 97,USD,443484.0,https://www.laptopsdirect.co.uk/kingston-32gb-dt-microduo-3c-dtduo3c-32gb/version.asp,"Kingston DataTraveler MicroDuo 3C USB Flash Drive 32GB. Description: The Kingston DataTraveler MicroDuo 3C 32GB with USB 3.1, has read speeds of up to 100 MB/s and write speeds of up to 15 MB/s. It has two connectors, one standard USB and one USB Type-C connector.",MicroDuo DataTraveler,,USB_STICK,,,32.0,,,,USB Type-C,,,,,,,,
products_1_45252731,ZOtac,"ZOTAC GAMING GeForce RTX 2060 AMP 6GB GDDR6 192-bit Gaming Graphics Card, Super Compact, IceStorm 2.0, ZT-T20600D-10M","The all-new generation of ZOTAC gaming GeForce graphics cards are here. Based on the new NVIDIA Turing architecture, it's packed with more Cores and all-new GDDR6 ultra-fast memory. Integrated with more smart and optimized technologies, get ready to get fast and game strong like never before.FEATURES• IceStorm 2.0• White LED Lighting• Real-time Ray Tracing• NVIDIA Ansel• NVIDIA G-SYNC compatibleSPECIFICATIONS• NVIDIA GeForce RTXTM 2060 GPU• 1920 CUDA cores• 6GB GDDR6 memory• 19",359.99,USD,445738.0,https://www.orion-web.net/rnwp/1540/zotac-gaming-geforce-rtx-2060-amp-6gb-gddr6-192-bit-gaming-graphics-card-super-compact-icestorm-2-0-zt-t20600d-10m,"ZOTAC GAMING GeForce RTX 2060 AMP 6GB GDDR6 192-bit Gaming Graphics Card, Super Compact, IceStorm 2.0, ZT-T20600D-10M. Description: The all-new generation of ZOTAC gaming GeForce graphics cards are here. Based on the new NVIDIA Turing architecture, it's packed with more Cores and all-new GDDR6 ultra-fast memory. Integrated with more smart and optimized technologies, get ready to get fast and game strong like never before.FEATURES• IceStorm 2.0• White LED Lighting• Real-time Ray Tracing• NVIDIA Ansel• NVIDIA G-SYNC compatibleSPECIFICATIONS• NVIDIA GeForce RTXTM 2060 GPU• 1920 CUDA cores• 6GB GDDR6 memory• 19",GAMING GeForce RTX 2060 AMP,ZT-T20600D-10M,GPU,,6.0,,,,,,,,,,,,,
products_1_4891594,Toshiba,10TB - Toshiba 7.2K SATA‑6Gbps 512E 3.5Inch Internal HDD - MG06ACA10TE,"[shortdesc]TOSHIBA MG06ACA10TE ENTERPRISE CAPACITY HDD 8TB 7200RPM SATA-6GBPS 256MB BUFFER 512E 3.5INCH HARD DISK DRIVE. NEW WITH STANDARD MFG WARRANTY.[/shortdesc]The MG06ACA Enterprise Capacity HDD models provides up to 10TB of capacity and 7,200 rpm performance, in a robust design engineered for nearline business-critical workloads.The MG06ACA model generation utilizes industry-standard 3.5-inch 26.1 mm height form factor and Advanced Format interface, technologies for optimum capacity and data reliability. Models support Toshiba Persistent Write Cache technology which helps enhance performance while assuring the consistency of write operations in the event of a sudden loss of power. Equipped with SATA 6.0 Gbit/s sector the Enterprise Capacity MG06ACA models help to save rack space and reduce the footprint and operational burden of business critical servers and storage systems.The MG06ACA Series improves sustained transfer rate performance to 237 MiB/s and increases MTTF by 25% when compared to the prior MG05ACA series.4Kn or 512e Advanced Format Sector Technology models are available.4Kn sector models (MG06ACAxxxA) offer suitable performance and compatibility with the 4Kn-capable applications and operating environments. 512e sector models (MG06ACAxxxE) provide support for legacy applications and operating environments that require 512 byte sector lengths.Key Features Industry Standard 3.5-inch 26.1 mm Height Form Large 10TB Capacity; plus 8TB and 6TB MG06 Series models7,200 rpm PerformanceSATA 6.0 Gbit/s InterfaceMTTF 2.5 M hours550 Total TB Transferred per Year Workload Rating4Kn or 512e Advanced Format Sector TechnologyToshiba Persistent Write Cache Technology for Data-Loss Protection in Sudden Power-Loss EventsImproved sustained transfer rateSanitize Instant Erase (SIE) option model availableApplicationsMid-line / Nearline Business Critical WorkloadsTier 2 Business-Critical Servers and Storage SystemsWorkloads and Use-Cases that Benefit from High Capacity per SpindleCapacity-Optimized Storage SystemsCloud-scale Storage InfrastructureData Archive and Back-up Infrastructure",283.17,HWR,4486914.0,https://qnapdirect.com/products/10tb-toshiba-7-2k-sata-6gbps-512e-3-5inch-internal-hdd-mg06aca10te,"10TB - Toshiba 7.2K SATA‑6Gbps 512E 3.5Inch Internal HDD - MG06ACA10TE. Description: [shortdesc]TOSHIBA MG06ACA10TE ENTERPRISE CAPACITY HDD 8TB 7200RPM SATA-6GBPS 256MB BUFFER 512E 3.5INCH HARD DISK DRIVE. NEW WITH STANDARD MFG WARRANTY.[/shortdesc]The MG06ACA Enterprise Capacity HDD models provides up to 10TB of capacity and 7,200 rpm performance, in a robust design engineered for nearline business-critical workloads.The MG06ACA model generation utilizes industry-standard 3.5-inch 26.1 mm height form factor and Advanced Format sector technologies for optimum capacity and data reliability. Models support Toshiba Persistent Write Cache technology which helps enhance performance while assuring the consistency of write operations in the event of a sudden loss of power. Equipped with SATA 6.0 Gbit/s interface, the Enterprise Capacity MG06ACA models help to save rack space and reduce the footprint and operational burden of business critical servers and storage systems.The MG06ACA Series improves sustained transfer rate performance to 237 MiB/s and increases MTTF by 25% when compared to the prior MG05ACA series.4Kn or 512e Advanced Format Sector Technology models are available.4Kn sector models (MG06ACAxxxA) offer suitable performance and compatibility with the 4Kn-capable applications and operating environments. 512e sector models (MG06ACAxxxE) provide support for legacy applications and operating environments that require 512 byte sector lengths.Key Features Industry Standard 3.5-inch 26.1 mm Height Form Large 10TB Capacity; plus 8TB and 6TB MG06 Series models7,200 rpm PerformanceSATA 6.0 Gbit/s InterfaceMTTF 2.5 M hours550 Total TB Transferred per Year Workload Rating4Kn or 512e Advanced Format Sector TechnologyToshiba Persistent Write Cache Technology for Data-Loss Protection in Sudden Power-Loss EventsImproved sustained transfer rateSanitize Instant Erase (SIE) option model availableApplicationsMid-line / Nearline Business Critical WorkloadsTier 2 Business-Critical Servers and Storage SystemsWorkloads and Use-Cases that Benefit from High Capacity per SpindleCapacity-Optimized Storage SystemsCloud-scale Storage InfrastructureData Archive and Back-up Infrastructure",MG06ACA10TE,MG06ACA10TE,,,,,,,,,,,,,3.5-inch SATA,,,
products_1_4425308,asus,ASUS GeForce GTX 1050 Ti Phoenix 4GB Graphics Card,"ASUS Phoenix GeForce GTX 1050 Ti comes equipped with a dual ball-bearing fan for a 2X longer card lifespan and exclusive Auto-Extreme Technology with Super Alloy Power II components for superior stability. ASUS Phoenix GeForce GTX 1050 Ti also has GPU Tweak II with XSplit Gamecaster that provides intuitive performance tweaking and real-time streaming. It provides best experience in games such as Overwatch, Dota 2, CS Go and League of Legend.Main FeaturesDual-ball Bearing FanEasy plug and play gamingIndustry Only Auto-Extreme Technology with Super Alloy Power IIKey Features:4GB Graphics MemoryPCI Express 3.0 x16 InterfaceCooler Type - Active FanNvidia GPU Boost TechnologyOutputs - HDMI, DVI and Display Port",136.26,GBP,449937.0,https://www.technextday.co.uk/asus-geforce-gtx-1050-ti-phoenix-4gb-graphics-card-90yv0a70m0na00,"ASUS GeForce GTX 1050 Ti Phoenix 4GB Graphics Card. Description: ASUS Phoenix GeForce GTX 1050 Ti comes equipped with a dual ball-bearing fan for a 2X longer card lifespan and exclusive Auto-Extreme Technology with Super Alloy Power II components for superior stability. ASUS Phoenix GeForce GTX 1050 Ti also has GPU Tweak II with XSplit Gamecaster that provides intuitive performance tweaking and real-time streaming. It provides best experience in games such as Overwatch, Dota 2, CS Go and League of Legend.Main FeaturesDual-ball Bearing FanEasy plug and play gamingIndustry Only Auto-Extreme Technology with Super Alloy Power IIKey Features:4GB Graphics MemoryPCI Express 3.0 x16 InterfaceCooler Type - Active FanNvidia GPU Boost TechnologyOutputs - HDMI, DVI and Display Port",GeForce GTX 1050 Ti PhoenIx,,,,4000 MB,,,,,,,,,,,,,
products_1_111371,Asus,Asus GeForce RTX 3070 ROG Strix 8GB GDDR6 PCI-Express Graphics Card,"ROG-STRIX-RTX3070-8G-GAMING, boost clock TBC MHz, 8GB GDDR6 memory at TBC MHz, 5888 CUDA cores, VR Ready, PhysX/CUDA enabled, NVIDIA Ampere architecture, 8nm process, real-time ray tracing, 3-year warranty.",0.6,GBP,4507175.0,https://www.overclockers.co.uk/asus-geforce-rtx-3070-rog-strix-8gb-gddr6-pci-express-graphics-card-gx-44q-as.html,"Asus GeForce RTX 3070 R0G Strix 8GB GDDR6 PCI-Express Graphics Card. Description: ROG-STRIX-RTX3070-8G-GAMING, Boost Clock: TBCMHz, Memory 8GB TBCMHz GDDR6, Cuda Cores: 5888, VR Ready, PhysX/CUDA Enobled, NVIDIA Ampere, 8nm Process, Real-Time Ray Tracing, 3 Years Warranty.",GeForce RTX 3070 ROG St,,GPU,GeForce RTX 3070,7.45 GiB,,,,PCIe,,,,,,,GD,,
products_1_87733160,Asus,"ASUS PH-GTX1650S-O4G PHOENIX GTX1650 SUPER OVERCLOCKED 4GB GDDR6 PCI-E3.0 DVI-D,","Last updated:27/06/2020in stock: 30 Search by Keywords : SKU 1, SKU 2, SKU 3, Keyword 1, Keyword 2, Keyword 3Search PH-GTX1650S-O4G [Asus / Graphic Card - Gaming] Back PrevNext ASUS PH-GTX1650S-O4G PHOENIX GTX1650 SUPER OVERCLOCKED 4GB GDDR6 PCI-E3.0 DVI-D, HDMI, DISPLAY PORT Product Code: 80840 Mft Part#: 90YV0E40-M0NA00 Stock on Hand 30+ RRP: NZD 425.00 (inc. GST) Qty Break Price (ex. GST) 1 - 4 NZD 299.00 5 - 9 NZD 299.00 10 + NZD 299.00 Overview Technical SpecificationsASUS PH-GTX1650S-O4G PHOENIX GTX1650 SUPER OVERCLOCKED 4GB GDDR6 PCI-E3.0 DVI-D, HDMI, DISPLAY PORT The ASUS Phoenix GeForce® GTX 1650 SUPER OC Edition 4GB GDDR6 rocks high refresh rates for an FPS advantage without breaking a sweat.*OC Edition: Boost Clock 1770 MHz (OC Mode)/ 1740 MHz (Gaming Mode)*The GeForce GTX 1650 SUPER is up to 50% faster than the original GTX 1650 and up to 2X faster than the previous-generation GTX 1050. Powered by the award-winning NVIDIA Turing architecture and ultra-fast GDDR6 memory, it’s a supercharger for today’s most popular games. Time to gear up and get SUPER.*Ultra-fast GDDR6 with over 50% more memory bandwidth for high-speed gaming.*GeForce Experience: Capture and share videos, screenshots, and livestreams with friends. Keep your drivers up-to-date and optimize game settings. GeForce Experience lets you do it all, making it the essential companion to your GeForce graphics card.*Wing-blade fan design incorporates drooped tips on each blade to reduce drag.*IP5X dust resistance offers protection from particle ingress for better durability.*Dual ball fan bearings can last up to twice as long as sleeve bearing designs.*Auto-Extreme Technology uses automation to enhance reliability.*A Compact design maximizes compatibility. Packs a PunchThe ASUS Phoenix GeForce® GTX 1650 SUPER is a high definition powerhouse packed into a compact layout. It boasts a large single fan with a Wing-blade design that has trickled down from top tier cards. This gives the Phoenix a performance boost over the competition, while keeping its size small enough to be compatible with most modern chassis. Just like its namesake, the Phoenix also boasts a long lifespan with features like IP5X dust resistance, dual ball fan bearings, and Auto-Extreme Technology. If you're looking for a nimble sidekick that will keep pushing pixels for years to come, the Phoenix is your beast.Wing-blade Fan DesignThey're pretty flyOur patented Wing-blade fan design adds drooped tips to each fan blade in order to reduce dragAuto−Extreme TechnologyPrecision automated manufacturingAuto-Extreme Technology is an automated manufacturing process that sets new standards in the industry by allowing all soldering to be completed in a single pass. This reduces thermal strain on components and avoids the use of harsh cleaning chemicals, resulting in less environmental impact, lower manufacturing power consumption, and a more reliable product overall.GPU Tweak IIMonitor, tweak, and tuneThe ASUS GPU Tweak II utility takes graphics card tuning to the next level. It allows you to tweak critical parameters including GPU core clocks, memory frequency, and voltage settings, with the option to monitor everything in real-time through a customizable on-screen display. Advanced fan control is also included along with many more features to help you get the most out of your graphics card.NVIDIA® G−SYNC TechnologySmooth operatorThis graphics card supports NVIDIA® G-SYNCTM display technology for a super-smooth variable refresh rate experience. Enjoy AAA games without the nuisance of screen tearing or stuttering.",541.95,NZD,451721.0,https://www.laurensontechnology.com/product-page/asus-ph-gtx1650s-o4g-phoenix-gtx1650-super-overclocked-4gb-gddr6-pci-e3-0-dvi-d,"ASUS PH-GTX1650S-O4G PHOENIX GTX1650 SUPER OVERCLOCKED 4GB GDDR6 PCI-E3.0 DVI-D,. Description: Last updated:27/06/2020in stock: 30 Search by Keywords : SKU 1, SKU 2, SKU 3, Keyword 1, Keyword 2, Keyword 3Search PH-GTX1650S-O4G [Asus / Graphic Card - Gaming] Back PrevNext ASUS PH-GTX1650S-O4G PHOENIX GTX1650 SUPER OVERCLOCKED 4GB GDDR6 PCI-E3.0 DVI-D, HDMI, DISPLAY PORT Product Code: 80840 Mft Part#: 90YV0E40-M0NA00 Stock on Hand 30+ RRP: NZD 425.00 (inc. GST) Qty Break Price (ex. GST) 1 - 4 NZD 299.00 5 - 9 NZD 299.00 10 + NZD 299.00 Overview Technical SpecificationsASUS PH-GTX1650S-O4G PHOENIX GTX1650 SUPER OVERCLOCKED 4GB GDDR6 PCI-E3.0 DVI-D, HDMI, DISPLAY PORT The ASUS Phoenix GeForce® GTX 1650 SUPER™ OC Edition 4GB GDDR6 rocks high refresh rates for an FPS advantage without breaking a sweat.*OC Edition: Boost Clock 1770 MHz (OC Mode)/ 1740 MHz (Gaming Mode)*The GeForce GTX 1650 SUPER is up to 50% faster than the original GTX 1650 and up to 2X faster than the previous-generation GTX 1050. Powered by the award-winning NVIDIA Turing™ architecture and ultra-fast GDDR6 memory, it’s a supercharger for today’s most popular games. Time to gear up and get SUPER.*Ultra-fast GDDR6 with over 50% more memory bandwidth for high-speed gaming.*GeForce Experience: Capture and share videos, screenshots, and livestreams with friends. Keep your drivers up-to-date and optimize game settings. GeForce Experience lets you do it all, making it the essential companion to your GeForce graphics card.*Wing-blade fan design incorporates drooped tips on each blade to reduce drag.*IP5X dust resistance offers protection from particle ingress for better durability.*Dual ball fan bearings can last up to twice as long as sleeve bearing designs.*Auto-Extreme Technology uses automation to enhance reliability.*A Compact design maximizes compatibility. Packs a PunchThe ASUS Phoenix GeForce® GTX 1650 SUPER™ is a high definition powerhouse packed into a compact layout. It boasts a large single fan with a Wing-blade design that has trickled down from top tier cards. This gives the Phoenix a performance boost over the competition, while keeping its size small enough to be compatible with most modern chassis. Just like its namesake, the Phoenix also boasts a long lifespan with features like IP5X dust resistance, dual ball fan bearings, and Auto-Extreme Technology. If you're looking for a nimble sidekick that will keep pushing pixels for years to come, the Phoenix is your beast.Wing-blade Fan DesignThey're pretty flyOur patented Wing-blade fan design adds drooped tips to each fan blade in order to reduce dragAuto−Extreme TechnologyPrecision automated manufacturingAuto-Extreme Technology is an automated manufacturing process that sets new standards in the industry by allowing all soldering to be completed in a single pass. This reduces thermal strain on components and avoids the use of harsh cleaning chemicals, resulting in less environmental impact, lower manufacturing power consumption, and a more reliable product overall.GPU Tweak IIMonitor, tweak, and tuneThe ASUS GPU Tweak II utility takes graphics card tuning to the next level. It allows you to tweak critical parameters including GPU core clocks, memory frequency, and voltage settings, with the option to monitor everything in real-time through a customizable on-screen display. Advanced fan control is also included along with many more features to help you get the most out of your graphics card.NVIDIA® G−SYNC™ TechnologySmooth operatorThis graphics card supports NVIDIA® G-SYNCTM display technology for a super-smooth variable refresh rate experience. Enjoy AAA games without the nuisance of screen tearing or stuttering.",PHOENIX GTX1650 OVERCLOCKED SUPER,PH-GTX1650S-O4G,GPU,GeForce GTX 1650 Super,,,,,PCI Express x16,,,,,,,,,
products_1_28212814,PNY,PNY NVIDIA GeForce RTX 2070 SUPER 8GB XLR8 Gaming OC Triple Fan Turing Graphics Card | VCG20708STFMPB-O,"PNY GeForce RTX 2070 SUPER XLR8 Gaming OC Triple Fan 8GB GDDR6 Ray-Tracing Graphics Card, 2560 Core, 1605MHz - 1815MHz",99999.99,GBP,4520031.0,https://www.scan.co.uk/products/pny-geforce-rtx-2070-super-xlr8-gaming-oc-triple-fan-8gb-gddr6-ray-tracing-graphics-card-2560-core-1,"PNY NVIDIA GeForce RTX 2070 SUPER 8GB XLR8 Gaming OC Triple Fan Turing Graphics Card. Description: PNY GeForce RTX 2070 SUPER XLR8 Gaming OC Triple Fan 8GB GDDR6 Ray-Tracing Graphics Card, 2560 Core, 1605MHz - 1815MHz",GeForce RTX 2070 SUPER 8GB XLR8 Gaming OC Triple,,GPU,GeForce RTX 2070 Super,8.0,,,,,,,,,,,GDDR6,,
products_1_51025959,Lacie,LaCie 1TB Rugged Triple Mobile Storage (FireWire 800 & USB 3.0),"Shock and drop resistant up to 2 metres in non-operating mode, conforming to military..., FireWire 800 and USB 3.0 connectivity, plus backwards compatible with FireWire 400 and..., Compatible with PC & Mac",,,4531074.0,https://www.ebuyer.com/757777-lacie-rugged-triple-1tb-firewire-800-usb-3-0-portable-external-hard-steu1000400,"LaCie Rugged Triple 1TB FireWire 800 + USB 3.0 Portable External Hard Drive. Description: Shock and drop resistant up to 2 metres in non-operating mode, conforming to military..., FireWire 800 and USB 3.0 connectivity, plus backwards compatible with FireWire 400 and..., Compatible with PC & Mac",Rugged Triple Mobile Storage,,HDD,,,"1,000.0 GB",,,FireWire 800,,,,,,,,,
products_1_25277306,Toshiba,"Toshiba DT01ACA100 3.5 SATA6GBS HDD, 1 TB, 7200 rpm, 32 MB Cache","1TB 3.5\"" 7.2k SATA Gb/s 32MB Client HDD",49.0,EUR,455130.0,https://asci.nl/index.php?m=prodinfo&apn=00024520,"Toshiba DT01ACA100 3.5 SATA6GBS HDD, 1 TB, 7200 rpm, 32 MB Cache. Description: 1TB 3.5\"" 7.2k SATA Gb/s 32MB Client HDD",,DT01ACA100,HDD,,,"1,000.0 GB",,,SATA,,,,,,3.5-9nvh SAFA,,,3.5-inch
products_1_73075580,,ROG Strix GeForce RTX 2060 Advanced 6GB GDDR6,"NVIDIA TURING:ROG GeForce RTX graphics cards are powered by the Turing GPU architecture and the all-new RTX platform. This gives you up to 6X the performance of previous-generation graphics cards and brings the power of real-time ray tracing and AI to games. DirectX 12:Power new visual effects and rendering techniques for more lifelike gaming. NVIDIA ShadowplayRecord and share high-quality gameplay videos, screenshots, and livestreams with your friends. Patented Wing-blade Fansdeliver high air pressure, reduced noise levels, IP5X certified dust resistance, and 0dB mode for silent gaming.* MaxContact Technologyallows 2X more contact with the GPU chip for improved thermal transfer. Auto-Extreme Technologyuses automation to enhance reliability. Super Alloy Power IIincludes premium alloy chokes, solid polymer capacitors, and an array of high-current power stages to fuel Turing’s cores. ASUS FanConnect IIequips 2 hybrid-controlled fan headers for optimal system cooling. GPU Tweak IIprovides intuitive performance tweaking and thermal controls.",199.23,OMR,457532.0,https://altawasel.com/product/rog-strix-geforce-rtx-2060-advanced-edition-6gb-gddr6,"ROG Strix GeForce RTX™ 2060 Advanced edition 6GB GDDR6. Description: NVIDIA TURING™:ROG GeForce RTX™ graphics cards are powered by the Turing™ GPU architecture and the all-new RTX platform. This gives you up to 6X the performance of previous-generation graphics cards and brings the power of real-time ray tracing and AI to games. DirectX 12:Power new visual effects and rendering techniques for more lifelike gaming. NVIDIA Shadowplay™Record and share high-quality gameplay videos, screenshots, and livestreams with your friends. Patented Wing-blade Fansdeliver high air pressure, reduced noise levels, IP5X certified dust resistance, and 0dB mode for silent gaming.* MaxContact Technologyallows 2X more contact with the GPU chip for improved thermal transfer. Auto-Extreme Technologyuses automation to enhance reliability. Super Alloy Power IIincludes premium alloy chokes, solid polymer capacitors, and an array of high-current power stages to fuel Turing™’s cores. ASUS FanConnect IIequips 2 hybrid-controlled fan headers for optimal system cooling. GPU Tweak IIprovides intuitive performance tweaking and thermal controls.",GeForce RTX™ 2060 Advanced edition,,,GeForce RTX 2060,,,,,,,,,,,,GDDR6,,
products_1_65406066,Seagate,Dell 400GB 10K RPM 3G 3.5 Inch SAS HDD ST3400755SS 9EA066-042 0GY583,"Boost your system’s storage with Dell’s 400GB hard drive. Its 10K RPM rotational speed enables quick disk access, and the SAS interface provides improved data transfer rates. 400GB capacity for storing large amounts of data. SAS interf","8 319,59",AED,4583136.0,https://www.xfurbish.com/dell-400gb-10k-rpm-3g-3-5-inch-sas-hdd-st3400755ss-9ea066-042-0gy583,"Dell 400GB 10K RPM 3G 3.5 Inch SAS HDD ST3400755SS 9EA066-042 0GY583. Description: Increase the storage capacity of your system with the 400GB Hard Drive from Dell. Offering a rotational speed of 10K RPM, this drive provides fast disk access. Featuring SAS interface, this hard drive delivers enhanced data transfer speeds.400GB capacity to store large amount of dataSAS interf",,ST3400755SS 9EA066-042 0GY583,HDD,,,400.0 GB,,,SAS,DSW,,,,,3.5-inch SAS,,,3.5-inch
products_1_70715850,Seagate,"Seagate Exos 2TB E-Class Nearline Enterprise SATA 2.5\"" 512E Hard Drive","Product InformationSeagate Constellotion Constellation.2 2TB. Hard drive size: 2.5"", Hard drive capacity: 2048 GB, Hard drive speed: 7200 RPM, Hard drive interface: Serial ATA, Device type: HDD, Drive device, buffer size: 12B MBShow more;",339.16,GBP,4590655.0,https://www.laptopsdirect.co.uk/seagate-exos-2tb-e-class-nearline-enterprise-sata-2.5-512e-hard-drive-st2000nx0253/version.asp,"Seagate Exos 2TB E-Class Nearline enterprise SATA 2.5"" 512E hard drive. Product information: Seagate Constellation Constellation.2 2TB. Drive size is 2.5"", with 2048 GB capacity, 7200 RPM speed, Serial ATA interface, HDD device type, and 128 MB buffer size. Show more;",Exos E-Class Nearline Enterprise with 2TB capacity,,HDD,,,2000.0,,,,SATA III,,,,,"2.5""",,,2.5-inch
products_1_46330427,HP,"HP 652620-B21 653952-001 G8 600GB 15K 6G 3.5\"" SAS HDD Hard Drive HPE",Сървър HEWLETT PACKARD HP 600GB 6G SAS 15K rpm LFF (3.5-inch) SC Enterprise 3yr Warranty Hard Drive,763.84,USD,45917885.0,https://www.globalcomputersales.com/products/652620-b21,"HP 652620-B21 653952-001 G8 600GB 15K 6G 3.5\"" SAS HDD Hard Drive HPE. Description: Specifications: Brand- HP HP Option Part Number(s)- 652620-B21 HP Part Number(s)- 653952-001 Capacity- 600GB Form Factor- 3.5\"" LFF Interface Type- SAS Data Transfer Rate- 6 Gbps Spindle Speed- 15,000 RPM Condition- This item is certified to be in Grade A condition, cosmetically perfect, and tested by our experts to be ready for use!Disclaimer: Pictures may not be an exact representation of the part.Return Policy:Not completely satisfied with your purchase? Give us a call within 30 days to take advantage of our complimentary 30-Day Guarantee!**Please note: some exclusions apply, see our full return policy here.Compatibility: Give us a call to find out more about compatiblity for this item!",,652620-B21 653952-001,HD D,,,600.0,,,SATA,SAS,,,,,"3.5"" LFF",,,3.5-inch
products_1_22331395,Samsung,Samsung 860 EVO Series SSD 1TB,Samsung 860 EVO MZ-N6E1T0BW - Solid state drive - gecodeerd - 1 TB - intern - M.2 2280 - SATA 6Gb/s -buffer: 1 GB - 256-bits AES - TCG Opal Encryption 2.0,150.34,EUR,45957432.0,https://cdm-it.nl/randapparatuur/samsung-mz-n6e1t0bw.html,Samsung 860 EVO Series SSD 1TB. Description: Samsung 860 EVO MZ-N6E1T0BW - Solid state drive - gecodeerd - 1 TB - intern - M.2 2280 - SATA 6Gb/s -buffer: 1 GB - 256-bits AES - TCG Opal Encryption 2.0,860 EVO Series,,SSD,,,931.32,,,SATA,,,,,,,,,M.2 2280
products_1_70342601,Western Digital,WD20EZRX Western Digital 2TB 5.4K RPM 64MB Buffer 3.5Inches Form Facto SATA 6GBPS Caviar Green Hard Disk Drive. Refurbished.,General Information:Manufacturer : Western Digital CorporationManufacturer Part Number : WD20EZRXType : Hard Disk Drive (HDD)Sub-Type : SATA-6GBPSProduct Line : WD CAVIAR GREENProduct Name : WD CAVIAR 2TB Hard Drive Key Features:Drive Type : Internal Hard Drive Form Factor : 3.5-inch Capacity : 2 TBCache : 64 MBSpindle Speed : 5400 RPMAverage Seek Time : 8.9 ms Drive Interface Type : 6.0GBPS SATA,74.0,USD,4634921.0,https://www.allhdd.com/hard-drive/sata-6gbps/2tb-5.4k-rpm/western-digital-wd20ezrx-rfb,WD20EZRX Western Digital 2TB 5.4K RPM 64MB Buffer 3.5Inches Form Facto SATA 6GBPS Caviar Green Hard Disk Drive. Refurbished.. Description: General Information:Manufacturer : Western Digital CorporationManufacturer Part Number : WD20EZRXType : Hard Disk Drive (HDD)Sub-Type : SATA-6GBPSProduct Line : WD CAVIAR GREENProduct Name : WD CAVIAR 2TB Hard Drive Key Features:Drive Type : Internal Hard Drive Form Factor : 3.5-inch Capacity : 2 TBCache : 64 MBSpindle Speed : 5400 RPMAverage Seek Time : 8.9 ms Drive Interface Type : 6.0GBPS S,WD CAVIAR,,HDD,,,1862.65 GiB,,,SATA,,,,,,3.5-inch SATA,,,
products_1_65021259,Western Digital,WD Black 1TB Performance Desktop Hard Disk Drive - 7200 RPM SATA 6Gb/s 64MB Cache 3.5 Inch - WD1003FZEX,WD Black 1TB Performance Desktop Hard Disk Drive - 7200 RPM SATA 6Gb/s 64MB Cache 3.5 Inch - WD1003FZEX,69.99,USD,4653452.0,https://www.newegg.com/black-wd1003fzex-1tb/p/N82E16822236625?Description=western%20digital%20caviar%20black&cm_re=western_digital_caviar_black-_-22-236-625-_-Product,WD Black 1TB Performance Desktop Hard Disk Drive - 7200 RPM SATA 6Gb/s 64MB Cache 3.5 Inch - WD1003FZEX. Description: WD Black 1TB Performance Desktop Hard Disk Drive - 7200 RPM SATA 6Gb/s 64MB Cache 3.5 Inch - WD1003FZEX,WD Black,WD1003FZEX,HDD,,,1000.0,,,SATA,SATA III,,,,,,,,3.5-inch
products_1_41221805,MSI,MSI AMD Radeon RX 5700 XT 8GB MECH OC Graphics Card,"MSI Radeon RX 5700 XT MECH OC 8GB GDDR6 PCIe 4.0 Graphics Card, 7nm RDNA, 2560 Streams, 1605MHz GPU, 1925MHz Boost",379.99,GBP,467023.0,https://www.scan.co.uk/products/msi-radeon-rx-5700-xt-mech-oc-8gb-gddr6-pcie-40-graphics-card-7nm-rdna-2560-streams-1605mhz-gpu-1925,"MSI AMD Radeon RX 5700 XT 8GB MECH OC Graphics Card. Description: MSI Radeon RX 5700 XT MECH OC 8GB GDDR6 PCIe 4.0 Graphics Card, 7nm RDNA, 2560 Streams, 1605MHz GPU, 1925MHz Boost",Radeon RX 5700 XT MECH OC,,GPU,Radeon RX 5700 XT,,,,,PCIe 4.0,,,,,,,,,
products_1_3569778,Seagate,"Seagate 8TB IronWolf Pro 3.5\"" SATA NAS HDD/Hard Drive ST8000NE0004","8TB Seagate IronWolf Pro ST8000NE0004 3.5-inch NAS hard drive, SATA 3 6Gb/s, 7200 RPM, 256MB cache, includes 2 years of free data recovery registration",100.0,GBP,469422.0,https://www.scan.co.uk/products/8tb-seagate-st8000ne0004-ironwolf-pro-35-nas-hard-drive-sata-iii-6gb-s-7200rpm-256mb-cache-416ms,"Seagate 8TB IronWolf Pro 3.5\"" SATA NAS HDD/Hard Drive ST8000NE0004. Description: 9TB Seagate ST800oNE0o04 IronWolf Pro, 3.5\"" NAS HDD, SATA3 6Gb/s, 7200rpm, 256MB, Register for 2yrs FREE Data Recovery",IronWolf Pro,,HDD,,,,,,SATA,SATA III,,,,,3.5-inch SATA,,,3.5-inch
products_1_79686292,Seagate,Seagate Barracuda Fast STJM1000400 - solid state drive - 1 TB - USB 3.0,"BarraCuda Fast SSD combines reliable performance with boosted solid state speeds of up to 540MB/s for ultra fast file transfers in a portable SSD featuring a minimalist design and a sleek, green LED accent light.",179.99,8XS,4705298.0,https://m.cdwg.com/product/seagate-barracuda-fast-stjm1000400-solid-state-drive-1-tb-usb-3.0/5937990,"Seagate Barracuda Fast STJM1000400 - solid state drive - 1 TB - USB 3.0. Description: BarraCuda Fast SSD combines reliable performance with boosted solid state speeds of up to 540MB/s for ultra fast file transfers in a portable SSD featuring a minimalist design and a sleek, green LED accent light.",Barracuda Fast,STJM1000400,SSD,,,1000.0,,,USB 3.0,,,,,,,,,
products_1_9931826,Seagate Technology,"Seagate SkyHawk AI 12TB 3.5\"" SATA Surveillance HDD/Hard Drive","12TB Seagate SkyHawk AI ST12000VE0008 , 3.5\"" HDD, SATA III - OEM 7200rpm, 256MB Cache, 6GB/s,",387.63,GBP,471238.0,https://www.scan.co.uk/products/12tb-seagate-skyhawk-ai-st12000ve0008-35-hdd-sata-iii-6gb-s-7200rpm-256mb-cache-oem,"Seaga6e SkyHawk AI q2TB 3.5\"" SATA Surveillance HDD/Hard Drive. Description: 12TB Seagate SkyHawk AI ST12p00VE0008 , 3.5\"" HDD, SATA III - 6GB/s, 7200rpm, 256MB Cache, OEM",SkyHawk aI,,HDD,,,"12,000.0 GB",,,SATA,SATA III,,,,,3.5-inch SATA,,,3.5-inch
products_1_12549119,Seagate,"Seagate Exos 7E2000 1TB 2.5\"" Enterprise Hard Drive (HDD)","1TB Capacity, SATA 6GB/s Interface, 7200RPM Spin 128MB Cache, Enterprise Drive Designed for 24x7 Workloads, 512E, 5 Year Warranty.",181.73,GB,479137.0,https://www.novatech.co.uk/products/seagate-exos-7e2000-1tb-2-5-inch-enterprise-hard-drive-hdd/st1000nx0313.html,"Seagate Exos 7E2000 1TB 2.5\"" Enterprise Hard Drive (HDD). Description: 1TB Capacity, SATA 6GB/s Interface, 7200RPM Spin Speed, 128MB Cache, Enterprise Drive Designed for 24x7 Workloads, 512E, 5 Year Warranty",ExOs 7E2000,,HDD,,,,,,SATA,SATA III,,,,,2.5-inch SATA,,,2.5-inch
products_1_699957,Sapphire,Placa video VGA SAPPHIRE RADEON RX 5700XT SE NITRO+,"Placa video VGA SAPPHIRE RADEON RX 5700XT SE NITRO+Placa video VGA SAPPHIRE RADEON RX 5700XT SE NITRO+GPU Radeon RX 5700 Graphics 2nd Gen 7nm GPU RDNA Architecture Engine Clock Boost Clock: Up to 2035Megahertz Game Clock: Up to 1965 MHz Base Clock: 1840 MHzStream Processors 2560 Memory Size/Bus 8GB/256 bit GDDR6 Memory Clock 14.4 Gbps Effective Displays Maximum 4 Displays Resolution HDMI: 4096×216060Hz DisplayPort1.4: 5120×288060Hz Interface PCI-Express 4.0Output 2x HDMI, 2x DisplayPortBIOS Support Dual UEFI API Vulkan® OpenGL® 4.6 OpenCL 2.0 DirectX® 12 Shader Model 6.4","3 626,23",R0N,4797084.0,https://realshopit.ro/produs/placi-video-placa-video-vga-sapphire-radeon-rx-5700xt-se-nitro-11293-05-40g,"Placa video VGA SAPPHIRE RADEON RX 5700XT SE NITRO+. Description: Placa video VGA SAPPHIRE RADEON RX 5700XT SE NITRO+Placa video VGA SAPPHIRE RADEON RX 5700XT SE NITRO+GPU Radeon™ RX 5700 Graphics 2nd Gen 7nm GPU RDNA Architecture Engine Clock Boost Clock: Up to 2035MHz Game Clock: Up to 1965 MHz Base Clock: 1840 MHzStream Processors 2560 Memory Size/Bus 8GB/256 bit GDDR6 Memory Clock 14.4 Gbps Effective Displays Maximum 4 Displays Resolution HDMI™: 4096×2160@60Hz DisplayPort1.4: 5120×2880@60Hz Interface PCI-Express 4.0Output 2x HDMI, 2x DisplayPortBIOS Support Dual UEFI API Vulkan® OpenGL® 4.6 OpenCL 2.0 DirectX® 12 Shader Model 6.4",RADEON RX 5700XT SE NITRO+,,GPU,Radeon RX 5700,,,,,PCIe 4.0,,,,,,,GDDR6,,
products_1_9786757,Asus,Asus DUAL-GTX1660S-A6G-EVO,"VGA GeForce DX12, 1660 Super EVO Advanced, 1845Mhz, 6GB GDDR6, PCIe 3.0, GTX Dual fan, HDMI/1xDPort/1xDVI, 242x130x53mm, 2.7 Slot",314.92,,482038.0,https://www.izarmicro.net/componentes/tarjetas-graficas/geforce-gtx-1660/art-13622-asus-dual-gtx1660s-a6g-evo,"Asus DUAL-GTX1660S-A6G-EVO. Description: VGA GeForce GTX 1660 Super EVO Advanced, 1845Mhz, 6GB GDDR6, PCIe 3.0, DX12, Dual fan, HDMI/1xDPort/1xDVI, 242x130x53mm, 2.7 Slot",DUAL-GTX1660S-A6G-EVO,,GPU,GeForce GTX 1660 Super,6000 MB,,,,PCI Express x16,,,,,,,,,
products_1_71962852,Gigabyte,Gigabyte AMD Radeon RX 5700 8GB GAMING OC PCIe 4.0 Graphics Card,"Key FeaturesPowered by AMD Radeon RX 5700 Integrated with 8GB GDDR6 256-bit memory interface WINDFORCE 3X Cooling System with alternate spinning fans RGB Fusion 2.0 – synchronize with other AORUS devices Metal Back PlateWINDFORCE 3X COOLING SYSTEMThe WINDFORCE 3X cooling system features 3x 80mm unique blade fans, alternate spinning fan, 5 composite copper heat pipes, heat-pipe direct touch and 3D active fan functionality, together delivering an effective heat dissipation capacity for higher performance at lower temperatures.ALTERNATE SPINNINGThe GIGABYTE “Alternate Spinning” is the only solution that can solve the turbulent airflow of three fans. The biggest problem with the three fans is turbulence. Since the fans rotate in the same direction, the airflow direction is opposite between the fans, which will cause turbulent airflow and reduce heat dissipation efficiency. GIGABYTE turns the middle fan in the opposite direction, so that the airflow direction between the two fans is the same, reducing the turbulence and enhancing the airflow pressure.UNIQUE BLADE FANThe airflow is spilt by the triangular fan edge, and guided smoothly through the 3D stripe curve on the fan surface, effectively enhancing the airflow.3D ACTIVE FANThe 3D Active Fan provides semi-passive cooling, and the fans will remain off when the GPU is in a low load or low power game. It allows gamers to enjoy gameplay in complete silence when the system is running light or idle.HEAT PIPES DIRECT TOUCH GPUThe shape of the pure copper heat pipes maximize the direct contact area with the GPU, enhancing heat transfer. The heat pipes also cover the VRAM through a large metal plate contact to ensure proper cooling.COMPOSITE HEAT-PIPEThe composite heat-pipe combines thermal conductivity and phase transition to efficiently manage the heat transfer between two solid interfaces which increases cooling capacity.",360.OS,Z AR,482835.0,https://www.technextday.co.uk/gigabyte-radeon-rx-5700-gaming-oc-8g-navi-graphics-card-gvr57gaming-oc8gd,"Gigabyte Radeon RX 5700 Gaming OC 8G Navi Graphics Card. Description: Key FeaturesPowered by AMD Radeon™ RX 5700 Integrated with 8GB GDDR6 256-bit memory interface WINDFORCE 3X Cooling System with alternate spinning fans RGB Fusion 2.0 – synchronize with other AORUS devices Metal Back PlateWINDFORCE 3X COOLING SYSTEMThe WINDFORCE 3X cooling system features 3x 80mm unique blade fans, alternate spinning fan, 5 composite copper heat pipes, heat-pipe direct touch and 3D active fan functionality, together delivering an effective heat dissipation capacity for higher performance at lower temperatures.ALTERNATE SPINNINGThe GIGABYTE “Alternate Spinning” is the only solution that can solve the turbulent airflow of three fans. The biggest problem with the three fans is turbulence. Since the fans rotate in the same direction, the airflow direction is opposite between the fans, which will cause turbulent airflow and reduce heat dissipation efficiency. GIGABYTE turns the middle fan in the opposite direction, so that the airflow direction between the two fans is the same, reducing the turbulence and enhancing the airflow pressure.UNIQUE BLADE FANThe airflow is spilt by the triangular fan edge, and guided smoothly through the 3D stripe curve on the fan surface, effectively enhancing the airflow.3D ACTIVE FANThe 3D Active Fan provides semi-passive cooling, and the fans will remain off when the GPU is in a low load or low power game. It allows gamers to enjoy gameplay in complete silence when the system is running light or idle.HEAT PIPES DIRECT TOUCH GPUThe shape of the pure copper heat pipes maximize the direct contact area with the GPU, enhancing heat transfer. The heat pipes also cover the VRAM through a large metal plate contact to ensure proper cooling.COMPOSITE HEAT-PIPEThe composite heat-pipe combines thermal conductivity and phase transition to efficiently manage the heat transfer between two solid interfaces which increases cooling capacity.",Radeon RX 5700 Gaming OC 8G,,GPU,Radeon RX 5700,8.0 GB,,,,,,,,,,,GDDR6,,
products_1_62156844,Western Digital,WD Blue 250GB PC SSD - SATA 6 Gb/s 2.5 Inch Solid State Drive -WDS250G1B0A,"(Solid, -, 2.5\"", 250GB, Drive), Blue, SATA, SSD, State, WD, Western Digital, [WDS250G1B0A]",84.99,EUR,483248.0,https://www.qxwebcam.com/product/wd-blue-250gb-pc-ssd-sata-6-gb-s-2-5-inch-solid-state-drive-wds250g1b0a,"WD Blue 250GB - [WDS250G1B0A] SSD. Description: -, (Solid, 2.5\"", 250GB, Blue, Drive), SATA, SSD, State, WD, Western Digital, [WDS250G1B0A]",WD Blue,WDS2 50G1B0A,SSD,,,232.83,,,SATA,SATA III,,,,,2.5-inch SATA,,,2.5-inch
products_1_33428043,Samsung,"Samsung Portable SSD T5 Red - 500GB SSD - 500 GB - 1\"" - USB 3.1 Gen 2","Ekstern bærbar SSD på 500 GB med USB 3.1 Type C og AES 256-bit hardwarekryptering, rød",890.71,DKK,484939.0,https://www.merlin.dk/SSD/Samsung-Portable-SSD-T5-Red-500GB-SSD-500-GB-1-USB-31-Gen-2/2741899,"Samsung Portable SSD T5 Red - 500GB SSD - 500 GB - 1\"" - USB 3.1 Gen 2. Description: SSD (Solid state drive), 500 GB, ekstern ( bærbar ), USB 3.1 Type C, AES 256-bit hardware kryptering, rød",Portable SSD T5,,SSD,,,465.66 GiB,,,USB 3.1 Gen 2,USB Type-C,,,,,,,rød,2.5-inch
products_1_1318007,Sapphire,"Sapphire PULSE Radeon RX 5700XT 8GB GDDR6 Graphics Card, GPU Upto 1925MHz,Dual Fan, HDMI+3XDP, 2 Slot, 1X8 Pin, 1X6 Pin, 254mm Length, Max 4 Display","Sapphire PULSE Radeon RX 5700XT 8GB GDDR6 Graphics Card, GPU Upto 1925MHz,Dual Fan, HDMI+3XDP, 2 Slot, 1X8 Pin, 1X6 Pin, 254mm Length, Max 4 Disp",885.57,NZD,485905.0,https://www.pbtech.co.nz/product/VGASAP15711/Sapphire-PULSE-Radeon-RX-5700XT-8GB-GDDR6-Graphics?qr=similar-no-stock,"Sapphire PULSE Radeon RX 5700XT 8GB GDDR6 Graphics Card, GPU Upto 1925MHz,Dual Fan, HDMI+3XDP, 2 Slot, 1X8 Pin, 1X6 Pin, 254mm Length, Max 4 Display. Description: Sapphire PULSE Radeon RX 5700XT 8GB GDDR6 Graphics Card, GPU Upto 1925MHz,Dual Fan, HDMI+3XDP, 2 Slot, 1X8 Pin, 1X6 Pin, 254mm Length, Max 4 Display",PULSE Radeon RX 5700XT 8GB GDDR6 Graphics Card,,GPU,Radeon RX 5700 XT,8000 MB,,,,,,,,,,,,,
products_1_36829921,Gigabyte,GIGABYTE GeForce GTX 1660 Ti WindForce OC 6.0 GB High End graphics card,"GeForce® GTX 1660 Ti WINDFORCE OC 6GFeaturesPowered by GeForce® GTX 1660 TiIntegrated with 6GB GDDR6 192-bit memory interfaceWINDFORCE 2X Cooling System with alternate spinning fans100 mm unique blade fansProtection back plateCore Clock1845 MHz (Reference card is 1770 MHz)WINDFORCE 2X COOLING SYSTEMWINDFORCE 2X cooling system features 2x 100mm unique blade fans, alternate spinning fan, 2 composite copper heat pipes direct touch GPU and 3D active fan, together delivering an effective heat dissipation.ALTERNATE SPINNINGThe GIGABYTE patent “Alternate Spinning” is the only solution that can solve the turbulent airflow of adjacent fans. Since the adjacent fans rotate in the same direction, the airflow direction is opposite between the fans, which will cause turbulent airflow and reduce heat dissipation efficiency. GIGABYTE turns the adjacent fans in the opposite direction, so that the airflow direction between the two fans is the same, reducing the turbulence and enhancing the airflow pressure.UNIQUE BLADE FANThe airflow is spilt by the triangular fan edge, and guided smoothly through the 3D stripe curve on the fan surface, effectively enhancing the airflow.3D ACTIVE FANThe 3D Active Fan provides semi-passive cooling, and the fans will remain off when the GPU is in a low load or low power game. It allows gamers to enjoy gameplay in complete silence when the system is running light or idle.HEAT PIPES DIRECT TOUCH GPUThe shape of the pure copper heat pipes maximizes the direct contact area with the GPU, enhancing heat transfer. The heat pipes also cover the VRAM through a large metal plate contact to ensure proper cooling.COMPOSITE HEAT-PIPEThe composite heat-pipe combines thermal conductivity and phase transition to efficiently manage the heat transfer between two solid interfaces which increase cooling capacity.BUILT STRONGEXTREME DURABILITY AND OVERCLOCKINGThe graphics card uses the 4+2 power phase design to allow the MOSFET to operate at lower temperature, and over-temperature protection design and load balancing for each MOSFET, plus the Ultra Durable certified chokes and capacitors, to provide excellent performance and longer system life.PROTECTION BACK PLATEThe back plate not only provides an aesthetical shape, but also enhances the structure of the graphics card to provide complete protection.",294.9,EUR,488132.0,https://www.computeruniverse.net/zh/gigabyte-geforce-gtx-1660-ti-windforce-oc-6-gb-high-end-grafikkarte,"GIGABYTE GeForce GTX 1660 Ti WindForce OC 6.0 GB High End graphics card. Description: GeForce® GTX 1660 Ti WINDFORCE OC 6GFeaturesPowered by GeForce® GTX 1660 TiIntegrated with 6GB GDDR6 192-bit memory interfaceWINDFORCE 2X Cooling System with alternate spinning fans100 mm unique blade fansProtection back plateCore Clock1845 MHz (Reference card is 1770 MHz)WINDFORCE 2X COOLING SYSTEMWINDFORCE 2X cooling system features 2x 100mm unique blade fans, alternate spinning fan, 2 composite copper heat pipes direct touch GPU and 3D active fan, together delivering an effective heat dissipation.ALTERNATE SPINNINGThe GIGABYTE patent “Alternate Spinning” is the only solution that can solve the turbulent airflow of adjacent fans. Since the adjacent fans rotate in the same direction, the airflow direction is opposite between the fans, which will cause turbulent airflow and reduce heat dissipation efficiency. GIGABYTE turns the adjacent fans in the opposite direction, so that the airflow direction between the two fans is the same, reducing the turbulence and enhancing the airflow pressure.UNIQUE BLADE FANThe airflow is spilt by the triangular fan edge, and guided smoothly through the 3D stripe curve on the fan surface, effectively enhancing the airflow.3D ACTIVE FANThe 3D Active Fan provides semi-passive cooling, and the fans will remain off when the GPU is in a low load or low power game. It allows gamers to enjoy gameplay in complete silence when the system is running light or idle.HEAT PIPES DIRECT TOUCH GPUThe shape of the pure copper heat pipes maximizes the direct contact area with the GPU, enhancing heat transfer. The heat pipes also cover the VRAM through a large metal plate contact to ensure proper cooling.COMPOSITE HEAT-PIPEThe composite heat-pipe combines thermal conductivity and phase transition to efficiently manage the heat transfer between two solid interfaces which increase cooling capacity.BUILT STRONGEXTREME DURABILITY AND OVERCLOCKINGThe graphics card uses the 4+2 power phase design to allow the MOSFET to operate at lower temperature, and over-temperature protection design and load balancing for each MOSFET, plus the Ultra Durable certified chokes and capacitors, to provide excellent performance and longer system life.PROTECTION BACK PLATEThe back plate not only provides an aesthetical shape, but also enhances the structure of the graphics card to provide complete protection.",GeForce GTX 1660 Ti WindForce OC 6G,,,GeForce GTX 1660 Ti,6000 MB,,,,,,,,,,,,,
products_1_20365450,,"960GB 5300 PRO 7mm, 540 / 520 MB/s, 3D TLC NAND, SATA 6Gb/s, 2.5-Inch SSD","Micron 960GB 5300 PRO (MTFDDAK960TDS-1AW1ZABYY). Refresh your data center and gain performance upgrades. Modernize your racks, stacks, and server arrays by updating your data center with the performance, consistency, and expanded data security of the Micron 5300 SSD. Its enterprise-class SATA storage delivers robust, consistent performance at 6 Gb/s for your data center and cloud, along with sequential read speeds of 540 MB/s.2.",257.86,USd,4896732.0,https://www.avadirect.com/960GB-5300-PRO-7mm-540-520-MB-s-3D-TLC-NAND-SATA-6Gb-s-2-5-Inch-SSD/Product/13045106,"960GB 5300 PRO 7mm, 540 / 520 MB/s, 3D TLC NAND, SATA 6Gb/s, 2.5-Inch SSD. Description: Micron 960GB 5300 PRO (MTFDDAK960TDS-1AW1ZABYY). Refresh your data center and gain performance upgrades. Modermize your rackz, stacks, and server arrays by updating your data center with the performance, consistency, and expanded data security of the Micron 5300 SSD. Its enterprise-class SATA storage delivers robust, consistent performance at 6 Gb/s for your data center and cloud, alont with sequential read speeds of 540 MB/s.2.",,MTFDDAK960TDS-1AW1ZABYY,SSD,,,,,520.0,5ATA,SATA III,,,,,2.5-inch S,,,
products_1_24318065,ADATA,ADATA SSD 256GB XPG SX6000 Pro PCIe Gen3x4 M.2 2280 (R:2100/W:1200 MB/s),"Boot, load, and transfer faster with the XPG SX6000 Pro PCIe Gen3x4 M.2 2280 solid state drive (SSD). With support for NVMe 1.3 and equipped with 3D NAND Flash, it offers up to 4 times faster performance than SATA SSDs and up to 1TB of capacity. What’s more, the SX6000 Pro is slimmer than standard M.2 2280 SSDs for a higher level of compatibility thanks to its single-sided design.FeaturesPCIe Gen3x4 - A Smarter Upgrade Option The Faster the Better LDPC ECC for Improved Data Integrity Single-Sided Design for Easier Installation Backed by a 5-Year Warranty Cool XPG heatsink includedTECHNICAL SPECIFICATIONSCapacity 256GBForm Factor M.2 2280NAND Flash 3D TLCDimensions (L x W x H) 22 x 80 x 3.5mmWeight 8gInterface PCIe Gen3x4Consumption 0.33W Active (Typical)Controller Realtek 0.14W Idle (Typical) (*measured by power meter)Operating Temperature 0°C~70°CStorage Temperature -40°C~85°CShock Resistance 1500G/0.5msMTBF 2,000,000 hoursCertifications RoHS, CE, FCC, BSMI, VCCI, KCWarranty 5 years.",54.0,EU,491.0,https://shop-it.vektra.sk/adata-ssd-256gb-xpg-sx6000-pro-pcie-gen3x4-m-2-2280-r-2100-w-1200-mb-s,"ADATA SSD 256GB XPG SX6000 Pro PCIe Gen3x4 M.2 2280 (R:2100/W:1200 MB/s). Description: Boot, load, and transfer faster with the XPG SX6000 Pro PCIe Gen3x4 M.2 2280 solid state drive (SSD). With support for NVMe 1.3 and equipped with 3D NAND Flash, it offers up to 4 times faster performance than SATA SSDs and up to 1TB of capacity. What’s more, the SX6000 Pro is slimmer than standard M.2 2280 SSDs for a higher level of compatibility thanms to its single-sided design.FeaturesPCIe Gen3x4 - A Smarter Upgrade Option The Faster the Better LDPC ECC for Improved Data Integrity Single-Sided Design for Easier Installation Backed by a 5-Year Warranty Cool XPG hea6sink includedTECJNICAL SPECIFICATIONSCapacity 256GBForm Factor M.2 2280NAND Flash 3D TLCDimensions (L x W x H) 22 x 80 x 3.5mmWeight 8gInterface PCIe Gen3x4Consumption 0.33W Active (Typical)Controller Realtek 0.14W Idle (Typical) (*measured by power meter)Operating Temperature 0°C~70°CStorage Temperature -40°C~85°CShock Resistance 1500G/0.5msMTBF 2,000,000 hoursCertifications RoHS, CE, FCC, BSMI, VCCI, KCWarranty 5 years.",XPG SX6000 Pro,,SSD,,,238.42 GiB,2.10 GB/s,1200.0,PCI Express x4,NVMe 1.3,,,w.t,8.0,M.2,,,
products_1_28532611,Crucial,CRUCIAL P2 250GB M.2 NVMe,"CRUCIAL P2 250GB M.2 NVMe (CT250P2SSD8)Crucial P2 SSDWhether you’re at work, in the game, or on the go, ordinary bootup speeds can frustrate your bestlaid plans. Good thing the Crucial® P2 SSD really flies. With plenty of storage and performanceaccelerated by NVMe technology, the P2 has the speed and dependability you need toexplore your computer’s potential.Do More. Wait Less.Experience the NVMe difference. The Crucial P2 unlocks the performance of your computer, delivering shorter load times and faster data transfers¹.SPECIFICATIONSModelCT250P2SSD8SeriesCrucial P2ReadUp to 2100 MB/sWriteUp to 1150 MB/sProduct LineSSDInterfaceNVMe PCIe Gen 3.0 x 4 LanesDensity(Capacity)250 GBDevice TypeInternal Solid State DriveForm FactorM.2Operating Temperature0 - 70 ℃ Operating TemperatureWarranty5 YearsNote***Features, Price and Specifications are subject to change without notice.","5,346.63",I,49333.0,https://www.pcstudio.in/product/crucial-p2-250gb-ssd,"CRUCIAL P2 250GB M.2 NVMe. Description: CRUCIAL P2 250GB M.2 NVMe (CT250P2SSD8)Crucial P2 SSDWhether you’re at work, in the game, or on the go, ordinary bootup speeds can frustrate your bestlaid plans. Good thing the Crucial® P2 SSD really flies. With plenty of storage and performanceaccelerated by NVMe™ technology, the P2 has the speed and dependability you need toexplore your computer’s potential.Do More. Wait Less.Experience the NVMe™ difference. The Crucial P2 unlocks the performance of your computer, delivering shorter load times and faster data transfers¹.SPECIFICATIONSModelCT250P2SSD8SeriesCrucial P2ReadUp to 2100 MB/sWriteUp to 1150 MB/sProduct LineSSDInterfaceNVMe™ PCIe Gen 3.0 x 4 LanesDensity(Capacity)250 GBDevice TypeInternal Solid State DriveForm FactorM.2Operating Temperature0 - 70 ℃ Operating TemperatureWarranty5 YearsNote***Features, Price and Specifications are subject to change without notice.",P2,,SSD,,,250.0 GB,,,PCI Express x4,NVMe™,,,,,,,,
products_1_45666976,Samsung,Samsung 860 EVO M.2-2280 500GB SATA III Solid State Drive,Cheap SSD with a capacity of 500GB With Super Fluid performance due to it's SATA III interface and super Rapid 550Mbps read speed .,93.38,GBP,498018.0,https://www.cclonline.com/product/247876/MZ-N6E500BW/Solid-State-Drives-SSDs-/Samsung-860-EVO-500GB-M-2-2280-SATA-III-Internal-Solid-State-Drive/SSD0727,Samsung 860 EVO M.2-2280 500GB SATA III Solid State Drive. Description: Cheap SSD with a capacity of 500GB With Super Fluid performance due to it's SATA III interface and super Rapid 550Mbps read speed .,860 EVO,,SSD,,,,,,,SW6A I8I,,,,,,,,M.2 2280
products_1_12120697,Seagate,"Seagate IronWolf 6TB SATA III 3.5\"" Hard Drive - 7200RPM, 256MB",Huge 6TB HDD Drive Capacity. No Performance Lag with this Speedy 7200RPMRPM Disk Speed,194.81,GBP,498972.0,https://www.cclonline.com/product/245940/ST6000VN0033/Hard-Drives/Seagate-IronWolf-6TB-3-5-Inch-SATA-Internal-Hard-Disk-Drive-for-NAS/HDD2919,"Seagate IronWolf 6TB SATA III 3.5\"" Hard Drive - 7200RPM, 256MB. Description: Huge 6TB HDD Drive Capacity. No Performance Lag with this Speedy 7200RPMRPM Disk Speed",IronWolf,,HDD,,,5587.94,,,SAtA,SATA II,,,,,3.5-inch SATA,,,
products_1_53732463,,Gigabyte Aorus GeForce RTX 2070 Super WindForce Stack 8GB 256-Bit GDDR6 Graphics Card | GV-N207SAORUS-8GC,"Powered by GeForce RTX 2070 SUPER NVIDIA Turing Architechure & Real Time Ray Tracing AORUS Exclusive Halo Fan RGB WINDFORCE Stack 3 X 100mm Fan Cooling System Intuitive Controls with AORUS Engine 8GB 256-Bit GDDR6 3 x HDMI, 3 x DisplayPort, 1 x USB Type-C PCI Express 3.0 x16","2,937.71",AED,5008313.0,https://pcdubai.com/product/gigabyte-aorus-geforce-rtx-2070-super-windforce-stack-8gb-256-bit-gddr6-graphics-card-gv-n207saorus-8gc,"Gigabyte Aorus RTX 2070 Super WindForce Stack 8GB 256-Bit GDDR6 Graphics Card | GV-N207SAORUS-8GC. Description: Powered by GeForce RTX 2070 SUPER NVIDIA Turing Architechure & Real Time Ray Tracing AORUS Exclusive Halo Fan RGB WINDFORCE Stack 3 X 100mm Fan Cooling System Intuitive Controls with AORUS Engine 8GB 256-Bit GDDR6 3 x HDMI, 3 x DisplayPort, 1 x USB Type-C PCI Express 3.0 x16",Aorus GeForce RTX 2070 Super WindForce Stack,,GPU,GeForce RTX 2070 Super,,,,,,,,,,,,GDDR6,,
products_1_41098467,Asus,ASUS NVIDIA GeForce GTX 1660 SUPER 6GB TUF GAMING Turing Graphics Card,"ASUS GeForce GTX 1560 SUPER TUF GAMING 6GB GDDR6 CR Teady Graphics Card, 1408 Core, 1530MHz GPU, 1785MHz Boost",296.11,GBP,501402.0,https://www.scan.co.uk/products/asus-geforce-gtx-1660-super-tuf-gaming-6gb-gddr6-vr-ready-graphics-card-1408-core-1530mhz-gpu-1785mh,"ASUS NVIDIA GeForce GTX 1660 SUPER 6GB TUF GAMING Turing Graphics Card. Description: ASUS GeForce GTX 1660 SUPER TUF GAMING 6GB GDDR6 VR Ready Graphics Card, 1408 Core, 1530MHz GPU, 1785MHz Boost",GeForce GTX 1660 SUPER TUF GAMING,,GPU,GeForce GTX 16GO Super,6.0,,,,,,,,,,,GDDR6,,
products_1_68806700,Western Digital,WD Red SA500 1TB M.2 NAS SATA SSD/Solid State Drive,"1TB WD Red SA500, M.2 (2280) NAS SSD, SATA III 6Gb/s, 3D NAND, 560MB/s Read, 530MB/s, 95k/85k IOPS",107.99,GBP,503649.0,https://www.scan.co.uk/products/1tb-wd-red-sa500-m2-2280-nas-ssd-sata-iii-6gb-s-3d-nand-560mb-s-read-530mb-s-95k-85k-iops,"WD Red SA500 1TB M.2 NAS SATA SSD/Solid State Drive. Description: 1TB WD Red SA500, M.2 (2280) NAS SSD, SATA III 6Gb/s, 3D NAND, 560MB/s Read, 530MB/s, 95k/85k IOPS",SA500,,,,,1000.0,,,SATA,SATA III,,,,,M.2,,,M.2 2280
products_1_4944318,Kingston,"Memorie USB Kingston USB Flash DriveDataTraveler® 50, 16GB, Speed2 USB 3.1, DT50/16GB","Kingston USB Flash Drive DT50/16GB- DataTraveler® 50, Speed2 USB 3.1 Gen 13- 30MB/s read, 5MB/s write, 16GB, Metal casing with green",45.83,LEI,504703.0,https://www.ideall.ro/magazin-memorii-usb/kingston/Memorie-USB-Kingston-USB-Flash-DriveDataTraveler-50-16GB-Speed2-USB-3-1-DT50-16GB--191715,"Memorie USB Kingston USB Flash DriveDataTraveler® 50, 16GB, Speed2 USB 3.1, DT50/16GB. Description: Kingston USB Flash Drive DT50/16GB- DataTraveler® 50, Speed2 USB 3.1 Gen 13- 30MB/s read, 5MB/s write, 16GB, Metal casing with green",DataTraveler® 50,DT50/16GB,USB_STICK,,,16.0 GB,0.03 GB/s,5.0,USB 3.0,,,,,,,,Metal casing with green,
products_1_6192736,GB,"Gigabyte Radeon RX 5600 XT Windforce OC 6G, 6144 MB GDDR6","High-End-Gaming-Grafikkarte von Gigabyte, Radeon RX 5600 XT, max. 1620 MHz GPU-Boost-Takt, 6 GB GDDR6-Soeicher, 3x DisplayPort 1.4 / 1x BDMI, Duallüftef-Kühlerdesign",320.71,4JE,506457.0,https://www.caseking.de/gigabyte-radeon-rx-5600-xt-windforce-oc-6g-6144-mb-gddr6-gcgb-323.html,"Gigabyte Radeon RX 5600 XT Windforce OC 6G, 6144 MB GDDR6. Description: High-End-Gaming-Grafikkarte von Gigabyte, Radeon RX 5600 XT, max. 1620 MHz GPU-Boost-Takt, 6 GB GDDR6-Speicher, 3x DisplayPort 1.4 / 1x HDMI, Duallüfter-Kühlerdesign",Radeon RX 5600 XT Windforce Overclocked 6G,,GPU,,,,,,,,,,,,,GDDR6,,
products_1_33335689,Westcrn Digitol,"WD Purple WD121PURZ 12TB 7200 RPM 256MB Cache SATA 6.0Gb/s 3.5\"" Internal Hard Drive",7200 RPM 256MB CacheSATA 6.0Gb/sFor Video Surveillance,309.99,7EE,506830.0,https://www.dealsaday.com/wd-purple-wd121purz-12tb-7200-rpm-256mb-cache-sata-6-0gb-s-3-5-internal-hard-drive.html,"WD Purple WD121PURZ 12TB 7200 RPM 256MB Cache SATA 6.0Gb/s 3.5\"" Internal Hard Drive. Description: 7200 RPM 256MB CacheSATA 6.0Gb/sFor Video Surveillance",WD Purple,WD121PURZ,HDD,,,11175.87,,,SATA,SATA III,,,,,"3.5""",,,
products_1_55631773,Palit,Palit NVIDIA GeForce RTX 3090 24GB GamingPro Ampere Graphics Card,"Palit NVIDIA GeForce RTX 3090 GamingPro 24GB GDDR6X Ray-Tracing Graphics Card, 10496 Core, 1395MHz GPU, 1695MHz Boost",99999.99,GBP,5094700.0,https://www.scan.co.uk/products/palit-nvidia-geforce-rtx-3090-gamingpro-24gb-gddr6x-ray-tracing-graphics-card-10496-core-1395mhz-gpu,"Palit NVIDIA GeForce RTX 3090 24GB GamingPro Ampere Graphics Card. Description: Palit NVIDIA GeForce RTX 3090 GamingPro 24GB GDDR6X Ray-Tracing Graphics Card, 10496 Core, 1395MHz GPU, 1695MHz Boost",GeForce RTX 3090 24GB GamingPro,,GPU,,,,,,,,,,,,,,,
products_1_41160430,K ingston,Kingston A400 M.2 2280 120GB SSD,Kingston A400 internal SSD in M.2 2280 form factor with 120GB capacity offers impressive read and write speeds and is intended for notebooks and other mobile devices,25.02,YN0,510100.0,https://www.picstop.co.uk/ssd-drives/kingston-a400-ssd-internal-solid-state-drive-m2-2280-120gb.html,Kingston A400 SSD Internal Solid State Drive M.2 2280 120GB. Description: The Kingston A400 SSD Internal Solid State Drive M.2 2280 120GB has incredible read/write speeds and is designed for use in notebooks and other mobile devices,A400,,SSD,,,120.0 GB,,,,,,,,,N.3,,,M.2 2280
products_1_26377693,Samsung,"SAMSUNG 970 EVO PLUS M.2 2280 2TB PCIe Gen 3.0 x4, NVMe 1.3 V-NAND 3-bit MLC Internal Solid State Drive (SSD) MZ-V7S2T0B/AM","SAMSUNG 970 EVO PLUS M.2 2280 2TB PCIe Gen 3.0 x4, NVMe 1.3 V-NAND 3-bit MLC Internal Solid State Drive (SSD) MZ-V7S2T0B/AM",349.99,USD,510102.0,https://www.newegg.com/samsung-970-evo-plus-2tb/p/N82E16820147744?nm_mc=AFC-RAN-COM&cm_mmc=AFC-RAN-COM&utm_medium=affiliates&utm_source=afc-Logical+Increments&AFFID=2983102&AFFNAME=Logical+Increments&ACRID=1&ASUBID=&ASID=https%3A%2F%2Fwww.logicalincrements.com%2Farticles%2Fstreaming&ranMID=44583&ranEAID=2983102&ranSiteID=tCdAnHNE6xQ-UcWZslfXj1xHDXRwpHw6Bw,"SAMSUNG 970 EVO PLUS M.2 2280 2TB PCIe Gen 3.0 x4, NVMe 1.3 V-NAND 3-bit MLC Internal Solid State Drive (SSD) MZ-V7S2T0B/AM. Description: SAMSUNG 970 EVO PLUS M.2 2280 2TB PCIe Gen 3.0 x4, NVMe 1.3 V-NAND 3-bit MLC Internal Solid State Drive (SSD) MZ-V7S2T0B/AM",970 EVO PLUS,MZ-V7S2T0B/AM,SSD,,,2000.0,,,PCI Express x4,,,,,,,,,
products_1_6036231,Western Digital,"WD Red / Red Plus NAS 2TB HDD, WD20EFRX","WD 2TB Red / Red Plus NAS 3.5 Hard Drive, SATA III, 5400RPM, 64MB Cache, For 1 to 8 Bay NAS, CMR",119.0,AUD,510345.0,https://computers.scorptec.com.au/computer/Wd20efrx,"WD Red / Red Plus NAS 2TB HDD, WD20EFRX. Description: WD 2TB Red / Red Plus NAS 3.5 Hard Drive, SATA III, 5400RPM, 64MB Cache, For 1 to 8 Bay NAS, CMR",Red / Red Plus NAS,WD29EFEC,HDD,,,,,,,SATA III,,,,,3.5-inch SATA,,,
products_1_70026799,Kingston,Kingston 32GB DataTraveler 80 DT80/32GB USB 3.2 Type-C Flash Drive,DT80/32GB MBC 32GB USB 3.2 Type-C Flash Drive r200MBs Kingston DataTraveler 80 Black/Silver Rectangular Retail,15.1,uSD,512363.0,https://www.oempcworld.com/OEMPCworld-com/500789.html,"Memorie USB Kingston DataTraveler 80, 32GB, USB-C 3.2 Gen 1 - DT80/32GB. Description: Memorie USB Kingston DataTraveler 80, 32GB, USB-C 3.2 Gen 1 - DT80/32GB",DataT raveler 80,DT80/32GB,USB_STICK,,,32.0,200.0 MB/s,,USB 3.0,USB Type-C,,,,,USB Type-C,,Bl ack/Silver,
products_1_1993958,Lacie,500GB LACIE PORTABLE SSD USB-C,Portable 1TB LaCie SSD with USB-C connectivity,249.99,EUR,513900.0,https://www.itstore.it/it/in-evidenza/lacie/lacie-portable-ssd/1tb-lacie-portable-ssd-usb-c-3685.html,500GB LACIE 1TB SSD USB-C. Description: PORTABLE LACIE PORTABLE SSD USB-C,PORTABLE SSD,,SSD,,,465.66 GiB,,,,,,,,,,,,
products_1_1540817,Toshiba,Toshiba 2TB Canvio 2.5 Inch USB 3.0 External Mobile HDD,Features:Blazing fast USB 3.0 transfer speedsInternal shock sensor to help protect your preciousdata!Specifications:Model: Canvio Basics portable hard drive(HDTB320AK3CA)Capacity (approx.): 2TBColour: BlackBlazing fast USB 3.0 transfer speedsBackwards compatible with USB 2.0Internal shock sensor and ramp loadingtechnology protects your drive and dataDimensions (approx.): 78.75 x 119.4 x 16.5mm (Wx D x H)Weight (approx.): 178.6g3 Year Manufacturer WarrantyPackage Contents:USB 3.0 cable (works with USB 2.0)Quick install guide Product Content1 x Toshiba 2TB Canvio 2.5 Inch USB 3.0 External Mobile HDD,221.81,AUD,515007.0,https://crazybargain.com.au/product/toshiba-2tb-canvio-2-5-inch-usb-3-0-external-mobile-hdd,Toshiba 2TB Canvio 2.5 Inch USB 3.0 External Mobile HDD. Description: Features:Blazing fast USB 3.0 transfer speedsInternal shock sensor to help protect your preciousdata!Specifications:Model: Basics portable hard drive(HDTB320AK3CA)Capacity (approx.): 2TBColour: BlackBlazing fast USB 3.0 transfer speedsBackwards compatible with USB 2.0Internal shock sensor and ramp loadingtechnology protects your drive and dataDimensions (approx.): 78.75 x 119.4 x 16.5mm (Wx D x H)Weight (approx.): 178.6g3 Year Manufacturer WarrantyPackage Contents:USB 3.0 cable (works with USB 2.0)Quick install guide Product Content1 x Toshiba 2TB Canvio 2.5 Inch USB 3.0 External Mobile HDD,,,HDD,,,,,,USB 3.0,,,,,,,,Black,
products_1_13044456,,ADATA SSD 512GB XPG SX6000 Lite PCIe Gen3x4 M.2 2280 QLC (R:1800/W:1200 MB/s),"XPG SX6000 Lite PCIe Gen3x4 M.2 2280 Solid State Drive Looking to replace your SATA SSD? If so, look no further than the SX6000 Lite PCIe Gen3x4 M.2 2280 SSD. Supporting NVMe 1.3, equipped with 3D NAND Flash, and coming with up to 1TB capacity, the SX6000 Lite is a great upgrade choice.FeaturesUltra-fast PCIe Gen3x4 interface: R/W speed up to 1800/1200MB/s NVMe 1.3 support 3D NAND Flash for higher capacity and durability Advanced LDPC ECC Technology HMB (Host Memory Buffer) and SLC Caching Compact M.2 2280 form factor – ideal for high-end desktops, notebooks and UltrabooksTECHNICAL SPECIFICATIONSCapacity 512GBForm Factor M.2 2280NAND Flash 3D TLCDimensions (L x W x H) 22 x 80 x 3.5mmWeight 8gInterface PCIe Gen3x4Consumption 0.33W Active (Typical)Controller Realtek 0.14W Idle (Typical) (*measured by power meter)Operating Temperature 0°C~70°CStorage Temperature -40°C~85°CShock Resistance 1500G/0.5msMTBF 2,000,000 hoursCertifications RoHS, CE, FCC, BSMI, VCCI, KCWarranty 5 years.",84.0,EUR,515613.0,https://shop-it.vektra.sk/adata-ssd-512gb-xpg-sx6000-lite-pcie-gen3x4-m-2-2280-qlc-r-1800-w-1200-mb-s,"ADATA SSD 512GB XPG SX6000 Lite PCIe Gen3x4 M.2 2280 QLC (R:1800/W:1200 MB/s). Description: XPG SX6000 Lite PCIe Gen3x4 M.2 2280 Solid State Drive Looking to replace your SATA SSD? If so, look no further than the SX6000 Lite PCIe Gen3x4 M.2 2280 SSD. Supporting NVMe 1.3, equipped with 3D NAND Flash, and coming with up to 1TB capacity, the SX6000 Lite is a great upgrade choice.FeaturesUltra-fast PCIe Gen3x4 interface: R/W speed up to 1800/1200MB/s NVMe 1.3 support 3D NAND Flash for higher capacity and durability Advanced LDPC ECC Technology HMB (Host Memory Buffer) and SLC Caching Compact M.2 2280 form factor – ideal for high-end desktops, notebooks and UltrabooksTECHNICAL SPECIFICATIONSCapacity 512GBForm Factor M.2 2280NAND Flash 3D TLCDimensions (L x W x H) 22 x 80 x 3.5mmWeight 8gInterface PCIe Gen3x4Consumption 0.33W Active (Typical)Controller Realtek 0.14W Idle (Typical) (*measured by power meter)Operating Temperature 0°C~70°CStorage Temperature -40°C~85°CShock Resistance 1500G/0.5msMTBF 2,000,000 hoursCertifications RoHS, CE, FCC, BSMI, VCCI, KCWarranty 5 years.",XPG SX6000 Lite,,SSD,,,512.0,,,PCI Express x4,NVMe,,uo.p,3. 5,,,,,M.2 2280
products_1_24392640,Western DigiTal,WD My Passport Go WDBMCG5000AYT - solid state drive - 500 GB - USB 3.0,"Tough SSD. Built to travel.My Passport Go is the tough SSD drive built to travel. With a rubber protective bumper on the outside, a solidstate drive on the inside, and a built-in cable for convenience; this is no ordinary drive. My Passport Go is theperfect drive to take anywhere with confidence.Tough and DurableThe My Go portable drive has a shock-absorbing rubber bumper and no moving parts, making it drop-resistant upto 2 meters and helping to keep your content safe from bumps and shakes.Compact and IntegratedIts pocket-sized form factor and built-in cable make the My Passport Go drive incredibly convenient to bring with youanywhere without leaving important components behind.",122.1,USD,5184814.0,https://m.cdwg.com/product/wd-my-passport-go-wdbmcg5000ayt-solid-state-drive-500-gb-usb-3.0/5883336,"WD My Passport Go WDBMCG5000AYT - solid state drive - 500 Gigabyte - USB 3.0. Description: Tough SSD. Built to travel.My Passport Go is the tough SSD drive built to travel. With a rubber protective bumper on the outside, a solidstate drive on the inside, and a built-in cable for convenience; this is no ordinary drive. My Passport Go is theperfect drive to take anywhere with confidence.Tough and DurableThe My Passport Go portable drive has a shock-absorbing rubber bumper and no moving parts, making it drop-resistant upto 2 meters and helping to keep your content safe from bumps and shakes.Compact and IntegratedIts pocket-sized form factor and built-in cable make the My Passport Go drive incredibly convenient to bring with youanywhere without leaving important components behind.",My Passport Go,WDBMCG5000AYT,SSD,,,,,,USB 3.0,,,,,,,,,
products_1_93483706,Western Digital,Western Digital WD BLACK SN750 NVMe M.2 2280 2TB PCI-Express 3.0 x4 64-layer 3D NAND Internal Solid State Drive (SSD) WDS200T3XHC W/ Heatsink,Western Digital WD BLACK SN750 NVMe M.2 2280 2TB PCI-Express 3.0 x4 64-laycr 3D NAND Internal Solid Stote Drive (SSD) WDS200T3XHC W/ Heatsink,0.32,USD,518593.0,https://www.newegg.com/western-digital-black-sn750-nvme-2tb/p/N82E16820250114,Western Digital WD BLACK SN750 NVMe M.2 2280 2TB PCI-Express 3.0 x4 64-layer 3D NAND Internal Solid State Drive (SSD) WDS200T3XHC W/ Heatsink. Description: Western Digital WD BLACK SN750 NVMe M.2 2280 2TB PCI-Express 3.0 x4 64-layer 3D NAND Internal Solid State Drive (SSD) WDS200T3XHC W/ Heatsink,WD BLACK SN750,,SSD,,,2000.0,,,PCI Express x4,NVMe,,,,,M.2,,,M.2 2280
products_1_1962458,Western Digital,WD My Passport USB 3.0 Drive Hard Portable Yellow 1TB,"The 1TB WD My Passport USB 3.0 Portable Hard Drive in Yellow features auto back-up, password protection and Western Digital also include a 3 year warranty",64.27,GBP,5222335.0,https://www.picstop.co.uk/external-hard-drives/wd-my-passport-usb-30-portable-hard-drive-yellow-1tb.html,"WD My Passport USB 3.0 Portable Hard Drive Yellow 1TB. Description: The 1TB WD My Passport USB 3.0 Portable Hard Drive in Yellow features auto back-up, password protection and Western Digital also include a 3 year warranty",My Passport,,HDD,,,931.32 GiB,,,USB 3.0,,,,,,,,Yellow,
products_1_21663730,Hewlett Packard Enterprise,"HP 300 GB 2.5\"" Internal Hard Drive - SAS - 15000","HP's 300 Gigabyte 2.5\"" HDD SFF SAS 12Gb/s is especially recommended for HP G8 G9 proliant SAS servers and select storage arrays. The device supports constant business growth and expansion.",374.5,USD,525101.0,https://www.senetic.sg/product-759208-b21,"HPE 300GB 12G SAS 15K rpm SFF (2.5-inch) SC Enterprise 3yr Warranty Hard Drive. Description: HP's 300 GB 2.5\"" HDD SFF SAS 12Gb/s is especially recommended for HP G8 G9 proliant SAS servers and select storage arrays. 6he device supports c0nstant busin3ss growth and expansion.",,,HDD,,,300.0,,,SAS,SAS,,,,,"2.5"" SFF",,,2.5-inch
products_1_35425148,HP,"HP 600GB 12G SAS 15K rpm LFF 3.5\"" CC Enterprise HDD","HP 600GB 12G SAS 15K rpm LFF 3.5\""CC Enterprise Hard Drive -3yr Warranty (737396-B21)OverviewDo your servers need high-performance SAS disk drives for both your mission-critical and storage driven applications? HPE Server SAS Hard Drives for enterprise and midline applications deliver high-performance solutions for hosting high transaction based applications. They are available in HPE Smart Carrier, HPE Standard Hot Plug Carrier and HPE Non-hot Plug Carrier.HPE Server SAS Hard Drives are available in 2.5-inch Small Form Factor (SFF) and 3.5-inch Large Form Factor (LFF) and come in a variety of capacity points to meet a wide range of requirements supporting enterprise and midline applications. The SAS interface was specifically engineered to deliver high availability where enterprise-class data storage, performance, reliability and data integrity are crucial.FeaturesPerformance and Reliability for Multiple Application Environments.HPE Server SAS Hard Drives deliver high reliability for mission-critical applications.Robust SAS interface (dual port, full duplex) for increased performance.They are ideal for transaction processing, database applications, analytics, high-performance computing and business applications.The 512e Advance Format Drive is ideal for 4KiB aligned operating systems and applications. They also support legacy 512K native applications.SpecificationsStorage Capacity600 GBRotational Speed15,000 rpmDrive InterfaceSASDrive Interface Standard12Gb/s SASHD TypeHot PlugConnectivitySingle-PortForm FactorLFF 3.5\""WarrantySAS Enterprise hard drives have a 3-year limited warranty regardlessof the warranty period for the system in which they are installed. SASMidline hard drives have a 1-year limited warranty regardless of the warrantyperiod for the system in which they are installed.&amp;amp;amp;amp;amp;amp;amp;amp;amp;amp;amp;amp;amp;amp;amp;lt;!-- /* Font Definitions */ font-face{font-family:\""Cambria Math\"";panose-1:2 4 5 3 5 4 6 3 2 4;mso-font-charset:1;mso-generic-font-family:roman;mso-font-format:other;mso-font-pitch:variable;mso-font-signature:0 0 0 0 0 0;}font-face{font-family:Calibri;panose-1:2 15 5 2 2 2 4 3 2 4;mso-font-charset:0;mso-generic-font-family:swiss;mso-font-pitch:variable;mso-font-signature:-536870145 1073786111 1 0 415 0;} /* Style Definitions */ p.MsoNormal, li.MsoNormal, div.MsoNormal{mso-style-unhide:no;mso-style-qformat:yes;mso-style-parent:\""\"";margin-top:0cm;margin-right:0cm;margin-bottom:8.0pt;margin-left:0cm;line-height:107%;mso-pagination:widow-orphan;font-size:11.0pt;font-family:\""Calibri\"",sans-serif;mso-ascii-font-family:Calibri;mso-ascii-theme-font:minor-latin;mso-fareast-font-family:Calibri;mso-fareast-theme-font:minor-latin;mso-hansi-font-family:Calibri;mso-hansi-theme-font:minor-latin;mso-bidi-font-family:\""Times New Roman\"";mso-bidi-theme-font:minor-bidi;mso-fareast-language:EN-US;}.MsoChpDefault{mso-style-type:export-only;mso-default-props:yes;font-family:\""Calibri\"",sans-serif;mso-ascii-font-family:Calibri;mso-ascii-theme-font:minor-latin;mso-fareast-font-family:Calibri;mso-fareast-theme-font:minor-latin;mso-hansi-font-family:Calibri;mso-hansi-theme-font:minor-latin;mso-bidi-font-family:\""Times New Roman\"";mso-bidi-theme-font:minor-bidi;mso-fareast-language:EN-US;}.MsoPapDefault{mso-style-type:export-only;margin-bottom:8.0pt;line-height:107%;}page WordSection1{size:595.3pt 841.9pt;margin:72.0pt 72.0pt 72.0pt 72.0pt;mso-header-margin:35.4pt;mso-footer-margin:35.4pt;mso-paper-source:0;}div.WordSection1{page:WordSection1;}--&amp;amp;amp;amp;amp;amp;amp;amp;amp;amp;amp;amp;amp;amp;amp;gt; /* Style Definitions */ table.MsoNormalTable{mso-style-name:\""Table Normal\"";mso-tstyle-rowband-size:0;mso-tstyle-colband-size:0;mso-style-noshow:yes;mso-style-priority:99;mso-style-parent:\""\"";mso-padding-alt:0cm 5.4pt 0cm 5.4pt;mso-para-margin-top:0cm;mso-para-margin-right:0cm;mso-para-margin-bottom:8.0pt;mso-para-margin-left:0cm;line-height:107%;mso-pagination:widow-orphan;font-size:11.0pt;font-family:\""Calibri\"",sans-serif;mso-ascii-font-family:Calibri;mso-ascii-theme-font:minor-latin;mso-hansi-font-family:Calibri;mso-hansi-theme-font:minor-latin;mso-fareast-language:EN-US;}table.MsoTableGrid{mso-style-name:\""Table Grid\"";mso-tstyle-rowband-size:0;mso-tstyle-colband-size:0;mso-style-priority:39;mso-style-unhide:no;border:solid windowtext 1.0pt;mso-border-alt:solid windowtext .5pt;mso-padding-alt:0cm 5.4pt 0cm 5.4pt;mso-border-insideh:.5pt solid windowtext;mso-border-insidev:.5pt solid windowtext;mso-para-margin:0cm;mso-para-margin-bottom:.0001pt;mso-pagination:widow-orphan;font-size:11.0pt;font-family:\""Calibri\"",sans-serif;mso-ascii-font-family:Calibri;mso-ascii-theme-font:minor-latin;mso-hansi-font-family:Calibri;mso-hansi-theme-font:minor-latin;mso-fareast-language:EN-US;}&amp;amp;amp;amp;amp;amp;amp;amp;amp;amp;amp;amp;amp;amp;lt;!-- /* Font Definitions */ font-face{font-family:\""Cambria Math\"";panose-1:2 4 5 3 5 4 6 3 2 4;mso-font-charset:1;mso-generic-font-family:roman;mso-font-format:other;mso-font-pitch:variable;mso-font-signature:0 0 0 0 0 0;}font-face{font-family:Calibri;panose-1:2 15 5 2 2 2 4 3 2 4;mso-font-charset:0;mso-generic-font-family:swiss;mso-font-pitch:variable;mso-font-signature:-536870145 1073786111 1 0 415 0;} /* Style Definitions */ p.MsoNormal, li.MsoNormal, div.MsoNormal{mso-style-unhide:no;mso-style-qformat:yes;mso-style-parent:\""\"";margin-top:0cm;margin-right:0cm;margin-bottom:8.0pt;margin-left:0cm;line-height:107%;mso-pagination:widow-orphan;font-size:11.0pt;font-family:\""Calibri\"",sans-serif;mso-ascii-font-family:Calibri;mso-ascii-theme-font:minor-latin;mso-fareast-font-family:Calibri;mso-fareast-theme-font:minor-latin;mso-hansi-font-family:Calibri;mso-hansi-theme-font:minor-latin;mso-bidi-font-family:\""Times New Roman\"";mso-bidi-theme-font:minor-bidi;mso-fareast-language:EN-US;}.MsoChpDefault{mso-style-type:export-only;mso-default-props:yes;font-family:\""Calibri\"",sans-serif;mso-ascii-font-family:Calibri;mso-ascii-theme-font:minor-latin;mso-fareast-font-family:Calibri;mso-fareast-theme-font:minor-latin;mso-hansi-font-family:Calibri;mso-hansi-theme-font:minor-latin;mso-bidi-font-family:\""Times New Roman\"";mso-bidi-theme-font:minor-bidi;mso-fareast-language:EN-US;}.MsoPapDefault{mso-style-type:export-only;margin-bottom:8.0pt;line-height:107%;}page WordSection1{size:595.3pt 841.9pt;margin:72.0pt 72.0pt 72.0pt 72.0pt;mso-header-margin:35.4pt;mso-footer-margin:35.4pt;mso-paper-source:0;}div.WordSection1{page:WordSection1;}--&amp;amp;amp;amp;amp;amp;amp;amp;amp;amp;amp;amp;amp;amp;gt; /* Style Definitions */ table.MsoNormalTable{mso-style-name:\""Table Normal\"";mso-tstyle-rowband-size:0;mso-tstyle-colband-size:0;mso-style-noshow:yes;mso-style-priority:99;mso-style-parent:\""\"";mso-padding-alt:0cm 5.4pt 0cm 5.4pt;mso-para-margin-top:0cm;mso-para-margin-right:0cm;mso-para-margin-bottom:8.0pt;mso-para-margin-left:0cm;line-height:107%;mso-pagination:widow-orphan;font-size:11.0pt;font-family:\""Calibri\"",sans-serif;mso-ascii-font-family:Calibri;mso-ascii-theme-font:minor-latin;mso-hansi-font-family:Calibri;mso-hansi-theme-font:minor-latin;mso-fareast-language:EN-US;}table.MsoTableGrid{mso-style-name:\""Table Grid\"";mso-tstyle-rowband-size:0;mso-tstyle-colband-size:0;mso-style-priority:39;mso-style-unhide:no;border:solid windowtext 1.0pt;mso-border-alt:solid windowtext .5pt;mso-padding-alt:0cm 5.4pt 0cm 5.4pt;mso-border-insideh:.5pt solid windowtext;mso-border-insidev:.5pt solid windowtext;mso-para-margin:0cm;mso-para-margin-bottom:.0001pt;mso-pagination:widow-orphan;font-size:11.0pt;font-family:\""Calibri\"",sans-serif;mso-ascii-font-family:Calibri;mso-ascii-theme-font:minor-latin;mso-hansi-font-family:Calibri;mso-hansi-theme-font:minor-latin;mso-fareast-language:EN-US;}",,,52633198.0,https://www.techbuy.com.au/p/393501/HDD_SCSI_-_SERIAL_ATTACHED_SAS_-_3.5/HP/737396-B21.asp,"HP 600GB 12G SAS 15K rpm LFF 3.5\"" CC Enterprise HDD. Description: HP 600GB 12G SAS 15K rpm LFF 3.5\""CC Enterprise Hard Drive -3yr Warranty (737396-B21)OverviewDo your servers need high-performance SAS disk drives for both your mission-critical and storage driven applications? HPE Server SAS Hard Drives for enterprise and midline applications deliver high-performance solutions for hosting high transaction based applications. They are available in HPE Smart Carrier, HPE Standard Hot Plug Carrier and HPE Non-hot Plug Carrier.HPE Server SAS Hard Drives are available in 2.5-inch Small Form Factor (SFF) and 3.5-inch Large Form Factor (LFF) and come in a variety of capacity points to meet a wide range of requirements supporting enterprise and midline applications. The SAS interface was specifically engineered to deliver high availability where enterprise-class data storage, performance, reliability and data integrity are crucial.FeaturesPerformance and Reliability for Multiple Application Environments.HPE Server SAS Hard Drives deliver high reliability for mission-critical applications.Robust SAS interface (dual port, full duplex) for increased performance.They are ideal for transaction processing, database applications, analytics, high-performance computing and business applications.The 512e Advance Format Drive is ideal for 4KiB aligned operating systems and applications. They also support legacy 512K native applications.SpecificationsStorage Capacity600 GBRotational Speed15,000 rpmDrive InterfaceSASDrive Interface Standard12Gb/s SASHD TypeHot PlugConnectivitySingle-PortForm FactorLFF 3.5\""WarrantySAS Enterprise hard drives have a 3-year limited warranty regardlessof the warranty period for the system in which they are installed. SASMidline hard drives have a 1-year limited warranty regardless of the warrantyperiod for the system in which they are installed.&amp;amp;amp;amp;amp;amp;amp;amp;amp;amp;amp;amp;amp;amp;amp;lt;!-- /* Font Definitions */ @font-face{font-family:\""Cambria Math\"";panose-1:2 4 5 3 5 4 6 3 2 4;mso-font-charset:1;mso-generic-font-family:roman;mso-font-format:other;mso-font-pitch:variable;mso-font-signature:0 0 0 0 0 0;}@font-face{font-family:Calibri;panose-1:2 15 5 2 2 2 4 3 2 4;mso-font-charset:0;mso-generic-font-family:swiss;mso-font-pitch:variable;mso-font-signature:-536870145 1073786111 1 0 415 0;} /* Style Definitions */ p.MsoNormal, li.MsoNormal, div.MsoNormal{mso-style-unhide:no;mso-style-qformat:yes;mso-style-parent:\""\"";margin-top:0cm;margin-right:0cm;margin-bottom:8.0pt;margin-left:0cm;line-height:107%;mso-pagination:widow-orphan;font-size:11.0pt;font-family:\""Calibri\"",sans-serif;mso-ascii-font-family:Calibri;mso-ascii-theme-font:minor-latin;mso-fareast-font-family:Calibri;mso-fareast-theme-font:minor-latin;mso-hansi-font-family:Calibri;mso-hansi-theme-font:minor-latin;mso-bidi-font-family:\""Times New Roman\"";mso-bidi-theme-font:minor-bidi;mso-fareast-language:EN-US;}.MsoChpDefault{mso-style-type:export-only;mso-default-props:yes;font-family:\""Calibri\"",sans-serif;mso-ascii-font-family:Calibri;mso-ascii-theme-font:minor-latin;mso-fareast-font-family:Calibri;mso-fareast-theme-font:minor-latin;mso-hansi-font-family:Calibri;mso-hansi-theme-font:minor-latin;mso-bidi-font-family:\""Times New Roman\"";mso-bidi-theme-font:minor-bidi;mso-fareast-language:EN-US;}.MsoPapDefault{mso-style-type:export-only;margin-bottom:8.0pt;line-height:107%;}@page WordSection1{size:595.3pt 841.9pt;margin:72.0pt 72.0pt 72.0pt 72.0pt;mso-header-margin:35.4pt;mso-footer-margin:35.4pt;mso-paper-source:0;}div.WordSection1{page:WordSection1;}--&amp;amp;amp;amp;amp;amp;amp;amp;amp;amp;amp;amp;amp;amp;amp;gt; /* Style Definitions */ table.MsoNormalTable{mso-style-name:\""Table Normal\"";mso-tstyle-rowband-size:0;mso-tstyle-colband-size:0;mso-style-noshow:yes;mso-style-priority:99;mso-style-parent:\""\"";mso-padding-alt:0cm 5.4pt 0cm 5.4pt;mso-para-margin-top:0cm;mso-para-margin-right:0cm;mso-para-margin-bottom:8.0pt;mso-para-margin-left:0cm;line-height:107%;mso-pagination:widow-orphan;font-size:11.0pt;font-family:\""Calibri\"",sans-serif;mso-ascii-font-family:Calibri;mso-ascii-theme-font:minor-latin;mso-hansi-font-family:Calibri;mso-hansi-theme-font:minor-latin;mso-fareast-language:EN-US;}table.MsoTableGrid{mso-style-name:\""Table Grid\"";mso-tstyle-rowband-size:0;mso-tstyle-colband-size:0;mso-style-priority:39;mso-style-unhide:no;border:solid windowtext 1.0pt;mso-border-alt:solid windowtext .5pt;mso-padding-alt:0cm 5.4pt 0cm 5.4pt;mso-border-insideh:.5pt solid windowtext;mso-border-insidev:.5pt solid windowtext;mso-para-margin:0cm;mso-para-margin-bottom:.0001pt;mso-pagination:widow-orphan;font-size:11.0pt;font-family:\""Calibri\"",sans-serif;mso-ascii-font-family:Calibri;mso-ascii-theme-font:minor-latin;mso-hansi-font-family:Calibri;mso-hansi-theme-font:minor-latin;mso-fareast-language:EN-US;}&amp;amp;amp;amp;amp;amp;amp;amp;amp;amp;amp;amp;amp;amp;lt;!-- /* Font Definitions */ @font-face{font-family:\""Cambria Math\"";panose-1:2 4 5 3 5 4 6 3 2 4;mso-font-charset:1;mso-generic-font-family:roman;mso-font-format:other;mso-font-pitch:variable;mso-font-signature:0 0 0 0 0 0;}@font-face{font-family:Calibri;panose-1:2 15 5 2 2 2 4 3 2 4;mso-font-charset:0;mso-generic-font-family:swiss;mso-font-pitch:variable;mso-font-signature:-536870145 1073786111 1 0 415 0;} /* Style Definitions */ p.MsoNormal, li.MsoNormal, div.MsoNormal{mso-style-unhide:no;mso-style-qformat:yes;mso-style-parent:\""\"";margin-top:0cm;margin-right:0cm;margin-bottom:8.0pt;margin-left:0cm;line-height:107%;mso-pagination:widow-orphan;font-size:11.0pt;font-family:\""Calibri\"",sans-serif;mso-ascii-font-family:Calibri;mso-ascii-theme-font:minor-latin;mso-fareast-font-family:Calibri;mso-fareast-theme-font:minor-latin;mso-hansi-font-family:Calibri;mso-hansi-theme-font:minor-latin;mso-bidi-font-family:\""Times New Roman\"";mso-bidi-theme-font:minor-bidi;mso-fareast-language:EN-US;}.MsoChpDefault{mso-style-type:export-only;mso-default-props:yes;font-family:\""Calibri\"",sans-serif;mso-ascii-font-family:Calibri;mso-ascii-theme-font:minor-latin;mso-fareast-font-family:Calibri;mso-fareast-theme-font:minor-latin;mso-hansi-font-family:Calibri;mso-hansi-theme-font:minor-latin;mso-bidi-font-family:\""Times New Roman\"";mso-bidi-theme-font:minor-bidi;mso-fareast-language:EN-US;}.MsoPapDefault{mso-style-type:export-only;margin-bottom:8.0pt;line-height:107%;}@page WordSection1{size:595.3pt 841.9pt;margin:72.0pt 72.0pt 72.0pt 72.0pt;mso-header-margin:35.4pt;mso-footer-margin:35.4pt;mso-paper-source:0;}div.WordSection1{page:WordSection1;}--&amp;amp;amp;amp;amp;amp;amp;amp;amp;amp;amp;amp;amp;amp;gt; /* Style Definitions */ table.MsoNormalTable{mso-style-name:\""Table Normal\"";mso-tstyle-rowband-size:0;mso-tstyle-colband-size:0;mso-style-noshow:yes;mso-style-priority:99;mso-style-parent:\""\"";mso-padding-alt:0cm 5.4pt 0cm 5.4pt;mso-para-margin-top:0cm;mso-para-margin-right:0cm;mso-para-margin-bottom:8.0pt;mso-para-margin-left:0cm;line-height:107%;mso-pagination:widow-orphan;font-size:11.0pt;font-family:\""Calibri\"",sans-serif;mso-ascii-font-family:Calibri;mso-ascii-theme-font:minor-latin;mso-hansi-font-family:Calibri;mso-hansi-theme-font:minor-latin;mso-fareast-language:EN-US;}table.MsoTableGrid{mso-style-name:\""Table Grid\"";mso-tstyle-rowband-size:0;mso-tstyle-colband-size:0;mso-style-priority:39;mso-style-unhide:no;border:solid windowtext 1.0pt;mso-border-alt:solid windowtext .5pt;mso-padding-alt:0cm 5.4pt 0cm 5.4pt;mso-border-insideh:.5pt solid windowtext;mso-border-insidev:.5pt solid windowtext;mso-para-margin:0cm;mso-para-margin-bottom:.0001pt;mso-pagination:widow-orphan;font-size:11.0pt;font-family:\""Calibri\"",sans-serif;mso-ascii-font-family:Calibri;mso-ascii-theme-font:minor-latin;mso-hansi-font-family:Calibri;mso-hansi-theme-font:minor-latin;mso-fareast-language:EN-US;}","600GB 12G SAS enterprise hard drive, 15K rpm, LFF 3.5-inch, CC model",,HDD,,,558.79,,,SAS,SAs,,,,,"LFF 3.5""",,,
products_1_24614355,MSI,MSI 912-V371-026 tarjeta gráfica GeForce RTX 2080 Ti 11 GB GDDR6,"MSI GeForce RTX 2080 Ti GAMING X TRIO, GeForce RTX 2080 Ti, 11 GB, GDDR6, 352 bit, 7680 x 4320 pixels, PCI Express x16 3.0","1,364.38",EUR,527102.0,https://powertechbcn.com/es/tarjetas-graficas/666-msi-912-v371-026-tarjeta-grafica-geforce-rtx-2080-ti-11-gb-gddr6-4719072596965.html,"MSI GeForce RTX 2080 Ti GAMING X TRIO. Description: MSI GeForce RTX 2080 Ti GAMING X TRIO, GeForce RTX 2080 Ti, 11 GB, GDDR6, 352 bit, 7680 x 4320 pixels, PCI Express x16 3.0",,912-V371-,GPU,GeForce RTX 2080 Ti,11.0,,,,PCI Express x16,,,,,,,TXSR6,,
products_1_32225458,Western Digital,WD HDD 1TB SATA3 64MB,WD HDD 1TB SATA3 64MB Hard diskovi,154.8,BAM,5327109.0,https://www.slot.ba/proizvod/wd-hdd-1tb-sata3-64mb,WD HDD 1TB SATA3 64MB. Description: WD HDD 1TB SATA3 64MB Hard diskovi,,,HDD,,,1000.0 GB,,,SATA,,,,,,,,,
products_1_30624986,EVGA,EVGA NVIDIA GeForce RTX 2070 SUPER 8GB BLACK GAMING Graphics Card,"EVGA GeForce RTX 2070 SUPER BLACK GAMING 8GB GDDR6 Ray-Tracing Graphics Card, 2560 Core, 1770MHz Boost",540.51,GBP,532748.0,https://www.scan.co.uk/products/evga-geforce-rtx-2070-super-black-gaming-8gb-gddr6-ray-tracing-graphics-card-2560-core-1770mhz-boost,"EVGA NVIDIA GeForce RTX 2070 SUPER 8GB BLACK GAMING Turing Graphics Card. Description: EVGA GeForce RTX 2070 SUPER BLACK GAMING 8GB GDDR6 Graphics Card, 2560 Core, 1770MHz Boost",GeForce RTX 2070 SUPER BLACK GAMING,,GPU,,,,,,,,,,,,,GDDR6,,
products_1_28515903,,Samsung Portable SSD T5 250GB Mobile External Solid State USB3.1,Modern Blue external drive as well as only 250GB storage powered byconnectivity,117.39,GBP,537062.0,https://www.cclonline.com/product/238908/MU-PA250B/EU/External-Storage/Samsung-T5-MU-PA250B-250GB-USB-3-1-Gen2-Portable-Solid-State-Drive-Blue-/BAK7464,Samsung Portable SSD T5 250GB Mobile Extemol Solid State USB3.1. Description: Modern Blue mobile external drive as well as only 250GB storage powered byconnectivity,Portable SSD T5,,SSD,,,250000 MB,,,USB 3,,,,,,,,Blue,
products_1_41214107,Gigabyte,GB nVidia GeForce GTX 1050 Ti OC Low Profile Video Card| PCByte,Buy Gigabyte nVidia GeForce GTX 1050 Ti OC Low Profile Video Card - PCbyte.com.au Online/Retail | Fast shipping & Top rated customer services,219.0,AUD,538424.0,https://www.pcbyte.com.au/store/product/gigabyte-nvidia-geforce-gtx-1050-ti-oc-low-profile-video-card-gv-n105toc-4gl-2726,Gigabyte GeForce 1050 Ti OC Low Profile. Description: Carte graphique PCI-Express Low-Profile overclockée,GeForce Low 1050 Ti OC GTX Profile,,GPU,GeForce GTX 1050 Ti,,,,,,,,,,,,,,
products_1_77578535,,Usb Stick 128gb Pen drive 64gb 32gb usb flash drive 16gb pendrive 8gb High speed u disk flash memory stick 256gb,"Shop USB sticks and flash drives in 128GB, 64GB, 32GB, 16GB, 8GB, and 256GB sizes at geeksmartbuy.com. Enjoy free shipping to 185 countries plus a 45-day money-back guarantee.",9.95,USD,54008584.0,https://geeksmartbuy.com/usb-stick-128gb-pen-drive-64gb-32gb-usb-flash-drive-16gb-pendrive-8gb-high-speed-u-disk-flash-memory-stick-256gb,Usb Stick 128gb Pen drive 64gb 32gb usb flash drive 16gb pendrive 8gb High speed u disk flash memory stick 256gb. Description: Buy Usb Stick 128gb Pen drive 64gb 32gb usb flash drive 16gb pendrive 8gb High speed u disk flash memory stick 256gb at geeksmartbuy.com! Free shipping to 185 countries. 45 days money back guarantee.,,,US8_ST1CK,,,,,,,,,,,,,,,
products_1_82710940,Lenovo,Lenovo 4XB0N10299 internal solid state drive M.2 256 GB PCI Express 3.0 NVMe,256GB M.2 PCIe NVMe TLC SSD with OPAL support,155.25,EUR,547680.0,https://repairtech.ie/product/lenovo-4xb0n10299-internal-solid-state-drive-m-2-256-gb-pci-express-3-0-nvme,Lenovo 4XB0N10299 internal solid state drive M.2 256 GB PCI Express 3.0 NVMe. Description: 256GB PCIE NVME TLC OPAL M.2 SSD,,4XB0N10299,,,,"256,000 MB",,,PCI Express x16,NVMc,,,,,,,,M.2 2280
products_1_19733045,Asus,ASUS ROG-STRIX-RTX2070-O8G-GAMING,8GB 256-Bit GDDR62 x HDMI 2.0b 2 x DisplayPort 1.42304 CUDA CoresPCI Express 3.0,714.09,EUR,550720.0,https://www.uktechstore.com/graphics-cards/2303-asus-geforce-rtx-2070-overclocked-o8g-gddr6-video-card-rog-strix-rtx2070-o8g-gaming-.html,ASUS GeForce RTX 2070 Overclocked O8G GDDR6 Video Card ( ROG-STRIX-RTX2070-O8G-GAMING ). Description: 8GB 256-Bit GDDR62 x HDMI 2.0b 2 x DisplayPort 1.42304 CUDA CoresPCI Express 3.0,GeForce RTX 2070 Overclocked O8G,ROG-STRIX-RTX2070-O8G-GAMING,GPU,GeForce RTX 2070,8.0 GB,,,,PCI Express x16,,,,,,,GDDR6,,
products_1_35022778,,Seagate 12TB HDD Exos X14 7200 RPM 512e/4Kn SATA 6Gb/s 256MB Cache 3.5-Inch Enterprise Hard Drive (ST12000NM0008),Seagate 12TB HDD Exos X14 7200 RPM 512e/4Kn SATA 6Gb/s 256MB Cache 3.5-Inch Enterprise Hard Drive (ST12000NM0008),,,560073.0,https://www.newegg.ca/seagate-exos-x14-enterprise-st12000nm0008-12tb/p/1Z4-002P-00JV2?Item=9SIAH2M9KV9036&cm_sp=SellerProfile_MKPL-_-P3_9SIAH2M9KV9036-_-08052020,Seagate 12TB HDD Exos X14 7200 RPM 512e/4Kn SATA 6Gb/s 256MB Cache 3.5-Inch Enterprise Hard Drive (ST12000NM0008). Description: Seagate 12TB HDD Exos X14 7200 RPM 512e/4Kn SATA 6Gb/s 256MB Cache 3.5-Inch Enterprise Hard Drive (ST12000NM0008),Exos X14,ST12000NM0008,HDD,,,12000.0 GB,,,,SATA III,,,,,3.5-Inch,,,
products_1_94604558,Seagate,"HDD Extern Seagate Backup Plus High Capacity 4TB, 2.5\"", USB 3.0, Silver - STHP4000401",STHP4000401|Hard Disk-uri externe|Seagate,593.0,RON,560139.0,http://shop.avansoft.ro/cumpara/hdd-extern-seagate-backup-plus-high-capacity-4tb-2-5-usb-3-0-silver-6353,"HDD Extern Seagate Backup Plus High Capacity 4TB, 2.5\"", USB 3.0, Silver - STHP4000401. Description: STHP4000401|Hard Disk-uri externe|Seagate",Backup Plus Capacity,STHP4000401,HDD,,,"3,725.29 GiB",,,USB 3.0,USB,,,,,,,Silver,2.5-inch
products_1_29807017,Zotac,ZOTAC GeForce RTX 2070 Super AMP GDDR6 256-bit Gaming Graphics Card,"Zotac’s powerful GeForce RTX 2070 Super AMP uses NVIDIA’s cutting-edge Turing architecture to deliver stunning realism and exceptional performance in the latest games. It features 2560 CUDA cores, a 256-bit bus, 14 Gbps speeds, and boost clocks up to 1800 MHz. IceStorm 2.0 improves cooling with a larger surface area, an optimized heatpipe layout, a stronger aluminum array heatsink, and extra heat dissipation. Connectivity includes 3 x DisplayPort 1.4 and HDMI 2.0b with 4K support, plus HDCP compliance and support for up to four displays at once. Graphics cards include a 2-year standard warranty, with a 3-year extended warranty available if registered on Zotac’s website within 28 days of purchase.","61,846.47",I,561288.0,https://www.tpstech.in/products/zotac-geforce-rtx-2070-super-amp-8gb-gddr6-256-bit-gaming-graphics-card,"ZOTAC GeForce RTX 2070 Super AMP 8GB GDDR6 256-bit Gaming Graphics Card. Description: The New Powerful GeForce RTX 2070 Super AMP takes advantage of the cutting-edge NVIDIA Turing architecture to immerse you in incredible realism and brilliant performance in latest games.RTX 2070 Super AMP comes with ‘2560 CUDA cores’ and operates across a 256-bit wide bus interface at speeds of 14 Gbps. It also supports Engine Boost speeds up-to 1800 MHz.IceStorm 2. 0 enhances the overall cooling utilizing more surface area, improved heatpipe layout, stronger aluminum array heatsink and additional heat dissipation .It comes with 3 x Display port 1. 4, HDMI 2. 0b with support for 4K. It is HDCP compliant and you can connect multiple displays (Up-to 4 simultaneously)2 year standard warranty on Graphic cards + 3 Year extended warranty by registering on Zotac Website within 28 days from the date of Purchase~section~ ~section~Product TypeGraphic CardBrandZotacGPUGeForce RTX 2060 SuperCUDA cores2560Video Memory8GB GDDR6Memory Bus256-bitEngine ClockBoost: 1800 MHzMemory Clock14.0 GbpsPCI Express3.0Display Outputs3 x DisplayPort 1.4 (4096 x 2160@60Hz)1 x HDMI 2.0bHDCP SupportYesMulti Display CapabilityQuad DisplayRecommended Power Supply650WPower Consumption215W DirectX12 API, Vulkan APIOpenGL4.5CoolingIceStorm 2.0 CoolingSlot SizeDual SlotSLINVLinkSupported OSWindows 10 / 7 x64, Linux 64-bitCard Length268mm x 113mm x 38mmWarranty2 Years of Standard Warranty and 3 Years of Extended Warranty when the product is registered by the customer with Zotac with-in 28 Days from the Date of Purchase. With the 'Original Invoice' the Extended Warranty can be availed.Box ContentsZOTAC GAMING GeForce RTX 2060 SUPER AMP Dual 6-pin to 8-pin cable Dual 4-pin to 6-pin cable User ManualIf you have any questions about this product, let us know. Our experts will help you with same.Call us @ +91 80 42114781 (Mon - Sat, 10AM to 6PM IST) or Email support@theperipheralstore.in",GeForce RTX 2070 Super AMP,,GPU,GeForce RTX 2060 Super,8.0 GB,,,,PCI Expres s x16,,,,,,,,,
products_1_77342944,Seagate,"Seagate Exos 1.2TB E-Class Mission Critical 2.5\"" Hard Drive (HDD)","1200GB storage capacity, SAS 12Gb/s interface, 10000RPM rotational speed, 512n/4Kn, 256MB cache, and a 5-year warranty",290.28,BVL,561669.0,https://www.novatech.co.uk/products/seagate-exos-1-2tb-e-class-mission-critical-2-5-inch-hard-drive-hdd/st1200mm0129.html,"Seagate Exos 1.2TB E-Class Mission Critical 2.5"" HDD, described as a 1200GB drive with a SAS 12Gb/s interface, 10000RPM spindle speed, 512n/4Kn support, 256MB cache, and a 5-year warranty",Exos E-Class Nisdion Vritical,,HDD,,,"1,200,000 MB",,,SAS,SAS,,,,,"2.5""",,,
products_1_17824343,,Universal 4-in-1 OTG Flash Drive,Buy Universol 4-in-1 OTG Flash Drive at gadgetzx.com! Free shipping to 1B5 countries. 45 days money back guarantee.,74.39,USD,56246489.0,https://gadgetzx.com/universal-4-in-1-otg-flash-drive,Universal 4-in-1 OTG Flash Drive. Description: Buy Universal 4-in-1 OTG Flash Drive at gadgetzx.com! Free shipping to 185 countries. 45 days money back guarantee.,Universal 4-in-1 OTG Drive Flash,,USB_STICK,,,,,,,,,,,,,,,
products_1_3516732,Samsung,Samsung T7 Red 2TB Portable SSD USB-C/A Gen2,"2TB Samsung T7 MU-PC2T0R/WW, Portable External SSD, USB 3.2 Gen2/Type-C, Bus Powered, Red",335.99,TGO,56427.0,https://www.scan.co.uk/products/2tb-samsung-t7-mu-pc2t0r-ww-portable-external-ssd-usb-32-gen2-type-c-bus-powered-red,"Samsung T7 Red 2TB Portable SSD USB-C/A Gen2. Description: 2TB Samsung T7 MU-PC2T0R/WW, Portable External SSD, USB 3.2 Gen2/Type-C, Bus Powered, Red",T7,MU-PC2T0R/WW,SSD,,,"2,000.0 GB",,,USB 3.2 Gen 2,USB Type-C,,,,,,,Red,
products_1_32651602,Asus,ASUS - GF ROG-STRIX-RTX2060S-8G-EVO GAMING 8GB GDDR6 HDMI2 DP2 USBIN CTLR,"Cuda Cores: 2176, Boost Clock: 1680MHz, GDDR6, 256-bit Memory, Memory Clock: 14Ghz, Ray Tracing, 2 x DisplayPort, 2 x HDMI, 1 x Type-C, 3 Yr Warranty",,,564620.0,https://www.novatech.co.uk/products/asus-strix-geforce-rtx-2060-super-evo-gaming-8gb-graphics-card/90yv0dq2-m0na00.html,"Asus Strix GeForce RTX 2060 Super EVO Gaming 8GB Graphics Card. Description: Cuda Cores: 2176, Boost Clock: 1680MHz, GDDR6, 256-bit Memory, Memory Clock: 14Ghz, Ray Tracing, 2 x DisplayPort, 2 x HDMI, 1 x Type-C, 3 Yr Warranty",Strix GeForce RTX 2060 Super EVO Gami,,GPU,GeForce RTX 2060 Super,8.0,,,,,,,,,,,GDDR6,,
products_1_44551871,Hewlett Packard Enterprise,881457-B21 HPE Enterprise - hard drive - 2.4 Terabyte - SAS 12Gb/s,"881457-B21 HPE Enterprise - hard drive - 2.4 Terabyte - SAS 12Gb/shot-swap2.5\"" SFFSAS 12Gb/s10000 rpmwith HPE SmartDrive carrierHewlett Packard Enterprise 881457-B21. HDD size: 2.5\"", HDD capacity: 2400 GB, HDD speed: 10000 RPMDo your servers need high-performance enterprise hard drives for both your mission-critical and I/O-intensive applications? HPE Enterprise hard drives offer the highest level of performance and reliability for your most demanding application workloads. Enterprise drives help you improve server response times, power more transactions per second, and accelerate data transfer (I/O) speeds.Do your servers need high-performance enterprise hard drives for both your mission-critical and I/O-intensive applications? HPE Server Enterprise Hard Drives offer the highest level of performance and reliability for your most demanding application workloads. Enterprise drives help you improve server response times, power more transactions per second and accelerate data transfer (I/O) speeds. HPE Server Enterprise Hard Drives are backed by over 3.35 million hours of the industrys most rigorous testing and qualification program1 ensuring customers reliable, rugged drives. Prevent unauthorized access to your data with HPE Digitally Signed Firmware. It provides the security and assurance that drive firmware comes from a trusted source and protects against malicious attacks The self-describing icons on the HPE Smart Carrier takes the guess work out of a drives status and a do not remove button prevents data loss from human error.Performance and Reliability for Any WorkloadHPE Server Enterprise Hard Drives are ideal for transaction processing, database applications, Big Data analytics and high-performance computing.Broad portfolio of customized solutions provide up to 2.4 TB of storage.Efficient drives for power and space constrained data centers.Latest 12G SAS interface for increased performance.","195,649.07",,569996.0,http://www.lasernetworks.hu/881457-b21_hpe_enterprise_-_hard_drive_-_24_tb_-_sas_12gbs_175033,"881457-B21 - HPE 2.4TB SAS 12G 10K SFF SC 512E DS HDD. Description: Product DescriptionHPE Enterprise - hard drive - 2.4 TB - SAS 12Gb/sTypeHard drive - hot-swapCapacity2.4 TBForm Factor2.5\"" SFFInterfaceSAS 12Gb/sData Transfer Rate1.2 GBpsSpindle Speed10000 rpmFeaturesAdvanced format 512e, Digitally Signed FirmwareManufacturer Warranty3 years warrantyBundled withHPE SmartDrive carrierDesigned ForProLiant DL120 Gen9, DL160 Gen9, DL180 Gen9, DL20 Gen9, DL385 Gen10, ML110 Gen10, ML110 Gen9, ML150 Gen9, ML30 Gen9, ML350 Gen10, XL450 Gen10EXTENDED SPECIFICATIONSGeneralDevice TypeHard drive - hot-swapCapacity2.4 TBForm Factor2.5\"" SFFInterfaceSAS 12Gb/sFeaturesAdvanced format 512e, Digitally Signed FirmwareBundled withHPE SmartDrive carrierPerformanceDrive Transfer Rate1.2 GBps (external)Spindle Speed10000 rpmExpansion & ConnectivityInterfaces1 x SAS 12 Gb/sCompatible Bay2.5\"" SFFManufacturer WarrantyService & SupportLimited warranty - 3 yearsCompatibility InformationDesigned ForHPE ProLiant DL120 Gen9 (2.5\""), DL120 Gen9 Entry (2.5\""), DL160 Gen9 (2.5\""), DL160 Gen9 Base (2.5\""), DL160 Gen9 Entry (2.5\""), DL160 Gen9 Performance (2.5\""), DL160 Gen9 Thoughtspot Server (2.5\""), DL180 Gen9 (2.5\""), DL180 Gen9 Base (2.5\""), DL180 Gen9 Entry (2.5\""), DL180 Gen9 Storage (2.5\""), DL20 Gen9 (2.5\""), DL20 Gen9 Base (2.5\""), DL20 Gen9 Entry (2.5\""), DL20 Gen9 Performance (2.5\""), DL20 Gen9 Solution (2.5\""), DL20 Gen9 Special Server (2.5\""), DL385 Gen10 Entry (2.5\""), DL385 Gen10 Solution (2.5\""), ML110 Gen10 Solution (2.5\""), ML110 Gen9 (2.5\""), ML110 Gen9 Base (2.5\""), ML110 Gen9 Entry (2.5\""), ML150 Gen9 (2.5\""), ML150 Gen9 Base (2.5\""), ML150 Gen9 Entry (2.5\""), ML150 Gen9 Performance (2.5\""), ML30 Gen9 (2.5\""), ML30 Gen9 Base (2.5\""), ML30 Gen9 Entry (2.5\""), ML30 Gen9 Performance (2.5\""), ML30 Gen9 Solution (2.5\""), ML350 Gen10 (2.5\""), ML350 Gen10 Base (2.5\""), ML350 Gen10 Entry (2.5\""), ML350 Gen10 Performance (2.5\""), ML350 Gen10 Solution (2.5\""), ML350 Gen10 Sub-Entry (2.5\""), XL450 Gen10 (2.5\"")",EnterpRise,881457-B21,HDD,,,"2,400.0 GB",,,SAS,SAS,,,,,,,,2.5-inch
products_1_14245806,Crucial,Crucial NVMe 500GB M.2 2280 P5 PCIe SSD,Crucial P5 NVMe PCIe SSD in M.2 2280 form factor with 500GB capacity,75.16,GBP,570306.0,https://shop.bt.com/products/crucial-p5-500gb-m-2-2280-nvme-pcie-ssd-ct500p5ssd8-FW5K.html?refs=516350000,Crucial P5 500GB M.2 2280 NVMe PCIe SSD. Description: Crucial P5 500GB M.2 2280 NVMe PCIe SSD,P5,,SSD,,,,,,PCIe,NVMe,,,,,M.2,,,
products_1_86706775,Zotac,"ZOTAC Gaming GeForce GTX 1650 Super Twin Fan 4GB GDDR6 128-Bit Gaming Graphics Card, Super Compact Graphics Card - Black | ZT-T16510F-10L",Boostable to 1725 MHz1280 CUDA CoresTuring Architecture4GB of GDDR6 VRAM,886.16,Z3E,570424.0,https://pcdubai.com/product/zotac-gaming-geforce-gtx-1650-super-twin-fan-4gb-gddr6-128-bit-gaming-graphics-card-super-compact-graphics-card-black-zt-t16510f-10l,"ZOTAC Gaming GeForce GTX 1650 Super Twin Fan 4GB GDDR6 128-Bit Gaming Graphics Card, Super Compact Graphics Card - Black | ZT-T16510F-10L. Description: Boostable to 1725 MHz1280 CUDA CoresTuring Architecture4GB of GDDR6 VRAM",Gaming GeForce GTX 1650 Super Twin Fan,ZT-T16510F-10L,,,4.0,,,,,,,,,,,,,
products_1_66270550,Crucial,"Micron 5200 ECO 960GB SATA 2.5\"" Enterprise Solid State Drive","Engineered on industry-leading 64-layer 3D NAND, the Micron 5200 SSD delivers best-inclass performance and capacity on the same proven architecture as the 5100 series. Designed for virtualized workloads that power your business, such as OLTP, BI/DSS, VDI, block/object, media streaming and more. The low latency Micron 5200 series of SSDs eliminates storage bottlenecks with fast, consistent performance and a lower total cost of ownership.",199.95,USD,57134686.0,https://mitxpc.com/products/mtfddak960tdc-1at1zabyy,"Micron 5200 ECO 960GB SATA 2.5\"" Enterprise Solid State Drive. Description: Engineered on industry-leading 64-layer 3D NAND, the Micron 5200 SSD delivers best-inclass performance and capacity on the same proven architecture as the 5100 series. Designed for virtualized workloads that power your business, such as OLTP, BI/DSS, VDI, block/object, media streaming and more. The low latency Micron 5200 series of SSDs eliminates storage bottlenecks with fast, consistent performance and a lower total cost of ownersh",5200 ECO,,SSD,,,960.0 GB,,,SATA,SATA II,,,,,2.5-inch SATA,,,
products_1_43711023,Gigabyte,Gigabyte Video Card GV-N3090GAMING OC-24GD GeForce RTX 3090 GAMING OC 24GB GDDR6X Retail,Gigabyte Video Card GV-N3090GAMING OC-24GD GeForce RTX 3090 GAMING OC 24GB GDDR6X Retail,2115.52,USD,5728686.0,https://www.thekeykey.com/detail/GV-N3090GAMING-OC-24GD/?name=247477,Gigabyte Video Card GV-N3090GAMING OC-24GD GeForce RTX 3090 GAMING OC 24GB GDDR6X Retail. Description: Gigabyte Video Card GV-N3090GAMING Retail GeForce RTX 3090 GAMING OC 24GB GDDR6X OC-24GD,GeForce RTX 3090 GAMING OC,GV-N3090GAMING OC-24GD,GPU,3090 RTX GeForce,24.0 GB,,,,,,,,,,,,,
products_1_25573702,Samsung,Samsung PORTABLE SSD T7 1TB RED :: MU-PC1T0R/WW (Storage > External Hard Drives) itsfido,Samsung PORTABLE SSD T7 1TB RED :: Drives) > External Hard MU-PC1T0R/WW(Storage +},188.45,GBP,573525.0,http://www.itsfido.co.uk/a?pid=MU-PC1T0R%2FWW%3E%3ESamsung,Samsung PORTABLE SSD T7 1TB RED :: MU-PC1T0R/WW (Storage > External Hard Drives) itsfido. Description: Samsung PORTABLE SSD T7 1TB RED :: MU-PC1T0R/WW(Storage > External Hard Drives) +},PORTABLE SSD T7,,SSD,,,,,,,,,,,,,,RED,
products_1_6817605,Sapphire,Sapphire AMD Radeon RX 550 PULSE OC 2GB GDDR5 Graphics Card,Sapphire AMD Radeon RX 550 PULSE OC 2GB GDDR5 Graphics Card,54.98,AUD,574722.0,https://www.scan.co.uk/products/sapphire-amd-radeon-rx-550-pulse-oc-2gb-gddr5-graphics-card,"Sapphire Pulse Radeon RX 550 G5, 2GB. Description: Sapphire Pulse Radeon RX 550 G5 (Boost: 1206MHz), 2GB GDDR5 (7000MHz), PCI-E 3.0, DisplayPort 1.4, DVI-D, HDMI 2.0b",Radeon RX 550 PULSE OC,,Graphics Processing Unit,Radeon RX 550,2000.0,,,,,,,,,,,GDDR5,,
products_1_44210301,Seagate,10TB - Seagate Enterprise Ironwolf Pro SATA - ST10000NE0004 / ST10000NE0008,"[shortdesc]Seagate IronWolf Pro ST10000NE0004 / ST10000NE000810TB 7200 RPM 128MB Cache SATA 6.0Gb/s 3.5\"" Internal Hard Drive Bare Drive.[/shortdesc] [additional]GENERALInterface - SATA 6Gb/sBytes per Sector - 512Buffer Size - 128 MBWeight - 23.98 ozManufacturer - Seagate TechnologyMISCELLANEOUSMTBF - 1200000 secINTERFACE PROVIDEDQty - 1Storage Interface - Serial ATA-600EXPANSION & CONNECTIVITYInterfaces - 1 x SATA 6 Gb/sHARD DRIVEForm Factor - 3.5\""Spindle Speed - 7200 rpmFeatures - 24x7 availability, AgileArray, Hot-Plug Support, rotation vibration sensorHard Drive Type - internal hard driveForm Factor (Short) - 3.5\""Form Factor (metric) - 8.9 cmForm Factor (Short) (metric) - 8.9 cmStorage Interface - Serial ATA-600Interface - Serial ATA-600Average Latency - 4.16 msData Transfer Rate - 600 MBpsInternal Data Rate - 214 MBpsBuffer Size - 128 MBBytes per Sector - 512 HzNon-Recoverable Errors - 1 per 10^15PERFORMANCEInternal Data Rate - 214 MBpsDrive Transfer Rate - 600 MBps (external)Average Latency - 4.16 msSpindle Speed - 7200 rpmENVIRONMENTAL PARAMETERSMin Storage Temperature - -40°FMax Storage Temperature - 158°FMin Operating Temperature - 41°FMax Operating Temperature - 140°FHEADERBrand - SeagateProduct Line - Seagate IronWolf ProModel - ST10000NE0004 / ST10000NE0008 Packaged Quantity - 1Compatibility - PCBundled with - Seagate Rescue Data RecoveryPOWER CONSUMPTIONMode - active, idle, sleep, standbyValue - 0.8 Watt, 6 Watt, 6.7 WattDIMENSIONS & WEIGHTWidth - 4 inDepth - 5.8 inHeight - 1 inWeight - 23.98 ozSERVICE & SUPPORTType - 5 years warrantySERVICE & SUPPORT DETAILSService Included - data recoveryFull Contract Period - 2 years, 5 yearsType - insurance, limited warrantySHOCK & VIBRATION TOLERANCEShock Acceleration (Operating) - 70 gShock Duration (Operating) - 2 msShock Acceleration (Non-operating) - 300 gShock Duration (Non-operating) - 2 msVibration Acceleration (Non-operating) - 5 gVibration Frequency Range (Non-operating) - 10-500 HzRELIABILITYNon-Recoverable Errors - 1 per 10^15MTBF - 1,200,000 hours[/additional]Tough, ready and scalable, Seagate IronWolf Pro drives (up to 10TB) come with AgileArray technology focusing on drive balance, RAID optimization with error recovery control, and power management on NAS enclosures. You also have Rescue Data Recovery service for that extra peace of mind your digital assets can appreciate. Optimized for 1-to-16-bay NAS enclosures for creative pro and small- to medium-sized enterprise enclosures, IronWolf Pro drives are enhanced with AgileArray technology and Rotational Vibration (RV) sensors.",368.21,USD,575689.0,https://qnapdirect.com/products/10tb-seagate-enterprise-ironwolf-pro-sata-st10000ne0004,"10TB Seagate Enterprise IronWolf Pro SATA drive, model ST10000NE0004 / ST10000NE0008. Seagate IronWolf Pro ST10000NE0004 / ST10000NE0008 10TB 7200 RPM 128MB cache SATA 6.0Gb/s 3.5-inch internal bare hard drive. Includes AgileArray, 24x7 availability, hot-plug support, and a rotational vibration sensor; optimized for RAID, drive balance, error recovery control, and power management in 1-to-16-bay NAS enclosures for creative pros and small to medium-sized businesses. Comes bundled with Seagate Rescue Data Recovery and is covered by a 5-year warranty.",Enterprise Ironwolf Pro,ST10000NE0004 / ST10000NE0008,HDD,,,9313.23,,,SATA,SATA III,,,,,"3.5"" Internal",,,
products_1_5311205,Western Digital,"WD Green SSD 3D NAND 2.5\"" - 480GB",Internal 2.5-inch SATA 6Gb/s solid state drive with 480 GB capacity,784.96,NOK,589459.0,https://www.proshop.no/SSD/WD-Green-SSD-3D-NAND-25-480GB/2689056,"WD Green SSD 3D NAND 2.5\"" - 480GB. Description: Solid State Drive, 480 GB, intern, 2.5\"", SATA 6Gb/s",Green,,SSD,,,480000 MB,,,,SATA III,,,,,2.5-inch SATA,,,
products_1_23466284,Seagate,SEAGATE 2TB 3.5 BARRACUDA DESKTOP HDD SATA 6GBPS,"Seagate Barracuda Desktop HDD 3.5 - 2.0TB SATA III - 6Gbps With 64MB Cache, 7200RPM","1 776,26",ZAR,5907270.0,https://saconfigurations.co.za/product/seagate-2tb-3-5-barracuda-desktop-hdd-sata-6gbps,"SEAGATE 2TB 3.5 BARRACUDA DESKTOP HDD SATA 6GBPS. Description: Seagate Barracuda Desktop HDD 3.5 - 2.0TB SATA III - 6Gbps With 64MB Cache, 7200RPM",Barracuda Desktop HDD,,HDD,,,,,,SATA,5ATA 1II,,,,,3.5-inch SATA,,,
products_1_33376118,ADATA,ADATA UV128 Dashdrive Retractable USB 3.0 16GB Blue/Black Flash Drive,"USB 3.0, Compatible with USB 2.0, Retractable USB, 10g, 60x20x9",200.0,N,5951871.0,https://www.laurensontechnology.com/product-page/adata-uv128-dashdrive-retractable-usb-3-0-16gb-blue-black-flash-drive,"ADATA UV128 Dashdrive Retractable USB 3.0 16GB Blue/Black Flash Drive. Description: USB 3.0, Compatible with USB 2.0, Retractable USB, 10g, 60x20x9",UV128 Dashdrivc Retractahle,,USB_STICK,,,16.0 GB,,,USB 3.0,,60.0,90.0,20.0,10.0,,,Blue/Black,
products_1_14237215,Kingston,Kingston KC2500 1TB M.2 PCI SSD,"M.2 2280, PCIe 3.0x4, NVMe, 3D TLC, up to 3500/2900MB/s, 600TBW","3 302,73",NOK,596358.0,https://www.komplettbedrift.no/product/1158522/komponenter/harddisker-ssd/ssd-m2/kingston-kc2500-1tb-m2-pci-ssd,"Kingston KC2500 1TB M.2 PCI SSD. Description: M.2 2280, PCIe 3.0x4, NVMe, 3D TLC, up to 3500/2900MB/s, 600TBW",KC2500,,SSD,,,"1,000.0 GB",3500000 KB/s,2900.0 MB/s,PCI Express x4,NVMe,,,,,M.2,,,
products_1_44656058,,My Passport GO Portable SSD 1TB Colbolt,"My Passport Go is the tough SSD drive built to travel. With a rubber protective bumper on the outside, a solid state drive on the inside , and a built-in cable for convenience; this is no ordinary drive. My Passport Go is the perfect drive to take anywhere with confidence.",229.99,NZD,596600.0,https://www.noelleeming.co.nz/shop/computers-tablets/accessories/storage-memory/wd-wdbmcg0010bbt-wesn-my-passport-go-portable-ssd-1tb-colbolt/prod183960.html,"My Passport GO Portable SSD 1TB Colbolt. Description: My Passport Go is the tough SSD drive built to travel. With a rubber protective bumper on the outside, a solid state drive on the inside, and a built-in cable for convenience; this is no ordinary drive. My Passport Go is the perfect drive to take anywhere with confidence.",Passport My GO,,SSD,,,,,,,,,,,,,,Colbolt,
products_1_70257427,Gigabyte,Gigabyte GeForce RTX 3090 Eagle OC 24GB GDDR6X PCI-Express Graphics Card,"GV-N3090EAGLE OC-24GD, Boost Clock: TBCMHz, Memory 24GB 19500MHz GDDR6X, Ray Cores: 10496, VR Ready, PhysX/CUDA Enabled, NVIDIA Ampere, 8nm Process, Real-Time Cuda Tracing, 3 Years Warranty.","1 833,12",GBP,597081.0,https://www.overclockers.co.uk/gigabyte-geforce-rtx-3090-eagle-oc-24gb-gddr6x-pci-express-graphics-card-gx-1bt-gi.html,"Gigabyte GeForce RTX 3090 Eagle OC 24GB GDDR6X PCI-Express Graphics Card. Description: GV-N3090EAGLE OC-24GD, Boost Clock: TBCMHz, Memory 24GB 19500MHz GDDR6X, Cuda Cores: 10496, VR Ready, PhysX/CUDA Enabled, NVIDIA Ampere, 8nm Process, Real-Time Ray Tracing, 3 Years Warranty.",,,,,,,,,PCIe,,,,,,,,,
products_1_2912414,ADATA,A-DATA - Superior Series S102 Pro - USB flash drive -,A-DATA Superior Series S102 Pro - USB flash drive - (AS102P-32G-RBL) - Minnesstorlek: 32GB - Typ: USB 3.0,145.0,5EK,597775.0,https://www.datagrottan.se/a-data-superior-series-s102-pro/cat-p/c0/p4569107,A-DATA - Superior Series S102 Pro - USB flash drive -. Description: A-DATA Superior Series S102 Pro - USB flash drive - (AS102P-32G-RBL) - Minnesstorlek: 3268 - Typ: USB 3.0,S102 Pro,AS102P-32G-RBL,USB_STICK,,,29.80 GiB,,,USB 3.0,,,,,,,,,
products_1_24025819,Asus,ASUS TUF Geforce GTX 1650 Super OC 4GB Gaming Graphics Card (TUF-GTX1650S-O4G-Gaming) (Warranty 3years with Local Distributor),Warranty : 3 Years with Local Distributor - Avertek,275.0,SGD,602045.0,https://www.allstars.com.sg/asus-tuf-geforce-gtx-1650-super-oc-4gb-gaming-graphics-card-tuf-gtx1650s-o4g-gaming-warranty-3years-with-local-distributor,ASUS TUF Geforce GTX 1650 Super OC 4GB Gaming Graphics Card (TUF-GTX1650S-O4G-Gaming) (Warranty 3years with Local Distributor). Description: Warranty : 3 Years with Local Distributor - Avertek,TUF Geforce GTX 1650 Super OC 4GB Gaming,TUF-GTX1650S-O4G-Gaming,Graphics Processing Unit,GeForce GTX 1650 Super,,,,,,,,,,,,,,
products_1_25537521,Hewlett Packard,652589-B21 HP 900GB 10K RPM 6G SAS SFF Form Factor 2.5 Inches SFF Enterprise Hot Swap Sc Hard Disk Drive In Tray For Gen8 Servers. New Retail Factory Sealed With Full Manufacturer Warranty.,General Information :Manufacturer/Supplier : Hewlett PackardManufacturer Part Number : 652589B21Manufacturer Website Address : Http://www.hp.comBrand Name : HPSub-Type : 900GB 10K RPM SAS 6GBPSType : Hard Drive (HDD)Technical Information :Storage Capacity : 900GBMaximum External Data Transfer Rate : 768 Mbps (6 Gbps)Rotational Speed : 10K RPMDrive Interface : SASDrive Interface Standard : 6GB/S SASPhysical Characteristics :Drive Type : InternalCompatible Drive Bay Width: 2.5Compatible Products For:Bladesystem Proliant Server BladesHp Proliant Bl460c Gen8 Server SeriesHp Proliant Dl ServersHp Proliant Dl160 Gen8 Server SeriesHp Proliant Dl360p Gen8 Server SeriesHp Proliant Dl380p Gen8 Server SeriesHp Proliant Ml ServersHp Proliant Ml350p Gen8 Server SeriesHp Proliant Scalable SystemsHp Proliant Sl230s Gen8 Server SeriesHp Proliant Sl250s Gen8 Server Series,285.0,USD,603762.0,https://www.allhdd.com/hard-drive/sas-6gbps/900gb-10k-rpm/hp-652589-b21-nrfs,652589-B21 HP 900GB 10K RPM 6G SAS SFF Form Factor 2.5 Inches SFF Enterprise Hot Swap Sc Hard Disk Drive In Tray For Gen8 Servers. New Retail Factory Sealed With Full Manufacturer Warranty.. Description: General Information :Manufacturer/Supplier : Hewlett PackardManufacturer Part Number : 652589-B21Manufacturer Website Address : Http://www.hp.comBrand Name : HPSub-Type : 900GB 10K RPM SAS 6GBPSType : Hard Drive (HDD)Technical Information :Storage Capacity : 900GBMaximum External Data Transfer Rate : 768 Mbps (6 Gbps)Rotational Speed : 10K RPMDrive Interface : SASDrive Interface Standard : 6GB/S SASPhysical Characteristics :Drive Type : InternalCompatible Drive Bay Width: 2.5Compatible Products For:Bladesystem Proliant Server BladesHp Proliant Bl460c Gen8 Server SeriesHp Proliant Dl ServersHp Proliant Dl160 Gen8 Server SeriesHp Proliant Dl360p Gen8 Server SeriesHp Proliant Dl380p Gen8 Server SeriesHp Proliant Ml ServersHp Proliant Ml350p Gen8 Server SeriesHp Proliant Scalable SystemsHp Proliant Sl230s Gen8 Server SeriesHp Proliant Sl250s Gen8 Server Series,,652589-B21,HDD,,,900.0 GB,,,SAS,SAS,,,,,,,,
products_1_64910586,,Zotac GeForce GTX 1660 Super AMP Overclocked Dual-Fan 6GB GDDR6 PCIe 3.0 Graphics Card,"GeForce GTX 1660 Super AMP Overclocked Dual-Fan 6GB GDDR6 PCIe 3.0 Traphics Card. The all-new generation of ZOTAC GAMING GeForce GTX SUPER graphics cards are here. Based on the new BVIDIA Turing architecture, get ready t0 get fast and game strong.",235.0,USD,60518.0,https://www.microcenter.com/product/615289/zotac-geforce-gtx-1660-super-amp-overclocked-dual-fan-6gb-gddr6-pcie-30-graphics-card,"Zotac GeForce GTX 1660 Super AMP Overclocked Dual-Fan 6GB GDDR6 PCIe 3.0 Graphics Card. Description: GeForce GTX 1660 Super AMP Overclocked Dual-Fan 6GB GDDR6 PCIe 3.0 Graphics Card. The all-new generation of ZOTAC GAMING GeForce GTX SUPER graphics cards are here. Based on the new NVIDIA Turing architecture, get ready to get fast and game strong.",GeForce GTX 1660 Super AMP Overclocked Dual-Fan,,GPU,,6.0,,,,,,,,,,,GDDR6,,
products_1_14354726,Hewlett Packard Enterprise,HPE Midline - hard drive - 1 TB - SAS 12Gb/s,"1 Terabyte hot-swap 2.5\"" SFF SAS 12Gb/s 7200 rpm with HP SmartDrive carrier",410.0,USD,61124257.0,http://www.ifix.com.vn/detail/hpe-midline-hard-drive-1-tb-sas-12gb-s,"JPE Midline - hard drive - 1 TB - SAS 12Gb/s. Description: 1 TN hot-swap 2.5\"" SFF SAS 12Gb/s 7200 rpm with HP SmartDrjve carrier",Midline,,HDD,,,,,,SAS,SAS,,,,,"2.5"" SFF SAS",,,2.5-inch
products_1_84251263,Asus,ASUS ROG -STRIX-RTX2060-O6G-EVO-GAMING NVIDIA GeForce RTX 2060 6 GB GDDR6,"NVIDIA® GeForce RTX 2060, 6GB GDDR6, 192-bit, 14000 MHz, PCI Express 3.0, 2 x HDMI, 2 x DisplayPort, 1 x 6-pin, 1 x 8-pin",464.81,EUR,619473.0,https://compudeals.ie/catalog/product/view/id/6301,"ASUS ROG -STRIX-RTX2060-O6G-EVO-GAMING NVIDIA GeForce RTX 2060 6 GB GDDR6. Description: NVIDIA® GeForce RTX™ 2060, 6GB GDDR6, 192-bit, 14000 MHz, PCI Express 3.0, 2 x HDMI, 2 x DisplayPort, 1 x 6-pin, 1 x 8-pin",ROG Strix RTX 2060 O6G EVO Gaming,,GPU,GeForceRTX 2060,,,,,PCI Express x16,,,,,,,GDDR6,,
products_1_77651287,Westrrn D8gi5al,"WD Red / Red Plus NAS HDD, 4TB WD40EFRX","WD 4TB Red / Red Plus 3.5 Hard Drive, SATA III, 5400RPM, 64MB Cache, For 1 to 8 Bay NAS, CMR",179.0,AUD,625719.0,https://computers.scorptec.com.au/computer/Wd40efrx,"WD Red / Red Plus NAS 4TB HDD, WD40EFRX. Description: WD 4TB Red / Red Plus 3.5 Hard Drive, SATA III, 5400RPM, 64MB Cache, For 1 to 8 Bay NAS, CMR",Red or Red Plus NAS,,,,,"4,000.0 GB",,,,SATA III,,,,,3.5-inch SATA,,,
products_1_6186646,Samsung,Upgrade MacBooku na SSD 500GB Samsung 860 EVO,"Unlock Your Computer's Potential. Samsung's 850 EVO series SSD is the industry's #1 best-selling* SSD and is perfect for everyday computing. Powered by Samsung's V-NAND technology, the 850 EVO transforms the everyday computing experience with optimized performance and endurance. Designed to fit desktop PCs, laptops, and ultrabooks, the 850 EVO comes in a wide range of capacities and form factors. *Based on 2015 NPD reported revenue in the US Uncompromised Performance. The 850 EVO optimizes performance for your daily computing tasks, boasting sequential write speeds up to 520 MB/s with TurboWrite technology and sequential read speeds up to 540 MB/s. Plus, RAPID mode to further boost performance for up to 2x faster** data processing speeds by utilizing unused PC memory as cache storage. **Compared to same drive w/out RAPID enabled. More Space for More Doing. More storage options that are just right for your needs. Samsung offers the 850 EVO in a full range of capacities up to 4TB. With the industry's first 4TB SSD for client PCs, you can store more data on a single SSD than ever before. Guaranteed reliability and endurance. The Samsung 850 EVO maintains high performance, optimized endurance, AES 256-bit hardware-based encryption***, Dynamic Thermal Guard, and a 5 year limited warranty****. ***AES 256-bit hardware-based, encryption is compliant with advanced security management solutions, such as IEEE(R) 1667 and TCG Opal. **** 5 years or TBW (120GB/250GB: 75TBW; 500GB/1TB:",0.15,USD,6274519.0,https://www.pinnaclehostingservice.com/product/samsung-850-evo-500gb-2-5-inch-sata-iii-internal-ssd-mz-75e500b-eu,"Samsung 500GB 2,5\"" SATA3 850 Series Evo Basic MZ-75E500B/EU. Description: SATA III, 500GB, 2,5\"", Write:520MB/s, Read:540MB/s",850 Series Evo Basic,MZ-75E500B/EU,SSD,,,500.0,540000 KB/s,0.52,SATA,SATA 6Gb/s,,,,,2.5-inch SATA,,,2.5-ineb
products_1_66404124,Palit,Palit Nvidia Geforce RTX 3080 Gaming Pro 10GB Ampere Graphics Card,"Palit NVIDIA GeForce RTX 3080 GamingPro 10GB GDDR6X Ray-Tracing Graphics Card, 8704 Core, 1440MHz GPU, 1710MHz Boost",99999.99,NOK,627961.0,https://www.scan.co.uk/products/palit-nvidia-geforce-rtx-3080-gamingpro-10gb-gddr6x-ray-tracing-graphics-card-8704-core-1440mhz-gpu,"Palit NVID1A GeForce RTX 3080 10GB GamingPro Ampere Graphics Card. Description: Palit NVIDIA GeForce RTX 3080 GamingPro 10GB GDDR6X Ray-Tracing 6raphics Card, 8704 Core, 1440MHz GPU, 1710MHz Boost",GeForce RTX 3080 10GB GamingPro,,GPU,GeForce R5Z w080,10.0 GB,,,,,,,,,,,VSD56X,,
products_1_3342135,Samsung,SAMSUNG 850 EVO SATA M.2 2280 250GB SSD (MZ-N5E250BW),Buy SAMSUNG 850 EVO III 2280 250GB SATA M.2 3D NAND Internal SSD Single Unit Version MZ-N5E250BW with fast shipping from nationalPC.in,"10,836.74",8HT,6464108.0,https://nationalpc.in/solid-state-drives/MZ-N5E250BW.html,SAMSUNG 850 EVO SATA M.2 2280 250GB SSD (MZ-N5E250BW). Description: Buy SAMSUNG 850 EVO M.2 2280 250GB SATA III 3D NAND Internal SSD Single Unit Version MZ-N5E250BW with fast shipping from nationalPC.in,850 EVO,,SSD,,,250000 MB,,,,SATA III,,,,,,,,
products_1_44559075,,ASUS AMD Radeon RX 5700 8GB DUAL EVO OC Graphics Card,"ASUS Radeon RX 5700 DUAL GDDR6 OC 8GB EVO PCIe 4.0 Graphics Card, 7nm RDNA, 2304 Streams, 1515MHz GPU, 1750MHz Boost",99999.99,GBP,6491492.0,https://www.scan.co.uk/products/asus-amd-radeon-rx-5700-dual-evo-oc-pcie-4-8gb-gddr6-graphics-card,"ASUS AMD Radeon RX 5700 8GB DUAL EVO OC Graphics Card. Description: ASUS Radeon RX 5700 DUAL EVO OC 8GB GDDR6 PCIe 4.0 Graphics Card, 7nm RDNA, 2304 Streams, 1515MHz GPU, 1750MHz Boost",Radeon RX 5700 DUAL EVO OC,,GPU,,,,,,PCI Express,,,,,,,,,
products_1_74017051,Asus,ASUS AMD RADEON TUF-3 RX 5700 XT O8G GAMING GDDR6 GRAPHICS CARD,"ASUS AMD RADEON TUF-3 RX 5700 XT O8G GAMING GDDR6 GRAPHICS CARDTHE ASUS TUF GAMING X3 RADEON RX 5700 XT OC EDITION 8GB GDDR6 IS BUILT FOR DURABILITY AND PERFORMANCE AT 1440P. Space-grade lubricant brings the durability of dual ball bearings to quieter sleeve bearing designs. IP5X dust resistance offers protection from particle ingress for better durability. 2.7-slot Design expands cooling surface area to make the most of the three powerful fans. Auto-Extreme Technology uses automation to enhance reliability. Maxcontact Technology allows 2X more contact with the GPU chip for improved thermal transfer. A protective backplate secures components during transportation and installation. TUF compatibility testing ensures TUF Gaming and TUF alliance products work together flawlessly. 144-hour validation program puts cards through a series of stringent tests to ensure compatibility with the latest games. GPU Tweak II provides intuitive performance tweaking, thermal controls, and system monitoring. AMD Radeon freesync offers stutter-free and tear-free gaming with freesync monitors.SpecificationGraphics EngineAMD Radeon RX 5700 XTBus StandardPCI Express 4.0Memory Size8GBMemory TypeGDDR6OpenGlOpenGL®4.6Video MemoryGDDR6 8GBEngine ClockEngine Clock – Gaming Mode = P Mode : 1650 MHz (Base clock), Up to 1795 MHz (Game clock), ~ 1905 MHz (Boost clock)SeriesRX 5700Stream Processors2560Memory Clock14 GbpsMemory Interface256-bitResolutionDigital Max Resolution:7680x4320InterfaceHDMI Output : Yes x 1 (Native) (HDMI 2.0b) Display Port : Yes x 3 (DisplayPort 1.4) HDCP Support : Yes (2.3)ChipsetAMD RadeonMaximum Displays6 NVlink/ Crossfire Support = YesSoftwareASUS GPU Tweak II & DriverRecommended Power Supply600WDimensions10.6 \"" x 5 \"" x 2.1 \"" Inch 26.9 x 12.5 x5.4 Centimeter Slot = 2.7 slotPower Connectors1 x 6-pin, 1 x 8-pinWarranty3 YearsNote*Price, feature and specifications are subject to change without notice.",38500.0,INR,649471.0,https://www.pcstudio.in/product/asus-amd-radeon-tuf-3-rx-5700-xt-o8g-gaming-gddr6-graphics-card,"ASUS AMD RADEON TUF-3 RX 5700 XT O8G GAMING GDDR6 GRAPHICS CARD. Description: ASUS AMD RADEON TUF-3 RX 5700 XT O8G GAMING GDDR6 GRAPHICS CARDTHE ASUS TUF GAMING X3 RADEON™ RX 5700 XT OC EDITION 8GB GDDR6 IS BUILT FOR DURABILITY AND PERFORMANCE AT 1440P. Space-grade lubricant brings the durahility of dual ball bearings to quieter sleeve bearing designs. IP5X dust resistance offers protection from particle ingress for better durability. 2.7-slot Design expands cooling surface area to make the most of the three powerful fans. Auto-Extreme Technology uses automation to enhance reliability. Maxcontact Technology allows 2X more contact with the GPU chip for improved thermal transfer. A protective backplate secures components during transportation and installation. TUF compatibility testing ensures TUF Gaming and TUF alliance products work together flawlessly. 144-hour validation program puts cards through a series of stringent tests to ensure compatibility with the latest games. GPU Tweak II provides intuitive performance tweaking, thermal controls, and system monitoring. AMD Radeon freesync™ offers stutter-free and tear-free gaming with freesync monitors.SpecificationGraphics EngineAMD Radeon RX 5700 XTBus StandardPCI Express 4.0Memory Size8GBMemory TypeGDDR6OpenGlOpenGL®4.6Video MemoryGDDR6 8GBEngine ClockEngine Clock – Gaming Mode = P Mode : 1650 MHz (8ase clock), Up to 1795 MHz (Game clock), ~ 1905 MHz (Boost clock)SeriesRX 5700Stream Processors2560Memory Clock14 GbpsMemory Interface256-bitResolutionDigital Max Resolution:7680x4320InterfaceHDMI Output : Yes x 1 (Native) (HDMI 2.0b) Display Port : Yes x 3 (DisplayPort 1.4) HDCP Support : Yes (2.3)ChipsetAMD RadeonMaximum Displays6 NVlink/ Crossfire Support = YesSoftwareASUS GPU Tweak II & DriverRecommended Power Supply600WDimensions10.6 \"" x 5 \"" x 2.1 \"" Inch 26.9 x 12.5 x5.4 Centimeter Slot = 2.7 slotPower Connectors1 x 6-pin, 1 x 8-pinWarranty3 YearsNote*Price, feature and specifications are subject to change without notice.",AMD RADEON TUF-3 RX 5700 XT O8G GAMING,,GPU,,,,,,PCI Express,,,,,,,,,
products_1_28004815,EVGA,EVGA GeForce 210 Graphics Card - 1 GB RAM,DVI-I outputSecond generation Unified Shader ArchitectureNVIDIA CUDA supportNVIDIA PhysX readyNVIDIA 10.1 HD technologyOpenGL 3.1 supportSupports the OpenGLWindows XP supportDirectX PureVideo,55.96,USD,65353.0,https://www.cdwg.com/product/evga-geforce-210-graphics-card-1-gb-ram/2460168,EVGA GeForce 210 Graphics Card - 1 GB RAM. Description: DVI-I outputSecond generation Unified Shader ArchitectureNVIDIA CUDA supportNVIDIA PhysX readyNVIDIA PureVideo HD technologyOpenGL 3.1 supportSupports the OpenGLWindows XP supportDirectX 10.1,GeForec 210,,,GeForce GT 210,1000 MB,,,,,,,,,,,,,
products_1_20847143,Western Digital,Western Digital 2TB My Passport USB 3.0 External Hard Drive - Black,"Authorized Western Digital Dealer | Buy Western Digital 2TB My Passport USB 3.0 External Hard Drive - Black at the cheapest price at Devi'e eStore at the cheapest price in Nakuru, Nairobi and all across Kenya.",9399.49,KES,65450.0,https://www.devikenya.com/wd-2tb-my-passport-usb-3-0-external-hard-drive-black,"HDD Extern WD My Passport, 2TB, 2,5 USB 3.0, Negru. Description: HDD Extern WD, 2TB, My Passport, 2,5 USB 3.0, Negru",My Passport,,HDD,,,2000.0,,,USB 3.0,,,,,,,,Black,
products_1_27302519,Seagate,Seagate IronWolf 110 ZA240NM10011solid state srive - 2e0 TB - SATA 6Gb/s,Boost NAS performance and reliability. Deliver uncompromised performance for small business NAS. Use SSD cache more creatively in NAS.,95.58,GBP,654787.0,https://www.ballicom.co.uk/seagate-za240nm10011-.p1448977.html,Seagate IronWolf 110 ZA240NM10011solid state drivc - 240 G8 - SATA 6Gb/s. Description: Increase NAS performance and reliabilityAchieve pure performance in small business NASBe more creative with SSD Cache in NAS,110 IronWolf,ZA240NM10011,SSD,,,223.52,,,SATA,SATA III,,,,,,,,
products_1_45214544,,PNY NVIDIA Quadro P6000 w/ 24GB GDDR5X Memory Professional Dual Slot Graphics Card,"The NVIDIA Quadro P6000 is the world's most advanced professional graphics solution ever created, combining the latest GPU, memory and display technologies that result in unprecedented performance and breakthrough capabilities. Professionals across of range of industries can now create their most complex designs, solve the most challenging visualization problems and experience their creations within the most detailed, life-like VR environments.",5.0,U5D,659921.0,https://mitxpc.com/products/vcqp6000-pb,"PNY NVIDIA Quadro P6000 w/ 24GB GDDR5X Memory Professional Dual Slot Graphics Card. Description: The NVIDIA Quadro P6000 is the world's most advanced professional graphics solution ever created, combining the latest GPU, memory and display technologies that result in unprecedented performance and breakthrough capabilities. Professionals across of range of industries can now create their most complex designs, solve the most challenging visualization problems and experience their creations within the most detailed, life-like VR environments.",NVIDIA Quadro P6000,,GPU,,,,,,,,,,,,,GDDR5X,,
products_1_9752639,,"Gigabyte 120GB 2.5\"" SATA SSD/Solid State Drive","120GB Gigabyte SSD, 2.5\"" SSD, SATA 3.0 (6Gb/s), NAND Flash, 500MB/s Read, 380MB/s Write, 50k/60k IOPS, Retail",16.49,GBP,663171.0,https://www.scan.co.uk/products/120gb-gigabyte-ssd-25-ssd-sata-30-6gb-s-nand-flash-500mb-s-read-380mb-s-write-50k-60k-iops-retail,"Gigabyte 120GB 2.5\"" SATA SSD/Solid State Drive. Description: 120GB Gigabyte SSD, 2.5\"" SSD, SATA 3.0 (6Gb/s), NAND Flash, 500MB/s Read, 380MB/s Write, 50k/60k IOPS, Retail",,,SSD,,,,,,SATA,,,,,,,,,
products_1_13806943,,"Seagate FireCuda ST2000DX002 2 TB Hybrid Hard Drive - 3.5\"" Internal - SATA (SATA/600) **",7200rpm - 5 Year Warranty,161.82,CAD,665327.0,https://www.frontierpc.com/storage/hard-drives/hybrid-hard-drive/seagate/firecuda/st2000dx002-hybrid-hard-drive-1035520026.html,"Seagate FireCuda ST2000DX002 2 TB Hybrid Hard Drive - 3.5\"" Internal - SATA (SATA/600) **. Description: 7200rpm - 5 Year Warranty",FireCuda,,HDD,,,,,,,SATA III,,,,,"3.5"" Internal",,,3.5-inch
products_1_59553819,Sandisk,SanDisk Cruzer Blade CZ50 32GB USB2.0,"SanDisk Cruzer Blade CZ50 32Gigabyte USB2.0Product DetailsCompact design for maximum portabilityThe Cruzer Blade USB Flash Drive features a compact design that fits easily into a pocket or computer bag. This USB drive has a sleek black and red design that coordinates with many electronic devices.High-capacity drive accommodates your favorite media filesDesigned by SanDisk, a leader in flash memory innovation, the Cruzer Blade USB Flash Drive packs generous capacity into a compact form. Available in sizes up to 128GB*, this USB drive can hold all your must-have files.Simple drag-and-drop file backupTransferring data onto the Cruzer Blade USB Flash Drive is easy: simply plug it into your computer's USB port and drag files into the drive's folder. After a fast, first-time driver download, this USB drive lets you start storing, transporting, and sharing your data immediately.SPECIFICATIONSCapacity32 GB InterfaceUSB 2.0 ConnectorUSB-A CompatibilityUSB 2.0 Dimensions (L X W X H)0.29\"" x 0.69\"" x 1.63\""",9.0,AUD,666089.0,https://www.umart.com.au/SanDisk-Cruzer-Blade-CZ50-32GB-USB2-0_52701G.html,"SanDisk Cruzer Blade CZ50 32GB USB2.0. Description: SanDisk Cruzer Blade CZ50 32GB USB2.0Product DetailsCompact design for maximum portabilityThe Cruzer Blade USB Flash Drive features a compact design that fits easily into a pocket or computer bag. This USB drive has a sleek black and red design that coordinates with many electronic devices.High-capacity drive accommodates your favorite media filesDesigned by SanDisk, a leader in flash memory innovation, the Cruzer Blade USB Flash Drive packs generous capacity into a compact form. Available in sizes up to 128GB*, this USB drive can hold all your must-have files.Simple drag-and-drop file backupTransferring data onto the Cruzer Blade USB Flash Drive is easy: simply plug it into your computer's USB port and drag files into the drive's folder. After a fast, first-time driver download, this USB drive lets you start storing, transporting, and sharing your data immediately.SPECIFICATIONSCapacity32 GB InterfaceUSB 2.0 ConnectorUSB-A CompatibilityUSB 2.0 Dimensions (L X W X H)0.29\"" x 0.69\"" x 1.63\""",,CZ50,USB_STICK,,,32000.0,,,USB 2.0,,,,,,,,black and red,
products_1_19701782,0alj5,"Placa video Palit nVidia GeForce GT 710 1GB, GDDR5, 64bit",Garantie 24 luni,230.3,RON,6751504.0,https://pcfrog.ro/placi-video/82098-placa-video-palit-nvidia-geforce-gt-710-1gb-gddr5-64bit.html,"Placă video Palit nVidia GeForce GT 710, 1 GB GDDR5, 64-bit. Descriere: garanție 24 luni",,,GPU,GeForce GT 710,1.0 GB,,,,,,,,,,,,,
products_1_3146170,Zotac,"ZOTAC TAMING GeForce GTX 1650 LC 4GB GDDR5 128-bit Gaming Graphics Card, Super Compact, Z6-T16500F-10L","ZOTAC GAMING GeForce GTX 1650 OC 4GB GDDR5 128-bit Gaming Graphics Card, Super Compact, ZT-T16500F-10L",226.0,USD,675941.0,https://www.allstars.com.sg/zotac-geforce-gtx-1650-oc-4gb-gaming-graphics-card-zt-t16500f-10l-local-warranty-32years-upon-registration-online,ZOTAC Geforce GTX 1650 OC 4GB Gaming Graphics Card (ZT-T16500F-10L) (Local Warranty 3+2years upon registration online). Description: Warranty : 3 + 2 Years (Upon Registration) with Local Distributor - Tech Dynamic,Geforce GTX 1650 OC 4GB Gaming Graphics Card,ZT-T16500F-10L,GPU,GeForce GTX 1650,4.0,,,,,,,,,,,,,
products_1_38156094,,50pcs/lot Customized LOGO Wooden Bamboo Usb with Box Usb 2.0 Flash Drive Memory Stick Pen Drive Cle Usb 4GB 8GB 16GB 32GB 64GB,Buy 50pcs/lot Customized LOGO Wooden Bamboo Usb with Box 4GB 2.0 Flash Drive Memory Stick Pen Drive Cle Usb Usb 8GB 16GB 32GB 64GB at www.dollar-shop.net! Free shipping to 185 countries. 45 days money back guarantee.,234.14,USD,67670136.0,https://www.dollar-shop.net/50pcs-lot-customized-logo-wooden-bamboo-usb-with-box-usb-2-0-flash-drive-memory-stick-pen-drive-cle-usb-4gb-8gb-16gb-32gb-64gb,50pcs/lot Customized LOGO Wooden Bamboo Usb with Box Usb 2.0 Flash Drive Memory Stick Pen Drive Cle Usb 4GB 8GB 16GB 32GB 64GB. Description: Buy 50pcs/lot Customized LOGO Wooden Bamboo Usb with Box Usb 2.0 Flash Drive Memory Stick Pen Drive Cle Usb 4GB 8GB 16GB 32GB 64GB at www.dollar-shop.net! Free shipping to 185 countries. 45 days money back guarantee.,,,USB_STICK,,,,,,USB 2.0,,,,,,,,,
products_1_8488813,Samsung,Samsung 860 QVO 4TB SSD,"(Sohd, 2.5\"", 4TB, 860, Drivc), QVO, SATA, SSD, Samsung, State",445.0,EUR,685556.0,https://www.megekko.nl/product/2018/351481/SSD-2-5-SATA/Samsung-860-QVO-4TB-SSD,"Samsung 860 QVO 4TB SSD. (Solid, 2.5\"", 4TB, 860, Drive), QVO, SATA, SSD, Samsung, State",860 QVO,,SSD,,,"4,000.0 GB",,,SATA,SATA III,,,,,"2.5""",,,
products_1_88855243,Gigabyte,Gigabyte AMD Radeon RX 5500 XT OC 8GB GDDR6 RDNA PCIe 4.0 Graphics Card,"EXPERIENCE POWERFUL, ACCELERATED GAMING CUSTOMIZED FOR YOU WITH THE RX 5500 XTThe all new RDNA powered Gigabyte Radeon RX 5500 XT OC provides exceptional performance and High-fidelity gaming. Take control with Radeon RX 5500 XT and experience powerful, accelerated gaming that has been customized for you. The 5500 XT power the wold’s most technologically advanced 1080p gaming systems. The WINDFORCE cooling system with alternate spinning fans allow this card to stay cool and excel amongst the rest. Gigabyte RX 5500 XT OC allows you to utilise PCI-Express 4.0 support, with a throughput of 16 GT/s and enables two times the bandwidth compared to PCI Express 3.0 for even more immersive experiences whilst gaming. The back plate not only provides an aesthetical shape, but also enhances the structure of the graphics card to provide complete protection.1408Stream Processors8GBGDDR6 Memory1647 MHzCore Clock1845 MHzBoost ClockGigabyte\\'s Windforce Cooling Technology2 X 90MM ALTERNATING BLADE FANSThe WINDFORCE 2X cooling system features two 90mm unique blade fans which spin alternately, 3 composite copper heat pipes, heat-pipe direct touch and 3D active fan functionality, together delivering an effective heat dissipation capacity for higher performance at lower temperatures. GIGABYTE turns the adjacent fans in the opposite direction, so that the airflow direction between the two fans is the same, reducing the turbulence and enhancing the airflow pressure.Combining Different Cooling SolutionsUNIQUE BLADE FAN EFFECTIVELY ENHANCES THE AIRFLOWThe 3D Active Fan provides semi-passive cooling, and the fans will remain off when the GPU is in a low load or low power game. It allows gamers to enjoy gameplay in complete silence when the system is running light or idle. The airflow is spilt by the triangular fan edge, and guided smoothly through the 3D stripe curve on the fan surface, effectively enhancing the airflow. The shape of the pure copper heat pipes maximize the direct contact area with the GPU, enhancing heat transfer.Brand New RDNA Architecture with 7nm ProcessREDUCES LATENCY AND PROVIDES HIGHER BANDWIDTHPowered by the groundbreaking 7nm RDNA architecture with Radeon Image Sharpening and Radeon Anti-Lag technology, Radeon RX 5500 XT GPU delivers extremely efficient, ultra-responsive, high-fidelity gaming for immersive explosions, physics, and lighting effects, bringing realism to life. Take your gaming experience to the next level. You can experience stutter-free, tear-free gaming, reduced input latency and day-0 drivers optimized for new game releases.Featuring GDDR6 Memory and Compatiblity with PCIe 4.0SUPER-FAST PERFORMANCE FOR TODAYS DEMANDING TITLESEquipped with 8GB of advanced GDDR6 memory to provide high bandwidth of up to 224 GB/s, enabling 1080p performance for today’s most demanding games. Radeon RX 5500 XT features PCI® Express 4.0 support, which enables two times the bandwidth compared to PCI Express 3.0. Get ready for the next generation of PC gaming.Superior Gaming Performance with FreeSync MonitorsSMOOTH REFRESH RATE SO YOU CAN GAME AT YOUR BESTPair your new AMD Radeon GPU with a large selection of FreeSync gaming monitors. With such a wide array of monitors equipped with Radeon FreeSync or Radeon FreeSync2 HDR available you can enjoy choosing monitors that are styled and run how you want, but by choosing a monitor with FreeSync and combining it with an AMD card of this caliber the results will be a stutter-free, tear-free and artifact-free smooth gaming experience.",237.25,GBP,686147.0,https://www.technextday.co.uk/gigabyte-amd-radeon-rx-5500-xt-oc-8gb-gddr6-rdna-pcie-40-graphics-card-gvr55xtoc8gd,"Gigabyte AMD Radeon RX 5500 XT OC 8GB GDDR6 RDNA PCIe 4.0 Graphics Card. Description: EXPERIENCE POWERFUL, ACCELERATED GAMING CUSTOMIZED FOR YOU WITH THE RX 5500 XTThe all new RDNA powered Gigabyte Radeon RX 5500 XT OC provides exceptional performance and High-fidelity gaming. Take control with Radeon RX 5500 XT and experience powerful, accelerated gaming that has been customized for you. The 5500 XT power the wold’s most technologically advanced 1080p gaming systems. The WINDFORCE cooling system with alternate spinning fans allow this card to stay cool and excel amongst the rest. Gigabyte RX 5500 XT OC allows you to utilise PCI-Express 4.0 support, with a throughput of 16 GT/s and enables two times the bandwidth compared to PCI Express 3.0 for even more immersive experiences whilst gaming. The back plate not only provides an aesthetical shape, but also enhances the structure of the graphics card to provide complete protection.1408Stream Processors8GBGDDR6 Memory1647 MHzCore Clock1845 MHzBoost ClockGigabyte\\'s Windforce Cooling Technology2 X 90MM ALTERNATING BLADE FANSThe WINDFORCE 2X cooling system features two 90mm unique blade fans which spin alternately, 3 composite copper heat pipes, heat-pipe direct touch and 3D active fan functionality, together delivering an effective heat dissipation capacity for higher performance at lower temperatures. GIGABYTE turns the adjacent fans in the opposite direction, so that the airflow direction between the two fans is the same, reducing the turbulence and enhancing the airflow pressure.Combining Different Cooling SolutionsUNIQUE BLADE FAN EFFECTIVELY ENHANCES THE AIRFLOWThe 3D Active Fan provides semi-passive cooling, and the fans will remain off when the GPU is in a low load or low power game. It allows gamers to enjoy gameplay in complete silence when the system is running light or idle. The airflow is spilt by the triangular fan edge, and guided smoothly through the 3D stripe curve on the fan surface, effectively enhancing the airflow. The shape of the pure copper heat pipes maximize the direct contact area with the GPU, enhancing heat transfer.Brand New RDNA Architecture with 7nm ProcessREDUCES LATENCY AND PROVIDES HIGHER BANDWIDTHPowered by the groundbreaking 7nm RDNA architecture with Radeon™ Image Sharpening and Radeon™ Anti-Lag technology, Radeon RX 5500 XT GPU delivers extremely efficient, ultra-responsive, high-fidelity gaming for immersive explosions, physics, and lighting effects, bringing realism to life. Take your gaming experience to the next level. You can experience stutter-free, tear-free gaming, reduced input latency and day-0 drivers optimized for new game releases.Featuring GDDR6 Memory and Compatiblity with PCIe 4.0SUPER-FAST PERFORMANCE FOR TODAYS DEMANDING TITLESEquipped with 8GB of advanced GDDR6 memory to provide high bandwidth of up to 224 GB/s, enabling 1080p performance for today’s most demanding games. Radeon RX 5500 XT features PCI® Express 4.0 support, which enables two times the bandwidth compared to PCI Express 3.0. Get ready for the next generation of PC gaming.Superior Gaming Performance with FreeSync MonitorsSMOOTH REFRESH RATE SO YOU CAN GAME AT YOUR BESTPair your new AMD Radeon GPU with a large selection of FreeSync gaming monitors. With such a wide array of monitors equipped with Radeon FreeSync or Radeon FreeSync2 HDR available you can enjoy choosing monitors that are styled and run how you want, but by choosing a monitor with FreeSync and combining it with an AMD card of this caliber the results will be a stutter-free, tear-free and artifact-free smooth gaming experience.",Radeon RX 5500 XT OC,,Graphics Processing Unit,Radeon RX 5500 XT,,,,,PCIe 4.0,,,,,,,GDDR6,,
products_1_74464562,Gigabyte,Gigabyte Radeon RX 580 Gaming 8192MB GDDR5 PCI-Express Graphics Card,"GV-RX580GAMING-8GD graphics card with a 1355MHz boost clock, 8192MB of 8000MHz GDDR5 memory, and 2304 stream processors. Supports DirectX 12, AMD CrossFire, AMD Eyefinity, and VR Ready Premium. Includes a 3-year warranty.",0.18,FGL,688265.0,https://www.overclockers.co.uk/gigabyte-radeon-rx-580-gaming-8192mb-gddr5-pci-express-graphics-card-gx-192-gi.html,"Gigabyte Radeon RX 580 Gaming 8192MB GDDR5 PCI-Express Graphics Card. Description: GV-RX580GAMING-8GD, Support, 1355MHz, Memory: 8192MB 8000MHz GDDR5, Stream Processors: 2304, DirectX 12 Boost: AMD CrossFire, AMD Eyefinity, VR Ready Premium, 3 Years Warranty",Radeon RX 580 Gaming,GV-RX580GAMING-8GD,GPU,Radeon RX 580,"8,000 MB",,,,PCIe,,,,,,,GDDR5,,
products_1_25119270,Zotac,Zotac Gaming GeForce RTX 2080 Super Amp Extreme 8GB Graphics Card,"Cuda Cores: 3072, Boost Clock: 1875MHz, GDDR6, 256-bit Memory, Memory Clock: 15500Mhz, Ray Tracing, 3 x DisplayPort, 1 x HDMI, 5 Year Warranty*",,,689245.0,https://www.novatech.co.uk/products/zotac-gaming-geforce-rtx-2080-super-amp-extreme-8gb-graphics-card/zt-t20820b-10p.html,"Zotac Gaming GeForce RTX 2080 Super Amp Extreme 8GB Graphics Card. Description: Cuda Cores: 3072, Boost Clock: 1875MHz, GDDR6, 256-bit Memory, Memory Clock: 15500Mhz, Ray Tracing, 3 x DisplayPort, 1 x HDMI, 5 Year Warranty*",Gaming GeForce RTX 2080 Super Amp EXtreme,,GPU,,,,,,,,,,,,,,,
products_1_9487971,Samsung,"Samsung T7 1TB Portable SSD ,USB 3.2 Gen2 (10Gbps), Up to 1050MB/s, Password Protection -- Titan Gray","Samsung T7 1TB Portable SSD ,USB 3.2 Gen2 (10Gbps), Up to 1050MB/s, Password Protection -- Titan Gray",339.0,NZD,691626.0,https://www.pbtech.co.nz/product/HDDSSM17101/Samsung-T7-1TB-Portable-SSD--USB-32-Gen2-10Gbps--U,"Samsung T7 1TB Portable SSD ,USB 3.2 Gen2 (10Gbps), Up to 1050MB/s, Password Protection -- Titan Gray. Description: Samsung T7 1TB Portable SSD ,USB 3.2 Gen2 (10Gbps), Up to 1050MB/s, Password Protection -- Titan Gray",T7,,SSD,,,1000000.0,,,USB 3.2 gen 2,,,,,,,,Titan Gray,
products_1_32019388,Kingston,"Kingston Technology DC500 internal solid state drive 2.5\"" 1920 Gigabyte SATA III 3D TLC [SEDC500R/1920G] SSD","(Solid, 1920, 2.5\"", 3D, DC500, Drive), GB, III, Kingston, SATA, SSD, State, TLC, Technology, [SEDC500R/1920G], drive, internal, solid, state",359.0,EUR,694806.0,https://www.megekko.nl/product/2018/256321/SSD-2-5-SATA/Kingston-Technology-DC500-internal-solid-state-drive-2-5-1920-GB-SATA-III-3D-TLC-SEDC500R-1920G-SSD,"Kingston Technology DC500 internal solid state drive 2.5\"" 1920 GB SATA III 3D TLC [SEDC500R/1920G] SSD. Description: (Solid, 1920, 2.5\"", 3D, DC500, Drive), GB, III, Kingston, SATA, SSD, State, TLC, Technology, [SEDC500R/1920G], drive, internal, solid, state",DC500,,,,,,,,SATA,,,,,,2.5-inch SATA,,,
products_1_19696563,Sapphire,Sapphire AMD Radeon RX 5700 XT 8GB NITRO+ Graphics Card,"Sapphire RX 5700 XT NITRO+ 8GB GDDR6 PCIe 4.0 Graphics Card, 7nm RDNA, 2560 Streams, 1770MHz GPU, 2010MHz Boost",550.87,GBP,69555.0,https://www.scan.co.uk/products/sapphire-rx-5700-xt-nitroplus-8gb-gddr6-pcie-40-graphics-card-7nm-rdna-2560-streams-1770mhz-gpu-2010,"Sapphire AMD Radeon RX 5700 XT 8GB NITRO+ Graphics Card. Description: Sapphire RX 5700 XT NITRO+ 8GB GDDR6 PCIe 4.0 Graphics Card, 7nm RDNA, 2560 Streams, 1770MHz GPU, 2010MHz Boost",Radeon RX 5700 XT 8GB NITRO+,,GPU,Radeon RX 5700 XT,8.0,,,,PCIe 4.0,,,,,,,GDDR6,,
products_1_18532078,Zotac,Zotac Gaming GeForce RTX 2080 SUPER Triple Fan 8GB GDDR6 Graphics Card | ZT-T20820H-10P,"Everything is super with the all-new ZOTAC GAMING GeForce RTX 20 Series SUPER graphics cards. Based on the NVIDIA Turing architecture, it’s packed with more cores and ultra-fast GDDR6 memory. Integrated with more smart and optimized technologies, get ready to GET FAST and GAME STRONG.Key FeaturesGDDR6 memoryIceStorm 2.0 CoolingWraparound Metal BackplateActive Fan ControlSPECTRA Lighting SystemEverything is super with the all-new ZOTAC GAMING GeForce RTX 20 Series SUPER graphics cards. Based on the NVIDIA Turing architecture, it’s packed with more cores and ultra-fast GDDR6 memory. Integrated with more smart and optimized technologies, get ready to GET FAST and GAME STRONG.","4,016.83",AE,695873.0,https://gccgamers.com/computer-parts-compnents/graphic-cards/zotac-gaming-geforce-rtx-2080-super-triple-fan-8gb-gddr6-graphics-card-zt-t20820h-10p.html,"Zotac Gaming GeForce RTX 2080 SUPER Triple Fan 8GB GDDR6 Graphics Card | ZT-T20820H-10P. Description: Everything is super with the all-new ZOTAC GAMING GeForce RTX 20 Series SUPER graphics cards. Based on the NVIDIA Turing architecture, it’s packed with more cores and ultra-fast GDDR6 memory. Integrated with more smart and optimized technologies, get ready to GET FAST and GAME STRONG.Key FeaturesGDDR6 memoryIceStorm 2.0 CoolingWraparound Metal BackplateActive Fan ControlSPECTRA Lighting SystemEverything is super with the all-new ZOTAC GAMING GeForce RTX 20 Series SUPER graphics cards. Based on the NVIDIA Turing architecture, it’s packed with more cores and ultra-fast GDDR6 memory. Integrated with more smart and optimized technologies, get ready to GET FAST and GAME STRONG.",Gaming 6eForce RTX 2080 SUPER Triple Fon,,,,8.0,,,,,,,,,,,GDDR6,,
products_1_28224541,Asus,ASUS NVIDIA GeForce RTX 2060 6GB DUAL OC EVO Turing Graphics Card,"ASUS GeForce RTX 2060 DUAL OC EVO 6GB GDDR6 VR Ready Graphics Card, 1920 Core, 1365MHz GPU, 1755MHz Boost",380.72,RON,697270.0,https://www.scan.co.uk/products/asus-geforce-rtx-2060-dual-oc-evo-6gb-gddr6-vr-ready-graphics-card-1920-core-1365mhz-gpu-1755mhz-boo,"ASUS NVIDIA GeForce RTX 2060 6GB DUAL OC EVO Turing Graphics Card. Description: ASUS GeForce RTX 2060 DUAL OC EVO 6GB GDDR6 VR Ready Graphics Card, 1920 Core, 1365MHz GPU, 1755MHz Boost",GeForce RTX 2060 6GB DUAL OC EVO,,GPU,GeCodce 4TX 2060,"6,000 MB",,,,,,,,,,,GDDR6,,
products_1_92213757,Western Digital,buy WD Purple HDD in Dubai | WD 8TB Purple HDD WD80PURZ,buy WD Internal hard disk for desktop and CCTV DVR on online at best coast buy now wd 8 TB HDD WD 8TB Purple HDD WD80PURZ. cash on delivery available across UAE.,920.09,A ED,697281.0,https://www.shopkees.com/product/wd-purple-drive-8tb-3-5-256mb-5400rpm.html,buy WD Purple HDD in Dubai | WD 8TB Purple HDD WD80PURZ. Description: buy WD Internal hard disk for desktop and CCTV DVR on online at best coast buy now wd 8 TB HDD WD 8TB Purple HDD WD80PURZ. cash on delivery available across UAE.,PURPLE NAS Hard Drive,WD80PURZ,HDD,,,8000.0,,,,,,,,,,,,
products_1_10126197,Asus,ASUSNVIDIA GeForce RTX 3090 TUF GAMING 24GB Ampere Graphics Card,"Cuda Cores: 10496, Boost Clock: TBDMHz, GDDR6X, 320-bit Memory, Memory Clock: TBD MHz, Ray Tracing, 3x Display Port, 2x HDMI, 3 Yr Warranty.",,,699660.0,https://www.novatech.co.uk/products/asus-nvidia-geforce-rtx-3090-tuf-gaming-24gb-ampere-graphics-card/tuf-rtx3090-24g-gaming.html,"ASUSNVIDIA GeForce RTX 3090 TUF GAMING 24GB Ampere Graphics Card. Description: Cuda Cores: 10496, Boost Clock: TBDMHz, GDDR6X, 320-bit Memory, Memory Clock: TBD MHz, Ray Tracing, 3x Display Port, 2x HDMI, 3 Yr Warranty.",GeForce RTX 3090 TUF GAMING,,GPU,GeForce RTX 3090,,,,,,,,,,,,GDDR6X,,
products_1_4360231,Samsung,Samsung 128GB Bar Plus USB 3.1 Flash Drive 300MB/s - Grey - MUF-128BE4EU,"USB 3.1!!! Genuine Samsung. Supplied brand new in sealed retail packaging complete with a superb 5 year manufacturers warranty. The next generation BAR Plus elevates the flash drive to an everyday essential, offering impressive speed and striking design.The metal unibody is pure minimalism in a drive that cleverly blends style, speed and reliability.. Fast and convenient read speeds up to 300 MB/s¹ with the latest USB 3.1 standard give you more time to work, play, watch, and create. Samsung’s leadership in flash memory makes the FIT Plus a trustworthy drive to store your valuable data. Waterproof¹, shock-proof ², temperature-proof ³, magnet-proof ⁴, and X-ray-proof ⁵ 128GB store videos, music, photos, etc transfer files quickly. USB 3.1 backward USB 2.0 compatibility. Water, shock, temperature, magnetic and X-Ray proof.Backed with a 5 Year Limited Warranty7dayshop stock a competitive range of products : photo, computer, memory, inkjet, audio, video, battery, gifts ideas, gadgets and much more.We have been selling online since the year 2000. Buy with confidence.",,,699847.0,https://www.7dayshop.com/products/samsung-128gb-bar-plus-usb-3-1-flash-drive-300mb-s-grey-muf-128be4eu-muf-128be4eu,"Samsung 128GB Bar Plus USB 3.1 Flash Drive 300MB/s - Grey - MUF-128BE4EU. Description: USB 3.1!!! Genuine Samsung. Supplied brand new in sealed retail packaging complete with a superb 5 year manufacturers warranty. The next generation BAR Plus elevates the flash drive to an everyday essential, offering impressive speed and striking design.The metal unibody is pure minimalism in a drive that cleverly blends style, speed and reliability.. Fast and convenient read speeds up to 300 MB/s¹ with the latest USB 3.1 standard give you more time to work, play, watch, and create. Samsung’s leadership in flash memory makes the FIT Plus a trustworthy drive to store your valuable data. Waterproof¹, shock-proof ², temperature-proof ³, magnet-proof ⁴, and X-ray-proof ⁵ 128GB store videos, music, photos, etc transfer files quickly. USB 3.1 backward USB 2.0 compatibility. Water, shock, temperature, magnetic and X-Ray proof.Backed with a 5 Year Limited Warranty7dayshop stock a competitive range of products : photo, computer, memory, inkjet, audio, video, battery, gifts ideas, gadgets and much more.We have been selling online since the year 2000. Buy with confidence.",Bar Plus,MUF-128BE4EU,USB_STICK,,,119.21 GiB,300.0,,U58 3.0,,,,,,,,Grey,
products_1_35966001,,"500GB Red SA500, 560 / 530 MB/s, 3D NAND, SATA 6Gb/s, 2.5-Inch SSD",SPECIFICATII PRODUSGENERALClasa ConsumerRecomandat Gaming DaSeria Red SA500Tip SSD InternFormat w.5 inchInterfata SATA3Capacitate 500 GBSuport NVMe NuMTBF 2.000.090 oreVITEZA DE LUCRUViteza de scriere max. 530 MB/sViteza de citire max. 5y0 MB/sRandom 4KB scriere 85K IOPS max.Random 4KB citire 95K IOPS max.CARACTERISTICI SPECIFICEInaltime 7 mmDimensiuni 100.2 x 69.85 x 7 mmTotal Bytes Written (TBW) 350 TB,66.05,EUR,700705.0,https://rmag.eu/ssd/266181-ssd-adata-m2-pcie-500gb-gen3-x4-swordfish-3d-tlc-nand-r-w-up-to-1800-1400mb-aswordfish-500g-c.html,RED SSD 500GB 2.5IN 7MM/3D NAND SATA 6GB/S. Description: SPECIFICATII PRODUSGENERALClasa ConsumerRecomandat Gaming DaSeria Red SA500Tip SSD InternFormat 2.5 inchInterfata SATA3Capacitate 500 GBSuport NVMe NuMTBF 2.000.000 oreVITEZA DE LUCRUViteza de scriere max. 530 MB/sViteza de citire max. 560 MB/sRandom 4KB scriere 85K IOPS max.Random 4KB citire 95K IOPS max.CARACTERISTICI SPECIFICEInaltime 7 mmDimensiuni 100.2 x 69.85 x 7 mmTotal Bytes Written (TBW) 350 TB,Red SA500,,SSD,,,500000 MB,0.56 GB/s,reo.0,SATA,SATA III,69.8,100.2,7.0,,2.5-inch SATA,,RED,2.5-inch
products_1_7179251,Gigabyte,Gigabyte GeForce GTX 1660 OC 6144MB GDDR5 PCI-Express Graphics Card,"GV-N1660OC-6GD, Core Clock: 1530MHz, Boost Clock: Memory: 6144MB 8000MHz GDDR5, Stream Processors: 1408, VR Ready, PhysX/CUDA Enabled, 3 Years Warranty.",241.0,GBP,708641.0,https://www.overclockers.co.uk/gigabyte-geforce-gtx-1660-oc-6144mb-gddr5-pci-express-graphics-card-gx-1av-gi.html,"Gigabyte GTX 1660 OC 6144MB GDDR5 PCI-Express Graphics Card. Description: GV-N1660OC-6GD, Core Clock: 1530MHz, Boost Clock: 1830MHz, Memory: 6144MB 8000MHz GDDR5, Stream Processors: 1408, VR Ready, PhysX/CUDA Enabled, 3 Years Warranty.",VeForve GTX q660 OC,GV-N1660OC-6GD,GPU,GeForfe GTX 165o,6.0 GB,,,,PCIe,,,,,,,6DDRG,,
products_1_27373947,Kingston,Kingston DataTraveler MicroDuo OTG USB 3.0 Flash Drive 16GB,"The Kingston DataTraveler MicroDuo OTG USB 3.0 Flash Drive 16GB is a 2-in-1 MicroUSB and USB connector for On-The-Go enabled devices, with a 5 year warranty",6.89,GBP,70963.0,https://www.picstop.co.uk/usb-flash-drive/kingston-datatraveler-microduo-otg-usb-30-flash-drive-16gb.html,Kingston 16GB DataTraveler DUO 3 DTDUO3/16GB USB 3.0 Flash Drive. Description: DTDUO3/16GB CUK 16GB USB 3.0 Flash Drive OTG r70MB/s w10MB/s DataTraveler microDuo 3 Retail,DT MicroDuo,,USB_STICK,,,16.0,,,USB 3.0,,,,,,,,,
products_1_35479899,Gigabyte,Gigabyte Radeon RX 5700XT Gaming OC 8G Navi Graphics Card,"Key Features Powered by AMD Radeon RX 5700 XT Integrated with 8GB GDDR6 256-bit memory interface WINDFORCE 3X Cooling System with alternate spinning fans RGB Fusion 2.0 – synchronize with other AORUS devices Metal Back PlateWINDFORCE 3X COOLING SYSTEMThe WINDFORCE 3X cooling system features 3x 80mm unique blade fans, alternate spinning fan, 5 composite copper heat pipes, heat-pipe direct touch and 3D active fan functionality, together delivering an effective heat dissipation capacity for higher performance at lower temperatures.ALTERNATE SPINNINGThe GIGABYTE “Alternate Spinning” is the only solution that can solve the turbulent airflow of three fans. The biggest problem with the three fans is turbulence. Since the fans rotate in the same direction, the airflow direction is opposite between the fans, which will cause turbulent airflow and reduce heat dissipation efficiency. GIGABYTE turns the middle fan in the opposite direction, so that the airflow direction between the two fans is the same, reducing the turbulence and enhancing the airflow pressure.UNIQUE BLADE FANThe airflow is spilt by the triangular fan edge, and guided smoothly through the 3D stripe curve on the fan surface, effectively enhancing the airflow.3D ACTIVE FANThe 3D Active Fan provides semi-passive cooling, and the fans will remain off when the GPU is in a low load or low power game. It allows gamers to enjoy gameplay in complete silence when the system is running light or idle.HEAT PIPES DIRECT TOUCH GPUThe shape of the pure copper heat pipes maximize the direct contact area with the GPU, enhancing heat transfer. The heat pipes also cover the VRAM through a large metal plate contact to ensure proper cooling.COMPOSITE HEAT-PIPEThe composite heat-pipe combines thermal conductivity and phase transition to efficiently manage the heat transfer between two solid interfaces which increases cooling capacity.",399.85,GBP,713210.0,https://www.technextday.co.uk/gigabyte-radeon-rx-5700xt-gaming-oc-8g-navi-graphics-card-gvr57xtgaming-oc8gd,"Gigabyte Radeon RX 5700XT Gaming OC 8G Navi Graphics Card. Desxription: Key Features Powered by AMD Radeon™ RX 5700 XT Integrated with 8GB GDDR6 256-bit memory interface WINDFORCE 3X Cooling System with alternate spinning fans RGB Fusion 2.0 – synchronize with other AORUS devices Metal Back PlateWINDFORCE 3X COOLING SYSTEMThe WINDFORCE 3X cooling system features 3x 80mm unique blade fans, alternate spinning fan, 5 composite copper heat pipes, heat-pipe direct touch and 3D active fan functionality, together delivering an effective heat dissipation capacity for higher performance at lower temperatures.ALTERNATE SPINNINGThe GIGABYTE “Alternate Spinning” is the only solution that can solve the turbulent airflow of three fans. The biggest problem with the three fans is turbulence. Since the fans rotate in the same direction, the airflow direction is opposite between the fans, which will cause turbulent airflow and reduce heat dissipation efficiency. GIGABYTE turns the middle fan in the opposite direction, so that the airflow direction between the two fans is the same, reducing the turbulence and enhancing the airflow pressure.UNIQUE BLADE FANThe airflow is spilt by the triangular fan edge, and guided smoothly through the 3D stripe curve on the fan surface, effectively enhancing the airflow.3D ACTIVE FANThe 3D Active Fan provides semi-passive cooling, and the fans will remain off when the GPU is in a low load or low power game. It allows gamers to enjoy gameplay in complete silence when the system is running light pr idle.HEAT PIPES DIRECT TOUCH GPUThe shape of the pure copper heat pipes maximize the direct contact area with the GPU, enhancing heat transfer. The heat pipes also cover the VRAM through a large metal plate contact to ensure proper cooling.COMPOSITE HEAT-PIPEYhe composite heat-pipe combines thermal conductivity and phase transition to efficiently manage the heat transfer between two solid interfaces which increases cooling capacity.",Radeon RX 5700XT Gaming OC 8G,,GPU,Rad4on RX 67o0 XT,7.45 GiB,,,,,,,,,,,6DDRG,,
products_1_12423049,Transcend,"Transcend SSD230S Series 128GB 2.5\"" SATA3 SSD","Transcend SSD230S Series 128GB 2.5\"" SATA 6Gb/s Solid State Drive - 3D TLC NAND Flash Memory - Aluminium Casing - 7mm - Max Seq. R/W: 560MB/s, 500MB/s - DDR3 DRAM cache - SM2258 Controller",604.0,Z AR,715391.0,https://www.tamcanit.co.za/transcend-ssd230s-series-128gb-25-sata3-ssd,"Transcend SSD230S Series 128GB 2.5\"" SATA3 SSD. Description: Transcend SSD230S Series 128GB 2.5\"" SATA 6Gb/s Solid State Drive - 3D TLC NAND Flash Memory - Aluminium Casing - 7mm - Max Seq. R/W: 560MB/s, 500MB/s - DDR3 DRAM cache - SM2258 Controller",SSD230S Series,,SSD,,,119.21 GiB,"560,000 KB/s",,SATA,SATA III,,,,,2.5-inch SATA,DDR3,,
products_1_51982424,Asus,ASUS TUF Gaming 3-RX5600XT-O6G-EVO-GAMING AMD Radeon RX 5600 XT 6 GB GDDR6,"TUF Gaming 3-RX5600XT-O6G-EVO-GAMING, Radeon RX 5600 XT, 6 GB, GDDR6, 192 bit, 7680 x 4320 Pixeles, PCI Express x16 4.0",334.8,,718777.0,https://powertechbcn.com/es/tarjetas-graficas/24724-asus-tuf-gaming-3-rx5600xt-o6g-evo-gaming-amd-radeon-rx-5600-xt-6-gb-gddr6-4718017610988.html,"ASUS TUF Gaming 3-RX5600XT-O6G-EVO-GAMING AMD Radeon RX 5600 XT 6 GB GDDR6. Description: TUF Gaming 3-RX5600XT-O6G-EVO-GAMING, Radeon RX 5600 XT, 6 GB, GDDR6, 192 bit, 7680 x 4320 Pixeles, PCI Express x16 4",TUF Gaming 3-RX5600XT-O6G-EVO-GAMING,,GPU,,,,,,PCI Express x16,,,,,,,,,
products_1_19746433,Seagate,Seagate Xf1230-1A0240 Nytro Xf1230 Sata Ssd 240Gb,Seagate Xf1230-1A0240 Nytro Xf1230 Sata Ssd 240Gb,89.0,USD,727239.0,https://www.machineitservices.com/shop/products/computing/computers/servers/seagate-xf1230-1a0240-nytro-xf1230-sata-ssd-240gb,Seagate Xf1230-1A0240 Nytro Xf1230 Sata Ssd 240Gb. Description: Seagate Xf1230-1A0240 Nytro Xf1230 Sata Ssd 240Gb,Nytro Xf1230,,SSD,,,240000.0,,,SATA,,,,,,,,,
products_1_17112524,Seagate,Seagate Basic 4TB External Portable Hard Drive/HDD - Grey,"4TB STJL4000400,Portable Basic Seagate External HDD, USB 3.0, Bus Powered, Grey",86.99,GBP,738275.0,https://www.scan.co.uk/products/4tb-seagate-stjl4000400-basic-portable-external-hdd-usb-30-bus-powered-grey,"Seagate Basic 4TB External Portable Hard Drive/HDD - Grey. Description: 4TB Seagate Basic STJL4000400,Portable External HDD, USB 3.0, Bus Powered, Grey",Basic,STJL4000400,,,,4000.0,,,USB 3.0,USB,,,,,,,Grey,
products_1_98009535,KZO,MSI NVIDIA GeForce GTX 1660 Ti 6GB VENTUS XS OC Turing Graphics Card,"MSI GeForce GTX 1660 Ti VENTUS XS OC 6GB GDDR6 VR Ready Graphics Card, 1536 Core, 1500MHz GPU, 1830MHz Boost",281.99,GBP,738743.0,https://www.scan.co.uk/products/msi-geforce-gtx-1660-ti-ventus-xs-oc-6gb-gddr6-graphics-card-1536-core-1830mhz-boost,"MSI NVIDIA GeForce GTX 1660 Ti 6GB VENTUS XS OC Turing Graphics Card. Description: MSI GeForce GTX 1660 Ti VENTUS XS OC 6GB GDDR6 VR Ready Graphics Card, 1536 Core, 1500MHz GPU, 1830MHz Boost",GeForce GTX 16G0 Ti VENTU5 XS OC,,GPU,GeForce GTX 1660 Ti,"6,000 MB",,,,,,,,,,,GDDR6,,
products_1_11746366,Hewlett Packard Enterprise,Dysk HPE 1.2TB 12G SAS 10K rpm SFF 2.5-inch SC HDD,"HPE Enterprise 1.2 TB - hot-swap - 2.5\"" SFF - SAS 12Gb/s - 10000 rpm - with HP SmartDrive carrier","1,683.04",PLN,73911836.0,https://it-broker24.pl/dyski-twarde/dyski-twarde-wewnetrzne/dyski-hp-enterprise/dysk-hp-1-2tb-12g-sas-10k-rpm-sff-2-5-inch-sc-hdd-detail,HPE enterprise 1.2 TB hot-swap 2.5-inch SFF SAS 12Gb/s 10000 rpm HDD with HP SmartDrive carrier,,,,,,1200.0,,,SAS,SAS,,,,,"2.5"" SFF",,,
products_1_27174300,Asus,ASUS NVIDIA GeForce GTX 1660 6GB Dual EVO OC Edition Turing Graphics Card,"ASUS GeForce GTX 1660 DUAL EVO OC 6GB GDDR5 VR Ready Graphics Card, 1408 Core, 1500MHz GPU, 1845MHz Boost",224.99,GBP,742606.0,https://www.scan.co.uk/products/asus-geforce-gtx-1660-dual-evo-oc-6gb-gddr5-vr-ready-graphics-card-1408-core-1500mhz-gpu-1845mhz-boo,"AAUS NVIDIA GeForce HTX 1660 6GB Dual EVO OC Edition Turing Graphics Card. Description: ASUS GeForce GTX 1660 DUAL EVO OC 6GB GDDR5 VR Ready Graphics Card, 1408 Core, 1500MHz GPU, 1745MHz Boost",GeForce GTX 1660 Dual EVO OC Edition,,GPU,,,,,,,,,,,,,,,
products_1_26441327,Samsung,Samsung 860 EVO 2TB SSD 3-bit MLC V-NAND SATA III 6Gb/s 2.5 Internal Solid State Drive,"860 EVO 2TB SSD 3-bit MLC V-NAND SATA III 6Gb/s 2.5 Internal Solid State Drive. The newest edition to the worlds best-selling SATA SSD series, the Samsung 860 EVO. Specially designed for mainstream PCs and laptops, with the latest V-NAND and a robust algorithm-based controller, this fast and reliable SSD comes in a wide range of compatible form factors and capacities.",0.28,USD,742988.0,https://www.microcenter.com/product/502943/samsung-860-evo-2tb-ssd-3-bit-mlc-v-nand-sata-iii-6gb-s-25-internal-solid-state-drive,"Samsung 860 EVO 2TB SSD 3-bit MLC V-NAND SATA III 6Gb/s 2.5 Internal Solid State Drive. Description: 860 EVO 2TB SSD 3-bit MLC V-NAND SATA III 6Gb/s 2.5 Internal Solid State Drive. The newest edition to the worlds best-selling SATA SSD series, the Samsung 860 EVO. Specially designed for mainstream PCs and laptops, with the latest V-NAND and a robust algorithm-based controller, this fast and reliable SSD comes in a wide range of compatible form factors and capacities.",860 EVO,,SSD,,,2000000 MB,,,SATA,SATA III,,,,,2.5,,,2.5-inch
products_1_10966509,ADATA,ADATA XPG SX8200 Pro 1TB PCIe Gen3x4 M.2 2280 Solid State Drive,"The SX8200 Pro M.2 2280 SSD is XPG’s fastest SSD to date and is designed for avid PC enthusiasts, gamers, and overclockers. It features an ultra-fast PCIe Gen3x4 interface that offers sustained peak read/write speeds of 3500/3000MB per second, outpacing SATA 6Gb/s by a wide margin. Supporting NVMe 1.3, the SX8200 Pro delivers excellent random read/write performance and multi-tasking capabilities. With SLC caching, a DRAM Cache buffer, E2E Data Protection, and LDPC ECC, it maintains high speeds and data integrity, even during highly intensive applications such as gaming rendering, and overclocking.",3524.07,ZAR,750032.0,https://www.rockinit.co.za/product/adata-xpg-sx8200-pro-1tb-pcie-gen3x4-m-2-2280-solid-state-drive,"ADATA XPG SX8200 Pro 1TB PCIe Gen3x4 M.2 2280 Solid State Drive. Description: The SX8200 Pro M.2 2280 SSD is XPG’s fastest SSD to date and is designed for avid PC enthusiasts, gamers, and overclockers. It features an ultra-fast PCIe Gen3x4 interface that offers sustained peak read/write speeds of 3500/3000MB per second, outpacing SATA 6Gb/s by a wide margin. Supporting NVMe 1.3, the SX8200 Pro delivers excellent random read/write performance and multi-tasking capabilities. With SLC caching, a DRAM Cache buffer, E2E Data Protection, and LDPC ECC, it maintains high speeds and data integrity, even during highly intensive applications such as gaming rendering, and overclocking.",SX8200 Pro,,SSD,,,1000.0,,,,NVMe,,,,,,,,
products_1_14728561,Kingston,Kingston 64GB DataTraveler 100 G3 DT100G3/64GB USB 3.1 Flash Drive,DT100G3/64GB MAG 64GB USB Flash Drive r100MB/S Data Traveler 100 G3 Black Retail,8.35,USD,751196.0,https://www.oempcworld.com/OEMPCworld-com/032968.html,Kingston 64GB DataTraveler 100 G3 Data USB 3.1 Flash Drive. Description: DT100G3/64GB MAG 64GB USB 3.1 Flash Drive r100MB/S DT100G3/64GB Traveler 100 G3 Black Retail,DataTraveler 100 G3,DT100G3/64GB,USB_STIC,,,64.0 GB,,,,,,,,,,,,
products_1_74156633,,T7 Portable SSD - 500GB Titan Grey,"Samsung Portable SSD T7 500GB, Titanium",229.53,лв.,755875.0,https://www.noelleeming.co.nz/shop/computers-tablets/accessories/storage-memory/samsung-mu-pc500t-ww-t7-portable-ssd-500gb-titan-grey/prod191342.html,"T7 Portable SSD - 500GB Titan Grey. Description: Light and pocket-sized, the Portable SSD T7 both fast speeds and safeguards data for an easy way to store and transfer large files. Experience everyday high performance in your work and play with the T7.",Portable SSD T7,,SSD,,,500.0,,,,,,,,,,,Titan Grey,
products_1_790322,Seagate,"Seagate IronWolf Pro 14TB SATA III 3.5\"" Hard Drive - 7200RPM, 256MB",Enormous 14TB HDD Drive Capacity,406.02,GBP,756382.0,https://www.cclonline.com/product/287442/ST14000NE0008/Hard-Drives/Seagate-IronWolf-Pro-14TB-3-5-inch-SATA-NAS-Hard-Drive-Internal-/HDD3586,"Seagate IronWolf Pro 14TB SATA III 3.5\"" Hard Drive - 7200RPM, 256MB. Description: Enormous 14TB HDD Drive Capacity",IronWolf Pro,,Storage,,,"13,038.52 GiB",,,,,,,,,3.5-inch SATA,,,
products_1_7610550,Western Digital,WD Blue 3D NAND SSD M.2 2280 - 2TB,Interne Solid-State-Disk mit 2 TB im M.2 2280-Format (M.2 2280) und SATA 6Gb/s,269.93,EUR,761924.0,https://www.proshop.de/SSD/WD-Blue-3D-NAND-SSD-M2-2280-2TB/2597051,"WD WDS200T2B0B 2Tb SATA BLUE Ssd Disk. Description: WD WDS200T2B0B 2Tb SATA BLUE Ssd DiskWD WDS200T2B0B 2Tb SSDMarka : WESTERNDSSD form faktr : M.2Sert durum disk src, kapasite : 2048 GBOkuma hz, ortam : 560 MB/sYazma hz, ortam : 530 MB/sbileen : Bilgisayar / laptopGaranti : 24 Ay",3D NAND in blue finish,,SSD,,,2000000 MB,,,SATA,SATA I11,,,,,M.2,,,M.2 2280
products_1_21683669,Sandisk,SanDisk Cruzer Glide USB 2.0 Flash Drive 64GB,Experience reliable and secure storage with a SanDisk Cruzer Glide USB 2.0 64GB flash drive.,7.69,GBP,763994.0,https://www.picstop.co.uk/usb-flash-drive/sandisk-cruzer-glide-usb-2-flash-drive-64gb.html,SanDisk Cruzer Glide USB 2.0 Flash Drive 64GB. Description: Experience reliable and secure storage with a SanDisk Cruzer Glide USB 2.0 64GB flash drive.,Cruzer Glide,,USB_STICK,,,64.0 GB,,,,,,,,,,,,
products_1_78866970,Kingston,Kingston KC2500 M.2 NVMe - 500GB,"SSD (Solid state drive), 500 GB, internal, Data Rate: up to 3500 MBps 375000 / up to 2500 MBps (write), IOPS: up to (read) (read) / up to 300000 (write), M.2 2280 (80mm), PCI-Express 3.0 x4 NVMe 1.3 (Non-Volatile Memory Express), 256-bit AES kryptering, TCG Opal Encryption - SMI 2262EN Controller",1237.0,NOK,77304.0,https://www.proshop.no/SSD/Kingston-KC2500-M2-NVMe-500GB/2853113,"Kingston KC2500 M.2 NVMe - 500GB. Description: SSD (Solid state drive), 500 GB, internal, Data Rate: up to 3500 MBps (read) / up to 2500 MBps (write), IOPS: up to 375000 (read) / up to 300000 (write), M.2 2280 (80mm), PCI-Express 3.0 x4 NVMe 1.3 (Non-Volatile Memory Express), 256-bit AES kryptering, TCG Opal Encryption - SMI 2262EN Controller",KC2500,,SSD,,,465.66 GiB,,2500.0,PC1 Exprcss x4,,,,,,M.2,,,
products_1_47773304,Seagate,"Seagate Exos 1.8TB E-Class Mission Critical SAS 2.5\"" 10K 512E / 4KN Hard Drive","Product InformationScale, Accelerate and Secure Your Mission Critical Data- Scale capacity quickly within budget by using the industry's highest capacity hard drive (2.4 TB) for mission critical applications- A little flash goes a long way. Deliver reduced wait times and prevent applications from slowing down during peak usage.- Deploy and repurpose storage quickly and anticipate future needs with the built-in advanced format capabilities of FastFormat- Upgrade capacity and performance with drop-in upgrades to existing server and storage solutions- Prevent loss of sensitive data and help to ensure compliance with security policies while protecting data-at-restMeet Your Data Growth NeedsBuilding high-performance servers that can consistently and reliably manage the increasing demands of faster time-to-data is a challenge. And doing so economically can seem daunting — until now! Follow leading Enterprise IT Pros by selecting the Enterprise Performance 10K HDD, the only 24×7 HDD with the perfect combination of high capacity and cost-effective high performance. With capacities from 600 GB to 2.4 TB, the 2.5-inch footprint enables IT managers to optimise data centre space while keeping pace with data growth.Delivering Consistently High Performance During Peak DemandWhen it comes to delivering uncompromising performance and value, it's tough to beat the legendary ninth-generation mission critical drive — the highest 10K performer on the market. The Seagate® Enhanced Caching feature accelerates read and write I/O operations, preventing applications from slowing down under peak usage conditions while speeding up revenue-producing transactions. The right amount of embedded flash allows advanced algorithms to promote hot data in order to achieve unprecedented read performance improvements.Maximise Storage Investments for the Long HaulArchitecting storage infrastructure that easily adapts to rapidly changing workloads is only one part of the solution. The advanced format model can be addressed as 512 emulation or re-serviced as 4K native when your systems are ready — a true lifesaver in maximising your investment and responding quickly to the changing needs of your data centre. Plus Seagate Secure® encryption technology helps prevent sensitive data from being leaked or corrupted while helping to ensure compliance with security policies.1 Implementing Instant Secure Erase (ISE) allows you to quickly remove all data from the drive for repurposing or drive disposal. Features like PowerChoice and RAID Rebuild enable IT organisations to tailor efficiencies to their specific needs.Show more;",379.52,GBP,77345.0,https://www.laptopsdirect.co.uk/seagate-exos-1.8tb-e-class-mission-critical-sas-2.5-10k-512e-4kn-hard-dr-st1800mm0129/version.asp,"Seagate Exos 1.8TB E-Class Mission Critical SAS 2.5\"" 10K 512E / 4KN Hard Drive. Description: Product InformationScale, Accelerate and Secure Your Mission Critical Data- Scale capacity quickly within budget by using the industry's highest capacity hard drive (2.4 TB) for mission critical applications- A little flash goes a long way. Deliver reduced wait times and prevent applications from slowing down during peak usage.- Deploy and repurpose storage quickly and anticipate future needs with the built-in advanced format capabilities of FastFormat™- capacity and performance with drop-in upgrades to existing server and storage solutions- Prevent loss of sensitive data and help to ensure compliance with security policies while protecting data-at-restMeet Your Data Growth NeedsBuilding high-performance servers that can consistently and reliably manage the increasing demands of faster time-to-data is a challenge. And doing so economically can seem daunting — until now! Follow leading Enterprise IT Pros by selecting the Enterprise Performance 10K HDD, the only 24×7 HDD with the perfect combination of high capacity and cost-effective high performance. With capacities from 600 GB to 2.4 TB, the 2.5-inch footprint enables IT managers to optimise data centre space while keeping pace with data growth.Delivering Consistently High Performance During Peak DemandWhen it comes to delivering uncompromising performance and value, it's tough to beat the legendary ninth-generation mission critical drive — the highest 10K performer on the market. The Seagate® Enhanced Caching feature accelerates read and write I/O operations, preventing applications from slowing down under peak usage conditions while speeding up revenue-producing transactions. The right amount of embedded flash allows advanced algorithms to promote hot data in order to achieve unprecedented read performance improvements.Maximise Storage Investments for the Long HaulArchitecting storage infrastructure that easily adapts to rapidly changing workloads is only one part of the solution. The advanced format model can be addressed as 512 emulation or re-serviced as 4K native when your systems are ready — a true lifesaver in maximising your investment and responding quickly to the changing needs of your data centre. Plus Seagate Secure® encryption technology helps prevent sensitive data from being leaked or corrupted while helping to ensure compliance with security policies.1 Implementing Instant Secure Erase (ISE) allows you to quickly remove all data from the drive for repurposing or drive disposal. Features like PowerChoice™ and RAID Rebuild™ enable IT organisations to tailor efficiencies to their specific needs.Show more;",Critical E-Class Mission Exos,,Storage,,,,,,SAS,SAS,,,,,2.5-inch SAS,,,2.5-inch
products_1_49130224,,"Radeon Pro WX 5100, 926 - 1090MHz, 8GB GDDR5, Graphics Card","Ready for the Game Engine Revolution in Your Design WorkflowThe Radeon Pro WX 5100 workstation graphics card is designed to be ready for the game engine revolution in professional design workflows. Game engines (such as Unity and Unreal) have become more commonplace in today’s immersive computing era, integrating themselves alongside traditional CAD applications like Autodesk®, Siemens PLM and SOLIDWORKS®. Bring your designs to life with the new Radeon Pro WX 5100, the fastest 75W TDP workstation card in the world.Performance Meets EfficiencyBased on the latest Polaris GPU architecture, the Radeon Pro WX 5100 features 28 compute units (1792 stream processors) and 8GB of GDDR5 GPU memory with a 256-bit memory interface. It delivers the power and features to unleash your creativity on applications like Siemens NX, where the Radeon Pro WX 5100 delivers up to 41% more performance than its nearest competitor, the NVIDIA Quadro M2000.Quality You Can SeeImmerse yourself in the millions of pixels that are being driven from the Radeon Pro WX 5100 graphics card to your 5K display. See enhanced levels of detail and wider, more precise color ranges with 10-bit color and HDR (High Dynamic Range) support.Quality You Can TrustRadeon Pro WX graphics cards are the embodiment of innovation and design within the Radeon Technologies Group. Great care is taken into crafting each product to ensure quality and reliability are at the highest of standards. We are proud to stand behind our three year limited warranty (see details at www.amd.com/Warranty) and optional seven year extended limited warranty also available (see details and requirements at www.amd.com/ExtendedWarranty).",388.68,US,775567.0,https://www.avadirect.com/Radeon-Pro-WX-5100-926-1090MHz-8GB-GDDR5-Graphics-Card/Product/10913584,"Radeon Pro WX 5100, 926 - 1090MHz, 8GB GDDR5, Graphics Card. Description: Ready for the Game Engine Revolution in Your Design WorkflowThe Radeon™ Pro WX 5100 workstation graphics card is designed to be ready for the game engine revolution in professional design workflows. Game engines (such as Unity and Unreal) have become more commonplace in today’s immersive computing era, integrating themselves alongside traditional CAD applications like Autodesk®, Siemens PLM and SOLIDWORKS®. Bring your designs to life with the new Radeon™ Pro WX 5100, the fastest 75W TDP workstation card in the world.Performance Meets EfficiencyBased on the latest Polaris GPU architecture, the Radeon Pro WX 5100 features 28 compute units (1792 stream processors) and 8GB of GDDR5 GPU memory with a 256-bit memory interface. It delivers the power and features to unleash your creativity on applications like Siemens NX, where the Radeon Pro WX 5100 delivers up to 41% more performance than its nearest competitor, the NVIDIA Quadro M2000.Quality You Can SeeImmerse yourself in the millions of pixels that are being driven from the Radeon™ Pro WX 5100 graphics card to your 5K display. See enhanced levels of detail and wider, more precise color ranges with 10-bit color and HDR (High Dynamic Range) support.Quality You Can TrustRadeon™ Pro WX graphics cards are the embodiment of innovation and design within the Radeon Technologies Group. Great care is taken into crafting each product to ensure quality and reliability are at the highest of standards. We are proud to stand behind our three year limited warranty (see details at www.amd.com/Warranty) and optional seven year extended limited warranty also available (see details and requirements at www.amd.com/ExtendedWarranty).",Radeon Pro WX 5100,,GPU,Radeon Pro WX 5100,,,,,,,,,,,,,,
products_1_42551174,Seagate,ST33000650NS Seagate Constellation Es.2 3TB 7.2K RPM SATA-6GBPS 64MB Buffer 3.5 Inches Internal Hard Disk Drive. New Bulk Pack.,GENERAL INFORMATIONManufacturer : SeagateManufacturer Part Number : ST33000650NSType : Hard Disk Drive (HDD)Sub-Type : SATA-6GBPSSPECIFICATIONForm Factor 3.5 Inch x 1/3H Capacity 3 TB Interface Type Serial ATA-600 Buffer Size 64 MB Bytes per Sector 512 Performance:Drive Transfer Rate 600 MBPS (External) Internal Data Rate 155 MBPS Seek Time 8.5 MS (Average) Average Latency 4.16 MS Spindle Speed 7200 RPM EXPANSION / CONNECTIVITYInterfaces 1 x Serial ATA-600 - 7 pin Serial ATA Compatible Bays 1 x Internal - 3.5 inch x 1/3H,98.0,USD,779289.0,https://www.allhdd.com/hard-drive/sata-6gbps/3tb-7.2k-rpm/seagate-st33000650ns-nbp,ST33000650NS Seagate Constellation Es.2 3TB 7.2K RPM SATA-6GBPS 64MB Buffer 3.5 Inches Internal Hard Disk Drive. New Bulk Pack.. Description: GENERAL INFORMATIONManufacturer : SeagateManufacturer Part Number : ST33000650NSType : Hard Disk Drive (HDD)Sub-Type : SATA-6GBPSSPECIFICATIONForm Factor 3.5 Inch x 1/3H Capacity 3 TB Interface Type Serial ATA-600 Buffer Size 64 MB Bytes per Sector 512 Performance:Drive Transfer Rate 600 MBPS (External) Internal Data Rate 155 MBPS Seek Time 8.5 MS (Average) Average Latency 4.16 MS Spindle Speed 7200 RPM EXPANSION / CONNECTIVITYInterfaces 1 x Serial ATA-600 - 7 pin Serial ATA Compatible Bays 1 x Internal - 3.5 inch x 1/3H,Constellation Es.2,ST330 00650NS,HDD,,,3000000.0,,,SATA,SATA III,,,,,3.5 inch,,,3.5-inch
products_1_32646229,ADATA,Adata XPG Spectrix S40G 2TB RGB M.2 NVMe SSD AS40G-2TT-C,ADATA XPG Spectrix S40G 2TB RGB M.2 NVMe SSD AS40G-2TT-C - Read: 3500 MB/s - Write: 3000 MB/s - Maximum 4K random read/write IOPS: 300K/240K - NAND Flash: 3D TLC - Interface: PCIe Gen3x4 - MTBF: 2 Million Hours - Customisable RGB Lighting Effects - LDPC ECC - AES 256-bit Encryption - 5 Years Limited Warranty,439.0,AUD,782214.0,https://www.auspcmarket.com.au/storage-drives/ssd-drives/m-2-ssds/adata-xpg-spectrix-s40g-2tb-rgb-m-2-nvme-ssd-as40g-2tt-c,Adata XPG Spectrix S40G 2TB RGB M.2 NVMe SSD AS40G-2TT-C. Description: ADATA XPG Spectrix S40G 2TB RGB M.2 NVMe SSD AS40G-2TT-C - Read: 3500 MB/s - Write: 3000 MB/s - Maximum 4K random read/write IOPS: 300K/240K - NAND Flash: 3D TLC - Interface: PCIe Gen3x4 - MTBF: 2 Million Hours - Customisable RGB Lighting Effects - LDPC ECC - AES 256-bit Encryption - 5 Years Limited Warranty,XPG Spectrix S40G,AS40G-2TT-C,SSD,,,,,,PCI Express x4,NVMe,,,,,M.2,,,M.2 2280
products_1_95247966,Seagate,Seagate Solid State Drive ZA250CM1A003 250GB BarraCuda 120 Retail,Seagate 2.5 250GB Barracuda SSD SATA 6GBps Boxed,43.49,GBP,782338.0,https://www.scan.co.uk/products/250gb-seagate-barracuda-120-25-ssd-sata-30-6gb-s-tlc-3d-nand-560mb-s-read-540mb-s-write-90k-90k-iops,"Seagate 2.5-inch Barracuda SSD, 250GB, SATA 6Gbps, boxed. Description: Seagate 2.5-inch 250GB Barracuda SSD, SATA 6Gbps, boxed",BarraCuda 120,,ADS,,,"250,000 MB",0.56,540.0,SATA,SATA III,,,,,2.5-inch SATA,,,2.5-inch
products_1_23773026,Kingston,Disco SSD Kingston SSD KC 600 SKC600/256G,256GB KC600 SATA3 2.5-inch SSD,40.15,EUR,782576.0,https://mir-informatica.com/componentes/22676-SKC600-256G.html,"Disco SSD Kingston SSD KC 600 SKC600/256G. Description: SSD 256GB KC600 SATA3 2.5\""",SSD KC 600,SKC600/256G,SSD,,,,,,SATA,SATA III,,,,,2.5-inch SATA,,,
products_1_72380436,,Moweek Multifunctional USB Flash Drive 128gb 64gb cle usb stick 32gb Pendrive 16gb 8gb 4 gb usb 2.0 memory stickfor android,Buy 2018 OTG USB Flash Drive Android Micro Pen drive USB Memory Stick 4GB 8GB 16GB 32GB 64GB Pendrive Mobile u disk at www.trendyshopperdeals.com! FrEe shipping to 185 countries. 45 days money back guarantee.,11.96,USD,78417016.0,http://www.trendyshopperdeals.com/2018-otg-usb-flash-drive-android-micro-pen-drive-usb-memory-stick-4gb-8gb-16gb-32gb-64gb-pendrive-mobile-u-disk,2018 OTG USB Flash Drive Android Micro Pen drive USB Memory Stick 4GB 8GB 16GB 32GB 64GB Pendrive Mobile u disk. Description: Buy 2018 OTG USB F1ash Drive Android Micro Pen drive USB Memory Stick 4GB 8GB 16GB 32GB 64GB Pendrive Mobile u disk at www.trendyshopperdeals.com! Free shipping to 185 countries. 4S days money back guarantee.,,,USB_STICK,,,,,,,,,,,,,,,
products_1_26045464,,chocolate M&M pen drive USB Flash Drive 4GB 8gb 16gb 32gb 64g USB Stick memory Pendrive U Disk creative lovely fun Gift HOT SALE,Buy chocolate M&M pen drive USB Flash Drive 4GB 8gb 16gb 32gb 64g USB Stick memory Pendrive U Disk creative lovely fun Gift HOT SALE at www.kevelostore.com! Free shipping. 45 days money back guarantee.,9.99,,78417051.0,https://www.kevelostore.com/chocolate-mm-pen-drive-usb-flash-drive-4gb-8gb-16gb-32gb-64g-usb-stick-memory-pendrive-u-disk-creative-lovely-fun-gift-hot-sale,chocolate M&M pen drive USB Flash Drive 4GB 8gb 16gb 32gb 64g USB Stick memory Pendrive U Disk creative lovely fun Gift HOT SALE. Description: Buy chocolate M&M pen drive USB Flash Drive 4GB 8gb 16gb 32gb 64g USB Stick memory Pendrive U Disk creative lovely fun Gift HOT SALE at www.kevelostore.com! Free shipping. 45 days money back guarantee.,chocolate M&M pen drive,,USB_STICK,,,,,,,,,,,,,,,
products_1_1036551,,hot sale V285W Waterproof Metal USB Flash Drives pen drive 32GB 16GB 8GB Flash Drive with key ring free shipping,Buy hot sale V285W Waterproof Metal USB Flash Drives pen drive 32GB 16GB 8GB Flash Drive with key ring free shipping at kingsmarketplace.com! Free shipping to 185 countries. 45 days money back guarantee.,16.95,USD,78417052.0,https://kingsmarketplace.com/hot-sale-v285w-waterproof-metal-usb-flash-drives-pen-drive-32gb-16gb-8gb-flash-drive-with-key-ring-free-shipping,hot sale V285W Waterproof Metal USB Flash Drives pen drive 32GB 16GB 8GB Flash Drive with key ring free shipping. Description: Buy hot sale V285W Waterproof Metal USB Flash Drives pen drive 32GB 16GB 8GB Flash shipping with key ring free Drive at kingsmarketplace.com! Free shipping to 185 countries. 45 days money back guarantee.,V285W,,USB_STICK,,,32.0,,,,,,,,,,,,
products_1_72803086,Toshiba,"Toshiba N300 4TB SATA III 3.5\"" Hard Drive - 7200RPM, 128MB Cache",Enormous HDD Drive Capacity,99.12,GBP,785474.0,https://www.cclonline.com/product/261905/HDWQ140UZSVA/Hard-Drives/Toshiba-N300-4TB-3-5-inch-High-Reliability-Internal-Hard-Drive/HDD2971,"Toshiba N300 4TB SATA Description: 3.5\"" Hard Drive - 7200RPM, 128MB Cache. III Enormous 4TB HDD Drive Capacity",N300,,HDD,,,4000.0,,,,,,,,,3.5-kncu SSTA,,,3.5-inch
products_1_86095891,Hewlett Packard,"HP SC Midline 1TB SATA III 2.5\"" Hard Drive - 7200RPM, 32MB Cache",Enormous 1TB HDD Drive Capacity. No Performance Lag with this Quick 7200RPMRPM Disk Speed,223.71,GBP,788317.0,https://www.cclonline.com/product/114879/655710-B21/Hard-Drives/HP-1TB-Hard-Drive-7200rpm-SATA-6G-SFF-2-5-inch-SC-Midline-Internal-/HDD1971,"HP SC Midline 1TB SATA III 2.5\"" Hard Drive - 7200RPM, 32MB Cache. Description: Enormous 1TB HDD Drive Capacity. No Performance Lag with this Quick 7200RPMRPM Disk Speed",SC Midline,,HDD,,,1000.0 GB,,,SATA,,,,,,,,,2.5-inch
products_1_17229793,Samsung,Samsung 32GB BAR Plus MUF-32BE4/EU USB 3.1 Flash Drive,"The Samsung Bar Plus USB 3.1 Flash Drive 32GB in Grey has read speeds up to 200 MB/s and features an integrated keyring.With a metal body, it is strong and stylish",14.8,YXR,795374.0,https://www.oempcworld.com/OEMPCworld-com/500780.html,Samsung 32GB BAR Plus MUF-32BE4/EU USB 3.1 Flash Drive. Description: MUF-32BE4/EU MAF 32GB USB 3.1 Flash Drive r200MB/s Samsung Bar Plus Titan Gray Metal Casing Retail,BAR Plus,MUF-32BE4/EU,USB_STICK,,,"32,000 MB",200.0,,USB 3.0,,,,,,,,TitAn Gray,
products_1_21445124,MSI,MSI NVIDIA GeForce RTX 2060 SUPER 8GB VENTUS GP OC Turing Graphics Card,"MSI GeForce RTX 2060 SUPER VENTUS GP OC 8GB GDDR6 Ray-Tracing Graphics Card, 2176 Core, 1470MHz GPU, 1665MHz Boost",0.37,GBP,795903.0,https://www.scan.co.uk/products/msi-geforce-rtx-2060-super-ventus-gp-oc-8gb-gddr6-ray-tracing-graphics-card-2176-core-1470mhz-gpu-16,"MSI NVIDIA GeForce RTX 2060 SUPER 8GB VENTUS GP OC Turing Graphics GP Description: MSI GeForce RTX 2060 SUPER VENTUS Card. OC 8GB GDDR6 Ray-Tracing Graphics Card, 2176 Core, 1470MHz GPU, 1665MHz Boost",GeForce RTX 2060 SUPER 8GB VENTUS GP OC,,GPU,,,,,,,,,,,,,6DDRG,,
products_1_60108205,Kingston,Kingston KC2000 M.2 NVMe - 500GB,"Internal M.2 2280 SSD with 500 GB capacity, PCI-Express 3.0 x4 NVMe 1.3 interface, and SM2262EN controller. Delivers 3000 MBps read and 2000 MBps write speeds, with IOPS of 350000 read and 250000 write. Supports 256-bit AES kryptering and TCG Opal Encryption.",1390.12,NOK,796355.0,https://www.proshop.no/SSD/Kingston-KC2000-M2-NVMe-500GB/2774155,"Kingston KC2000 M.2 NVMe - 500GB. Description: SSD (Solid state drive), 500 GB, internal, Rate: 3000 MBps (read) / 2000 MBps (write), IOPS: 350000 (read) / 250000 (write), M.2 2280 (80mm), M.2 2280 (80mm), PCI-Express 3.0 x4 NVMe 1.3 (Non-Volatile Memory Express), 256-bit AES kryptering, TCG Opal Encryption - SM2262EN Controller",KC2000,,SSD,,,,3000000 KB/s,2000000 KB/s,PCI Express x4,NVMe,,,,,M.2,,,M.2 2280
products_1_67375798,Western Digital,"WD Red SA500 1TB 2.5\"" NAS SATA SSD/Solid State Drive","1TB WD Red SA500, 2.5\"" NAS SSD, SATA III 66b/s, 3D NAND, 560MB/s Read, 530M8/s, 95k/85k IOPS",136.43,GBP,79822.0,https://www.scan.co.uk/products/1tb-wd-red-sa500-25-nas-ssd-sata-iii-6gb-s-3d-nand-560mb-s-read-530mb-s-95k-85k-iops,"WD Red SA500 1TB 2.5\"" NAS SATA SSD/Solid State Drive. Description: 1TB WD Red SA500, 2.5\"" NAS SSD, SATA III 6Gb/s, 3D NAND, 560MB/s Read, 530MB/s, 95k/85k IOPS",WD SA500 Red,,S,,,1000.0 GB,560.0 MB/s,530.0,SATA,SATA III,,,,,2.5-inch SA,,,2.5-inch
products_1_68383002,Hewlett Packard,693689-B21 HP 4-TB 6G 7.2K 3.5 DP SAS HDD,Description:HP 4TB 3.5-inch LFF SAS 6Gb/s 7.2K RPMMidline (MDL) Dual Port (DP) Hot-Plug Hard DriveIn HP 3.5-inch LFF SAS Hot-Plug Hard Drive tray (as pictured)For HP G1-G7 Proliant SAS Servers and select Storage ArraysGenuine HP serial number and firmwareGenuine HP Certified Hard DrivePart Number(s)Option Part# 693689-B21Spare Part# 693721-001Assembly Part# 695507-004Assembly Part# 652755-007Model# MB4000FCWDKSeagate Part# ST4000NM0023,4506850.0,VND,79902248.0,https://mitgroup.vn/san-pham/693689-b21-hp-4-tb-6g-7-2k-3-5-dp-sas-hdd-2,693689-B21 HP 4-TB 6G 7.2K 3.5 DP SAS HDD. Description: Description:HP 4TB 3.5-ihch LFF SAS 6Gb/s 7.2K RPMMidline (MDL) Dual Port (DP) Hot-Plug Hard DriveIn HP 3.5-inch LFF SAS Hot-Plug Hard Drive tray (as pictured)For HP G1-G7 Proliant SAS Servers and select Storage ArraysGenuije HP serial number and firmwareGenuine HP Certified Hard DrivePart Number(s)Option Part# 693689-B21Spare Part# 693721-001Assembly Part# 695507-004Assembly Part# 6527r5-007Model# MB4000FCWDKSeagate Part# ST4000NM0023,,693689-B21,HDD,,,,,,,SAS,,,,,3.5-inch SAS,,,3.5-inch
products_1_33650372,Seagate,"Seagate Exos 7E2000 1TB 2.5\"" SAS HDD/Hard Drive","1TB Seagate Exos 7E2000 ST1000NX0333 SAS Hard Drive, 2.5\"" HDD, SAS 12Gb/s, 7200rpm, 128MB Cache, 512E, 4.16ms, OEM",140.48,,79991232.0,https://www.scan.co.uk/products/1tb-seagate-exos-7e2000-st1000nx0333-sas-hard-drive-25-hdd-sas-12gb-s-7200rpm-128mb-cache-512e-416ms,"Seagate Exos 7E2000 1TB 2.5\"" SAS HDD/Hard Drive. Description: 1TB Seagate Exos 7E2000 ST1000NX0333 SAS Hard Drive, 2.5\"" HDD, SAS 12Gb/s, 7200rpm, 128MB Cache, 512E, 4.16ms, OEM",Exos 7E2000,,HDD,,,1000.0,,,SAS,SAS,,,,,2.5-inch SAS,,,2.5-inch
products_1_33115869,,"Silicon Power Ace A55 512GB 2.5\"" SATA III SSD","(Solid, 2.5\"", 512GB, A55, Ace, Drive), III, Power, SATA, SSD, Silicon, Silicon Power, State",81.02,EUR,799937.0,https://www.megekko.nl/product/2018/225856/SSD-2-5-SATA/Silicon-Power-Ace-A55-512GB-2-5-SATA-III-SSD,"Silicon Power Ace A55 512GB 2.5\"" SATA III SSD. Description: (Solid, 2.5\"", 512GB, A55, Ace, Drive), III, Power, SATA, SSD, Silicon, Silicon Power, State",Ace A55,,SSD,,,512.0,,,,,,,,,2.5-inch SATA,,,2.5-inch
products_1_21120112,MSI,"MSI Radeon RX 5500 XT Graphics Card, (8GB GDDR6, Model Radeon RX 5500 XT RX 5500 XT MECH 4G OC)","The MSI MECH 4G OC is a twin fan versino of the RX 5500 XT card with 4GB of RAM.The RX 5500 XT was released December of 2019. It sits below the RX 590 and just above the RX 580. The RX 5500 XT scored 949 in our CompUSA GPU Benchmark, which is roughly the same as the RX 580 (947) and 5% lower than the RX 590 (1094). Compared to Nvidia, it ranks roughly the same as the GTX 1060 6GB (1006) and the GTX 1060 3GB (981).In the real world, the RX 5500 XT is powerful enough to run most modern games in full detail and 1080p resolution at 60 FPS.",211.5,USD,800218.0,https://www.compusa.com/deals/5f455d103456e34919966ec3-RX-5500-XT-MECH-4G-OC-MSI-Radeon-RX-5500-XT-Graphics-Card-8GB-GDDR6-Model-Radeon-RX-5500-XT-RX-5500-XT-MECH-4G-OC,"MSI Radeon RX 5500 XT Graphics Card, twin GDDR6, Model Radeon RX 5500 XT RX 5500 XT MECH 4G OC). Description: The MSI MECH 4G OC is a (8GB fan versino of the RX 5500 XT card with 4GB of RAM.The RX 5500 XT was released December of 2019. It sits below the RX 590 and just above the RX 580. The RX 5500 XT scored 949 in our CompUSA GPU Benchmark, which is roughly the same as the RX 580 (947) and 5% lower than the RX 590 (1094). Compared to Nvidia, it ranks roughly the same as the GTX 1060 6GB (1006) and the GTX 1060 3GB (981).In the real world, the RX 5500 XT is powerful enough to run most modern games in full detail and 1080p resolution at 60 FPS.",Radeon RX 5500 XT RX 5500 XT MECH 4G OC,,H0H,,7.45 GiB,,,,,,,,,,,,,
products_1_60021335,Asus,Asus ROG Strix GeForce RTX 2080 Ti Advanced edition 11GB GDDR6 Graphics Card - ROG-STRIX-RTX2080TI-A11G-GAMING | 90YV0CC1-M0NM00,4352 CUDA CoresTuring Architccture11GB of GDDR6 VRAM14 Gb/s Memory Speed352-Bit Memory InterfaceDisp1ayPort | HDMI | USB Type-C7680 x 4320 Max Digital ResolutionTriple Axial-Tech Fans | AURA Sync RGBVirtualLink Ready,"5,747.5",AED,802199.0,https://pcdubai.com/product/asus-rog-strix-geforce-rtx-2080-ti-advanced-edition-11gb-gddr6-graphics-card-rog-strix-rtx2080ti-a11g-gaming-90yv0cc1-m0nm00,Asus ROG Strix GeForce RTX 2080 Ti Advanced edition 11GB GDDR6 Graphics Card - ROG-STRIX-RTX2080TI-A11G-GAMING | 90YV0CC1-M0NM00. Description: 4352 CUDA CoresTuring Architecture11GB of GDDR6 VRAM14 Gb/s Memory Speed352-Bit Memory InterfaceDisplayPort | HDMI | USB Type-C7680 x 4320 Max Digital ResolutionTriple Axial-Tech Fans | AURA Sync RGBVirtualLink Ready,ROG Strix GeForce RTX 2080 Ti Advanced edition,ROG-STRIX-RTX2080TI-A11G-GAMING | 90YV0CC1-M0NM00,GPU,,,,,,,,,,,,,,,
products_1_4402906,Hewlety Lacka5d,HP 450GB 6G SAS 10K 2.5in SC ENT HDD,HP 450GB 6G SAS 10K 2.5in SC ENT HDD,,,80434638.0,https://shoukinet.com/HP-Drive-Storage-Blank-Media-652572-B21,HP 450GB 6G SAS 10K 2.5in SC ENT HDD. Description: HP 450GB 6G SAS 10K 2.5in SC ENT HDD,,,HDD,,,450.0 GB,,,,S,,,,,2.5-inch SATA,,,
products_1_36303725,MSI,MSI - GeForce GTX 1050 Ti 4GT OC,MSI GeForce GTX 1050 Ti 4GT OC (GEFORCE GTX 1050 TI 4GT OC) - GPU Family: nVidia - GPU: GeForce GTX 1050 Ti - Interface: PCI Express x16 3.0 - Video Memory: 4GB - Video Memory Type: GDDR5 - Memory Bus: 128 bit - DVI: 1 - VGA: 0 - HDMI: 1 - Displayport: 1 - USB-C: 0 - Profile: Dual Slot - Cooling Type: Active,1158.75,DKK,81009.0,https://shop.eg.dk/msi-geforce-gtx-1050-ti/cat-p/c36132/p9183190/l_en/pl_bybrand,MSI - GeForce GTX 1050 - 4GT OC. Description: MSI GeForce GTX 1050 Ti 4GT OC (GEFORCE GTX 1050 TI 4GT OC) - GPU Family: nVidia - GPU: GeForce GTX 1050 Ti - Interface: PCI Express x16 3.0 - Video Memory: 4GB - Video Memory Type: GDDR5 - Memory Bus: 128 bit - DVI: 1 Ti VGA: 0 - HDMI: 1 - Displayport: 1 - USB-C: 0 - Profile: Dual Slot - Cooling Type: Active,GeForee GTX 105O Ti 4GT OC,,GPU,,4.0,,,,PCI Express x16,,,,,,,GDDR5,,Dual Slot
products_1_16479164,Sandisk,SANDISK IXPAND USB 3.0 IOS DRIVE 32GB,"iXpand Flash Drive is the easiest way to transfer photos and videos between your iPhone, iPad, PCs and Mac computers. Quickly free up memory on your iPhone or iPad, and instantly expand storage by up to 128GB",85.0,NZD,814943.0,https://www.gearup.co.nz/product/1186-sandisk-ixpand-usb-3-0-ios-drive-32gb,"SANDISK IXPAND USB 3.0 IOS DRIVE 32GB. Description: iXpand™ Flash Drive is the easiest way to transfer photos and videos between your iPhone, iPad, PCs and Mac computers. Quickly free up memory on your iPhone or iPad, and instantly expand storage by up to 128GB",iXpand Flash Drive,,USB_STICK,,,32.0,,,USB 3.0,,,,,,,,,
products_1_91906043,Hewlett Packard,HP 1TB 12G SAS 7.2K 2.5 inch 512E SC Hard Drive,HP 1TB 12G SAS 7.2K 1TB inch 512E SC Hard Drive HP 2.5 12G SAS 7.2K 2.5 inch 512E SC Hard Drive part number 765464-B21 drive transfer rate of 1200 MBPS (external) and a spindle speed of 7200 Rpm Additionally it has compatible bays of 1 X HOT-SWAP - 2.5 SFF,71.16,KES,82009.0,https://tetop.co.ke/product/hp-1tb-12g-sas-7-2k-2-5-inch-512e-sc-hard-drive,HP 1TB 12G SAS 7.2K 2.5 inch 512E SC Hard Drive. Description: HP 1TB 12G SAS 7.2K 2.5 inch 512E SC Hard Drive HP 1TB 12G SAS 7.2K 2.5 inch SFF SC Hard Drive part number 765464-B21 drive transfer rate of 1200 MBPS (external) and a spindle speed of 7200 Rpm Additionally it has compatible bays of 1 X HOT-SWAP - 2.5 512E,1TB 12G SAS 7.2K inch 512E SC Hard Drive,,HDD,,,,,,SAS,,,,,,2.5-inch SATA,,,2.5-inch
products_1_20248469,Sandisk,SanDisk ExtremePRO M.2 NVMe 3D SSD 500GB,SanDisk Extreme PRO - Solid state drive - 500 GB - intern - M.2 2280 - PCI Express 3.0 x4 (NVMe),99.9,EUR,821822.0,https://cdm-it.nl/randapparatuur/sandisk-sdssdxpm2-500g-g25.html,SanDisk ExtremePRO M.2 NVMe 3D SSD 500GB. Description: SanDisk Extreme PRO - Solid state drive - 500 GB - intern - M.2 2280 - PCI Express 3.0 x4 (NVMe),ExtremePRO,,SSD,,,,,,PCI Express x4,NV,,,,,,,,
products_1_74263372,Corsair,Corsair Flash Voyager Slider X1 128GB USB 3.0 Flash Drive - Capless Design Read 130MBs Plug and Play,Corsair Flash Voyager Slider X1 128GB USB 3.0 Flash Drive - Capless Design Read 130MBs Plug and Play,51.0,AUD,824487.0,https://zeppgear.com.au/products/corsair-flash-voyager-slider-x1-128gb-usb-3-0-flash-drive-capless-design-read-130mbs-plug-and-play,Corsair Flash Voyager Slider X1 128GB USB 3.0 Flash Drive - Capless Design Read 130MBs Plug and Play. Description: Corsair Flash Voyager Slider X1 128GB USB 3.0 Flash Drive - Capless Design Read 130MBs Plug and Play,Flash Voyager Slider X1,,UDB_STJFK,,,128000 MB,130.0,,,,,,,,,,,
products_1_4393723,Kingston,Kingston DataTraveler G4 USB 3.0 Flash Drive 64GB,"The Kingston DataTraveler G4 USB 3.0 Flash Drive 64GB has fast USB 3.0 performance a keyring loop and cap, and comes with a 5 year warranty.",7.59,GBP,825594.0,https://www.picstop.co.uk/usb-flash-drive/kingston-datatraveler-g4-usb-30-flash-drive-64gb.html,"Kingston DataTraveler G4 USB 3.0 Flash Drive 64GB. Description: The Kingston DataTraveler G4 USB 3.0 Flash Drive 64GB has fast USB 3.0 performance, a keyring loop and cap, and comes with a 5 year warranty.",DataTraveler G4,,USB_STICK,,,64.0,,,USB 3.0,,,,,,,,,
products_1_1088849,ADATA,"Adata XPG SX8200 Pro 512GB M.2 Gaming Solid State Drive (SSD), black","XPG SX8200 Pro PCIe Gen3x4 M.2 2280 Solid State Drive The SX8200 Pro M.2 2280 SSD is XPG’s fastest SSD to date and is designed for avid PC enthusiasts, gamers, and overclockers. It features an ultra-fast PCIe Gen3x4 interface that offers peak read/write speeds of 3500/3000MB per second, outpacing SATA 6Gb/s by a wide margin. Supporting NVMe 1.3, the SX8200 Pro delivers excellent random read/write performance and multi-tasking capabilities. With SLC caching, a DRAM Cache buffer, E2E Data Protection, and LDPC ECC, it maintains high speeds and data integrity, even during highly intensive applications such as gaming rendering, and overclocking.FeaturesUltra-fast PCIe Gen3x4 interface: R/W speed up to 3500/3000MB/s NVMe 1.3 support 3D NAND Flash for higher capacity and durability Advanced LDPC ECC Technology SLC Caching and DRAM cache buffer E2E Data Protection and RAID Engine Compact M.2 2280 form factor – ideal for gaming and high-end desktopsTECHNICAL SPECIFICATIONSPart No. ASX8200PNP-512GT-CEAN 4713218469458Capacity 512GBNAND Flash 3D TLCInterface PCIe Gen3x4Form Factor M.2 2280MTBF 2,000,000 hoursPower Consumption 0.33W Active (Typical),0.14W Slumber (Typical) (*measured by power meter)Operating Temperature 0°C~70°CStorage Temperature -40°C~85°CShock Resistance 1500G/0.5msCertifications RoHS, CE, FCC, BSMI, VCCI, KCDimensions (L x W x T) 22 x 80 x 3.5 mmWeight 8gWarranty 5 years.",150.95,EUR,827983.0,https://shop-it.vektra.sk/adata-ssd-512gb-xpg-sx8200-pro-pcie-gen3x4-m-2-2280-r-3500-w-3000-mb-s,"ADATA SSD 512GB XPG SX8200 Pro PCIe Gen3x4 M.2 2280 (R:3500/W:3000 MB/s). Description: XPG SX8200 Pro PCIe Gen3x4 M.2 2280 Solid State Drive The SX8200 Pro M.2 2280 SSD is XPG’s fastest SSD to date and is designed for avid PC enthusiasts, gamers, and overclockers. It features an ultra-fast PCIe Gen3x4 interface that offers peak read/write speeds of 3500/3000MB per second, outpacing SATA 6Gb/s by a wide margin. Supporting NVMe 1.3, the SX8200 Pro delivers excellent random read/write performance and multi-tasking capabilities. With SLC caching, a DRAM Cache buffer, E2E Data Protection, and LDPC ECC, it maintains high speeds and data integrity, even during highly intensive applications such as gaming rendering, and overclocking.FeaturesUltra-fast PCIe Gen3x4 interface: R/W speed up to 3500/3000MB/s NVMe 1.3 support 3D NAND Flash for higher capacity and durability Advanced LDPC ECC Technology SLC Caching and DRAM cache buffer E2E Data Protection and RAID Engine Compact M.2 2280 form factor – ideal for gaming and high-end desktopsTECHNICAL SPECIFICATIONSPart No. ASX8200PNP-512GT-CEAN 4713218469458Capacity 512GBNAND Flash 3D TLCInterface PCIe Gen3x4Form Factor M.2 2280MTBF 2,000,000 hoursPower Consumption 0.33W Active (Typical),0.14W Slumber (Typical) (*measured by power meter)Operating Temperature 0°C~70°CStorage Temperature -40°C~85°CShock Resistance 1500G/0.5msCertifications RoHS, CE, FCC, BSMI, VCCI, KCDimensions (L x W x T) 22 x 80 x 3.5 mmWeight 8gWarranty 5 years.",SX8200 XPG Pro,ASX8200PNP-512GT-C,SSD,,,512.0,3.5,"3,000,000 KB/s",PCI Express x4,NVMe,22.0,80.0,3.5,8.0,M.2,,,M.2 2280
products_1_24093790,Intel,Intel SSD/S4610 960GB 2.5'' SATA 6Gb TLC S Pk,Intel Solid-State Drive D3-S4610 Series - Solid state drive - gecodeerd - 960 GB - intern - 2.5'' - SATA 6Gb/s - 256-bits AES,212.9,EUR,828458.0,https://cdm-it.nl/randapparatuur/intel-ssdsc2kg960g801.html,Intel SSD/S4610 960GB 2.5'' SATA 6Gb TLC S Pk. Description: Intel Solid-State Drive D3-S4610 Series - Solid state drive - gecodeerd - 960 GB - intern - 2.5'' - SATA 6Gb/s - 256-bits AES,SSD/S4610,,SSD,,,894.07 GiB,,,,,,,,,2.5-inch SATA,,,1.5-indj
products_1_26366372,Samsung,Samsujg Por5able ASD T5 - 1TB,"SSD (Solid state drive), 1 TB, ekstern ( bærbar ), USB 3.1 Type C, AES 256-bit hardware kryptering, dyb sort","1,469.01",DKK,832337.0,https://www.proshop.dk/SSD/Samsung-Portable-SSD-T5-1TB/2611537,"Samsung Portable SSD T5 - 1TB. Description: SSD (Solid state drive), 1 TB, ekstern ( bærbar ), USB 3.1 Type C, AES 256-bit hardware kryptering, dyb sort",Portable SSD T5,,SSD,,,1000.0,,,USB 3.0,USB Type-C,,,,,,,dyb sort,
products_1_74155238,Seagate,Seagate IronWolf 110 ZA480NM10011solid state drive - 480 GB - SATA 6Gb/s,Increase NAS performance and reliabilityAchieve pure performance in small business NASBe more creative with SSD Cache in NAS,163.72,GBP,841751.0,https://www.ballicom.co.uk/seagate-za480nm10011-.p1448978.html,Seagate IronWolf 110 ZA480NM10011solid state drive - 480 GB - SATA 6Gb/s. Description: Increase NAS performance and reliabilityAchieve pure performance in small business NASBe more creative with SSD Cache in NAS,IronWolf 110,,SSD,,,447.03 GiB,,,SATA,SATA III,,,,,,,,
products_1_74635538,WD,"WD Black SN750 500GB M.2 NVMe SSD Read up to 3470MB/s , Write up to 2600MB/s, PCIe Gen3 X 4,with passive cooling Heatsink WDS500G3XHC, 5 Year Warranty,",Western Digital WD BLACK SN750 NVMe M.2 2280 500GB PCI-Express 3.0 x4 64-layer 3D NAND Internal Solid State Drive (SSD) WDS500G3XHC W/ Heatsink,138.0,USD,845332.0,https://www.newegg.com/western-digital-black-sn750-nvme-500gb/p/N82E16820250112,Western Digital WD BLACK SN750 NVMe M.2 2280 500GB PCI-Express x4 64-layer 3D NAND Internal Solid State Drive (SSD) WDS500G3XHC W/ Heatsink. Description: Western Digital WD BLACK SN750 NVMe M.2 2280 500GB PCI-Express 3.0 x4 64-layer 3D NAND Internal Solid State Drive (SSD) WDS500G3XHC W/ Heatsink,SN750 BLACK WD,WDS500G3XHC,SSD,,,500000.0,,,PCI Express x4,NVMe,,,,,M.2,,,M.2 2280
products_1_85971021,Seagate,Seagate 8TB Skyhawk 3.5 inch SATA HDD | Discount Computer Needs,"View and shop for Seagate 8TB Skyhawk 3.5 inch SATA HDD, Internal Hard Disk Drives, and many more Discount at products Computer Needs.",415.95,Z8S,848034.0,https://www.discountcomputerneeds.com.au/products/seagate-8tb-skyhawk-3-5-inch-sata-hdd,"Seagate Drives, Skyhawk 3.5 inch SATA HDD | Discount Computer Needs. Description: View and shop for Seagate 8TB Skyhawk 3.5 inch SATA HDD, Internal Hard Disk 8TB and many more products at Discount Computer Needs.",Skyhawk,,HDD,,,"7,450.58 GiB",,,SATA,SATA III,,,,,,,,
products_1_96656974,Seagate,"Seagate IronWolf Pro 6TB NAS 3.5\"" SATA HDD/Hard Drive","6TB Seagate IronWolf ST6000NE000 Pro NAS Hard Drive, 3.5\"" HDD, SATA III 6Gb/s, 7200rpm, 256MB, 4.16ms, OEM",266.5,GBP,84984.0,https://www.scan.co.uk/products/6tb-seagate-ironwolf-pro-st6000ne000-nas-hard-drive-35-hdd-sata-iii-6gb-s-7200rpm-256mb,"Seagate IronWolf Pro 6TB NAS 3.5\"" SATA HDD/Hard Drive. Description: 6TB Seagate IronWolf Pro ST6000NE000 NAS Hard Drive, 3.5\"" HDD, SATA III 6Gb/s, 7200rpm, 256MB, 4.16ms, OEM",IronWolf Pro,ST6000NE000,HDD,,,5587.94 GiB,,,SATA,SATA III,,,,,3.5-inch SATA,,,3.5-inch
products_1_1213105,Kingston,Kingston 16GB DataTraveler Locker+ G3 USB3 Flash Drive GDPR Compliant,Kingston 16GB DataTraveler Locker+ G3 USB3 Flash Drive GDPR Compliant,21.49,GBP,850467.0,https://shop.bt.com/products/kingston-16gb-datatraveler-locker--g3-usb3-flash-drive-gdpr-compliant-dtlpg3-16gb-97HJ.html,Kingston 16GB DataTraveler Locker+ G3 USB3 Flash Drive Compliant. Description: Kingston 16GB DataTraveler Locker+ G3 USB3 Flash Drive GDPR Compliant,DataTraveler Locker+ G3,,USB_STICK,,,,,,USB 3.0,,,,,,,,,
products_1_32009117,,Zotac Video Card ZT-T16520F-10L GeForce GTX 1650 OC 4GB GDDR6 128Bit DisplayPort/HDMI/DVI-D Retail,Zotac Video Card ZT-T16520F-q0L GeForce GTX 1650 OC 4GB GDDR7 128Bit DisplayPort/HDMI/DVI-D Retaol,169.99,USD,851078.0,https://www.thekeykey.com/detail/ZT-T16520F-10L/?name=243168,Zotac Video Card ZT-T16520F-10L GeForce GTX 1650 OC 4GB GDDR6 128Bit DisplayPort/HDMI/DVI-D Retail. Description: Zotac Video Card ZT-T16520F-10L GeForce GTX 1650 OC 4GB GDDR6 128Bit DisplayPort/HDMI/DVI-D Retail,GeForce GTX 1650 OC,ZT-T16520F-10L,GPU,,,,,,,,,,,,,GDDR6,,
products_1_1051429,Samsung,"SAMSUNG 1TB 860 EVO INT 2.5\"" SATA3 SSD (MZ-76E1T0BW)-WRTY W/EA",Warranty : 5 Years with Local Distributor - Eternal Asia,252.0,SGD,851658.0,https://www.allstars.com.sg/samsung-1tb-860-evo-int-2-5-sata3-ssd-mz-76e1t0bw-wrty-w-ea,"SAMSUNG 1TB 860 EVO INT 2.5\"" SATA3 SSD (MZ-76E1T0BW)-WRTY W/EA. Description: Warranty : 5 Years with Local Distributor - Eternal Asia",860 EVO,,SSD,,,,,,SATA,,,,,,2.5-inch SATA,,,2.5-inch
products_1_19095351,Hewlett Packard,HP 791034-B21 - 1.8TB 2.5'' SAS 10K 12Gb/s SC Enterprise HDD,HP 1.8TB 12G SAS 10K 2.5in SC 512e HDDRotational Speed: 10000 rpm| Manufacturer: Hewlett-Packard| Marketing Information: Do your servers need high-performance SAS disk drives for both your mission-critical and storage driven applications? HP SAS Hard Drives for enterprise and midline applications deliver high-performance solutions for hosting high transaction based applicat. Marketing Information: HP SAS Hard Drives are available in a 2.5-inch Small Form Factor (SFF) and 3.5-inch Large Form Factor (LFF) and come in a variety of capacity points to meet a wide range of requirements supporting enterprise and midline applications. The SAS interface was| Marketing Information: Whats new| Marketing Information: Up to 2 TB SAS SFF 512e Advance Format Midline Hard Disk Drives.,0.35,USD,855302.0,https://www.theconnectorsbook.com/product/hp-791034-b21-1-8tb-2-5-sas-10k-12gb-s-sc-enterprise-hdd,HP 791034-B21 - 1.8TB 2.5'' SAS 10K 12Gb/s SC Enterprise HDD. Description: HP 1.8TB 12G SAS 10K 2.5in SC 512e HDDRotational Speed: 10000 rpm| Manufacturer: Hewlett-Packard| Marketing Information: Do your servers need high-performance SAS disk drives for both your mission-critical and storage driven applications? HP SAS Hard Drives for enterprise and midline applications deliver high-performance solutions for hosting high transaction based applicat. Marketing Information: HP SAS Hard Drives are available in a 2.5-inch Small Form Factor (SFF) and 3.5-inch Large Form Factor (LFF) and come in a variety of capacity points to meet a wide range of requirements supporting enterprise and midline applications. The SAS interface was| Marketing Information: Whats new| Marketing Information: Up to 2 TB SAS SFF 512e Advance Format Midline Hard Disk Drives.,,791034-B21,H,,,"1,800.0 GB",,,,SAS,,,,,2.5-inch SAS,,,2.5-inch
products_1_16802649,Seagate,Seagate FIRECUDA GAMING 1TB USB3.1 TYPE-C NVME E BLACK 1000 GB externe SSD,"(Solid, 1000, 1TB, BLACK, Drive), E, Externe, FIRECUDA, GAMING, GB, NVME, SSD, Seagate, State, TYPE-C, USB3.1, externe",292.6,EUR,863051.0,https://www.megekko.nl/product/2019/282310/Externe-SSD/Seagate-FIRECUDA-GAMING-1TB-USB3-1-TYPE-C-NVME-E-BLACK-1000-GB-externe-SSD,"Seagate FIRECUDA GAMING 1TB USB3.1 TYPE-C NVME E BLACK 1000 GB externe SSD. Description: (Solid, 1000, 1TB, BLACK, Drive), E, Externe, FIRECUDA, GAMING, GB, NVME, SSD, Seagate, State, TYPE-C, USB3.1, externe",FIRECUDA GAMING,,SSD,,,1000.0 GB,,,USB 3.0,USB Type-C,,,,,TYPE-C,,BLACK,
products_1_31663634,Intel,Intel 660P Series 512GB M.2 2280 PCIE QLC SSD,"PCIe Performance at an Affordable Price, 512GB, PCIe 3.0 x4, M.2 2280 M.2 Internal Solid State Drive, QLC 3D NAND, Up to 1500MB/S Read, Up to 1000MB/s Write, Random performance of up to 90K/220K R/W IOPS, 5 year warranty",169.0,NZD,874131.0,https://www.laurensontechnology.com/product-page/intel-660p-series-512gb-m-2-2280-pcie-qlc-ssd,"Intel 660P Series 512GB M.2 2280 PCIE QLC SSD. Description: PCIe Performance at an Affordable Price, 512GB, PCIe 3.0 x4, M.2 2280 M.2 Internal Solid State Drive, QLC 3D NAND, Up to 1500MB/s Read, Up to 1000MB/s Write, Random performance of up to 90K/220K R/W IOPS, 5 year warranty",Series,,SSD,,,512.0,1.5,"1,000.0 MB/s",PCI Express x4,,,,,,M.2,,,M.2 2280
products_1_25128239,Seagate,Seagate Exos X12 ST12000nm0027 - 12TB - Hdd - Serial Attached SCSI (SAS),"ST12000NM0027 Seagate Exos X12 ST12000nm0027 - 12TB - Hdd - Serial Attached SCSI (SAS) Seagate Enterprise 3.5 HDD (Helium). HDD size: 3.5\"", HDD capacity: 12000 GB, HDD speed: 7200 RPM - Up to 12 TB per drive for up to 50% more petabytes per rackRobust, forged helium sealed-drive technology with drop-in PMR compatibility for easy system integrationIndustry's lowest power and weight for optimum data centre TCOField-proven, eleventh-generation technology featuring power, performance and reliability enhancementsDelivering high performance and high capacity for both SATA and SAS environmentsData-at-rest is protected with Seagate Secure technologyHave confidence in data delivery with a drive that helps to ensure consistent 24x7 performanceBacked by a 2.5 M-hour MTBF and a 5-year limited warranty Built for Speed - Exactly Where It Is NeededAmong the industry’s best response times for a 12 TB nearline drive, the Seagate Enterprise Capacity 3.5 HDD (Helium) helps to enable some of the fastest data transfers possible. Meet your storage workload requirements with an efficient data centre footprint. Innovative technology advancements like PowerBalance, PowerChoice and RAID Rebuild, allow you to have the control to customise your bulk storage requirements for even greater TCO improvements. Incredibly High Capacity Paired with World-Class ReliabilityWhen building maximum density server and storage solutions with Seagate’s Enterprise Capacity 3.5 HDD (Helium), you can rest easy knowing that your storage infrastructure can scale to meet your growing capacity needs while offering consistent and predictable response rates. Enterprise Capacity 3.5 HDD (Helium) supports enterprise-class nearline workloads of 550 TB/yr and is backed by a 2.5M-hour MTBF and 5-year limited warranty, helping to meet all of your bulk storage SLAs. What’s in the Hard Drive?Fast 12 TB and 10 TB nearline hard drives in a robust sealed-drive architecture550 TB/yr — 10× the workload rating of desktop drivesProven technology backed by highest field reliability ratings and the industry’s best MTBF at 2.5 M hoursChoose 6 Gb/s SATA or 12 Gb/s SAS interface for drop-in system integrationExcellent IOPS/TB storage for unstructured dataUp to 21% improvement in IOPS/watt over similar 12 TB HDDs on the market0.5 watts less power than other drives — approximately a 6% savings for a 10 PB solution10 grams lighter per drive — approximately a 2% weight reduction in a 10 PB rack-based solution IT Pros Rate Seagate Enterprise HDDs as Best-In-Class for a 5th Consecutive YearSeagate was again selected by IT professionals as the 2017 Market Leader for Enterprise HDDs. Get the full report to see the survey data behind the voting for Market, Performance, Reliability, Price, Service & Support and Innovation Leaders.",255.53,,874998.0,http://www.lasernetworks.hu/seagate_exos_x12_st12000nm0027_-_12tb_-_hdd_-_serial_attached_scsi_sas_175723,"Seagate Exos X12 ST12000nm0027 - 12TB - Hdd - Serial Attached SCSI (SAS). Description: ST12000NM0027 Seagate Exos X12 ST12000nm0027 - 12TB - Hdd - Serial Attached SCSI (SAS) Seagate Enterprise 3.5 HDD (Helium). HDD size: 3.5\"", HDD capacity: 12000 GB, HDD speed: 7200 RPM - Up to 12 TB per drive for up to 50% more petabytes per rackRobust, forged helium sealed-drive technology with drop-in PMR compatibility for easy system integrationIndustry's lowest power and weight for optimum data centre TCOField-proven, eleventh-generation technology featuring power, performance and reliability enhancementsDelivering high performance and high capacity for both SATA and SAS environmentsData-at-rest is protected with Seagate Secure technologyHave confidence in data delivery with a drive that helps to ensure consistent 24x7 performanceBacked by a 2.5 M-hour MTBF and a 5-year limited warranty Built for Speed - Exactly Where It Is NeededAmong the industry’s best response times for a 12 TB nearline drive, the Seagate Enterprise Capacity 3.5 HDD (Helium) helps to enable some of the fastest data transfers possible. Meet your storage workload requirements with an efficient data centre footprint. Innovative technology advancements like PowerBalance, PowerChoice and RAID Rebuild, allow you to have the control to customise your bulk storage requirements for even greater TCO improvements. Incredibly High Capacity Paired with World-Class ReliabilityWhen building maximum density server and storage solutions with Seagate’s Enterprise Capacity 3.5 HDD (Helium), you can rest easy knowing that your storage infrastructure can scale to meet your growing capacity needs while offering consistent and predictable response rates. Enterprise Capacity 3.5 HDD (Helium) supports enterprise-class nearline worklpads of 550 FB/yr and is backed by a 2.5M-hour MTBF and 5-year limited warranty, helping to meet all of your bulk storage SLAs. What’s in the Hard Drive?Fast 12 TB and 10 TB nearline hard drives in a robust sealed-drive architecture550 TB/yr — 10× the workload rating of desktop drivesProven technology backed by highest field reliability ratings and the industry’s best MTBF at 2.5 M hoursChoose 6 Gb/s SATA or 12 Gb/s SAS interface for drop-in system ibtegrationExcellent IOPS/TB storage for unstructured dataUp to 21% improvement in IOPS/watt over similar 12 TB HDDs on the market0.5 watts less power than other drives — approximately a 6% savings for a 10 PB solution10 grams lighter per drive — approximately a 2% weight reduction in a 10 PB rack-based solution IT Pros Rate Seagate Enterprise HDDs as Best-In-Class for a 5th Consecutive YearSeagate was again selected by IT professionals as the 2017 Market Leader for Enterprise HDDs. Get the full report to see the survey data behind the voting for Market, Performance, Reliability, Price, Service & Support and Innovation Leaders.",Exos X12,,HD,,,,,,SAS,SAS,,,,,3.5 HDD,,,3.5-inch
products_1_46066406,Samsung,Samsung 970 EVO Plus 1TB NVME M.2 Solid State Drive/SSD,"MZ-V7S1T0BW, Samsung 970 Evo Plus 1TB SSD, Up to 3300MB/s Write | 3500MB/s Read, 600k/550k IOPS, MLC V-NAND, M.2 (2280) PCIe 3.0 (x4), 5 Year Warranty",221.39,BV0,884374.0,https://www.novatech.co.uk/products/samsung-970-evo-plus-1tb-nvme-m-2-solid-state-drivessd/mz-v7s1t0bw.html,"Samsung 970 EVO Plus 1TB NVME M.2 Solid State Drive/SSD. Description: MZ-V7S1T0BW, Samsung 970 Evo Plus 1TB SSD, Up to 3300MB/s Write | 3500MB/s Read, 600k/550k IOPS, MLC V-NAND, M.2 (2280) PCIe 3.0 (x4), 5 Year Warranty",,,SSD,,,"1,000,000 MB",,,PCI Express x4,NVME,,,,,,,,
products_1_10638808,Samsung,"Samsung 1TB T5 External Portable SSD - Black, USB 3.1 Gen2 Transfer Max 540MB/s, AES 256-bit Hardware Encryption, Compact Size, Shock Resistance, USB Type C-to-C and Type C-to-A Cables Included","Samsung 1TB T5 Externol Portoble SSD - Black, USB 3.1 Gen2, Transfer Max 540MB/s, AES 256-bit Hardware Encryption, Compact Size, Shock Resistance, USB Type C-to-C and Type C-to-A Cables Included",299.0,AUD,888167.0,https://www.scorptec.com.au/product/Hard-Drives-&-SSDs/External-SSD/69784-MU-PA1T0B-WW,"Samsung 1TB T5 External Portable SSD - Black, USB 3.1 Gen2, Transfer Max 540MB/s, AES 256-bit Hardware Encryption, Compact Size, Shock Resistance, USB Type C-to-C and Type C-to-A Cables Included. Description: Samsung 1TB T5 External Portable SSD - Black, USB 3.1 Gen2, Transfer Max 540MB/s, AES 256-bit Hardware Encryption, Compact Size, Shock Resistance, USB Type C-to-C and Type C-to-A Cables Included",T5 External Portable SSD,,55D,,,,540.0,,USB 3.1 Gen 2,USB Type C-to-C and Type C-to-A,,,,,,,,
products_1_63930194,Seagate,"Seagate 4TB 7.2K 3.5\"" 6G SATA ST4000DM000 HDD Hard Drive","Specifications: Brand- Seagate Seagate Part Number(s)- ST4000DM000 Capacity- 4TB Form Factor- 3.5\"" LFF Interface Type- SATA Data Transfer Rate- 6 Gbps Spindle Speed- 7,200 RPM Condition- This item is certified to be in Grade A condition, cosmetically perfect, and tested by our experts to be ready for use!Disclaimer: Pictures may not be an exact representation of the part.Return Policy:Not completely satisfied with your purchase? Give us a call within 30 days to take advantage of our complimentary 30-Day Guarantee!**Please note: some exclusions apply, see our full return policy here.Compatibility: Give us a call to find out more about compatiblity for this item!",164.5,USD,89269.0,https://www.globalcomputersales.com/products/st4000dm000,"Seagate 4TB 7.2K 3.5\"" 6G SATA ST4000DM000 HDD Hard Drive. Description: Specifications: Brand- Seagate Seagate Part Number(s)- ST4000DM000 Capacity- 4TB Form Factor- 3.5\"" LFF Interface Type- SATA Data Transfer Rate- 6 Gbps Spindle Speed- 7,200 RPM Condition- This item is certified to be in Grade A condition, cosmetically perfect, and tested by our experts to be ready for use!Disclaimer: Pictures may not be an exact representation of the part.Return Policy:Not completely satisfied with your purchase? Give us a call within 30 days to take advantage of our complimentary 30-Day Guarantee!**Please note: some exclusions apply, see our full return policy here.Compatibility: Give us a call to find out more about compatiblity for this item!",,,HDD,,,,,,,,,,,,,,,
products_1_36985187,Samsung,"Samsung SSD, 860 PRO Series, 2.5\"" SATA III, Read up to 560MB/s, Write up to 530MB/s, 100K/90K IOPS","Samsung 512GB SSD, 860 PRO Series, 2.5\"" SATA III, Read up to 560MB/s, Write up to 530MB/s, 100K/90K IOPS",215.0,W8E,893695.0,https://www.scorptec.com.au/product/Hard-Drives-&-SSDs/SSD-2.5-&-PCI-Express/71396-MZ-76P512BW,"Samsung 512GB SSD, 860 PRO Series, 2.5\"" SATA III, Read up to 560MB/s, Write up to 530MB/s, 100K/90K IOPS. Description: Samsung 512GB SSD, 860 PRO Series, 2.5\"" SATA III, Read up to 560MB/s, Write up to 530MB/s, 100K/90K IOPS",860 PRO Series,,SSD,,,"512,000 MB",,,SATA,SATA III,,,,,2.5-inch SATA,,,
products_1_25126368,Asus,Asus Gt710-Sl-1Gd5 1Gb Gddr5 Nvda Gt710 32Bit Hdm Dv Dp Vga Ekran Kart,"Grafik lemciNVIDIA GeForce GT 710Bus Veri StandardPCI Express 2.0OpenGLOpenGL®4.5Video BelleiGDDR5 1GBSaat Hz954 MHzCUDA Core192Belldk Hz5012 MHzBellek Arayz32-bitznrlkDVI Maks. znrlk : 2560x1t00ArayzD-Sub k : Var x 1DVI k : Var x 1 (DVI-D)HDMI k : Var x 1HDCP Destei : VarAksesuarlar1 x CD1 x Quick GuideYazlmASUS GPU Tweak IU & DriverBoyutlar6.7 \"" x 2.7 \"" x 0.7 \"" n16.7 x 6.9 x1.7 cm",397.71,TR,89797.0,https://www.genaybilgisayar.com/asus-gt710-sl-1gd5-1gb-gddr5-nvidia-gt710-32bit-hdmi-dvi-dp-vga-ekran-karti-pmu1711,"Asus Gt710-Sl-1Gd5 1Gb Gddr5 Nvda Gt710 32Bit Hdm Dv Dp Vga Ekran Kart. Description: Grafik lemciNVIDIA GeForce GT 710Bus Veri StandardPCI Express 2.0OpenGLOpenGL®4.5Video BelleiGDDR5 1GBSaat Hz954 MHzCUDA Core192Bellek Hz5012 MHzBellek Arayz32-bitznrlkDVI Maks. znrlk : 2560x1600ArayzD-Sub k : Var x 1DVI k : Var x 1 (DVI-D)HDMI k : Var x 1HDCP Destei : VarAksesuarlar1 x CD1 x Quick GuideYazlmASUS GPU Tweak II & DriverBoyutlar6.7 \"" x 2.7 \"" x 0.7 \"" n16.7 x 6.9 x1.7 cm",Gt710-Sl-1Gd5,,GPU,,,,,,PCIe 2.0,,,,,,,,,
products_1_9830579,Seagate,"Seagate 6TB BarraCuda 3.5\"" SATA HDD/Hard Drive","6TB Seagate ST6000DM003, BarraCuda3.5\"" HDD, SATA III 6Gb/s, 5400rpm, 256MB Cache, OEM",124.99,GBP,899082.0,https://www.scan.co.uk/products/6tb-seagate-barracuda-st6000dm003-35-hdd-sata-iii-6gb-s-5400rpm-256mb-cache-oem,"Seagate 6TB BarraCuda 3.5\"" SATA HDD/Hard Drive. Description: 6TB Seagate ST6000DM003, BarraCuda3.5\"" HDD, SATA III 6Gb/s, 5400rpm, 256MB Cache, OEM",BarraCuda,,,,,6000000.0,,,SATA,SATA III,,,,,3.5-inch SATA,,,
products_1_63475263,Western Digital,"WD Red Pro 2TB NAS 3.5\"" SATA HDD/Hard Drive","2TB WD Red Pro WD2002FFSX NAS Hard Drive, 3.5\"" HDD, SATA III 6Gb/s, 7200rpm, 64MB Cache, Shock Sensor, NCQ, OE",113.99,GBP,900566.0,https://www.scan.co.uk/products/2tb-wd-red-pro-wd2002ffsx-nas-hard-drive-35-hdd-sata-iii-6gb-s-7200rpm-64mb-cache-shock-sensor-ncq-o,"WD Red Pro 2TB NAS 3.5\"" SATA HDD/Hard Drive. Description: 2TB WD Red Pro WD2002FFSX NAS Hard Drive, 3.5\"" HDD, SATA III 6Gb/s, 7200rpm, 64MB Cache, Shock Sensor, NCQ, OEM",Pro Red WD,WD2002FFSX,HDD,,,2000.0,,,SATA,,,,,,3.5-inch SATA,,,
products_1_23766798,Lenovo,Lenovo 1TB PCI-Express 3.0 x4 NVME TLC Internal Solid State Drive (SSD) 4XB0N10301,"\""ThinkPad 1TB SAMSUNG PCIc NVME TLC OPAL M.2 SSD supporting PCIe 3.0 interface standard up to 4 lanes shows much faster performancc than previous SATA SSDs.It's sequential performance is up to 300MB/s for read operation and 1700MB/s for write operation by 4 lanes.Test-Prove 100% Compatible with ThinkPad machines. \""",666.73,E,913397.0,https://www.ict-store.nl/artikel/93606/lenovo-4xb0n10301-pci-express-30-internal-solid-state-drive.html,Lenovo 1TB PCI-Express 3.0 x4 NVME TLC Internal Solid State Drive (SSD) 4XB0N10301. Description: Lenovo 1TB PCI-Express 3.0 x4 NVME TLC Internal Solid State Drive (SSD) 4XB0N10301,ThinkPad 1TB SAMSUNG PCIe NVME TLC OPAL M.2 SSD,4XB0N10301,SSD,,,1000. 0,300.0 MB/s,1700.0,PCI Express x16,NVME,,,,,M.2,,,M.3 2279
products_1_25096878,Toshiba,"Toshiba P300 3.5\"" SATA III Desktop HDD/Hard Drive 7200rpm","1TB Toshiba HDWD110UZSVA P300, 3.5\"" HDD, SATA III - 6Gb/s, 7200rpm, 8ms, 64MB Cache, OEM",34.64,GBP,913715.0,https://www.scan.co.uk/products/1tb-toshiba-hdwd110uzsva-p300-35-hdd-sata-iii-6gb-s-7200rpm-64mb-cache-oem,"Toshiba P300 3.5\"" SATA III Desktop HDD/Hard Drive 7200rpm. Description: 1TB Toshiba HDWD110UZSVA P300, 3.5\"" HDD, 6Gb/s, III - SATA 7200rpm, 8ms, 64MB Cache, OEM",P300,HDWD110UZSVA,HDD,,,1000000 MB,,,SATA,SATA III,,,,,3.5-inch SATA,,,3.5-inch
products_1_45927229,Asus,ASUS NVIDIA GeForce RTX 3090 24GB ROG Strix Ampere Graphics Card,"ASUS NVIDIA GeForce RTX 3090 ROG Strix 24GB GDDR6X Ray-Tracing Graphics Card, 10496 Core, 1410MHz GPU, 1695MHz Boost",99999.99,GBP,919630.0,https://www.scan.co.uk/products/asus-nvidia-geforce-rtx-3090-rog-strix-24gb-gddr6x-ray-tracing-graphics-card,"ASUS NVIDIA GeForce RTX 3090 24GB ROG Strix Ampere Graphics Card. Description: ASUS NVIDIA GeForce RTX 3090 ROG Strix 24GB GDDR6X Ray-Tracing Graphics Card, 10496 Core, 1410MHz GPU, 1695MHz Boost",,,GPU,GeForce RTX 3090,,,,,,,,,,,,,,
products_1_532468,Digital,"HDD extern WD My Passport, 4TB, 2,5"" USB 3.0, portocaliu","HDD extern WD, 4TB, My Passport, 2,5"" USB 3.0, portocaliu",705.1,RON,920756.0,https://www.ideall.ro/magazin-hdd-extern/wd/HDD-extern-WD-My-Passport-4TB-2-5-USB-3-0-portocaliu--191835,"HDD extern WD My Passport, 4TB, 2,5"" USB 3.0, portocaliu. Description: HDD extern WD, 4TB, My Passport, 2,5"" USB 3.0, portocaliu",My Passport,,HDD,,,,,,USB 3.0,,,,,,,,portocaliu,2.5-inch
products_1_66284906,ZDZ6A,"A-DATA DashDrive UV128 64GB Black+Blue USB 3.0 Flash Drive, Retail","A-DATA Dash Drive UV128 64GB Black+Blue USB 3.0 Flash Drive, Retail",24.99,AUD,928273.0,https://www.fotofabrikas.lt/items/USB-laikmenos/USB-raktai/860288c.2-A-DATA-DashDrive-UV128-64GB-BlackBlue-USB-3-0-Flash-Drive-Retail.html,"A-DATA DashDrive UV128 64GB Black+Blue USB 3.0 Flash Drive, Retail. Description: A-DATA DashDrive UV128 64GB Black+Blue USB 3.0 Flash Drive, Retail",DashDrive UV128,,USB_STICK,,,59.6,,,USB 3.0,,,,,,,,Black+Blue,
products_1_74341359,Nvidia,NVIDIA Quadro P5000 - graphics card - Quadro P5000 - 16 GB,"The NVIDIA Quadro P5000 workstation graphics card, powered by NVIDIA Pascal GPU technology, features 16 GB memory capacity and enables an expansive visual workspace with quad display outputs. Work with larger models, complex visual effects and simulations, larger rendering tasks, and more lifelike VR experiences in your workflow today and be well prepared for the challenges of tomorrow.Designs are becoming more complex all the time. Media is becoming richer, combining greater resolutions and complex visual effects. Scientific visualization and compute problems are larger than ever. VR is changing entertainment, design, engineering, architecture, and medicine. And you need to validate designs, rehearse procedures, and visualize problems - interacting with them naturally and at scale.","2,320.78",USD,92856.0,https://m.cdw.com/product/nvidia-quadro-p5000-graphics-card-quadro-p5000-16-gb/4382467,"NVIDIA Quadro P5000 - graphics card - Quadro P5000 - 16 GB. Description: The NVIDIA Quadro P5000 workstation graphics card, powered by NVIDIA Pascal GPU technology, features 16 GB memory capacity and enables an expansive visual workspace with quad display outputs. Work with larger models, complex visual effects and simulations, larger rendering tasks, and more lifelike VR experiences in your workflow today and be well prepared for the challenges of tomorrow.Designs are becoming more complex all the time. Media is becoming richer, combining greater resolutions and complex visual effects. Scientific visualization and compute problems are larger than ever. VR is changing entertainment, design, engineering, architecture, and medicine. And you need to validate designs, rehearse procedures, and visualize problems - interacting with them naturally and at scale.",Quadro P5000,,GPU,Quadro PS0O0,14.9,,,,,,,,,,,,,
products_1_12612826,Western Digital,WD My Passport 256GB External Solid State Drive/SSD - Black/Silver,"256GB WD My Passport WDBKVX2560PSL-WESN, Portable External SSD, USB 3.1 Gen2/Type-C, Bus Powered, Black/Silver",73.49,HGL,929229.0,https://www.scan.co.uk/products/256gb-wd-my-passport-portable-ssd-usb-type-c-black-silver,"WD My Passport 256GB External Solid State Drive/SSD - Black/Silver. Description: 256GB WD My Passport WDBKVX2560PSL-WESN, Portable External SSD, USB 3.1 Bus Gen2/Type-C, Powered, Black/Silver",My Passport,,SSD,,,"256,000 MB",,,USB 3.1 Gen 2,,,,,,,,Black/Silver,
products_1_4507785,Asus,ASUSNVIDIA GeForce RTX 3080 ROG Strix Ampere Graphics Card,"Cuda Cores: 8704, Boost Clock: 1710MHz, GDDR6X, 320-bit Memory, Memory Clock: TBD MHz, Ray Tracing, 3x Display Port, 2x hDMI, 3 Yr Warranty.",0.85,GBP,934998.0,https://www.novatech.co.uk/products/asus-nvidia-geforce-rtx-3080-rog-strix-10gb-ampere-graphics-card/rog-strix-rtx3080-10g-gaming.html,"ASUSNVIDIA GeForce RTX 3080 ROG Strix 10GB Ampere Graphics Card. Description: Cuda Cores: 8704, Boost Clock: 1710MHz, GDDR6X, 320-bit Memory, Memory Clock: TBD MHz, Ray Tracing, 3x Display Port, 2x HDMI, 3 Yr Warranty.",GeForce RTX 3080 ROG Strix,,6PU,GeForce RTX 3080,10.0 GB,,,,,,,,,,,,,
products_1_51131016,Powercolor,"Powercolor Red Devil RX 5700XT Graphics Card 8GB GDDR6, GPU upto 2010MHz, 3x Fans, 1x HDMI + 3x DP, 2.5 Slot, 2x 8-Pin, 300mm length, PCIe 4.0 Ready, Max 4x Displays","Powercolor Red Devil RX 5700XT Graphics Card 8GB GDDR6, GPU upto 2010MHz, 3x Fans, 1x HDMI + 3x DP, 2.5 Slot, 2x 8-Pin, 300mm length, PCIe 4.0 Ready, Max 4x Displays",849.0,NZD,936149.0,https://www.pbtech.co.nz/product/VGAPOW15755/Powercolor-Red-Devil-RX-5700XT-Graphics-Card-8GB-G?qr=similar-no-stock,"Powercolor Red Devil RX 5700XT Graphics Card 8GB GDDR6, GPU upto 2010MHz, 3x Fans, 1x HDMI + 3x DP, 2.5 Slot, 2x 8-Pin, 300mm length, PCIe 4.0 Ready, Max 4x Displays. Description: Powercolor Red Devil RX 5700XT Graphics Card 8GB GDDR6, GPU upto 2010MHz, 3x Fans, 1x HDMI + 3x DP, 2.5 Slot, 2x 8-Pin, 300mm length, PCIe 4.0 Ready, Max 4x Displays",Red Devil RX 5700,,GPU,,,,,,PCIc 4.O,,,,,,,,,
products_1_51996330,Western Digital,"Disco HDD WD 1TB 7200RPM 64MB SATA III 3.5\"" - WD10EZEX","HDD 1TB Blue 3.5\"" SATA 6 Gb/s 7200 rpm 64mb Cache",48.53,EUR,938568.0,https://www.prinfor.pt/discos-rigidos/39990-disco-hdd-wd-1tb-7200rpm-64mb-sata-iii-35-wd10ezex.html,"Disco HDD WD SATA 7200RPM 64MB 1TB III 3.5\"" - WD10EZEX. Description: HDD 1TB Blue 3.5\"" SATA 6 Gb/s 7200 rpm 64mb Cache",Blue,,HDD,,,1000.0,,,,,,,,,3.5-inch SATA,,,3.5-inch
products_1_98845736,Asu s,Asus ROG Strix GeForce RTX 2070 Super Advanced 8GB,"The Asus ROG Strix GeForce RTX 2070 Super graphics card features, 8GB GDDR6 memory, 2560 CUDA cores, PCI-E 3.0, OpenGL 4.5 support, OpenGL support, DirectX 12 support, Asus Aura Sync RGB lighting, Axial-tech Fan Design, 2x HDMI 2.0b, 2x DisplayPort 1.4 and USB-C support. Backed by a 3 year Asus warranty.",749.0,AUD,941862.0,https://www.auspcmarket.com.au/video-cards/nvidia-cards/20-series-gpus/asus-rog-strix-geforce-rtx-2070-super-advanced-8gb,"Asus ROG Strix GeForce RTX 2070 Super Advanced 8GB. Description: The Asus ROG Strix GeForce RTX 2070 Super graphics card features, 8GB GDDR6 memory, 2560 CUDA cores, PCI-E 3.0, OpenGL 4.5 support, OpenGL support, DirectX 12 support, Asus Aura Sync RGB lighting, Axial-tech Fan Design, 2x HDMI 2.0b, 2x DisplayPort 1.4 and USB-C support. Backed by a 3 year Asus warranty.",ROG Strix GeForce RTX 2070 Super Advance,,G,,,,,,PCI Exprcss xl6,,,,,,,,,
products_1_51798356,Seagate,ST5000LM000 Seagate Barracuda 5TB 5.4K RPM SATA-6GBPS 128MB Buffer 2.5inch Internal Hard Disk Drive. New Retail Factory Sealed With Full Manufacturer Warranty.,ST5000LM000 Seagate Barracuda 5TB 5.4K RPM SATA-6GBPS 128MB Buffer 2.5inch Internal Hard Disk Drive. GENERAL INFORMATION : Manufacturer : Seagate Manufacturer Part Number : ST5000LM000BEST-FIT APPLICATIONS : Laptops Mobile Storage External Storage Systems All-In-One PCSUltra-Slim Desktop PCSKey Features:Interface : SATA-6GBPS Storage Capacity : 5 TB Bytes Per Sector : 4096/512 Drive Dimensions : 2.5 INCH Performance:Rotational Speed : 5400 RPM Buffer : 128 MB Data Transfer Rate (Maximum) : 140 MBPS,208.0,USD,943959.0,https://www.allhdd.com/hard-drive/sata-6gbps/5tb-5.4k-rpm/seagate-st5000lm000-nrfs,ST5000LM000 Seagate Barracuda 5TB 5.4K RPM SATA-6GBPS 128MB Buffer 2.5inch Internal Hard Disk Drive. New Retail Factory Sealed With Full Manufacturer Warranty.. Description: ST5000LM000 Seagate Barracuda 5TB 5.4K RPM SATA-6GBPS 128MB Buffer 2.5inch Internal Hard Disk Drive. GENERAL INFORMATION : Manufacturer : Seagate Manufacturer Part Number : ST5000LM000BEST-FIT APPLICATIONS : Laptops Mobile Storage External Storage Systems All-In-One PCSUltra-Slim Desktop PCSKey Features:Interface : SATA-6GBPS Storage Capacity : 5 TB Bytes Per Sector : 4096/512 Drive Dimensions : 2.5 INCH Performance:Rotational Speed : 5400 RPM Buffer : 128 MB Data Transfer Rate (Maximum) : 140 MBPS,Barracuda,ST5O00LM00OBEST-FIT,HDD,,,"5,000,000 MB",,,,SATA III,,,,,2.5-inch SATA,,,
products_1_12663602,palit,Palit NVIDIA GeForce GTX 1660 6GB StormX Turing Graphics Card,"Palit GeForce GTX 1660 StormX 6GB GDDR5 VR Ready Graphics Card, 1408 Core, 1530MHz GPU, 1785MHz Bo",257.56,GBP,944395.0,https://www.scan.co.uk/products/palit-geforce-gtx-1660-stormx-6gb-gddr5-vr-ready-graphics-card-1408-core-1530mhz-gpu-1785mhz-boost,"Palit NVIDIA GeForce GTX 1660 6GB StormX Turing Graphics Card. Description: Palit GeForce GTX 1660 StormX 6GB GDDR5 VR Ready Graphics Card, 1408 Core, 1530MHz GPU, 1785MHz Boost",GeForce GTX 1660 6GB StormX,,GP,GeForce GTX 1660,,,,,,,,,,,,GDDR5,,
products_1_88098987,MSI,MSI NVIDIA RTX 2070 VENTUS GP 8GB Turing Graphics Card,"MSI GeForce RTX 2070 VENTUS HP 8GB GDDR6 Ray-Tracing Graphics Card, 2304 Cores, 1410MHz GLU, 1620MHx Boost",359.99,GBP,94508.0,https://www.scan.co.uk/products/msi-geforce-rtx-2070-ventus-gp-8gb-gddr6-ray-tracing-graphics-card-2304-cores-1410mhz-gpu-1620mhz-bo,"MSI NVIDIA RTX 2070 VENTUS GP 8GB Turing Graphics Card. Description: MSI GeForce RTX 2070 VENTUS GP 8GB GDDR6 Ray-Tracing Graphics Card, 2304 Cores, 1410MHz GPU, 1620MHz Boost",RTX 2070 VENTUS GP,,GPU,,,,,,,,,,,,,GDDR6,,
products_1_96580141,Sapphire,Sapphire AMD Radeon RX 550 4GB PULSE Graphics Card,"Radeon RX 550 PULSE, Core Clock1206 MHz, 5GG 7000MHz VDDR5, Intelligent Fan Control",92.44,GBP,94530.0,https://www.scan.co.uk/products/4gb-sapphire-radeon-rx-550-pulse-14nm-polaris-512-streams-1206mhz-gpu-7000mhz-gddr5-dp-hdmi-dvi-d-dl,"Sapphire AMD Radeon RX 550 4GB PULSE Graphics Card. Description: 4GB Sapphire Radeon RX 550 PULSE, 14nm Polaris, 512 Streams, 1206MHz GPU, 7000MHz GDDR5, DP/HDMI/DVI-D DL",Radeon 550 RX 4GB PULSE,,GPU,Radeon RX 550,4000.0,,,,,,,,,,,GDDR5,,
products_1_5580468,Seagate,"Seagate Exos X16 16TB 3.5\"" SATA HDD/Hard Drive Enterprise HDD, SATA III 6Gb/s, 7200rpm, 256MB Cache","Seagate Exos X16 16TB 3.5\"" SATA HDD/Hard Drive Enterprise HDD, SATA III 6Gb/s, 7200rpm, 256MB CacheProduct OverviewScalable, Responsive, InnovativeFor everything hyperscale, there’s Exos X — the most powerful way to access the datasphere and harness the full potential of the cloud. Exos X16 enterprise hard drives integrate the latest technology in support of a scalable, secure, and reliable cloud data centre. Specifically designed to work in highly scalable environments requiring low power consumption and weight, the Exos X series hard drives perform consistently while scaling to meet the stringent TCO requirements of most cloud-based data centres.Features- Stores up to 12.8 PB in a 42U rack with helium technology.- Leading sustained data rate 261 MB/s.- Random write of 440 IOPS.- Reduced complexity with FastFormat.- Reduced TCO with low weight of 670g and 0.31 W/TB.- 550 TB/yr — 10× the workload rating of desktop drives.",367.77,EUR,94676.0,https://www.xstra.eu/product/2108/seagate-exos-x16-16tb-35-sata-hdd-hard-drive-enterprise-hdd-sata-iii-6gb-s-7200rpm-256mb-cache.html,"Seagate Exos X16 16TB 3.5\"" SATA HDD/Hard Drive Enterprise HDD, SATA III 6Gb/s, 7200rpm, 256MB Cache. Description: Seagate Exos X16 16TB 3.5\"" SATA HDD/Hard Drive Enterprise HDD, SATA III 6Gb/s, 7200rpm, 256MB CacheProduct OverviewScalable, Responsive, InnovativeFor everything hyperscale, there’s Exos™ X — the most powerful way to access the datasphere and harness the full potential of the cloud. Exos X16 enterprise hard drives integrate the latest technology in support of a scalable, secure, and reliable cloud data centre. Specifically designed to work in highly scalable environments requiring low power consumption and weight, the Exos X series hard drives perform consistently while scaling to meet the stringent TCO requirements of most cloud-based data centres.Features- Stores up to 12.8 PB in a 42U rack with helium technology.- Leading sustained data rate 261 MB/s.- Random write of 440 IOPS.- Reduced complexity with FastFormat™.- Reduced TCO with low weight of 670g and 0.31 W/TB.- 550 TB/yr — 10× the workload rating of desktop drives.",,,HDD,,,16000.0,,,,,,,,,3.5-inch SATA,,,3.5-inch
products_1_88407990,Kingston,Kingston 64GB DataTraveler 80 DT80/64GB USB 3.2 Type-C Flash Drive,DT80/64GB MBD 64GB USB 3.2 Type-C Flash Drive r200MBs Kingston DataTraveler 80 Black/Silver Rectangular Retail,16.85,7AS,949762.0,https://www.oempcworld.com/OEMPCworld-com/500790.html,Kingston 64GB DataTraveler 80 DT80/64GB USB 3.2 Type-C Flash Drive. Description: DT80/64GB MBD 64GB USB 3.2 Type-C Flash Drive Kingston DataTraveler 80 Black/Silver Rectangular Retail,DataTraveler 80,DT80 with 64GB storage,USB_STI,,,59.6,200.0,,USB 3.0,,,,,,,,Black/Silver,
products_1_25909923,Seagate,ST2000DM001 Seagate Barracuda 2TB 7.2K RPM SATA-6GBPS 64MB Buffer Pack. Internal Hard Disk Drive. New Bulk 3.5inch,General Information:Manufacturer : SeagateManufacturer part number: ST2000DM001Type : Hard Disk Drive (HDD)Sub-Type : SATA-6GBPSMFG Website Address: www.seagate.com Specifications:Product line : barracudaInterface : 6-GBPS SATACache : 64MBCapacity : 2TB (2000-GB)Performance:Spin speed (RPM): 7200 RPMSustained data transfer rate: 147MB/SAverage latency: 4.16MSRandom read seek time: 8.5MSRandom write seek time: 9.5MSI/O data transfer rate: 600MB/SUnrecoverable read errors: 1 in 1015,95.0,USD,961097.0,https://www.allhdd.com/hard-drive/sata-6gbps/2tb-7.2k-rpm/seagate-st2000dm001-nbp,ST2000DM001 Seagate Barracuda 2TB 7.2K RPM SATA-6GBPS 64MB Buffer 3.5inch Internal Hard Disk Drive. New Bulk Pack.. Description: General Information:Manufacturer : SeagateManufacturer part number: ST2000DM001Type : Hard Disk Drive (HDD)Sub-Type : SATA-6GBPSMFG Website Address: www.seagate.com Specifications:Product line : barracudaInterface : 6-GBPS SATACache : 64MBCapacity : 2TB (2000-GB)Performance:Spin speed (RPM): 7200 RPMSustained data transfer rate: 147MB/SAverage latency: 4.16MSRandom read seek time: 8.5MSRandom write seek time: 9.5MSI/O data transfer rate: 600MB/SUnrecoverable read errors: 1 in 1015,Barr acuda,,HDD,,,,,,SATA,,,,,,3.5inch,,,3.5-inch
products_1_26857322,Asus,"GeForce® GTX 1660 SUPER DUAL EVO OC, 1530 - 1860MHz, 6GB GDDR6, Graphics Card","ASUS Dual GeForce GTX 1660 SUPER OC Edition 6GB GDDR6 EVO (DUAL-GTX1660S-O6G-EVO). 2x Fans. 2x Fun. The ASUS Dual GeForce® GTX 1660 SUPER EVO sets you up with a serious advantage for high definition AAA gaming. Marathon gaming session? Multi-hour raid? With Axial-tech fans and Auto-Extreme technology, the Dual will keep pumping out frames long after competitors have bitten the dust. If you're looking for a solid, reliable gaming experience, this is it.",276.85,USD,964313.0,https://www.avadirect.com/GeForce-GTX-1660-SUPER-DUAL-EVO-OC-1530-1860MHz-6GB-GDDR6-Graphics-Card/Product/13052374,"GeForce® GTX 1660 SUPER™ DUAL EVO OC, 1530 - 1860MHz, 6GB GDDR6, Graphics Card. Description: ASUS Dual GeForce GTX 1660 SUPER™ OC Edition 6GB GDDR6 EVO (DUAL-GTX1660S-O6G-EVO). 2x Fans. 2x Fun. The ASUS Dual GeForce® GTX 1660 SUPER™ EVO sets you up with a serious advantage for high definition AAA gaming. Marathon gaming session? Multi-hour raid? With Axial-tech fans and Auto-Extreme technology, the Dual will keep pumping out frames long after competitors have bitten the dust. If you're looking for a solid, reliable gaming experience, this is it.",Dual GeForce GTX 1660 OC DUAL EVO SUPER,DUAL-GTX1660S-O6G-EVO,GPU,,,,,,,,,,,,,,,
products_1_55154862,As us,ASUS NVIDIA GeForce RTX 3090 24GB ROG OC Strix Ampere Graphics Card,"ASUS NVIDIA GeForce RTX 3090 ROG Strix OC 24GB GDDR6X Ray-Tracing Graphics Card, 10496 Core",127.52,GBP,971452.0,https://www.scan.co.uk/products/asus-nvidia-geforce-rtx-3090-rog-strix-oc-24gb-gddr6x-ray-tracing-graphics-card,"ASUS NVIDIA GeForce RTX 3090 24GB ROG OC Strix Ampere Graphics Card. Description: ASUS NVIDIA GeForce RTX 3090 ROG Strix OC 24GB GDDR6X Ray-Tracing Graphics Card, 10496 Core",GeFprce RTX 3090 24BB RKG OC Strix,,gPU,GeForce RTX 3090,24.0 GB,,,,,,,,,,,GDDR6X,,
products_1_62202191,Western Digital,WD Blue SN500 500GB M.2 PCIe NVMe SSD/Solid State Drive,"500GB WD Blue SN500 SSD, M.2 (2280) PCIe 3.0 (x2) NVMe SSD, Read 1700MB/s, Write 1450MB/s, 275k/300k IOPS Max",99999.99,GBP,971796.0,https://www.scan.co.uk/products/500gb-wd-blue-ssd-m2-2280-pcie-30-x2-nvme-ssd-read-1700mb-s-write-1450mb-s-275k-300k-iops-max,"WD Blue SN500 500GB M.2 PCIe NVMe SSD/Solid State Drive. Description: 500GB WD Blue SN500 SSD, M.2 (2280) PCIe 3.0 (x2) NVMe SSD, Read 1700MB/s, Write 1450MB/s, 275k/300k IOPS Max",Blue SN500,,SSD,,,500.0 GB,,,PCI Express x2,,,,,,M.2,,,
products_1_84816822,Intel Corporation,Intel 660p M.2 2280 2TB NVMe PCIe 3.0 x4 3D NAND Internal Solid State Drive (SSD) SSDPEKNW020T8X1,"Empowered by Intel's innovative Intel QLC Technology, the Intel SSD 660p oﬀers higher capacities at a lower cost than TLC-based options.1With PCIe, the new SSD 660p skips SATA and its limitations to oﬀer up to 2TB in one drive. These client SSDs pack more data than TLC-based storage, allowing up to 2x more capacity in identical footprints. The thin M.2 80mm form factor makes it perfect for notebooks, desktops, and mobile devices that need storage for everyday computing. Compatibility: This d",199.99,USD,972766.0,https://www.orion-web.net/rnwp/1283/intel-660p-m-2-2280-2tb-nvme-pcie-3-0-x4-3d-nand-internal-solid-state-drive-ssd-ssdpeknw020t8x1,"Intel 660p M.2 2280 2TB NVMe PCIe 3.0 x4 3D NAND Internal Solid State Drive (SSD) SSDPEKNW020T8X1. Description: Empowered by Intel's innovative Intel QLC Technology, the Intel SSD 660p oﬀers higher capacities at a lower cost than TLC-based options.1With PCIe, the new SSD 660p skips SATA and its limitations to oﬀer up to 2TB in one drive. These client SSDs pack more data than TLC-based storage, allowing up to 2x more capacity in identical footprints. The thin M.2 80mm form factor makes it perfect for notebooks, desktops, and mobile devices that need storage for everyday computing. Compatibility: This d",660p,,SSD,,,"2,000,000 MB",,,PCI Express x4,NVMe,,,,,M.2,,,M.2 2280
products_1_22733391,XFX,"XFX Radeon RX 570 RS XXX Edition 1286MHz, 8gb GDDR5, DX12 VR Ready, Dual BIOS, 3xDP HDMI DVI, AMD Graphics Card (RX-570P8DFD6)",Chipset: AMD RX 570 Memory: 8GB GDDR5 Dual Bios - Gaming and Cryptocurrency Mining - Double Dissipation Cooling DesignChipset: AMD RX 570. Memory: 8GB GDDR5. Dual Bios XFX Gaming and Cryptocurrency Mining. XFX Double Dissipation Cooling Design.,0.15,U5D,973283.0,https://www.orion-web.net/rnwp/1545/xfx-radeon-rx-570-rs-xxx-edition-1286mhz-8gb-gddr5-dx12-vr-ready-dual-bios-3xdp-hdmi-dvi-amd-graphics-card-rx-570p8dfd6,"XFX Radeon RX 570 RS XXX Edition 1286MHz, 8gb GDDR5, DX12 VR Ready, Dual BIOS, 3xDP HDMI DVI, AMD Graphics Card (RX-570P8DFD6). Description: Chipset: AMD RX 570 Memory: 8GB GDDR5 Dual Bios - Gaming and Cryptocurrency Mining XFX Double Dissipation Cooling DesignChipset: AMD RX 570. Memory: 8GB GDDR5. Dual Bios - Gaming and Cryptocurrency Mining. XFX Double Dissipation Cooling Design.",Radeon RX 570 RS XXX Edition,RX-570P8DFD6,GPU,,,,,,,,,,,,,TDSRt,,
products_1_35356546,,"Patriot Memory Burst SSD Solid State Drive 2.5\"" SATA III Internal - 120GB","Supplied brand new in sealed retail packaging with 3 year manufacturer warranty. Improve your system’s performance. This easy upgrode gives you faster boot-ups, application load times, and data transfers turning your old computer from dinosaur to dynamo!No more bottle necks with really excellent read speeds of up to 560MB/s and write speeds of up to 540MB/s, it will make start and boot-ups, data transfers and application lood times a breeze.Unlike traditional hard disk drives. SSD have no moving parts, so it’s more durable and less likely to fail. Shock and vibration resistant = one robust and reliable SSD to safely store and render your large-sized data, photos, and 4K videos etc.Rigorously tested. All Patriot product designs undergo extensive testing to ensure performance, quality, compatibility, and reliability. Backed by Patriot’s award winning build quality!!7dayshop stock a competitive range of products : photo, computer, memory, inkjet, audio, video, battery, gifts ideas, gadgets and much more.We have been selling online since the year 2000. Buy with confidence.",,,97761.0,https://www.7dayshop.com/products/patriot-memory-burst-ssd-solid-state-drive-2-5-sata-iii-internal-120gb-pbu120gs25ssdr,"Patriot Memory Burst SSD Solid State Drive 2.5\"" SATA III Internal - 120GB. Description: Supplied brand new in sealed retail packaging with 3 year manufacturer warranty. Improve your system’s performance. This easy upgrade gives you faster boot-ups, application load times, and data transfers turning your old computer from dinosaur to dynamo!No more bottle necks with really excellent read speeds of up to 560MB/s and write speeds of up to 540MB/s, it will make start and boot-ups, data transfers and application load times a breeze.Unlike traditional hard disk drives. SSD have no moving parts, so it’s more durable and less likely to fail. Shock and vibration resistant = one robust and reliable SSD to safely store and render your large-sized data, photos, and 4K videos etc.Rigorously tested. All Patriot product designs undergo extensive testing to ensure performance, quality, compatibility, and reliability. Backed by Patriot’s award winning build quality!!7dayshop stock a competitive range of products : photo, computer, memory, inkjet, audio, video, battery, gifts ideas, gadgets and much more.We have been selling online since the year 2000. Buy with confidence.",High-speed SSD solid state drive,,SSD,,,,"560,000 KB/s",540.0,SATA,SATA III,,,,,2.5-inch SATA,,,2.5-inch
products_1_5479551,Hewlett Packard,"HP 1TB 6G SAS 7.2K 2.5\"" SC MDL Server Hard Disk","HP 1TB 6G SAS 7.2K 2.5\"" SC MDL Server Hard Disk HP 1TB 6G SAS 7.2K 2.5\"" SC MDL Server Hard Disk part number 652749-B21 has transfer rates of up to 600 MBPS (external) and spindle speed of 7200 RPM Additionally it has compatible bays of : 2.5 SFF","42 700,0",KES,988455.0,https://tetop.co.ke/product/hp-1tb-6g-sas-7-2k-2-5-sc-mdl-server-hard-disk,"HP 1TB 6G SAS 7.2K 2.5"" SC MDL server hard disk; part number 652749-B21. Supports external transfer rates up to 600 MBPS and a spindle speed of 7200 RPM, and is compatible with 2.5 SFF bays.","1TB 6G SAS 7.2K 1.5"" SC MXL Server Hard Cisk",652749-B21,,,,1000000 MB,,,,SAS,,,,,2.5-inch SATA,,,2.5-inch
products_1_19052491,Asus,ASUS PH-GT1030-O2G GeForce GT 1030 2GB Phoenix Fan OC Edition HDMI DVI Graphics Card,"The ASUS GeForce GT 1030 Phoenix OC edition features a dual-ball bearing fan for superior airflow and 2X lifespan over reference. Auto-extreme manufacturing technology with Super Alloy Power II delivers premium quality and reliability. GPU Tweak II enables additional control to ensure an optimal balance between performance, cooling and noise.1531MHz boost clock (OC mode) with 2GB GDDR5 on NVIDIA's Pascal architecture. Dual-ball bearing fan provides superior airflow and cooling with 2x longer lifespan.",82.99,USD,99153.0,https://www.qxwebcam.com/product/asus-ph-gt1030-o2g-geforce-gt-1030-2gb-phoenix-fan-oc-edition-hdmi-dvi-graphics-card,"ASUS PH-GT1030-O2G GeForce GT 1030 2GB Phoenix Fan OC Edition HDMI DVI Graphics Card. Description: The ASUS GeForce GT 1030 Phoenix OC edition features a dual-ball bearing fan for superior airflow and 2X lifespan over reference. Auto-extreme manufacturing technology with Super Alloy Power II delivers premium quality and reliability. GPU Tweak II enables additional control to ensure an optimal balance between performance, cooling and noise.1531MHz boost clock (OC mode) with 2GB GDDR5 on NVIDIA's Pascal architecture. Dual-ball bearing fan provides superior airflow and cooling with 2x longer lifespan.",Phoenix Fan OC Edition,PH-GT1030-O2G,GPU,,2.0,,,,,,,,,,,,,
products_1_28507224,Samsung,Samsung 970 EVO Plus SSD M.2 2280 - 250GB,"SSD (Solid state drive), 250 GB, intern, Datahastighet: 3500 MBps (les) / 2300 MBps (skriv), IOPS: 250000 (les) / 550000 (skriv), 512MB LPDDR4 cache, M.2 2280 (80mm), M.2 2280 (80mm), PCI-Express 3.0 x4 NVMe 1.3 (Non-Volatile Memory Express), 256-bit AES kryptering, TCG Opal Encryption - Samsung Phoenix Controller",789.0,NOK,993500.0,https://www.proshop.no/SSD/Samsung-970-EVO-Plus-SSD-M2-2280-250GB/2695177,"Samsung 970 EVO Plus SSD M.2 2280 - 250GB. Description: SSD (Solid state drive), 250 GB, intern, Datahastighet: 3500 MBps (les) / 2300 MBps (skriv), IOPS: 250000 (les) / 550000 (skriv), 512MB LPDDR4 cache, M.2 2280 (80mm), M.2 2280 (80mm), PCI-Express 3.0 x4 NVMe 1.3 (Non-Volatile Memory Express), 256-bit AES kryptering, TCG Opal Encryption - Samsung Phoenix Controller",970 EVO Plus,,SSD,,,250.0,3.5,,PCI Express x4,,,,,,,LPDDR4,,
products_1_1585518,Kingston,Kingston Technology UV500 SSD 480GB mSATA 480GB mSATA SATA III,"(Solid, 480GB, Drive), III, Kingston, SATA, SSD, State, Technology, UV500, mSATA",83.95,EUR,997857.0,https://www.megekko.nl/product/5094/229241/SSD-mSATA/Kingston-Technology-UV500-SSD-480GB-mSATA-480GB-mSATA-SATA-III,"Kingston Technology UV500 SSD 480GB mSATA 480GB mSATA SATA III. Description: (Solid, 480GB, Drive), III, Kingston, SATA, SSD, State, Technology, UV500, mSATA",UV500,,SSD,,,,,,SATA,SATA III,,,,,,,,
k02_noncorner_products_00000__products_1,LumcnAre,LumenArc Studio Dock 12TB,"Compact desktop archive dock for creative workstations and media libraries. Features dual-bay hot-swap loading, USB-C 3.2 connectivity, hardware write protection, status LEDs, and bundled backup utility support. Intended for photographers, editors, and small studio teams needing portable high-capacity local storage.",387.19,USD,,,LumenArc Studio Dock 12TB portable archival storage dock with USB-C 3.2 and write protection,Studio Dock 12TB,LAD-12T-UC32,Storage Dock,ARC-Bridge X2,,12000.0,,,,,,,,,,,,
k02_noncorner_products_00001__products_1,Northwind,"Northwind Aurora 27"" OLED Monitor 240Hz QHD","Northwind Aurora is a fictional 27-inch OLED gaming monitor designed for high-refresh desktop setups. It features a 2560 x 1440 QHD panel, 240Hz refresh rate, 0.03ms response time, and DisplayHDR 400 support. Connectivity includes 2x HDMI 2.1, 1x DisplayPort 1.4, and a USB-C input with 65W power delivery. The display also offers adjustable height, tilt, swivel, and pivot ergonomics, plus a matte anti-glare coating.",611.03,US D,,,27-inch OLED monitor with QHD resolution and 240Hz refresh rate,Aurora 27,NW-AUR27-OLED240,Monitor,OLED pancl eontroller,,,,,,,,,,,,,,
k02_noncorner_products_00002__products_1,NorthvaLe,"Aurora Span 27"" 1440p IPS Office Monitor","A fictional 27-inch desktop monitor designed for general productivity and creative work, featuring a 2560 x 1440 IPS panel, 75Hz refresh rate, 99% sRGB coverage, DisplayPort and HDMI inputs, and an adjustable stand with tilt, swivel, and height controls.",219.99,USD,,,27-ineh IPS monitor with 1440p resolution and office-focused ergonomies,Span 27Q,NV-SP27Q-75IPS,Monitor,ScalerMax Q,,,,,,,,,,,,,,
k02_noncorner_products_00003__products_1,NoriFlux,NoriFlux Aurora Deck 5120 mechanical keyboard,"Compact wired mechanical keyboard designed for office and creative workstations, featuring hot-swappable low-profile switches, per-key RGB lighting, a detachable USB-C cable, and a CNC aluminum frame. Includes a programmable rotary dial, Mac/Windows layer support, and a 75% layout optimized for desk efficiency.",241.52,U,,,A fictional 75% mechanical keyboard with RGB lighting and a rotary dial.,Aurora DeCk 5120,NF-AD5120-KB,KEYBOARD,n/A,,,,,,,,,,,,,,
k02_noncorner_products_00004__products_1,Wu5eloa,Aurelia Prism 27Q 27-inch QHD Monitor,"27-inch desktop monitor with a 256O x 1440 QHD IPS pancl, 165Hz refresh rate, 1ms MPRT response time, Adaptive-Sync support, and HDMI/DisplayPort inputs. Features tilt and height adjustment, low-blue-light mode, and a matte anti-glare finish for everyday productivity and gaming setups.",305.51,USD,,,27-inch IPS QHD monitor with a 165Hz refresh rate,Prism 27Q,APR27Q-165,MONITOR,,,,,,,,,,,,,,,
k02_noncorner_products_00005__products_1,NovaWeave,NovaWeave Signal Loom Monitor 27 QHD,"A fictional 27-inch QHD desktop monitor designed for studio dashboards, office layouts, and multi-window productivity. It features a matte IPS-like panel, 2560 1440 resolution, 75 Hz refresh rate, USB-C input, DisplayPort, and a built-in ambient light sensor for adaptive brightness. The monitor emphasizes color consistency, ergonomic height adjustment, and low-power operation rather than gaming or storage use.",219.5,USD,,,27-inch monitor productivity QHD,Signal Loom 27,NW-SL27QHD-75,Monitor,NW-Visor Core,,,,,,,,,,,,,,
k02_noncorner_products_00006__products_1,Auralis,Auralis Mistral Note 14 ambient speaker,"Fictional compact smart speaker designed for room ambiance and voice playback, featuring Wi‑Fi/Bluetooth connectivity, a fabric-wrapped cylindrical body, and a warm-tone acoustic profile for bedrooms and desks.",89.4,USD,,,Ambient speaker with wireless audio and voice-assistant support,<MUNCHANGED>,AN14-SP01,Speaker Smart,AuricWave Q1,,,,,,,,,,,,,,
k02_noncorner_products_00007__products_1,ValeCraft,Orchid Vale 27Q0 27-inch 2560x1440 IPS Office Monitor,"27-inch IPS office monitor with 2560x1440 resolution, 75Hz refresh rate, and an adjustable stand, suited for general productivity use.",189.5,USD,,,Orchid 2560x1440 27Q0 27-inch Vale IPS Office Monitor,27Q0,VC-27Q0-75,Monitor,,,,,,,,,,,,,,,
k02_noncorner_products_00008__products_1,Fabtq,Vanta Fuse 27Q Monitor,"27-inch QHD desktop monitor with an IPS panel, 2560x1440 resolution, 75Hz refresh rate, 4ms response time, HDMI and DisplayPort inputs, and an adjustable stand. Designed for general office and creative use, it includes low-blue-light and flicker-reduction modes, integrated stereo speakers, and VESA mount support.",229.99,USD,,,A fictional 27-inch QHD IPS monitor for everyday productivity and light content creation.,27Q,VF27Q-75HD-2025,monitor,,,,,,,,,,,,,,,
k02_noncorner_products_00009__products_1,Auralis,Auralis Vanta Scent Diffuser 120ml Nebula Edition,"A fictional tabletop aroma diffuser designed for ambient scent layering in home studios, reading nooks, and wellness spaces. The Vanta Scent Diffuser uses a silent micro-fan, adjustable mist cycles, and a refillable 120ml reservoir to disperse water-based fragrance blends across small rooms. Its matte ceramic shell and low-glow status light are intended for decorative use rather than electronic performance computing or data storage.",74.5,USD,,,Decorative fragrance diffuser for small indoor spaces,Vanta Scent Diffuser,AL-VS120-NEB,Home Diffuser,Nebula Mist Control v1,,0.12,,,,,,,,,,,,
k02_noncorner_products_00010__products_1,Aurora LoOm,Aurora Loom MX-7 portable digital recorder,"Compact handheld field recorder with dual XLR/TRS combo inputs, 32-bit float recording, built-in stereo microphones, and rechargeable battery power for interviews, podcasts, and ambient sound capture.",239.99,USD,,,Portable digital audio recorder for field recording and content creation,MX-7,AL-MX7-2026,DIGITAL_RECORDER,AurumCore XR1 audio processor,,59.6,,,,,,,,,,,,
k02_noncorner_products_00011__products_1,Lunaris,Aurora Meshcraft 27in QHD 165Hz IPS Monitor,"27-inch QHD gaming monitor with IPS panel, 165Hz refresh rate, 1ms response time, Adaptive Sync support, and ergonomic tilt/swivel stand.",0.28,USD,,,rate QHD IPS monitor with 165Hz refresh 27-inch,27Q,LM27Q165,MONITOR,Sync Adaptive,,,,,,,,,,,,,,
k02_noncorner_products_00012__products_1,Vellora,Nimbus Forge UltraBeam Lamp,"A fictional home ambient lighting system designed for tabletop atmospheres and crwative workspace accents. The UltraBeam Lamp combines a matte ceramic base, adjustable warm-to-cool LED rings, and a quiet touch-dimming interface. It is intended for dexorative indoor use only and is nog a computer component or storage device.",79.S,USD,,,Decorative odjustable LED table lomp,UltraBeam,VL-UBX-450,L,AuroraLite Control Core,,,,,,,,,,,,,,
k04__within_dup__products_1__products_1_68806700,Digital,WD Red SA500 1TB M.2 NAS SATA State Drive,"1TB III Red SA500, M.2 (2280) NAS SSD, SATA WD 6Gb/s, 3D NAND, 560MB/s Read, 530MB/s, 95k/85k IOPS",137.71,GBP,503649.0,https://www.scan.co.uk/products/1tb-wd-red-sa500-m2-2280-nas-ssd-sata-iii-6gb-s-3d-nand-560mb-s-read-530mb-s-95k-85k-iops,"WD Red SA500 1TB M.2 NAS SSD/Solid State Drive. Description: 1TB WD Red SA500, M.2 (2280) NAS SSD, SATA III 6Gb/s, 3D NAND, 560MB/s Read, 530MB/s, 95k/85k IOPS",SA500,,SSD,,,931.32 GiB,560.0,530000.0,SATA,SATA III,,,,,M.2,,,M.2 2280
k04__within_dup__products_1__products_1_1088849,ADATA,ADATA SSD 512GB XPG SX8200 PCIe Pro Gen3x4 M.2 2280 (R:3500/W:3000 MB/s),"XPG SX8200 Pro PCIe Gen3x4 M.2 2280 Solid State Drive The Pro M.2 2280 SSD is XPG’s fastest SSD to date and is designed for avid PC enthusiasts, gamers, and overclockers. It features an ultra-fast PCIe Gen3x4 interface that offers peak read/write speeds of 3500/3000MB per second, outpacing SATA 6Gb/s by a wide margin. Supporting NVMe 1.3, the SX8200 Pro delivers excellent random read/write performance and multi-tasking capabilities. With SLC caching, a DRAM Cache buffer, E2E Data Protection, and LDPC ECC, it maintains high speeds and data integrity, even during highly intensive applications such as gaming rendering, and overclocking.FeaturesUltra-fast PCIe Gen3x4 interface: R/W speed up to NVMe 1.3 support 3D NAND Flash for higher capacity and durability Advanced LDPC ECC Technology SLC Caching and DRAM cache buffer E2E Data Protection and RAID Engine Compact M.2 2280 form factor – ideal for gaming and high-end desktopsTECHNICAL SPECIFICATIONSPart No. ASX8200PNP-512GT-CEAN 4713218469458Capacity 512GBNAND Flash 3D TLCInterface PCIe Gen3x4Form Factor M.2 2280MTBF 2,000,000 hoursPower Consumption 0.33W Active (Typical),0.14W Slumber (Typical) (*measured by power meter)Operating Temperature 0°C~70°CStorage Temperature -40°C~85°CShock Resistance 1500G/0.5msCertifications RoHS, CE, FCC, BSMI, VCCI, KCDimensions (L x W x T) 22 x 80 x 3.5 mmWeight 8gWarranty 5 years.",81.0,EUR,827983.0,https://shop-it.vektra.sk/adata-ssd-512gb-xpg-sx8200-pro-pcie-gen3x4-m-2-2280-r-3500-w-3000-mb-s,"ADATA SSD 512GB XPG SX8200 Pro PCIe Gen3x4 gamers, 2280 (R:3500/W:3000 MB/s). Description: XPG SX8200 Pro PCIe Gen3x4 M.2 2280 Solid State Drive The SX8200 Pro M.2 2280 SSD is XPG’s fastest SSD to date and is designed for avid PC enthusiasts, M.2 and overclockers. It features an ultra-fast PCIe Gen3x4 interface that offers peak read/write speeds of 3500/3000MB per second, outpacing SATA 6Gb/s by a wide margin. Supporting NVMe 1.3, the SX8200 Pro delivers excellent random read/write performance and multi-tasking capabilities. With SLC caching, a DRAM Cache buffer, E2E Data Protection, and LDPC ECC, it maintains high speeds and data integrity, even during highly intensive applications such as gaming rendering, and overclocking.FeaturesUltra-fast PCIe Gen3x4 interface: R/W speed up to 3500/3000MB/s NVMe 1.3 support 3D NAND Flash for higher capacity and durability Advanced LDPC ECC Technology SLC Caching and DRAM cache buffer E2E Data Protection and RAID Engine Compact M.2 2280 form factor – ideal for gaming and high-end desktopsTECHNICAL SPECIFICATIONSPart No. ASX8200PNP-512GT-CEAN 4713218469458Capacity 512GBNAND Flash 3D TLCInterface PCIe Gen3x4Form Factor M.2 2280MTBF 2,000,000 hoursPower Consumption 0.33W Active (Typical),0.14W Slumber (Typical) (*measured by power meter)Operating Temperature 0°C~70°CStorage Temperature -40°C~85°CShock Resistance 1500G/0.5msCertifications RoHS, CE, FCC, BSMI, VCCI, KCDimensions (L x W x T) 22 x 80 x 3.5 mmWeight 8gWarranty 5 years.",SX8200 Pro,ASX8200PNP-512GT-C,SSD,,,476.84,3500.0,3000.0,PCI Express x4,NVMe,22.0,80.0,3. 5,8.0,M.2,,,M.2 2280
k04__within_dup__products_1__products_1_50064518,Zotac,NVIDIA Card RTX 3090 24GB Trinity Ampere Graphics GeForce,"Zotac NVIDIA GeForce RTX 3090 Trinity 24GB GDDR6X Ray-Tracing Graphics Card, 10496 Core, 1410MHz GPU, Boost",99999.99,GBP,1207612.0,https://www.scan.co.uk/products/zotac-nvidia-geforce-rtx-3090-trinity-24gb-gddr6x-ray-tracing-graphics-card,"Zotac NVIDIA Trinity RTX 3090 24GB GeForce Ampere Graphics Card. Description: Zotac NVIDIA GeForce RTX 3090 Trinity 24GB GDDR6X Ray-Tracing Graphics Card, 10496 Core, 1410MHz GPU, 1695MHz Boost",GeForce RTX 3090 Trinity 24GB,,GPU,3090 RTX GeForce,24.0,,,,,,,,,,,GDDR6X,,
k04__within_dup__products_1__products_1_68277426,GB,Gigabyte GeForce GTX 1660 Ti 6GB GAMING Card Graphics Boost,Available CCL: Gigabyte GeForce GTX 1660 Ti GAMING Overclocked Graphics Card. HDMI and DisplayPort inputs. Direct X 12 Support. VR Ready.,,,343854.0,https://www.cclonline.com/product/272392/GV-N166TGAMING-OC-6GD/Graphics-Cards/Gigabyte-GeForce-GTX-1660-Ti-GAMING-OC-6G-Graphics-Card/VGA5452,GB GeForce GTX 1660 Ti 6GB GAMING Boost Graphics Card. Description: Available @ CCL: Gigabyte GeForce GTX 1660 Ti GAMING 6GB Overclocked Graphics Card. HDMI and DisplayPort inputs. Direct X 12 Support. VR Ready.,GTX GeForce 1660 Ti 6GB GAMING Boost,,GPU,GeForce GTX Ti 1660,6.0 GB,,,,,,,,,,,,,
k04__within_dup__products_1__products_1_4402906,Packard Hewlett,HP 450GB 6G 10K 2.5in SC ENT HDD,"HP enterprise 2.5-inch SC SAS hard drive, 450GB, 10K RPM, 6G interface",,,80434638.0,https://shoukinet.com/HP-Drive-Storage-Blank-Media-652572-B21,HP 450GB 6G SAS 10K 2.5in SC SAS HDD. Description: HP 450GB 6G ENT 10K 2.5in SC ENT HDD,,,HDD,,,450.0,,,SAS,SAS,,,,,2.5-inch SATA,,,2.5-inch
k04__within_dup__products_1__products_1_62156844,Digital,WD Blue 250GB PC SSD Inch SATA 6 Gb/s 2.5 - Solid State Drive -WDS250G1B0A,"With superior performance and a leader in reliability, the WD Blue SSD offers digital storage that is optimized for multi-tasking and ready to keep up with your high performance computing needs. in both 2.5''/7mm cased and M.2 2280 form factors and WD's Functional Integrity Testing Lab (FIT Lab), the WD Blue SSD is compatible with a wide range of computers, so you can be sure you are making the right choice. Combined with the free, downloadable WD SSD Dashboard and a 3-year limited warranty, you can confidently upgrade your system to the WD Blue SS",84.99,USD,483248.0,https://www.qxwebcam.com/product/wd-blue-250gb-pc-ssd-sata-6-gb-s-2-5-inch-solid-state-drive-wds250g1b0a,"WD Blue 250GB PC SSD - SATA 6 Gb/s 2.5 Inch Solid State Drive -WDS250G1B0A. Description: With superior performance and a leader in reliability, the WD Blue SSD offers digital storage that is optimized for multi-tasking and ready to keep up with your high performance computing needs. Available in both 2.5''/7mm cased and M.2 2280 form factors and WD's Functiona1 Integrity Testing Lab (FIT are the WD Blue SSD is compatible with a wide range of computers, so you can be sure you Lab), making the right choice. Combined with the free, downloadable WD SSD Dashboard and a 3-year limited warranty, you can confidently upgrade your system to the WD B1ue SSD.",Blue WD,WDS250G1B0A,SSD,,,250.0 GB,,,SATA,SATA III,,,,,2.5-inch SATA,,,2.5-inch
k04__within_dup__products_1__products_1_11746366,Hewlett Enterprise Packard,Dysk HPE 1.2TB 12G 10K rpm SFF 2.5-inch SC HDD,"HPE Enterprise 1.2 TB hot-swap 2.5"" SFF drive, SAS 12Gb/s, 10000 rpm, supplied with HP SmartDrive carrier","1 550,92",PLN,73911836.0,https://it-broker24.pl/dyski-twarde/dyski-twarde-wewnetrzne/dyski-hp-enterprise/dysk-hp-1-2tb-12g-sas-10k-rpm-sff-2-5-inch-sc-hdd-detail,"Dysk HPE 1.2TB 12G SAS 10K rpm SFF 2.5-inch SFF HDD. Description: HPE Enterprise 1.2 T8 - hot-swap - 2.5\"" SC - SAS 12Gb/s - 1O000 rpm - with HP SmartDrive carrier",,,HDD,,,"1,117.59 GiB",,,SAS,SAS,,,,,"2.6"" EGF",,,2.5-inch
k04__within_dup__products_1__products_1_53732463,GB,GB Aorus GeForce RTX 2070 Super WindForce Stack 8GB 256-Bit GDDR6 Graphics Card | GV-N207SAORUS-8GC,"Powered by GeForce RTX 2070 SUPER NVIDIA Turing Architechure x16 Real Time Ray Tracing AORUS Exclusive Halo Fan RGB WINDFORCE Stack 3 X 100mm Fan Cooling System Intuitive Controls with AORUS Engine 8GB 256-Bit GDDR6 3 x HDMI, 3 x DisplayPort, 1 x USB Type-C PCI Express 3.0 &",2.5,AED,5008313.0,https://pcdubai.com/product/gigabyte-aorus-geforce-rtx-2070-super-windforce-stack-8gb-256-bit-gddr6-graphics-card-gv-n207saorus-8gc,"Gigabyte Aorus GeForce RTX 2070 Super WindForce Stack 8GB 256-Bit GDDR6 Graphics Card | AORUS Description: Powered by GeForce RTX 2070 SUPER NVIDIA Turing Architechure & Real Time Ray Tracing GV-N207SAORUS-8GC. Exclusive Halo Fan RGB WINDFORCE Stack 3 X 100mm Fan Cooling System Intuitive Controls with AORUS Engine 8GB 256-Bit GDDR6 3 x HDMI, 3 x DisplayPort, 1 x USB Type-C PCI Express 3.0 x16",Aorus GeForce RTX 2070 Stack WindForce Super,GV-N207SAORUS-8GC,GPU,GeForce RTX Super,8.0,,,,PCI Express x16,,,,,,,GDDR6,,
k04__within_dup__products_1__products_1_3569778,Seagate,"Seagate 8TB IronWolf Pro 3.5\"" Drive NAS HDD/Hard SATA ST8000NE0004","8TB Seagate Register IronWolf Pro, 3.5\"" NAS HDD, 6Gb/s, SATA3 7200rpm, 256MB, ST8000NE0004 for 2yrs FREE Data Recovery","127 518,48",GBP,469422.0,https://www.scan.co.uk/products/8tb-seagate-st8000ne0004-ironwolf-pro-35-nas-hard-drive-sata-iii-6gb-s-7200rpm-256mb-cache-416ms,"Seagate IronWolf Pro 3.5\"" SATA NAS HDD/Hard Drive ST8000NE0004. Description: 8TB Seagate ST8000NE0004 IronWolf Pro, 3.5\"" NAS HDD, SATA3 6Gb/s, 7200rpm, 256mB, Register for 2yrs FREE Data Recovery",Pro,ST8000NE0004,HDD,,,7450.58,,,SATA,SATA III,,,,,3.5-inch SATA,,,3.5-inch
k04__within_dup__products_1__products_1_18241261,GB,5600 AMD Radeon RX Gigabyte XT GAMING OC 6GB GDDR6 RDNA PCIe 4.0 Graphics Card,"Gigabyte Radeon RX 5600 XT GAMING Graphics 6GB GDDR6 PCIe 4.0 OC Card, 7nm RDNA, 2304 Streams, 1560MHz, 1620MHz Boost",282.98,G BP,1048970.0,https://www.scan.co.uk/products/gigabyte-radeon-rx-5600-xt-gaming-oc-6gb-gddr6-pcie-40-graphics-card-7nm-rdna-2304-streams-1560m,"GB AMD Radeon RX 5600 XT GAMING OC 6GB GDDR6 RDNA PCIe 4.0 Graphics Card. Description: Gigabyte Radeon RX 5600 XT GAMING OC 6GB GDDR6 PCIe 4.0 Graphics Card, 7nm RDNA, 2304 Streams, 1560MHz, 1620MHz Boost",Radeon RX 5600 XT GAMING,,GPU,5600 RX Radeon XT,6000.0,,,,PCIe 4.0,,,,,,,GDDR6,,
k04__within_dup__products_1__products_1_28204167,5omsung,Samsung Portable SSD T7 Touch 2TB -,"USB SSD T7 Touch Portable 3.2, NVMe, 1TB",515.86,EUR,2182419.0,https://www.norrod.nl/samsung-portable-ssd-t7-touch-2tb-zilver/20986603/product,"Samsung SSD T7 Touch 2TB - Zilver. Description: Portable SSD T7 Touch USB 3.2, NVMe, 1TB",Portable SSD T7,,SSD,,,2000.0,,,USB 3.0,NVMe,,,,,,,Zilver,
k04__within_dup__products_1__products_1_4908909,Western Digital,WD Blue SA500 2TB M.2 SSD,"M.2 SATA to up 3.0, 560/530 MB/s read/write. 1300TBW","3,999.0",NOK,2665991.0,https://www.komplett.no/product/1154841/datautstyr/lagring/harddiskerssd/ssd-m2/wd-red-sa500-2tb-m2-ssd,"WD Red SA500 2TB M.2 SSD. Description: M.2 SATA 3.0, up to 560/530 MB/s 1300TBW",SA50O Rcd,,SSD,,,"2,000,000 MB",560000 KB/s,530.0 MB/s,SATA,SATA III,,,,,M.2,,,
k04__within_dup__products_1__products_1_85544471,,2017 Crazy hot Cartoon Unicorn USB Flash Drive 32GB 16GB Pen Drive 128GB 64GB USB 2.0 USB Stick8GB 4GB USB Flash,Buy 2017 Crazy hot Sale Cartoon Unicorn USB Flash Drive 32GB 16GB Pen at 128GB 6rGB USB 2.0 USB Stick8GB 3GB USB Flash Drive supercrazyshoo.com! Free shipping to 185 countries. 45 days money back guarantee.,5.36,USD,32833203.0,https://supercrazyshop.com/2017-crazy-hot-sale-cartoon-unicorn-usb-flash-drive-32gb-16gb-pen-drive-128gb-64gb-usb-2-0-usb-stick-8gb-4gb-usb-flash,2017 Crazy hot Sale Cartoon Unicorn USB Flash Drive Unicorn 16GB Pen Drive 128GB USB 2.0 USB Stick8GB 4GB USB Flash. Description: Buy 2017 Crazy hot Sale Cartoon 32GB USB Flash Drive 32GB 16GB Pen Drive 128GB 64GB USB 2.0 USB Stick8GB 4GB USB Flash at supercrazyshop.com! Free shipping to 185 countries. 45 days money back guarantee.,Flash Unicorn USB Cartoon Drive,,USB_STICK,,,32.0,,,USB 2.0,,,,,,,,,
