id_dblp,id_crossref,label
dblp-54140,crossref-59793,0
dblp-51219,crossref-04805,1
dblp-30139,crossref-10649,0
dblp-30159,crossref-36921,0
dblp-53141,crossref-00196,0
dblp-33033,crossref-20556,0
dblp-55967,crossref-35872,0
dblp-39173,crossref-34991,0
dblp-58253,crossref-60357,0
dblp-53140,crossref-41239,0
dblp-18576,crossref-48108,0
dblp-58798,crossref-06346,0
dblp-39787,crossref-46020,0
dblp-21315,crossref-21557,0
dblp-07499,crossref-37799,1
dblp-01259,crossref-11583,0
dblp-36567,crossref-51499,0
dblp-60387,crossref-42611,0
dblp-01945,crossref-06424,0
dblp-31014,crossref-46299,0
dblp-08322,crossref-07356,0
dblp-46563,crossref-52106,0
dblp-47007,crossref-45788,1
dblp-05982,crossref-00194,1
dblp-46544,crossref-37779,1
dblp-09580,crossref-52211,0
dblp-32915,crossref-51770,0
dblp-22103,crossref-20979,0
dblp-31619,crossref-43771,0
dblp-39639,crossref-45805,0
dblp-54463,crossref-44607,0
dblp-44487,crossref-25977,1
dblp-01672,crossref-04401,0
dblp-58324,crossref-10311,1
dblp-18779,crossref-25073,1
dblp-07080,crossref-49876,1
dblp-28796,crossref-47699,0
dblp-26808,crossref-53631,0
dblp-24269,crossref-47008,0
dblp-39007,crossref-49287,0
dblp-29773,crossref-45044,1
dblp-50543,crossref-00310,0
dblp-06537,crossref-00657,0
dblp-42824,crossref-46594,0
dblp-01494,crossref-04466,0
dblp-24696,crossref-19020,0
dblp-15243,crossref-36605,1
dblp-46869,crossref-56756,0
dblp-52653,crossref-59667,0
dblp-57933,crossref-18368,0
dblp-37254,crossref-38527,0
dblp-01290,crossref-47501,1
dblp-33960,crossref-37852,0
dblp-30947,crossref-47247,0
dblp-14883,crossref-43816,0
dblp-36889,crossref-43098,0
dblp-29350,crossref-24526,0
dblp-18832,crossref-25187,1
dblp-40608,crossref-41527,0
dblp-48696,crossref-02406,1
dblp-40946,crossref-36563,0
dblp-30245,crossref-50788,0
dblp-55828,crossref-00333,0
dblp-16807,crossref-45288,0
dblp-16993,crossref-09933,0
dblp-36119,crossref-33483,1
dblp-06255,crossref-60699,0
dblp-01918,crossref-00475,0
dblp-42027,crossref-14052,1
dblp-52988,crossref-42852,0
dblp-42209,crossref-15170,0
dblp-06120,crossref-53379,0
dblp-41390,crossref-48917,1
dblp-17811,crossref-20020,0
dblp-56213,crossref-57845,0
dblp-22877,crossref-29501,0
dblp-15473,crossref-04937,0
dblp-40259,crossref-28448,1
dblp-44749,crossref-35359,1
dblp-21572,crossref-57665,0
dblp-31584,crossref-16074,0
dblp-24075,crossref-54911,0
dblp-58362,crossref-25332,0
dblp-11299,crossref-46381,0
dblp-08810,crossref-36785,1
dblp-31563,crossref-24319,0
dblp-52963,crossref-42735,0
dblp-05778,crossref-38618,0
dblp-08755,crossref-31847,0
dblp-19117,crossref-27010,0
dblp-60198,crossref-55853,0
dblp-24505,crossref-46758,0
dblp-30941,crossref-33090,1
dblp-43048,crossref-37673,0
dblp-31937,crossref-49327,1
dblp-42479,crossref-43134,0
dblp-49232,crossref-26610,1
dblp-54452,crossref-34662,0
dblp-60322,crossref-08189,0
dblp-57064,crossref-31903,1
dblp-30922,crossref-42419,0
dblp-31915,crossref-32702,0
dblp-28168,crossref-22154,0
dblp-17972,crossref-57888,0
dblp-26981,crossref-54149,0
dblp-55982,crossref-34859,0
dblp-29160,crossref-31974,0
dblp-45387,crossref-59158,0
dblp-46640,crossref-15269,0
dblp-00204,crossref-23133,0
dblp-32996,crossref-56030,1
dblp-23137,crossref-26948,0
dblp-18775,crossref-44040,0
dblp-40098,crossref-04724,0
dblp-14264,crossref-25281,0
dblp-02640,crossref-05336,1
dblp-18151,crossref-17872,1
dblp-27682,crossref-18106,1
dblp-09266,crossref-33379,0
dblp-37966,crossref-47765,0
dblp-55544,crossref-14600,0
dblp-25445,crossref-13504,0
dblp-57579,crossref-26115,1
dblp-20366,crossref-43458,1
dblp-57190,crossref-00233,0
dblp-40912,crossref-32206,1
dblp-26826,crossref-10178,0
dblp-15575,crossref-28642,1
dblp-31529,crossref-57989,1
dblp-58632,crossref-59478,0
dblp-09087,crossref-18153,0
dblp-00811,crossref-13094,0
dblp-03244,crossref-43276,0
dblp-30196,crossref-18772,0
dblp-09412,crossref-12939,0
dblp-56231,crossref-18536,0
dblp-26931,crossref-30493,0
dblp-55870,crossref-36817,0
dblp-47750,crossref-00239,0
dblp-15081,crossref-04335,0
dblp-40791,crossref-23587,0
dblp-16902,crossref-38645,0
dblp-30606,crossref-02357,0
dblp-14757,crossref-00480,0
dblp-00380,crossref-00915,1
dblp-10368,crossref-33051,1
dblp-04869,crossref-45576,0
dblp-35792,crossref-53717,0
dblp-29871,crossref-56839,0
dblp-43749,crossref-34067,0
dblp-23837,crossref-16483,0
dblp-07365,crossref-42118,0
dblp-05634,crossref-36590,1
dblp-00677,crossref-18444,0
dblp-41681,crossref-45132,1
dblp-28237,crossref-59433,0
dblp-13420,crossref-45277,0
dblp-17018,crossref-45413,0
dblp-02166,crossref-18468,0
dblp-44489,crossref-54548,0
dblp-47601,crossref-16313,0
dblp-06223,crossref-50570,0
dblp-13459,crossref-42286,1
dblp-11813,crossref-14729,0
dblp-51042,crossref-36815,0
dblp-10155,crossref-16169,1
dblp-02829,crossref-51475,0
dblp-03730,crossref-06129,0
dblp-18749,crossref-09902,1
dblp-33643,crossref-32155,0
dblp-18633,crossref-56324,0
dblp-23425,crossref-25779,0
dblp-28049,crossref-12167,1
dblp-14546,crossref-05274,0
dblp-48472,crossref-34277,0
dblp-54203,crossref-27238,0
dblp-22425,crossref-52163,0
dblp-18173,crossref-41159,0
dblp-47509,crossref-11057,1
dblp-04051,crossref-45357,0
dblp-42827,crossref-58653,1
dblp-43873,crossref-17329,0
dblp-54927,crossref-30359,0
dblp-56773,crossref-35314,0
dblp-54440,crossref-47209,0
dblp-53563,crossref-46447,0
dblp-01097,crossref-52443,0
dblp-41451,crossref-28280,0
dblp-12024,crossref-30167,0
dblp-20391,crossref-55416,1
dblp-29659,crossref-36716,0
dblp-04336,crossref-53607,0
dblp-50933,crossref-56968,1
dblp-01904,crossref-30647,0
dblp-57330,crossref-12592,0
dblp-36589,crossref-01028,0
dblp-22600,crossref-12705,0
dblp-51697,crossref-45309,0
dblp-11293,crossref-00098,0
dblp-56157,crossref-48652,1
dblp-19944,crossref-44441,0
dblp-04717,crossref-01514,0
dblp-57798,crossref-41067,0
dblp-34519,crossref-41165,0
dblp-41593,crossref-16233,0
dblp-16543,crossref-13868,0
dblp-19286,crossref-17763,1
dblp-49765,crossref-37352,1
dblp-51617,crossref-55798,0
dblp-13475,crossref-22417,0
dblp-41414,crossref-21613,1
dblp-32660,crossref-15027,0
dblp-07337,crossref-48579,0
dblp-02761,crossref-05223,1
dblp-00871,crossref-49952,0
dblp-59737,crossref-19939,1
dblp-04128,crossref-05231,0
dblp-12235,crossref-36278,1
dblp-36612,crossref-50259,0
dblp-21227,crossref-34236,0
dblp-19148,crossref-36781,0
dblp-40946,crossref-43953,1
dblp-46533,crossref-07795,0
dblp-55300,crossref-42434,0
dblp-34843,crossref-32338,0
dblp-21877,crossref-50922,1
dblp-55287,crossref-33945,0
dblp-51914,crossref-54053,1
dblp-57532,crossref-50056,0
dblp-37764,crossref-21654,0
dblp-10342,crossref-26689,0
dblp-19397,crossref-20494,0
dblp-05613,crossref-02764,0
dblp-06809,crossref-18652,1
dblp-56095,crossref-14966,1
dblp-29618,crossref-01446,0
dblp-23654,crossref-46791,0
dblp-15054,crossref-41725,1
dblp-32738,crossref-40568,0
dblp-01330,crossref-14703,0
dblp-29977,crossref-43189,0
dblp-41257,crossref-22435,0
dblp-33052,crossref-08898,1
dblp-05900,crossref-07404,1
dblp-21992,crossref-27478,0
dblp-52058,crossref-44704,0
dblp-55585,crossref-27344,0
dblp-57164,crossref-03930,0
dblp-10741,crossref-35928,0
dblp-03120,crossref-57102,0
dblp-18760,crossref-53221,0
dblp-03885,crossref-38004,0
dblp-00237,crossref-44191,0
dblp-18397,crossref-08642,0
dblp-46333,crossref-02989,0
dblp-40052,crossref-34201,1
dblp-28862,crossref-55060,0
dblp-08835,crossref-02517,0
dblp-15841,crossref-53377,0
dblp-20164,crossref-35058,0
dblp-14309,crossref-29864,0
dblp-15035,crossref-41451,0
dblp-06699,crossref-60467,0
dblp-41361,crossref-05742,0
dblp-26719,crossref-36329,0
dblp-10148,crossref-16602,1
dblp-03105,crossref-38082,0
dblp-50821,crossref-09405,0
dblp-14310,crossref-25323,0
dblp-29101,crossref-54739,0
dblp-54607,crossref-48681,0
dblp-40610,crossref-39510,0
dblp-25132,crossref-10577,1
dblp-04450,crossref-27305,0
dblp-32501,crossref-24492,1
dblp-30181,crossref-03160,0
dblp-57969,crossref-48890,0
dblp-38045,crossref-26102,1
dblp-20064,crossref-30323,0
dblp-32633,crossref-21178,0
dblp-59846,crossref-33441,1
dblp-59960,crossref-07834,0
dblp-24808,crossref-16233,0
dblp-24782,crossref-50978,0
dblp-01186,crossref-47248,1
dblp-37933,crossref-34090,0
dblp-29074,crossref-29839,1
dblp-52829,crossref-06600,0
dblp-54788,crossref-48446,0
dblp-56883,crossref-51559,0
dblp-43749,crossref-19598,0
dblp-58553,crossref-20397,0
dblp-21441,crossref-00351,0
dblp-04736,crossref-20259,0
dblp-47150,crossref-29326,1
dblp-37966,crossref-23038,0
dblp-27558,crossref-09659,1
dblp-16004,crossref-25590,1
dblp-35145,crossref-54471,0
dblp-00062,crossref-38415,0
dblp-06850,crossref-57448,1
dblp-36810,crossref-03511,0
dblp-34145,crossref-44383,0
dblp-05327,crossref-48173,0
dblp-35827,crossref-06343,0
dblp-43353,crossref-13010,1
dblp-05548,crossref-29067,1
dblp-54714,crossref-27999,0
dblp-09970,crossref-47796,0
dblp-00655,crossref-03537,0
dblp-46595,crossref-36742,0
dblp-37176,crossref-21888,0
dblp-38021,crossref-52403,0
dblp-13694,crossref-24152,1
dblp-32251,crossref-58402,0
dblp-47816,crossref-01896,1
dblp-29555,crossref-53175,1
dblp-42307,crossref-54072,0
dblp-43818,crossref-40867,0
dblp-03122,crossref-48269,1
dblp-31608,crossref-06913,1
dblp-25660,crossref-31916,0
dblp-58635,crossref-45345,1
dblp-01190,crossref-53968,0
dblp-46623,crossref-38021,0
dblp-58965,crossref-11343,0
dblp-10260,crossref-24971,0
dblp-47127,crossref-09931,1
dblp-16039,crossref-15454,0
dblp-13277,crossref-52971,0
dblp-22179,crossref-37463,0
dblp-15306,crossref-40452,0
dblp-07779,crossref-07525,0
dblp-38583,crossref-48983,0
dblp-25413,crossref-31646,0
dblp-20451,crossref-46538,1
dblp-60067,crossref-04506,0
dblp-55455,crossref-37435,1
dblp-56743,crossref-42806,0
dblp-53465,crossref-07807,0
dblp-15280,crossref-39061,0
dblp-27792,crossref-00379,0
dblp-17217,crossref-52925,0
dblp-22243,crossref-14320,0
dblp-48962,crossref-31546,0
dblp-34204,crossref-12160,1
dblp-45655,crossref-21714,1
dblp-11614,crossref-59104,1
dblp-14102,crossref-18532,0
dblp-58309,crossref-56999,0
dblp-20098,crossref-29530,0
dblp-30178,crossref-56589,0
dblp-07734,crossref-01984,0
dblp-53278,crossref-40170,1
dblp-26065,crossref-00513,0
dblp-05775,crossref-58000,0
dblp-15796,crossref-38856,0
dblp-20385,crossref-05406,0
dblp-05428,crossref-27556,0
dblp-18090,crossref-54744,0
dblp-42806,crossref-50345,1
dblp-09891,crossref-47715,0
dblp-24547,crossref-42555,0
dblp-16868,crossref-02605,0
dblp-00436,crossref-57567,0
dblp-50175,crossref-00902,0
dblp-37113,crossref-34823,0
dblp-59753,crossref-01106,0
dblp-46107,crossref-03316,0
dblp-31678,crossref-05169,0
dblp-24037,crossref-46031,0
dblp-34795,crossref-12531,0
dblp-33720,crossref-51194,0
dblp-09330,crossref-13134,1
dblp-33042,crossref-41987,0
dblp-26311,crossref-34526,1
dblp-55423,crossref-09912,1
dblp-22179,crossref-30638,1
dblp-00297,crossref-53289,1
dblp-07584,crossref-46815,0
dblp-38269,crossref-42502,0
dblp-03349,crossref-05093,1
dblp-34073,crossref-12074,1
dblp-48500,crossref-13452,1
dblp-43694,crossref-60280,0
dblp-21572,crossref-59359,0
dblp-25295,crossref-01857,0
dblp-09324,crossref-25768,0
dblp-54109,crossref-00593,0
dblp-33118,crossref-18621,0
dblp-37737,crossref-23117,1
dblp-38438,crossref-35522,1
dblp-40400,crossref-17108,0
dblp-11682,crossref-00967,0
dblp-11152,crossref-25252,1
dblp-42254,crossref-20062,0
dblp-41586,crossref-34809,0
dblp-16329,crossref-12144,1
dblp-51406,crossref-16985,1
dblp-52844,crossref-04248,0
dblp-15143,crossref-48269,0
dblp-21814,crossref-44379,0
dblp-40980,crossref-50034,1
dblp-40657,crossref-54451,0
dblp-30388,crossref-12934,0
dblp-13157,crossref-20451,0
dblp-29136,crossref-44016,0
dblp-58146,crossref-20277,0
dblp-10219,crossref-45104,0
dblp-22214,crossref-11478,0
dblp-44599,crossref-29270,0
dblp-16930,crossref-35678,0
dblp-49534,crossref-48779,1
dblp-15097,crossref-07492,0
dblp-02640,crossref-07590,0
dblp-07555,crossref-06187,0
dblp-06976,crossref-29832,1
dblp-43806,crossref-31118,1
dblp-49709,crossref-59503,0
dblp-43440,crossref-32610,1
dblp-51084,crossref-30545,1
dblp-45854,crossref-21011,1
dblp-29308,crossref-06138,0
dblp-37068,crossref-13556,0
dblp-55290,crossref-22134,1
dblp-56735,crossref-55967,0
dblp-38560,crossref-52508,1
dblp-10157,crossref-16670,1
dblp-35138,crossref-01474,0
dblp-23937,crossref-44158,0
dblp-39782,crossref-49305,0
dblp-46837,crossref-35776,0
dblp-50244,crossref-22594,1
dblp-16300,crossref-22659,0
dblp-54272,crossref-58152,0
dblp-02002,crossref-08715,1
dblp-11146,crossref-27000,0
dblp-37469,crossref-29111,0
dblp-34791,crossref-15703,0
dblp-50326,crossref-06505,0
dblp-41295,crossref-15820,0
dblp-48143,crossref-49595,0
dblp-53693,crossref-52218,0
dblp-12153,crossref-00157,0
dblp-29149,crossref-18597,0
dblp-11850,crossref-31975,1
dblp-18117,crossref-32617,0
dblp-02046,crossref-41728,0
dblp-09272,crossref-16747,0
dblp-05764,crossref-29901,1
dblp-03492,crossref-37652,0
dblp-33090,crossref-46044,0
dblp-12531,crossref-05979,0
dblp-49417,crossref-00836,1
dblp-25390,crossref-37109,1
dblp-39101,crossref-21846,0
dblp-26890,crossref-15316,0
dblp-29144,crossref-58721,0
dblp-02293,crossref-20083,0
dblp-22907,crossref-11928,0
dblp-07740,crossref-08375,1
dblp-04822,crossref-34786,0
dblp-21273,crossref-50987,1
dblp-31482,crossref-25620,1
dblp-00330,crossref-15862,0
dblp-22739,crossref-17873,0
dblp-52540,crossref-60568,0
dblp-45635,crossref-16056,1
dblp-25779,crossref-35388,1
dblp-12642,crossref-37781,0
dblp-36958,crossref-31902,1
dblp-53489,crossref-34183,0
dblp-48254,crossref-41965,0
dblp-09790,crossref-57805,0
dblp-38983,crossref-27547,0
dblp-37048,crossref-44556,0
dblp-10786,crossref-20123,1
dblp-11828,crossref-58286,0
dblp-05961,crossref-53721,0
dblp-27616,crossref-32537,0
dblp-46625,crossref-45880,0
dblp-24478,crossref-30742,0
dblp-07791,crossref-19007,0
dblp-01602,crossref-19036,0
dblp-24827,crossref-14018,1
dblp-36178,crossref-05427,0
dblp-39608,crossref-32802,0
dblp-43217,crossref-55127,0
dblp-46584,crossref-44946,0
dblp-31905,crossref-60635,0
dblp-25229,crossref-27287,1
dblp-36705,crossref-46191,0
dblp-39416,crossref-38315,0
dblp-20801,crossref-25732,0
dblp-28043,crossref-23978,1
dblp-16700,crossref-49561,1
dblp-12308,crossref-01393,1
dblp-00879,crossref-58963,0
dblp-27662,crossref-49269,0
dblp-20949,crossref-06934,0
dblp-54353,crossref-49078,0
dblp-49253,crossref-28449,0
dblp-06621,crossref-28815,0
dblp-47007,crossref-47757,0
dblp-11416,crossref-46527,1
dblp-00976,crossref-44031,0
dblp-34282,crossref-30370,0
dblp-54203,crossref-44901,0
dblp-11235,crossref-53452,0
dblp-43478,crossref-58648,0
dblp-51297,crossref-03029,0
dblp-01399,crossref-26605,0
dblp-27888,crossref-38776,0
dblp-28107,crossref-02815,0
dblp-48218,crossref-07905,1
dblp-14968,crossref-03560,0
dblp-52513,crossref-39458,1
dblp-40073,crossref-21512,0
dblp-51087,crossref-53836,0
dblp-00638,crossref-41051,0
dblp-16735,crossref-11216,0
dblp-01610,crossref-31577,1
dblp-18828,crossref-40621,0
dblp-05034,crossref-10632,1
dblp-54187,crossref-37624,0
dblp-20160,crossref-15758,0
dblp-00335,crossref-53315,1
dblp-53299,crossref-50420,0
dblp-02735,crossref-01866,0
dblp-07780,crossref-52613,1
dblp-02757,crossref-26629,0
dblp-30287,crossref-42173,0
dblp-20638,crossref-28142,0
dblp-02005,crossref-05871,0
dblp-31229,crossref-54087,0
dblp-24248,crossref-47720,0
dblp-29224,crossref-36272,0
dblp-24671,crossref-13968,1
dblp-23267,crossref-44861,1
dblp-51070,crossref-29037,1
dblp-03357,crossref-14970,0
dblp-20723,crossref-28424,0
dblp-18207,crossref-09354,0
dblp-28838,crossref-10102,0
dblp-48427,crossref-12513,0
dblp-16227,crossref-09857,0
dblp-35385,crossref-52680,1
dblp-55298,crossref-20326,0
dblp-58877,crossref-50694,0
dblp-02063,crossref-31209,1
dblp-36273,crossref-28002,0
dblp-15587,crossref-54984,1
dblp-44771,crossref-12527,0
dblp-43941,crossref-14695,0
dblp-20403,crossref-36184,0
dblp-27695,crossref-46974,1
dblp-05578,crossref-60062,0
dblp-06455,crossref-02334,1
dblp-08497,crossref-40637,1
dblp-14398,crossref-15204,0
dblp-36924,crossref-39883,0
dblp-58391,crossref-48074,0
dblp-22425,crossref-02465,0
dblp-21749,crossref-07658,1
dblp-40922,crossref-56320,0
dblp-30264,crossref-07799,0
dblp-27944,crossref-52035,0
dblp-51591,crossref-47771,1
dblp-51701,crossref-01804,1
dblp-54924,crossref-49331,0
dblp-49874,crossref-51000,0
dblp-12790,crossref-57610,0
dblp-04859,crossref-03686,0
dblp-40688,crossref-37963,0
dblp-32192,crossref-15209,0
dblp-47286,crossref-11798,1
dblp-56796,crossref-40311,0
dblp-33018,crossref-18736,0
dblp-38661,crossref-51439,0
dblp-53991,crossref-23034,0
dblp-33696,crossref-15505,1
dblp-19263,crossref-51234,0
dblp-02298,crossref-25478,1
dblp-48211,crossref-20329,1
dblp-20726,crossref-43424,0
dblp-52391,crossref-43204,0
dblp-01680,crossref-14774,1
dblp-16344,crossref-24871,0
dblp-42360,crossref-32186,0
dblp-19027,crossref-41191,0
dblp-47653,crossref-25620,0
dblp-47499,crossref-43300,1
dblp-45537,crossref-10650,0
dblp-52575,crossref-26110,1
dblp-48322,crossref-22679,0
dblp-06257,crossref-30884,1
dblp-28485,crossref-29633,0
dblp-53981,crossref-53321,0
dblp-08845,crossref-21044,0
dblp-31284,crossref-19031,0
dblp-27175,crossref-06744,0
dblp-09373,crossref-51090,1
dblp-11306,crossref-32887,0
dblp-08490,crossref-39234,0
dblp-46162,crossref-60728,0
dblp-25086,crossref-55089,1
dblp-40766,crossref-04273,1
dblp-50028,crossref-43779,1
dblp-37595,crossref-44899,0
dblp-11169,crossref-12082,0
dblp-24850,crossref-30748,1
dblp-40918,crossref-00600,0
dblp-57591,crossref-08011,0
dblp-42298,crossref-10132,1
dblp-32587,crossref-38415,0
dblp-52762,crossref-37286,0
dblp-15509,crossref-56709,0
dblp-30541,crossref-25404,1
dblp-42857,crossref-43823,0
dblp-27394,crossref-32730,0
dblp-14632,crossref-07488,1
dblp-22974,crossref-34378,0
dblp-30696,crossref-53858,0
dblp-35729,crossref-58439,1
dblp-59405,crossref-43267,1
dblp-36733,crossref-39345,0
dblp-45887,crossref-21667,0
dblp-47576,crossref-57692,0
dblp-43734,crossref-59311,0
dblp-01457,crossref-02493,0
dblp-57446,crossref-53308,0
dblp-48922,crossref-46061,1
dblp-33619,crossref-25332,1
dblp-52643,crossref-23133,0
dblp-36225,crossref-11011,0
dblp-12093,crossref-19413,1
dblp-55832,crossref-41944,0
dblp-09354,crossref-51032,1
dblp-31421,crossref-50551,0
dblp-35044,crossref-56648,0
dblp-21208,crossref-05152,0
dblp-38378,crossref-59501,0
dblp-53781,crossref-43990,0
dblp-51376,crossref-58372,0
dblp-42890,crossref-26174,0
dblp-43238,crossref-22154,1
dblp-17155,crossref-01362,0
dblp-15230,crossref-57786,1
dblp-02788,crossref-53749,0
dblp-16880,crossref-50604,0
dblp-52844,crossref-39981,0
dblp-54505,crossref-01842,1
dblp-10417,crossref-29761,1
dblp-22231,crossref-41620,0
dblp-25561,crossref-04466,0
dblp-16062,crossref-33801,1
dblp-58680,crossref-51947,0
dblp-10389,crossref-10593,0
dblp-43757,crossref-18434,1
dblp-58324,crossref-54893,0
dblp-60306,crossref-14104,1
dblp-04859,crossref-06146,0
dblp-11625,crossref-09167,0
dblp-15687,crossref-04339,0
dblp-11994,crossref-18400,1
dblp-42892,crossref-06549,0
dblp-22154,crossref-41374,1
dblp-44964,crossref-39303,1
dblp-10221,crossref-33385,0
dblp-22698,crossref-27968,0
dblp-06896,crossref-30066,0
dblp-10114,crossref-04516,0
dblp-25889,crossref-30526,0
dblp-28233,crossref-42911,0
dblp-34835,crossref-15645,0
dblp-40609,crossref-35866,1
dblp-37985,crossref-59510,1
dblp-25681,crossref-41915,0
dblp-22171,crossref-49022,0
dblp-11638,crossref-32030,1
dblp-29278,crossref-58290,0
dblp-47415,crossref-33423,0
dblp-42352,crossref-46595,1
dblp-22976,crossref-37079,1
dblp-11811,crossref-34880,0
dblp-15046,crossref-48363,0
dblp-34334,crossref-07012,1
dblp-60550,crossref-06064,0
dblp-33088,crossref-12029,0
dblp-20255,crossref-38544,0
dblp-15093,crossref-41304,0
dblp-18652,crossref-26584,1
dblp-34569,crossref-31693,0
dblp-47305,crossref-25139,0
dblp-16584,crossref-25540,0
dblp-17933,crossref-60466,0
dblp-37235,crossref-11913,0
dblp-37186,crossref-22136,0
dblp-18832,crossref-24627,0
dblp-55630,crossref-18244,0
dblp-16543,crossref-58799,0
dblp-50604,crossref-55613,0
dblp-28517,crossref-08877,0
dblp-25266,crossref-46757,0
dblp-58902,crossref-59963,0
dblp-00747,crossref-25998,0
dblp-47508,crossref-34302,0
dblp-28897,crossref-24866,0
dblp-20124,crossref-17244,1
dblp-43630,crossref-60337,0
dblp-20889,crossref-35441,0
dblp-29215,crossref-56437,0
dblp-58153,crossref-34847,0
dblp-21569,crossref-30688,1
dblp-56436,crossref-12266,0
dblp-40536,crossref-30323,0
dblp-16240,crossref-46184,1
dblp-02287,crossref-42593,0
dblp-36516,crossref-28657,1
dblp-17277,crossref-33300,0
dblp-54585,crossref-08283,0
dblp-00017,crossref-30406,0
dblp-45594,crossref-26306,1
dblp-40912,crossref-43471,0
dblp-46298,crossref-44424,0
dblp-21481,crossref-49428,0
dblp-46454,crossref-01034,0
dblp-00975,crossref-47301,1
dblp-46949,crossref-31584,0
dblp-35852,crossref-16443,0
dblp-18780,crossref-51382,0
dblp-07414,crossref-04510,0
dblp-56987,crossref-36237,0
dblp-33771,crossref-42999,0
dblp-00102,crossref-01463,0
dblp-31532,crossref-30584,0
dblp-45650,crossref-48214,0
dblp-13855,crossref-50023,0
dblp-05749,crossref-06752,0
dblp-41376,crossref-34014,0
dblp-53481,crossref-32525,0
dblp-58129,crossref-04921,0
dblp-53543,crossref-58611,0
dblp-24342,crossref-55174,0
dblp-27749,crossref-15257,0
dblp-29789,crossref-32033,0
dblp-44390,crossref-47049,0
dblp-19133,crossref-47150,0
dblp-09973,crossref-28959,0
dblp-31524,crossref-09988,0
dblp-51473,crossref-11903,1
dblp-20160,crossref-01812,1
dblp-34366,crossref-36808,0
dblp-05332,crossref-08238,0
dblp-41681,crossref-38618,0
dblp-35360,crossref-00974,0
dblp-49311,crossref-02319,1
dblp-55089,crossref-07515,0
dblp-55448,crossref-14652,0
dblp-53829,crossref-09407,0
dblp-08784,crossref-27590,0
dblp-55786,crossref-38393,0
dblp-60225,crossref-14774,0
dblp-20026,crossref-26351,1
dblp-16017,crossref-23339,0
dblp-26743,crossref-52820,1
dblp-42357,crossref-53576,1
dblp-12349,crossref-12256,0
dblp-41116,crossref-15740,0
dblp-49872,crossref-59421,0
dblp-03074,crossref-05120,1
dblp-02132,crossref-27858,0
dblp-56259,crossref-50241,1
dblp-04312,crossref-12162,0
dblp-54373,crossref-57943,0
dblp-21152,crossref-48322,0
dblp-18273,crossref-53545,0
dblp-27904,crossref-24620,0
dblp-52444,crossref-58708,0
dblp-19948,crossref-55183,0
dblp-12859,crossref-09594,0
dblp-58700,crossref-52858,0
dblp-15257,crossref-15022,1
dblp-59690,crossref-35360,0
dblp-56920,crossref-39014,0
dblp-44046,crossref-25799,0
dblp-54752,crossref-12332,0
dblp-00941,crossref-18538,0
dblp-09573,crossref-34109,0
dblp-39607,crossref-31363,0
dblp-02691,crossref-27194,1
dblp-29574,crossref-49529,0
dblp-38651,crossref-49639,1
dblp-36267,crossref-07109,1
dblp-36084,crossref-40481,1
dblp-53599,crossref-11928,0
dblp-27633,crossref-42245,0
dblp-19409,crossref-25369,0
dblp-12024,crossref-01712,1
dblp-58723,crossref-28657,0
dblp-25571,crossref-49286,0
dblp-14611,crossref-44785,0
dblp-16069,crossref-35119,0
dblp-23469,crossref-46166,1
dblp-21898,crossref-59737,0
dblp-05739,crossref-07898,0
dblp-33319,crossref-40905,0
dblp-51760,crossref-37354,0
dblp-30884,crossref-30370,0
dblp-36658,crossref-58767,1
dblp-10004,crossref-13434,1
dblp-57443,crossref-52482,0
dblp-43062,crossref-18251,0
dblp-41140,crossref-40193,0
dblp-53165,crossref-31801,0
dblp-44389,crossref-18872,0
dblp-27546,crossref-01710,0
dblp-31096,crossref-51242,1
dblp-55910,crossref-51210,1
dblp-12654,crossref-12309,0
dblp-00346,crossref-57636,0
dblp-00983,crossref-13309,0
dblp-46863,crossref-43212,0
dblp-00357,crossref-39789,1
dblp-11708,crossref-38193,0
dblp-60468,crossref-50698,1
dblp-57308,crossref-14552,1
dblp-29223,crossref-44996,1
dblp-42747,crossref-43478,1
dblp-47401,crossref-40377,0
dblp-59764,crossref-54936,0
dblp-47366,crossref-23364,0
dblp-07285,crossref-40765,1
dblp-59377,crossref-43212,0
dblp-06905,crossref-51354,0
dblp-20628,crossref-13589,0
dblp-18857,crossref-15238,0
dblp-55165,crossref-00239,0
dblp-34320,crossref-06224,0
dblp-03875,crossref-07014,1
dblp-36846,crossref-19812,1
dblp-27628,crossref-23539,0
dblp-15019,crossref-17480,0
dblp-54304,crossref-24380,0
dblp-57150,crossref-47681,0
dblp-50486,crossref-10111,0
dblp-06946,crossref-00750,0
dblp-30673,crossref-07460,0
dblp-08845,crossref-57251,1
dblp-09266,crossref-60678,1
dblp-15054,crossref-44076,0
dblp-53775,crossref-03025,0
dblp-37326,crossref-50518,0
dblp-15394,crossref-59637,0
dblp-30735,crossref-11203,0
dblp-22709,crossref-02280,0
dblp-50947,crossref-27726,0
dblp-58586,crossref-33901,0
dblp-12862,crossref-34505,0
dblp-51329,crossref-25929,0
dblp-06407,crossref-12547,0
dblp-43100,crossref-42858,0
dblp-08652,crossref-24851,0
dblp-10812,crossref-20252,1
dblp-33300,crossref-41739,0
dblp-06557,crossref-54037,0
dblp-05455,crossref-42889,0
dblp-29604,crossref-19112,0
dblp-12620,crossref-37370,0
dblp-51126,crossref-50821,0
dblp-18173,crossref-45389,0
dblp-51946,crossref-12611,1
dblp-22965,crossref-27049,0
dblp-38707,crossref-38947,1
dblp-15309,crossref-50819,0
dblp-59645,crossref-49507,1
dblp-36326,crossref-25437,1
dblp-38296,crossref-51947,0
dblp-17621,crossref-16333,0
dblp-22929,crossref-05872,0
dblp-14545,crossref-00677,0
dblp-18373,crossref-19127,0
dblp-03000,crossref-05459,0
dblp-42271,crossref-58599,0
dblp-36482,crossref-00522,0
dblp-18786,crossref-18821,0
dblp-54864,crossref-52157,1
dblp-17901,crossref-60413,0
dblp-11666,crossref-25533,0
dblp-40915,crossref-30670,1
dblp-00732,crossref-05270,0
dblp-20697,crossref-56815,1
dblp-04501,crossref-38095,1
dblp-04443,crossref-38020,1
dblp-29771,crossref-30975,0
dblp-14028,crossref-20124,1
dblp-42279,crossref-01085,0
dblp-27466,crossref-26430,1
dblp-40824,crossref-57135,0
dblp-23233,crossref-26023,1
dblp-15652,crossref-10076,0
dblp-54524,crossref-30059,1
dblp-57323,crossref-34438,1
dblp-08402,crossref-00546,0
dblp-44005,crossref-16174,0
dblp-56157,crossref-16187,0
dblp-26529,crossref-45976,0
dblp-55808,crossref-10612,0
dblp-14328,crossref-21565,0
dblp-22583,crossref-55375,0
dblp-36619,crossref-21855,1
dblp-17496,crossref-09419,0
dblp-42664,crossref-25151,1
dblp-43863,crossref-44444,0
dblp-02239,crossref-59906,0
dblp-11507,crossref-09454,1
dblp-40033,crossref-16404,1
dblp-56616,crossref-38618,0
dblp-02706,crossref-56561,0
dblp-54172,crossref-15921,0
dblp-22526,crossref-48638,0
dblp-60559,crossref-18636,1
dblp-58472,crossref-34985,0
dblp-29169,crossref-27510,0
dblp-43290,crossref-02894,0
dblp-36893,crossref-17103,0
dblp-47568,crossref-35430,1
dblp-46367,crossref-14921,1
dblp-24827,crossref-21943,0
dblp-59764,crossref-22224,1
dblp-44745,crossref-04882,0
dblp-34004,crossref-25572,0
dblp-55298,crossref-18367,0
dblp-31062,crossref-46419,0
dblp-31352,crossref-00483,0
dblp-05757,crossref-53299,0
dblp-57281,crossref-42134,0
dblp-24318,crossref-17259,0
dblp-57240,crossref-21588,0
dblp-60112,crossref-20791,0
dblp-50632,crossref-46964,1
dblp-17734,crossref-51029,1
dblp-39292,crossref-19103,0
dblp-34595,crossref-59428,0
dblp-13884,crossref-38317,1
dblp-37364,crossref-30243,0
dblp-29519,crossref-01968,1
dblp-09517,crossref-52990,0
dblp-31275,crossref-22898,0
dblp-27996,crossref-49698,0
dblp-48246,crossref-40845,0
dblp-19061,crossref-28040,0
dblp-11708,crossref-05672,0
dblp-23689,crossref-39039,1
dblp-21130,crossref-16017,0
dblp-19373,crossref-39437,0
dblp-12347,crossref-22183,0
dblp-18166,crossref-30889,0
dblp-33705,crossref-23473,0
dblp-50602,crossref-03967,0
dblp-50629,crossref-30852,0
dblp-42272,crossref-08105,1
dblp-59753,crossref-17846,0
dblp-35741,crossref-02232,0
dblp-48066,crossref-43606,1
dblp-12947,crossref-36363,1
dblp-36496,crossref-18881,0
dblp-35784,crossref-30091,0
dblp-04852,crossref-17779,0
dblp-25281,crossref-34369,1
dblp-06399,crossref-40014,1
dblp-46199,crossref-33588,0
dblp-53208,crossref-60393,0
dblp-18114,crossref-41380,0
dblp-18679,crossref-25841,0
dblp-46152,crossref-38776,0
dblp-13912,crossref-37970,0
dblp-34545,crossref-00428,0
dblp-42587,crossref-35715,1
dblp-60049,crossref-09651,0
dblp-35530,crossref-49438,0
dblp-04196,crossref-25807,0
dblp-30681,crossref-59989,1
dblp-18487,crossref-28479,0
dblp-00879,crossref-18597,0
dblp-08546,crossref-26305,0
dblp-50987,crossref-45553,1
dblp-55209,crossref-25435,0
dblp-05678,crossref-11493,0
dblp-36084,crossref-01106,0
dblp-26861,crossref-54512,1
dblp-27394,crossref-16580,0
dblp-08479,crossref-52308,0
dblp-45515,crossref-32621,1
dblp-50289,crossref-42740,0
dblp-58212,crossref-32168,0
dblp-53126,crossref-20575,0
dblp-54802,crossref-56059,0
dblp-28913,crossref-52063,1
dblp-59041,crossref-44502,0
dblp-19850,crossref-31961,0
dblp-12006,crossref-26544,0
dblp-34817,crossref-53436,1
dblp-46225,crossref-12762,1
dblp-14293,crossref-03717,0
dblp-16971,crossref-55671,0
dblp-47349,crossref-02262,0
dblp-24463,crossref-38844,0
dblp-19253,crossref-48704,1
dblp-47619,crossref-17894,0
dblp-23611,crossref-09925,0
dblp-25700,crossref-26191,1
dblp-33136,crossref-02828,1
dblp-26615,crossref-53274,0
dblp-15079,crossref-15832,0
dblp-13714,crossref-33983,0
dblp-03452,crossref-19529,0
dblp-59123,crossref-40519,0
dblp-41295,crossref-15533,0
dblp-00754,crossref-18969,0
dblp-13803,crossref-21466,1
dblp-41582,crossref-56453,0
dblp-47105,crossref-12475,1
dblp-33248,crossref-02189,0
dblp-27704,crossref-18049,1
dblp-32880,crossref-22915,0
dblp-10354,crossref-27455,0
dblp-50934,crossref-17681,0
dblp-06386,crossref-37799,0
dblp-13356,crossref-44453,0
dblp-18995,crossref-54562,0
dblp-26484,crossref-44177,0
dblp-56004,crossref-14793,0
dblp-13924,crossref-38319,1
dblp-23379,crossref-05686,0
dblp-23257,crossref-06122,1
dblp-38580,crossref-52180,1
dblp-51764,crossref-11604,1
dblp-40925,crossref-46344,1
dblp-51405,crossref-56338,0
dblp-29862,crossref-00087,1
dblp-44270,crossref-56744,1
dblp-22543,crossref-21070,1
dblp-52717,crossref-34331,1
dblp-54008,crossref-08897,1
dblp-24294,crossref-55995,0
dblp-23909,crossref-24902,1
dblp-49869,crossref-10094,0
dblp-35456,crossref-18801,1
dblp-10466,crossref-58775,0
dblp-51114,crossref-03223,0
dblp-08479,crossref-08862,0
dblp-41702,crossref-46527,0
dblp-24352,crossref-49302,0
dblp-15610,crossref-32778,0
dblp-10370,crossref-42076,0
dblp-29253,crossref-41224,0
dblp-22351,crossref-12106,0
dblp-04140,crossref-60100,0
dblp-56387,crossref-33047,1
dblp-40435,crossref-53715,1
dblp-42387,crossref-16897,0
dblp-42193,crossref-15077,0
dblp-52460,crossref-39652,0
dblp-53016,crossref-39880,0
dblp-38981,crossref-55345,1
dblp-45030,crossref-24595,0
dblp-20544,crossref-15213,0
dblp-35677,crossref-31277,0
dblp-50287,crossref-38846,0
dblp-38572,crossref-29391,0
dblp-26981,crossref-00945,0
dblp-39687,crossref-13570,1
dblp-25747,crossref-43024,0
dblp-09509,crossref-31938,0
dblp-02239,crossref-38782,1
dblp-45298,crossref-59834,1
dblp-53900,crossref-10009,0
dblp-38350,crossref-60236,0
dblp-05235,crossref-26453,0
dblp-01974,crossref-32702,0
dblp-33469,crossref-51424,1
dblp-22421,crossref-16398,0
dblp-23145,crossref-34896,0
dblp-53970,crossref-33167,0
dblp-10097,crossref-50335,0
dblp-52763,crossref-07744,0
dblp-46679,crossref-19609,1
dblp-56377,crossref-42440,0
dblp-30789,crossref-12903,0
dblp-17460,crossref-41747,0
dblp-38864,crossref-48035,0
dblp-29469,crossref-52452,0
dblp-15219,crossref-51350,0
dblp-03141,crossref-01432,0
dblp-16953,crossref-15383,0
dblp-37401,crossref-04462,0
dblp-55462,crossref-26642,1
dblp-38907,crossref-43578,1
dblp-37554,crossref-33601,0
dblp-01741,crossref-02146,0
dblp-07839,crossref-57434,0
dblp-04294,crossref-15842,0
dblp-27164,crossref-36117,0
dblp-01474,crossref-47401,0
dblp-30912,crossref-38770,0
dblp-17503,crossref-47957,0
dblp-21185,crossref-11060,1
dblp-26798,crossref-25725,0
dblp-55110,crossref-54704,0
dblp-27402,crossref-34863,0
dblp-35158,crossref-34995,1
dblp-04720,crossref-51114,0
dblp-25266,crossref-60167,0
dblp-10025,crossref-52802,1
dblp-46221,crossref-13642,1
dblp-29955,crossref-00409,0
dblp-15394,crossref-00466,1
dblp-47150,crossref-28394,0
dblp-38111,crossref-01009,0
dblp-33786,crossref-44053,1
dblp-47161,crossref-47155,0
dblp-07842,crossref-20761,0
dblp-31343,crossref-56161,1
dblp-57700,crossref-54422,0
dblp-39736,crossref-06084,0
dblp-12717,crossref-14893,0
dblp-46408,crossref-35244,0
dblp-40245,crossref-31215,0
dblp-44048,crossref-41376,0
dblp-26010,crossref-23095,0
dblp-40316,crossref-22844,0
dblp-22954,crossref-46661,0
dblp-04622,crossref-18763,0
dblp-25943,crossref-50978,0
dblp-30126,crossref-29439,0
dblp-12645,crossref-52247,0
dblp-49682,crossref-60107,0
dblp-52587,crossref-07918,0
dblp-51585,crossref-44026,0
dblp-07258,crossref-19297,1
dblp-14401,crossref-51505,1
dblp-00032,crossref-28815,1
dblp-54633,crossref-04819,1
dblp-37806,crossref-32087,0
dblp-39241,crossref-39000,0
dblp-29308,crossref-59788,0
dblp-24292,crossref-20483,0
dblp-30108,crossref-24633,0
dblp-05199,crossref-00109,0
dblp-03305,crossref-27129,1
dblp-41055,crossref-14377,0
dblp-26796,crossref-15364,0
dblp-55977,crossref-09330,0
dblp-19117,crossref-22051,0
dblp-16418,crossref-15973,0
dblp-35071,crossref-56842,0
dblp-05816,crossref-11610,0
dblp-33564,crossref-47879,0
dblp-02619,crossref-20311,0
dblp-38948,crossref-23267,1
dblp-60410,crossref-12939,0
dblp-37903,crossref-20544,1
dblp-33803,crossref-18466,1
dblp-38296,crossref-49044,1
dblp-44182,crossref-18598,0
dblp-54966,crossref-31989,0
dblp-16666,crossref-58689,0
dblp-06807,crossref-43347,0
dblp-40281,crossref-22714,0
dblp-58580,crossref-34398,0
dblp-17539,crossref-60589,0
dblp-43506,crossref-52131,1
dblp-03353,crossref-09401,0
dblp-16734,crossref-53212,1
dblp-20520,crossref-23787,1
dblp-39923,crossref-21992,0
dblp-03315,crossref-13607,0
dblp-51863,crossref-03884,0
dblp-01144,crossref-30941,0
dblp-33739,crossref-05747,0
dblp-02143,crossref-40780,0
dblp-00455,crossref-50817,0
dblp-16880,crossref-16253,0
dblp-16013,crossref-24319,0
dblp-25830,crossref-35124,0
dblp-44598,crossref-24511,0
dblp-50976,crossref-27092,0
dblp-02954,crossref-05352,1
dblp-23876,crossref-16543,1
dblp-43495,crossref-04328,1
dblp-49255,crossref-58170,0
dblp-45990,crossref-16785,0
dblp-43489,crossref-33644,0
dblp-35308,crossref-34322,0
dblp-17028,crossref-57460,0
dblp-21925,crossref-00165,0
dblp-22410,crossref-43711,0
dblp-49966,crossref-10439,0
dblp-54802,crossref-09793,1
dblp-24868,crossref-12589,1
dblp-26830,crossref-42873,0
dblp-34930,crossref-42352,0
dblp-12301,crossref-41161,0
dblp-30455,crossref-12231,1
dblp-13053,crossref-58896,0
dblp-28181,crossref-23038,1
dblp-25746,crossref-37920,0
dblp-34598,crossref-11807,0
dblp-32028,crossref-44457,0
dblp-07001,crossref-01107,1
dblp-22157,crossref-31155,0
dblp-04707,crossref-30136,0
dblp-38101,crossref-36052,0
dblp-17972,crossref-10910,0
dblp-17041,crossref-25151,0
dblp-19993,crossref-32809,0
dblp-06307,crossref-18924,0
dblp-45729,crossref-54792,0
dblp-49248,crossref-44181,0
dblp-10971,crossref-37933,1
dblp-23469,crossref-46567,0
dblp-47906,crossref-19961,0
dblp-28839,crossref-30159,0
dblp-30371,crossref-16027,0
dblp-47243,crossref-14957,0
dblp-53043,crossref-05231,0
dblp-54616,crossref-21967,1
dblp-30046,crossref-51270,0
dblp-31006,crossref-04975,0
dblp-12049,crossref-29469,0
dblp-11000,crossref-22552,0
dblp-32748,crossref-14981,0
dblp-25844,crossref-13810,0
dblp-28945,crossref-24483,0
dblp-14115,crossref-58439,0
dblp-36601,crossref-29563,0
dblp-36488,crossref-54441,0
dblp-42164,crossref-56876,1
dblp-34798,crossref-01451,0
dblp-26529,crossref-30450,0
dblp-55118,crossref-09796,1
dblp-18314,crossref-19117,0
dblp-14115,crossref-38365,1
dblp-14905,crossref-43263,0
dblp-07997,crossref-37070,1
dblp-37364,crossref-43928,0
dblp-06331,crossref-34641,1
dblp-43716,crossref-43104,0
dblp-15874,crossref-55588,1
dblp-56334,crossref-21753,0
dblp-00062,crossref-28751,0
dblp-35058,crossref-45923,1
dblp-58446,crossref-07323,0
dblp-20787,crossref-46243,0
dblp-24870,crossref-18153,1
dblp-53141,crossref-27321,1
dblp-35552,crossref-30914,0
dblp-07584,crossref-03375,0
dblp-06864,crossref-03198,0
dblp-06746,crossref-02650,0
dblp-06494,crossref-51105,0
dblp-17424,crossref-36605,0
dblp-41299,crossref-34031,1
dblp-15335,crossref-09672,0
dblp-17252,crossref-22274,0
dblp-03647,crossref-18726,0
dblp-39157,crossref-16718,0
dblp-19286,crossref-18720,0
dblp-45422,crossref-24899,1
dblp-36152,crossref-14666,0
dblp-36667,crossref-02214,0
dblp-51950,crossref-43165,0
dblp-59699,crossref-19210,1
dblp-29249,crossref-55877,0
dblp-53759,crossref-16053,1
dblp-12954,crossref-50263,0
dblp-52502,crossref-42150,0
dblp-22138,crossref-11634,1
dblp-28422,crossref-08897,0
dblp-52165,crossref-44286,0
dblp-15280,crossref-44379,0
dblp-09376,crossref-43905,0
dblp-17491,crossref-39043,0
dblp-43533,crossref-48848,1
dblp-02546,crossref-43122,0
dblp-39171,crossref-38883,0
dblp-37263,crossref-56999,0
dblp-17121,crossref-30368,0
dblp-44964,crossref-30368,0
dblp-10542,crossref-33465,0
dblp-56768,crossref-50621,0
dblp-11558,crossref-50305,0
dblp-06267,crossref-09015,1
dblp-60518,crossref-48410,0
dblp-17011,crossref-11730,1
dblp-15897,crossref-27682,0
dblp-34845,crossref-43084,1
dblp-35308,crossref-20240,0
dblp-37934,crossref-23638,0
dblp-10155,crossref-51865,0
dblp-33509,crossref-07709,0
dblp-13556,crossref-32819,0
dblp-02579,crossref-26774,1
dblp-30647,crossref-50145,0
dblp-50151,crossref-56148,0
dblp-27881,crossref-50665,0
dblp-47765,crossref-45289,0
dblp-36458,crossref-05014,0
dblp-05332,crossref-31233,0
dblp-51421,crossref-06720,1
dblp-22105,crossref-10849,0
dblp-49539,crossref-54228,0
dblp-48501,crossref-19812,0
dblp-54056,crossref-06246,1
dblp-15208,crossref-41808,1
dblp-41276,crossref-16711,0
dblp-26919,crossref-16631,0
dblp-17741,crossref-22273,1
dblp-52416,crossref-34303,1
dblp-42931,crossref-11266,1
dblp-53944,crossref-00919,0
dblp-53821,crossref-35723,1
dblp-39658,crossref-35817,0
dblp-44703,crossref-05920,0
dblp-27698,crossref-26369,0
dblp-29955,crossref-23719,0
dblp-33501,crossref-27403,1
dblp-21486,crossref-60261,0
dblp-56482,crossref-05118,0
dblp-40333,crossref-11418,0
dblp-18805,crossref-11557,1
dblp-22393,crossref-00487,0
dblp-39066,crossref-43483,0
dblp-58653,crossref-54649,0
dblp-48541,crossref-23298,0
dblp-60294,crossref-46774,0
dblp-35669,crossref-58978,0
dblp-16276,crossref-51360,1
dblp-56954,crossref-12148,0
dblp-01282,crossref-09284,0
dblp-44689,crossref-26456,0
dblp-45074,crossref-56774,1
dblp-19205,crossref-30637,0
dblp-37478,crossref-34667,0
dblp-46536,crossref-18686,0
dblp-02950,crossref-27063,1
dblp-58232,crossref-54378,0
dblp-30550,crossref-24696,0
dblp-57937,crossref-18114,0
dblp-23159,crossref-02399,0
dblp-49304,crossref-50327,0
dblp-21796,crossref-36064,1
dblp-20189,crossref-15347,0
dblp-37919,crossref-02181,0
dblp-09454,crossref-54320,1
dblp-04679,crossref-02516,0
dblp-21410,crossref-56527,0
dblp-37108,crossref-10823,0
dblp-32666,crossref-19640,0
dblp-47910,crossref-27267,1
dblp-44713,crossref-15288,0
dblp-12868,crossref-46902,0
dblp-08891,crossref-57233,1
dblp-46803,crossref-24136,0
dblp-15662,crossref-53851,0
dblp-20966,crossref-25407,0
dblp-39600,crossref-56895,0
dblp-36061,crossref-15571,0
dblp-16517,crossref-45441,0
dblp-06677,crossref-35076,1
dblp-25503,crossref-44442,0
dblp-54361,crossref-48095,0
dblp-19851,crossref-26620,0
dblp-53886,crossref-18862,0
dblp-18372,crossref-03878,0
dblp-41336,crossref-25746,0
dblp-49883,crossref-39875,1
dblp-60255,crossref-31972,0
dblp-28012,crossref-03874,0
dblp-39117,crossref-02184,0
dblp-04404,crossref-34914,0
dblp-54982,crossref-30460,1
dblp-35410,crossref-10054,0
dblp-29919,crossref-27351,1
dblp-55462,crossref-51605,0
dblp-15046,crossref-42338,1
dblp-38632,crossref-31834,1
dblp-32588,crossref-16188,0
dblp-19713,crossref-41060,0
dblp-24457,crossref-26182,0
dblp-29603,crossref-44630,0
dblp-22850,crossref-30648,0
dblp-13592,crossref-03916,1
dblp-10406,crossref-49967,0
dblp-28019,crossref-11216,0
dblp-33011,crossref-45779,1
dblp-60550,crossref-32091,0
dblp-37416,crossref-22167,0
dblp-42935,crossref-60024,0
dblp-30059,crossref-19646,1
dblp-35869,crossref-09778,0
dblp-35907,crossref-43017,0
dblp-48417,crossref-02247,1
dblp-56987,crossref-11686,1
dblp-03096,crossref-05306,1
dblp-26919,crossref-14171,1
dblp-51933,crossref-45078,1
dblp-46747,crossref-38950,0
dblp-41121,crossref-44584,1
dblp-43528,crossref-01280,0
dblp-39049,crossref-14602,0
dblp-12332,crossref-00957,1
dblp-04508,crossref-37979,1
dblp-53507,crossref-18766,1
dblp-23622,crossref-14029,0
dblp-11054,crossref-43737,0
dblp-38340,crossref-30167,0
dblp-49797,crossref-57290,0
dblp-09423,crossref-20603,0
dblp-30695,crossref-28367,0
dblp-47597,crossref-17844,0
dblp-17120,crossref-06943,1
dblp-54064,crossref-48322,0
dblp-38667,crossref-14832,1
dblp-26407,crossref-56268,0
dblp-12195,crossref-01063,0
dblp-00640,crossref-37090,0
dblp-54662,crossref-11072,0
dblp-36012,crossref-27325,1
dblp-35905,crossref-36864,0
dblp-15897,crossref-04251,0
dblp-02450,crossref-39355,0
dblp-36447,crossref-16517,0
dblp-20804,crossref-00813,0
dblp-45262,crossref-32410,0
dblp-46215,crossref-55834,0
dblp-23339,crossref-31378,0
dblp-16831,crossref-32199,0
dblp-20509,crossref-09565,0
dblp-17689,crossref-41727,0
dblp-23687,crossref-02341,0
dblp-03903,crossref-43505,0
dblp-29624,crossref-24480,0
dblp-56140,crossref-25746,0
dblp-38594,crossref-48778,1
dblp-20475,crossref-30410,1
dblp-34218,crossref-24046,0
dblp-07712,crossref-08377,0
dblp-26873,crossref-16931,0
dblp-58796,crossref-57079,1
dblp-37949,crossref-30996,0
dblp-26878,crossref-10212,0
dblp-58272,crossref-01355,1
dblp-21611,crossref-52297,1
dblp-58767,crossref-44300,0
dblp-18139,crossref-07155,0
dblp-23206,crossref-06712,0
dblp-18266,crossref-40353,0
dblp-14926,crossref-36844,0
dblp-49701,crossref-57189,0
dblp-41738,crossref-49804,0
dblp-52105,crossref-15951,0
dblp-51060,crossref-47846,0
dblp-22782,crossref-27633,1
dblp-05510,crossref-20494,0
dblp-00547,crossref-49494,0
dblp-34394,crossref-51427,0
dblp-24499,crossref-20311,0
dblp-24608,crossref-33938,0
dblp-42342,crossref-44173,0
dblp-20024,crossref-05588,0
dblp-22039,crossref-46981,0
dblp-06230,crossref-45506,0
dblp-17415,crossref-33479,0
dblp-32397,crossref-07763,0
dblp-08410,crossref-02609,0
dblp-44167,crossref-33028,1
dblp-45864,crossref-43834,0
dblp-28171,crossref-18444,0
dblp-01516,crossref-11941,0
dblp-35869,crossref-54472,0
dblp-34026,crossref-31479,0
dblp-37209,crossref-51816,0
dblp-54592,crossref-01510,1
dblp-24106,crossref-38330,0
dblp-46211,crossref-24245,0
dblp-02667,crossref-27270,1
dblp-06165,crossref-37424,1
dblp-12267,crossref-20318,0
dblp-56105,crossref-58480,0
dblp-34026,crossref-25633,1
dblp-48187,crossref-30681,1
dblp-15517,crossref-44404,0
dblp-36840,crossref-35784,1
dblp-38840,crossref-10469,0
dblp-36156,crossref-16936,1
dblp-59209,crossref-55713,0
dblp-43727,crossref-18428,1
dblp-06728,crossref-48112,0
dblp-44636,crossref-34109,0
dblp-39798,crossref-47265,0
dblp-44186,crossref-40303,1
dblp-19888,crossref-49128,1
dblp-32908,crossref-26603,0
dblp-17020,crossref-20335,0
dblp-41854,crossref-45827,0
dblp-27531,crossref-04989,0
dblp-09536,crossref-55684,0
dblp-35795,crossref-14647,0
dblp-24715,crossref-57228,1
dblp-02935,crossref-05364,1
dblp-57999,crossref-45827,0
dblp-34204,crossref-38132,0
dblp-52357,crossref-42115,0
dblp-32718,crossref-14174,0
dblp-43352,crossref-33924,0
dblp-29642,crossref-54661,1
dblp-30521,crossref-25659,0
dblp-30754,crossref-25609,0
dblp-21632,crossref-58735,1
dblp-38566,crossref-01265,0
dblp-58362,crossref-41908,0
dblp-53802,crossref-20189,1
dblp-14321,crossref-34398,0
dblp-39975,crossref-25387,1
dblp-55551,crossref-29355,0
dblp-37590,crossref-46963,0
dblp-30631,crossref-17436,0
dblp-47161,crossref-37968,0
dblp-28839,crossref-49528,0
dblp-27481,crossref-30327,0
dblp-27616,crossref-19499,0
dblp-08830,crossref-34559,0
dblp-56295,crossref-38802,0
dblp-14275,crossref-43842,0
dblp-22651,crossref-42297,0
dblp-43155,crossref-04116,0
dblp-41058,crossref-52867,0
dblp-48836,crossref-35786,0
dblp-48388,crossref-21280,1
dblp-23425,crossref-38471,0
dblp-16240,crossref-43186,0
dblp-41847,crossref-56116,1
dblp-48678,crossref-17293,0
dblp-01000,crossref-47459,1
dblp-16583,crossref-51271,0
dblp-39662,crossref-24865,0
dblp-44658,crossref-50056,0
dblp-22786,crossref-50332,0
dblp-03964,crossref-14966,0
dblp-42924,crossref-37666,1
dblp-30729,crossref-54062,0
dblp-38587,crossref-27282,0
dblp-40127,crossref-24724,1
dblp-52589,crossref-35471,0
dblp-41007,crossref-45517,0
dblp-55305,crossref-49617,0
dblp-07510,crossref-24948,0
dblp-29452,crossref-22939,1
dblp-12187,crossref-11895,1
dblp-39013,crossref-32458,0
dblp-39438,crossref-05214,0
dblp-28999,crossref-01876,1
dblp-59659,crossref-01126,1
dblp-15860,crossref-17520,1
dblp-01927,crossref-11753,0
dblp-04483,crossref-24122,0
dblp-48074,crossref-47559,0
dblp-13504,crossref-43199,0
dblp-58728,crossref-14229,0
dblp-08845,crossref-48164,0
dblp-16056,crossref-41099,0
dblp-02342,crossref-27177,0
dblp-30557,crossref-23775,0
dblp-25036,crossref-18041,1
dblp-45944,crossref-39070,0
dblp-54524,crossref-36308,0
dblp-05985,crossref-36407,0
dblp-08580,crossref-11820,0
dblp-10480,crossref-08217,0
dblp-04037,crossref-12433,0
dblp-20147,crossref-09069,1
dblp-38701,crossref-20849,0
dblp-20966,crossref-27130,0
dblp-22295,crossref-39639,1
dblp-36481,crossref-41741,1
dblp-32878,crossref-55373,0
dblp-01365,crossref-31377,1
dblp-01867,crossref-51940,0
dblp-20484,crossref-37442,1
dblp-37724,crossref-25213,0
dblp-15817,crossref-41104,0
dblp-55503,crossref-37402,0
dblp-33643,crossref-11925,0
dblp-33993,crossref-58677,0
dblp-11321,crossref-04952,0
dblp-06653,crossref-29200,0
dblp-22865,crossref-47152,1
dblp-29897,crossref-39992,1
dblp-49274,crossref-12387,0
dblp-53697,crossref-24595,0
dblp-23837,crossref-03710,0
dblp-20696,crossref-12174,0
dblp-38375,crossref-52273,0
dblp-25170,crossref-50587,1
dblp-44861,crossref-42784,0
dblp-30439,crossref-47555,0
dblp-30136,crossref-24221,1
dblp-32718,crossref-51366,0
dblp-04388,crossref-33504,0
dblp-04140,crossref-20036,0
dblp-10441,crossref-06947,0
dblp-01287,crossref-36168,0
dblp-33509,crossref-36627,0
dblp-13371,crossref-08822,0
dblp-19495,crossref-41711,1
dblp-36956,crossref-36813,1
dblp-03768,crossref-44153,0
dblp-23338,crossref-35997,0
dblp-42805,crossref-12684,1
dblp-02371,crossref-31833,1
dblp-43699,crossref-11068,0
dblp-14656,crossref-40278,0
dblp-05876,crossref-41866,0
dblp-09841,crossref-32814,1
dblp-09520,crossref-32946,1
dblp-10964,crossref-31460,0
dblp-08857,crossref-08652,0
dblp-23058,crossref-19304,0
dblp-15868,crossref-54489,1
dblp-44607,crossref-31879,0
dblp-17613,crossref-07577,0
dblp-16341,crossref-04991,1
dblp-01946,crossref-11106,0
dblp-38344,crossref-45630,0
dblp-45271,crossref-39898,0
dblp-29021,crossref-08889,0
dblp-41110,crossref-54657,1
dblp-02746,crossref-47552,0
dblp-35511,crossref-51283,0
dblp-54947,crossref-01866,0
dblp-02797,crossref-27135,1
dblp-35760,crossref-11376,0
dblp-52351,crossref-16622,0
dblp-41828,crossref-44939,1
dblp-37379,crossref-28519,1
dblp-44208,crossref-07653,1
dblp-24380,crossref-49065,0
dblp-07428,crossref-41742,0
dblp-18960,crossref-20570,0
dblp-06709,crossref-36917,0
dblp-43520,crossref-16451,0
dblp-04337,crossref-55181,0
dblp-40783,crossref-30439,0
dblp-08092,crossref-49232,0
dblp-46679,crossref-28388,0
dblp-59344,crossref-16596,0
dblp-38212,crossref-12483,1
dblp-07822,crossref-52622,1
dblp-43028,crossref-45030,0
dblp-00874,crossref-10486,0
dblp-32953,crossref-11091,1
dblp-38661,crossref-23342,0
dblp-13326,crossref-42223,0
dblp-57358,crossref-44919,0
dblp-35234,crossref-33764,0
dblp-26906,crossref-02743,0
dblp-43105,crossref-06538,0
dblp-51933,crossref-41837,0
dblp-44872,crossref-06669,0
dblp-48591,crossref-27934,0
dblp-48452,crossref-14004,0
dblp-15288,crossref-51629,0
dblp-21124,crossref-01277,0
dblp-49991,crossref-15197,0
dblp-05756,crossref-29915,1
dblp-18894,crossref-23612,0
dblp-28532,crossref-34935,0
dblp-32146,crossref-51234,1
dblp-19803,crossref-15967,0
dblp-05955,crossref-16866,0
dblp-36231,crossref-20038,1
dblp-16460,crossref-41782,0
dblp-55306,crossref-43127,0
dblp-43781,crossref-50533,0
dblp-37786,crossref-35413,0
dblp-29338,crossref-55416,0
dblp-58065,crossref-33577,0
dblp-53340,crossref-25204,0
dblp-15712,crossref-09690,0
dblp-11665,crossref-10880,1
dblp-25233,crossref-25267,1
dblp-51783,crossref-36247,0
dblp-52709,crossref-51087,0
dblp-47804,crossref-47874,0
dblp-48955,crossref-17176,1
dblp-46454,crossref-34197,0
dblp-50275,crossref-52705,0
dblp-28271,crossref-51350,0
dblp-01533,crossref-38888,0
dblp-01399,crossref-53274,0
dblp-30709,crossref-02477,1
dblp-57230,crossref-58743,0
dblp-53114,crossref-48524,0
dblp-18892,crossref-14573,0
dblp-44426,crossref-36579,1
dblp-45219,crossref-21103,1
dblp-57604,crossref-35023,0
dblp-45047,crossref-42181,0
dblp-08741,crossref-30545,0
dblp-54596,crossref-18896,0
dblp-37473,crossref-52842,0
dblp-21150,crossref-25550,0
dblp-20235,crossref-54259,0
dblp-03355,crossref-35715,0
dblp-13381,crossref-24416,1
dblp-57572,crossref-42038,0
dblp-46469,crossref-58062,0
dblp-51616,crossref-13185,1
dblp-07776,crossref-52602,1
dblp-49798,crossref-12309,0
dblp-37463,crossref-09295,0
dblp-48589,crossref-25679,1
dblp-10884,crossref-50891,0
dblp-33009,crossref-10628,0
dblp-04871,crossref-20030,0
dblp-52215,crossref-06258,0
dblp-10130,crossref-06826,1
dblp-45844,crossref-02028,1
dblp-07183,crossref-35207,1
dblp-50841,crossref-02415,0
dblp-46726,crossref-10115,0
dblp-46658,crossref-41380,0
dblp-08034,crossref-32893,0
dblp-12233,crossref-22972,0
dblp-05460,crossref-48047,0
dblp-00052,crossref-09150,1
dblp-08197,crossref-42724,0
dblp-21948,crossref-37966,0
dblp-05292,crossref-45506,0
dblp-34045,crossref-31150,1
dblp-00656,crossref-36835,1
dblp-37209,crossref-48958,0
dblp-06252,crossref-58535,0
dblp-56263,crossref-17616,0
dblp-35417,crossref-33403,0
dblp-53422,crossref-23082,0
dblp-03892,crossref-42817,0
dblp-40496,crossref-47412,0
dblp-37801,crossref-07639,0
dblp-15007,crossref-42397,0
dblp-03485,crossref-48204,0
dblp-60364,crossref-14299,1
dblp-27754,crossref-11477,0
dblp-25075,crossref-11823,0
dblp-11568,crossref-13058,0
dblp-31808,crossref-19327,0
dblp-31664,crossref-02110,0
dblp-26951,crossref-41426,0
dblp-31491,crossref-16699,1
dblp-55563,crossref-36054,0
dblp-40739,crossref-57642,0
dblp-49682,crossref-04943,0
dblp-44583,crossref-31104,0
dblp-05340,crossref-52124,0
dblp-26054,crossref-24560,0
dblp-45447,crossref-54074,1
dblp-22445,crossref-22698,0
dblp-48985,crossref-32491,0
dblp-51603,crossref-03755,0
dblp-11925,crossref-33963,0
dblp-25436,crossref-06541,1
dblp-14641,crossref-07306,1
dblp-52614,crossref-35306,0
dblp-06214,crossref-46011,1
dblp-08042,crossref-55984,1
dblp-58034,crossref-14363,0
dblp-56301,crossref-38946,0
dblp-28019,crossref-06308,0
dblp-05504,crossref-14703,0
dblp-58885,crossref-53533,0
dblp-42876,crossref-49288,1
dblp-46234,crossref-38171,0
dblp-27789,crossref-60322,0
dblp-44982,crossref-50827,0
dblp-01767,crossref-30541,0
dblp-02714,crossref-05112,1
dblp-43457,crossref-05098,0
dblp-10084,crossref-40457,0
dblp-22985,crossref-14830,0
dblp-41217,crossref-22404,0
dblp-46616,crossref-33178,0
dblp-42276,crossref-51854,0
dblp-11478,crossref-08543,1
dblp-48362,crossref-21840,0
dblp-47105,crossref-58122,0
dblp-26298,crossref-44412,1
dblp-06035,crossref-51326,0
dblp-46444,crossref-57674,0
dblp-37514,crossref-46496,0
dblp-59570,crossref-30681,0
dblp-51522,crossref-09419,1
dblp-47622,crossref-11879,0
dblp-23789,crossref-41413,0
dblp-45071,crossref-12724,0
dblp-37557,crossref-06623,0
dblp-26318,crossref-15214,1
dblp-04514,crossref-38018,1
dblp-30501,crossref-15757,1
dblp-11524,crossref-09462,1
dblp-15119,crossref-46292,0
dblp-37014,crossref-15845,0
dblp-10984,crossref-11142,0
dblp-26590,crossref-45727,1
dblp-11051,crossref-08779,1
dblp-50219,crossref-58453,0
dblp-18012,crossref-26434,0
dblp-45170,crossref-50453,0
dblp-45726,crossref-09672,0
dblp-02262,crossref-14964,1
dblp-29452,crossref-03079,0
dblp-26334,crossref-42124,0
dblp-50170,crossref-54755,1
dblp-49563,crossref-41289,1
dblp-24979,crossref-41057,0
dblp-58119,crossref-29641,1
dblp-35042,crossref-15853,1
dblp-29050,crossref-17287,1
dblp-23479,crossref-41770,0
dblp-48581,crossref-27756,0
dblp-39512,crossref-09407,0
dblp-04251,crossref-07850,0
dblp-15204,crossref-49599,0
dblp-42499,crossref-54030,1
dblp-54966,crossref-18774,0
dblp-04443,crossref-15134,0
dblp-25160,crossref-05734,0
dblp-56119,crossref-27092,1
dblp-36697,crossref-07324,0
dblp-00011,crossref-19548,0
dblp-32680,crossref-52857,0
dblp-29357,crossref-49363,1
dblp-46150,crossref-29129,1
dblp-42365,crossref-19098,1
dblp-24318,crossref-55847,0
dblp-27973,crossref-42916,0
dblp-60508,crossref-49095,0
dblp-21194,crossref-27695,0
dblp-55481,crossref-51133,1
dblp-34670,crossref-31233,0
dblp-13823,crossref-46723,0
dblp-34045,crossref-45827,0
dblp-06386,crossref-27661,0
dblp-56102,crossref-55380,0
dblp-54155,crossref-36274,0
dblp-21426,crossref-37962,0
dblp-45829,crossref-47495,0
dblp-29652,crossref-60733,0
dblp-28188,crossref-36243,0
dblp-23083,crossref-20413,1
dblp-17496,crossref-33786,1
dblp-41934,crossref-21293,1
dblp-02218,crossref-38791,1
dblp-18739,crossref-33874,0
dblp-04626,crossref-60589,0
dblp-46298,crossref-25004,1
dblp-34692,crossref-31797,1
dblp-32759,crossref-18958,0
dblp-40825,crossref-02072,0
dblp-12898,crossref-11852,0
dblp-02945,crossref-55909,0
dblp-34833,crossref-22124,0
dblp-53545,crossref-47967,0
dblp-23592,crossref-06905,0
dblp-15712,crossref-25303,0
dblp-12843,crossref-07402,1
dblp-50657,crossref-30719,0
dblp-60332,crossref-60206,0
dblp-50629,crossref-14989,0
dblp-47901,crossref-37581,0
dblp-03049,crossref-05218,1
dblp-09193,crossref-00216,0
dblp-43741,crossref-60206,0
dblp-58989,crossref-50263,0
dblp-55794,crossref-25437,0
dblp-06488,crossref-35652,0
dblp-14998,crossref-33934,0
dblp-04400,crossref-09194,0
dblp-58601,crossref-09584,1
dblp-57575,crossref-39646,0
dblp-12266,crossref-53101,0
dblp-55476,crossref-41837,1
dblp-52302,crossref-33201,0
dblp-08157,crossref-32923,0
dblp-14613,crossref-21245,0
dblp-19804,crossref-56622,1
dblp-35662,crossref-08447,0
dblp-57345,crossref-43434,1
dblp-04417,crossref-29293,0
dblp-27352,crossref-31122,0
dblp-26435,crossref-41215,0
dblp-38980,crossref-53274,0
dblp-00978,crossref-31384,1
dblp-30249,crossref-42173,0
dblp-28108,crossref-35467,0
dblp-28825,crossref-10643,0
dblp-14359,crossref-21318,1
dblp-45593,crossref-20170,1
dblp-09905,crossref-09755,1
dblp-57616,crossref-07651,0
dblp-45778,crossref-42892,0
dblp-33673,crossref-09770,0
dblp-42505,crossref-00323,0
dblp-35833,crossref-57027,0
dblp-50034,crossref-09657,1
dblp-51175,crossref-32155,1
dblp-01380,crossref-47470,1
dblp-06363,crossref-45789,0
dblp-56369,crossref-16401,0
dblp-41066,crossref-12096,1
dblp-18045,crossref-30833,0
dblp-50643,crossref-58318,1
dblp-06249,crossref-54969,0
dblp-06020,crossref-16080,0
dblp-21276,crossref-10427,1
dblp-21513,crossref-14900,0
dblp-60505,crossref-23828,0
dblp-50629,crossref-58301,1
dblp-08478,crossref-26877,0
dblp-55396,crossref-49121,1
dblp-38086,crossref-01162,0
dblp-46466,crossref-45303,1
dblp-09592,crossref-24773,0
dblp-47627,crossref-04168,1
dblp-54104,crossref-54161,0
dblp-35045,crossref-08298,0
dblp-03305,crossref-41380,0
dblp-42179,crossref-08620,0
dblp-09334,crossref-60682,1
dblp-06950,crossref-25760,1
dblp-27781,crossref-15040,0
dblp-29021,crossref-58216,1
dblp-03703,crossref-48207,1
dblp-26135,crossref-53740,0
dblp-39102,crossref-42957,1
dblp-50632,crossref-50590,0
dblp-02630,crossref-48726,0
dblp-09300,crossref-34070,0
dblp-32166,crossref-12366,0
dblp-18571,crossref-07097,0
dblp-49086,crossref-37325,1
dblp-46263,crossref-15564,0
dblp-26733,crossref-30567,0
dblp-17552,crossref-01610,1
dblp-56203,crossref-57164,0
dblp-43164,crossref-08202,0
dblp-43138,crossref-09687,0
dblp-40684,crossref-05975,0
dblp-50900,crossref-08403,0
dblp-40426,crossref-35992,0
dblp-39430,crossref-44300,1
dblp-55022,crossref-45594,0
dblp-49506,crossref-07779,1
dblp-25448,crossref-43648,0
dblp-21681,crossref-41957,1
dblp-13018,crossref-16281,0
dblp-47905,crossref-08178,0
dblp-04466,crossref-02483,0
dblp-35259,crossref-33573,0
dblp-22847,crossref-09329,0
dblp-16942,crossref-53388,1
dblp-60490,crossref-09614,0
dblp-10036,crossref-03180,0
dblp-31873,crossref-10005,0
dblp-54231,crossref-60115,0
dblp-34887,crossref-49140,0
dblp-01149,crossref-06770,0
dblp-14003,crossref-32686,0
dblp-40298,crossref-52465,1
dblp-49446,crossref-05442,0
dblp-02487,crossref-53749,0
dblp-15612,crossref-19289,0
dblp-24219,crossref-17355,0
dblp-41453,crossref-43416,0
dblp-24948,crossref-16002,0
dblp-09035,crossref-49349,0
dblp-34811,crossref-18871,1
dblp-51643,crossref-02556,1
dblp-02464,crossref-27174,1
dblp-50442,crossref-22535,0
dblp-21328,crossref-13356,0
dblp-05137,crossref-17666,0
dblp-39634,crossref-10330,1
dblp-28594,crossref-46466,0
dblp-35723,crossref-51714,0
dblp-29509,crossref-02430,0
dblp-08809,crossref-07613,0
dblp-54715,crossref-41838,0
dblp-21858,crossref-21660,0
dblp-54044,crossref-55120,0
dblp-60192,crossref-07738,0
dblp-41980,crossref-34879,0
dblp-18069,crossref-20482,0
dblp-36589,crossref-22089,1
dblp-46739,crossref-34856,0
dblp-22404,crossref-11828,0
dblp-48329,crossref-03509,0
dblp-28679,crossref-01912,0
dblp-51994,crossref-52231,1
dblp-50598,crossref-45329,0
dblp-11361,crossref-30796,0
dblp-32204,crossref-23712,0
dblp-24164,crossref-14351,1
dblp-33494,crossref-52338,0
dblp-35234,crossref-04896,0
dblp-23573,crossref-37949,0
dblp-15062,crossref-41622,1
dblp-58937,crossref-34097,1
dblp-48058,crossref-50936,0
dblp-48684,crossref-53095,0
dblp-53094,crossref-30088,0
dblp-58885,crossref-28219,1
dblp-46637,crossref-46906,1
dblp-41676,crossref-51600,0
dblp-11210,crossref-34847,0
dblp-16302,crossref-44040,1
dblp-56043,crossref-22349,1
dblp-42740,crossref-01804,0
dblp-56075,crossref-25026,0
dblp-30882,crossref-47879,0
dblp-20444,crossref-46406,0
dblp-34805,crossref-58883,0
dblp-33965,crossref-08670,1
dblp-20004,crossref-22201,0
dblp-53395,crossref-35316,0
dblp-09186,crossref-36402,1
dblp-39595,crossref-37328,0
dblp-30922,crossref-01501,1
dblp-04500,crossref-07602,1
dblp-42191,crossref-53800,1
dblp-56748,crossref-06300,1
dblp-26878,crossref-02008,0
dblp-38544,crossref-41042,0
dblp-08969,crossref-01063,0
dblp-60543,crossref-36308,1
dblp-45529,crossref-51763,1
dblp-26125,crossref-47237,0
dblp-50237,crossref-38111,0
dblp-06505,crossref-42936,1
dblp-49373,crossref-40905,0
dblp-14102,crossref-47490,0
dblp-54918,crossref-36529,0
dblp-30964,crossref-08306,0
dblp-20001,crossref-34628,0
dblp-02322,crossref-43007,0
dblp-42193,crossref-07811,0
dblp-40241,crossref-39039,0
dblp-11860,crossref-10852,1
dblp-26634,crossref-28373,0
dblp-51826,crossref-23842,0
dblp-57922,crossref-33862,1
dblp-59270,crossref-33832,0
dblp-15019,crossref-52565,0
dblp-04776,crossref-29842,0
dblp-12050,crossref-49637,0
dblp-15260,crossref-15020,1
dblp-30931,crossref-50666,0
dblp-55749,crossref-27121,0
dblp-29822,crossref-26203,0
dblp-56783,crossref-39771,0
dblp-23379,crossref-07923,1
dblp-01063,crossref-42854,0
dblp-48166,crossref-04764,0
dblp-13593,crossref-03887,1
dblp-14932,crossref-20762,0
dblp-38253,crossref-47863,0
dblp-21936,crossref-08058,0
dblp-45811,crossref-19559,0
dblp-50205,crossref-56136,0
dblp-59561,crossref-01416,0
dblp-28650,crossref-51435,0
dblp-49957,crossref-06267,1
dblp-47824,crossref-03295,1
dblp-29916,crossref-43996,0
dblp-34497,crossref-08426,0
dblp-57801,crossref-33799,0
dblp-39595,crossref-32027,0
dblp-13884,crossref-30633,0
dblp-49543,crossref-12181,0
dblp-60465,crossref-51439,1
dblp-59465,crossref-27910,0
dblp-55600,crossref-00630,0
dblp-21517,crossref-43774,0
dblp-31228,crossref-52690,1
dblp-55589,crossref-09099,1
dblp-50206,crossref-24584,1
dblp-06455,crossref-29816,0
dblp-10013,crossref-07201,0
dblp-15428,crossref-13257,1
dblp-49794,crossref-45711,0
dblp-02662,crossref-39425,0
dblp-50093,crossref-01722,1
dblp-21583,crossref-05627,0
dblp-02005,crossref-08914,0
dblp-20740,crossref-50257,1
dblp-07063,crossref-49903,1
dblp-30854,crossref-14471,0
dblp-26124,crossref-33938,0
dblp-20069,crossref-12539,1
dblp-35663,crossref-20629,0
dblp-45827,crossref-04026,1
dblp-26071,crossref-29196,0
dblp-40547,crossref-46630,1
dblp-31189,crossref-42206,0
dblp-11402,crossref-21064,0
dblp-13785,crossref-02664,0
dblp-08551,crossref-06815,0
dblp-31141,crossref-15597,0
dblp-28280,crossref-00558,0
dblp-35480,crossref-55436,1
dblp-27628,crossref-52056,1
dblp-03142,crossref-05365,1
dblp-34749,crossref-45013,0
dblp-57506,crossref-18468,0
dblp-36480,crossref-25125,0
dblp-33557,crossref-47618,0
dblp-08707,crossref-51266,1
dblp-48649,crossref-49547,0
dblp-38544,crossref-36197,0
dblp-29490,crossref-40278,0
dblp-04246,crossref-09069,0
dblp-35269,crossref-02657,1
dblp-39701,crossref-09779,0
dblp-43669,crossref-32466,0
dblp-52734,crossref-09194,0
dblp-11131,crossref-24292,0
dblp-18289,crossref-46823,0
dblp-01975,crossref-53477,1
dblp-11098,crossref-42979,0
dblp-15763,crossref-56642,1
dblp-49118,crossref-40945,1
dblp-55538,crossref-45900,1
dblp-18801,crossref-23101,1
dblp-44802,crossref-47123,0
dblp-07178,crossref-40637,0
dblp-37454,crossref-33509,0
dblp-45341,crossref-25773,1
dblp-56511,crossref-58380,0
dblp-24971,crossref-32380,0
dblp-05859,crossref-07193,1
dblp-40929,crossref-14796,0
dblp-40106,crossref-14558,0
dblp-34141,crossref-02705,0
dblp-54022,crossref-35942,0
dblp-45263,crossref-53440,0
dblp-54089,crossref-23145,0
dblp-39638,crossref-06706,0
dblp-01856,crossref-43652,0
dblp-21912,crossref-29599,0
dblp-27023,crossref-11943,0
dblp-26323,crossref-58472,0
dblp-26142,crossref-11674,0
dblp-04770,crossref-42115,0
dblp-25661,crossref-17039,0
dblp-59682,crossref-24971,0
dblp-33018,crossref-33611,0
dblp-12111,crossref-43570,0
dblp-17437,crossref-51156,1
dblp-52092,crossref-33777,0
dblp-29568,crossref-14468,0
dblp-10620,crossref-15559,0
dblp-32187,crossref-06578,0
dblp-36098,crossref-18559,0
dblp-22991,crossref-55203,0
dblp-36474,crossref-06972,0
dblp-10669,crossref-00604,1
dblp-53485,crossref-27850,0
dblp-52201,crossref-43932,0
dblp-52360,crossref-34611,0
dblp-01028,crossref-35337,0
dblp-12558,crossref-00421,1
dblp-40824,crossref-19876,0
dblp-09791,crossref-46846,0
dblp-09958,crossref-42352,0
dblp-03455,crossref-49830,0
dblp-00120,crossref-02684,0
dblp-57714,crossref-54984,0
dblp-14976,crossref-59728,0
dblp-26847,crossref-57256,0
dblp-31867,crossref-33153,1
dblp-02068,crossref-31221,1
dblp-58092,crossref-49266,0
dblp-37411,crossref-30064,0
dblp-24167,crossref-12964,0
dblp-29694,crossref-33921,1
dblp-37137,crossref-38488,1
dblp-26650,crossref-09756,0
dblp-42331,crossref-39533,1
dblp-07030,crossref-00995,1
dblp-05561,crossref-53566,0
dblp-24773,crossref-51854,0
dblp-47670,crossref-11963,0
dblp-24192,crossref-58198,1
dblp-08842,crossref-36505,1
dblp-31620,crossref-00838,0
dblp-20052,crossref-12885,0
dblp-43874,crossref-45879,0
dblp-01365,crossref-41795,0
dblp-22581,crossref-13361,1
dblp-07316,crossref-20888,0
dblp-29053,crossref-35225,0
dblp-01314,crossref-10581,0
dblp-00068,crossref-28667,0
dblp-06149,crossref-43382,0
dblp-02608,crossref-26876,1
dblp-00689,crossref-47306,1
dblp-31636,crossref-30934,0
dblp-06667,crossref-23534,0
dblp-07744,crossref-43276,0
dblp-27062,crossref-09231,0
dblp-31187,crossref-03295,0
dblp-38380,crossref-46739,1
dblp-49380,crossref-04159,1
dblp-37445,crossref-08188,0
dblp-21212,crossref-17242,1
dblp-36604,crossref-03184,1
dblp-03413,crossref-05099,1
dblp-54159,crossref-22365,1
dblp-50603,crossref-24973,1
dblp-49313,crossref-01954,0
dblp-14761,crossref-54409,0
dblp-07014,crossref-01371,1
dblp-43724,crossref-15440,0
dblp-60225,crossref-25210,1
dblp-25979,crossref-29503,0
dblp-28126,crossref-23133,0
dblp-53181,crossref-51524,0
dblp-21995,crossref-34429,0
dblp-33796,crossref-34971,1
dblp-07529,crossref-37877,1
dblp-40550,crossref-15030,0
dblp-14151,crossref-38351,1
dblp-32582,crossref-26404,0
dblp-40192,crossref-44946,1
dblp-22014,crossref-27667,0
dblp-56395,crossref-16216,1
dblp-09575,crossref-44018,0
dblp-30323,crossref-12547,0
dblp-53248,crossref-30406,0
dblp-44952,crossref-50771,0
dblp-50049,crossref-14905,0
dblp-42052,crossref-56171,0
dblp-50030,crossref-55422,1
dblp-20550,crossref-17971,1
dblp-35895,crossref-02929,1
dblp-29930,crossref-21888,0
dblp-53455,crossref-01087,0
dblp-12045,crossref-36252,0
dblp-15026,crossref-47395,0
dblp-44840,crossref-33799,1
dblp-31674,crossref-50391,0
dblp-46784,crossref-21543,1
dblp-55304,crossref-32233,1
dblp-27644,crossref-59937,1
dblp-19221,crossref-60244,0
dblp-50206,crossref-21789,0
dblp-09565,crossref-09006,0
dblp-00758,crossref-34163,0
dblp-38081,crossref-55448,0
dblp-24713,crossref-44012,1
dblp-34230,crossref-31005,0
dblp-41921,crossref-00095,0
dblp-39160,crossref-11941,0
dblp-52539,crossref-50482,0
dblp-22786,crossref-35451,0
dblp-34145,crossref-55874,1
dblp-08543,crossref-38005,0
dblp-34079,crossref-34405,0
dblp-59278,crossref-30122,0
dblp-39775,crossref-20098,0
dblp-29600,crossref-19421,0
dblp-57127,crossref-18920,0
dblp-43273,crossref-16591,0
dblp-25947,crossref-59673,1
dblp-18915,crossref-41288,0
dblp-45092,crossref-59276,0
dblp-04832,crossref-27403,0
dblp-48195,crossref-31867,0
dblp-53392,crossref-50306,0
dblp-09370,crossref-10388,0
dblp-36841,crossref-55925,0
dblp-18832,crossref-58675,0
dblp-16132,crossref-59748,1
dblp-36271,crossref-42921,0
dblp-36749,crossref-36257,0
dblp-10003,crossref-54202,0
dblp-10765,crossref-43189,0
dblp-39226,crossref-32965,0
dblp-51835,crossref-02966,0
dblp-13855,crossref-56299,1
dblp-05929,crossref-12018,0
dblp-16123,crossref-50234,0
dblp-06757,crossref-39844,0
dblp-52591,crossref-17870,1
dblp-00029,crossref-36036,0
dblp-25588,crossref-33961,0
dblp-15165,crossref-51154,0
dblp-51835,crossref-60088,0
dblp-45513,crossref-15285,0
dblp-59975,crossref-09891,0
dblp-26241,crossref-54755,0
dblp-29027,crossref-47572,0
dblp-38369,crossref-01441,0
dblp-16867,crossref-23189,0
dblp-13346,crossref-53282,0
dblp-10045,crossref-17394,0
dblp-37119,crossref-04178,0
dblp-07889,crossref-29487,1
dblp-14240,crossref-59644,0
dblp-39681,crossref-54910,0
dblp-41137,crossref-45398,0
dblp-40872,crossref-32170,0
dblp-40434,crossref-21157,0
dblp-23282,crossref-03539,0
dblp-45944,crossref-10347,0
dblp-37176,crossref-51149,0
dblp-20579,crossref-58276,1
dblp-33041,crossref-26037,0
dblp-40442,crossref-28581,0
dblp-53357,crossref-54053,0
dblp-41827,crossref-51768,0
dblp-47127,crossref-12381,0
dblp-23449,crossref-39474,1
dblp-52496,crossref-17870,0
dblp-09025,crossref-36206,0
dblp-29552,crossref-49433,0
dblp-37139,crossref-12702,0
dblp-06740,crossref-06193,0
dblp-50587,crossref-30611,1
dblp-28446,crossref-51170,0
dblp-50414,crossref-58812,0
dblp-54666,crossref-18725,1
dblp-41345,crossref-42357,1
dblp-35702,crossref-02630,1
dblp-56617,crossref-39209,0
dblp-29946,crossref-06723,1
dblp-10517,crossref-32987,0
dblp-11968,crossref-10859,1
dblp-17330,crossref-42831,1
dblp-07722,crossref-35082,1
dblp-56199,crossref-05264,0
dblp-35082,crossref-34090,0
dblp-35341,crossref-29293,1
dblp-04148,crossref-45517,1
dblp-06216,crossref-56608,0
dblp-58548,crossref-28394,0
dblp-56559,crossref-52738,0
dblp-45013,crossref-14335,0
dblp-34400,crossref-29101,0
dblp-49760,crossref-43580,0
dblp-07963,crossref-00896,1
dblp-44390,crossref-44117,0
dblp-60118,crossref-58644,0
dblp-54579,crossref-21208,0
dblp-04832,crossref-27612,0
dblp-09502,crossref-45876,0
dblp-05396,crossref-00602,1
dblp-49641,crossref-07716,0
dblp-39737,crossref-04119,1
dblp-11811,crossref-54891,0
dblp-44628,crossref-01675,0
dblp-56455,crossref-54226,0
dblp-52684,crossref-19313,0
dblp-12825,crossref-10592,0
dblp-28644,crossref-26464,0
dblp-36571,crossref-46935,0
dblp-57838,crossref-57983,1
dblp-05228,crossref-24150,1
dblp-52521,crossref-06301,0
dblp-53986,crossref-07085,1
dblp-54365,crossref-04874,0
dblp-55120,crossref-43072,0
dblp-01235,crossref-47255,1
dblp-52214,crossref-39681,1
dblp-21100,crossref-19560,0
dblp-51414,crossref-10468,1
dblp-55055,crossref-30441,0
dblp-31038,crossref-48790,0
dblp-44802,crossref-43719,0
dblp-06343,crossref-36994,1
dblp-13202,crossref-08943,0
dblp-57195,crossref-05764,0
dblp-54864,crossref-58360,0
dblp-26701,crossref-58811,0
dblp-16329,crossref-47143,0
dblp-26650,crossref-60534,0
dblp-05341,crossref-00325,0
dblp-40046,crossref-08663,0
dblp-35977,crossref-33862,0
dblp-16272,crossref-35118,0
dblp-53867,crossref-56241,0
dblp-52711,crossref-40858,0
dblp-51642,crossref-57432,0
dblp-58130,crossref-17280,1
dblp-54252,crossref-12531,0
dblp-34255,crossref-37107,0
dblp-20727,crossref-54305,0
dblp-34391,crossref-56000,0
dblp-19425,crossref-22215,0
dblp-24750,crossref-13948,1
dblp-21533,crossref-43765,0
dblp-30882,crossref-27312,1
dblp-00150,crossref-06110,0
dblp-35530,crossref-39639,0
dblp-25827,crossref-55679,0
dblp-37901,crossref-23808,0
dblp-16515,crossref-09667,0
dblp-37592,crossref-19032,1
dblp-15603,crossref-09977,0
dblp-52084,crossref-25116,1
dblp-58005,crossref-20286,0
dblp-26725,crossref-33279,0
dblp-55513,crossref-28257,0
dblp-13694,crossref-43028,0
dblp-14903,crossref-00880,1
dblp-13481,crossref-45727,0
dblp-42601,crossref-28212,0
dblp-56272,crossref-26820,0
dblp-09523,crossref-07308,0
dblp-25369,crossref-15693,0
dblp-02527,crossref-27271,1
dblp-27714,crossref-32308,1
dblp-08847,crossref-55793,0
dblp-52049,crossref-57984,0
dblp-48561,crossref-18921,1
dblp-12396,crossref-55689,0
dblp-35471,crossref-10094,0
dblp-09033,crossref-31915,0
dblp-40093,crossref-27319,0
dblp-17271,crossref-47923,0
dblp-25321,crossref-24868,0
dblp-59563,crossref-12238,0
dblp-32315,crossref-09382,0
dblp-19443,crossref-35885,1
dblp-30068,crossref-25700,0
dblp-09980,crossref-37005,1
dblp-07685,crossref-01568,0
dblp-22619,crossref-51242,0
dblp-11532,crossref-38800,0
dblp-08611,crossref-20532,1
dblp-14814,crossref-41030,1
dblp-25403,crossref-22472,1
dblp-11923,crossref-22901,0
dblp-39149,crossref-02980,0
dblp-19040,crossref-43047,0
dblp-23181,crossref-34895,0
dblp-30599,crossref-55672,1
dblp-18200,crossref-39888,0
dblp-49743,crossref-47593,0
dblp-05658,crossref-19609,0
dblp-02667,crossref-23974,0
dblp-08342,crossref-35121,1
dblp-48296,crossref-52353,0
dblp-35684,crossref-55245,0
dblp-32760,crossref-05994,0
dblp-27565,crossref-04803,0
dblp-56773,crossref-26767,0
dblp-47200,crossref-00361,0
dblp-27918,crossref-49482,0
dblp-15741,crossref-20515,0
dblp-57260,crossref-44183,0
dblp-53314,crossref-25076,0
dblp-04490,crossref-11044,0
dblp-20457,crossref-30744,1
dblp-02085,crossref-27035,0
dblp-38249,crossref-57439,1
dblp-28845,crossref-40552,0
dblp-50454,crossref-03215,0
dblp-43853,crossref-58601,0
dblp-58406,crossref-37041,0
dblp-55998,crossref-26384,0
dblp-47415,crossref-10064,0
dblp-55055,crossref-56582,1
dblp-37883,crossref-36685,0
dblp-14036,crossref-23208,0
dblp-02351,crossref-35830,0
dblp-16300,crossref-13291,1
dblp-40517,crossref-10476,0
dblp-51896,crossref-20579,0
dblp-49255,crossref-44383,0
dblp-41030,crossref-01412,0
dblp-10508,crossref-49803,0
dblp-24772,crossref-15280,0
dblp-28136,crossref-50411,0
dblp-20310,crossref-58276,0
dblp-35673,crossref-12560,0
dblp-47521,crossref-52330,1
dblp-16737,crossref-52144,0
dblp-57516,crossref-18444,0
dblp-37800,crossref-23334,0
dblp-47092,crossref-12338,1
dblp-13846,crossref-06592,0
dblp-39571,crossref-15130,0
dblp-33052,crossref-06596,0
dblp-05707,crossref-13622,1
dblp-50762,crossref-12269,0
dblp-20586,crossref-49507,0
dblp-57104,crossref-28738,1
dblp-24029,crossref-25937,0
dblp-41583,crossref-18788,0
dblp-07893,crossref-29568,1
dblp-14979,crossref-37181,0
dblp-18022,crossref-47891,0
dblp-28040,crossref-53294,0
dblp-59519,crossref-08800,0
dblp-27881,crossref-04294,0
dblp-02506,crossref-09556,0
dblp-18769,crossref-21880,1
dblp-27557,crossref-20508,0
dblp-33047,crossref-14381,0
dblp-12371,crossref-18180,0
dblp-57818,crossref-50246,1
dblp-49347,crossref-13976,1
dblp-39285,crossref-59360,0
dblp-10743,crossref-01340,1
dblp-17114,crossref-58553,0
dblp-07976,crossref-42778,0
dblp-20582,crossref-04433,0
dblp-54101,crossref-60594,0
dblp-24571,crossref-17437,0
dblp-14144,crossref-51326,0
dblp-09021,crossref-35027,0
dblp-17092,crossref-59276,1
dblp-22111,crossref-14835,0
dblp-01151,crossref-07639,0
dblp-24305,crossref-50731,0
dblp-29819,crossref-18871,0
dblp-29646,crossref-17511,0
dblp-46662,crossref-56976,0
dblp-31547,crossref-13856,0
dblp-34001,crossref-06314,0
dblp-34599,crossref-46266,1
dblp-27263,crossref-54546,0
dblp-57137,crossref-57313,0
dblp-46920,crossref-50936,1
dblp-01992,crossref-08516,0
dblp-46935,crossref-59961,0
dblp-32904,crossref-31247,1
dblp-12904,crossref-36260,0
dblp-41763,crossref-22382,0
dblp-31394,crossref-02681,0
dblp-26755,crossref-16996,0
dblp-01927,crossref-14409,0
dblp-18069,crossref-14391,0
dblp-04981,crossref-26817,0
dblp-02806,crossref-20626,0
dblp-45552,crossref-16793,0
dblp-09430,crossref-29791,1
dblp-02950,crossref-16413,0
dblp-52029,crossref-52977,1
dblp-09779,crossref-03237,0
dblp-05503,crossref-21078,0
dblp-18701,crossref-59928,0
dblp-47890,crossref-13925,0
dblp-01050,crossref-15285,0
dblp-34199,crossref-38474,0
dblp-36961,crossref-13043,0
dblp-37636,crossref-03477,0
dblp-13747,crossref-51776,0
dblp-57863,crossref-22393,0
dblp-57689,crossref-36481,0
dblp-33442,crossref-09680,0
dblp-28944,crossref-45984,0
dblp-27064,crossref-07589,0
dblp-53514,crossref-08383,0
dblp-27625,crossref-24198,0
dblp-12671,crossref-50902,0
dblp-19264,crossref-04498,1
dblp-10777,crossref-19690,1
dblp-31651,crossref-06745,0
dblp-43931,crossref-21533,0
dblp-52391,crossref-15601,0
dblp-43658,crossref-49386,0
dblp-40959,crossref-00479,0
dblp-53799,crossref-08980,0
dblp-51783,crossref-31164,0
dblp-07997,crossref-00512,0
dblp-25252,crossref-45007,0
dblp-33381,crossref-54439,0
dblp-02945,crossref-17802,0
dblp-40628,crossref-40083,0
dblp-24870,crossref-45342,0
dblp-35555,crossref-45726,0
dblp-03502,crossref-26858,1
dblp-13373,crossref-24429,1
dblp-31191,crossref-50378,0
dblp-46563,crossref-20985,0
dblp-14960,crossref-55519,0
dblp-22487,crossref-36384,0
dblp-20642,crossref-18081,1
dblp-46653,crossref-43717,0
dblp-16357,crossref-06405,0
dblp-42593,crossref-24425,0
dblp-19537,crossref-40900,0
dblp-40203,crossref-16948,0
dblp-04738,crossref-30019,1
dblp-26036,crossref-40408,0
dblp-28882,crossref-59762,0
dblp-46189,crossref-40029,0
dblp-27531,crossref-25941,0
dblp-16517,crossref-21891,0
dblp-02845,crossref-26767,1
dblp-55686,crossref-13661,1
dblp-43672,crossref-57863,0
dblp-15477,crossref-11778,0
dblp-15742,crossref-37585,0
dblp-07258,crossref-16825,0
dblp-49583,crossref-43441,0
dblp-03166,crossref-48304,1
dblp-12843,crossref-19756,0
dblp-55707,crossref-34145,0
dblp-51435,crossref-02059,1
dblp-23228,crossref-29276,1
dblp-09696,crossref-03593,0
dblp-07335,crossref-46333,0
dblp-16268,crossref-24984,0
dblp-49967,crossref-41554,0
dblp-36184,crossref-30754,0
dblp-09690,crossref-09988,1
dblp-35044,crossref-25617,1
dblp-03779,crossref-32181,0
dblp-08809,crossref-38907,0
dblp-36091,crossref-46363,1
dblp-54945,crossref-59808,0
dblp-30342,crossref-34834,0
dblp-27568,crossref-51714,0
dblp-46178,crossref-33018,0
dblp-32135,crossref-26207,0
dblp-40868,crossref-40286,0
dblp-10157,crossref-49685,0
dblp-42988,crossref-47306,0
dblp-38420,crossref-51105,0
dblp-43898,crossref-03483,0
dblp-01471,crossref-03784,0
dblp-51174,crossref-04724,0
dblp-25564,crossref-46575,0
dblp-34904,crossref-34990,1
dblp-31189,crossref-18769,0
dblp-56670,crossref-23033,0
dblp-25882,crossref-49582,1
dblp-59099,crossref-17874,0
dblp-04418,crossref-41455,0
dblp-12689,crossref-21089,0
dblp-39149,crossref-60200,0
dblp-47469,crossref-39597,0
dblp-16022,crossref-25598,1
dblp-38245,crossref-27106,0
dblp-23855,crossref-14664,0
dblp-50797,crossref-58572,1
dblp-51978,crossref-53206,0
dblp-34223,crossref-49663,0
dblp-11497,crossref-43828,0
dblp-13124,crossref-17005,0
dblp-23208,crossref-34360,0
dblp-45059,crossref-60070,0
dblp-55478,crossref-15856,1
dblp-37627,crossref-02053,0
dblp-44661,crossref-47419,0
dblp-54747,crossref-57862,0
dblp-60110,crossref-39368,0
dblp-25200,crossref-50352,0
dblp-52272,crossref-00186,0
dblp-39320,crossref-44567,1
dblp-24556,crossref-19265,0
dblp-47576,crossref-16266,1
dblp-30198,crossref-16711,1
dblp-18508,crossref-24024,0
dblp-53339,crossref-29534,0
dblp-19064,crossref-47259,0
dblp-03067,crossref-27134,1
dblp-18044,crossref-32865,0
dblp-28662,crossref-27924,1
dblp-12769,crossref-07500,1
dblp-06119,crossref-05351,0
dblp-34023,crossref-59300,0
dblp-41683,crossref-41853,1
dblp-29365,crossref-57608,1
dblp-24750,crossref-47152,0
dblp-25696,crossref-55444,1
dblp-12653,crossref-41024,1
dblp-09572,crossref-41965,0
dblp-07606,crossref-15448,1
dblp-36997,crossref-05403,0
dblp-27834,crossref-25584,0
dblp-31026,crossref-50840,0
dblp-20904,crossref-19106,0
dblp-35883,crossref-06582,1
dblp-59392,crossref-56486,0
dblp-05195,crossref-24112,1
dblp-56299,crossref-24638,1
dblp-54926,crossref-06208,1
dblp-26260,crossref-58642,0
dblp-36516,crossref-00353,0
dblp-10669,crossref-59920,0
dblp-25033,crossref-01423,0
dblp-07164,crossref-04753,1
dblp-06217,crossref-32555,0
dblp-58784,crossref-09099,0
dblp-32775,crossref-09710,0
dblp-46788,crossref-58381,0
dblp-52197,crossref-40898,0
dblp-02166,crossref-47275,0
dblp-37919,crossref-23111,0
dblp-52404,crossref-14931,0
dblp-10424,crossref-29735,1
dblp-02207,crossref-11446,0
dblp-02532,crossref-01555,0
dblp-41514,crossref-44686,0
dblp-60170,crossref-13060,0
dblp-29149,crossref-22549,0
dblp-24636,crossref-22108,1
dblp-41834,crossref-02214,0
dblp-34166,crossref-56332,1
dblp-24268,crossref-14932,0
dblp-41177,crossref-52291,0
dblp-44059,crossref-35792,0
dblp-21530,crossref-01033,0
dblp-24403,crossref-60500,0
dblp-32302,crossref-17891,0
dblp-10371,crossref-12058,1
dblp-44405,crossref-22545,1
dblp-06199,crossref-42270,0
dblp-49991,crossref-18636,0
dblp-18865,crossref-07503,0
dblp-49372,crossref-05689,0
dblp-38039,crossref-17609,0
dblp-06885,crossref-09531,0
dblp-16431,crossref-41673,0
dblp-04605,crossref-38577,1
dblp-18026,crossref-13483,1
dblp-51995,crossref-03156,1
dblp-16742,crossref-34664,0
dblp-08034,crossref-23018,0
dblp-32652,crossref-27493,0
dblp-51657,crossref-34306,0
dblp-21429,crossref-04819,0
dblp-07591,crossref-08035,0
dblp-05692,crossref-58904,0
dblp-17132,crossref-11583,0
dblp-30138,crossref-08739,0
dblp-56395,crossref-55829,0
dblp-08240,crossref-35121,0
dblp-40083,crossref-19090,0
dblp-31620,crossref-16521,1
dblp-40443,crossref-15877,0
dblp-11659,crossref-13312,0
dblp-51063,crossref-13478,1
dblp-20255,crossref-53829,0
dblp-18338,crossref-52424,0
dblp-39721,crossref-58206,0
dblp-58033,crossref-29909,0
dblp-33851,crossref-04256,0
dblp-11496,crossref-08201,0
dblp-57573,crossref-15566,0
dblp-21345,crossref-44753,0
dblp-27255,crossref-07778,1
dblp-05394,crossref-50125,0
dblp-46987,crossref-45897,0
dblp-06338,crossref-12140,0
dblp-30726,crossref-05440,1
dblp-41179,crossref-39936,0
dblp-50049,crossref-49513,1
dblp-33648,crossref-14731,1
dblp-27130,crossref-29728,0
dblp-21235,crossref-60137,0
dblp-53591,crossref-44258,0
dblp-34595,crossref-56000,0
dblp-21663,crossref-30741,1
dblp-35646,crossref-18929,0
dblp-48042,crossref-23343,1
dblp-40448,crossref-29865,0
dblp-04326,crossref-33900,0
dblp-17599,crossref-16125,0
dblp-05513,crossref-44487,0
dblp-42168,crossref-24238,0
dblp-36746,crossref-35593,0
dblp-20521,crossref-28736,0
dblp-36448,crossref-22270,1
dblp-09905,crossref-11851,0
dblp-34891,crossref-16439,0
dblp-45022,crossref-04896,0
dblp-44211,crossref-01880,0
dblp-37184,crossref-51056,1
dblp-04296,crossref-05940,0
dblp-01433,crossref-54910,0
dblp-11210,crossref-37331,0
dblp-30138,crossref-38389,1
dblp-36596,crossref-51640,0
dblp-29543,crossref-45984,0
dblp-01295,crossref-31386,1
dblp-30878,crossref-13948,0
dblp-20966,crossref-31293,1
dblp-40780,crossref-10029,0
dblp-18698,crossref-37672,1
dblp-17491,crossref-24164,0
dblp-22004,crossref-07682,0
dblp-03540,crossref-48338,1
dblp-39120,crossref-32516,0
dblp-10722,crossref-00397,1
dblp-22206,crossref-33958,0
dblp-21940,crossref-35802,1
dblp-40102,crossref-20562,1
dblp-08000,crossref-15409,1
dblp-27945,crossref-41030,0
dblp-00317,crossref-37324,0
dblp-02626,crossref-55931,0
dblp-57506,crossref-39474,0
dblp-20694,crossref-14302,0
dblp-24697,crossref-50170,1
dblp-46017,crossref-43505,0
dblp-11775,crossref-33413,0
dblp-09877,crossref-43318,0
dblp-31927,crossref-14957,0
dblp-40285,crossref-55440,0
dblp-56794,crossref-40618,0
dblp-44200,crossref-22729,1
dblp-32680,crossref-31955,0
dblp-03612,crossref-19533,0
dblp-06206,crossref-33862,0
dblp-56533,crossref-16416,0
dblp-37053,crossref-18399,0
dblp-19562,crossref-17834,1
dblp-37088,crossref-16838,0
dblp-40536,crossref-00041,0
dblp-18920,crossref-26812,0
dblp-41402,crossref-32731,1
dblp-28504,crossref-59224,0
dblp-40904,crossref-34093,0
dblp-56857,crossref-60729,0
dblp-39849,crossref-02538,0
dblp-58426,crossref-46944,1
dblp-17294,crossref-32446,0
dblp-21816,crossref-42401,0
dblp-08611,crossref-08136,0
dblp-43432,crossref-24758,1
dblp-17731,crossref-21382,0
dblp-20775,crossref-26297,0
dblp-12123,crossref-42223,1
dblp-46625,crossref-02574,0
dblp-50810,crossref-50950,0
dblp-01337,crossref-38365,0
dblp-15440,crossref-51887,0
dblp-01797,crossref-03036,1
dblp-53740,crossref-27647,0
dblp-40098,crossref-37817,0
dblp-37452,crossref-48090,0
dblp-13611,crossref-37316,0
dblp-59488,crossref-04447,0
dblp-41350,crossref-54775,0
dblp-59069,crossref-09912,0
dblp-52737,crossref-45629,0
dblp-43261,crossref-53182,0
dblp-40632,crossref-59534,0
dblp-25166,crossref-02324,0
dblp-28199,crossref-31960,0
dblp-31787,crossref-21769,1
dblp-06429,crossref-04982,0
dblp-26456,crossref-28965,0
dblp-32992,crossref-08306,0
dblp-08735,crossref-04690,0
dblp-48349,crossref-32853,0
dblp-18796,crossref-10714,0
dblp-36623,crossref-48793,0
dblp-59806,crossref-57556,0
dblp-06526,crossref-17446,0
dblp-47841,crossref-50388,0
dblp-54940,crossref-20063,0
dblp-26466,crossref-01253,0
dblp-30878,crossref-16261,0
dblp-49087,crossref-03208,0
dblp-59226,crossref-54607,0
dblp-01694,crossref-14822,1
dblp-09225,crossref-58701,0
dblp-46667,crossref-32212,0
dblp-58385,crossref-21875,0
dblp-27284,crossref-39659,1
dblp-16088,crossref-14426,1
dblp-58706,crossref-43196,0
dblp-19767,crossref-01615,0
dblp-25844,crossref-07286,0
dblp-31690,crossref-51930,1
dblp-35220,crossref-44018,1
dblp-04490,crossref-10581,0
dblp-06377,crossref-57505,0
dblp-24559,crossref-54315,0
dblp-53725,crossref-09159,0
dblp-23348,crossref-37296,0
dblp-09349,crossref-25668,0
dblp-42643,crossref-28201,0
dblp-36454,crossref-24717,0
dblp-28751,crossref-24529,0
dblp-27944,crossref-45561,0
dblp-28882,crossref-27242,0
dblp-45340,crossref-33180,0
dblp-48191,crossref-39022,0
dblp-41261,crossref-35526,0
dblp-28107,crossref-06192,0
dblp-48104,crossref-30948,1
dblp-51470,crossref-04872,1
dblp-15532,crossref-28922,1
dblp-33145,crossref-30528,0
dblp-11981,crossref-17255,0
dblp-21934,crossref-57842,0
dblp-49058,crossref-37970,0
dblp-33131,crossref-58546,0
dblp-32258,crossref-55545,0
dblp-22882,crossref-21864,1
dblp-25436,crossref-05252,0
dblp-21829,crossref-21382,0
dblp-45126,crossref-34711,0
dblp-51386,crossref-50857,1
dblp-01405,crossref-02782,0
dblp-25056,crossref-19783,0
dblp-46808,crossref-39769,0
dblp-43280,crossref-30398,1
dblp-42539,crossref-42166,0
dblp-44300,crossref-25356,0
dblp-44401,crossref-51193,0
dblp-10203,crossref-43282,0
dblp-43762,crossref-11887,0
dblp-37252,crossref-15951,0
dblp-31447,crossref-39914,0
dblp-36481,crossref-47730,0
dblp-27623,crossref-33083,0
dblp-05866,crossref-50032,1
dblp-55569,crossref-29737,0
dblp-33884,crossref-57396,1
dblp-14047,crossref-20361,1
dblp-22577,crossref-50902,0
dblp-41631,crossref-58718,0
dblp-39883,crossref-38883,1
dblp-25776,crossref-35706,0
dblp-46856,crossref-56773,0
dblp-51841,crossref-39418,0
dblp-26951,crossref-03835,0
dblp-49304,crossref-52758,0
dblp-50691,crossref-60703,0
dblp-52829,crossref-16815,0
dblp-49858,crossref-49302,0
dblp-43334,crossref-19111,0
dblp-13627,crossref-37961,0
dblp-28517,crossref-23597,0
dblp-03399,crossref-44347,0
dblp-22910,crossref-59291,0
dblp-15110,crossref-15809,0
dblp-19186,crossref-11490,1
dblp-05394,crossref-19432,1
dblp-56854,crossref-33403,0
dblp-51126,crossref-10462,0
dblp-06244,crossref-45824,0
dblp-37549,crossref-03640,0
dblp-27506,crossref-54413,0
dblp-07702,crossref-04196,0
dblp-38302,crossref-18929,0
dblp-00310,crossref-51927,0
dblp-50888,crossref-60206,1
dblp-19579,crossref-30305,1
dblp-17460,crossref-10859,0
dblp-38521,crossref-59738,0
dblp-54969,crossref-19393,1
dblp-15594,crossref-01716,0
dblp-50912,crossref-22773,0
dblp-39412,crossref-07513,1
dblp-48018,crossref-05442,0
dblp-02428,crossref-05459,1
dblp-26782,crossref-21569,1
dblp-46986,crossref-22385,1
dblp-57801,crossref-26434,0
dblp-21145,crossref-38654,0
dblp-10036,crossref-26948,0
dblp-36261,crossref-21864,0
dblp-06071,crossref-02876,1
dblp-12311,crossref-00101,1
dblp-45616,crossref-44899,0
dblp-09301,crossref-60628,1
dblp-54380,crossref-16344,0
dblp-55965,crossref-15541,0
dblp-16240,crossref-49997,0
dblp-13793,crossref-21489,1
dblp-45032,crossref-24228,0
dblp-52124,crossref-39608,1
dblp-50604,crossref-17511,0
dblp-55163,crossref-11474,1
dblp-52769,crossref-02687,0
dblp-33956,crossref-00391,0
dblp-09109,crossref-46916,0
dblp-08232,crossref-37320,0
dblp-03209,crossref-26591,0
dblp-17383,crossref-39735,0
dblp-16899,crossref-33479,0
dblp-12671,crossref-24446,0
dblp-49335,crossref-17486,0
dblp-21656,crossref-58328,0
dblp-11245,crossref-54630,0
dblp-15643,crossref-31793,0
dblp-18121,crossref-47760,0
dblp-05468,crossref-18142,0
dblp-03177,crossref-05096,1
dblp-31774,crossref-46997,0
dblp-46017,crossref-20161,1
dblp-30744,crossref-36363,0
dblp-04058,crossref-49369,0
dblp-15738,crossref-37385,0
dblp-18210,crossref-25413,0
dblp-50466,crossref-11566,0
dblp-38812,crossref-47248,0
dblp-14427,crossref-14125,0
dblp-12315,crossref-00023,1
dblp-11239,crossref-16804,1
dblp-30213,crossref-05676,0
dblp-16013,crossref-10210,0
dblp-43726,crossref-02704,0
dblp-22133,crossref-33809,1
dblp-30323,crossref-57582,0
dblp-26831,crossref-05016,0
dblp-13458,crossref-41227,1
dblp-47114,crossref-08540,0
dblp-48461,crossref-13834,1
dblp-42148,crossref-02399,0
dblp-48764,crossref-02585,0
dblp-32282,crossref-22532,0
dblp-38086,crossref-38627,0
dblp-27918,crossref-29045,1
dblp-17981,crossref-05379,0
dblp-10135,crossref-40717,0
dblp-20450,crossref-12571,1
dblp-16864,crossref-50694,0
dblp-06848,crossref-15040,1
dblp-53851,crossref-43024,0
dblp-41242,crossref-43688,0
dblp-32820,crossref-50566,0
dblp-43266,crossref-11446,1
dblp-37235,crossref-49803,0
dblp-05547,crossref-08574,1
dblp-26222,crossref-03013,0
dblp-36225,crossref-30888,0
dblp-28248,crossref-54602,0
dblp-49959,crossref-24923,0
dblp-02547,crossref-59958,0
dblp-02432,crossref-27234,1
dblp-43960,crossref-59428,0
dblp-39982,crossref-40850,0
dblp-27421,crossref-35776,0
dblp-23632,crossref-16930,0
dblp-11175,crossref-36005,0
dblp-09898,crossref-59038,0
dblp-23484,crossref-19496,0
dblp-47772,crossref-42644,0
dblp-21753,crossref-59603,0
dblp-59096,crossref-04577,1
dblp-06760,crossref-02605,1
dblp-43893,crossref-44430,0
dblp-46788,crossref-28186,1
dblp-02577,crossref-48360,1
dblp-45225,crossref-40341,0
dblp-30812,crossref-17282,0
dblp-35441,crossref-40122,0
dblp-23532,crossref-15516,0
dblp-27450,crossref-24631,0
dblp-56459,crossref-51593,0
dblp-50862,crossref-33859,0
dblp-41953,crossref-43622,0
dblp-49899,crossref-03806,1
dblp-31607,crossref-36066,0
dblp-43236,crossref-24222,0
dblp-07718,crossref-32108,1
dblp-26595,crossref-11165,0
dblp-25579,crossref-00456,0
dblp-24584,crossref-37336,1
dblp-42972,crossref-19136,0
dblp-36520,crossref-50378,1
dblp-45990,crossref-12222,0
dblp-10353,crossref-50104,0
dblp-31636,crossref-11343,1
dblp-07670,crossref-19910,0
dblp-02700,crossref-49962,0
dblp-35601,crossref-44372,0
dblp-47338,crossref-14592,1
dblp-45984,crossref-58848,0
dblp-05505,crossref-21117,1
dblp-23493,crossref-07128,1
dblp-55669,crossref-55154,0
dblp-35584,crossref-04815,1
dblp-43004,crossref-24803,1
dblp-00130,crossref-28796,1
dblp-08201,crossref-08690,0
dblp-12840,crossref-07209,1
dblp-09525,crossref-09753,1
dblp-20494,crossref-21417,0
dblp-31840,crossref-32971,0
dblp-26158,crossref-41644,1
dblp-40942,crossref-56235,0
dblp-27176,crossref-26351,0
dblp-59895,crossref-51245,0
dblp-58189,crossref-00710,0
dblp-25035,crossref-16409,0
dblp-40650,crossref-42445,0
dblp-47925,crossref-16528,0
dblp-10961,crossref-39485,0
dblp-10466,crossref-39630,0
dblp-07769,crossref-08373,1
dblp-05496,crossref-16410,0
dblp-15877,crossref-10011,1
dblp-49433,crossref-14525,1
dblp-12785,crossref-24304,0
dblp-47146,crossref-19805,0
dblp-59117,crossref-03509,1
dblp-33695,crossref-12347,0
dblp-11827,crossref-15062,0
dblp-54658,crossref-27148,0
dblp-16425,crossref-43695,0
dblp-44005,crossref-15440,0
dblp-30052,crossref-09212,0
dblp-28136,crossref-22497,0
dblp-56654,crossref-22012,0
dblp-51353,crossref-04759,1
dblp-08360,crossref-58599,0
dblp-08614,crossref-46079,0
dblp-37243,crossref-58612,0
dblp-33051,crossref-27319,1
dblp-36149,crossref-59024,0
dblp-46968,crossref-34853,0
dblp-03246,crossref-05411,1
dblp-58896,crossref-10454,1
dblp-10356,crossref-48957,0
dblp-35470,crossref-07778,0
dblp-26263,crossref-51283,0
dblp-39165,crossref-21847,0
dblp-26338,crossref-17747,0
dblp-23986,crossref-30568,1
dblp-45996,crossref-04489,1
dblp-13114,crossref-29101,0
dblp-33059,crossref-28042,1
dblp-58100,crossref-56308,1
dblp-30858,crossref-31955,1
dblp-03263,crossref-24808,0
dblp-09608,crossref-32895,1
dblp-59005,crossref-33483,0
dblp-15396,crossref-30295,0
dblp-20694,crossref-59060,0
dblp-03862,crossref-08890,1
dblp-36998,crossref-31006,0
dblp-10390,crossref-07364,0
dblp-33468,crossref-19182,0
dblp-51126,crossref-34967,0
dblp-54892,crossref-30420,1
dblp-24190,crossref-00800,0
dblp-46308,crossref-46846,1
dblp-27317,crossref-18003,1
dblp-04262,crossref-05351,0
dblp-02952,crossref-40797,0
dblp-36127,crossref-37225,0
dblp-33031,crossref-39445,0
dblp-60487,crossref-08616,0
dblp-46856,crossref-09633,0
dblp-28066,crossref-16083,0
dblp-00919,crossref-57256,0
dblp-36740,crossref-50088,0
dblp-46235,crossref-54975,0
dblp-42820,crossref-08523,0
dblp-52417,crossref-30511,0
dblp-04039,crossref-40431,0
dblp-51406,crossref-13670,0
dblp-39590,crossref-53990,0
dblp-11252,crossref-28923,0
dblp-40913,crossref-43542,0
dblp-33090,crossref-52409,0
dblp-35646,crossref-31277,0
dblp-46150,crossref-04246,0
dblp-02095,crossref-52790,1
dblp-56324,crossref-18707,0
dblp-36119,crossref-41001,0
dblp-17847,crossref-49436,1
dblp-57578,crossref-02089,0
dblp-14701,crossref-14960,0
dblp-30198,crossref-32617,0
dblp-39430,crossref-18815,0
dblp-16903,crossref-21362,0
dblp-20040,crossref-21569,0
dblp-53821,crossref-28811,0
dblp-53479,crossref-11791,0
dblp-36414,crossref-51309,0
dblp-30553,crossref-18904,1
dblp-09891,crossref-31694,0
dblp-05970,crossref-15703,1
dblp-26769,crossref-56256,0
dblp-30290,crossref-31841,0
dblp-52548,crossref-49665,0
dblp-18754,crossref-17217,0
dblp-48307,crossref-49400,0
dblp-04139,crossref-09358,0
dblp-49498,crossref-15693,0
dblp-22871,crossref-31199,0
dblp-27434,crossref-14554,0
dblp-56600,crossref-57509,1
dblp-59725,crossref-22974,0
dblp-35394,crossref-06025,0
dblp-58518,crossref-00157,0
dblp-58554,crossref-01821,0
dblp-05747,crossref-29934,1
dblp-38301,crossref-44216,0
dblp-13343,crossref-22365,0
dblp-48815,crossref-33889,0
dblp-50402,crossref-44952,1
dblp-19021,crossref-57032,0
dblp-58323,crossref-33847,0
dblp-16732,crossref-25166,0
dblp-48913,crossref-33345,0
dblp-55990,crossref-11321,0
dblp-37546,crossref-09563,0
dblp-45404,crossref-35974,1
dblp-57430,crossref-19723,0
dblp-56121,crossref-34774,1
dblp-53359,crossref-05066,0
dblp-55988,crossref-38721,0
dblp-49075,crossref-33247,1
dblp-53604,crossref-06736,1
dblp-58170,crossref-17109,0
dblp-42884,crossref-25252,0
dblp-27220,crossref-23038,0
dblp-56986,crossref-53716,1
dblp-45984,crossref-29212,0
dblp-33008,crossref-40323,1
dblp-05402,crossref-44561,0
dblp-49612,crossref-37503,0
dblp-44445,crossref-51640,0
dblp-55569,crossref-23839,1
dblp-58551,crossref-35894,0
dblp-39604,crossref-06192,0
dblp-40474,crossref-01072,0
dblp-51414,crossref-36396,0
dblp-09161,crossref-22004,0
dblp-22583,crossref-53550,0
dblp-10414,crossref-39924,0
dblp-10894,crossref-07004,1
dblp-13044,crossref-54365,0
dblp-11377,crossref-23370,0
dblp-07150,crossref-00628,0
dblp-35264,crossref-42892,0
dblp-30148,crossref-25015,0
dblp-17692,crossref-12056,0
dblp-54822,crossref-02197,1
dblp-01433,crossref-57328,0
dblp-54204,crossref-40393,0
dblp-37575,crossref-27211,0
dblp-01654,crossref-56275,0
dblp-47128,crossref-20892,0
dblp-29360,crossref-01974,0
dblp-00391,crossref-25021,0
dblp-18132,crossref-42877,0
dblp-16444,crossref-09477,0
dblp-26052,crossref-51979,1
dblp-22571,crossref-40063,1
dblp-11051,crossref-29544,0
dblp-19373,crossref-43440,1
dblp-09554,crossref-30872,0
dblp-43860,crossref-27196,0
dblp-08144,crossref-13455,0
dblp-40848,crossref-27063,0
dblp-25166,crossref-60578,0
dblp-41140,crossref-53433,1
dblp-18497,crossref-05816,0
dblp-18832,crossref-52513,0
dblp-21543,crossref-31311,0
dblp-46012,crossref-08873,0
dblp-18487,crossref-35608,0
dblp-39183,crossref-03715,0
dblp-21085,crossref-49426,0
dblp-06249,crossref-24150,0
dblp-18696,crossref-43247,0
dblp-40868,crossref-47559,0
dblp-04457,crossref-37983,1
dblp-01675,crossref-19757,0
dblp-49301,crossref-25841,1
dblp-59498,crossref-24409,0
dblp-10192,crossref-38882,0
dblp-30839,crossref-10604,1
dblp-07550,crossref-26781,0
dblp-02867,crossref-56256,0
dblp-41896,crossref-43124,0
dblp-35049,crossref-09080,1
dblp-17617,crossref-58147,0
dblp-45879,crossref-13538,0
dblp-45924,crossref-54630,0
dblp-52105,crossref-16358,0
dblp-51163,crossref-07578,1
dblp-22651,crossref-13384,1
dblp-16844,crossref-60413,0
dblp-03125,crossref-05401,1
dblp-43882,crossref-29109,0
dblp-44858,crossref-04447,0
dblp-19067,crossref-19351,1
dblp-18046,crossref-36121,0
dblp-20149,crossref-24388,0
dblp-54121,crossref-34000,0
dblp-43293,crossref-37826,0
dblp-56703,crossref-05804,0
dblp-59185,crossref-03411,1
dblp-56653,crossref-10869,0
dblp-33385,crossref-05701,0
dblp-30427,crossref-14229,1
dblp-30764,crossref-23107,0
dblp-13896,crossref-31946,0
dblp-36266,crossref-10007,0
dblp-50712,crossref-59883,1
dblp-05200,crossref-55938,0
dblp-25305,crossref-16867,0
dblp-44129,crossref-58733,0
dblp-47804,crossref-56084,0
dblp-50898,crossref-40304,0
dblp-21500,crossref-55747,1
dblp-15176,crossref-40906,1
dblp-46968,crossref-23090,0
dblp-17795,crossref-10300,0
dblp-55906,crossref-09402,0
dblp-29307,crossref-00091,1
dblp-54601,crossref-47986,0
dblp-19543,crossref-42806,0
dblp-31962,crossref-21478,1
dblp-25750,crossref-33479,0
dblp-37966,crossref-12434,0
dblp-09573,crossref-56776,0
dblp-09136,crossref-54030,0
dblp-14187,crossref-51360,0
dblp-47737,crossref-21485,0
dblp-46137,crossref-53875,0
dblp-11030,crossref-30466,0
dblp-31584,crossref-39418,0
dblp-05868,crossref-50011,1
dblp-29634,crossref-31901,1
dblp-19202,crossref-08987,0
dblp-24715,crossref-32641,0
dblp-09981,crossref-22984,0
dblp-10678,crossref-19518,1
dblp-55926,crossref-01489,0
dblp-06637,crossref-13384,0
dblp-15603,crossref-13661,0
dblp-25780,crossref-55087,1
dblp-59468,crossref-10290,0
dblp-30142,crossref-14664,0
dblp-03613,crossref-47429,0
dblp-33286,crossref-50400,0
dblp-16443,crossref-16975,1
dblp-41489,crossref-12517,0
dblp-30986,crossref-03947,1
dblp-24384,crossref-17957,0
dblp-17162,crossref-32195,0
dblp-23198,crossref-56059,0
dblp-09242,crossref-41640,0
dblp-08360,crossref-26839,0
dblp-49864,crossref-39209,0
dblp-21519,crossref-06600,0
dblp-34034,crossref-46119,0
dblp-51943,crossref-49096,1
dblp-41324,crossref-39698,1
dblp-27465,crossref-59566,0
dblp-05841,crossref-17171,0
dblp-03186,crossref-05488,1
dblp-53016,crossref-06082,1
dblp-26820,crossref-20417,0
dblp-43237,crossref-46392,0
dblp-60484,crossref-27670,0
dblp-44496,crossref-19791,0
dblp-57642,crossref-25672,0
dblp-15731,crossref-16739,0
dblp-17233,crossref-59862,0
dblp-26012,crossref-28438,0
dblp-07503,crossref-52926,0
dblp-03742,crossref-11323,0
dblp-23611,crossref-23905,0
dblp-42140,crossref-30167,0
dblp-49705,crossref-28993,0
dblp-40767,crossref-14045,1
dblp-36440,crossref-30644,0
dblp-04815,crossref-45655,0
dblp-23753,crossref-54090,0
dblp-57033,crossref-50496,0
dblp-06357,crossref-26304,0
dblp-01477,crossref-03986,0
dblp-46663,crossref-43357,1
dblp-03920,crossref-31089,0
dblp-01675,crossref-01456,1
dblp-06652,crossref-25030,0
dblp-23072,crossref-30661,0
dblp-45077,crossref-02844,0
dblp-02167,crossref-31232,1
dblp-18870,crossref-20761,0
dblp-45868,crossref-27088,0
dblp-36517,crossref-19232,1
dblp-53208,crossref-37462,0
dblp-29700,crossref-26871,0
dblp-13855,crossref-30749,0
dblp-39607,crossref-33906,0
dblp-51385,crossref-08803,0
dblp-12421,crossref-44572,0
dblp-53589,crossref-17820,0
dblp-07091,crossref-11140,0
dblp-13862,crossref-06043,0
dblp-11296,crossref-21878,0
dblp-01738,crossref-05288,0
dblp-28370,crossref-23136,0
dblp-26487,crossref-00323,0
dblp-08220,crossref-17501,0
dblp-14593,crossref-60733,0
dblp-50219,crossref-33388,0
dblp-48061,crossref-34280,0
dblp-21349,crossref-01362,1
dblp-00435,crossref-30030,1
dblp-44428,crossref-56363,1
dblp-57532,crossref-52868,0
dblp-21135,crossref-41076,0
dblp-29957,crossref-28188,0
dblp-27595,crossref-59251,0
dblp-21005,crossref-34737,0
dblp-39687,crossref-12140,0
dblp-19305,crossref-41097,0
dblp-01050,crossref-07500,0
dblp-15697,crossref-05875,0
dblp-02220,crossref-04183,0
dblp-17192,crossref-49547,0
dblp-48076,crossref-48428,0
dblp-54541,crossref-00750,0
dblp-38443,crossref-11509,0
dblp-39525,crossref-11113,0
dblp-60017,crossref-58611,1
dblp-36214,crossref-56106,0
dblp-59509,crossref-34153,0
dblp-55493,crossref-14710,0
dblp-59010,crossref-11347,1
dblp-55785,crossref-13550,0
dblp-58640,crossref-21463,0
dblp-43778,crossref-54360,1
dblp-36256,crossref-50349,0
dblp-51358,crossref-10423,0
dblp-42214,crossref-20856,0
dblp-28875,crossref-20124,0
dblp-08358,crossref-59919,0
dblp-37173,crossref-47891,0
dblp-56550,crossref-16949,0
dblp-50297,crossref-31998,1
dblp-52536,crossref-40921,0
dblp-06400,crossref-40029,1
dblp-31808,crossref-21717,0
dblp-46454,crossref-35441,1
dblp-51447,crossref-57991,0
dblp-27592,crossref-53016,0
dblp-29364,crossref-34951,1
dblp-21005,crossref-43763,0
dblp-43817,crossref-23272,0
dblp-35359,crossref-40576,1
dblp-41861,crossref-07667,1
dblp-19578,crossref-09129,0
dblp-13758,crossref-60062,0
dblp-24308,crossref-52012,0
dblp-59286,crossref-02144,1
dblp-54380,crossref-46304,1
dblp-09574,crossref-51884,1
dblp-16329,crossref-17011,0
dblp-26625,crossref-43935,1
dblp-20560,crossref-44916,1
dblp-43515,crossref-28438,0
dblp-40892,crossref-12434,1
dblp-39498,crossref-40377,0
dblp-47494,crossref-49229,0
dblp-05001,crossref-13145,1
dblp-36121,crossref-06440,0
dblp-44286,crossref-41947,0
dblp-19811,crossref-08516,0
dblp-09613,crossref-09822,1
dblp-31382,crossref-54707,1
dblp-21426,crossref-34179,0
dblp-57150,crossref-53538,0
dblp-47825,crossref-52424,0
dblp-32633,crossref-57690,0
dblp-05918,crossref-59170,0
dblp-38854,crossref-56567,0
dblp-46342,crossref-37754,1
dblp-30759,crossref-52452,0
dblp-49073,crossref-09558,0
dblp-40295,crossref-14250,1
dblp-59304,crossref-18659,0
dblp-39031,crossref-10118,0
dblp-30852,crossref-39817,0
dblp-32436,crossref-36588,0
dblp-15625,crossref-08451,0
dblp-12790,crossref-05625,0
dblp-41843,crossref-03357,1
dblp-20726,crossref-25746,0
dblp-37286,crossref-38946,0
dblp-51835,crossref-41698,0
dblp-53749,crossref-22382,0
dblp-19143,crossref-17474,0
dblp-16170,crossref-34619,0
dblp-30086,crossref-48317,0
dblp-04227,crossref-23844,1
dblp-15060,crossref-42401,1
dblp-37077,crossref-43953,0
dblp-42219,crossref-00348,0
dblp-00122,crossref-28844,1
dblp-26895,crossref-31310,0
dblp-45051,crossref-36458,0
dblp-16549,crossref-23282,0
dblp-10491,crossref-06489,0
dblp-24458,crossref-53014,1
dblp-07168,crossref-09315,0
dblp-29138,crossref-55738,0
dblp-09753,crossref-52223,1
dblp-18798,crossref-07576,0
dblp-43518,crossref-02516,0
dblp-01732,crossref-14805,1
dblp-13504,crossref-29400,0
dblp-31050,crossref-38601,1
dblp-26362,crossref-39059,0
dblp-05848,crossref-29889,1
dblp-50264,crossref-46997,0
dblp-19578,crossref-21867,1
dblp-56553,crossref-29201,0
dblp-03377,crossref-32198,0
dblp-27100,crossref-32900,0
dblp-28622,crossref-40360,0
dblp-35723,crossref-08338,1
dblp-37353,crossref-15224,0
dblp-45306,crossref-42936,0
dblp-23278,crossref-14627,0
dblp-58814,crossref-37716,0
dblp-00881,crossref-54481,0
dblp-27644,crossref-56876,0
dblp-25824,crossref-27483,0
dblp-22404,crossref-36478,0
dblp-16100,crossref-11799,0
dblp-40165,crossref-19831,1
dblp-25109,crossref-09767,0
dblp-56640,crossref-38171,1
dblp-44436,crossref-10549,1
dblp-16942,crossref-26445,0
dblp-15099,crossref-54607,0
dblp-39289,crossref-46440,0
dblp-08426,crossref-20520,1
dblp-47200,crossref-60499,1
dblp-08019,crossref-36424,0
dblp-49870,crossref-59962,0
dblp-45617,crossref-27054,0
dblp-35885,crossref-17150,0
dblp-34046,crossref-33413,0
dblp-12408,crossref-48154,1
dblp-39655,crossref-14464,0
dblp-54141,crossref-29909,0
dblp-49761,crossref-13896,0
dblp-23802,crossref-16106,1
dblp-22271,crossref-24967,0
dblp-23136,crossref-32765,0
dblp-41355,crossref-34679,0
dblp-23540,crossref-57271,1
dblp-49864,crossref-07332,0
dblp-00031,crossref-28102,0
dblp-34538,crossref-59695,0
dblp-05785,crossref-24413,0
dblp-58253,crossref-45492,1
dblp-20831,crossref-18621,1
dblp-53791,crossref-42793,0
dblp-56689,crossref-05758,0
dblp-37411,crossref-56670,1
dblp-51133,crossref-08918,0
dblp-09753,crossref-26676,0
dblp-59846,crossref-53969,0
dblp-51744,crossref-33167,0
dblp-40962,crossref-50668,1
dblp-00449,crossref-03257,0
dblp-50289,crossref-35239,1
dblp-44224,crossref-60531,1
dblp-27024,crossref-17626,1
dblp-28777,crossref-02337,0
dblp-15298,crossref-46436,0
dblp-25891,crossref-14792,0
dblp-44146,crossref-12135,1
dblp-16718,crossref-24836,0
dblp-40333,crossref-50410,0
dblp-48419,crossref-43708,0
dblp-41626,crossref-47369,0
dblp-46917,crossref-26247,0
dblp-10305,crossref-17222,1
dblp-26703,crossref-04161,0
dblp-20315,crossref-42650,0
dblp-56217,crossref-22712,0
dblp-09278,crossref-60662,1
dblp-01097,crossref-25797,0
dblp-19722,crossref-14365,1
dblp-10760,crossref-19406,1
dblp-58309,crossref-56601,0
dblp-22729,crossref-15461,0
dblp-47056,crossref-18726,0
dblp-19082,crossref-23288,1
dblp-40732,crossref-23500,0
dblp-54699,crossref-25057,1
dblp-41020,crossref-26764,0
dblp-54794,crossref-43283,0
dblp-50522,crossref-43648,1
dblp-37765,crossref-52174,0
dblp-16697,crossref-17367,0
dblp-35514,crossref-29560,0
dblp-55300,crossref-20062,0
dblp-02753,crossref-51050,0
dblp-19579,crossref-19178,0
dblp-49682,crossref-00790,0
dblp-00292,crossref-50633,0
dblp-02857,crossref-49349,0
dblp-44591,crossref-04010,1
dblp-53706,crossref-16768,0
dblp-41482,crossref-30343,0
dblp-57666,crossref-36238,0
dblp-05373,crossref-31685,0
dblp-01205,crossref-46655,0
dblp-37077,crossref-19512,0
dblp-00084,crossref-17971,0
dblp-05536,crossref-09720,0
dblp-60550,crossref-10424,1
dblp-25132,crossref-12080,0
dblp-33485,crossref-20909,1
dblp-34307,crossref-06575,0
dblp-48166,crossref-35570,1
dblp-58410,crossref-41980,1
dblp-33207,crossref-14377,0
dblp-27902,crossref-37414,0
dblp-07690,crossref-43761,0
dblp-26524,crossref-08857,1
dblp-36247,crossref-43024,0
dblp-35271,crossref-25549,1
dblp-50307,crossref-43267,0
dblp-53929,crossref-35913,0
dblp-09644,crossref-03151,0
dblp-31382,crossref-57329,0
dblp-23226,crossref-26608,0
dblp-47415,crossref-53576,0
dblp-34362,crossref-51221,0
dblp-27972,crossref-45289,0
dblp-12764,crossref-51665,1
dblp-58958,crossref-07646,0
dblp-48317,crossref-28977,0
dblp-06930,crossref-48808,0
dblp-27448,crossref-56945,0
dblp-45810,crossref-23727,0
dblp-31963,crossref-10290,0
dblp-09453,crossref-60679,0
dblp-32215,crossref-29025,1
dblp-41246,crossref-51256,0
dblp-59691,crossref-02894,0
dblp-14144,crossref-59303,1
dblp-51515,crossref-17419,0
dblp-39480,crossref-03604,0
dblp-53489,crossref-43067,1
dblp-13952,crossref-45153,0
dblp-60177,crossref-09666,1
dblp-35962,crossref-12431,0
dblp-22847,crossref-50006,0
dblp-30959,crossref-60543,0
dblp-28126,crossref-37923,0
dblp-34202,crossref-46800,0
dblp-28052,crossref-32629,1
dblp-55926,crossref-17005,0
dblp-34608,crossref-52222,0
dblp-56059,crossref-56381,0
dblp-25684,crossref-42922,1
dblp-46848,crossref-10696,0
dblp-19151,crossref-17371,0
dblp-26218,crossref-32042,0
dblp-46162,crossref-06263,0
dblp-32195,crossref-53809,0
dblp-54515,crossref-10050,0
dblp-16317,crossref-04013,1
dblp-53388,crossref-53371,0
dblp-34066,crossref-13964,0
dblp-38270,crossref-59515,0
dblp-32204,crossref-22975,1
dblp-07889,crossref-12308,0
dblp-12959,crossref-56553,0
dblp-21530,crossref-28627,0
dblp-36623,crossref-48496,0
dblp-08617,crossref-41280,0
dblp-13096,crossref-21149,0
dblp-17213,crossref-47753,0
dblp-10502,crossref-03313,0
dblp-30074,crossref-58216,0
dblp-39750,crossref-18435,0
dblp-37325,crossref-45997,0
dblp-07890,crossref-29501,1
dblp-52427,crossref-55394,1
dblp-31394,crossref-46354,1
dblp-43061,crossref-35783,1
dblp-55009,crossref-01063,0
dblp-18925,crossref-43030,0
dblp-37607,crossref-56683,1
dblp-20027,crossref-48457,0
dblp-56010,crossref-48156,0
dblp-07934,crossref-52604,1
dblp-13606,crossref-03921,1
dblp-30207,crossref-07317,0
dblp-38306,crossref-53638,0
dblp-18959,crossref-54907,1
dblp-29641,crossref-45779,0
dblp-15002,crossref-41510,1
dblp-57610,crossref-09339,0
dblp-38416,crossref-16338,0
dblp-55073,crossref-18400,0
dblp-33261,crossref-45910,0
dblp-38992,crossref-14792,0
dblp-26805,crossref-01613,0
dblp-19979,crossref-28375,0
dblp-09861,crossref-09544,1
dblp-55418,crossref-37642,1
dblp-30277,crossref-39597,0
dblp-00811,crossref-44935,0
dblp-18139,crossref-60270,0
dblp-38301,crossref-43606,0
dblp-43398,crossref-55397,1
dblp-17020,crossref-27991,0
dblp-53465,crossref-04991,0
dblp-57465,crossref-38918,0
dblp-37781,crossref-46593,0
dblp-05201,crossref-03462,1
dblp-30003,crossref-27039,0
dblp-31768,crossref-32276,0
dblp-39122,crossref-06222,0
dblp-02127,crossref-51446,1
dblp-47346,crossref-44218,0
dblp-00038,crossref-54985,0
dblp-52843,crossref-38656,0
dblp-08847,crossref-36237,0
dblp-46192,crossref-14320,0
dblp-45035,crossref-53600,0
dblp-29897,crossref-45851,0
dblp-20624,crossref-08161,0
dblp-18373,crossref-10594,0
dblp-06514,crossref-21530,1
dblp-13160,crossref-53878,0
dblp-02189,crossref-39458,0
dblp-37602,crossref-55170,0
dblp-42370,crossref-00928,0
dblp-31142,crossref-44549,0
dblp-56806,crossref-09447,0
dblp-31992,crossref-27756,1
dblp-22960,crossref-34340,0
dblp-27514,crossref-22176,0
dblp-06463,crossref-14218,0
dblp-53593,crossref-59953,0
dblp-39166,crossref-01029,0
dblp-28707,crossref-47412,0
dblp-58891,crossref-48587,0
dblp-39736,crossref-33485,0
dblp-22613,crossref-49617,0
dblp-38013,crossref-11899,0
dblp-21412,crossref-47969,0
dblp-40881,crossref-20353,0
dblp-03053,crossref-24878,0
dblp-03998,crossref-13939,0
dblp-02729,crossref-26301,0
dblp-33627,crossref-17863,1
dblp-25503,crossref-43093,1
dblp-21091,crossref-15573,1
dblp-20198,crossref-09194,1
dblp-12284,crossref-03776,0
dblp-10157,crossref-10701,0
dblp-60511,crossref-16564,0
dblp-57444,crossref-24445,0
dblp-26142,crossref-50335,0
dblp-14905,crossref-01084,1
dblp-35495,crossref-37878,0
dblp-59980,crossref-37046,0
dblp-21744,crossref-49505,0
dblp-49543,crossref-06316,0
dblp-38027,crossref-01716,0
dblp-56166,crossref-33532,0
dblp-56324,crossref-45698,0
dblp-53962,crossref-24060,0
dblp-50532,crossref-58737,1
dblp-44030,crossref-37668,0
dblp-31549,crossref-05124,0
dblp-47906,crossref-18837,1
dblp-30387,crossref-11855,0
dblp-43449,crossref-53880,1
dblp-39550,crossref-23320,0
dblp-35152,crossref-48582,0
dblp-55186,crossref-04159,0
dblp-08467,crossref-05053,0
dblp-13011,crossref-53770,0
dblp-08759,crossref-29174,1
dblp-37042,crossref-24937,0
dblp-60463,crossref-59527,0
dblp-10509,crossref-03490,1
dblp-33624,crossref-22526,0
dblp-52110,crossref-50287,0
dblp-50572,crossref-60486,0
dblp-55801,crossref-25334,0
dblp-48487,crossref-05545,0
dblp-56780,crossref-37111,1
dblp-16583,crossref-13424,0
dblp-18111,crossref-34162,0
dblp-21124,crossref-26351,0
dblp-50770,crossref-41354,0
dblp-49491,crossref-00750,0
dblp-57875,crossref-34182,1
dblp-37549,crossref-49526,0
dblp-24178,crossref-32516,0
dblp-26908,crossref-60143,0
dblp-14278,crossref-59007,0
dblp-14324,crossref-38948,0
dblp-47172,crossref-09401,0
dblp-26133,crossref-19926,0
dblp-44903,crossref-18018,0
dblp-23722,crossref-24597,0
dblp-39550,crossref-00439,0
dblp-22472,crossref-52467,0
dblp-04287,crossref-33404,0
dblp-29638,crossref-48518,0
dblp-03485,crossref-40223,0
dblp-23439,crossref-52010,1
dblp-45306,crossref-13024,0
dblp-20036,crossref-40010,0
dblp-29286,crossref-54633,0
dblp-29338,crossref-47504,0
dblp-07713,crossref-03640,0
dblp-13862,crossref-38128,0
dblp-53301,crossref-01243,0
dblp-09008,crossref-15212,1
dblp-56993,crossref-50537,0
dblp-08474,crossref-55133,0
dblp-18106,crossref-37413,0
dblp-01374,crossref-29563,0
dblp-02115,crossref-31188,1
dblp-08835,crossref-39735,0
dblp-31490,crossref-03918,0
dblp-44026,crossref-12998,0
dblp-06578,crossref-00420,0
dblp-49657,crossref-57992,0
dblp-08982,crossref-15293,1
dblp-11474,crossref-48525,0
dblp-14204,crossref-59361,1
dblp-33745,crossref-57648,0
dblp-10755,crossref-19370,1
dblp-30184,crossref-50507,1
dblp-08093,crossref-56340,0
dblp-22408,crossref-16880,0
dblp-16330,crossref-10007,0
dblp-11446,crossref-45053,0
dblp-17004,crossref-12513,0
dblp-21433,crossref-01570,0
dblp-42164,crossref-14486,0
dblp-10577,crossref-39571,0
dblp-45497,crossref-01707,0
dblp-36238,crossref-32756,0
dblp-15196,crossref-41942,1
dblp-27019,crossref-02089,0
dblp-37364,crossref-56855,0
dblp-47601,crossref-46481,0
dblp-41345,crossref-53717,0
dblp-55615,crossref-33784,0
dblp-44556,crossref-44010,0
dblp-29787,crossref-33011,1
dblp-07204,crossref-27198,0
dblp-38086,crossref-24311,0
dblp-54530,crossref-04209,0
dblp-42834,crossref-00187,0
dblp-01061,crossref-35928,0
dblp-38610,crossref-53143,0
dblp-09929,crossref-20850,0
dblp-27432,crossref-16564,0
dblp-15978,crossref-20763,0
dblp-02168,crossref-31215,1
dblp-46522,crossref-22317,0
dblp-18870,crossref-25590,0
dblp-34771,crossref-58162,1
dblp-58607,crossref-43993,0
dblp-03566,crossref-38293,0
dblp-26873,crossref-21488,0
dblp-31056,crossref-47031,0
dblp-43528,crossref-19458,0
dblp-21935,crossref-35734,1
dblp-20315,crossref-12103,0
dblp-55277,crossref-48954,1
dblp-21163,crossref-03461,0
dblp-24104,crossref-32282,1
dblp-00275,crossref-43860,0
dblp-58547,crossref-37514,0
dblp-46544,crossref-51035,0
dblp-55234,crossref-04548,1
dblp-24988,crossref-18142,1
dblp-36449,crossref-42461,0
dblp-43621,crossref-32820,0
dblp-32501,crossref-01020,0
dblp-28498,crossref-04638,0
dblp-18295,crossref-05031,0
dblp-36156,crossref-46599,0
dblp-28286,crossref-55897,1
dblp-38657,crossref-31609,0
dblp-17149,crossref-17680,0
dblp-46267,crossref-31247,0
dblp-39940,crossref-01580,1
dblp-01912,crossref-37615,0
dblp-55707,crossref-11401,0
dblp-15731,crossref-35640,0
dblp-41575,crossref-42393,0
dblp-05548,crossref-26353,0
dblp-54308,crossref-27196,0
dblp-22853,crossref-19152,0
dblp-37127,crossref-03341,0
dblp-03172,crossref-39640,0
dblp-41354,crossref-18016,1
dblp-38363,crossref-54423,0
dblp-48560,crossref-18116,0
dblp-23095,crossref-19144,1
dblp-49373,crossref-28015,0
dblp-47422,crossref-07417,0
dblp-43696,crossref-00600,0
dblp-44389,crossref-55637,0
dblp-33118,crossref-39026,0
dblp-38457,crossref-54265,0
dblp-47157,crossref-49974,0
dblp-06357,crossref-32516,0
dblp-34432,crossref-18649,0
dblp-33389,crossref-43199,0
dblp-38340,crossref-27221,0
dblp-01768,crossref-45650,1
dblp-05822,crossref-10102,0
dblp-47382,crossref-59792,0
dblp-37093,crossref-10734,0
dblp-57292,crossref-24105,0
dblp-19469,crossref-20406,1
dblp-56831,crossref-37722,1
dblp-54001,crossref-54578,0
dblp-42640,crossref-55673,0
dblp-23632,crossref-10021,0
dblp-08360,crossref-35770,0
dblp-57826,crossref-57991,1
dblp-42463,crossref-60649,0
dblp-59519,crossref-28337,0
dblp-54998,crossref-12347,0
dblp-06521,crossref-10781,0
dblp-31713,crossref-52422,1
dblp-21893,crossref-51434,1
dblp-41816,crossref-48797,1
dblp-41355,crossref-25330,0
dblp-44126,crossref-16314,0
dblp-34966,crossref-41795,0
dblp-14007,crossref-58580,0
dblp-10063,crossref-30057,0
dblp-55931,crossref-25485,0
dblp-41413,crossref-47123,1
dblp-47297,crossref-35607,0
dblp-38667,crossref-31060,0
dblp-50504,crossref-39366,0
dblp-48370,crossref-42157,0
dblp-24693,crossref-19777,0
dblp-56787,crossref-53430,0
dblp-10113,crossref-05464,0
dblp-34508,crossref-23828,1
dblp-22985,crossref-03755,0
dblp-45956,crossref-32405,0
dblp-37225,crossref-05816,1
dblp-04308,crossref-28156,0
dblp-05567,crossref-04672,1
dblp-18192,crossref-42253,0
dblp-39773,crossref-14034,0
dblp-06814,crossref-11799,0
dblp-16088,crossref-46753,0
dblp-33336,crossref-38999,0
dblp-22022,crossref-27833,0
dblp-11711,crossref-54530,1
dblp-49579,crossref-16996,0
dblp-03662,crossref-39016,0
dblp-02359,crossref-25486,1
dblp-46608,crossref-52129,0
dblp-45195,crossref-58096,0
dblp-13191,crossref-29784,1
dblp-15699,crossref-39746,0
dblp-01682,crossref-06453,0
dblp-13658,crossref-26353,0
dblp-03721,crossref-26893,1
dblp-53911,crossref-28070,1
dblp-42502,crossref-37184,0
dblp-44270,crossref-02774,0
dblp-56263,crossref-09965,0
dblp-29564,crossref-18783,1
dblp-06832,crossref-20450,1
dblp-44858,crossref-33667,0
dblp-25137,crossref-58170,1
dblp-46017,crossref-38510,0
dblp-14979,crossref-02715,0
dblp-34226,crossref-51268,1
dblp-08189,crossref-25670,1
dblp-20319,crossref-18796,1
dblp-19967,crossref-20237,0
dblp-13126,crossref-14949,1
dblp-46495,crossref-23109,1
dblp-42704,crossref-59603,0
dblp-47773,crossref-48962,0
dblp-53958,crossref-08726,0
dblp-30837,crossref-12313,0
dblp-41806,crossref-43779,0
dblp-58732,crossref-02267,0
dblp-14546,crossref-48624,0
dblp-07826,crossref-04060,0
dblp-31108,crossref-27994,1
dblp-25962,crossref-10664,0
dblp-34479,crossref-18776,0
dblp-29923,crossref-24388,1
dblp-26904,crossref-04504,0
dblp-06536,crossref-24320,0
dblp-14832,crossref-40601,1
dblp-00646,crossref-43215,0
dblp-22225,crossref-56061,0
dblp-14240,crossref-46392,0
dblp-00316,crossref-14524,0
dblp-49091,crossref-09356,0
dblp-02151,crossref-48841,0
dblp-52727,crossref-12796,1
dblp-38208,crossref-55443,0
dblp-22178,crossref-07136,0
dblp-25863,crossref-19253,0
dblp-38133,crossref-18507,0
dblp-12740,crossref-57378,0
dblp-50035,crossref-30548,0
dblp-46595,crossref-36516,0
dblp-12084,crossref-27193,0
dblp-31328,crossref-06669,0
dblp-45624,crossref-27397,0
dblp-14125,crossref-49255,0
dblp-04094,crossref-57572,1
dblp-34042,crossref-38846,1
dblp-12592,crossref-31572,0
dblp-57442,crossref-28233,0
dblp-17191,crossref-42741,0
dblp-07528,crossref-33780,0
dblp-43265,crossref-48800,0
dblp-41538,crossref-16872,0
dblp-12951,crossref-18183,0
dblp-36312,crossref-11497,0
dblp-19143,crossref-16381,1
dblp-49923,crossref-00829,1
dblp-41951,crossref-03035,0
dblp-18295,crossref-22596,0
dblp-17324,crossref-27092,0
dblp-02556,crossref-39072,0
dblp-29156,crossref-45366,0
dblp-16866,crossref-13215,0
dblp-30440,crossref-15539,0
dblp-16325,crossref-01697,0
dblp-37385,crossref-51337,0
dblp-46071,crossref-23517,1
dblp-30081,crossref-54905,0
dblp-46461,crossref-33973,0
dblp-08214,crossref-33509,0
dblp-18921,crossref-29251,0
dblp-33647,crossref-03198,0
dblp-24710,crossref-49511,1
dblp-34050,crossref-13589,0
dblp-49959,crossref-47572,0
dblp-43104,crossref-11293,0
dblp-43127,crossref-12662,0
dblp-31172,crossref-56589,0
dblp-12163,crossref-50094,0
dblp-52587,crossref-07307,0
dblp-54948,crossref-43457,0
dblp-51985,crossref-59819,1
dblp-11487,crossref-51381,1
dblp-29085,crossref-10373,1
dblp-59552,crossref-43090,0
dblp-17421,crossref-06972,1
dblp-13244,crossref-17121,1
dblp-20633,crossref-60004,1
dblp-06675,crossref-56106,1
dblp-24963,crossref-43505,1
dblp-22018,crossref-44339,0
dblp-45120,crossref-53571,0
dblp-56013,crossref-27933,1
dblp-45389,crossref-47100,0
dblp-25490,crossref-38904,1
dblp-54227,crossref-08430,0
dblp-46610,crossref-25919,0
dblp-29708,crossref-20082,0
dblp-42162,crossref-02051,0
dblp-57311,crossref-12543,0
dblp-05163,crossref-57032,0
dblp-41575,crossref-43087,1
dblp-35633,crossref-44016,0
dblp-05500,crossref-02401,0
dblp-52361,crossref-50994,0
dblp-43430,crossref-24975,0
dblp-20040,crossref-46821,0
dblp-25290,crossref-25205,1
dblp-56712,crossref-27980,0
dblp-28414,crossref-47392,0
dblp-15925,crossref-28974,0
dblp-06813,crossref-24689,0
dblp-45786,crossref-10239,0
dblp-00196,crossref-10486,0
dblp-46116,crossref-52817,0
dblp-56617,crossref-34991,0
dblp-29568,crossref-13939,0
dblp-22975,crossref-49209,0
dblp-17813,crossref-20036,0
dblp-03703,crossref-26717,0
dblp-12339,crossref-00008,1
dblp-17856,crossref-41051,0
dblp-00613,crossref-32042,0
dblp-56735,crossref-20231,1
dblp-11290,crossref-01323,0
dblp-26922,crossref-42744,0
dblp-04635,crossref-54403,0
dblp-52436,crossref-39621,0
dblp-38093,crossref-34499,0
dblp-40478,crossref-12255,0
dblp-28459,crossref-23133,0
dblp-25861,crossref-37923,1
dblp-26760,crossref-58422,1
dblp-00098,crossref-14164,0
dblp-51174,crossref-16610,0
dblp-45208,crossref-27538,0
dblp-21318,crossref-00218,1
dblp-10175,crossref-02071,0
dblp-00059,crossref-52769,0
dblp-47890,crossref-15962,1
dblp-24809,crossref-28243,0
dblp-40938,crossref-47654,1
dblp-13290,crossref-05657,1
dblp-56457,crossref-16273,1
dblp-56075,crossref-33600,0
dblp-55786,crossref-39980,1
dblp-16734,crossref-00383,0
dblp-45834,crossref-18153,0
dblp-35379,crossref-36294,0
dblp-55448,crossref-20415,0
dblp-13616,crossref-23779,0
dblp-42275,crossref-02265,0
dblp-42976,crossref-16287,1
dblp-08178,crossref-13868,1
dblp-36629,crossref-45034,0
dblp-07376,crossref-12894,0
dblp-28498,crossref-06733,1
dblp-13692,crossref-15394,0
dblp-45133,crossref-13259,0
dblp-19634,crossref-33061,0
dblp-43674,crossref-25897,0
dblp-06892,crossref-34657,1
dblp-52547,crossref-20297,0
dblp-14406,crossref-07301,1
dblp-34073,crossref-17664,0
dblp-35855,crossref-18829,0
dblp-02752,crossref-05337,1
dblp-19940,crossref-09802,0
dblp-08684,crossref-10509,0
dblp-54946,crossref-05572,0
dblp-09202,crossref-53907,0
dblp-54080,crossref-26223,0
dblp-23885,crossref-30434,1
dblp-20580,crossref-52214,1
dblp-09970,crossref-55272,0
dblp-24384,crossref-54984,0
dblp-30904,crossref-12001,0
dblp-47428,crossref-59454,0
dblp-15387,crossref-54788,0
dblp-22603,crossref-17446,0
dblp-08885,crossref-57290,1
dblp-27863,crossref-27963,0
dblp-59228,crossref-24497,0
dblp-10314,crossref-13835,0
dblp-21543,crossref-58160,0
dblp-18123,crossref-23181,1
dblp-11433,crossref-51519,0
dblp-07757,crossref-10427,0
dblp-31154,crossref-28034,0
dblp-18248,crossref-27396,1
dblp-29740,crossref-04706,0
dblp-20088,crossref-26929,0
dblp-48283,crossref-23368,0
dblp-12824,crossref-20735,1
dblp-45548,crossref-44761,0
dblp-54805,crossref-17666,0
dblp-02227,crossref-15499,0
dblp-12911,crossref-28934,1
dblp-37919,crossref-51234,0
dblp-50128,crossref-43103,1
dblp-18596,crossref-40753,0
dblp-29852,crossref-01595,0
dblp-59317,crossref-13474,0
dblp-56763,crossref-47152,0
dblp-18377,crossref-00332,0
dblp-42202,crossref-06724,0
dblp-00609,crossref-52047,0
dblp-50706,crossref-41355,0
dblp-14886,crossref-42118,1
dblp-38858,crossref-32168,0
dblp-20763,crossref-46848,1
dblp-26359,crossref-10064,0
dblp-55624,crossref-20847,1
dblp-28859,crossref-01451,0
dblp-18200,crossref-22956,0
dblp-44718,crossref-17289,1
dblp-58166,crossref-54981,0
dblp-21641,crossref-11429,0
dblp-37839,crossref-42313,0
dblp-24429,crossref-26491,0
dblp-47426,crossref-30706,0
dblp-38702,crossref-30721,0
dblp-04183,crossref-27493,0
dblp-42559,crossref-12531,0
dblp-02797,crossref-16022,0
dblp-41116,crossref-53422,0
dblp-57998,crossref-02807,0
dblp-30895,crossref-14902,0
dblp-56378,crossref-39448,0
dblp-29042,crossref-22507,0
dblp-08451,crossref-15888,0
dblp-06128,crossref-25323,0
dblp-32601,crossref-27072,0
dblp-15058,crossref-17176,0
dblp-06824,crossref-56030,0
dblp-42505,crossref-47733,0
dblp-54734,crossref-29016,0
dblp-52642,crossref-38899,1
dblp-06332,crossref-31031,0
dblp-03953,crossref-19663,0
dblp-01452,crossref-46964,0
dblp-36922,crossref-42995,1
dblp-12236,crossref-04759,0
dblp-38154,crossref-25390,1
dblp-40824,crossref-00991,0
dblp-03472,crossref-27699,0
dblp-42342,crossref-13483,0
dblp-17705,crossref-18869,0
dblp-03725,crossref-48337,1
dblp-25243,crossref-57290,0
dblp-25839,crossref-29996,0
dblp-18115,crossref-33463,0
dblp-27288,crossref-14603,0
dblp-21150,crossref-34935,1
dblp-60401,crossref-23463,0
dblp-28969,crossref-00826,0
dblp-19519,crossref-00561,0
dblp-39431,crossref-43114,0
dblp-50976,crossref-41770,1
dblp-04466,crossref-43475,0
dblp-57180,crossref-45050,0
dblp-14165,crossref-09796,0
dblp-04251,crossref-15952,0
dblp-54779,crossref-52818,0
dblp-33773,crossref-55911,1
dblp-20731,crossref-51979,0
dblp-15221,crossref-36581,1
dblp-06496,crossref-49830,0
dblp-25429,crossref-25579,1
dblp-20278,crossref-38569,0
dblp-31148,crossref-39665,0
dblp-23491,crossref-45774,1
dblp-01181,crossref-29142,0
dblp-40018,crossref-15265,0
dblp-42414,crossref-18367,0
dblp-17294,crossref-60648,0
dblp-60204,crossref-20063,0
dblp-32553,crossref-58277,0
dblp-60390,crossref-13095,0
dblp-46152,crossref-39980,0
dblp-33107,crossref-04487,0
dblp-44421,crossref-18766,0
dblp-45446,crossref-37320,0
dblp-44495,crossref-55846,0
dblp-11947,crossref-29995,0
dblp-34401,crossref-22307,0
dblp-36998,crossref-24195,0
dblp-55669,crossref-33052,0
dblp-49543,crossref-49849,0
dblp-52968,crossref-14228,0
dblp-01521,crossref-38112,0
dblp-35811,crossref-60532,0
dblp-19413,crossref-40463,0
dblp-46382,crossref-52516,1
dblp-22319,crossref-22851,0
dblp-32339,crossref-59961,0
dblp-49834,crossref-06369,0
dblp-36454,crossref-56520,0
dblp-41489,crossref-12022,0
dblp-58284,crossref-44057,0
dblp-17730,crossref-23117,0
dblp-35589,crossref-28962,1
dblp-53563,crossref-45137,0
dblp-28119,crossref-59264,0
dblp-34379,crossref-02998,0
dblp-58774,crossref-51454,0
dblp-07416,crossref-04506,0
dblp-00751,crossref-44680,0
dblp-06267,crossref-26839,0
dblp-07738,crossref-58167,0
dblp-29584,crossref-05340,0
dblp-54438,crossref-26593,0
dblp-60326,crossref-47024,0
dblp-39406,crossref-52666,0
dblp-29135,crossref-57306,0
dblp-05367,crossref-45887,1
dblp-42588,crossref-48569,0
dblp-29193,crossref-48541,0
dblp-10219,crossref-31842,0
dblp-11850,crossref-58998,0
dblp-35049,crossref-06274,0
dblp-16836,crossref-03372,0
dblp-53198,crossref-57104,0
dblp-40558,crossref-57201,0
dblp-36983,crossref-15807,0
dblp-07729,crossref-52660,1
dblp-56939,crossref-12018,0
dblp-05428,crossref-25856,0
dblp-43653,crossref-60594,0
dblp-47114,crossref-48591,1
dblp-19487,crossref-42166,0
dblp-37639,crossref-06167,0
dblp-35344,crossref-53481,0
dblp-38842,crossref-22324,1
dblp-55969,crossref-49315,1
dblp-16106,crossref-20248,0
dblp-42248,crossref-16135,1
dblp-52716,crossref-11476,0
dblp-40234,crossref-15815,0
dblp-44670,crossref-17424,1
dblp-02007,crossref-13405,0
dblp-37474,crossref-14152,1
dblp-41110,crossref-01174,0
dblp-08296,crossref-57337,0
dblp-57441,crossref-50385,1
dblp-12308,crossref-15875,0
dblp-31015,crossref-28638,0
dblp-01811,crossref-13664,0
dblp-44489,crossref-45658,0
dblp-56075,crossref-06978,0
dblp-41252,crossref-05259,0
dblp-46217,crossref-50498,0
dblp-20715,crossref-08377,0
dblp-50710,crossref-19719,0
dblp-33931,crossref-54835,0
dblp-29321,crossref-27063,0
dblp-31181,crossref-50826,1
dblp-06711,crossref-02060,0
dblp-55212,crossref-50388,1
dblp-10836,crossref-41512,0
dblp-43365,crossref-15345,0
dblp-48379,crossref-45706,0
dblp-36578,crossref-12538,1
dblp-36211,crossref-26922,0
dblp-23808,crossref-22508,0
dblp-09352,crossref-10701,0
dblp-13969,crossref-01034,0
dblp-26524,crossref-29608,0
dblp-37993,crossref-13443,0
dblp-60468,crossref-50838,0
dblp-00311,crossref-53166,0
dblp-18591,crossref-06202,1
dblp-00397,crossref-55682,1
dblp-28437,crossref-56065,0
dblp-27479,crossref-25211,0
dblp-54914,crossref-02594,0
dblp-38245,crossref-24492,0
dblp-37867,crossref-31849,0
dblp-04410,crossref-19509,0
dblp-14879,crossref-39680,0
dblp-59983,crossref-18571,0
dblp-39616,crossref-55656,1
dblp-02658,crossref-12410,0
dblp-44852,crossref-59731,0
dblp-23400,crossref-12810,1
dblp-09763,crossref-40463,0
dblp-56038,crossref-12782,0
dblp-21549,crossref-55603,1
dblp-49864,crossref-43748,0
dblp-11893,crossref-02270,0
dblp-38234,crossref-53281,0
dblp-60349,crossref-34757,0
dblp-44672,crossref-49966,1
dblp-52772,crossref-34429,1
dblp-20523,crossref-25436,0
dblp-40143,crossref-42681,0
dblp-41685,crossref-13165,0
dblp-24499,crossref-44730,0
dblp-25331,crossref-26438,0
dblp-04053,crossref-17306,0
dblp-52900,crossref-32166,0
dblp-25031,crossref-43875,1
dblp-08860,crossref-44870,0
dblp-31398,crossref-47392,0
dblp-04537,crossref-29390,0
dblp-31706,crossref-59263,0
dblp-32260,crossref-49405,0
dblp-18841,crossref-34345,1
dblp-46601,crossref-20580,0
dblp-44585,crossref-10583,1
dblp-29435,crossref-51283,0
dblp-41336,crossref-47782,0
dblp-45463,crossref-11714,0
dblp-51783,crossref-23689,0
dblp-33271,crossref-07488,0
dblp-35678,crossref-37799,0
dblp-31731,crossref-30414,1
dblp-49496,crossref-05645,0
dblp-44317,crossref-03378,0
dblp-29848,crossref-29237,0
dblp-19766,crossref-37577,0
dblp-10341,crossref-31314,0
dblp-30839,crossref-14647,0
dblp-02129,crossref-08663,0
dblp-43635,crossref-58084,0
dblp-41398,crossref-43778,1
dblp-24851,crossref-19966,0
dblp-23682,crossref-58511,0
dblp-23539,crossref-03160,1
dblp-01621,crossref-19936,0
dblp-34427,crossref-42455,0
dblp-13592,crossref-27435,0
dblp-19998,crossref-28209,0
dblp-02215,crossref-14967,1
dblp-08462,crossref-59907,0
dblp-39455,crossref-25809,1
dblp-07688,crossref-12011,1
dblp-07163,crossref-25417,1
dblp-59917,crossref-29848,0
dblp-54500,crossref-39179,0
dblp-12730,crossref-24906,0
dblp-31118,crossref-55793,0
dblp-55624,crossref-20356,0
dblp-42708,crossref-30188,0
dblp-34140,crossref-44996,0
dblp-21967,crossref-11448,0
dblp-48066,crossref-31986,0
dblp-30149,crossref-35039,1
dblp-38242,crossref-50342,0
dblp-58744,crossref-55015,0
dblp-59652,crossref-08743,0
dblp-25962,crossref-47300,0
dblp-13926,crossref-11697,0
dblp-48103,crossref-44837,0
dblp-01025,crossref-51552,0
dblp-01112,crossref-10739,0
dblp-17691,crossref-56194,0
dblp-24189,crossref-60498,0
dblp-27771,crossref-01187,1
dblp-49872,crossref-50148,0
dblp-22977,crossref-10468,0
dblp-40558,crossref-41244,0
dblp-11893,crossref-56185,0
dblp-42357,crossref-13254,0
dblp-34564,crossref-34991,0
dblp-50568,crossref-50392,0
dblp-33977,crossref-20062,0
dblp-27085,crossref-14582,1
dblp-23135,crossref-04285,1
dblp-38021,crossref-56687,0
dblp-00656,crossref-45007,0
dblp-01872,crossref-08737,1
dblp-32805,crossref-20189,0
dblp-02287,crossref-04743,1
dblp-27870,crossref-26609,1
dblp-40485,crossref-41990,0
dblp-03500,crossref-58402,0
dblp-36341,crossref-21640,1
dblp-00613,crossref-01966,0
dblp-52911,crossref-12568,0
dblp-32253,crossref-26865,0
dblp-30066,crossref-45699,0
dblp-09841,crossref-06230,0
dblp-09201,crossref-09213,0
dblp-29311,crossref-13808,0
dblp-30524,crossref-09267,0
dblp-55562,crossref-11943,1
dblp-25718,crossref-21191,0
dblp-23918,crossref-01034,0
dblp-11245,crossref-45329,0
dblp-57251,crossref-55876,0
dblp-12266,crossref-46327,0
dblp-44170,crossref-07762,0
dblp-07719,crossref-18920,0
dblp-04287,crossref-20053,1
dblp-10801,crossref-20160,1
dblp-27327,crossref-51861,1
dblp-24721,crossref-29524,0
dblp-27062,crossref-45449,0
dblp-26635,crossref-13143,0
dblp-48782,crossref-32134,1
dblp-21421,crossref-00062,1
dblp-43703,crossref-38251,1
dblp-25633,crossref-41305,0
dblp-29638,crossref-59862,0
dblp-32633,crossref-18686,1
dblp-13910,crossref-47278,0
dblp-22163,crossref-43688,1
dblp-41110,crossref-15796,0
dblp-36259,crossref-47004,0
dblp-38610,crossref-44628,0
dblp-24549,crossref-04869,1
dblp-22153,crossref-01625,0
dblp-26695,crossref-41273,0
dblp-38706,crossref-35926,0
dblp-36120,crossref-56601,0
dblp-57066,crossref-08812,1
dblp-39679,crossref-37655,0
dblp-14125,crossref-38370,1
dblp-24672,crossref-23750,1
dblp-40819,crossref-20678,1
dblp-15258,crossref-45555,0
dblp-36162,crossref-23918,1
dblp-28586,crossref-29142,1
dblp-57809,crossref-55576,1
dblp-47134,crossref-33830,0
dblp-28382,crossref-00657,0
dblp-05747,crossref-26626,0
dblp-22921,crossref-24224,1
dblp-43184,crossref-26688,0
dblp-48822,crossref-45768,1
dblp-15236,crossref-41543,0
dblp-38671,crossref-57871,0
dblp-53929,crossref-08339,1
dblp-28679,crossref-12032,0
dblp-11842,crossref-06991,0
dblp-24534,crossref-55089,0
dblp-02043,crossref-25391,0
dblp-37423,crossref-37294,1
dblp-40234,crossref-28353,1
dblp-02152,crossref-36441,0
dblp-25332,crossref-22679,0
dblp-18127,crossref-53274,0
dblp-22341,crossref-00962,0
dblp-16643,crossref-49825,0
dblp-56993,crossref-39959,0
dblp-30439,crossref-40702,1
dblp-41372,crossref-02089,0
dblp-10290,crossref-49919,0
dblp-05860,crossref-11843,0
dblp-19724,crossref-46826,0
dblp-47398,crossref-45553,0
dblp-22586,crossref-54787,1
dblp-12557,crossref-31669,0
dblp-60256,crossref-39083,1
dblp-34569,crossref-44599,0
dblp-54456,crossref-12307,1
dblp-18554,crossref-40443,0
dblp-57861,crossref-28438,1
dblp-51946,crossref-31328,0
dblp-36104,crossref-38776,0
dblp-06983,crossref-44778,0
dblp-02305,crossref-60486,0
dblp-13852,crossref-07639,1
dblp-14705,crossref-15347,0
dblp-54169,crossref-15196,0
dblp-15462,crossref-29298,0
dblp-44490,crossref-40315,1
dblp-16317,crossref-15192,0
dblp-16708,crossref-25337,1
dblp-12613,crossref-56675,0
dblp-20438,crossref-24114,1
dblp-08215,crossref-38527,0
dblp-33606,crossref-49441,1
dblp-08457,crossref-41413,1
dblp-44521,crossref-39715,0
dblp-48109,crossref-60296,0
dblp-52040,crossref-56487,0
dblp-44287,crossref-03035,0
dblp-17233,crossref-49428,0
dblp-49668,crossref-54119,1
dblp-01912,crossref-54227,0
dblp-28248,crossref-42361,1
dblp-33196,crossref-12366,0
dblp-04167,crossref-34920,0
dblp-57952,crossref-09189,0
dblp-15044,crossref-00912,0
dblp-24902,crossref-24060,0
dblp-06214,crossref-44636,0
dblp-11282,crossref-48531,0
dblp-19130,crossref-49065,1
dblp-36482,crossref-01277,0
dblp-16141,crossref-14710,0
dblp-52452,crossref-26952,0
dblp-15666,crossref-41620,0
dblp-44279,crossref-23593,0
dblp-11793,crossref-36202,0
dblp-28299,crossref-31200,0
dblp-59750,crossref-00098,1
dblp-06746,crossref-45523,1
dblp-00514,crossref-56529,0
dblp-55539,crossref-48528,1
dblp-09469,crossref-25812,1
dblp-29584,crossref-43176,0
dblp-48915,crossref-13484,0
dblp-52084,crossref-50657,0
dblp-35142,crossref-14416,0
dblp-56843,crossref-37161,0
dblp-34165,crossref-56325,0
dblp-09373,crossref-38896,0
dblp-19112,crossref-19777,0
dblp-31142,crossref-46321,0
dblp-34124,crossref-38150,0
dblp-07162,crossref-53630,0
dblp-34282,crossref-40256,1
dblp-05822,crossref-25286,0
dblp-48609,crossref-34435,0
dblp-56438,crossref-09295,0
dblp-46414,crossref-03142,1
dblp-28652,crossref-48577,1
dblp-00217,crossref-18286,0
dblp-45335,crossref-05404,0
dblp-41854,crossref-39329,1
dblp-01024,crossref-32820,0
dblp-46206,crossref-10194,1
dblp-34086,crossref-20969,1
dblp-37620,crossref-43069,0
dblp-19133,crossref-49016,0
dblp-59028,crossref-21241,0
dblp-15104,crossref-40114,0
dblp-48094,crossref-48642,1
dblp-07458,crossref-07137,0
dblp-34426,crossref-24470,0
dblp-36819,crossref-06857,0
dblp-50921,crossref-26794,0
dblp-08707,crossref-23972,0
dblp-46667,crossref-11369,0
dblp-08467,crossref-43176,0
dblp-47353,crossref-12592,1
dblp-35174,crossref-16871,0
dblp-25863,crossref-20185,0
dblp-34272,crossref-22980,1
dblp-39109,crossref-11238,1
dblp-34202,crossref-11862,1
dblp-30741,crossref-21893,1
dblp-26497,crossref-23575,0
dblp-38296,crossref-13592,0
dblp-08218,crossref-36532,1
dblp-42665,crossref-16053,0
dblp-53647,crossref-30855,0
dblp-19875,crossref-48667,1
dblp-08952,crossref-36448,1
dblp-10491,crossref-03202,0
dblp-54164,crossref-24060,0
dblp-49054,crossref-22678,0
dblp-36238,crossref-39260,0
dblp-57124,crossref-09666,0
dblp-41056,crossref-24361,0
dblp-09352,crossref-12209,1
dblp-27512,crossref-60682,0
dblp-07789,crossref-29448,1
dblp-57688,crossref-49202,0
dblp-45259,crossref-55538,1
dblp-07916,crossref-30427,0
dblp-06438,crossref-23893,1
dblp-23358,crossref-05306,0
dblp-29720,crossref-17466,1
dblp-00204,crossref-53274,1
dblp-12617,crossref-19640,0
dblp-38961,crossref-45448,1
dblp-22454,crossref-37977,0
dblp-39379,crossref-48051,0
dblp-00433,crossref-30001,1
dblp-06101,crossref-04089,0
dblp-54398,crossref-22974,0
dblp-28120,crossref-34384,0
dblp-33677,crossref-36458,0
dblp-16971,crossref-51382,0
dblp-49059,crossref-31377,0
dblp-20266,crossref-56610,0
dblp-53227,crossref-57522,0
dblp-00300,crossref-35069,0
dblp-09570,crossref-55334,0
dblp-01087,crossref-31321,1
dblp-09419,crossref-28576,0
dblp-40852,crossref-40284,0
dblp-08561,crossref-31179,0
dblp-28280,crossref-23214,0
dblp-56263,crossref-01326,0
dblp-22783,crossref-09729,1
dblp-57557,crossref-28076,0
dblp-03427,crossref-52053,0
dblp-09861,crossref-58500,0
dblp-31029,crossref-52885,0
dblp-25417,crossref-60260,0
dblp-54069,crossref-17394,0
dblp-41834,crossref-38266,0
dblp-51251,crossref-07983,0
dblp-57311,crossref-36449,0
dblp-40956,crossref-59196,0
dblp-43735,crossref-31155,1
dblp-43504,crossref-39380,1
dblp-08727,crossref-60535,0
dblp-60033,crossref-58706,1
dblp-19261,crossref-53429,0
dblp-23682,crossref-21588,0
dblp-28048,crossref-22264,1
dblp-38369,crossref-53440,0
dblp-09207,crossref-41359,0
dblp-11375,crossref-11589,0
dblp-16677,crossref-49206,0
dblp-18696,crossref-45258,1
dblp-45110,crossref-37238,1
dblp-14942,crossref-20735,0
dblp-21110,crossref-18334,1
dblp-01418,crossref-47265,1
dblp-42392,crossref-15355,0
dblp-27619,crossref-32134,0
dblp-50804,crossref-08670,0
dblp-19811,crossref-49039,0
dblp-44065,crossref-57754,1
dblp-09502,crossref-09787,0
dblp-48362,crossref-28839,0
dblp-41413,crossref-18896,0
dblp-23920,crossref-29156,0
dblp-51847,crossref-05373,0
dblp-33072,crossref-36308,0
dblp-31101,crossref-16106,0
dblp-47213,crossref-16026,0
dblp-39677,crossref-54381,0
dblp-59316,crossref-41908,1
dblp-09129,crossref-54198,0
dblp-32525,crossref-29156,0
dblp-39381,crossref-45077,0
dblp-03742,crossref-38261,0
dblp-07420,crossref-51858,0
dblp-49471,crossref-54349,0
dblp-32855,crossref-24999,0
dblp-29468,crossref-49212,0
dblp-05564,crossref-49639,0
dblp-03139,crossref-05426,1
dblp-25768,crossref-03200,0
dblp-18986,crossref-30567,0
dblp-42263,crossref-18014,1
dblp-04024,crossref-21487,0
dblp-31840,crossref-14015,0
dblp-37286,crossref-48619,1
dblp-52589,crossref-54002,1
dblp-30913,crossref-44556,1
dblp-42076,crossref-59906,0
dblp-12110,crossref-02687,0
dblp-24425,crossref-32901,0
dblp-13524,crossref-01033,1
dblp-51023,crossref-42612,0
dblp-39957,crossref-28421,0
dblp-09698,crossref-32571,1
dblp-04768,crossref-44015,0
dblp-46411,crossref-16897,0
dblp-40869,crossref-11509,1
dblp-53877,crossref-03253,1
dblp-33720,crossref-59501,1
dblp-39604,crossref-51045,1
dblp-39246,crossref-19752,1
dblp-12096,crossref-59939,0
dblp-12535,crossref-12302,0
dblp-10407,crossref-03806,0
dblp-17222,crossref-29634,1
dblp-06812,crossref-43069,0
dblp-52110,crossref-53630,0
dblp-43969,crossref-54329,1
dblp-60498,crossref-13094,0
dblp-08442,crossref-19500,1
dblp-05824,crossref-44404,0
dblp-54946,crossref-38656,0
dblp-24337,crossref-30606,0
dblp-52779,crossref-17909,1
dblp-54957,crossref-00452,0
dblp-55985,crossref-53697,0
dblp-35779,crossref-14979,0
dblp-37331,crossref-17873,1
dblp-08296,crossref-34382,0
dblp-17664,crossref-36194,1
dblp-60499,crossref-03500,0
dblp-50920,crossref-47349,0
dblp-13290,crossref-15602,0
dblp-05613,crossref-41510,0
dblp-35555,crossref-41257,0
dblp-29285,crossref-06353,1
dblp-22140,crossref-42313,0
dblp-19400,crossref-44233,0
dblp-56152,crossref-04161,0
dblp-45792,crossref-57610,1
dblp-04020,crossref-09519,0
dblp-43026,crossref-22961,0
dblp-36396,crossref-13175,0
dblp-25072,crossref-14994,0
dblp-22654,crossref-06329,0
dblp-15242,crossref-57812,1
dblp-00693,crossref-42850,0
dblp-08100,crossref-07541,0
dblp-20973,crossref-36563,0
dblp-47079,crossref-06532,1
dblp-13361,crossref-05672,1
dblp-09978,crossref-35526,0
dblp-13623,crossref-00568,0
dblp-10030,crossref-03550,0
dblp-52300,crossref-26203,0
dblp-60543,crossref-30567,0
dblp-44822,crossref-53546,0
dblp-27611,crossref-46620,0
dblp-20616,crossref-40291,0
dblp-50596,crossref-14064,1
dblp-60344,crossref-28686,1
dblp-51234,crossref-06658,0
dblp-13290,crossref-55803,0
dblp-01340,crossref-16080,0
dblp-01394,crossref-29555,0
dblp-31172,crossref-53424,1
dblp-59732,crossref-53989,0
dblp-32148,crossref-03133,1
dblp-08279,crossref-01322,0
dblp-18218,crossref-16987,1
dblp-44136,crossref-09590,0
dblp-56106,crossref-20451,0
dblp-20891,crossref-22830,0
dblp-17203,crossref-18264,0
dblp-42546,crossref-58755,0
dblp-25546,crossref-48837,0
dblp-07946,crossref-29464,1
dblp-43435,crossref-13643,0
dblp-07387,crossref-29030,1
dblp-23379,crossref-42535,0
dblp-07137,crossref-02189,0
dblp-58306,crossref-22817,0
dblp-02344,crossref-25435,1
dblp-29879,crossref-00454,1
dblp-01085,crossref-10399,0
dblp-16451,crossref-27305,1
dblp-24478,crossref-06384,0
dblp-18224,crossref-27344,1
dblp-20230,crossref-13342,0
dblp-16561,crossref-33281,0
dblp-16123,crossref-36078,0
dblp-51262,crossref-26541,0
dblp-35907,crossref-03034,1
dblp-48345,crossref-44400,1
dblp-06872,crossref-59048,0
dblp-41052,crossref-24198,0
dblp-56649,crossref-34144,0
dblp-43959,crossref-26939,0
dblp-53382,crossref-38315,0
dblp-39870,crossref-60264,0
dblp-30281,crossref-15033,1
dblp-04961,crossref-50180,0
dblp-40608,crossref-43235,0
dblp-20995,crossref-50002,1
dblp-21840,crossref-36866,1
dblp-34749,crossref-56553,0
dblp-14813,crossref-10710,0
dblp-35188,crossref-56741,0
dblp-24749,crossref-15763,0
dblp-39721,crossref-55713,1
dblp-13611,crossref-11878,0
dblp-09005,crossref-57378,1
dblp-12564,crossref-30014,0
dblp-58846,crossref-59189,0
dblp-38958,crossref-58445,0
dblp-18470,crossref-04238,0
dblp-26087,crossref-48402,0
dblp-39597,crossref-29704,1
dblp-50587,crossref-58721,0
dblp-18717,crossref-55414,1
dblp-00514,crossref-08505,1
dblp-48548,crossref-06249,0
dblp-07401,crossref-34935,0
dblp-40702,crossref-48923,1
dblp-60229,crossref-06053,0
dblp-01523,crossref-31373,1
dblp-47146,crossref-12093,0
dblp-49013,crossref-26133,0
dblp-09591,crossref-17016,0
dblp-20783,crossref-04737,0
dblp-42379,crossref-57796,0
dblp-35859,crossref-19272,0
dblp-54076,crossref-26846,0
dblp-48935,crossref-22004,0
dblp-31654,crossref-30327,0
dblp-54266,crossref-33531,0
dblp-22374,crossref-01383,0
dblp-22638,crossref-03168,0
dblp-58925,crossref-38825,1
dblp-11897,crossref-49299,0
dblp-21517,crossref-54588,0
dblp-26570,crossref-43247,0
dblp-56324,crossref-16414,0
dblp-52272,crossref-31757,0
dblp-05220,crossref-32380,0
dblp-21399,crossref-25055,0
dblp-54252,crossref-10471,0
dblp-08936,crossref-15345,1
dblp-49090,crossref-43366,0
dblp-30724,crossref-58135,0
dblp-56976,crossref-31378,0
dblp-18592,crossref-30590,1
dblp-20993,crossref-36793,0
dblp-12717,crossref-12387,1
dblp-02046,crossref-39965,0
dblp-15796,crossref-05053,0
dblp-23836,crossref-27581,0
dblp-58159,crossref-25560,0
dblp-02658,crossref-02002,0
dblp-27449,crossref-30643,0
dblp-21115,crossref-17083,0
dblp-28719,crossref-41990,0
dblp-05159,crossref-43206,0
dblp-57847,crossref-53176,1
dblp-43530,crossref-18511,0
dblp-02530,crossref-15430,0
dblp-52545,crossref-16596,1
dblp-17424,crossref-49704,0
dblp-19686,crossref-47730,0
dblp-18924,crossref-54541,0
dblp-23389,crossref-25258,0
dblp-04060,crossref-38370,0
dblp-03256,crossref-26749,1
dblp-52186,crossref-47277,0
dblp-32753,crossref-10855,0
dblp-40560,crossref-16328,0
dblp-15606,crossref-12608,0
dblp-31395,crossref-25893,1
dblp-08400,crossref-01879,0
dblp-29350,crossref-39014,1
dblp-40322,crossref-46869,0
dblp-28215,crossref-26260,1
dblp-17340,crossref-58352,1
dblp-40834,crossref-08211,0
dblp-31201,crossref-51207,0
dblp-59573,crossref-43648,0
dblp-21155,crossref-20817,0
dblp-49457,crossref-08585,0
dblp-42636,crossref-26428,1
dblp-33976,crossref-45553,0
dblp-10178,crossref-09739,0
dblp-29676,crossref-50410,0
dblp-34265,crossref-08276,0
dblp-56582,crossref-33067,0
dblp-23532,crossref-20139,0
dblp-02278,crossref-11997,0
dblp-25528,crossref-38618,1
dblp-27179,crossref-37610,1
dblp-30283,crossref-18862,0
dblp-47535,crossref-50953,0
dblp-16474,crossref-47803,0
dblp-10087,crossref-53581,0
dblp-11850,crossref-25083,0
dblp-57041,crossref-27880,0
dblp-12599,crossref-04626,0
dblp-49782,crossref-54571,0
dblp-54114,crossref-16439,0
dblp-26159,crossref-02847,1
dblp-03193,crossref-32987,0
dblp-56371,crossref-39969,0
dblp-59715,crossref-06279,0
dblp-29286,crossref-09709,1
dblp-18737,crossref-08373,0
dblp-23719,crossref-01904,0
dblp-46916,crossref-01326,0
dblp-41818,crossref-24737,1
dblp-57096,crossref-50469,0
dblp-35749,crossref-20428,1
dblp-01024,crossref-49698,0
dblp-19845,crossref-33671,0
dblp-46572,crossref-52885,0
dblp-51779,crossref-44061,0
dblp-32982,crossref-41048,0
dblp-42848,crossref-09640,0
dblp-56328,crossref-58525,0
dblp-06911,crossref-01788,1
dblp-57809,crossref-40347,0
dblp-43932,crossref-33412,0
dblp-09109,crossref-03445,0
dblp-57143,crossref-39668,1
dblp-41164,crossref-53140,1
dblp-31835,crossref-24307,0
dblp-37468,crossref-32511,1
dblp-18432,crossref-43457,0
dblp-30086,crossref-07449,0
dblp-01803,crossref-37238,0
dblp-45846,crossref-32502,0
dblp-32436,crossref-29466,0
dblp-11198,crossref-48036,0
dblp-00926,crossref-37402,0
dblp-10894,crossref-05980,0
dblp-46537,crossref-48207,0
dblp-40378,crossref-23602,0
dblp-21368,crossref-36054,0
dblp-35460,crossref-10249,1
dblp-48935,crossref-28726,0
dblp-45189,crossref-38430,0
dblp-41847,crossref-34967,0
dblp-14756,crossref-37639,0
dblp-30282,crossref-25336,0
dblp-21457,crossref-25524,0
dblp-39215,crossref-41005,1
dblp-18967,crossref-47131,1
dblp-58538,crossref-55665,0
dblp-31857,crossref-19499,0
dblp-36055,crossref-30528,1
dblp-10821,crossref-51108,0
dblp-52417,crossref-32841,0
dblp-38828,crossref-29973,0
dblp-37440,crossref-15612,0
dblp-18353,crossref-07678,0
dblp-09239,crossref-04466,0
dblp-15253,crossref-01853,0
dblp-11417,crossref-15961,0
dblp-18986,crossref-33963,0
dblp-07725,crossref-02375,0
dblp-23967,crossref-05093,0
dblp-44558,crossref-14589,0
dblp-21945,crossref-51308,0
dblp-13408,crossref-07541,1
dblp-54157,crossref-26820,0
dblp-39203,crossref-13204,0
dblp-37342,crossref-10266,0
dblp-32324,crossref-18763,1
dblp-59206,crossref-03615,1
dblp-20745,crossref-26004,0
dblp-46931,crossref-50623,0
dblp-35300,crossref-23748,1
dblp-21945,crossref-32447,0
dblp-53397,crossref-33533,0
dblp-31430,crossref-07573,0
dblp-32473,crossref-22421,0
dblp-38021,crossref-28642,0
dblp-22624,crossref-57351,0
dblp-25736,crossref-53689,0
dblp-55637,crossref-36644,0
dblp-28575,crossref-04052,1
dblp-15771,crossref-23294,0
dblp-18779,crossref-33424,0
dblp-37919,crossref-44094,0
dblp-12337,crossref-42387,0
dblp-46296,crossref-38542,0
dblp-57105,crossref-37800,0
dblp-38812,crossref-51607,0
dblp-30287,crossref-60516,0
dblp-01611,crossref-40452,0
dblp-03761,crossref-21458,1
dblp-01063,crossref-43868,0
dblp-11446,crossref-22305,0
dblp-16770,crossref-22381,0
dblp-02971,crossref-05152,1
dblp-24821,crossref-31060,0
dblp-52164,crossref-50077,0
dblp-25306,crossref-14172,1
dblp-30469,crossref-52818,0
dblp-45524,crossref-20494,0
dblp-21898,crossref-52508,0
dblp-31504,crossref-21567,0
dblp-40415,crossref-55371,0
dblp-37358,crossref-26615,0
dblp-13593,crossref-31482,0
dblp-24421,crossref-13721,1
dblp-33815,crossref-40615,0
dblp-34427,crossref-59957,0
dblp-51783,crossref-19844,0
dblp-40085,crossref-39455,1
dblp-30912,crossref-33904,0
dblp-04987,crossref-19651,0
dblp-31520,crossref-50114,1
dblp-53763,crossref-48931,1
dblp-35976,crossref-14725,1
dblp-13617,crossref-25340,1
dblp-32301,crossref-47331,0
dblp-31327,crossref-03286,0
dblp-39694,crossref-49974,0
dblp-32774,crossref-31564,0
dblp-09499,crossref-09832,1
dblp-42792,crossref-56695,0
dblp-35379,crossref-05377,0
dblp-45146,crossref-60449,0
dblp-34272,crossref-48083,0
dblp-14702,crossref-51651,1
dblp-10264,crossref-39402,0
dblp-09534,crossref-18049,0
dblp-00556,crossref-11301,0
dblp-23036,crossref-48181,0
dblp-06326,crossref-28154,1
dblp-46943,crossref-12695,1
dblp-40051,crossref-50094,1
dblp-27945,crossref-48971,1
dblp-31257,crossref-18712,0
dblp-54861,crossref-57448,0
dblp-35271,crossref-01441,0
dblp-17383,crossref-53389,0
dblp-12035,crossref-50052,0
dblp-37113,crossref-34093,0
dblp-39546,crossref-31975,0
dblp-42187,crossref-52287,0
dblp-43502,crossref-31496,0
dblp-11788,crossref-54572,1
dblp-57096,crossref-09936,0
dblp-38478,crossref-21661,0
dblp-42560,crossref-57073,1
dblp-49176,crossref-05999,0
dblp-48150,crossref-59007,0
dblp-23722,crossref-23805,0
dblp-25973,crossref-16307,1
dblp-33079,crossref-25238,0
dblp-38956,crossref-20498,0
dblp-27753,crossref-40261,0
dblp-32529,crossref-48628,0
dblp-35193,crossref-49467,1
dblp-03795,crossref-47203,0
dblp-19208,crossref-32571,0
dblp-41784,crossref-38479,0
dblp-45497,crossref-52303,0
dblp-47778,crossref-57575,0
dblp-56703,crossref-42265,0
dblp-28737,crossref-58059,0
dblp-14458,crossref-53046,0
dblp-05689,crossref-15617,1
dblp-23812,crossref-60439,0
dblp-03186,crossref-13872,0
dblp-35168,crossref-37542,0
dblp-46832,crossref-44723,0
dblp-36045,crossref-22533,0
dblp-22826,crossref-33459,0
dblp-11260,crossref-58876,1
dblp-38028,crossref-08710,0
dblp-51594,crossref-28588,0
dblp-13954,crossref-02991,0
dblp-01992,crossref-21764,0
dblp-26334,crossref-00651,0
dblp-44047,crossref-56852,0
dblp-00848,crossref-30179,0
dblp-15161,crossref-40482,0
dblp-24008,crossref-08771,0
dblp-30608,crossref-07362,0
dblp-18921,crossref-42083,1
dblp-23943,crossref-21753,1
dblp-14312,crossref-05659,0
dblp-47425,crossref-24628,0
dblp-28108,crossref-18952,0
dblp-18289,crossref-20030,0
dblp-13346,crossref-14391,0
dblp-09403,crossref-38645,1
dblp-26142,crossref-11117,0
dblp-56465,crossref-06300,0
dblp-33721,crossref-59385,1
dblp-09365,crossref-54786,0
dblp-46268,crossref-03488,1
dblp-39672,crossref-19834,0
dblp-01489,crossref-51330,0
dblp-02661,crossref-48786,0
dblp-02658,crossref-26837,1
dblp-15093,crossref-25126,0
dblp-46528,crossref-55976,0
dblp-49075,crossref-54503,0
dblp-37048,crossref-09128,0
dblp-03844,crossref-27776,1
dblp-40269,crossref-31188,0
dblp-13114,crossref-15019,1
dblp-41418,crossref-52162,0
dblp-38843,crossref-51558,0
dblp-00874,crossref-53485,0
dblp-41547,crossref-21370,1
dblp-24384,crossref-42651,0
dblp-55563,crossref-07944,0
dblp-28586,crossref-49618,0
dblp-08735,crossref-32621,0
dblp-46588,crossref-08041,1
dblp-31353,crossref-09800,0
dblp-34050,crossref-47941,1
dblp-27834,crossref-18751,0
dblp-38350,crossref-41351,1
dblp-55834,crossref-47996,0
dblp-56005,crossref-31166,0
dblp-24026,crossref-48269,0
dblp-58036,crossref-11420,1
dblp-53258,crossref-11080,0
dblp-24392,crossref-20685,0
dblp-25131,crossref-15209,0
dblp-37828,crossref-30814,0
dblp-03504,crossref-43996,0
dblp-21227,crossref-12247,1
dblp-15462,crossref-28791,0
dblp-41341,crossref-16152,0
dblp-03758,crossref-36031,0
dblp-07785,crossref-22605,0
dblp-51175,crossref-32785,0
dblp-55280,crossref-27014,0
dblp-24269,crossref-44023,0
dblp-13927,crossref-49313,0
dblp-04126,crossref-15940,0
dblp-16506,crossref-30267,0
dblp-05803,crossref-50063,1
dblp-12642,crossref-44468,0
dblp-25048,crossref-07827,0
dblp-29837,crossref-45868,1
dblp-37176,crossref-41447,0
dblp-35885,crossref-34955,0
dblp-14125,crossref-23366,0
dblp-26208,crossref-25387,0
dblp-28433,crossref-27536,1
dblp-54398,crossref-27695,0
dblp-06945,crossref-13037,0
dblp-13812,crossref-57503,0
dblp-11765,crossref-37655,0
dblp-27404,crossref-24896,1
dblp-08364,crossref-48324,0
dblp-54577,crossref-03162,0
dblp-34914,crossref-36195,1
dblp-05047,crossref-31068,1
dblp-40075,crossref-39698,0
dblp-48568,crossref-23056,0
dblp-43893,crossref-22577,1
dblp-57445,crossref-06508,0
dblp-24706,crossref-16384,0
dblp-00874,crossref-35242,0
dblp-41835,crossref-52758,1
dblp-42772,crossref-40827,0
dblp-26153,crossref-32338,0
dblp-05669,crossref-09330,0
dblp-03352,crossref-45022,0
dblp-15844,crossref-27225,1
dblp-37669,crossref-23601,1
dblp-49704,crossref-12614,0
dblp-19135,crossref-12971,0
dblp-15387,crossref-01029,1
dblp-09977,crossref-05099,0
dblp-41020,crossref-20680,0
dblp-54031,crossref-34018,0
dblp-50627,crossref-41607,0
dblp-60259,crossref-60315,0
dblp-01668,crossref-53166,0
dblp-36152,crossref-28303,0
dblp-08878,crossref-45729,0
dblp-08830,crossref-11114,0
dblp-56992,crossref-09081,1
dblp-14545,crossref-57434,0
dblp-45829,crossref-10341,1
dblp-21368,crossref-42977,0
dblp-01741,crossref-00310,0
dblp-23137,crossref-03031,0
dblp-25023,crossref-20826,0
dblp-39251,crossref-48301,0
dblp-34676,crossref-32612,0
dblp-46725,crossref-45200,1
dblp-32585,crossref-10249,0
dblp-37702,crossref-43570,0
dblp-01025,crossref-08925,0
dblp-46490,crossref-32270,0
dblp-20188,crossref-15692,0
dblp-52521,crossref-14074,1
dblp-00911,crossref-36754,0
dblp-12038,crossref-51776,0
dblp-45795,crossref-24199,0
dblp-11446,crossref-28676,0
dblp-24132,crossref-01534,0
dblp-50432,crossref-32041,0
dblp-46968,crossref-01730,0
dblp-07842,crossref-15315,0
dblp-26653,crossref-59950,0
dblp-58392,crossref-42154,0
dblp-42683,crossref-48149,0
dblp-33029,crossref-01611,1
dblp-27510,crossref-37119,0
dblp-37101,crossref-46961,0
dblp-23794,crossref-55013,0
dblp-13260,crossref-35099,0
dblp-15178,crossref-59552,0
dblp-39195,crossref-00059,0
dblp-57689,crossref-07128,0
dblp-20770,crossref-08602,0
dblp-49542,crossref-54700,0
dblp-26409,crossref-42627,0
dblp-48620,crossref-07539,0
dblp-46115,crossref-56529,0
dblp-43687,crossref-52482,0
dblp-16210,crossref-59174,1
dblp-21735,crossref-56102,0
dblp-30442,crossref-56674,0
dblp-40295,crossref-53560,0
dblp-07409,crossref-34705,0
dblp-43787,crossref-56910,0
dblp-11114,crossref-50023,0
dblp-07600,crossref-57633,1
dblp-08455,crossref-42999,0
dblp-07998,crossref-15403,1
dblp-07650,crossref-49970,0
dblp-19287,crossref-55306,1
dblp-21805,crossref-36012,0
dblp-58048,crossref-05915,0
dblp-49920,crossref-32686,0
dblp-14660,crossref-28847,0
dblp-29683,crossref-12545,1
dblp-47285,crossref-11328,0
dblp-51391,crossref-60152,0
dblp-41877,crossref-21394,0
dblp-45032,crossref-59376,0
dblp-35730,crossref-15444,0
dblp-28168,crossref-13589,0
dblp-28318,crossref-48798,0
dblp-08000,crossref-52047,0
dblp-43932,crossref-50455,0
dblp-05652,crossref-47656,0
dblp-40822,crossref-44102,0
dblp-01985,crossref-11890,1
dblp-03552,crossref-10476,0
dblp-39122,crossref-28778,0
dblp-49091,crossref-59092,0
dblp-01972,crossref-45943,0
dblp-30904,crossref-40855,0
dblp-39117,crossref-34666,0
dblp-32532,crossref-48977,0
dblp-27866,crossref-25902,0
dblp-24823,crossref-19117,0
dblp-02029,crossref-33963,0
dblp-02569,crossref-15569,0
dblp-16316,crossref-15871,1
dblp-09177,crossref-57306,1
dblp-13024,crossref-23073,0
dblp-16197,crossref-44607,1
dblp-57781,crossref-33180,0
dblp-51358,crossref-52494,1
dblp-29879,crossref-33812,0
dblp-19039,crossref-43750,1
dblp-38841,crossref-07479,0
dblp-46245,crossref-17403,0
dblp-13551,crossref-24569,0
dblp-14819,crossref-20361,0
dblp-50932,crossref-51557,0
dblp-01856,crossref-28322,0
dblp-13157,crossref-18766,0
dblp-33381,crossref-06676,1
dblp-08613,crossref-41494,1
dblp-43680,crossref-43189,0
dblp-57230,crossref-26051,0
dblp-48346,crossref-09349,0
dblp-24841,crossref-18679,0
