id1,id2,source_1,source_2,score,in_gold,in_human,in_ditto,decision_path
discogs_100,lastFM_54,discogs,lastfm,0.9739654660224915,False,False,True,plm_check_confident_pos
discogs_10032,lastFM_4937,discogs,lastfm,0.9556887745857239,False,True,True,agreement
discogs_100710,lastFM_45684,discogs,lastfm,0.9732123613357544,False,False,True,plm_check_confident_pos
discogs_100710,lastFM_48615,discogs,lastfm,0.9741210341453552,False,True,True,agreement
discogs_101,lastFM_55,discogs,lastfm,0.9751235842704773,False,True,True,agreement
discogs_10116,lastFM_4976,discogs,lastfm,0.9750096797943115,False,True,True,agreement
discogs_101416,lastFM_15895,discogs,lastfm,0.7251248359680176,False,True,True,agreement
discogs_10148,lastFM_28771,discogs,lastfm,0.7099815607070923,False,False,True,plm_check_confident_pos
discogs_101500,lastFM_46027,discogs,lastfm,0.9749944806098938,False,True,True,agreement
discogs_101523,lastFM_5913,discogs,lastfm,0.9524611234664917,False,False,True,plm_check_confident_pos
discogs_10155,lastFM_4990,discogs,lastfm,0.9535041451454163,False,True,True,agreement
discogs_101845,lastFM_46175,discogs,lastfm,0.9738603234291077,False,True,True,agreement
discogs_101935,lastFM_17340,discogs,lastfm,0.9050232768058777,False,True,True,agreement
discogs_101939,lastFM_23489,discogs,lastfm,0.962312638759613,False,True,True,agreement
discogs_10230,lastFM_5014,discogs,lastfm,0.9738690257072449,False,True,True,agreement
discogs_1024,lastFM_582,discogs,lastfm,0.9736696481704712,False,True,True,agreement
discogs_102508,lastFM_46450,discogs,lastfm,0.9747757315635681,False,False,True,plm_check_confident_pos
discogs_102511,lastFM_15895,discogs,lastfm,0.7327882647514343,False,False,True,plm_check_confident_pos
discogs_10272,lastFM_5033,discogs,lastfm,0.9671630859375,False,False,True,plm_check_confident_pos
discogs_102844,lastFM_46597,discogs,lastfm,0.9741532206535339,False,True,True,agreement
discogs_102885,lastFM_17957,discogs,lastfm,0.9409318566322327,False,False,True,plm_check_confident_pos
discogs_102885,lastFM_46620,discogs,lastfm,0.9521362781524658,False,False,True,plm_check_confident_pos
discogs_102896,lastFM_46623,discogs,lastfm,0.9747621417045593,False,True,True,agreement
discogs_10302,lastFM_5048,discogs,lastfm,0.9585959315299988,False,False,True,plm_check_confident_pos
discogs_10303,lastFM_5049,discogs,lastfm,0.9093511700630188,False,True,True,agreement
discogs_10320,lastFM_5056,discogs,lastfm,0.9618934988975525,False,False,True,plm_check_confident_pos
discogs_103256,lastFM_46774,discogs,lastfm,0.9524447917938232,False,True,True,agreement
discogs_103437,lastFM_15191,discogs,lastfm,0.7386208176612854,False,False,True,plm_check_confident_pos
discogs_103437,lastFM_43813,discogs,lastfm,0.7931776642799377,False,False,True,plm_check_confident_pos
discogs_103623,lastFM_5973,discogs,lastfm,0.8260096311569214,False,False,True,plm_check_confident_pos
discogs_10374,lastFM_5080,discogs,lastfm,0.8808094263076782,False,True,True,agreement
discogs_10378,lastFM_3877,discogs,lastfm,0.9362833499908447,False,True,True,agreement
discogs_103951,lastFM_47070,discogs,lastfm,0.9740955829620361,False,False,True,plm_check_confident_pos
discogs_103985,lastFM_47081,discogs,lastfm,0.9599063396453857,False,False,True,plm_check_confident_pos
discogs_10399,lastFM_5093,discogs,lastfm,0.975482165813446,False,True,True,agreement
discogs_10409,lastFM_5096,discogs,lastfm,0.9721643924713135,False,False,True,plm_check_confident_pos
discogs_104248,lastFM_23458,discogs,lastfm,0.6598523855209351,False,False,True,plm_check_llm_yes
discogs_10429,lastFM_5105,discogs,lastfm,0.9737449288368225,False,True,True,agreement
discogs_104349,lastFM_47212,discogs,lastfm,0.9735695123672485,False,True,True,agreement
discogs_104360,lastFM_47216,discogs,lastfm,0.9230697751045227,False,False,True,plm_check_confident_pos
discogs_104396,lastFM_37496,discogs,lastfm,0.9419025778770447,False,False,True,plm_check_confident_pos
discogs_104396,lastFM_38732,discogs,lastfm,0.9414926171302795,False,False,True,plm_check_confident_pos
discogs_104396,lastFM_38926,discogs,lastfm,0.9746415019035339,False,False,True,plm_check_confident_pos
discogs_104396,lastFM_64418,discogs,lastfm,0.936684787273407,False,False,True,plm_check_confident_pos
discogs_104500,lastFM_47274,discogs,lastfm,0.9734988212585449,False,True,True,agreement
discogs_10480,lastFM_5124,discogs,lastfm,0.9725015759468079,False,True,True,agreement
discogs_104874,lastFM_69002,discogs,lastfm,0.9736942648887634,False,False,True,plm_check_confident_pos
discogs_10495,lastFM_5131,discogs,lastfm,0.9746502637863159,False,True,True,agreement
discogs_10509,lastFM_13776,discogs,lastfm,0.9408807754516602,False,False,True,plm_check_confident_pos
discogs_10509,lastFM_473,discogs,lastfm,0.9576834440231323,False,True,True,agreement
discogs_10509,lastFM_82759,discogs,lastfm,0.9735833406448364,False,False,True,plm_check_confident_pos
discogs_10509,lastFM_9718,discogs,lastfm,0.9301849603652954,False,False,True,plm_check_confident_pos
discogs_105142,lastFM_2023,discogs,lastfm,0.9173808693885803,False,False,True,plm_check_confident_pos
discogs_105195,lastFM_47544,discogs,lastfm,0.9748812913894653,False,True,True,agreement
discogs_105227,lastFM_14312,discogs,lastfm,0.956394612789154,False,False,True,plm_check_confident_pos
discogs_105227,lastFM_6375,discogs,lastfm,0.9036533832550049,False,False,True,plm_check_confident_pos
discogs_105473,lastFM_47671,discogs,lastfm,0.96523118019104,False,False,True,plm_check_confident_pos
discogs_105476,lastFM_47673,discogs,lastfm,0.48848167061805725,False,True,False,plm_check_llm_yes
discogs_105490,lastFM_18483,discogs,lastfm,0.9581626057624817,False,False,True,plm_check_confident_pos
discogs_105809,lastFM_46623,discogs,lastfm,0.9739688038825989,False,False,True,plm_check_confident_pos
discogs_10583,lastFM_5175,discogs,lastfm,0.9577397704124451,False,True,True,agreement
discogs_10599,lastFM_5182,discogs,lastfm,0.9736403822898865,False,True,True,agreement
discogs_106147,lastFM_54080,discogs,lastfm,0.9738380908966064,False,True,True,agreement
discogs_106317,lastFM_26814,discogs,lastfm,0.7585847973823547,False,False,True,plm_check_confident_pos
discogs_106477,lastFM_48068,discogs,lastfm,0.9732550382614136,False,True,True,agreement
discogs_106593,lastFM_8668,discogs,lastfm,0.9729406833648682,False,True,True,agreement
discogs_10662,lastFM_11647,discogs,lastfm,0.8265162110328674,False,False,True,plm_check_confident_pos
discogs_10662,lastFM_5211,discogs,lastfm,0.9742968082427979,False,True,True,agreement
discogs_106628,lastFM_48131,discogs,lastfm,0.9652122855186462,False,False,True,plm_check_confident_pos
discogs_106826,lastFM_48131,discogs,lastfm,0.9455865025520325,False,False,True,plm_check_confident_pos
discogs_1070,lastFM_604,discogs,lastfm,0.9742608666419983,False,True,True,agreement
discogs_107021,lastFM_48287,discogs,lastfm,0.9669354557991028,False,True,True,agreement
discogs_107082,lastFM_14564,discogs,lastfm,0.963913083076477,False,False,True,plm_check_confident_pos
discogs_10728,lastFM_5240,discogs,lastfm,0.9635767340660095,False,True,True,agreement
discogs_107322,lastFM_48429,discogs,lastfm,0.9657897353172302,False,True,True,agreement
discogs_10748,lastFM_5249,discogs,lastfm,0.9741839170455933,False,True,True,agreement
discogs_107501,lastFM_48496,discogs,lastfm,0.9643490314483643,False,True,True,agreement
discogs_107548,lastFM_48519,discogs,lastfm,0.9400169849395752,False,True,True,agreement
discogs_108,lastFM_59,discogs,lastfm,0.9754781723022461,False,True,True,agreement
discogs_10804,lastFM_5278,discogs,lastfm,0.8425005078315735,False,True,True,agreement
discogs_108439,lastFM_48868,discogs,lastfm,0.8694367408752441,False,True,True,agreement
discogs_10850,lastFM_27337,discogs,lastfm,0.8139876127243042,False,True,True,agreement
discogs_108529,lastFM_48900,discogs,lastfm,0.9735068082809448,False,True,True,agreement
discogs_108586,lastFM_48919,discogs,lastfm,0.9746652841567993,False,True,True,agreement
discogs_10874,lastFM_5310,discogs,lastfm,0.959971010684967,False,True,True,agreement
discogs_109113,lastFM_48581,discogs,lastfm,0.9474536776542664,False,True,True,agreement
discogs_109190,lastFM_49162,discogs,lastfm,0.9726834893226624,False,True,True,agreement
discogs_109496,lastFM_17399,discogs,lastfm,0.8913031220436096,False,False,True,plm_check_confident_pos
discogs_10965,lastFM_5358,discogs,lastfm,0.9192347526550293,False,True,True,agreement
discogs_10975,lastFM_5362,discogs,lastfm,0.9665346145629883,False,True,True,agreement
discogs_10982,lastFM_5365,discogs,lastfm,0.9030420780181885,False,True,True,agreement
discogs_109972,lastFM_49493,discogs,lastfm,0.975406289100647,False,True,True,agreement
discogs_11001,lastFM_5371,discogs,lastfm,0.9356590509414673,False,True,True,agreement
discogs_1101,lastFM_622,discogs,lastfm,0.9707207083702087,False,False,True,plm_check_confident_pos
discogs_110126,lastFM_49563,discogs,lastfm,0.9741002917289734,False,False,True,plm_check_confident_pos
discogs_110142,lastFM_49570,discogs,lastfm,0.870991051197052,False,True,True,agreement
discogs_110472,lastFM_40948,discogs,lastfm,0.974297285079956,False,False,True,plm_check_confident_pos
discogs_1105,lastFM_171,discogs,lastfm,0.6222445368766785,False,False,True,plm_check_llm_yes
discogs_11054,lastFM_142,discogs,lastfm,0.9613571166992188,False,False,True,plm_check_confident_pos
discogs_11055,lastFM_5395,discogs,lastfm,0.9755411148071289,False,True,True,agreement
discogs_110794,lastFM_3745,discogs,lastfm,0.8763169646263123,False,False,True,plm_check_confident_pos
discogs_110803,lastFM_49832,discogs,lastfm,0.958102285861969,False,True,True,agreement
discogs_110986,lastFM_49910,discogs,lastfm,0.9741905927658081,False,False,True,plm_check_confident_pos
discogs_111,lastFM_62,discogs,lastfm,0.9498463869094849,False,True,True,agreement
discogs_1110,lastFM_626,discogs,lastfm,0.9630863070487976,False,True,True,agreement
discogs_111015,lastFM_49922,discogs,lastfm,0.9754042029380798,False,True,True,agreement
discogs_111015,lastFM_49923,discogs,lastfm,0.6026709079742432,False,False,True,plm_check_llm_yes
discogs_111021,lastFM_72861,discogs,lastfm,0.9743900895118713,False,False,True,plm_check_confident_pos
discogs_111021,lastFM_79640,discogs,lastfm,0.9260069727897644,False,True,True,agreement
discogs_11105,lastFM_5419,discogs,lastfm,0.9663863778114319,False,True,True,agreement
discogs_111226,lastFM_53597,discogs,lastfm,0.9746315479278564,False,False,True,plm_check_confident_pos
discogs_111414,lastFM_1297,discogs,lastfm,0.908436119556427,False,False,True,plm_check_confident_pos
discogs_111414,lastFM_22364,discogs,lastfm,0.9056423306465149,False,False,True,plm_check_confident_pos
discogs_111414,lastFM_32352,discogs,lastfm,0.8767036199569702,False,False,True,plm_check_confident_pos
discogs_111414,lastFM_35747,discogs,lastfm,0.9055508375167847,False,False,True,plm_check_confident_pos
discogs_111414,lastFM_36675,discogs,lastfm,0.8834160566329956,False,False,True,plm_check_confident_pos
discogs_111460,lastFM_50106,discogs,lastfm,0.9746001958847046,False,True,True,agreement
discogs_111489,lastFM_50123,discogs,lastfm,0.9728361964225769,False,True,True,agreement
discogs_11149,lastFM_5444,discogs,lastfm,0.9754683971405029,False,True,True,agreement
discogs_111609,lastFM_8830,discogs,lastfm,0.9665703773498535,False,False,True,plm_check_confident_pos
discogs_1117,lastFM_629,discogs,lastfm,0.9740362763404846,False,True,True,agreement
discogs_111787,lastFM_50250,discogs,lastfm,0.9738057255744934,False,True,True,agreement
discogs_111897,lastFM_50291,discogs,lastfm,0.9749038815498352,False,True,True,agreement
discogs_111908,lastFM_50296,discogs,lastfm,0.9381616711616516,False,False,True,plm_check_confident_pos
discogs_111963,lastFM_50314,discogs,lastfm,0.973686695098877,False,False,True,plm_check_confident_pos
discogs_112273,lastFM_28303,discogs,lastfm,0.8846089839935303,False,True,True,agreement
discogs_112334,lastFM_50466,discogs,lastfm,0.9655237197875977,False,True,True,agreement
discogs_112354,lastFM_50474,discogs,lastfm,0.9743576049804688,False,True,True,agreement
discogs_11237,lastFM_27490,discogs,lastfm,0.9092559218406677,False,False,True,plm_check_confident_pos
discogs_112649,lastFM_50594,discogs,lastfm,0.9690489172935486,False,True,True,agreement
discogs_11274,lastFM_3551,discogs,lastfm,0.9602868556976318,False,True,True,agreement
discogs_112755,lastFM_50648,discogs,lastfm,0.9752968549728394,False,True,True,agreement
discogs_112755,lastFM_54770,discogs,lastfm,0.9580100178718567,False,False,True,plm_check_confident_pos
discogs_112755,lastFM_54773,discogs,lastfm,0.9733777046203613,False,False,True,plm_check_confident_pos
discogs_112755,lastFM_54774,discogs,lastfm,0.9612129330635071,False,False,True,plm_check_confident_pos
discogs_11311,lastFM_5517,discogs,lastfm,0.9735172986984253,False,True,True,agreement
discogs_113189,lastFM_50829,discogs,lastfm,0.9753967523574829,False,True,True,agreement
discogs_113196,lastFM_50832,discogs,lastfm,0.9734222292900085,False,True,True,agreement
discogs_113442,lastFM_50931,discogs,lastfm,0.9515035152435303,False,True,True,agreement
discogs_1135,lastFM_637,discogs,lastfm,0.9734985828399658,False,True,True,agreement
discogs_11355,lastFM_5535,discogs,lastfm,0.9746224880218506,False,True,True,agreement
discogs_11378,lastFM_5548,discogs,lastfm,0.9595741629600525,False,False,True,plm_check_confident_pos
discogs_113969,lastFM_51143,discogs,lastfm,0.9731384515762329,False,True,True,agreement
discogs_114096,lastFM_26303,discogs,lastfm,0.9723188281059265,False,False,True,plm_check_confident_pos
discogs_1143,lastFM_643,discogs,lastfm,0.9743209481239319,False,False,True,plm_check_confident_pos
discogs_114392,lastFM_51327,discogs,lastfm,0.966992199420929,False,True,True,agreement
discogs_114396,lastFM_51330,discogs,lastfm,0.9736877083778381,False,True,True,agreement
discogs_11441,lastFM_5577,discogs,lastfm,0.9578436613082886,False,True,True,agreement
discogs_114552,lastFM_51397,discogs,lastfm,0.9743502140045166,False,True,True,agreement
discogs_114685,lastFM_1557,discogs,lastfm,0.7140170335769653,False,False,True,plm_check_confident_pos
discogs_114685,lastFM_51455,discogs,lastfm,0.9751297235488892,False,True,True,agreement
discogs_114782,lastFM_51492,discogs,lastfm,0.9733726382255554,False,True,True,agreement
discogs_115,lastFM_65,discogs,lastfm,0.9636580944061279,False,True,True,agreement
discogs_1150,lastFM_647,discogs,lastfm,0.9736189246177673,False,True,True,agreement
discogs_115085,lastFM_48536,discogs,lastfm,0.7039231061935425,False,True,True,agreement
discogs_115138,lastFM_31199,discogs,lastfm,0.8585091829299927,False,True,True,agreement
discogs_11520,lastFM_1973,discogs,lastfm,0.9507694840431213,False,False,True,plm_check_confident_pos
discogs_11520,lastFM_2073,discogs,lastfm,0.9151615500450134,False,False,True,plm_check_confident_pos
discogs_11520,lastFM_6784,discogs,lastfm,0.9368630647659302,False,False,True,plm_check_confident_pos
discogs_115241,lastFM_6998,discogs,lastfm,0.8162692189216614,False,False,True,plm_check_confident_pos
discogs_115256,lastFM_82166,discogs,lastfm,0.7311344742774963,False,False,True,plm_check_confident_pos
discogs_11529,lastFM_5615,discogs,lastfm,0.9291014671325684,False,False,True,plm_check_confident_pos
discogs_115453,lastFM_51763,discogs,lastfm,0.975753664970398,False,False,True,plm_check_confident_pos
discogs_1155,lastFM_650,discogs,lastfm,0.9267649054527283,False,True,True,agreement
discogs_115736,lastFM_3961,discogs,lastfm,0.9460347294807434,False,False,True,plm_check_confident_pos
discogs_115805,lastFM_59316,discogs,lastfm,0.9478325247764587,False,True,True,agreement
discogs_115866,lastFM_39682,discogs,lastfm,0.8957384824752808,False,False,True,plm_check_confident_pos
discogs_115866,lastFM_45508,discogs,lastfm,0.9195385575294495,False,False,True,plm_check_confident_pos
discogs_115866,lastFM_54721,discogs,lastfm,0.9218555688858032,False,True,True,agreement
discogs_115866,lastFM_72107,discogs,lastfm,0.9737697839736938,False,False,True,plm_check_confident_pos
discogs_116027,lastFM_18556,discogs,lastfm,0.6057783365249634,False,False,True,plm_check_llm_yes
discogs_116027,lastFM_20173,discogs,lastfm,0.8358722925186157,False,False,True,plm_check_confident_pos
discogs_116027,lastFM_50373,discogs,lastfm,0.741254985332489,False,False,True,plm_check_confident_pos
discogs_116027,lastFM_77264,discogs,lastfm,0.7093323469161987,False,False,True,plm_check_confident_pos
discogs_116118,lastFM_52017,discogs,lastfm,0.972759485244751,False,True,True,agreement
discogs_116180,lastFM_52043,discogs,lastfm,0.9728231430053711,False,True,True,agreement
discogs_1163,lastFM_654,discogs,lastfm,0.9509298801422119,False,True,True,agreement
discogs_11646,lastFM_5666,discogs,lastfm,0.9584185481071472,False,True,True,agreement
discogs_11655,lastFM_5670,discogs,lastfm,0.973663866519928,False,True,True,agreement
discogs_11660,lastFM_5672,discogs,lastfm,0.9679173827171326,False,False,True,plm_check_confident_pos
discogs_116733,lastFM_6998,discogs,lastfm,0.9470700025558472,False,False,True,plm_check_confident_pos
discogs_116744,lastFM_7150,discogs,lastfm,0.9739100933074951,False,False,True,plm_check_confident_pos
discogs_11676,lastFM_5678,discogs,lastfm,0.9745169878005981,False,True,True,agreement
discogs_116843,lastFM_52305,discogs,lastfm,0.9743226170539856,False,True,True,agreement
discogs_116843,lastFM_55623,discogs,lastfm,0.7405465841293335,False,False,True,plm_check_confident_pos
discogs_116921,lastFM_52333,discogs,lastfm,0.962716817855835,False,True,True,agreement
discogs_117,lastFM_1297,discogs,lastfm,0.857262909412384,False,False,True,plm_check_confident_pos
discogs_117,lastFM_22364,discogs,lastfm,0.8609141707420349,False,False,True,plm_check_confident_pos
discogs_117,lastFM_32352,discogs,lastfm,0.8126959800720215,False,False,True,plm_check_confident_pos
discogs_117,lastFM_35747,discogs,lastfm,0.843262791633606,False,False,True,plm_check_confident_pos
discogs_117,lastFM_36675,discogs,lastfm,0.7591532468795776,False,False,True,plm_check_confident_pos
discogs_117,lastFM_67,discogs,lastfm,0.9731263518333435,False,True,True,agreement
discogs_11735,lastFM_34141,discogs,lastfm,0.8591524362564087,False,False,True,plm_check_confident_pos
discogs_11735,lastFM_63831,discogs,lastfm,0.7689260244369507,False,False,True,plm_check_confident_pos
discogs_11735,lastFM_74550,discogs,lastfm,0.8524569869041443,False,False,True,plm_check_confident_pos
discogs_1175,lastFM_368,discogs,lastfm,0.969499409198761,False,False,True,plm_check_confident_pos
discogs_117614,lastFM_52591,discogs,lastfm,0.9684230089187622,False,True,True,agreement
discogs_11804,lastFM_5746,discogs,lastfm,0.9515820741653442,False,False,True,plm_check_confident_pos
discogs_11814,lastFM_5754,discogs,lastfm,0.973212480545044,False,True,True,agreement
discogs_1183,lastFM_666,discogs,lastfm,0.9744853973388672,False,True,True,agreement
discogs_118316,lastFM_53597,discogs,lastfm,0.9729577302932739,False,True,True,agreement
discogs_11838,lastFM_5768,discogs,lastfm,0.9732836484909058,False,True,True,agreement
discogs_118392,lastFM_53597,discogs,lastfm,0.9739204049110413,False,False,True,plm_check_confident_pos
discogs_118528,lastFM_52973,discogs,lastfm,0.9739145040512085,False,True,True,agreement
discogs_11858,lastFM_5780,discogs,lastfm,0.835685133934021,False,True,True,agreement
discogs_118639,lastFM_53023,discogs,lastfm,0.9732624888420105,False,True,True,agreement
discogs_118645,lastFM_53026,discogs,lastfm,0.9746406078338623,False,False,True,plm_check_confident_pos
discogs_118650,lastFM_29580,discogs,lastfm,0.8882215619087219,False,True,True,agreement
discogs_118774,lastFM_53072,discogs,lastfm,0.9752139449119568,False,True,True,agreement
discogs_11880,lastFM_5791,discogs,lastfm,0.9749104380607605,False,True,True,agreement
discogs_118916,lastFM_6470,discogs,lastfm,0.9756195545196533,False,False,True,plm_check_confident_pos
discogs_118956,lastFM_53144,discogs,lastfm,0.9353996515274048,False,True,True,agreement
discogs_118995,lastFM_53159,discogs,lastfm,0.9734606146812439,False,False,True,plm_check_confident_pos
discogs_119,lastFM_68,discogs,lastfm,0.9368802905082703,False,True,True,agreement
discogs_119103,lastFM_31015,discogs,lastfm,0.956123948097229,False,False,True,plm_check_confident_pos
discogs_119145,lastFM_47619,discogs,lastfm,0.9748502969741821,False,False,True,plm_check_confident_pos
discogs_119247,lastFM_40474,discogs,lastfm,0.9687929749488831,False,False,True,plm_check_confident_pos
discogs_119247,lastFM_74985,discogs,lastfm,0.9294236302375793,False,False,True,plm_check_confident_pos
discogs_119260,lastFM_58340,discogs,lastfm,0.9313468933105469,False,False,True,plm_check_confident_pos
discogs_11928,lastFM_8707,discogs,lastfm,0.946018397808075,False,True,True,agreement
discogs_119588,lastFM_53393,discogs,lastfm,0.9734514355659485,False,True,True,agreement
discogs_119605,lastFM_53400,discogs,lastfm,0.8865463733673096,False,True,True,agreement
discogs_119685,lastFM_53437,discogs,lastfm,0.9068216681480408,False,True,True,agreement
discogs_11969,lastFM_5828,discogs,lastfm,0.9369842410087585,False,True,True,agreement
discogs_11975,lastFM_5831,discogs,lastfm,0.9527049660682678,False,True,True,agreement
discogs_11976,lastFM_5832,discogs,lastfm,0.9541944861412048,False,True,True,agreement
discogs_119862,lastFM_20690,discogs,lastfm,0.974433422088623,False,False,True,plm_check_confident_pos
discogs_120087,lastFM_53599,discogs,lastfm,0.9733962416648865,False,True,True,agreement
discogs_12030,lastFM_5854,discogs,lastfm,0.8981417417526245,False,True,True,agreement
discogs_120447,lastFM_53769,discogs,lastfm,0.9538078308105469,False,True,True,agreement
discogs_12052,lastFM_13320,discogs,lastfm,0.9485809803009033,False,False,True,plm_check_confident_pos
discogs_120729,lastFM_53871,discogs,lastfm,0.9730745553970337,False,True,True,agreement
discogs_120886,lastFM_53934,discogs,lastfm,0.9696028232574463,False,True,True,agreement
discogs_12093,lastFM_5890,discogs,lastfm,0.9730775952339172,False,False,True,plm_check_confident_pos
discogs_121280,lastFM_54080,discogs,lastfm,0.9740989804267883,False,False,True,plm_check_confident_pos
discogs_12162,lastFM_5923,discogs,lastfm,0.9756166934967041,False,True,True,agreement
discogs_121826,lastFM_54306,discogs,lastfm,0.9754701256752014,False,True,True,agreement
discogs_12188,lastFM_5934,discogs,lastfm,0.9741490483283997,False,True,True,agreement
discogs_122117,lastFM_54423,discogs,lastfm,0.9741189479827881,False,True,True,agreement
discogs_122140,lastFM_58527,discogs,lastfm,0.5098476409912109,False,True,True,agreement
discogs_122196,lastFM_54457,discogs,lastfm,0.9105901718139648,False,True,True,agreement
discogs_12234,lastFM_5956,discogs,lastfm,0.9721542000770569,False,True,True,agreement
discogs_12243,lastFM_5959,discogs,lastfm,0.9743583798408508,False,False,True,plm_check_confident_pos
discogs_12253,lastFM_5964,discogs,lastfm,0.9431968331336975,False,True,True,agreement
discogs_12271,lastFM_5973,discogs,lastfm,0.9753531813621521,False,True,True,agreement
discogs_122749,lastFM_13476,discogs,lastfm,0.9729730486869812,False,False,True,plm_check_confident_pos
discogs_12287,lastFM_5985,discogs,lastfm,0.950528621673584,False,True,True,agreement
discogs_12287,lastFM_6553,discogs,lastfm,0.9110941886901855,False,False,True,plm_check_confident_pos
discogs_122873,lastFM_54734,discogs,lastfm,0.9749543070793152,False,True,True,agreement
discogs_122954,lastFM_28771,discogs,lastfm,0.8067089915275574,False,False,True,plm_check_confident_pos
discogs_122954,lastFM_35716,discogs,lastfm,0.5698987245559692,False,False,True,plm_check_llm_yes
discogs_122954,lastFM_74294,discogs,lastfm,0.5698987245559692,False,False,True,plm_check_llm_yes
discogs_123014,lastFM_17282,discogs,lastfm,0.6845523118972778,False,False,True,plm_check_llm_yes
discogs_123014,lastFM_26628,discogs,lastfm,0.9253415465354919,False,False,True,plm_check_confident_pos
discogs_123014,lastFM_73579,discogs,lastfm,0.8793214559555054,False,False,True,plm_check_confident_pos
discogs_123014,lastFM_76287,discogs,lastfm,0.8356202840805054,False,False,True,plm_check_confident_pos
discogs_12308,lastFM_202,discogs,lastfm,0.9740930795669556,False,False,True,plm_check_confident_pos
discogs_123395,lastFM_54946,discogs,lastfm,0.9744672775268555,False,True,True,agreement
discogs_12343,lastFM_6011,discogs,lastfm,0.974790096282959,False,True,True,agreement
discogs_123430,lastFM_54964,discogs,lastfm,0.872082531452179,False,True,True,agreement
discogs_1235,lastFM_444,discogs,lastfm,0.9749670624732971,False,True,True,agreement
discogs_1236,lastFM_697,discogs,lastfm,0.9611244797706604,False,True,True,agreement
discogs_123686,lastFM_55066,discogs,lastfm,0.9722352623939514,False,False,True,plm_check_confident_pos
discogs_12399,lastFM_6044,discogs,lastfm,0.9739537239074707,False,True,True,agreement
discogs_124598,lastFM_55435,discogs,lastfm,0.9744195938110352,False,False,True,plm_check_confident_pos
discogs_124604,lastFM_55438,discogs,lastfm,0.9740067720413208,False,True,True,agreement
discogs_124611,lastFM_32579,discogs,lastfm,0.9742840528488159,False,False,True,plm_check_confident_pos
discogs_12474,lastFM_12227,discogs,lastfm,0.8925983309745789,False,False,True,plm_check_confident_pos
discogs_12474,lastFM_52066,discogs,lastfm,0.8413508534431458,False,False,True,plm_check_confident_pos
discogs_12474,lastFM_6084,discogs,lastfm,0.9745645523071289,False,True,True,agreement
discogs_12479,lastFM_34141,discogs,lastfm,0.7239569425582886,False,False,True,plm_check_confident_pos
discogs_12482,lastFM_6089,discogs,lastfm,0.9526090025901794,False,True,True,agreement
discogs_125,lastFM_72,discogs,lastfm,0.9286100268363953,False,False,True,plm_check_confident_pos
discogs_125186,lastFM_55673,discogs,lastfm,0.9646061658859253,False,True,True,agreement
discogs_125251,lastFM_55705,discogs,lastfm,0.9727112054824829,False,False,True,plm_check_confident_pos
discogs_125275,lastFM_55714,discogs,lastfm,0.7284073829650879,False,True,True,agreement
discogs_125318,lastFM_55730,discogs,lastfm,0.921755850315094,False,True,True,agreement
discogs_125413,lastFM_55767,discogs,lastfm,0.9755845665931702,False,True,True,agreement
discogs_125562,lastFM_55825,discogs,lastfm,0.9435242414474487,False,True,True,agreement
discogs_12560,lastFM_6119,discogs,lastfm,0.9729295372962952,False,True,True,agreement
discogs_12585,lastFM_6132,discogs,lastfm,0.9584863185882568,False,False,True,plm_check_confident_pos
discogs_12588,lastFM_6134,discogs,lastfm,0.9740540385246277,False,True,True,agreement
discogs_125917,lastFM_55943,discogs,lastfm,0.973406970500946,False,True,True,agreement
discogs_12592,lastFM_6135,discogs,lastfm,0.9741860628128052,False,True,True,agreement
discogs_125965,lastFM_55963,discogs,lastfm,0.9303261637687683,False,True,True,agreement
discogs_126,lastFM_73,discogs,lastfm,0.963532030582428,False,True,True,agreement
discogs_12611,lastFM_6144,discogs,lastfm,0.9732447862625122,False,True,True,agreement
discogs_12612,lastFM_5740,discogs,lastfm,0.9550412893295288,False,True,True,agreement
discogs_126258,lastFM_29424,discogs,lastfm,0.9451899528503418,False,True,True,agreement
discogs_126283,lastFM_2639,discogs,lastfm,0.8626540303230286,False,False,True,plm_check_confident_pos
discogs_12636,lastFM_6158,discogs,lastfm,0.9680620431900024,False,True,True,agreement
discogs_12656,lastFM_6166,discogs,lastfm,0.9735631942749023,False,True,True,agreement
discogs_126816,lastFM_56290,discogs,lastfm,0.9585797190666199,False,True,True,agreement
discogs_126903,lastFM_56337,discogs,lastfm,0.9379162788391113,False,False,True,plm_check_confident_pos
discogs_126946,lastFM_56354,discogs,lastfm,0.973708987236023,False,False,True,plm_check_confident_pos
discogs_126986,lastFM_20010,discogs,lastfm,0.9321826100349426,False,False,True,plm_check_confident_pos
discogs_127156,lastFM_56428,discogs,lastfm,0.9696173071861267,False,True,True,agreement
discogs_12719,lastFM_6196,discogs,lastfm,0.9732794761657715,False,True,True,agreement
discogs_127273,lastFM_6998,discogs,lastfm,0.9343633651733398,False,False,True,plm_check_confident_pos
discogs_127350,lastFM_56510,discogs,lastfm,0.9717824459075928,False,True,True,agreement
discogs_127439,lastFM_56542,discogs,lastfm,0.96490079164505,False,True,True,agreement
discogs_12758,lastFM_6220,discogs,lastfm,0.9734270572662354,False,False,True,plm_check_confident_pos
discogs_12768,lastFM_6226,discogs,lastfm,0.974472165107727,False,True,True,agreement
discogs_127723,lastFM_56670,discogs,lastfm,0.9751127362251282,False,True,True,agreement
discogs_12787,lastFM_6239,discogs,lastfm,0.9367007613182068,False,True,True,agreement
discogs_128073,lastFM_56810,discogs,lastfm,0.9727733731269836,False,True,True,agreement
discogs_128111,lastFM_30795,discogs,lastfm,0.9747519493103027,False,False,True,plm_check_confident_pos
discogs_12813,lastFM_6260,discogs,lastfm,0.9263779520988464,False,False,True,plm_check_confident_pos
discogs_128206,lastFM_56850,discogs,lastfm,0.9726894497871399,False,True,True,agreement
discogs_128349,lastFM_56921,discogs,lastfm,0.8625410795211792,False,True,True,agreement
discogs_128567,lastFM_57012,discogs,lastfm,0.9618980288505554,False,True,True,agreement
discogs_128699,lastFM_57059,discogs,lastfm,0.9727434515953064,False,True,True,agreement
discogs_128968,lastFM_28771,discogs,lastfm,0.7490289211273193,False,True,True,agreement
discogs_128968,lastFM_35716,discogs,lastfm,0.8853397369384766,False,False,True,plm_check_confident_pos
discogs_128968,lastFM_74294,discogs,lastfm,0.8853397369384766,False,False,True,plm_check_confident_pos
discogs_12899,lastFM_6299,discogs,lastfm,0.9636885523796082,False,True,True,agreement
discogs_129006,lastFM_14564,discogs,lastfm,0.9595494866371155,False,False,True,plm_check_confident_pos
discogs_12917,lastFM_6305,discogs,lastfm,0.967197597026825,False,True,True,agreement
discogs_129260,lastFM_14182,discogs,lastfm,0.9663056135177612,False,False,True,plm_check_confident_pos
discogs_129285,lastFM_16317,discogs,lastfm,0.8221132159233093,False,False,True,plm_check_confident_pos
discogs_12941,lastFM_33659,discogs,lastfm,0.8338481783866882,False,False,True,plm_check_confident_pos
discogs_12941,lastFM_52243,discogs,lastfm,0.9747217297554016,False,True,True,agreement
discogs_12941,lastFM_55146,discogs,lastfm,0.9747217297554016,False,False,True,plm_check_confident_pos
discogs_12980,lastFM_6336,discogs,lastfm,0.9747800230979919,False,True,True,agreement
discogs_129807,lastFM_32947,discogs,lastfm,0.937713623046875,False,False,True,plm_check_confident_pos
discogs_129807,lastFM_57570,discogs,lastfm,0.9248830676078796,False,False,True,plm_check_confident_pos
discogs_129807,lastFM_57574,discogs,lastfm,0.9750481247901917,False,False,True,plm_check_confident_pos
discogs_129807,lastFM_57581,discogs,lastfm,0.9231952428817749,False,False,True,plm_check_confident_pos
discogs_129807,lastFM_58527,discogs,lastfm,0.9102565050125122,False,False,True,plm_check_confident_pos
discogs_12986,lastFM_6340,discogs,lastfm,0.973736584186554,False,True,True,agreement
discogs_129945,lastFM_57591,discogs,lastfm,0.9746454954147339,False,True,True,agreement
discogs_129968,lastFM_24837,discogs,lastfm,0.9464073181152344,False,True,True,agreement
discogs_13,lastFM_8,discogs,lastfm,0.8593596816062927,False,True,True,agreement
discogs_130010,lastFM_57614,discogs,lastfm,0.9743942618370056,False,True,True,agreement
discogs_13006,lastFM_6350,discogs,lastfm,0.9753208756446838,False,True,True,agreement
discogs_130166,lastFM_57674,discogs,lastfm,0.9736772179603577,False,True,True,agreement
discogs_1302,lastFM_54346,discogs,lastfm,0.9392930269241333,False,False,True,plm_check_confident_pos
discogs_1302,lastFM_733,discogs,lastfm,0.970106303691864,False,True,True,agreement
discogs_13034,lastFM_13320,discogs,lastfm,0.957996129989624,False,False,True,plm_check_confident_pos
discogs_130395,lastFM_57765,discogs,lastfm,0.9732236862182617,False,True,True,agreement
discogs_130396,lastFM_65412,discogs,lastfm,0.6424918174743652,False,True,True,agreement
discogs_130460,lastFM_11312,discogs,lastfm,0.7297049760818481,False,False,True,plm_check_confident_pos
discogs_130662,lastFM_69458,discogs,lastfm,0.5793538689613342,False,False,True,plm_check_llm_yes
discogs_13071,lastFM_10485,discogs,lastfm,0.7120957970619202,False,False,True,plm_check_confident_pos
discogs_13071,lastFM_14312,discogs,lastfm,0.8713193535804749,False,False,True,plm_check_confident_pos
discogs_13071,lastFM_6375,discogs,lastfm,0.9434250593185425,False,False,True,plm_check_confident_pos
discogs_13075,lastFM_6378,discogs,lastfm,0.973357617855072,False,True,True,agreement
discogs_13088,lastFM_44820,discogs,lastfm,0.890095055103302,False,False,True,plm_check_confident_pos
discogs_13088,lastFM_6384,discogs,lastfm,0.9744360446929932,False,True,True,agreement
discogs_130922,lastFM_57964,discogs,lastfm,0.9744986295700073,False,True,True,agreement
discogs_13098,lastFM_6388,discogs,lastfm,0.8700489401817322,False,False,True,plm_check_confident_pos
discogs_13102,lastFM_6392,discogs,lastfm,0.9742460250854492,False,True,True,agreement
discogs_131279,lastFM_58097,discogs,lastfm,0.9742196798324585,False,True,True,agreement
discogs_13137,lastFM_6401,discogs,lastfm,0.9734931588172913,False,True,True,agreement
discogs_131400,lastFM_58142,discogs,lastfm,0.9737198352813721,False,True,True,agreement
discogs_131505,lastFM_58179,discogs,lastfm,0.9719109535217285,False,True,True,agreement
discogs_131876,lastFM_35721,discogs,lastfm,0.9562422037124634,False,True,True,agreement
discogs_131927,lastFM_58340,discogs,lastfm,0.9756466746330261,False,False,True,plm_check_confident_pos
discogs_132019,lastFM_2659,discogs,lastfm,0.922240674495697,False,False,True,plm_check_confident_pos
discogs_13214,lastFM_13121,discogs,lastfm,0.8595060706138611,False,True,True,agreement
discogs_132151,lastFM_58434,discogs,lastfm,0.9725611209869385,False,True,True,agreement
discogs_132201,lastFM_35716,discogs,lastfm,0.5492134094238281,False,False,True,plm_check_llm_yes
discogs_13245,lastFM_6447,discogs,lastfm,0.975376307964325,False,True,True,agreement
discogs_13274,lastFM_7410,discogs,lastfm,0.9734782576560974,False,False,True,plm_check_confident_pos
discogs_132743,lastFM_17282,discogs,lastfm,0.7088159322738647,False,False,True,plm_check_confident_pos
discogs_132743,lastFM_26628,discogs,lastfm,0.9753561615943909,False,False,True,plm_check_confident_pos
discogs_132743,lastFM_73579,discogs,lastfm,0.886578381061554,False,False,True,plm_check_confident_pos
discogs_132743,lastFM_76287,discogs,lastfm,0.8362842202186584,False,False,True,plm_check_confident_pos
discogs_13298,lastFM_6470,discogs,lastfm,0.9701208472251892,False,True,True,agreement
discogs_133073,lastFM_11715,discogs,lastfm,0.9238139986991882,False,False,True,plm_check_confident_pos
discogs_133107,lastFM_58817,discogs,lastfm,0.9530113339424133,False,True,True,agreement
discogs_133176,lastFM_60300,discogs,lastfm,0.9117579460144043,False,False,True,plm_check_confident_pos
discogs_13321,lastFM_61032,discogs,lastfm,0.9674915075302124,False,False,True,plm_check_confident_pos
discogs_133214,lastFM_58849,discogs,lastfm,0.9732220768928528,False,True,True,agreement
discogs_13325,lastFM_6480,discogs,lastfm,0.9731749892234802,False,True,True,agreement
discogs_133273,lastFM_58877,discogs,lastfm,0.8860308527946472,False,True,True,agreement
discogs_133352,lastFM_58905,discogs,lastfm,0.9730456471443176,False,True,True,agreement
discogs_133459,lastFM_58943,discogs,lastfm,0.9742587804794312,False,True,True,agreement
discogs_133761,lastFM_59073,discogs,lastfm,0.9730592966079712,False,False,True,plm_check_confident_pos
discogs_1341,lastFM_755,discogs,lastfm,0.9433164000511169,False,True,True,agreement
discogs_134379,lastFM_59311,discogs,lastfm,0.9543284177780151,False,True,True,agreement
discogs_13444,lastFM_6531,discogs,lastfm,0.9550933837890625,False,True,True,agreement
discogs_134445,lastFM_59340,discogs,lastfm,0.9744538068771362,False,True,True,agreement
discogs_134716,lastFM_59449,discogs,lastfm,0.9731918573379517,False,True,True,agreement
discogs_13472,lastFM_50816,discogs,lastfm,0.9240230917930603,False,False,True,plm_check_confident_pos
discogs_13472,lastFM_6544,discogs,lastfm,0.9754709005355835,False,True,True,agreement
discogs_13479,lastFM_6548,discogs,lastfm,0.9737750887870789,False,True,True,agreement
discogs_135,lastFM_79,discogs,lastfm,0.9735267162322998,False,True,True,agreement
discogs_13504,lastFM_6559,discogs,lastfm,0.9435545802116394,False,True,True,agreement
discogs_135165,lastFM_51455,discogs,lastfm,0.9595741629600525,False,False,True,plm_check_confident_pos
discogs_13531,lastFM_6577,discogs,lastfm,0.9557622671127319,False,True,True,agreement
discogs_13543,lastFM_6582,discogs,lastfm,0.9756301045417786,False,True,True,agreement
discogs_135444,lastFM_13375,discogs,lastfm,0.8478822112083435,False,False,True,plm_check_confident_pos
discogs_135444,lastFM_59735,discogs,lastfm,0.9746277928352356,False,False,True,plm_check_confident_pos
discogs_135444,lastFM_63354,discogs,lastfm,0.8478822112083435,False,False,True,plm_check_confident_pos
discogs_135444,lastFM_73863,discogs,lastfm,0.92205810546875,False,False,True,plm_check_confident_pos
discogs_13554,lastFM_6586,discogs,lastfm,0.8906264901161194,False,False,True,plm_check_confident_pos
discogs_135704,lastFM_59844,discogs,lastfm,0.8825772404670715,False,True,True,agreement
discogs_135777,lastFM_69458,discogs,lastfm,0.7604196071624756,False,False,True,plm_check_confident_pos
discogs_13580,lastFM_6600,discogs,lastfm,0.9738273024559021,False,True,True,agreement
discogs_13591,lastFM_13633,discogs,lastfm,0.9421144723892212,False,True,True,agreement
discogs_13591,lastFM_19863,discogs,lastfm,0.9114059805870056,False,False,True,plm_check_confident_pos
discogs_136,lastFM_80,discogs,lastfm,0.9728869795799255,False,False,True,plm_check_confident_pos
discogs_136157,lastFM_60026,discogs,lastfm,0.9737715125083923,False,True,True,agreement
discogs_136167,lastFM_60033,discogs,lastfm,0.9747086763381958,False,True,True,agreement
discogs_136390,lastFM_4764,discogs,lastfm,0.9677466750144958,False,False,True,plm_check_confident_pos
discogs_13642,lastFM_6636,discogs,lastfm,0.8880469799041748,False,True,True,agreement
discogs_136507,lastFM_58619,discogs,lastfm,0.9733046293258667,False,False,True,plm_check_confident_pos
discogs_13655,lastFM_6641,discogs,lastfm,0.9755889177322388,False,False,True,plm_check_confident_pos
discogs_136555,lastFM_60183,discogs,lastfm,0.9546921849250793,False,True,True,agreement
discogs_136852,lastFM_60307,discogs,lastfm,0.9734281897544861,False,True,True,agreement
discogs_137085,lastFM_60408,discogs,lastfm,0.9126672148704529,False,False,True,plm_check_confident_pos
discogs_137138,lastFM_60429,discogs,lastfm,0.9474723935127258,False,False,True,plm_check_confident_pos
discogs_137230,lastFM_60469,discogs,lastfm,0.9751145243644714,False,True,True,agreement
discogs_13725,lastFM_6675,discogs,lastfm,0.9546327590942383,False,True,True,agreement
discogs_137259,lastFM_42609,discogs,lastfm,0.9746378064155579,False,False,True,plm_check_confident_pos
discogs_13730,lastFM_11715,discogs,lastfm,0.9383765459060669,False,False,True,plm_check_confident_pos
discogs_137426,lastFM_18556,discogs,lastfm,0.7414930462837219,False,False,True,plm_check_confident_pos
discogs_137426,lastFM_20173,discogs,lastfm,0.8390620946884155,False,False,True,plm_check_confident_pos
discogs_137426,lastFM_77264,discogs,lastfm,0.7387603521347046,False,False,True,plm_check_confident_pos
discogs_137475,lastFM_60575,discogs,lastfm,0.9342799186706543,False,False,True,plm_check_confident_pos
discogs_137598,lastFM_60625,discogs,lastfm,0.9743437767028809,False,True,True,agreement
discogs_137715,lastFM_61776,discogs,lastfm,0.9577016234397888,False,True,True,agreement
discogs_13772,lastFM_6702,discogs,lastfm,0.9290086627006531,False,True,True,agreement
discogs_137768,lastFM_60690,discogs,lastfm,0.9749161005020142,False,True,True,agreement
discogs_13777,lastFM_6705,discogs,lastfm,0.8881181478500366,False,True,True,agreement
discogs_137806,lastFM_23106,discogs,lastfm,0.5412884950637817,False,True,True,agreement
discogs_138,lastFM_82,discogs,lastfm,0.9741846919059753,False,True,True,agreement
discogs_138074,lastFM_25990,discogs,lastfm,0.9734646677970886,False,False,True,plm_check_confident_pos
discogs_138074,lastFM_33338,discogs,lastfm,0.9664521813392639,False,True,True,agreement
discogs_138074,lastFM_66740,discogs,lastfm,0.7320401072502136,False,False,True,plm_check_confident_pos
discogs_138533,lastFM_46332,discogs,lastfm,0.8450206518173218,False,False,True,plm_check_confident_pos
discogs_138635,lastFM_61012,discogs,lastfm,0.9729404449462891,False,True,True,agreement
discogs_139002,lastFM_53309,discogs,lastfm,0.9196391701698303,False,False,True,plm_check_confident_pos
discogs_139002,lastFM_61153,discogs,lastfm,0.975150465965271,False,True,True,agreement
discogs_139002,lastFM_61291,discogs,lastfm,0.9116777777671814,False,False,True,plm_check_confident_pos
discogs_13962,lastFM_34906,discogs,lastfm,0.7275274395942688,False,False,True,plm_check_confident_pos
discogs_139629,lastFM_39506,discogs,lastfm,0.9741277098655701,False,True,True,agreement
discogs_140,lastFM_84,discogs,lastfm,0.9563790559768677,False,True,True,agreement
discogs_1401,lastFM_385,discogs,lastfm,0.9190614819526672,False,True,True,agreement
discogs_140229,lastFM_17925,discogs,lastfm,0.836362361907959,False,False,True,plm_check_confident_pos
discogs_140229,lastFM_74283,discogs,lastfm,0.7830380201339722,False,False,True,plm_check_confident_pos
discogs_140337,lastFM_3815,discogs,lastfm,0.9346112608909607,False,False,True,plm_check_confident_pos
discogs_140357,lastFM_61677,discogs,lastfm,0.9725385308265686,False,True,True,agreement
discogs_14058,lastFM_6828,discogs,lastfm,0.9613934755325317,False,False,True,plm_check_confident_pos
discogs_14064,lastFM_6832,discogs,lastfm,0.9736356139183044,False,True,True,agreement
discogs_140737,lastFM_52775,discogs,lastfm,0.9495904445648193,False,False,True,plm_check_confident_pos
discogs_140737,lastFM_61841,discogs,lastfm,0.9245726466178894,False,False,True,plm_check_confident_pos
discogs_140737,lastFM_61842,discogs,lastfm,0.9587082266807556,False,False,True,plm_check_confident_pos
discogs_140739,lastFM_52775,discogs,lastfm,0.9397240877151489,False,False,True,plm_check_confident_pos
discogs_140739,lastFM_61841,discogs,lastfm,0.9224199652671814,False,False,True,plm_check_confident_pos
discogs_140739,lastFM_61842,discogs,lastfm,0.9688755869865417,False,False,True,plm_check_confident_pos
discogs_140955,lastFM_61907,discogs,lastfm,0.9616228342056274,False,True,True,agreement
discogs_140990,lastFM_60300,discogs,lastfm,0.5528835654258728,False,False,True,plm_check_llm_yes
discogs_141088,lastFM_61969,discogs,lastfm,0.9742879867553711,False,True,True,agreement
discogs_14112,lastFM_6855,discogs,lastfm,0.8995099663734436,False,False,True,plm_check_confident_pos
discogs_141135,lastFM_61984,discogs,lastfm,0.9731719493865967,False,False,True,plm_check_confident_pos
discogs_141169,lastFM_61997,discogs,lastfm,0.9509180188179016,False,True,True,agreement
discogs_141389,lastFM_62079,discogs,lastfm,0.9746153354644775,False,True,True,agreement
discogs_14147,lastFM_31290,discogs,lastfm,0.9368104934692383,False,False,True,plm_check_confident_pos
discogs_14147,lastFM_3300,discogs,lastfm,0.9748968482017517,False,False,True,plm_check_confident_pos
discogs_14147,lastFM_6872,discogs,lastfm,0.9127124547958374,False,False,True,plm_check_confident_pos
discogs_14153,lastFM_6877,discogs,lastfm,0.975088357925415,False,True,True,agreement
discogs_141531,lastFM_18556,discogs,lastfm,0.9743425250053406,False,False,True,plm_check_confident_pos
discogs_141531,lastFM_20173,discogs,lastfm,0.9176026582717896,False,False,True,plm_check_confident_pos
discogs_141531,lastFM_50373,discogs,lastfm,0.8963636159896851,False,False,True,plm_check_confident_pos
discogs_141531,lastFM_77264,discogs,lastfm,0.9748951196670532,False,False,True,plm_check_confident_pos
discogs_141868,lastFM_5615,discogs,lastfm,0.947433352470398,False,False,True,plm_check_confident_pos
discogs_141881,lastFM_48859,discogs,lastfm,0.9332177042961121,False,False,True,plm_check_confident_pos
discogs_14216,lastFM_6905,discogs,lastfm,0.971479594707489,False,False,True,plm_check_confident_pos
discogs_14224,lastFM_6908,discogs,lastfm,0.9750056266784668,False,True,True,agreement
discogs_14239,lastFM_6915,discogs,lastfm,0.9737088680267334,False,True,True,agreement
discogs_14247,lastFM_34063,discogs,lastfm,0.9677891731262207,False,False,True,plm_check_confident_pos
discogs_142565,lastFM_23574,discogs,lastfm,0.7097998857498169,False,False,True,plm_check_confident_pos
discogs_14260,lastFM_6927,discogs,lastfm,0.9556758403778076,False,True,True,agreement
discogs_142740,lastFM_17842,discogs,lastfm,0.9738878011703491,False,False,True,plm_check_confident_pos
discogs_142929,lastFM_62690,discogs,lastfm,0.9499353170394897,False,True,True,agreement
discogs_14315,lastFM_6963,discogs,lastfm,0.9738879203796387,False,False,True,plm_check_confident_pos
discogs_14344,lastFM_6977,discogs,lastfm,0.9620318412780762,False,False,True,plm_check_confident_pos
discogs_143460,lastFM_37582,discogs,lastfm,0.7271519303321838,False,False,True,plm_check_confident_pos
discogs_144090,lastFM_72364,discogs,lastfm,0.9275722503662109,False,True,True,agreement
discogs_14470,lastFM_7035,discogs,lastfm,0.7911609411239624,False,True,True,agreement
discogs_145,lastFM_87,discogs,lastfm,0.9735733866691589,False,True,True,agreement
discogs_145421,lastFM_39977,discogs,lastfm,0.9736896753311157,False,True,True,agreement
discogs_145421,lastFM_63634,discogs,lastfm,0.9730250835418701,False,False,True,plm_check_confident_pos
discogs_145482,lastFM_63658,discogs,lastfm,0.9533239006996155,False,False,True,plm_check_confident_pos
discogs_145662,lastFM_63669,discogs,lastfm,0.9740089178085327,False,True,True,agreement
discogs_145778,lastFM_75432,discogs,lastfm,0.9355047941207886,False,False,True,plm_check_confident_pos
discogs_145778,lastFM_75956,discogs,lastfm,0.9298762679100037,False,False,True,plm_check_confident_pos
discogs_145828,lastFM_63783,discogs,lastfm,0.9737662672996521,False,True,True,agreement
discogs_145954,lastFM_74550,discogs,lastfm,0.5684153437614441,False,False,True,plm_check_llm_yes
discogs_146,lastFM_88,discogs,lastfm,0.9758436679840088,False,True,True,agreement
discogs_146133,lastFM_27756,discogs,lastfm,0.8599329590797424,False,False,True,plm_check_confident_pos
discogs_146453,lastFM_63999,discogs,lastfm,0.9663249850273132,False,True,True,agreement
discogs_1466,lastFM_822,discogs,lastfm,0.9733436107635498,False,True,True,agreement
discogs_146795,lastFM_64124,discogs,lastfm,0.7827351689338684,False,True,True,agreement
discogs_14713,lastFM_7150,discogs,lastfm,0.9734246730804443,False,False,True,plm_check_confident_pos
discogs_147313,lastFM_17282,discogs,lastfm,0.6958759427070618,False,False,True,plm_check_llm_yes
discogs_147313,lastFM_26628,discogs,lastfm,0.950113832950592,False,False,True,plm_check_confident_pos
discogs_147313,lastFM_73579,discogs,lastfm,0.887045681476593,False,False,True,plm_check_confident_pos
discogs_147313,lastFM_76287,discogs,lastfm,0.8419336676597595,False,False,True,plm_check_confident_pos
discogs_147648,lastFM_17957,discogs,lastfm,0.9530792236328125,False,False,True,plm_check_confident_pos
discogs_147648,lastFM_46620,discogs,lastfm,0.9065253734588623,False,False,True,plm_check_confident_pos
discogs_147745,lastFM_64486,discogs,lastfm,0.9471878409385681,False,False,True,plm_check_confident_pos
discogs_147751,lastFM_4182,discogs,lastfm,0.9530671238899231,False,False,True,plm_check_confident_pos
discogs_14779,lastFM_7179,discogs,lastfm,0.9738227128982544,False,True,True,agreement
discogs_14818,lastFM_7201,discogs,lastfm,0.8683871626853943,False,True,True,agreement
discogs_148237,lastFM_64707,discogs,lastfm,0.9749994874000549,False,True,True,agreement
discogs_148267,lastFM_37496,discogs,lastfm,0.9484312534332275,False,False,True,plm_check_confident_pos
discogs_148267,lastFM_38732,discogs,lastfm,0.9530959129333496,False,False,True,plm_check_confident_pos
discogs_148267,lastFM_38926,discogs,lastfm,0.932589054107666,False,False,True,plm_check_confident_pos
discogs_148267,lastFM_64418,discogs,lastfm,0.9687569737434387,False,True,True,agreement
discogs_148344,lastFM_82314,discogs,lastfm,0.7643857598304749,False,False,True,plm_check_confident_pos
discogs_148750,lastFM_64052,discogs,lastfm,0.9620417952537537,False,False,True,plm_check_confident_pos
discogs_14877,lastFM_17780,discogs,lastfm,0.806523859500885,False,False,True,plm_check_confident_pos
discogs_14877,lastFM_7220,discogs,lastfm,0.9734551906585693,False,False,True,plm_check_confident_pos
discogs_148936,lastFM_64968,discogs,lastfm,0.9744195342063904,False,True,True,agreement
discogs_149,lastFM_90,discogs,lastfm,0.9434124231338501,False,True,True,agreement
discogs_14914,lastFM_7246,discogs,lastfm,0.9736927151679993,False,True,True,agreement
discogs_149578,lastFM_65219,discogs,lastfm,0.9740749597549438,False,True,True,agreement
discogs_14959,lastFM_7267,discogs,lastfm,0.973217785358429,False,True,True,agreement
discogs_149592,lastFM_65227,discogs,lastfm,0.9567229151725769,False,True,True,agreement
discogs_14960,lastFM_7268,discogs,lastfm,0.9504356980323792,False,True,True,agreement
discogs_149938,lastFM_65363,discogs,lastfm,0.8715770244598389,False,True,True,agreement
discogs_150079,lastFM_65406,discogs,lastfm,0.9752138257026672,False,True,True,agreement
discogs_150172,lastFM_65435,discogs,lastfm,0.8915706276893616,False,True,True,agreement
discogs_15040,lastFM_7308,discogs,lastfm,0.9739470481872559,False,True,True,agreement
discogs_150400,lastFM_65524,discogs,lastfm,0.9749332070350647,False,False,True,plm_check_confident_pos
discogs_150512,lastFM_23154,discogs,lastfm,0.9248225688934326,False,False,True,plm_check_confident_pos
discogs_150642,lastFM_65607,discogs,lastfm,0.9500874280929565,False,True,True,agreement
discogs_15084,lastFM_7331,discogs,lastfm,0.9743718504905701,False,True,True,agreement
discogs_15098,lastFM_7338,discogs,lastfm,0.9717651605606079,False,True,True,agreement
discogs_151192,lastFM_65837,discogs,lastfm,0.9048213958740234,False,True,True,agreement
discogs_15138,lastFM_7356,discogs,lastfm,0.954246461391449,False,False,True,plm_check_confident_pos
discogs_151804,lastFM_33054,discogs,lastfm,0.9412681460380554,False,False,True,plm_check_confident_pos
discogs_151804,lastFM_43513,discogs,lastfm,0.93201744556427,False,False,True,plm_check_confident_pos
discogs_151804,lastFM_66057,discogs,lastfm,0.9412681460380554,False,False,True,plm_check_confident_pos
discogs_151804,lastFM_70782,discogs,lastfm,0.9412681460380554,False,False,True,plm_check_confident_pos
discogs_151804,lastFM_71868,discogs,lastfm,0.9409759044647217,False,False,True,plm_check_confident_pos
discogs_151804,lastFM_74402,discogs,lastfm,0.9409759044647217,False,False,True,plm_check_confident_pos
discogs_151804,lastFM_78080,discogs,lastfm,0.9451945424079895,False,False,True,plm_check_confident_pos
discogs_151804,lastFM_8440,discogs,lastfm,0.9370622038841248,False,False,True,plm_check_confident_pos
discogs_151835,lastFM_4182,discogs,lastfm,0.9610761404037476,False,False,True,plm_check_confident_pos
discogs_151839,lastFM_4182,discogs,lastfm,0.957192599773407,False,False,True,plm_check_confident_pos
discogs_15215,lastFM_7396,discogs,lastfm,0.9732698798179626,False,True,True,agreement
discogs_15248,lastFM_7410,discogs,lastfm,0.9737324714660645,False,True,True,agreement
discogs_15250,lastFM_7411,discogs,lastfm,0.9731165170669556,False,True,True,agreement
discogs_15262,lastFM_7415,discogs,lastfm,0.9732786417007446,False,True,True,agreement
discogs_15269,lastFM_7417,discogs,lastfm,0.9743629097938538,False,False,True,plm_check_confident_pos
discogs_15272,lastFM_7420,discogs,lastfm,0.9734343886375427,False,True,True,agreement
discogs_152970,lastFM_66484,discogs,lastfm,0.9468652606010437,False,True,True,agreement
discogs_152985,lastFM_66492,discogs,lastfm,0.9740593433380127,False,False,True,plm_check_confident_pos
discogs_153046,lastFM_27337,discogs,lastfm,0.8419265151023865,False,False,True,plm_check_confident_pos
discogs_15305,lastFM_7430,discogs,lastfm,0.974966287612915,False,True,True,agreement
discogs_153124,lastFM_66553,discogs,lastfm,0.9741863012313843,False,True,True,agreement
discogs_153301,lastFM_66626,discogs,lastfm,0.9745330214500427,False,True,True,agreement
discogs_153307,lastFM_66593,discogs,lastfm,0.9729539155960083,False,True,True,agreement
discogs_153308,lastFM_66593,discogs,lastfm,0.9729539155960083,False,False,True,plm_check_confident_pos
discogs_15337,lastFM_7445,discogs,lastfm,0.9632214307785034,False,True,True,agreement
discogs_153494,lastFM_66593,discogs,lastfm,0.9451260566711426,False,False,True,plm_check_confident_pos
discogs_153598,lastFM_66752,discogs,lastfm,0.9727725982666016,False,True,True,agreement
discogs_153657,lastFM_4764,discogs,lastfm,0.9678431153297424,False,False,True,plm_check_confident_pos
discogs_15369,lastFM_6044,discogs,lastfm,0.9738907814025879,False,False,True,plm_check_confident_pos
discogs_153730,lastFM_66794,discogs,lastfm,0.9746004343032837,False,True,True,agreement
discogs_15388,lastFM_7467,discogs,lastfm,0.9094403982162476,False,True,True,agreement
discogs_15395,lastFM_7473,discogs,lastfm,0.9592471718788147,False,True,True,agreement
discogs_153964,lastFM_66878,discogs,lastfm,0.9743849039077759,False,False,True,plm_check_confident_pos
discogs_154158,lastFM_69458,discogs,lastfm,0.974197268486023,False,False,True,plm_check_confident_pos
discogs_154192,lastFM_15492,discogs,lastfm,0.8729107975959778,False,False,True,plm_check_confident_pos
discogs_15447,lastFM_7505,discogs,lastfm,0.8917858600616455,False,True,True,agreement
discogs_154844,lastFM_15492,discogs,lastfm,0.9149718880653381,False,False,True,plm_check_confident_pos
discogs_15495,lastFM_7530,discogs,lastfm,0.9482365846633911,False,True,True,agreement
discogs_15505,lastFM_7536,discogs,lastfm,0.9624203443527222,False,True,True,agreement
discogs_155054,lastFM_67304,discogs,lastfm,0.9736393690109253,False,True,True,agreement
discogs_15506,lastFM_7537,discogs,lastfm,0.9733526110649109,False,False,True,plm_check_confident_pos
discogs_15517,lastFM_7544,discogs,lastfm,0.9720707535743713,False,True,True,agreement
discogs_155484,lastFM_45129,discogs,lastfm,0.7813425064086914,False,False,True,plm_check_confident_pos
discogs_155484,lastFM_8515,discogs,lastfm,0.819930911064148,False,False,True,plm_check_confident_pos
discogs_15573,lastFM_7568,discogs,lastfm,0.9743393659591675,False,False,True,plm_check_confident_pos
discogs_155840,lastFM_2186,discogs,lastfm,0.9596096277236938,False,False,True,plm_check_confident_pos
discogs_156,lastFM_91,discogs,lastfm,0.9021260142326355,False,True,True,agreement
discogs_156032,lastFM_67671,discogs,lastfm,0.8254432082176208,False,False,True,plm_check_confident_pos
discogs_156077,lastFM_54700,discogs,lastfm,0.8506109714508057,False,False,True,plm_check_confident_pos
discogs_156436,lastFM_13375,discogs,lastfm,0.8505202531814575,False,False,True,plm_check_confident_pos
discogs_156436,lastFM_59735,discogs,lastfm,0.9300194382667542,False,False,True,plm_check_confident_pos
discogs_156436,lastFM_63354,discogs,lastfm,0.8505202531814575,False,False,True,plm_check_confident_pos
discogs_156436,lastFM_73863,discogs,lastfm,0.9458580613136292,False,False,True,plm_check_confident_pos
discogs_15661,lastFM_24713,discogs,lastfm,0.8992167711257935,False,False,True,plm_check_confident_pos
discogs_15661,lastFM_7604,discogs,lastfm,0.9497271180152893,False,False,True,plm_check_confident_pos
discogs_156923,lastFM_2540,discogs,lastfm,0.9751313328742981,False,False,True,plm_check_confident_pos
discogs_157004,lastFM_67549,discogs,lastfm,0.9744598269462585,False,False,True,plm_check_confident_pos
discogs_15702,lastFM_7623,discogs,lastfm,0.9731321930885315,False,True,True,agreement
discogs_15707,lastFM_7625,discogs,lastfm,0.9132131338119507,False,True,True,agreement
discogs_15725,lastFM_7632,discogs,lastfm,0.9271338582038879,False,True,True,agreement
discogs_1577,lastFM_875,discogs,lastfm,0.9740239381790161,False,True,True,agreement
discogs_158131,lastFM_2763,discogs,lastfm,0.5298457145690918,False,False,True,plm_check_llm_yes
discogs_158131,lastFM_28427,discogs,lastfm,0.5767466425895691,False,False,True,plm_check_llm_yes
discogs_15819,lastFM_7673,discogs,lastfm,0.974427342414856,False,True,True,agreement
discogs_158438,lastFM_45129,discogs,lastfm,0.9430409073829651,False,False,True,plm_check_confident_pos
discogs_158438,lastFM_8515,discogs,lastfm,0.943942129611969,False,False,True,plm_check_confident_pos
discogs_158524,lastFM_68652,discogs,lastfm,0.9749646186828613,False,False,True,plm_check_confident_pos
discogs_15857,lastFM_7695,discogs,lastfm,0.9756298661231995,False,True,True,agreement
discogs_158600,lastFM_78226,discogs,lastfm,0.8567975163459778,False,False,True,plm_check_confident_pos
discogs_15905,lastFM_7721,discogs,lastfm,0.9751563668251038,False,True,True,agreement
discogs_159177,lastFM_13776,discogs,lastfm,0.9733245968818665,False,False,True,plm_check_confident_pos
discogs_159177,lastFM_473,discogs,lastfm,0.9738282561302185,False,False,True,plm_check_confident_pos
discogs_159177,lastFM_82759,discogs,lastfm,0.9725837707519531,False,False,True,plm_check_confident_pos
discogs_159177,lastFM_9718,discogs,lastfm,0.9736591577529907,False,False,True,plm_check_confident_pos
discogs_159484,lastFM_69002,discogs,lastfm,0.8443215489387512,False,False,True,plm_check_confident_pos
discogs_15966,lastFM_7752,discogs,lastfm,0.9317759275436401,False,True,True,agreement
discogs_15971,lastFM_7754,discogs,lastfm,0.9718405604362488,False,True,True,agreement
discogs_160,lastFM_93,discogs,lastfm,0.9591692090034485,False,True,True,agreement
discogs_1600,lastFM_890,discogs,lastfm,0.973671555519104,False,False,True,plm_check_confident_pos
discogs_16062,lastFM_7796,discogs,lastfm,0.9697846174240112,False,True,True,agreement
discogs_16093,lastFM_7807,discogs,lastfm,0.9745055437088013,False,True,True,agreement
discogs_161,lastFM_94,discogs,lastfm,0.9752512574195862,False,True,True,agreement
discogs_16103,lastFM_3054,discogs,lastfm,0.9738572835922241,False,False,True,plm_check_confident_pos
discogs_161160,lastFM_15191,discogs,lastfm,0.7765763998031616,False,False,True,plm_check_confident_pos
discogs_161160,lastFM_43813,discogs,lastfm,0.8056598901748657,False,False,True,plm_check_confident_pos
discogs_16131,lastFM_46450,discogs,lastfm,0.9734549522399902,False,True,True,agreement
discogs_16155,lastFM_7833,discogs,lastfm,0.9754356145858765,False,True,True,agreement
discogs_16174,lastFM_12227,discogs,lastfm,0.7378935217857361,False,False,True,plm_check_confident_pos
discogs_16174,lastFM_7845,discogs,lastfm,0.9531469345092773,False,False,True,plm_check_confident_pos
discogs_161924,lastFM_69853,discogs,lastfm,0.9191917181015015,False,True,True,agreement
discogs_16197,lastFM_7694,discogs,lastfm,0.7235056757926941,False,False,True,plm_check_confident_pos
discogs_16197,lastFM_7857,discogs,lastfm,0.7573561072349548,False,False,True,plm_check_confident_pos
discogs_16197,lastFM_7858,discogs,lastfm,0.9737599492073059,False,True,True,agreement
discogs_161995,lastFM_69888,discogs,lastfm,0.9750694036483765,False,True,True,agreement
discogs_16205,lastFM_7862,discogs,lastfm,0.9743421077728271,False,True,True,agreement
discogs_162055,lastFM_82166,discogs,lastfm,0.8123258352279663,False,False,True,plm_check_confident_pos
discogs_16218,lastFM_7866,discogs,lastfm,0.9751302003860474,False,True,True,agreement
discogs_16242,lastFM_7879,discogs,lastfm,0.9740538001060486,False,True,True,agreement
discogs_16262,lastFM_7890,discogs,lastfm,0.9749319553375244,False,True,True,agreement
discogs_16269,lastFM_7895,discogs,lastfm,0.9729074239730835,False,True,True,agreement
discogs_162702,lastFM_13093,discogs,lastfm,0.931522011756897,False,False,True,plm_check_confident_pos
discogs_16286,lastFM_7905,discogs,lastfm,0.9506272673606873,False,True,True,agreement
discogs_16286,lastFM_7914,discogs,lastfm,0.9236709475517273,False,False,True,plm_check_confident_pos
discogs_16308,lastFM_7905,discogs,lastfm,0.7855846285820007,False,False,True,plm_check_confident_pos
discogs_16308,lastFM_7914,discogs,lastfm,0.7358804941177368,False,True,True,agreement
discogs_16322,lastFM_66348,discogs,lastfm,0.9752333164215088,False,False,True,plm_check_confident_pos
discogs_16322,lastFM_7923,discogs,lastfm,0.9746007323265076,False,True,True,agreement
discogs_163242,lastFM_7695,discogs,lastfm,0.9748621582984924,False,False,True,plm_check_confident_pos
discogs_163380,lastFM_70418,discogs,lastfm,0.9742282629013062,False,False,True,plm_check_confident_pos
discogs_16342,lastFM_7934,discogs,lastfm,0.9533250331878662,False,True,True,agreement
discogs_1635,lastFM_901,discogs,lastfm,0.964840829372406,False,True,True,agreement
discogs_16370,lastFM_7945,discogs,lastfm,0.9750108122825623,False,False,True,plm_check_confident_pos
discogs_163812,lastFM_7410,discogs,lastfm,0.9748108386993408,False,False,True,plm_check_confident_pos
discogs_163853,lastFM_11715,discogs,lastfm,0.931876003742218,False,False,True,plm_check_confident_pos
discogs_164010,lastFM_69458,discogs,lastfm,0.7400380373001099,False,False,True,plm_check_confident_pos
discogs_164351,lastFM_33054,discogs,lastfm,0.9422237873077393,False,False,True,plm_check_confident_pos
discogs_164351,lastFM_43513,discogs,lastfm,0.9294326901435852,False,False,True,plm_check_confident_pos
discogs_164351,lastFM_66057,discogs,lastfm,0.9422237873077393,False,False,True,plm_check_confident_pos
discogs_164351,lastFM_70782,discogs,lastfm,0.9422237873077393,False,False,True,plm_check_confident_pos
discogs_164351,lastFM_71868,discogs,lastfm,0.9372397661209106,False,False,True,plm_check_confident_pos
discogs_164351,lastFM_74402,discogs,lastfm,0.9372397661209106,False,False,True,plm_check_confident_pos
discogs_164351,lastFM_78080,discogs,lastfm,0.9709317088127136,False,False,True,plm_check_confident_pos
discogs_164351,lastFM_8440,discogs,lastfm,0.930780827999115,False,False,True,plm_check_confident_pos
discogs_164542,lastFM_10376,discogs,lastfm,0.97219318151474,False,False,True,plm_check_confident_pos
discogs_164686,lastFM_70922,discogs,lastfm,0.9727160334587097,False,True,True,agreement
discogs_164861,lastFM_29702,discogs,lastfm,0.9526624083518982,False,False,True,plm_check_confident_pos
discogs_164861,lastFM_70995,discogs,lastfm,0.9114366769790649,False,False,True,plm_check_confident_pos
discogs_165185,lastFM_34141,discogs,lastfm,0.8278869986534119,False,False,True,plm_check_confident_pos
discogs_165185,lastFM_63831,discogs,lastfm,0.7492750287055969,False,False,True,plm_check_confident_pos
discogs_165185,lastFM_74550,discogs,lastfm,0.8349440693855286,False,False,True,plm_check_confident_pos
discogs_16548,lastFM_8041,discogs,lastfm,0.9721601009368896,False,True,True,agreement
discogs_165526,lastFM_39682,discogs,lastfm,0.91126549243927,False,False,True,plm_check_confident_pos
discogs_165526,lastFM_45508,discogs,lastfm,0.8988503217697144,False,False,True,plm_check_confident_pos
discogs_165526,lastFM_54721,discogs,lastfm,0.9139949083328247,False,False,True,plm_check_confident_pos
discogs_165526,lastFM_72107,discogs,lastfm,0.9686872959136963,False,False,True,plm_check_confident_pos
discogs_16570,lastFM_8050,discogs,lastfm,0.9753609895706177,False,True,True,agreement
discogs_16580,lastFM_8057,discogs,lastfm,0.9588067531585693,False,False,True,plm_check_confident_pos
discogs_165972,lastFM_71414,discogs,lastfm,0.9739315509796143,False,False,True,plm_check_confident_pos
discogs_16635,lastFM_8086,discogs,lastfm,0.967979907989502,False,True,True,agreement
discogs_166352,lastFM_71564,discogs,lastfm,0.9737721681594849,False,True,True,agreement
discogs_166382,lastFM_71574,discogs,lastfm,0.9723951816558838,False,True,True,agreement
discogs_1664,lastFM_3054,discogs,lastfm,0.8860329389572144,False,False,True,plm_check_confident_pos
discogs_16649,lastFM_8096,discogs,lastfm,0.9737123847007751,False,True,True,agreement
discogs_16686,lastFM_8113,discogs,lastfm,0.9528734683990479,False,True,True,agreement
discogs_167,lastFM_98,discogs,lastfm,0.9745261669158936,False,True,True,agreement
discogs_16702,lastFM_11312,discogs,lastfm,0.9517815709114075,False,False,True,plm_check_confident_pos
discogs_16702,lastFM_66470,discogs,lastfm,0.8811085224151611,False,False,True,plm_check_confident_pos
discogs_16707,lastFM_8123,discogs,lastfm,0.9730492830276489,False,True,True,agreement
discogs_167229,lastFM_5060,discogs,lastfm,0.9658423066139221,False,False,True,plm_check_confident_pos
discogs_16729,lastFM_8134,discogs,lastfm,0.9642033576965332,False,False,True,plm_check_confident_pos
discogs_16739,lastFM_8141,discogs,lastfm,0.9390271902084351,False,True,True,agreement
discogs_16764,lastFM_8155,discogs,lastfm,0.9754205346107483,False,True,True,agreement
discogs_1683,lastFM_924,discogs,lastfm,0.974953830242157,False,True,True,agreement
discogs_168351,lastFM_72299,discogs,lastfm,0.974741518497467,False,True,True,agreement
discogs_168351,lastFM_75741,discogs,lastfm,0.7345060706138611,False,False,True,plm_check_confident_pos
discogs_168588,lastFM_72401,discogs,lastfm,0.9735438823699951,False,True,True,agreement
discogs_16863,lastFM_8196,discogs,lastfm,0.9721986055374146,False,True,True,agreement
discogs_168682,lastFM_54914,discogs,lastfm,0.9580403566360474,False,False,True,plm_check_confident_pos
discogs_168682,lastFM_58213,discogs,lastfm,0.846504807472229,False,False,True,plm_check_confident_pos
discogs_168759,lastFM_72465,discogs,lastfm,0.9752951264381409,False,True,True,agreement
discogs_168764,lastFM_45935,discogs,lastfm,0.964725911617279,False,False,True,plm_check_confident_pos
discogs_168764,lastFM_78977,discogs,lastfm,0.9647257924079895,False,False,True,plm_check_confident_pos
discogs_168843,lastFM_27756,discogs,lastfm,0.9645583629608154,False,False,True,plm_check_confident_pos
discogs_16887,lastFM_8210,discogs,lastfm,0.7773423790931702,False,True,True,agreement
discogs_169100,lastFM_23106,discogs,lastfm,0.8844595551490784,False,False,True,plm_check_confident_pos
discogs_16925,lastFM_8229,discogs,lastfm,0.8572752475738525,False,True,True,agreement
discogs_169279,lastFM_1011,discogs,lastfm,0.9588872194290161,False,False,True,plm_check_confident_pos
discogs_169279,lastFM_13219,discogs,lastfm,0.9597800374031067,False,False,True,plm_check_confident_pos
discogs_169350,lastFM_45129,discogs,lastfm,0.9223372936248779,False,False,True,plm_check_confident_pos
discogs_169350,lastFM_8515,discogs,lastfm,0.9342151284217834,False,False,True,plm_check_confident_pos
discogs_16958,lastFM_8237,discogs,lastfm,0.9692465662956238,False,True,True,agreement
discogs_169673,lastFM_72861,discogs,lastfm,0.9729881882667542,False,False,True,plm_check_confident_pos
discogs_169673,lastFM_79640,discogs,lastfm,0.8771305084228516,False,False,True,plm_check_confident_pos
discogs_169712,lastFM_18556,discogs,lastfm,0.8104149103164673,False,False,True,plm_check_confident_pos
discogs_169712,lastFM_20173,discogs,lastfm,0.8794049620628357,False,False,True,plm_check_confident_pos
discogs_169712,lastFM_77264,discogs,lastfm,0.8197857141494751,False,False,True,plm_check_confident_pos
discogs_169761,lastFM_72903,discogs,lastfm,0.7741840481758118,False,True,True,agreement
discogs_169796,lastFM_48536,discogs,lastfm,0.7964681386947632,False,False,True,plm_check_confident_pos
discogs_16985,lastFM_8252,discogs,lastfm,0.9733673334121704,False,False,True,plm_check_confident_pos
discogs_169896,lastFM_72958,discogs,lastfm,0.949279248714447,False,True,True,agreement
discogs_16995,lastFM_8259,discogs,lastfm,0.9385003447532654,False,True,True,agreement
discogs_17,lastFM_11,discogs,lastfm,0.9170548319816589,False,True,True,agreement
discogs_17064,lastFM_8289,discogs,lastfm,0.9738847613334656,False,True,True,agreement
discogs_171225,lastFM_32579,discogs,lastfm,0.9268933534622192,False,False,True,plm_check_confident_pos
discogs_17144,lastFM_8322,discogs,lastfm,0.9352065324783325,False,False,True,plm_check_confident_pos
discogs_171579,lastFM_73651,discogs,lastfm,0.926692008972168,False,False,True,plm_check_confident_pos
discogs_17196,lastFM_8348,discogs,lastfm,0.9742404818534851,False,True,True,agreement
discogs_17217,lastFM_37496,discogs,lastfm,0.903395414352417,False,False,True,plm_check_confident_pos
discogs_17217,lastFM_38732,discogs,lastfm,0.9056046605110168,False,False,True,plm_check_confident_pos
discogs_17217,lastFM_38926,discogs,lastfm,0.9664576649665833,False,False,True,plm_check_confident_pos
discogs_17217,lastFM_64418,discogs,lastfm,0.9248924255371094,False,False,True,plm_check_confident_pos
discogs_172189,lastFM_30795,discogs,lastfm,0.9563555717468262,False,False,True,plm_check_confident_pos
discogs_172230,lastFM_17282,discogs,lastfm,0.6171039342880249,False,False,True,plm_check_llm_yes
discogs_172230,lastFM_26628,discogs,lastfm,0.9324639439582825,False,False,True,plm_check_confident_pos
discogs_172356,lastFM_4917,discogs,lastfm,0.9054614901542664,False,False,True,plm_check_confident_pos
discogs_17245,lastFM_8373,discogs,lastfm,0.9757885336875916,False,True,True,agreement
discogs_172500,lastFM_18556,discogs,lastfm,0.7371324300765991,False,False,True,plm_check_confident_pos
discogs_172500,lastFM_20173,discogs,lastfm,0.7612285614013672,False,False,True,plm_check_confident_pos
discogs_172500,lastFM_77264,discogs,lastfm,0.7468708157539368,False,False,True,plm_check_confident_pos
discogs_172956,lastFM_74164,discogs,lastfm,0.9729987978935242,False,False,True,plm_check_confident_pos
discogs_173037,lastFM_18556,discogs,lastfm,0.9448039531707764,False,False,True,plm_check_confident_pos
discogs_173037,lastFM_20173,discogs,lastfm,0.9493910074234009,False,False,True,plm_check_confident_pos
discogs_173037,lastFM_50373,discogs,lastfm,0.933305025100708,False,False,True,plm_check_confident_pos
discogs_173037,lastFM_77264,discogs,lastfm,0.9502140283584595,False,False,True,plm_check_confident_pos
discogs_17316,lastFM_8404,discogs,lastfm,0.9743363261222839,False,True,True,agreement
discogs_173214,lastFM_10369,discogs,lastfm,0.9735080599784851,False,False,True,plm_check_confident_pos
discogs_17352,lastFM_8416,discogs,lastfm,0.9734544157981873,False,True,True,agreement
discogs_17404,lastFM_8442,discogs,lastfm,0.9741341471672058,False,True,True,agreement
discogs_174064,lastFM_17282,discogs,lastfm,0.6813576817512512,False,False,True,plm_check_llm_yes
discogs_174064,lastFM_26628,discogs,lastfm,0.9485166072845459,False,False,True,plm_check_confident_pos
discogs_174064,lastFM_73579,discogs,lastfm,0.8846179246902466,False,False,True,plm_check_confident_pos
discogs_174064,lastFM_76287,discogs,lastfm,0.8409973382949829,False,False,True,plm_check_confident_pos
discogs_174314,lastFM_74701,discogs,lastfm,0.6505200862884521,False,False,True,plm_check_llm_yes
discogs_17434,lastFM_8454,discogs,lastfm,0.9734610915184021,False,True,True,agreement
discogs_174437,lastFM_2442,discogs,lastfm,0.9683004021644592,False,True,True,agreement
discogs_174884,lastFM_74938,discogs,lastfm,0.9735249876976013,False,True,True,agreement
discogs_17500,lastFM_8483,discogs,lastfm,0.9753565788269043,False,True,True,agreement
discogs_175031,lastFM_18500,discogs,lastfm,0.9170843362808228,False,False,True,plm_check_confident_pos
discogs_17509,lastFM_8488,discogs,lastfm,0.9476768374443054,False,True,True,agreement
discogs_175166,lastFM_202,discogs,lastfm,0.9750344157218933,False,False,True,plm_check_confident_pos
discogs_175499,lastFM_75145,discogs,lastfm,0.8995081782341003,False,False,True,plm_check_confident_pos
discogs_175607,lastFM_75188,discogs,lastfm,0.898025393486023,False,False,True,plm_check_confident_pos
discogs_17565,lastFM_8517,discogs,lastfm,0.973656415939331,False,True,True,agreement
discogs_176,lastFM_101,discogs,lastfm,0.9738172888755798,False,True,True,agreement
discogs_176018,lastFM_75432,discogs,lastfm,0.9446815848350525,False,False,True,plm_check_confident_pos
discogs_176018,lastFM_75956,discogs,lastfm,0.9084600806236267,False,False,True,plm_check_confident_pos
discogs_176234,lastFM_32579,discogs,lastfm,0.9725062847137451,False,False,True,plm_check_confident_pos
discogs_176452,lastFM_75539,discogs,lastfm,0.973254382610321,False,True,True,agreement
discogs_176644,lastFM_58877,discogs,lastfm,0.8202430605888367,False,False,True,plm_check_confident_pos
discogs_176903,lastFM_75715,discogs,lastfm,0.9732532501220703,False,True,True,agreement
discogs_17698,lastFM_8572,discogs,lastfm,0.9365719556808472,False,False,True,plm_check_confident_pos
discogs_177,lastFM_102,discogs,lastfm,0.9280505180358887,False,False,True,plm_check_confident_pos
discogs_17709,lastFM_8578,discogs,lastfm,0.9752315282821655,False,True,True,agreement
discogs_17716,lastFM_8582,discogs,lastfm,0.9590604305267334,False,True,True,agreement
discogs_177937,lastFM_64465,discogs,lastfm,0.9701554179191589,False,False,True,plm_check_confident_pos
discogs_178,lastFM_103,discogs,lastfm,0.8252049684524536,False,True,True,agreement
discogs_178,lastFM_13052,discogs,lastfm,0.9187594056129456,False,False,True,plm_check_confident_pos
discogs_17834,lastFM_8633,discogs,lastfm,0.9740771055221558,False,False,True,plm_check_confident_pos
discogs_178610,lastFM_55954,discogs,lastfm,0.7112099528312683,False,False,True,plm_check_confident_pos
discogs_178646,lastFM_76355,discogs,lastfm,0.9745861291885376,False,True,True,agreement
discogs_17874,lastFM_8650,discogs,lastfm,0.9394884705543518,False,True,True,agreement
discogs_17875,lastFM_8651,discogs,lastfm,0.9394989013671875,False,True,True,agreement
discogs_178966,lastFM_76477,discogs,lastfm,0.9556451439857483,False,False,True,plm_check_confident_pos
discogs_17915,lastFM_8676,discogs,lastfm,0.9742211103439331,False,True,True,agreement
discogs_179222,lastFM_10485,discogs,lastfm,0.6206017136573792,False,True,True,agreement
discogs_179222,lastFM_14312,discogs,lastfm,0.9729287028312683,False,False,True,plm_check_confident_pos
discogs_179222,lastFM_6375,discogs,lastfm,0.9421058893203735,False,False,True,plm_check_confident_pos
discogs_17965,lastFM_8700,discogs,lastfm,0.9735679626464844,False,False,True,plm_check_confident_pos
discogs_1799,lastFM_988,discogs,lastfm,0.973633348941803,False,True,True,agreement
discogs_180,lastFM_104,discogs,lastfm,0.943598747253418,False,True,True,agreement
discogs_18003,lastFM_8725,discogs,lastfm,0.973655641078949,False,True,True,agreement
discogs_18013,lastFM_8730,discogs,lastfm,0.9740006923675537,False,True,True,agreement
discogs_180273,lastFM_77000,discogs,lastfm,0.9729068279266357,False,True,True,agreement
discogs_1804,lastFM_991,discogs,lastfm,0.9379398822784424,False,True,True,agreement
discogs_18047,lastFM_8749,discogs,lastfm,0.948412299156189,False,True,True,agreement
discogs_18053,lastFM_8752,discogs,lastfm,0.969689130783081,False,True,True,agreement
discogs_180690,lastFM_15436,discogs,lastfm,0.8194452524185181,False,False,True,plm_check_confident_pos
discogs_18098,lastFM_8777,discogs,lastfm,0.97381192445755,False,True,True,agreement
discogs_181092,lastFM_77296,discogs,lastfm,0.9692803621292114,False,False,True,plm_check_confident_pos
discogs_181281,lastFM_77358,discogs,lastfm,0.9656912088394165,False,False,True,plm_check_confident_pos
discogs_181422,lastFM_77418,discogs,lastfm,0.9620519280433655,False,True,True,agreement
discogs_18145,lastFM_8798,discogs,lastfm,0.9278176426887512,False,False,True,plm_check_confident_pos
discogs_1817,lastFM_997,discogs,lastfm,0.609163761138916,False,True,True,agreement
discogs_181892,lastFM_77569,discogs,lastfm,0.9741446375846863,False,True,True,agreement
discogs_1819,lastFM_999,discogs,lastfm,0.9729748964309692,False,False,True,plm_check_confident_pos
discogs_18229,lastFM_8828,discogs,lastfm,0.6063078045845032,False,True,True,agreement
discogs_18235,lastFM_8830,discogs,lastfm,0.9665703773498535,False,True,True,agreement
discogs_1825,lastFM_1002,discogs,lastfm,0.9741703271865845,False,True,True,agreement
discogs_18290,lastFM_8850,discogs,lastfm,0.9559074640274048,False,True,True,agreement
discogs_182925,lastFM_77985,discogs,lastfm,0.9337010383605957,False,False,True,plm_check_confident_pos
discogs_18298,lastFM_8853,discogs,lastfm,0.9755247831344604,False,True,True,agreement
discogs_183149,lastFM_24713,discogs,lastfm,0.975143313407898,False,False,True,plm_check_confident_pos
discogs_183149,lastFM_7604,discogs,lastfm,0.8684870004653931,False,False,True,plm_check_confident_pos
discogs_183590,lastFM_78226,discogs,lastfm,0.958225429058075,False,False,True,plm_check_confident_pos
discogs_18378,lastFM_8885,discogs,lastfm,0.9758383631706238,False,False,True,plm_check_confident_pos
discogs_183859,lastFM_43813,discogs,lastfm,0.6815764307975769,False,False,True,plm_check_llm_yes
discogs_184525,lastFM_25494,discogs,lastfm,0.9149208068847656,False,False,True,plm_check_confident_pos
discogs_18462,lastFM_3745,discogs,lastfm,0.9401025176048279,False,True,True,agreement
discogs_184703,lastFM_77418,discogs,lastfm,0.9723899960517883,False,False,True,plm_check_confident_pos
discogs_18484,lastFM_8938,discogs,lastfm,0.9748741984367371,False,True,True,agreement
discogs_184979,lastFM_78755,discogs,lastfm,0.9731219410896301,False,True,True,agreement
discogs_18531,lastFM_8961,discogs,lastfm,0.9749017953872681,False,False,True,plm_check_confident_pos
discogs_18570,lastFM_3990,discogs,lastfm,0.9631428122520447,False,False,True,plm_check_confident_pos
discogs_186,lastFM_106,discogs,lastfm,0.9729757905006409,False,False,True,plm_check_confident_pos
discogs_186566,lastFM_79324,discogs,lastfm,0.9054120182991028,False,False,True,plm_check_confident_pos
discogs_18675,lastFM_7609,discogs,lastfm,0.9748145937919617,False,True,True,agreement
discogs_18681,lastFM_9039,discogs,lastfm,0.9393578171730042,False,True,True,agreement
discogs_187353,lastFM_22303,discogs,lastfm,0.9490017294883728,False,False,True,plm_check_confident_pos
discogs_187353,lastFM_23892,discogs,lastfm,0.7192511558532715,False,False,True,plm_check_confident_pos
discogs_18755,lastFM_9072,discogs,lastfm,0.9325987100601196,False,False,True,plm_check_confident_pos
discogs_18765,lastFM_9076,discogs,lastfm,0.9525576233863831,False,True,True,agreement
discogs_187659,lastFM_27337,discogs,lastfm,0.9124139547348022,False,False,True,plm_check_confident_pos
discogs_18797,lastFM_9093,discogs,lastfm,0.974712073802948,False,True,True,agreement
discogs_188150,lastFM_48859,discogs,lastfm,0.9661270976066589,False,False,True,plm_check_confident_pos
discogs_188345,lastFM_69002,discogs,lastfm,0.8968526124954224,False,False,True,plm_check_confident_pos
discogs_18850,lastFM_14230,discogs,lastfm,0.8053814172744751,False,False,True,plm_check_confident_pos
discogs_18850,lastFM_9112,discogs,lastfm,0.8841878175735474,False,True,True,agreement
discogs_18875,lastFM_9124,discogs,lastfm,0.9728241562843323,False,True,True,agreement
discogs_189,lastFM_108,discogs,lastfm,0.9754028916358948,False,True,True,agreement
discogs_189,lastFM_122,discogs,lastfm,0.9187498688697815,False,False,True,plm_check_confident_pos
discogs_18901,lastFM_9137,discogs,lastfm,0.9715061783790588,False,True,True,agreement
discogs_189613,lastFM_25990,discogs,lastfm,0.9523745179176331,False,False,True,plm_check_confident_pos
discogs_189613,lastFM_33338,discogs,lastfm,0.8360974192619324,False,False,True,plm_check_confident_pos
discogs_189743,lastFM_80564,discogs,lastfm,0.9694562554359436,False,True,True,agreement
discogs_18983,lastFM_9180,discogs,lastfm,0.9735646843910217,False,True,True,agreement
discogs_189937,lastFM_20173,discogs,lastfm,0.7213143706321716,False,False,True,plm_check_confident_pos
discogs_189937,lastFM_77264,discogs,lastfm,0.7058007121086121,False,False,True,plm_check_confident_pos
discogs_19005,lastFM_5677,discogs,lastfm,0.965518057346344,False,True,True,agreement
discogs_19027,lastFM_9204,discogs,lastfm,0.9746461510658264,False,False,True,plm_check_confident_pos
discogs_190645,lastFM_483,discogs,lastfm,0.9752650856971741,False,False,True,plm_check_confident_pos
discogs_190923,lastFM_6998,discogs,lastfm,0.9724553823471069,False,False,True,plm_check_confident_pos
discogs_19104,lastFM_9238,discogs,lastfm,0.945724368095398,False,True,True,agreement
discogs_191075,lastFM_15208,discogs,lastfm,0.946860671043396,False,False,True,plm_check_confident_pos
discogs_191099,lastFM_81062,discogs,lastfm,0.8600252270698547,False,True,True,agreement
discogs_19120,lastFM_9247,discogs,lastfm,0.9734453558921814,False,False,True,plm_check_confident_pos
discogs_1913,lastFM_1037,discogs,lastfm,0.9730105400085449,False,True,True,agreement
discogs_191440,lastFM_26362,discogs,lastfm,0.9756893515586853,False,False,True,plm_check_confident_pos
discogs_19148,lastFM_9254,discogs,lastfm,0.9747163653373718,False,True,True,agreement
discogs_19183,lastFM_9267,discogs,lastfm,0.9736855626106262,False,True,True,agreement
discogs_191949,lastFM_3785,discogs,lastfm,0.9608553051948547,False,False,True,plm_check_confident_pos
discogs_192,lastFM_109,discogs,lastfm,0.9217197895050049,False,True,True,agreement
discogs_1920,lastFM_1041,discogs,lastfm,0.9691885709762573,False,True,True,agreement
discogs_192117,lastFM_28771,discogs,lastfm,0.7099815607070923,False,False,True,plm_check_confident_pos
discogs_19227,lastFM_9281,discogs,lastfm,0.9694482088088989,False,True,True,agreement
discogs_192740,lastFM_81675,discogs,lastfm,0.9745980501174927,False,True,True,agreement
discogs_193004,lastFM_81776,discogs,lastfm,0.9749387502670288,False,True,True,agreement
discogs_19315,lastFM_9321,discogs,lastfm,0.9734708070755005,False,True,True,agreement
discogs_193163,lastFM_6998,discogs,lastfm,0.9724553823471069,False,False,True,plm_check_confident_pos
discogs_19357,lastFM_9344,discogs,lastfm,0.9389526844024658,False,True,True,agreement
discogs_193712,lastFM_82014,discogs,lastfm,0.9747684597969055,False,True,True,agreement
discogs_194,lastFM_111,discogs,lastfm,0.8920179605484009,False,True,True,agreement
discogs_19400,lastFM_9367,discogs,lastfm,0.9290673732757568,False,True,True,agreement
discogs_19405,lastFM_9369,discogs,lastfm,0.7003973722457886,False,False,True,plm_check_confident_pos
discogs_19411,lastFM_9373,discogs,lastfm,0.9751889109611511,False,False,True,plm_check_confident_pos
discogs_19414,lastFM_9374,discogs,lastfm,0.9744361639022827,False,True,True,agreement
discogs_19417,lastFM_9377,discogs,lastfm,0.9741790294647217,False,True,True,agreement
discogs_19454,lastFM_9401,discogs,lastfm,0.9302271604537964,False,True,True,agreement
discogs_195089,lastFM_13375,discogs,lastfm,0.7041990756988525,False,False,True,plm_check_confident_pos
discogs_195089,lastFM_59735,discogs,lastfm,0.9398403763771057,False,False,True,plm_check_confident_pos
discogs_195089,lastFM_63354,discogs,lastfm,0.7041990756988525,False,False,True,plm_check_confident_pos
discogs_195089,lastFM_73863,discogs,lastfm,0.9293395280838013,False,False,True,plm_check_confident_pos
discogs_19510,lastFM_9432,discogs,lastfm,0.9745970368385315,False,True,True,agreement
discogs_195103,lastFM_82535,discogs,lastfm,0.9733378291130066,False,True,True,agreement
discogs_19535,lastFM_9440,discogs,lastfm,0.9597455263137817,False,True,True,agreement
discogs_195582,lastFM_17282,discogs,lastfm,0.8129624128341675,False,False,True,plm_check_confident_pos
discogs_195582,lastFM_26628,discogs,lastfm,0.904035210609436,False,False,True,plm_check_confident_pos
discogs_195582,lastFM_73579,discogs,lastfm,0.8159305453300476,False,False,True,plm_check_confident_pos
discogs_195582,lastFM_76287,discogs,lastfm,0.8396132588386536,False,False,True,plm_check_confident_pos
discogs_19561,lastFM_9458,discogs,lastfm,0.9734334945678711,False,True,True,agreement
discogs_195613,lastFM_82704,discogs,lastfm,0.97389155626297,False,True,True,agreement
discogs_19585,lastFM_9468,discogs,lastfm,0.9749433994293213,False,True,True,agreement
discogs_196,lastFM_113,discogs,lastfm,0.9759275913238525,False,False,True,plm_check_confident_pos
discogs_19604,lastFM_9475,discogs,lastfm,0.9732233285903931,False,True,True,agreement
discogs_19605,lastFM_9476,discogs,lastfm,0.9733991622924805,False,True,True,agreement
discogs_196481,lastFM_483,discogs,lastfm,0.9753536581993103,False,False,True,plm_check_confident_pos
discogs_1965,lastFM_1056,discogs,lastfm,0.9667420983314514,False,True,True,agreement
discogs_19653,lastFM_9500,discogs,lastfm,0.9746666550636292,False,True,True,agreement
discogs_196553,lastFM_2186,discogs,lastfm,0.9756546020507812,False,False,True,plm_check_confident_pos
discogs_196644,lastFM_32111,discogs,lastfm,0.9301274418830872,False,False,True,plm_check_confident_pos
discogs_19670,lastFM_9509,discogs,lastfm,0.97368985414505,False,True,True,agreement
discogs_196709,lastFM_13320,discogs,lastfm,0.9612263441085815,False,False,True,plm_check_confident_pos
discogs_197,lastFM_114,discogs,lastfm,0.9738399982452393,False,True,True,agreement
discogs_19732,lastFM_9536,discogs,lastfm,0.9633786678314209,False,False,True,plm_check_confident_pos
discogs_19801,lastFM_9569,discogs,lastfm,0.9710615873336792,False,True,True,agreement
discogs_1985,lastFM_1644,discogs,lastfm,0.922747790813446,False,True,True,agreement
discogs_1997,lastFM_1074,discogs,lastfm,0.9687575101852417,False,True,True,agreement
discogs_20019,lastFM_9662,discogs,lastfm,0.9521052241325378,False,True,True,agreement
discogs_20081,lastFM_9687,discogs,lastfm,0.9112415313720703,False,False,True,plm_check_confident_pos
discogs_20115,lastFM_9708,discogs,lastfm,0.9737009406089783,False,True,True,agreement
discogs_202,lastFM_119,discogs,lastfm,0.9733368158340454,False,True,True,agreement
discogs_203,lastFM_120,discogs,lastfm,0.9697348475456238,False,True,True,agreement
discogs_20315,lastFM_9809,discogs,lastfm,0.9750185012817383,False,True,True,agreement
discogs_20352,lastFM_9835,discogs,lastfm,0.9416398406028748,False,True,True,agreement
discogs_20414,lastFM_9869,discogs,lastfm,0.974311888217926,False,False,True,plm_check_confident_pos
discogs_20465,lastFM_9890,discogs,lastfm,0.965235710144043,False,True,True,agreement
discogs_20468,lastFM_4182,discogs,lastfm,0.9604012966156006,False,True,True,agreement
discogs_20607,lastFM_9944,discogs,lastfm,0.9544857740402222,False,False,True,plm_check_confident_pos
discogs_20617,lastFM_20173,discogs,lastfm,0.7986011505126953,False,False,True,plm_check_confident_pos
discogs_20617,lastFM_77264,discogs,lastfm,0.709572970867157,False,False,True,plm_check_confident_pos
discogs_20633,lastFM_9959,discogs,lastfm,0.9734272956848145,False,False,True,plm_check_confident_pos
discogs_2064,lastFM_1103,discogs,lastfm,0.9354169964790344,False,True,True,agreement
discogs_20646,lastFM_9966,discogs,lastfm,0.9735934734344482,False,True,True,agreement
discogs_20669,lastFM_9975,discogs,lastfm,0.9731348156929016,False,False,True,plm_check_confident_pos
discogs_2074,lastFM_1110,discogs,lastfm,0.9740419387817383,False,True,True,agreement
discogs_20831,lastFM_10055,discogs,lastfm,0.9744594693183899,False,True,True,agreement
discogs_20842,lastFM_10061,discogs,lastfm,0.9747449159622192,False,True,True,agreement
discogs_20894,lastFM_8592,discogs,lastfm,0.9449688196182251,False,True,True,agreement
discogs_209,lastFM_108,discogs,lastfm,0.9754374623298645,False,False,True,plm_check_confident_pos
discogs_209,lastFM_122,discogs,lastfm,0.9752203226089478,False,True,True,agreement
discogs_2091,lastFM_1117,discogs,lastfm,0.9731089472770691,False,True,True,agreement
discogs_21,lastFM_38950,discogs,lastfm,0.7403110861778259,False,True,True,agreement
discogs_21003,lastFM_10140,discogs,lastfm,0.9661709070205688,False,True,True,agreement
discogs_212,lastFM_124,discogs,lastfm,0.9741587042808533,False,True,True,agreement
discogs_2131,lastFM_81,discogs,lastfm,0.9593283534049988,False,True,True,agreement
discogs_21329,lastFM_10307,discogs,lastfm,0.974762499332428,False,False,True,plm_check_confident_pos
discogs_21354,lastFM_10319,discogs,lastfm,0.975615918636322,False,True,True,agreement
discogs_21358,lastFM_10322,discogs,lastfm,0.8980455994606018,False,False,True,plm_check_confident_pos
discogs_21401,lastFM_10343,discogs,lastfm,0.9748650193214417,False,True,True,agreement
discogs_21474,lastFM_10376,discogs,lastfm,0.9745385050773621,False,True,True,agreement
discogs_21565,lastFM_10423,discogs,lastfm,0.9736403822898865,False,True,True,agreement
discogs_21684,lastFM_482,discogs,lastfm,0.9737603068351746,False,True,True,agreement
discogs_21687,lastFM_10485,discogs,lastfm,0.7996845245361328,False,False,True,plm_check_confident_pos
discogs_21687,lastFM_14312,discogs,lastfm,0.9388182759284973,False,False,True,plm_check_confident_pos
discogs_21687,lastFM_6375,discogs,lastfm,0.9158164858818054,False,False,True,plm_check_confident_pos
discogs_21695,lastFM_10489,discogs,lastfm,0.9750288724899292,False,True,True,agreement
discogs_21696,lastFM_10490,discogs,lastfm,0.9734562039375305,False,True,True,agreement
discogs_2171,lastFM_1156,discogs,lastfm,0.942294180393219,False,True,True,agreement
discogs_21751,lastFM_13375,discogs,lastfm,0.7041990756988525,False,False,True,plm_check_confident_pos
discogs_21751,lastFM_59735,discogs,lastfm,0.9398403763771057,False,False,True,plm_check_confident_pos
discogs_21751,lastFM_63354,discogs,lastfm,0.7041990756988525,False,False,True,plm_check_confident_pos
discogs_21751,lastFM_73863,discogs,lastfm,0.9293395280838013,False,False,True,plm_check_confident_pos
discogs_21828,lastFM_50472,discogs,lastfm,0.7872236371040344,False,True,True,agreement
discogs_21829,lastFM_46574,discogs,lastfm,0.8891465663909912,False,True,True,agreement
discogs_21884,lastFM_10587,discogs,lastfm,0.9408640265464783,False,True,True,agreement
discogs_219,lastFM_128,discogs,lastfm,0.9473024010658264,False,False,True,plm_check_confident_pos
discogs_21903,lastFM_10597,discogs,lastfm,0.9385141134262085,False,True,True,agreement
discogs_21963,lastFM_10624,discogs,lastfm,0.9695304036140442,False,True,True,agreement
discogs_21964,lastFM_10625,discogs,lastfm,0.9721473455429077,False,True,True,agreement
discogs_21977,lastFM_1011,discogs,lastfm,0.9169483780860901,False,False,True,plm_check_confident_pos
discogs_21977,lastFM_13219,discogs,lastfm,0.9339163899421692,False,False,True,plm_check_confident_pos
discogs_220,lastFM_129,discogs,lastfm,0.9751326441764832,False,True,True,agreement
discogs_2200,lastFM_1165,discogs,lastfm,0.9742247462272644,False,False,True,plm_check_confident_pos
discogs_22030,lastFM_10615,discogs,lastfm,0.9732692837715149,False,True,True,agreement
discogs_22092,lastFM_14312,discogs,lastfm,0.9292319416999817,False,False,True,plm_check_confident_pos
discogs_22092,lastFM_6375,discogs,lastfm,0.9234480857849121,False,False,True,plm_check_confident_pos
discogs_22150,lastFM_10714,discogs,lastfm,0.9725728631019592,False,True,True,agreement
discogs_22224,lastFM_10749,discogs,lastfm,0.9748145937919617,False,True,True,agreement
discogs_22250,lastFM_10763,discogs,lastfm,0.9732488393783569,False,True,True,agreement
discogs_2228,lastFM_1178,discogs,lastfm,0.9739084839820862,False,True,True,agreement
discogs_22292,lastFM_10787,discogs,lastfm,0.9749138355255127,False,True,True,agreement
discogs_2231,lastFM_1179,discogs,lastfm,0.9754269123077393,False,True,True,agreement
discogs_22352,lastFM_10823,discogs,lastfm,0.9666489958763123,False,False,True,plm_check_confident_pos
discogs_22381,lastFM_10839,discogs,lastfm,0.9655648469924927,False,True,True,agreement
discogs_22388,lastFM_50472,discogs,lastfm,0.8010433912277222,False,False,True,plm_check_confident_pos
discogs_22401,lastFM_10849,discogs,lastfm,0.971336841583252,False,True,True,agreement
discogs_22411,lastFM_10857,discogs,lastfm,0.9532108306884766,False,False,True,plm_check_confident_pos
discogs_22437,lastFM_10871,discogs,lastfm,0.9572789072990417,False,True,True,agreement
discogs_22471,lastFM_10891,discogs,lastfm,0.9302443861961365,False,False,True,plm_check_confident_pos
discogs_22502,lastFM_10906,discogs,lastfm,0.9742160439491272,False,True,True,agreement
discogs_2253,lastFM_1189,discogs,lastfm,0.9739117622375488,False,True,True,agreement
discogs_22538,lastFM_10915,discogs,lastfm,0.9743866920471191,False,True,True,agreement
discogs_22582,lastFM_10937,discogs,lastfm,0.9739465117454529,False,False,True,plm_check_confident_pos
discogs_226,lastFM_131,discogs,lastfm,0.9543002843856812,False,True,True,agreement
discogs_22608,lastFM_10951,discogs,lastfm,0.8986226320266724,False,False,True,plm_check_confident_pos
discogs_22639,lastFM_10966,discogs,lastfm,0.9688478112220764,False,True,True,agreement
discogs_22640,lastFM_10967,discogs,lastfm,0.9739346504211426,False,True,True,agreement
discogs_22653,lastFM_10972,discogs,lastfm,0.975337564945221,False,True,True,agreement
discogs_22772,lastFM_11032,discogs,lastfm,0.9517742395401001,False,True,True,agreement
discogs_22786,lastFM_11039,discogs,lastfm,0.9750270247459412,False,True,True,agreement
discogs_22812,lastFM_11047,discogs,lastfm,0.9729421734809875,False,True,True,agreement
discogs_22859,lastFM_11073,discogs,lastfm,0.9744622707366943,False,True,True,agreement
discogs_22924,lastFM_11103,discogs,lastfm,0.9733940958976746,False,True,True,agreement
discogs_22924,lastFM_63601,discogs,lastfm,0.9546327590942383,False,False,True,plm_check_confident_pos
discogs_22963,lastFM_11122,discogs,lastfm,0.9333138465881348,False,False,True,plm_check_confident_pos
discogs_230,lastFM_134,discogs,lastfm,0.5538907647132874,False,True,True,agreement
discogs_23096,lastFM_11176,discogs,lastfm,0.9098235964775085,False,True,True,agreement
discogs_2310,lastFM_1213,discogs,lastfm,0.9435854554176331,False,True,True,agreement
discogs_23104,lastFM_9511,discogs,lastfm,0.948673665523529,False,True,True,agreement
discogs_2311,lastFM_2555,discogs,lastfm,0.974670946598053,False,False,True,plm_check_confident_pos
discogs_2318,lastFM_1216,discogs,lastfm,0.955829918384552,False,True,True,agreement
discogs_23208,lastFM_11224,discogs,lastfm,0.9219892621040344,False,True,True,agreement
discogs_23212,lastFM_11228,discogs,lastfm,0.9728662371635437,False,True,True,agreement
discogs_2323,lastFM_1219,discogs,lastfm,0.9732189178466797,False,True,True,agreement
discogs_23295,lastFM_52066,discogs,lastfm,0.7732168436050415,False,False,True,plm_check_confident_pos
discogs_23295,lastFM_58941,discogs,lastfm,0.7751519680023193,False,False,True,plm_check_confident_pos
discogs_23295,lastFM_6084,discogs,lastfm,0.9302621483802795,False,False,True,plm_check_confident_pos
discogs_23371,lastFM_11312,discogs,lastfm,0.8746203780174255,False,True,True,agreement
discogs_234,lastFM_137,discogs,lastfm,0.9727920889854431,False,True,True,agreement
discogs_23476,lastFM_11368,discogs,lastfm,0.9651668667793274,False,False,True,plm_check_confident_pos
discogs_2349,lastFM_6641,discogs,lastfm,0.9744715690612793,False,True,True,agreement
discogs_23515,lastFM_11389,discogs,lastfm,0.9030388593673706,False,True,True,agreement
discogs_23533,lastFM_11395,discogs,lastfm,0.9730815291404724,False,True,True,agreement
discogs_23576,lastFM_883,discogs,lastfm,0.9745497107505798,False,True,True,agreement
discogs_237,lastFM_140,discogs,lastfm,0.9599853157997131,False,True,True,agreement
discogs_2370,lastFM_1241,discogs,lastfm,0.9737368822097778,False,True,True,agreement
discogs_23754,lastFM_11500,discogs,lastfm,0.9736925959587097,False,True,True,agreement
discogs_23836,lastFM_11541,discogs,lastfm,0.9268868565559387,False,True,True,agreement
discogs_23881,lastFM_11561,discogs,lastfm,0.9757212400436401,False,True,True,agreement
discogs_239,lastFM_142,discogs,lastfm,0.9698744416236877,False,True,True,agreement
discogs_2390,lastFM_1253,discogs,lastfm,0.9455333948135376,False,True,True,agreement
discogs_23943,lastFM_11590,discogs,lastfm,0.9638725519180298,False,True,True,agreement
discogs_2398,lastFM_1255,discogs,lastfm,0.9750219583511353,False,True,True,agreement
discogs_23999,lastFM_14591,discogs,lastfm,0.9630126953125,False,False,True,plm_check_confident_pos
discogs_24008,lastFM_11620,discogs,lastfm,0.9339790940284729,False,True,True,agreement
discogs_24028,lastFM_290,discogs,lastfm,0.9756898880004883,False,False,True,plm_check_confident_pos
discogs_24065,lastFM_11647,discogs,lastfm,0.8227047920227051,False,False,True,plm_check_confident_pos
discogs_24065,lastFM_5211,discogs,lastfm,0.9752070307731628,False,False,True,plm_check_confident_pos
discogs_24126,lastFM_39682,discogs,lastfm,0.890832245349884,False,False,True,plm_check_confident_pos
discogs_24126,lastFM_45508,discogs,lastfm,0.9234862923622131,False,False,True,plm_check_confident_pos
discogs_24126,lastFM_54721,discogs,lastfm,0.9251617193222046,False,False,True,plm_check_confident_pos
discogs_24126,lastFM_72107,discogs,lastfm,0.9746335744857788,False,False,True,plm_check_confident_pos
discogs_2421,lastFM_1264,discogs,lastfm,0.9744964838027954,False,True,True,agreement
discogs_24211,lastFM_11713,discogs,lastfm,0.9739977121353149,False,True,True,agreement
discogs_243,lastFM_146,discogs,lastfm,0.9748775959014893,False,True,True,agreement
discogs_24336,lastFM_11773,discogs,lastfm,0.9746876358985901,False,True,True,agreement
discogs_24349,lastFM_11781,discogs,lastfm,0.9742722511291504,False,True,True,agreement
discogs_245,lastFM_148,discogs,lastfm,0.9612955451011658,False,True,True,agreement
discogs_24658,lastFM_11922,discogs,lastfm,0.9756467938423157,False,True,True,agreement
discogs_24669,lastFM_11929,discogs,lastfm,0.9738232493400574,False,True,True,agreement
discogs_24785,lastFM_11860,discogs,lastfm,0.9744705557823181,False,True,True,agreement
discogs_24831,lastFM_12017,discogs,lastfm,0.9330559968948364,False,True,True,agreement
discogs_24900,lastFM_12057,discogs,lastfm,0.965901792049408,False,False,True,plm_check_confident_pos
discogs_24976,lastFM_12086,discogs,lastfm,0.9747134447097778,False,True,True,agreement
discogs_250,lastFM_152,discogs,lastfm,0.9578470587730408,False,True,True,agreement
discogs_25008,lastFM_12102,discogs,lastfm,0.9747801423072815,False,True,True,agreement
discogs_25044,lastFM_12123,discogs,lastfm,0.974145233631134,False,True,True,agreement
discogs_2506,lastFM_1297,discogs,lastfm,0.9737093448638916,False,True,True,agreement
discogs_2506,lastFM_22364,discogs,lastfm,0.9702885150909424,False,False,True,plm_check_confident_pos
discogs_2506,lastFM_32352,discogs,lastfm,0.9159035682678223,False,False,True,plm_check_confident_pos
discogs_2506,lastFM_35747,discogs,lastfm,0.9025347828865051,False,False,True,plm_check_confident_pos
discogs_2506,lastFM_36675,discogs,lastfm,0.9078494310379028,False,False,True,plm_check_confident_pos
discogs_25158,lastFM_78523,discogs,lastfm,0.7187517881393433,False,False,True,plm_check_confident_pos
discogs_252,lastFM_154,discogs,lastfm,0.9731888771057129,False,True,True,agreement
discogs_25200,lastFM_4150,discogs,lastfm,0.9755831360816956,False,True,True,agreement
discogs_25246,lastFM_6828,discogs,lastfm,0.8671331405639648,False,True,True,agreement
discogs_25297,lastFM_12227,discogs,lastfm,0.9755491018295288,False,False,True,plm_check_confident_pos
discogs_254,lastFM_155,discogs,lastfm,0.9736735820770264,False,False,True,plm_check_confident_pos
discogs_2551,lastFM_1322,discogs,lastfm,0.9152022004127502,False,True,True,agreement
discogs_25521,lastFM_12330,discogs,lastfm,0.943039059638977,False,True,True,agreement
discogs_25548,lastFM_7973,discogs,lastfm,0.9174709916114807,False,True,True,agreement
discogs_25552,lastFM_27756,discogs,lastfm,0.7042655348777771,False,True,True,agreement
discogs_256,lastFM_156,discogs,lastfm,0.9566032886505127,False,True,True,agreement
discogs_25616,lastFM_12376,discogs,lastfm,0.8938067555427551,False,False,True,plm_check_confident_pos
discogs_25660,lastFM_12402,discogs,lastfm,0.9739556312561035,False,True,True,agreement
discogs_25677,lastFM_12409,discogs,lastfm,0.9495602250099182,False,True,True,agreement
discogs_25746,lastFM_12445,discogs,lastfm,0.9574667811393738,False,True,True,agreement
discogs_25843,lastFM_40025,discogs,lastfm,0.7239514589309692,False,False,True,plm_check_confident_pos
discogs_25844,lastFM_12488,discogs,lastfm,0.9379568696022034,False,True,True,agreement
discogs_25892,lastFM_12507,discogs,lastfm,0.9500795602798462,False,False,True,plm_check_confident_pos
discogs_2592,lastFM_1342,discogs,lastfm,0.9219792485237122,False,True,True,agreement
discogs_25943,lastFM_5552,discogs,lastfm,0.5810107588768005,False,False,True,plm_check_llm_yes
discogs_25988,lastFM_12547,discogs,lastfm,0.9749153256416321,False,True,True,agreement
discogs_26,lastFM_16,discogs,lastfm,0.9074532985687256,False,True,True,agreement
discogs_2600,lastFM_1345,discogs,lastfm,0.97264164686203,False,True,True,agreement
discogs_26010,lastFM_12559,discogs,lastfm,0.9736878275871277,False,True,True,agreement
discogs_26010,lastFM_48038,discogs,lastfm,0.8623570799827576,False,False,True,plm_check_confident_pos
discogs_26153,lastFM_12629,discogs,lastfm,0.9731874465942383,False,True,True,agreement
discogs_26172,lastFM_21535,discogs,lastfm,0.9449446201324463,False,True,True,agreement
discogs_26180,lastFM_69002,discogs,lastfm,0.917878270149231,False,False,True,plm_check_confident_pos
discogs_26343,lastFM_12718,discogs,lastfm,0.9316233992576599,False,False,True,plm_check_confident_pos
discogs_266,lastFM_164,discogs,lastfm,0.9732599258422852,False,True,True,agreement
discogs_26614,lastFM_12829,discogs,lastfm,0.9735696315765381,False,True,True,agreement
discogs_26627,lastFM_21535,discogs,lastfm,0.9582722783088684,False,False,True,plm_check_confident_pos
discogs_26638,lastFM_53264,discogs,lastfm,0.7503064870834351,False,False,True,plm_check_confident_pos
discogs_26679,lastFM_12869,discogs,lastfm,0.9173781871795654,False,True,True,agreement
discogs_26684,lastFM_12873,discogs,lastfm,0.9745851159095764,False,True,True,agreement
discogs_2669,lastFM_1375,discogs,lastfm,0.9731338024139404,False,True,True,agreement
discogs_2673,lastFM_1378,discogs,lastfm,0.9380921721458435,False,True,True,agreement
discogs_26742,lastFM_12904,discogs,lastfm,0.9735812544822693,False,True,True,agreement
discogs_26762,lastFM_3891,discogs,lastfm,0.922661542892456,False,True,True,agreement
discogs_26807,lastFM_12929,discogs,lastfm,0.9386792778968811,False,False,True,plm_check_confident_pos
discogs_26815,lastFM_12932,discogs,lastfm,0.972802460193634,False,True,True,agreement
discogs_26824,lastFM_12935,discogs,lastfm,0.8248474597930908,False,True,True,agreement
discogs_26866,lastFM_12957,discogs,lastfm,0.9640601873397827,False,True,True,agreement
discogs_26877,lastFM_12961,discogs,lastfm,0.9703965783119202,False,False,True,plm_check_confident_pos
discogs_26886,lastFM_12964,discogs,lastfm,0.9591933488845825,False,True,True,agreement
discogs_26933,lastFM_12988,discogs,lastfm,0.973709225654602,False,True,True,agreement
discogs_26939,lastFM_12991,discogs,lastfm,0.9320948719978333,False,True,True,agreement
discogs_26967,lastFM_13001,discogs,lastfm,0.9629429578781128,False,True,True,agreement
discogs_26994,lastFM_13011,discogs,lastfm,0.9742361903190613,False,True,True,agreement
discogs_27016,lastFM_13022,discogs,lastfm,0.93310546875,False,True,True,agreement
discogs_2712,lastFM_1394,discogs,lastfm,0.9747217297554016,False,True,True,agreement
discogs_27161,lastFM_13089,discogs,lastfm,0.9738709926605225,False,True,True,agreement
discogs_2720,lastFM_1399,discogs,lastfm,0.9433697462081909,False,True,True,agreement
discogs_2724,lastFM_1401,discogs,lastfm,0.961218535900116,False,True,True,agreement
discogs_273,lastFM_168,discogs,lastfm,0.9698176980018616,False,False,True,plm_check_confident_pos
discogs_27302,lastFM_13153,discogs,lastfm,0.9744394421577454,False,False,True,plm_check_confident_pos
discogs_27336,lastFM_5060,discogs,lastfm,0.9711374044418335,False,True,True,agreement
discogs_27371,lastFM_13181,discogs,lastfm,0.9718393087387085,False,False,True,plm_check_confident_pos
discogs_2739,lastFM_364,discogs,lastfm,0.9307563304901123,False,False,True,plm_check_confident_pos
discogs_27404,lastFM_13196,discogs,lastfm,0.9733561277389526,False,True,True,agreement
discogs_27518,lastFM_13258,discogs,lastfm,0.8371527791023254,False,True,True,agreement
discogs_276,lastFM_170,discogs,lastfm,0.9744500517845154,False,False,True,plm_check_confident_pos
discogs_27639,lastFM_13307,discogs,lastfm,0.9736767411231995,False,True,True,agreement
discogs_27676,lastFM_13320,discogs,lastfm,0.9716109037399292,False,True,True,agreement
discogs_27681,lastFM_13323,discogs,lastfm,0.9732953906059265,False,True,True,agreement
discogs_27684,lastFM_13325,discogs,lastfm,0.9729588627815247,False,True,True,agreement
discogs_277,lastFM_171,discogs,lastfm,0.8763840794563293,False,False,True,plm_check_confident_pos
discogs_27705,lastFM_13334,discogs,lastfm,0.6351668834686279,False,True,True,agreement
discogs_27767,lastFM_13362,discogs,lastfm,0.9469944834709167,False,True,True,agreement
discogs_27788,lastFM_13371,discogs,lastfm,0.9503099322319031,False,True,True,agreement
discogs_27823,lastFM_13392,discogs,lastfm,0.8426485061645508,False,True,True,agreement
discogs_27853,lastFM_13406,discogs,lastfm,0.9743443727493286,False,True,True,agreement
discogs_27926,lastFM_13439,discogs,lastfm,0.9645417332649231,False,True,True,agreement
discogs_27993,lastFM_13470,discogs,lastfm,0.9492860436439514,False,True,True,agreement
discogs_27996,lastFM_13472,discogs,lastfm,0.9741944074630737,False,True,True,agreement
discogs_28006,lastFM_13478,discogs,lastfm,0.9656577706336975,False,False,True,plm_check_confident_pos
discogs_281,lastFM_172,discogs,lastfm,0.9542917609214783,False,True,True,agreement
discogs_28271,lastFM_15001,discogs,lastfm,0.8989903330802917,False,False,True,plm_check_confident_pos
discogs_28288,lastFM_13595,discogs,lastfm,0.9744354486465454,False,True,True,agreement
discogs_28351,lastFM_13630,discogs,lastfm,0.9746041297912598,False,False,True,plm_check_confident_pos
discogs_284,lastFM_48094,discogs,lastfm,0.8844162821769714,False,False,True,plm_check_confident_pos
discogs_28502,lastFM_13701,discogs,lastfm,0.9685884118080139,False,True,True,agreement
discogs_28524,lastFM_13715,discogs,lastfm,0.9551556706428528,False,True,True,agreement
discogs_28542,lastFM_13729,discogs,lastfm,0.9415066838264465,False,True,True,agreement
discogs_28579,lastFM_13747,discogs,lastfm,0.9745477437973022,False,False,True,plm_check_confident_pos
discogs_28649,lastFM_13785,discogs,lastfm,0.9698929786682129,False,True,True,agreement
discogs_28668,lastFM_13794,discogs,lastfm,0.9732644557952881,False,True,True,agreement
discogs_28713,lastFM_13815,discogs,lastfm,0.9520076513290405,False,True,True,agreement
discogs_28749,lastFM_13834,discogs,lastfm,0.9736109972000122,False,False,True,plm_check_confident_pos
discogs_28753,lastFM_13837,discogs,lastfm,0.9654110074043274,False,True,True,agreement
discogs_2876,lastFM_1473,discogs,lastfm,0.9739588499069214,False,True,True,agreement
discogs_288,lastFM_176,discogs,lastfm,0.9747166037559509,False,True,True,agreement
discogs_28807,lastFM_13861,discogs,lastfm,0.9721605181694031,False,True,True,agreement
discogs_289,lastFM_177,discogs,lastfm,0.9734585881233215,False,True,True,agreement
discogs_28918,lastFM_13911,discogs,lastfm,0.9682450890541077,False,False,True,plm_check_confident_pos
discogs_28931,lastFM_13921,discogs,lastfm,0.9279760122299194,False,True,True,agreement
discogs_28934,lastFM_13922,discogs,lastfm,0.9401406645774841,False,False,True,plm_check_confident_pos
discogs_28954,lastFM_9651,discogs,lastfm,0.9656397104263306,False,True,True,agreement
discogs_28995,lastFM_13952,discogs,lastfm,0.9741843342781067,False,True,True,agreement
discogs_29045,lastFM_32579,discogs,lastfm,0.9738658666610718,False,False,True,plm_check_confident_pos
discogs_29049,lastFM_13975,discogs,lastfm,0.9747133255004883,False,True,True,agreement
discogs_29061,lastFM_13979,discogs,lastfm,0.9436426162719727,False,True,True,agreement
discogs_2907,lastFM_1490,discogs,lastfm,0.9734898805618286,False,True,True,agreement
discogs_29084,lastFM_13985,discogs,lastfm,0.9750467538833618,False,True,True,agreement
discogs_29209,lastFM_14034,discogs,lastfm,0.9731849431991577,False,True,True,agreement
discogs_29288,lastFM_14063,discogs,lastfm,0.9750456213951111,False,True,True,agreement
discogs_29324,lastFM_14082,discogs,lastfm,0.8937972187995911,False,False,True,plm_check_confident_pos
discogs_29377,lastFM_14109,discogs,lastfm,0.9456782937049866,False,True,True,agreement
discogs_29443,lastFM_14139,discogs,lastfm,0.7912811636924744,False,False,True,plm_check_confident_pos
discogs_29465,lastFM_14149,discogs,lastfm,0.9318137168884277,False,True,True,agreement
discogs_29466,lastFM_14150,discogs,lastfm,0.973287045955658,False,True,True,agreement
discogs_295,lastFM_179,discogs,lastfm,0.9390943646430969,False,True,True,agreement
discogs_29529,lastFM_14182,discogs,lastfm,0.9753302931785583,False,True,True,agreement
discogs_29642,lastFM_14230,discogs,lastfm,0.7504639029502869,False,True,True,agreement
discogs_29752,lastFM_14281,discogs,lastfm,0.9738839864730835,False,True,True,agreement
discogs_29815,lastFM_14309,discogs,lastfm,0.9521481394767761,False,True,True,agreement
discogs_29881,lastFM_14340,discogs,lastfm,0.9738714098930359,False,True,True,agreement
discogs_29887,lastFM_32579,discogs,lastfm,0.9734642505645752,False,False,True,plm_check_confident_pos
discogs_2993,lastFM_1528,discogs,lastfm,0.9753803014755249,False,True,True,agreement
discogs_29972,lastFM_3745,discogs,lastfm,0.9307164549827576,False,False,True,plm_check_confident_pos
discogs_29991,lastFM_14393,discogs,lastfm,0.9735211730003357,False,True,True,agreement
discogs_3,lastFM_1,discogs,lastfm,0.9733911752700806,False,True,True,agreement
discogs_3,lastFM_28992,discogs,lastfm,0.9095299243927002,False,False,True,plm_check_confident_pos
discogs_30061,lastFM_2038,discogs,lastfm,0.9740487337112427,False,True,True,agreement
discogs_30299,lastFM_3139,discogs,lastfm,0.9734823107719421,False,True,True,agreement
discogs_3035,lastFM_1546,discogs,lastfm,0.9729120135307312,False,False,True,plm_check_confident_pos
discogs_30446,lastFM_14591,discogs,lastfm,0.9569469094276428,False,True,True,agreement
discogs_30502,lastFM_14609,discogs,lastfm,0.9696709513664246,False,True,True,agreement
discogs_30502,lastFM_57563,discogs,lastfm,0.9734732508659363,False,False,True,plm_check_confident_pos
discogs_30549,lastFM_14633,discogs,lastfm,0.9694193005561829,False,True,True,agreement
discogs_30550,lastFM_14634,discogs,lastfm,0.9558882713317871,False,True,True,agreement
discogs_3057,lastFM_1557,discogs,lastfm,0.9648701548576355,False,True,True,agreement
discogs_3057,lastFM_51455,discogs,lastfm,0.8084485530853271,False,False,True,plm_check_confident_pos
discogs_30709,lastFM_14695,discogs,lastfm,0.9657574892044067,False,False,True,plm_check_confident_pos
discogs_3081,lastFM_1572,discogs,lastfm,0.974992036819458,False,True,True,agreement
discogs_30890,lastFM_14780,discogs,lastfm,0.9744974970817566,False,True,True,agreement
discogs_30919,lastFM_17651,discogs,lastfm,0.9122655987739563,False,False,True,plm_check_confident_pos
discogs_30957,lastFM_14811,discogs,lastfm,0.9486149549484253,False,True,True,agreement
discogs_311,lastFM_186,discogs,lastfm,0.974057674407959,False,True,True,agreement
discogs_31187,lastFM_14924,discogs,lastfm,0.9686882495880127,False,True,True,agreement
discogs_31194,lastFM_14926,discogs,lastfm,0.9596872329711914,False,False,True,plm_check_confident_pos
discogs_31284,lastFM_14961,discogs,lastfm,0.8306007385253906,False,False,True,plm_check_confident_pos
discogs_31284,lastFM_22174,discogs,lastfm,0.9229979515075684,False,True,True,agreement
discogs_31284,lastFM_54815,discogs,lastfm,0.8065046668052673,False,False,True,plm_check_confident_pos
discogs_31285,lastFM_14962,discogs,lastfm,0.8980536460876465,False,True,True,agreement
discogs_31300,lastFM_14970,discogs,lastfm,0.9736020565032959,False,True,True,agreement
discogs_31349,lastFM_14995,discogs,lastfm,0.9736812710762024,False,True,True,agreement
discogs_31353,lastFM_14998,discogs,lastfm,0.966038167476654,False,True,True,agreement
discogs_31365,lastFM_15001,discogs,lastfm,0.9730643630027771,False,False,True,plm_check_confident_pos
discogs_3141,lastFM_1603,discogs,lastfm,0.975098192691803,False,True,True,agreement
discogs_31421,lastFM_15027,discogs,lastfm,0.9501231908798218,False,True,True,agreement
discogs_31455,lastFM_15043,discogs,lastfm,0.9648629426956177,False,True,True,agreement
discogs_315,lastFM_189,discogs,lastfm,0.97166508436203,False,True,True,agreement
discogs_31671,lastFM_15118,discogs,lastfm,0.947163462638855,False,True,True,agreement
discogs_31687,lastFM_60088,discogs,lastfm,0.9470497965812683,False,True,True,agreement
discogs_317,lastFM_191,discogs,lastfm,0.9668124318122864,False,True,True,agreement
discogs_318,lastFM_1754,discogs,lastfm,0.9474151730537415,False,False,True,plm_check_confident_pos
discogs_31879,lastFM_15206,discogs,lastfm,0.9747807383537292,False,False,True,plm_check_confident_pos
discogs_31882,lastFM_15208,discogs,lastfm,0.9726815223693848,False,True,True,agreement
discogs_32000,lastFM_15260,discogs,lastfm,0.9733765721321106,False,False,True,plm_check_confident_pos
discogs_32003,lastFM_15261,discogs,lastfm,0.9749173521995544,False,True,True,agreement
discogs_3217,lastFM_1644,discogs,lastfm,0.945185124874115,False,False,True,plm_check_confident_pos
discogs_322,lastFM_3203,discogs,lastfm,0.9357970356941223,False,True,True,agreement
discogs_32243,lastFM_15374,discogs,lastfm,0.9744018316268921,False,False,True,plm_check_confident_pos
discogs_32283,lastFM_15394,discogs,lastfm,0.9733553528785706,False,False,True,plm_check_confident_pos
discogs_32308,lastFM_15409,discogs,lastfm,0.9734453558921814,False,True,True,agreement
discogs_3235,lastFM_1656,discogs,lastfm,0.9731279611587524,False,True,True,agreement
discogs_32364,lastFM_24545,discogs,lastfm,0.9735532402992249,False,False,True,plm_check_confident_pos
discogs_32612,lastFM_15533,discogs,lastfm,0.9742934107780457,False,True,True,agreement
discogs_327,lastFM_198,discogs,lastfm,0.9525482058525085,False,True,True,agreement
discogs_32718,lastFM_15594,discogs,lastfm,0.9740347266197205,False,True,True,agreement
discogs_32722,lastFM_15597,discogs,lastfm,0.9724847674369812,False,True,True,agreement
discogs_32747,lastFM_15602,discogs,lastfm,0.9724589586257935,False,True,True,agreement
discogs_32804,lastFM_82365,discogs,lastfm,0.8335416316986084,False,False,True,plm_check_confident_pos
discogs_33069,lastFM_15742,discogs,lastfm,0.9726572036743164,False,False,True,plm_check_confident_pos
discogs_33118,lastFM_15771,discogs,lastfm,0.9200459122657776,False,True,True,agreement
discogs_33178,lastFM_15800,discogs,lastfm,0.973172664642334,False,True,True,agreement
discogs_332,lastFM_17798,discogs,lastfm,0.9054144620895386,False,False,True,plm_check_confident_pos
discogs_332,lastFM_200,discogs,lastfm,0.9738677144050598,False,True,True,agreement
discogs_33211,lastFM_12501,discogs,lastfm,0.9743227362632751,False,True,True,agreement
discogs_33221,lastFM_15824,discogs,lastfm,0.9606643915176392,False,True,True,agreement
discogs_333,lastFM_201,discogs,lastfm,0.9741430878639221,False,True,True,agreement
discogs_334,lastFM_202,discogs,lastfm,0.9752461314201355,False,True,True,agreement
discogs_33433,lastFM_15940,discogs,lastfm,0.9319466352462769,False,True,True,agreement
discogs_33461,lastFM_15952,discogs,lastfm,0.9747380018234253,False,True,True,agreement
discogs_33498,lastFM_15968,discogs,lastfm,0.9305147528648376,False,True,True,agreement
discogs_33525,lastFM_15983,discogs,lastfm,0.9748862981796265,False,False,True,plm_check_confident_pos
discogs_33551,lastFM_15997,discogs,lastfm,0.9664634466171265,False,False,True,plm_check_confident_pos
discogs_33631,lastFM_16037,discogs,lastfm,0.9207160472869873,False,True,True,agreement
discogs_33750,lastFM_16082,discogs,lastfm,0.9702985286712646,False,True,True,agreement
discogs_33852,lastFM_16125,discogs,lastfm,0.9251407980918884,False,True,True,agreement
discogs_33925,lastFM_16149,discogs,lastfm,0.9743283987045288,False,True,True,agreement
discogs_33970,lastFM_16166,discogs,lastfm,0.9698846340179443,False,False,True,plm_check_confident_pos
discogs_33982,lastFM_16171,discogs,lastfm,0.8821808099746704,False,True,True,agreement
discogs_33982,lastFM_16795,discogs,lastfm,0.6709672212600708,False,False,True,plm_check_llm_yes
discogs_33994,lastFM_16175,discogs,lastfm,0.9737324714660645,False,False,True,plm_check_confident_pos
discogs_34098,lastFM_16216,discogs,lastfm,0.9742743968963623,False,True,True,agreement
discogs_341,lastFM_206,discogs,lastfm,0.9748318195343018,False,False,True,plm_check_confident_pos
discogs_34162,lastFM_16241,discogs,lastfm,0.972924530506134,False,True,True,agreement
discogs_3423,lastFM_483,discogs,lastfm,0.9498826265335083,False,False,True,plm_check_confident_pos
discogs_34272,lastFM_16298,discogs,lastfm,0.9745157361030579,False,True,True,agreement
discogs_3431,lastFM_1755,discogs,lastfm,0.9501969814300537,False,False,True,plm_check_confident_pos
discogs_34322,lastFM_16317,discogs,lastfm,0.9753422737121582,False,True,True,agreement
discogs_34498,lastFM_16401,discogs,lastfm,0.9743656516075134,False,True,True,agreement
discogs_34540,lastFM_16420,discogs,lastfm,0.7528717517852783,False,True,True,agreement
discogs_34584,lastFM_16440,discogs,lastfm,0.6669791340827942,False,True,True,agreement
discogs_3460,lastFM_1769,discogs,lastfm,0.9693608283996582,False,True,True,agreement
discogs_34606,lastFM_16449,discogs,lastfm,0.9257368445396423,False,True,True,agreement
discogs_34722,lastFM_16500,discogs,lastfm,0.9218874573707581,False,True,True,agreement
discogs_34725,lastFM_16503,discogs,lastfm,0.9309774041175842,False,False,True,plm_check_confident_pos
discogs_34731,lastFM_16506,discogs,lastfm,0.9315206408500671,False,True,True,agreement
discogs_34736,lastFM_16509,discogs,lastfm,0.9746395945549011,False,False,True,plm_check_confident_pos
discogs_3478,lastFM_1777,discogs,lastfm,0.9749270677566528,False,True,True,agreement
discogs_34853,lastFM_16567,discogs,lastfm,0.9678374528884888,False,True,True,agreement
discogs_34884,lastFM_16581,discogs,lastfm,0.9753842353820801,False,True,True,agreement
discogs_34982,lastFM_75759,discogs,lastfm,0.9582454562187195,False,False,True,plm_check_confident_pos
discogs_35103,lastFM_67549,discogs,lastfm,0.9418431520462036,False,True,True,agreement
discogs_35120,lastFM_16701,discogs,lastfm,0.9334205985069275,False,True,True,agreement
discogs_35148,lastFM_16720,discogs,lastfm,0.9355868101119995,False,True,True,agreement
discogs_35167,lastFM_16730,discogs,lastfm,0.9743050932884216,False,True,True,agreement
discogs_35293,lastFM_16789,discogs,lastfm,0.8740214705467224,False,True,True,agreement
discogs_35350,lastFM_16821,discogs,lastfm,0.9747032523155212,False,True,True,agreement
discogs_35373,lastFM_16835,discogs,lastfm,0.857177197933197,False,True,True,agreement
discogs_35375,lastFM_16836,discogs,lastfm,0.9336392879486084,False,True,True,agreement
discogs_3541,lastFM_1628,discogs,lastfm,0.9749733209609985,False,True,True,agreement
discogs_35477,lastFM_16886,discogs,lastfm,0.9734460711479187,False,True,True,agreement
discogs_35594,lastFM_16936,discogs,lastfm,0.9127703905105591,False,True,True,agreement
discogs_35628,lastFM_16956,discogs,lastfm,0.9748247861862183,False,True,True,agreement
discogs_35628,lastFM_22519,discogs,lastfm,0.9567592740058899,False,False,True,plm_check_confident_pos
discogs_35700,lastFM_15027,discogs,lastfm,0.9234745502471924,False,False,True,plm_check_confident_pos
discogs_35700,lastFM_16989,discogs,lastfm,0.9753562211990356,False,False,True,plm_check_confident_pos
discogs_35741,lastFM_17008,discogs,lastfm,0.861967921257019,False,True,True,agreement
discogs_35811,lastFM_17042,discogs,lastfm,0.975226879119873,False,True,True,agreement
discogs_35820,lastFM_17046,discogs,lastfm,0.9741876125335693,False,False,True,plm_check_confident_pos
discogs_35974,lastFM_17116,discogs,lastfm,0.972096860408783,False,True,True,agreement
discogs_35983,lastFM_17121,discogs,lastfm,0.9739238619804382,False,True,True,agreement
discogs_36020,lastFM_17138,discogs,lastfm,0.8928779363632202,False,True,True,agreement
discogs_36050,lastFM_3745,discogs,lastfm,0.876054584980011,False,False,True,plm_check_confident_pos
discogs_36104,lastFM_22480,discogs,lastfm,0.8850699663162231,False,False,True,plm_check_confident_pos
discogs_36131,lastFM_17186,discogs,lastfm,0.9731010794639587,False,True,True,agreement
discogs_36151,lastFM_17195,discogs,lastfm,0.9743629097938538,False,False,True,plm_check_confident_pos
discogs_36182,lastFM_12961,discogs,lastfm,0.9749431610107422,False,False,True,plm_check_confident_pos
discogs_36293,lastFM_17250,discogs,lastfm,0.975557267665863,False,False,True,plm_check_confident_pos
discogs_36438,lastFM_17317,discogs,lastfm,0.9684967994689941,False,True,True,agreement
discogs_36606,lastFM_17400,discogs,lastfm,0.9637476801872253,False,True,True,agreement
discogs_3661,lastFM_1851,discogs,lastfm,0.9741976261138916,False,True,True,agreement
discogs_36671,lastFM_17430,discogs,lastfm,0.9742607474327087,False,True,True,agreement
discogs_36675,lastFM_17433,discogs,lastfm,0.9156397581100464,False,True,True,agreement
discogs_36690,lastFM_483,discogs,lastfm,0.9516804218292236,False,False,True,plm_check_confident_pos
discogs_36796,lastFM_4182,discogs,lastfm,0.9608978033065796,False,False,True,plm_check_confident_pos
discogs_36802,lastFM_17495,discogs,lastfm,0.9733874201774597,False,True,True,agreement
discogs_3685,lastFM_20104,discogs,lastfm,0.8529512882232666,False,False,True,plm_check_confident_pos
discogs_3685,lastFM_23621,discogs,lastfm,0.7602594494819641,False,False,True,plm_check_confident_pos
discogs_3685,lastFM_809,discogs,lastfm,0.9142041802406311,False,True,True,agreement
discogs_36865,lastFM_17523,discogs,lastfm,0.9729962348937988,False,True,True,agreement
discogs_36870,lastFM_13320,discogs,lastfm,0.9521283507347107,False,False,True,plm_check_confident_pos
discogs_36887,lastFM_2706,discogs,lastfm,0.9319468140602112,False,False,True,plm_check_confident_pos
discogs_36920,lastFM_17555,discogs,lastfm,0.9729587435722351,False,False,True,plm_check_confident_pos
discogs_3712,lastFM_1876,discogs,lastfm,0.974852442741394,False,True,True,agreement
discogs_37120,lastFM_17651,discogs,lastfm,0.9741635322570801,False,False,True,plm_check_confident_pos
discogs_37168,lastFM_17665,discogs,lastfm,0.9343754649162292,False,True,True,agreement
discogs_3720,lastFM_1882,discogs,lastfm,0.9739904999732971,False,True,True,agreement
discogs_37256,lastFM_17709,discogs,lastfm,0.9732219576835632,False,True,True,agreement
discogs_37316,lastFM_17733,discogs,lastfm,0.9730352759361267,False,True,True,agreement
discogs_37375,lastFM_17765,discogs,lastfm,0.9733055233955383,False,True,True,agreement
discogs_3740,lastFM_1892,discogs,lastfm,0.9345603585243225,False,True,True,agreement
discogs_37402,lastFM_17778,discogs,lastfm,0.973653256893158,False,True,True,agreement
discogs_37405,lastFM_17780,discogs,lastfm,0.9729551076889038,False,True,True,agreement
discogs_37434,lastFM_14564,discogs,lastfm,0.9714756608009338,False,True,True,agreement
discogs_37464,lastFM_17810,discogs,lastfm,0.8292585015296936,False,True,True,agreement
discogs_3750,lastFM_1898,discogs,lastfm,0.9751405119895935,False,True,True,agreement
discogs_37505,lastFM_49954,discogs,lastfm,0.9736473560333252,False,True,True,agreement
discogs_37525,lastFM_17834,discogs,lastfm,0.9736860394477844,False,True,True,agreement
discogs_37577,lastFM_17855,discogs,lastfm,0.9746577143669128,False,True,True,agreement
discogs_37589,lastFM_17860,discogs,lastfm,0.975597083568573,False,True,True,agreement
discogs_37627,lastFM_17881,discogs,lastfm,0.9703903198242188,False,True,True,agreement
discogs_3771,lastFM_1909,discogs,lastfm,0.9754181504249573,False,True,True,agreement
discogs_37754,lastFM_17933,discogs,lastfm,0.9533816576004028,False,True,True,agreement
discogs_37770,lastFM_23574,discogs,lastfm,0.761117696762085,False,True,True,agreement
discogs_37788,lastFM_78523,discogs,lastfm,0.6301623582839966,False,False,True,plm_check_llm_yes
discogs_37889,lastFM_17992,discogs,lastfm,0.9459865093231201,False,True,True,agreement
discogs_37928,lastFM_18006,discogs,lastfm,0.7361536026000977,False,False,True,plm_check_confident_pos
discogs_37934,lastFM_18007,discogs,lastfm,0.969874918460846,False,True,True,agreement
discogs_3812,lastFM_1923,discogs,lastfm,0.9728437662124634,False,True,True,agreement
discogs_38120,lastFM_18096,discogs,lastfm,0.9732682704925537,False,True,True,agreement
discogs_38232,lastFM_18151,discogs,lastfm,0.9757855534553528,False,True,True,agreement
discogs_38346,lastFM_18208,discogs,lastfm,0.9521317481994629,False,True,True,agreement
discogs_3843,lastFM_1935,discogs,lastfm,0.6292812824249268,False,True,True,agreement
discogs_38471,lastFM_18269,discogs,lastfm,0.9662266969680786,False,False,True,plm_check_confident_pos
discogs_38558,lastFM_18318,discogs,lastfm,0.9114046096801758,False,True,True,agreement
discogs_38645,lastFM_18358,discogs,lastfm,0.9656405448913574,False,True,True,agreement
discogs_38657,lastFM_18365,discogs,lastfm,0.9460020661354065,False,True,True,agreement
discogs_38678,lastFM_18371,discogs,lastfm,0.809628963470459,False,True,True,agreement
discogs_3868,lastFM_1946,discogs,lastfm,0.9687157869338989,False,True,True,agreement
discogs_38684,lastFM_17552,discogs,lastfm,0.9194811582565308,False,True,True,agreement
discogs_38713,lastFM_18389,discogs,lastfm,0.9739322662353516,False,True,True,agreement
discogs_38783,lastFM_18420,discogs,lastfm,0.9734525680541992,False,True,True,agreement
discogs_38786,lastFM_18421,discogs,lastfm,0.9623222351074219,False,False,True,plm_check_confident_pos
discogs_388,lastFM_225,discogs,lastfm,0.9748479127883911,False,True,True,agreement
discogs_38838,lastFM_67205,discogs,lastfm,0.7770717740058899,False,False,True,plm_check_confident_pos
discogs_38886,lastFM_18473,discogs,lastfm,0.9744482636451721,False,True,True,agreement
discogs_38956,lastFM_18500,discogs,lastfm,0.926628053188324,False,True,True,agreement
discogs_39084,lastFM_18556,discogs,lastfm,0.6850902438163757,False,True,True,agreement
discogs_39084,lastFM_77264,discogs,lastfm,0.7150706052780151,False,False,True,plm_check_confident_pos
discogs_39094,lastFM_18559,discogs,lastfm,0.9731743335723877,False,True,True,agreement
discogs_39175,lastFM_4917,discogs,lastfm,0.711013674736023,False,False,True,plm_check_confident_pos
discogs_39210,lastFM_18609,discogs,lastfm,0.9291602373123169,False,False,True,plm_check_confident_pos
discogs_39238,lastFM_23574,discogs,lastfm,0.8836933970451355,False,False,True,plm_check_confident_pos
discogs_3927,lastFM_1973,discogs,lastfm,0.9738904237747192,False,False,True,plm_check_confident_pos
discogs_3927,lastFM_2073,discogs,lastfm,0.9584851264953613,False,False,True,plm_check_confident_pos
discogs_3927,lastFM_6784,discogs,lastfm,0.8442056179046631,False,True,True,agreement
discogs_39307,lastFM_18652,discogs,lastfm,0.9582827687263489,False,True,True,agreement
discogs_39338,lastFM_7221,discogs,lastfm,0.9599496126174927,False,False,True,plm_check_confident_pos
discogs_39421,lastFM_111,discogs,lastfm,0.8920179605484009,False,False,True,plm_check_confident_pos
discogs_39611,lastFM_18786,discogs,lastfm,0.8809142112731934,False,False,True,plm_check_confident_pos
discogs_39621,lastFM_13391,discogs,lastfm,0.9670934081077576,False,True,True,agreement
discogs_39628,lastFM_18794,discogs,lastfm,0.9325675368309021,False,True,True,agreement
discogs_39651,lastFM_364,discogs,lastfm,0.9374025464057922,False,False,True,plm_check_confident_pos
discogs_39816,lastFM_18881,discogs,lastfm,0.9745201468467712,False,False,True,plm_check_confident_pos
discogs_39901,lastFM_18922,discogs,lastfm,0.9714482426643372,False,True,True,agreement
discogs_4,lastFM_2,discogs,lastfm,0.9412803053855896,False,True,True,agreement
discogs_40,lastFM_24,discogs,lastfm,0.9652798175811768,False,False,True,plm_check_confident_pos
discogs_40107,lastFM_19022,discogs,lastfm,0.9728263020515442,False,True,True,agreement
discogs_40133,lastFM_19031,discogs,lastfm,0.9352598190307617,False,True,True,agreement
discogs_40185,lastFM_19054,discogs,lastfm,0.9213892817497253,False,True,True,agreement
discogs_40210,lastFM_18227,discogs,lastfm,0.9753662347793579,False,True,True,agreement
discogs_40271,lastFM_19094,discogs,lastfm,0.9732273817062378,False,False,True,plm_check_confident_pos
discogs_40278,lastFM_19099,discogs,lastfm,0.9732052683830261,False,True,True,agreement
discogs_4039,lastFM_2023,discogs,lastfm,0.9235842227935791,False,True,True,agreement
discogs_404,lastFM_236,discogs,lastfm,0.9752511382102966,False,True,True,agreement
discogs_40400,lastFM_19152,discogs,lastfm,0.9508506655693054,False,True,True,agreement
discogs_40459,lastFM_19183,discogs,lastfm,0.9736273884773254,False,True,True,agreement
discogs_40462,lastFM_19184,discogs,lastfm,0.944278359413147,False,True,True,agreement
discogs_4048,lastFM_2025,discogs,lastfm,0.9728224277496338,False,True,True,agreement
discogs_4049,lastFM_2026,discogs,lastfm,0.9497506618499756,False,True,True,agreement
discogs_40584,lastFM_19240,discogs,lastfm,0.8547831773757935,False,False,True,plm_check_confident_pos
discogs_40655,lastFM_19273,discogs,lastfm,0.9748982787132263,False,False,True,plm_check_confident_pos
discogs_40693,lastFM_19292,discogs,lastfm,0.9751440286636353,False,True,True,agreement
discogs_4071,lastFM_2033,discogs,lastfm,0.9729610085487366,False,True,True,agreement
discogs_40736,lastFM_19310,discogs,lastfm,0.9254152774810791,False,True,True,agreement
discogs_4074,lastFM_1683,discogs,lastfm,0.9737431406974792,False,True,True,agreement
discogs_40742,lastFM_19312,discogs,lastfm,0.9749363660812378,False,True,True,agreement
discogs_40761,lastFM_19324,discogs,lastfm,0.9747733473777771,False,True,True,agreement
discogs_408,lastFM_1754,discogs,lastfm,0.9586912393569946,False,False,True,plm_check_confident_pos
discogs_40959,lastFM_2540,discogs,lastfm,0.9736607074737549,False,False,True,plm_check_confident_pos
discogs_40981,lastFM_19415,discogs,lastfm,0.9666407704353333,False,False,True,plm_check_confident_pos
discogs_41077,lastFM_19463,discogs,lastfm,0.9573350548744202,False,True,True,agreement
discogs_41089,lastFM_19471,discogs,lastfm,0.9485766887664795,False,False,True,plm_check_confident_pos
discogs_4114,lastFM_2054,discogs,lastfm,0.9546402096748352,False,True,True,agreement
discogs_41186,lastFM_19509,discogs,lastfm,0.9739155173301697,False,False,True,plm_check_confident_pos
discogs_41216,lastFM_27756,discogs,lastfm,0.8885236978530884,False,False,True,plm_check_confident_pos
discogs_41247,lastFM_19533,discogs,lastfm,0.9750654697418213,False,True,True,agreement
discogs_41254,lastFM_19537,discogs,lastfm,0.973763108253479,False,True,True,agreement
discogs_41256,lastFM_19539,discogs,lastfm,0.9142416715621948,False,True,True,agreement
discogs_41282,lastFM_19551,discogs,lastfm,0.9673241376876831,False,True,True,agreement
discogs_41394,lastFM_19599,discogs,lastfm,0.9749821424484253,False,True,True,agreement
discogs_41431,lastFM_49003,discogs,lastfm,0.9394564032554626,False,False,True,plm_check_confident_pos
discogs_41489,lastFM_19646,discogs,lastfm,0.972920835018158,False,True,True,agreement
discogs_41519,lastFM_19657,discogs,lastfm,0.9603331685066223,False,True,True,agreement
discogs_41613,lastFM_18215,discogs,lastfm,0.9617469310760498,False,True,True,agreement
discogs_4162,lastFM_2071,discogs,lastfm,0.9718425869941711,False,True,True,agreement
discogs_41637,lastFM_19723,discogs,lastfm,0.975385844707489,False,True,True,agreement
discogs_4168,lastFM_1973,discogs,lastfm,0.9743869304656982,False,True,True,agreement
discogs_4168,lastFM_2073,discogs,lastfm,0.975219190120697,False,False,True,plm_check_confident_pos
discogs_4168,lastFM_6784,discogs,lastfm,0.8300455212593079,False,False,True,plm_check_confident_pos
discogs_4172,lastFM_2074,discogs,lastfm,0.9732366800308228,False,False,True,plm_check_confident_pos
discogs_4174,lastFM_2076,discogs,lastfm,0.9525032043457031,False,False,True,plm_check_confident_pos
discogs_41750,lastFM_19781,discogs,lastfm,0.9738603234291077,False,True,True,agreement
discogs_41778,lastFM_19800,discogs,lastfm,0.9749857783317566,False,True,True,agreement
discogs_41824,lastFM_19822,discogs,lastfm,0.9749153256416321,False,True,True,agreement
discogs_41826,lastFM_19824,discogs,lastfm,0.9533083438873291,False,True,True,agreement
discogs_41929,lastFM_19869,discogs,lastfm,0.9738181829452515,False,True,True,agreement
discogs_42015,lastFM_25571,discogs,lastfm,0.916199266910553,False,True,True,agreement
discogs_42022,lastFM_19915,discogs,lastfm,0.9467355608940125,False,False,True,plm_check_confident_pos
discogs_42180,lastFM_19985,discogs,lastfm,0.9747480750083923,False,False,True,plm_check_confident_pos
discogs_42230,lastFM_20010,discogs,lastfm,0.9503157138824463,False,True,True,agreement
discogs_4227,lastFM_2097,discogs,lastfm,0.9742897152900696,False,True,True,agreement
discogs_42410,lastFM_25990,discogs,lastfm,0.9493215680122375,False,True,True,agreement
discogs_42410,lastFM_33338,discogs,lastfm,0.7847140431404114,False,False,True,plm_check_confident_pos
discogs_42411,lastFM_20088,discogs,lastfm,0.8818159699440002,False,False,True,plm_check_confident_pos
discogs_42434,lastFM_20101,discogs,lastfm,0.9737023115158081,False,False,True,plm_check_confident_pos
discogs_42439,lastFM_20104,discogs,lastfm,0.9308398962020874,False,True,True,agreement
discogs_42487,lastFM_20132,discogs,lastfm,0.9562965035438538,False,True,True,agreement
discogs_42500,lastFM_20137,discogs,lastfm,0.9732877016067505,False,True,True,agreement
discogs_4255,lastFM_2114,discogs,lastfm,0.944789469242096,False,True,True,agreement
discogs_4257,lastFM_2116,discogs,lastfm,0.9759347438812256,False,True,True,agreement
discogs_42601,lastFM_38483,discogs,lastfm,0.8749937415122986,False,True,True,agreement
discogs_42605,lastFM_20182,discogs,lastfm,0.9108850955963135,False,False,True,plm_check_confident_pos
discogs_42627,lastFM_18227,discogs,lastfm,0.9732072949409485,False,False,True,plm_check_confident_pos
discogs_42799,lastFM_20251,discogs,lastfm,0.9245718717575073,False,False,True,plm_check_confident_pos
discogs_42872,lastFM_20282,discogs,lastfm,0.9732133746147156,False,True,True,agreement
discogs_42882,lastFM_20286,discogs,lastfm,0.9670859575271606,False,True,True,agreement
discogs_42939,lastFM_20316,discogs,lastfm,0.9747705459594727,False,False,True,plm_check_confident_pos
discogs_4302,lastFM_2137,discogs,lastfm,0.9735121130943298,False,True,True,agreement
discogs_43027,lastFM_20355,discogs,lastfm,0.9635213613510132,False,False,True,plm_check_confident_pos
discogs_43027,lastFM_7844,discogs,lastfm,0.8468487858772278,False,False,True,plm_check_confident_pos
discogs_43099,lastFM_16484,discogs,lastfm,0.7019049525260925,False,False,True,plm_check_confident_pos
discogs_43099,lastFM_20388,discogs,lastfm,0.9360870122909546,False,True,True,agreement
discogs_4314,lastFM_483,discogs,lastfm,0.9753100872039795,False,False,True,plm_check_confident_pos
discogs_43395,lastFM_20540,discogs,lastfm,0.9735475778579712,False,True,True,agreement
discogs_4345,lastFM_2157,discogs,lastfm,0.9741140007972717,False,True,True,agreement
discogs_43451,lastFM_20570,discogs,lastfm,0.9413002729415894,False,True,True,agreement
discogs_43517,lastFM_20598,discogs,lastfm,0.9122476577758789,False,True,True,agreement
discogs_43674,lastFM_20671,discogs,lastfm,0.9740762114524841,False,False,True,plm_check_confident_pos
discogs_43684,lastFM_20677,discogs,lastfm,0.9658219814300537,False,True,True,agreement
discogs_43712,lastFM_20690,discogs,lastfm,0.9731489419937134,False,True,True,agreement
discogs_43755,lastFM_4764,discogs,lastfm,0.9592143893241882,False,False,True,plm_check_confident_pos
discogs_43760,lastFM_20714,discogs,lastfm,0.9685145020484924,False,False,True,plm_check_confident_pos
discogs_43818,lastFM_2659,discogs,lastfm,0.9184474945068359,False,True,True,agreement
discogs_43838,lastFM_26303,discogs,lastfm,0.9738017916679382,False,True,True,agreement
discogs_43839,lastFM_20755,discogs,lastfm,0.8664731979370117,False,True,True,agreement
discogs_43877,lastFM_16381,discogs,lastfm,0.9682894349098206,False,True,True,agreement
discogs_439,lastFM_256,discogs,lastfm,0.9740289449691772,False,False,True,plm_check_confident_pos
discogs_43910,lastFM_20790,discogs,lastfm,0.9753621220588684,False,True,True,agreement
discogs_43927,lastFM_20795,discogs,lastfm,0.9613130688667297,False,False,True,plm_check_confident_pos
discogs_43952,lastFM_20803,discogs,lastfm,0.4061034619808197,False,True,False,plm_check_llm_yes
discogs_44,lastFM_27,discogs,lastfm,0.9248830676078796,False,True,True,agreement
discogs_44022,lastFM_20843,discogs,lastfm,0.9738207459449768,False,True,True,agreement
discogs_44035,lastFM_20852,discogs,lastfm,0.9750210046768188,False,True,True,agreement
discogs_44049,lastFM_25306,discogs,lastfm,0.9118956327438354,False,False,True,plm_check_confident_pos
discogs_4407,lastFM_21185,discogs,lastfm,0.9349673986434937,False,True,True,agreement
discogs_4407,lastFM_28997,discogs,lastfm,0.9026839733123779,False,False,True,plm_check_confident_pos
discogs_4407,lastFM_29202,discogs,lastfm,0.7903916835784912,False,False,True,plm_check_confident_pos
discogs_44103,lastFM_20885,discogs,lastfm,0.9731345772743225,False,True,True,agreement
discogs_44127,lastFM_20900,discogs,lastfm,0.9566846489906311,False,True,True,agreement
discogs_44191,lastFM_14949,discogs,lastfm,0.9252985119819641,False,True,True,agreement
discogs_44271,lastFM_20965,discogs,lastfm,0.9757776260375977,False,True,True,agreement
discogs_44313,lastFM_20983,discogs,lastfm,0.9743379950523376,False,True,True,agreement
discogs_44494,lastFM_21063,discogs,lastfm,0.9650816917419434,False,True,True,agreement
discogs_4452,lastFM_2200,discogs,lastfm,0.9739156365394592,False,True,True,agreement
discogs_44579,lastFM_21108,discogs,lastfm,0.9733960032463074,False,True,True,agreement
discogs_44619,lastFM_21122,discogs,lastfm,0.9745502471923828,False,False,True,plm_check_confident_pos
discogs_44625,lastFM_23574,discogs,lastfm,0.7131413817405701,False,False,True,plm_check_confident_pos
discogs_4467,lastFM_2209,discogs,lastfm,0.8637946844100952,False,True,True,agreement
discogs_44692,lastFM_21160,discogs,lastfm,0.9752776622772217,False,False,True,plm_check_confident_pos
discogs_44733,lastFM_37496,discogs,lastfm,0.9256004095077515,False,False,True,plm_check_confident_pos
discogs_44733,lastFM_38732,discogs,lastfm,0.9214249849319458,False,False,True,plm_check_confident_pos
discogs_44733,lastFM_38926,discogs,lastfm,0.9482008814811707,False,False,True,plm_check_confident_pos
discogs_44733,lastFM_64418,discogs,lastfm,0.9064635038375854,False,False,True,plm_check_confident_pos
discogs_44751,lastFM_21192,discogs,lastfm,0.9571788311004639,False,True,True,agreement
discogs_44959,lastFM_21290,discogs,lastfm,0.9739446640014648,False,True,True,agreement
discogs_44975,lastFM_21299,discogs,lastfm,0.9621846675872803,False,True,True,agreement
discogs_45073,lastFM_21338,discogs,lastfm,0.9728374481201172,False,True,True,agreement
discogs_45096,lastFM_21345,discogs,lastfm,0.9744921922683716,False,True,True,agreement
discogs_45129,lastFM_21362,discogs,lastfm,0.9759315848350525,False,True,True,agreement
discogs_45151,lastFM_21375,discogs,lastfm,0.9753095507621765,False,True,True,agreement
discogs_45332,lastFM_21459,discogs,lastfm,0.9732781052589417,False,True,True,agreement
discogs_45361,lastFM_21469,discogs,lastfm,0.9742790460586548,False,True,True,agreement
discogs_45502,lastFM_21522,discogs,lastfm,0.9376410245895386,False,False,True,plm_check_confident_pos
discogs_45541,lastFM_21535,discogs,lastfm,0.9739609956741333,False,False,True,plm_check_confident_pos
discogs_45564,lastFM_21544,discogs,lastfm,0.9738394021987915,False,False,True,plm_check_confident_pos
discogs_4558,lastFM_2243,discogs,lastfm,0.9734825491905212,False,True,True,agreement
discogs_45583,lastFM_48859,discogs,lastfm,0.9751185178756714,False,True,True,agreement
discogs_45586,lastFM_21552,discogs,lastfm,0.9623910188674927,False,True,True,agreement
discogs_45604,lastFM_21562,discogs,lastfm,0.9145206212997437,False,True,True,agreement
discogs_45669,lastFM_59007,discogs,lastfm,0.9386293888092041,False,False,True,plm_check_confident_pos
discogs_45853,lastFM_21659,discogs,lastfm,0.9475334286689758,False,True,True,agreement
discogs_4590,lastFM_2257,discogs,lastfm,0.9732145071029663,False,True,True,agreement
discogs_4591,lastFM_2258,discogs,lastfm,0.9660554528236389,False,True,True,agreement
discogs_46,lastFM_28,discogs,lastfm,0.9753901362419128,False,True,True,agreement
discogs_4608,lastFM_1011,discogs,lastfm,0.9395658373832703,False,True,True,agreement
discogs_4608,lastFM_13219,discogs,lastfm,0.892389714717865,False,False,True,plm_check_confident_pos
discogs_46122,lastFM_21784,discogs,lastfm,0.9755772352218628,False,True,True,agreement
discogs_46189,lastFM_21816,discogs,lastfm,0.9650161862373352,False,False,True,plm_check_confident_pos
discogs_4621,lastFM_2271,discogs,lastfm,0.9710432887077332,False,True,True,agreement
discogs_46245,lastFM_21845,discogs,lastfm,0.9422914385795593,False,True,True,agreement
discogs_46246,lastFM_21846,discogs,lastfm,0.8958251476287842,False,True,True,agreement
discogs_46260,lastFM_21850,discogs,lastfm,0.959969162940979,False,True,True,agreement
discogs_46276,lastFM_21856,discogs,lastfm,0.9737136363983154,False,True,True,agreement
discogs_46329,lastFM_21874,discogs,lastfm,0.9741203188896179,False,True,True,agreement
discogs_46469,lastFM_7624,discogs,lastfm,0.9556086659431458,False,True,True,agreement
discogs_46486,lastFM_21946,discogs,lastfm,0.9717739224433899,False,True,True,agreement
discogs_46539,lastFM_4965,discogs,lastfm,0.9632680416107178,False,True,True,agreement
discogs_4663,lastFM_1946,discogs,lastfm,0.9735721349716187,False,False,True,plm_check_confident_pos
discogs_46676,lastFM_22038,discogs,lastfm,0.9449955224990845,False,True,True,agreement
discogs_46680,lastFM_22168,discogs,lastfm,0.9486079216003418,False,True,True,agreement
discogs_46739,lastFM_72364,discogs,lastfm,0.8724836111068726,False,False,True,plm_check_confident_pos
discogs_4676,lastFM_290,discogs,lastfm,0.9587799310684204,False,False,True,plm_check_confident_pos
discogs_468,lastFM_273,discogs,lastfm,0.9735044240951538,False,True,True,agreement
discogs_46874,lastFM_22137,discogs,lastfm,0.9681931138038635,False,True,True,agreement
discogs_46902,lastFM_22153,discogs,lastfm,0.9732365608215332,False,False,True,plm_check_confident_pos
discogs_46909,lastFM_22155,discogs,lastfm,0.9695478081703186,False,True,True,agreement
discogs_46941,lastFM_14961,discogs,lastfm,0.918340802192688,False,False,True,plm_check_confident_pos
discogs_46941,lastFM_22174,discogs,lastfm,0.9366971254348755,False,False,True,plm_check_confident_pos
discogs_46977,lastFM_22190,discogs,lastfm,0.9735240936279297,False,True,True,agreement
discogs_472,lastFM_277,discogs,lastfm,0.9474338889122009,False,False,True,plm_check_confident_pos
discogs_47239,lastFM_22303,discogs,lastfm,0.9740976095199585,False,False,True,plm_check_confident_pos
discogs_47239,lastFM_23892,discogs,lastfm,0.9098315834999084,False,False,True,plm_check_confident_pos
discogs_47281,lastFM_22328,discogs,lastfm,0.9731178879737854,False,True,True,agreement
discogs_47281,lastFM_70947,discogs,lastfm,0.7141988277435303,False,False,True,plm_check_confident_pos
discogs_473,lastFM_278,discogs,lastfm,0.9734628796577454,False,False,True,plm_check_confident_pos
discogs_4731,lastFM_2315,discogs,lastfm,0.9751921892166138,False,True,True,agreement
discogs_47336,lastFM_22351,discogs,lastfm,0.9258469939231873,False,True,True,agreement
discogs_47438,lastFM_5399,discogs,lastfm,0.8344931602478027,False,True,True,agreement
discogs_47729,lastFM_16956,discogs,lastfm,0.9388012886047363,False,False,True,plm_check_confident_pos
discogs_47729,lastFM_22519,discogs,lastfm,0.9743998050689697,False,True,True,agreement
discogs_47891,lastFM_22580,discogs,lastfm,0.9756891131401062,False,True,True,agreement
discogs_47948,lastFM_22609,discogs,lastfm,0.974640965461731,False,True,True,agreement
discogs_48010,lastFM_22634,discogs,lastfm,0.9718239903450012,False,True,True,agreement
discogs_48032,lastFM_14312,discogs,lastfm,0.9700785875320435,False,False,True,plm_check_confident_pos
discogs_48032,lastFM_6375,discogs,lastfm,0.9121817946434021,False,False,True,plm_check_confident_pos
discogs_48083,lastFM_22657,discogs,lastfm,0.7548392415046692,False,True,True,agreement
discogs_48086,lastFM_22659,discogs,lastfm,0.9746049642562866,False,True,True,agreement
discogs_48119,lastFM_22672,discogs,lastfm,0.9735448956489563,False,True,True,agreement
discogs_48169,lastFM_22691,discogs,lastfm,0.9344226121902466,False,True,True,agreement
discogs_482,lastFM_282,discogs,lastfm,0.9313764572143555,False,True,True,agreement
discogs_48213,lastFM_22709,discogs,lastfm,0.9747146964073181,False,True,True,agreement
discogs_48242,lastFM_22724,discogs,lastfm,0.9482911229133606,False,True,True,agreement
discogs_4843,lastFM_2358,discogs,lastfm,0.9744963645935059,False,False,True,plm_check_confident_pos
discogs_48471,lastFM_22817,discogs,lastfm,0.9380217790603638,False,True,True,agreement
discogs_48532,lastFM_22843,discogs,lastfm,0.9651835560798645,False,True,True,agreement
discogs_48589,lastFM_22866,discogs,lastfm,0.974361777305603,False,True,True,agreement
discogs_48708,lastFM_22919,discogs,lastfm,0.9746270179748535,False,True,True,agreement
discogs_48906,lastFM_23009,discogs,lastfm,0.9744397401809692,False,True,True,agreement
discogs_48997,lastFM_23054,discogs,lastfm,0.9567935466766357,False,True,True,agreement
discogs_49021,lastFM_73880,discogs,lastfm,0.89301997423172,False,False,True,plm_check_confident_pos
discogs_49133,lastFM_23112,discogs,lastfm,0.9741206765174866,False,True,True,agreement
discogs_49170,lastFM_23122,discogs,lastfm,0.97382652759552,False,True,True,agreement
discogs_49243,lastFM_23154,discogs,lastfm,0.9299508929252625,False,True,True,agreement
discogs_49284,lastFM_23168,discogs,lastfm,0.9700142741203308,False,True,True,agreement
discogs_49302,lastFM_23177,discogs,lastfm,0.9533793926239014,False,True,True,agreement
discogs_49347,lastFM_14575,discogs,lastfm,0.9753631949424744,False,True,True,agreement
discogs_49347,lastFM_5783,discogs,lastfm,0.9681475162506104,False,False,True,plm_check_confident_pos
discogs_49347,lastFM_71990,discogs,lastfm,0.9744344353675842,False,False,True,plm_check_confident_pos
discogs_49347,lastFM_76688,discogs,lastfm,0.9754001498222351,False,False,True,plm_check_confident_pos
discogs_49352,lastFM_23198,discogs,lastfm,0.9732933640480042,False,True,True,agreement
discogs_49392,lastFM_81155,discogs,lastfm,0.9470568299293518,False,False,True,plm_check_confident_pos
discogs_49443,lastFM_5913,discogs,lastfm,0.9700570106506348,False,False,True,plm_check_confident_pos
discogs_49529,lastFM_7267,discogs,lastfm,0.9727478623390198,False,False,True,plm_check_confident_pos
discogs_496,lastFM_290,discogs,lastfm,0.9667707681655884,False,False,True,plm_check_confident_pos
discogs_49694,lastFM_23350,discogs,lastfm,0.9267082214355469,False,True,True,agreement
discogs_49699,lastFM_23352,discogs,lastfm,0.9115963578224182,False,True,True,agreement
discogs_49708,lastFM_23359,discogs,lastfm,0.9699071049690247,False,True,True,agreement
discogs_49711,lastFM_23360,discogs,lastfm,0.9562466740608215,False,False,True,plm_check_confident_pos
discogs_49811,lastFM_23406,discogs,lastfm,0.9623439908027649,False,True,True,agreement
discogs_49817,lastFM_23408,discogs,lastfm,0.974017858505249,False,False,True,plm_check_confident_pos
discogs_49911,lastFM_23458,discogs,lastfm,0.7097786068916321,False,True,True,agreement
discogs_49928,lastFM_23462,discogs,lastfm,0.9740611910820007,False,True,True,agreement
discogs_49935,lastFM_23464,discogs,lastfm,0.9668710231781006,False,True,True,agreement
discogs_49952,lastFM_23471,discogs,lastfm,0.9158535003662109,False,False,True,plm_check_confident_pos
discogs_4996,lastFM_2425,discogs,lastfm,0.9595298171043396,False,True,True,agreement
discogs_5011,lastFM_2433,discogs,lastfm,0.9741952419281006,False,True,True,agreement
discogs_50164,lastFM_23577,discogs,lastfm,0.9735568761825562,False,True,True,agreement
discogs_5024,lastFM_2442,discogs,lastfm,0.9725439548492432,False,False,True,plm_check_confident_pos
discogs_50376,lastFM_23682,discogs,lastfm,0.9730604290962219,False,True,True,agreement
discogs_5063,lastFM_2459,discogs,lastfm,0.9300883412361145,False,False,True,plm_check_confident_pos
discogs_5073,lastFM_1103,discogs,lastfm,0.9372442960739136,False,False,True,plm_check_confident_pos
discogs_50740,lastFM_12721,discogs,lastfm,0.8911296725273132,False,True,True,agreement
discogs_50886,lastFM_23933,discogs,lastfm,0.9755222797393799,False,True,True,agreement
discogs_50910,lastFM_23945,discogs,lastfm,0.9465072751045227,False,False,True,plm_check_confident_pos
discogs_50950,lastFM_23962,discogs,lastfm,0.9725173711776733,False,True,True,agreement
discogs_5112,lastFM_23652,discogs,lastfm,0.8646101951599121,False,False,True,plm_check_confident_pos
discogs_5112,lastFM_2484,discogs,lastfm,0.9730490446090698,False,True,True,agreement
discogs_5112,lastFM_68851,discogs,lastfm,0.9411187171936035,False,False,True,plm_check_confident_pos
discogs_5120,lastFM_2491,discogs,lastfm,0.9748295545578003,False,True,True,agreement
discogs_51206,lastFM_33659,discogs,lastfm,0.7130721807479858,False,False,True,plm_check_confident_pos
discogs_51206,lastFM_52243,discogs,lastfm,0.9615080952644348,False,False,True,plm_check_confident_pos
discogs_51206,lastFM_55146,discogs,lastfm,0.9615082144737244,False,False,True,plm_check_confident_pos
discogs_51217,lastFM_10288,discogs,lastfm,0.9647975564002991,False,True,True,agreement
discogs_5126,lastFM_2495,discogs,lastfm,0.9741055369377136,False,True,True,agreement
discogs_51346,lastFM_24126,discogs,lastfm,0.9750658869743347,False,False,True,plm_check_confident_pos
discogs_51414,lastFM_24154,discogs,lastfm,0.9732445478439331,False,True,True,agreement
discogs_51414,lastFM_24155,discogs,lastfm,0.9469118714332581,False,False,True,plm_check_confident_pos
discogs_51416,lastFM_24154,discogs,lastfm,0.88669753074646,False,False,True,plm_check_confident_pos
discogs_51416,lastFM_24155,discogs,lastfm,0.9741079807281494,False,True,True,agreement
discogs_51543,lastFM_24220,discogs,lastfm,0.9737188220024109,False,True,True,agreement
discogs_51756,lastFM_24328,discogs,lastfm,0.974287748336792,False,True,True,agreement
discogs_51763,lastFM_24333,discogs,lastfm,0.7706922292709351,False,True,True,agreement
discogs_51791,lastFM_24354,discogs,lastfm,0.8098412752151489,False,True,True,agreement
discogs_51817,lastFM_24361,discogs,lastfm,0.8746498823165894,False,True,True,agreement
discogs_51954,lastFM_22190,discogs,lastfm,0.9735240936279297,False,False,True,plm_check_confident_pos
discogs_5203,lastFM_2540,discogs,lastfm,0.9727672934532166,False,True,True,agreement
discogs_52191,lastFM_24522,discogs,lastfm,0.9719208478927612,False,True,True,agreement
discogs_52242,lastFM_24545,discogs,lastfm,0.9736062288284302,False,True,True,agreement
discogs_52261,lastFM_24551,discogs,lastfm,0.9517545700073242,False,True,True,agreement
discogs_52307,lastFM_24575,discogs,lastfm,0.9737300276756287,False,True,True,agreement
discogs_52361,lastFM_24600,discogs,lastfm,0.9672398567199707,False,True,True,agreement
discogs_52374,lastFM_24609,discogs,lastfm,0.9020785689353943,False,False,True,plm_check_confident_pos
discogs_52380,lastFM_24612,discogs,lastfm,0.972553551197052,False,True,True,agreement
discogs_52387,lastFM_69452,discogs,lastfm,0.9352290630340576,False,False,True,plm_check_confident_pos
discogs_5244,lastFM_2562,discogs,lastfm,0.9747018814086914,False,True,True,agreement
discogs_5252,lastFM_2810,discogs,lastfm,0.7770231366157532,False,False,True,plm_check_confident_pos
discogs_52606,lastFM_8259,discogs,lastfm,0.8774619102478027,False,False,True,plm_check_confident_pos
discogs_52624,lastFM_24723,discogs,lastfm,0.9755575656890869,False,True,True,agreement
discogs_52668,lastFM_24745,discogs,lastfm,0.9593074917793274,False,False,True,plm_check_confident_pos
discogs_5272,lastFM_2576,discogs,lastfm,0.9736067056655884,False,True,True,agreement
discogs_52805,lastFM_24806,discogs,lastfm,0.9212082624435425,False,True,True,agreement
discogs_52826,lastFM_24816,discogs,lastfm,0.8538910150527954,False,False,True,plm_check_confident_pos
discogs_52833,lastFM_24287,discogs,lastfm,0.9727105498313904,False,True,True,agreement
discogs_52864,lastFM_24832,discogs,lastfm,0.9744524359703064,False,True,True,agreement
discogs_52903,lastFM_24849,discogs,lastfm,0.9416390061378479,False,True,True,agreement
discogs_52985,lastFM_24890,discogs,lastfm,0.9553029537200928,False,True,True,agreement
discogs_53,lastFM_30,discogs,lastfm,0.9749744534492493,False,True,True,agreement
discogs_5302,lastFM_2589,discogs,lastfm,0.9749016761779785,False,True,True,agreement
discogs_53166,lastFM_24976,discogs,lastfm,0.9733639359474182,False,True,True,agreement
discogs_53172,lastFM_24979,discogs,lastfm,0.8712126016616821,False,True,True,agreement
discogs_53175,lastFM_18786,discogs,lastfm,0.7763214111328125,False,True,True,agreement
discogs_53212,lastFM_12062,discogs,lastfm,0.9740161299705505,False,True,True,agreement
discogs_53244,lastFM_23498,discogs,lastfm,0.973339319229126,False,False,True,plm_check_confident_pos
discogs_53389,lastFM_25088,discogs,lastfm,0.9750437140464783,False,True,True,agreement
discogs_53585,lastFM_25180,discogs,lastfm,0.958012580871582,False,True,True,agreement
discogs_53650,lastFM_25221,discogs,lastfm,0.9498875737190247,False,True,True,agreement
discogs_53785,lastFM_25279,discogs,lastfm,0.9747825264930725,False,True,True,agreement
discogs_53859,lastFM_25306,discogs,lastfm,0.9304733276367188,False,False,True,plm_check_confident_pos
discogs_5398,lastFM_2639,discogs,lastfm,0.9724768996238708,False,False,True,plm_check_confident_pos
discogs_53980,lastFM_25365,discogs,lastfm,0.9628911018371582,False,False,True,plm_check_confident_pos
discogs_54026,lastFM_25385,discogs,lastfm,0.9628316164016724,False,False,True,plm_check_confident_pos
discogs_54053,lastFM_25395,discogs,lastfm,0.9749101996421814,False,True,True,agreement
discogs_54105,lastFM_25421,discogs,lastfm,0.7125774621963501,False,True,True,agreement
discogs_5416,lastFM_2646,discogs,lastfm,0.9739713668823242,False,True,True,agreement
discogs_54232,lastFM_25482,discogs,lastfm,0.92622971534729,False,False,True,plm_check_confident_pos
discogs_54238,lastFM_25486,discogs,lastfm,0.9738742709159851,False,True,True,agreement
discogs_54334,lastFM_31199,discogs,lastfm,0.7379823327064514,False,False,True,plm_check_confident_pos
discogs_54411,lastFM_25564,discogs,lastfm,0.9753509163856506,False,True,True,agreement
discogs_54431,lastFM_25571,discogs,lastfm,0.966579258441925,False,False,True,plm_check_confident_pos
discogs_54434,lastFM_25573,discogs,lastfm,0.9748758673667908,False,True,True,agreement
discogs_5452,lastFM_2667,discogs,lastfm,0.9706586599349976,False,True,True,agreement
discogs_54631,lastFM_25667,discogs,lastfm,0.8994436264038086,False,False,True,plm_check_confident_pos
discogs_54632,lastFM_25668,discogs,lastfm,0.954160749912262,False,True,True,agreement
discogs_54653,lastFM_25678,discogs,lastfm,0.9569581151008606,False,True,True,agreement
discogs_54711,lastFM_10369,discogs,lastfm,0.9731953144073486,False,True,True,agreement
discogs_5473,lastFM_2679,discogs,lastfm,0.9747592210769653,False,True,True,agreement
discogs_54754,lastFM_24675,discogs,lastfm,0.9745083451271057,False,False,True,plm_check_confident_pos
discogs_54754,lastFM_25732,discogs,lastfm,0.9739286303520203,False,False,True,plm_check_confident_pos
discogs_55033,lastFM_25855,discogs,lastfm,0.9737966656684875,False,False,True,plm_check_confident_pos
discogs_5506,lastFM_2690,discogs,lastfm,0.8115707039833069,False,True,True,agreement
discogs_5522,lastFM_2696,discogs,lastfm,0.8728575706481934,False,True,True,agreement
discogs_55288,lastFM_25962,discogs,lastfm,0.9746521711349487,False,True,True,agreement
discogs_5533,lastFM_2704,discogs,lastfm,0.9523833990097046,False,True,True,agreement
discogs_55332,lastFM_25984,discogs,lastfm,0.9733574986457825,False,True,True,agreement
discogs_55345,lastFM_25991,discogs,lastfm,0.9375076293945312,False,True,True,agreement
discogs_55364,lastFM_25997,discogs,lastfm,0.9752551317214966,False,False,True,plm_check_confident_pos
discogs_5539,lastFM_2706,discogs,lastfm,0.9746755957603455,False,True,True,agreement
discogs_55396,lastFM_69458,discogs,lastfm,0.821659505367279,False,True,True,agreement
discogs_55478,lastFM_26050,discogs,lastfm,0.9742242097854614,False,False,True,plm_check_confident_pos
discogs_5549,lastFM_2711,discogs,lastfm,0.9609348773956299,False,True,True,agreement
discogs_55502,lastFM_26063,discogs,lastfm,0.974129855632782,False,True,True,agreement
discogs_55607,lastFM_3745,discogs,lastfm,0.9120318293571472,False,False,True,plm_check_confident_pos
discogs_55629,lastFM_69002,discogs,lastfm,0.8665504455566406,False,True,True,agreement
discogs_55755,lastFM_26183,discogs,lastfm,0.9754443764686584,False,True,True,agreement
discogs_55797,lastFM_26204,discogs,lastfm,0.9741306304931641,False,True,True,agreement
discogs_55801,lastFM_82166,discogs,lastfm,0.7261977791786194,False,True,True,agreement
discogs_55809,lastFM_26213,discogs,lastfm,0.9739757776260376,False,True,True,agreement
discogs_55980,lastFM_26302,discogs,lastfm,0.9741293787956238,False,True,True,agreement
discogs_56010,lastFM_26310,discogs,lastfm,0.9747992753982544,False,True,True,agreement
discogs_56017,lastFM_20173,discogs,lastfm,0.6978888511657715,False,False,True,plm_check_llm_yes
discogs_56017,lastFM_77264,discogs,lastfm,0.729285478591919,False,False,True,plm_check_confident_pos
discogs_56034,lastFM_26323,discogs,lastfm,0.9753915071487427,False,True,True,agreement
discogs_56056,lastFM_26335,discogs,lastfm,0.9626761674880981,False,False,True,plm_check_confident_pos
discogs_5608,lastFM_2742,discogs,lastfm,0.9750177264213562,False,False,True,plm_check_confident_pos
discogs_56145,lastFM_24290,discogs,lastfm,0.9754455089569092,False,True,True,agreement
discogs_56150,lastFM_22155,discogs,lastfm,0.9742714762687683,False,False,True,plm_check_confident_pos
discogs_56198,lastFM_9076,discogs,lastfm,0.9604426622390747,False,False,True,plm_check_confident_pos
discogs_56286,lastFM_24512,discogs,lastfm,0.9742656946182251,False,True,True,agreement
discogs_56347,lastFM_26453,discogs,lastfm,0.9749651551246643,False,True,True,agreement
discogs_56400,lastFM_26483,discogs,lastfm,0.9533532857894897,False,True,True,agreement
discogs_56442,lastFM_26501,discogs,lastfm,0.8713254928588867,False,True,True,agreement
discogs_5652,lastFM_2762,discogs,lastfm,0.970119297504425,False,True,True,agreement
discogs_56579,lastFM_26572,discogs,lastfm,0.9643437266349792,False,False,True,plm_check_confident_pos
discogs_5665,lastFM_290,discogs,lastfm,0.9620028138160706,False,True,True,agreement
discogs_56685,lastFM_26621,discogs,lastfm,0.9733220338821411,False,True,True,agreement
discogs_56783,lastFM_30319,discogs,lastfm,0.8757374286651611,False,True,True,agreement
discogs_56792,lastFM_26660,discogs,lastfm,0.8849663734436035,False,False,True,plm_check_confident_pos
discogs_5681,lastFM_2780,discogs,lastfm,0.9633966684341431,False,False,True,plm_check_confident_pos
discogs_56911,lastFM_26709,discogs,lastfm,0.8904837369918823,False,False,True,plm_check_confident_pos
discogs_56991,lastFM_26747,discogs,lastfm,0.9728610515594482,False,True,True,agreement
discogs_570,lastFM_327,discogs,lastfm,0.9203570485115051,False,True,True,agreement
discogs_57079,lastFM_26792,discogs,lastfm,0.9421954154968262,False,True,True,agreement
discogs_571,lastFM_328,discogs,lastfm,0.9746940732002258,False,True,True,agreement
discogs_57138,lastFM_26814,discogs,lastfm,0.9755963683128357,False,True,True,agreement
discogs_572,lastFM_329,discogs,lastfm,0.9712490439414978,False,True,True,agreement
discogs_57394,lastFM_26923,discogs,lastfm,0.9744835495948792,False,True,True,agreement
discogs_5743,lastFM_2804,discogs,lastfm,0.953873336315155,False,True,True,agreement
discogs_57453,lastFM_26947,discogs,lastfm,0.9598801732063293,False,True,True,agreement
discogs_576,lastFM_1011,discogs,lastfm,0.947162926197052,False,False,True,plm_check_confident_pos
discogs_576,lastFM_13219,discogs,lastfm,0.9607247114181519,False,True,True,agreement
discogs_57648,lastFM_27032,discogs,lastfm,0.892020583152771,False,True,True,agreement
discogs_57838,lastFM_16381,discogs,lastfm,0.9692724347114563,False,False,True,plm_check_confident_pos
discogs_57921,lastFM_27153,discogs,lastfm,0.9744433760643005,False,True,True,agreement
discogs_58051,lastFM_27214,discogs,lastfm,0.9642350673675537,False,False,True,plm_check_confident_pos
discogs_58170,lastFM_27273,discogs,lastfm,0.9732653498649597,False,True,True,agreement
discogs_58193,lastFM_6295,discogs,lastfm,0.9468466639518738,False,False,True,plm_check_confident_pos
discogs_58199,lastFM_27285,discogs,lastfm,0.9674593806266785,False,True,True,agreement
discogs_58297,lastFM_50472,discogs,lastfm,0.7209364175796509,False,False,True,plm_check_confident_pos
discogs_5841,lastFM_2857,discogs,lastfm,0.9491560459136963,False,False,True,plm_check_confident_pos
discogs_58424,lastFM_27391,discogs,lastfm,0.9751368761062622,False,True,True,agreement
discogs_58461,lastFM_27405,discogs,lastfm,0.9740360379219055,False,True,True,agreement
discogs_5850,lastFM_2863,discogs,lastfm,0.9189764261245728,False,True,True,agreement
discogs_58539,lastFM_27434,discogs,lastfm,0.6921451687812805,False,True,True,agreement
discogs_58545,lastFM_27440,discogs,lastfm,0.9356786608695984,False,True,True,agreement
discogs_58563,lastFM_27447,discogs,lastfm,0.9740691184997559,False,True,True,agreement
discogs_58589,lastFM_27459,discogs,lastfm,0.9738808274269104,False,True,True,agreement
discogs_5860,lastFM_2866,discogs,lastfm,0.9725802540779114,False,True,True,agreement
discogs_58657,lastFM_27490,discogs,lastfm,0.9745834469795227,False,True,True,agreement
discogs_58799,lastFM_27544,discogs,lastfm,0.9749704599380493,False,False,True,plm_check_confident_pos
discogs_58914,lastFM_22295,discogs,lastfm,0.936896026134491,False,True,True,agreement
discogs_59074,lastFM_27675,discogs,lastfm,0.9674844741821289,False,True,True,agreement
discogs_59209,lastFM_27749,discogs,lastfm,0.9169967174530029,False,True,True,agreement
discogs_59246,lastFM_26758,discogs,lastfm,0.9743070006370544,False,True,True,agreement
discogs_59252,lastFM_1195,discogs,lastfm,0.9401582479476929,False,False,True,plm_check_confident_pos
discogs_59261,lastFM_27777,discogs,lastfm,0.9718484282493591,False,True,True,agreement
discogs_59265,lastFM_27779,discogs,lastfm,0.8776751160621643,False,False,True,plm_check_confident_pos
discogs_59265,lastFM_27999,discogs,lastfm,0.9286139607429504,False,True,True,agreement
discogs_59281,lastFM_27790,discogs,lastfm,0.9146252274513245,False,True,True,agreement
discogs_59339,lastFM_27819,discogs,lastfm,0.9720317721366882,False,True,True,agreement
discogs_59342,lastFM_27820,discogs,lastfm,0.9365916848182678,False,True,True,agreement
discogs_59347,lastFM_27823,discogs,lastfm,0.9753495454788208,False,True,True,agreement
discogs_59399,lastFM_27846,discogs,lastfm,0.9135809540748596,False,True,True,agreement
discogs_59403,lastFM_27848,discogs,lastfm,0.9444403648376465,False,True,True,agreement
discogs_5946,lastFM_2907,discogs,lastfm,0.9402010440826416,False,False,True,plm_check_confident_pos
discogs_59532,lastFM_27896,discogs,lastfm,0.941474437713623,False,True,True,agreement
discogs_59594,lastFM_27930,discogs,lastfm,0.9668822884559631,False,True,True,agreement
discogs_59609,lastFM_27941,discogs,lastfm,0.9442911148071289,False,True,True,agreement
discogs_59634,lastFM_27952,discogs,lastfm,0.9751328825950623,False,True,True,agreement
discogs_59660,lastFM_27963,discogs,lastfm,0.9754703640937805,False,False,True,plm_check_confident_pos
discogs_59662,lastFM_27963,discogs,lastfm,0.9757068157196045,False,False,True,plm_check_confident_pos
discogs_59677,lastFM_27971,discogs,lastfm,0.9312469363212585,False,True,True,agreement
discogs_59751,lastFM_27779,discogs,lastfm,0.9471322298049927,False,False,True,plm_check_confident_pos
discogs_59751,lastFM_27999,discogs,lastfm,0.9360838532447815,False,False,True,plm_check_confident_pos
discogs_59802,lastFM_28024,discogs,lastfm,0.9754251837730408,False,True,True,agreement
discogs_59821,lastFM_28032,discogs,lastfm,0.975026547908783,False,True,True,agreement
discogs_5987,lastFM_2925,discogs,lastfm,0.957862913608551,False,False,True,plm_check_confident_pos
discogs_6,lastFM_4,discogs,lastfm,0.9731740951538086,False,False,True,plm_check_confident_pos
discogs_60082,lastFM_402,discogs,lastfm,0.974443256855011,False,True,True,agreement
discogs_60157,lastFM_28190,discogs,lastfm,0.9554741382598877,False,False,True,plm_check_confident_pos
discogs_6033,lastFM_2944,discogs,lastfm,0.9666202664375305,False,True,True,agreement
discogs_60359,lastFM_28266,discogs,lastfm,0.9424090385437012,False,True,True,agreement
discogs_6040,lastFM_2946,discogs,lastfm,0.9753246307373047,False,True,True,agreement
discogs_60547,lastFM_28351,discogs,lastfm,0.9753495454788208,False,True,True,agreement
discogs_60573,lastFM_28361,discogs,lastfm,0.9565309286117554,False,True,True,agreement
discogs_60601,lastFM_28381,discogs,lastfm,0.9751511216163635,False,False,True,plm_check_confident_pos
discogs_60662,lastFM_6998,discogs,lastfm,0.9740709066390991,False,True,True,agreement
discogs_60668,lastFM_21626,discogs,lastfm,0.9381844401359558,False,False,True,plm_check_confident_pos
discogs_60668,lastFM_72299,discogs,lastfm,0.8983890414237976,False,False,True,plm_check_confident_pos
discogs_60668,lastFM_75741,discogs,lastfm,0.971659779548645,False,False,True,plm_check_confident_pos
discogs_60736,lastFM_24675,discogs,lastfm,0.9551231861114502,False,False,True,plm_check_confident_pos
discogs_60758,lastFM_28461,discogs,lastfm,0.8879619836807251,False,False,True,plm_check_confident_pos
discogs_60840,lastFM_17842,discogs,lastfm,0.9325215816497803,False,False,True,plm_check_confident_pos
discogs_60883,lastFM_6260,discogs,lastfm,0.926989734172821,False,True,True,agreement
discogs_60914,lastFM_28537,discogs,lastfm,0.9529449939727783,False,False,True,plm_check_confident_pos
discogs_60953,lastFM_22244,discogs,lastfm,0.9747104644775391,False,True,True,agreement
discogs_60959,lastFM_28562,discogs,lastfm,0.9754489064216614,False,True,True,agreement
discogs_6098,lastFM_2972,discogs,lastfm,0.9491786360740662,False,True,True,agreement
discogs_61,lastFM_34,discogs,lastfm,0.8801242709159851,False,False,True,plm_check_confident_pos
discogs_61062,lastFM_28610,discogs,lastfm,0.9741386771202087,False,True,True,agreement
discogs_6112,lastFM_2978,discogs,lastfm,0.974115252494812,False,True,True,agreement
discogs_61252,lastFM_28703,discogs,lastfm,0.9752193689346313,False,True,True,agreement
discogs_6130,lastFM_483,discogs,lastfm,0.9569731950759888,False,False,True,plm_check_confident_pos
discogs_61328,lastFM_23458,discogs,lastfm,0.9519829154014587,False,False,True,plm_check_confident_pos
discogs_61350,lastFM_28743,discogs,lastfm,0.862108588218689,False,False,True,plm_check_confident_pos
discogs_61374,lastFM_28757,discogs,lastfm,0.9284882545471191,False,True,True,agreement
discogs_61410,lastFM_28772,discogs,lastfm,0.9749115705490112,False,True,True,agreement
discogs_61465,lastFM_28795,discogs,lastfm,0.9749844074249268,False,True,True,agreement
discogs_61516,lastFM_28822,discogs,lastfm,0.9729955196380615,False,True,True,agreement
discogs_6152,lastFM_2994,discogs,lastfm,0.9734741449356079,False,True,True,agreement
discogs_61563,lastFM_28837,discogs,lastfm,0.9520368576049805,False,True,True,agreement
discogs_6158,lastFM_2999,discogs,lastfm,0.9744783639907837,False,True,True,agreement
discogs_6159,lastFM_3000,discogs,lastfm,0.9534971117973328,False,False,True,plm_check_confident_pos
discogs_61616,lastFM_28865,discogs,lastfm,0.9752066731452942,False,True,True,agreement
discogs_61721,lastFM_28910,discogs,lastfm,0.9737719297409058,False,True,True,agreement
discogs_61761,lastFM_28926,discogs,lastfm,0.974560558795929,False,True,True,agreement
discogs_6178,lastFM_3008,discogs,lastfm,0.974856972694397,False,True,True,agreement
discogs_6180,lastFM_3010,discogs,lastfm,0.8701782822608948,False,True,True,agreement
discogs_61896,lastFM_21185,discogs,lastfm,0.8185369968414307,False,False,True,plm_check_confident_pos
discogs_61896,lastFM_28997,discogs,lastfm,0.9367515444755554,False,False,True,plm_check_confident_pos
discogs_61896,lastFM_29202,discogs,lastfm,0.6871156692504883,False,False,True,plm_check_llm_yes
discogs_61919,lastFM_18215,discogs,lastfm,0.969626784324646,False,False,True,plm_check_confident_pos
discogs_61955,lastFM_82595,discogs,lastfm,0.9737096428871155,False,True,True,agreement
discogs_61988,lastFM_29038,discogs,lastfm,0.9741489291191101,False,True,True,agreement
discogs_62036,lastFM_29069,discogs,lastfm,0.9733930826187134,False,True,True,agreement
discogs_62039,lastFM_29071,discogs,lastfm,0.9740721583366394,False,True,True,agreement
discogs_62127,lastFM_29112,discogs,lastfm,0.9747225046157837,False,True,True,agreement
discogs_62181,lastFM_29139,discogs,lastfm,0.966854989528656,False,True,True,agreement
discogs_6221,lastFM_3030,discogs,lastfm,0.9739627838134766,False,True,True,agreement
discogs_62255,lastFM_29171,discogs,lastfm,0.8398289680480957,False,True,True,agreement
discogs_62295,lastFM_27092,discogs,lastfm,0.974796712398529,False,True,True,agreement
discogs_62300,lastFM_29186,discogs,lastfm,0.9753370881080627,False,True,True,agreement
discogs_62349,lastFM_29209,discogs,lastfm,0.9350346326828003,False,True,True,agreement
discogs_62428,lastFM_29239,discogs,lastfm,0.9728721976280212,False,True,True,agreement
discogs_62482,lastFM_29267,discogs,lastfm,0.9398324489593506,False,True,True,agreement
discogs_62671,lastFM_46332,discogs,lastfm,0.9710047245025635,False,False,True,plm_check_confident_pos
discogs_62678,lastFM_29351,discogs,lastfm,0.9732749462127686,False,True,True,agreement
discogs_6285,lastFM_3054,discogs,lastfm,0.9541473984718323,False,False,True,plm_check_confident_pos
discogs_629,lastFM_355,discogs,lastfm,0.9734072685241699,False,True,True,agreement
discogs_63042,lastFM_28771,discogs,lastfm,0.9149139523506165,False,False,True,plm_check_confident_pos
discogs_63042,lastFM_35716,discogs,lastfm,0.9435774087905884,False,False,True,plm_check_confident_pos
discogs_63042,lastFM_74294,discogs,lastfm,0.9435774087905884,False,False,True,plm_check_confident_pos
discogs_63048,lastFM_29507,discogs,lastfm,0.9408762454986572,False,True,True,agreement
discogs_63067,lastFM_29516,discogs,lastfm,0.9745460748672485,False,False,True,plm_check_confident_pos
discogs_63233,lastFM_29584,discogs,lastfm,0.8554009199142456,False,True,True,agreement
discogs_63282,lastFM_29610,discogs,lastfm,0.9158942103385925,False,True,True,agreement
discogs_63295,lastFM_29616,discogs,lastfm,0.9579542279243469,False,False,True,plm_check_confident_pos
discogs_6334,lastFM_3075,discogs,lastfm,0.9730121493339539,False,True,True,agreement
discogs_63403,lastFM_29861,discogs,lastfm,0.8741651177406311,False,True,True,agreement
discogs_63403,lastFM_29901,discogs,lastfm,0.9734372496604919,False,False,True,plm_check_confident_pos
discogs_63436,lastFM_34177,discogs,lastfm,0.9286109805107117,False,False,True,plm_check_confident_pos
discogs_63436,lastFM_34841,discogs,lastfm,0.9723711609840393,False,True,True,agreement
discogs_63470,lastFM_29702,discogs,lastfm,0.9330917596817017,False,True,True,agreement
discogs_63470,lastFM_70995,discogs,lastfm,0.8548513650894165,False,False,True,plm_check_confident_pos
discogs_63566,lastFM_29738,discogs,lastfm,0.9736797213554382,False,True,True,agreement
discogs_63682,lastFM_16887,discogs,lastfm,0.9749813675880432,False,False,True,plm_check_confident_pos
discogs_63685,lastFM_30319,discogs,lastfm,0.9516333341598511,False,False,True,plm_check_confident_pos
discogs_6374,lastFM_3093,discogs,lastfm,0.9739195704460144,False,True,True,agreement
discogs_63753,lastFM_29833,discogs,lastfm,0.9740616083145142,False,True,True,agreement
discogs_6378,lastFM_3095,discogs,lastfm,0.9545171856880188,False,True,True,agreement
discogs_63853,lastFM_32495,discogs,lastfm,0.9319511651992798,False,False,True,plm_check_confident_pos
discogs_63975,lastFM_29942,discogs,lastfm,0.9727909564971924,False,True,True,agreement
discogs_63975,lastFM_36760,discogs,lastfm,0.9727621078491211,False,False,True,plm_check_confident_pos
discogs_64160,lastFM_30023,discogs,lastfm,0.9738355875015259,False,True,True,agreement
discogs_6422,lastFM_3118,discogs,lastfm,0.9742460250854492,False,True,True,agreement
discogs_64274,lastFM_30070,discogs,lastfm,0.8673796057701111,False,False,True,plm_check_confident_pos
discogs_64298,lastFM_30080,discogs,lastfm,0.9736858010292053,False,True,True,agreement
discogs_6438,lastFM_3123,discogs,lastfm,0.9732820391654968,False,True,True,agreement
discogs_645,lastFM_366,discogs,lastfm,0.970350444316864,False,True,True,agreement
discogs_64514,lastFM_30167,discogs,lastfm,0.9734487533569336,False,True,True,agreement
discogs_64515,lastFM_30168,discogs,lastfm,0.9757404923439026,False,False,True,plm_check_confident_pos
discogs_6463,lastFM_3134,discogs,lastfm,0.9738386273384094,False,True,True,agreement
discogs_64675,lastFM_11715,discogs,lastfm,0.9511014223098755,False,False,True,plm_check_confident_pos
discogs_64681,lastFM_30243,discogs,lastfm,0.9640139937400818,False,True,True,agreement
discogs_647,lastFM_368,discogs,lastfm,0.9755714535713196,False,True,True,agreement
discogs_64746,lastFM_30275,discogs,lastfm,0.9718837141990662,False,True,True,agreement
discogs_64804,lastFM_30301,discogs,lastfm,0.9753818511962891,False,False,True,plm_check_confident_pos
discogs_64852,lastFM_30319,discogs,lastfm,0.9735697507858276,False,False,True,plm_check_confident_pos
discogs_64936,lastFM_4521,discogs,lastfm,0.9746928215026855,False,True,True,agreement
discogs_64977,lastFM_30378,discogs,lastfm,0.9613947868347168,False,True,True,agreement
discogs_64985,lastFM_24505,discogs,lastfm,0.9519496560096741,False,False,True,plm_check_confident_pos
discogs_6506,lastFM_3150,discogs,lastfm,0.9736270308494568,False,True,True,agreement
discogs_65090,lastFM_30428,discogs,lastfm,0.9739209413528442,False,True,True,agreement
discogs_65185,lastFM_30466,discogs,lastfm,0.9742990732192993,False,True,True,agreement
discogs_65240,lastFM_30493,discogs,lastfm,0.9750949144363403,False,False,True,plm_check_confident_pos
discogs_65273,lastFM_30509,discogs,lastfm,0.9743462800979614,False,True,True,agreement
discogs_65305,lastFM_30977,discogs,lastfm,0.7101245522499084,False,False,True,plm_check_confident_pos
discogs_65374,lastFM_20104,discogs,lastfm,0.9167141318321228,False,False,True,plm_check_confident_pos
discogs_65374,lastFM_23621,discogs,lastfm,0.9301431775093079,False,False,True,plm_check_confident_pos
discogs_65374,lastFM_809,discogs,lastfm,0.8484728932380676,False,False,True,plm_check_confident_pos
discogs_65424,lastFM_72677,discogs,lastfm,0.972287654876709,False,True,True,agreement
discogs_65649,lastFM_30678,discogs,lastfm,0.9748877882957458,False,True,True,agreement
discogs_65680,lastFM_30690,discogs,lastfm,0.9733266830444336,False,True,True,agreement
discogs_65758,lastFM_12005,discogs,lastfm,0.7735116481781006,False,True,True,agreement
discogs_65898,lastFM_30795,discogs,lastfm,0.9563555717468262,False,False,True,plm_check_confident_pos
discogs_65945,lastFM_30819,discogs,lastfm,0.9498282074928284,False,False,True,plm_check_confident_pos
discogs_66005,lastFM_30838,discogs,lastfm,0.9732764959335327,False,True,True,agreement
discogs_66020,lastFM_30843,discogs,lastfm,0.9663317203521729,False,False,True,plm_check_confident_pos
discogs_66147,lastFM_80919,discogs,lastfm,0.9395036101341248,False,True,True,agreement
discogs_66212,lastFM_30936,discogs,lastfm,0.9727033376693726,False,True,True,agreement
discogs_66278,lastFM_30962,discogs,lastfm,0.9612842798233032,False,True,True,agreement
discogs_66288,lastFM_12409,discogs,lastfm,0.9755244851112366,False,False,True,plm_check_confident_pos
discogs_6631,lastFM_3203,discogs,lastfm,0.9477749466896057,False,False,True,plm_check_confident_pos
discogs_6659,lastFM_697,discogs,lastfm,0.9657019972801208,False,False,True,plm_check_confident_pos
discogs_66623,lastFM_31123,discogs,lastfm,0.9540377855300903,False,True,True,agreement
discogs_66638,lastFM_31131,discogs,lastfm,0.9674187302589417,False,True,True,agreement
discogs_66766,lastFM_31183,discogs,lastfm,0.9335463047027588,False,True,True,agreement
discogs_66932,lastFM_31254,discogs,lastfm,0.9748902320861816,False,False,True,plm_check_confident_pos
discogs_66948,lastFM_31262,discogs,lastfm,0.974741518497467,False,True,True,agreement
discogs_67,lastFM_37,discogs,lastfm,0.9543029069900513,False,True,True,agreement
discogs_672,lastFM_386,discogs,lastfm,0.9745542407035828,False,True,True,agreement
discogs_67243,lastFM_31398,discogs,lastfm,0.9697874188423157,False,False,True,plm_check_confident_pos
discogs_67260,lastFM_15492,discogs,lastfm,0.8488417267799377,False,False,True,plm_check_confident_pos
discogs_67325,lastFM_46332,discogs,lastfm,0.972233772277832,False,False,True,plm_check_confident_pos
discogs_67328,lastFM_31442,discogs,lastfm,0.9744082093238831,False,False,True,plm_check_confident_pos
discogs_67463,lastFM_31506,discogs,lastfm,0.9706569910049438,False,True,True,agreement
discogs_67634,lastFM_31599,discogs,lastfm,0.9610791206359863,False,True,True,agreement
discogs_67864,lastFM_17337,discogs,lastfm,0.8065274953842163,False,False,True,plm_check_confident_pos
discogs_6787,lastFM_3276,discogs,lastfm,0.5566145181655884,False,True,True,agreement
discogs_67932,lastFM_31745,discogs,lastfm,0.9719136357307434,False,False,True,plm_check_confident_pos
discogs_68125,lastFM_31817,discogs,lastfm,0.9732446670532227,False,True,True,agreement
discogs_6814,lastFM_3288,discogs,lastfm,0.974103569984436,False,True,True,agreement
discogs_68177,lastFM_31842,discogs,lastfm,0.9735556244850159,False,True,True,agreement
discogs_68271,lastFM_31880,discogs,lastfm,0.9645216464996338,False,False,True,plm_check_confident_pos
discogs_68288,lastFM_31886,discogs,lastfm,0.9662833213806152,False,True,True,agreement
discogs_68442,lastFM_31956,discogs,lastfm,0.8912754654884338,False,False,True,plm_check_confident_pos
discogs_68443,lastFM_31957,discogs,lastfm,0.9739511609077454,False,True,True,agreement
discogs_68463,lastFM_31968,discogs,lastfm,0.9741122722625732,False,True,True,agreement
discogs_68523,lastFM_31996,discogs,lastfm,0.9311140775680542,False,True,True,agreement
discogs_68524,lastFM_31997,discogs,lastfm,0.9728253483772278,False,True,True,agreement
discogs_68631,lastFM_32042,discogs,lastfm,0.9735776782035828,False,True,True,agreement
discogs_68724,lastFM_32080,discogs,lastfm,0.9641766548156738,False,True,True,agreement
discogs_6897,lastFM_51054,discogs,lastfm,0.7908051609992981,False,False,True,plm_check_confident_pos
discogs_69046,lastFM_13375,discogs,lastfm,0.8064039349555969,False,False,True,plm_check_confident_pos
discogs_69046,lastFM_59735,discogs,lastfm,0.9339748620986938,False,False,True,plm_check_confident_pos
discogs_69046,lastFM_63354,discogs,lastfm,0.8064039349555969,False,False,True,plm_check_confident_pos
discogs_69046,lastFM_73863,discogs,lastfm,0.9586988091468811,False,False,True,plm_check_confident_pos
discogs_69191,lastFM_32281,discogs,lastfm,0.9267621636390686,False,True,True,agreement
discogs_69233,lastFM_32295,discogs,lastfm,0.9587148427963257,False,False,True,plm_check_confident_pos
discogs_69244,lastFM_32300,discogs,lastfm,0.9288960099220276,False,False,True,plm_check_confident_pos
discogs_69313,lastFM_18556,discogs,lastfm,0.943034827709198,False,False,True,plm_check_confident_pos
discogs_69313,lastFM_20173,discogs,lastfm,0.9421437978744507,False,False,True,plm_check_confident_pos
discogs_69313,lastFM_50373,discogs,lastfm,0.9362857341766357,False,False,True,plm_check_confident_pos
discogs_69313,lastFM_77264,discogs,lastfm,0.9463230967521667,False,False,True,plm_check_confident_pos
discogs_69335,lastFM_30289,discogs,lastfm,0.8654460906982422,False,False,True,plm_check_confident_pos
discogs_69519,lastFM_32420,discogs,lastfm,0.916396975517273,False,True,True,agreement
discogs_69543,lastFM_32434,discogs,lastfm,0.9734415411949158,False,True,True,agreement
discogs_6958,lastFM_37496,discogs,lastfm,0.9314985275268555,False,False,True,plm_check_confident_pos
discogs_6958,lastFM_38732,discogs,lastfm,0.9327153563499451,False,False,True,plm_check_confident_pos
discogs_6958,lastFM_38926,discogs,lastfm,0.9636278748512268,False,False,True,plm_check_confident_pos
discogs_6958,lastFM_64418,discogs,lastfm,0.9235534071922302,False,False,True,plm_check_confident_pos
discogs_69682,lastFM_32495,discogs,lastfm,0.9746877551078796,False,False,True,plm_check_confident_pos
discogs_6984,lastFM_3361,discogs,lastfm,0.9519148468971252,False,False,True,plm_check_confident_pos
discogs_69865,lastFM_2186,discogs,lastfm,0.9341444969177246,False,False,True,plm_check_confident_pos
discogs_6995,lastFM_3367,discogs,lastfm,0.9290831089019775,False,True,True,agreement
discogs_700,lastFM_404,discogs,lastfm,0.9502199292182922,False,True,True,agreement
discogs_703,lastFM_407,discogs,lastfm,0.974143385887146,False,True,True,agreement
discogs_70310,lastFM_32760,discogs,lastfm,0.9517912268638611,False,True,True,agreement
discogs_70332,lastFM_37496,discogs,lastfm,0.9590784907341003,False,False,True,plm_check_confident_pos
discogs_70332,lastFM_38732,discogs,lastfm,0.9641200304031372,False,False,True,plm_check_confident_pos
discogs_70332,lastFM_38926,discogs,lastfm,0.8186074495315552,False,False,True,plm_check_confident_pos
discogs_70332,lastFM_64418,discogs,lastfm,0.9571876525878906,False,False,True,plm_check_confident_pos
discogs_70343,lastFM_32779,discogs,lastfm,0.9362423419952393,False,True,True,agreement
discogs_70370,lastFM_12005,discogs,lastfm,0.9056249260902405,False,False,True,plm_check_confident_pos
discogs_70395,lastFM_32803,discogs,lastfm,0.9313244819641113,False,True,True,agreement
discogs_70400,lastFM_1754,discogs,lastfm,0.9572700262069702,False,False,True,plm_check_confident_pos
discogs_7045,lastFM_3395,discogs,lastfm,0.9643454551696777,False,True,True,agreement
discogs_70724,lastFM_32947,discogs,lastfm,0.7747370004653931,False,False,True,plm_check_confident_pos
discogs_70907,lastFM_33015,discogs,lastfm,0.9131332039833069,False,False,True,plm_check_confident_pos
discogs_710,lastFM_410,discogs,lastfm,0.9738397598266602,False,True,True,agreement
discogs_7103,lastFM_3426,discogs,lastfm,0.9593894481658936,False,True,True,agreement
discogs_71039,lastFM_33082,discogs,lastfm,0.9405632615089417,False,True,True,agreement
discogs_7108,lastFM_68923,discogs,lastfm,0.6542040705680847,False,True,True,agreement
discogs_71139,lastFM_33132,discogs,lastfm,0.8509243726730347,False,True,True,agreement
discogs_71149,lastFM_33138,discogs,lastfm,0.9621229767799377,False,True,True,agreement
discogs_71200,lastFM_33163,discogs,lastfm,0.9428988695144653,False,False,True,plm_check_confident_pos
discogs_71250,lastFM_33183,discogs,lastfm,0.9650429487228394,False,True,True,agreement
discogs_7130,lastFM_3435,discogs,lastfm,0.9289531111717224,False,True,True,agreement
discogs_71300,lastFM_33163,discogs,lastfm,0.9510942101478577,False,False,True,plm_check_confident_pos
discogs_71317,lastFM_25281,discogs,lastfm,0.9392249584197998,False,True,True,agreement
discogs_71361,lastFM_12227,discogs,lastfm,0.829912543296814,False,False,True,plm_check_confident_pos
discogs_7138,lastFM_3437,discogs,lastfm,0.9740634560585022,False,True,True,agreement
discogs_71458,lastFM_33277,discogs,lastfm,0.9736599326133728,False,True,True,agreement
discogs_71459,lastFM_33278,discogs,lastfm,0.9550911784172058,False,False,True,plm_check_confident_pos
discogs_71475,lastFM_33284,discogs,lastfm,0.9399567246437073,False,True,True,agreement
discogs_715,lastFM_414,discogs,lastfm,0.5745745301246643,False,True,True,agreement
discogs_7159,lastFM_3442,discogs,lastfm,0.9609155058860779,False,False,True,plm_check_confident_pos
discogs_71595,lastFM_33336,discogs,lastfm,0.9732378721237183,False,False,True,plm_check_confident_pos
discogs_716,lastFM_20649,discogs,lastfm,0.7174904346466064,False,True,True,agreement
discogs_7163,lastFM_17925,discogs,lastfm,0.8236215114593506,False,False,True,plm_check_confident_pos
discogs_71763,lastFM_33412,discogs,lastfm,0.9734483957290649,False,True,True,agreement
discogs_718,lastFM_416,discogs,lastfm,0.9708476066589355,False,True,True,agreement
discogs_7187,lastFM_3458,discogs,lastfm,0.9738069772720337,False,True,True,agreement
discogs_71877,lastFM_33457,discogs,lastfm,0.9731288552284241,False,True,True,agreement
discogs_719,lastFM_417,discogs,lastfm,0.9376847147941589,False,True,True,agreement
discogs_71900,lastFM_33466,discogs,lastfm,0.9754800200462341,False,False,True,plm_check_confident_pos
discogs_71930,lastFM_21587,discogs,lastfm,0.9736909866333008,False,True,True,agreement
discogs_71952,lastFM_33492,discogs,lastfm,0.9433172345161438,False,False,True,plm_check_confident_pos
discogs_72163,lastFM_33581,discogs,lastfm,0.9634634256362915,False,False,True,plm_check_confident_pos
discogs_722,lastFM_420,discogs,lastfm,0.9704391360282898,False,True,True,agreement
discogs_72203,lastFM_33600,discogs,lastfm,0.971048891544342,False,True,True,agreement
discogs_72441,lastFM_34141,discogs,lastfm,0.7129787802696228,False,False,True,plm_check_confident_pos
discogs_72465,lastFM_52066,discogs,lastfm,0.7537482380867004,False,False,True,plm_check_confident_pos
discogs_72465,lastFM_58941,discogs,lastfm,0.7346518039703369,False,False,True,plm_check_confident_pos
discogs_72465,lastFM_6084,discogs,lastfm,0.9710059762001038,False,False,True,plm_check_confident_pos
discogs_7248,lastFM_3488,discogs,lastfm,0.973349928855896,False,True,True,agreement
discogs_72639,lastFM_33794,discogs,lastfm,0.9752551913261414,False,True,True,agreement
discogs_72675,lastFM_33812,discogs,lastfm,0.9741141200065613,False,True,True,agreement
discogs_727,lastFM_421,discogs,lastfm,0.9727545380592346,False,True,True,agreement
discogs_72815,lastFM_33868,discogs,lastfm,0.975298285484314,False,False,True,plm_check_confident_pos
discogs_72825,lastFM_33295,discogs,lastfm,0.9732087850570679,False,True,True,agreement
discogs_72898,lastFM_33911,discogs,lastfm,0.9468361139297485,False,True,True,agreement
discogs_7290,lastFM_3502,discogs,lastfm,0.9745010137557983,False,False,True,plm_check_confident_pos
discogs_72951,lastFM_33930,discogs,lastfm,0.9577246904373169,False,True,True,agreement
discogs_73090,lastFM_37496,discogs,lastfm,0.9547904133796692,False,False,True,plm_check_confident_pos
discogs_73090,lastFM_38732,discogs,lastfm,0.9614695310592651,False,False,True,plm_check_confident_pos
discogs_73090,lastFM_38926,discogs,lastfm,0.9188796877861023,False,False,True,plm_check_confident_pos
discogs_73090,lastFM_64418,discogs,lastfm,0.9752026200294495,False,False,True,plm_check_confident_pos
discogs_73108,lastFM_33991,discogs,lastfm,0.6944760680198669,False,True,True,agreement
discogs_73178,lastFM_34019,discogs,lastfm,0.9255849719047546,False,True,True,agreement
discogs_7326,lastFM_3516,discogs,lastfm,0.9739434719085693,False,True,True,agreement
discogs_7329,lastFM_3518,discogs,lastfm,0.9733020663261414,False,True,True,agreement
discogs_733,lastFM_425,discogs,lastfm,0.9756611585617065,False,False,True,plm_check_confident_pos
discogs_73305,lastFM_34083,discogs,lastfm,0.9663543701171875,False,True,True,agreement
discogs_73309,lastFM_34084,discogs,lastfm,0.9628225564956665,False,True,True,agreement
discogs_73364,lastFM_34100,discogs,lastfm,0.974321722984314,False,True,True,agreement
discogs_734,lastFM_426,discogs,lastfm,0.9725488424301147,False,False,True,plm_check_confident_pos
discogs_73409,lastFM_34125,discogs,lastfm,0.9750271439552307,False,False,True,plm_check_confident_pos
discogs_7346,lastFM_3524,discogs,lastfm,0.9756655097007751,False,False,True,plm_check_confident_pos
discogs_7352,lastFM_3525,discogs,lastfm,0.9740773439407349,False,True,True,agreement
discogs_73572,lastFM_34196,discogs,lastfm,0.9290987849235535,False,True,True,agreement
discogs_73672,lastFM_18227,discogs,lastfm,0.9729548096656799,False,False,True,plm_check_confident_pos
discogs_737,lastFM_428,discogs,lastfm,0.9522290825843811,False,True,True,agreement
discogs_73749,lastFM_34272,discogs,lastfm,0.9431339502334595,False,True,True,agreement
discogs_73796,lastFM_13990,discogs,lastfm,0.8946306705474854,False,True,True,agreement
discogs_73879,lastFM_34340,discogs,lastfm,0.9737300872802734,False,True,True,agreement
discogs_73911,lastFM_34351,discogs,lastfm,0.9756382703781128,False,True,True,agreement
discogs_74,lastFM_40,discogs,lastfm,0.9743490219116211,False,True,True,agreement
discogs_74033,lastFM_34405,discogs,lastfm,0.8991764783859253,False,False,True,plm_check_confident_pos
discogs_74107,lastFM_12005,discogs,lastfm,0.9044198393821716,False,False,True,plm_check_confident_pos
discogs_74113,lastFM_34435,discogs,lastfm,0.7955834269523621,False,True,True,agreement
discogs_74120,lastFM_34440,discogs,lastfm,0.8702395558357239,False,True,True,agreement
discogs_74132,lastFM_34448,discogs,lastfm,0.9723624587059021,False,True,True,agreement
discogs_74187,lastFM_34479,discogs,lastfm,0.9035431742668152,False,False,True,plm_check_confident_pos
discogs_743,lastFM_432,discogs,lastfm,0.9736846685409546,False,False,True,plm_check_confident_pos
discogs_744,lastFM_433,discogs,lastfm,0.9725342988967896,False,True,True,agreement
discogs_74446,lastFM_34607,discogs,lastfm,0.9396697878837585,False,True,True,agreement
discogs_745,lastFM_434,discogs,lastfm,0.9747785329818726,False,True,True,agreement
discogs_746,lastFM_435,discogs,lastfm,0.9749085903167725,False,True,True,agreement
discogs_74716,lastFM_65631,discogs,lastfm,0.7906618714332581,False,False,True,plm_check_confident_pos
discogs_7480,lastFM_3571,discogs,lastfm,0.9737733006477356,False,True,True,agreement
discogs_74984,lastFM_33958,discogs,lastfm,0.5549588799476624,False,False,True,plm_check_llm_yes
discogs_74984,lastFM_34177,discogs,lastfm,0.9438319802284241,False,True,True,agreement
discogs_74984,lastFM_34841,discogs,lastfm,0.9728900194168091,False,False,True,plm_check_confident_pos
discogs_74992,lastFM_34846,discogs,lastfm,0.9737235307693481,False,False,True,plm_check_confident_pos
discogs_7508,lastFM_3580,discogs,lastfm,0.9740360379219055,False,True,True,agreement
discogs_7513,lastFM_3584,discogs,lastfm,0.9703744649887085,False,True,True,agreement
discogs_75190,lastFM_70930,discogs,lastfm,0.9746562242507935,False,False,True,plm_check_confident_pos
discogs_75343,lastFM_34990,discogs,lastfm,0.7196282744407654,False,True,True,agreement
discogs_75543,lastFM_35085,discogs,lastfm,0.8367587924003601,False,True,True,agreement
discogs_75574,lastFM_20104,discogs,lastfm,0.6413119435310364,False,False,True,plm_check_llm_yes
discogs_757,lastFM_441,discogs,lastfm,0.950252115726471,False,True,True,agreement
discogs_7591,lastFM_12514,discogs,lastfm,0.8396520018577576,False,True,True,agreement
discogs_75939,lastFM_23632,discogs,lastfm,0.8880581855773926,False,True,True,agreement
discogs_75959,lastFM_6295,discogs,lastfm,0.9271624684333801,False,False,True,plm_check_confident_pos
discogs_7599,lastFM_3624,discogs,lastfm,0.9736782312393188,False,False,True,plm_check_confident_pos
discogs_76049,lastFM_35300,discogs,lastfm,0.9734572172164917,False,True,True,agreement
discogs_7622,lastFM_3631,discogs,lastfm,0.9507333040237427,False,True,True,agreement
discogs_76222,lastFM_34479,discogs,lastfm,0.9035431742668152,False,False,True,plm_check_confident_pos
discogs_7627,lastFM_7987,discogs,lastfm,0.9756710529327393,False,False,True,plm_check_confident_pos
discogs_7638,lastFM_3640,discogs,lastfm,0.973164975643158,False,False,True,plm_check_confident_pos
discogs_76407,lastFM_35447,discogs,lastfm,0.9743795394897461,False,True,True,agreement
discogs_76446,lastFM_35465,discogs,lastfm,0.9738953709602356,False,True,True,agreement
discogs_7648,lastFM_3645,discogs,lastfm,0.9604080319404602,False,False,True,plm_check_confident_pos
discogs_76481,lastFM_35481,discogs,lastfm,0.8273264765739441,False,False,True,plm_check_confident_pos
discogs_76769,lastFM_30614,discogs,lastfm,0.9584953188896179,False,True,True,agreement
discogs_76788,lastFM_35611,discogs,lastfm,0.970020592212677,False,True,True,agreement
discogs_76812,lastFM_66063,discogs,lastfm,0.8419593572616577,False,True,True,agreement
discogs_76812,lastFM_74752,discogs,lastfm,0.8865105509757996,False,False,True,plm_check_confident_pos
discogs_76843,lastFM_1297,discogs,lastfm,0.8529259562492371,False,False,True,plm_check_confident_pos
discogs_76843,lastFM_22364,discogs,lastfm,0.8519810438156128,False,False,True,plm_check_confident_pos
discogs_76843,lastFM_32352,discogs,lastfm,0.7918395400047302,False,False,True,plm_check_confident_pos
discogs_76843,lastFM_35747,discogs,lastfm,0.8055503368377686,False,False,True,plm_check_confident_pos
discogs_76843,lastFM_36675,discogs,lastfm,0.751312255859375,False,False,True,plm_check_confident_pos
discogs_77051,lastFM_35723,discogs,lastfm,0.9737263917922974,False,True,True,agreement
discogs_77079,lastFM_35734,discogs,lastfm,0.7284989356994629,False,True,True,agreement
discogs_7716,lastFM_3678,discogs,lastfm,0.9627587199211121,False,True,True,agreement
discogs_77295,lastFM_67120,discogs,lastfm,0.9755244851112366,False,True,True,agreement
discogs_77422,lastFM_35875,discogs,lastfm,0.9734199643135071,False,True,True,agreement
discogs_77509,lastFM_35907,discogs,lastfm,0.973637580871582,False,True,True,agreement
discogs_77677,lastFM_35987,discogs,lastfm,0.9756606221199036,False,False,True,plm_check_confident_pos
discogs_77693,lastFM_81,discogs,lastfm,0.9480347633361816,False,False,True,plm_check_confident_pos
discogs_77748,lastFM_57992,discogs,lastfm,0.8995473384857178,False,True,True,agreement
discogs_77859,lastFM_66492,discogs,lastfm,0.9631391763687134,False,False,True,plm_check_confident_pos
discogs_7799,lastFM_3728,discogs,lastfm,0.9663854241371155,False,True,True,agreement
discogs_78451,lastFM_36328,discogs,lastfm,0.9284433126449585,False,True,True,agreement
discogs_7854,lastFM_13375,discogs,lastfm,0.8179754614830017,False,True,True,agreement
discogs_7854,lastFM_59735,discogs,lastfm,0.9356508851051331,False,False,True,plm_check_confident_pos
discogs_7854,lastFM_63354,discogs,lastfm,0.8179754614830017,False,False,True,plm_check_confident_pos
discogs_7854,lastFM_73863,discogs,lastfm,0.9419652223587036,False,False,True,plm_check_confident_pos
discogs_78630,lastFM_36406,discogs,lastfm,0.9559708833694458,False,True,True,agreement
discogs_78684,lastFM_36426,discogs,lastfm,0.9728924036026001,False,True,True,agreement
discogs_7869,lastFM_3767,discogs,lastfm,0.9743643999099731,False,True,True,agreement
discogs_7880,lastFM_3773,discogs,lastfm,0.9296551942825317,False,True,True,agreement
discogs_78998,lastFM_36570,discogs,lastfm,0.9737781286239624,False,True,True,agreement
discogs_7901,lastFM_3785,discogs,lastfm,0.9389445781707764,False,True,True,agreement
discogs_7906,lastFM_3788,discogs,lastfm,0.6520437002182007,False,True,True,agreement
discogs_79214,lastFM_36663,discogs,lastfm,0.975517213344574,False,False,True,plm_check_confident_pos
discogs_79291,lastFM_36701,discogs,lastfm,0.938976526260376,False,True,True,agreement
discogs_79405,lastFM_36750,discogs,lastfm,0.9308424592018127,False,True,True,agreement
discogs_79405,lastFM_63484,discogs,lastfm,0.9383427500724792,False,False,True,plm_check_confident_pos
discogs_79437,lastFM_36768,discogs,lastfm,0.9413016438484192,False,False,True,plm_check_confident_pos
discogs_79720,lastFM_36891,discogs,lastfm,0.9694671034812927,False,True,True,agreement
discogs_79917,lastFM_36969,discogs,lastfm,0.9750892519950867,False,False,True,plm_check_confident_pos
discogs_79961,lastFM_24165,discogs,lastfm,0.9534893035888672,False,True,True,agreement
discogs_79971,lastFM_36994,discogs,lastfm,0.9140202403068542,False,True,True,agreement
discogs_80133,lastFM_37061,discogs,lastfm,0.9737129211425781,False,True,True,agreement
discogs_80191,lastFM_37086,discogs,lastfm,0.9727171063423157,False,True,True,agreement
discogs_80251,lastFM_37119,discogs,lastfm,0.9735673666000366,False,False,True,plm_check_confident_pos
discogs_80268,lastFM_4180,discogs,lastfm,0.9732133746147156,False,True,True,agreement
discogs_8058,lastFM_3875,discogs,lastfm,0.9743486642837524,False,True,True,agreement
discogs_8059,lastFM_3876,discogs,lastfm,0.9587671160697937,False,True,True,agreement
discogs_80709,lastFM_37304,discogs,lastfm,0.9700589179992676,False,True,True,agreement
discogs_8088,lastFM_3891,discogs,lastfm,0.9704406261444092,False,False,True,plm_check_confident_pos
discogs_81157,lastFM_37496,discogs,lastfm,0.9729092121124268,False,False,True,plm_check_confident_pos
discogs_81157,lastFM_38732,discogs,lastfm,0.9733603000640869,False,False,True,plm_check_confident_pos
discogs_81157,lastFM_38926,discogs,lastfm,0.9384475350379944,False,False,True,plm_check_confident_pos
discogs_81157,lastFM_64418,discogs,lastfm,0.9704828262329102,False,False,True,plm_check_confident_pos
discogs_81161,lastFM_37497,discogs,lastfm,0.94455486536026,False,False,True,plm_check_confident_pos
discogs_81242,lastFM_37542,discogs,lastfm,0.9663653373718262,False,True,True,agreement
discogs_81247,lastFM_37545,discogs,lastfm,0.9740260243415833,False,True,True,agreement
discogs_81339,lastFM_37582,discogs,lastfm,0.9731781482696533,False,True,True,agreement
discogs_81481,lastFM_37645,discogs,lastfm,0.9743889570236206,False,True,True,agreement
discogs_81481,lastFM_43953,discogs,lastfm,0.9748758673667908,False,False,True,plm_check_confident_pos
discogs_8151,lastFM_3935,discogs,lastfm,0.9733977913856506,False,True,True,agreement
discogs_81558,lastFM_37674,discogs,lastfm,0.9596192836761475,False,True,True,agreement
discogs_81571,lastFM_13633,discogs,lastfm,0.9446418881416321,False,False,True,plm_check_confident_pos
discogs_81571,lastFM_19863,discogs,lastfm,0.9156397581100464,False,False,True,plm_check_confident_pos
discogs_81604,lastFM_37695,discogs,lastfm,0.9738362431526184,False,True,True,agreement
discogs_81699,lastFM_37733,discogs,lastfm,0.9748852849006653,False,True,True,agreement
discogs_81712,lastFM_37738,discogs,lastfm,0.9734246730804443,False,True,True,agreement
discogs_8189,lastFM_3958,discogs,lastfm,0.928232729434967,False,True,True,agreement
discogs_81921,lastFM_31759,discogs,lastfm,0.9241358041763306,False,False,True,plm_check_confident_pos
discogs_8193,lastFM_3961,discogs,lastfm,0.9428024888038635,False,True,True,agreement
discogs_81946,lastFM_37844,discogs,lastfm,0.958946168422699,False,True,True,agreement
discogs_81975,lastFM_5913,discogs,lastfm,0.9650792479515076,False,False,True,plm_check_confident_pos
discogs_8198,lastFM_3963,discogs,lastfm,0.9756845831871033,False,False,True,plm_check_confident_pos
discogs_822,lastFM_474,discogs,lastfm,0.9752078056335449,False,True,True,agreement
discogs_82271,lastFM_37972,discogs,lastfm,0.955162525177002,False,True,True,agreement
discogs_82334,lastFM_38000,discogs,lastfm,0.9728796482086182,False,True,True,agreement
discogs_8237,lastFM_3990,discogs,lastfm,0.969366192817688,False,False,True,plm_check_confident_pos
discogs_82379,lastFM_11312,discogs,lastfm,0.7578426003456116,False,False,True,plm_check_confident_pos
discogs_82765,lastFM_23458,discogs,lastfm,0.7894341945648193,False,False,True,plm_check_confident_pos
discogs_8285,lastFM_4011,discogs,lastfm,0.9647273421287537,False,False,True,plm_check_confident_pos
discogs_82891,lastFM_38263,discogs,lastfm,0.9590979218482971,False,True,True,agreement
discogs_830,lastFM_479,discogs,lastfm,0.9741583466529846,False,False,True,plm_check_confident_pos
discogs_83079,lastFM_38355,discogs,lastfm,0.7534820437431335,False,True,True,agreement
discogs_83113,lastFM_38371,discogs,lastfm,0.9672269225120544,False,True,True,agreement
discogs_8333,lastFM_4036,discogs,lastfm,0.9465253353118896,False,False,True,plm_check_confident_pos
discogs_8336,lastFM_7221,discogs,lastfm,0.5397005081176758,False,True,True,agreement
discogs_83431,lastFM_38533,discogs,lastfm,0.9371798634529114,False,True,True,agreement
discogs_8362,lastFM_4052,discogs,lastfm,0.9746295213699341,False,True,True,agreement
discogs_83660,lastFM_38629,discogs,lastfm,0.8429362177848816,False,True,True,agreement
discogs_83666,lastFM_5060,discogs,lastfm,0.9745703935623169,False,False,True,plm_check_confident_pos
discogs_83717,lastFM_38654,discogs,lastfm,0.9184062480926514,False,True,True,agreement
discogs_83730,lastFM_38659,discogs,lastfm,0.97379070520401,False,True,True,agreement
discogs_8390,lastFM_4071,discogs,lastfm,0.8912116289138794,False,True,True,agreement
discogs_83952,lastFM_45129,discogs,lastfm,0.738937258720398,False,False,True,plm_check_confident_pos
discogs_83952,lastFM_8515,discogs,lastfm,0.8971284031867981,False,True,True,agreement
discogs_84000,lastFM_38767,discogs,lastfm,0.9736093878746033,False,True,True,agreement
discogs_84199,lastFM_654,discogs,lastfm,0.9449653625488281,False,False,True,plm_check_confident_pos
discogs_84203,lastFM_4071,discogs,lastfm,0.927955150604248,False,False,True,plm_check_confident_pos
discogs_84293,lastFM_5365,discogs,lastfm,0.9049371480941772,False,False,True,plm_check_confident_pos
discogs_84388,lastFM_38937,discogs,lastfm,0.9753115773200989,False,True,True,agreement
discogs_84424,lastFM_38950,discogs,lastfm,0.9420575499534607,False,False,True,plm_check_confident_pos
discogs_84437,lastFM_22364,discogs,lastfm,0.8127654790878296,False,False,True,plm_check_confident_pos
discogs_84437,lastFM_67,discogs,lastfm,0.8567315340042114,False,False,True,plm_check_confident_pos
discogs_84521,lastFM_38992,discogs,lastfm,0.9732228517532349,False,True,True,agreement
discogs_84548,lastFM_39006,discogs,lastfm,0.973770022392273,False,True,True,agreement
discogs_8478,lastFM_4128,discogs,lastfm,0.9742106199264526,False,True,True,agreement
discogs_84783,lastFM_39111,discogs,lastfm,0.9327226281166077,False,True,True,agreement
discogs_8480,lastFM_4129,discogs,lastfm,0.9758086204528809,False,True,True,agreement
discogs_8483,lastFM_4132,discogs,lastfm,0.9747623801231384,False,True,True,agreement
discogs_8484,lastFM_31400,discogs,lastfm,0.6214109659194946,False,False,True,plm_check_llm_yes
discogs_8484,lastFM_4133,discogs,lastfm,0.9604336619377136,False,True,True,agreement
discogs_85020,lastFM_39210,discogs,lastfm,0.9338570237159729,False,True,True,agreement
discogs_85082,lastFM_39237,discogs,lastfm,0.9721499681472778,False,False,True,plm_check_confident_pos
discogs_85320,lastFM_39328,discogs,lastfm,0.8791635036468506,False,True,True,agreement
discogs_85418,lastFM_37496,discogs,lastfm,0.9734940528869629,False,False,True,plm_check_confident_pos
discogs_85418,lastFM_38732,discogs,lastfm,0.9733057618141174,False,False,True,plm_check_confident_pos
discogs_85418,lastFM_38926,discogs,lastfm,0.9538139700889587,False,False,True,plm_check_confident_pos
discogs_85418,lastFM_64418,discogs,lastfm,0.9709256291389465,False,False,True,plm_check_confident_pos
discogs_8552,lastFM_4169,discogs,lastfm,0.8823832273483276,False,True,True,agreement
discogs_85624,lastFM_39466,discogs,lastfm,0.9729394316673279,False,True,True,agreement
discogs_85772,lastFM_13375,discogs,lastfm,0.809933066368103,False,False,True,plm_check_confident_pos
discogs_85772,lastFM_59735,discogs,lastfm,0.9107759594917297,False,False,True,plm_check_confident_pos
discogs_85772,lastFM_63354,discogs,lastfm,0.809933066368103,False,False,True,plm_check_confident_pos
discogs_85772,lastFM_73863,discogs,lastfm,0.9347337484359741,False,False,True,plm_check_confident_pos
discogs_86085,lastFM_14063,discogs,lastfm,0.9748148322105408,False,False,True,plm_check_confident_pos
discogs_86210,lastFM_18556,discogs,lastfm,0.9158656597137451,False,False,True,plm_check_confident_pos
discogs_86210,lastFM_20173,discogs,lastfm,0.7098829746246338,False,False,True,plm_check_confident_pos
discogs_86210,lastFM_77264,discogs,lastfm,0.9160780310630798,False,False,True,plm_check_confident_pos
discogs_86243,lastFM_39747,discogs,lastfm,0.9672958254814148,False,False,True,plm_check_confident_pos
discogs_8627,lastFM_4205,discogs,lastfm,0.9742715954780579,False,True,True,agreement
discogs_8628,lastFM_4206,discogs,lastfm,0.9316239953041077,False,False,True,plm_check_confident_pos
discogs_86289,lastFM_39768,discogs,lastfm,0.9752511382102966,False,False,True,plm_check_confident_pos
discogs_8629,lastFM_4207,discogs,lastfm,0.9740561842918396,False,False,True,plm_check_confident_pos
discogs_8631,lastFM_4209,discogs,lastfm,0.9752631783485413,False,True,True,agreement
discogs_86704,lastFM_39944,discogs,lastfm,0.9668669104576111,False,False,True,plm_check_confident_pos
discogs_86710,lastFM_654,discogs,lastfm,0.938268780708313,False,False,True,plm_check_confident_pos
discogs_86774,lastFM_39977,discogs,lastfm,0.9745004177093506,False,False,True,plm_check_confident_pos
discogs_86774,lastFM_63634,discogs,lastfm,0.974709689617157,False,True,True,agreement
discogs_86931,lastFM_40044,discogs,lastfm,0.951646625995636,False,True,True,agreement
discogs_8694,lastFM_4245,discogs,lastfm,0.8862870931625366,False,True,True,agreement
discogs_86999,lastFM_40079,discogs,lastfm,0.9733662009239197,False,False,True,plm_check_confident_pos
discogs_871,lastFM_500,discogs,lastfm,0.975489616394043,False,True,True,agreement
discogs_87228,lastFM_40176,discogs,lastfm,0.9732710123062134,False,True,True,agreement
discogs_8727,lastFM_4259,discogs,lastfm,0.9301614761352539,False,False,True,plm_check_confident_pos
discogs_87352,lastFM_40226,discogs,lastfm,0.9555449485778809,False,False,True,plm_check_confident_pos
discogs_87651,lastFM_40360,discogs,lastfm,0.9702222943305969,False,True,True,agreement
discogs_87690,lastFM_27329,discogs,lastfm,0.9617043137550354,False,False,True,plm_check_confident_pos
discogs_87802,lastFM_40425,discogs,lastfm,0.9712206721305847,False,True,True,agreement
discogs_87809,lastFM_40429,discogs,lastfm,0.9741984009742737,False,True,True,agreement
discogs_87904,lastFM_40474,discogs,lastfm,0.9468445181846619,False,False,True,plm_check_confident_pos
discogs_87904,lastFM_74985,discogs,lastfm,0.9420514106750488,False,False,True,plm_check_confident_pos
discogs_8866,lastFM_4332,discogs,lastfm,0.9747347235679626,False,True,True,agreement
discogs_88693,lastFM_23574,discogs,lastfm,0.8836365342140198,False,False,True,plm_check_confident_pos
discogs_88767,lastFM_22364,discogs,lastfm,0.8201294541358948,False,False,True,plm_check_confident_pos
discogs_88767,lastFM_35747,discogs,lastfm,0.7160575985908508,False,False,True,plm_check_confident_pos
discogs_88767,lastFM_67,discogs,lastfm,0.7116048336029053,False,False,True,plm_check_confident_pos
discogs_88775,lastFM_7609,discogs,lastfm,0.9456149339675903,False,False,True,plm_check_confident_pos
discogs_88852,lastFM_30133,discogs,lastfm,0.9681423902511597,False,False,True,plm_check_confident_pos
discogs_88989,lastFM_40948,discogs,lastfm,0.9606560468673706,False,True,True,agreement
discogs_89005,lastFM_40955,discogs,lastfm,0.96690434217453,False,True,True,agreement
discogs_8957,lastFM_4379,discogs,lastfm,0.9251917600631714,False,True,True,agreement
discogs_899,lastFM_518,discogs,lastfm,0.973435640335083,False,True,True,agreement
discogs_89940,lastFM_41354,discogs,lastfm,0.9696571826934814,False,True,True,agreement
discogs_9011,lastFM_4408,discogs,lastfm,0.974265456199646,False,False,True,plm_check_confident_pos
discogs_903,lastFM_1869,discogs,lastfm,0.6796346306800842,False,False,True,plm_check_llm_yes
discogs_90359,lastFM_483,discogs,lastfm,0.9758597016334534,False,False,True,plm_check_confident_pos
discogs_904,lastFM_521,discogs,lastfm,0.9732655882835388,False,True,True,agreement
discogs_9043,lastFM_4423,discogs,lastfm,0.9444494843482971,False,False,True,plm_check_confident_pos
discogs_905,lastFM_6736,discogs,lastfm,0.9358558058738708,False,False,True,plm_check_confident_pos
discogs_9052,lastFM_1939,discogs,lastfm,0.9747223854064941,False,False,True,plm_check_confident_pos
discogs_90551,lastFM_41616,discogs,lastfm,0.944631814956665,False,True,True,agreement
discogs_90678,lastFM_41677,discogs,lastfm,0.9699968099594116,False,True,True,agreement
discogs_9093,lastFM_4446,discogs,lastfm,0.9616922736167908,False,False,True,plm_check_confident_pos
discogs_9106,lastFM_4448,discogs,lastfm,0.9740195274353027,False,False,True,plm_check_confident_pos
discogs_9118,lastFM_4458,discogs,lastfm,0.9748842716217041,False,True,True,agreement
discogs_91189,lastFM_18786,discogs,lastfm,0.715177595615387,False,False,True,plm_check_confident_pos
discogs_9120,lastFM_4460,discogs,lastfm,0.973965048789978,False,True,True,agreement
discogs_91219,lastFM_37496,discogs,lastfm,0.9756327271461487,False,False,True,plm_check_confident_pos
discogs_91219,lastFM_38732,discogs,lastfm,0.9756289720535278,False,False,True,plm_check_confident_pos
discogs_91219,lastFM_38926,discogs,lastfm,0.9739331603050232,False,False,True,plm_check_confident_pos
discogs_91219,lastFM_64418,discogs,lastfm,0.9757643342018127,False,False,True,plm_check_confident_pos
discogs_91401,lastFM_41967,discogs,lastfm,0.8751716017723083,False,False,True,plm_check_confident_pos
discogs_9141,lastFM_1011,discogs,lastfm,0.9431203007698059,False,False,True,plm_check_confident_pos
discogs_9141,lastFM_13219,discogs,lastfm,0.9521819949150085,False,False,True,plm_check_confident_pos
discogs_91416,lastFM_41971,discogs,lastfm,0.9685460329055786,False,True,True,agreement
discogs_91441,lastFM_11715,discogs,lastfm,0.9757235050201416,False,False,True,plm_check_confident_pos
discogs_91506,lastFM_41971,discogs,lastfm,0.9685460329055786,False,False,True,plm_check_confident_pos
discogs_91702,lastFM_42091,discogs,lastfm,0.9736462235450745,False,True,True,agreement
discogs_91794,lastFM_42138,discogs,lastfm,0.9741892218589783,False,True,True,agreement
discogs_91849,lastFM_42159,discogs,lastfm,0.9408993721008301,False,True,True,agreement
discogs_92114,lastFM_42263,discogs,lastfm,0.9634214639663696,False,True,True,agreement
discogs_92195,lastFM_42294,discogs,lastfm,0.9743855595588684,False,True,True,agreement
discogs_9222,lastFM_4499,discogs,lastfm,0.9124828577041626,False,True,True,agreement
discogs_92421,lastFM_42390,discogs,lastfm,0.9227777719497681,False,True,True,agreement
discogs_92534,lastFM_42439,discogs,lastfm,0.951254665851593,False,True,True,agreement
discogs_9259,lastFM_4517,discogs,lastfm,0.9376506209373474,False,True,True,agreement
discogs_9299,lastFM_4539,discogs,lastfm,0.9758467674255371,False,True,True,agreement
discogs_93051,lastFM_20173,discogs,lastfm,0.8848803043365479,False,False,True,plm_check_confident_pos
discogs_93051,lastFM_77264,discogs,lastfm,0.701427698135376,False,False,True,plm_check_confident_pos
discogs_93307,lastFM_42755,discogs,lastfm,0.9736295342445374,False,True,True,agreement
discogs_9334,lastFM_4560,discogs,lastfm,0.9261132478713989,False,True,True,agreement
discogs_93364,lastFM_42755,discogs,lastfm,0.9738086462020874,False,False,True,plm_check_confident_pos
discogs_93461,lastFM_42817,discogs,lastfm,0.9727206826210022,False,True,True,agreement
discogs_93467,lastFM_37496,discogs,lastfm,0.9742407202720642,False,False,True,plm_check_confident_pos
discogs_93467,lastFM_38732,discogs,lastfm,0.9753555655479431,False,False,True,plm_check_confident_pos
discogs_93467,lastFM_38926,discogs,lastfm,0.7884610295295715,False,False,True,plm_check_confident_pos
discogs_93467,lastFM_64418,discogs,lastfm,0.9319803714752197,False,False,True,plm_check_confident_pos
discogs_9349,lastFM_4570,discogs,lastfm,0.9754035472869873,False,True,True,agreement
discogs_93510,lastFM_42835,discogs,lastfm,0.9741895794868469,False,True,True,agreement
discogs_93562,lastFM_42853,discogs,lastfm,0.8631354570388794,False,True,True,agreement
discogs_93565,lastFM_42855,discogs,lastfm,0.9588137865066528,False,True,True,agreement
discogs_93655,lastFM_42892,discogs,lastfm,0.9663880467414856,False,True,True,agreement
discogs_938,lastFM_538,discogs,lastfm,0.9738890528678894,False,True,True,agreement
discogs_9383,lastFM_4590,discogs,lastfm,0.8892633318901062,False,True,True,agreement
discogs_93837,lastFM_41840,discogs,lastfm,0.9702950119972229,False,False,True,plm_check_confident_pos
discogs_93838,lastFM_61020,discogs,lastfm,0.9003082513809204,False,False,True,plm_check_confident_pos
discogs_93912,lastFM_42994,discogs,lastfm,0.9735435247421265,False,True,True,agreement
discogs_93934,lastFM_17282,discogs,lastfm,0.8958341479301453,False,False,True,plm_check_confident_pos
discogs_93934,lastFM_26628,discogs,lastfm,0.9426408410072327,False,True,True,agreement
discogs_93934,lastFM_73579,discogs,lastfm,0.8601950407028198,False,False,True,plm_check_confident_pos
discogs_93934,lastFM_76287,discogs,lastfm,0.8404852747917175,False,False,True,plm_check_confident_pos
discogs_9397,lastFM_4599,discogs,lastfm,0.9734020829200745,False,True,True,agreement
discogs_9404,lastFM_4600,discogs,lastfm,0.9465335607528687,False,True,True,agreement
discogs_9409,lastFM_3054,discogs,lastfm,0.9142738580703735,False,False,True,plm_check_confident_pos
discogs_941,lastFM_541,discogs,lastfm,0.9715616703033447,False,True,True,agreement
discogs_9411,lastFM_4604,discogs,lastfm,0.9728283882141113,False,True,True,agreement
discogs_9423,lastFM_4611,discogs,lastfm,0.873429000377655,False,True,True,agreement
discogs_94305,lastFM_43143,discogs,lastfm,0.9112734794616699,False,False,True,plm_check_confident_pos
discogs_94314,lastFM_43115,discogs,lastfm,0.8543432354927063,False,True,True,agreement
discogs_94320,lastFM_42755,discogs,lastfm,0.9736635684967041,False,False,True,plm_check_confident_pos
discogs_9433,lastFM_4615,discogs,lastfm,0.9744988679885864,False,True,True,agreement
discogs_94405,lastFM_43115,discogs,lastfm,0.8025215864181519,False,False,True,plm_check_confident_pos
discogs_94411,lastFM_43202,discogs,lastfm,0.9669342637062073,False,True,True,agreement
discogs_94539,lastFM_8707,discogs,lastfm,0.9606504440307617,False,False,True,plm_check_confident_pos
discogs_9463,lastFM_4636,discogs,lastfm,0.9751408100128174,False,False,True,plm_check_confident_pos
discogs_94666,lastFM_27756,discogs,lastfm,0.8687319755554199,False,False,True,plm_check_confident_pos
discogs_94774,lastFM_2186,discogs,lastfm,0.9430904984474182,False,True,True,agreement
discogs_948,lastFM_548,discogs,lastfm,0.930807888507843,False,False,True,plm_check_confident_pos
discogs_94853,lastFM_33991,discogs,lastfm,0.8545874953269958,False,False,True,plm_check_confident_pos
discogs_9490,lastFM_4650,discogs,lastfm,0.9746038317680359,False,True,True,agreement
discogs_94990,lastFM_13375,discogs,lastfm,0.9578174948692322,False,False,True,plm_check_confident_pos
discogs_94990,lastFM_59735,discogs,lastfm,0.9753849506378174,False,False,True,plm_check_confident_pos
discogs_94990,lastFM_63354,discogs,lastfm,0.9578174948692322,False,False,True,plm_check_confident_pos
discogs_94990,lastFM_73863,discogs,lastfm,0.9732673764228821,False,False,True,plm_check_confident_pos
discogs_9500,lastFM_7987,discogs,lastfm,0.9745926260948181,False,False,True,plm_check_confident_pos
discogs_9506,lastFM_4657,discogs,lastfm,0.9096581339836121,False,True,True,agreement
discogs_95151,lastFM_43511,discogs,lastfm,0.9430658221244812,False,True,True,agreement
discogs_9523,lastFM_4666,discogs,lastfm,0.9679126739501953,False,True,True,agreement
discogs_95255,lastFM_43547,discogs,lastfm,0.9582338333129883,False,True,True,agreement
discogs_95294,lastFM_43560,discogs,lastfm,0.9733750224113464,False,False,True,plm_check_confident_pos
discogs_95411,lastFM_43596,discogs,lastfm,0.8585794568061829,False,False,True,plm_check_confident_pos
discogs_95440,lastFM_17282,discogs,lastfm,0.8524026870727539,False,False,True,plm_check_confident_pos
discogs_95440,lastFM_26628,discogs,lastfm,0.9436892867088318,False,False,True,plm_check_confident_pos
discogs_95440,lastFM_73579,discogs,lastfm,0.8197692632675171,False,False,True,plm_check_confident_pos
discogs_95440,lastFM_76287,discogs,lastfm,0.8041914701461792,False,False,True,plm_check_confident_pos
discogs_9559,lastFM_4681,discogs,lastfm,0.9540916085243225,False,True,True,agreement
discogs_9570,lastFM_290,discogs,lastfm,0.9755181074142456,False,False,True,plm_check_confident_pos
discogs_95802,lastFM_43731,discogs,lastfm,0.9758140444755554,False,False,True,plm_check_confident_pos
discogs_9587,lastFM_2639,discogs,lastfm,0.8870800733566284,False,False,True,plm_check_confident_pos
discogs_9591,lastFM_4697,discogs,lastfm,0.975272536277771,False,True,True,agreement
discogs_96024,lastFM_43806,discogs,lastfm,0.9424400329589844,False,True,True,agreement
discogs_9603,lastFM_4703,discogs,lastfm,0.9649538397789001,False,True,True,agreement
discogs_96035,lastFM_43813,discogs,lastfm,0.8646021485328674,False,False,True,plm_check_confident_pos
discogs_9616,lastFM_4711,discogs,lastfm,0.957345187664032,False,True,True,agreement
discogs_96298,lastFM_43932,discogs,lastfm,0.9373984336853027,False,True,True,agreement
discogs_96422,lastFM_43971,discogs,lastfm,0.9728876352310181,False,False,True,plm_check_confident_pos
discogs_9650,lastFM_4730,discogs,lastfm,0.9663013815879822,False,True,True,agreement
discogs_9658,lastFM_4182,discogs,lastfm,0.9357181191444397,False,False,True,plm_check_confident_pos
discogs_96636,lastFM_44046,discogs,lastfm,0.9748077988624573,False,True,True,agreement
discogs_9665,lastFM_4742,discogs,lastfm,0.9742680788040161,False,True,True,agreement
discogs_9681,lastFM_140,discogs,lastfm,0.8184075951576233,False,False,True,plm_check_confident_pos
discogs_9681,lastFM_4750,discogs,lastfm,0.9732286334037781,False,True,True,agreement
discogs_96815,lastFM_21012,discogs,lastfm,0.9186931252479553,False,True,True,agreement
discogs_9691,lastFM_4755,discogs,lastfm,0.9637013673782349,False,False,True,plm_check_confident_pos
discogs_97014,lastFM_44201,discogs,lastfm,0.9619764685630798,False,False,True,plm_check_confident_pos
discogs_9712,lastFM_4764,discogs,lastfm,0.972176194190979,False,True,True,agreement
discogs_9713,lastFM_4765,discogs,lastfm,0.9537453651428223,False,True,True,agreement
discogs_97317,lastFM_44336,discogs,lastfm,0.9562768936157227,False,True,True,agreement
discogs_97454,lastFM_44379,discogs,lastfm,0.9138336181640625,False,True,True,agreement
discogs_9753,lastFM_4786,discogs,lastfm,0.6394318342208862,False,False,True,plm_check_llm_yes
discogs_97566,lastFM_44432,discogs,lastfm,0.9461318254470825,False,False,True,plm_check_confident_pos
discogs_976,lastFM_561,discogs,lastfm,0.9534528851509094,False,True,True,agreement
discogs_97643,lastFM_44469,discogs,lastfm,0.9733980298042297,False,True,True,agreement
discogs_97789,lastFM_44534,discogs,lastfm,0.9162185788154602,False,True,True,agreement
discogs_97882,lastFM_16381,discogs,lastfm,0.9469735622406006,False,False,True,plm_check_confident_pos
discogs_98,lastFM_52,discogs,lastfm,0.9747679233551025,False,True,True,agreement
discogs_98068,lastFM_44638,discogs,lastfm,0.9460123181343079,False,True,True,agreement
discogs_9819,lastFM_4820,discogs,lastfm,0.9746295213699341,False,True,True,agreement
discogs_98482,lastFM_44792,discogs,lastfm,0.9480902552604675,False,True,True,agreement
discogs_98622,lastFM_44842,discogs,lastfm,0.9739183187484741,False,False,True,plm_check_confident_pos
discogs_98661,lastFM_33868,discogs,lastfm,0.975298285484314,False,False,True,plm_check_confident_pos
discogs_99,lastFM_53,discogs,lastfm,0.9754182696342468,False,True,True,agreement
discogs_9923,lastFM_4874,discogs,lastfm,0.9377032518386841,False,True,True,agreement
discogs_99242,lastFM_45074,discogs,lastfm,0.9516336917877197,False,True,True,agreement
discogs_9936,lastFM_19946,discogs,lastfm,0.9121696949005127,False,False,True,plm_check_confident_pos
discogs_9936,lastFM_4882,discogs,lastfm,0.9742376208305359,False,True,True,agreement
discogs_99361,lastFM_45129,discogs,lastfm,0.8956401944160461,False,True,True,agreement
discogs_99361,lastFM_8515,discogs,lastfm,0.8828548789024353,False,False,True,plm_check_confident_pos
discogs_99584,lastFM_45212,discogs,lastfm,0.9441187977790833,False,True,True,agreement
discogs_99588,lastFM_45215,discogs,lastfm,0.9750271439552307,False,True,True,agreement
discogs_99604,lastFM_1297,discogs,lastfm,0.9163290858268738,False,False,True,plm_check_confident_pos
discogs_99604,lastFM_22364,discogs,lastfm,0.9383443593978882,False,False,True,plm_check_confident_pos
discogs_99604,lastFM_32352,discogs,lastfm,0.8590890765190125,False,False,True,plm_check_confident_pos
discogs_99604,lastFM_35747,discogs,lastfm,0.8448708057403564,False,False,True,plm_check_confident_pos
discogs_99604,lastFM_36675,discogs,lastfm,0.8929848074913025,False,False,True,plm_check_confident_pos
discogs_99604,lastFM_73944,discogs,lastfm,0.7222282290458679,False,False,True,plm_check_confident_pos
discogs_99936,lastFM_45369,discogs,lastfm,0.9734386801719666,False,True,True,agreement
discogs_99955,lastFM_45378,discogs,lastfm,0.9730758666992188,False,True,True,agreement
discogs_100,mbrainz_40,musicbrainz,discogs,1.0,True,True,True,gold
discogs_100122,mbrainz_18639,musicbrainz,discogs,0.9735828638,False,True,True,agreement
discogs_100165,mbrainz_2096,musicbrainz,discogs,0.9577348232,False,False,True,plm_check_confident_pos
discogs_100310,mbrainz_2827,musicbrainz,discogs,0.9424477816,False,False,True,plm_check_confident_pos
discogs_10032,mbrainz_2286,musicbrainz,discogs,1.0,True,True,True,gold
discogs_10045,mbrainz_2132,musicbrainz,discogs,0.9749156237,False,True,True,agreement
discogs_100640,mbrainz_21414,musicbrainz,discogs,1.0,True,True,True,gold
discogs_100710,mbrainz_18707,musicbrainz,discogs,1.0,True,True,True,gold
discogs_100710,mbrainz_19522,musicbrainz,discogs,0.9682244062423706,False,False,True,plm_check_confident_pos
discogs_10086,mbrainz_2296,musicbrainz,discogs,1.0,True,True,True,gold
discogs_10094,mbrainz_17412,musicbrainz,discogs,0.974611938,False,True,True,agreement
discogs_100948,mbrainz_4178,musicbrainz,discogs,0.9472379684,False,False,True,plm_check_confident_pos
discogs_101,mbrainz_41,musicbrainz,discogs,1.0,True,True,True,gold
discogs_101139,mbrainz_18750,musicbrainz,discogs,1.0,True,True,True,gold
discogs_101146,mbrainz_2224,musicbrainz,discogs,0.962059021,False,False,True,plm_check_confident_pos
discogs_10116,mbrainz_2302,musicbrainz,discogs,1.0,True,True,True,gold
discogs_10128,mbrainz_1873,musicbrainz,discogs,1.0,True,True,True,gold
discogs_101323,mbrainz_5829,musicbrainz,discogs,0.9757859111,False,False,True,plm_check_confident_pos
discogs_101416,mbrainz_14837,musicbrainz,discogs,0.9210250974,False,True,True,agreement
discogs_101422,mbrainz_3388,musicbrainz,discogs,0.9738658667,False,False,True,plm_check_confident_pos
discogs_10144,mbrainz_2305,musicbrainz,discogs,1.0,True,True,True,gold
discogs_10148,mbrainz_31188,musicbrainz,discogs,1.0,True,False,True,gold
discogs_101500,mbrainz_18790,musicbrainz,discogs,1.0,True,True,True,gold
discogs_101523,mbrainz_2783,musicbrainz,discogs,0.9371140003,False,False,True,plm_check_confident_pos
discogs_10155,mbrainz_2306,musicbrainz,discogs,1.0,True,True,True,gold
discogs_101684,mbrainz_2693,musicbrainz,discogs,1.0,True,False,True,gold
discogs_101694,mbrainz_13755,musicbrainz,discogs,0.8897150159,False,False,True,plm_check_confident_pos
discogs_101710,mbrainz_18682,musicbrainz,discogs,1.0,True,True,True,gold
discogs_1018,mbrainz_317,musicbrainz,discogs,1.0,True,True,True,gold
discogs_101806,mbrainz_1448,musicbrainz,discogs,1.0,True,False,True,gold
discogs_101845,mbrainz_18840,musicbrainz,discogs,1.0,True,True,True,gold
discogs_101935,mbrainz_8111,musicbrainz,discogs,1.0,True,True,True,gold
discogs_101939,mbrainz_10963,musicbrainz,discogs,1.0,True,True,True,gold
discogs_102067,mbrainz_18870,musicbrainz,discogs,0.8893831968,False,False,True,plm_check_confident_pos
discogs_102076,mbrainz_3276,musicbrainz,discogs,1.0,True,False,True,gold
discogs_102116,mbrainz_26846,musicbrainz,discogs,1.0,True,True,True,gold
discogs_102132,mbrainz_18883,musicbrainz,discogs,1.0,True,True,True,gold
discogs_10214,mbrainz_2319,musicbrainz,discogs,0.9749748111,False,True,True,agreement
discogs_10230,mbrainz_2323,musicbrainz,discogs,1.0,True,True,True,gold
discogs_1024,mbrainz_318,musicbrainz,discogs,1.0,True,True,True,gold
discogs_10244,mbrainz_2327,musicbrainz,discogs,1.0,True,True,True,gold
discogs_102508,mbrainz_18926,musicbrainz,discogs,0.97577703,False,False,True,plm_check_confident_pos
discogs_102511,mbrainz_14837,musicbrainz,discogs,1.0,True,False,True,gold
discogs_102570,mbrainz_11273,musicbrainz,discogs,0.9734083414,False,False,True,plm_check_confident_pos
discogs_102621,mbrainz_18940,musicbrainz,discogs,1.0,True,True,True,gold
discogs_10270,mbrainz_877,musicbrainz,discogs,0.9024963379,False,False,True,plm_check_confident_pos
discogs_10272,mbrainz_2332,musicbrainz,discogs,0.9735071659,False,True,True,agreement
discogs_102844,mbrainz_18971,musicbrainz,discogs,0.9542054534,False,True,True,agreement
discogs_102885,mbrainz_18982,musicbrainz,discogs,1.0,True,True,True,gold
discogs_102885,mbrainz_8399,musicbrainz,discogs,0.9421483278274536,False,False,True,plm_check_confident_pos
discogs_102896,mbrainz_18984,musicbrainz,discogs,0.9685673714,False,True,True,agreement
discogs_102896,mbrainz_22903,musicbrainz,discogs,0.8870462179,False,False,True,plm_check_confident_pos
discogs_10293,mbrainz_2337,musicbrainz,discogs,0.973405242,False,True,True,agreement
discogs_103010,mbrainz_5056,musicbrainz,discogs,0.9730631113,False,False,True,plm_check_confident_pos
discogs_10302,mbrainz_2341,musicbrainz,discogs,1.0,True,True,True,gold
discogs_10303,mbrainz_2342,musicbrainz,discogs,1.0,True,True,True,gold
discogs_103182,mbrainz_4569,musicbrainz,discogs,0.7412158251,False,False,True,plm_check_confident_pos
discogs_10320,mbrainz_2347,musicbrainz,discogs,1.0,True,True,True,gold
discogs_103256,mbrainz_19025,musicbrainz,discogs,1.0,True,True,True,gold
discogs_10329,mbrainz_2348,musicbrainz,discogs,1.0,True,True,True,gold
discogs_103437,mbrainz_10092,musicbrainz,discogs,0.7910567522,False,False,True,plm_check_confident_pos
discogs_103459,mbrainz_19059,musicbrainz,discogs,0.9741980433,False,True,True,agreement
discogs_103481,mbrainz_18833,musicbrainz,discogs,1.0,True,True,True,gold
discogs_103586,mbrainz_18893,musicbrainz,discogs,1.0,True,True,True,gold
discogs_103623,mbrainz_17520,musicbrainz,discogs,1.0,True,True,True,gold
discogs_10363,mbrainz_2359,musicbrainz,discogs,1.0,True,True,True,gold
discogs_10374,mbrainz_2360,musicbrainz,discogs,1.0,True,True,True,gold
discogs_103756,mbrainz_19097,musicbrainz,discogs,1.0,True,True,True,gold
discogs_103759,mbrainz_18861,musicbrainz,discogs,1.0,True,True,True,gold
discogs_103775,mbrainz_19023,musicbrainz,discogs,1.0,True,True,True,gold
discogs_10378,mbrainz_1689,musicbrainz,discogs,1.0,True,True,True,gold
discogs_103809,mbrainz_19105,musicbrainz,discogs,1.0,True,True,True,gold
discogs_103822,mbrainz_15289,musicbrainz,discogs,1.0,True,True,True,gold
discogs_103951,mbrainz_19119,musicbrainz,discogs,1.0,True,False,True,gold
discogs_103983,mbrainz_19123,musicbrainz,discogs,1.0,True,True,True,gold
discogs_103985,mbrainz_19124,musicbrainz,discogs,0.950345993,False,False,True,plm_check_confident_pos
discogs_10399,mbrainz_2366,musicbrainz,discogs,1.0,True,True,True,gold
discogs_104,mbrainz_42,musicbrainz,discogs,1.0,True,True,True,gold
discogs_10403,mbrainz_2067,musicbrainz,discogs,1.0,True,True,True,gold
discogs_10409,mbrainz_2368,musicbrainz,discogs,1.0,True,False,True,gold
discogs_104191,mbrainz_19097,musicbrainz,discogs,0.9748279452,False,False,True,plm_check_confident_pos
discogs_104213,mbrainz_18860,musicbrainz,discogs,1.0,True,True,True,gold
discogs_104224,mbrainz_694,musicbrainz,discogs,0.9732723236,False,False,True,plm_check_confident_pos
discogs_104248,mbrainz_10949,musicbrainz,discogs,0.9749285579,False,False,True,plm_check_confident_pos
discogs_10429,mbrainz_2373,musicbrainz,discogs,1.0,True,True,True,gold
discogs_104349,mbrainz_19163,musicbrainz,discogs,1.0,True,True,True,gold
discogs_104360,mbrainz_19167,musicbrainz,discogs,1.0,True,True,True,gold
discogs_104374,mbrainz_2667,musicbrainz,discogs,0.7679907084,False,False,True,plm_check_confident_pos
discogs_104396,mbrainz_16773,musicbrainz,discogs,0.8713878989,False,False,True,plm_check_confident_pos
discogs_104396,mbrainz_25550,musicbrainz,discogs,0.7389826774597168,False,False,True,plm_check_confident_pos
discogs_104463,mbrainz_11304,musicbrainz,discogs,1.0,True,True,True,gold
discogs_104481,mbrainz_8643,musicbrainz,discogs,1.0,True,True,True,gold
discogs_104500,mbrainz_19183,musicbrainz,discogs,1.0,True,True,True,gold
discogs_104712,mbrainz_15514,musicbrainz,discogs,0.787752091884613,False,False,True,plm_check_confident_pos
discogs_104712,mbrainz_2383,musicbrainz,discogs,0.8678997755,False,False,True,plm_check_confident_pos
discogs_104712,mbrainz_2690,musicbrainz,discogs,0.8953414559364319,False,False,True,plm_check_confident_pos
discogs_10473,mbrainz_2384,musicbrainz,discogs,0.8534189463,False,True,True,agreement
discogs_10480,mbrainz_2389,musicbrainz,discogs,1.0,True,True,True,gold
discogs_104874,mbrainz_6947,musicbrainz,discogs,0.8137096167,False,False,True,plm_check_confident_pos
discogs_10495,mbrainz_2392,musicbrainz,discogs,1.0,True,True,True,gold
discogs_104954,mbrainz_3092,musicbrainz,discogs,0.9639207721,False,False,True,plm_check_confident_pos
discogs_105015,mbrainz_20266,musicbrainz,discogs,1.0,True,True,True,gold
discogs_10504,mbrainz_2397,musicbrainz,discogs,1.0,True,False,True,gold
discogs_10509,mbrainz_33460,musicbrainz,discogs,0.9560679197,False,True,True,agreement
discogs_105142,mbrainz_868,musicbrainz,discogs,0.8770281672,False,False,True,plm_check_confident_pos
discogs_105195,mbrainz_19250,musicbrainz,discogs,0.975081563,False,True,True,agreement
discogs_105227,mbrainz_3014,musicbrainz,discogs,0.8410483002662659,False,False,True,plm_check_confident_pos
discogs_105227,mbrainz_5050,musicbrainz,discogs,0.8505396247,False,False,True,plm_check_confident_pos
discogs_105227,mbrainz_6774,musicbrainz,discogs,0.8772218227,False,False,True,plm_check_confident_pos
discogs_10526,mbrainz_2401,musicbrainz,discogs,1.0,True,True,True,gold
discogs_105399,mbrainz_18144,musicbrainz,discogs,1.0,True,False,True,gold
discogs_1054,mbrainz_325,musicbrainz,discogs,1.0,True,True,True,gold
discogs_105404,mbrainz_19300,musicbrainz,discogs,1.0,True,True,True,gold
discogs_10546,mbrainz_2408,musicbrainz,discogs,1.0,True,True,True,gold
discogs_105473,mbrainz_19317,musicbrainz,discogs,1.0,True,True,True,gold
discogs_105474,mbrainz_9089,musicbrainz,discogs,0.6390240788,False,False,True,plm_check_llm_yes
discogs_105476,mbrainz_19319,musicbrainz,discogs,1.0,True,True,True,gold
discogs_105490,mbrainz_8670,musicbrainz,discogs,1.0,True,True,True,gold
discogs_105494,mbrainz_10092,musicbrainz,discogs,0.7452670335769653,False,False,True,plm_check_confident_pos
discogs_10575,mbrainz_2419,musicbrainz,discogs,1.0,True,True,True,gold
discogs_105792,mbrainz_1799,musicbrainz,discogs,0.9737115502,False,False,True,plm_check_confident_pos
discogs_10580,mbrainz_2421,musicbrainz,discogs,1.0,True,True,True,gold
discogs_105809,mbrainz_18984,musicbrainz,discogs,0.9281101227,False,False,True,plm_check_confident_pos
discogs_105809,mbrainz_22903,musicbrainz,discogs,0.9636579752,False,True,True,agreement
discogs_10583,mbrainz_2422,musicbrainz,discogs,1.0,True,True,True,gold
discogs_10599,mbrainz_2428,musicbrainz,discogs,1.0,True,True,True,gold
discogs_106,mbrainz_43,musicbrainz,discogs,1.0,True,True,True,gold
discogs_106146,mbrainz_23870,musicbrainz,discogs,1.0,True,False,True,gold
discogs_106147,mbrainz_19431,musicbrainz,discogs,1.0,True,True,True,gold
discogs_10629,mbrainz_2432,musicbrainz,discogs,0.9736835361,False,True,True,agreement
discogs_10631,mbrainz_2433,musicbrainz,discogs,1.0,True,True,True,gold
discogs_106317,mbrainz_19346,musicbrainz,discogs,1.0,True,True,True,gold
discogs_106454,mbrainz_2033,musicbrainz,discogs,0.9731892347,False,False,True,plm_check_confident_pos
discogs_106477,mbrainz_19369,musicbrainz,discogs,0.9555394053,False,True,True,agreement
discogs_106482,mbrainz_21635,musicbrainz,discogs,1.0,True,True,True,gold
discogs_106507,mbrainz_16538,musicbrainz,discogs,1.0,True,True,True,gold
discogs_106593,mbrainz_4180,musicbrainz,discogs,1.0,True,True,True,gold
discogs_10662,mbrainz_2439,musicbrainz,discogs,1.0,True,True,True,gold
discogs_106628,mbrainz_19406,musicbrainz,discogs,0.9543113708,False,True,True,agreement
discogs_10670,mbrainz_2398,musicbrainz,discogs,0.9725288749,False,True,True,agreement
discogs_10674,mbrainz_2372,musicbrainz,discogs,0.9729686975,False,True,True,agreement
discogs_106826,mbrainz_19406,musicbrainz,discogs,1.0,True,False,True,gold
discogs_10686,mbrainz_2444,musicbrainz,discogs,1.0,True,True,True,gold
discogs_1070,mbrainz_329,musicbrainz,discogs,1.0,True,True,True,gold
discogs_107021,mbrainz_19423,musicbrainz,discogs,1.0,True,True,True,gold
discogs_107082,mbrainz_6880,musicbrainz,discogs,0.9721205235,False,False,True,plm_check_confident_pos
discogs_107109,mbrainz_8657,musicbrainz,discogs,0.8664977551,False,False,True,plm_check_confident_pos
discogs_10715,mbrainz_2449,musicbrainz,discogs,0.9636609554,False,False,True,plm_check_confident_pos
discogs_10717,mbrainz_2451,musicbrainz,discogs,1.0,True,True,True,gold
discogs_107189,mbrainz_2185,musicbrainz,discogs,0.886660099,False,False,True,plm_check_confident_pos
discogs_107226,mbrainz_3982,musicbrainz,discogs,0.9429784417,False,False,True,plm_check_confident_pos
discogs_10728,mbrainz_2453,musicbrainz,discogs,1.0,True,True,True,gold
discogs_107322,mbrainz_19469,musicbrainz,discogs,1.0,True,True,True,gold
discogs_107434,mbrainz_2754,musicbrainz,discogs,1.0,True,True,True,gold
discogs_107440,mbrainz_27949,musicbrainz,discogs,1.0,True,True,True,gold
discogs_10747,mbrainz_2457,musicbrainz,discogs,0.9736527801,False,True,True,agreement
discogs_10748,mbrainz_2458,musicbrainz,discogs,1.0,True,True,True,gold
discogs_107501,mbrainz_19488,musicbrainz,discogs,0.9521251321,False,True,True,agreement
discogs_107536,mbrainz_4940,musicbrainz,discogs,1.0,True,False,True,gold
discogs_107548,mbrainz_19497,musicbrainz,discogs,0.9628845453,False,True,True,agreement
discogs_107792,mbrainz_16360,musicbrainz,discogs,1.0,True,False,True,gold
discogs_107839,mbrainz_1530,musicbrainz,discogs,0.9736267924,False,False,True,plm_check_confident_pos
discogs_107881,mbrainz_2827,musicbrainz,discogs,0.9155721068,False,False,True,plm_check_confident_pos
discogs_108,mbrainz_44,musicbrainz,discogs,1.0,True,True,True,gold
discogs_108012,mbrainz_1695,musicbrainz,discogs,0.9598370194,False,False,True,plm_check_confident_pos
discogs_10804,mbrainz_2475,musicbrainz,discogs,1.0,True,True,True,gold
discogs_108086,mbrainz_6258,musicbrainz,discogs,1.0,True,False,True,gold
discogs_10814,mbrainz_2477,musicbrainz,discogs,1.0,True,True,True,gold
discogs_108263,mbrainz_19577,musicbrainz,discogs,1.0,True,True,True,gold
discogs_108266,mbrainz_19578,musicbrainz,discogs,1.0,True,True,True,gold
discogs_108386,mbrainz_18827,musicbrainz,discogs,0.974337697,False,False,True,plm_check_confident_pos
discogs_108439,mbrainz_19614,musicbrainz,discogs,0.9666551352,False,True,True,agreement
discogs_108456,mbrainz_19618,musicbrainz,discogs,1.0,True,True,True,gold
discogs_10850,mbrainz_2482,musicbrainz,discogs,1.0,True,True,True,gold
discogs_108529,mbrainz_19628,musicbrainz,discogs,0.9745833278,False,True,True,agreement
discogs_108535,mbrainz_19630,musicbrainz,discogs,1.0,True,True,True,gold
discogs_108576,mbrainz_2012,musicbrainz,discogs,0.9450091124,False,False,True,plm_check_confident_pos
discogs_108586,mbrainz_19636,musicbrainz,discogs,1.0,True,True,True,gold
discogs_108623,mbrainz_19647,musicbrainz,discogs,1.0,True,True,True,gold
discogs_10874,mbrainz_2485,musicbrainz,discogs,1.0,True,True,True,gold
discogs_1088,mbrainz_334,musicbrainz,discogs,1.0,True,True,True,gold
discogs_108821,mbrainz_14856,musicbrainz,discogs,1.0,True,False,True,gold
discogs_109,mbrainz_45,musicbrainz,discogs,1.0,True,True,True,gold
discogs_109047,mbrainz_19701,musicbrainz,discogs,1.0,True,True,True,gold
discogs_109113,mbrainz_20461,musicbrainz,discogs,1.0,True,True,True,gold
discogs_109190,mbrainz_23646,musicbrainz,discogs,1.0,True,True,True,gold
discogs_109421,mbrainz_32464,musicbrainz,discogs,1.0,True,True,True,gold
discogs_109503,mbrainz_15089,musicbrainz,discogs,0.9327754378,False,True,True,agreement
discogs_109508,mbrainz_29161,musicbrainz,discogs,0.9744049311,False,True,True,agreement
discogs_109556,mbrainz_19665,musicbrainz,discogs,0.9733908176,False,True,True,agreement
discogs_1096,mbrainz_337,musicbrainz,discogs,1.0,True,True,True,gold
discogs_10965,mbrainz_2511,musicbrainz,discogs,0.9735113382,False,True,True,agreement
discogs_10972,mbrainz_2512,musicbrainz,discogs,1.0,True,True,True,gold
discogs_10975,mbrainz_2513,musicbrainz,discogs,1.0,True,True,True,gold
discogs_10981,mbrainz_2514,musicbrainz,discogs,1.0,True,True,True,gold
discogs_10982,mbrainz_2515,musicbrainz,discogs,0.9753564596,False,True,True,agreement
discogs_109972,mbrainz_19719,musicbrainz,discogs,1.0,True,True,True,gold
discogs_11,mbrainz_6,musicbrainz,discogs,1.0,True,True,True,gold
discogs_11001,mbrainz_2516,musicbrainz,discogs,0.9736785889,False,True,True,agreement
discogs_11004,mbrainz_2518,musicbrainz,discogs,1.0,True,True,True,gold
discogs_11005,mbrainz_2519,musicbrainz,discogs,1.0,True,True,True,gold
discogs_1101,mbrainz_339,musicbrainz,discogs,1.0,True,True,True,gold
discogs_110126,mbrainz_19740,musicbrainz,discogs,1.0,True,True,True,gold
discogs_110142,mbrainz_19745,musicbrainz,discogs,1.0,True,True,True,gold
discogs_110190,mbrainz_8791,musicbrainz,discogs,0.935675025,False,False,True,plm_check_confident_pos
discogs_110222,mbrainz_19757,musicbrainz,discogs,1.0,True,True,True,gold
discogs_110472,mbrainz_25706,musicbrainz,discogs,0.9733619094,False,False,True,plm_check_confident_pos
discogs_1105,mbrainz_162,musicbrainz,discogs,0.8345130682,False,False,True,plm_check_confident_pos
discogs_110530,mbrainz_706,musicbrainz,discogs,0.9306102991,False,False,True,plm_check_confident_pos
discogs_11054,mbrainz_108,musicbrainz,discogs,0.8834273219,False,False,True,plm_check_confident_pos
discogs_11055,mbrainz_2530,musicbrainz,discogs,1.0,True,True,True,gold
discogs_110803,mbrainz_19831,musicbrainz,discogs,1.0,True,True,True,gold
discogs_110806,mbrainz_19832,musicbrainz,discogs,0.9730895758,False,False,True,plm_check_confident_pos
discogs_11085,mbrainz_1135,musicbrainz,discogs,0.9530008435,False,False,True,plm_check_confident_pos
discogs_110913,mbrainz_19097,musicbrainz,discogs,0.9406723976,False,False,True,plm_check_confident_pos
discogs_110986,mbrainz_19853,musicbrainz,discogs,1.0,True,True,True,gold
discogs_111,mbrainz_46,musicbrainz,discogs,1.0,True,True,True,gold
discogs_1110,mbrainz_340,musicbrainz,discogs,1.0,True,True,True,gold
discogs_111015,mbrainz_19858,musicbrainz,discogs,1.0,True,True,True,gold
discogs_111021,mbrainz_29214,musicbrainz,discogs,0.9311944246,False,False,True,plm_check_confident_pos
discogs_111021,mbrainz_32017,musicbrainz,discogs,0.9740106463,False,True,True,agreement
discogs_11105,mbrainz_2542,musicbrainz,discogs,1.0,True,True,True,gold
discogs_11120,mbrainz_2549,musicbrainz,discogs,1.0,True,True,True,gold
discogs_111226,mbrainz_21876,musicbrainz,discogs,0.9081342816,False,False,True,plm_check_confident_pos
discogs_111265,mbrainz_19958,musicbrainz,discogs,1.0,True,True,True,gold
discogs_111272,mbrainz_19901,musicbrainz,discogs,1.0,True,True,True,gold
discogs_111437,mbrainz_19647,musicbrainz,discogs,0.960368216,False,False,True,plm_check_confident_pos
discogs_111460,mbrainz_19919,musicbrainz,discogs,1.0,True,True,True,gold
discogs_111489,mbrainz_19923,musicbrainz,discogs,1.0,True,True,True,gold
discogs_11149,mbrainz_2558,musicbrainz,discogs,1.0,True,True,True,gold
discogs_111537,mbrainz_20082,musicbrainz,discogs,1.0,True,True,True,gold
discogs_11156,mbrainz_2562,musicbrainz,discogs,1.0,True,True,True,gold
discogs_111596,mbrainz_908,musicbrainz,discogs,0.9742915034,False,False,True,plm_check_confident_pos
discogs_111609,mbrainz_4266,musicbrainz,discogs,0.9732239246,False,False,True,plm_check_confident_pos
discogs_111695,mbrainz_2040,musicbrainz,discogs,0.9207729697,False,False,True,plm_check_confident_pos
discogs_1117,mbrainz_341,musicbrainz,discogs,1.0,True,True,True,gold
discogs_111787,mbrainz_19967,musicbrainz,discogs,1.0,True,True,True,gold
discogs_111791,mbrainz_1903,musicbrainz,discogs,1.0,True,False,True,gold
discogs_111897,mbrainz_19986,musicbrainz,discogs,1.0,True,True,True,gold
discogs_111908,mbrainz_19987,musicbrainz,discogs,1.0,True,True,True,gold
discogs_111963,mbrainz_19991,musicbrainz,discogs,1.0,True,True,True,gold
discogs_111970,mbrainz_19993,musicbrainz,discogs,1.0,True,True,True,gold
discogs_111996,mbrainz_1695,musicbrainz,discogs,0.8837608099,False,False,True,plm_check_confident_pos
discogs_112273,mbrainz_13120,musicbrainz,discogs,1.0,True,True,True,gold
discogs_112334,mbrainz_20049,musicbrainz,discogs,1.0,True,True,True,gold
discogs_112354,mbrainz_20052,musicbrainz,discogs,1.0,True,True,True,gold
discogs_11237,mbrainz_12766,musicbrainz,discogs,0.7192379832,False,False,True,plm_check_confident_pos
discogs_112500,mbrainz_2034,musicbrainz,discogs,0.9297357798,False,False,True,plm_check_confident_pos
discogs_11262,mbrainz_2581,musicbrainz,discogs,1.0,True,True,True,gold
discogs_112649,mbrainz_20098,musicbrainz,discogs,0.9744351506,False,True,True,agreement
discogs_11274,mbrainz_1523,musicbrainz,discogs,1.0,True,True,True,gold
discogs_112755,mbrainz_20116,musicbrainz,discogs,1.0,True,True,True,gold
discogs_112755,mbrainz_21621,musicbrainz,discogs,0.90059894323349,False,False,True,plm_check_confident_pos
discogs_112755,mbrainz_21622,musicbrainz,discogs,0.9281048774719238,False,False,True,plm_check_confident_pos
discogs_112781,mbrainz_16484,musicbrainz,discogs,0.9731270075,False,False,True,plm_check_confident_pos
discogs_112967,mbrainz_1298,musicbrainz,discogs,0.9586253166,False,False,True,plm_check_confident_pos
discogs_113035,mbrainz_19578,musicbrainz,discogs,1.0,True,False,True,gold
discogs_113095,mbrainz_2754,musicbrainz,discogs,0.8896557689,False,False,True,plm_check_confident_pos
discogs_113102,mbrainz_2393,musicbrainz,discogs,0.9270873666,False,False,True,plm_check_confident_pos
discogs_11311,mbrainz_2593,musicbrainz,discogs,1.0,True,True,True,gold
discogs_113151,mbrainz_30098,musicbrainz,discogs,1.0,True,True,True,gold
discogs_11317,mbrainz_2449,musicbrainz,discogs,0.9515824914,False,False,True,plm_check_confident_pos
discogs_113171,mbrainz_20175,musicbrainz,discogs,1.0,True,True,True,gold
discogs_113189,mbrainz_20178,musicbrainz,discogs,0.947846055,False,True,True,agreement
discogs_113196,mbrainz_20179,musicbrainz,discogs,0.9567220807,False,True,True,agreement
discogs_113382,mbrainz_20199,musicbrainz,discogs,1.0,True,True,True,gold
discogs_113442,mbrainz_20209,musicbrainz,discogs,1.0,True,True,True,gold
discogs_1135,mbrainz_344,musicbrainz,discogs,0.9731168747,False,True,True,agreement
discogs_11355,mbrainz_2603,musicbrainz,discogs,1.0,True,True,True,gold
discogs_113578,mbrainz_11212,musicbrainz,discogs,0.955581665,False,True,True,agreement
discogs_113637,mbrainz_20244,musicbrainz,discogs,1.0,True,False,True,gold
discogs_113681,mbrainz_20255,musicbrainz,discogs,1.0,True,True,True,gold
discogs_11378,mbrainz_2607,musicbrainz,discogs,1.0,True,False,True,gold
discogs_113846,mbrainz_1739,musicbrainz,discogs,1.0,True,True,True,gold
discogs_113863,mbrainz_10533,musicbrainz,discogs,0.9584872723,False,False,True,plm_check_confident_pos
discogs_113863,mbrainz_22450,musicbrainz,discogs,0.8774133921,False,False,True,plm_check_confident_pos
discogs_113966,mbrainz_19489,musicbrainz,discogs,1.0,True,True,True,gold
discogs_113969,mbrainz_20291,musicbrainz,discogs,1.0,True,True,True,gold
discogs_114017,mbrainz_20300,musicbrainz,discogs,0.9555143118,False,False,True,plm_check_confident_pos
discogs_114043,mbrainz_13211,musicbrainz,discogs,1.0,True,True,True,gold
discogs_114096,mbrainz_12216,musicbrainz,discogs,0.9639174342,False,False,True,plm_check_confident_pos
discogs_114165,mbrainz_7057,musicbrainz,discogs,0.9295247793,False,False,True,plm_check_confident_pos
discogs_1143,mbrainz_348,musicbrainz,discogs,0.9730978012,False,True,True,agreement
discogs_114392,mbrainz_20366,musicbrainz,discogs,1.0,True,True,True,gold
discogs_114396,mbrainz_20367,musicbrainz,discogs,1.0,True,True,True,gold
discogs_11441,mbrainz_2620,musicbrainz,discogs,1.0,True,True,True,gold
discogs_114552,mbrainz_20393,musicbrainz,discogs,0.9333873391,False,True,True,agreement
discogs_114666,mbrainz_20280,musicbrainz,discogs,1.0,True,True,True,gold
discogs_114685,mbrainz_20418,musicbrainz,discogs,1.0,True,True,True,gold
discogs_114760,mbrainz_20428,musicbrainz,discogs,1.0,True,True,True,gold
discogs_114782,mbrainz_20434,musicbrainz,discogs,1.0,True,True,True,gold
discogs_114954,mbrainz_16550,musicbrainz,discogs,0.9744331837,False,False,True,plm_check_confident_pos
discogs_114969,mbrainz_3010,musicbrainz,discogs,0.9652911425,False,False,True,plm_check_confident_pos
discogs_115,mbrainz_47,musicbrainz,discogs,1.0,True,True,True,gold
discogs_1150,mbrainz_350,musicbrainz,discogs,0.9730485678,False,True,True,agreement
discogs_115085,mbrainz_10033,musicbrainz,discogs,0.8282936215,False,True,True,agreement
discogs_115103,mbrainz_7899,musicbrainz,discogs,0.8255884647,False,False,True,plm_check_confident_pos
discogs_115108,mbrainz_20484,musicbrainz,discogs,0.9492535591,False,False,True,plm_check_confident_pos
discogs_115138,mbrainz_3917,musicbrainz,discogs,0.8844073415,False,True,True,agreement
discogs_11520,mbrainz_849,musicbrainz,discogs,0.9750483632,False,False,True,plm_check_confident_pos
discogs_11520,mbrainz_893,musicbrainz,discogs,0.9741369486,False,False,True,plm_check_confident_pos
discogs_115203,mbrainz_6370,musicbrainz,discogs,0.9552479386,False,False,True,plm_check_confident_pos
discogs_115241,mbrainz_3337,musicbrainz,discogs,0.7879729271,False,False,True,plm_check_confident_pos
discogs_115256,mbrainz_4569,musicbrainz,discogs,1.0,True,False,True,gold
discogs_115286,mbrainz_2387,musicbrainz,discogs,1.0,True,True,True,gold
discogs_11529,mbrainz_2636,musicbrainz,discogs,1.0,True,False,True,gold
discogs_11534,mbrainz_634,musicbrainz,discogs,0.9725520611,False,False,True,plm_check_confident_pos
discogs_11536,mbrainz_2638,musicbrainz,discogs,1.0,True,False,True,gold
discogs_115453,mbrainz_20534,musicbrainz,discogs,1.0,True,True,True,gold
discogs_11548,mbrainz_2641,musicbrainz,discogs,1.0,True,True,True,gold
discogs_1155,mbrainz_352,musicbrainz,discogs,0.9739214182,False,True,True,agreement
discogs_115515,mbrainz_20549,musicbrainz,discogs,1.0,True,True,True,gold
discogs_115587,mbrainz_20563,musicbrainz,discogs,1.0,True,True,True,gold
discogs_115674,mbrainz_1448,musicbrainz,discogs,0.9735108018,False,False,True,plm_check_confident_pos
discogs_115720,mbrainz_1640,musicbrainz,discogs,0.939800024,False,False,True,plm_check_confident_pos
discogs_115736,mbrainz_1746,musicbrainz,discogs,0.9018885493,False,False,True,plm_check_confident_pos
discogs_115793,mbrainz_20598,musicbrainz,discogs,1.0,True,True,True,gold
discogs_115805,mbrainz_20471,musicbrainz,discogs,0.958576262,False,True,True,agreement
discogs_115866,mbrainz_28868,musicbrainz,discogs,0.9261342287,False,True,True,agreement
discogs_116,mbrainz_48,musicbrainz,discogs,1.0,True,True,True,gold
discogs_116027,mbrainz_8708,musicbrainz,discogs,0.8858214617,False,False,True,plm_check_confident_pos
discogs_116118,mbrainz_20636,musicbrainz,discogs,1.0,True,True,True,gold
discogs_116180,mbrainz_20645,musicbrainz,discogs,1.0,True,True,True,gold
discogs_1163,mbrainz_354,musicbrainz,discogs,1.0,True,True,True,gold
discogs_11632,mbrainz_2660,musicbrainz,discogs,1.0,True,True,True,gold
discogs_11646,mbrainz_2664,musicbrainz,discogs,1.0,True,True,True,gold
discogs_11649,mbrainz_2665,musicbrainz,discogs,1.0,True,True,True,gold
discogs_116512,mbrainz_2132,musicbrainz,discogs,0.974136591,False,False,True,plm_check_confident_pos
discogs_11655,mbrainz_2668,musicbrainz,discogs,1.0,True,True,True,gold
discogs_116579,mbrainz_5994,musicbrainz,discogs,0.9679802656,False,False,True,plm_check_confident_pos
discogs_11660,mbrainz_2670,musicbrainz,discogs,1.0,True,True,True,gold
discogs_116733,mbrainz_3337,musicbrainz,discogs,0.7484799027,False,False,True,plm_check_confident_pos
discogs_116744,mbrainz_3408,musicbrainz,discogs,0.9742709398,False,False,True,plm_check_confident_pos
discogs_11676,mbrainz_2674,musicbrainz,discogs,1.0,True,True,True,gold
discogs_116811,mbrainz_3601,musicbrainz,discogs,0.9538671374,False,False,True,plm_check_confident_pos
discogs_116843,mbrainz_20762,musicbrainz,discogs,1.0,True,True,True,gold
discogs_116921,mbrainz_20773,musicbrainz,discogs,1.0,True,True,True,gold
discogs_117,mbrainz_49,musicbrainz,discogs,1.0,True,True,True,gold
discogs_1171,mbrainz_356,musicbrainz,discogs,1.0,True,True,True,gold
discogs_117186,mbrainz_20809,musicbrainz,discogs,1.0,True,True,True,gold
discogs_11721,mbrainz_2685,musicbrainz,discogs,1.0,True,True,True,gold
discogs_11730,mbrainz_2689,musicbrainz,discogs,0.9464638233,False,True,True,agreement
discogs_117316,mbrainz_1713,musicbrainz,discogs,0.8958504796,False,False,True,plm_check_confident_pos
discogs_11735,mbrainz_15514,musicbrainz,discogs,0.8317663073539734,False,False,True,plm_check_confident_pos
discogs_11735,mbrainz_2383,musicbrainz,discogs,0.8826644420623779,False,False,True,plm_check_confident_pos
discogs_11735,mbrainz_2690,musicbrainz,discogs,1.0,True,True,True,gold
discogs_1175,mbrainz_212,musicbrainz,discogs,0.8170678616,False,False,True,plm_check_confident_pos
discogs_1175,mbrainz_355,musicbrainz,discogs,1.0,True,True,True,gold
discogs_11750,mbrainz_2695,musicbrainz,discogs,1.0,True,True,True,gold
discogs_11751,mbrainz_3576,musicbrainz,discogs,1.0,True,True,True,gold
discogs_11753,mbrainz_2696,musicbrainz,discogs,1.0,True,True,True,gold
discogs_117614,mbrainz_20866,musicbrainz,discogs,1.0,True,True,True,gold
discogs_117644,mbrainz_20740,musicbrainz,discogs,1.0,True,True,True,gold
discogs_117694,mbrainz_20880,musicbrainz,discogs,0.9729748964,False,True,True,agreement
discogs_11776,mbrainz_2702,musicbrainz,discogs,1.0,True,False,True,gold
discogs_11782,mbrainz_2704,musicbrainz,discogs,1.0,True,True,True,gold
discogs_11804,mbrainz_2708,musicbrainz,discogs,0.9689366817,False,True,True,agreement
discogs_118092,mbrainz_20929,musicbrainz,discogs,1.0,True,False,True,gold
discogs_11814,mbrainz_2710,musicbrainz,discogs,1.0,True,True,True,gold
discogs_118153,mbrainz_20913,musicbrainz,discogs,1.0,True,True,True,gold
discogs_118160,mbrainz_9004,musicbrainz,discogs,0.9727787971,False,True,True,agreement
discogs_118231,mbrainz_820,musicbrainz,discogs,0.9074903727,False,False,True,plm_check_confident_pos
discogs_1183,mbrainz_359,musicbrainz,discogs,1.0,True,True,True,gold
discogs_118316,mbrainz_21876,musicbrainz,discogs,0.9741832018,False,True,True,agreement
discogs_11838,mbrainz_2716,musicbrainz,discogs,1.0,True,True,True,gold
discogs_118392,mbrainz_21876,musicbrainz,discogs,1.0,True,False,True,gold
discogs_118528,mbrainz_20987,musicbrainz,discogs,1.0,True,True,True,gold
discogs_118561,mbrainz_1479,musicbrainz,discogs,0.9752522707,False,False,True,plm_check_confident_pos
discogs_11858,mbrainz_2718,musicbrainz,discogs,1.0,True,True,True,gold
discogs_11860,mbrainz_2719,musicbrainz,discogs,1.0,True,True,True,gold
discogs_118639,mbrainz_21003,musicbrainz,discogs,1.0,True,True,True,gold
discogs_118645,mbrainz_21004,musicbrainz,discogs,1.0,True,True,True,gold
discogs_118650,mbrainz_13645,musicbrainz,discogs,1.0,True,True,True,gold
discogs_118659,mbrainz_2719,musicbrainz,discogs,0.9733181,False,False,True,plm_check_confident_pos
discogs_118774,mbrainz_21019,musicbrainz,discogs,0.9753462672,False,True,True,agreement
discogs_11880,mbrainz_2722,musicbrainz,discogs,1.0,True,True,True,gold
discogs_118877,mbrainz_9239,musicbrainz,discogs,0.9599887133,False,False,True,plm_check_confident_pos
discogs_118916,mbrainz_3061,musicbrainz,discogs,0.9246522784,False,False,True,plm_check_confident_pos
discogs_118956,mbrainz_21036,musicbrainz,discogs,1.0,True,True,True,gold
discogs_118995,mbrainz_22063,musicbrainz,discogs,1.0,True,True,True,gold
discogs_119,mbrainz_50,musicbrainz,discogs,1.0,True,True,True,gold
discogs_119009,mbrainz_21042,musicbrainz,discogs,1.0,True,True,True,gold
discogs_11907,mbrainz_2641,musicbrainz,discogs,0.9731274843,False,False,True,plm_check_confident_pos
discogs_119103,mbrainz_14218,musicbrainz,discogs,0.9720068574,False,False,True,plm_check_confident_pos
discogs_119103,mbrainz_21052,musicbrainz,discogs,1.0,True,True,True,gold
discogs_119145,mbrainz_19290,musicbrainz,discogs,0.967209816,False,False,True,plm_check_confident_pos
discogs_119171,mbrainz_5346,musicbrainz,discogs,0.9757059813,False,False,True,plm_check_confident_pos
discogs_119247,mbrainz_30041,musicbrainz,discogs,0.8187323213,False,False,True,plm_check_confident_pos
discogs_119260,mbrainz_22997,musicbrainz,discogs,0.9742330313,False,True,True,agreement
discogs_11927,mbrainz_2737,musicbrainz,discogs,1.0,True,True,True,gold
discogs_11928,mbrainz_2738,musicbrainz,discogs,1.0,True,True,True,gold
discogs_119315,mbrainz_8867,musicbrainz,discogs,0.9732133746,False,False,True,plm_check_confident_pos
discogs_11936,mbrainz_873,musicbrainz,discogs,1.0,True,False,True,gold
discogs_119425,mbrainz_13138,musicbrainz,discogs,0.9122292995,False,False,True,plm_check_confident_pos
discogs_119488,mbrainz_1835,musicbrainz,discogs,0.9246297479,False,False,True,plm_check_confident_pos
discogs_119588,mbrainz_21119,musicbrainz,discogs,1.0,True,True,True,gold
discogs_119605,mbrainz_21122,musicbrainz,discogs,1.0,True,True,True,gold
discogs_119685,mbrainz_21132,musicbrainz,discogs,1.0,True,True,True,gold
discogs_11969,mbrainz_2741,musicbrainz,discogs,0.9730291367,False,True,True,agreement
discogs_11975,mbrainz_2743,musicbrainz,discogs,1.0,True,True,True,gold
discogs_11976,mbrainz_2744,musicbrainz,discogs,1.0,True,True,True,gold
discogs_11986,mbrainz_2591,musicbrainz,discogs,1.0,True,True,True,gold
discogs_119862,mbrainz_9716,musicbrainz,discogs,0.9752326608,False,False,True,plm_check_confident_pos
discogs_11992,mbrainz_1805,musicbrainz,discogs,0.9696624279,False,False,True,plm_check_confident_pos
discogs_120005,mbrainz_6892,musicbrainz,discogs,0.9577769637,False,False,True,plm_check_confident_pos
discogs_120008,mbrainz_15301,musicbrainz,discogs,0.9739679694,False,False,True,plm_check_confident_pos
discogs_120022,mbrainz_1712,musicbrainz,discogs,0.9711151123,False,False,True,plm_check_confident_pos
discogs_120087,mbrainz_21193,musicbrainz,discogs,0.9733465314,False,True,True,agreement
discogs_12030,mbrainz_2753,musicbrainz,discogs,1.0,True,True,True,gold
discogs_1204,mbrainz_364,musicbrainz,discogs,1.0,True,True,True,gold
discogs_120447,mbrainz_21256,musicbrainz,discogs,0.9235357046,False,True,True,agreement
discogs_12050,mbrainz_2757,musicbrainz,discogs,1.0,True,True,True,gold
discogs_12052,mbrainz_2750,musicbrainz,discogs,0.9742009044,False,True,True,agreement
discogs_12052,mbrainz_6312,musicbrainz,discogs,0.9583718776702881,False,False,True,plm_check_confident_pos
discogs_120525,mbrainz_20507,musicbrainz,discogs,1.0,True,True,True,gold
discogs_12055,mbrainz_2760,musicbrainz,discogs,1.0,True,True,True,gold
discogs_12065,mbrainz_2764,musicbrainz,discogs,1.0,True,False,True,gold
discogs_120729,mbrainz_21295,musicbrainz,discogs,1.0,True,True,True,gold
discogs_120886,mbrainz_21318,musicbrainz,discogs,1.0,True,True,True,gold
discogs_12093,mbrainz_2774,musicbrainz,discogs,1.0,True,True,True,gold
discogs_12101,mbrainz_1570,musicbrainz,discogs,1.0,True,True,True,gold
discogs_121064,mbrainz_1613,musicbrainz,discogs,0.973313868,False,False,True,plm_check_confident_pos
discogs_121088,mbrainz_7040,musicbrainz,discogs,0.9151979089,False,False,True,plm_check_confident_pos
discogs_12109,mbrainz_2778,musicbrainz,discogs,1.0,True,False,True,gold
discogs_12112,mbrainz_2779,musicbrainz,discogs,1.0,True,False,True,gold
discogs_121280,mbrainz_19431,musicbrainz,discogs,0.9650323987,False,False,True,plm_check_confident_pos
discogs_121414,mbrainz_21395,musicbrainz,discogs,1.0,True,True,True,gold
discogs_121541,mbrainz_21414,musicbrainz,discogs,0.9749802351,False,False,True,plm_check_confident_pos
discogs_121599,mbrainz_21028,musicbrainz,discogs,1.0,True,True,True,gold
discogs_121603,mbrainz_3038,musicbrainz,discogs,0.7081440091,False,False,True,plm_check_confident_pos
discogs_12162,mbrainz_2789,musicbrainz,discogs,1.0,True,True,True,gold
discogs_121645,mbrainz_21428,musicbrainz,discogs,1.0,True,True,True,gold
discogs_121826,mbrainz_21454,musicbrainz,discogs,1.0,True,True,True,gold
discogs_12183,mbrainz_2033,musicbrainz,discogs,1.0,True,True,True,gold
discogs_12187,mbrainz_12473,musicbrainz,discogs,1.0,True,True,True,gold
discogs_12188,mbrainz_2796,musicbrainz,discogs,0.9734819531,False,True,True,agreement
discogs_122105,mbrainz_4919,musicbrainz,discogs,0.9360610843,False,False,True,plm_check_confident_pos
discogs_122117,mbrainz_21491,musicbrainz,discogs,1.0,True,True,True,gold
discogs_122196,mbrainz_21505,musicbrainz,discogs,0.9739006758,False,True,True,agreement
discogs_12233,mbrainz_2035,musicbrainz,discogs,0.9411309361,False,True,True,agreement
discogs_12234,mbrainz_2805,musicbrainz,discogs,1.0,True,True,True,gold
discogs_12243,mbrainz_2807,musicbrainz,discogs,1.0,True,True,True,gold
discogs_122439,mbrainz_20484,musicbrainz,discogs,1.0,True,True,True,gold
discogs_122442,mbrainz_5773,musicbrainz,discogs,0.9691386223,False,False,True,plm_check_confident_pos
discogs_12248,mbrainz_2808,musicbrainz,discogs,1.0,True,False,True,gold
discogs_12248,mbrainz_2809,musicbrainz,discogs,0.9493670464,False,True,True,agreement
discogs_12249,mbrainz_2808,musicbrainz,discogs,0.9370523691,False,True,True,agreement
discogs_12249,mbrainz_2809,musicbrainz,discogs,1.0,True,False,True,gold
discogs_12253,mbrainz_2811,musicbrainz,discogs,1.0,True,True,True,gold
discogs_12271,mbrainz_2816,musicbrainz,discogs,1.0,True,True,True,gold
discogs_122749,mbrainz_6388,musicbrainz,discogs,1.0,True,True,True,gold
discogs_12279,mbrainz_820,musicbrainz,discogs,0.9171456099,False,True,True,agreement
discogs_122830,mbrainz_1952,musicbrainz,discogs,0.9598613977,False,False,True,plm_check_confident_pos
discogs_122864,mbrainz_21605,musicbrainz,discogs,0.9728319049,False,True,True,agreement
discogs_12287,mbrainz_2822,musicbrainz,discogs,1.0,True,True,True,gold
discogs_12287,mbrainz_3103,musicbrainz,discogs,0.973864615,False,False,True,plm_check_confident_pos
discogs_122873,mbrainz_21610,musicbrainz,discogs,1.0,True,True,True,gold
discogs_122954,mbrainz_31188,musicbrainz,discogs,0.8195767999,False,False,True,plm_check_confident_pos
discogs_12299,mbrainz_2827,musicbrainz,discogs,1.0,True,True,True,gold
discogs_123014,mbrainz_12359,musicbrainz,discogs,0.9515568018,False,False,True,plm_check_confident_pos
discogs_123059,mbrainz_21635,musicbrainz,discogs,1.0,True,False,True,gold
discogs_12308,mbrainz_151,musicbrainz,discogs,0.9743813872,False,False,True,plm_check_confident_pos
discogs_123251,mbrainz_5280,musicbrainz,discogs,0.9708359241,False,False,True,plm_check_confident_pos
discogs_123316,mbrainz_4495,musicbrainz,discogs,0.9086571336,False,False,True,plm_check_confident_pos
discogs_12337,mbrainz_2835,musicbrainz,discogs,1.0,True,True,True,gold
discogs_123395,mbrainz_21704,musicbrainz,discogs,0.9736359715,False,True,True,agreement
discogs_12343,mbrainz_2836,musicbrainz,discogs,1.0,True,True,True,gold
discogs_123430,mbrainz_21712,musicbrainz,discogs,0.9751611352,False,True,True,agreement
discogs_1235,mbrainz_262,musicbrainz,discogs,1.0,True,True,True,gold
discogs_1236,mbrainz_370,musicbrainz,discogs,1.0,True,True,True,gold
discogs_123627,mbrainz_2158,musicbrainz,discogs,0.975024879,False,False,True,plm_check_confident_pos
discogs_123686,mbrainz_21750,musicbrainz,discogs,1.0,True,True,True,gold
discogs_12374,mbrainz_2844,musicbrainz,discogs,1.0,True,False,True,gold
discogs_12396,mbrainz_13202,musicbrainz,discogs,1.0,True,True,True,gold
discogs_12399,mbrainz_2849,musicbrainz,discogs,0.9733677506,False,True,True,agreement
discogs_124,mbrainz_52,musicbrainz,discogs,1.0,True,True,True,gold
discogs_124072,mbrainz_28928,musicbrainz,discogs,1.0,True,False,False,gold
discogs_12412,mbrainz_2851,musicbrainz,discogs,1.0,True,True,True,gold
discogs_12431,mbrainz_2856,musicbrainz,discogs,1.0,True,True,True,gold
discogs_124316,mbrainz_11803,musicbrainz,discogs,0.9119209051,False,False,True,plm_check_confident_pos
discogs_12432,mbrainz_2857,musicbrainz,discogs,1.0,True,True,True,gold
discogs_124380,mbrainz_15053,musicbrainz,discogs,0.9439294934,False,False,True,plm_check_confident_pos
discogs_124386,mbrainz_13921,musicbrainz,discogs,0.9697242379,False,False,True,plm_check_confident_pos
discogs_124598,mbrainz_21861,musicbrainz,discogs,1.0,True,True,True,gold
discogs_124604,mbrainz_21862,musicbrainz,discogs,1.0,True,True,True,gold
discogs_124611,mbrainz_14852,musicbrainz,discogs,0.8772191405,False,False,True,plm_check_confident_pos
discogs_124627,mbrainz_21867,musicbrainz,discogs,0.9520992041,False,True,True,agreement
discogs_12467,mbrainz_2867,musicbrainz,discogs,1.0,True,True,True,gold
discogs_12468,mbrainz_11250,musicbrainz,discogs,1.0,True,True,True,gold
discogs_12468,mbrainz_2868,musicbrainz,discogs,0.9607871771,False,False,True,plm_check_confident_pos
discogs_12474,mbrainz_2870,musicbrainz,discogs,1.0,True,True,True,gold
discogs_12475,mbrainz_2871,musicbrainz,discogs,1.0,True,True,True,gold
discogs_12479,mbrainz_2383,musicbrainz,discogs,1.0,True,False,True,gold
discogs_12479,mbrainz_2690,musicbrainz,discogs,0.7674344778060913,False,False,True,plm_check_confident_pos
discogs_12482,mbrainz_2873,musicbrainz,discogs,1.0,True,True,True,gold
discogs_1249,mbrainz_292,musicbrainz,discogs,1.0,True,False,True,gold
discogs_125,mbrainz_53,musicbrainz,discogs,1.0,True,True,True,gold
discogs_125186,mbrainz_21943,musicbrainz,discogs,1.0,True,True,True,gold
discogs_125216,mbrainz_20494,musicbrainz,discogs,1.0,True,True,True,gold
discogs_125229,mbrainz_14410,musicbrainz,discogs,1.0,True,True,True,gold
discogs_125251,mbrainz_21957,musicbrainz,discogs,0.9710300565,False,False,True,plm_check_confident_pos
discogs_125275,mbrainz_21962,musicbrainz,discogs,1.0,True,True,True,gold
discogs_125318,mbrainz_21967,musicbrainz,discogs,1.0,True,True,True,gold
discogs_125404,mbrainz_21975,musicbrainz,discogs,1.0,True,True,True,gold
discogs_125406,mbrainz_21975,musicbrainz,discogs,0.9475805163,False,False,True,plm_check_confident_pos
discogs_125413,mbrainz_21978,musicbrainz,discogs,0.9740038514,False,True,True,agreement
discogs_12544,mbrainz_2096,musicbrainz,discogs,0.9503571987,False,False,True,plm_check_confident_pos
discogs_125545,mbrainz_19050,musicbrainz,discogs,0.975040853,False,True,True,agreement
discogs_12555,mbrainz_2887,musicbrainz,discogs,1.0,True,True,True,gold
discogs_125562,mbrainz_21997,musicbrainz,discogs,1.0,True,True,True,gold
discogs_12560,mbrainz_2891,musicbrainz,discogs,1.0,True,True,True,gold
discogs_1257,mbrainz_375,musicbrainz,discogs,1.0,True,True,True,gold
discogs_12585,mbrainz_2899,musicbrainz,discogs,1.0,True,True,True,gold
discogs_12588,mbrainz_2901,musicbrainz,discogs,1.0,True,True,True,gold
discogs_125883,mbrainz_21152,musicbrainz,discogs,1.0,True,True,True,gold
discogs_125917,mbrainz_22047,musicbrainz,discogs,1.0,True,True,True,gold
discogs_12592,mbrainz_2902,musicbrainz,discogs,1.0,True,True,True,gold
discogs_125965,mbrainz_22056,musicbrainz,discogs,0.9739835858,False,True,True,agreement
discogs_126,mbrainz_54,musicbrainz,discogs,1.0,True,True,True,gold
discogs_126024,mbrainz_22069,musicbrainz,discogs,0.9732559919,False,True,True,agreement
discogs_126027,mbrainz_3418,musicbrainz,discogs,0.760459125,False,False,True,plm_check_confident_pos
discogs_126099,mbrainz_21028,musicbrainz,discogs,1.0,True,False,True,gold
discogs_12611,mbrainz_2907,musicbrainz,discogs,0.9736287594,False,True,True,agreement
discogs_12612,mbrainz_2707,musicbrainz,discogs,1.0,True,True,True,gold
discogs_126258,mbrainz_13586,musicbrainz,discogs,1.0,True,True,True,gold
discogs_12626,mbrainz_2130,musicbrainz,discogs,1.0,True,False,True,gold
discogs_126283,mbrainz_1145,musicbrainz,discogs,0.7874253988,False,False,True,plm_check_confident_pos
discogs_126283,mbrainz_3635,musicbrainz,discogs,0.9716638327,False,True,True,agreement
discogs_126287,mbrainz_14451,musicbrainz,discogs,1.0,True,True,True,gold
discogs_12636,mbrainz_2916,musicbrainz,discogs,1.0,True,True,True,gold
discogs_126559,mbrainz_31440,musicbrainz,discogs,1.0,True,True,True,gold
discogs_12656,mbrainz_2919,musicbrainz,discogs,1.0,True,True,True,gold
discogs_126580,mbrainz_20463,musicbrainz,discogs,1.0,True,True,True,gold
discogs_1266,mbrainz_378,musicbrainz,discogs,1.0,True,True,True,gold
discogs_12664,mbrainz_2922,musicbrainz,discogs,1.0,True,True,True,gold
discogs_126683,mbrainz_31440,musicbrainz,discogs,0.9731935263,False,False,True,plm_check_confident_pos
discogs_126696,mbrainz_2005,musicbrainz,discogs,0.7879869938,False,False,True,plm_check_confident_pos
discogs_1267,mbrainz_168,musicbrainz,discogs,1.0,True,True,True,gold
discogs_126743,mbrainz_22031,musicbrainz,discogs,1.0,True,True,True,gold
discogs_126816,mbrainz_22176,musicbrainz,discogs,0.9679085612,False,True,True,agreement
discogs_12686,mbrainz_2926,musicbrainz,discogs,1.0,True,True,True,gold
discogs_126903,mbrainz_22195,musicbrainz,discogs,0.9735420942,False,True,True,agreement
discogs_126946,mbrainz_22205,musicbrainz,discogs,1.0,True,True,True,gold
discogs_126986,mbrainz_9412,musicbrainz,discogs,1.0,True,False,True,gold
discogs_127,mbrainz_55,musicbrainz,discogs,1.0,True,True,True,gold
discogs_127015,mbrainz_25255,musicbrainz,discogs,1.0,True,True,True,gold
discogs_127079,mbrainz_16375,musicbrainz,discogs,1.0,True,True,True,gold
discogs_127156,mbrainz_22237,musicbrainz,discogs,1.0,True,True,True,gold
discogs_12717,mbrainz_2930,musicbrainz,discogs,0.9731603265,False,True,True,agreement
discogs_12719,mbrainz_2931,musicbrainz,discogs,1.0,True,True,True,gold
discogs_127273,mbrainz_3337,musicbrainz,discogs,0.7139185071,False,False,True,plm_check_confident_pos
discogs_12732,mbrainz_2937,musicbrainz,discogs,1.0,True,True,True,gold
discogs_127350,mbrainz_22272,musicbrainz,discogs,1.0,True,True,True,gold
discogs_127439,mbrainz_22286,musicbrainz,discogs,1.0,True,True,True,gold
discogs_127444,mbrainz_1493,musicbrainz,discogs,0.923928082,False,False,True,plm_check_confident_pos
discogs_127577,mbrainz_10132,musicbrainz,discogs,0.9665760398,False,False,True,plm_check_confident_pos
discogs_12758,mbrainz_2945,musicbrainz,discogs,1.0,True,True,True,gold
discogs_12763,mbrainz_2948,musicbrainz,discogs,1.0,True,True,True,gold
discogs_12768,mbrainz_2950,musicbrainz,discogs,0.9707577825,False,True,True,agreement
discogs_127723,mbrainz_22327,musicbrainz,discogs,0.9569839239,False,True,True,agreement
discogs_127782,mbrainz_3734,musicbrainz,discogs,0.9722046852,False,False,True,plm_check_confident_pos
discogs_127805,mbrainz_7718,musicbrainz,discogs,1.0,True,False,True,gold
discogs_12787,mbrainz_2951,musicbrainz,discogs,1.0,True,True,True,gold
discogs_12788,mbrainz_2952,musicbrainz,discogs,1.0,True,True,True,gold
discogs_12798,mbrainz_2955,musicbrainz,discogs,0.9642956853,False,False,True,plm_check_confident_pos
discogs_128,mbrainz_56,musicbrainz,discogs,1.0,True,True,True,gold
discogs_128073,mbrainz_22383,musicbrainz,discogs,0.9727761745,False,True,True,agreement
discogs_128111,mbrainz_14136,musicbrainz,discogs,0.9741103649,False,False,True,plm_check_confident_pos
discogs_12813,mbrainz_2961,musicbrainz,discogs,1.0,True,True,True,gold
discogs_12813,mbrainz_4361,musicbrainz,discogs,0.8970443606,False,False,True,plm_check_confident_pos
discogs_128206,mbrainz_22405,musicbrainz,discogs,1.0,True,True,True,gold
discogs_128244,mbrainz_2719,musicbrainz,discogs,0.9249660969,False,False,True,plm_check_confident_pos
discogs_128349,mbrainz_22421,musicbrainz,discogs,0.9729252458,False,True,True,agreement
discogs_128567,mbrainz_22456,musicbrainz,discogs,1.0,True,True,True,gold
discogs_12858,mbrainz_2974,musicbrainz,discogs,1.0,True,True,True,gold
discogs_128635,mbrainz_11203,musicbrainz,discogs,0.5886768103,False,False,True,plm_check_llm_yes
discogs_128670,mbrainz_32464,musicbrainz,discogs,0.9735395908,False,False,True,plm_check_confident_pos
discogs_128699,mbrainz_22480,musicbrainz,discogs,1.0,True,True,True,gold
discogs_128968,mbrainz_31188,musicbrainz,discogs,0.917881608,False,True,True,agreement
discogs_12899,mbrainz_2979,musicbrainz,discogs,1.0,True,True,True,gold
discogs_129,mbrainz_57,musicbrainz,discogs,1.0,True,True,True,gold
discogs_129006,mbrainz_6880,musicbrainz,discogs,0.9421868324,False,False,True,plm_check_confident_pos
discogs_12904,mbrainz_2981,musicbrainz,discogs,1.0,True,True,True,gold
discogs_129050,mbrainz_22531,musicbrainz,discogs,1.0,True,True,True,gold
discogs_12907,mbrainz_2982,musicbrainz,discogs,1.0,True,True,True,gold
discogs_12917,mbrainz_2984,musicbrainz,discogs,1.0,True,True,True,gold
discogs_129260,mbrainz_6713,musicbrainz,discogs,0.9736502171,False,False,True,plm_check_confident_pos
discogs_129285,mbrainz_22568,musicbrainz,discogs,1.0,True,True,True,gold
discogs_129306,mbrainz_22460,musicbrainz,discogs,1.0,True,True,True,gold
discogs_129314,mbrainz_3418,musicbrainz,discogs,0.7843919992,False,False,True,plm_check_confident_pos
discogs_12941,mbrainz_6014,musicbrainz,discogs,1.0,True,True,True,gold
discogs_129436,mbrainz_22966,musicbrainz,discogs,1.0,True,True,True,gold
discogs_129588,mbrainz_20244,musicbrainz,discogs,0.7326164842,False,False,True,plm_check_confident_pos
discogs_129795,mbrainz_2185,musicbrainz,discogs,0.9248725772,False,False,True,plm_check_confident_pos
discogs_12980,mbrainz_2996,musicbrainz,discogs,1.0,True,True,True,gold
discogs_129807,mbrainz_23071,musicbrainz,discogs,0.7402076125144958,False,False,True,plm_check_confident_pos
discogs_129831,mbrainz_15080,musicbrainz,discogs,0.9745438099,False,False,True,plm_check_confident_pos
discogs_12986,mbrainz_2997,musicbrainz,discogs,1.0,True,True,True,gold
discogs_129945,mbrainz_22701,musicbrainz,discogs,1.0,True,True,True,gold
discogs_129968,mbrainz_11584,musicbrainz,discogs,0.9354554415,False,True,True,agreement
discogs_13,mbrainz_7,musicbrainz,discogs,1.0,True,True,True,gold
discogs_130010,mbrainz_22710,musicbrainz,discogs,1.0,True,True,True,gold
discogs_13006,mbrainz_3001,musicbrainz,discogs,0.9734426737,False,True,True,agreement
discogs_130070,mbrainz_9406,musicbrainz,discogs,0.9730864763,False,False,True,plm_check_confident_pos
discogs_130166,mbrainz_22735,musicbrainz,discogs,1.0,True,True,True,gold
discogs_130184,mbrainz_22531,musicbrainz,discogs,0.9531057477,False,False,True,plm_check_confident_pos
discogs_1302,mbrainz_21467,musicbrainz,discogs,0.9498612284660339,False,False,True,plm_check_confident_pos
discogs_1302,mbrainz_385,musicbrainz,discogs,0.9731926322,False,True,True,agreement
discogs_130299,mbrainz_22767,musicbrainz,discogs,1.0,True,True,True,gold
discogs_13034,mbrainz_2750,musicbrainz,discogs,0.8712667823,False,False,True,plm_check_confident_pos
discogs_13034,mbrainz_6312,musicbrainz,discogs,0.9364299774169922,False,False,True,plm_check_confident_pos
discogs_130395,mbrainz_22781,musicbrainz,discogs,1.0,True,True,True,gold
discogs_130396,mbrainz_24470,musicbrainz,discogs,1.0,True,True,True,gold
discogs_130455,mbrainz_1608,musicbrainz,discogs,0.687348783,False,False,True,plm_check_llm_yes
discogs_130460,mbrainz_3874,musicbrainz,discogs,0.6098482609,False,False,True,plm_check_llm_yes
discogs_13050,mbrainz_3010,musicbrainz,discogs,0.9730475545,False,True,True,agreement
discogs_130502,mbrainz_16181,musicbrainz,discogs,0.9013908505,False,False,True,plm_check_confident_pos
discogs_130521,mbrainz_22795,musicbrainz,discogs,1.0,True,True,True,gold
discogs_130583,mbrainz_292,musicbrainz,discogs,0.97353369,False,False,True,plm_check_confident_pos
discogs_130646,mbrainz_17029,musicbrainz,discogs,0.9613794684,False,False,True,plm_check_confident_pos
discogs_130662,mbrainz_8320,musicbrainz,discogs,0.8540876508,False,False,True,plm_check_confident_pos
discogs_13071,mbrainz_3014,musicbrainz,discogs,1.0,True,False,True,gold
discogs_13071,mbrainz_5050,musicbrainz,discogs,0.7259880304336548,False,False,True,plm_check_confident_pos
discogs_13071,mbrainz_6774,musicbrainz,discogs,0.7097092270851135,False,False,True,plm_check_confident_pos
discogs_13075,mbrainz_3016,musicbrainz,discogs,1.0,True,True,True,gold
discogs_130772,mbrainz_3038,musicbrainz,discogs,1.0,True,False,True,gold
discogs_13088,mbrainz_3019,musicbrainz,discogs,1.0,True,True,True,gold
discogs_130922,mbrainz_22847,musicbrainz,discogs,1.0,True,True,True,gold
discogs_13098,mbrainz_3021,musicbrainz,discogs,1.0,True,False,True,gold
discogs_13102,mbrainz_3023,musicbrainz,discogs,1.0,True,True,True,gold
discogs_13104,mbrainz_526,musicbrainz,discogs,1.0,True,True,True,gold
discogs_131101,mbrainz_8422,musicbrainz,discogs,0.8675792217,False,False,True,plm_check_confident_pos
discogs_13115,mbrainz_3025,musicbrainz,discogs,1.0,True,True,True,gold
discogs_131279,mbrainz_22894,musicbrainz,discogs,1.0,True,True,True,gold
discogs_131346,mbrainz_22905,musicbrainz,discogs,1.0,True,True,True,gold
discogs_13137,mbrainz_3031,musicbrainz,discogs,1.0,True,True,True,gold
discogs_131400,mbrainz_22914,musicbrainz,discogs,1.0,True,True,True,gold
discogs_13150,mbrainz_3036,musicbrainz,discogs,1.0,True,True,True,gold
discogs_131505,mbrainz_22929,musicbrainz,discogs,1.0,True,True,True,gold
discogs_131531,mbrainz_2457,musicbrainz,discogs,1.0,True,False,True,gold
discogs_131557,mbrainz_16608,musicbrainz,discogs,0.7618152499,False,False,True,plm_check_confident_pos
discogs_131603,mbrainz_22938,musicbrainz,discogs,1.0,True,True,True,gold
discogs_131709,mbrainz_22904,musicbrainz,discogs,1.0,True,True,True,gold
discogs_131791,mbrainz_22970,musicbrainz,discogs,1.0,True,True,True,gold
discogs_13180,mbrainz_847,musicbrainz,discogs,1.0,True,True,True,gold
discogs_131830,mbrainz_1274,musicbrainz,discogs,0.9574812651,False,False,True,plm_check_confident_pos
discogs_131876,mbrainz_22988,musicbrainz,discogs,1.0,True,True,True,gold
discogs_131927,mbrainz_22997,musicbrainz,discogs,0.9739775062,False,False,True,plm_check_confident_pos
discogs_131969,mbrainz_3466,musicbrainz,discogs,0.9714046121,False,False,True,plm_check_confident_pos
discogs_132019,mbrainz_1153,musicbrainz,discogs,1.0,True,False,True,gold
discogs_132080,mbrainz_3503,musicbrainz,discogs,0.7303971648,False,False,True,plm_check_confident_pos
discogs_13209,mbrainz_2040,musicbrainz,discogs,1.0,True,True,True,gold
discogs_13214,mbrainz_2924,musicbrainz,discogs,0.9642890692,False,True,True,agreement
discogs_132151,mbrainz_23035,musicbrainz,discogs,1.0,True,True,True,gold
discogs_132241,mbrainz_22904,musicbrainz,discogs,0.9179880619,False,False,True,plm_check_confident_pos
discogs_13245,mbrainz_3052,musicbrainz,discogs,1.0,True,True,True,gold
discogs_13274,mbrainz_2365,musicbrainz,discogs,1.0,True,True,True,gold
discogs_13274,mbrainz_3544,musicbrainz,discogs,0.9501891136169434,False,False,True,plm_check_confident_pos
discogs_132743,mbrainz_12359,musicbrainz,discogs,0.9623704553,False,False,True,plm_check_confident_pos
discogs_132842,mbrainz_19049,musicbrainz,discogs,1.0,True,True,True,gold
discogs_13298,mbrainz_3061,musicbrainz,discogs,1.0,True,True,True,gold
discogs_13299,mbrainz_3062,musicbrainz,discogs,1.0,True,True,True,gold
discogs_133027,mbrainz_23581,musicbrainz,discogs,1.0,True,True,True,gold
discogs_133073,mbrainz_5567,musicbrainz,discogs,0.9327013493,False,False,True,plm_check_confident_pos
discogs_133107,mbrainz_23194,musicbrainz,discogs,1.0,True,True,True,gold
discogs_133138,mbrainz_2667,musicbrainz,discogs,0.8526613712,False,False,True,plm_check_confident_pos
discogs_133176,mbrainz_24467,musicbrainz,discogs,0.7747781277,False,True,True,agreement
discogs_13321,mbrainz_24101,musicbrainz,discogs,0.9753450155,False,False,True,plm_check_confident_pos
discogs_133214,mbrainz_23204,musicbrainz,discogs,1.0,True,True,True,gold
discogs_13325,mbrainz_3065,musicbrainz,discogs,1.0,True,True,True,gold
discogs_133273,mbrainz_23213,musicbrainz,discogs,0.9672986269,False,True,True,agreement
discogs_133322,mbrainz_5616,musicbrainz,discogs,0.9310119152,False,False,True,plm_check_confident_pos
discogs_133352,mbrainz_23223,musicbrainz,discogs,1.0,True,True,True,gold
discogs_133459,mbrainz_23238,musicbrainz,discogs,0.9730280638,False,True,True,agreement
discogs_13356,mbrainz_481,musicbrainz,discogs,1.0,True,False,True,gold
discogs_133761,mbrainz_23284,musicbrainz,discogs,1.0,True,True,True,gold
discogs_133770,mbrainz_429,musicbrainz,discogs,0.8598051667,False,False,True,plm_check_confident_pos
discogs_13379,mbrainz_3073,musicbrainz,discogs,1.0,True,True,True,gold
discogs_13390,mbrainz_3075,musicbrainz,discogs,1.0,True,True,True,gold
discogs_133944,mbrainz_17891,musicbrainz,discogs,0.9748395085,False,False,True,plm_check_confident_pos
discogs_1341,mbrainz_387,musicbrainz,discogs,1.0,True,True,True,gold
discogs_134167,mbrainz_8203,musicbrainz,discogs,0.9727579951,False,True,True,agreement
discogs_134176,mbrainz_22938,musicbrainz,discogs,0.9180845022,False,False,True,plm_check_confident_pos
discogs_134222,mbrainz_22531,musicbrainz,discogs,0.9742922783,False,False,True,plm_check_confident_pos
discogs_134379,mbrainz_23383,musicbrainz,discogs,0.9743843079,False,True,True,agreement
discogs_13444,mbrainz_3089,musicbrainz,discogs,1.0,True,True,True,gold
discogs_134445,mbrainz_23393,musicbrainz,discogs,1.0,True,True,True,gold
discogs_13451,mbrainz_3092,musicbrainz,discogs,0.9751238227,False,True,True,agreement
discogs_134716,mbrainz_23433,musicbrainz,discogs,1.0,True,True,True,gold
discogs_13472,mbrainz_3098,musicbrainz,discogs,1.0,True,True,True,gold
discogs_134736,mbrainz_23436,musicbrainz,discogs,1.0,True,True,True,gold
discogs_134778,mbrainz_21605,musicbrainz,discogs,0.9533416033,False,False,True,plm_check_confident_pos
discogs_13479,mbrainz_3100,musicbrainz,discogs,1.0,True,True,True,gold
discogs_13481,mbrainz_2974,musicbrainz,discogs,0.9742988944,False,False,True,plm_check_confident_pos
discogs_134832,mbrainz_22904,musicbrainz,discogs,0.960205853,False,False,True,plm_check_confident_pos
discogs_13486,mbrainz_2355,musicbrainz,discogs,1.0,True,True,True,gold
discogs_135,mbrainz_59,musicbrainz,discogs,1.0,True,True,True,gold
discogs_135026,mbrainz_3987,musicbrainz,discogs,0.9052823782,False,False,True,plm_check_confident_pos
discogs_13504,mbrainz_3106,musicbrainz,discogs,1.0,True,True,True,gold
discogs_135165,mbrainz_20418,musicbrainz,discogs,0.775719583,False,False,True,plm_check_confident_pos
discogs_13517,mbrainz_16241,musicbrainz,discogs,1.0,True,True,True,gold
discogs_13531,mbrainz_3113,musicbrainz,discogs,1.0,True,True,True,gold
discogs_13543,mbrainz_3115,musicbrainz,discogs,1.0,True,True,True,gold
discogs_13544,mbrainz_771,musicbrainz,discogs,1.0,True,False,True,gold
discogs_135444,mbrainz_23545,musicbrainz,discogs,0.9294849038,False,False,True,plm_check_confident_pos
discogs_135494,mbrainz_23552,musicbrainz,discogs,0.9737724066,False,True,True,agreement
discogs_13554,mbrainz_3119,musicbrainz,discogs,1.0,True,True,True,gold
discogs_135603,mbrainz_2404,musicbrainz,discogs,0.6577419639,False,False,True,plm_check_llm_yes
discogs_135704,mbrainz_23596,musicbrainz,discogs,1.0,True,True,True,gold
discogs_135777,mbrainz_8320,musicbrainz,discogs,0.7419688702,False,False,True,plm_check_confident_pos
discogs_13580,mbrainz_3129,musicbrainz,discogs,1.0,True,True,True,gold
discogs_13591,mbrainz_2160,musicbrainz,discogs,1.0,True,True,True,gold
discogs_136,mbrainz_60,musicbrainz,discogs,1.0,True,True,True,gold
discogs_136064,mbrainz_23664,musicbrainz,discogs,1.0,True,True,True,gold
discogs_136157,mbrainz_23678,musicbrainz,discogs,1.0,True,True,True,gold
discogs_136167,mbrainz_23681,musicbrainz,discogs,1.0,True,True,True,gold
discogs_13619,mbrainz_11203,musicbrainz,discogs,0.6558883786,False,False,True,plm_check_llm_yes
discogs_1362,mbrainz_278,musicbrainz,discogs,1.0,True,False,True,gold
discogs_13632,mbrainz_3139,musicbrainz,discogs,0.9728574157,False,True,True,agreement
discogs_13638,mbrainz_2604,musicbrainz,discogs,1.0,True,False,True,gold
discogs_13639,mbrainz_3140,musicbrainz,discogs,1.0,True,False,True,gold
discogs_136390,mbrainz_2199,musicbrainz,discogs,0.9020632505,False,False,True,plm_check_confident_pos
discogs_13642,mbrainz_3142,musicbrainz,discogs,0.9728400111,False,True,True,agreement
discogs_136507,mbrainz_23106,musicbrainz,discogs,1.0,True,True,True,gold
discogs_13655,mbrainz_3145,musicbrainz,discogs,0.9751911759,False,False,True,plm_check_confident_pos
discogs_136555,mbrainz_23749,musicbrainz,discogs,0.9213818908,False,True,True,agreement
discogs_136567,mbrainz_11495,musicbrainz,discogs,0.9566814899,False,False,True,plm_check_confident_pos
discogs_136618,mbrainz_32464,musicbrainz,discogs,0.9735096693,False,False,True,plm_check_confident_pos
discogs_136625,mbrainz_15289,musicbrainz,discogs,0.9542207718,False,False,True,plm_check_confident_pos
discogs_136727,mbrainz_23778,musicbrainz,discogs,0.973064065,False,True,True,agreement
discogs_136852,mbrainz_23796,musicbrainz,discogs,1.0,True,True,True,gold
discogs_137085,mbrainz_23838,musicbrainz,discogs,0.9748737216,False,False,True,plm_check_confident_pos
discogs_137138,mbrainz_23850,musicbrainz,discogs,1.0,True,True,True,gold
discogs_13720,mbrainz_1772,musicbrainz,discogs,1.0,True,True,True,gold
discogs_137230,mbrainz_23867,musicbrainz,discogs,1.0,True,True,True,gold
discogs_13724,mbrainz_3164,musicbrainz,discogs,1.0,True,True,True,gold
discogs_13725,mbrainz_3165,musicbrainz,discogs,1.0,True,True,True,gold
discogs_13730,mbrainz_5567,musicbrainz,discogs,0.9276836514,False,False,True,plm_check_confident_pos
discogs_137326,mbrainz_1928,musicbrainz,discogs,0.9754731655,False,False,True,plm_check_confident_pos
discogs_137361,mbrainz_21374,musicbrainz,discogs,1.0,True,True,True,gold
discogs_137382,mbrainz_2067,musicbrainz,discogs,0.9191020727,False,False,True,plm_check_confident_pos
discogs_137412,mbrainz_23483,musicbrainz,discogs,1.0,True,True,True,gold
discogs_137426,mbrainz_8708,musicbrainz,discogs,0.7757076621,False,False,True,plm_check_confident_pos
discogs_137475,mbrainz_23919,musicbrainz,discogs,1.0,True,True,True,gold
discogs_137598,mbrainz_23937,musicbrainz,discogs,1.0,True,True,True,gold
discogs_13764,mbrainz_923,musicbrainz,discogs,1.0,True,True,True,gold
discogs_137708,mbrainz_2003,musicbrainz,discogs,0.9216626883,False,False,True,plm_check_confident_pos
discogs_137715,mbrainz_24408,musicbrainz,discogs,1.0,True,True,True,gold
discogs_13772,mbrainz_3175,musicbrainz,discogs,1.0,True,True,True,gold
discogs_137768,mbrainz_23963,musicbrainz,discogs,1.0,True,True,True,gold
discogs_13777,mbrainz_3178,musicbrainz,discogs,1.0,True,True,True,gold
discogs_137806,mbrainz_14306,musicbrainz,discogs,0.9735684991,False,True,True,agreement
discogs_13787,mbrainz_1764,musicbrainz,discogs,0.9733320475,False,False,True,plm_check_confident_pos
discogs_137917,mbrainz_24155,musicbrainz,discogs,1.0,True,True,True,gold
discogs_138,mbrainz_62,musicbrainz,discogs,1.0,True,True,True,gold
discogs_138068,mbrainz_2778,musicbrainz,discogs,0.8914968967,False,False,True,plm_check_confident_pos
discogs_138074,mbrainz_22462,musicbrainz,discogs,1.0,True,True,True,gold
discogs_138074,mbrainz_9446,musicbrainz,discogs,0.9594112038612366,False,False,True,plm_check_confident_pos
discogs_13818,mbrainz_2610,musicbrainz,discogs,0.8965852857,False,False,True,plm_check_confident_pos
discogs_138223,mbrainz_5996,musicbrainz,discogs,0.9752291441,False,False,True,plm_check_confident_pos
discogs_13834,mbrainz_3191,musicbrainz,discogs,1.0,True,True,True,gold
discogs_13840,mbrainz_3195,musicbrainz,discogs,1.0,True,True,True,gold
discogs_138430,mbrainz_3677,musicbrainz,discogs,1.0,True,True,True,gold
discogs_138533,mbrainz_576,musicbrainz,discogs,0.9732791185,False,False,True,plm_check_confident_pos
discogs_13862,mbrainz_3202,musicbrainz,discogs,1.0,True,True,True,gold
discogs_13863,mbrainz_3202,musicbrainz,discogs,0.9268824458,False,False,True,plm_check_confident_pos
discogs_138635,mbrainz_24092,musicbrainz,discogs,0.9732475877,False,True,True,agreement
discogs_138838,mbrainz_1695,musicbrainz,discogs,0.9401221275,False,False,True,plm_check_confident_pos
discogs_138933,mbrainz_18861,musicbrainz,discogs,0.9201827049,False,False,True,plm_check_confident_pos
discogs_13896,mbrainz_3207,musicbrainz,discogs,1.0,True,True,True,gold
discogs_139002,mbrainz_24150,musicbrainz,discogs,1.0,True,True,True,gold
discogs_139332,mbrainz_8422,musicbrainz,discogs,0.9417274594,False,False,True,plm_check_confident_pos
discogs_13945,mbrainz_2208,musicbrainz,discogs,1.0,True,False,True,gold
discogs_139459,mbrainz_1675,musicbrainz,discogs,0.9754992723,False,False,True,plm_check_confident_pos
discogs_13947,mbrainz_8422,musicbrainz,discogs,1.0,True,True,True,gold
discogs_13962,mbrainz_3221,musicbrainz,discogs,1.0,True,True,True,gold
discogs_139629,mbrainz_16932,musicbrainz,discogs,1.0,True,True,True,gold
discogs_14,mbrainz_8,musicbrainz,discogs,1.0,True,True,True,gold
discogs_140,mbrainz_64,musicbrainz,discogs,1.0,True,True,True,gold
discogs_1401,mbrainz_221,musicbrainz,discogs,1.0,True,True,True,gold
discogs_140229,mbrainz_29773,musicbrainz,discogs,0.8055396676,False,False,True,plm_check_confident_pos
discogs_140313,mbrainz_8173,musicbrainz,discogs,1.0,True,True,True,gold
discogs_140337,mbrainz_1654,musicbrainz,discogs,1.0,True,False,True,gold
discogs_140357,mbrainz_24367,musicbrainz,discogs,1.0,True,True,True,gold
discogs_14037,mbrainz_429,musicbrainz,discogs,0.972905457,False,False,True,plm_check_confident_pos
discogs_140388,mbrainz_4225,musicbrainz,discogs,1.0,True,True,True,gold
discogs_14054,mbrainz_3238,musicbrainz,discogs,1.0,True,True,True,gold
discogs_14058,mbrainz_2229,musicbrainz,discogs,0.9264494777,False,False,True,plm_check_confident_pos
discogs_14060,mbrainz_1129,musicbrainz,discogs,1.0,True,False,True,gold
discogs_14064,mbrainz_3241,musicbrainz,discogs,1.0,True,True,True,gold
discogs_140737,mbrainz_20922,musicbrainz,discogs,0.9220166802,False,False,True,plm_check_confident_pos
discogs_140737,mbrainz_24437,musicbrainz,discogs,0.9115340114,False,False,True,plm_check_confident_pos
discogs_140739,mbrainz_20922,musicbrainz,discogs,0.9191101193,False,False,True,plm_check_confident_pos
discogs_140739,mbrainz_24437,musicbrainz,discogs,0.9383388758,False,True,True,agreement
discogs_14074,mbrainz_3242,musicbrainz,discogs,1.0,True,True,True,gold
discogs_14075,mbrainz_2034,musicbrainz,discogs,0.8923667669,False,False,True,plm_check_confident_pos
discogs_14081,mbrainz_3245,musicbrainz,discogs,1.0,True,True,True,gold
discogs_140955,mbrainz_24459,musicbrainz,discogs,1.0,True,True,True,gold
discogs_140988,mbrainz_24467,musicbrainz,discogs,1.0,True,False,True,gold
discogs_14107,mbrainz_1279,musicbrainz,discogs,0.9618989229,False,True,True,agreement
discogs_141088,mbrainz_24490,musicbrainz,discogs,0.9727939963,False,True,True,agreement
discogs_14112,mbrainz_3255,musicbrainz,discogs,1.0,True,True,True,gold
discogs_141135,mbrainz_24495,musicbrainz,discogs,1.0,True,True,True,gold
discogs_141169,mbrainz_24503,musicbrainz,discogs,0.9611566663,False,True,True,agreement
discogs_14128,mbrainz_3258,musicbrainz,discogs,1.0,True,True,True,gold
discogs_141389,mbrainz_24538,musicbrainz,discogs,0.9519189,False,True,True,agreement
discogs_141397,mbrainz_3503,musicbrainz,discogs,1.0,True,False,True,gold
discogs_141431,mbrainz_24546,musicbrainz,discogs,1.0,True,True,True,gold
discogs_14145,mbrainz_3264,musicbrainz,discogs,1.0,True,True,True,gold
discogs_14146,mbrainz_3265,musicbrainz,discogs,1.0,True,False,True,gold
discogs_14147,mbrainz_1426,musicbrainz,discogs,1.0,True,True,True,gold
discogs_14153,mbrainz_3269,musicbrainz,discogs,1.0,True,True,True,gold
discogs_141531,mbrainz_8708,musicbrainz,discogs,0.9222396612,False,False,True,plm_check_confident_pos
discogs_14160,mbrainz_3271,musicbrainz,discogs,1.0,True,True,True,gold
discogs_141688,mbrainz_7057,musicbrainz,discogs,0.9714313745,False,False,True,plm_check_confident_pos
discogs_141758,mbrainz_16163,musicbrainz,discogs,1.0,True,True,True,gold
discogs_141790,mbrainz_404,musicbrainz,discogs,0.9751139879,False,False,True,plm_check_confident_pos
discogs_14182,mbrainz_3276,musicbrainz,discogs,0.9633833766,False,True,True,agreement
discogs_141868,mbrainz_2636,musicbrainz,discogs,0.9662662745,False,True,True,agreement
discogs_14188,mbrainz_3278,musicbrainz,discogs,1.0,True,True,True,gold
discogs_141881,mbrainz_10115,musicbrainz,discogs,0.9081503153,False,False,True,plm_check_confident_pos
discogs_141883,mbrainz_873,musicbrainz,discogs,0.9726328254,False,False,True,plm_check_confident_pos
discogs_141886,mbrainz_24610,musicbrainz,discogs,1.0,True,True,True,gold
discogs_141908,mbrainz_2387,musicbrainz,discogs,0.9624478817,False,False,True,plm_check_confident_pos
discogs_142088,mbrainz_11213,musicbrainz,discogs,1.0,True,True,True,gold
discogs_142150,mbrainz_4158,musicbrainz,discogs,0.7976649404,False,False,True,plm_check_confident_pos
discogs_142155,mbrainz_1912,musicbrainz,discogs,0.9369521737,False,False,True,plm_check_confident_pos
discogs_14216,mbrainz_3286,musicbrainz,discogs,1.0,True,True,True,gold
discogs_14224,mbrainz_3287,musicbrainz,discogs,1.0,True,True,True,gold
discogs_14233,mbrainz_2140,musicbrainz,discogs,1.0,True,True,True,gold
discogs_14236,mbrainz_1160,musicbrainz,discogs,1.0,True,True,True,gold
discogs_14239,mbrainz_3291,musicbrainz,discogs,1.0,True,True,True,gold
discogs_14247,mbrainz_15474,musicbrainz,discogs,0.9496409893,False,False,True,plm_check_confident_pos
discogs_14247,mbrainz_3151,musicbrainz,discogs,1.0,True,True,True,gold
discogs_1425,mbrainz_400,musicbrainz,discogs,1.0,True,True,True,gold
discogs_142565,mbrainz_8393,musicbrainz,discogs,0.9638502002,False,False,True,plm_check_confident_pos
discogs_14260,mbrainz_3299,musicbrainz,discogs,1.0,True,True,True,gold
discogs_14263,mbrainz_3301,musicbrainz,discogs,1.0,True,True,True,gold
discogs_142690,mbrainz_1692,musicbrainz,discogs,0.8762828112,False,False,True,plm_check_confident_pos
discogs_142740,mbrainz_8338,musicbrainz,discogs,0.9463308454,False,False,True,plm_check_confident_pos
discogs_14278,mbrainz_2195,musicbrainz,discogs,0.9753547907,False,False,True,plm_check_confident_pos
discogs_14290,mbrainz_3309,musicbrainz,discogs,0.9104183912,False,True,True,agreement
discogs_142929,mbrainz_24794,musicbrainz,discogs,0.9523203373,False,True,True,agreement
discogs_142937,mbrainz_13319,musicbrainz,discogs,0.9749788642,False,False,True,plm_check_confident_pos
discogs_142942,mbrainz_3601,musicbrainz,discogs,0.9133156538,False,False,True,plm_check_confident_pos
discogs_14298,mbrainz_1852,musicbrainz,discogs,1.0,True,True,True,gold
discogs_143117,mbrainz_2851,musicbrainz,discogs,0.9203261137,False,False,True,plm_check_confident_pos
discogs_14315,mbrainz_3318,musicbrainz,discogs,1.0,True,False,True,gold
discogs_143240,mbrainz_24546,musicbrainz,discogs,0.9726199508,False,False,True,plm_check_confident_pos
discogs_143254,mbrainz_284,musicbrainz,discogs,0.9029459357,False,False,True,plm_check_confident_pos
discogs_143294,mbrainz_2067,musicbrainz,discogs,0.9727215767,False,False,True,plm_check_confident_pos
discogs_14344,mbrainz_3326,musicbrainz,discogs,1.0,True,True,True,gold
discogs_143460,mbrainz_1625,musicbrainz,discogs,0.9751135111,False,False,True,plm_check_confident_pos
discogs_14347,mbrainz_3328,musicbrainz,discogs,1.0,True,True,True,gold
discogs_143546,mbrainz_1651,musicbrainz,discogs,0.9717922807,False,False,True,plm_check_confident_pos
discogs_14358,mbrainz_43,musicbrainz,discogs,0.9079489112,False,False,True,plm_check_confident_pos
discogs_143583,mbrainz_4356,musicbrainz,discogs,0.9663736224,False,False,True,plm_check_confident_pos
discogs_14363,mbrainz_3330,musicbrainz,discogs,0.9735053778,False,True,True,agreement
discogs_143738,mbrainz_1046,musicbrainz,discogs,0.9432618618,False,False,True,plm_check_confident_pos
discogs_144090,mbrainz_28981,musicbrainz,discogs,1.0,True,True,True,gold
discogs_144293,mbrainz_9239,musicbrainz,discogs,0.942682147,False,False,True,plm_check_confident_pos
discogs_144376,mbrainz_19578,musicbrainz,discogs,1.0,True,False,True,gold
discogs_14447,mbrainz_3348,musicbrainz,discogs,1.0,True,True,True,gold
discogs_144679,mbrainz_7716,musicbrainz,discogs,1.0,True,True,True,gold
discogs_14470,mbrainz_3359,musicbrainz,discogs,1.0,True,True,True,gold
discogs_144828,mbrainz_2408,musicbrainz,discogs,0.9731898904,False,False,True,plm_check_confident_pos
discogs_144992,mbrainz_33453,musicbrainz,discogs,0.9281644225,False,True,True,agreement
discogs_145,mbrainz_65,musicbrainz,discogs,1.0,True,True,True,gold
discogs_145000,mbrainz_25146,musicbrainz,discogs,1.0,True,True,True,gold
discogs_145276,mbrainz_25191,musicbrainz,discogs,1.0,True,True,True,gold
discogs_14532,mbrainz_3369,musicbrainz,discogs,1.0,True,True,True,gold
discogs_145397,mbrainz_2005,musicbrainz,discogs,0.8721098304,False,False,True,plm_check_confident_pos
discogs_145421,mbrainz_17086,musicbrainz,discogs,0.9679207206,False,False,True,plm_check_confident_pos
discogs_145421,mbrainz_25221,musicbrainz,discogs,1.0,True,True,True,gold
discogs_145482,mbrainz_25231,musicbrainz,discogs,1.0,True,True,True,gold
discogs_14558,mbrainz_3374,musicbrainz,discogs,1.0,True,True,True,gold
discogs_145662,mbrainz_25236,musicbrainz,discogs,1.0,True,True,True,gold
discogs_145778,mbrainz_30429,musicbrainz,discogs,0.8024994731,False,False,True,plm_check_confident_pos
discogs_145792,mbrainz_25278,musicbrainz,discogs,1.0,True,True,True,gold
discogs_145799,mbrainz_2050,musicbrainz,discogs,0.9738175869,False,False,True,plm_check_confident_pos
discogs_145828,mbrainz_25284,musicbrainz,discogs,1.0,True,True,True,gold
discogs_146,mbrainz_66,musicbrainz,discogs,1.0,True,True,True,gold
discogs_14608,mbrainz_3384,musicbrainz,discogs,1.0,True,True,True,gold
discogs_146133,mbrainz_2611,musicbrainz,discogs,1.0,True,False,True,gold
discogs_146201,mbrainz_17891,musicbrainz,discogs,0.8813931346,False,False,True,plm_check_confident_pos
discogs_146210,mbrainz_7899,musicbrainz,discogs,0.840945363,False,False,True,plm_check_confident_pos
discogs_14622,mbrainz_3386,musicbrainz,discogs,1.0,True,True,True,gold
discogs_14628,mbrainz_3388,musicbrainz,discogs,1.0,True,True,True,gold
discogs_14629,mbrainz_3389,musicbrainz,discogs,1.0,True,True,True,gold
discogs_146453,mbrainz_25375,musicbrainz,discogs,0.9751212001,False,True,True,agreement
discogs_1466,mbrainz_407,musicbrainz,discogs,1.0,True,True,True,gold
discogs_146684,mbrainz_25416,musicbrainz,discogs,1.0,True,True,True,gold
discogs_14673,mbrainz_3397,musicbrainz,discogs,1.0,True,True,True,gold
discogs_146795,mbrainz_25432,musicbrainz,discogs,0.9751371741,False,True,True,agreement
discogs_14688,mbrainz_3402,musicbrainz,discogs,1.0,True,True,True,gold
discogs_1471,mbrainz_409,musicbrainz,discogs,1.0,True,True,True,gold
discogs_14713,mbrainz_3408,musicbrainz,discogs,1.0,True,True,True,gold
discogs_147237,mbrainz_6490,musicbrainz,discogs,0.9735715389,False,False,True,plm_check_confident_pos
discogs_147313,mbrainz_12359,musicbrainz,discogs,0.9696787,False,False,True,plm_check_confident_pos
discogs_14737,mbrainz_3415,musicbrainz,discogs,1.0,True,True,True,gold
discogs_14744,mbrainz_3416,musicbrainz,discogs,0.9732752442,False,True,True,agreement
discogs_147530,mbrainz_2650,musicbrainz,discogs,0.8495798707,False,False,True,plm_check_confident_pos
discogs_14758,mbrainz_3420,musicbrainz,discogs,1.0,True,False,True,gold
discogs_147592,mbrainz_22194,musicbrainz,discogs,1.0,True,True,True,gold
discogs_147648,mbrainz_18982,musicbrainz,discogs,0.9405975341796875,False,False,True,plm_check_confident_pos
discogs_147648,mbrainz_8399,musicbrainz,discogs,0.9576511979,False,False,True,plm_check_confident_pos
discogs_14768,mbrainz_3343,musicbrainz,discogs,1.0,True,True,True,gold
discogs_147745,mbrainz_25578,musicbrainz,discogs,1.0,True,False,True,gold
discogs_147751,mbrainz_1867,musicbrainz,discogs,0.8244739771,False,False,True,plm_check_confident_pos
discogs_14779,mbrainz_3423,musicbrainz,discogs,1.0,True,True,True,gold
discogs_14780,mbrainz_3424,musicbrainz,discogs,1.0,True,True,True,gold
discogs_147918,mbrainz_25608,musicbrainz,discogs,1.0,True,True,True,gold
discogs_147932,mbrainz_1954,musicbrainz,discogs,0.919944346,False,False,True,plm_check_confident_pos
discogs_148,mbrainz_67,musicbrainz,discogs,1.0,True,True,True,gold
discogs_148039,mbrainz_25098,musicbrainz,discogs,1.0,True,True,True,gold
discogs_14818,mbrainz_3435,musicbrainz,discogs,1.0,True,True,True,gold
discogs_148237,mbrainz_25686,musicbrainz,discogs,1.0,True,True,True,gold
discogs_148267,mbrainz_16712,musicbrainz,discogs,0.8577620983,False,False,True,plm_check_confident_pos
discogs_148267,mbrainz_16773,musicbrainz,discogs,0.7495447993278503,False,False,True,plm_check_confident_pos
discogs_148267,mbrainz_25550,musicbrainz,discogs,1.0,True,True,True,gold
discogs_148344,mbrainz_33235,musicbrainz,discogs,0.7439122796,False,False,True,plm_check_confident_pos
discogs_148456,mbrainz_25722,musicbrainz,discogs,1.0,True,True,True,gold
discogs_14847,mbrainz_3442,musicbrainz,discogs,1.0,True,True,True,gold
discogs_148750,mbrainz_25400,musicbrainz,discogs,1.0,True,False,True,gold
discogs_14877,mbrainz_3445,musicbrainz,discogs,1.0,True,True,True,gold
discogs_148936,mbrainz_25816,musicbrainz,discogs,1.0,True,True,True,gold
discogs_14898,mbrainz_3454,musicbrainz,discogs,1.0,True,True,True,gold
discogs_149,mbrainz_68,musicbrainz,discogs,1.0,True,True,True,gold
discogs_149032,mbrainz_25835,musicbrainz,discogs,0.8119031191,False,False,True,plm_check_confident_pos
discogs_14914,mbrainz_3459,musicbrainz,discogs,1.0,True,True,True,gold
discogs_14928,mbrainz_1103,musicbrainz,discogs,1.0,True,True,True,gold
discogs_149281,mbrainz_2335,musicbrainz,discogs,0.9515275359,False,False,True,plm_check_confident_pos
discogs_14943,mbrainz_3466,musicbrainz,discogs,1.0,True,True,True,gold
discogs_149482,mbrainz_7573,musicbrainz,discogs,0.8721106052,False,False,True,plm_check_confident_pos
discogs_149503,mbrainz_1826,musicbrainz,discogs,0.9736154079,False,False,True,plm_check_confident_pos
discogs_14956,mbrainz_25038,musicbrainz,discogs,1.0,True,True,True,gold
discogs_149578,mbrainz_25921,musicbrainz,discogs,0.9730173349,False,True,True,agreement
discogs_14959,mbrainz_3469,musicbrainz,discogs,1.0,True,True,True,gold
discogs_149592,mbrainz_25927,musicbrainz,discogs,0.9735007286,False,True,True,agreement
discogs_14960,mbrainz_3470,musicbrainz,discogs,1.0,True,True,True,gold
discogs_14971,mbrainz_3474,musicbrainz,discogs,1.0,True,True,True,gold
discogs_149927,mbrainz_16168,musicbrainz,discogs,0.9733287096,False,False,True,plm_check_confident_pos
discogs_149938,mbrainz_25987,musicbrainz,discogs,1.0,True,True,True,gold
discogs_150079,mbrainz_26005,musicbrainz,discogs,0.973092258,False,True,True,agreement
discogs_15012,mbrainz_1493,musicbrainz,discogs,0.973520577,False,True,True,agreement
discogs_150172,mbrainz_26021,musicbrainz,discogs,1.0,True,True,True,gold
discogs_150354,mbrainz_5800,musicbrainz,discogs,0.8614208102,False,False,True,plm_check_confident_pos
discogs_15040,mbrainz_3489,musicbrainz,discogs,1.0,True,True,True,gold
discogs_150400,mbrainz_26063,musicbrainz,discogs,1.0,True,True,True,gold
discogs_150512,mbrainz_10808,musicbrainz,discogs,0.8245480657,False,False,True,plm_check_confident_pos
discogs_150642,mbrainz_26107,musicbrainz,discogs,0.973664701,False,True,True,agreement
discogs_150726,mbrainz_2175,musicbrainz,discogs,0.9752342701,False,False,True,plm_check_confident_pos
discogs_15084,mbrainz_3504,musicbrainz,discogs,1.0,True,True,True,gold
discogs_150976,mbrainz_8287,musicbrainz,discogs,1.0,True,True,True,gold
discogs_15098,mbrainz_3507,musicbrainz,discogs,1.0,True,True,True,gold
discogs_151009,mbrainz_5516,musicbrainz,discogs,0.9513385892,False,False,True,plm_check_confident_pos
discogs_151192,mbrainz_26210,musicbrainz,discogs,1.0,True,True,True,gold
discogs_151316,mbrainz_24312,musicbrainz,discogs,1.0,True,True,True,gold
discogs_15138,mbrainz_3517,musicbrainz,discogs,0.9040021896,False,False,True,plm_check_confident_pos
discogs_151643,mbrainz_25416,musicbrainz,discogs,0.9746156931,False,False,True,plm_check_confident_pos
discogs_151725,mbrainz_19306,musicbrainz,discogs,0.9735280871,False,True,True,agreement
discogs_151804,mbrainz_31367,musicbrainz,discogs,0.783765614,False,False,True,plm_check_confident_pos
discogs_151835,mbrainz_1867,musicbrainz,discogs,0.9610578418,False,False,True,plm_check_confident_pos
discogs_151839,mbrainz_1867,musicbrainz,discogs,0.9544554949,False,False,True,plm_check_confident_pos
discogs_15187,mbrainz_3528,musicbrainz,discogs,1.0,True,True,True,gold
discogs_15189,mbrainz_2639,musicbrainz,discogs,1.0,True,True,True,gold
discogs_15215,mbrainz_3539,musicbrainz,discogs,1.0,True,True,True,gold
discogs_15235,mbrainz_402,musicbrainz,discogs,0.9749320745,False,True,True,agreement
discogs_15248,mbrainz_2365,musicbrainz,discogs,0.9408189654350281,False,False,True,plm_check_confident_pos
discogs_15248,mbrainz_3544,musicbrainz,discogs,1.0,True,True,True,gold
discogs_15250,mbrainz_3545,musicbrainz,discogs,1.0,True,True,True,gold
discogs_15262,mbrainz_3546,musicbrainz,discogs,1.0,True,True,True,gold
discogs_15269,mbrainz_3547,musicbrainz,discogs,1.0,True,True,True,gold
discogs_15272,mbrainz_3549,musicbrainz,discogs,1.0,True,True,True,gold
discogs_15274,mbrainz_3550,musicbrainz,discogs,1.0,True,True,True,gold
discogs_152802,mbrainz_56,musicbrainz,discogs,0.9731824398,False,False,True,plm_check_confident_pos
discogs_152970,mbrainz_26514,musicbrainz,discogs,0.9738376141,False,True,True,agreement
discogs_152985,mbrainz_26518,musicbrainz,discogs,1.0,True,False,True,gold
discogs_153046,mbrainz_2482,musicbrainz,discogs,0.9465055466,False,False,True,plm_check_confident_pos
discogs_15305,mbrainz_3557,musicbrainz,discogs,1.0,True,True,True,gold
discogs_153124,mbrainz_26547,musicbrainz,discogs,0.9528040886,False,True,True,agreement
discogs_153138,mbrainz_1619,musicbrainz,discogs,0.9341011047,False,True,True,agreement
discogs_15323,mbrainz_3562,musicbrainz,discogs,1.0,True,True,True,gold
discogs_153301,mbrainz_26570,musicbrainz,discogs,1.0,True,True,True,gold
discogs_153307,mbrainz_26560,musicbrainz,discogs,0.9735524654,False,True,True,agreement
discogs_153308,mbrainz_26560,musicbrainz,discogs,1.0,True,False,True,gold
discogs_153366,mbrainz_3092,musicbrainz,discogs,0.9460713863,False,False,True,plm_check_confident_pos
discogs_15337,mbrainz_3565,musicbrainz,discogs,1.0,True,True,True,gold
discogs_153494,mbrainz_26560,musicbrainz,discogs,0.9482622147,False,False,True,plm_check_confident_pos
discogs_153598,mbrainz_26626,musicbrainz,discogs,0.9691820741,False,True,True,agreement
discogs_15361,mbrainz_3570,musicbrainz,discogs,1.0,True,True,True,gold
discogs_153657,mbrainz_2199,musicbrainz,discogs,0.93765378,False,False,True,plm_check_confident_pos
discogs_15369,mbrainz_2849,musicbrainz,discogs,1.0,True,False,True,gold
discogs_153719,mbrainz_1982,musicbrainz,discogs,0.9455145597,False,False,True,plm_check_confident_pos
discogs_153730,mbrainz_26644,musicbrainz,discogs,1.0,True,True,True,gold
discogs_15388,mbrainz_3575,musicbrainz,discogs,1.0,True,True,True,gold
discogs_15395,mbrainz_3579,musicbrainz,discogs,1.0,True,True,True,gold
discogs_153956,mbrainz_21316,musicbrainz,discogs,1.0,True,True,True,gold
discogs_153964,mbrainz_26682,musicbrainz,discogs,0.9743690491,False,False,True,plm_check_confident_pos
discogs_15408,mbrainz_3584,musicbrainz,discogs,1.0,True,True,True,gold
discogs_154158,mbrainz_8320,musicbrainz,discogs,0.8448658586,False,False,True,plm_check_confident_pos
discogs_154192,mbrainz_14364,musicbrainz,discogs,0.7236471772,False,False,True,plm_check_confident_pos
discogs_154302,mbrainz_12103,musicbrainz,discogs,0.9729159474,False,False,True,plm_check_confident_pos
discogs_154333,mbrainz_2502,musicbrainz,discogs,0.9020082355,False,False,True,plm_check_confident_pos
discogs_15435,mbrainz_3594,musicbrainz,discogs,1.0,True,True,True,gold
discogs_15447,mbrainz_3600,musicbrainz,discogs,1.0,True,True,True,gold
discogs_154597,mbrainz_5574,musicbrainz,discogs,0.9574608803,False,False,True,plm_check_confident_pos
discogs_154844,mbrainz_14364,musicbrainz,discogs,0.9440467954,False,False,True,plm_check_confident_pos
discogs_15495,mbrainz_3610,musicbrainz,discogs,1.0,True,True,True,gold
discogs_154995,mbrainz_17701,musicbrainz,discogs,0.8095159531,False,False,True,plm_check_confident_pos
discogs_15505,mbrainz_3613,musicbrainz,discogs,1.0,True,True,True,gold
discogs_155054,mbrainz_26856,musicbrainz,discogs,1.0,True,True,True,gold
discogs_15506,mbrainz_3614,musicbrainz,discogs,1.0,True,True,True,gold
discogs_15517,mbrainz_3618,musicbrainz,discogs,1.0,True,True,True,gold
discogs_155234,mbrainz_5609,musicbrainz,discogs,0.865935564,False,False,True,plm_check_confident_pos
discogs_155310,mbrainz_24546,musicbrainz,discogs,1.0,True,False,True,gold
discogs_155311,mbrainz_1767,musicbrainz,discogs,0.901720643,False,False,True,plm_check_confident_pos
discogs_155484,mbrainz_18544,musicbrainz,discogs,0.9166530371,False,False,True,plm_check_confident_pos
discogs_155484,mbrainz_4109,musicbrainz,discogs,0.8458658456802368,False,False,True,plm_check_confident_pos
discogs_15573,mbrainz_3630,musicbrainz,discogs,1.0,True,True,True,gold
discogs_15580,mbrainz_2601,musicbrainz,discogs,1.0,True,True,True,gold
discogs_155840,mbrainz_943,musicbrainz,discogs,0.9421316981,False,False,True,plm_check_confident_pos
discogs_155966,mbrainz_5616,musicbrainz,discogs,0.9332153201,False,False,True,plm_check_confident_pos
discogs_156,mbrainz_69,musicbrainz,discogs,1.0,True,True,True,gold
discogs_156032,mbrainz_27016,musicbrainz,discogs,0.9737947583,False,False,True,plm_check_confident_pos
discogs_156107,mbrainz_755,musicbrainz,discogs,0.9207937717,False,False,True,plm_check_confident_pos
discogs_156183,mbrainz_671,musicbrainz,discogs,0.9611700773,False,False,True,plm_check_confident_pos
discogs_15638,mbrainz_3644,musicbrainz,discogs,1.0,True,True,True,gold
discogs_156436,mbrainz_23545,musicbrainz,discogs,0.9740116596,False,False,True,plm_check_confident_pos
discogs_15655,mbrainz_3650,musicbrainz,discogs,1.0,True,False,True,gold
discogs_15661,mbrainz_3651,musicbrainz,discogs,1.0,True,True,True,gold
discogs_15662,mbrainz_3652,musicbrainz,discogs,1.0,True,True,True,gold
discogs_1568,mbrainz_547,musicbrainz,discogs,0.966709137,False,False,True,plm_check_confident_pos
discogs_156923,mbrainz_1101,musicbrainz,discogs,0.9304167032,False,False,True,plm_check_confident_pos
discogs_156935,mbrainz_2974,musicbrainz,discogs,0.9748696685,False,False,True,plm_check_confident_pos
discogs_157004,mbrainz_7828,musicbrainz,discogs,0.9299103618,False,False,True,plm_check_confident_pos
discogs_157018,mbrainz_27177,musicbrainz,discogs,0.9679162502,False,False,True,plm_check_confident_pos
discogs_15702,mbrainz_3663,musicbrainz,discogs,1.0,True,True,True,gold
discogs_15707,mbrainz_3665,musicbrainz,discogs,1.0,True,True,True,gold
discogs_15725,mbrainz_3669,musicbrainz,discogs,0.9745566845,False,True,True,agreement
discogs_157409,mbrainz_22,musicbrainz,discogs,0.9296369553,False,False,True,plm_check_confident_pos
discogs_157417,mbrainz_10221,musicbrainz,discogs,0.9397884607,False,False,True,plm_check_confident_pos
discogs_157478,mbrainz_5532,musicbrainz,discogs,0.973500967,False,False,True,plm_check_confident_pos
discogs_1577,mbrainz_423,musicbrainz,discogs,1.0,True,True,True,gold
discogs_157747,mbrainz_1160,musicbrainz,discogs,0.9025198817,False,False,True,plm_check_confident_pos
discogs_157891,mbrainz_2719,musicbrainz,discogs,0.9154284,False,False,True,plm_check_confident_pos
discogs_157978,mbrainz_10092,musicbrainz,discogs,0.5725508332,False,False,True,plm_check_llm_yes
discogs_158131,mbrainz_330,musicbrainz,discogs,1.0,True,False,True,gold
discogs_15819,mbrainz_3686,musicbrainz,discogs,1.0,True,True,True,gold
discogs_158227,mbrainz_3271,musicbrainz,discogs,0.9470524788,False,False,True,plm_check_confident_pos
discogs_158438,mbrainz_18544,musicbrainz,discogs,0.9613057971,False,False,True,plm_check_confident_pos
discogs_158438,mbrainz_4109,musicbrainz,discogs,0.9282716512680054,False,False,True,plm_check_confident_pos
discogs_158465,mbrainz_12476,musicbrainz,discogs,0.9727229476,False,False,True,plm_check_confident_pos
discogs_158524,mbrainz_27423,musicbrainz,discogs,0.9664527774,False,True,True,agreement
discogs_15857,mbrainz_3694,musicbrainz,discogs,1.0,True,True,True,gold
discogs_15869,mbrainz_2129,musicbrainz,discogs,1.0,True,True,True,gold
discogs_159,mbrainz_70,musicbrainz,discogs,1.0,True,True,True,gold
discogs_15905,mbrainz_3708,musicbrainz,discogs,1.0,True,True,True,gold
discogs_159177,mbrainz_33460,musicbrainz,discogs,0.9439433217,False,False,True,plm_check_confident_pos
discogs_159377,mbrainz_2457,musicbrainz,discogs,0.8508509994,False,False,True,plm_check_confident_pos
discogs_15939,mbrainz_12777,musicbrainz,discogs,1.0,True,True,True,gold
discogs_15947,mbrainz_1541,musicbrainz,discogs,0.966480732,False,False,True,plm_check_confident_pos
discogs_159484,mbrainz_6947,musicbrainz,discogs,0.9047659636,False,False,True,plm_check_confident_pos
discogs_15955,mbrainz_3718,musicbrainz,discogs,1.0,True,True,True,gold
discogs_15964,mbrainz_3721,musicbrainz,discogs,1.0,True,True,True,gold
discogs_15966,mbrainz_3723,musicbrainz,discogs,0.9733528495,False,True,True,agreement
discogs_15971,mbrainz_3725,musicbrainz,discogs,1.0,True,True,True,gold
discogs_159719,mbrainz_17609,musicbrainz,discogs,0.9730194807,False,False,True,plm_check_confident_pos
discogs_15986,mbrainz_3727,musicbrainz,discogs,1.0,True,True,True,gold
discogs_159888,mbrainz_6502,musicbrainz,discogs,0.9657087922,False,False,True,plm_check_confident_pos
discogs_159949,mbrainz_6490,musicbrainz,discogs,0.973872304,False,False,True,plm_check_confident_pos
discogs_160,mbrainz_71,musicbrainz,discogs,1.0,True,True,True,gold
discogs_1600,mbrainz_430,musicbrainz,discogs,1.0,True,True,True,gold
discogs_16001,mbrainz_3732,musicbrainz,discogs,1.0,True,True,True,gold
discogs_16005,mbrainz_3736,musicbrainz,discogs,1.0,True,True,True,gold
discogs_16062,mbrainz_3743,musicbrainz,discogs,1.0,True,True,True,gold
discogs_160628,mbrainz_5760,musicbrainz,discogs,0.940980494,False,False,True,plm_check_confident_pos
discogs_160913,mbrainz_1852,musicbrainz,discogs,0.8793208003,False,False,True,plm_check_confident_pos
discogs_16093,mbrainz_3746,musicbrainz,discogs,1.0,True,True,True,gold
discogs_161,mbrainz_72,musicbrainz,discogs,1.0,True,True,True,gold
discogs_16103,mbrainz_1314,musicbrainz,discogs,0.9661568999290466,False,False,True,plm_check_confident_pos
discogs_16103,mbrainz_539,musicbrainz,discogs,0.9734020829,False,False,True,plm_check_confident_pos
discogs_161160,mbrainz_10092,musicbrainz,discogs,0.777107656,False,False,True,plm_check_confident_pos
discogs_161188,mbrainz_13860,musicbrainz,discogs,0.9495878816,False,False,True,plm_check_confident_pos
discogs_16131,mbrainz_18926,musicbrainz,discogs,1.0,True,True,True,gold
discogs_16143,mbrainz_3759,musicbrainz,discogs,1.0,True,True,True,gold
discogs_16155,mbrainz_3764,musicbrainz,discogs,1.0,True,True,True,gold
discogs_161633,mbrainz_3734,musicbrainz,discogs,0.9254576564,False,False,True,plm_check_confident_pos
discogs_16164,mbrainz_3768,musicbrainz,discogs,1.0,True,True,True,gold
discogs_16168,mbrainz_3770,musicbrainz,discogs,1.0,True,True,True,gold
discogs_16174,mbrainz_3774,musicbrainz,discogs,1.0,True,True,True,gold
discogs_16188,mbrainz_3776,musicbrainz,discogs,1.0,True,True,True,gold
discogs_161924,mbrainz_27893,musicbrainz,discogs,0.9733558893,False,True,True,agreement
discogs_16197,mbrainz_3693,musicbrainz,discogs,0.7691547870635986,False,False,True,plm_check_confident_pos
discogs_16197,mbrainz_3779,musicbrainz,discogs,0.8424652218818665,False,False,True,plm_check_confident_pos
discogs_16197,mbrainz_3780,musicbrainz,discogs,0.97398597,False,True,True,agreement
discogs_161995,mbrainz_27902,musicbrainz,discogs,1.0,True,True,True,gold
discogs_16205,mbrainz_3782,musicbrainz,discogs,1.0,True,True,True,gold
discogs_162055,mbrainz_4569,musicbrainz,discogs,0.8012755513,False,False,True,plm_check_confident_pos
discogs_16218,mbrainz_3784,musicbrainz,discogs,1.0,True,True,True,gold
discogs_16219,mbrainz_2175,musicbrainz,discogs,1.0,True,True,True,gold
discogs_16242,mbrainz_3793,musicbrainz,discogs,1.0,True,True,True,gold
discogs_16262,mbrainz_3798,musicbrainz,discogs,1.0,True,True,True,gold
discogs_16269,mbrainz_3801,musicbrainz,discogs,1.0,True,True,True,gold
discogs_162702,mbrainz_6207,musicbrainz,discogs,0.9361629486,False,False,True,plm_check_confident_pos
discogs_162715,mbrainz_28026,musicbrainz,discogs,0.9745177627,False,False,True,plm_check_confident_pos
discogs_16286,mbrainz_3804,musicbrainz,discogs,1.0,True,True,True,gold
discogs_16286,mbrainz_3809,musicbrainz,discogs,0.7239249945,False,False,True,plm_check_confident_pos
discogs_16289,mbrainz_3806,musicbrainz,discogs,1.0,True,True,True,gold
discogs_16308,mbrainz_3804,musicbrainz,discogs,0.5932881832,False,False,True,plm_check_llm_yes
discogs_16308,mbrainz_3809,musicbrainz,discogs,1.0,True,True,True,gold
discogs_163183,mbrainz_4178,musicbrainz,discogs,0.947116375,False,False,True,plm_check_confident_pos
discogs_16322,mbrainz_26449,musicbrainz,discogs,0.9426406025886536,False,False,True,plm_check_confident_pos
discogs_16322,mbrainz_3815,musicbrainz,discogs,1.0,True,True,True,gold
discogs_163242,mbrainz_3694,musicbrainz,discogs,0.96474576,False,False,True,plm_check_confident_pos
discogs_163380,mbrainz_28141,musicbrainz,discogs,1.0,True,True,True,gold
discogs_1634,mbrainz_429,musicbrainz,discogs,0.9566394687,False,True,True,agreement
discogs_16342,mbrainz_3820,musicbrainz,discogs,1.0,True,True,True,gold
discogs_1635,mbrainz_435,musicbrainz,discogs,1.0,True,True,True,gold
discogs_16351,mbrainz_3821,musicbrainz,discogs,0.9738958478,False,True,True,agreement
discogs_16359,mbrainz_3823,musicbrainz,discogs,1.0,True,True,True,gold
discogs_1636,mbrainz_436,musicbrainz,discogs,1.0,True,True,True,gold
discogs_163681,mbrainz_5346,musicbrainz,discogs,0.8987082243,False,False,True,plm_check_confident_pos
discogs_16370,mbrainz_3825,musicbrainz,discogs,1.0,True,False,True,gold
discogs_163750,mbrainz_10033,musicbrainz,discogs,1.0,True,False,True,gold
discogs_163812,mbrainz_2365,musicbrainz,discogs,0.9745639563,False,False,True,plm_check_confident_pos
discogs_163812,mbrainz_3544,musicbrainz,discogs,0.9566792845726013,False,False,True,plm_check_confident_pos
discogs_163853,mbrainz_5567,musicbrainz,discogs,0.9736165404,False,False,True,plm_check_confident_pos
discogs_164010,mbrainz_8320,musicbrainz,discogs,0.7229385376,False,False,True,plm_check_confident_pos
discogs_16407,mbrainz_1675,musicbrainz,discogs,1.0,True,False,True,gold
discogs_164179,mbrainz_1179,musicbrainz,discogs,0.9757258892,False,False,True,plm_check_confident_pos
discogs_164286,mbrainz_2185,musicbrainz,discogs,0.9099326134,False,False,True,plm_check_confident_pos
discogs_164351,mbrainz_31367,musicbrainz,discogs,0.927112639,False,False,True,plm_check_confident_pos
discogs_16437,mbrainz_3838,musicbrainz,discogs,1.0,True,True,True,gold
discogs_164396,mbrainz_8057,musicbrainz,discogs,0.9579287767,False,False,True,plm_check_confident_pos
discogs_164542,mbrainz_5002,musicbrainz,discogs,0.97359097,False,False,True,plm_check_confident_pos
discogs_164686,mbrainz_28364,musicbrainz,discogs,1.0,True,True,True,gold
discogs_164699,mbrainz_429,musicbrainz,discogs,0.7560309172,False,False,True,plm_check_confident_pos
discogs_164809,mbrainz_11212,musicbrainz,discogs,1.0,True,False,True,gold
discogs_164861,mbrainz_13703,musicbrainz,discogs,0.9387616515,False,False,True,plm_check_confident_pos
discogs_164866,mbrainz_2650,musicbrainz,discogs,0.9376431108,False,False,True,plm_check_confident_pos
discogs_164916,mbrainz_20479,musicbrainz,discogs,1.0,True,True,True,gold
discogs_1650,mbrainz_437,musicbrainz,discogs,0.9754045606,False,False,True,plm_check_confident_pos
discogs_165185,mbrainz_2690,musicbrainz,discogs,0.9087054729,False,False,True,plm_check_confident_pos
discogs_16530,mbrainz_3860,musicbrainz,discogs,1.0,True,True,True,gold
discogs_165311,mbrainz_3594,musicbrainz,discogs,0.8175923824,False,False,True,plm_check_confident_pos
discogs_165390,mbrainz_1157,musicbrainz,discogs,0.9032204151,False,False,True,plm_check_confident_pos
discogs_165392,mbrainz_2067,musicbrainz,discogs,0.972304225,False,False,True,plm_check_confident_pos
discogs_16548,mbrainz_3866,musicbrainz,discogs,1.0,True,True,True,gold
discogs_165526,mbrainz_28868,musicbrainz,discogs,0.9263272882,False,False,True,plm_check_confident_pos
discogs_165652,mbrainz_24546,musicbrainz,discogs,0.9726513028,False,False,True,plm_check_confident_pos
discogs_16570,mbrainz_3873,musicbrainz,discogs,1.0,True,True,True,gold
discogs_16580,mbrainz_3879,musicbrainz,discogs,0.9740970135,False,True,True,agreement
discogs_165972,mbrainz_28566,musicbrainz,discogs,0.9610629082,False,False,True,plm_check_confident_pos
discogs_165987,mbrainz_2404,musicbrainz,discogs,0.6289399266,False,False,True,plm_check_llm_yes
discogs_166068,mbrainz_28581,musicbrainz,discogs,1.0,True,True,True,gold
discogs_16634,mbrainz_3895,musicbrainz,discogs,1.0,True,True,True,gold
discogs_16635,mbrainz_3896,musicbrainz,discogs,1.0,True,True,True,gold
discogs_166352,mbrainz_28626,musicbrainz,discogs,0.9722380638,False,True,True,agreement
discogs_166382,mbrainz_28629,musicbrainz,discogs,0.973826766,False,True,True,agreement
discogs_1664,mbrainz_1314,musicbrainz,discogs,0.9736964106559753,False,False,True,plm_check_confident_pos
discogs_1664,mbrainz_539,musicbrainz,discogs,0.9739459157,False,False,True,plm_check_confident_pos
discogs_16649,mbrainz_3899,musicbrainz,discogs,1.0,True,True,True,gold
discogs_166523,mbrainz_1897,musicbrainz,discogs,0.9751960039,False,False,True,plm_check_confident_pos
discogs_166533,mbrainz_24494,musicbrainz,discogs,0.9018501639,False,True,True,agreement
discogs_16686,mbrainz_3907,musicbrainz,discogs,1.0,True,True,True,gold
discogs_16687,mbrainz_3857,musicbrainz,discogs,1.0,True,True,True,gold
discogs_167,mbrainz_74,musicbrainz,discogs,1.0,True,True,True,gold
discogs_1670,mbrainz_442,musicbrainz,discogs,0.9686207175,False,True,True,agreement
discogs_16700,mbrainz_854,musicbrainz,discogs,1.0,True,True,True,gold
discogs_16702,mbrainz_3874,musicbrainz,discogs,0.9192844033,False,False,True,plm_check_confident_pos
discogs_16707,mbrainz_3914,musicbrainz,discogs,1.0,True,True,True,gold
discogs_167229,mbrainz_2349,musicbrainz,discogs,0.9716397524,False,False,True,plm_check_confident_pos
discogs_16729,mbrainz_3919,musicbrainz,discogs,0.9735827446,False,True,True,agreement
discogs_167341,mbrainz_28768,musicbrainz,discogs,0.9379695654,False,True,True,agreement
discogs_167366,mbrainz_24298,musicbrainz,discogs,0.9546329379,False,False,True,plm_check_confident_pos
discogs_16739,mbrainz_3924,musicbrainz,discogs,1.0,True,True,True,gold
discogs_16764,mbrainz_3933,musicbrainz,discogs,1.0,True,True,True,gold
discogs_167657,mbrainz_18750,musicbrainz,discogs,0.9111279845,False,False,True,plm_check_confident_pos
discogs_167657,mbrainz_23836,musicbrainz,discogs,0.7128968834877014,False,False,True,plm_check_confident_pos
discogs_167688,mbrainz_7475,musicbrainz,discogs,0.9734342098,False,False,True,plm_check_confident_pos
discogs_167875,mbrainz_1709,musicbrainz,discogs,0.9304453731,False,False,True,plm_check_confident_pos
discogs_168007,mbrainz_20255,musicbrainz,discogs,0.9203918576,False,False,True,plm_check_confident_pos
discogs_16813,mbrainz_25517,musicbrainz,discogs,1.0,True,True,True,gold
discogs_1683,mbrainz_445,musicbrainz,discogs,1.0,True,True,True,gold
discogs_168351,mbrainz_28953,musicbrainz,discogs,0.9660615325,False,True,True,agreement
discogs_168586,mbrainz_2096,musicbrainz,discogs,0.9716345668,False,False,True,plm_check_confident_pos
discogs_168588,mbrainz_29002,musicbrainz,discogs,0.9731248617,False,True,True,agreement
discogs_16863,mbrainz_3945,musicbrainz,discogs,1.0,True,True,True,gold
discogs_168682,mbrainz_22940,musicbrainz,discogs,0.9602285028,False,False,True,plm_check_confident_pos
discogs_168759,mbrainz_29030,musicbrainz,discogs,0.9732369781,False,True,True,agreement
discogs_168814,mbrainz_8151,musicbrainz,discogs,0.973413825,False,False,True,plm_check_confident_pos
discogs_168843,mbrainz_2611,musicbrainz,discogs,0.9585000277,False,False,True,plm_check_confident_pos
discogs_16887,mbrainz_3951,musicbrainz,discogs,1.0,True,True,True,gold
discogs_169100,mbrainz_14306,musicbrainz,discogs,0.9435092807,False,False,True,plm_check_confident_pos
discogs_16925,mbrainz_3961,musicbrainz,discogs,1.0,True,True,True,gold
discogs_169279,mbrainz_196,musicbrainz,discogs,0.937204659,False,False,True,plm_check_confident_pos
discogs_169348,mbrainz_1479,musicbrainz,discogs,0.9736625552,False,False,True,plm_check_confident_pos
discogs_169350,mbrainz_18544,musicbrainz,discogs,0.9237484932,False,False,True,plm_check_confident_pos
discogs_169350,mbrainz_4109,musicbrainz,discogs,0.9517554640769958,False,False,True,plm_check_confident_pos
discogs_169508,mbrainz_29181,musicbrainz,discogs,0.974927783,False,False,True,plm_check_confident_pos
discogs_16958,mbrainz_3967,musicbrainz,discogs,0.9730191231,False,True,True,agreement
discogs_169673,mbrainz_29214,musicbrainz,discogs,0.9080475569,False,False,True,plm_check_confident_pos
discogs_169673,mbrainz_32017,musicbrainz,discogs,0.8907142878,False,False,True,plm_check_confident_pos
discogs_169712,mbrainz_8708,musicbrainz,discogs,0.7555899024,False,False,True,plm_check_confident_pos
discogs_16974,mbrainz_3971,musicbrainz,discogs,1.0,True,True,True,gold
discogs_169761,mbrainz_29232,musicbrainz,discogs,1.0,True,True,True,gold
discogs_16985,mbrainz_3974,musicbrainz,discogs,1.0,True,True,True,gold
discogs_169896,mbrainz_29254,musicbrainz,discogs,1.0,True,True,True,gold
discogs_169903,mbrainz_1160,musicbrainz,discogs,0.9490886331,False,False,True,plm_check_confident_pos
discogs_16995,mbrainz_3979,musicbrainz,discogs,1.0,True,True,True,gold
discogs_17,mbrainz_9,musicbrainz,discogs,1.0,True,True,True,gold
discogs_17008,mbrainz_3980,musicbrainz,discogs,1.0,True,True,True,gold
discogs_17046,mbrainz_3987,musicbrainz,discogs,1.0,True,True,True,gold
discogs_170504,mbrainz_2185,musicbrainz,discogs,0.9752705097,False,False,True,plm_check_confident_pos
discogs_17064,mbrainz_3992,musicbrainz,discogs,1.0,True,True,True,gold
discogs_171,mbrainz_75,musicbrainz,discogs,1.0,True,True,True,gold
discogs_171225,mbrainz_14852,musicbrainz,discogs,0.8671784997,False,False,True,plm_check_confident_pos
discogs_17144,mbrainz_4005,musicbrainz,discogs,1.0,True,True,True,gold
discogs_17149,mbrainz_3734,musicbrainz,discogs,0.9746789932,False,True,True,agreement
discogs_171560,mbrainz_1448,musicbrainz,discogs,0.9519185424,False,False,True,plm_check_confident_pos
discogs_171579,mbrainz_29534,musicbrainz,discogs,0.8777375221,False,False,True,plm_check_confident_pos
discogs_17171,mbrainz_4012,musicbrainz,discogs,1.0,True,True,True,gold
discogs_171740,mbrainz_24578,musicbrainz,discogs,1.0,True,True,True,gold
discogs_171893,mbrainz_1918,musicbrainz,discogs,0.9426014423,False,False,True,plm_check_confident_pos
discogs_17196,mbrainz_4017,musicbrainz,discogs,1.0,True,True,True,gold
discogs_172038,mbrainz_2610,musicbrainz,discogs,1.0,True,False,True,gold
discogs_17217,mbrainz_16773,musicbrainz,discogs,0.8945752382,False,False,True,plm_check_confident_pos
discogs_17217,mbrainz_25550,musicbrainz,discogs,0.7209686040878296,False,False,True,plm_check_confident_pos
discogs_172189,mbrainz_14136,musicbrainz,discogs,0.9751419425,False,False,True,plm_check_confident_pos
discogs_172230,mbrainz_12359,musicbrainz,discogs,0.9152920842,False,False,True,plm_check_confident_pos
discogs_17229,mbrainz_820,musicbrainz,discogs,1.0,True,False,True,gold
discogs_172356,mbrainz_8728,musicbrainz,discogs,0.9515241385,False,False,True,plm_check_confident_pos
discogs_17245,mbrainz_4029,musicbrainz,discogs,1.0,True,True,True,gold
discogs_172500,mbrainz_8708,musicbrainz,discogs,0.8473681808,False,False,True,plm_check_confident_pos
discogs_17258,mbrainz_4034,musicbrainz,discogs,0.9731195569,False,True,True,agreement
discogs_17266,mbrainz_13270,musicbrainz,discogs,1.0,True,True,True,gold
discogs_172880,mbrainz_13911,musicbrainz,discogs,0.9547352195,False,True,True,agreement
discogs_172956,mbrainz_29728,musicbrainz,discogs,0.9415405989,False,False,True,plm_check_confident_pos
discogs_17299,mbrainz_4040,musicbrainz,discogs,1.0,True,True,True,gold
discogs_173,mbrainz_76,musicbrainz,discogs,1.0,True,True,True,gold
discogs_173037,mbrainz_8708,musicbrainz,discogs,0.9131933451,False,False,True,plm_check_confident_pos
discogs_17311,mbrainz_4044,musicbrainz,discogs,1.0,True,True,True,gold
discogs_17316,mbrainz_4046,musicbrainz,discogs,0.9728150964,False,True,True,agreement
discogs_173214,mbrainz_4999,musicbrainz,discogs,1.0,True,False,True,gold
discogs_173409,mbrainz_29794,musicbrainz,discogs,0.9538703561,False,False,True,plm_check_confident_pos
discogs_173488,mbrainz_908,musicbrainz,discogs,0.9398214817,False,False,True,plm_check_confident_pos
discogs_17352,mbrainz_4054,musicbrainz,discogs,1.0,True,True,True,gold
discogs_17365,mbrainz_4059,musicbrainz,discogs,1.0,True,True,True,gold
discogs_173815,mbrainz_4107,musicbrainz,discogs,0.9431836009,False,False,True,plm_check_confident_pos
discogs_17388,mbrainz_4063,musicbrainz,discogs,0.8747947216,False,False,True,plm_check_confident_pos
discogs_17393,mbrainz_4065,musicbrainz,discogs,1.0,True,True,True,gold
discogs_17404,mbrainz_4066,musicbrainz,discogs,1.0,True,True,True,gold
discogs_174064,mbrainz_12359,musicbrainz,discogs,0.9742559791,False,False,True,plm_check_confident_pos
discogs_174089,mbrainz_7467,musicbrainz,discogs,1.0,True,True,True,gold
discogs_1742,mbrainz_455,musicbrainz,discogs,1.0,True,True,True,gold
discogs_174314,mbrainz_29929,musicbrainz,discogs,0.749052465,False,False,True,plm_check_confident_pos
discogs_17434,mbrainz_4073,musicbrainz,discogs,0.9735799432,False,True,True,agreement
discogs_174437,mbrainz_1054,musicbrainz,discogs,0.9753907323,False,True,True,agreement
discogs_174537,mbrainz_10944,musicbrainz,discogs,1.0,True,False,True,gold
discogs_174537,mbrainz_12374,musicbrainz,discogs,0.8030036092,False,False,True,plm_check_confident_pos
discogs_174538,mbrainz_10944,musicbrainz,discogs,0.9740701318,False,False,True,plm_check_confident_pos
discogs_174538,mbrainz_12374,musicbrainz,discogs,0.8027019501,False,False,True,plm_check_confident_pos
discogs_17464,mbrainz_4081,musicbrainz,discogs,0.9733159542,False,True,True,agreement
discogs_174884,mbrainz_30023,musicbrainz,discogs,1.0,True,True,True,gold
discogs_174912,mbrainz_437,musicbrainz,discogs,0.974311769,False,True,True,agreement
discogs_17493,mbrainz_4090,musicbrainz,discogs,1.0,True,True,True,gold
discogs_17500,mbrainz_4091,musicbrainz,discogs,0.9739306569,False,True,True,agreement
discogs_175031,mbrainz_8680,musicbrainz,discogs,0.9448028803,False,False,True,plm_check_confident_pos
discogs_17509,mbrainz_4093,musicbrainz,discogs,1.0,True,True,True,gold
discogs_175166,mbrainz_151,musicbrainz,discogs,0.9746685624,False,False,True,plm_check_confident_pos
discogs_17549,mbrainz_3503,musicbrainz,discogs,1.0,True,True,True,gold
discogs_175499,mbrainz_30085,musicbrainz,discogs,0.9746505618,False,False,True,plm_check_confident_pos
discogs_17553,mbrainz_4104,musicbrainz,discogs,1.0,True,True,True,gold
discogs_17556,mbrainz_4105,musicbrainz,discogs,0.9736527801,False,True,True,agreement
discogs_175578,mbrainz_21428,musicbrainz,discogs,0.9746859074,False,False,True,plm_check_confident_pos
discogs_175591,mbrainz_2387,musicbrainz,discogs,0.9541012645,False,False,True,plm_check_confident_pos
discogs_17560,mbrainz_386,musicbrainz,discogs,1.0,True,True,True,gold
discogs_175607,mbrainz_30104,musicbrainz,discogs,0.9549377561,False,False,True,plm_check_confident_pos
discogs_17565,mbrainz_4110,musicbrainz,discogs,1.0,True,True,True,gold
discogs_17592,mbrainz_4116,musicbrainz,discogs,1.0,True,True,True,gold
discogs_176,mbrainz_77,musicbrainz,discogs,1.0,True,True,True,gold
discogs_176018,mbrainz_30429,musicbrainz,discogs,0.8293936253,False,False,True,plm_check_confident_pos
discogs_176234,mbrainz_14852,musicbrainz,discogs,0.8811215758,False,False,True,plm_check_confident_pos
discogs_176415,mbrainz_2335,musicbrainz,discogs,0.9450187087,False,False,True,plm_check_confident_pos
discogs_176452,mbrainz_30257,musicbrainz,discogs,0.9720491171,False,True,True,agreement
discogs_1765,mbrainz_378,musicbrainz,discogs,0.9734617472,False,False,True,plm_check_confident_pos
discogs_17656,mbrainz_4126,musicbrainz,discogs,1.0,True,True,True,gold
discogs_176640,mbrainz_8423,musicbrainz,discogs,0.9322482944,False,False,True,plm_check_confident_pos
discogs_176644,mbrainz_23213,musicbrainz,discogs,0.8357170224,False,False,True,plm_check_confident_pos
discogs_17690,mbrainz_4130,musicbrainz,discogs,1.0,True,True,True,gold
discogs_176903,mbrainz_30337,musicbrainz,discogs,0.9736351967,False,True,True,agreement
discogs_17698,mbrainz_4134,musicbrainz,discogs,1.0,True,False,True,gold
discogs_177,mbrainz_78,musicbrainz,discogs,0.9731147289,False,True,True,agreement
discogs_177028,mbrainz_6828,musicbrainz,discogs,0.9334652424,False,False,True,plm_check_confident_pos
discogs_177088,mbrainz_7650,musicbrainz,discogs,0.975794971,False,True,True,agreement
discogs_17709,mbrainz_4139,musicbrainz,discogs,1.0,True,True,True,gold
discogs_17716,mbrainz_4141,musicbrainz,discogs,0.9754285216,False,True,True,agreement
discogs_177633,mbrainz_6117,musicbrainz,discogs,0.9737082124,False,False,True,plm_check_confident_pos
discogs_17777,mbrainz_2224,musicbrainz,discogs,1.0,True,False,True,gold
discogs_177808,mbrainz_30469,musicbrainz,discogs,0.9673963189,False,False,True,plm_check_confident_pos
discogs_17790,mbrainz_4154,musicbrainz,discogs,1.0,True,True,True,gold
discogs_177937,mbrainz_25570,musicbrainz,discogs,0.9563047886,False,False,True,plm_check_confident_pos
discogs_178,mbrainz_6190,musicbrainz,discogs,1.0,True,True,True,gold
discogs_17818,mbrainz_4158,musicbrainz,discogs,1.0,True,True,True,gold
discogs_17834,mbrainz_4163,musicbrainz,discogs,1.0,True,True,True,gold
discogs_178473,mbrainz_1448,musicbrainz,discogs,0.9736012816,False,False,True,plm_check_confident_pos
discogs_178610,mbrainz_5725,musicbrainz,discogs,0.8544896841,False,False,True,plm_check_confident_pos
discogs_178646,mbrainz_30588,musicbrainz,discogs,0.970162034,False,True,True,agreement
discogs_17869,mbrainz_4170,musicbrainz,discogs,1.0,True,True,True,gold
discogs_17874,mbrainz_4172,musicbrainz,discogs,1.0,True,True,True,gold
discogs_17875,mbrainz_4173,musicbrainz,discogs,1.0,True,True,True,gold
discogs_178925,mbrainz_4786,musicbrainz,discogs,0.8599594831,False,False,True,plm_check_confident_pos
discogs_178966,mbrainz_30648,musicbrainz,discogs,0.8864194155,False,False,True,plm_check_confident_pos
discogs_179000,mbrainz_2457,musicbrainz,discogs,0.9532589316,False,False,True,plm_check_confident_pos
discogs_17915,mbrainz_4185,musicbrainz,discogs,1.0,True,True,True,gold
discogs_179222,mbrainz_3014,musicbrainz,discogs,0.80265873670578,False,False,True,plm_check_confident_pos
discogs_179222,mbrainz_5050,musicbrainz,discogs,0.893232584,False,True,True,agreement
discogs_179222,mbrainz_6774,musicbrainz,discogs,0.9229937196,False,False,True,plm_check_confident_pos
discogs_179391,mbrainz_4569,musicbrainz,discogs,0.7802117467,False,False,True,plm_check_confident_pos
discogs_17965,mbrainz_4197,musicbrainz,discogs,1.0,True,False,True,gold
discogs_17986,mbrainz_2398,musicbrainz,discogs,0.9649649262,False,False,True,plm_check_confident_pos
discogs_1799,mbrainz_469,musicbrainz,discogs,1.0,True,True,True,gold
discogs_180,mbrainz_79,musicbrainz,discogs,1.0,True,True,True,gold
discogs_180004,mbrainz_5516,musicbrainz,discogs,0.9755502343,False,False,True,plm_check_confident_pos
discogs_18003,mbrainz_4206,musicbrainz,discogs,1.0,True,True,True,gold
discogs_18013,mbrainz_4211,musicbrainz,discogs,1.0,True,True,True,gold
discogs_180273,mbrainz_30861,musicbrainz,discogs,0.9733991623,False,True,True,agreement
discogs_1804,mbrainz_471,musicbrainz,discogs,1.0,True,True,True,gold
discogs_18047,mbrainz_4223,musicbrainz,discogs,1.0,True,True,True,gold
discogs_18053,mbrainz_4226,musicbrainz,discogs,0.9728574157,False,True,True,agreement
discogs_18077,mbrainz_4231,musicbrainz,discogs,1.0,True,True,True,gold
discogs_180856,mbrainz_3092,musicbrainz,discogs,0.9348921776,False,False,True,plm_check_confident_pos
discogs_180909,mbrainz_18893,musicbrainz,discogs,0.9366534352,False,False,True,plm_check_confident_pos
discogs_18098,mbrainz_4237,musicbrainz,discogs,1.0,True,True,True,gold
discogs_181092,mbrainz_30997,musicbrainz,discogs,1.0,True,True,True,gold
discogs_181281,mbrainz_31032,musicbrainz,discogs,0.9133919477,False,False,True,plm_check_confident_pos
discogs_181299,mbrainz_1982,musicbrainz,discogs,0.9679047465,False,False,True,plm_check_confident_pos
discogs_181422,mbrainz_31064,musicbrainz,discogs,0.9716969132,False,True,True,agreement
discogs_18145,mbrainz_4250,musicbrainz,discogs,1.0,True,True,True,gold
discogs_1817,mbrainz_475,musicbrainz,discogs,1.0,True,True,True,gold
discogs_181810,mbrainz_29355,musicbrainz,discogs,1.0,True,True,True,gold
discogs_181820,mbrainz_6826,musicbrainz,discogs,0.9702305794,False,False,True,plm_check_confident_pos
discogs_181892,mbrainz_31125,musicbrainz,discogs,0.9754692316,False,True,True,agreement
discogs_1819,mbrainz_477,musicbrainz,discogs,1.0,True,True,True,gold
discogs_182227,mbrainz_12085,musicbrainz,discogs,0.9743123055,False,False,True,plm_check_confident_pos
discogs_182267,mbrainz_8082,musicbrainz,discogs,0.8467095494,False,False,True,plm_check_confident_pos
discogs_18229,mbrainz_4265,musicbrainz,discogs,1.0,True,True,True,gold
discogs_18235,mbrainz_4266,musicbrainz,discogs,1.0,True,True,True,gold
discogs_1825,mbrainz_478,musicbrainz,discogs,1.0,True,True,True,gold
discogs_18263,mbrainz_3563,musicbrainz,discogs,1.0,True,True,True,gold
discogs_18290,mbrainz_4278,musicbrainz,discogs,1.0,True,True,True,gold
discogs_182925,mbrainz_31324,musicbrainz,discogs,0.9744015336,False,False,True,plm_check_confident_pos
discogs_182972,mbrainz_21414,musicbrainz,discogs,0.9270970821,False,False,True,plm_check_confident_pos
discogs_18298,mbrainz_4279,musicbrainz,discogs,0.9744802713,False,True,True,agreement
discogs_183013,mbrainz_1653,musicbrainz,discogs,0.9649347067,False,False,True,plm_check_confident_pos
discogs_183149,mbrainz_3651,musicbrainz,discogs,0.777624011,False,False,True,plm_check_confident_pos
discogs_183539,mbrainz_17179,musicbrainz,discogs,0.9205484986,False,False,True,plm_check_confident_pos
discogs_183590,mbrainz_31436,musicbrainz,discogs,0.9529144764,False,True,True,agreement
discogs_18360,mbrainz_2503,musicbrainz,discogs,1.0,True,True,True,gold
discogs_183673,mbrainz_31451,musicbrainz,discogs,0.965678215,False,False,True,plm_check_confident_pos
discogs_18378,mbrainz_4296,musicbrainz,discogs,1.0,True,True,True,gold
discogs_18384,mbrainz_4297,musicbrainz,discogs,1.0,True,True,True,gold
discogs_183859,mbrainz_10092,musicbrainz,discogs,0.8569068909,False,False,True,plm_check_confident_pos
discogs_183859,mbrainz_32294,musicbrainz,discogs,0.7114352583885193,False,False,True,plm_check_confident_pos
discogs_183950,mbrainz_13138,musicbrainz,discogs,0.9560315609,False,False,True,plm_check_confident_pos
discogs_184372,mbrainz_6117,musicbrainz,discogs,0.8699520826,False,False,True,plm_check_confident_pos
discogs_18445,mbrainz_4311,musicbrainz,discogs,1.0,True,True,True,gold
discogs_184489,mbrainz_14165,musicbrainz,discogs,0.9703008533,False,False,True,plm_check_confident_pos
discogs_184582,mbrainz_10092,musicbrainz,discogs,0.6226917505,False,False,True,plm_check_llm_yes
discogs_18461,mbrainz_4317,musicbrainz,discogs,1.0,True,True,True,gold
discogs_18462,mbrainz_1600,musicbrainz,discogs,1.0,True,True,True,gold
discogs_184703,mbrainz_31064,musicbrainz,discogs,1.0,True,False,True,gold
discogs_18484,mbrainz_4325,musicbrainz,discogs,1.0,True,True,True,gold
discogs_18486,mbrainz_4327,musicbrainz,discogs,1.0,True,True,True,gold
discogs_18489,mbrainz_4330,musicbrainz,discogs,1.0,True,True,True,gold
discogs_18491,mbrainz_2863,musicbrainz,discogs,1.0,True,True,True,gold
discogs_184979,mbrainz_31666,musicbrainz,discogs,0.9729660749,False,True,True,agreement
discogs_18500,mbrainz_516,musicbrainz,discogs,1.0,True,True,True,gold
discogs_18528,mbrainz_4339,musicbrainz,discogs,0.973714292,False,False,True,plm_check_confident_pos
discogs_18531,mbrainz_4340,musicbrainz,discogs,1.0,True,True,True,gold
discogs_18532,mbrainz_4341,musicbrainz,discogs,1.0,True,True,True,gold
discogs_185594,mbrainz_2224,musicbrainz,discogs,0.9636638165,False,False,True,plm_check_confident_pos
discogs_18570,mbrainz_1762,musicbrainz,discogs,1.0,True,True,True,gold
discogs_185856,mbrainz_31744,musicbrainz,discogs,0.9401589632,False,False,True,plm_check_confident_pos
discogs_18586,mbrainz_4356,musicbrainz,discogs,1.0,True,True,True,gold
discogs_186,mbrainz_80,musicbrainz,discogs,1.0,True,True,True,gold
discogs_186066,mbrainz_3503,musicbrainz,discogs,0.8654918075,False,False,True,plm_check_confident_pos
discogs_1862,mbrainz_899,musicbrainz,discogs,0.9733077884,False,False,True,plm_check_confident_pos
discogs_18641,mbrainz_4363,musicbrainz,discogs,1.0,True,True,True,gold
discogs_186566,mbrainz_31892,musicbrainz,discogs,0.848331511,False,False,True,plm_check_confident_pos
discogs_18675,mbrainz_3655,musicbrainz,discogs,1.0,True,True,True,gold
discogs_18677,mbrainz_2272,musicbrainz,discogs,1.0,True,False,True,gold
discogs_18681,mbrainz_4374,musicbrainz,discogs,1.0,True,True,True,gold
discogs_18696,mbrainz_4376,musicbrainz,discogs,1.0,True,True,True,gold
discogs_187181,mbrainz_873,musicbrainz,discogs,0.8797097802,False,False,True,plm_check_confident_pos
discogs_18730,mbrainz_4385,musicbrainz,discogs,1.0,True,True,True,gold
discogs_187353,mbrainz_10455,musicbrainz,discogs,0.9057617188,False,False,True,plm_check_confident_pos
discogs_187388,mbrainz_12839,musicbrainz,discogs,0.973942101,False,False,True,plm_check_confident_pos
discogs_18755,mbrainz_4390,musicbrainz,discogs,1.0,True,True,True,gold
discogs_18765,mbrainz_4392,musicbrainz,discogs,1.0,True,True,True,gold
discogs_187659,mbrainz_2482,musicbrainz,discogs,0.9746642709,False,False,True,plm_check_confident_pos
discogs_187705,mbrainz_14952,musicbrainz,discogs,0.9398537278,False,False,True,plm_check_confident_pos
discogs_187936,mbrainz_2835,musicbrainz,discogs,0.9043517113,False,False,True,plm_check_confident_pos
discogs_18797,mbrainz_4401,musicbrainz,discogs,0.9672070742,False,True,True,agreement
discogs_188,mbrainz_81,musicbrainz,discogs,0.9730196595,False,True,True,agreement
discogs_188031,mbrainz_3010,musicbrainz,discogs,0.8895710707,False,False,True,plm_check_confident_pos
discogs_188150,mbrainz_10115,musicbrainz,discogs,0.8636770248,False,False,True,plm_check_confident_pos
discogs_188345,mbrainz_6947,musicbrainz,discogs,0.9425404072,False,False,True,plm_check_confident_pos
discogs_18850,mbrainz_4411,musicbrainz,discogs,1.0,True,True,True,gold
discogs_18850,mbrainz_6737,musicbrainz,discogs,0.6167665124,False,False,True,plm_check_llm_yes
discogs_18868,mbrainz_1092,musicbrainz,discogs,0.9751812816,False,False,True,plm_check_confident_pos
discogs_18875,mbrainz_4415,musicbrainz,discogs,1.0,True,True,True,gold
discogs_188781,mbrainz_2132,musicbrainz,discogs,0.9732354283,False,False,True,plm_check_confident_pos
discogs_189,mbrainz_82,musicbrainz,discogs,1.0,True,True,True,gold
discogs_189,mbrainz_92,musicbrainz,discogs,0.975489378,False,False,True,plm_check_confident_pos
discogs_18901,mbrainz_4421,musicbrainz,discogs,1.0,True,True,True,gold
discogs_18909,mbrainz_1233,musicbrainz,discogs,1.0,True,True,True,gold
discogs_18931,mbrainz_4433,musicbrainz,discogs,1.0,True,True,True,gold
discogs_189451,mbrainz_2132,musicbrainz,discogs,0.9727597237,False,False,True,plm_check_confident_pos
discogs_189613,mbrainz_22462,musicbrainz,discogs,0.9200556874275208,False,False,True,plm_check_confident_pos
discogs_189613,mbrainz_9446,musicbrainz,discogs,0.9549714923,False,False,True,plm_check_confident_pos
discogs_189743,mbrainz_32425,musicbrainz,discogs,0.9650853872,False,True,True,agreement
discogs_18981,mbrainz_3192,musicbrainz,discogs,1.0,True,True,True,gold
discogs_18983,mbrainz_4445,musicbrainz,discogs,1.0,True,True,True,gold
discogs_18986,mbrainz_4447,musicbrainz,discogs,1.0,True,True,True,gold
discogs_189937,mbrainz_8708,musicbrainz,discogs,0.8349354267,False,False,True,plm_check_confident_pos
discogs_19005,mbrainz_2673,musicbrainz,discogs,1.0,True,True,True,gold
discogs_19022,mbrainz_1432,musicbrainz,discogs,0.9735392332,False,False,True,plm_check_confident_pos
discogs_19027,mbrainz_4460,musicbrainz,discogs,1.0,True,True,True,gold
discogs_190299,mbrainz_4921,musicbrainz,discogs,0.9733803868,False,False,True,plm_check_confident_pos
discogs_190445,mbrainz_29794,musicbrainz,discogs,0.9212834239,False,False,True,plm_check_confident_pos
discogs_190645,mbrainz_742,musicbrainz,discogs,0.8468899131,False,False,True,plm_check_confident_pos
discogs_190923,mbrainz_3337,musicbrainz,discogs,0.9583142996,False,False,True,plm_check_confident_pos
discogs_19104,mbrainz_4480,musicbrainz,discogs,1.0,True,True,True,gold
discogs_191099,mbrainz_32644,musicbrainz,discogs,1.0,True,True,True,gold
discogs_1912,mbrainz_487,musicbrainz,discogs,1.0,True,True,True,gold
discogs_19120,mbrainz_4489,musicbrainz,discogs,1.0,True,True,True,gold
discogs_1913,mbrainz_488,musicbrainz,discogs,1.0,True,True,True,gold
discogs_191440,mbrainz_12240,musicbrainz,discogs,0.8075840473,False,False,True,plm_check_confident_pos
discogs_19148,mbrainz_4492,musicbrainz,discogs,1.0,True,True,True,gold
discogs_191632,mbrainz_20809,musicbrainz,discogs,0.9736161828,False,False,True,plm_check_confident_pos
discogs_191649,mbrainz_20507,musicbrainz,discogs,0.8493309021,False,False,True,plm_check_confident_pos
discogs_191675,mbrainz_429,musicbrainz,discogs,0.950838685,False,False,True,plm_check_confident_pos
discogs_19176,mbrainz_4495,musicbrainz,discogs,1.0,True,True,True,gold
discogs_19183,mbrainz_4498,musicbrainz,discogs,1.0,True,True,True,gold
discogs_19184,mbrainz_4499,musicbrainz,discogs,1.0,True,True,True,gold
discogs_191949,mbrainz_1631,musicbrainz,discogs,0.9634692669,False,False,True,plm_check_confident_pos
discogs_192,mbrainz_83,musicbrainz,discogs,1.0,True,True,True,gold
discogs_1920,mbrainz_489,musicbrainz,discogs,1.0,True,True,True,gold
discogs_192117,mbrainz_31188,musicbrainz,discogs,0.950042367,False,False,True,plm_check_confident_pos
discogs_19221,mbrainz_1606,musicbrainz,discogs,1.0,True,True,True,gold
discogs_19227,mbrainz_4506,musicbrainz,discogs,1.0,True,True,True,gold
discogs_19246,mbrainz_1674,musicbrainz,discogs,1.0,True,True,True,gold
discogs_19255,mbrainz_4513,musicbrainz,discogs,1.0,True,True,True,gold
discogs_19258,mbrainz_1918,musicbrainz,discogs,1.0,True,False,True,gold
discogs_192740,mbrainz_32944,musicbrainz,discogs,0.9734059572,False,True,True,agreement
discogs_192775,mbrainz_31188,musicbrainz,discogs,0.7169032097,False,False,True,plm_check_confident_pos
discogs_192849,mbrainz_1160,musicbrainz,discogs,0.80947119,False,False,True,plm_check_confident_pos
discogs_193004,mbrainz_32988,musicbrainz,discogs,0.9744720459,False,True,True,agreement
discogs_19315,mbrainz_4527,musicbrainz,discogs,1.0,True,True,True,gold
discogs_193163,mbrainz_3337,musicbrainz,discogs,1.0,True,False,True,gold
discogs_19330,mbrainz_4531,musicbrainz,discogs,1.0,True,True,True,gold
discogs_19339,mbrainz_4533,musicbrainz,discogs,1.0,True,True,True,gold
discogs_193459,mbrainz_1783,musicbrainz,discogs,0.9268494844,False,False,True,plm_check_confident_pos
discogs_193550,mbrainz_124,musicbrainz,discogs,0.9346925616,False,True,True,agreement
discogs_19357,mbrainz_4535,musicbrainz,discogs,1.0,True,True,True,gold
discogs_193712,mbrainz_33103,musicbrainz,discogs,0.9748417735,False,True,True,agreement
discogs_194,mbrainz_85,musicbrainz,discogs,0.9731411338,False,True,True,agreement
discogs_19400,mbrainz_4543,musicbrainz,discogs,1.0,True,True,True,gold
discogs_19405,mbrainz_4544,musicbrainz,discogs,1.0,True,False,True,gold
discogs_19411,mbrainz_4547,musicbrainz,discogs,1.0,True,True,True,gold
discogs_19414,mbrainz_4548,musicbrainz,discogs,1.0,True,True,True,gold
discogs_19417,mbrainz_4549,musicbrainz,discogs,1.0,True,True,True,gold
discogs_19426,mbrainz_4551,musicbrainz,discogs,1.0,True,True,True,gold
discogs_19427,mbrainz_4551,musicbrainz,discogs,0.9491387606,False,False,True,plm_check_confident_pos
discogs_19435,mbrainz_4556,musicbrainz,discogs,1.0,True,True,True,gold
discogs_19454,mbrainz_4564,musicbrainz,discogs,1.0,True,True,True,gold
discogs_19470,mbrainz_4571,musicbrainz,discogs,1.0,True,True,True,gold
discogs_19472,mbrainz_694,musicbrainz,discogs,1.0,True,True,True,gold
discogs_194818,mbrainz_2404,musicbrainz,discogs,0.6716695428,False,False,True,plm_check_llm_yes
discogs_195089,mbrainz_23545,musicbrainz,discogs,0.9728958011,False,False,True,plm_check_confident_pos
discogs_19510,mbrainz_4578,musicbrainz,discogs,1.0,True,True,True,gold
discogs_195103,mbrainz_33344,musicbrainz,discogs,0.9732815027,False,True,True,agreement
discogs_19520,mbrainz_4579,musicbrainz,discogs,1.0,True,True,True,gold
discogs_19535,mbrainz_4581,musicbrainz,discogs,1.0,True,True,True,gold
discogs_19556,mbrainz_20423,musicbrainz,discogs,1.0,True,True,True,gold
discogs_195582,mbrainz_12359,musicbrainz,discogs,0.9448859692,False,False,True,plm_check_confident_pos
discogs_19560,mbrainz_4590,musicbrainz,discogs,1.0,True,True,True,gold
discogs_19561,mbrainz_4592,musicbrainz,discogs,1.0,True,True,True,gold
discogs_195613,mbrainz_33433,musicbrainz,discogs,0.9577262998,False,True,True,agreement
discogs_195675,mbrainz_3238,musicbrainz,discogs,0.9211186171,False,False,True,plm_check_confident_pos
discogs_195691,mbrainz_1954,musicbrainz,discogs,0.9449967742,False,False,True,plm_check_confident_pos
discogs_19585,mbrainz_4595,musicbrainz,discogs,1.0,True,True,True,gold
discogs_196,mbrainz_86,musicbrainz,discogs,1.0,True,True,True,gold
discogs_196004,mbrainz_8287,musicbrainz,discogs,0.9638774395,False,False,True,plm_check_confident_pos
discogs_19604,mbrainz_4598,musicbrainz,discogs,1.0,True,True,True,gold
discogs_19605,mbrainz_4599,musicbrainz,discogs,1.0,True,True,True,gold
discogs_196116,mbrainz_1672,musicbrainz,discogs,0.8494895101,False,False,True,plm_check_confident_pos
discogs_19634,mbrainz_4608,musicbrainz,discogs,1.0,True,True,True,gold
discogs_196481,mbrainz_742,musicbrainz,discogs,0.9508337379,False,False,True,plm_check_confident_pos
discogs_1965,mbrainz_493,musicbrainz,discogs,1.0,True,True,True,gold
discogs_19653,mbrainz_4611,musicbrainz,discogs,1.0,True,True,True,gold
discogs_196553,mbrainz_943,musicbrainz,discogs,0.8119663,False,False,True,plm_check_confident_pos
discogs_196644,mbrainz_14661,musicbrainz,discogs,0.7712692618,False,False,True,plm_check_confident_pos
discogs_19670,mbrainz_4615,musicbrainz,discogs,1.0,True,True,True,gold
discogs_196709,mbrainz_2750,musicbrainz,discogs,0.92423141,False,False,True,plm_check_confident_pos
discogs_196709,mbrainz_6312,musicbrainz,discogs,0.93979811668396,False,False,True,plm_check_confident_pos
discogs_197,mbrainz_87,musicbrainz,discogs,1.0,True,True,True,gold
discogs_19732,mbrainz_4627,musicbrainz,discogs,1.0,True,True,True,gold
discogs_197574,mbrainz_20507,musicbrainz,discogs,0.8948915601,False,False,True,plm_check_confident_pos
discogs_197640,mbrainz_2503,musicbrainz,discogs,0.9728445411,False,False,True,plm_check_confident_pos
discogs_198,mbrainz_634,musicbrainz,discogs,1.0,True,False,True,gold
discogs_19801,mbrainz_4641,musicbrainz,discogs,1.0,True,True,True,gold
discogs_19822,mbrainz_4644,musicbrainz,discogs,1.0,True,True,True,gold
discogs_19833,mbrainz_4601,musicbrainz,discogs,1.0,True,True,True,gold
discogs_1985,mbrainz_5766,musicbrainz,discogs,1.0,True,True,True,gold
discogs_199,mbrainz_88,musicbrainz,discogs,1.0,True,True,True,gold
discogs_19909,mbrainz_4662,musicbrainz,discogs,1.0,True,True,True,gold
discogs_1992,mbrainz_495,musicbrainz,discogs,1.0,True,True,True,gold
discogs_19936,mbrainz_4667,musicbrainz,discogs,1.0,True,True,True,gold
discogs_1997,mbrainz_498,musicbrainz,discogs,1.0,True,True,True,gold
discogs_19986,mbrainz_1362,musicbrainz,discogs,1.0,True,True,True,gold
discogs_20019,mbrainz_4683,musicbrainz,discogs,1.0,True,True,True,gold
discogs_20081,mbrainz_4694,musicbrainz,discogs,0.8963967562,False,False,True,plm_check_confident_pos
discogs_201,mbrainz_89,musicbrainz,discogs,1.0,True,True,True,gold
discogs_20115,mbrainz_4700,musicbrainz,discogs,1.0,True,True,True,gold
discogs_2014,mbrainz_459,musicbrainz,discogs,1.0,True,True,True,gold
discogs_202,mbrainz_90,musicbrainz,discogs,1.0,True,True,True,gold
discogs_203,mbrainz_91,musicbrainz,discogs,1.0,True,True,True,gold
discogs_20315,mbrainz_4745,musicbrainz,discogs,1.0,True,True,True,gold
discogs_20329,mbrainz_4749,musicbrainz,discogs,1.0,True,True,True,gold
discogs_20352,mbrainz_4758,musicbrainz,discogs,1.0,True,True,True,gold
discogs_20405,mbrainz_908,musicbrainz,discogs,1.0,True,True,True,gold
discogs_20414,mbrainz_4771,musicbrainz,discogs,1.0,True,True,True,gold
discogs_20465,mbrainz_4779,musicbrainz,discogs,1.0,True,True,True,gold
discogs_20468,mbrainz_1867,musicbrainz,discogs,0.9741898179,False,True,True,agreement
discogs_20472,mbrainz_386,musicbrainz,discogs,0.9459736943,False,False,True,plm_check_confident_pos
discogs_20479,mbrainz_4786,musicbrainz,discogs,1.0,True,True,True,gold
discogs_20506,mbrainz_17920,musicbrainz,discogs,1.0,True,True,True,gold
discogs_20607,mbrainz_4804,musicbrainz,discogs,1.0,True,True,True,gold
discogs_20617,mbrainz_8708,musicbrainz,discogs,0.8291908503,False,False,True,plm_check_confident_pos
discogs_20633,mbrainz_4809,musicbrainz,discogs,1.0,True,True,True,gold
discogs_2064,mbrainz_1065,musicbrainz,discogs,0.9361370206,False,False,True,plm_check_confident_pos
discogs_2064,mbrainz_502,musicbrainz,discogs,1.0,True,True,True,gold
discogs_20643,mbrainz_4811,musicbrainz,discogs,1.0,True,True,True,gold
discogs_20646,mbrainz_4812,musicbrainz,discogs,1.0,True,True,True,gold
discogs_20669,mbrainz_4818,musicbrainz,discogs,0.9730798602,False,True,True,agreement
discogs_20715,mbrainz_4826,musicbrainz,discogs,1.0,True,True,True,gold
discogs_2074,mbrainz_505,musicbrainz,discogs,1.0,True,True,True,gold
discogs_20810,mbrainz_4846,musicbrainz,discogs,1.0,True,True,True,gold
discogs_20831,mbrainz_4850,musicbrainz,discogs,1.0,True,True,True,gold
discogs_20842,mbrainz_4854,musicbrainz,discogs,1.0,True,True,True,gold
discogs_20865,mbrainz_1479,musicbrainz,discogs,1.0,True,True,True,gold
discogs_20894,mbrainz_4145,musicbrainz,discogs,0.9732109308,False,True,True,agreement
discogs_209,mbrainz_82,musicbrainz,discogs,0.9746934772,False,False,True,plm_check_confident_pos
discogs_209,mbrainz_92,musicbrainz,discogs,0.9731596708,False,True,True,agreement
discogs_2091,mbrainz_509,musicbrainz,discogs,0.9729425907,False,True,True,agreement
discogs_21,mbrainz_10,musicbrainz,discogs,1.0,True,True,True,gold
discogs_21003,mbrainz_4892,musicbrainz,discogs,1.0,True,True,True,gold
discogs_21012,mbrainz_4894,musicbrainz,discogs,1.0,True,True,True,gold
discogs_2102,mbrainz_512,musicbrainz,discogs,1.0,True,True,True,gold
discogs_21065,mbrainz_4904,musicbrainz,discogs,1.0,True,True,True,gold
discogs_211,mbrainz_93,musicbrainz,discogs,1.0,True,True,True,gold
discogs_21112,mbrainz_4912,musicbrainz,discogs,1.0,True,True,True,gold
discogs_21118,mbrainz_2638,musicbrainz,discogs,0.913603425,False,False,True,plm_check_confident_pos
discogs_21136,mbrainz_4919,musicbrainz,discogs,1.0,True,True,True,gold
discogs_21157,mbrainz_3386,musicbrainz,discogs,1.0,True,False,True,gold
discogs_212,mbrainz_94,musicbrainz,discogs,1.0,True,True,True,gold
discogs_21242,mbrainz_4027,musicbrainz,discogs,1.0,True,True,True,gold
discogs_21264,mbrainz_3735,musicbrainz,discogs,1.0,True,True,True,gold
discogs_2131,mbrainz_61,musicbrainz,discogs,1.0,True,True,True,gold
discogs_21313,mbrainz_4965,musicbrainz,discogs,1.0,True,True,True,gold
discogs_21329,mbrainz_4966,musicbrainz,discogs,0.9710876942,False,False,True,plm_check_confident_pos
discogs_21354,mbrainz_4977,musicbrainz,discogs,1.0,True,True,True,gold
discogs_21358,mbrainz_4979,musicbrainz,discogs,0.9728950858,False,True,True,agreement
discogs_21401,mbrainz_4985,musicbrainz,discogs,1.0,True,True,True,gold
discogs_21468,mbrainz_5000,musicbrainz,discogs,1.0,True,True,True,gold
discogs_21474,mbrainz_5002,musicbrainz,discogs,1.0,True,True,True,gold
discogs_21511,mbrainz_1835,musicbrainz,discogs,0.936596334,False,False,True,plm_check_confident_pos
discogs_21532,mbrainz_5009,musicbrainz,discogs,1.0,True,True,True,gold
discogs_21545,mbrainz_1092,musicbrainz,discogs,1.0,True,True,True,gold
discogs_21565,mbrainz_5019,musicbrainz,discogs,1.0,True,True,True,gold
discogs_21581,mbrainz_5022,musicbrainz,discogs,1.0,True,True,True,gold
discogs_216,mbrainz_95,musicbrainz,discogs,1.0,True,True,True,gold
discogs_21616,mbrainz_3451,musicbrainz,discogs,1.0,True,True,True,gold
discogs_21640,mbrainz_5038,musicbrainz,discogs,1.0,True,True,True,gold
discogs_21648,mbrainz_5040,musicbrainz,discogs,1.0,True,True,True,gold
discogs_21658,mbrainz_5043,musicbrainz,discogs,0.9208015203,False,True,True,agreement
discogs_21684,mbrainz_280,musicbrainz,discogs,0.9740808606,False,True,True,agreement
discogs_21687,mbrainz_3014,musicbrainz,discogs,0.8967363238334656,False,False,True,plm_check_confident_pos
discogs_21687,mbrainz_5050,musicbrainz,discogs,1.0,True,False,True,gold
discogs_21687,mbrainz_6774,musicbrainz,discogs,0.8786299825,False,False,True,plm_check_confident_pos
discogs_21695,mbrainz_5053,musicbrainz,discogs,1.0,True,True,True,gold
discogs_21696,mbrainz_5054,musicbrainz,discogs,0.972976923,False,True,True,agreement
discogs_21701,mbrainz_22222,musicbrainz,discogs,1.0,True,True,True,gold
discogs_2171,mbrainz_528,musicbrainz,discogs,1.0,True,True,True,gold
discogs_21718,mbrainz_5056,musicbrainz,discogs,1.0,True,True,True,gold
discogs_21751,mbrainz_23545,musicbrainz,discogs,0.9728958011,False,False,True,plm_check_confident_pos
discogs_21828,mbrainz_4675,musicbrainz,discogs,0.7989776134,False,True,True,agreement
discogs_21829,mbrainz_1645,musicbrainz,discogs,1.0,True,True,True,gold
discogs_2184,mbrainz_529,musicbrainz,discogs,1.0,True,True,True,gold
discogs_21884,mbrainz_5091,musicbrainz,discogs,1.0,True,True,True,gold
discogs_219,mbrainz_96,musicbrainz,discogs,1.0,True,True,True,gold
discogs_21903,mbrainz_5097,musicbrainz,discogs,1.0,True,True,True,gold
discogs_21963,mbrainz_5110,musicbrainz,discogs,1.0,True,True,True,gold
discogs_21964,mbrainz_5111,musicbrainz,discogs,0.9727798104,False,True,True,agreement
discogs_21973,mbrainz_5115,musicbrainz,discogs,1.0,True,True,True,gold
discogs_21977,mbrainz_196,musicbrainz,discogs,0.9729375243,False,False,True,plm_check_confident_pos
discogs_220,mbrainz_97,musicbrainz,discogs,1.0,True,True,True,gold
discogs_2200,mbrainz_532,musicbrainz,discogs,1.0,True,True,True,gold
discogs_22008,mbrainz_30401,musicbrainz,discogs,1.0,True,False,True,gold
discogs_22025,mbrainz_5127,musicbrainz,discogs,1.0,True,True,True,gold
discogs_22030,mbrainz_5107,musicbrainz,discogs,1.0,True,True,True,gold
discogs_22037,mbrainz_2650,musicbrainz,discogs,0.9436578751,False,True,True,agreement
discogs_22092,mbrainz_5050,musicbrainz,discogs,0.7707058787,False,False,True,plm_check_confident_pos
discogs_22092,mbrainz_6774,musicbrainz,discogs,0.7716065049,False,False,True,plm_check_confident_pos
discogs_22118,mbrainz_529,musicbrainz,discogs,0.9733198881,False,False,True,plm_check_confident_pos
discogs_22150,mbrainz_5149,musicbrainz,discogs,1.0,True,True,True,gold
discogs_22224,mbrainz_5162,musicbrainz,discogs,1.0,True,True,True,gold
discogs_22225,mbrainz_171,musicbrainz,discogs,1.0,True,False,True,gold
discogs_22237,mbrainz_381,musicbrainz,discogs,1.0,True,True,True,gold
discogs_22250,mbrainz_5167,musicbrainz,discogs,1.0,True,True,True,gold
discogs_2228,mbrainz_535,musicbrainz,discogs,0.9728500843,False,True,True,agreement
discogs_22292,mbrainz_5175,musicbrainz,discogs,1.0,True,True,True,gold
discogs_2231,mbrainz_536,musicbrainz,discogs,0.9726786017,False,True,True,agreement
discogs_22352,mbrainz_5188,musicbrainz,discogs,1.0,True,True,True,gold
discogs_22360,mbrainz_5115,musicbrainz,discogs,0.9673107862,False,False,True,plm_check_confident_pos
discogs_22373,mbrainz_5196,musicbrainz,discogs,1.0,True,True,True,gold
discogs_22381,mbrainz_5198,musicbrainz,discogs,1.0,True,True,True,gold
discogs_22388,mbrainz_4675,musicbrainz,discogs,1.0,True,False,True,gold
discogs_224,mbrainz_98,musicbrainz,discogs,1.0,True,True,True,gold
discogs_22401,mbrainz_5205,musicbrainz,discogs,1.0,True,True,True,gold
discogs_22406,mbrainz_4178,musicbrainz,discogs,0.9530441761,False,True,True,agreement
discogs_22411,mbrainz_5210,musicbrainz,discogs,1.0,True,True,True,gold
discogs_22430,mbrainz_14124,musicbrainz,discogs,1.0,True,True,True,gold
discogs_22437,mbrainz_5214,musicbrainz,discogs,1.0,True,True,True,gold
discogs_22441,mbrainz_2834,musicbrainz,discogs,1.0,True,True,True,gold
discogs_22465,mbrainz_10221,musicbrainz,discogs,1.0,True,True,True,gold
discogs_22471,mbrainz_5224,musicbrainz,discogs,1.0,True,True,True,gold
discogs_22493,mbrainz_5227,musicbrainz,discogs,1.0,True,True,True,gold
discogs_22502,mbrainz_5229,musicbrainz,discogs,1.0,True,True,True,gold
discogs_2253,mbrainz_542,musicbrainz,discogs,1.0,True,True,True,gold
discogs_22538,mbrainz_5233,musicbrainz,discogs,1.0,True,True,True,gold
discogs_22543,mbrainz_10451,musicbrainz,discogs,0.7315207124,False,True,True,agreement
discogs_22582,mbrainz_5247,musicbrainz,discogs,1.0,True,True,True,gold
discogs_226,mbrainz_99,musicbrainz,discogs,1.0,True,True,True,gold
discogs_22608,mbrainz_5250,musicbrainz,discogs,1.0,True,True,True,gold
discogs_22610,mbrainz_16550,musicbrainz,discogs,1.0,True,True,True,gold
discogs_22639,mbrainz_5258,musicbrainz,discogs,1.0,True,True,True,gold
discogs_22640,mbrainz_5259,musicbrainz,discogs,1.0,True,True,True,gold
discogs_22653,mbrainz_5262,musicbrainz,discogs,1.0,True,True,True,gold
discogs_22686,mbrainz_5189,musicbrainz,discogs,0.9731299877,False,True,True,agreement
discogs_22711,mbrainz_3030,musicbrainz,discogs,1.0,True,True,True,gold
discogs_22717,mbrainz_5280,musicbrainz,discogs,1.0,True,True,True,gold
discogs_2273,mbrainz_547,musicbrainz,discogs,1.0,True,True,True,gold
discogs_22772,mbrainz_5285,musicbrainz,discogs,1.0,True,True,True,gold
discogs_22786,mbrainz_5290,musicbrainz,discogs,1.0,True,True,True,gold
discogs_228,mbrainz_100,musicbrainz,discogs,1.0,True,True,True,gold
discogs_22812,mbrainz_5294,musicbrainz,discogs,1.0,True,True,True,gold
discogs_22859,mbrainz_5301,musicbrainz,discogs,1.0,True,True,True,gold
discogs_22924,mbrainz_25205,musicbrainz,discogs,0.9746841192245483,False,False,True,plm_check_confident_pos
discogs_22924,mbrainz_5311,musicbrainz,discogs,1.0,True,True,True,gold
discogs_22963,mbrainz_5315,musicbrainz,discogs,0.974522531,False,True,True,agreement
discogs_22964,mbrainz_17326,musicbrainz,discogs,1.0,True,True,True,gold
discogs_23,mbrainz_11,musicbrainz,discogs,1.0,True,True,True,gold
discogs_230,mbrainz_102,musicbrainz,discogs,1.0,True,True,True,gold
discogs_23005,mbrainz_5321,musicbrainz,discogs,0.9751798511,False,False,True,plm_check_confident_pos
discogs_23011,mbrainz_2701,musicbrainz,discogs,1.0,True,True,True,gold
discogs_23012,mbrainz_199,musicbrainz,discogs,0.9331040382,False,False,True,plm_check_confident_pos
discogs_23073,mbrainz_2335,musicbrainz,discogs,1.0,True,True,True,gold
discogs_23096,mbrainz_5338,musicbrainz,discogs,1.0,True,True,True,gold
discogs_2310,mbrainz_557,musicbrainz,discogs,1.0,True,True,True,gold
discogs_23104,mbrainz_4616,musicbrainz,discogs,1.0,True,True,True,gold
discogs_2311,mbrainz_1109,musicbrainz,discogs,0.9730446339,False,False,True,plm_check_confident_pos
discogs_23125,mbrainz_4154,musicbrainz,discogs,0.8942607045,False,False,True,plm_check_confident_pos
discogs_23132,mbrainz_5346,musicbrainz,discogs,1.0,True,True,True,gold
discogs_23138,mbrainz_5347,musicbrainz,discogs,1.0,True,True,True,gold
discogs_2318,mbrainz_558,musicbrainz,discogs,1.0,True,True,True,gold
discogs_23208,mbrainz_5358,musicbrainz,discogs,1.0,True,True,True,gold
discogs_23212,mbrainz_5361,musicbrainz,discogs,1.0,True,True,True,gold
discogs_23227,mbrainz_5364,musicbrainz,discogs,1.0,True,True,True,gold
discogs_2323,mbrainz_559,musicbrainz,discogs,1.0,True,True,True,gold
discogs_23237,mbrainz_5370,musicbrainz,discogs,1.0,True,True,True,gold
discogs_23279,mbrainz_5379,musicbrainz,discogs,1.0,True,True,True,gold
discogs_23295,mbrainz_2870,musicbrainz,discogs,0.7582264543,False,False,True,plm_check_confident_pos
discogs_23296,mbrainz_2689,musicbrainz,discogs,0.9464638829,False,False,True,plm_check_confident_pos
discogs_23303,mbrainz_5386,musicbrainz,discogs,1.0,True,True,True,gold
discogs_23371,mbrainz_22231,musicbrainz,discogs,1.0,True,True,True,gold
discogs_23384,mbrainz_5404,musicbrainz,discogs,0.9749329686,False,False,True,plm_check_confident_pos
discogs_234,mbrainz_103,musicbrainz,discogs,1.0,True,True,True,gold
discogs_23429,mbrainz_16073,musicbrainz,discogs,1.0,True,True,True,gold
discogs_23476,mbrainz_5424,musicbrainz,discogs,1.0,True,True,True,gold
discogs_2349,mbrainz_3145,musicbrainz,discogs,1.0,True,True,True,gold
discogs_235,mbrainz_104,musicbrainz,discogs,1.0,True,True,True,gold
discogs_23515,mbrainz_5431,musicbrainz,discogs,1.0,True,True,True,gold
discogs_23533,mbrainz_5434,musicbrainz,discogs,1.0,True,True,True,gold
discogs_23553,mbrainz_516,musicbrainz,discogs,0.9461889267,False,False,True,plm_check_confident_pos
discogs_23576,mbrainz_427,musicbrainz,discogs,0.9730504751,False,True,True,agreement
discogs_23650,mbrainz_5463,musicbrainz,discogs,1.0,True,True,True,gold
discogs_237,mbrainz_106,musicbrainz,discogs,1.0,True,True,True,gold
discogs_2370,mbrainz_565,musicbrainz,discogs,0.9730124474,False,True,True,agreement
discogs_23753,mbrainz_5478,musicbrainz,discogs,1.0,True,True,True,gold
discogs_23754,mbrainz_5479,musicbrainz,discogs,1.0,True,True,True,gold
discogs_23770,mbrainz_1897,musicbrainz,discogs,0.9751960039,False,True,True,agreement
discogs_238,mbrainz_107,musicbrainz,discogs,1.0,True,True,True,gold
discogs_23836,mbrainz_5492,musicbrainz,discogs,1.0,True,True,True,gold
discogs_23845,mbrainz_1713,musicbrainz,discogs,1.0,True,True,True,gold
discogs_23858,mbrainz_5482,musicbrainz,discogs,1.0,True,True,True,gold
discogs_23881,mbrainz_5498,musicbrainz,discogs,1.0,True,True,True,gold
discogs_239,mbrainz_108,musicbrainz,discogs,1.0,True,True,True,gold
discogs_2390,mbrainz_569,musicbrainz,discogs,1.0,True,True,True,gold
discogs_23943,mbrainz_5511,musicbrainz,discogs,1.0,True,True,True,gold
discogs_2398,mbrainz_571,musicbrainz,discogs,1.0,True,True,True,gold
discogs_23999,mbrainz_1334,musicbrainz,discogs,1.0,True,True,True,gold
discogs_23999,mbrainz_6891,musicbrainz,discogs,0.9480141997,False,False,True,plm_check_confident_pos
discogs_24008,mbrainz_5525,musicbrainz,discogs,1.0,True,True,True,gold
discogs_2402,mbrainz_356,musicbrainz,discogs,0.975038588,False,False,True,plm_check_confident_pos
discogs_24028,mbrainz_179,musicbrainz,discogs,0.9681212306022644,False,False,True,plm_check_confident_pos
discogs_24028,mbrainz_180,musicbrainz,discogs,0.9595450759,False,False,True,plm_check_confident_pos
discogs_24065,mbrainz_2439,musicbrainz,discogs,0.9728804231,False,False,True,plm_check_confident_pos
discogs_24126,mbrainz_28868,musicbrainz,discogs,0.9371069074,False,False,True,plm_check_confident_pos
discogs_24127,mbrainz_4495,musicbrainz,discogs,0.9436377883,False,False,True,plm_check_confident_pos
discogs_242,mbrainz_110,musicbrainz,discogs,1.0,True,True,True,gold
discogs_2421,mbrainz_573,musicbrainz,discogs,0.9732115865,False,True,True,agreement
discogs_24211,mbrainz_5566,musicbrainz,discogs,1.0,True,True,True,gold
discogs_24239,mbrainz_5574,musicbrainz,discogs,1.0,True,True,True,gold
discogs_24261,mbrainz_5581,musicbrainz,discogs,1.0,True,True,True,gold
discogs_24280,mbrainz_5584,musicbrainz,discogs,1.0,True,True,True,gold
discogs_24299,mbrainz_5586,musicbrainz,discogs,1.0,True,True,True,gold
discogs_243,mbrainz_111,musicbrainz,discogs,1.0,True,True,True,gold
discogs_24336,mbrainz_5594,musicbrainz,discogs,1.0,True,True,True,gold
discogs_24349,mbrainz_5596,musicbrainz,discogs,1.0,True,True,True,gold
discogs_24393,mbrainz_5609,musicbrainz,discogs,0.9722984433,False,True,True,agreement
discogs_24395,mbrainz_1653,musicbrainz,discogs,0.9752197266,False,False,True,plm_check_confident_pos
discogs_24399,mbrainz_1826,musicbrainz,discogs,1.0,True,False,True,gold
discogs_24414,mbrainz_5616,musicbrainz,discogs,1.0,True,True,True,gold
discogs_24471,mbrainz_5624,musicbrainz,discogs,1.0,True,True,True,gold
discogs_245,mbrainz_113,musicbrainz,discogs,0.9729524255,False,True,True,agreement
discogs_24523,mbrainz_5630,musicbrainz,discogs,1.0,True,True,True,gold
discogs_24571,mbrainz_5639,musicbrainz,discogs,1.0,True,True,True,gold
discogs_24592,mbrainz_5645,musicbrainz,discogs,1.0,True,True,True,gold
discogs_246,mbrainz_114,musicbrainz,discogs,1.0,True,True,True,gold
discogs_24602,mbrainz_4178,musicbrainz,discogs,1.0,True,False,True,gold
discogs_24658,mbrainz_5662,musicbrainz,discogs,1.0,True,True,True,gold
discogs_24669,mbrainz_14600,musicbrainz,discogs,0.71261549,False,False,True,plm_check_confident_pos
discogs_24669,mbrainz_5666,musicbrainz,discogs,1.0,True,True,True,gold
discogs_24673,mbrainz_5380,musicbrainz,discogs,1.0,True,True,True,gold
discogs_24776,mbrainz_5688,musicbrainz,discogs,0.9630950689,False,True,True,agreement
discogs_24785,mbrainz_5631,musicbrainz,discogs,0.9738330841,False,True,True,agreement
discogs_24830,mbrainz_5700,musicbrainz,discogs,1.0,True,True,True,gold
discogs_24831,mbrainz_5701,musicbrainz,discogs,1.0,True,True,True,gold
discogs_24835,mbrainz_1897,musicbrainz,discogs,1.0,True,False,True,gold
discogs_249,mbrainz_115,musicbrainz,discogs,1.0,True,True,True,gold
discogs_24900,mbrainz_5715,musicbrainz,discogs,1.0,True,False,True,gold
discogs_24910,mbrainz_5716,musicbrainz,discogs,1.0,True,True,True,gold
discogs_24929,mbrainz_3701,musicbrainz,discogs,1.0,True,True,True,gold
discogs_24945,mbrainz_5725,musicbrainz,discogs,0.9646817446,False,True,True,agreement
discogs_24976,mbrainz_5730,musicbrainz,discogs,1.0,True,True,True,gold
discogs_250,mbrainz_116,musicbrainz,discogs,1.0,True,True,True,gold
discogs_25008,mbrainz_5739,musicbrainz,discogs,0.9707561731,False,True,True,agreement
discogs_25011,mbrainz_4624,musicbrainz,discogs,0.9609942436,False,False,True,plm_check_confident_pos
discogs_25016,mbrainz_10092,musicbrainz,discogs,0.5839158297,False,True,True,agreement
discogs_25044,mbrainz_5748,musicbrainz,discogs,1.0,True,True,True,gold
discogs_25057,mbrainz_5751,musicbrainz,discogs,1.0,True,True,True,gold
discogs_2506,mbrainz_15930,musicbrainz,discogs,0.7839118242,False,False,True,plm_check_confident_pos
discogs_2506,mbrainz_578,musicbrainz,discogs,1.0,True,True,True,gold
discogs_25086,mbrainz_1672,musicbrainz,discogs,1.0,True,True,True,gold
discogs_251,mbrainz_117,musicbrainz,discogs,1.0,True,True,True,gold
discogs_25157,mbrainz_5772,musicbrainz,discogs,1.0,True,True,True,gold
discogs_25158,mbrainz_7867,musicbrainz,discogs,0.9356892109,False,False,True,plm_check_confident_pos
discogs_252,mbrainz_118,musicbrainz,discogs,1.0,True,True,True,gold
discogs_25200,mbrainz_1851,musicbrainz,discogs,1.0,True,True,True,gold
discogs_25208,mbrainz_5776,musicbrainz,discogs,0.971732378,False,True,True,agreement
discogs_25221,mbrainz_13442,musicbrainz,discogs,1.0,True,True,True,gold
discogs_25246,mbrainz_2229,musicbrainz,discogs,1.0,True,True,True,gold
discogs_2529,mbrainz_583,musicbrainz,discogs,1.0,True,True,True,gold
discogs_25292,mbrainz_5800,musicbrainz,discogs,1.0,True,True,True,gold
discogs_25297,mbrainz_5801,musicbrainz,discogs,1.0,True,True,True,gold
discogs_25297,mbrainz_6368,musicbrainz,discogs,0.7621867656707764,False,False,True,plm_check_confident_pos
discogs_25343,mbrainz_5809,musicbrainz,discogs,1.0,True,True,True,gold
discogs_25361,mbrainz_3389,musicbrainz,discogs,1.0,True,False,True,gold
discogs_25391,mbrainz_404,musicbrainz,discogs,1.0,True,True,True,gold
discogs_254,mbrainz_119,musicbrainz,discogs,1.0,True,True,True,gold
discogs_25436,mbrainz_2449,musicbrainz,discogs,1.0,True,True,True,gold
discogs_25451,mbrainz_2488,musicbrainz,discogs,1.0,True,True,True,gold
discogs_2551,mbrainz_588,musicbrainz,discogs,1.0,True,True,True,gold
discogs_25521,mbrainz_5845,musicbrainz,discogs,1.0,True,True,True,gold
discogs_25523,mbrainz_5846,musicbrainz,discogs,1.0,True,True,True,gold
discogs_25548,mbrainz_3836,musicbrainz,discogs,1.0,True,True,True,gold
discogs_25552,mbrainz_2611,musicbrainz,discogs,1.0,True,True,True,gold
discogs_256,mbrainz_120,musicbrainz,discogs,1.0,True,True,True,gold
discogs_25616,mbrainz_5867,musicbrainz,discogs,0.9743913412,False,False,True,plm_check_confident_pos
discogs_25634,mbrainz_404,musicbrainz,discogs,0.947889626,False,False,True,plm_check_confident_pos
discogs_25660,mbrainz_5880,musicbrainz,discogs,1.0,True,True,True,gold
discogs_25677,mbrainz_5885,musicbrainz,discogs,0.9738969803,False,True,True,agreement
discogs_25696,mbrainz_3982,musicbrainz,discogs,1.0,True,True,True,gold
discogs_25746,mbrainz_5900,musicbrainz,discogs,1.0,True,True,True,gold
discogs_25764,mbrainz_284,musicbrainz,discogs,0.9746327996,False,False,True,plm_check_confident_pos
discogs_258,mbrainz_122,musicbrainz,discogs,1.0,True,True,True,gold
discogs_25843,mbrainz_17102,musicbrainz,discogs,0.8770703077,False,False,True,plm_check_confident_pos
discogs_25844,mbrainz_5926,musicbrainz,discogs,1.0,True,True,True,gold
discogs_25892,mbrainz_5936,musicbrainz,discogs,1.0,True,True,True,gold
discogs_259,mbrainz_123,musicbrainz,discogs,1.0,True,True,True,gold
discogs_2592,mbrainz_592,musicbrainz,discogs,1.0,True,True,True,gold
discogs_25943,mbrainz_7889,musicbrainz,discogs,0.9710229635,False,False,True,plm_check_confident_pos
discogs_25988,mbrainz_5957,musicbrainz,discogs,1.0,True,True,True,gold
discogs_26,mbrainz_12,musicbrainz,discogs,1.0,True,True,True,gold
discogs_2600,mbrainz_593,musicbrainz,discogs,1.0,True,True,True,gold
discogs_26010,mbrainz_5964,musicbrainz,discogs,1.0,True,True,True,gold
discogs_2609,mbrainz_595,musicbrainz,discogs,0.9748445749,False,False,True,plm_check_confident_pos
discogs_26109,mbrainz_73,musicbrainz,discogs,1.0,True,False,True,gold
discogs_26127,mbrainz_2309,musicbrainz,discogs,1.0,True,True,True,gold
discogs_26136,mbrainz_5994,musicbrainz,discogs,1.0,True,True,True,gold
discogs_26146,mbrainz_5996,musicbrainz,discogs,1.0,True,True,True,gold
discogs_26152,mbrainz_1792,musicbrainz,discogs,0.975620687,False,False,True,plm_check_confident_pos
discogs_26153,mbrainz_5998,musicbrainz,discogs,1.0,True,True,True,gold
discogs_26161,mbrainz_6000,musicbrainz,discogs,1.0,True,True,True,gold
discogs_26162,mbrainz_5773,musicbrainz,discogs,1.0,True,True,True,gold
discogs_26172,mbrainz_10107,musicbrainz,discogs,0.9242560267,False,True,True,agreement
discogs_26180,mbrainz_6947,musicbrainz,discogs,0.7896181345,False,False,True,plm_check_confident_pos
discogs_262,mbrainz_5470,musicbrainz,discogs,1.0,True,True,True,gold
discogs_26275,mbrainz_6030,musicbrainz,discogs,1.0,True,True,True,gold
discogs_26287,mbrainz_6033,musicbrainz,discogs,1.0,True,True,True,gold
discogs_26288,mbrainz_2675,musicbrainz,discogs,1.0,True,True,True,gold
discogs_26336,mbrainz_6043,musicbrainz,discogs,1.0,True,True,True,gold
discogs_26343,mbrainz_6044,musicbrainz,discogs,1.0,True,False,True,gold
discogs_26451,mbrainz_6065,musicbrainz,discogs,1.0,True,True,True,gold
discogs_26467,mbrainz_6068,musicbrainz,discogs,1.0,True,True,True,gold
discogs_2656,mbrainz_602,musicbrainz,discogs,1.0,True,True,True,gold
discogs_26571,mbrainz_1135,musicbrainz,discogs,1.0,True,True,True,gold
discogs_266,mbrainz_127,musicbrainz,discogs,1.0,True,True,True,gold
discogs_26612,mbrainz_5921,musicbrainz,discogs,1.0,True,True,True,gold
discogs_26614,mbrainz_6100,musicbrainz,discogs,1.0,True,True,True,gold
discogs_26622,mbrainz_6102,musicbrainz,discogs,1.0,True,True,True,gold
discogs_26627,mbrainz_10107,musicbrainz,discogs,0.9518076181,False,False,True,plm_check_confident_pos
discogs_26638,mbrainz_2502,musicbrainz,discogs,1.0,True,True,True,gold
discogs_26640,mbrainz_576,musicbrainz,discogs,0.972900629,False,False,True,plm_check_confident_pos
discogs_26679,mbrainz_6119,musicbrainz,discogs,1.0,True,True,True,gold
discogs_26681,mbrainz_112,musicbrainz,discogs,0.9727858901,False,True,True,agreement
discogs_26684,mbrainz_6122,musicbrainz,discogs,1.0,True,True,True,gold
discogs_2669,mbrainz_604,musicbrainz,discogs,0.9729593992,False,True,True,agreement
discogs_2673,mbrainz_606,musicbrainz,discogs,1.0,True,True,True,gold
discogs_26742,mbrainz_7247,musicbrainz,discogs,1.0,True,True,True,gold
discogs_26762,mbrainz_1697,musicbrainz,discogs,1.0,True,True,True,gold
discogs_26807,mbrainz_6139,musicbrainz,discogs,1.0,True,True,True,gold
discogs_26815,mbrainz_6140,musicbrainz,discogs,1.0,True,True,True,gold
discogs_26824,mbrainz_6142,musicbrainz,discogs,1.0,True,True,True,gold
discogs_26839,mbrainz_6145,musicbrainz,discogs,0.9608048201,False,True,True,agreement
discogs_26866,mbrainz_6150,musicbrainz,discogs,1.0,True,True,True,gold
discogs_26867,mbrainz_6151,musicbrainz,discogs,1.0,True,True,True,gold
discogs_26877,mbrainz_6153,musicbrainz,discogs,1.0,True,True,True,gold
discogs_26886,mbrainz_6154,musicbrainz,discogs,1.0,True,True,True,gold
discogs_26898,mbrainz_6157,musicbrainz,discogs,1.0,True,True,True,gold
discogs_269,mbrainz_128,musicbrainz,discogs,1.0,True,True,True,gold
discogs_26933,mbrainz_6162,musicbrainz,discogs,0.9589807391,False,True,True,agreement
discogs_26939,mbrainz_6165,musicbrainz,discogs,1.0,True,True,True,gold
discogs_26967,mbrainz_6168,musicbrainz,discogs,1.0,True,True,True,gold
discogs_26977,mbrainz_3276,musicbrainz,discogs,1.0,True,False,True,gold
discogs_26994,mbrainz_6173,musicbrainz,discogs,1.0,True,True,True,gold
discogs_27016,mbrainz_6179,musicbrainz,discogs,0.9730449915,False,True,True,agreement
discogs_27059,mbrainz_3406,musicbrainz,discogs,0.6260001659,False,False,True,plm_check_llm_yes
discogs_2706,mbrainz_609,musicbrainz,discogs,1.0,True,True,True,gold
discogs_2712,mbrainz_610,musicbrainz,discogs,1.0,True,True,True,gold
discogs_27161,mbrainz_6205,musicbrainz,discogs,1.0,True,True,True,gold
discogs_2720,mbrainz_612,musicbrainz,discogs,1.0,True,True,True,gold
discogs_2724,mbrainz_614,musicbrainz,discogs,1.0,True,True,True,gold
discogs_27262,mbrainz_6226,musicbrainz,discogs,0.9422159791,False,False,True,plm_check_confident_pos
discogs_27280,mbrainz_2877,musicbrainz,discogs,1.0,True,True,True,gold
discogs_27287,mbrainz_706,musicbrainz,discogs,0.9739788175,False,False,True,plm_check_confident_pos
discogs_273,mbrainz_129,musicbrainz,discogs,1.0,True,True,True,gold
discogs_27302,mbrainz_6235,musicbrainz,discogs,1.0,True,True,True,gold
discogs_27336,mbrainz_2349,musicbrainz,discogs,1.0,True,True,True,gold
discogs_27371,mbrainz_6249,musicbrainz,discogs,1.0,True,True,True,gold
discogs_2739,mbrainz_209,musicbrainz,discogs,1.0,True,True,True,gold
discogs_27404,mbrainz_6256,musicbrainz,discogs,1.0,True,True,True,gold
discogs_27441,mbrainz_6246,musicbrainz,discogs,1.0,True,True,True,gold
discogs_27464,mbrainz_5904,musicbrainz,discogs,1.0,True,True,True,gold
discogs_27498,mbrainz_5994,musicbrainz,discogs,0.9355273247,False,False,True,plm_check_confident_pos
discogs_275,mbrainz_130,musicbrainz,discogs,1.0,True,True,True,gold
discogs_27518,mbrainz_6283,musicbrainz,discogs,1.0,True,True,True,gold
discogs_27566,mbrainz_17357,musicbrainz,discogs,1.0,True,True,True,gold
discogs_276,mbrainz_131,musicbrainz,discogs,1.0,True,True,True,gold
discogs_27639,mbrainz_6307,musicbrainz,discogs,1.0,True,True,True,gold
discogs_27676,mbrainz_2750,musicbrainz,discogs,0.9694632887840271,False,False,True,plm_check_confident_pos
discogs_27676,mbrainz_6312,musicbrainz,discogs,0.9745431542,False,True,True,agreement
discogs_27681,mbrainz_6314,musicbrainz,discogs,1.0,True,True,True,gold
discogs_27684,mbrainz_6315,musicbrainz,discogs,0.9728912711,False,True,True,agreement
discogs_27696,mbrainz_6318,musicbrainz,discogs,1.0,True,False,True,gold
discogs_277,mbrainz_162,musicbrainz,discogs,1.0,True,True,True,gold
discogs_27705,mbrainz_6319,musicbrainz,discogs,1.0,True,True,True,gold
discogs_27767,mbrainz_6329,musicbrainz,discogs,1.0,True,True,True,gold
discogs_27785,mbrainz_6332,musicbrainz,discogs,1.0,True,True,True,gold
discogs_27788,mbrainz_6334,musicbrainz,discogs,1.0,True,True,True,gold
discogs_27823,mbrainz_6342,musicbrainz,discogs,1.0,True,True,True,gold
discogs_2785,mbrainz_358,musicbrainz,discogs,1.0,True,True,True,gold
discogs_27851,mbrainz_576,musicbrainz,discogs,0.9754305482,False,False,True,plm_check_confident_pos
discogs_27853,mbrainz_6351,musicbrainz,discogs,1.0,True,True,True,gold
discogs_27894,mbrainz_6359,musicbrainz,discogs,1.0,True,True,True,gold
discogs_27926,mbrainz_6367,musicbrainz,discogs,1.0,True,True,True,gold
discogs_27938,mbrainz_6370,musicbrainz,discogs,1.0,True,True,True,gold
discogs_27993,mbrainz_6384,musicbrainz,discogs,1.0,True,True,True,gold
discogs_27996,mbrainz_6386,musicbrainz,discogs,1.0,True,True,True,gold
discogs_28006,mbrainz_6390,musicbrainz,discogs,1.0,True,True,True,gold
discogs_281,mbrainz_132,musicbrainz,discogs,1.0,True,True,True,gold
discogs_28198,mbrainz_4107,musicbrainz,discogs,1.0,True,True,True,gold
discogs_28266,mbrainz_6432,musicbrainz,discogs,1.0,True,True,True,gold
discogs_28271,mbrainz_7068,musicbrainz,discogs,0.9571666718,False,False,True,plm_check_confident_pos
discogs_28288,mbrainz_6437,musicbrainz,discogs,1.0,True,True,True,gold
discogs_28351,mbrainz_6459,musicbrainz,discogs,1.0,True,True,True,gold
discogs_28378,mbrainz_6359,musicbrainz,discogs,0.9730115533,False,False,True,plm_check_confident_pos
discogs_284,mbrainz_19378,musicbrainz,discogs,0.7838417887687683,False,False,True,plm_check_confident_pos
discogs_284,mbrainz_373,musicbrainz,discogs,1.0,True,True,True,gold
discogs_28486,mbrainz_6490,musicbrainz,discogs,1.0,True,True,True,gold
discogs_28487,mbrainz_6491,musicbrainz,discogs,1.0,True,True,True,gold
discogs_28502,mbrainz_6492,musicbrainz,discogs,1.0,True,True,True,gold
discogs_28524,mbrainz_6497,musicbrainz,discogs,1.0,True,True,True,gold
discogs_28536,mbrainz_6502,musicbrainz,discogs,1.0,True,True,True,gold
discogs_28542,mbrainz_6506,musicbrainz,discogs,1.0,True,True,True,gold
discogs_28571,mbrainz_1464,musicbrainz,discogs,0.8203395009,False,False,True,plm_check_confident_pos
discogs_28579,mbrainz_6514,musicbrainz,discogs,1.0,True,False,True,gold
discogs_28641,mbrainz_5943,musicbrainz,discogs,1.0,True,False,True,gold
discogs_28649,mbrainz_6527,musicbrainz,discogs,1.0,True,True,True,gold
discogs_28668,mbrainz_6530,musicbrainz,discogs,0.9537931681,False,True,True,agreement
discogs_28713,mbrainz_6539,musicbrainz,discogs,1.0,True,True,True,gold
discogs_2874,mbrainz_634,musicbrainz,discogs,0.9725520611,False,False,True,plm_check_confident_pos
discogs_28749,mbrainz_6546,musicbrainz,discogs,1.0,True,True,True,gold
discogs_28753,mbrainz_6549,musicbrainz,discogs,1.0,True,True,True,gold
discogs_2876,mbrainz_635,musicbrainz,discogs,1.0,True,True,True,gold
discogs_288,mbrainz_134,musicbrainz,discogs,1.0,True,True,True,gold
discogs_28807,mbrainz_6562,musicbrainz,discogs,1.0,True,True,True,gold
discogs_28888,mbrainz_6571,musicbrainz,discogs,1.0,True,True,True,gold
discogs_289,mbrainz_135,musicbrainz,discogs,1.0,True,True,True,gold
discogs_28918,mbrainz_6578,musicbrainz,discogs,1.0,True,True,True,gold
discogs_28920,mbrainz_6579,musicbrainz,discogs,1.0,True,True,True,gold
discogs_28931,mbrainz_6584,musicbrainz,discogs,0.9736689925,False,True,True,agreement
discogs_28934,mbrainz_6585,musicbrainz,discogs,1.0,True,True,True,gold
discogs_28954,mbrainz_4679,musicbrainz,discogs,1.0,True,True,True,gold
discogs_28995,mbrainz_6602,musicbrainz,discogs,1.0,True,True,True,gold
discogs_29,mbrainz_13,musicbrainz,discogs,1.0,True,True,True,gold
discogs_290,mbrainz_136,musicbrainz,discogs,1.0,True,True,True,gold
discogs_29045,mbrainz_14852,musicbrainz,discogs,0.8760800362,False,False,True,plm_check_confident_pos
discogs_29049,mbrainz_6614,musicbrainz,discogs,1.0,True,True,True,gold
discogs_29061,mbrainz_6617,musicbrainz,discogs,1.0,True,True,True,gold
discogs_2907,mbrainz_641,musicbrainz,discogs,1.0,True,True,True,gold
discogs_29084,mbrainz_6620,musicbrainz,discogs,1.0,True,True,True,gold
discogs_29172,mbrainz_6631,musicbrainz,discogs,1.0,True,True,True,gold
discogs_29209,mbrainz_6637,musicbrainz,discogs,1.0,True,True,True,gold
discogs_29216,mbrainz_1274,musicbrainz,discogs,1.0,True,True,True,gold
discogs_29279,mbrainz_6647,musicbrainz,discogs,1.0,True,True,True,gold
discogs_29288,mbrainz_6652,musicbrainz,discogs,1.0,True,True,True,gold
discogs_29324,mbrainz_6662,musicbrainz,discogs,1.0,True,True,True,gold
discogs_29377,mbrainz_6678,musicbrainz,discogs,1.0,True,True,True,gold
discogs_29443,mbrainz_6693,musicbrainz,discogs,1.0,True,True,True,gold
discogs_29465,mbrainz_6699,musicbrainz,discogs,1.0,True,True,True,gold
discogs_29466,mbrainz_6700,musicbrainz,discogs,1.0,True,True,True,gold
discogs_29477,mbrainz_6703,musicbrainz,discogs,1.0,True,True,True,gold
discogs_295,mbrainz_137,musicbrainz,discogs,1.0,True,True,True,gold
discogs_29515,mbrainz_28768,musicbrainz,discogs,0.9491145015,False,False,True,plm_check_confident_pos
discogs_29523,mbrainz_43,musicbrainz,discogs,0.7656500936,False,False,True,plm_check_confident_pos
discogs_29529,mbrainz_6713,musicbrainz,discogs,1.0,True,True,True,gold
discogs_29552,mbrainz_6717,musicbrainz,discogs,1.0,True,True,True,gold
discogs_29634,mbrainz_6735,musicbrainz,discogs,1.0,True,True,True,gold
discogs_29642,mbrainz_6737,musicbrainz,discogs,1.0,True,True,True,gold
discogs_29701,mbrainz_2421,musicbrainz,discogs,0.974134922,False,False,True,plm_check_confident_pos
discogs_29716,mbrainz_2249,musicbrainz,discogs,1.0,True,True,True,gold
discogs_29720,mbrainz_6756,musicbrainz,discogs,1.0,True,True,True,gold
discogs_29752,mbrainz_6760,musicbrainz,discogs,1.0,True,True,True,gold
discogs_29814,mbrainz_4617,musicbrainz,discogs,1.0,True,True,True,gold
discogs_29815,mbrainz_17392,musicbrainz,discogs,0.9410344362,False,True,True,agreement
discogs_29841,mbrainz_6780,musicbrainz,discogs,1.0,True,True,True,gold
discogs_29881,mbrainz_6787,musicbrainz,discogs,1.0,True,True,True,gold
discogs_29886,mbrainz_6789,musicbrainz,discogs,1.0,True,True,True,gold
discogs_29887,mbrainz_14852,musicbrainz,discogs,0.8301885724,False,False,True,plm_check_confident_pos
discogs_29916,mbrainz_855,musicbrainz,discogs,1.0,True,True,True,gold
discogs_2993,mbrainz_656,musicbrainz,discogs,1.0,True,True,True,gold
discogs_29972,mbrainz_1600,musicbrainz,discogs,0.9517902136,False,False,True,plm_check_confident_pos
discogs_29980,mbrainz_6803,musicbrainz,discogs,0.9634359479,False,True,True,agreement
discogs_29986,mbrainz_6805,musicbrainz,discogs,1.0,True,True,True,gold
discogs_29991,mbrainz_6807,musicbrainz,discogs,1.0,True,True,True,gold
discogs_29993,mbrainz_11203,musicbrainz,discogs,1.0,True,False,True,gold
discogs_3,mbrainz_1,musicbrainz,discogs,1.0,True,True,True,gold
discogs_30,mbrainz_14,musicbrainz,discogs,1.0,True,False,True,gold
discogs_30061,mbrainz_875,musicbrainz,discogs,1.0,True,True,True,gold
discogs_3007,mbrainz_659,musicbrainz,discogs,0.9738796949,False,True,True,agreement
discogs_30086,mbrainz_6826,musicbrainz,discogs,1.0,True,True,True,gold
discogs_30088,mbrainz_6827,musicbrainz,discogs,1.0,True,True,True,gold
discogs_30089,mbrainz_6828,musicbrainz,discogs,1.0,True,True,True,gold
discogs_30104,mbrainz_6689,musicbrainz,discogs,1.0,True,True,True,gold
discogs_30179,mbrainz_57,musicbrainz,discogs,0.9732354283,False,False,True,plm_check_confident_pos
discogs_30228,mbrainz_6859,musicbrainz,discogs,1.0,True,True,True,gold
discogs_30254,mbrainz_6862,musicbrainz,discogs,1.0,True,True,True,gold
discogs_30299,mbrainz_1349,musicbrainz,discogs,1.0,True,True,True,gold
discogs_3035,mbrainz_662,musicbrainz,discogs,1.0,True,True,True,gold
discogs_30423,mbrainz_1129,musicbrainz,discogs,0.9754199982,False,True,True,agreement
discogs_30446,mbrainz_1334,musicbrainz,discogs,0.9423990845680237,False,False,True,plm_check_confident_pos
discogs_30446,mbrainz_6891,musicbrainz,discogs,1.0,True,True,True,gold
discogs_30502,mbrainz_6898,musicbrainz,discogs,1.0,True,True,True,gold
discogs_30531,mbrainz_755,musicbrainz,discogs,0.956969738,False,False,True,plm_check_confident_pos
discogs_30538,mbrainz_3245,musicbrainz,discogs,0.9727669358,False,False,True,plm_check_confident_pos
discogs_30549,mbrainz_6906,musicbrainz,discogs,1.0,True,True,True,gold
discogs_30550,mbrainz_6907,musicbrainz,discogs,1.0,True,True,True,gold
discogs_3057,mbrainz_666,musicbrainz,discogs,0.9727317691,False,True,True,agreement
discogs_3058,mbrainz_667,musicbrainz,discogs,1.0,True,True,True,gold
discogs_30598,mbrainz_6734,musicbrainz,discogs,1.0,True,True,True,gold
discogs_30611,mbrainz_6913,musicbrainz,discogs,1.0,True,True,True,gold
discogs_3063,mbrainz_669,musicbrainz,discogs,0.9727980494,False,True,True,agreement
discogs_30640,mbrainz_3762,musicbrainz,discogs,1.0,True,True,True,gold
discogs_3066,mbrainz_671,musicbrainz,discogs,1.0,True,True,True,gold
discogs_30675,mbrainz_17891,musicbrainz,discogs,0.9665839672,False,True,True,agreement
discogs_30685,mbrainz_6925,musicbrainz,discogs,1.0,True,True,True,gold
discogs_307,mbrainz_139,musicbrainz,discogs,1.0,True,True,True,gold
discogs_30709,mbrainz_6933,musicbrainz,discogs,0.9481949806,False,False,True,plm_check_confident_pos
discogs_30711,mbrainz_6935,musicbrainz,discogs,1.0,True,True,True,gold
discogs_30755,mbrainz_6942,musicbrainz,discogs,1.0,True,True,True,gold
discogs_30780,mbrainz_3456,musicbrainz,discogs,0.9141462445,False,False,True,plm_check_confident_pos
discogs_3081,mbrainz_674,musicbrainz,discogs,1.0,True,True,True,gold
discogs_30888,mbrainz_2119,musicbrainz,discogs,0.9484046698,False,True,True,agreement
discogs_30890,mbrainz_6966,musicbrainz,discogs,1.0,True,True,True,gold
discogs_30919,mbrainz_6924,musicbrainz,discogs,1.0,True,True,True,gold
discogs_30919,mbrainz_8254,musicbrainz,discogs,0.9616820216,False,False,True,plm_check_confident_pos
discogs_30957,mbrainz_6976,musicbrainz,discogs,1.0,True,True,True,gold
discogs_31057,mbrainz_1279,musicbrainz,discogs,1.0,True,False,True,gold
discogs_31082,mbrainz_6618,musicbrainz,discogs,1.0,True,False,True,gold
discogs_311,mbrainz_140,musicbrainz,discogs,1.0,True,True,True,gold
discogs_31147,mbrainz_2119,musicbrainz,discogs,0.7834225893,False,False,True,plm_check_confident_pos
discogs_31156,mbrainz_13784,musicbrainz,discogs,1.0,True,True,True,gold
discogs_31187,mbrainz_7032,musicbrainz,discogs,1.0,True,True,True,gold
discogs_31194,mbrainz_7034,musicbrainz,discogs,1.0,True,True,True,gold
discogs_312,mbrainz_141,musicbrainz,discogs,1.0,True,True,True,gold
discogs_31230,mbrainz_7040,musicbrainz,discogs,1.0,True,True,True,gold
discogs_31270,mbrainz_7047,musicbrainz,discogs,1.0,True,True,True,gold
discogs_31284,mbrainz_7048,musicbrainz,discogs,0.9746164083,False,True,True,agreement
discogs_31285,mbrainz_7049,musicbrainz,discogs,0.9584233165,False,True,True,agreement
discogs_31289,mbrainz_5244,musicbrainz,discogs,1.0,True,True,True,gold
discogs_31300,mbrainz_7051,musicbrainz,discogs,1.0,True,True,True,gold
discogs_31349,mbrainz_7063,musicbrainz,discogs,1.0,True,True,True,gold
discogs_31353,mbrainz_7066,musicbrainz,discogs,1.0,True,True,True,gold
discogs_31354,mbrainz_7067,musicbrainz,discogs,0.9747943282,False,False,True,plm_check_confident_pos
discogs_31365,mbrainz_7068,musicbrainz,discogs,1.0,True,True,True,gold
discogs_31408,mbrainz_7077,musicbrainz,discogs,1.0,True,True,True,gold
discogs_3141,mbrainz_691,musicbrainz,discogs,1.0,True,True,True,gold
discogs_31421,mbrainz_7080,musicbrainz,discogs,1.0,True,True,True,gold
discogs_31421,mbrainz_7969,musicbrainz,discogs,0.9361761212,False,False,True,plm_check_confident_pos
discogs_31455,mbrainz_7084,musicbrainz,discogs,1.0,True,True,True,gold
discogs_31469,mbrainz_302,musicbrainz,discogs,0.9729350209,False,False,True,plm_check_confident_pos
discogs_31486,mbrainz_7088,musicbrainz,discogs,0.973733604,False,True,True,agreement
discogs_315,mbrainz_142,musicbrainz,discogs,1.0,True,True,True,gold
discogs_31505,mbrainz_7057,musicbrainz,discogs,0.9721070528,False,True,True,agreement
discogs_31569,mbrainz_7097,musicbrainz,discogs,1.0,True,True,True,gold
discogs_316,mbrainz_143,musicbrainz,discogs,1.0,True,True,True,gold
discogs_31667,mbrainz_5896,musicbrainz,discogs,1.0,True,True,True,gold
discogs_31671,mbrainz_7110,musicbrainz,discogs,1.0,True,True,True,gold
discogs_31687,mbrainz_7759,musicbrainz,discogs,1.0,True,True,True,gold
discogs_317,mbrainz_144,musicbrainz,discogs,1.0,True,True,True,gold
discogs_318,mbrainz_145,musicbrainz,discogs,1.0,True,True,True,gold
discogs_31814,mbrainz_4063,musicbrainz,discogs,1.0,True,True,True,gold
discogs_31879,mbrainz_7144,musicbrainz,discogs,1.0,True,False,True,gold
discogs_31882,mbrainz_7146,musicbrainz,discogs,1.0,True,True,True,gold
discogs_32000,mbrainz_7166,musicbrainz,discogs,1.0,True,False,True,gold
discogs_32003,mbrainz_7167,musicbrainz,discogs,1.0,True,True,True,gold
discogs_32031,mbrainz_791,musicbrainz,discogs,1.0,True,True,True,gold
discogs_32148,mbrainz_7191,musicbrainz,discogs,1.0,True,True,True,gold
discogs_32156,mbrainz_1954,musicbrainz,discogs,1.0,True,True,True,gold
discogs_3217,mbrainz_5766,musicbrainz,discogs,0.9653427005,False,False,True,plm_check_confident_pos
discogs_322,mbrainz_1378,musicbrainz,discogs,0.9323358536,False,True,True,agreement
discogs_3223,mbrainz_704,musicbrainz,discogs,1.0,True,True,True,gold
discogs_3224,mbrainz_705,musicbrainz,discogs,1.0,True,True,True,gold
discogs_32243,mbrainz_7209,musicbrainz,discogs,1.0,True,True,True,gold
discogs_32283,mbrainz_7217,musicbrainz,discogs,1.0,True,True,True,gold
discogs_32308,mbrainz_7223,musicbrainz,discogs,1.0,True,True,True,gold
discogs_3235,mbrainz_708,musicbrainz,discogs,1.0,True,True,True,gold
discogs_32364,mbrainz_11450,musicbrainz,discogs,0.9264608026,False,False,True,plm_check_confident_pos
discogs_32364,mbrainz_7231,musicbrainz,discogs,1.0,True,True,True,gold
discogs_32612,mbrainz_7275,musicbrainz,discogs,1.0,True,True,True,gold
discogs_327,mbrainz_147,musicbrainz,discogs,1.0,True,True,True,gold
discogs_32718,mbrainz_7297,musicbrainz,discogs,1.0,True,True,True,gold
discogs_32721,mbrainz_7298,musicbrainz,discogs,1.0,True,True,True,gold
discogs_32722,mbrainz_7299,musicbrainz,discogs,1.0,True,True,True,gold
discogs_32747,mbrainz_7301,musicbrainz,discogs,1.0,True,True,True,gold
discogs_32779,mbrainz_1013,musicbrainz,discogs,1.0,True,True,True,gold
discogs_328,mbrainz_148,musicbrainz,discogs,0.9732846618,False,True,True,agreement
discogs_32804,mbrainz_33262,musicbrainz,discogs,1.0,True,True,True,gold
discogs_32938,mbrainz_6210,musicbrainz,discogs,1.0,True,True,True,gold
discogs_32977,mbrainz_2067,musicbrainz,discogs,0.9402247071,False,False,True,plm_check_confident_pos
discogs_33069,mbrainz_7366,musicbrainz,discogs,0.9736846685,False,True,True,agreement
discogs_33098,mbrainz_6000,musicbrainz,discogs,0.9481667876,False,False,True,plm_check_confident_pos
discogs_33118,mbrainz_7379,musicbrainz,discogs,1.0,True,True,True,gold
discogs_33142,mbrainz_7386,musicbrainz,discogs,1.0,True,True,True,gold
discogs_33178,mbrainz_7393,musicbrainz,discogs,1.0,True,True,True,gold
discogs_33186,mbrainz_7395,musicbrainz,discogs,1.0,True,False,True,gold
discogs_332,mbrainz_149,musicbrainz,discogs,1.0,True,True,True,gold
discogs_33211,mbrainz_5933,musicbrainz,discogs,0.9733157158,False,True,True,agreement
discogs_33221,mbrainz_7408,musicbrainz,discogs,1.0,True,True,True,gold
discogs_33238,mbrainz_7410,musicbrainz,discogs,1.0,True,True,True,gold
discogs_333,mbrainz_150,musicbrainz,discogs,1.0,True,True,True,gold
discogs_334,mbrainz_151,musicbrainz,discogs,1.0,True,True,True,gold
discogs_33411,mbrainz_7447,musicbrainz,discogs,1.0,True,True,True,gold
discogs_33429,mbrainz_634,musicbrainz,discogs,0.9742751122,False,False,True,plm_check_confident_pos
discogs_33433,mbrainz_7456,musicbrainz,discogs,1.0,True,True,True,gold
discogs_33461,mbrainz_7462,musicbrainz,discogs,1.0,True,True,True,gold
discogs_33498,mbrainz_7470,musicbrainz,discogs,1.0,True,True,True,gold
discogs_33517,mbrainz_7475,musicbrainz,discogs,1.0,True,True,True,gold
discogs_33525,mbrainz_7479,musicbrainz,discogs,1.0,True,True,True,gold
discogs_33536,mbrainz_22806,musicbrainz,discogs,1.0,True,True,True,gold
discogs_33551,mbrainz_7486,musicbrainz,discogs,1.0,True,True,True,gold
discogs_33631,mbrainz_7510,musicbrainz,discogs,1.0,True,True,True,gold
discogs_33674,mbrainz_7519,musicbrainz,discogs,0.5893543363,False,True,True,agreement
discogs_337,mbrainz_153,musicbrainz,discogs,1.0,True,True,True,gold
discogs_33750,mbrainz_7534,musicbrainz,discogs,1.0,True,True,True,gold
discogs_33793,mbrainz_3548,musicbrainz,discogs,1.0,True,True,True,gold
discogs_3383,mbrainz_736,musicbrainz,discogs,1.0,True,True,True,gold
discogs_33852,mbrainz_7556,musicbrainz,discogs,1.0,True,True,True,gold
discogs_33925,mbrainz_7568,musicbrainz,discogs,1.0,True,True,True,gold
discogs_33970,mbrainz_7574,musicbrainz,discogs,0.9746957421,False,True,True,agreement
discogs_33982,mbrainz_7874,musicbrainz,discogs,1.0,True,True,True,gold
discogs_33994,mbrainz_7581,musicbrainz,discogs,1.0,True,True,True,gold
discogs_34,mbrainz_15,musicbrainz,discogs,1.0,True,True,True,gold
discogs_34042,mbrainz_7593,musicbrainz,discogs,1.0,True,True,True,gold
discogs_34097,mbrainz_7601,musicbrainz,discogs,1.0,True,False,True,gold
discogs_34098,mbrainz_7602,musicbrainz,discogs,1.0,True,True,True,gold
discogs_341,mbrainz_154,musicbrainz,discogs,1.0,True,True,True,gold
discogs_34162,mbrainz_7614,musicbrainz,discogs,1.0,True,True,True,gold
discogs_34172,mbrainz_2119,musicbrainz,discogs,1.0,True,False,True,gold
discogs_3423,mbrainz_742,musicbrainz,discogs,1.0,True,True,True,gold
discogs_34272,mbrainz_7643,musicbrainz,discogs,1.0,True,True,True,gold
discogs_3431,mbrainz_745,musicbrainz,discogs,1.0,True,False,True,gold
discogs_34322,mbrainz_7649,musicbrainz,discogs,1.0,True,True,True,gold
discogs_34498,mbrainz_7677,musicbrainz,discogs,0.9736049175,False,True,True,agreement
discogs_3453,mbrainz_739,musicbrainz,discogs,1.0,True,True,True,gold
discogs_34540,mbrainz_7687,musicbrainz,discogs,1.0,True,True,True,gold
discogs_34546,mbrainz_5751,musicbrainz,discogs,0.9263726473,False,False,True,plm_check_confident_pos
discogs_34584,mbrainz_7696,musicbrainz,discogs,0.9738821387,False,True,True,agreement
discogs_3460,mbrainz_754,musicbrainz,discogs,1.0,True,True,True,gold
discogs_34602,mbrainz_7702,musicbrainz,discogs,1.0,True,True,True,gold
discogs_34606,mbrainz_7703,musicbrainz,discogs,1.0,True,True,True,gold
discogs_3465,mbrainz_755,musicbrainz,discogs,1.0,True,True,True,gold
discogs_34664,mbrainz_7718,musicbrainz,discogs,1.0,True,True,True,gold
discogs_34722,mbrainz_7732,musicbrainz,discogs,1.0,True,True,True,gold
discogs_34725,mbrainz_7735,musicbrainz,discogs,0.9095050693,False,False,True,plm_check_confident_pos
discogs_34731,mbrainz_7736,musicbrainz,discogs,1.0,True,True,True,gold
discogs_34736,mbrainz_7738,musicbrainz,discogs,1.0,True,True,True,gold
discogs_3478,mbrainz_757,musicbrainz,discogs,1.0,True,True,True,gold
discogs_34803,mbrainz_7753,musicbrainz,discogs,0.9752716422,False,True,True,agreement
discogs_34853,mbrainz_7764,musicbrainz,discogs,1.0,True,True,True,gold
discogs_34882,mbrainz_7772,musicbrainz,discogs,0.9584496021,False,True,True,agreement
discogs_34884,mbrainz_7773,musicbrainz,discogs,1.0,True,True,True,gold
discogs_34940,mbrainz_7787,musicbrainz,discogs,1.0,True,True,True,gold
discogs_34949,mbrainz_7791,musicbrainz,discogs,1.0,True,True,True,gold
discogs_34968,mbrainz_5829,musicbrainz,discogs,0.9749398828,False,True,True,agreement
discogs_34982,mbrainz_30357,musicbrainz,discogs,0.8409935832,False,False,True,plm_check_confident_pos
discogs_34982,mbrainz_7798,musicbrainz,discogs,1.0,True,True,True,gold
discogs_34995,mbrainz_7800,musicbrainz,discogs,1.0,True,True,True,gold
discogs_35031,mbrainz_31451,musicbrainz,discogs,0.965678215,False,False,True,plm_check_confident_pos
discogs_35043,mbrainz_7810,musicbrainz,discogs,1.0,True,True,True,gold
discogs_35073,mbrainz_7819,musicbrainz,discogs,1.0,True,True,True,gold
discogs_35103,mbrainz_7828,musicbrainz,discogs,1.0,True,True,True,gold
discogs_35120,mbrainz_7832,musicbrainz,discogs,0.9753349423,False,True,True,agreement
discogs_3513,mbrainz_431,musicbrainz,discogs,0.9742431641,False,False,True,plm_check_confident_pos
discogs_35148,mbrainz_7840,musicbrainz,discogs,1.0,True,True,True,gold
discogs_35167,mbrainz_7844,musicbrainz,discogs,1.0,True,True,True,gold
discogs_35293,mbrainz_7870,musicbrainz,discogs,0.9702314138,False,True,True,agreement
discogs_35350,mbrainz_7886,musicbrainz,discogs,1.0,True,True,True,gold
discogs_35360,mbrainz_7889,musicbrainz,discogs,1.0,True,True,True,gold
discogs_35373,mbrainz_7894,musicbrainz,discogs,0.9352893233,False,True,True,agreement
discogs_35375,mbrainz_7895,musicbrainz,discogs,1.0,True,True,True,gold
discogs_35408,mbrainz_7519,musicbrainz,discogs,1.0,True,False,True,gold
discogs_3541,mbrainz_697,musicbrainz,discogs,1.0,True,True,True,gold
discogs_35468,mbrainz_107,musicbrainz,discogs,0.9733738899,False,False,True,plm_check_confident_pos
discogs_35477,mbrainz_7916,musicbrainz,discogs,1.0,True,True,True,gold
discogs_35594,mbrainz_7942,musicbrainz,discogs,1.0,True,True,True,gold
discogs_35628,mbrainz_10547,musicbrainz,discogs,0.9709872007369995,False,False,True,plm_check_confident_pos
discogs_35628,mbrainz_7953,musicbrainz,discogs,1.0,True,True,True,gold
discogs_35647,mbrainz_7956,musicbrainz,discogs,1.0,True,True,True,gold
discogs_35648,mbrainz_7957,musicbrainz,discogs,1.0,True,False,True,gold
discogs_3569,mbrainz_771,musicbrainz,discogs,1.0,True,True,True,gold
discogs_35690,mbrainz_7964,musicbrainz,discogs,1.0,True,True,True,gold
discogs_35700,mbrainz_7080,musicbrainz,discogs,0.9624832273,False,False,True,plm_check_confident_pos
discogs_35700,mbrainz_7969,musicbrainz,discogs,1.0,True,False,True,gold
discogs_35741,mbrainz_7972,musicbrainz,discogs,1.0,True,True,True,gold
discogs_35792,mbrainz_4435,musicbrainz,discogs,1.0,True,True,True,gold
discogs_35811,mbrainz_7986,musicbrainz,discogs,1.0,True,True,True,gold
discogs_35820,mbrainz_7988,musicbrainz,discogs,1.0,True,True,True,gold
discogs_35862,mbrainz_7995,musicbrainz,discogs,1.0,True,True,True,gold
discogs_35873,mbrainz_7996,musicbrainz,discogs,1.0,True,True,True,gold
discogs_3592,mbrainz_481,musicbrainz,discogs,0.9414544702,False,True,True,agreement
discogs_35962,mbrainz_1495,musicbrainz,discogs,0.9739897847,False,False,True,plm_check_confident_pos
discogs_35974,mbrainz_8020,musicbrainz,discogs,1.0,True,True,True,gold
discogs_35983,mbrainz_8024,musicbrainz,discogs,1.0,True,True,True,gold
discogs_36,mbrainz_16,musicbrainz,discogs,1.0,True,True,True,gold
discogs_36020,mbrainz_8031,musicbrainz,discogs,1.0,True,True,True,gold
discogs_36104,mbrainz_8045,musicbrainz,discogs,1.0,True,True,True,gold
discogs_36131,mbrainz_8051,musicbrainz,discogs,1.0,True,True,True,gold
discogs_36151,mbrainz_8053,musicbrainz,discogs,1.0,True,True,True,gold
discogs_36162,mbrainz_8055,musicbrainz,discogs,0.9615117311,False,True,True,agreement
discogs_36164,mbrainz_1497,musicbrainz,discogs,0.9733085632,False,False,True,plm_check_confident_pos
discogs_36182,mbrainz_6153,musicbrainz,discogs,0.9747904539,False,False,True,plm_check_confident_pos
discogs_36217,mbrainz_8067,musicbrainz,discogs,1.0,True,True,True,gold
discogs_36281,mbrainz_1432,musicbrainz,discogs,0.974481523,False,False,True,plm_check_confident_pos
discogs_36293,mbrainz_8079,musicbrainz,discogs,1.0,True,True,True,gold
discogs_36326,mbrainz_8084,musicbrainz,discogs,1.0,True,True,True,gold
discogs_36438,mbrainz_8104,musicbrainz,discogs,1.0,True,True,True,gold
discogs_3644,mbrainz_887,musicbrainz,discogs,1.0,True,True,True,gold
discogs_3645,mbrainz_347,musicbrainz,discogs,1.0,True,True,True,gold
discogs_36492,mbrainz_5251,musicbrainz,discogs,0.8626027107,False,False,True,plm_check_confident_pos
discogs_36551,mbrainz_3406,musicbrainz,discogs,1.0,True,True,True,gold
discogs_36574,mbrainz_6188,musicbrainz,discogs,0.7664753199,False,True,True,agreement
discogs_36606,mbrainz_8138,musicbrainz,discogs,1.0,True,True,True,gold
discogs_3661,mbrainz_789,musicbrainz,discogs,1.0,True,True,True,gold
discogs_36671,mbrainz_8147,musicbrainz,discogs,1.0,True,True,True,gold
discogs_36672,mbrainz_1593,musicbrainz,discogs,0.9732462764,False,False,True,plm_check_confident_pos
discogs_36675,mbrainz_8150,musicbrainz,discogs,0.9737117887,False,True,True,agreement
discogs_36677,mbrainz_8151,musicbrainz,discogs,1.0,True,True,True,gold
discogs_36690,mbrainz_742,musicbrainz,discogs,0.9364700913,False,False,True,plm_check_confident_pos
discogs_36787,mbrainz_7632,musicbrainz,discogs,0.9482856393,False,False,True,plm_check_confident_pos
discogs_36796,mbrainz_1867,musicbrainz,discogs,1.0,True,False,True,gold
discogs_36802,mbrainz_8177,musicbrainz,discogs,1.0,True,True,True,gold
discogs_36804,mbrainz_8178,musicbrainz,discogs,1.0,True,True,True,gold
discogs_3681,mbrainz_795,musicbrainz,discogs,1.0,True,True,True,gold
discogs_36814,mbrainz_1672,musicbrainz,discogs,0.8475176692,False,False,True,plm_check_confident_pos
discogs_36815,mbrainz_2132,musicbrainz,discogs,1.0,True,False,True,gold
discogs_36837,mbrainz_8182,musicbrainz,discogs,1.0,True,True,True,gold
discogs_3685,mbrainz_10450,musicbrainz,discogs,0.7669335604,False,True,True,agreement
discogs_36856,mbrainz_1269,musicbrainz,discogs,0.9590050578,False,True,True,agreement
discogs_36865,mbrainz_8191,musicbrainz,discogs,0.9737594128,False,True,True,agreement
discogs_36870,mbrainz_2750,musicbrainz,discogs,1.0,True,False,True,gold
discogs_36870,mbrainz_6312,musicbrainz,discogs,0.9583850502967834,False,False,True,plm_check_confident_pos
discogs_36875,mbrainz_8197,musicbrainz,discogs,1.0,True,True,True,gold
discogs_36887,mbrainz_1739,musicbrainz,discogs,0.6474176645,False,False,True,plm_check_llm_yes
discogs_36920,mbrainz_8209,musicbrainz,discogs,1.0,True,False,True,gold
discogs_36981,mbrainz_8220,musicbrainz,discogs,1.0,True,True,True,gold
discogs_36982,mbrainz_7499,musicbrainz,discogs,0.9727998972,False,True,True,agreement
discogs_36984,mbrainz_8222,musicbrainz,discogs,1.0,True,True,True,gold
discogs_37049,mbrainz_8237,musicbrainz,discogs,1.0,True,True,True,gold
discogs_37094,mbrainz_3276,musicbrainz,discogs,0.9361934662,False,False,True,plm_check_confident_pos
discogs_3712,mbrainz_801,musicbrainz,discogs,1.0,True,True,True,gold
discogs_37120,mbrainz_6924,musicbrainz,discogs,0.9600484967,False,False,True,plm_check_confident_pos
discogs_37120,mbrainz_8254,musicbrainz,discogs,1.0,True,False,True,gold
discogs_37168,mbrainz_8260,musicbrainz,discogs,1.0,True,True,True,gold
discogs_37199,mbrainz_8270,musicbrainz,discogs,1.0,True,True,True,gold
discogs_3720,mbrainz_803,musicbrainz,discogs,1.0,True,True,True,gold
discogs_37256,mbrainz_8278,musicbrainz,discogs,1.0,True,True,True,gold
discogs_37290,mbrainz_8285,musicbrainz,discogs,1.0,True,True,True,gold
discogs_37316,mbrainz_8289,musicbrainz,discogs,0.9616446495,False,True,True,agreement
discogs_3732,mbrainz_663,musicbrainz,discogs,1.0,True,True,True,gold
discogs_37328,mbrainz_2208,musicbrainz,discogs,0.8524980545,False,False,True,plm_check_confident_pos
discogs_37335,mbrainz_1910,musicbrainz,discogs,1.0,True,True,True,gold
discogs_37375,mbrainz_8305,musicbrainz,discogs,1.0,True,True,True,gold
discogs_37382,mbrainz_4447,musicbrainz,discogs,0.975184679,False,False,True,plm_check_confident_pos
discogs_3740,mbrainz_809,musicbrainz,discogs,1.0,True,True,True,gold
discogs_37402,mbrainz_8309,musicbrainz,discogs,1.0,True,True,True,gold
discogs_37405,mbrainz_8310,musicbrainz,discogs,1.0,True,True,True,gold
discogs_37420,mbrainz_8315,musicbrainz,discogs,1.0,True,True,True,gold
discogs_37434,mbrainz_6880,musicbrainz,discogs,1.0,True,True,True,gold
discogs_37445,mbrainz_8322,musicbrainz,discogs,1.0,True,True,True,gold
discogs_37464,mbrainz_8326,musicbrainz,discogs,1.0,True,True,True,gold
discogs_375,mbrainz_159,musicbrainz,discogs,0.9729620218,False,True,True,agreement
discogs_3750,mbrainz_814,musicbrainz,discogs,1.0,True,True,True,gold
discogs_37505,mbrainz_19871,musicbrainz,discogs,1.0,True,True,True,gold
discogs_37515,mbrainz_4761,musicbrainz,discogs,1.0,True,True,True,gold
discogs_37525,mbrainz_8334,musicbrainz,discogs,0.9734042287,False,True,True,agreement
discogs_3754,mbrainz_815,musicbrainz,discogs,1.0,True,True,True,gold
discogs_37547,mbrainz_8339,musicbrainz,discogs,1.0,True,True,True,gold
discogs_37576,mbrainz_8345,musicbrainz,discogs,1.0,True,True,True,gold
discogs_37577,mbrainz_8346,musicbrainz,discogs,0.9673125744,False,True,True,agreement
discogs_37589,mbrainz_8350,musicbrainz,discogs,1.0,True,True,True,gold
discogs_37627,mbrainz_8359,musicbrainz,discogs,1.0,True,True,True,gold
discogs_3771,mbrainz_822,musicbrainz,discogs,1.0,True,True,True,gold
discogs_37754,mbrainz_8387,musicbrainz,discogs,1.0,True,True,True,gold
discogs_37770,mbrainz_8393,musicbrainz,discogs,0.9377365708,False,True,True,agreement
discogs_37788,mbrainz_7867,musicbrainz,discogs,1.0,True,True,True,gold
discogs_37889,mbrainz_8417,musicbrainz,discogs,0.9742258787,False,True,True,agreement
discogs_37915,mbrainz_8423,musicbrainz,discogs,1.0,True,True,True,gold
discogs_37920,mbrainz_2337,musicbrainz,discogs,1.0,True,False,True,gold
discogs_37928,mbrainz_8426,musicbrainz,discogs,1.0,True,True,True,gold
discogs_37934,mbrainz_8427,musicbrainz,discogs,1.0,True,True,True,gold
discogs_37964,mbrainz_7857,musicbrainz,discogs,1.0,True,True,True,gold
discogs_38019,mbrainz_8451,musicbrainz,discogs,1.0,True,True,True,gold
discogs_38023,mbrainz_8453,musicbrainz,discogs,1.0,True,True,True,gold
discogs_38034,mbrainz_5312,musicbrainz,discogs,1.0,True,True,True,gold
discogs_3812,mbrainz_830,musicbrainz,discogs,1.0,True,True,True,gold
discogs_38120,mbrainz_8468,musicbrainz,discogs,1.0,True,True,True,gold
discogs_38142,mbrainz_8476,musicbrainz,discogs,1.0,True,True,True,gold
discogs_38159,mbrainz_8432,musicbrainz,discogs,0.9746540785,False,True,True,agreement
discogs_38204,mbrainz_2650,musicbrainz,discogs,0.9723943472,False,False,True,plm_check_confident_pos
discogs_38211,mbrainz_8495,musicbrainz,discogs,1.0,True,True,True,gold
discogs_38232,mbrainz_8502,musicbrainz,discogs,1.0,True,True,True,gold
discogs_38301,mbrainz_8518,musicbrainz,discogs,1.0,True,True,True,gold
discogs_38308,mbrainz_5751,musicbrainz,discogs,0.9165205956,False,False,True,plm_check_confident_pos
discogs_38346,mbrainz_8528,musicbrainz,discogs,1.0,True,True,True,gold
discogs_38380,mbrainz_8540,musicbrainz,discogs,1.0,True,True,True,gold
discogs_3840,mbrainz_6864,musicbrainz,discogs,1.0,True,True,True,gold
discogs_38402,mbrainz_6258,musicbrainz,discogs,0.943892777,False,True,True,agreement
discogs_3843,mbrainz_833,musicbrainz,discogs,0.9574819803,False,True,True,agreement
discogs_38430,mbrainz_8555,musicbrainz,discogs,0.9737082124,False,False,True,plm_check_confident_pos
discogs_38462,mbrainz_8562,musicbrainz,discogs,1.0,True,False,True,gold
discogs_38471,mbrainz_8566,musicbrainz,discogs,1.0,True,True,True,gold
discogs_38508,mbrainz_8576,musicbrainz,discogs,1.0,True,True,True,gold
discogs_38514,mbrainz_4382,musicbrainz,discogs,1.0,True,True,True,gold
discogs_3852,mbrainz_404,musicbrainz,discogs,0.9264588952,False,False,True,plm_check_confident_pos
discogs_38558,mbrainz_8589,musicbrainz,discogs,0.9749981165,False,True,True,agreement
discogs_38565,mbrainz_8593,musicbrainz,discogs,1.0,True,True,True,gold
discogs_38589,mbrainz_8160,musicbrainz,discogs,1.0,True,True,True,gold
discogs_38610,mbrainz_3396,musicbrainz,discogs,1.0,True,True,True,gold
discogs_38645,mbrainz_8612,musicbrainz,discogs,1.0,True,True,True,gold
discogs_38649,mbrainz_2737,musicbrainz,discogs,0.9557079673,False,False,True,plm_check_confident_pos
discogs_38657,mbrainz_8617,musicbrainz,discogs,1.0,True,True,True,gold
discogs_38678,mbrainz_8619,musicbrainz,discogs,1.0,True,True,True,gold
discogs_3868,mbrainz_839,musicbrainz,discogs,1.0,True,True,True,gold
discogs_38684,mbrainz_8206,musicbrainz,discogs,1.0,True,True,True,gold
discogs_38713,mbrainz_8627,musicbrainz,discogs,1.0,True,True,True,gold
discogs_38783,mbrainz_8645,musicbrainz,discogs,1.0,True,True,True,gold
discogs_38786,mbrainz_8646,musicbrainz,discogs,1.0,True,True,True,gold
discogs_388,mbrainz_160,musicbrainz,discogs,1.0,True,True,True,gold
discogs_38828,mbrainz_2477,musicbrainz,discogs,0.9495611191,False,False,True,plm_check_confident_pos
discogs_38838,mbrainz_3829,musicbrainz,discogs,1.0,True,True,True,gold
discogs_38886,mbrainz_8664,musicbrainz,discogs,1.0,True,True,True,gold
discogs_38956,mbrainz_8680,musicbrainz,discogs,0.9727640152,False,True,True,agreement
discogs_39084,mbrainz_8708,musicbrainz,discogs,1.0,True,True,True,gold
discogs_39094,mbrainz_8709,musicbrainz,discogs,1.0,True,True,True,gold
discogs_39175,mbrainz_8728,musicbrainz,discogs,1.0,True,False,True,gold
discogs_39210,mbrainz_8735,musicbrainz,discogs,1.0,True,True,True,gold
discogs_39215,mbrainz_2936,musicbrainz,discogs,1.0,True,True,True,gold
discogs_39224,mbrainz_8738,musicbrainz,discogs,1.0,True,True,True,gold
discogs_39237,mbrainz_7697,musicbrainz,discogs,1.0,True,True,True,gold
discogs_39238,mbrainz_8393,musicbrainz,discogs,1.0,True,False,True,gold
discogs_39257,mbrainz_1530,musicbrainz,discogs,1.0,True,True,True,gold
discogs_3927,mbrainz_849,musicbrainz,discogs,1.0,True,True,True,gold
discogs_3927,mbrainz_893,musicbrainz,discogs,0.9733336568,False,False,True,plm_check_confident_pos
discogs_39307,mbrainz_8751,musicbrainz,discogs,0.9753858447,False,True,True,agreement
discogs_39338,mbrainz_1792,musicbrainz,discogs,0.8525131345,False,False,True,plm_check_confident_pos
discogs_39404,mbrainz_8768,musicbrainz,discogs,1.0,True,True,True,gold
discogs_39421,mbrainz_85,musicbrainz,discogs,0.9731411338,False,False,True,plm_check_confident_pos
discogs_39425,mbrainz_8774,musicbrainz,discogs,1.0,True,True,True,gold
discogs_3949,mbrainz_853,musicbrainz,discogs,1.0,True,True,True,gold
discogs_39513,mbrainz_8791,musicbrainz,discogs,1.0,True,True,True,gold
discogs_39611,mbrainz_2028,musicbrainz,discogs,0.9083718657493591,False,False,True,plm_check_confident_pos
discogs_39611,mbrainz_8813,musicbrainz,discogs,1.0,True,False,True,gold
discogs_39621,mbrainz_6341,musicbrainz,discogs,1.0,True,True,True,gold
discogs_39628,mbrainz_8820,musicbrainz,discogs,1.0,True,True,True,gold
discogs_39651,mbrainz_209,musicbrainz,discogs,0.9485969543,False,False,True,plm_check_confident_pos
discogs_3966,mbrainz_858,musicbrainz,discogs,1.0,True,False,True,gold
discogs_39704,mbrainz_1952,musicbrainz,discogs,0.9121515155,False,True,True,agreement
discogs_39745,mbrainz_8432,musicbrainz,discogs,1.0,True,False,True,gold
discogs_39816,mbrainz_8868,musicbrainz,discogs,1.0,True,True,True,gold
discogs_39825,mbrainz_8555,musicbrainz,discogs,0.9753441215,False,False,True,plm_check_confident_pos
discogs_39828,mbrainz_8555,musicbrainz,discogs,1.0,True,True,True,gold
discogs_39862,mbrainz_3194,musicbrainz,discogs,1.0,True,True,True,gold
discogs_39901,mbrainz_8893,musicbrainz,discogs,1.0,True,True,True,gold
discogs_39916,mbrainz_5932,musicbrainz,discogs,1.0,True,True,True,gold
discogs_39989,mbrainz_8914,musicbrainz,discogs,1.0,True,True,True,gold
discogs_4,mbrainz_2,musicbrainz,discogs,1.0,True,True,True,gold
discogs_40,mbrainz_17,musicbrainz,discogs,1.0,True,True,True,gold
discogs_40107,mbrainz_8936,musicbrainz,discogs,1.0,True,True,True,gold
discogs_40133,mbrainz_8941,musicbrainz,discogs,1.0,True,True,True,gold
discogs_40185,mbrainz_8950,musicbrainz,discogs,1.0,True,True,True,gold
discogs_40210,mbrainz_8542,musicbrainz,discogs,1.0,True,True,True,gold
discogs_40227,mbrainz_5040,musicbrainz,discogs,0.9704194069,False,False,True,plm_check_confident_pos
discogs_40271,mbrainz_8968,musicbrainz,discogs,1.0,True,True,True,gold
discogs_40278,mbrainz_8972,musicbrainz,discogs,0.8962717652,False,True,True,agreement
discogs_4028,mbrainz_865,musicbrainz,discogs,1.0,True,True,True,gold
discogs_40357,mbrainz_8368,musicbrainz,discogs,1.0,True,True,True,gold
discogs_4037,mbrainz_867,musicbrainz,discogs,1.0,True,True,True,gold
discogs_4039,mbrainz_868,musicbrainz,discogs,1.0,True,True,True,gold
discogs_404,mbrainz_164,musicbrainz,discogs,1.0,True,True,True,gold
discogs_40400,mbrainz_8994,musicbrainz,discogs,1.0,True,True,True,gold
discogs_40405,mbrainz_1554,musicbrainz,discogs,1.0,True,True,True,gold
discogs_40459,mbrainz_9005,musicbrainz,discogs,1.0,True,True,True,gold
discogs_40462,mbrainz_9006,musicbrainz,discogs,1.0,True,True,True,gold
discogs_4048,mbrainz_869,musicbrainz,discogs,1.0,True,True,True,gold
discogs_4049,mbrainz_870,musicbrainz,discogs,1.0,True,True,True,gold
discogs_40516,mbrainz_9017,musicbrainz,discogs,1.0,True,True,True,gold
discogs_4055,mbrainz_871,musicbrainz,discogs,1.0,True,True,True,gold
discogs_40562,mbrainz_9028,musicbrainz,discogs,1.0,True,True,True,gold
discogs_40584,mbrainz_9033,musicbrainz,discogs,1.0,True,True,True,gold
discogs_40588,mbrainz_9035,musicbrainz,discogs,1.0,True,True,True,gold
discogs_40631,mbrainz_9043,musicbrainz,discogs,1.0,True,True,True,gold
discogs_40655,mbrainz_9048,musicbrainz,discogs,1.0,True,False,True,gold
discogs_40693,mbrainz_9055,musicbrainz,discogs,1.0,True,True,True,gold
discogs_4071,mbrainz_872,musicbrainz,discogs,0.9730196595,False,True,True,agreement
discogs_4073,mbrainz_873,musicbrainz,discogs,0.974011302,False,True,True,agreement
discogs_40736,mbrainz_9062,musicbrainz,discogs,0.9728379846,False,True,True,agreement
discogs_4074,mbrainz_719,musicbrainz,discogs,1.0,True,True,True,gold
discogs_40742,mbrainz_9063,musicbrainz,discogs,1.0,True,True,True,gold
discogs_40744,mbrainz_9064,musicbrainz,discogs,1.0,True,True,True,gold
discogs_40761,mbrainz_9069,musicbrainz,discogs,1.0,True,True,True,gold
discogs_40782,mbrainz_1767,musicbrainz,discogs,1.0,True,True,True,gold
discogs_408,mbrainz_145,musicbrainz,discogs,0.9707624912,False,False,True,plm_check_confident_pos
discogs_40815,mbrainz_9083,musicbrainz,discogs,1.0,True,True,True,gold
discogs_40842,mbrainz_9089,musicbrainz,discogs,1.0,True,True,True,gold
discogs_4090,mbrainz_876,musicbrainz,discogs,1.0,True,True,True,gold
discogs_40959,mbrainz_1101,musicbrainz,discogs,0.9640129209,False,False,True,plm_check_confident_pos
discogs_40979,mbrainz_9117,musicbrainz,discogs,1.0,True,True,True,gold
discogs_40981,mbrainz_9118,musicbrainz,discogs,1.0,True,True,True,gold
discogs_4099,mbrainz_877,musicbrainz,discogs,1.0,True,True,True,gold
discogs_41070,mbrainz_9138,musicbrainz,discogs,1.0,True,True,True,gold
discogs_41077,mbrainz_9140,musicbrainz,discogs,1.0,True,True,True,gold
discogs_41089,mbrainz_9144,musicbrainz,discogs,1.0,True,True,True,gold
discogs_4114,mbrainz_882,musicbrainz,discogs,0.9741029143,False,True,True,agreement
discogs_41151,mbrainz_9159,musicbrainz,discogs,1.0,True,True,True,gold
discogs_41162,mbrainz_1724,musicbrainz,discogs,0.9751005769,False,False,True,plm_check_confident_pos
discogs_41186,mbrainz_9167,musicbrainz,discogs,1.0,True,True,True,gold
discogs_41216,mbrainz_2611,musicbrainz,discogs,0.9717475772,False,False,True,plm_check_confident_pos
discogs_41247,mbrainz_9180,musicbrainz,discogs,1.0,True,True,True,gold
discogs_41254,mbrainz_9183,musicbrainz,discogs,0.9734005332,False,True,True,agreement
discogs_41256,mbrainz_9185,musicbrainz,discogs,1.0,True,True,True,gold
discogs_41261,mbrainz_20678,musicbrainz,discogs,1.0,True,True,True,gold
discogs_41282,mbrainz_9193,musicbrainz,discogs,1.0,True,True,True,gold
discogs_41394,mbrainz_9216,musicbrainz,discogs,1.0,True,True,True,gold
discogs_41431,mbrainz_9225,musicbrainz,discogs,1.0,True,True,True,gold
discogs_41489,mbrainz_9235,musicbrainz,discogs,1.0,True,True,True,gold
discogs_41496,mbrainz_2404,musicbrainz,discogs,0.7952179909,False,True,True,agreement
discogs_41511,mbrainz_9239,musicbrainz,discogs,1.0,True,True,True,gold
discogs_41519,mbrainz_9242,musicbrainz,discogs,1.0,True,True,True,gold
discogs_41520,mbrainz_9243,musicbrainz,discogs,0.9749558568,False,True,True,agreement
discogs_41571,mbrainz_9089,musicbrainz,discogs,0.7057818174,False,False,True,plm_check_confident_pos
discogs_41613,mbrainz_8534,musicbrainz,discogs,1.0,True,True,True,gold
discogs_41614,mbrainz_8861,musicbrainz,discogs,1.0,True,True,True,gold
discogs_4162,mbrainz_891,musicbrainz,discogs,1.0,True,True,True,gold
discogs_41637,mbrainz_9273,musicbrainz,discogs,1.0,True,True,True,gold
discogs_4168,mbrainz_849,musicbrainz,discogs,0.9738698602,False,False,True,plm_check_confident_pos
discogs_4168,mbrainz_893,musicbrainz,discogs,1.0,True,True,True,gold
discogs_41687,mbrainz_9287,musicbrainz,discogs,0.9730145931,False,False,True,plm_check_confident_pos
discogs_4172,mbrainz_894,musicbrainz,discogs,1.0,True,True,True,gold
discogs_4174,mbrainz_896,musicbrainz,discogs,1.0,True,True,True,gold
discogs_41750,mbrainz_9299,musicbrainz,discogs,1.0,True,True,True,gold
discogs_41756,mbrainz_791,musicbrainz,discogs,0.9521864057,False,False,True,plm_check_confident_pos
discogs_41778,mbrainz_9310,musicbrainz,discogs,1.0,True,True,True,gold
discogs_41824,mbrainz_9318,musicbrainz,discogs,1.0,True,True,True,gold
discogs_41826,mbrainz_9319,musicbrainz,discogs,1.0,True,True,True,gold
discogs_41860,mbrainz_9327,musicbrainz,discogs,1.0,True,True,True,gold
discogs_41863,mbrainz_4743,musicbrainz,discogs,1.0,True,True,True,gold
discogs_41876,mbrainz_9334,musicbrainz,discogs,1.0,True,True,True,gold
discogs_41895,mbrainz_9340,musicbrainz,discogs,1.0,True,True,True,gold
discogs_41929,mbrainz_9349,musicbrainz,discogs,1.0,True,True,True,gold
discogs_41979,mbrainz_9360,musicbrainz,discogs,1.0,True,True,True,gold
discogs_42015,mbrainz_11890,musicbrainz,discogs,0.8881438375,False,True,True,agreement
discogs_42022,mbrainz_9370,musicbrainz,discogs,1.0,True,False,True,gold
discogs_42029,mbrainz_9373,musicbrainz,discogs,1.0,True,True,True,gold
discogs_42153,mbrainz_9394,musicbrainz,discogs,1.0,True,True,True,gold
discogs_42180,mbrainz_9400,musicbrainz,discogs,0.9646750689,False,False,True,plm_check_confident_pos
discogs_42181,mbrainz_9401,musicbrainz,discogs,1.0,True,True,True,gold
discogs_42210,mbrainz_9406,musicbrainz,discogs,1.0,True,True,True,gold
discogs_42216,mbrainz_2650,musicbrainz,discogs,1.0,True,False,True,gold
discogs_42230,mbrainz_9412,musicbrainz,discogs,1.0,True,True,True,gold
discogs_42238,mbrainz_7057,musicbrainz,discogs,1.0,True,False,True,gold
discogs_4227,mbrainz_905,musicbrainz,discogs,0.9730314016,False,True,True,agreement
discogs_42342,mbrainz_2185,musicbrainz,discogs,1.0,True,False,True,gold
discogs_42401,mbrainz_9443,musicbrainz,discogs,1.0,True,True,True,gold
discogs_42410,mbrainz_22462,musicbrainz,discogs,0.9553600549697876,False,False,True,plm_check_confident_pos
discogs_42410,mbrainz_9446,musicbrainz,discogs,1.0,True,True,True,gold
discogs_42411,mbrainz_9447,musicbrainz,discogs,0.9739549756,False,True,True,agreement
discogs_42413,mbrainz_9448,musicbrainz,discogs,0.94968611,False,True,True,agreement
discogs_42434,mbrainz_9451,musicbrainz,discogs,1.0,True,False,True,gold
discogs_42439,mbrainz_9452,musicbrainz,discogs,1.0,True,True,True,gold
discogs_42487,mbrainz_11491,musicbrainz,discogs,1.0,True,True,True,gold
discogs_42500,mbrainz_9467,musicbrainz,discogs,1.0,True,True,True,gold
discogs_42524,mbrainz_199,musicbrainz,discogs,1.0,True,False,True,gold
discogs_4255,mbrainz_910,musicbrainz,discogs,1.0,True,True,True,gold
discogs_4257,mbrainz_912,musicbrainz,discogs,1.0,True,True,True,gold
discogs_42571,mbrainz_3525,musicbrainz,discogs,1.0,True,True,True,gold
discogs_42601,mbrainz_16630,musicbrainz,discogs,0.7652420402,False,True,True,agreement
discogs_42605,mbrainz_9489,musicbrainz,discogs,0.9749560952,False,False,True,plm_check_confident_pos
discogs_42627,mbrainz_8542,musicbrainz,discogs,0.9331322312,False,False,True,plm_check_confident_pos
discogs_42649,mbrainz_9095,musicbrainz,discogs,0.9744140506,False,True,True,agreement
discogs_4265,mbrainz_914,musicbrainz,discogs,1.0,True,False,True,gold
discogs_42713,mbrainz_9508,musicbrainz,discogs,1.0,True,True,True,gold
discogs_42724,mbrainz_9510,musicbrainz,discogs,0.9701029062,False,True,True,agreement
discogs_42799,mbrainz_9521,musicbrainz,discogs,0.7665728331,False,False,True,plm_check_confident_pos
discogs_42818,mbrainz_2556,musicbrainz,discogs,0.9753469229,False,True,True,agreement
discogs_42872,mbrainz_9536,musicbrainz,discogs,1.0,True,True,True,gold
discogs_42877,mbrainz_9537,musicbrainz,discogs,1.0,True,True,True,gold
discogs_42882,mbrainz_9538,musicbrainz,discogs,1.0,True,True,True,gold
discogs_42939,mbrainz_9549,musicbrainz,discogs,1.0,True,False,True,gold
discogs_42979,mbrainz_4836,musicbrainz,discogs,0.8666370511,False,False,True,plm_check_confident_pos
discogs_42980,mbrainz_7753,musicbrainz,discogs,0.9752716422,False,False,True,plm_check_confident_pos
discogs_43,mbrainz_18,musicbrainz,discogs,1.0,True,True,True,gold
discogs_4302,mbrainz_919,musicbrainz,discogs,1.0,True,True,True,gold
discogs_43027,mbrainz_9567,musicbrainz,discogs,1.0,True,True,True,gold
discogs_43081,mbrainz_9576,musicbrainz,discogs,1.0,True,True,True,gold
discogs_43099,mbrainz_9583,musicbrainz,discogs,1.0,True,True,True,gold
discogs_4314,mbrainz_742,musicbrainz,discogs,0.9739096165,False,False,True,plm_check_confident_pos
discogs_43200,mbrainz_8816,musicbrainz,discogs,1.0,True,True,True,gold
discogs_43244,mbrainz_9620,musicbrainz,discogs,1.0,True,False,True,gold
discogs_43395,mbrainz_9652,musicbrainz,discogs,1.0,True,True,True,gold
discogs_43420,mbrainz_9660,musicbrainz,discogs,1.0,True,True,True,gold
discogs_43434,mbrainz_2012,musicbrainz,discogs,0.9640766978,False,True,True,agreement
discogs_4345,mbrainz_931,musicbrainz,discogs,1.0,True,True,True,gold
discogs_43451,mbrainz_9668,musicbrainz,discogs,1.0,True,True,True,gold
discogs_43498,mbrainz_5260,musicbrainz,discogs,1.0,True,False,True,gold
discogs_43517,mbrainz_9680,musicbrainz,discogs,1.0,True,True,True,gold
discogs_43583,mbrainz_9690,musicbrainz,discogs,1.0,True,True,True,gold
discogs_43674,mbrainz_9705,musicbrainz,discogs,1.0,True,True,True,gold
discogs_43684,mbrainz_9706,musicbrainz,discogs,1.0,True,True,True,gold
discogs_437,mbrainz_18311,musicbrainz,discogs,1.0,True,True,True,gold
discogs_43712,mbrainz_9716,musicbrainz,discogs,1.0,True,True,True,gold
discogs_43755,mbrainz_2199,musicbrainz,discogs,0.8999966979,False,False,True,plm_check_confident_pos
discogs_43760,mbrainz_9730,musicbrainz,discogs,1.0,True,True,True,gold
discogs_4380,mbrainz_934,musicbrainz,discogs,1.0,True,False,True,gold
discogs_4381,mbrainz_227,musicbrainz,discogs,1.0,True,True,True,gold
discogs_43817,mbrainz_791,musicbrainz,discogs,0.931278348,False,False,True,plm_check_confident_pos
discogs_43818,mbrainz_1153,musicbrainz,discogs,1.0,True,True,True,gold
discogs_43838,mbrainz_12216,musicbrainz,discogs,1.0,True,True,True,gold
discogs_43839,mbrainz_9749,musicbrainz,discogs,1.0,True,True,True,gold
discogs_43848,mbrainz_1813,musicbrainz,discogs,0.9501910806,False,False,True,plm_check_confident_pos
discogs_43877,mbrainz_7673,musicbrainz,discogs,1.0,True,True,True,gold
discogs_439,mbrainz_166,musicbrainz,discogs,0.9729265571,False,False,True,plm_check_confident_pos
discogs_43910,mbrainz_9767,musicbrainz,discogs,1.0,True,True,True,gold
discogs_43927,mbrainz_9768,musicbrainz,discogs,0.9730145931,False,True,True,agreement
discogs_43952,mbrainz_9771,musicbrainz,discogs,1.0,True,True,True,gold
discogs_43994,mbrainz_284,musicbrainz,discogs,0.8657231331,False,False,True,plm_check_confident_pos
discogs_44,mbrainz_19,musicbrainz,discogs,0.9733170271,False,True,True,agreement
discogs_44022,mbrainz_9789,musicbrainz,discogs,0.9728665352,False,True,True,agreement
discogs_44035,mbrainz_9794,musicbrainz,discogs,1.0,True,True,True,gold
discogs_44049,mbrainz_11785,musicbrainz,discogs,0.958019793,False,False,True,plm_check_confident_pos
discogs_44049,mbrainz_9799,musicbrainz,discogs,1.0,True,True,True,gold
discogs_4407,mbrainz_13416,musicbrainz,discogs,0.9584310055,False,True,True,agreement
discogs_44103,mbrainz_9807,musicbrainz,discogs,0.9728072286,False,True,True,agreement
discogs_44127,mbrainz_9817,musicbrainz,discogs,0.9731441736,False,True,True,agreement
discogs_44191,mbrainz_9693,musicbrainz,discogs,1.0,True,True,True,gold
discogs_44271,mbrainz_9841,musicbrainz,discogs,1.0,True,True,True,gold
discogs_44313,mbrainz_9848,musicbrainz,discogs,1.0,True,True,True,gold
discogs_44494,mbrainz_9881,musicbrainz,discogs,1.0,True,True,True,gold
discogs_44496,mbrainz_9882,musicbrainz,discogs,1.0,True,True,True,gold
discogs_4452,mbrainz_952,musicbrainz,discogs,1.0,True,True,True,gold
discogs_44579,mbrainz_9903,musicbrainz,discogs,1.0,True,True,True,gold
discogs_44616,mbrainz_337,musicbrainz,discogs,1.0,True,False,True,gold
discogs_44619,mbrainz_9908,musicbrainz,discogs,1.0,True,True,True,gold
discogs_44625,mbrainz_8393,musicbrainz,discogs,0.9534090757,False,False,True,plm_check_confident_pos
discogs_4467,mbrainz_957,musicbrainz,discogs,1.0,True,True,True,gold
discogs_44692,mbrainz_9927,musicbrainz,discogs,1.0,True,True,True,gold
discogs_44733,mbrainz_16773,musicbrainz,discogs,0.940266788,False,False,True,plm_check_confident_pos
discogs_44733,mbrainz_25550,musicbrainz,discogs,0.7451217770576477,False,False,True,plm_check_confident_pos
discogs_44751,mbrainz_9945,musicbrainz,discogs,1.0,True,True,True,gold
discogs_44829,mbrainz_27523,musicbrainz,discogs,1.0,True,True,True,gold
discogs_44830,mbrainz_10535,musicbrainz,discogs,1.0,True,True,True,gold
discogs_44895,mbrainz_9980,musicbrainz,discogs,0.9728278518,False,True,True,agreement
discogs_44959,mbrainz_9996,musicbrainz,discogs,1.0,True,True,True,gold
discogs_44960,mbrainz_9997,musicbrainz,discogs,1.0,True,True,True,gold
discogs_44967,mbrainz_9998,musicbrainz,discogs,1.0,True,True,True,gold
discogs_44975,mbrainz_10000,musicbrainz,discogs,1.0,True,True,True,gold
discogs_45000,mbrainz_2507,musicbrainz,discogs,0.7362350821,False,True,True,agreement
discogs_45014,mbrainz_2249,musicbrainz,discogs,0.9731240869,False,False,True,plm_check_confident_pos
discogs_4503,mbrainz_961,musicbrainz,discogs,1.0,True,True,True,gold
discogs_45042,mbrainz_22348,musicbrainz,discogs,1.0,True,True,True,gold
discogs_45073,mbrainz_10020,musicbrainz,discogs,1.0,True,True,True,gold
discogs_45096,mbrainz_10025,musicbrainz,discogs,1.0,True,True,True,gold
discogs_45097,mbrainz_5943,musicbrainz,discogs,0.925927937,False,True,True,agreement
discogs_45107,mbrainz_8120,musicbrainz,discogs,1.0,True,True,True,gold
discogs_45129,mbrainz_10030,musicbrainz,discogs,1.0,True,True,True,gold
discogs_45151,mbrainz_10035,musicbrainz,discogs,1.0,True,True,True,gold
discogs_452,mbrainz_169,musicbrainz,discogs,1.0,True,True,True,gold
discogs_45332,mbrainz_10077,musicbrainz,discogs,1.0,True,True,True,gold
discogs_45361,mbrainz_10080,musicbrainz,discogs,1.0,True,True,True,gold
discogs_45495,mbrainz_1910,musicbrainz,discogs,0.8591679335,False,False,True,plm_check_confident_pos
discogs_45502,mbrainz_10099,musicbrainz,discogs,1.0,True,True,True,gold
discogs_45539,mbrainz_8711,musicbrainz,discogs,1.0,True,True,True,gold
discogs_45541,mbrainz_10107,musicbrainz,discogs,1.0,True,False,True,gold
discogs_45554,mbrainz_1734,musicbrainz,discogs,1.0,True,True,True,gold
discogs_45564,mbrainz_10112,musicbrainz,discogs,1.0,True,True,True,gold
discogs_4558,mbrainz_970,musicbrainz,discogs,0.9736018181,False,True,True,agreement
discogs_45583,mbrainz_10115,musicbrainz,discogs,1.0,True,True,True,gold
discogs_45586,mbrainz_10116,musicbrainz,discogs,1.0,True,True,True,gold
discogs_45593,mbrainz_10117,musicbrainz,discogs,1.0,True,False,True,gold
discogs_45604,mbrainz_10121,musicbrainz,discogs,1.0,True,True,True,gold
discogs_45669,mbrainz_10128,musicbrainz,discogs,1.0,True,True,True,gold
discogs_45704,mbrainz_10132,musicbrainz,discogs,1.0,True,True,True,gold
discogs_4572,mbrainz_971,musicbrainz,discogs,1.0,True,True,True,gold
discogs_45729,mbrainz_10043,musicbrainz,discogs,1.0,True,True,True,gold
discogs_45737,mbrainz_10140,musicbrainz,discogs,1.0,True,True,True,gold
discogs_45839,mbrainz_3601,musicbrainz,discogs,1.0,True,True,True,gold
discogs_45853,mbrainz_10156,musicbrainz,discogs,0.9751659036,False,True,True,agreement
discogs_4590,mbrainz_972,musicbrainz,discogs,1.0,True,True,True,gold
discogs_4591,mbrainz_973,musicbrainz,discogs,1.0,True,True,True,gold
discogs_45911,mbrainz_7965,musicbrainz,discogs,1.0,True,False,True,gold
discogs_45968,mbrainz_4225,musicbrainz,discogs,0.7297436595,False,False,True,plm_check_confident_pos
discogs_46,mbrainz_20,musicbrainz,discogs,1.0,True,True,True,gold
discogs_46008,mbrainz_10192,musicbrainz,discogs,1.0,True,True,True,gold
discogs_4601,mbrainz_974,musicbrainz,discogs,1.0,True,True,True,gold
discogs_4604,mbrainz_975,musicbrainz,discogs,1.0,True,True,True,gold
discogs_4608,mbrainz_480,musicbrainz,discogs,1.0,True,True,True,gold
discogs_46122,mbrainz_10209,musicbrainz,discogs,0.9735407233,False,True,True,agreement
discogs_46189,mbrainz_10222,musicbrainz,discogs,0.9602643251,False,False,True,plm_check_confident_pos
discogs_46208,mbrainz_10229,musicbrainz,discogs,1.0,True,True,True,gold
discogs_4621,mbrainz_978,musicbrainz,discogs,1.0,True,True,True,gold
discogs_46245,mbrainz_10238,musicbrainz,discogs,0.9354504347,False,True,True,agreement
discogs_46246,mbrainz_10239,musicbrainz,discogs,1.0,True,True,True,gold
discogs_46253,mbrainz_2011,musicbrainz,discogs,1.0,True,True,True,gold
discogs_46260,mbrainz_10240,musicbrainz,discogs,0.9732202888,False,True,True,agreement
discogs_46276,mbrainz_10244,musicbrainz,discogs,1.0,True,True,True,gold
discogs_46329,mbrainz_10253,musicbrainz,discogs,1.0,True,True,True,gold
discogs_46339,mbrainz_10254,musicbrainz,discogs,1.0,True,True,True,gold
discogs_46352,mbrainz_4253,musicbrainz,discogs,1.0,True,True,True,gold
discogs_46469,mbrainz_3664,musicbrainz,discogs,0.946462512,False,True,True,agreement
discogs_46486,mbrainz_10293,musicbrainz,discogs,1.0,True,True,True,gold
discogs_46498,mbrainz_10294,musicbrainz,discogs,1.0,True,True,True,gold
discogs_46527,mbrainz_10300,musicbrainz,discogs,1.0,True,True,True,gold
discogs_46536,mbrainz_10302,musicbrainz,discogs,1.0,True,True,True,gold
discogs_46539,mbrainz_2298,musicbrainz,discogs,1.0,True,True,True,gold
discogs_4663,mbrainz_839,musicbrainz,discogs,0.974252224,False,False,True,plm_check_confident_pos
discogs_46646,mbrainz_10321,musicbrainz,discogs,1.0,True,True,True,gold
discogs_46672,mbrainz_10328,musicbrainz,discogs,1.0,True,True,True,gold
discogs_46672,mbrainz_23838,musicbrainz,discogs,0.708730638,False,False,True,plm_check_confident_pos
discogs_46676,mbrainz_10329,musicbrainz,discogs,1.0,True,True,True,gold
discogs_46680,mbrainz_28213,musicbrainz,discogs,1.0,True,True,True,gold
discogs_46683,mbrainz_10331,musicbrainz,discogs,1.0,True,False,True,gold
discogs_467,mbrainz_171,musicbrainz,discogs,0.9753577113,False,True,True,agreement
discogs_4676,mbrainz_179,musicbrainz,discogs,0.942136287689209,False,False,True,plm_check_confident_pos
discogs_4676,mbrainz_180,musicbrainz,discogs,0.9431339502,False,False,True,plm_check_confident_pos
discogs_468,mbrainz_172,musicbrainz,discogs,1.0,True,True,True,gold
discogs_46813,mbrainz_2224,musicbrainz,discogs,0.9153176546,False,False,True,plm_check_confident_pos
discogs_46842,mbrainz_4341,musicbrainz,discogs,0.9746855497,False,False,True,plm_check_confident_pos
discogs_46874,mbrainz_10374,musicbrainz,discogs,1.0,True,True,True,gold
discogs_46882,mbrainz_10376,musicbrainz,discogs,0.9638764262,False,False,True,plm_check_confident_pos
discogs_46902,mbrainz_10382,musicbrainz,discogs,0.9722922444,False,False,True,plm_check_confident_pos
discogs_46909,mbrainz_10384,musicbrainz,discogs,1.0,True,True,True,gold
discogs_46923,mbrainz_2005,musicbrainz,discogs,1.0,True,True,True,gold
discogs_46936,mbrainz_1767,musicbrainz,discogs,0.9755200148,False,False,True,plm_check_confident_pos
discogs_46941,mbrainz_10391,musicbrainz,discogs,0.7638024688,False,True,True,agreement
discogs_46941,mbrainz_7048,musicbrainz,discogs,0.745429337,False,False,True,plm_check_confident_pos
discogs_46977,mbrainz_10399,musicbrainz,discogs,0.9750491381,False,True,True,agreement
discogs_4703,mbrainz_994,musicbrainz,discogs,1.0,True,True,True,gold
discogs_47100,mbrainz_10426,musicbrainz,discogs,1.0,True,True,True,gold
discogs_472,mbrainz_174,musicbrainz,discogs,1.0,True,True,True,gold
discogs_47239,mbrainz_10455,musicbrainz,discogs,1.0,True,False,True,gold
discogs_47247,mbrainz_3628,musicbrainz,discogs,0.9734366536,False,True,True,agreement
discogs_47281,mbrainz_10465,musicbrainz,discogs,0.9744375944,False,True,True,agreement
discogs_473,mbrainz_175,musicbrainz,discogs,1.0,True,False,True,gold
discogs_4730,mbrainz_998,musicbrainz,discogs,1.0,True,True,True,gold
discogs_4731,mbrainz_999,musicbrainz,discogs,1.0,True,True,True,gold
discogs_47336,mbrainz_10474,musicbrainz,discogs,1.0,True,True,True,gold
discogs_47438,mbrainz_2532,musicbrainz,discogs,1.0,True,True,True,gold
discogs_47554,mbrainz_9415,musicbrainz,discogs,1.0,True,True,True,gold
discogs_47729,mbrainz_10547,musicbrainz,discogs,1.0,True,True,True,gold
discogs_47729,mbrainz_7953,musicbrainz,discogs,0.9473188519477844,False,False,True,plm_check_confident_pos
discogs_47891,mbrainz_10569,musicbrainz,discogs,1.0,True,True,True,gold
discogs_47917,mbrainz_9882,musicbrainz,discogs,0.9650771618,False,False,True,plm_check_confident_pos
discogs_47948,mbrainz_10580,musicbrainz,discogs,1.0,True,True,True,gold
discogs_47971,mbrainz_10584,musicbrainz,discogs,1.0,True,True,True,gold
discogs_48010,mbrainz_10590,musicbrainz,discogs,1.0,True,True,True,gold
discogs_48032,mbrainz_3014,musicbrainz,discogs,0.7512212991714478,False,False,True,plm_check_confident_pos
discogs_48032,mbrainz_5050,musicbrainz,discogs,0.8605324626,False,False,True,plm_check_confident_pos
discogs_48032,mbrainz_6774,musicbrainz,discogs,0.8969987035,False,False,True,plm_check_confident_pos
discogs_48083,mbrainz_10598,musicbrainz,discogs,1.0,True,True,True,gold
discogs_48086,mbrainz_10599,musicbrainz,discogs,1.0,True,True,True,gold
discogs_48119,mbrainz_10603,musicbrainz,discogs,0.9730290771,False,True,True,agreement
discogs_48169,mbrainz_10613,musicbrainz,discogs,1.0,True,True,True,gold
discogs_482,mbrainz_176,musicbrainz,discogs,1.0,True,True,True,gold
discogs_48213,mbrainz_10624,musicbrainz,discogs,1.0,True,True,True,gold
discogs_48220,mbrainz_10628,musicbrainz,discogs,1.0,True,True,True,gold
discogs_48242,mbrainz_10633,musicbrainz,discogs,0.9730620384,False,True,True,agreement
discogs_48288,mbrainz_9944,musicbrainz,discogs,1.0,True,True,True,gold
discogs_48352,mbrainz_10646,musicbrainz,discogs,1.0,True,True,True,gold
discogs_48428,mbrainz_10658,musicbrainz,discogs,1.0,True,True,True,gold
discogs_4843,mbrainz_1017,musicbrainz,discogs,1.0,True,False,True,gold
discogs_48471,mbrainz_10669,musicbrainz,discogs,1.0,True,True,True,gold
discogs_48532,mbrainz_10679,musicbrainz,discogs,1.0,True,True,True,gold
discogs_48571,mbrainz_2675,musicbrainz,discogs,0.970507443,False,False,True,plm_check_confident_pos
discogs_48579,mbrainz_2393,musicbrainz,discogs,1.0,True,True,True,gold
discogs_48589,mbrainz_10689,musicbrainz,discogs,1.0,True,True,True,gold
discogs_48708,mbrainz_10715,musicbrainz,discogs,1.0,True,True,True,gold
discogs_48791,mbrainz_2610,musicbrainz,discogs,1.0,True,True,True,gold
discogs_48848,mbrainz_5969,musicbrainz,discogs,1.0,True,True,True,gold
discogs_48906,mbrainz_10756,musicbrainz,discogs,1.0,True,True,True,gold
discogs_48967,mbrainz_10766,musicbrainz,discogs,1.0,True,True,True,gold
discogs_48997,mbrainz_10773,musicbrainz,discogs,1.0,True,True,True,gold
discogs_490,mbrainz_163,musicbrainz,discogs,1.0,True,True,True,gold
discogs_49021,mbrainz_9373,musicbrainz,discogs,0.762860775,False,False,True,plm_check_confident_pos
discogs_49032,mbrainz_10778,musicbrainz,discogs,1.0,True,True,True,gold
discogs_49037,mbrainz_10780,musicbrainz,discogs,1.0,True,True,True,gold
discogs_49077,mbrainz_10786,musicbrainz,discogs,1.0,True,True,True,gold
discogs_49083,mbrainz_4012,musicbrainz,discogs,0.9754934907,False,False,True,plm_check_confident_pos
discogs_4911,mbrainz_1032,musicbrainz,discogs,1.0,True,True,True,gold
discogs_49133,mbrainz_10795,musicbrainz,discogs,0.9737436771,False,True,True,agreement
discogs_4916,mbrainz_1034,musicbrainz,discogs,1.0,True,True,True,gold
discogs_49170,mbrainz_10797,musicbrainz,discogs,1.0,True,True,True,gold
discogs_49243,mbrainz_10808,musicbrainz,discogs,1.0,True,True,True,gold
discogs_49284,mbrainz_10813,musicbrainz,discogs,1.0,True,True,True,gold
discogs_49302,mbrainz_10819,musicbrainz,discogs,1.0,True,True,True,gold
discogs_49347,mbrainz_28812,musicbrainz,discogs,0.8290101885795593,False,False,True,plm_check_confident_pos
discogs_49347,mbrainz_6884,musicbrainz,discogs,1.0,True,True,True,gold
discogs_49352,mbrainz_10826,musicbrainz,discogs,1.0,True,True,True,gold
discogs_49381,mbrainz_10092,musicbrainz,discogs,0.6815180779,False,False,True,plm_check_llm_yes
discogs_49392,mbrainz_32686,musicbrainz,discogs,1.0,True,True,True,gold
discogs_49443,mbrainz_2783,musicbrainz,discogs,1.0,True,True,True,gold
discogs_49473,mbrainz_2393,musicbrainz,discogs,0.9734425545,False,False,True,plm_check_confident_pos
discogs_49509,mbrainz_10868,musicbrainz,discogs,1.0,True,True,True,gold
discogs_49529,mbrainz_3469,musicbrainz,discogs,0.9732530117,False,False,True,plm_check_confident_pos
discogs_49539,mbrainz_2232,musicbrainz,discogs,1.0,True,True,True,gold
discogs_49585,mbrainz_10876,musicbrainz,discogs,0.9589794874,False,True,True,agreement
discogs_496,mbrainz_179,musicbrainz,discogs,1.0,True,True,True,gold
discogs_496,mbrainz_180,musicbrainz,discogs,0.9459602236747742,False,False,True,plm_check_confident_pos
discogs_49624,mbrainz_17081,musicbrainz,discogs,1.0,True,False,True,gold
discogs_49694,mbrainz_10901,musicbrainz,discogs,0.974334836,False,True,True,agreement
discogs_49699,mbrainz_10902,musicbrainz,discogs,1.0,True,True,True,gold
discogs_49708,mbrainz_10904,musicbrainz,discogs,1.0,True,True,True,gold
discogs_49711,mbrainz_10905,musicbrainz,discogs,1.0,True,False,True,gold
discogs_49727,mbrainz_10909,musicbrainz,discogs,1.0,True,True,True,gold
discogs_49811,mbrainz_10923,musicbrainz,discogs,1.0,True,True,True,gold
discogs_49817,mbrainz_10924,musicbrainz,discogs,0.9728854895,False,False,True,plm_check_confident_pos
discogs_49911,mbrainz_10949,musicbrainz,discogs,1.0,True,True,True,gold
discogs_49928,mbrainz_10951,musicbrainz,discogs,1.0,True,True,True,gold
discogs_49935,mbrainz_10953,musicbrainz,discogs,0.9734073877,False,True,True,agreement
discogs_4994,mbrainz_1046,musicbrainz,discogs,1.0,True,True,True,gold
discogs_49952,mbrainz_10956,musicbrainz,discogs,1.0,True,True,True,gold
discogs_4996,mbrainz_1047,musicbrainz,discogs,1.0,True,True,True,gold
discogs_49968,mbrainz_2693,musicbrainz,discogs,0.9729352593,False,True,True,agreement
discogs_49987,mbrainz_10961,musicbrainz,discogs,1.0,True,True,True,gold
discogs_49995,mbrainz_6043,musicbrainz,discogs,0.9733989239,False,False,True,plm_check_confident_pos
discogs_49996,mbrainz_10965,musicbrainz,discogs,1.0,True,True,True,gold
discogs_5,mbrainz_3,musicbrainz,discogs,1.0,True,True,True,gold
discogs_5011,mbrainz_1050,musicbrainz,discogs,1.0,True,True,True,gold
discogs_50164,mbrainz_10999,musicbrainz,discogs,1.0,True,True,True,gold
discogs_50172,mbrainz_11001,musicbrainz,discogs,0.9750829935,False,True,True,agreement
discogs_50177,mbrainz_11002,musicbrainz,discogs,1.0,True,True,True,gold
discogs_50177,mbrainz_12422,musicbrainz,discogs,0.9697191715,False,False,True,plm_check_confident_pos
discogs_50227,mbrainz_1731,musicbrainz,discogs,0.9485286474,False,False,True,plm_check_confident_pos
discogs_5024,mbrainz_1054,musicbrainz,discogs,0.9612404704,False,False,True,plm_check_confident_pos
discogs_50248,mbrainz_11015,musicbrainz,discogs,0.9738948345,False,False,True,plm_check_confident_pos
discogs_50250,mbrainz_11016,musicbrainz,discogs,1.0,True,True,True,gold
discogs_50376,mbrainz_11044,musicbrainz,discogs,1.0,True,True,True,gold
discogs_50394,mbrainz_8082,musicbrainz,discogs,1.0,True,True,True,gold
discogs_5043,mbrainz_1058,musicbrainz,discogs,1.0,True,True,True,gold
discogs_50554,mbrainz_11089,musicbrainz,discogs,1.0,True,True,True,gold
discogs_50588,mbrainz_11095,musicbrainz,discogs,1.0,True,True,True,gold
discogs_5060,mbrainz_1059,musicbrainz,discogs,1.0,True,True,True,gold
discogs_50602,mbrainz_2119,musicbrainz,discogs,0.8263211846,False,False,True,plm_check_confident_pos
discogs_50603,mbrainz_11100,musicbrainz,discogs,0.9729686975,False,True,True,agreement
discogs_5061,mbrainz_1060,musicbrainz,discogs,1.0,True,True,True,gold
discogs_50616,mbrainz_2233,musicbrainz,discogs,1.0,True,True,True,gold
discogs_5063,mbrainz_1061,musicbrainz,discogs,1.0,True,True,True,gold
discogs_50656,mbrainz_11109,musicbrainz,discogs,1.0,True,True,True,gold
discogs_5073,mbrainz_1065,musicbrainz,discogs,1.0,True,True,True,gold
discogs_5073,mbrainz_502,musicbrainz,discogs,0.956656158,False,False,True,plm_check_confident_pos
discogs_50740,mbrainz_6046,musicbrainz,discogs,1.0,True,True,True,gold
discogs_50886,mbrainz_11148,musicbrainz,discogs,1.0,True,True,True,gold
discogs_50901,mbrainz_11153,musicbrainz,discogs,1.0,True,True,True,gold
discogs_50910,mbrainz_11156,musicbrainz,discogs,1.0,True,False,True,gold
discogs_50918,mbrainz_5549,musicbrainz,discogs,1.0,True,True,True,gold
discogs_50950,mbrainz_11165,musicbrainz,discogs,1.0,True,True,True,gold
discogs_51027,mbrainz_11180,musicbrainz,discogs,1.0,True,True,True,gold
discogs_5112,mbrainz_1074,musicbrainz,discogs,1.0,True,True,True,gold
discogs_51135,mbrainz_755,musicbrainz,discogs,0.975229919,False,False,True,plm_check_confident_pos
discogs_5115,mbrainz_1077,musicbrainz,discogs,1.0,True,True,True,gold
discogs_51158,mbrainz_11215,musicbrainz,discogs,1.0,True,True,True,gold
discogs_5120,mbrainz_1079,musicbrainz,discogs,1.0,True,True,True,gold
discogs_51206,mbrainz_6014,musicbrainz,discogs,0.9714857936,False,False,True,plm_check_confident_pos
discogs_51215,mbrainz_11225,musicbrainz,discogs,1.0,True,True,True,gold
discogs_51217,mbrainz_4957,musicbrainz,discogs,1.0,True,True,True,gold
discogs_51223,mbrainz_11227,musicbrainz,discogs,1.0,True,True,True,gold
discogs_51257,mbrainz_11234,musicbrainz,discogs,1.0,True,True,True,gold
discogs_5126,mbrainz_1082,musicbrainz,discogs,1.0,True,True,True,gold
discogs_51292,mbrainz_4204,musicbrainz,discogs,0.9751951098,False,True,True,agreement
discogs_51346,mbrainz_11251,musicbrainz,discogs,1.0,True,True,True,gold
discogs_51397,mbrainz_1064,musicbrainz,discogs,1.0,True,True,True,gold
discogs_51414,mbrainz_11263,musicbrainz,discogs,1.0,True,False,True,gold
discogs_51414,mbrainz_11264,musicbrainz,discogs,0.9424301982,False,True,True,agreement
discogs_51416,mbrainz_11263,musicbrainz,discogs,0.9432833195,False,True,True,agreement
discogs_51416,mbrainz_11264,musicbrainz,discogs,1.0,True,False,True,gold
discogs_51543,mbrainz_11298,musicbrainz,discogs,1.0,True,True,True,gold
discogs_5157,mbrainz_1032,musicbrainz,discogs,0.973739028,False,False,True,plm_check_confident_pos
discogs_51575,mbrainz_11308,musicbrainz,discogs,1.0,True,True,True,gold
discogs_5160,mbrainz_1092,musicbrainz,discogs,0.9735102057,False,False,True,plm_check_confident_pos
discogs_51610,mbrainz_11273,musicbrainz,discogs,1.0,True,True,True,gold
discogs_51756,mbrainz_11342,musicbrainz,discogs,1.0,True,True,True,gold
discogs_51762,mbrainz_11344,musicbrainz,discogs,1.0,True,True,True,gold
discogs_51763,mbrainz_11345,musicbrainz,discogs,1.0,True,True,True,gold
discogs_5178,mbrainz_1096,musicbrainz,discogs,1.0,True,True,True,gold
discogs_51791,mbrainz_11353,musicbrainz,discogs,1.0,True,True,True,gold
discogs_51817,mbrainz_11359,musicbrainz,discogs,0.9649749398,False,True,True,agreement
discogs_51954,mbrainz_10399,musicbrainz,discogs,1.0,True,False,True,gold
discogs_51958,mbrainz_11389,musicbrainz,discogs,1.0,True,True,True,gold
discogs_5199,mbrainz_1099,musicbrainz,discogs,1.0,True,True,True,gold
discogs_5203,mbrainz_1101,musicbrainz,discogs,1.0,True,True,True,gold
discogs_52083,mbrainz_1799,musicbrainz,discogs,1.0,True,True,True,gold
discogs_52092,mbrainz_11412,musicbrainz,discogs,1.0,True,False,True,gold
discogs_5213,mbrainz_323,musicbrainz,discogs,1.0,True,True,True,gold
discogs_52191,mbrainz_11436,musicbrainz,discogs,1.0,True,True,True,gold
discogs_52197,mbrainz_4061,musicbrainz,discogs,0.9727782011,False,True,True,agreement
discogs_52242,mbrainz_11450,musicbrainz,discogs,1.0,True,True,True,gold
discogs_52242,mbrainz_7231,musicbrainz,discogs,0.9514250159,False,False,True,plm_check_confident_pos
discogs_5226,mbrainz_1107,musicbrainz,discogs,1.0,True,True,True,gold
discogs_52261,mbrainz_11453,musicbrainz,discogs,0.9734686613,False,True,True,agreement
discogs_52307,mbrainz_11467,musicbrainz,discogs,1.0,True,True,True,gold
discogs_52361,mbrainz_11479,musicbrainz,discogs,1.0,True,True,True,gold
discogs_52374,mbrainz_11483,musicbrainz,discogs,1.0,True,True,True,gold
discogs_52380,mbrainz_11485,musicbrainz,discogs,1.0,True,True,True,gold
discogs_52385,mbrainz_2235,musicbrainz,discogs,1.0,True,True,True,gold
discogs_52387,mbrainz_11487,musicbrainz,discogs,1.0,True,True,True,gold
discogs_5244,mbrainz_1113,musicbrainz,discogs,1.0,True,True,True,gold
discogs_52452,mbrainz_11495,musicbrainz,discogs,1.0,True,True,True,gold
discogs_5252,mbrainz_1115,musicbrainz,discogs,1.0,True,False,True,gold
discogs_52559,mbrainz_11521,musicbrainz,discogs,1.0,True,True,True,gold
discogs_52606,mbrainz_3979,musicbrainz,discogs,0.8263996243,False,False,True,plm_check_confident_pos
discogs_52624,mbrainz_11537,musicbrainz,discogs,1.0,True,True,True,gold
discogs_52626,mbrainz_1602,musicbrainz,discogs,1.0,True,True,True,gold
discogs_52668,mbrainz_11545,musicbrainz,discogs,1.0,True,True,True,gold
discogs_52679,mbrainz_11548,musicbrainz,discogs,1.0,True,True,True,gold
discogs_52702,mbrainz_11196,musicbrainz,discogs,0.9729393125,False,True,True,agreement
discogs_52713,mbrainz_9230,musicbrainz,discogs,1.0,True,True,True,gold
discogs_5272,mbrainz_1119,musicbrainz,discogs,1.0,True,True,True,gold
discogs_52738,mbrainz_11554,musicbrainz,discogs,1.0,True,True,True,gold
discogs_52743,mbrainz_11556,musicbrainz,discogs,1.0,True,True,True,gold
discogs_52805,mbrainz_11568,musicbrainz,discogs,1.0,True,True,True,gold
discogs_52826,mbrainz_11572,musicbrainz,discogs,1.0,True,True,True,gold
discogs_52833,mbrainz_11330,musicbrainz,discogs,1.0,True,True,True,gold
discogs_52846,mbrainz_11577,musicbrainz,discogs,1.0,True,True,True,gold
discogs_5285,mbrainz_43,musicbrainz,discogs,0.845466435,False,False,True,plm_check_confident_pos
discogs_52864,mbrainz_11581,musicbrainz,discogs,1.0,True,True,True,gold
discogs_5287,mbrainz_1124,musicbrainz,discogs,0.9740541577,False,True,True,agreement
discogs_52903,mbrainz_11594,musicbrainz,discogs,1.0,True,True,True,gold
discogs_52957,mbrainz_11603,musicbrainz,discogs,0.9727786779,False,True,True,agreement
discogs_52985,mbrainz_11609,musicbrainz,discogs,1.0,True,True,True,gold
discogs_53,mbrainz_21,musicbrainz,discogs,1.0,True,True,True,gold
discogs_5300,mbrainz_497,musicbrainz,discogs,1.0,True,False,True,gold
discogs_5302,mbrainz_1128,musicbrainz,discogs,0.9727824926,False,True,True,agreement
discogs_53040,mbrainz_11620,musicbrainz,discogs,1.0,True,True,True,gold
discogs_53166,mbrainz_11647,musicbrainz,discogs,1.0,True,True,True,gold
discogs_53172,mbrainz_11648,musicbrainz,discogs,1.0,True,True,True,gold
discogs_53175,mbrainz_2028,musicbrainz,discogs,1.0,True,False,True,gold
discogs_53175,mbrainz_8813,musicbrainz,discogs,0.9405866861,False,True,True,agreement
discogs_53200,mbrainz_1408,musicbrainz,discogs,1.0,True,False,True,gold
discogs_53212,mbrainz_5717,musicbrainz,discogs,1.0,True,True,True,gold
discogs_53244,mbrainz_10969,musicbrainz,discogs,0.974652946,False,True,True,agreement
discogs_53325,mbrainz_33164,musicbrainz,discogs,1.0,True,True,True,gold
discogs_53389,mbrainz_11696,musicbrainz,discogs,1.0,True,True,True,gold
discogs_53549,mbrainz_11338,musicbrainz,discogs,0.9670879841,False,False,True,plm_check_confident_pos
discogs_53585,mbrainz_11728,musicbrainz,discogs,1.0,True,True,True,gold
discogs_53632,mbrainz_12095,musicbrainz,discogs,0.9752635956,False,True,True,agreement
discogs_53642,mbrainz_11744,musicbrainz,discogs,1.0,True,True,True,gold
discogs_53643,mbrainz_2856,musicbrainz,discogs,0.8451395035,False,False,True,plm_check_confident_pos
discogs_53650,mbrainz_11748,musicbrainz,discogs,1.0,True,True,True,gold
discogs_53717,mbrainz_1712,musicbrainz,discogs,0.9390690327,False,False,True,plm_check_confident_pos
discogs_53759,mbrainz_1982,musicbrainz,discogs,0.973664701,False,False,True,plm_check_confident_pos
discogs_53785,mbrainz_11773,musicbrainz,discogs,1.0,True,True,True,gold
discogs_53859,mbrainz_11785,musicbrainz,discogs,1.0,True,True,True,gold
discogs_53859,mbrainz_9799,musicbrainz,discogs,0.9467316866,False,False,True,plm_check_confident_pos
discogs_53955,mbrainz_11803,musicbrainz,discogs,1.0,True,True,True,gold
discogs_5398,mbrainz_1145,musicbrainz,discogs,0.9740850329,False,True,True,agreement
discogs_5398,mbrainz_3635,musicbrainz,discogs,0.7634629011,False,False,True,plm_check_confident_pos
discogs_53980,mbrainz_11808,musicbrainz,discogs,1.0,True,True,True,gold
discogs_54009,mbrainz_15438,musicbrainz,discogs,1.0,True,False,True,gold
discogs_54026,mbrainz_11813,musicbrainz,discogs,1.0,True,True,True,gold
discogs_54053,mbrainz_11815,musicbrainz,discogs,1.0,True,True,True,gold
discogs_54105,mbrainz_11825,musicbrainz,discogs,1.0,True,True,True,gold
discogs_54134,mbrainz_3982,musicbrainz,discogs,0.9057580233,False,False,True,plm_check_confident_pos
discogs_54141,mbrainz_11684,musicbrainz,discogs,1.0,True,True,True,gold
discogs_5416,mbrainz_1148,musicbrainz,discogs,1.0,True,True,True,gold
discogs_5422,mbrainz_1150,musicbrainz,discogs,0.9634620547,False,True,True,agreement
discogs_54220,mbrainz_11308,musicbrainz,discogs,0.9729868174,False,False,True,plm_check_confident_pos
discogs_54232,mbrainz_11846,musicbrainz,discogs,1.0,True,False,True,gold
discogs_54238,mbrainz_11847,musicbrainz,discogs,1.0,True,True,True,gold
discogs_54334,mbrainz_3917,musicbrainz,discogs,0.8029088974,False,False,True,plm_check_confident_pos
discogs_54374,mbrainz_5586,musicbrainz,discogs,0.9483075142,False,False,True,plm_check_confident_pos
discogs_54384,mbrainz_11879,musicbrainz,discogs,1.0,True,True,True,gold
discogs_54393,mbrainz_11882,musicbrainz,discogs,1.0,True,True,True,gold
discogs_54411,mbrainz_11888,musicbrainz,discogs,1.0,True,True,True,gold
discogs_54431,mbrainz_11890,musicbrainz,discogs,1.0,True,False,True,gold
discogs_54434,mbrainz_11891,musicbrainz,discogs,1.0,True,True,True,gold
discogs_5444,mbrainz_1154,musicbrainz,discogs,0.8188459873,False,False,True,plm_check_confident_pos
discogs_5444,mbrainz_1156,musicbrainz,discogs,0.9731388688,False,True,True,agreement
discogs_5452,mbrainz_1158,musicbrainz,discogs,1.0,True,True,True,gold
discogs_54631,mbrainz_11928,musicbrainz,discogs,0.9728196263,False,True,True,agreement
discogs_54632,mbrainz_11929,musicbrainz,discogs,1.0,True,True,True,gold
discogs_54653,mbrainz_11931,musicbrainz,discogs,1.0,True,True,True,gold
discogs_54657,mbrainz_12095,musicbrainz,discogs,1.0,True,False,True,gold
discogs_54696,mbrainz_10778,musicbrainz,discogs,1.0,True,False,True,gold
discogs_54711,mbrainz_4999,musicbrainz,discogs,1.0,True,True,True,gold
discogs_5473,mbrainz_1163,musicbrainz,discogs,1.0,True,True,True,gold
discogs_54754,mbrainz_13187,musicbrainz,discogs,0.9543309212,False,False,True,plm_check_confident_pos
discogs_54754,mbrainz_13188,musicbrainz,discogs,0.9736199379,False,False,True,plm_check_confident_pos
discogs_54789,mbrainz_11961,musicbrainz,discogs,1.0,True,True,True,gold
discogs_54817,mbrainz_11968,musicbrainz,discogs,1.0,True,True,True,gold
discogs_55,mbrainz_22,musicbrainz,discogs,1.0,True,True,True,gold
discogs_55025,mbrainz_3830,musicbrainz,discogs,1.0,True,True,True,gold
discogs_55033,mbrainz_12009,musicbrainz,discogs,1.0,True,True,True,gold
discogs_55034,mbrainz_11940,musicbrainz,discogs,1.0,True,True,True,gold
discogs_5506,mbrainz_1164,musicbrainz,discogs,1.0,True,True,True,gold
discogs_55179,mbrainz_436,musicbrainz,discogs,1.0,True,False,True,gold
discogs_55215,mbrainz_16293,musicbrainz,discogs,1.0,True,False,True,gold
discogs_5522,mbrainz_1166,musicbrainz,discogs,1.0,True,True,True,gold
discogs_5523,mbrainz_1167,musicbrainz,discogs,1.0,True,True,True,gold
discogs_55244,mbrainz_12044,musicbrainz,discogs,1.0,True,True,True,gold
discogs_55288,mbrainz_12051,musicbrainz,discogs,1.0,True,True,True,gold
discogs_55297,mbrainz_11046,musicbrainz,discogs,0.9754780531,False,True,True,agreement
discogs_55327,mbrainz_10584,musicbrainz,discogs,0.9749698043,False,False,True,plm_check_confident_pos
discogs_5533,mbrainz_1169,musicbrainz,discogs,1.0,True,True,True,gold
discogs_55332,mbrainz_12065,musicbrainz,discogs,1.0,True,True,True,gold
discogs_55345,mbrainz_12068,musicbrainz,discogs,0.9751284719,False,True,True,agreement
discogs_55364,mbrainz_12072,musicbrainz,discogs,1.0,True,True,True,gold
discogs_5539,mbrainz_1170,musicbrainz,discogs,1.0,True,True,True,gold
discogs_55396,mbrainz_8320,musicbrainz,discogs,1.0,True,True,True,gold
discogs_55418,mbrainz_12083,musicbrainz,discogs,1.0,True,True,True,gold
discogs_55433,mbrainz_12085,musicbrainz,discogs,1.0,True,True,True,gold
discogs_55478,mbrainz_12092,musicbrainz,discogs,1.0,True,True,True,gold
discogs_5549,mbrainz_1172,musicbrainz,discogs,1.0,True,True,True,gold
discogs_55502,mbrainz_12098,musicbrainz,discogs,1.0,True,True,True,gold
discogs_55539,mbrainz_3038,musicbrainz,discogs,0.741410315,False,False,True,plm_check_confident_pos
discogs_5555,mbrainz_1157,musicbrainz,discogs,0.9563286304,False,True,True,agreement
discogs_55615,mbrainz_12115,musicbrainz,discogs,1.0,True,True,True,gold
discogs_55623,mbrainz_12116,musicbrainz,discogs,1.0,True,True,True,gold
discogs_55624,mbrainz_4245,musicbrainz,discogs,1.0,True,True,True,gold
discogs_55629,mbrainz_6947,musicbrainz,discogs,1.0,True,True,True,gold
discogs_5566,mbrainz_1177,musicbrainz,discogs,1.0,True,True,True,gold
discogs_55755,mbrainz_12155,musicbrainz,discogs,0.9754790664,False,True,True,agreement
discogs_55765,mbrainz_12839,musicbrainz,discogs,1.0,True,True,True,gold
discogs_55797,mbrainz_12166,musicbrainz,discogs,1.0,True,True,True,gold
discogs_55801,mbrainz_4569,musicbrainz,discogs,0.8716171384,False,True,True,agreement
discogs_55809,mbrainz_12170,musicbrainz,discogs,1.0,True,True,True,gold
discogs_55825,mbrainz_1732,musicbrainz,discogs,1.0,True,True,True,gold
discogs_55909,mbrainz_12193,musicbrainz,discogs,1.0,True,True,True,gold
discogs_55956,mbrainz_2260,musicbrainz,discogs,1.0,True,True,True,gold
discogs_55980,mbrainz_12215,musicbrainz,discogs,0.9729552269,False,True,True,agreement
discogs_56,mbrainz_23,musicbrainz,discogs,1.0,True,True,True,gold
discogs_56010,mbrainz_12219,musicbrainz,discogs,1.0,True,True,True,gold
discogs_56017,mbrainz_8708,musicbrainz,discogs,0.7953082919,False,False,True,plm_check_confident_pos
discogs_56034,mbrainz_12226,musicbrainz,discogs,1.0,True,True,True,gold
discogs_56056,mbrainz_12233,musicbrainz,discogs,1.0,True,True,True,gold
discogs_5608,mbrainz_1188,musicbrainz,discogs,1.0,True,True,True,gold
discogs_56145,mbrainz_11333,musicbrainz,discogs,1.0,True,True,True,gold
discogs_56150,mbrainz_10384,musicbrainz,discogs,1.0,True,False,True,gold
discogs_56175,mbrainz_23572,musicbrainz,discogs,0.9729965329,False,True,True,agreement
discogs_56198,mbrainz_4392,musicbrainz,discogs,0.9739548564,False,False,True,plm_check_confident_pos
discogs_56238,mbrainz_2754,musicbrainz,discogs,0.8511134386,False,False,True,plm_check_confident_pos
discogs_56249,mbrainz_17072,musicbrainz,discogs,0.9739544392,False,True,True,agreement
discogs_56286,mbrainz_11431,musicbrainz,discogs,1.0,True,True,True,gold
discogs_56309,mbrainz_12282,musicbrainz,discogs,1.0,True,True,True,gold
discogs_56347,mbrainz_12290,musicbrainz,discogs,1.0,True,True,True,gold
discogs_56400,mbrainz_12301,musicbrainz,discogs,1.0,True,True,True,gold
discogs_56442,mbrainz_12309,musicbrainz,discogs,1.0,True,True,True,gold
discogs_5652,mbrainz_1196,musicbrainz,discogs,1.0,True,True,True,gold
discogs_56545,mbrainz_5760,musicbrainz,discogs,1.0,True,True,True,gold
discogs_56579,mbrainz_12337,musicbrainz,discogs,1.0,True,False,True,gold
discogs_566,mbrainz_32,musicbrainz,discogs,0.9275689721,False,False,True,plm_check_confident_pos
discogs_566,mbrainz_490,musicbrainz,discogs,1.0,True,True,True,gold
discogs_5665,mbrainz_179,musicbrainz,discogs,0.9463188052,False,False,True,plm_check_confident_pos
discogs_5665,mbrainz_180,musicbrainz,discogs,0.9673098922,False,True,True,agreement
discogs_56685,mbrainz_12354,musicbrainz,discogs,1.0,True,True,True,gold
discogs_56706,mbrainz_12358,musicbrainz,discogs,1.0,True,True,True,gold
discogs_56783,mbrainz_10944,musicbrainz,discogs,0.910169661,False,False,True,plm_check_confident_pos
discogs_56783,mbrainz_12374,musicbrainz,discogs,0.9735316634,False,False,True,plm_check_confident_pos
discogs_56792,mbrainz_12375,musicbrainz,discogs,1.0,True,True,True,gold
discogs_5681,mbrainz_1203,musicbrainz,discogs,1.0,True,True,True,gold
discogs_56869,mbrainz_2621,musicbrainz,discogs,0.9719904661,False,True,True,agreement
discogs_56911,mbrainz_12395,musicbrainz,discogs,1.0,True,True,True,gold
discogs_56962,mbrainz_11338,musicbrainz,discogs,1.0,True,True,True,gold
discogs_56991,mbrainz_12416,musicbrainz,discogs,1.0,True,True,True,gold
discogs_570,mbrainz_193,musicbrainz,discogs,1.0,True,True,True,gold
discogs_57010,mbrainz_11002,musicbrainz,discogs,0.9600549936,False,False,True,plm_check_confident_pos
discogs_57010,mbrainz_12422,musicbrainz,discogs,1.0,True,True,True,gold
discogs_57079,mbrainz_12436,musicbrainz,discogs,1.0,True,True,True,gold
discogs_571,mbrainz_194,musicbrainz,discogs,1.0,True,True,True,gold
discogs_57138,mbrainz_12446,musicbrainz,discogs,1.0,True,True,True,gold
discogs_57160,mbrainz_7490,musicbrainz,discogs,1.0,True,True,True,gold
discogs_57174,mbrainz_11338,musicbrainz,discogs,0.9670290947,False,False,True,plm_check_confident_pos
discogs_572,mbrainz_195,musicbrainz,discogs,1.0,True,True,True,gold
discogs_57227,mbrainz_3194,musicbrainz,discogs,0.7748701572,False,False,True,plm_check_confident_pos
discogs_57252,mbrainz_12476,musicbrainz,discogs,1.0,True,True,True,gold
discogs_5734,mbrainz_576,musicbrainz,discogs,0.9732053876,False,True,True,agreement
discogs_57381,mbrainz_12500,musicbrainz,discogs,1.0,True,True,True,gold
discogs_57389,mbrainz_5346,musicbrainz,discogs,0.9725578427,False,False,True,plm_check_confident_pos
discogs_57394,mbrainz_12505,musicbrainz,discogs,0.9727808237,False,True,True,agreement
discogs_5743,mbrainz_1215,musicbrainz,discogs,0.9692302346,False,True,True,agreement
discogs_57453,mbrainz_12513,musicbrainz,discogs,0.974560678,False,True,True,agreement
discogs_57509,mbrainz_9411,musicbrainz,discogs,1.0,True,True,True,gold
discogs_57546,mbrainz_12529,musicbrainz,discogs,1.0,True,False,True,gold
discogs_57572,mbrainz_516,musicbrainz,discogs,0.9665663242,False,False,True,plm_check_confident_pos
discogs_57573,mbrainz_12538,musicbrainz,discogs,1.0,True,True,True,gold
discogs_576,mbrainz_196,musicbrainz,discogs,0.9699962139,False,True,True,agreement
discogs_576,mbrainz_480,musicbrainz,discogs,0.741484046,False,False,True,plm_check_confident_pos
discogs_57615,mbrainz_2003,musicbrainz,discogs,1.0,True,True,True,gold
discogs_57648,mbrainz_12553,musicbrainz,discogs,1.0,True,True,True,gold
discogs_57673,mbrainz_12554,musicbrainz,discogs,1.0,True,True,True,gold
discogs_5776,mbrainz_1220,musicbrainz,discogs,1.0,True,True,True,gold
discogs_57838,mbrainz_7673,musicbrainz,discogs,0.8202878237,False,False,True,plm_check_confident_pos
discogs_57921,mbrainz_12601,musicbrainz,discogs,1.0,True,True,True,gold
discogs_5803,mbrainz_1230,musicbrainz,discogs,1.0,True,True,True,gold
discogs_58051,mbrainz_12631,musicbrainz,discogs,1.0,True,True,True,gold
discogs_58061,mbrainz_12633,musicbrainz,discogs,1.0,True,True,True,gold
discogs_58161,mbrainz_8495,musicbrainz,discogs,0.9713044763,False,False,True,plm_check_confident_pos
discogs_58170,mbrainz_12653,musicbrainz,discogs,0.9451738596,False,True,True,agreement
discogs_58193,mbrainz_10055,musicbrainz,discogs,0.9744428396,False,False,True,plm_check_confident_pos
discogs_58199,mbrainz_12656,musicbrainz,discogs,1.0,True,True,True,gold
discogs_58284,mbrainz_12676,musicbrainz,discogs,1.0,True,True,True,gold
discogs_58297,mbrainz_4675,musicbrainz,discogs,0.83928895,False,False,True,plm_check_confident_pos
discogs_5841,mbrainz_1238,musicbrainz,discogs,1.0,True,True,True,gold
discogs_58424,mbrainz_12711,musicbrainz,discogs,1.0,True,True,True,gold
discogs_5845,mbrainz_1239,musicbrainz,discogs,1.0,True,True,True,gold
discogs_58461,mbrainz_12720,musicbrainz,discogs,1.0,True,True,True,gold
discogs_5850,mbrainz_1240,musicbrainz,discogs,1.0,True,True,True,gold
discogs_58532,mbrainz_30115,musicbrainz,discogs,1.0,True,True,True,gold
discogs_58539,mbrainz_12740,musicbrainz,discogs,1.0,True,True,True,gold
discogs_58545,mbrainz_12743,musicbrainz,discogs,1.0,True,True,True,gold
discogs_58563,mbrainz_12746,musicbrainz,discogs,1.0,True,True,True,gold
discogs_58589,mbrainz_12751,musicbrainz,discogs,0.9731613398,False,True,True,agreement
discogs_58596,mbrainz_12753,musicbrainz,discogs,1.0,True,True,True,gold
discogs_5860,mbrainz_1241,musicbrainz,discogs,1.0,True,True,True,gold
discogs_58657,mbrainz_12766,musicbrainz,discogs,1.0,True,True,True,gold
discogs_58739,mbrainz_2449,musicbrainz,discogs,0.9730087519,False,False,True,plm_check_confident_pos
discogs_58766,mbrainz_12782,musicbrainz,discogs,0.9732023478,False,False,True,plm_check_confident_pos
discogs_58799,mbrainz_12791,musicbrainz,discogs,1.0,True,True,True,gold
discogs_58914,mbrainz_10449,musicbrainz,discogs,0.9742088914,False,True,True,agreement
discogs_58927,mbrainz_1912,musicbrainz,discogs,1.0,True,True,True,gold
discogs_5894,mbrainz_1132,musicbrainz,discogs,1.0,True,True,True,gold
discogs_58942,mbrainz_3418,musicbrainz,discogs,1.0,True,True,True,gold
discogs_5903,mbrainz_284,musicbrainz,discogs,1.0,True,True,True,gold
discogs_59074,mbrainz_12847,musicbrainz,discogs,1.0,True,True,True,gold
discogs_59096,mbrainz_12852,musicbrainz,discogs,1.0,True,True,True,gold
discogs_59099,mbrainz_11319,musicbrainz,discogs,1.0,True,True,True,gold
discogs_59186,mbrainz_12874,musicbrainz,discogs,1.0,True,True,True,gold
discogs_59209,mbrainz_12884,musicbrainz,discogs,1.0,True,True,True,gold
discogs_59240,mbrainz_2404,musicbrainz,discogs,1.0,True,False,True,gold
discogs_59246,mbrainz_12423,musicbrainz,discogs,1.0,True,True,True,gold
discogs_59261,mbrainz_12894,musicbrainz,discogs,1.0,True,True,True,gold
discogs_59265,mbrainz_12895,musicbrainz,discogs,0.9531208277,False,True,True,agreement
discogs_59281,mbrainz_12899,musicbrainz,discogs,1.0,True,True,True,gold
discogs_59301,mbrainz_867,musicbrainz,discogs,0.9752325416,False,False,True,plm_check_confident_pos
discogs_59339,mbrainz_12913,musicbrainz,discogs,1.0,True,True,True,gold
discogs_59342,mbrainz_12914,musicbrainz,discogs,1.0,True,True,True,gold
discogs_59347,mbrainz_12916,musicbrainz,discogs,1.0,True,True,True,gold
discogs_59399,mbrainz_12926,musicbrainz,discogs,1.0,True,True,True,gold
discogs_59403,mbrainz_12928,musicbrainz,discogs,1.0,True,True,True,gold
discogs_5942,mbrainz_1259,musicbrainz,discogs,1.0,True,True,True,gold
discogs_59449,mbrainz_12932,musicbrainz,discogs,0.9750704169,False,True,True,agreement
discogs_5946,mbrainz_1260,musicbrainz,discogs,1.0,True,False,True,gold
discogs_59532,mbrainz_12940,musicbrainz,discogs,0.9751607776,False,True,True,agreement
discogs_59558,mbrainz_12949,musicbrainz,discogs,1.0,True,True,True,gold
discogs_59574,mbrainz_2981,musicbrainz,discogs,0.9431720376,False,False,True,plm_check_confident_pos
discogs_59594,mbrainz_12956,musicbrainz,discogs,1.0,True,True,True,gold
discogs_59609,mbrainz_12962,musicbrainz,discogs,1.0,True,True,True,gold
discogs_59634,mbrainz_12967,musicbrainz,discogs,0.9561430216,False,True,True,agreement
discogs_59660,mbrainz_12973,musicbrainz,discogs,0.9677389264,False,True,True,agreement
discogs_59662,mbrainz_12973,musicbrainz,discogs,0.9658452272,False,False,True,plm_check_confident_pos
discogs_59677,mbrainz_12979,musicbrainz,discogs,1.0,True,True,True,gold
discogs_59751,mbrainz_12895,musicbrainz,discogs,1.0,True,False,True,gold
discogs_5976,mbrainz_1262,musicbrainz,discogs,1.0,True,True,True,gold
discogs_59760,mbrainz_4339,musicbrainz,discogs,0.973714292,False,False,True,plm_check_confident_pos
discogs_59802,mbrainz_12997,musicbrainz,discogs,0.9730718136,False,True,True,agreement
discogs_59821,mbrainz_13002,musicbrainz,discogs,1.0,True,True,True,gold
discogs_59844,mbrainz_6746,musicbrainz,discogs,1.0,True,True,True,gold
discogs_5987,mbrainz_1265,musicbrainz,discogs,1.0,True,False,True,gold
discogs_59904,mbrainz_4147,musicbrainz,discogs,0.906570673,False,False,True,plm_check_confident_pos
discogs_6,mbrainz_4,musicbrainz,discogs,1.0,True,True,True,gold
discogs_60006,mbrainz_13028,musicbrainz,discogs,1.0,True,True,True,gold
discogs_60014,mbrainz_13029,musicbrainz,discogs,1.0,True,True,True,gold
discogs_60043,mbrainz_13033,musicbrainz,discogs,1.0,True,True,True,gold
discogs_60082,mbrainz_231,musicbrainz,discogs,1.0,True,True,True,gold
discogs_60157,mbrainz_13066,musicbrainz,discogs,1.0,True,True,True,gold
discogs_60210,mbrainz_3748,musicbrainz,discogs,1.0,True,True,True,gold
discogs_6025,mbrainz_1269,musicbrainz,discogs,1.0,True,False,True,gold
discogs_6033,mbrainz_1270,musicbrainz,discogs,1.0,True,True,True,gold
discogs_60359,mbrainz_13101,musicbrainz,discogs,1.0,True,True,True,gold
discogs_60361,mbrainz_13102,musicbrainz,discogs,1.0,True,True,True,gold
discogs_6040,mbrainz_1271,musicbrainz,discogs,0.9732427597,False,True,True,agreement
discogs_60490,mbrainz_13135,musicbrainz,discogs,1.0,True,True,True,gold
discogs_60506,mbrainz_13138,musicbrainz,discogs,1.0,True,True,True,gold
discogs_6052,mbrainz_1275,musicbrainz,discogs,1.0,True,True,True,gold
discogs_60547,mbrainz_13146,musicbrainz,discogs,1.0,True,True,True,gold
discogs_60573,mbrainz_13149,musicbrainz,discogs,1.0,True,True,True,gold
discogs_60601,mbrainz_13155,musicbrainz,discogs,1.0,True,True,True,gold
discogs_60662,mbrainz_3337,musicbrainz,discogs,1.0,True,True,True,gold
discogs_60668,mbrainz_10145,musicbrainz,discogs,0.973662436,False,True,True,agreement
discogs_60736,mbrainz_13187,musicbrainz,discogs,1.0,True,False,True,gold
discogs_60736,mbrainz_13188,musicbrainz,discogs,0.955227375,False,True,True,agreement
discogs_60758,mbrainz_13194,musicbrainz,discogs,0.9697596431,False,False,True,plm_check_confident_pos
discogs_60840,mbrainz_8338,musicbrainz,discogs,1.0,True,False,True,gold
discogs_6087,mbrainz_1281,musicbrainz,discogs,1.0,True,True,True,gold
discogs_60883,mbrainz_2961,musicbrainz,discogs,0.8553565145,False,False,True,plm_check_confident_pos
discogs_60883,mbrainz_4361,musicbrainz,discogs,1.0,True,True,True,gold
discogs_6091,mbrainz_1282,musicbrainz,discogs,1.0,True,True,True,gold
discogs_60914,mbrainz_13231,musicbrainz,discogs,1.0,True,True,True,gold
discogs_60953,mbrainz_10428,musicbrainz,discogs,0.9344331026,False,True,True,agreement
discogs_60959,mbrainz_13238,musicbrainz,discogs,1.0,True,True,True,gold
discogs_6098,mbrainz_1284,musicbrainz,discogs,0.9732074142,False,True,True,agreement
discogs_60982,mbrainz_6370,musicbrainz,discogs,0.9600060582,False,False,True,plm_check_confident_pos
discogs_61,mbrainz_25,musicbrainz,discogs,1.0,True,True,True,gold
discogs_61057,mbrainz_10944,musicbrainz,discogs,1.0,True,True,True,gold
discogs_61057,mbrainz_12374,musicbrainz,discogs,0.8249812126,False,False,True,plm_check_confident_pos
discogs_61062,mbrainz_13257,musicbrainz,discogs,0.9543719888,False,True,True,agreement
discogs_61074,mbrainz_13202,musicbrainz,discogs,1.0,True,False,True,gold
discogs_6112,mbrainz_1286,musicbrainz,discogs,1.0,True,True,True,gold
discogs_61141,mbrainz_13272,musicbrainz,discogs,1.0,True,True,True,gold
discogs_61187,mbrainz_8055,musicbrainz,discogs,1.0,True,False,True,gold
discogs_61237,mbrainz_13290,musicbrainz,discogs,1.0,True,True,True,gold
discogs_61252,mbrainz_13295,musicbrainz,discogs,1.0,True,True,True,gold
discogs_61296,mbrainz_13299,musicbrainz,discogs,1.0,True,True,True,gold
discogs_6130,mbrainz_742,musicbrainz,discogs,0.8828447461,False,False,True,plm_check_confident_pos
discogs_61303,mbrainz_32,musicbrainz,discogs,0.9654663801,False,False,True,plm_check_confident_pos
discogs_61303,mbrainz_490,musicbrainz,discogs,0.9056506157,False,False,True,plm_check_confident_pos
discogs_61328,mbrainz_10949,musicbrainz,discogs,0.7343028784,False,False,True,plm_check_confident_pos
discogs_61343,mbrainz_13306,musicbrainz,discogs,1.0,True,True,True,gold
discogs_61350,mbrainz_13309,musicbrainz,discogs,1.0,True,False,True,gold
discogs_61365,mbrainz_9331,musicbrainz,discogs,1.0,True,True,True,gold
discogs_61374,mbrainz_13316,musicbrainz,discogs,1.0,True,True,True,gold
discogs_61410,mbrainz_13323,musicbrainz,discogs,0.9754077196,False,True,True,agreement
discogs_61465,mbrainz_13330,musicbrainz,discogs,1.0,True,True,True,gold
discogs_61516,mbrainz_13341,musicbrainz,discogs,1.0,True,True,True,gold
discogs_6152,mbrainz_1293,musicbrainz,discogs,1.0,True,True,True,gold
discogs_61563,mbrainz_13347,musicbrainz,discogs,1.0,True,True,True,gold
discogs_61575,mbrainz_14884,musicbrainz,discogs,1.0,True,True,True,gold
discogs_6158,mbrainz_1296,musicbrainz,discogs,0.9736258984,False,True,True,agreement
discogs_6159,mbrainz_1297,musicbrainz,discogs,1.0,True,True,True,gold
discogs_61616,mbrainz_13357,musicbrainz,discogs,0.9706063271,False,True,True,agreement
discogs_617,mbrainz_204,musicbrainz,discogs,1.0,True,True,True,gold
discogs_61721,mbrainz_13374,musicbrainz,discogs,1.0,True,True,True,gold
discogs_6173,mbrainz_1298,musicbrainz,discogs,1.0,True,True,True,gold
discogs_61761,mbrainz_13383,musicbrainz,discogs,1.0,True,True,True,gold
discogs_6178,mbrainz_1300,musicbrainz,discogs,1.0,True,True,True,gold
discogs_61793,mbrainz_13390,musicbrainz,discogs,1.0,True,False,True,gold
discogs_6180,mbrainz_1301,musicbrainz,discogs,1.0,True,True,True,gold
discogs_61835,mbrainz_4137,musicbrainz,discogs,1.0,True,True,True,gold
discogs_61851,mbrainz_10613,musicbrainz,discogs,0.7061482668,False,False,True,plm_check_confident_pos
discogs_61896,mbrainz_13416,musicbrainz,discogs,0.9292696118,False,False,True,plm_check_confident_pos
discogs_61919,mbrainz_8534,musicbrainz,discogs,0.9740459323,False,False,True,plm_check_confident_pos
discogs_61955,mbrainz_33377,musicbrainz,discogs,1.0,True,True,True,gold
discogs_61972,mbrainz_13425,musicbrainz,discogs,1.0,True,True,True,gold
discogs_61988,mbrainz_13427,musicbrainz,discogs,1.0,True,True,True,gold
discogs_62036,mbrainz_13441,musicbrainz,discogs,1.0,True,True,True,gold
discogs_62039,mbrainz_13443,musicbrainz,discogs,1.0,True,True,True,gold
discogs_62046,mbrainz_7383,musicbrainz,discogs,1.0,True,True,True,gold
discogs_62127,mbrainz_13464,musicbrainz,discogs,1.0,True,True,True,gold
discogs_62173,mbrainz_2387,musicbrainz,discogs,0.9567302465,False,False,True,plm_check_confident_pos
discogs_62181,mbrainz_13474,musicbrainz,discogs,1.0,True,True,True,gold
discogs_6221,mbrainz_1305,musicbrainz,discogs,1.0,True,True,True,gold
discogs_62222,mbrainz_10092,musicbrainz,discogs,1.0,True,False,True,gold
discogs_62255,mbrainz_13486,musicbrainz,discogs,0.9276892543,False,True,True,agreement
discogs_62295,mbrainz_12578,musicbrainz,discogs,1.0,True,True,True,gold
discogs_62300,mbrainz_13495,musicbrainz,discogs,1.0,True,True,True,gold
discogs_62349,mbrainz_13502,musicbrainz,discogs,1.0,True,True,True,gold
discogs_62428,mbrainz_13515,musicbrainz,discogs,1.0,True,True,True,gold
discogs_62482,mbrainz_13524,musicbrainz,discogs,0.9623090625,False,True,True,agreement
discogs_62543,mbrainz_6789,musicbrainz,discogs,0.899800241,False,False,True,plm_check_confident_pos
discogs_62583,mbrainz_1591,musicbrainz,discogs,1.0,True,True,True,gold
discogs_6260,mbrainz_173,musicbrainz,discogs,1.0,True,True,True,gold
discogs_62630,mbrainz_10415,musicbrainz,discogs,1.0,True,True,True,gold
discogs_62635,mbrainz_13552,musicbrainz,discogs,1.0,True,True,True,gold
discogs_6266,mbrainz_625,musicbrainz,discogs,1.0,True,True,True,gold
discogs_62671,mbrainz_18891,musicbrainz,discogs,0.9062055349,False,False,True,plm_check_confident_pos
discogs_62678,mbrainz_13557,musicbrainz,discogs,1.0,True,True,True,gold
discogs_6285,mbrainz_1314,musicbrainz,discogs,0.9732953906,False,True,True,agreement
discogs_6285,mbrainz_539,musicbrainz,discogs,0.9741795063018799,False,False,True,plm_check_confident_pos
discogs_62881,mbrainz_4921,musicbrainz,discogs,1.0,True,True,True,gold
discogs_629,mbrainz_206,musicbrainz,discogs,1.0,True,True,True,gold
discogs_6296,mbrainz_1317,musicbrainz,discogs,1.0,True,True,True,gold
discogs_63042,mbrainz_31188,musicbrainz,discogs,0.8903470635,False,False,True,plm_check_confident_pos
discogs_63048,mbrainz_13618,musicbrainz,discogs,0.9729968905,False,True,True,agreement
discogs_63067,mbrainz_13623,musicbrainz,discogs,0.9734489918,False,True,True,agreement
discogs_63131,mbrainz_4170,musicbrainz,discogs,0.9750056267,False,False,True,plm_check_confident_pos
discogs_63233,mbrainz_13647,musicbrainz,discogs,1.0,True,True,True,gold
discogs_63282,mbrainz_13662,musicbrainz,discogs,1.0,True,True,True,gold
discogs_63295,mbrainz_13665,musicbrainz,discogs,1.0,True,True,True,gold
discogs_63309,mbrainz_13668,musicbrainz,discogs,1.0,True,True,True,gold
discogs_6334,mbrainz_1325,musicbrainz,discogs,0.9729750752,False,True,True,agreement
discogs_63403,mbrainz_13786,musicbrainz,discogs,0.9730365276,False,True,True,agreement
discogs_63436,mbrainz_13697,musicbrainz,discogs,1.0,True,True,True,gold
discogs_63436,mbrainz_15657,musicbrainz,discogs,0.9669461846,False,False,True,plm_check_confident_pos
discogs_63470,mbrainz_13255,musicbrainz,discogs,0.848197341,False,False,True,plm_check_confident_pos
discogs_63470,mbrainz_13703,musicbrainz,discogs,1.0,True,True,True,gold
discogs_63470,mbrainz_13961,musicbrainz,discogs,0.8221675754,False,False,True,plm_check_confident_pos
discogs_63538,mbrainz_13711,musicbrainz,discogs,1.0,True,True,True,gold
discogs_63539,mbrainz_13711,musicbrainz,discogs,0.9726083279,False,False,True,plm_check_confident_pos
discogs_63546,mbrainz_13714,musicbrainz,discogs,1.0,True,True,True,gold
discogs_63564,mbrainz_292,musicbrainz,discogs,1.0,True,False,True,gold
discogs_63566,mbrainz_13717,musicbrainz,discogs,1.0,True,True,True,gold
discogs_63621,mbrainz_13728,musicbrainz,discogs,1.0,True,True,True,gold
discogs_63675,mbrainz_5168,musicbrainz,discogs,1.0,True,True,True,gold
discogs_63682,mbrainz_7917,musicbrainz,discogs,0.9752724767,False,False,True,plm_check_confident_pos
discogs_63685,mbrainz_13255,musicbrainz,discogs,1.0,True,True,True,gold
discogs_63685,mbrainz_13703,musicbrainz,discogs,0.9120852947,False,False,True,plm_check_confident_pos
discogs_63685,mbrainz_13961,musicbrainz,discogs,0.9490176439,False,False,True,plm_check_confident_pos
discogs_63685,mbrainz_20300,musicbrainz,discogs,0.8499435782,False,False,True,plm_check_confident_pos
discogs_6374,mbrainz_1331,musicbrainz,discogs,1.0,True,True,True,gold
discogs_6374,mbrainz_9292,musicbrainz,discogs,0.9294441342353821,False,False,True,plm_check_confident_pos
discogs_63740,mbrainz_13755,musicbrainz,discogs,1.0,True,False,True,gold
discogs_63753,mbrainz_13760,musicbrainz,discogs,1.0,True,True,True,gold
discogs_6378,mbrainz_1332,musicbrainz,discogs,1.0,True,True,True,gold
discogs_638,mbrainz_208,musicbrainz,discogs,0.9731563926,False,True,True,agreement
discogs_63853,mbrainz_14814,musicbrainz,discogs,0.7784208059,False,False,True,plm_check_confident_pos
discogs_63853,mbrainz_9859,musicbrainz,discogs,1.0,True,False,True,gold
discogs_63904,mbrainz_13787,musicbrainz,discogs,1.0,True,True,True,gold
discogs_63939,mbrainz_3397,musicbrainz,discogs,0.9543096423,False,False,True,plm_check_confident_pos
discogs_63945,mbrainz_6370,musicbrainz,discogs,0.9408473372,False,False,True,plm_check_confident_pos
discogs_63975,mbrainz_13804,musicbrainz,discogs,0.9729177952,False,True,True,agreement
discogs_6399,mbrainz_595,musicbrainz,discogs,1.0,True,True,True,gold
discogs_64058,mbrainz_16569,musicbrainz,discogs,1.0,True,True,True,gold
discogs_64063,mbrainz_11466,musicbrainz,discogs,1.0,True,True,True,gold
discogs_641,mbrainz_11488,musicbrainz,discogs,1.0,True,True,True,gold
discogs_6414,mbrainz_1337,musicbrainz,discogs,0.9731810093,False,True,True,agreement
discogs_64160,mbrainz_13837,musicbrainz,discogs,1.0,True,True,True,gold
discogs_64206,mbrainz_13847,musicbrainz,discogs,1.0,True,True,True,gold
discogs_6421,mbrainz_284,musicbrainz,discogs,0.9729267955,False,False,True,plm_check_confident_pos
discogs_6422,mbrainz_1340,musicbrainz,discogs,1.0,True,True,True,gold
discogs_64274,mbrainz_13861,musicbrainz,discogs,0.9745686054,False,True,True,agreement
discogs_64298,mbrainz_13866,musicbrainz,discogs,1.0,True,True,True,gold
discogs_64358,mbrainz_13875,musicbrainz,discogs,1.0,True,False,True,gold
discogs_6438,mbrainz_1342,musicbrainz,discogs,1.0,True,True,True,gold
discogs_644,mbrainz_210,musicbrainz,discogs,0.9736235142,False,True,True,agreement
discogs_645,mbrainz_211,musicbrainz,discogs,1.0,True,True,True,gold
discogs_64514,mbrainz_13895,musicbrainz,discogs,1.0,True,True,True,gold
discogs_64515,mbrainz_13896,musicbrainz,discogs,0.9060481787,False,True,True,agreement
discogs_6457,mbrainz_1344,musicbrainz,discogs,1.0,True,True,True,gold
discogs_6463,mbrainz_1346,musicbrainz,discogs,1.0,True,True,True,gold
discogs_64630,mbrainz_2250,musicbrainz,discogs,1.0,True,True,True,gold
discogs_64675,mbrainz_5567,musicbrainz,discogs,1.0,True,True,True,gold
discogs_64681,mbrainz_13925,musicbrainz,discogs,1.0,True,True,True,gold
discogs_647,mbrainz_212,musicbrainz,discogs,1.0,True,True,True,gold
discogs_647,mbrainz_355,musicbrainz,discogs,0.96428895,False,False,True,plm_check_confident_pos
discogs_64746,mbrainz_13939,musicbrainz,discogs,1.0,True,True,True,gold
discogs_64804,mbrainz_13952,musicbrainz,discogs,1.0,True,False,True,gold
discogs_64805,mbrainz_13790,musicbrainz,discogs,1.0,True,True,True,gold
discogs_64828,mbrainz_13955,musicbrainz,discogs,1.0,True,True,True,gold
discogs_64852,mbrainz_13255,musicbrainz,discogs,0.9524025321,False,False,True,plm_check_confident_pos
discogs_64852,mbrainz_13703,musicbrainz,discogs,0.9096354246139526,False,False,True,plm_check_confident_pos
discogs_64852,mbrainz_13961,musicbrainz,discogs,1.0,True,False,True,gold
discogs_64852,mbrainz_20300,musicbrainz,discogs,0.7340065837,False,False,True,plm_check_confident_pos
discogs_64936,mbrainz_2058,musicbrainz,discogs,1.0,True,True,True,gold
discogs_64977,mbrainz_13986,musicbrainz,discogs,1.0,True,True,True,gold
discogs_64979,mbrainz_13915,musicbrainz,discogs,0.973161459,False,True,True,agreement
discogs_64985,mbrainz_11424,musicbrainz,discogs,1.0,True,True,True,gold
discogs_65,mbrainz_26,musicbrainz,discogs,1.0,True,True,True,gold
discogs_6506,mbrainz_1352,musicbrainz,discogs,1.0,True,True,True,gold
discogs_65090,mbrainz_14007,musicbrainz,discogs,0.9598670006,False,True,True,agreement
discogs_65120,mbrainz_13863,musicbrainz,discogs,1.0,True,True,True,gold
discogs_65139,mbrainz_14081,musicbrainz,discogs,1.0,True,True,True,gold
discogs_65185,mbrainz_14020,musicbrainz,discogs,1.0,True,True,True,gold
discogs_65240,mbrainz_14029,musicbrainz,discogs,1.0,True,True,True,gold
discogs_65273,mbrainz_14036,musicbrainz,discogs,1.0,True,True,True,gold
discogs_65349,mbrainz_3427,musicbrainz,discogs,0.9748289585,False,False,True,plm_check_confident_pos
discogs_65350,mbrainz_14046,musicbrainz,discogs,1.0,True,True,True,gold
discogs_65374,mbrainz_10450,musicbrainz,discogs,1.0,True,False,True,gold
discogs_65374,mbrainz_9452,musicbrainz,discogs,0.7885838747024536,False,False,True,plm_check_confident_pos
discogs_65424,mbrainz_14060,musicbrainz,discogs,1.0,True,True,True,gold
discogs_655,mbrainz_913,musicbrainz,discogs,0.9733621478,False,True,True,agreement
discogs_65548,mbrainz_14076,musicbrainz,discogs,1.0,True,True,True,gold
discogs_65556,mbrainz_9473,musicbrainz,discogs,1.0,True,True,True,gold
discogs_65571,mbrainz_14081,musicbrainz,discogs,0.972857058,False,False,True,plm_check_confident_pos
discogs_65572,mbrainz_14081,musicbrainz,discogs,0.972857058,False,False,True,plm_check_confident_pos
discogs_6561,mbrainz_1366,musicbrainz,discogs,1.0,True,True,True,gold
discogs_65649,mbrainz_14091,musicbrainz,discogs,1.0,True,True,True,gold
discogs_65680,mbrainz_14097,musicbrainz,discogs,1.0,True,True,True,gold
discogs_657,mbrainz_215,musicbrainz,discogs,1.0,True,True,True,gold
discogs_65720,mbrainz_14105,musicbrainz,discogs,1.0,True,True,True,gold
discogs_65758,mbrainz_13210,musicbrainz,discogs,1.0,True,True,True,gold
discogs_65771,mbrainz_7857,musicbrainz,discogs,0.9150418043,False,False,True,plm_check_confident_pos
discogs_6584,mbrainz_1283,musicbrainz,discogs,1.0,True,True,True,gold
discogs_65898,mbrainz_14136,musicbrainz,discogs,1.0,True,True,True,gold
discogs_65917,mbrainz_10376,musicbrainz,discogs,1.0,True,True,True,gold
discogs_65945,mbrainz_14145,musicbrainz,discogs,1.0,True,True,True,gold
discogs_6599,mbrainz_1344,musicbrainz,discogs,0.9616101384,False,False,True,plm_check_confident_pos
discogs_66005,mbrainz_14150,musicbrainz,discogs,1.0,True,True,True,gold
discogs_66016,mbrainz_14152,musicbrainz,discogs,1.0,True,True,True,gold
discogs_66020,mbrainz_14153,musicbrainz,discogs,1.0,True,False,True,gold
discogs_66079,mbrainz_14165,musicbrainz,discogs,1.0,True,True,True,gold
discogs_66147,mbrainz_14174,musicbrainz,discogs,1.0,True,True,True,gold
discogs_66158,mbrainz_14177,musicbrainz,discogs,1.0,True,True,True,gold
discogs_66199,mbrainz_16722,musicbrainz,discogs,1.0,True,True,True,gold
discogs_66212,mbrainz_14187,musicbrainz,discogs,1.0,True,True,True,gold
discogs_66212,mbrainz_19987,musicbrainz,discogs,0.7603134513,False,False,True,plm_check_confident_pos
discogs_66278,mbrainz_14200,musicbrainz,discogs,1.0,True,True,True,gold
discogs_66288,mbrainz_5885,musicbrainz,discogs,1.0,True,False,True,gold
discogs_663,mbrainz_219,musicbrainz,discogs,1.0,True,True,True,gold
discogs_6631,mbrainz_1378,musicbrainz,discogs,1.0,True,False,True,gold
discogs_66349,mbrainz_14213,musicbrainz,discogs,1.0,True,True,True,gold
discogs_66395,mbrainz_14219,musicbrainz,discogs,1.0,True,True,True,gold
discogs_66573,mbrainz_32656,musicbrainz,discogs,1.0,True,False,True,gold
discogs_6659,mbrainz_370,musicbrainz,discogs,0.9752146006,False,False,True,plm_check_confident_pos
discogs_66623,mbrainz_14267,musicbrainz,discogs,1.0,True,True,True,gold
discogs_66638,mbrainz_14271,musicbrainz,discogs,1.0,True,True,True,gold
discogs_66707,mbrainz_14409,musicbrainz,discogs,1.0,True,True,True,gold
discogs_66766,mbrainz_14289,musicbrainz,discogs,1.0,True,True,True,gold
discogs_6687,mbrainz_1273,musicbrainz,discogs,1.0,True,True,True,gold
discogs_66928,mbrainz_2384,musicbrainz,discogs,1.0,True,False,True,gold
discogs_66932,mbrainz_14320,musicbrainz,discogs,1.0,True,True,True,gold
discogs_6694,mbrainz_1389,musicbrainz,discogs,1.0,True,True,True,gold
discogs_66940,mbrainz_14321,musicbrainz,discogs,1.0,True,True,True,gold
discogs_66948,mbrainz_14322,musicbrainz,discogs,1.0,True,True,True,gold
discogs_66996,mbrainz_3987,musicbrainz,discogs,0.9052823782,False,False,True,plm_check_confident_pos
discogs_67,mbrainz_27,musicbrainz,discogs,1.0,True,True,True,gold
discogs_67084,mbrainz_14341,musicbrainz,discogs,1.0,True,True,True,gold
discogs_672,mbrainz_222,musicbrainz,discogs,1.0,True,True,True,gold
discogs_67243,mbrainz_14360,musicbrainz,discogs,1.0,True,True,True,gold
discogs_67260,mbrainz_14364,musicbrainz,discogs,1.0,True,True,True,gold
discogs_67321,mbrainz_14341,musicbrainz,discogs,1.0,True,False,True,gold
discogs_67325,mbrainz_18891,musicbrainz,discogs,0.9210955501,False,False,True,plm_check_confident_pos
discogs_67328,mbrainz_14382,musicbrainz,discogs,1.0,True,False,True,gold
discogs_67380,mbrainz_14396,musicbrainz,discogs,1.0,True,False,True,gold
discogs_67427,mbrainz_9448,musicbrainz,discogs,1.0,True,False,True,gold
discogs_6744,mbrainz_1399,musicbrainz,discogs,1.0,True,True,True,gold
discogs_67444,mbrainz_13270,musicbrainz,discogs,0.9661092758,False,False,True,plm_check_confident_pos
discogs_6745,mbrainz_1400,musicbrainz,discogs,1.0,True,True,True,gold
discogs_67463,mbrainz_14413,musicbrainz,discogs,1.0,True,True,True,gold
discogs_67502,mbrainz_1680,musicbrainz,discogs,0.9729698896,False,False,True,plm_check_confident_pos
discogs_67518,mbrainz_14428,musicbrainz,discogs,0.9305638671,False,False,True,plm_check_confident_pos
discogs_67621,mbrainz_24365,musicbrainz,discogs,0.9630177617,False,True,True,agreement
discogs_67634,mbrainz_14452,musicbrainz,discogs,1.0,True,True,True,gold
discogs_6766,mbrainz_1408,musicbrainz,discogs,1.0,True,True,True,gold
discogs_67721,mbrainz_14464,musicbrainz,discogs,1.0,True,True,True,gold
discogs_67864,mbrainz_12777,musicbrainz,discogs,0.9102761745,False,False,True,plm_check_confident_pos
discogs_6787,mbrainz_1412,musicbrainz,discogs,1.0,True,True,True,gold
discogs_67932,mbrainz_14511,musicbrainz,discogs,1.0,True,True,True,gold
discogs_67950,mbrainz_9457,musicbrainz,discogs,1.0,True,True,True,gold
discogs_67988,mbrainz_10868,musicbrainz,discogs,0.9742196798,False,False,True,plm_check_confident_pos
discogs_68114,mbrainz_2754,musicbrainz,discogs,0.9167872667,False,False,True,plm_check_confident_pos
discogs_68125,mbrainz_14539,musicbrainz,discogs,1.0,True,True,True,gold
discogs_6814,mbrainz_1418,musicbrainz,discogs,1.0,True,True,True,gold
discogs_68145,mbrainz_14111,musicbrainz,discogs,1.0,True,True,True,gold
discogs_68177,mbrainz_14547,musicbrainz,discogs,1.0,True,True,True,gold
discogs_68185,mbrainz_13239,musicbrainz,discogs,1.0,True,True,True,gold
discogs_68271,mbrainz_14563,musicbrainz,discogs,0.9572913051,False,True,True,agreement
discogs_68288,mbrainz_14564,musicbrainz,discogs,1.0,True,True,True,gold
discogs_68290,mbrainz_1903,musicbrainz,discogs,0.9502328634,False,True,True,agreement
discogs_6831,mbrainz_1421,musicbrainz,discogs,1.0,True,True,True,gold
discogs_68345,mbrainz_14576,musicbrainz,discogs,1.0,True,True,True,gold
discogs_6835,mbrainz_1422,musicbrainz,discogs,1.0,True,True,True,gold
discogs_6836,mbrainz_1344,musicbrainz,discogs,0.9659563899,False,False,True,plm_check_confident_pos
discogs_68375,mbrainz_1640,musicbrainz,discogs,1.0,True,True,True,gold
discogs_68442,mbrainz_14593,musicbrainz,discogs,0.9752731323,False,True,True,agreement
discogs_68443,mbrainz_14594,musicbrainz,discogs,1.0,True,True,True,gold
discogs_68463,mbrainz_14597,musicbrainz,discogs,1.0,True,True,True,gold
discogs_68472,mbrainz_14600,musicbrainz,discogs,1.0,True,True,True,gold
discogs_68513,mbrainz_14605,musicbrainz,discogs,1.0,True,True,True,gold
discogs_68523,mbrainz_14610,musicbrainz,discogs,1.0,True,True,True,gold
discogs_68524,mbrainz_14611,musicbrainz,discogs,1.0,True,True,True,gold
discogs_68631,mbrainz_14634,musicbrainz,discogs,1.0,True,True,True,gold
discogs_68724,mbrainz_14648,musicbrainz,discogs,1.0,True,True,True,gold
discogs_68779,mbrainz_14656,musicbrainz,discogs,1.0,True,True,True,gold
discogs_6889,mbrainz_1432,musicbrainz,discogs,1.0,True,True,True,gold
discogs_68903,mbrainz_12103,musicbrainz,discogs,1.0,True,True,True,gold
discogs_6897,mbrainz_1434,musicbrainz,discogs,1.0,True,True,True,gold
discogs_69046,mbrainz_23545,musicbrainz,discogs,1.0,True,False,True,gold
discogs_69127,mbrainz_14711,musicbrainz,discogs,1.0,True,True,True,gold
discogs_69185,mbrainz_12949,musicbrainz,discogs,0.9742126465,False,False,True,plm_check_confident_pos
discogs_69191,mbrainz_14726,musicbrainz,discogs,1.0,True,True,True,gold
discogs_69233,mbrainz_14733,musicbrainz,discogs,0.96291399,False,True,True,agreement
discogs_69244,mbrainz_14737,musicbrainz,discogs,1.0,True,True,True,gold
discogs_69253,mbrainz_11821,musicbrainz,discogs,0.9666410685,False,True,True,agreement
discogs_69313,mbrainz_8708,musicbrainz,discogs,0.9231413007,False,False,True,plm_check_confident_pos
discogs_69316,mbrainz_10328,musicbrainz,discogs,0.9406340122,False,False,True,plm_check_confident_pos
discogs_69316,mbrainz_23838,musicbrainz,discogs,0.7663775086,False,False,True,plm_check_confident_pos
discogs_69335,mbrainz_13945,musicbrainz,discogs,1.0,True,False,True,gold
discogs_6950,mbrainz_1157,musicbrainz,discogs,1.0,True,False,True,gold
discogs_69501,mbrainz_2610,musicbrainz,discogs,0.9685356021,False,False,True,plm_check_confident_pos
discogs_69519,mbrainz_14782,musicbrainz,discogs,1.0,True,True,True,gold
discogs_69529,mbrainz_4147,musicbrainz,discogs,1.0,True,False,True,gold
discogs_69531,mbrainz_14787,musicbrainz,discogs,0.974892199,False,True,True,agreement
discogs_69543,mbrainz_14789,musicbrainz,discogs,1.0,True,True,True,gold
discogs_69544,mbrainz_13604,musicbrainz,discogs,1.0,True,True,True,gold
discogs_69561,mbrainz_10533,musicbrainz,discogs,1.0,True,True,True,gold
discogs_69561,mbrainz_22450,musicbrainz,discogs,0.7938727736,False,False,True,plm_check_confident_pos
discogs_6958,mbrainz_16773,musicbrainz,discogs,0.8978739977,False,False,True,plm_check_confident_pos
discogs_6958,mbrainz_25550,musicbrainz,discogs,0.75800621509552,False,False,True,plm_check_confident_pos
discogs_69682,mbrainz_14814,musicbrainz,discogs,0.9754221439,False,False,True,plm_check_confident_pos
discogs_69682,mbrainz_9859,musicbrainz,discogs,0.9042744637,False,False,True,plm_check_confident_pos
discogs_69730,mbrainz_2610,musicbrainz,discogs,0.8547859788,False,False,True,plm_check_confident_pos
discogs_69783,mbrainz_14838,musicbrainz,discogs,0.6988555789,False,True,True,agreement
discogs_6984,mbrainz_1447,musicbrainz,discogs,1.0,True,True,True,gold
discogs_69865,mbrainz_943,musicbrainz,discogs,0.9088434577,False,False,True,plm_check_confident_pos
discogs_6988,mbrainz_1448,musicbrainz,discogs,0.9723815322,False,True,True,agreement
discogs_69895,mbrainz_14856,musicbrainz,discogs,1.0,True,True,True,gold
discogs_6995,mbrainz_1449,musicbrainz,discogs,1.0,True,True,True,gold
discogs_700,mbrainz_233,musicbrainz,discogs,1.0,True,True,True,gold
discogs_70100,mbrainz_10866,musicbrainz,discogs,1.0,True,True,True,gold
discogs_703,mbrainz_234,musicbrainz,discogs,1.0,True,True,True,gold
discogs_70310,mbrainz_14913,musicbrainz,discogs,0.9743459225,False,True,True,agreement
discogs_70330,mbrainz_2290,musicbrainz,discogs,1.0,True,False,True,gold
discogs_70332,mbrainz_16712,musicbrainz,discogs,0.8907954097,False,False,True,plm_check_confident_pos
discogs_70332,mbrainz_25550,musicbrainz,discogs,0.9633633494,False,False,True,plm_check_confident_pos
discogs_70343,mbrainz_14922,musicbrainz,discogs,1.0,True,True,True,gold
discogs_70370,mbrainz_13210,musicbrainz,discogs,0.9753296971,False,False,True,plm_check_confident_pos
discogs_70395,mbrainz_14934,musicbrainz,discogs,1.0,True,True,True,gold
discogs_70400,mbrainz_145,musicbrainz,discogs,0.8577080965,False,False,True,plm_check_confident_pos
discogs_7045,mbrainz_1456,musicbrainz,discogs,1.0,True,True,True,gold
discogs_70460,mbrainz_6651,musicbrainz,discogs,1.0,True,False,True,gold
discogs_70483,mbrainz_11250,musicbrainz,discogs,0.7720124722,False,False,True,plm_check_confident_pos
discogs_70483,mbrainz_2868,musicbrainz,discogs,1.0,True,False,True,gold
discogs_70520,mbrainz_14952,musicbrainz,discogs,1.0,True,True,True,gold
discogs_70589,mbrainz_14963,musicbrainz,discogs,1.0,True,True,True,gold
discogs_707,mbrainz_235,musicbrainz,discogs,1.0,True,True,True,gold
discogs_70724,mbrainz_15000,musicbrainz,discogs,1.0,True,False,True,gold
discogs_7077,mbrainz_1462,musicbrainz,discogs,1.0,True,True,True,gold
discogs_7088,mbrainz_1464,musicbrainz,discogs,1.0,True,True,True,gold
discogs_70907,mbrainz_15029,musicbrainz,discogs,1.0,True,False,True,gold
discogs_710,mbrainz_236,musicbrainz,discogs,1.0,True,True,True,gold
discogs_7103,mbrainz_1466,musicbrainz,discogs,1.0,True,True,True,gold
discogs_71039,mbrainz_15045,musicbrainz,discogs,1.0,True,True,True,gold
discogs_71066,mbrainz_14657,musicbrainz,discogs,1.0,True,True,True,gold
discogs_7108,mbrainz_1468,musicbrainz,discogs,1.0,True,True,True,gold
discogs_71090,mbrainz_15053,musicbrainz,discogs,1.0,True,True,True,gold
discogs_7110,mbrainz_1469,musicbrainz,discogs,1.0,True,True,True,gold
discogs_71139,mbrainz_15067,musicbrainz,discogs,1.0,True,True,True,gold
discogs_71149,mbrainz_15071,musicbrainz,discogs,1.0,True,True,True,gold
discogs_71169,mbrainz_15076,musicbrainz,discogs,1.0,True,True,True,gold
discogs_71190,mbrainz_15080,musicbrainz,discogs,0.9745438099,False,False,True,plm_check_confident_pos
discogs_712,mbrainz_237,musicbrainz,discogs,1.0,True,True,True,gold
discogs_71200,mbrainz_15083,musicbrainz,discogs,0.9701859355,False,False,True,plm_check_confident_pos
discogs_71203,mbrainz_442,musicbrainz,discogs,0.971934557,False,False,True,plm_check_confident_pos
discogs_71250,mbrainz_15091,musicbrainz,discogs,1.0,True,True,True,gold
discogs_71264,mbrainz_15093,musicbrainz,discogs,1.0,True,True,True,gold
discogs_713,mbrainz_201,musicbrainz,discogs,1.0,True,True,True,gold
discogs_7130,mbrainz_1472,musicbrainz,discogs,0.9698048234,False,True,True,agreement
discogs_71300,mbrainz_15083,musicbrainz,discogs,0.9619618058,False,False,True,plm_check_confident_pos
discogs_71317,mbrainz_11775,musicbrainz,discogs,1.0,True,True,True,gold
discogs_7138,mbrainz_1473,musicbrainz,discogs,1.0,True,True,True,gold
discogs_71458,mbrainz_15126,musicbrainz,discogs,1.0,True,True,True,gold
discogs_71459,mbrainz_15127,musicbrainz,discogs,0.9736967683,False,True,True,agreement
discogs_71475,mbrainz_15132,musicbrainz,discogs,1.0,True,True,True,gold
discogs_715,mbrainz_239,musicbrainz,discogs,1.0,True,True,True,gold
discogs_7159,mbrainz_1474,musicbrainz,discogs,1.0,True,True,True,gold
discogs_71595,mbrainz_15154,musicbrainz,discogs,1.0,True,True,True,gold
discogs_716,mbrainz_9696,musicbrainz,discogs,1.0,True,True,True,gold
discogs_7163,mbrainz_29773,musicbrainz,discogs,0.7955521941,False,False,True,plm_check_confident_pos
discogs_7165,mbrainz_1477,musicbrainz,discogs,1.0,True,True,True,gold
discogs_71763,mbrainz_15183,musicbrainz,discogs,1.0,True,True,True,gold
discogs_71795,mbrainz_15458,musicbrainz,discogs,1.0,True,True,True,gold
discogs_718,mbrainz_241,musicbrainz,discogs,1.0,True,True,True,gold
discogs_7187,mbrainz_1483,musicbrainz,discogs,1.0,True,True,True,gold
discogs_71877,mbrainz_15203,musicbrainz,discogs,1.0,True,True,True,gold
discogs_7189,mbrainz_1485,musicbrainz,discogs,1.0,True,True,True,gold
discogs_719,mbrainz_242,musicbrainz,discogs,1.0,True,True,True,gold
discogs_71900,mbrainz_15209,musicbrainz,discogs,1.0,True,True,True,gold
discogs_71930,mbrainz_15213,musicbrainz,discogs,1.0,True,True,True,gold
discogs_71952,mbrainz_15220,musicbrainz,discogs,1.0,True,False,True,gold
discogs_72010,mbrainz_3625,musicbrainz,discogs,1.0,True,True,True,gold
discogs_72163,mbrainz_15263,musicbrainz,discogs,1.0,True,True,True,gold
discogs_72195,mbrainz_1852,musicbrainz,discogs,0.9063375592,False,False,True,plm_check_confident_pos
discogs_722,mbrainz_243,musicbrainz,discogs,1.0,True,True,True,gold
discogs_72203,mbrainz_15274,musicbrainz,discogs,1.0,True,True,True,gold
discogs_72221,mbrainz_15280,musicbrainz,discogs,1.0,True,True,True,gold
discogs_72272,mbrainz_8422,musicbrainz,discogs,0.938049376,False,False,True,plm_check_confident_pos
discogs_72395,mbrainz_10496,musicbrainz,discogs,1.0,True,True,True,gold
discogs_7242,mbrainz_1495,musicbrainz,discogs,1.0,True,True,True,gold
discogs_72441,mbrainz_2383,musicbrainz,discogs,0.9268916845,False,False,True,plm_check_confident_pos
discogs_72441,mbrainz_2690,musicbrainz,discogs,0.7124385833740234,False,False,True,plm_check_confident_pos
discogs_72464,mbrainz_14838,musicbrainz,discogs,0.8359963298,False,False,True,plm_check_confident_pos
discogs_72465,mbrainz_2870,musicbrainz,discogs,0.8592914939,False,False,True,plm_check_confident_pos
discogs_72469,mbrainz_15331,musicbrainz,discogs,1.0,True,True,True,gold
discogs_7248,mbrainz_1496,musicbrainz,discogs,1.0,True,True,True,gold
discogs_7249,mbrainz_1497,musicbrainz,discogs,1.0,True,True,True,gold
discogs_72504,mbrainz_15337,musicbrainz,discogs,1.0,True,True,True,gold
discogs_72639,mbrainz_15365,musicbrainz,discogs,1.0,True,True,True,gold
discogs_72675,mbrainz_15371,musicbrainz,discogs,0.9728899002,False,True,True,agreement
discogs_72681,mbrainz_284,musicbrainz,discogs,0.8776355386,False,False,True,plm_check_confident_pos
discogs_727,mbrainz_244,musicbrainz,discogs,1.0,True,True,True,gold
discogs_72760,mbrainz_2384,musicbrainz,discogs,0.9686089754,False,False,True,plm_check_confident_pos
discogs_7277,mbrainz_706,musicbrainz,discogs,1.0,True,True,True,gold
discogs_72815,mbrainz_15395,musicbrainz,discogs,0.9755271673,False,True,True,agreement
discogs_72825,mbrainz_15139,musicbrainz,discogs,1.0,True,True,True,gold
discogs_72898,mbrainz_15407,musicbrainz,discogs,1.0,True,True,True,gold
discogs_7290,mbrainz_1502,musicbrainz,discogs,0.9735712409,False,False,True,plm_check_confident_pos
discogs_72909,mbrainz_5251,musicbrainz,discogs,1.0,True,False,True,gold
discogs_72951,mbrainz_15414,musicbrainz,discogs,1.0,True,True,True,gold
discogs_73018,mbrainz_15423,musicbrainz,discogs,1.0,True,True,True,gold
discogs_73090,mbrainz_16712,musicbrainz,discogs,0.9298273921,False,False,True,plm_check_confident_pos
discogs_73090,mbrainz_16773,musicbrainz,discogs,0.8004747033119202,False,False,True,plm_check_confident_pos
discogs_73090,mbrainz_25550,musicbrainz,discogs,0.934984684,False,False,True,plm_check_confident_pos
discogs_731,mbrainz_246,musicbrainz,discogs,1.0,True,True,True,gold
discogs_73108,mbrainz_15439,musicbrainz,discogs,1.0,True,True,True,gold
discogs_73117,mbrainz_6853,musicbrainz,discogs,1.0,True,False,True,gold
discogs_73178,mbrainz_15453,musicbrainz,discogs,1.0,True,True,True,gold
discogs_7324,mbrainz_1509,musicbrainz,discogs,1.0,True,True,True,gold
discogs_73257,mbrainz_15472,musicbrainz,discogs,1.0,True,True,True,gold
discogs_7326,mbrainz_1510,musicbrainz,discogs,1.0,True,True,True,gold
discogs_73272,mbrainz_1695,musicbrainz,discogs,0.9233916998,False,False,True,plm_check_confident_pos
discogs_7329,mbrainz_1511,musicbrainz,discogs,1.0,True,True,True,gold
discogs_733,mbrainz_247,musicbrainz,discogs,1.0,True,True,True,gold
discogs_73305,mbrainz_15482,musicbrainz,discogs,1.0,True,True,True,gold
discogs_73309,mbrainz_15483,musicbrainz,discogs,1.0,True,True,True,gold
discogs_73364,mbrainz_15494,musicbrainz,discogs,1.0,True,True,True,gold
discogs_734,mbrainz_248,musicbrainz,discogs,1.0,True,False,True,gold
discogs_73409,mbrainz_15506,musicbrainz,discogs,0.9733529687,False,False,True,plm_check_confident_pos
discogs_7346,mbrainz_1513,musicbrainz,discogs,1.0,True,True,True,gold
discogs_7352,mbrainz_1514,musicbrainz,discogs,1.0,True,True,True,gold
discogs_73572,mbrainz_15533,musicbrainz,discogs,1.0,True,True,True,gold
discogs_736,mbrainz_249,musicbrainz,discogs,1.0,True,True,True,gold
discogs_7365,mbrainz_1517,musicbrainz,discogs,1.0,True,True,True,gold
discogs_73672,mbrainz_8542,musicbrainz,discogs,0.9503145218,False,False,True,plm_check_confident_pos
discogs_73697,mbrainz_13162,musicbrainz,discogs,1.0,True,True,True,gold
discogs_737,mbrainz_250,musicbrainz,discogs,1.0,True,True,True,gold
discogs_7372,mbrainz_18312,musicbrainz,discogs,0.9655570388,False,True,True,agreement
discogs_73749,mbrainz_15563,musicbrainz,discogs,0.9757941961,False,True,True,agreement
discogs_73796,mbrainz_6621,musicbrainz,discogs,1.0,True,True,True,gold
discogs_73847,mbrainz_14400,musicbrainz,discogs,1.0,True,True,True,gold
discogs_73879,mbrainz_15584,musicbrainz,discogs,1.0,True,True,True,gold
discogs_739,mbrainz_251,musicbrainz,discogs,1.0,True,True,True,gold
discogs_73911,mbrainz_15586,musicbrainz,discogs,1.0,True,True,True,gold
discogs_73916,mbrainz_9070,musicbrainz,discogs,1.0,True,False,True,gold
discogs_74,mbrainz_30,musicbrainz,discogs,1.0,True,True,True,gold
discogs_740,mbrainz_30835,musicbrainz,discogs,1.0,True,True,True,gold
discogs_74027,mbrainz_7714,musicbrainz,discogs,1.0,True,True,True,gold
discogs_74033,mbrainz_15606,musicbrainz,discogs,1.0,True,True,True,gold
discogs_74107,mbrainz_13210,musicbrainz,discogs,1.0,True,False,True,gold
discogs_74113,mbrainz_15619,musicbrainz,discogs,1.0,True,True,True,gold
discogs_74120,mbrainz_15622,musicbrainz,discogs,1.0,True,True,True,gold
discogs_74132,mbrainz_15623,musicbrainz,discogs,1.0,True,True,True,gold
discogs_74167,mbrainz_12091,musicbrainz,discogs,1.0,True,True,True,gold
discogs_74187,mbrainz_15638,musicbrainz,discogs,0.969501853,False,True,True,agreement
discogs_742,mbrainz_252,musicbrainz,discogs,1.0,True,True,True,gold
discogs_74273,mbrainz_29794,musicbrainz,discogs,1.0,True,True,True,gold
discogs_743,mbrainz_253,musicbrainz,discogs,1.0,True,True,True,gold
discogs_74360,mbrainz_6939,musicbrainz,discogs,1.0,True,True,True,gold
discogs_74382,mbrainz_13255,musicbrainz,discogs,0.7842158675,False,False,True,plm_check_confident_pos
discogs_74382,mbrainz_20300,musicbrainz,discogs,0.9751215577,False,True,True,agreement
discogs_744,mbrainz_254,musicbrainz,discogs,1.0,True,True,True,gold
discogs_74446,mbrainz_33634,musicbrainz,discogs,1.0,True,True,True,gold
discogs_745,mbrainz_255,musicbrainz,discogs,1.0,True,True,True,gold
discogs_74557,mbrainz_27177,musicbrainz,discogs,1.0,True,True,True,gold
discogs_74583,mbrainz_15053,musicbrainz,discogs,0.9740543962,False,False,True,plm_check_confident_pos
discogs_746,mbrainz_256,musicbrainz,discogs,1.0,True,True,True,gold
discogs_74634,mbrainz_1157,musicbrainz,discogs,0.9289046526,False,False,True,plm_check_confident_pos
discogs_74648,mbrainz_13552,musicbrainz,discogs,0.9620865583,False,False,True,plm_check_confident_pos
discogs_74664,mbrainz_19403,musicbrainz,discogs,1.0,True,True,True,gold
discogs_74671,mbrainz_3406,musicbrainz,discogs,0.8182769418,False,False,True,plm_check_confident_pos
discogs_74742,mbrainz_15472,musicbrainz,discogs,0.9721826315,False,False,True,plm_check_confident_pos
discogs_74746,mbrainz_8178,musicbrainz,discogs,0.9566044807,False,False,True,plm_check_confident_pos
discogs_74755,mbrainz_4786,musicbrainz,discogs,0.611954987,False,False,True,plm_check_llm_yes
discogs_74784,mbrainz_17412,musicbrainz,discogs,1.0,True,False,True,gold
discogs_74785,mbrainz_1807,musicbrainz,discogs,0.9167675376,False,False,True,plm_check_confident_pos
discogs_7480,mbrainz_1532,musicbrainz,discogs,0.9728271961,False,True,True,agreement
discogs_74922,mbrainz_27498,musicbrainz,discogs,1.0,True,True,True,gold
discogs_74984,mbrainz_13697,musicbrainz,discogs,0.9739721417,False,False,True,plm_check_confident_pos
discogs_74984,mbrainz_15657,musicbrainz,discogs,1.0,True,True,True,gold
discogs_74992,mbrainz_15658,musicbrainz,discogs,1.0,True,False,True,gold
discogs_7506,mbrainz_1535,musicbrainz,discogs,1.0,True,True,True,gold
discogs_7508,mbrainz_1537,musicbrainz,discogs,0.9535095692,False,True,True,agreement
discogs_7513,mbrainz_1539,musicbrainz,discogs,1.0,True,True,True,gold
discogs_75175,mbrainz_29631,musicbrainz,discogs,1.0,True,True,True,gold
discogs_75190,mbrainz_14967,musicbrainz,discogs,0.9742917418,False,True,True,agreement
discogs_75190,mbrainz_28368,musicbrainz,discogs,0.9543167353,False,False,True,plm_check_confident_pos
discogs_75235,mbrainz_15012,musicbrainz,discogs,1.0,True,True,True,gold
discogs_7525,mbrainz_1541,musicbrainz,discogs,0.9733384252,False,True,True,agreement
discogs_75258,mbrainz_29794,musicbrainz,discogs,0.8463714719,False,False,True,plm_check_confident_pos
discogs_75325,mbrainz_15301,musicbrainz,discogs,1.0,True,True,True,gold
discogs_75343,mbrainz_15704,musicbrainz,discogs,1.0,True,True,True,gold
discogs_75502,mbrainz_13271,musicbrainz,discogs,1.0,True,True,True,gold
discogs_75543,mbrainz_15737,musicbrainz,discogs,1.0,True,True,True,gold
discogs_7556,mbrainz_1542,musicbrainz,discogs,0.972999692,False,True,True,agreement
discogs_757,mbrainz_260,musicbrainz,discogs,1.0,True,True,True,gold
discogs_75759,mbrainz_15760,musicbrainz,discogs,0.9677810669,False,False,True,plm_check_confident_pos
discogs_75826,mbrainz_15750,musicbrainz,discogs,1.0,True,True,True,gold
discogs_75827,mbrainz_15751,musicbrainz,discogs,1.0,True,True,True,gold
discogs_759,mbrainz_261,musicbrainz,discogs,1.0,True,True,True,gold
discogs_7591,mbrainz_1549,musicbrainz,discogs,1.0,True,True,True,gold
discogs_7591,mbrainz_5941,musicbrainz,discogs,0.9423175454,False,False,True,plm_check_confident_pos
discogs_75939,mbrainz_11022,musicbrainz,discogs,1.0,True,True,True,gold
discogs_75959,mbrainz_10055,musicbrainz,discogs,1.0,True,True,True,gold
discogs_75961,mbrainz_15776,musicbrainz,discogs,0.9736722708,False,True,True,agreement
discogs_7599,mbrainz_1552,musicbrainz,discogs,1.0,True,True,True,gold
discogs_75992,mbrainz_15781,musicbrainz,discogs,1.0,True,True,True,gold
discogs_76049,mbrainz_15790,musicbrainz,discogs,1.0,True,True,True,gold
discogs_76100,mbrainz_6370,musicbrainz,discogs,0.952154398,False,False,True,plm_check_confident_pos
discogs_76217,mbrainz_15808,musicbrainz,discogs,1.0,True,True,True,gold
discogs_7622,mbrainz_1557,musicbrainz,discogs,1.0,True,True,True,gold
discogs_76222,mbrainz_15638,musicbrainz,discogs,1.0,True,False,True,gold
discogs_7627,mbrainz_3841,musicbrainz,discogs,1.0,True,False,True,gold
discogs_76276,mbrainz_15820,musicbrainz,discogs,1.0,True,True,True,gold
discogs_7638,mbrainz_1559,musicbrainz,discogs,1.0,True,True,True,gold
discogs_76407,mbrainz_15831,musicbrainz,discogs,1.0,True,True,True,gold
discogs_76445,mbrainz_15834,musicbrainz,discogs,1.0,True,True,True,gold
discogs_76446,mbrainz_15835,musicbrainz,discogs,1.0,True,True,True,gold
discogs_76467,mbrainz_15839,musicbrainz,discogs,0.9693268538,False,True,True,agreement
discogs_76468,mbrainz_15839,musicbrainz,discogs,1.0,True,False,True,gold
discogs_7648,mbrainz_1562,musicbrainz,discogs,1.0,True,True,True,gold
discogs_76481,mbrainz_15843,musicbrainz,discogs,1.0,True,False,True,gold
discogs_7652,mbrainz_1563,musicbrainz,discogs,1.0,True,False,True,gold
discogs_76524,mbrainz_4836,musicbrainz,discogs,0.9545988441,False,True,True,agreement
discogs_7658,mbrainz_1154,musicbrainz,discogs,0.9416437745,False,True,True,agreement
discogs_7658,mbrainz_1156,musicbrainz,discogs,0.7218757868,False,False,True,plm_check_confident_pos
discogs_7663,mbrainz_1564,musicbrainz,discogs,1.0,True,True,True,gold
discogs_76631,mbrainz_14428,musicbrainz,discogs,1.0,True,True,True,gold
discogs_76769,mbrainz_14073,musicbrainz,discogs,1.0,True,True,True,gold
discogs_76788,mbrainz_15886,musicbrainz,discogs,1.0,True,True,True,gold
discogs_7680,mbrainz_1567,musicbrainz,discogs,1.0,True,True,True,gold
discogs_76811,mbrainz_32901,musicbrainz,discogs,1.0,True,True,True,gold
discogs_76812,mbrainz_15889,musicbrainz,discogs,1.0,True,True,True,gold
discogs_76812,mbrainz_29947,musicbrainz,discogs,0.7960151433944702,False,False,True,plm_check_confident_pos
discogs_769,mbrainz_263,musicbrainz,discogs,1.0,True,True,True,gold
discogs_76909,mbrainz_32,musicbrainz,discogs,0.9532247186,False,False,True,plm_check_confident_pos
discogs_76909,mbrainz_490,musicbrainz,discogs,0.9730510712,False,False,True,plm_check_confident_pos
discogs_76911,mbrainz_3010,musicbrainz,discogs,0.7903187275,False,False,True,plm_check_confident_pos
discogs_76960,mbrainz_15910,musicbrainz,discogs,1.0,True,True,True,gold
discogs_770,mbrainz_264,musicbrainz,discogs,1.0,True,True,True,gold
discogs_77051,mbrainz_15921,musicbrainz,discogs,0.9730656147,False,True,True,agreement
discogs_77067,mbrainz_15933,musicbrainz,discogs,1.0,True,True,True,gold
discogs_77079,mbrainz_15924,musicbrainz,discogs,1.0,True,True,True,gold
discogs_7716,mbrainz_1568,musicbrainz,discogs,1.0,True,True,True,gold
discogs_77277,mbrainz_634,musicbrainz,discogs,0.9563647509,False,False,True,plm_check_confident_pos
discogs_77295,mbrainz_15931,musicbrainz,discogs,1.0,True,True,True,gold
discogs_77354,mbrainz_7573,musicbrainz,discogs,1.0,True,True,True,gold
discogs_7737,mbrainz_1576,musicbrainz,discogs,1.0,True,True,True,gold
discogs_77422,mbrainz_15986,musicbrainz,discogs,0.9732767344,False,True,True,agreement
discogs_77509,mbrainz_16001,musicbrainz,discogs,1.0,True,True,True,gold
discogs_77584,mbrainz_8555,musicbrainz,discogs,0.9455400109,False,False,True,plm_check_confident_pos
discogs_77677,mbrainz_16097,musicbrainz,discogs,1.0,True,True,True,gold
discogs_77693,mbrainz_61,musicbrainz,discogs,0.8400703073,False,False,True,plm_check_confident_pos
discogs_77748,mbrainz_17402,musicbrainz,discogs,1.0,True,True,True,gold
discogs_77748,mbrainz_22860,musicbrainz,discogs,0.9078553319,False,False,True,plm_check_confident_pos
discogs_7782,mbrainz_383,musicbrainz,discogs,1.0,True,True,True,gold
discogs_77859,mbrainz_26518,musicbrainz,discogs,0.9460932016,False,False,True,plm_check_confident_pos
discogs_77905,mbrainz_15505,musicbrainz,discogs,1.0,True,True,True,gold
discogs_7799,mbrainz_1588,musicbrainz,discogs,1.0,True,True,True,gold
discogs_7803,mbrainz_1589,musicbrainz,discogs,1.0,True,True,True,gold
discogs_78055,mbrainz_15500,musicbrainz,discogs,1.0,True,True,True,gold
discogs_78144,mbrainz_8816,musicbrainz,discogs,0.9747201204,False,False,True,plm_check_confident_pos
discogs_7818,mbrainz_1593,musicbrainz,discogs,1.0,True,True,True,gold
discogs_78395,mbrainz_8867,musicbrainz,discogs,1.0,True,True,True,gold
discogs_784,mbrainz_268,musicbrainz,discogs,1.0,True,True,True,gold
discogs_78410,mbrainz_2319,musicbrainz,discogs,1.0,True,False,True,gold
discogs_78451,mbrainz_16029,musicbrainz,discogs,1.0,True,True,True,gold
discogs_78465,mbrainz_16030,musicbrainz,discogs,0.9739372134,False,True,True,agreement
discogs_78472,mbrainz_7903,musicbrainz,discogs,1.0,True,True,True,gold
discogs_7849,mbrainz_1608,musicbrainz,discogs,1.0,True,True,True,gold
discogs_78499,mbrainz_16037,musicbrainz,discogs,1.0,True,True,True,gold
discogs_7854,mbrainz_23545,musicbrainz,discogs,0.9730043411,False,True,True,agreement
discogs_7860,mbrainz_1613,musicbrainz,discogs,1.0,True,True,True,gold
discogs_78630,mbrainz_16054,musicbrainz,discogs,0.9751893282,False,True,True,agreement
discogs_78684,mbrainz_16057,musicbrainz,discogs,1.0,True,True,True,gold
discogs_78685,mbrainz_15003,musicbrainz,discogs,1.0,True,False,True,gold
discogs_7869,mbrainz_1617,musicbrainz,discogs,1.0,True,True,True,gold
discogs_7874,mbrainz_1619,musicbrainz,discogs,1.0,True,False,True,gold
discogs_7880,mbrainz_1621,musicbrainz,discogs,1.0,True,True,True,gold
discogs_7895,mbrainz_1627,musicbrainz,discogs,1.0,True,True,True,gold
discogs_78998,mbrainz_16086,musicbrainz,discogs,1.0,True,True,True,gold
discogs_7901,mbrainz_1631,musicbrainz,discogs,1.0,True,True,True,gold
discogs_7906,mbrainz_1634,musicbrainz,discogs,1.0,True,True,True,gold
discogs_79214,mbrainz_16103,musicbrainz,discogs,0.9734908938,False,True,True,agreement
discogs_79291,mbrainz_16109,musicbrainz,discogs,1.0,True,True,True,gold
discogs_79337,mbrainz_16115,musicbrainz,discogs,1.0,True,True,True,gold
discogs_7935,mbrainz_1651,musicbrainz,discogs,1.0,True,True,True,gold
discogs_7938,mbrainz_1653,musicbrainz,discogs,1.0,True,True,True,gold
discogs_79405,mbrainz_25151,musicbrainz,discogs,1.0,True,True,True,gold
discogs_7942,mbrainz_1655,musicbrainz,discogs,1.0,True,True,True,gold
discogs_79437,mbrainz_16125,musicbrainz,discogs,1.0,True,True,True,gold
discogs_7947,mbrainz_1656,musicbrainz,discogs,0.9747333527,False,False,True,plm_check_confident_pos
discogs_79496,mbrainz_4346,musicbrainz,discogs,0.9729968905,False,True,True,agreement
discogs_79548,mbrainz_3369,musicbrainz,discogs,0.9471173286,False,False,True,plm_check_confident_pos
discogs_79671,mbrainz_3959,musicbrainz,discogs,1.0,True,True,True,gold
discogs_79720,mbrainz_16161,musicbrainz,discogs,1.0,True,True,True,gold
discogs_79751,mbrainz_16164,musicbrainz,discogs,1.0,True,False,True,gold
discogs_79770,mbrainz_16166,musicbrainz,discogs,1.0,True,True,True,gold
discogs_79799,mbrainz_16168,musicbrainz,discogs,1.0,True,True,True,gold
discogs_79808,mbrainz_16168,musicbrainz,discogs,0.9731430411,False,False,True,plm_check_confident_pos
discogs_79917,mbrainz_16186,musicbrainz,discogs,1.0,True,True,True,gold
discogs_79952,mbrainz_16191,musicbrainz,discogs,1.0,True,True,True,gold
discogs_79961,mbrainz_11272,musicbrainz,discogs,1.0,True,True,True,gold
discogs_79971,mbrainz_16197,musicbrainz,discogs,1.0,True,True,True,gold
discogs_8003,mbrainz_1675,musicbrainz,discogs,0.9736209512,False,True,True,agreement
discogs_80092,mbrainz_22356,musicbrainz,discogs,0.974696219,False,True,True,agreement
discogs_8012,mbrainz_1676,musicbrainz,discogs,1.0,True,True,True,gold
discogs_80133,mbrainz_16219,musicbrainz,discogs,1.0,True,True,True,gold
discogs_80191,mbrainz_16225,musicbrainz,discogs,1.0,True,True,True,gold
discogs_8022,mbrainz_1678,musicbrainz,discogs,1.0,True,True,True,gold
discogs_8025,mbrainz_1680,musicbrainz,discogs,1.0,True,True,True,gold
discogs_80251,mbrainz_16231,musicbrainz,discogs,0.9420495033,False,False,True,plm_check_confident_pos
discogs_80257,mbrainz_16232,musicbrainz,discogs,1.0,True,True,True,gold
discogs_80261,mbrainz_3503,musicbrainz,discogs,0.8863050938,False,False,True,plm_check_confident_pos
discogs_80268,mbrainz_1866,musicbrainz,discogs,0.9751909375,False,True,True,agreement
discogs_80326,mbrainz_16241,musicbrainz,discogs,0.9736956358,False,False,True,plm_check_confident_pos
discogs_80426,mbrainz_5516,musicbrainz,discogs,1.0,True,True,True,gold
discogs_8043,mbrainz_1683,musicbrainz,discogs,1.0,True,True,True,gold
discogs_80450,mbrainz_16252,musicbrainz,discogs,1.0,True,True,True,gold
discogs_80516,mbrainz_16257,musicbrainz,discogs,1.0,True,True,True,gold
discogs_80566,mbrainz_16261,musicbrainz,discogs,1.0,True,True,True,gold
discogs_8058,mbrainz_1687,musicbrainz,discogs,1.0,True,True,True,gold
discogs_8059,mbrainz_1688,musicbrainz,discogs,1.0,True,True,True,gold
discogs_80608,mbrainz_16268,musicbrainz,discogs,1.0,True,True,True,gold
discogs_80683,mbrainz_8515,musicbrainz,discogs,1.0,True,True,True,gold
discogs_80693,mbrainz_16280,musicbrainz,discogs,0.9740595818,False,True,True,agreement
discogs_80709,mbrainz_16282,musicbrainz,discogs,1.0,True,True,True,gold
discogs_8076,mbrainz_1692,musicbrainz,discogs,1.0,True,True,True,gold
discogs_8077,mbrainz_5532,musicbrainz,discogs,1.0,True,True,True,gold
discogs_80778,mbrainz_5988,musicbrainz,discogs,1.0,True,True,True,gold
discogs_8082,mbrainz_1695,musicbrainz,discogs,1.0,True,True,True,gold
discogs_8088,mbrainz_1697,musicbrainz,discogs,0.9733536243,False,False,True,plm_check_confident_pos
discogs_80880,mbrainz_16166,musicbrainz,discogs,0.9589526653,False,False,True,plm_check_confident_pos
discogs_8109,mbrainz_1704,musicbrainz,discogs,1.0,True,True,True,gold
discogs_81157,mbrainz_16712,musicbrainz,discogs,0.9351779819,False,False,True,plm_check_confident_pos
discogs_81157,mbrainz_25550,musicbrainz,discogs,0.8530552983,False,False,True,plm_check_confident_pos
discogs_81161,mbrainz_17572,musicbrainz,discogs,1.0,True,False,True,gold
discogs_8119,mbrainz_1709,musicbrainz,discogs,0.9289149046,False,True,True,agreement
discogs_81191,mbrainz_16320,musicbrainz,discogs,0.9631095529,False,True,True,agreement
discogs_81220,mbrainz_15916,musicbrainz,discogs,1.0,True,True,True,gold
discogs_81242,mbrainz_16332,musicbrainz,discogs,0.975515604,False,True,True,agreement
discogs_81247,mbrainz_16334,musicbrainz,discogs,1.0,True,True,True,gold
discogs_8132,mbrainz_1715,musicbrainz,discogs,1.0,True,True,True,gold
discogs_81339,mbrainz_1625,musicbrainz,discogs,0.9599385262,False,True,True,agreement
discogs_81339,mbrainz_29984,musicbrainz,discogs,0.9174033999443054,False,False,True,plm_check_confident_pos
discogs_8143,mbrainz_1718,musicbrainz,discogs,1.0,True,True,True,gold
discogs_81433,mbrainz_13319,musicbrainz,discogs,1.0,True,True,True,gold
discogs_81439,mbrainz_16358,musicbrainz,discogs,1.0,True,True,True,gold
discogs_8146,mbrainz_1721,musicbrainz,discogs,1.0,True,True,True,gold
discogs_81466,mbrainz_16360,musicbrainz,discogs,0.9661523104,False,True,True,agreement
discogs_81481,mbrainz_16361,musicbrainz,discogs,1.0,True,True,True,gold
discogs_81481,mbrainz_18191,musicbrainz,discogs,0.9281060696,False,False,True,plm_check_confident_pos
discogs_8149,mbrainz_1724,musicbrainz,discogs,1.0,True,True,True,gold
discogs_815,mbrainz_433,musicbrainz,discogs,1.0,True,True,True,gold
discogs_8151,mbrainz_1725,musicbrainz,discogs,1.0,True,True,True,gold
discogs_81558,mbrainz_16371,musicbrainz,discogs,1.0,True,True,True,gold
discogs_81571,mbrainz_2160,musicbrainz,discogs,0.90855968,False,False,True,plm_check_confident_pos
discogs_8159,mbrainz_1731,musicbrainz,discogs,1.0,True,True,True,gold
discogs_81604,mbrainz_16376,musicbrainz,discogs,1.0,True,True,True,gold
discogs_81684,mbrainz_19268,musicbrainz,discogs,1.0,True,False,True,gold
discogs_81699,mbrainz_16389,musicbrainz,discogs,1.0,True,True,True,gold
discogs_8171,mbrainz_1737,musicbrainz,discogs,1.0,True,True,True,gold
discogs_81712,mbrainz_16390,musicbrainz,discogs,1.0,True,True,True,gold
discogs_8189,mbrainz_1744,musicbrainz,discogs,1.0,True,True,True,gold
discogs_8192,mbrainz_1712,musicbrainz,discogs,1.0,True,True,True,gold
discogs_81921,mbrainz_14824,musicbrainz,discogs,1.0,True,False,True,gold
discogs_8193,mbrainz_1746,musicbrainz,discogs,1.0,True,True,True,gold
discogs_81946,mbrainz_16420,musicbrainz,discogs,1.0,True,True,True,gold
discogs_81975,mbrainz_2783,musicbrainz,discogs,0.8837208748,False,False,True,plm_check_confident_pos
discogs_8198,mbrainz_1747,musicbrainz,discogs,0.9742459059,False,True,True,agreement
discogs_82,mbrainz_31,musicbrainz,discogs,1.0,True,True,True,gold
discogs_82061,mbrainz_15773,musicbrainz,discogs,1.0,True,True,True,gold
discogs_822,mbrainz_275,musicbrainz,discogs,1.0,True,True,True,gold
discogs_82271,mbrainz_16465,musicbrainz,discogs,1.0,True,True,True,gold
discogs_82334,mbrainz_16471,musicbrainz,discogs,1.0,True,True,True,gold
discogs_8237,mbrainz_1762,musicbrainz,discogs,0.7486755252,False,False,True,plm_check_confident_pos
discogs_82375,mbrainz_16478,musicbrainz,discogs,1.0,True,True,True,gold
discogs_82379,mbrainz_3874,musicbrainz,discogs,1.0,True,False,True,gold
discogs_82440,mbrainz_16484,musicbrainz,discogs,1.0,True,True,True,gold
discogs_8246,mbrainz_1764,musicbrainz,discogs,1.0,True,True,True,gold
discogs_8248,mbrainz_1766,musicbrainz,discogs,1.0,True,True,True,gold
discogs_8256,mbrainz_1768,musicbrainz,discogs,0.9732724428,False,True,True,agreement
discogs_82564,mbrainz_6419,musicbrainz,discogs,1.0,True,True,True,gold
discogs_82578,mbrainz_16509,musicbrainz,discogs,0.9193452597,False,False,True,plm_check_confident_pos
discogs_82716,mbrainz_1059,musicbrainz,discogs,0.5688770413,False,False,True,plm_check_llm_yes
discogs_82753,mbrainz_11884,musicbrainz,discogs,1.0,True,True,True,gold
discogs_82765,mbrainz_10949,musicbrainz,discogs,0.8913618326,False,False,True,plm_check_confident_pos
discogs_8285,mbrainz_1775,musicbrainz,discogs,0.9728111625,False,False,True,plm_check_confident_pos
discogs_8287,mbrainz_1776,musicbrainz,discogs,1.0,True,True,True,gold
discogs_82891,mbrainz_16566,musicbrainz,discogs,1.0,True,True,True,gold
discogs_829,mbrainz_278,musicbrainz,discogs,0.9733015895,False,True,True,agreement
discogs_83,mbrainz_32,musicbrainz,discogs,1.0,True,True,True,gold
discogs_83,mbrainz_490,musicbrainz,discogs,0.9522228241,False,False,True,plm_check_confident_pos
discogs_830,mbrainz_279,musicbrainz,discogs,1.0,True,True,True,gold
discogs_83051,mbrainz_7753,musicbrainz,discogs,0.9751417041,False,False,True,plm_check_confident_pos
discogs_83053,mbrainz_16585,musicbrainz,discogs,1.0,True,True,True,gold
discogs_83079,mbrainz_16589,musicbrainz,discogs,0.9530044198,False,True,True,agreement
discogs_83090,mbrainz_16358,musicbrainz,discogs,0.9733806252,False,False,True,plm_check_confident_pos
discogs_83113,mbrainz_16595,musicbrainz,discogs,1.0,True,True,True,gold
discogs_8312,mbrainz_1783,musicbrainz,discogs,1.0,True,True,True,gold
discogs_83275,mbrainz_4836,musicbrainz,discogs,1.0,True,False,True,gold
discogs_83309,mbrainz_2556,musicbrainz,discogs,0.948323071,False,False,True,plm_check_confident_pos
discogs_8333,mbrainz_1791,musicbrainz,discogs,0.9751087427,False,False,True,plm_check_confident_pos
discogs_8336,mbrainz_1792,musicbrainz,discogs,1.0,True,True,True,gold
discogs_83431,mbrainz_16648,musicbrainz,discogs,1.0,True,True,True,gold
discogs_83524,mbrainz_3456,musicbrainz,discogs,1.0,True,True,True,gold
discogs_83542,mbrainz_32785,musicbrainz,discogs,1.0,True,True,True,gold
discogs_8362,mbrainz_1798,musicbrainz,discogs,1.0,True,True,True,gold
discogs_83647,mbrainz_9035,musicbrainz,discogs,0.9753152132,False,False,True,plm_check_confident_pos
discogs_83660,mbrainz_16682,musicbrainz,discogs,1.0,True,True,True,gold
discogs_83666,mbrainz_2349,musicbrainz,discogs,0.9755671024,False,False,True,plm_check_confident_pos
discogs_83717,mbrainz_16689,musicbrainz,discogs,1.0,True,True,True,gold
discogs_83730,mbrainz_16690,musicbrainz,discogs,0.9740095139,False,True,True,agreement
discogs_8376,mbrainz_1805,musicbrainz,discogs,1.0,True,True,True,gold
discogs_83767,mbrainz_13860,musicbrainz,discogs,1.0,True,True,True,gold
discogs_8377,mbrainz_1806,musicbrainz,discogs,1.0,True,True,True,gold
discogs_8381,mbrainz_1807,musicbrainz,discogs,1.0,True,False,True,gold
discogs_83876,mbrainz_820,musicbrainz,discogs,0.8070915937,False,False,True,plm_check_confident_pos
discogs_8390,mbrainz_1812,musicbrainz,discogs,1.0,True,True,True,gold
discogs_8394,mbrainz_1813,musicbrainz,discogs,1.0,True,False,True,gold
discogs_83952,mbrainz_18544,musicbrainz,discogs,0.8509299755096436,False,False,True,plm_check_confident_pos
discogs_83952,mbrainz_4109,musicbrainz,discogs,1.0,True,True,True,gold
discogs_83993,mbrainz_16722,musicbrainz,discogs,0.9483463168,False,False,True,plm_check_confident_pos
discogs_84,mbrainz_33,musicbrainz,discogs,1.0,True,True,True,gold
discogs_84000,mbrainz_16723,musicbrainz,discogs,1.0,True,True,True,gold
discogs_84121,mbrainz_28232,musicbrainz,discogs,1.0,True,True,True,gold
discogs_84199,mbrainz_354,musicbrainz,discogs,0.9662309885,False,False,True,plm_check_confident_pos
discogs_84203,mbrainz_1812,musicbrainz,discogs,0.9555180669,False,False,True,plm_check_confident_pos
discogs_84204,mbrainz_429,musicbrainz,discogs,0.7472402453,False,False,True,plm_check_confident_pos
discogs_84293,mbrainz_2515,musicbrainz,discogs,0.9743621349,False,False,True,plm_check_confident_pos
discogs_8430,mbrainz_1826,musicbrainz,discogs,1.0,True,True,True,gold
discogs_84388,mbrainz_16776,musicbrainz,discogs,1.0,True,True,True,gold
discogs_844,mbrainz_283,musicbrainz,discogs,1.0,True,True,True,gold
discogs_84424,mbrainz_10,musicbrainz,discogs,0.8658494949,False,False,True,plm_check_confident_pos
discogs_84440,mbrainz_136,musicbrainz,discogs,0.9728610516,False,False,True,plm_check_confident_pos
discogs_8449,mbrainz_1832,musicbrainz,discogs,1.0,True,True,True,gold
discogs_84521,mbrainz_16794,musicbrainz,discogs,1.0,True,True,True,gold
discogs_84548,mbrainz_16798,musicbrainz,discogs,0.9742012024,False,True,True,agreement
discogs_8457,mbrainz_1834,musicbrainz,discogs,1.0,True,True,True,gold
discogs_8462,mbrainz_1835,musicbrainz,discogs,0.9732014537,False,True,True,agreement
discogs_8478,mbrainz_1840,musicbrainz,discogs,1.0,True,True,True,gold
discogs_84783,mbrainz_16825,musicbrainz,discogs,1.0,True,True,True,gold
discogs_8480,mbrainz_1841,musicbrainz,discogs,0.9741941094,False,True,True,agreement
discogs_8483,mbrainz_1844,musicbrainz,discogs,1.0,True,True,True,gold
discogs_8484,mbrainz_1845,musicbrainz,discogs,1.0,True,True,True,gold
discogs_84891,mbrainz_8151,musicbrainz,discogs,0.9736248851,False,False,True,plm_check_confident_pos
discogs_84933,mbrainz_7095,musicbrainz,discogs,1.0,True,True,True,gold
discogs_85020,mbrainz_16851,musicbrainz,discogs,1.0,True,True,True,gold
discogs_85082,mbrainz_16858,musicbrainz,discogs,1.0,True,False,True,gold
discogs_85138,mbrainz_16113,musicbrainz,discogs,0.9720411301,False,True,True,agreement
discogs_85320,mbrainz_16881,musicbrainz,discogs,1.0,True,True,True,gold
discogs_85418,mbrainz_16712,musicbrainz,discogs,0.9418595433,False,False,True,plm_check_confident_pos
discogs_85418,mbrainz_25550,musicbrainz,discogs,0.8421984315,False,False,True,plm_check_confident_pos
discogs_8552,mbrainz_1859,musicbrainz,discogs,1.0,True,True,True,gold
discogs_85543,mbrainz_16912,musicbrainz,discogs,1.0,True,True,True,gold
discogs_85624,mbrainz_16922,musicbrainz,discogs,0.9739636779,False,True,True,agreement
discogs_85723,mbrainz_3384,musicbrainz,discogs,0.9744461179,False,False,True,plm_check_confident_pos
discogs_85772,mbrainz_23545,musicbrainz,discogs,0.9745360017,False,False,True,plm_check_confident_pos
discogs_8593,mbrainz_429,musicbrainz,discogs,0.9733368158,False,False,True,plm_check_confident_pos
discogs_85965,mbrainz_16168,musicbrainz,discogs,0.9740300775,False,False,True,plm_check_confident_pos
discogs_86,mbrainz_35,musicbrainz,discogs,1.0,True,True,True,gold
discogs_86085,mbrainz_6652,musicbrainz,discogs,0.9751927257,False,False,True,plm_check_confident_pos
discogs_8609,mbrainz_1179,musicbrainz,discogs,1.0,True,True,True,gold
discogs_8610,mbrainz_1879,musicbrainz,discogs,0.9246513247,False,True,True,agreement
discogs_86123,mbrainz_16855,musicbrainz,discogs,1.0,True,True,True,gold
discogs_8614,mbrainz_199,musicbrainz,discogs,1.0,True,True,True,gold
discogs_86210,mbrainz_8708,musicbrainz,discogs,0.8877023458,False,False,True,plm_check_confident_pos
discogs_86243,mbrainz_17006,musicbrainz,discogs,0.9430440664,False,False,True,plm_check_confident_pos
discogs_8627,mbrainz_1883,musicbrainz,discogs,1.0,True,True,True,gold
discogs_8628,mbrainz_1884,musicbrainz,discogs,1.0,True,True,True,gold
discogs_86289,mbrainz_17012,musicbrainz,discogs,1.0,True,True,True,gold
discogs_8629,mbrainz_1885,musicbrainz,discogs,1.0,True,True,True,gold
discogs_8631,mbrainz_1887,musicbrainz,discogs,1.0,True,True,True,gold
discogs_86363,mbrainz_17029,musicbrainz,discogs,1.0,True,True,True,gold
discogs_86403,mbrainz_1570,musicbrainz,discogs,0.8780988455,False,False,True,plm_check_confident_pos
discogs_86704,mbrainz_18289,musicbrainz,discogs,1.0,True,True,True,gold
discogs_86710,mbrainz_354,musicbrainz,discogs,0.8924753666,False,False,True,plm_check_confident_pos
discogs_86726,mbrainz_7040,musicbrainz,discogs,0.9445919991,False,False,True,plm_check_confident_pos
discogs_86774,mbrainz_17086,musicbrainz,discogs,1.0,True,True,True,gold
discogs_86774,mbrainz_25221,musicbrainz,discogs,0.939807713,False,False,True,plm_check_confident_pos
discogs_86794,mbrainz_1767,musicbrainz,discogs,0.9393094182,False,False,True,plm_check_confident_pos
discogs_86931,mbrainz_17113,musicbrainz,discogs,1.0,True,True,True,gold
discogs_8694,mbrainz_1907,musicbrainz,discogs,1.0,True,True,True,gold
discogs_86999,mbrainz_17127,musicbrainz,discogs,0.9752407074,False,False,True,plm_check_confident_pos
discogs_871,mbrainz_287,musicbrainz,discogs,1.0,True,True,True,gold
discogs_8711,mbrainz_1914,musicbrainz,discogs,1.0,True,True,True,gold
discogs_87133,mbrainz_6226,musicbrainz,discogs,0.9734864831,False,True,True,agreement
discogs_87188,mbrainz_5009,musicbrainz,discogs,0.9733972549,False,False,True,plm_check_confident_pos
discogs_872,mbrainz_288,musicbrainz,discogs,1.0,True,True,True,gold
discogs_87228,mbrainz_17160,musicbrainz,discogs,1.0,True,True,True,gold
discogs_87268,mbrainz_17166,musicbrainz,discogs,1.0,True,False,False,gold
discogs_8727,mbrainz_1916,musicbrainz,discogs,1.0,True,True,True,gold
discogs_87326,mbrainz_11215,musicbrainz,discogs,0.9746477604,False,False,True,plm_check_confident_pos
discogs_87352,mbrainz_17173,musicbrainz,discogs,1.0,True,True,True,gold
discogs_8739,mbrainz_1918,musicbrainz,discogs,0.9753061533,False,True,True,agreement
discogs_87405,mbrainz_17179,musicbrainz,discogs,1.0,True,False,True,gold
discogs_87525,mbrainz_13390,musicbrainz,discogs,0.96241045,False,False,True,plm_check_confident_pos
discogs_87539,mbrainz_3442,musicbrainz,discogs,0.9741584659,False,False,True,plm_check_confident_pos
discogs_87651,mbrainz_17217,musicbrainz,discogs,1.0,True,True,True,gold
discogs_87679,mbrainz_5725,musicbrainz,discogs,1.0,True,False,True,gold
discogs_87690,mbrainz_12678,musicbrainz,discogs,0.9588204622,False,False,True,plm_check_confident_pos
discogs_8770,mbrainz_1928,musicbrainz,discogs,1.0,True,True,True,gold
discogs_8771,mbrainz_1929,musicbrainz,discogs,1.0,True,True,True,gold
discogs_8772,mbrainz_1930,musicbrainz,discogs,1.0,True,True,True,gold
discogs_87767,mbrainz_14983,musicbrainz,discogs,1.0,True,True,True,gold
discogs_878,mbrainz_210,musicbrainz,discogs,1.0,True,False,True,gold
discogs_87802,mbrainz_20198,musicbrainz,discogs,1.0,True,True,True,gold
discogs_87809,mbrainz_17238,musicbrainz,discogs,1.0,True,True,True,gold
discogs_87904,mbrainz_30041,musicbrainz,discogs,0.8785074949,False,False,True,plm_check_confident_pos
discogs_880,mbrainz_292,musicbrainz,discogs,0.9690801501,False,True,True,agreement
discogs_88029,mbrainz_6117,musicbrainz,discogs,1.0,True,True,True,gold
discogs_88040,mbrainz_5043,musicbrainz,discogs,1.0,True,False,True,gold
discogs_88091,mbrainz_17285,musicbrainz,discogs,1.0,True,True,True,gold
discogs_88266,mbrainz_2667,musicbrainz,discogs,1.0,True,True,True,gold
discogs_8833,mbrainz_1946,musicbrainz,discogs,1.0,True,True,True,gold
discogs_88358,mbrainz_7899,musicbrainz,discogs,0.958758235,False,False,True,plm_check_confident_pos
discogs_88523,mbrainz_4531,musicbrainz,discogs,1.0,True,False,True,gold
discogs_88572,mbrainz_3038,musicbrainz,discogs,0.7830818892,False,True,True,agreement
discogs_88621,mbrainz_22450,musicbrainz,discogs,0.6418887377,False,False,True,plm_check_llm_yes
discogs_88634,mbrainz_17355,musicbrainz,discogs,1.0,True,False,True,gold
discogs_88636,mbrainz_17356,musicbrainz,discogs,0.9727281332,False,True,True,agreement
discogs_8866,mbrainz_1957,musicbrainz,discogs,1.0,True,True,True,gold
discogs_88693,mbrainz_8393,musicbrainz,discogs,0.9542185664,False,False,True,plm_check_confident_pos
discogs_88775,mbrainz_3655,musicbrainz,discogs,0.7316588759,False,False,True,plm_check_confident_pos
discogs_88821,mbrainz_13044,musicbrainz,discogs,0.8823532462,False,False,True,plm_check_confident_pos
discogs_88852,mbrainz_13883,musicbrainz,discogs,0.9540666342,False,False,True,plm_check_confident_pos
discogs_88989,mbrainz_25706,musicbrainz,discogs,0.9750587344,False,True,True,agreement
discogs_89005,mbrainz_17408,musicbrainz,discogs,1.0,True,True,True,gold
discogs_89067,mbrainz_19491,musicbrainz,discogs,1.0,True,True,True,gold
discogs_89100,mbrainz_17417,musicbrainz,discogs,1.0,True,True,True,gold
discogs_89162,mbrainz_16585,musicbrainz,discogs,0.9728981256,False,False,True,plm_check_confident_pos
discogs_893,mbrainz_295,musicbrainz,discogs,1.0,True,True,True,gold
discogs_8957,mbrainz_1981,musicbrainz,discogs,1.0,True,True,True,gold
discogs_8961,mbrainz_1982,musicbrainz,discogs,0.9455294609,False,True,True,agreement
discogs_89622,mbrainz_28045,musicbrainz,discogs,0.947930336,False,True,True,agreement
discogs_897,mbrainz_297,musicbrainz,discogs,1.0,True,True,True,gold
discogs_89712,mbrainz_17496,musicbrainz,discogs,0.9733374715,False,True,True,agreement
discogs_8977,mbrainz_1986,musicbrainz,discogs,1.0,True,True,True,gold
discogs_899,mbrainz_298,musicbrainz,discogs,1.0,True,True,True,gold
discogs_89940,mbrainz_17474,musicbrainz,discogs,1.0,True,True,True,gold
discogs_89954,mbrainz_6332,musicbrainz,discogs,0.9449397326,False,False,True,plm_check_confident_pos
discogs_900,mbrainz_299,musicbrainz,discogs,1.0,True,True,True,gold
discogs_9004,mbrainz_1874,musicbrainz,discogs,0.9746530652,False,False,True,plm_check_confident_pos
discogs_90058,mbrainz_19739,musicbrainz,discogs,0.9729420543,False,True,True,agreement
discogs_9006,mbrainz_1993,musicbrainz,discogs,0.9733168483,False,False,True,plm_check_confident_pos
discogs_9011,mbrainz_1994,musicbrainz,discogs,1.0,True,True,True,gold
discogs_903,mbrainz_9390,musicbrainz,discogs,1.0,True,True,True,gold
discogs_90359,mbrainz_742,musicbrainz,discogs,0.9185767174,False,False,True,plm_check_confident_pos
discogs_904,mbrainz_300,musicbrainz,discogs,1.0,True,True,True,gold
discogs_9043,mbrainz_2007,musicbrainz,discogs,1.0,True,True,True,gold
discogs_90456,mbrainz_2387,musicbrainz,discogs,0.9430074692,False,False,True,plm_check_confident_pos
discogs_905,mbrainz_301,musicbrainz,discogs,0.9728174806,False,True,True,agreement
discogs_9052,mbrainz_835,musicbrainz,discogs,1.0,True,False,True,gold
discogs_90542,mbrainz_16339,musicbrainz,discogs,1.0,True,True,True,gold
discogs_9055,mbrainz_1323,musicbrainz,discogs,1.0,True,True,True,gold
discogs_90551,mbrainz_17543,musicbrainz,discogs,1.0,True,True,True,gold
discogs_90566,mbrainz_19485,musicbrainz,discogs,1.0,True,True,True,gold
discogs_906,mbrainz_302,musicbrainz,discogs,1.0,True,True,True,gold
discogs_90678,mbrainz_17559,musicbrainz,discogs,1.0,True,True,True,gold
discogs_908,mbrainz_15462,musicbrainz,discogs,1.0,True,True,True,gold
discogs_9081,mbrainz_1873,musicbrainz,discogs,0.9727300406,False,False,True,plm_check_confident_pos
discogs_90880,mbrainz_11790,musicbrainz,discogs,1.0,True,True,True,gold
discogs_9093,mbrainz_2016,musicbrainz,discogs,0.9740588069,False,True,True,agreement
discogs_910,mbrainz_304,musicbrainz,discogs,0.9738726616,False,True,True,agreement
discogs_91030,mbrainz_17594,musicbrainz,discogs,1.0,True,True,True,gold
discogs_9106,mbrainz_2017,musicbrainz,discogs,1.0,True,True,True,gold
discogs_91123,mbrainz_13977,musicbrainz,discogs,1.0,True,True,True,gold
discogs_91138,mbrainz_17609,musicbrainz,discogs,1.0,True,True,True,gold
discogs_9118,mbrainz_2024,musicbrainz,discogs,1.0,True,True,True,gold
discogs_91189,mbrainz_2028,musicbrainz,discogs,0.966165483,False,True,True,agreement
discogs_91189,mbrainz_8813,musicbrainz,discogs,0.9307881593704224,False,False,True,plm_check_confident_pos
discogs_9120,mbrainz_2025,musicbrainz,discogs,1.0,True,True,True,gold
discogs_91219,mbrainz_16773,musicbrainz,discogs,0.9578584433,False,False,True,plm_check_confident_pos
discogs_91219,mbrainz_25550,musicbrainz,discogs,0.8476789593696594,False,False,True,plm_check_confident_pos
discogs_91401,mbrainz_17640,musicbrainz,discogs,1.0,True,True,True,gold
discogs_9141,mbrainz_196,musicbrainz,discogs,0.9437263608,False,False,True,plm_check_confident_pos
discogs_9141,mbrainz_480,musicbrainz,discogs,0.9747169614,False,False,True,plm_check_confident_pos
discogs_91416,mbrainz_17654,musicbrainz,discogs,1.0,True,True,True,gold
discogs_91441,mbrainz_5567,musicbrainz,discogs,0.9004790783,False,False,True,plm_check_confident_pos
discogs_91506,mbrainz_17654,musicbrainz,discogs,0.972895205,False,False,True,plm_check_confident_pos
discogs_9153,mbrainz_2030,musicbrainz,discogs,1.0,True,True,True,gold
discogs_91642,mbrainz_1899,musicbrainz,discogs,1.0,True,True,True,gold
discogs_9170,mbrainz_2034,musicbrainz,discogs,1.0,True,True,True,gold
discogs_91702,mbrainz_17680,musicbrainz,discogs,1.0,True,True,True,gold
discogs_91794,mbrainz_17692,musicbrainz,discogs,1.0,True,True,True,gold
discogs_91849,mbrainz_17696,musicbrainz,discogs,0.9556283355,False,True,True,agreement
discogs_91863,mbrainz_17701,musicbrainz,discogs,1.0,True,True,True,gold
discogs_92114,mbrainz_17729,musicbrainz,discogs,1.0,True,True,True,gold
discogs_92195,mbrainz_17739,musicbrainz,discogs,1.0,True,True,True,gold
discogs_9221,mbrainz_2045,musicbrainz,discogs,1.0,True,True,True,gold
discogs_9222,mbrainz_2046,musicbrainz,discogs,0.957880497,False,True,True,agreement
discogs_92232,mbrainz_17790,musicbrainz,discogs,1.0,True,True,True,gold
discogs_9225,mbrainz_2047,musicbrainz,discogs,1.0,True,True,True,gold
discogs_9237,mbrainz_2050,musicbrainz,discogs,1.0,True,True,True,gold
discogs_92388,mbrainz_15500,musicbrainz,discogs,0.9489837289,False,False,True,plm_check_confident_pos
discogs_92421,mbrainz_17763,musicbrainz,discogs,1.0,True,True,True,gold
discogs_9243,mbrainz_2052,musicbrainz,discogs,1.0,True,True,True,gold
discogs_92534,mbrainz_17784,musicbrainz,discogs,0.9752416015,False,True,True,agreement
discogs_9259,mbrainz_2056,musicbrainz,discogs,1.0,True,True,True,gold
discogs_92633,mbrainz_1952,musicbrainz,discogs,0.9644880891,False,False,True,plm_check_confident_pos
discogs_9284,mbrainz_2065,musicbrainz,discogs,1.0,True,True,True,gold
discogs_92848,mbrainz_26946,musicbrainz,discogs,1.0,True,True,True,gold
discogs_9299,mbrainz_2071,musicbrainz,discogs,1.0,True,True,True,gold
discogs_93051,mbrainz_8708,musicbrainz,discogs,0.8011313677,False,False,True,plm_check_confident_pos
discogs_93084,mbrainz_18350,musicbrainz,discogs,1.0,True,True,True,gold
discogs_93166,mbrainz_18827,musicbrainz,discogs,0.9512358308,False,False,True,plm_check_confident_pos
discogs_93307,mbrainz_17820,musicbrainz,discogs,0.9743266106,False,True,True,agreement
discogs_9334,mbrainz_2083,musicbrainz,discogs,0.9738135338,False,True,True,agreement
discogs_9336,mbrainz_2222,musicbrainz,discogs,0.9456830621,False,False,True,plm_check_confident_pos
discogs_93364,mbrainz_17820,musicbrainz,discogs,0.9730903506,False,False,True,plm_check_confident_pos
discogs_9345,mbrainz_2087,musicbrainz,discogs,0.9731196761,False,True,True,agreement
discogs_93461,mbrainz_17829,musicbrainz,discogs,1.0,True,True,True,gold
discogs_93467,mbrainz_16712,musicbrainz,discogs,0.9473105073,False,False,True,plm_check_confident_pos
discogs_93467,mbrainz_16773,musicbrainz,discogs,0.7120211720466614,False,False,True,plm_check_confident_pos
discogs_93467,mbrainz_25550,musicbrainz,discogs,0.733332634,False,False,True,plm_check_confident_pos
discogs_9349,mbrainz_2090,musicbrainz,discogs,1.0,True,True,True,gold
discogs_9350,mbrainz_2091,musicbrainz,discogs,1.0,True,True,True,gold
discogs_93510,mbrainz_17834,musicbrainz,discogs,0.9578934312,False,True,True,agreement
discogs_93562,mbrainz_17838,musicbrainz,discogs,0.9358926415,False,True,True,agreement
discogs_93565,mbrainz_17839,musicbrainz,discogs,0.9681147933,False,True,True,agreement
discogs_936,mbrainz_305,musicbrainz,discogs,0.9727721214,False,True,True,agreement
discogs_93653,mbrainz_7899,musicbrainz,discogs,0.9200248122,False,True,True,agreement
discogs_93655,mbrainz_17850,musicbrainz,discogs,1.0,True,True,True,gold
discogs_9368,mbrainz_2096,musicbrainz,discogs,1.0,True,True,True,gold
discogs_938,mbrainz_306,musicbrainz,discogs,1.0,True,True,True,gold
discogs_93800,mbrainz_17860,musicbrainz,discogs,1.0,True,True,True,gold
discogs_9383,mbrainz_2101,musicbrainz,discogs,1.0,True,True,True,gold
discogs_93837,mbrainz_18137,musicbrainz,discogs,0.97484231,False,False,True,plm_check_confident_pos
discogs_93844,mbrainz_4382,musicbrainz,discogs,0.971845746,False,False,True,plm_check_confident_pos
discogs_93912,mbrainz_17880,musicbrainz,discogs,1.0,True,True,True,gold
discogs_93934,mbrainz_12359,musicbrainz,discogs,0.9493919611,False,True,True,agreement
discogs_9394,mbrainz_429,musicbrainz,discogs,0.8622947931,False,False,True,plm_check_confident_pos
discogs_9397,mbrainz_2109,musicbrainz,discogs,1.0,True,True,True,gold
discogs_93992,mbrainz_17890,musicbrainz,discogs,0.9737894535,False,False,True,plm_check_confident_pos
discogs_9404,mbrainz_2110,musicbrainz,discogs,1.0,True,True,True,gold
discogs_94054,mbrainz_6892,musicbrainz,discogs,1.0,True,True,True,gold
discogs_94069,mbrainz_7899,musicbrainz,discogs,0.8924412131,False,False,True,plm_check_confident_pos
discogs_9409,mbrainz_1314,musicbrainz,discogs,0.975231945514679,False,False,True,plm_check_confident_pos
discogs_9409,mbrainz_539,musicbrainz,discogs,1.0,True,True,True,gold
discogs_941,mbrainz_307,musicbrainz,discogs,0.9692144394,False,True,True,agreement
discogs_9411,mbrainz_2112,musicbrainz,discogs,0.9728637338,False,True,True,agreement
discogs_9423,mbrainz_2114,musicbrainz,discogs,0.9732157588,False,True,True,agreement
discogs_9430,mbrainz_2115,musicbrainz,discogs,1.0,True,True,True,gold
discogs_94305,mbrainz_17928,musicbrainz,discogs,1.0,True,True,True,gold
discogs_94314,mbrainz_17930,musicbrainz,discogs,1.0,True,True,True,gold
discogs_94317,mbrainz_17101,musicbrainz,discogs,1.0,True,True,True,gold
discogs_94320,mbrainz_17820,musicbrainz,discogs,1.0,True,False,True,gold
discogs_9433,mbrainz_2116,musicbrainz,discogs,1.0,True,True,True,gold
discogs_9434,mbrainz_2117,musicbrainz,discogs,1.0,True,True,True,gold
discogs_94405,mbrainz_17930,musicbrainz,discogs,0.9748941064,False,False,True,plm_check_confident_pos
discogs_94411,mbrainz_17944,musicbrainz,discogs,1.0,True,True,True,gold
discogs_94484,mbrainz_4253,musicbrainz,discogs,0.938124001,False,False,True,plm_check_confident_pos
discogs_94531,mbrainz_17926,musicbrainz,discogs,0.9240654707,False,False,True,plm_check_confident_pos
discogs_94539,mbrainz_2738,musicbrainz,discogs,0.909676373,False,False,True,plm_check_confident_pos
discogs_9454,mbrainz_8057,musicbrainz,discogs,1.0,True,True,True,gold
discogs_9455,mbrainz_2124,musicbrainz,discogs,1.0,True,True,True,gold
discogs_9463,mbrainz_2127,musicbrainz,discogs,1.0,True,True,True,gold
discogs_9466,mbrainz_2130,musicbrainz,discogs,0.9559223056,False,True,True,agreement
discogs_94661,mbrainz_17985,musicbrainz,discogs,1.0,True,True,True,gold
discogs_94666,mbrainz_2611,musicbrainz,discogs,0.9736734033,False,False,True,plm_check_confident_pos
discogs_94774,mbrainz_943,musicbrainz,discogs,1.0,True,True,True,gold
discogs_948,mbrainz_312,musicbrainz,discogs,1.0,True,True,True,gold
discogs_94853,mbrainz_15439,musicbrainz,discogs,0.9737858176,False,False,True,plm_check_confident_pos
discogs_94874,mbrainz_17890,musicbrainz,discogs,1.0,True,True,True,gold
discogs_9490,mbrainz_2139,musicbrainz,discogs,1.0,True,True,True,gold
discogs_94990,mbrainz_23545,musicbrainz,discogs,1.0,True,False,True,gold
discogs_9500,mbrainz_3841,musicbrainz,discogs,0.9750169516,False,False,True,plm_check_confident_pos
discogs_9506,mbrainz_2145,musicbrainz,discogs,1.0,True,True,True,gold
discogs_95068,mbrainz_2507,musicbrainz,discogs,0.9520009756,False,False,True,plm_check_confident_pos
discogs_95151,mbrainz_18047,musicbrainz,discogs,1.0,True,True,True,gold
discogs_9523,mbrainz_2150,musicbrainz,discogs,1.0,True,True,True,gold
discogs_95232,mbrainz_17412,musicbrainz,discogs,0.9521875978,False,False,True,plm_check_confident_pos
discogs_95255,mbrainz_18055,musicbrainz,discogs,1.0,True,True,True,gold
discogs_95294,mbrainz_18060,musicbrainz,discogs,1.0,True,True,True,gold
discogs_9538,mbrainz_2067,musicbrainz,discogs,0.8857676983,False,False,True,plm_check_confident_pos
discogs_95411,mbrainz_18072,musicbrainz,discogs,1.0,True,True,True,gold
discogs_95440,mbrainz_12359,musicbrainz,discogs,1.0,True,False,True,gold
discogs_9559,mbrainz_2155,musicbrainz,discogs,1.0,True,True,True,gold
discogs_9570,mbrainz_179,musicbrainz,discogs,0.9696614146232605,False,False,True,plm_check_confident_pos
discogs_9570,mbrainz_180,musicbrainz,discogs,0.9730646014,False,False,True,plm_check_confident_pos
discogs_9576,mbrainz_2158,musicbrainz,discogs,1.0,True,True,True,gold
discogs_95778,mbrainz_18116,musicbrainz,discogs,1.0,True,True,True,gold
discogs_958,mbrainz_29655,musicbrainz,discogs,1.0,True,True,True,gold
discogs_95802,mbrainz_18122,musicbrainz,discogs,0.9747135639,False,True,True,agreement
discogs_9587,mbrainz_3635,musicbrainz,discogs,0.8692005277,False,False,True,plm_check_confident_pos
discogs_9591,mbrainz_2162,musicbrainz,discogs,1.0,True,True,True,gold
discogs_95996,mbrainz_18144,musicbrainz,discogs,0.9684399962,False,True,True,agreement
discogs_96,mbrainz_37,musicbrainz,discogs,1.0,True,True,True,gold
discogs_96024,mbrainz_18330,musicbrainz,discogs,1.0,True,True,True,gold
discogs_9603,mbrainz_2165,musicbrainz,discogs,0.9731718302,False,True,True,agreement
discogs_96053,mbrainz_7854,musicbrainz,discogs,1.0,True,True,True,gold
discogs_9616,mbrainz_2170,musicbrainz,discogs,1.0,True,True,True,gold
discogs_96264,mbrainz_1570,musicbrainz,discogs,0.9408401847,False,False,True,plm_check_confident_pos
discogs_96277,mbrainz_8657,musicbrainz,discogs,1.0,True,True,True,gold
discogs_96293,mbrainz_15855,musicbrainz,discogs,1.0,True,True,True,gold
discogs_96298,mbrainz_18181,musicbrainz,discogs,0.8671483994,False,True,True,agreement
discogs_96377,mbrainz_8220,musicbrainz,discogs,1.0,True,False,True,gold
discogs_96422,mbrainz_18196,musicbrainz,discogs,1.0,True,False,True,gold
discogs_96433,mbrainz_3191,musicbrainz,discogs,0.9727270007,False,False,True,plm_check_confident_pos
discogs_9650,mbrainz_2181,musicbrainz,discogs,0.9192432761,False,True,True,agreement
discogs_96550,mbrainz_18206,musicbrainz,discogs,0.9392985106,False,True,True,agreement
discogs_96551,mbrainz_18206,musicbrainz,discogs,0.972949028,False,False,True,plm_check_confident_pos
discogs_9658,mbrainz_1867,musicbrainz,discogs,0.9736349583,False,False,True,plm_check_confident_pos
discogs_96636,mbrainz_18214,musicbrainz,discogs,1.0,True,True,True,gold
discogs_9665,mbrainz_2186,musicbrainz,discogs,1.0,True,True,True,gold
discogs_96723,mbrainz_31781,musicbrainz,discogs,0.9733919501,False,True,True,agreement
discogs_9678,mbrainz_2189,musicbrainz,discogs,1.0,True,True,True,gold
discogs_9681,mbrainz_2190,musicbrainz,discogs,1.0,True,True,True,gold
discogs_96815,mbrainz_9858,musicbrainz,discogs,1.0,True,True,True,gold
discogs_9691,mbrainz_2192,musicbrainz,discogs,1.0,True,True,True,gold
discogs_96940,mbrainz_4158,musicbrainz,discogs,0.9737295508,False,False,True,plm_check_confident_pos
discogs_96952,mbrainz_18250,musicbrainz,discogs,1.0,True,True,True,gold
discogs_9698,mbrainz_2195,musicbrainz,discogs,1.0,True,True,True,gold
discogs_97014,mbrainz_18257,musicbrainz,discogs,0.9580997825,False,False,True,plm_check_confident_pos
discogs_9712,mbrainz_2199,musicbrainz,discogs,1.0,True,True,True,gold
discogs_9713,mbrainz_2200,musicbrainz,discogs,1.0,True,True,True,gold
discogs_97157,mbrainz_31,musicbrainz,discogs,0.9732679129,False,False,True,plm_check_confident_pos
discogs_97213,mbrainz_17920,musicbrainz,discogs,0.9734420776,False,False,True,plm_check_confident_pos
discogs_97292,mbrainz_2249,musicbrainz,discogs,1.0,True,False,True,gold
discogs_97317,mbrainz_18301,musicbrainz,discogs,1.0,True,True,True,gold
discogs_97319,mbrainz_15351,musicbrainz,discogs,1.0,True,False,True,gold
discogs_97332,mbrainz_18089,musicbrainz,discogs,1.0,True,True,True,gold
discogs_97385,mbrainz_5988,musicbrainz,discogs,1.0,True,False,True,gold
discogs_9740,mbrainz_1825,musicbrainz,discogs,1.0,True,True,True,gold
discogs_97444,mbrainz_18314,musicbrainz,discogs,0.9739010334,False,True,True,agreement
discogs_97454,mbrainz_18315,musicbrainz,discogs,1.0,True,True,True,gold
discogs_97462,mbrainz_284,musicbrainz,discogs,0.8656688333,False,False,True,plm_check_confident_pos
discogs_9753,mbrainz_2208,musicbrainz,discogs,0.9416582584,False,True,True,agreement
discogs_97566,mbrainz_18332,musicbrainz,discogs,1.0,True,False,True,gold
discogs_976,mbrainz_315,musicbrainz,discogs,1.0,True,True,True,gold
discogs_97643,mbrainz_18349,musicbrainz,discogs,0.9728694558,False,True,True,agreement
discogs_97665,mbrainz_8422,musicbrainz,discogs,0.9355089664,False,False,True,plm_check_confident_pos
discogs_97669,mbrainz_2638,musicbrainz,discogs,0.9509528279,False,False,True,plm_check_confident_pos
discogs_9769,mbrainz_913,musicbrainz,discogs,1.0,True,False,True,gold
discogs_97789,mbrainz_18371,musicbrainz,discogs,0.9731985927,False,True,True,agreement
discogs_97882,mbrainz_7673,musicbrainz,discogs,0.9689813256,False,False,True,plm_check_confident_pos
discogs_97913,mbrainz_5346,musicbrainz,discogs,0.8987079859,False,False,True,plm_check_confident_pos
discogs_9792,mbrainz_1062,musicbrainz,discogs,1.0,True,True,True,gold
discogs_98,mbrainz_38,musicbrainz,discogs,1.0,True,True,True,gold
discogs_9800,mbrainz_2222,musicbrainz,discogs,0.9732919931,False,True,True,agreement
discogs_98067,mbrainz_18401,musicbrainz,discogs,1.0,True,True,True,gold
discogs_98068,mbrainz_18402,musicbrainz,discogs,1.0,True,True,True,gold
discogs_9819,mbrainz_2227,musicbrainz,discogs,1.0,True,True,True,gold
discogs_98482,mbrainz_18448,musicbrainz,discogs,1.0,True,True,True,gold
discogs_98622,mbrainz_18462,musicbrainz,discogs,1.0,True,True,True,gold
discogs_98661,mbrainz_15395,musicbrainz,discogs,1.0,True,False,True,gold
discogs_98778,mbrainz_7718,musicbrainz,discogs,1.0,True,False,True,gold
discogs_98809,mbrainz_15627,musicbrainz,discogs,1.0,True,True,True,gold
discogs_99,mbrainz_39,musicbrainz,discogs,1.0,True,True,True,gold
discogs_99096,mbrainz_6188,musicbrainz,discogs,0.9344477057,False,False,True,plm_check_confident_pos
discogs_9915,mbrainz_2253,musicbrainz,discogs,1.0,True,True,True,gold
discogs_99197,mbrainz_18521,musicbrainz,discogs,1.0,True,True,True,gold
discogs_9923,mbrainz_2256,musicbrainz,discogs,1.0,True,True,True,gold
discogs_99242,mbrainz_18526,musicbrainz,discogs,1.0,True,True,True,gold
discogs_99347,mbrainz_14854,musicbrainz,discogs,1.0,True,False,True,gold
discogs_9936,mbrainz_2261,musicbrainz,discogs,1.0,True,True,True,gold
discogs_99361,mbrainz_18544,musicbrainz,discogs,0.9737470746,False,True,True,agreement
discogs_99361,mbrainz_4109,musicbrainz,discogs,0.8614783883094788,False,False,True,plm_check_confident_pos
discogs_99363,mbrainz_18816,musicbrainz,discogs,1.0,True,True,True,gold
discogs_9939,mbrainz_2262,musicbrainz,discogs,1.0,True,True,True,gold
discogs_99434,mbrainz_429,musicbrainz,discogs,0.8801982403,False,False,True,plm_check_confident_pos
discogs_99584,mbrainz_18561,musicbrainz,discogs,1.0,True,True,True,gold
discogs_99588,mbrainz_18562,musicbrainz,discogs,1.0,True,True,True,gold
discogs_99697,mbrainz_2185,musicbrainz,discogs,0.8688322902,False,True,True,agreement
discogs_99704,mbrainz_7957,musicbrainz,discogs,0.8978694081,False,False,True,plm_check_confident_pos
discogs_99705,mbrainz_2404,musicbrainz,discogs,0.6817086935,False,False,True,plm_check_llm_yes
discogs_9978,mbrainz_2272,musicbrainz,discogs,1.0,True,True,True,gold
discogs_99813,mbrainz_1739,musicbrainz,discogs,0.5014760494,False,False,True,plm_check_llm_yes
discogs_99936,mbrainz_18615,musicbrainz,discogs,1.0,True,True,True,gold
discogs_99955,mbrainz_18618,musicbrainz,discogs,1.0,True,True,True,gold
lastFM_1,mbrainz_1,musicbrainz,lastfm,1.0,True,True,True,gold
lastFM_1002,mbrainz_478,musicbrainz,lastfm,1.0,True,True,True,gold
lastFM_10022,mbrainz_4838,musicbrainz,lastfm,1.0,True,True,True,gold
lastFM_10055,mbrainz_4850,musicbrainz,lastfm,1.0,True,True,True,gold
lastFM_10061,mbrainz_4854,musicbrainz,lastfm,1.0,True,True,True,gold
lastFM_10069,mbrainz_4858,musicbrainz,lastfm,1.0,True,False,True,gold
lastFM_10088,mbrainz_4867,musicbrainz,lastfm,1.0,True,False,True,gold
lastFM_101,mbrainz_77,musicbrainz,lastfm,1.0,True,True,True,gold
lastFM_1011,mbrainz_196,musicbrainz,lastfm,0.9756802320480347,False,False,True,plm_check_confident_pos
lastFM_1011,mbrainz_480,musicbrainz,lastfm,1.0,True,True,True,gold
lastFM_10114,mbrainz_4877,musicbrainz,lastfm,1.0,True,False,True,gold
lastFM_10122,mbrainz_4881,musicbrainz,lastfm,1.0,True,True,True,gold
lastFM_10140,mbrainz_4892,musicbrainz,lastfm,1.0,True,True,True,gold
lastFM_10164,mbrainz_4901,musicbrainz,lastfm,1.0,True,True,True,gold
lastFM_10197,mbrainz_4914,musicbrainz,lastfm,1.0,True,True,True,gold
lastFM_102,mbrainz_78,musicbrainz,lastfm,0.9744739532470703,False,False,True,plm_check_confident_pos
lastFM_10255,mbrainz_4940,musicbrainz,lastfm,1.0,True,False,True,gold
lastFM_10277,mbrainz_4952,musicbrainz,lastfm,1.0,True,True,True,gold
lastFM_10277,mbrainz_6693,musicbrainz,lastfm,0.8908647894859314,False,False,True,plm_check_confident_pos
lastFM_10288,mbrainz_4957,musicbrainz,lastfm,1.0,True,True,True,gold
lastFM_103,mbrainz_6190,musicbrainz,lastfm,0.9758297204971313,False,True,True,agreement
lastFM_10307,mbrainz_4966,musicbrainz,lastfm,1.0,True,True,True,gold
lastFM_10319,mbrainz_4977,musicbrainz,lastfm,1.0,True,True,True,gold
lastFM_10322,mbrainz_4979,musicbrainz,lastfm,1.0,True,False,True,gold
lastFM_10343,mbrainz_4985,musicbrainz,lastfm,1.0,True,True,True,gold
lastFM_10344,mbrainz_4986,musicbrainz,lastfm,1.0,True,False,True,gold
lastFM_10369,mbrainz_4999,musicbrainz,lastfm,1.0,True,True,True,gold
lastFM_1037,mbrainz_488,musicbrainz,lastfm,1.0,True,True,True,gold
lastFM_10375,mbrainz_5001,musicbrainz,lastfm,1.0,True,True,True,gold
lastFM_10376,mbrainz_5002,musicbrainz,lastfm,1.0,True,True,True,gold
lastFM_104,mbrainz_79,musicbrainz,lastfm,1.0,True,True,True,gold
lastFM_1041,mbrainz_489,musicbrainz,lastfm,1.0,True,True,True,gold
lastFM_10423,mbrainz_5019,musicbrainz,lastfm,1.0,True,True,True,gold
lastFM_10450,mbrainz_5030,musicbrainz,lastfm,1.0,True,True,True,gold
lastFM_10453,mbrainz_5033,musicbrainz,lastfm,1.0,True,True,True,gold
lastFM_10460,mbrainz_5037,musicbrainz,lastfm,1.0,True,True,True,gold
lastFM_10485,mbrainz_5050,musicbrainz,lastfm,1.0,True,True,True,gold
lastFM_10485,mbrainz_6774,musicbrainz,lastfm,0.8242538571357727,False,False,True,plm_check_confident_pos
lastFM_10488,mbrainz_14184,musicbrainz,lastfm,0.8682298064231873,False,False,True,plm_check_confident_pos
lastFM_10488,mbrainz_5052,musicbrainz,lastfm,1.0,True,True,True,gold
lastFM_10489,mbrainz_5053,musicbrainz,lastfm,0.9735742807388306,False,True,True,agreement
lastFM_10490,mbrainz_5054,musicbrainz,lastfm,1.0,True,True,True,gold
lastFM_10518,mbrainz_13636,musicbrainz,lastfm,0.9748541116714478,False,False,True,plm_check_confident_pos
lastFM_10518,mbrainz_18232,musicbrainz,lastfm,0.9034316539764404,False,False,True,plm_check_confident_pos
lastFM_10518,mbrainz_21551,musicbrainz,lastfm,0.9706050157546997,False,False,True,plm_check_confident_pos
lastFM_10518,mbrainz_2676,musicbrainz,lastfm,0.8829222321510315,False,False,True,plm_check_confident_pos
lastFM_10518,mbrainz_5061,musicbrainz,lastfm,1.0,True,False,True,gold
lastFM_10528,mbrainz_5067,musicbrainz,lastfm,1.0,True,True,True,gold
lastFM_10538,mbrainz_5072,musicbrainz,lastfm,1.0,True,True,True,gold
lastFM_1056,mbrainz_493,musicbrainz,lastfm,1.0,True,True,True,gold
lastFM_10579,mbrainz_5089,musicbrainz,lastfm,1.0,True,True,True,gold
lastFM_10587,mbrainz_5091,musicbrainz,lastfm,1.0,True,True,True,gold
lastFM_10595,mbrainz_5095,musicbrainz,lastfm,1.0,True,True,True,gold
lastFM_10597,mbrainz_5097,musicbrainz,lastfm,1.0,True,True,True,gold
lastFM_106,mbrainz_80,musicbrainz,lastfm,1.0,True,False,True,gold
lastFM_10615,mbrainz_5107,musicbrainz,lastfm,1.0,True,True,True,gold
lastFM_10622,mbrainz_5108,musicbrainz,lastfm,0.9729574918746948,False,True,True,agreement
lastFM_10624,mbrainz_5110,musicbrainz,lastfm,1.0,True,True,True,gold
lastFM_10625,mbrainz_5111,musicbrainz,lastfm,0.9731214046478271,False,True,True,agreement
lastFM_10647,mbrainz_5123,musicbrainz,lastfm,1.0,True,True,True,gold
lastFM_10714,mbrainz_5149,musicbrainz,lastfm,0.9735217094421387,False,True,True,agreement
lastFM_10716,mbrainz_5151,musicbrainz,lastfm,1.0,True,True,True,gold
lastFM_1074,mbrainz_498,musicbrainz,lastfm,1.0,True,True,True,gold
lastFM_10749,mbrainz_5162,musicbrainz,lastfm,1.0,True,True,True,gold
lastFM_10763,mbrainz_5167,musicbrainz,lastfm,1.0,True,True,True,gold
lastFM_10787,mbrainz_5175,musicbrainz,lastfm,1.0,True,True,True,gold
lastFM_108,mbrainz_82,musicbrainz,lastfm,1.0,True,True,True,gold
lastFM_108,mbrainz_92,musicbrainz,lastfm,0.9732018709182739,False,False,True,plm_check_confident_pos
lastFM_10816,mbrainz_5184,musicbrainz,lastfm,1.0,True,True,True,gold
lastFM_10822,mbrainz_5187,musicbrainz,lastfm,1.0,True,True,True,gold
lastFM_10823,mbrainz_5188,musicbrainz,lastfm,1.0,True,False,True,gold
lastFM_10839,mbrainz_5198,musicbrainz,lastfm,1.0,True,True,True,gold
lastFM_10849,mbrainz_5205,musicbrainz,lastfm,1.0,True,True,True,gold
lastFM_10857,mbrainz_5210,musicbrainz,lastfm,1.0,True,False,True,gold
lastFM_10871,mbrainz_5214,musicbrainz,lastfm,1.0,True,True,True,gold
lastFM_10885,mbrainz_5219,musicbrainz,lastfm,1.0,True,True,True,gold
lastFM_10891,mbrainz_5224,musicbrainz,lastfm,1.0,True,False,True,gold
lastFM_109,mbrainz_546,musicbrainz,lastfm,0.9589162468910217,False,False,True,plm_check_confident_pos
lastFM_109,mbrainz_83,musicbrainz,lastfm,1.0,True,True,True,gold
lastFM_10906,mbrainz_5229,musicbrainz,lastfm,1.0,True,True,True,gold
lastFM_10915,mbrainz_5233,musicbrainz,lastfm,1.0,True,True,True,gold
lastFM_10922,mbrainz_5239,musicbrainz,lastfm,0.9727391600608826,False,True,True,agreement
lastFM_10937,mbrainz_4447,musicbrainz,lastfm,0.5698016285896301,False,True,True,agreement
lastFM_10937,mbrainz_5247,musicbrainz,lastfm,1.0,True,False,True,gold
lastFM_10951,mbrainz_5250,musicbrainz,lastfm,1.0,True,False,True,gold
lastFM_10958,mbrainz_5256,musicbrainz,lastfm,1.0,True,False,True,gold
lastFM_10966,mbrainz_5258,musicbrainz,lastfm,1.0,True,True,True,gold
lastFM_10967,mbrainz_5259,musicbrainz,lastfm,1.0,True,True,True,gold
lastFM_10972,mbrainz_5262,musicbrainz,lastfm,1.0,True,True,True,gold
lastFM_10989,mbrainz_16689,musicbrainz,lastfm,0.8059119582176208,False,False,True,plm_check_confident_pos
lastFM_11,mbrainz_9,musicbrainz,lastfm,1.0,True,True,True,gold
lastFM_1103,mbrainz_1065,musicbrainz,lastfm,0.9731325507164001,False,False,True,plm_check_confident_pos
lastFM_1103,mbrainz_502,musicbrainz,lastfm,1.0,True,True,True,gold
lastFM_11032,mbrainz_5285,musicbrainz,lastfm,1.0,True,True,True,gold
lastFM_11039,mbrainz_5290,musicbrainz,lastfm,1.0,True,True,True,gold
lastFM_11046,mbrainz_5293,musicbrainz,lastfm,1.0,True,True,True,gold
lastFM_11047,mbrainz_5294,musicbrainz,lastfm,1.0,True,True,True,gold
lastFM_11060,mbrainz_5299,musicbrainz,lastfm,1.0,True,True,True,gold
lastFM_11073,mbrainz_5301,musicbrainz,lastfm,1.0,True,True,True,gold
lastFM_11082,mbrainz_24804,musicbrainz,lastfm,0.9284036755561829,False,False,True,plm_check_confident_pos
lastFM_11082,mbrainz_5305,musicbrainz,lastfm,1.0,True,True,True,gold
lastFM_111,mbrainz_85,musicbrainz,lastfm,1.0,True,True,True,gold
lastFM_1110,mbrainz_505,musicbrainz,lastfm,1.0,True,True,True,gold
lastFM_11103,mbrainz_25205,musicbrainz,lastfm,0.9736871719360352,False,False,True,plm_check_confident_pos
lastFM_11103,mbrainz_5311,musicbrainz,lastfm,1.0,True,True,True,gold
lastFM_11122,mbrainz_5315,musicbrainz,lastfm,1.0,True,False,True,gold
lastFM_1117,mbrainz_509,musicbrainz,lastfm,1.0,True,True,True,gold
lastFM_11176,mbrainz_24341,musicbrainz,lastfm,0.702337384223938,False,False,True,plm_check_confident_pos
lastFM_11176,mbrainz_4491,musicbrainz,lastfm,0.8584731221199036,False,False,True,plm_check_confident_pos
lastFM_11176,mbrainz_5338,musicbrainz,lastfm,1.0,True,True,True,gold
lastFM_1122,mbrainz_511,musicbrainz,lastfm,1.0,True,True,True,gold
lastFM_11224,mbrainz_5358,musicbrainz,lastfm,1.0,True,True,True,gold
lastFM_11228,mbrainz_5361,musicbrainz,lastfm,1.0,True,True,True,gold
lastFM_11274,mbrainz_5387,musicbrainz,lastfm,1.0,True,True,True,gold
lastFM_11283,mbrainz_5391,musicbrainz,lastfm,1.0,True,True,True,gold
lastFM_113,mbrainz_86,musicbrainz,lastfm,1.0,True,False,True,gold
lastFM_11312,mbrainz_22231,musicbrainz,lastfm,1.0,True,True,True,gold
lastFM_11312,mbrainz_3874,musicbrainz,lastfm,0.9752163290977478,False,False,True,plm_check_confident_pos
lastFM_11330,mbrainz_5411,musicbrainz,lastfm,1.0,True,True,True,gold
lastFM_11345,mbrainz_5415,musicbrainz,lastfm,1.0,True,True,True,gold
lastFM_11359,mbrainz_5422,musicbrainz,lastfm,1.0,True,True,True,gold
lastFM_11368,mbrainz_5424,musicbrainz,lastfm,1.0,True,False,True,gold
lastFM_11389,mbrainz_13711,musicbrainz,lastfm,0.8667564988136292,False,False,True,plm_check_confident_pos
lastFM_11389,mbrainz_5431,musicbrainz,lastfm,1.0,True,True,True,gold
lastFM_11395,mbrainz_5434,musicbrainz,lastfm,1.0,True,True,True,gold
lastFM_114,mbrainz_87,musicbrainz,lastfm,1.0,True,True,True,gold
lastFM_11417,mbrainz_5444,musicbrainz,lastfm,1.0,True,True,True,gold
lastFM_11459,mbrainz_5464,musicbrainz,lastfm,1.0,True,True,True,gold
lastFM_11465,mbrainz_5466,musicbrainz,lastfm,1.0,True,True,True,gold
lastFM_1148,mbrainz_523,musicbrainz,lastfm,1.0,True,False,True,gold
lastFM_11500,mbrainz_5479,musicbrainz,lastfm,1.0,True,True,True,gold
lastFM_11541,mbrainz_5492,musicbrainz,lastfm,1.0,True,True,True,gold
lastFM_1156,mbrainz_528,musicbrainz,lastfm,1.0,True,True,True,gold
lastFM_11561,mbrainz_5498,musicbrainz,lastfm,1.0,True,True,True,gold
lastFM_11590,mbrainz_5511,musicbrainz,lastfm,1.0,True,True,True,gold
lastFM_11620,mbrainz_5525,musicbrainz,lastfm,0.9729928374290466,False,True,True,agreement
lastFM_11647,mbrainz_2439,musicbrainz,lastfm,0.8912334442138672,False,False,True,plm_check_confident_pos
lastFM_1165,mbrainz_532,musicbrainz,lastfm,1.0,True,False,True,gold
lastFM_11669,mbrainz_5542,musicbrainz,lastfm,1.0,True,True,True,gold
lastFM_11713,mbrainz_5566,musicbrainz,lastfm,0.9730854630470276,False,True,True,agreement
lastFM_11715,mbrainz_5567,musicbrainz,lastfm,0.9756218194961548,False,False,True,plm_check_confident_pos
lastFM_11727,mbrainz_5575,musicbrainz,lastfm,1.0,True,True,True,gold
lastFM_11773,mbrainz_5594,musicbrainz,lastfm,0.9741113781929016,False,True,True,agreement
lastFM_1178,mbrainz_535,musicbrainz,lastfm,0.9724748730659485,False,True,True,agreement
lastFM_11781,mbrainz_5596,musicbrainz,lastfm,1.0,True,True,True,gold
lastFM_1179,mbrainz_536,musicbrainz,lastfm,1.0,True,True,True,gold
lastFM_11858,mbrainz_5629,musicbrainz,lastfm,1.0,True,True,True,gold
lastFM_11860,mbrainz_5631,musicbrainz,lastfm,1.0,True,True,True,gold
lastFM_1189,mbrainz_26439,musicbrainz,lastfm,0.8388437032699585,False,False,True,plm_check_confident_pos
lastFM_1189,mbrainz_542,musicbrainz,lastfm,1.0,True,True,True,gold
lastFM_119,mbrainz_90,musicbrainz,lastfm,1.0,True,True,True,gold
lastFM_11922,mbrainz_5662,musicbrainz,lastfm,0.9729223847389221,False,True,True,agreement
lastFM_11929,mbrainz_5666,musicbrainz,lastfm,1.0,True,True,True,gold
lastFM_1195,mbrainz_546,musicbrainz,lastfm,1.0,True,False,True,gold
lastFM_11956,mbrainz_5680,musicbrainz,lastfm,1.0,True,True,True,gold
lastFM_120,mbrainz_13711,musicbrainz,lastfm,0.8874538540840149,False,False,True,plm_check_confident_pos
lastFM_120,mbrainz_91,musicbrainz,lastfm,1.0,True,True,True,gold
lastFM_1200,mbrainz_550,musicbrainz,lastfm,1.0,True,True,True,gold
lastFM_12005,mbrainz_13210,musicbrainz,lastfm,0.9576422572135925,False,True,True,agreement
lastFM_12017,mbrainz_5701,musicbrainz,lastfm,1.0,True,True,True,gold
lastFM_12025,mbrainz_5704,musicbrainz,lastfm,1.0,True,True,True,gold
lastFM_1205,mbrainz_553,musicbrainz,lastfm,1.0,True,True,True,gold
lastFM_12057,mbrainz_5715,musicbrainz,lastfm,0.973099946975708,False,True,True,agreement
lastFM_12062,mbrainz_5717,musicbrainz,lastfm,1.0,True,True,True,gold
lastFM_12086,mbrainz_5730,musicbrainz,lastfm,1.0,True,True,True,gold
lastFM_12100,mbrainz_5737,musicbrainz,lastfm,1.0,True,True,True,gold
lastFM_12102,mbrainz_5739,musicbrainz,lastfm,1.0,True,True,True,gold
lastFM_12123,mbrainz_5748,musicbrainz,lastfm,1.0,True,True,True,gold
lastFM_1213,mbrainz_557,musicbrainz,lastfm,1.0,True,True,True,gold
lastFM_1216,mbrainz_558,musicbrainz,lastfm,1.0,True,True,True,gold
lastFM_12186,mbrainz_5780,musicbrainz,lastfm,1.0,True,False,True,gold
lastFM_1219,mbrainz_559,musicbrainz,lastfm,1.0,True,True,True,gold
lastFM_122,mbrainz_82,musicbrainz,lastfm,0.9607055187225342,False,False,True,plm_check_confident_pos
lastFM_122,mbrainz_92,musicbrainz,lastfm,1.0,True,True,True,gold
lastFM_12207,mbrainz_5792,musicbrainz,lastfm,1.0,True,True,False,gold
lastFM_12227,mbrainz_12555,musicbrainz,lastfm,0.9593844413757324,False,False,True,plm_check_confident_pos
lastFM_12227,mbrainz_13642,musicbrainz,lastfm,0.9044339060783386,False,False,True,plm_check_confident_pos
lastFM_12227,mbrainz_2870,musicbrainz,lastfm,0.9749131202697754,False,False,True,plm_check_confident_pos
lastFM_12227,mbrainz_3774,musicbrainz,lastfm,0.9050606489181519,False,False,True,plm_check_confident_pos
lastFM_12227,mbrainz_5801,musicbrainz,lastfm,1.0,True,False,True,gold
lastFM_12227,mbrainz_6368,musicbrainz,lastfm,0.9406980276107788,False,False,True,plm_check_confident_pos
lastFM_12283,mbrainz_5823,musicbrainz,lastfm,1.0,True,True,True,gold
lastFM_12330,mbrainz_5845,musicbrainz,lastfm,1.0,True,True,True,gold
lastFM_1234,mbrainz_562,musicbrainz,lastfm,1.0,True,True,True,gold
lastFM_12376,mbrainz_5867,musicbrainz,lastfm,1.0,True,True,True,gold
lastFM_124,mbrainz_94,musicbrainz,lastfm,1.0,True,True,True,gold
lastFM_12401,mbrainz_5879,musicbrainz,lastfm,1.0,True,True,True,gold
lastFM_12402,mbrainz_5880,musicbrainz,lastfm,0.9734163284301758,False,True,True,agreement
lastFM_12409,mbrainz_5885,musicbrainz,lastfm,1.0,True,True,True,gold
lastFM_1241,mbrainz_565,musicbrainz,lastfm,0.973210334777832,False,True,True,agreement
lastFM_12445,mbrainz_5900,musicbrainz,lastfm,1.0,True,True,True,gold
lastFM_1245,mbrainz_568,musicbrainz,lastfm,1.0,True,True,True,gold
lastFM_12451,mbrainz_5905,musicbrainz,lastfm,1.0,True,True,True,gold
lastFM_12468,mbrainz_5914,musicbrainz,lastfm,1.0,True,True,True,gold
lastFM_12476,mbrainz_5920,musicbrainz,lastfm,1.0,True,True,True,gold
lastFM_12483,mbrainz_5923,musicbrainz,lastfm,1.0,True,True,True,gold
lastFM_12488,mbrainz_5926,musicbrainz,lastfm,1.0,True,True,True,gold
lastFM_12501,mbrainz_5933,musicbrainz,lastfm,1.0,True,True,True,gold
lastFM_12507,mbrainz_5936,musicbrainz,lastfm,1.0,True,False,True,gold
lastFM_12507,mbrainz_7672,musicbrainz,lastfm,0.8274879455566406,False,False,True,plm_check_confident_pos
lastFM_12514,mbrainz_1549,musicbrainz,lastfm,0.9731512069702148,False,True,True,agreement
lastFM_12514,mbrainz_5941,musicbrainz,lastfm,1.0,True,False,True,gold
lastFM_1253,mbrainz_569,musicbrainz,lastfm,1.0,True,True,True,gold
lastFM_12547,mbrainz_5957,musicbrainz,lastfm,1.0,True,True,True,gold
lastFM_1255,mbrainz_571,musicbrainz,lastfm,1.0,True,True,True,gold
lastFM_12552,mbrainz_5960,musicbrainz,lastfm,1.0,True,True,True,gold
lastFM_12559,mbrainz_5964,musicbrainz,lastfm,1.0,True,True,True,gold
lastFM_12562,mbrainz_15528,musicbrainz,lastfm,0.9756622910499573,False,False,True,plm_check_confident_pos
lastFM_12562,mbrainz_5965,musicbrainz,lastfm,1.0,True,True,True,gold
lastFM_12562,mbrainz_7208,musicbrainz,lastfm,0.8803429007530212,False,False,True,plm_check_confident_pos
lastFM_12582,mbrainz_5978,musicbrainz,lastfm,0.9727765321731567,False,False,True,plm_check_confident_pos
lastFM_12629,mbrainz_5998,musicbrainz,lastfm,1.0,True,True,True,gold
lastFM_1264,mbrainz_10230,musicbrainz,lastfm,0.7428878545761108,False,False,True,plm_check_confident_pos
lastFM_1264,mbrainz_17712,musicbrainz,lastfm,0.7055965065956116,False,False,True,plm_check_confident_pos
lastFM_1264,mbrainz_573,musicbrainz,lastfm,1.0,True,True,True,gold
lastFM_1264,mbrainz_7672,musicbrainz,lastfm,0.7728290557861328,False,False,True,plm_check_confident_pos
lastFM_12682,mbrainz_6026,musicbrainz,lastfm,1.0,True,True,True,gold
lastFM_12685,mbrainz_6028,musicbrainz,lastfm,0.9734672904014587,False,True,True,agreement
lastFM_12718,mbrainz_6044,musicbrainz,lastfm,1.0,True,True,True,gold
lastFM_12721,mbrainz_6046,musicbrainz,lastfm,1.0,True,True,True,gold
lastFM_12742,mbrainz_6056,musicbrainz,lastfm,1.0,True,True,True,gold
lastFM_12788,mbrainz_6078,musicbrainz,lastfm,1.0,True,True,True,gold
lastFM_128,mbrainz_96,musicbrainz,lastfm,1.0,True,False,True,gold
lastFM_12800,mbrainz_6083,musicbrainz,lastfm,0.9739620089530945,False,True,True,agreement
lastFM_12829,mbrainz_6100,musicbrainz,lastfm,1.0,True,True,True,gold
lastFM_12869,mbrainz_6119,musicbrainz,lastfm,1.0,True,True,True,gold
lastFM_12873,mbrainz_6122,musicbrainz,lastfm,1.0,True,True,True,gold
lastFM_12877,mbrainz_13649,musicbrainz,lastfm,0.6004528999328613,False,True,True,agreement
lastFM_12877,mbrainz_23401,musicbrainz,lastfm,0.7281097173690796,False,False,True,plm_check_confident_pos
lastFM_129,mbrainz_97,musicbrainz,lastfm,1.0,True,True,True,gold
lastFM_12904,mbrainz_7247,musicbrainz,lastfm,1.0,True,True,True,gold
lastFM_12929,mbrainz_6139,musicbrainz,lastfm,1.0,True,False,True,gold
lastFM_12932,mbrainz_6140,musicbrainz,lastfm,1.0,True,True,True,gold
lastFM_12935,mbrainz_6142,musicbrainz,lastfm,1.0,True,True,True,gold
lastFM_12949,mbrainz_6148,musicbrainz,lastfm,1.0,True,True,True,gold
lastFM_12957,mbrainz_6150,musicbrainz,lastfm,1.0,True,True,True,gold
lastFM_12961,mbrainz_6153,musicbrainz,lastfm,1.0,True,False,True,gold
lastFM_12964,mbrainz_6154,musicbrainz,lastfm,1.0,True,True,True,gold
lastFM_1297,mbrainz_10481,musicbrainz,lastfm,0.8936846256256104,False,False,True,plm_check_confident_pos
lastFM_1297,mbrainz_14754,musicbrainz,lastfm,0.9758987426757812,False,False,True,plm_check_confident_pos
lastFM_1297,mbrainz_15930,musicbrainz,lastfm,0.9749230146408081,False,False,True,plm_check_confident_pos
lastFM_1297,mbrainz_49,musicbrainz,lastfm,0.9074927568435669,False,False,True,plm_check_confident_pos
lastFM_1297,mbrainz_578,musicbrainz,lastfm,1.0,True,True,True,gold
lastFM_12988,mbrainz_6162,musicbrainz,lastfm,1.0,True,True,True,gold
lastFM_12990,mbrainz_6164,musicbrainz,lastfm,1.0,True,True,True,gold
lastFM_12991,mbrainz_6165,musicbrainz,lastfm,1.0,True,True,True,gold
lastFM_13001,mbrainz_6168,musicbrainz,lastfm,1.0,True,True,True,gold
lastFM_13011,mbrainz_6173,musicbrainz,lastfm,1.0,True,True,True,gold
lastFM_13022,mbrainz_6179,musicbrainz,lastfm,0.9733379483222961,False,True,True,agreement
lastFM_13022,mbrainz_8987,musicbrainz,lastfm,0.9348497986793518,False,False,True,plm_check_confident_pos
lastFM_13052,mbrainz_6190,musicbrainz,lastfm,1.0,True,False,True,gold
lastFM_1306,mbrainz_581,musicbrainz,lastfm,1.0,True,True,True,gold
lastFM_13089,mbrainz_6205,musicbrainz,lastfm,1.0,True,True,True,gold
lastFM_13093,mbrainz_6207,musicbrainz,lastfm,1.0,True,True,True,gold
lastFM_131,mbrainz_99,musicbrainz,lastfm,1.0,True,True,True,gold
lastFM_13121,mbrainz_2924,musicbrainz,lastfm,0.9531384706497192,False,True,True,agreement
lastFM_13153,mbrainz_6235,musicbrainz,lastfm,0.9725306630134583,False,False,True,plm_check_confident_pos
lastFM_13181,mbrainz_6249,musicbrainz,lastfm,1.0,True,False,True,gold
lastFM_13196,mbrainz_6256,musicbrainz,lastfm,1.0,True,True,True,gold
lastFM_13197,mbrainz_6257,musicbrainz,lastfm,1.0,True,True,True,gold
lastFM_13219,mbrainz_196,musicbrainz,lastfm,0.9738885760307312,False,True,True,agreement
lastFM_13219,mbrainz_480,musicbrainz,lastfm,0.9675295352935791,False,False,True,plm_check_confident_pos
lastFM_1322,mbrainz_5645,musicbrainz,lastfm,0.8917883634567261,False,False,True,plm_check_confident_pos
lastFM_1322,mbrainz_588,musicbrainz,lastfm,1.0,True,True,True,gold
lastFM_13258,mbrainz_6283,musicbrainz,lastfm,0.9549726843833923,False,True,True,agreement
lastFM_1328,mbrainz_590,musicbrainz,lastfm,1.0,True,True,True,gold
lastFM_13307,mbrainz_6307,musicbrainz,lastfm,1.0,True,True,True,gold
lastFM_13320,mbrainz_2750,musicbrainz,lastfm,0.9748573899269104,False,False,True,plm_check_confident_pos
lastFM_13320,mbrainz_6312,musicbrainz,lastfm,1.0,True,True,True,gold
lastFM_13323,mbrainz_6314,musicbrainz,lastfm,1.0,True,True,True,gold
lastFM_13325,mbrainz_6315,musicbrainz,lastfm,0.9729453325271606,False,True,True,agreement
lastFM_13334,mbrainz_6319,musicbrainz,lastfm,1.0,True,True,True,gold
lastFM_13362,mbrainz_6329,musicbrainz,lastfm,1.0,True,True,True,gold
lastFM_13371,mbrainz_6334,musicbrainz,lastfm,1.0,True,True,True,gold
lastFM_13375,mbrainz_23545,musicbrainz,lastfm,0.8999791145324707,False,True,True,agreement
lastFM_13391,mbrainz_6341,musicbrainz,lastfm,1.0,True,True,True,gold
lastFM_13392,mbrainz_6342,musicbrainz,lastfm,1.0,True,True,True,gold
lastFM_134,mbrainz_102,musicbrainz,lastfm,0.8194500207901001,False,True,True,agreement
lastFM_13406,mbrainz_6351,musicbrainz,lastfm,1.0,True,True,True,gold
lastFM_1342,mbrainz_592,musicbrainz,lastfm,1.0,True,True,True,gold
lastFM_13439,mbrainz_6367,musicbrainz,lastfm,1.0,True,True,True,gold
lastFM_13443,mbrainz_5801,musicbrainz,lastfm,0.921130359172821,False,False,True,plm_check_confident_pos
lastFM_13443,mbrainz_6368,musicbrainz,lastfm,1.0,True,True,True,gold
lastFM_1345,mbrainz_593,musicbrainz,lastfm,1.0,True,True,True,gold
lastFM_13470,mbrainz_6384,musicbrainz,lastfm,1.0,True,True,True,gold
lastFM_13472,mbrainz_6386,musicbrainz,lastfm,0.972697913646698,False,True,True,agreement
lastFM_13476,mbrainz_6388,musicbrainz,lastfm,0.9635224938392639,False,False,True,plm_check_confident_pos
lastFM_13478,mbrainz_6390,musicbrainz,lastfm,1.0,True,False,True,gold
lastFM_13508,mbrainz_6404,musicbrainz,lastfm,1.0,True,True,True,gold
lastFM_13595,mbrainz_6437,musicbrainz,lastfm,1.0,True,True,True,gold
lastFM_13630,mbrainz_6459,musicbrainz,lastfm,1.0,True,False,True,gold
lastFM_13633,mbrainz_2160,musicbrainz,lastfm,0.9347748756408691,False,True,True,agreement
lastFM_13642,mbrainz_6466,musicbrainz,lastfm,1.0,True,True,True,gold
lastFM_13669,mbrainz_23572,musicbrainz,lastfm,0.8259140849113464,False,False,True,plm_check_confident_pos
lastFM_13669,mbrainz_662,musicbrainz,lastfm,0.7310936450958252,False,False,True,plm_check_confident_pos
lastFM_13669,mbrainz_9183,musicbrainz,lastfm,0.9171663522720337,False,False,True,plm_check_confident_pos
lastFM_13677,mbrainz_6485,musicbrainz,lastfm,1.0,True,True,True,gold
lastFM_137,mbrainz_103,musicbrainz,lastfm,0.9733675122261047,False,True,True,agreement
lastFM_13701,mbrainz_6492,musicbrainz,lastfm,1.0,True,True,True,gold
lastFM_13701,mbrainz_883,musicbrainz,lastfm,0.8696905374526978,False,False,True,plm_check_confident_pos
lastFM_13715,mbrainz_33235,musicbrainz,lastfm,0.9655491709709167,False,False,True,plm_check_confident_pos
lastFM_13715,mbrainz_6497,musicbrainz,lastfm,0.9738655686378479,False,True,True,agreement
lastFM_13729,mbrainz_6506,musicbrainz,lastfm,1.0,True,True,True,gold
lastFM_13747,mbrainz_6514,musicbrainz,lastfm,1.0,True,True,True,gold
lastFM_1375,mbrainz_604,musicbrainz,lastfm,1.0,True,True,True,gold
lastFM_13755,mbrainz_2298,musicbrainz,lastfm,0.963039755821228,False,False,True,plm_check_confident_pos
lastFM_13773,mbrainz_6520,musicbrainz,lastfm,1.0,True,True,True,gold
lastFM_13776,mbrainz_33460,musicbrainz,lastfm,0.9750607013702393,False,False,True,plm_check_confident_pos
lastFM_13777,mbrainz_6523,musicbrainz,lastfm,1.0,True,True,True,gold
lastFM_1378,mbrainz_606,musicbrainz,lastfm,1.0,True,True,True,gold
lastFM_13785,mbrainz_6527,musicbrainz,lastfm,1.0,True,True,True,gold
lastFM_13794,mbrainz_6530,musicbrainz,lastfm,1.0,True,True,True,gold
lastFM_13807,mbrainz_883,musicbrainz,lastfm,0.7148327231407166,False,False,True,plm_check_confident_pos
lastFM_13815,mbrainz_6539,musicbrainz,lastfm,1.0,True,True,True,gold
lastFM_13834,mbrainz_6546,musicbrainz,lastfm,1.0,True,False,True,gold
lastFM_13835,mbrainz_6547,musicbrainz,lastfm,1.0,True,True,True,gold
lastFM_13837,mbrainz_6549,musicbrainz,lastfm,1.0,True,True,True,gold
lastFM_13861,mbrainz_6562,musicbrainz,lastfm,0.9728514552116394,False,True,True,agreement
lastFM_13897,mbrainz_6573,musicbrainz,lastfm,0.9729326963424683,False,True,True,agreement
lastFM_13911,mbrainz_11069,musicbrainz,lastfm,0.8033875226974487,False,False,True,plm_check_confident_pos
lastFM_13911,mbrainz_6578,musicbrainz,lastfm,1.0,True,False,True,gold
lastFM_13921,mbrainz_6584,musicbrainz,lastfm,1.0,True,True,True,gold
lastFM_13922,mbrainz_6585,musicbrainz,lastfm,1.0,True,False,True,gold
lastFM_13928,mbrainz_6589,musicbrainz,lastfm,1.0,True,True,True,gold
lastFM_1394,mbrainz_610,musicbrainz,lastfm,1.0,True,True,True,gold
lastFM_13952,mbrainz_6602,musicbrainz,lastfm,0.9727353453636169,False,True,True,agreement
lastFM_1397,mbrainz_611,musicbrainz,lastfm,0.9737155437469482,False,True,True,agreement
lastFM_13975,mbrainz_6614,musicbrainz,lastfm,1.0,True,True,True,gold
lastFM_13979,mbrainz_6617,musicbrainz,lastfm,1.0,True,True,True,gold
lastFM_13985,mbrainz_6620,musicbrainz,lastfm,1.0,True,True,True,gold
lastFM_1399,mbrainz_612,musicbrainz,lastfm,1.0,True,True,True,gold
lastFM_13990,mbrainz_6621,musicbrainz,lastfm,1.0,True,True,True,gold
lastFM_140,mbrainz_106,musicbrainz,lastfm,1.0,True,True,True,gold
lastFM_140,mbrainz_2190,musicbrainz,lastfm,0.9374288320541382,False,False,True,plm_check_confident_pos
lastFM_1401,mbrainz_614,musicbrainz,lastfm,0.9749187231063843,False,True,True,agreement
lastFM_14010,mbrainz_6628,musicbrainz,lastfm,1.0,True,True,True,gold
lastFM_14034,mbrainz_6637,musicbrainz,lastfm,1.0,True,True,True,gold
lastFM_14052,mbrainz_6644,musicbrainz,lastfm,1.0,True,True,True,gold
lastFM_14063,mbrainz_6652,musicbrainz,lastfm,1.0,True,True,True,gold
lastFM_14082,mbrainz_6662,musicbrainz,lastfm,1.0,True,False,True,gold
lastFM_14082,mbrainz_9271,musicbrainz,lastfm,0.8960912823677063,False,False,True,plm_check_confident_pos
lastFM_14090,mbrainz_6668,musicbrainz,lastfm,0.8967378735542297,False,False,True,plm_check_confident_pos
lastFM_14090,mbrainz_7550,musicbrainz,lastfm,0.7638913989067078,False,False,True,plm_check_confident_pos
lastFM_14109,mbrainz_6678,musicbrainz,lastfm,1.0,True,True,True,gold
lastFM_14109,mbrainz_9193,musicbrainz,lastfm,0.7272450923919678,False,False,True,plm_check_confident_pos
lastFM_14121,mbrainz_6684,musicbrainz,lastfm,1.0,True,True,True,gold
lastFM_14139,mbrainz_10117,musicbrainz,lastfm,0.5019245147705078,False,True,True,agreement
lastFM_14139,mbrainz_15623,musicbrainz,lastfm,0.8057406544685364,False,False,True,plm_check_confident_pos
lastFM_14139,mbrainz_1656,musicbrainz,lastfm,0.7614079713821411,False,False,True,plm_check_confident_pos
lastFM_14139,mbrainz_6693,musicbrainz,lastfm,1.0,True,False,True,gold
lastFM_14149,mbrainz_6699,musicbrainz,lastfm,1.0,True,True,True,gold
lastFM_14150,mbrainz_6700,musicbrainz,lastfm,1.0,True,True,True,gold
lastFM_14157,mbrainz_6704,musicbrainz,lastfm,1.0,True,True,True,gold
lastFM_14159,mbrainz_6705,musicbrainz,lastfm,1.0,True,True,True,gold
lastFM_14182,mbrainz_6713,musicbrainz,lastfm,1.0,True,True,True,gold
lastFM_142,mbrainz_108,musicbrainz,lastfm,1.0,True,True,True,gold
lastFM_14230,mbrainz_4411,musicbrainz,lastfm,0.8360106945037842,False,False,True,plm_check_confident_pos
lastFM_14230,mbrainz_6737,musicbrainz,lastfm,1.0,True,True,True,gold
lastFM_14234,mbrainz_6740,musicbrainz,lastfm,1.0,True,True,True,gold
lastFM_14259,mbrainz_6751,musicbrainz,lastfm,1.0,True,True,True,gold
lastFM_14259,mbrainz_7457,musicbrainz,lastfm,0.8912085294723511,False,False,True,plm_check_confident_pos
lastFM_1426,mbrainz_1586,musicbrainz,lastfm,0.7953826189041138,False,False,True,plm_check_confident_pos
lastFM_1426,mbrainz_621,musicbrainz,lastfm,1.0,True,True,True,gold
lastFM_14281,mbrainz_6760,musicbrainz,lastfm,1.0,True,True,True,gold
lastFM_14309,mbrainz_17392,musicbrainz,lastfm,1.0,True,True,True,gold
lastFM_14312,mbrainz_3014,musicbrainz,lastfm,0.9548249840736389,False,False,True,plm_check_confident_pos
lastFM_14312,mbrainz_5050,musicbrainz,lastfm,0.9619503021240234,False,False,True,plm_check_confident_pos
lastFM_14312,mbrainz_6774,musicbrainz,lastfm,1.0,True,True,True,gold
lastFM_14340,mbrainz_6787,musicbrainz,lastfm,1.0,True,True,True,gold
lastFM_1437,mbrainz_626,musicbrainz,lastfm,1.0,True,True,True,gold
lastFM_14373,mbrainz_6799,musicbrainz,lastfm,1.0,True,True,True,gold
lastFM_14393,mbrainz_6807,musicbrainz,lastfm,1.0,True,True,True,gold
lastFM_14487,mbrainz_11069,musicbrainz,lastfm,0.9744835495948792,False,False,True,plm_check_confident_pos
lastFM_14487,mbrainz_6848,musicbrainz,lastfm,1.0,True,True,True,gold
lastFM_14487,mbrainz_9548,musicbrainz,lastfm,0.9651744365692139,False,False,True,plm_check_confident_pos
lastFM_14493,mbrainz_6851,musicbrainz,lastfm,1.0,True,True,True,gold
lastFM_14501,mbrainz_6855,musicbrainz,lastfm,1.0,True,True,True,gold
lastFM_14506,mbrainz_6856,musicbrainz,lastfm,1.0,True,True,True,gold
lastFM_14530,mbrainz_6869,musicbrainz,lastfm,1.0,True,True,True,gold
lastFM_14564,mbrainz_6880,musicbrainz,lastfm,1.0,True,True,True,gold
lastFM_14575,mbrainz_28812,musicbrainz,lastfm,0.9739046692848206,False,False,True,plm_check_confident_pos
lastFM_14575,mbrainz_6884,musicbrainz,lastfm,1.0,True,True,True,gold
lastFM_14591,mbrainz_1334,musicbrainz,lastfm,0.9753747582435608,False,False,True,plm_check_confident_pos
lastFM_14591,mbrainz_6891,musicbrainz,lastfm,1.0,True,True,True,gold
lastFM_146,mbrainz_111,musicbrainz,lastfm,1.0,True,True,True,gold
lastFM_14609,mbrainz_6898,musicbrainz,lastfm,1.0,True,True,True,gold
lastFM_14633,mbrainz_6906,musicbrainz,lastfm,1.0,True,True,True,gold
lastFM_14634,mbrainz_6907,musicbrainz,lastfm,1.0,True,True,True,gold
lastFM_14695,mbrainz_6933,musicbrainz,lastfm,0.9326976537704468,False,False,True,plm_check_confident_pos
lastFM_1473,mbrainz_635,musicbrainz,lastfm,1.0,True,True,True,gold
lastFM_14765,mbrainz_6958,musicbrainz,lastfm,1.0,True,True,True,gold
lastFM_14780,mbrainz_6966,musicbrainz,lastfm,1.0,True,True,True,gold
lastFM_148,mbrainz_113,musicbrainz,lastfm,1.0,True,True,True,gold
lastFM_14811,mbrainz_6976,musicbrainz,lastfm,1.0,True,True,True,gold
lastFM_14832,mbrainz_6990,musicbrainz,lastfm,0.9731053709983826,False,True,True,agreement
lastFM_14883,mbrainz_7013,musicbrainz,lastfm,1.0,True,True,True,gold
lastFM_14895,mbrainz_7021,musicbrainz,lastfm,1.0,True,True,True,gold
lastFM_1490,mbrainz_641,musicbrainz,lastfm,1.0,True,True,True,gold
lastFM_14921,mbrainz_7031,musicbrainz,lastfm,1.0,True,True,True,gold
lastFM_14924,mbrainz_7032,musicbrainz,lastfm,1.0,True,True,True,gold
lastFM_14926,mbrainz_7034,musicbrainz,lastfm,1.0,True,False,True,gold
lastFM_14949,mbrainz_9693,musicbrainz,lastfm,0.975395917892456,False,True,True,agreement
lastFM_14961,mbrainz_10391,musicbrainz,lastfm,0.9513453245162964,False,False,True,plm_check_confident_pos
lastFM_14961,mbrainz_7048,musicbrainz,lastfm,0.9638568162918091,False,False,True,plm_check_confident_pos
lastFM_14962,mbrainz_7049,musicbrainz,lastfm,1.0,True,True,True,gold
lastFM_14970,mbrainz_7051,musicbrainz,lastfm,1.0,True,True,True,gold
lastFM_14971,mbrainz_7052,musicbrainz,lastfm,1.0,True,False,True,gold
lastFM_14994,mbrainz_7062,musicbrainz,lastfm,1.0,True,True,True,gold
lastFM_14995,mbrainz_7063,musicbrainz,lastfm,1.0,True,True,True,gold
lastFM_14998,mbrainz_7066,musicbrainz,lastfm,1.0,True,True,True,gold
lastFM_1500,mbrainz_646,musicbrainz,lastfm,1.0,True,True,True,gold
lastFM_15001,mbrainz_7068,musicbrainz,lastfm,1.0,True,False,True,gold
lastFM_15015,mbrainz_7076,musicbrainz,lastfm,1.0,True,True,True,gold
lastFM_15027,mbrainz_7080,musicbrainz,lastfm,1.0,True,True,True,gold
lastFM_15027,mbrainz_7969,musicbrainz,lastfm,0.9746695160865784,False,False,True,plm_check_confident_pos
lastFM_15033,mbrainz_7083,musicbrainz,lastfm,0.97262042760849,False,True,True,agreement
lastFM_15037,mbrainz_24793,musicbrainz,lastfm,0.741127610206604,False,True,True,agreement
lastFM_15043,mbrainz_7084,musicbrainz,lastfm,0.9732964038848877,False,True,True,agreement
lastFM_15054,mbrainz_7087,musicbrainz,lastfm,1.0,True,False,True,gold
lastFM_1506,mbrainz_648,musicbrainz,lastfm,1.0,True,True,True,gold
lastFM_15118,mbrainz_7110,musicbrainz,lastfm,1.0,True,True,True,gold
lastFM_15161,mbrainz_7126,musicbrainz,lastfm,1.0,True,True,True,gold
lastFM_15191,mbrainz_10092,musicbrainz,lastfm,0.9747138619422913,False,False,True,plm_check_confident_pos
lastFM_15191,mbrainz_32294,musicbrainz,lastfm,0.9737705588340759,False,False,True,plm_check_confident_pos
lastFM_152,mbrainz_116,musicbrainz,lastfm,1.0,True,True,True,gold
lastFM_15206,mbrainz_7144,musicbrainz,lastfm,1.0,True,True,True,gold
lastFM_15208,mbrainz_1946,musicbrainz,lastfm,0.9474021792411804,False,False,True,plm_check_confident_pos
lastFM_15208,mbrainz_20463,musicbrainz,lastfm,0.7948302030563354,False,False,True,plm_check_confident_pos
lastFM_15208,mbrainz_7146,musicbrainz,lastfm,1.0,True,True,True,gold
lastFM_15234,mbrainz_7160,musicbrainz,lastfm,0.9732670187950134,False,True,True,agreement
lastFM_15260,mbrainz_7166,musicbrainz,lastfm,1.0,True,True,True,gold
lastFM_15261,mbrainz_7167,musicbrainz,lastfm,1.0,True,True,True,gold
lastFM_15262,mbrainz_7168,musicbrainz,lastfm,1.0,True,True,True,gold
lastFM_1528,mbrainz_656,musicbrainz,lastfm,1.0,True,True,True,gold
lastFM_1529,mbrainz_657,musicbrainz,lastfm,1.0,True,True,True,gold
lastFM_15296,mbrainz_7181,musicbrainz,lastfm,1.0,True,True,True,gold
lastFM_15364,mbrainz_7206,musicbrainz,lastfm,1.0,True,True,True,gold
lastFM_15370,mbrainz_15528,musicbrainz,lastfm,0.9589118957519531,False,False,True,plm_check_confident_pos
lastFM_15370,mbrainz_5965,musicbrainz,lastfm,0.8537303805351257,False,False,True,plm_check_confident_pos
lastFM_15370,mbrainz_7208,musicbrainz,lastfm,1.0,True,True,True,gold
lastFM_15374,mbrainz_7209,musicbrainz,lastfm,1.0,True,False,True,gold
lastFM_15394,mbrainz_7217,musicbrainz,lastfm,1.0,True,False,True,gold
lastFM_154,mbrainz_118,musicbrainz,lastfm,1.0,True,True,True,gold
lastFM_15409,mbrainz_7223,musicbrainz,lastfm,1.0,True,True,True,gold
lastFM_15417,mbrainz_7228,musicbrainz,lastfm,1.0,True,True,True,gold
lastFM_15436,mbrainz_7234,musicbrainz,lastfm,1.0,True,True,True,gold
lastFM_1546,mbrainz_662,musicbrainz,lastfm,0.9730914831161499,False,False,True,plm_check_confident_pos
lastFM_15470,mbrainz_7250,musicbrainz,lastfm,1.0,True,False,True,gold
lastFM_15470,mbrainz_7672,musicbrainz,lastfm,0.7956202030181885,False,False,True,plm_check_confident_pos
lastFM_15486,mbrainz_7257,musicbrainz,lastfm,1.0,True,True,True,gold
lastFM_15492,mbrainz_14364,musicbrainz,lastfm,0.9145407676696777,False,False,True,plm_check_confident_pos
lastFM_155,mbrainz_119,musicbrainz,lastfm,1.0,True,False,True,gold
lastFM_15506,mbrainz_7264,musicbrainz,lastfm,1.0,True,True,True,gold
lastFM_15523,mbrainz_7270,musicbrainz,lastfm,1.0,True,True,True,gold
lastFM_15528,mbrainz_7273,musicbrainz,lastfm,1.0,True,True,True,gold
lastFM_15533,mbrainz_7275,musicbrainz,lastfm,1.0,True,True,True,gold
lastFM_1557,mbrainz_20418,musicbrainz,lastfm,0.9310193061828613,False,False,True,plm_check_confident_pos
lastFM_1557,mbrainz_666,musicbrainz,lastfm,1.0,True,True,True,gold
lastFM_15594,mbrainz_7297,musicbrainz,lastfm,1.0,True,True,True,gold
lastFM_15597,mbrainz_7299,musicbrainz,lastfm,1.0,True,True,True,gold
lastFM_156,mbrainz_120,musicbrainz,lastfm,1.0,True,True,True,gold
lastFM_15601,mbrainz_7300,musicbrainz,lastfm,1.0,True,True,True,gold
lastFM_15602,mbrainz_7301,musicbrainz,lastfm,1.0,True,True,True,gold
lastFM_15612,mbrainz_7308,musicbrainz,lastfm,1.0,True,True,True,gold
lastFM_15614,mbrainz_7309,musicbrainz,lastfm,1.0,True,True,True,gold
lastFM_15637,mbrainz_7321,musicbrainz,lastfm,1.0,True,True,False,gold
lastFM_15645,mbrainz_7326,musicbrainz,lastfm,1.0,True,False,True,gold
lastFM_15663,mbrainz_7337,musicbrainz,lastfm,1.0,True,True,True,gold
lastFM_15674,mbrainz_24674,musicbrainz,lastfm,0.6524192094802856,False,True,True,agreement
lastFM_15717,mbrainz_20668,musicbrainz,lastfm,0.7398873567581177,False,False,True,plm_check_confident_pos
lastFM_15717,mbrainz_7358,musicbrainz,lastfm,1.0,True,True,True,gold
lastFM_1572,mbrainz_674,musicbrainz,lastfm,1.0,True,True,True,gold
lastFM_15742,mbrainz_1512,musicbrainz,lastfm,0.7273586988449097,False,False,True,plm_check_confident_pos
lastFM_15742,mbrainz_7366,musicbrainz,lastfm,1.0,True,False,True,gold
lastFM_15751,mbrainz_7369,musicbrainz,lastfm,1.0,True,False,True,gold
lastFM_15760,mbrainz_7373,musicbrainz,lastfm,1.0,True,False,True,gold
lastFM_15771,mbrainz_7379,musicbrainz,lastfm,1.0,True,True,True,gold
lastFM_15800,mbrainz_7393,musicbrainz,lastfm,1.0,True,True,True,gold
lastFM_15817,mbrainz_7404,musicbrainz,lastfm,1.0,True,True,True,gold
lastFM_15824,mbrainz_7408,musicbrainz,lastfm,1.0,True,True,True,gold
lastFM_15894,mbrainz_7432,musicbrainz,lastfm,1.0,True,False,True,gold
lastFM_15895,mbrainz_14837,musicbrainz,lastfm,0.9129155278205872,False,True,True,agreement
lastFM_15940,mbrainz_7456,musicbrainz,lastfm,1.0,True,True,True,gold
lastFM_15941,mbrainz_6751,musicbrainz,lastfm,0.9727426767349243,False,False,True,plm_check_confident_pos
lastFM_15941,mbrainz_7457,musicbrainz,lastfm,1.0,True,True,True,gold
lastFM_15952,mbrainz_7462,musicbrainz,lastfm,1.0,True,True,True,gold
lastFM_15963,mbrainz_7468,musicbrainz,lastfm,1.0,True,True,True,gold
lastFM_15968,mbrainz_7470,musicbrainz,lastfm,1.0,True,True,True,gold
lastFM_15983,mbrainz_7479,musicbrainz,lastfm,1.0,True,False,True,gold
lastFM_15992,mbrainz_7483,musicbrainz,lastfm,1.0,True,True,True,gold
lastFM_15997,mbrainz_7486,musicbrainz,lastfm,0.9743898510932922,False,False,True,plm_check_confident_pos
lastFM_15999,mbrainz_7487,musicbrainz,lastfm,1.0,True,True,True,gold
lastFM_16,mbrainz_12,musicbrainz,lastfm,1.0,True,True,True,gold
lastFM_1603,mbrainz_691,musicbrainz,lastfm,0.9729783535003662,False,True,True,agreement
lastFM_16033,mbrainz_7508,musicbrainz,lastfm,1.0,True,True,True,gold
lastFM_16037,mbrainz_7510,musicbrainz,lastfm,1.0,True,True,True,gold
lastFM_16072,mbrainz_7528,musicbrainz,lastfm,1.0,True,True,True,gold
lastFM_16082,mbrainz_7534,musicbrainz,lastfm,1.0,True,True,True,gold
lastFM_16107,mbrainz_7550,musicbrainz,lastfm,1.0,True,False,True,gold
lastFM_16125,mbrainz_31451,musicbrainz,lastfm,0.7599186301231384,False,False,True,plm_check_confident_pos
lastFM_16125,mbrainz_7556,musicbrainz,lastfm,1.0,True,True,True,gold
lastFM_16149,mbrainz_7568,musicbrainz,lastfm,1.0,True,True,True,gold
lastFM_16163,mbrainz_7572,musicbrainz,lastfm,1.0,True,True,True,gold
lastFM_16166,mbrainz_7574,musicbrainz,lastfm,1.0,True,False,True,gold
lastFM_16171,mbrainz_7874,musicbrainz,lastfm,0.9653439521789551,False,True,True,agreement
lastFM_16175,mbrainz_7581,musicbrainz,lastfm,1.0,True,False,True,gold
lastFM_16216,mbrainz_7602,musicbrainz,lastfm,1.0,True,True,True,gold
lastFM_16241,mbrainz_7614,musicbrainz,lastfm,1.0,True,True,True,gold
lastFM_1628,mbrainz_697,musicbrainz,lastfm,1.0,True,True,True,gold
lastFM_16298,mbrainz_7643,musicbrainz,lastfm,1.0,True,True,True,gold
lastFM_16317,mbrainz_22568,musicbrainz,lastfm,0.9400960803031921,False,False,True,plm_check_confident_pos
lastFM_16317,mbrainz_7649,musicbrainz,lastfm,1.0,True,True,True,gold
lastFM_1637,mbrainz_699,musicbrainz,lastfm,1.0,True,True,True,gold
lastFM_16380,mbrainz_7672,musicbrainz,lastfm,1.0,True,False,True,gold
lastFM_16381,mbrainz_7673,musicbrainz,lastfm,1.0,True,True,True,gold
lastFM_164,mbrainz_127,musicbrainz,lastfm,1.0,True,True,True,gold
lastFM_16401,mbrainz_7677,musicbrainz,lastfm,1.0,True,True,True,gold
lastFM_16420,mbrainz_7687,musicbrainz,lastfm,1.0,True,True,True,gold
lastFM_1644,mbrainz_5766,musicbrainz,lastfm,0.9749670624732971,False,True,True,agreement
lastFM_16440,mbrainz_18711,musicbrainz,lastfm,0.7818362712860107,False,False,True,plm_check_confident_pos
lastFM_16440,mbrainz_22029,musicbrainz,lastfm,0.7590181827545166,False,False,True,plm_check_confident_pos
lastFM_16440,mbrainz_7696,musicbrainz,lastfm,1.0,True,True,True,gold
lastFM_16449,mbrainz_7703,musicbrainz,lastfm,1.0,True,True,True,gold
lastFM_16484,mbrainz_9583,musicbrainz,lastfm,0.954009473323822,False,False,True,plm_check_confident_pos
lastFM_16500,mbrainz_7732,musicbrainz,lastfm,1.0,True,True,True,gold
lastFM_16503,mbrainz_7735,musicbrainz,lastfm,1.0,True,False,True,gold
lastFM_16506,mbrainz_7736,musicbrainz,lastfm,1.0,True,True,True,gold
lastFM_16509,mbrainz_7738,musicbrainz,lastfm,1.0,True,False,True,gold
lastFM_16512,mbrainz_7739,musicbrainz,lastfm,1.0,True,True,True,gold
lastFM_16515,mbrainz_7740,musicbrainz,lastfm,1.0,True,True,True,gold
lastFM_16542,mbrainz_7755,musicbrainz,lastfm,1.0,True,True,True,gold
lastFM_1656,mbrainz_708,musicbrainz,lastfm,1.0,True,True,True,gold
lastFM_16567,mbrainz_7764,musicbrainz,lastfm,1.0,True,True,True,gold
lastFM_16581,mbrainz_7773,musicbrainz,lastfm,1.0,True,True,True,gold
lastFM_16583,mbrainz_7775,musicbrainz,lastfm,1.0,True,True,True,gold
lastFM_16614,mbrainz_7789,musicbrainz,lastfm,1.0,True,True,True,gold
lastFM_16635,mbrainz_7796,musicbrainz,lastfm,1.0,True,True,True,gold
lastFM_16642,mbrainz_13636,musicbrainz,lastfm,0.7240749001502991,False,False,True,plm_check_confident_pos
lastFM_16642,mbrainz_18232,musicbrainz,lastfm,0.7517435550689697,False,False,True,plm_check_confident_pos
lastFM_16667,mbrainz_12566,musicbrainz,lastfm,0.9672396183013916,False,False,True,plm_check_confident_pos
lastFM_16667,mbrainz_20354,musicbrainz,lastfm,0.6102153062820435,False,True,True,agreement
lastFM_16667,mbrainz_7812,musicbrainz,lastfm,1.0,True,False,True,gold
lastFM_16685,mbrainz_7821,musicbrainz,lastfm,1.0,True,True,True,gold
lastFM_16701,mbrainz_7832,musicbrainz,lastfm,1.0,True,True,True,gold
lastFM_16720,mbrainz_7840,musicbrainz,lastfm,1.0,True,True,True,gold
lastFM_16724,mbrainz_7842,musicbrainz,lastfm,1.0,True,True,True,gold
lastFM_16730,mbrainz_7844,musicbrainz,lastfm,0.9725144505500793,False,True,True,agreement
lastFM_16760,mbrainz_7860,musicbrainz,lastfm,1.0,True,True,True,gold
lastFM_16789,mbrainz_7870,musicbrainz,lastfm,1.0,True,True,True,gold
lastFM_16795,mbrainz_7874,musicbrainz,lastfm,1.0,True,False,True,gold
lastFM_168,mbrainz_129,musicbrainz,lastfm,1.0,True,False,True,gold
lastFM_16821,mbrainz_7886,musicbrainz,lastfm,1.0,True,True,True,gold
lastFM_1683,mbrainz_719,musicbrainz,lastfm,1.0,True,True,True,gold
lastFM_16835,mbrainz_7894,musicbrainz,lastfm,0.9089369177818298,False,True,True,agreement
lastFM_16836,mbrainz_7895,musicbrainz,lastfm,1.0,True,True,True,gold
lastFM_16862,mbrainz_7905,musicbrainz,lastfm,1.0,True,True,True,gold
lastFM_16886,mbrainz_7916,musicbrainz,lastfm,1.0,True,True,True,gold
lastFM_16887,mbrainz_7917,musicbrainz,lastfm,1.0,True,True,True,gold
lastFM_16918,mbrainz_7932,musicbrainz,lastfm,1.0,True,True,True,gold
lastFM_16933,mbrainz_7940,musicbrainz,lastfm,1.0,True,True,True,gold
lastFM_16936,mbrainz_7942,musicbrainz,lastfm,1.0,True,True,True,gold
lastFM_16956,mbrainz_10547,musicbrainz,lastfm,0.9737375974655151,False,False,True,plm_check_confident_pos
lastFM_16956,mbrainz_7953,musicbrainz,lastfm,1.0,True,True,True,gold
lastFM_16967,mbrainz_7961,musicbrainz,lastfm,0.9744671583175659,False,True,True,agreement
lastFM_16988,mbrainz_7968,musicbrainz,lastfm,1.0,True,True,True,gold
lastFM_16989,mbrainz_7080,musicbrainz,lastfm,0.9521961212158203,False,False,True,plm_check_confident_pos
lastFM_16989,mbrainz_7969,musicbrainz,lastfm,0.9737956523895264,False,True,True,agreement
lastFM_170,mbrainz_131,musicbrainz,lastfm,1.0,True,False,True,gold
lastFM_17008,mbrainz_7972,musicbrainz,lastfm,0.97416752576828,False,True,True,agreement
lastFM_17009,mbrainz_7973,musicbrainz,lastfm,1.0,True,False,True,gold
lastFM_17025,mbrainz_7979,musicbrainz,lastfm,1.0,True,False,True,gold
lastFM_17042,mbrainz_7986,musicbrainz,lastfm,0.9733538627624512,False,True,True,agreement
lastFM_17043,mbrainz_7987,musicbrainz,lastfm,1.0,True,True,True,gold
lastFM_17046,mbrainz_7988,musicbrainz,lastfm,1.0,True,False,True,gold
lastFM_17072,mbrainz_7998,musicbrainz,lastfm,1.0,True,True,True,gold
lastFM_171,mbrainz_162,musicbrainz,lastfm,0.7136691212654114,False,False,True,plm_check_confident_pos
lastFM_17116,mbrainz_8020,musicbrainz,lastfm,1.0,True,True,True,gold
lastFM_17117,mbrainz_8021,musicbrainz,lastfm,1.0,True,True,True,gold
lastFM_17121,mbrainz_8024,musicbrainz,lastfm,1.0,True,True,True,gold
lastFM_17138,mbrainz_8031,musicbrainz,lastfm,1.0,True,True,True,gold
lastFM_17186,mbrainz_8051,musicbrainz,lastfm,1.0,True,True,True,gold
lastFM_17195,mbrainz_8053,musicbrainz,lastfm,1.0,True,False,True,gold
lastFM_172,mbrainz_132,musicbrainz,lastfm,1.0,True,True,True,gold
lastFM_17205,mbrainz_8061,musicbrainz,lastfm,1.0,True,True,True,gold
lastFM_17212,mbrainz_8066,musicbrainz,lastfm,1.0,True,True,True,gold
lastFM_17229,mbrainz_19123,musicbrainz,lastfm,0.8961603045463562,False,False,True,plm_check_confident_pos
lastFM_17229,mbrainz_8259,musicbrainz,lastfm,0.9735037684440613,False,False,True,plm_check_confident_pos
lastFM_17250,mbrainz_8079,musicbrainz,lastfm,1.0,True,False,True,gold
lastFM_17263,mbrainz_8083,musicbrainz,lastfm,1.0,True,True,True,gold
lastFM_17282,mbrainz_12359,musicbrainz,lastfm,0.9269780516624451,False,False,True,plm_check_confident_pos
lastFM_17317,mbrainz_8104,musicbrainz,lastfm,0.972939133644104,False,True,True,agreement
lastFM_17337,mbrainz_27564,musicbrainz,lastfm,0.7678033709526062,False,False,True,plm_check_confident_pos
lastFM_17337,mbrainz_7166,musicbrainz,lastfm,0.9753673672676086,False,False,True,plm_check_confident_pos
lastFM_17337,mbrainz_8110,musicbrainz,lastfm,1.0,True,False,True,gold
lastFM_17340,mbrainz_8111,musicbrainz,lastfm,1.0,True,True,True,gold
lastFM_17399,mbrainz_8137,musicbrainz,lastfm,1.0,True,True,True,gold
lastFM_17400,mbrainz_8138,musicbrainz,lastfm,1.0,True,True,True,gold
lastFM_17403,mbrainz_8140,musicbrainz,lastfm,1.0,True,False,True,gold
lastFM_17430,mbrainz_8147,musicbrainz,lastfm,1.0,True,True,True,gold
lastFM_17433,mbrainz_8150,musicbrainz,lastfm,1.0,True,True,True,gold
lastFM_1744,mbrainz_740,musicbrainz,lastfm,1.0,True,True,True,gold
lastFM_17447,mbrainz_8158,musicbrainz,lastfm,1.0,True,True,True,gold
lastFM_1745,mbrainz_741,musicbrainz,lastfm,1.0,True,True,True,gold
lastFM_17495,mbrainz_8177,musicbrainz,lastfm,1.0,True,True,True,gold
lastFM_17516,mbrainz_8187,musicbrainz,lastfm,1.0,True,True,True,gold
lastFM_17523,mbrainz_8191,musicbrainz,lastfm,1.0,True,True,True,gold
lastFM_1754,mbrainz_145,musicbrainz,lastfm,0.9471011161804199,False,False,True,plm_check_confident_pos
lastFM_1755,mbrainz_745,musicbrainz,lastfm,1.0,True,True,True,gold
lastFM_17552,mbrainz_8206,musicbrainz,lastfm,1.0,True,True,True,gold
lastFM_17555,mbrainz_8209,musicbrainz,lastfm,1.0,True,True,True,gold
lastFM_176,mbrainz_134,musicbrainz,lastfm,0.9732291102409363,False,True,True,agreement
lastFM_17605,mbrainz_8227,musicbrainz,lastfm,1.0,True,True,True,gold
lastFM_17609,mbrainz_8230,musicbrainz,lastfm,1.0,True,True,True,gold
lastFM_17650,mbrainz_8253,musicbrainz,lastfm,1.0,True,True,True,gold
lastFM_17651,mbrainz_6924,musicbrainz,lastfm,0.9734662771224976,False,False,True,plm_check_confident_pos
lastFM_17651,mbrainz_8254,musicbrainz,lastfm,1.0,True,True,True,gold
lastFM_17664,mbrainz_19123,musicbrainz,lastfm,0.9470112919807434,False,False,True,plm_check_confident_pos
lastFM_17664,mbrainz_8259,musicbrainz,lastfm,1.0,True,True,True,gold
lastFM_17665,mbrainz_8260,musicbrainz,lastfm,1.0,True,True,True,gold
lastFM_1769,mbrainz_754,musicbrainz,lastfm,1.0,True,True,True,gold
lastFM_17699,mbrainz_8275,musicbrainz,lastfm,1.0,True,True,True,gold
lastFM_177,mbrainz_135,musicbrainz,lastfm,1.0,True,True,True,gold
lastFM_17706,mbrainz_8276,musicbrainz,lastfm,1.0,True,True,True,gold
lastFM_17709,mbrainz_8278,musicbrainz,lastfm,0.972854733467102,False,True,True,agreement
lastFM_17733,mbrainz_8289,musicbrainz,lastfm,1.0,True,True,True,gold
lastFM_17765,mbrainz_8305,musicbrainz,lastfm,1.0,True,True,True,gold
lastFM_1777,mbrainz_757,musicbrainz,lastfm,1.0,True,True,True,gold
lastFM_17778,mbrainz_8309,musicbrainz,lastfm,1.0,True,True,True,gold
lastFM_17780,mbrainz_32120,musicbrainz,lastfm,0.7431728839874268,False,False,True,plm_check_confident_pos
lastFM_17780,mbrainz_3445,musicbrainz,lastfm,0.9652336239814758,False,False,True,plm_check_confident_pos
lastFM_17780,mbrainz_8310,musicbrainz,lastfm,1.0,True,True,True,gold
lastFM_17798,mbrainz_149,musicbrainz,lastfm,0.9554659724235535,False,False,True,plm_check_confident_pos
lastFM_17810,mbrainz_8326,musicbrainz,lastfm,0.974911093711853,False,True,True,agreement
lastFM_17834,mbrainz_8334,musicbrainz,lastfm,1.0,True,True,True,gold
lastFM_17835,mbrainz_8335,musicbrainz,lastfm,1.0,True,True,True,gold
lastFM_17842,mbrainz_8338,musicbrainz,lastfm,1.0,True,False,True,gold
lastFM_17855,mbrainz_8346,musicbrainz,lastfm,0.9724453091621399,False,True,True,agreement
lastFM_17860,mbrainz_8350,musicbrainz,lastfm,1.0,True,True,True,gold
lastFM_1787,mbrainz_2176,musicbrainz,lastfm,0.7261642813682556,False,False,True,plm_check_confident_pos
lastFM_1787,mbrainz_760,musicbrainz,lastfm,1.0,True,True,True,gold
lastFM_17881,mbrainz_8359,musicbrainz,lastfm,1.0,True,True,True,gold
lastFM_17891,mbrainz_8365,musicbrainz,lastfm,1.0,True,True,True,gold
lastFM_17897,mbrainz_8367,musicbrainz,lastfm,1.0,True,True,True,gold
lastFM_179,mbrainz_137,musicbrainz,lastfm,1.0,True,True,True,gold
lastFM_17904,mbrainz_8371,musicbrainz,lastfm,1.0,True,True,True,gold
lastFM_17911,mbrainz_8376,musicbrainz,lastfm,1.0,True,False,True,gold
lastFM_17919,mbrainz_8380,musicbrainz,lastfm,1.0,True,True,True,gold
lastFM_17925,mbrainz_29773,musicbrainz,lastfm,0.9732728004455566,False,False,True,plm_check_confident_pos
lastFM_17928,mbrainz_8384,musicbrainz,lastfm,1.0,True,True,True,gold
lastFM_17933,mbrainz_8387,musicbrainz,lastfm,1.0,True,True,True,gold
lastFM_17947,mbrainz_8395,musicbrainz,lastfm,0.9736724495887756,False,True,True,agreement
lastFM_17957,mbrainz_18982,musicbrainz,lastfm,0.9633833169937134,False,False,True,plm_check_confident_pos
lastFM_17957,mbrainz_2549,musicbrainz,lastfm,0.5552138090133667,False,True,True,agreement
lastFM_17957,mbrainz_8399,musicbrainz,lastfm,1.0,True,False,True,gold
lastFM_17992,mbrainz_8417,musicbrainz,lastfm,1.0,True,True,True,gold
lastFM_17996,mbrainz_8419,musicbrainz,lastfm,1.0,True,True,True,gold
lastFM_18006,mbrainz_8426,musicbrainz,lastfm,1.0,True,False,True,gold
lastFM_18007,mbrainz_8427,musicbrainz,lastfm,0.9739038944244385,False,True,True,agreement
lastFM_18033,mbrainz_8441,musicbrainz,lastfm,1.0,True,True,True,gold
lastFM_18096,mbrainz_8468,musicbrainz,lastfm,1.0,True,True,True,gold
lastFM_18143,mbrainz_8496,musicbrainz,lastfm,1.0,True,True,True,gold
lastFM_18151,mbrainz_8502,musicbrainz,lastfm,1.0,True,True,True,gold
lastFM_18208,mbrainz_8528,musicbrainz,lastfm,1.0,True,True,True,gold
lastFM_18215,mbrainz_8534,musicbrainz,lastfm,1.0,True,True,True,gold
lastFM_18227,mbrainz_8542,musicbrainz,lastfm,1.0,True,True,True,gold
lastFM_18269,mbrainz_8566,musicbrainz,lastfm,1.0,True,False,True,gold
lastFM_18298,mbrainz_8580,musicbrainz,lastfm,1.0,True,True,True,gold
lastFM_18315,mbrainz_20773,musicbrainz,lastfm,0.7755952477455139,False,False,True,plm_check_confident_pos
lastFM_18318,mbrainz_8589,musicbrainz,lastfm,0.9555458426475525,False,True,True,agreement
lastFM_18323,mbrainz_8592,musicbrainz,lastfm,0.9308809638023376,False,False,True,plm_check_confident_pos
lastFM_18340,mbrainz_4541,musicbrainz,lastfm,0.9746373295783997,False,True,True,agreement
lastFM_18358,mbrainz_8612,musicbrainz,lastfm,1.0,True,True,True,gold
lastFM_18365,mbrainz_8617,musicbrainz,lastfm,1.0,True,True,True,gold
lastFM_18369,mbrainz_31563,musicbrainz,lastfm,0.9734402894973755,False,True,True,agreement
lastFM_18371,mbrainz_15239,musicbrainz,lastfm,0.7443307638168335,False,False,True,plm_check_confident_pos
lastFM_18371,mbrainz_8619,musicbrainz,lastfm,1.0,True,True,True,gold
lastFM_18389,mbrainz_8627,musicbrainz,lastfm,1.0,True,True,True,gold
lastFM_18400,mbrainz_8635,musicbrainz,lastfm,1.0,True,True,True,gold
lastFM_18420,mbrainz_8645,musicbrainz,lastfm,1.0,True,True,True,gold
lastFM_18421,mbrainz_8646,musicbrainz,lastfm,1.0,True,False,True,gold
lastFM_18438,mbrainz_8653,musicbrainz,lastfm,1.0,True,True,True,gold
lastFM_18473,mbrainz_8664,musicbrainz,lastfm,1.0,True,True,True,gold
lastFM_18482,mbrainz_8669,musicbrainz,lastfm,1.0,True,True,True,gold
lastFM_18483,mbrainz_8670,musicbrainz,lastfm,1.0,True,False,True,gold
lastFM_18500,mbrainz_8680,musicbrainz,lastfm,1.0,True,True,True,gold
lastFM_1851,mbrainz_789,musicbrainz,lastfm,1.0,True,True,True,gold
lastFM_18556,mbrainz_8708,musicbrainz,lastfm,0.9728754758834839,False,True,True,agreement
lastFM_18559,mbrainz_8709,musicbrainz,lastfm,1.0,True,True,True,gold
lastFM_186,mbrainz_140,musicbrainz,lastfm,1.0,True,True,True,gold
lastFM_18609,mbrainz_8735,musicbrainz,lastfm,0.9743554592132568,False,False,True,plm_check_confident_pos
lastFM_18612,mbrainz_8737,musicbrainz,lastfm,1.0,True,True,True,gold
lastFM_18627,mbrainz_10819,musicbrainz,lastfm,0.7285085320472717,False,False,True,plm_check_confident_pos
lastFM_18652,mbrainz_8751,musicbrainz,lastfm,1.0,True,True,True,gold
lastFM_18672,mbrainz_8759,musicbrainz,lastfm,1.0,True,False,True,gold
lastFM_1869,mbrainz_9390,musicbrainz,lastfm,0.9303182363510132,False,False,True,plm_check_confident_pos
lastFM_18735,mbrainz_8788,musicbrainz,lastfm,1.0,True,True,True,gold
lastFM_18746,mbrainz_8792,musicbrainz,lastfm,1.0,True,True,True,gold
lastFM_1876,mbrainz_801,musicbrainz,lastfm,1.0,True,True,True,gold
lastFM_18783,mbrainz_8811,musicbrainz,lastfm,1.0,True,True,True,gold
lastFM_18786,mbrainz_2028,musicbrainz,lastfm,0.9378934502601624,False,False,True,plm_check_confident_pos
lastFM_18786,mbrainz_8813,musicbrainz,lastfm,1.0,True,True,True,gold
lastFM_18794,mbrainz_8820,musicbrainz,lastfm,0.9726673364639282,False,True,True,agreement
lastFM_1882,mbrainz_803,musicbrainz,lastfm,1.0,True,True,True,gold
lastFM_18851,mbrainz_8849,musicbrainz,lastfm,1.0,True,True,True,gold
lastFM_18866,mbrainz_8857,musicbrainz,lastfm,1.0,True,True,True,gold
lastFM_18879,mbrainz_8866,musicbrainz,lastfm,1.0,True,True,True,gold
lastFM_18881,mbrainz_8868,musicbrainz,lastfm,1.0,True,False,True,gold
lastFM_189,mbrainz_142,musicbrainz,lastfm,1.0,True,True,True,gold
lastFM_18905,mbrainz_8886,musicbrainz,lastfm,1.0,True,False,True,gold
lastFM_1891,mbrainz_808,musicbrainz,lastfm,1.0,True,True,True,gold
lastFM_1892,mbrainz_809,musicbrainz,lastfm,1.0,True,True,True,gold
lastFM_18922,mbrainz_8893,musicbrainz,lastfm,0.9738720059394836,False,True,True,agreement
lastFM_1898,mbrainz_814,musicbrainz,lastfm,1.0,True,True,True,gold
lastFM_18981,mbrainz_8920,musicbrainz,lastfm,1.0,True,True,True,gold
lastFM_19013,mbrainz_8933,musicbrainz,lastfm,1.0,True,True,True,gold
lastFM_19021,mbrainz_8935,musicbrainz,lastfm,1.0,True,False,True,gold
lastFM_19022,mbrainz_8936,musicbrainz,lastfm,1.0,True,True,True,gold
lastFM_19031,mbrainz_8941,musicbrainz,lastfm,0.861190676689148,False,True,True,agreement
lastFM_19054,mbrainz_8950,musicbrainz,lastfm,1.0,True,True,True,gold
lastFM_19085,mbrainz_8963,musicbrainz,lastfm,1.0,True,True,True,gold
lastFM_1909,mbrainz_7932,musicbrainz,lastfm,0.9745098352432251,False,False,True,plm_check_confident_pos
lastFM_1909,mbrainz_822,musicbrainz,lastfm,1.0,True,True,True,gold
lastFM_19094,mbrainz_8968,musicbrainz,lastfm,1.0,True,False,True,gold
lastFM_19099,mbrainz_8972,musicbrainz,lastfm,1.0,True,True,True,gold
lastFM_191,mbrainz_144,musicbrainz,lastfm,1.0,True,True,True,gold
lastFM_19147,mbrainz_8992,musicbrainz,lastfm,1.0,True,True,True,gold
lastFM_1915,mbrainz_826,musicbrainz,lastfm,1.0,True,True,True,gold
lastFM_19152,mbrainz_1017,musicbrainz,lastfm,0.8599955439567566,False,False,True,plm_check_confident_pos
lastFM_19152,mbrainz_8994,musicbrainz,lastfm,1.0,True,True,True,gold
lastFM_19155,mbrainz_8996,musicbrainz,lastfm,1.0,True,True,True,gold
lastFM_19175,mbrainz_9001,musicbrainz,lastfm,1.0,True,True,True,gold
lastFM_19183,mbrainz_9005,musicbrainz,lastfm,0.9726658463478088,False,True,True,agreement
lastFM_19184,mbrainz_9006,musicbrainz,lastfm,1.0,True,True,True,gold
lastFM_19189,mbrainz_9011,musicbrainz,lastfm,1.0,True,True,True,gold
lastFM_1923,mbrainz_830,musicbrainz,lastfm,1.0,True,True,True,gold
lastFM_19240,mbrainz_9033,musicbrainz,lastfm,1.0,True,False,True,gold
lastFM_19273,mbrainz_9048,musicbrainz,lastfm,1.0,True,True,True,gold
lastFM_19292,mbrainz_11989,musicbrainz,lastfm,0.9606814384460449,False,False,True,plm_check_confident_pos
lastFM_19292,mbrainz_9055,musicbrainz,lastfm,1.0,True,True,True,gold
lastFM_19310,mbrainz_9062,musicbrainz,lastfm,1.0,True,True,True,gold
lastFM_19312,mbrainz_9063,musicbrainz,lastfm,1.0,True,True,True,gold
lastFM_19324,mbrainz_8627,musicbrainz,lastfm,0.7503535151481628,False,False,True,plm_check_confident_pos
lastFM_19324,mbrainz_9069,musicbrainz,lastfm,1.0,True,True,True,gold
lastFM_19346,mbrainz_9085,musicbrainz,lastfm,1.0,True,True,True,gold
lastFM_1935,mbrainz_833,musicbrainz,lastfm,1.0,True,True,True,gold
lastFM_19350,mbrainz_9087,musicbrainz,lastfm,1.0,True,True,True,gold
lastFM_1939,mbrainz_835,musicbrainz,lastfm,1.0,True,True,True,gold
lastFM_19412,mbrainz_9116,musicbrainz,lastfm,1.0,True,True,True,gold
lastFM_19415,mbrainz_9118,musicbrainz,lastfm,1.0,True,False,True,gold
lastFM_19418,mbrainz_9120,musicbrainz,lastfm,1.0,True,True,True,gold
lastFM_19452,mbrainz_9133,musicbrainz,lastfm,1.0,True,True,True,gold
lastFM_1946,mbrainz_839,musicbrainz,lastfm,1.0,True,True,True,gold
lastFM_19463,mbrainz_9140,musicbrainz,lastfm,1.0,True,True,True,gold
lastFM_19471,mbrainz_9144,musicbrainz,lastfm,1.0,True,False,True,gold
lastFM_19497,mbrainz_9161,musicbrainz,lastfm,1.0,True,True,True,gold
lastFM_19509,mbrainz_9167,musicbrainz,lastfm,1.0,True,False,True,gold
lastFM_19533,mbrainz_9180,musicbrainz,lastfm,1.0,True,True,True,gold
lastFM_19537,mbrainz_662,musicbrainz,lastfm,0.7738211154937744,False,False,True,plm_check_confident_pos
lastFM_19537,mbrainz_9183,musicbrainz,lastfm,1.0,True,True,True,gold
lastFM_19539,mbrainz_9185,musicbrainz,lastfm,1.0,True,True,True,gold
lastFM_19549,mbrainz_9191,musicbrainz,lastfm,1.0,True,True,True,gold
lastFM_19551,mbrainz_9193,musicbrainz,lastfm,0.9732723236083984,False,True,True,agreement
lastFM_19584,mbrainz_9210,musicbrainz,lastfm,1.0,True,True,True,gold
lastFM_19594,mbrainz_9213,musicbrainz,lastfm,0.9736575484275818,False,True,True,agreement
lastFM_19599,mbrainz_9216,musicbrainz,lastfm,1.0,True,True,True,gold
lastFM_19606,mbrainz_9221,musicbrainz,lastfm,1.0,True,True,True,gold
lastFM_19646,mbrainz_9235,musicbrainz,lastfm,1.0,True,True,True,gold
lastFM_19657,mbrainz_9242,musicbrainz,lastfm,1.0,True,True,True,gold
lastFM_19707,mbrainz_9262,musicbrainz,lastfm,1.0,True,True,True,gold
lastFM_19720,mbrainz_9271,musicbrainz,lastfm,0.9724847674369812,False,True,True,agreement
lastFM_19723,mbrainz_9273,musicbrainz,lastfm,1.0,True,True,True,gold
lastFM_1973,mbrainz_849,musicbrainz,lastfm,1.0,True,False,True,gold
lastFM_1973,mbrainz_893,musicbrainz,lastfm,0.973484218120575,False,True,True,agreement
lastFM_19761,mbrainz_9292,musicbrainz,lastfm,1.0,True,True,True,gold
lastFM_19766,mbrainz_9294,musicbrainz,lastfm,0.9690418839454651,False,False,True,plm_check_confident_pos
lastFM_19781,mbrainz_9299,musicbrainz,lastfm,0.9738717675209045,False,True,True,agreement
lastFM_198,mbrainz_147,musicbrainz,lastfm,1.0,True,True,True,gold
lastFM_19800,mbrainz_9310,musicbrainz,lastfm,1.0,True,True,True,gold
lastFM_19822,mbrainz_9318,musicbrainz,lastfm,1.0,True,True,True,gold
lastFM_19824,mbrainz_9319,musicbrainz,lastfm,1.0,True,True,True,gold
lastFM_19863,mbrainz_2160,musicbrainz,lastfm,0.9476897716522217,False,False,True,plm_check_confident_pos
lastFM_19869,mbrainz_9349,musicbrainz,lastfm,0.973422110080719,False,True,True,agreement
lastFM_19870,mbrainz_9350,musicbrainz,lastfm,1.0,True,True,True,gold
lastFM_19915,mbrainz_9370,musicbrainz,lastfm,1.0,True,True,True,gold
lastFM_19946,mbrainz_2261,musicbrainz,lastfm,0.9609383344650269,False,False,True,plm_check_confident_pos
lastFM_19952,mbrainz_9387,musicbrainz,lastfm,1.0,True,True,True,gold
lastFM_19985,mbrainz_9400,musicbrainz,lastfm,0.9731982946395874,False,True,True,agreement
lastFM_2,mbrainz_2,musicbrainz,lastfm,1.0,True,True,True,gold
lastFM_200,mbrainz_149,musicbrainz,lastfm,1.0,True,True,True,gold
lastFM_20010,mbrainz_9412,musicbrainz,lastfm,1.0,True,True,True,gold
lastFM_20027,mbrainz_523,musicbrainz,lastfm,0.8775111436843872,False,False,True,plm_check_confident_pos
lastFM_2003,mbrainz_861,musicbrainz,lastfm,1.0,True,True,True,gold
lastFM_20049,mbrainz_9427,musicbrainz,lastfm,1.0,True,True,True,gold
lastFM_20088,mbrainz_9447,musicbrainz,lastfm,1.0,True,False,True,gold
lastFM_201,mbrainz_150,musicbrainz,lastfm,1.0,True,True,True,gold
lastFM_20101,mbrainz_9451,musicbrainz,lastfm,1.0,True,True,True,gold
lastFM_20104,mbrainz_10450,musicbrainz,lastfm,0.9461566805839539,False,False,True,plm_check_confident_pos
lastFM_20104,mbrainz_9452,musicbrainz,lastfm,1.0,True,True,True,gold
lastFM_20132,mbrainz_11491,musicbrainz,lastfm,1.0,True,True,True,gold
lastFM_20137,mbrainz_9467,musicbrainz,lastfm,1.0,True,True,True,gold
lastFM_20146,mbrainz_9474,musicbrainz,lastfm,1.0,True,True,True,gold
lastFM_20173,mbrainz_8708,musicbrainz,lastfm,0.9004223346710205,False,False,True,plm_check_confident_pos
lastFM_20182,mbrainz_9489,musicbrainz,lastfm,1.0,True,True,True,gold
lastFM_202,mbrainz_151,musicbrainz,lastfm,1.0,True,True,True,gold
lastFM_20220,mbrainz_9507,musicbrainz,lastfm,1.0,True,True,True,gold
lastFM_2023,mbrainz_868,musicbrainz,lastfm,1.0,True,True,True,gold
lastFM_20235,mbrainz_9514,musicbrainz,lastfm,1.0,True,False,True,gold
lastFM_2025,mbrainz_869,musicbrainz,lastfm,0.9727254509925842,False,True,True,agreement
lastFM_20251,mbrainz_9521,musicbrainz,lastfm,1.0,True,True,True,gold
lastFM_20254,mbrainz_9522,musicbrainz,lastfm,0.9727636575698853,False,True,True,agreement
lastFM_20255,mbrainz_9523,musicbrainz,lastfm,1.0,True,True,True,gold
lastFM_2026,mbrainz_870,musicbrainz,lastfm,1.0,True,True,True,gold
lastFM_20277,mbrainz_9532,musicbrainz,lastfm,1.0,True,True,True,gold
lastFM_20282,mbrainz_9536,musicbrainz,lastfm,1.0,True,True,True,gold
lastFM_20286,mbrainz_5896,musicbrainz,lastfm,0.7683421969413757,False,False,True,plm_check_confident_pos
lastFM_20286,mbrainz_7643,musicbrainz,lastfm,0.9151999354362488,False,False,True,plm_check_confident_pos
lastFM_20286,mbrainz_9538,musicbrainz,lastfm,1.0,True,True,True,gold
lastFM_20311,mbrainz_16409,musicbrainz,lastfm,1.0,True,True,True,gold
lastFM_20315,mbrainz_11069,musicbrainz,lastfm,0.9732158780097961,False,False,True,plm_check_confident_pos
lastFM_20315,mbrainz_9548,musicbrainz,lastfm,1.0,True,True,True,gold
lastFM_20316,mbrainz_9549,musicbrainz,lastfm,1.0,True,True,True,gold
lastFM_2033,mbrainz_872,musicbrainz,lastfm,1.0,True,True,True,gold
lastFM_20355,mbrainz_3773,musicbrainz,lastfm,0.9751113653182983,False,False,True,plm_check_confident_pos
lastFM_20355,mbrainz_9567,musicbrainz,lastfm,1.0,True,False,True,gold
lastFM_2038,mbrainz_875,musicbrainz,lastfm,1.0,True,True,True,gold
lastFM_20388,mbrainz_9583,musicbrainz,lastfm,1.0,True,True,True,gold
lastFM_20413,mbrainz_9591,musicbrainz,lastfm,1.0,True,True,True,gold
lastFM_20416,mbrainz_9592,musicbrainz,lastfm,1.0,True,True,True,gold
lastFM_20430,mbrainz_9599,musicbrainz,lastfm,1.0,True,True,True,gold
lastFM_20432,mbrainz_9601,musicbrainz,lastfm,1.0,True,True,True,gold
lastFM_20530,mbrainz_9649,musicbrainz,lastfm,1.0,True,True,True,gold
lastFM_2054,mbrainz_882,musicbrainz,lastfm,1.0,True,True,True,gold
lastFM_20540,mbrainz_7905,musicbrainz,lastfm,0.72885662317276,False,False,True,plm_check_confident_pos
lastFM_20540,mbrainz_9652,musicbrainz,lastfm,1.0,True,True,True,gold
lastFM_20549,mbrainz_9656,musicbrainz,lastfm,1.0,True,True,True,gold
lastFM_20553,mbrainz_9659,musicbrainz,lastfm,1.0,True,True,True,gold
lastFM_20570,mbrainz_9668,musicbrainz,lastfm,1.0,True,True,True,gold
lastFM_20598,mbrainz_9680,musicbrainz,lastfm,1.0,True,True,True,gold
lastFM_206,mbrainz_154,musicbrainz,lastfm,1.0,True,False,True,gold
lastFM_20607,mbrainz_9683,musicbrainz,lastfm,0.9725483655929565,False,False,True,plm_check_confident_pos
lastFM_20649,mbrainz_9696,musicbrainz,lastfm,1.0,True,True,True,gold
lastFM_20671,mbrainz_9705,musicbrainz,lastfm,1.0,True,False,True,gold
lastFM_20677,mbrainz_9706,musicbrainz,lastfm,1.0,True,True,True,gold
lastFM_20690,mbrainz_9716,musicbrainz,lastfm,1.0,True,True,True,gold
lastFM_2071,mbrainz_891,musicbrainz,lastfm,1.0,True,True,True,gold
lastFM_20714,mbrainz_9730,musicbrainz,lastfm,1.0,True,False,True,gold
lastFM_2073,mbrainz_849,musicbrainz,lastfm,0.9738360047340393,False,False,True,plm_check_confident_pos
lastFM_2073,mbrainz_893,musicbrainz,lastfm,1.0,True,False,True,gold
lastFM_2074,mbrainz_24711,musicbrainz,lastfm,0.9458365440368652,False,True,True,agreement
lastFM_2074,mbrainz_894,musicbrainz,lastfm,1.0,True,False,True,gold
lastFM_20745,mbrainz_9746,musicbrainz,lastfm,1.0,True,True,True,gold
lastFM_20755,mbrainz_9749,musicbrainz,lastfm,1.0,True,True,True,gold
lastFM_2076,mbrainz_896,musicbrainz,lastfm,0.962482750415802,False,False,True,plm_check_confident_pos
lastFM_20790,mbrainz_9767,musicbrainz,lastfm,1.0,True,True,True,gold
lastFM_20795,mbrainz_9768,musicbrainz,lastfm,0.9730018377304077,False,False,True,plm_check_confident_pos
lastFM_208,mbrainz_155,musicbrainz,lastfm,1.0,True,True,True,gold
lastFM_20803,mbrainz_9771,musicbrainz,lastfm,1.0,True,True,True,gold
lastFM_20811,mbrainz_9773,musicbrainz,lastfm,1.0,True,True,True,gold
lastFM_20833,mbrainz_9783,musicbrainz,lastfm,1.0,True,True,True,gold
lastFM_20843,mbrainz_9789,musicbrainz,lastfm,1.0,True,True,True,gold
lastFM_20844,mbrainz_9790,musicbrainz,lastfm,0.9755276441574097,False,True,True,agreement
lastFM_20848,mbrainz_9791,musicbrainz,lastfm,1.0,True,True,True,gold
lastFM_20852,mbrainz_9794,musicbrainz,lastfm,1.0,True,True,True,gold
lastFM_20885,mbrainz_9807,musicbrainz,lastfm,1.0,True,True,True,gold
lastFM_20900,mbrainz_9817,musicbrainz,lastfm,1.0,True,True,True,gold
lastFM_20923,mbrainz_9827,musicbrainz,lastfm,1.0,True,True,True,gold
lastFM_20926,mbrainz_9830,musicbrainz,lastfm,1.0,True,False,True,gold
lastFM_20928,mbrainz_9831,musicbrainz,lastfm,1.0,True,True,True,gold
lastFM_20965,mbrainz_9841,musicbrainz,lastfm,0.9739198088645935,False,True,True,agreement
lastFM_2097,mbrainz_20391,musicbrainz,lastfm,0.8366324305534363,False,False,True,plm_check_confident_pos
lastFM_2097,mbrainz_21473,musicbrainz,lastfm,0.8782179355621338,False,False,True,plm_check_confident_pos
lastFM_2097,mbrainz_905,musicbrainz,lastfm,1.0,True,True,True,gold
lastFM_20970,mbrainz_9844,musicbrainz,lastfm,0.9732738137245178,False,True,True,agreement
lastFM_20983,mbrainz_9848,musicbrainz,lastfm,1.0,True,True,True,gold
lastFM_20999,mbrainz_16409,musicbrainz,lastfm,0.8686223030090332,False,False,True,plm_check_confident_pos
lastFM_21005,mbrainz_9854,musicbrainz,lastfm,1.0,True,False,True,gold
lastFM_21012,mbrainz_9858,musicbrainz,lastfm,1.0,True,True,True,gold
lastFM_21042,mbrainz_9872,musicbrainz,lastfm,1.0,True,True,True,gold
lastFM_21055,mbrainz_9877,musicbrainz,lastfm,1.0,True,True,True,gold
lastFM_21063,mbrainz_9881,musicbrainz,lastfm,1.0,True,True,True,gold
lastFM_21088,mbrainz_9890,musicbrainz,lastfm,0.9730544686317444,False,True,True,agreement
lastFM_21108,mbrainz_9903,musicbrainz,lastfm,0.9726797342300415,False,True,True,agreement
lastFM_21122,mbrainz_9908,musicbrainz,lastfm,1.0,True,False,True,gold
lastFM_21133,mbrainz_9912,musicbrainz,lastfm,1.0,True,True,True,gold
lastFM_2114,mbrainz_910,musicbrainz,lastfm,1.0,True,True,True,gold
lastFM_21155,mbrainz_26672,musicbrainz,lastfm,0.908554196357727,False,False,True,plm_check_confident_pos
lastFM_2116,mbrainz_912,musicbrainz,lastfm,1.0,True,True,True,gold
lastFM_21160,mbrainz_9927,musicbrainz,lastfm,1.0,True,False,True,gold
lastFM_21162,mbrainz_20244,musicbrainz,lastfm,0.7801923155784607,False,False,True,plm_check_confident_pos
lastFM_21185,mbrainz_13416,musicbrainz,lastfm,0.906921923160553,False,True,True,agreement
lastFM_21192,mbrainz_9945,musicbrainz,lastfm,1.0,True,True,True,gold
lastFM_21256,mbrainz_9975,musicbrainz,lastfm,1.0,True,True,True,gold
lastFM_21277,mbrainz_22699,musicbrainz,lastfm,0.7019479274749756,False,False,True,plm_check_confident_pos
lastFM_21277,mbrainz_9988,musicbrainz,lastfm,1.0,True,True,True,gold
lastFM_21290,mbrainz_9996,musicbrainz,lastfm,1.0,True,True,True,gold
lastFM_21299,mbrainz_10000,musicbrainz,lastfm,1.0,True,True,True,gold
lastFM_21325,mbrainz_430,musicbrainz,lastfm,0.7773729562759399,False,False,True,plm_check_confident_pos
lastFM_21338,mbrainz_10020,musicbrainz,lastfm,1.0,True,True,True,gold
lastFM_21345,mbrainz_10025,musicbrainz,lastfm,1.0,True,True,True,gold
lastFM_21362,mbrainz_10030,musicbrainz,lastfm,1.0,True,True,True,gold
lastFM_2137,mbrainz_919,musicbrainz,lastfm,1.0,True,True,True,gold
lastFM_21370,mbrainz_5043,musicbrainz,lastfm,0.7462841272354126,False,False,True,plm_check_confident_pos
lastFM_21375,mbrainz_10035,musicbrainz,lastfm,1.0,True,True,True,gold
lastFM_21441,mbrainz_10066,musicbrainz,lastfm,1.0,True,True,True,gold
lastFM_21449,mbrainz_10070,musicbrainz,lastfm,1.0,True,True,True,gold
lastFM_2145,mbrainz_15139,musicbrainz,lastfm,0.8243002891540527,False,False,True,plm_check_confident_pos
lastFM_2145,mbrainz_24804,musicbrainz,lastfm,0.7176341414451599,False,False,True,plm_check_confident_pos
lastFM_2145,mbrainz_27790,musicbrainz,lastfm,0.8244684934616089,False,False,True,plm_check_confident_pos
lastFM_2145,mbrainz_5305,musicbrainz,lastfm,0.8233203291893005,False,False,True,plm_check_confident_pos
lastFM_21454,mbrainz_10074,musicbrainz,lastfm,1.0,True,False,True,gold
lastFM_21459,mbrainz_10077,musicbrainz,lastfm,1.0,True,True,True,gold
lastFM_21462,mbrainz_10078,musicbrainz,lastfm,1.0,True,True,True,gold
lastFM_21469,mbrainz_10080,musicbrainz,lastfm,1.0,True,True,True,gold
lastFM_21486,mbrainz_10084,musicbrainz,lastfm,1.0,True,True,True,gold
lastFM_21522,mbrainz_10099,musicbrainz,lastfm,1.0,True,False,True,gold
lastFM_21535,mbrainz_10107,musicbrainz,lastfm,0.9727996587753296,False,True,True,agreement
lastFM_21537,mbrainz_10108,musicbrainz,lastfm,1.0,True,True,True,gold
lastFM_21544,mbrainz_10112,musicbrainz,lastfm,1.0,True,False,True,gold
lastFM_21544,mbrainz_3085,musicbrainz,lastfm,0.7775813937187195,False,False,True,plm_check_confident_pos
lastFM_21544,mbrainz_6853,musicbrainz,lastfm,0.7094266414642334,False,False,True,plm_check_confident_pos
lastFM_21552,mbrainz_10116,musicbrainz,lastfm,1.0,True,True,True,gold
lastFM_21556,mbrainz_10119,musicbrainz,lastfm,1.0,True,True,True,gold
lastFM_21562,mbrainz_10121,musicbrainz,lastfm,1.0,True,True,True,gold
lastFM_2157,mbrainz_931,musicbrainz,lastfm,1.0,True,True,True,gold
lastFM_21587,mbrainz_15213,musicbrainz,lastfm,1.0,True,True,True,gold
lastFM_21596,mbrainz_10131,musicbrainz,lastfm,1.0,True,True,True,gold
lastFM_21626,mbrainz_10145,musicbrainz,lastfm,1.0,True,False,True,gold
lastFM_21637,mbrainz_8365,musicbrainz,lastfm,0.9654337763786316,False,False,True,plm_check_confident_pos
lastFM_21659,mbrainz_10156,musicbrainz,lastfm,0.9728329181671143,False,True,True,agreement
lastFM_21680,mbrainz_10345,musicbrainz,lastfm,0.7286244630813599,False,False,True,plm_check_confident_pos
lastFM_21680,mbrainz_25404,musicbrainz,lastfm,0.7248919010162354,False,False,True,plm_check_confident_pos
lastFM_21715,mbrainz_10183,musicbrainz,lastfm,1.0,True,True,True,gold
lastFM_21732,mbrainz_10188,musicbrainz,lastfm,1.0,True,True,True,gold
lastFM_21741,mbrainz_10193,musicbrainz,lastfm,0.9743228554725647,False,True,True,agreement
lastFM_21754,mbrainz_10196,musicbrainz,lastfm,1.0,True,True,True,gold
lastFM_21756,mbrainz_10198,musicbrainz,lastfm,1.0,True,True,True,gold
lastFM_21762,mbrainz_10200,musicbrainz,lastfm,1.0,True,True,True,gold
lastFM_21766,mbrainz_10203,musicbrainz,lastfm,1.0,True,True,True,gold
lastFM_21777,mbrainz_10206,musicbrainz,lastfm,1.0,True,True,True,gold
lastFM_21784,mbrainz_10209,musicbrainz,lastfm,1.0,True,True,True,gold
lastFM_21816,mbrainz_10222,musicbrainz,lastfm,1.0,True,True,True,gold
lastFM_21829,mbrainz_10230,musicbrainz,lastfm,1.0,True,True,True,gold
lastFM_21838,mbrainz_10236,musicbrainz,lastfm,1.0,True,False,True,gold
lastFM_21845,mbrainz_10238,musicbrainz,lastfm,1.0,True,True,True,gold
lastFM_21846,mbrainz_10239,musicbrainz,lastfm,1.0,True,True,True,gold
lastFM_21850,mbrainz_10240,musicbrainz,lastfm,1.0,True,True,True,gold
lastFM_21856,mbrainz_10244,musicbrainz,lastfm,1.0,True,True,True,gold
lastFM_2186,mbrainz_943,musicbrainz,lastfm,1.0,True,True,True,gold
lastFM_21874,mbrainz_10253,musicbrainz,lastfm,1.0,True,True,True,gold
lastFM_21904,mbrainz_10268,musicbrainz,lastfm,1.0,True,True,True,gold
lastFM_21923,mbrainz_10279,musicbrainz,lastfm,1.0,True,True,True,gold
lastFM_21946,mbrainz_10293,musicbrainz,lastfm,1.0,True,True,True,gold
lastFM_21957,mbrainz_10296,musicbrainz,lastfm,1.0,True,True,True,gold
lastFM_2200,mbrainz_952,musicbrainz,lastfm,1.0,True,True,True,gold
lastFM_22038,mbrainz_10329,musicbrainz,lastfm,1.0,True,True,True,gold
lastFM_22051,mbrainz_10336,musicbrainz,lastfm,1.0,True,False,True,gold
lastFM_22069,mbrainz_10345,musicbrainz,lastfm,0.9723368883132935,False,True,True,agreement
lastFM_22079,mbrainz_10351,musicbrainz,lastfm,1.0,True,True,True,gold
lastFM_2208,mbrainz_956,musicbrainz,lastfm,1.0,True,True,True,gold
lastFM_2209,mbrainz_957,musicbrainz,lastfm,1.0,True,True,True,gold
lastFM_22118,mbrainz_10365,musicbrainz,lastfm,1.0,True,True,True,gold
lastFM_22125,mbrainz_10369,musicbrainz,lastfm,1.0,True,True,True,gold
lastFM_22137,mbrainz_10374,musicbrainz,lastfm,1.0,True,True,True,gold
lastFM_22146,mbrainz_10379,musicbrainz,lastfm,1.0,True,True,True,gold
lastFM_22153,mbrainz_10382,musicbrainz,lastfm,1.0,True,True,True,gold
lastFM_22155,mbrainz_10384,musicbrainz,lastfm,0.9737348556518555,False,True,True,agreement
lastFM_22155,mbrainz_5258,musicbrainz,lastfm,0.7157540917396545,False,False,True,plm_check_confident_pos
lastFM_22168,mbrainz_28213,musicbrainz,lastfm,0.9527497291564941,False,True,True,agreement
lastFM_22174,mbrainz_10391,musicbrainz,lastfm,1.0,True,False,True,gold
lastFM_22174,mbrainz_7048,musicbrainz,lastfm,0.973929226398468,False,True,True,agreement
lastFM_22190,mbrainz_10399,musicbrainz,lastfm,1.0,True,True,True,gold
lastFM_22194,mbrainz_10402,musicbrainz,lastfm,1.0,True,True,True,gold
lastFM_22244,mbrainz_10428,musicbrainz,lastfm,1.0,True,True,True,gold
lastFM_22253,mbrainz_10431,musicbrainz,lastfm,1.0,True,True,True,gold
lastFM_22295,mbrainz_10449,musicbrainz,lastfm,1.0,True,True,True,gold
lastFM_22303,mbrainz_10455,musicbrainz,lastfm,1.0,True,True,True,gold
lastFM_22328,mbrainz_10465,musicbrainz,lastfm,1.0,True,True,True,gold
lastFM_22342,mbrainz_10470,musicbrainz,lastfm,1.0,True,True,True,gold
lastFM_22351,mbrainz_10474,musicbrainz,lastfm,1.0,True,True,True,gold
lastFM_22364,mbrainz_10481,musicbrainz,lastfm,1.0,True,True,True,gold
lastFM_22364,mbrainz_14754,musicbrainz,lastfm,0.975648820400238,False,False,True,plm_check_confident_pos
lastFM_22364,mbrainz_15930,musicbrainz,lastfm,0.9744073748588562,False,False,True,plm_check_confident_pos
lastFM_22364,mbrainz_49,musicbrainz,lastfm,0.93356853723526,False,False,True,plm_check_confident_pos
lastFM_22364,mbrainz_578,musicbrainz,lastfm,0.9740877747535706,False,False,True,plm_check_confident_pos
lastFM_22366,mbrainz_10482,musicbrainz,lastfm,1.0,True,True,True,gold
lastFM_22393,mbrainz_10494,musicbrainz,lastfm,0.9724422693252563,False,True,True,agreement
lastFM_22407,mbrainz_10499,musicbrainz,lastfm,1.0,True,False,True,gold
lastFM_22411,mbrainz_10501,musicbrainz,lastfm,1.0,True,True,False,gold
lastFM_2243,mbrainz_970,musicbrainz,lastfm,1.0,True,True,True,gold
lastFM_22480,mbrainz_8045,musicbrainz,lastfm,0.9459215998649597,False,False,True,plm_check_confident_pos
lastFM_225,mbrainz_160,musicbrainz,lastfm,1.0,True,True,True,gold
lastFM_22519,mbrainz_10547,musicbrainz,lastfm,1.0,True,True,True,gold
lastFM_22519,mbrainz_7953,musicbrainz,lastfm,0.9743385910987854,False,False,True,plm_check_confident_pos
lastFM_2257,mbrainz_972,musicbrainz,lastfm,1.0,True,True,True,gold
lastFM_2258,mbrainz_973,musicbrainz,lastfm,0.9727532863616943,False,True,True,agreement
lastFM_22580,mbrainz_10569,musicbrainz,lastfm,0.9738523960113525,False,True,True,agreement
lastFM_22607,mbrainz_10579,musicbrainz,lastfm,1.0,True,True,True,gold
lastFM_22609,mbrainz_10580,musicbrainz,lastfm,1.0,True,True,True,gold
lastFM_22634,mbrainz_10590,musicbrainz,lastfm,1.0,True,True,True,gold
lastFM_22641,mbrainz_10593,musicbrainz,lastfm,1.0,True,True,True,gold
lastFM_22654,mbrainz_10597,musicbrainz,lastfm,1.0,True,True,True,gold
lastFM_22657,mbrainz_10598,musicbrainz,lastfm,1.0,True,True,True,gold
lastFM_22659,mbrainz_10599,musicbrainz,lastfm,1.0,True,True,True,gold
lastFM_22672,mbrainz_10603,musicbrainz,lastfm,1.0,True,True,True,gold
lastFM_22691,mbrainz_10613,musicbrainz,lastfm,1.0,True,True,True,gold
lastFM_22709,mbrainz_10624,musicbrainz,lastfm,1.0,True,True,True,gold
lastFM_2271,mbrainz_978,musicbrainz,lastfm,1.0,True,True,True,gold
lastFM_22724,mbrainz_10633,musicbrainz,lastfm,1.0,True,True,True,gold
lastFM_22817,mbrainz_10669,musicbrainz,lastfm,1.0,True,True,True,gold
lastFM_2283,mbrainz_982,musicbrainz,lastfm,1.0,True,True,True,gold
lastFM_22837,mbrainz_10678,musicbrainz,lastfm,0.9728737473487854,False,False,True,plm_check_confident_pos
lastFM_2284,mbrainz_983,musicbrainz,lastfm,1.0,True,True,True,gold
lastFM_22843,mbrainz_10679,musicbrainz,lastfm,1.0,True,True,True,gold
lastFM_22866,mbrainz_10689,musicbrainz,lastfm,1.0,True,True,True,gold
lastFM_22874,mbrainz_10692,musicbrainz,lastfm,1.0,True,True,True,gold
lastFM_22918,mbrainz_10714,musicbrainz,lastfm,1.0,True,True,True,gold
lastFM_22919,mbrainz_10715,musicbrainz,lastfm,1.0,True,True,True,gold
lastFM_22967,mbrainz_10737,musicbrainz,lastfm,1.0,True,True,True,gold
lastFM_22977,mbrainz_10744,musicbrainz,lastfm,1.0,True,True,True,gold
lastFM_23009,mbrainz_10756,musicbrainz,lastfm,1.0,True,True,True,gold
lastFM_23054,mbrainz_10773,musicbrainz,lastfm,1.0,True,True,True,gold
lastFM_23106,mbrainz_14306,musicbrainz,lastfm,0.5509918332099915,False,True,True,agreement
lastFM_23112,mbrainz_10795,musicbrainz,lastfm,1.0,True,True,True,gold
lastFM_23122,mbrainz_10797,musicbrainz,lastfm,1.0,True,True,True,gold
lastFM_2315,mbrainz_999,musicbrainz,lastfm,1.0,True,True,True,gold
lastFM_23154,mbrainz_10808,musicbrainz,lastfm,1.0,True,True,True,gold
lastFM_23168,mbrainz_10813,musicbrainz,lastfm,1.0,True,True,True,gold
lastFM_23175,mbrainz_11620,musicbrainz,lastfm,0.8246906399726868,False,False,True,plm_check_confident_pos
lastFM_23175,mbrainz_31484,musicbrainz,lastfm,0.8331214189529419,False,False,True,plm_check_confident_pos
lastFM_23177,mbrainz_10819,musicbrainz,lastfm,1.0,True,True,True,gold
lastFM_2318,mbrainz_1001,musicbrainz,lastfm,1.0,True,True,True,gold
lastFM_23198,mbrainz_10826,musicbrainz,lastfm,1.0,True,True,True,gold
lastFM_23216,mbrainz_10839,musicbrainz,lastfm,1.0,True,True,True,gold
lastFM_23319,mbrainz_10889,musicbrainz,lastfm,1.0,True,True,True,gold
lastFM_23350,mbrainz_10901,musicbrainz,lastfm,0.9606269001960754,False,True,True,agreement
lastFM_23352,mbrainz_10902,musicbrainz,lastfm,1.0,True,True,True,gold
lastFM_23359,mbrainz_10904,musicbrainz,lastfm,1.0,True,True,True,gold
lastFM_23360,mbrainz_10905,musicbrainz,lastfm,1.0,True,True,True,gold
lastFM_23406,mbrainz_10923,musicbrainz,lastfm,0.9733276963233948,False,True,True,agreement
lastFM_23408,mbrainz_10924,musicbrainz,lastfm,0.9727881550788879,False,False,True,plm_check_confident_pos
lastFM_2344,mbrainz_1012,musicbrainz,lastfm,0.9738638401031494,False,True,True,agreement
lastFM_23458,mbrainz_10949,musicbrainz,lastfm,1.0,True,True,True,gold
lastFM_23462,mbrainz_10951,musicbrainz,lastfm,1.0,True,True,True,gold
lastFM_23464,mbrainz_10953,musicbrainz,lastfm,1.0,True,True,True,gold
lastFM_23465,mbrainz_10954,musicbrainz,lastfm,1.0,True,True,True,gold
lastFM_23471,mbrainz_10956,musicbrainz,lastfm,1.0,True,False,True,gold
lastFM_23489,mbrainz_10963,musicbrainz,lastfm,1.0,True,True,True,gold
lastFM_23497,mbrainz_10968,musicbrainz,lastfm,1.0,True,True,True,gold
lastFM_23498,mbrainz_10969,musicbrainz,lastfm,1.0,True,False,True,gold
lastFM_23532,mbrainz_10983,musicbrainz,lastfm,1.0,True,True,True,gold
lastFM_23532,mbrainz_25955,musicbrainz,lastfm,0.7782161831855774,False,False,True,plm_check_confident_pos
lastFM_23574,mbrainz_8393,musicbrainz,lastfm,0.8274951577186584,False,True,True,agreement
lastFM_23577,mbrainz_10999,musicbrainz,lastfm,0.9729940891265869,False,True,True,agreement
lastFM_23577,mbrainz_13649,musicbrainz,lastfm,0.8419323563575745,False,False,True,plm_check_confident_pos
lastFM_23577,mbrainz_2185,musicbrainz,lastfm,0.9748502969741821,False,False,True,plm_check_confident_pos
lastFM_23577,mbrainz_23401,musicbrainz,lastfm,0.9146245718002319,False,False,True,plm_check_confident_pos
lastFM_23577,mbrainz_3708,musicbrainz,lastfm,0.9753313064575195,False,False,True,plm_check_confident_pos
lastFM_23577,mbrainz_3854,musicbrainz,lastfm,0.716934859752655,False,False,True,plm_check_confident_pos
lastFM_23577,mbrainz_3907,musicbrainz,lastfm,0.8476689457893372,False,False,True,plm_check_confident_pos
lastFM_23577,mbrainz_3933,musicbrainz,lastfm,0.8404021263122559,False,False,True,plm_check_confident_pos
lastFM_2358,mbrainz_1017,musicbrainz,lastfm,0.973684549331665,False,True,True,agreement
lastFM_236,mbrainz_164,musicbrainz,lastfm,1.0,True,True,True,gold
lastFM_23621,mbrainz_10450,musicbrainz,lastfm,0.9750391840934753,False,False,True,plm_check_confident_pos
lastFM_23621,mbrainz_9452,musicbrainz,lastfm,0.8456190824508667,False,False,True,plm_check_confident_pos
lastFM_23632,mbrainz_11022,musicbrainz,lastfm,0.9728536605834961,False,True,True,agreement
lastFM_23652,mbrainz_1074,musicbrainz,lastfm,0.9359697103500366,False,False,True,plm_check_confident_pos
lastFM_23674,mbrainz_11038,musicbrainz,lastfm,1.0,True,True,True,gold
lastFM_23682,mbrainz_11044,musicbrainz,lastfm,1.0,True,True,True,gold
lastFM_23767,mbrainz_11085,musicbrainz,lastfm,1.0,True,True,True,gold
lastFM_23837,mbrainz_11114,musicbrainz,lastfm,1.0,True,True,True,gold
lastFM_23892,mbrainz_10455,musicbrainz,lastfm,0.9436774253845215,False,False,True,plm_check_confident_pos
lastFM_23918,mbrainz_11140,musicbrainz,lastfm,1.0,True,True,True,gold
lastFM_23929,mbrainz_11145,musicbrainz,lastfm,1.0,True,True,True,gold
lastFM_23933,mbrainz_11148,musicbrainz,lastfm,1.0,True,True,True,gold
lastFM_23945,mbrainz_11156,musicbrainz,lastfm,1.0,True,True,True,gold
lastFM_2395,mbrainz_15528,musicbrainz,lastfm,0.7890507578849792,False,False,True,plm_check_confident_pos
lastFM_23958,mbrainz_11164,musicbrainz,lastfm,1.0,True,False,True,gold
lastFM_23962,mbrainz_11165,musicbrainz,lastfm,1.0,True,True,True,gold
lastFM_23972,mbrainz_11172,musicbrainz,lastfm,1.0,True,True,True,gold
lastFM_23989,mbrainz_11178,musicbrainz,lastfm,1.0,True,False,False,gold
lastFM_24,mbrainz_17,musicbrainz,lastfm,1.0,True,False,True,gold
lastFM_24050,mbrainz_11214,musicbrainz,lastfm,1.0,True,True,True,gold
lastFM_24126,mbrainz_11251,musicbrainz,lastfm,1.0,True,False,True,gold
lastFM_24136,mbrainz_11253,musicbrainz,lastfm,1.0,True,True,True,gold
lastFM_24145,mbrainz_11259,musicbrainz,lastfm,1.0,True,True,True,gold
lastFM_24145,mbrainz_89,musicbrainz,lastfm,0.7528756856918335,False,False,True,plm_check_confident_pos
lastFM_24154,mbrainz_11263,musicbrainz,lastfm,1.0,True,False,True,gold
lastFM_24154,mbrainz_11264,musicbrainz,lastfm,0.9552508592605591,False,True,True,agreement
lastFM_24155,mbrainz_11263,musicbrainz,lastfm,0.9687891006469727,False,True,True,agreement
lastFM_24155,mbrainz_11264,musicbrainz,lastfm,1.0,True,False,True,gold
lastFM_24165,mbrainz_11272,musicbrainz,lastfm,0.9732025861740112,False,True,True,agreement
lastFM_24168,mbrainz_11274,musicbrainz,lastfm,0.9726274013519287,False,True,True,agreement
lastFM_24220,mbrainz_11298,musicbrainz,lastfm,1.0,True,True,True,gold
lastFM_2425,mbrainz_1047,musicbrainz,lastfm,1.0,True,True,True,gold
lastFM_24279,mbrainz_11325,musicbrainz,lastfm,1.0,True,False,True,gold
lastFM_24287,mbrainz_11330,musicbrainz,lastfm,1.0,True,True,True,gold
lastFM_24290,mbrainz_11333,musicbrainz,lastfm,1.0,True,True,True,gold
lastFM_24293,mbrainz_28750,musicbrainz,lastfm,0.5577900409698486,False,True,True,agreement
lastFM_24313,mbrainz_11337,musicbrainz,lastfm,1.0,True,True,True,gold
lastFM_24328,mbrainz_11342,musicbrainz,lastfm,1.0,True,True,True,gold
lastFM_2433,mbrainz_1050,musicbrainz,lastfm,1.0,True,True,True,gold
lastFM_24333,mbrainz_11345,musicbrainz,lastfm,1.0,True,True,True,gold
lastFM_24333,mbrainz_25783,musicbrainz,lastfm,0.7209206223487854,False,False,True,plm_check_confident_pos
lastFM_24354,mbrainz_11353,musicbrainz,lastfm,1.0,True,True,True,gold
lastFM_24361,mbrainz_11359,musicbrainz,lastfm,1.0,True,True,True,gold
lastFM_2442,mbrainz_1054,musicbrainz,lastfm,1.0,True,True,True,gold
lastFM_24445,mbrainz_11399,musicbrainz,lastfm,1.0,True,True,True,gold
lastFM_24505,mbrainz_11424,musicbrainz,lastfm,1.0,True,False,True,gold
lastFM_24512,mbrainz_11431,musicbrainz,lastfm,1.0,True,True,True,gold
lastFM_24521,mbrainz_11435,musicbrainz,lastfm,1.0,True,True,True,gold
lastFM_24522,mbrainz_11436,musicbrainz,lastfm,1.0,True,True,True,gold
lastFM_24545,mbrainz_11450,musicbrainz,lastfm,1.0,True,True,True,gold
lastFM_24545,mbrainz_7231,musicbrainz,lastfm,0.9735298752784729,False,False,True,plm_check_confident_pos
lastFM_24551,mbrainz_11453,musicbrainz,lastfm,0.9747359752655029,False,True,True,agreement
lastFM_24564,mbrainz_11460,musicbrainz,lastfm,1.0,True,True,True,gold
lastFM_24575,mbrainz_11467,musicbrainz,lastfm,1.0,True,True,True,gold
lastFM_24580,mbrainz_11469,musicbrainz,lastfm,1.0,True,False,True,gold
lastFM_2459,mbrainz_1061,musicbrainz,lastfm,1.0,True,False,True,gold
lastFM_24595,mbrainz_11478,musicbrainz,lastfm,1.0,True,True,True,gold
lastFM_24600,mbrainz_11479,musicbrainz,lastfm,1.0,True,True,True,gold
lastFM_24609,mbrainz_11483,musicbrainz,lastfm,1.0,True,False,True,gold
lastFM_24612,mbrainz_11485,musicbrainz,lastfm,1.0,True,True,True,gold
lastFM_24675,mbrainz_13187,musicbrainz,lastfm,0.9749837517738342,False,False,True,plm_check_confident_pos
lastFM_24675,mbrainz_13188,musicbrainz,lastfm,0.9565902948379517,False,False,True,plm_check_confident_pos
lastFM_24713,mbrainz_3651,musicbrainz,lastfm,0.9743075966835022,False,False,True,plm_check_confident_pos
lastFM_24718,mbrainz_11534,musicbrainz,lastfm,0.9739190340042114,False,True,True,agreement
lastFM_24723,mbrainz_11537,musicbrainz,lastfm,1.0,True,True,True,gold
lastFM_24736,mbrainz_11543,musicbrainz,lastfm,1.0,True,True,True,gold
lastFM_24745,mbrainz_11545,musicbrainz,lastfm,0.9731378555297852,False,False,True,plm_check_confident_pos
lastFM_24748,mbrainz_11547,musicbrainz,lastfm,1.0,True,False,True,gold
lastFM_2479,mbrainz_1070,musicbrainz,lastfm,1.0,True,True,True,gold
lastFM_24806,mbrainz_11568,musicbrainz,lastfm,1.0,True,True,True,gold
lastFM_24816,mbrainz_11572,musicbrainz,lastfm,1.0,True,False,True,gold
lastFM_24832,mbrainz_11581,musicbrainz,lastfm,1.0,True,True,True,gold
lastFM_24837,mbrainz_11584,musicbrainz,lastfm,1.0,True,True,True,gold
lastFM_2484,mbrainz_1074,musicbrainz,lastfm,1.0,True,True,True,gold
lastFM_24849,mbrainz_11594,musicbrainz,lastfm,1.0,True,True,True,gold
lastFM_24882,mbrainz_11153,musicbrainz,lastfm,0.7811188101768494,False,False,True,plm_check_confident_pos
lastFM_24882,mbrainz_26717,musicbrainz,lastfm,0.7017455101013184,False,False,True,plm_check_confident_pos
lastFM_24882,mbrainz_30169,musicbrainz,lastfm,0.8822591304779053,False,False,True,plm_check_confident_pos
lastFM_24882,mbrainz_31484,musicbrainz,lastfm,0.8961926698684692,False,False,True,plm_check_confident_pos
lastFM_24884,mbrainz_11606,musicbrainz,lastfm,1.0,True,True,True,gold
lastFM_24890,mbrainz_11609,musicbrainz,lastfm,0.9734441041946411,False,True,True,agreement
lastFM_2491,mbrainz_1079,musicbrainz,lastfm,1.0,True,True,True,gold
lastFM_2494,mbrainz_1081,musicbrainz,lastfm,1.0,True,True,True,gold
lastFM_2495,mbrainz_1082,musicbrainz,lastfm,1.0,True,True,True,gold
lastFM_24976,mbrainz_11647,musicbrainz,lastfm,1.0,True,True,True,gold
lastFM_24979,mbrainz_11648,musicbrainz,lastfm,1.0,True,True,True,gold
lastFM_25047,mbrainz_11674,musicbrainz,lastfm,1.0,True,True,True,gold
lastFM_25068,mbrainz_33501,musicbrainz,lastfm,0.7090810537338257,False,False,True,plm_check_confident_pos
lastFM_25088,mbrainz_11696,musicbrainz,lastfm,1.0,True,True,True,gold
lastFM_2518,mbrainz_1093,musicbrainz,lastfm,1.0,True,True,True,gold
lastFM_25180,mbrainz_11728,musicbrainz,lastfm,1.0,True,True,True,gold
lastFM_25183,mbrainz_11730,musicbrainz,lastfm,1.0,True,True,True,gold
lastFM_25221,mbrainz_11748,musicbrainz,lastfm,1.0,True,True,True,gold
lastFM_25239,mbrainz_11752,musicbrainz,lastfm,1.0,True,False,True,gold
lastFM_25279,mbrainz_11773,musicbrainz,lastfm,1.0,True,True,True,gold
lastFM_25281,mbrainz_11775,musicbrainz,lastfm,1.0,True,True,True,gold
lastFM_25284,mbrainz_11777,musicbrainz,lastfm,1.0,True,False,True,gold
lastFM_25306,mbrainz_11785,musicbrainz,lastfm,1.0,True,False,True,gold
lastFM_25306,mbrainz_9799,musicbrainz,lastfm,0.9749108552932739,False,False,True,plm_check_confident_pos
lastFM_25323,mbrainz_11793,musicbrainz,lastfm,1.0,True,True,True,gold
lastFM_25365,mbrainz_11808,musicbrainz,lastfm,1.0,True,False,True,gold
lastFM_25385,mbrainz_11813,musicbrainz,lastfm,1.0,True,False,True,gold
lastFM_25395,mbrainz_11815,musicbrainz,lastfm,1.0,True,True,True,gold
lastFM_2540,mbrainz_1101,musicbrainz,lastfm,1.0,True,True,True,gold
lastFM_25404,mbrainz_11819,musicbrainz,lastfm,1.0,True,True,True,gold
lastFM_25421,mbrainz_11825,musicbrainz,lastfm,1.0,True,True,True,gold
lastFM_25482,mbrainz_11846,musicbrainz,lastfm,1.0,True,True,True,gold
lastFM_25486,mbrainz_11847,musicbrainz,lastfm,1.0,True,True,True,gold
lastFM_25494,mbrainz_11852,musicbrainz,lastfm,1.0,True,True,True,gold
lastFM_25508,mbrainz_11858,musicbrainz,lastfm,1.0,True,True,True,gold
lastFM_25536,mbrainz_11872,musicbrainz,lastfm,1.0,True,True,True,gold
lastFM_25549,mbrainz_11878,musicbrainz,lastfm,1.0,True,True,True,gold
lastFM_2555,mbrainz_1109,musicbrainz,lastfm,1.0,True,True,True,gold
lastFM_25564,mbrainz_11888,musicbrainz,lastfm,1.0,True,True,True,gold
lastFM_25571,mbrainz_11890,musicbrainz,lastfm,1.0,True,True,True,gold
lastFM_25573,mbrainz_11891,musicbrainz,lastfm,1.0,True,True,True,gold
lastFM_25585,mbrainz_11897,musicbrainz,lastfm,1.0,True,True,True,gold
lastFM_256,mbrainz_166,musicbrainz,lastfm,0.9728010892868042,False,False,True,plm_check_confident_pos
lastFM_25600,mbrainz_11900,musicbrainz,lastfm,1.0,True,True,True,gold
lastFM_2562,mbrainz_1113,musicbrainz,lastfm,1.0,True,True,True,gold
lastFM_25621,mbrainz_11909,musicbrainz,lastfm,1.0,True,True,True,gold
lastFM_25660,mbrainz_28247,musicbrainz,lastfm,0.515069305896759,False,True,True,agreement
lastFM_25667,mbrainz_11928,musicbrainz,lastfm,1.0,True,False,True,gold
lastFM_25667,mbrainz_12215,musicbrainz,lastfm,0.7696901559829712,False,False,True,plm_check_confident_pos
lastFM_25668,mbrainz_11929,musicbrainz,lastfm,1.0,True,True,True,gold
lastFM_25678,mbrainz_11931,musicbrainz,lastfm,1.0,True,True,True,gold
lastFM_25732,mbrainz_13188,musicbrainz,lastfm,0.9739571213722229,False,False,True,plm_check_confident_pos
lastFM_2576,mbrainz_1119,musicbrainz,lastfm,1.0,True,True,True,gold
lastFM_25766,mbrainz_11974,musicbrainz,lastfm,0.9723981022834778,False,True,True,agreement
lastFM_25774,mbrainz_11979,musicbrainz,lastfm,1.0,True,True,True,gold
lastFM_25781,mbrainz_11982,musicbrainz,lastfm,1.0,True,True,True,gold
lastFM_25796,mbrainz_11986,musicbrainz,lastfm,1.0,True,True,True,gold
lastFM_25796,mbrainz_30862,musicbrainz,lastfm,0.731648325920105,False,False,True,plm_check_confident_pos
lastFM_25803,mbrainz_11989,musicbrainz,lastfm,1.0,True,True,True,gold
lastFM_25855,mbrainz_12009,musicbrainz,lastfm,1.0,True,False,True,gold
lastFM_2589,mbrainz_1128,musicbrainz,lastfm,1.0,True,True,True,gold
lastFM_25920,mbrainz_12035,musicbrainz,lastfm,1.0,True,True,True,gold
lastFM_25920,mbrainz_16310,musicbrainz,lastfm,0.7655620574951172,False,False,True,plm_check_confident_pos
lastFM_25937,mbrainz_12041,musicbrainz,lastfm,1.0,True,True,True,gold
lastFM_25937,mbrainz_12174,musicbrainz,lastfm,0.8528227210044861,False,False,True,plm_check_confident_pos
lastFM_25937,mbrainz_12566,musicbrainz,lastfm,0.9655990600585938,False,False,True,plm_check_confident_pos
lastFM_25937,mbrainz_20354,musicbrainz,lastfm,0.7435052990913391,False,False,True,plm_check_confident_pos
lastFM_25937,mbrainz_26383,musicbrainz,lastfm,0.8617957830429077,False,False,True,plm_check_confident_pos
lastFM_25937,mbrainz_30379,musicbrainz,lastfm,0.9491069912910461,False,False,True,plm_check_confident_pos
lastFM_25937,mbrainz_7812,musicbrainz,lastfm,0.9549189805984497,False,False,True,plm_check_confident_pos
lastFM_25938,mbrainz_12042,musicbrainz,lastfm,1.0,True,True,True,gold
lastFM_25962,mbrainz_12051,musicbrainz,lastfm,1.0,True,True,True,gold
lastFM_25984,mbrainz_12065,musicbrainz,lastfm,1.0,True,True,True,gold
lastFM_25990,mbrainz_22462,musicbrainz,lastfm,1.0,True,False,True,gold
lastFM_25990,mbrainz_9446,musicbrainz,lastfm,0.9750136733055115,False,True,True,agreement
lastFM_25991,mbrainz_12068,musicbrainz,lastfm,1.0,True,True,True,gold
lastFM_25997,mbrainz_12072,musicbrainz,lastfm,1.0,True,False,True,gold
lastFM_26050,mbrainz_12092,musicbrainz,lastfm,1.0,True,False,True,gold
lastFM_26062,mbrainz_12097,musicbrainz,lastfm,0.9737236499786377,False,True,True,agreement
lastFM_26063,mbrainz_12098,musicbrainz,lastfm,1.0,True,True,True,gold
lastFM_26094,mbrainz_12106,musicbrainz,lastfm,1.0,True,True,True,gold
lastFM_26120,mbrainz_12120,musicbrainz,lastfm,1.0,True,False,True,gold
lastFM_26120,mbrainz_24793,musicbrainz,lastfm,0.7084924578666687,False,False,True,plm_check_confident_pos
lastFM_26183,mbrainz_12155,musicbrainz,lastfm,1.0,True,True,True,gold
lastFM_26204,mbrainz_12166,musicbrainz,lastfm,1.0,True,True,True,gold
lastFM_26212,mbrainz_12169,musicbrainz,lastfm,1.0,True,True,True,gold
lastFM_26213,mbrainz_12170,musicbrainz,lastfm,1.0,True,True,True,gold
lastFM_26220,mbrainz_12174,musicbrainz,lastfm,1.0,True,True,True,gold
lastFM_26233,mbrainz_12182,musicbrainz,lastfm,1.0,True,True,True,gold
lastFM_26302,mbrainz_12215,musicbrainz,lastfm,0.9727881550788879,False,True,True,agreement
lastFM_26303,mbrainz_12216,musicbrainz,lastfm,1.0,True,True,True,gold
lastFM_26304,mbrainz_12217,musicbrainz,lastfm,1.0,True,True,True,gold
lastFM_26310,mbrainz_12219,musicbrainz,lastfm,1.0,True,True,True,gold
lastFM_26314,mbrainz_12221,musicbrainz,lastfm,1.0,True,True,True,gold
lastFM_26323,mbrainz_12226,musicbrainz,lastfm,1.0,True,True,True,gold
lastFM_26323,mbrainz_9521,musicbrainz,lastfm,0.805432140827179,False,False,True,plm_check_confident_pos
lastFM_26329,mbrainz_12230,musicbrainz,lastfm,1.0,True,False,True,gold
lastFM_26335,mbrainz_12233,musicbrainz,lastfm,1.0,True,False,True,gold
lastFM_26362,mbrainz_12240,musicbrainz,lastfm,1.0,True,True,True,gold
lastFM_2639,mbrainz_1145,musicbrainz,lastfm,1.0,True,False,True,gold
lastFM_2639,mbrainz_3635,musicbrainz,lastfm,0.8856328129768372,False,False,True,plm_check_confident_pos
lastFM_26390,mbrainz_12254,musicbrainz,lastfm,1.0,True,True,True,gold
lastFM_26425,mbrainz_12272,musicbrainz,lastfm,1.0,True,True,True,gold
lastFM_26446,mbrainz_12285,musicbrainz,lastfm,1.0,True,True,True,gold
lastFM_26453,mbrainz_12290,musicbrainz,lastfm,1.0,True,True,True,gold
lastFM_2646,mbrainz_1148,musicbrainz,lastfm,0.9733551144599915,False,True,True,agreement
lastFM_26460,mbrainz_16705,musicbrainz,lastfm,0.9239856600761414,False,False,True,plm_check_confident_pos
lastFM_26460,mbrainz_20929,musicbrainz,lastfm,0.8277884125709534,False,False,True,plm_check_confident_pos
lastFM_26460,mbrainz_8147,musicbrainz,lastfm,0.9249792098999023,False,False,True,plm_check_confident_pos
lastFM_26470,mbrainz_12297,musicbrainz,lastfm,1.0,True,True,True,gold
lastFM_26483,mbrainz_12301,musicbrainz,lastfm,1.0,True,True,True,gold
lastFM_26487,mbrainz_12303,musicbrainz,lastfm,1.0,True,True,True,gold
lastFM_26501,mbrainz_12309,musicbrainz,lastfm,1.0,True,True,True,gold
lastFM_26566,mbrainz_12333,musicbrainz,lastfm,1.0,True,True,True,gold
lastFM_26572,mbrainz_12337,musicbrainz,lastfm,1.0,True,True,True,gold
lastFM_2659,mbrainz_1153,musicbrainz,lastfm,1.0,True,True,True,gold
lastFM_26621,mbrainz_12354,musicbrainz,lastfm,1.0,True,True,True,gold
lastFM_26628,mbrainz_12359,musicbrainz,lastfm,0.9728642702102661,False,True,True,agreement
lastFM_26651,mbrainz_12373,musicbrainz,lastfm,1.0,True,True,True,gold
lastFM_26660,mbrainz_12375,musicbrainz,lastfm,1.0,True,False,True,gold
lastFM_2667,mbrainz_1158,musicbrainz,lastfm,1.0,True,True,True,gold
lastFM_26700,mbrainz_12389,musicbrainz,lastfm,1.0,True,True,True,gold
lastFM_26709,mbrainz_12395,musicbrainz,lastfm,1.0,True,False,True,gold
lastFM_26717,mbrainz_12400,musicbrainz,lastfm,1.0,True,False,True,gold
lastFM_26747,mbrainz_12416,musicbrainz,lastfm,1.0,True,True,True,gold
lastFM_26758,mbrainz_12423,musicbrainz,lastfm,1.0,True,True,True,gold
lastFM_2679,mbrainz_1163,musicbrainz,lastfm,1.0,True,True,True,gold
lastFM_26792,mbrainz_12436,musicbrainz,lastfm,1.0,True,True,True,gold
lastFM_26807,mbrainz_12443,musicbrainz,lastfm,1.0,True,True,True,gold
lastFM_26814,mbrainz_12446,musicbrainz,lastfm,1.0,True,True,True,gold
lastFM_26814,mbrainz_19346,musicbrainz,lastfm,0.7043144106864929,False,False,True,plm_check_confident_pos
lastFM_26873,mbrainz_12478,musicbrainz,lastfm,1.0,True,True,True,gold
lastFM_26891,mbrainz_12487,musicbrainz,lastfm,1.0,True,True,True,gold
lastFM_2690,mbrainz_1164,musicbrainz,lastfm,1.0,True,True,True,gold
lastFM_2692,mbrainz_10808,musicbrainz,lastfm,0.7730432152748108,False,False,True,plm_check_confident_pos
lastFM_2692,mbrainz_1165,musicbrainz,lastfm,1.0,True,True,True,gold
lastFM_26923,mbrainz_12505,musicbrainz,lastfm,1.0,True,True,True,gold
lastFM_26947,mbrainz_12513,musicbrainz,lastfm,1.0,True,True,True,gold
lastFM_2696,mbrainz_1166,musicbrainz,lastfm,1.0,True,True,True,gold
lastFM_26978,mbrainz_12528,musicbrainz,lastfm,0.8015415072441101,False,True,True,agreement
lastFM_27,mbrainz_19,musicbrainz,lastfm,1.0,True,True,True,gold
lastFM_27011,mbrainz_12525,musicbrainz,lastfm,0.8426960110664368,False,False,True,plm_check_confident_pos
lastFM_27032,mbrainz_12553,musicbrainz,lastfm,1.0,True,True,True,gold
lastFM_2704,mbrainz_1169,musicbrainz,lastfm,1.0,True,True,True,gold
lastFM_27044,mbrainz_12555,musicbrainz,lastfm,1.0,True,True,True,gold
lastFM_27044,mbrainz_5801,musicbrainz,lastfm,0.9426353573799133,False,False,True,plm_check_confident_pos
lastFM_2706,mbrainz_1170,musicbrainz,lastfm,1.0,True,True,True,gold
lastFM_27070,mbrainz_12566,musicbrainz,lastfm,1.0,True,True,True,gold
lastFM_27070,mbrainz_7812,musicbrainz,lastfm,0.865661084651947,False,False,True,plm_check_confident_pos
lastFM_27092,mbrainz_12578,musicbrainz,lastfm,1.0,True,True,True,gold
lastFM_2711,mbrainz_1172,musicbrainz,lastfm,1.0,True,True,True,gold
lastFM_27153,mbrainz_12601,musicbrainz,lastfm,1.0,True,True,True,gold
lastFM_27189,mbrainz_12620,musicbrainz,lastfm,1.0,True,True,True,gold
lastFM_27214,mbrainz_12631,musicbrainz,lastfm,1.0,True,False,True,gold
lastFM_27227,mbrainz_12640,musicbrainz,lastfm,1.0,True,True,True,gold
lastFM_27234,mbrainz_12642,musicbrainz,lastfm,1.0,True,True,True,gold
lastFM_27257,mbrainz_2180,musicbrainz,lastfm,0.9677175283432007,False,False,True,plm_check_confident_pos
lastFM_27273,mbrainz_12653,musicbrainz,lastfm,1.0,True,True,True,gold
lastFM_2728,mbrainz_1181,musicbrainz,lastfm,1.0,True,True,True,gold
lastFM_27285,mbrainz_12656,musicbrainz,lastfm,1.0,True,True,True,gold
lastFM_27288,mbrainz_12659,musicbrainz,lastfm,1.0,True,True,True,gold
lastFM_273,mbrainz_172,musicbrainz,lastfm,1.0,True,True,True,gold
lastFM_27329,mbrainz_12678,musicbrainz,lastfm,1.0,True,True,True,gold
lastFM_27337,mbrainz_2482,musicbrainz,lastfm,0.9731453061103821,False,True,True,agreement
lastFM_2739,mbrainz_1186,musicbrainz,lastfm,1.0,True,True,True,gold
lastFM_27391,mbrainz_12711,musicbrainz,lastfm,1.0,True,True,True,gold
lastFM_27396,mbrainz_12715,musicbrainz,lastfm,1.0,True,True,True,gold
lastFM_27405,mbrainz_12720,musicbrainz,lastfm,1.0,True,True,True,gold
lastFM_2742,mbrainz_1188,musicbrainz,lastfm,1.0,True,False,True,gold
lastFM_27434,mbrainz_12740,musicbrainz,lastfm,1.0,True,True,True,gold
lastFM_27440,mbrainz_12743,musicbrainz,lastfm,1.0,True,True,True,gold
lastFM_27447,mbrainz_12746,musicbrainz,lastfm,1.0,True,True,True,gold
lastFM_27459,mbrainz_12751,musicbrainz,lastfm,1.0,True,True,True,gold
lastFM_27482,mbrainz_12763,musicbrainz,lastfm,1.0,True,True,True,gold
lastFM_27490,mbrainz_12766,musicbrainz,lastfm,1.0,True,True,True,gold
lastFM_2752,mbrainz_1192,musicbrainz,lastfm,0.9728351831436157,False,True,True,agreement
lastFM_27526,mbrainz_12781,musicbrainz,lastfm,1.0,True,True,True,gold
lastFM_27544,mbrainz_12791,musicbrainz,lastfm,1.0,True,False,True,gold
lastFM_27551,mbrainz_12797,musicbrainz,lastfm,1.0,True,True,True,gold
lastFM_2757,mbrainz_1194,musicbrainz,lastfm,1.0,True,True,True,gold
lastFM_27616,mbrainz_12822,musicbrainz,lastfm,1.0,True,True,True,gold
lastFM_2762,mbrainz_1196,musicbrainz,lastfm,1.0,True,True,True,gold
lastFM_2763,mbrainz_330,musicbrainz,lastfm,0.9730367064476013,False,True,True,agreement
lastFM_27631,mbrainz_29885,musicbrainz,lastfm,0.9753884673118591,False,False,True,plm_check_confident_pos
lastFM_27641,mbrainz_2688,musicbrainz,lastfm,0.9747282862663269,False,False,True,plm_check_confident_pos
lastFM_27646,mbrainz_12833,musicbrainz,lastfm,1.0,True,True,True,gold
lastFM_27675,mbrainz_12847,musicbrainz,lastfm,1.0,True,True,True,gold
lastFM_2768,mbrainz_1200,musicbrainz,lastfm,1.0,True,True,True,gold
lastFM_277,mbrainz_174,musicbrainz,lastfm,1.0,True,False,True,gold
lastFM_27718,mbrainz_10145,musicbrainz,lastfm,0.5624301433563232,False,True,True,agreement
lastFM_27718,mbrainz_12865,musicbrainz,lastfm,1.0,True,False,True,gold
lastFM_27735,mbrainz_12873,musicbrainz,lastfm,1.0,True,True,True,gold
lastFM_27749,mbrainz_12884,musicbrainz,lastfm,1.0,True,True,True,gold
lastFM_27756,mbrainz_2611,musicbrainz,lastfm,0.9738875031471252,False,True,True,agreement
lastFM_27777,mbrainz_12894,musicbrainz,lastfm,1.0,True,True,True,gold
lastFM_27779,mbrainz_12895,musicbrainz,lastfm,1.0,True,False,True,gold
lastFM_27790,mbrainz_12899,musicbrainz,lastfm,1.0,True,True,True,gold
lastFM_278,mbrainz_175,musicbrainz,lastfm,0.9745495915412903,False,True,True,agreement
lastFM_2780,mbrainz_1203,musicbrainz,lastfm,1.0,True,False,True,gold
lastFM_27819,mbrainz_12913,musicbrainz,lastfm,1.0,True,True,True,gold
lastFM_27820,mbrainz_12914,musicbrainz,lastfm,1.0,True,True,True,gold
lastFM_27820,mbrainz_23596,musicbrainz,lastfm,0.8957694172859192,False,False,True,plm_check_confident_pos
lastFM_27823,mbrainz_12916,musicbrainz,lastfm,1.0,True,True,True,gold
lastFM_27846,mbrainz_12926,musicbrainz,lastfm,1.0,True,True,True,gold
lastFM_27848,mbrainz_12928,musicbrainz,lastfm,1.0,True,True,True,gold
lastFM_27859,mbrainz_12930,musicbrainz,lastfm,1.0,True,False,True,gold
lastFM_2789,mbrainz_1209,musicbrainz,lastfm,1.0,True,True,True,gold
lastFM_27894,mbrainz_12939,musicbrainz,lastfm,1.0,True,True,True,gold
lastFM_27896,mbrainz_12940,musicbrainz,lastfm,1.0,True,True,True,gold
lastFM_27898,mbrainz_12941,musicbrainz,lastfm,1.0,True,False,True,gold
lastFM_27905,mbrainz_12946,musicbrainz,lastfm,1.0,True,False,True,gold
lastFM_27930,mbrainz_12956,musicbrainz,lastfm,1.0,True,True,True,gold
lastFM_27941,mbrainz_12962,musicbrainz,lastfm,1.0,True,True,True,gold
lastFM_27952,mbrainz_12967,musicbrainz,lastfm,1.0,True,True,True,gold
lastFM_27963,mbrainz_12973,musicbrainz,lastfm,0.974090039730072,False,False,True,plm_check_confident_pos
lastFM_27969,mbrainz_12977,musicbrainz,lastfm,1.0,True,True,True,gold
lastFM_27971,mbrainz_12979,musicbrainz,lastfm,1.0,True,True,True,gold
lastFM_27999,mbrainz_12895,musicbrainz,lastfm,0.9744774699211121,False,True,True,agreement
lastFM_28,mbrainz_20,musicbrainz,lastfm,1.0,True,True,True,gold
lastFM_28024,mbrainz_12997,musicbrainz,lastfm,1.0,True,True,True,gold
lastFM_28032,mbrainz_13002,musicbrainz,lastfm,1.0,True,True,True,gold
lastFM_2804,mbrainz_1215,musicbrainz,lastfm,0.9731623530387878,False,True,True,agreement
lastFM_2810,mbrainz_1115,musicbrainz,lastfm,0.9664649963378906,False,False,True,plm_check_confident_pos
lastFM_28166,mbrainz_13053,musicbrainz,lastfm,1.0,True,True,True,gold
lastFM_28179,mbrainz_13060,musicbrainz,lastfm,0.9740394353866577,False,False,True,plm_check_confident_pos
lastFM_28190,mbrainz_13066,musicbrainz,lastfm,1.0,True,False,True,gold
lastFM_282,mbrainz_176,musicbrainz,lastfm,1.0,True,True,True,gold
lastFM_28214,mbrainz_13074,musicbrainz,lastfm,1.0,True,True,True,gold
lastFM_28223,mbrainz_13079,musicbrainz,lastfm,1.0,True,True,True,gold
lastFM_28226,mbrainz_13081,musicbrainz,lastfm,1.0,True,True,True,gold
lastFM_28235,mbrainz_13085,musicbrainz,lastfm,1.0,True,True,True,gold
lastFM_28250,mbrainz_13094,musicbrainz,lastfm,1.0,True,True,True,gold
lastFM_28250,mbrainz_1832,musicbrainz,lastfm,0.8667985200881958,False,False,True,plm_check_confident_pos
lastFM_28260,mbrainz_13100,musicbrainz,lastfm,1.0,True,False,True,gold
lastFM_28266,mbrainz_13101,musicbrainz,lastfm,1.0,True,True,True,gold
lastFM_28268,mbrainz_13103,musicbrainz,lastfm,1.0,True,True,True,gold
lastFM_28273,mbrainz_13106,musicbrainz,lastfm,1.0,True,False,True,gold
lastFM_28303,mbrainz_13120,musicbrainz,lastfm,1.0,True,True,True,gold
lastFM_28322,mbrainz_13133,musicbrainz,lastfm,1.0,True,True,True,gold
lastFM_28326,mbrainz_20668,musicbrainz,lastfm,0.8451877236366272,False,False,True,plm_check_confident_pos
lastFM_28351,mbrainz_13146,musicbrainz,lastfm,1.0,True,True,True,gold
lastFM_28361,mbrainz_13149,musicbrainz,lastfm,1.0,True,True,True,gold
lastFM_28381,mbrainz_13155,musicbrainz,lastfm,1.0,True,False,True,gold
lastFM_28427,mbrainz_330,musicbrainz,lastfm,0.9728188514709473,False,False,True,plm_check_confident_pos
lastFM_28461,mbrainz_13194,musicbrainz,lastfm,1.0,True,True,True,gold
lastFM_28474,mbrainz_13200,musicbrainz,lastfm,1.0,True,True,True,gold
lastFM_28498,mbrainz_13212,musicbrainz,lastfm,1.0,True,False,True,gold
lastFM_28531,mbrainz_13229,musicbrainz,lastfm,1.0,True,True,True,gold
lastFM_28537,mbrainz_13231,musicbrainz,lastfm,1.0,True,False,True,gold
lastFM_28548,mbrainz_13236,musicbrainz,lastfm,1.0,True,True,True,gold
lastFM_28562,mbrainz_13238,musicbrainz,lastfm,1.0,True,True,True,gold
lastFM_28569,mbrainz_13242,musicbrainz,lastfm,1.0,True,False,True,gold
lastFM_2857,mbrainz_1238,musicbrainz,lastfm,1.0,True,False,True,gold
lastFM_28594,mbrainz_13252,musicbrainz,lastfm,0.9746578335762024,False,True,True,agreement
lastFM_28598,mbrainz_13253,musicbrainz,lastfm,1.0,True,True,True,gold
lastFM_28610,mbrainz_13257,musicbrainz,lastfm,1.0,True,True,True,gold
lastFM_2863,mbrainz_1240,musicbrainz,lastfm,1.0,True,True,True,gold
lastFM_2866,mbrainz_1241,musicbrainz,lastfm,1.0,True,True,True,gold
lastFM_28703,mbrainz_13295,musicbrainz,lastfm,1.0,True,True,True,gold
lastFM_28743,mbrainz_13309,musicbrainz,lastfm,1.0,True,False,True,gold
lastFM_28757,mbrainz_13316,musicbrainz,lastfm,1.0,True,True,True,gold
lastFM_28771,mbrainz_31188,musicbrainz,lastfm,0.8898811340332031,False,True,True,agreement
lastFM_28772,mbrainz_13323,musicbrainz,lastfm,1.0,True,True,True,gold
lastFM_28782,mbrainz_13326,musicbrainz,lastfm,1.0,True,False,True,gold
lastFM_28795,mbrainz_13330,musicbrainz,lastfm,1.0,True,True,True,gold
lastFM_28822,mbrainz_13341,musicbrainz,lastfm,1.0,True,True,True,gold
lastFM_28837,mbrainz_13347,musicbrainz,lastfm,1.0,True,True,True,gold
lastFM_28865,mbrainz_13357,musicbrainz,lastfm,1.0,True,True,True,gold
lastFM_28886,mbrainz_13364,musicbrainz,lastfm,1.0,True,True,True,gold
lastFM_28889,mbrainz_13366,musicbrainz,lastfm,1.0,True,True,True,gold
lastFM_28910,mbrainz_13374,musicbrainz,lastfm,1.0,True,True,True,gold
lastFM_28921,mbrainz_13381,musicbrainz,lastfm,1.0,True,True,True,gold
lastFM_28926,mbrainz_13383,musicbrainz,lastfm,1.0,True,True,True,gold
lastFM_28992,mbrainz_1,musicbrainz,lastfm,0.9526155591011047,False,False,True,plm_check_confident_pos
lastFM_28997,mbrainz_13416,musicbrainz,lastfm,1.0,True,False,True,gold
lastFM_290,mbrainz_179,musicbrainz,lastfm,0.9703706502914429,False,False,True,plm_check_confident_pos
lastFM_290,mbrainz_180,musicbrainz,lastfm,1.0,True,True,True,gold
lastFM_29038,mbrainz_13427,musicbrainz,lastfm,1.0,True,True,True,gold
lastFM_29061,mbrainz_13437,musicbrainz,lastfm,1.0,True,False,True,gold
lastFM_29069,mbrainz_13441,musicbrainz,lastfm,1.0,True,True,True,gold
lastFM_2907,mbrainz_1260,musicbrainz,lastfm,1.0,True,True,True,gold
lastFM_29071,mbrainz_13443,musicbrainz,lastfm,1.0,True,True,True,gold
lastFM_29097,mbrainz_31775,musicbrainz,lastfm,1.0,True,True,True,gold
lastFM_29101,mbrainz_13457,musicbrainz,lastfm,0.9728326201438904,False,True,True,agreement
lastFM_29102,mbrainz_13458,musicbrainz,lastfm,1.0,True,True,True,gold
lastFM_29102,mbrainz_18327,musicbrainz,lastfm,0.9090186953544617,False,False,True,plm_check_confident_pos
lastFM_29102,mbrainz_20391,musicbrainz,lastfm,0.8577110767364502,False,False,True,plm_check_confident_pos
lastFM_29112,mbrainz_13464,musicbrainz,lastfm,1.0,True,True,True,gold
lastFM_29139,mbrainz_13474,musicbrainz,lastfm,1.0,True,True,True,gold
lastFM_29171,mbrainz_13486,musicbrainz,lastfm,0.9728397130966187,False,True,True,agreement
lastFM_29183,mbrainz_13493,musicbrainz,lastfm,1.0,True,True,True,gold
lastFM_29186,mbrainz_13495,musicbrainz,lastfm,1.0,True,True,True,gold
lastFM_29202,mbrainz_13416,musicbrainz,lastfm,0.9490517973899841,False,False,True,plm_check_confident_pos
lastFM_29209,mbrainz_13502,musicbrainz,lastfm,0.9727141261100769,False,True,True,agreement
lastFM_2922,mbrainz_1263,musicbrainz,lastfm,1.0,True,True,True,gold
lastFM_29220,mbrainz_13507,musicbrainz,lastfm,1.0,True,True,True,gold
lastFM_29239,mbrainz_13515,musicbrainz,lastfm,1.0,True,True,True,gold
lastFM_2925,mbrainz_1265,musicbrainz,lastfm,1.0,True,False,True,gold
lastFM_29263,mbrainz_2554,musicbrainz,lastfm,0.7602283954620361,False,False,True,plm_check_confident_pos
lastFM_29267,mbrainz_13524,musicbrainz,lastfm,1.0,True,True,True,gold
lastFM_2927,mbrainz_1267,musicbrainz,lastfm,1.0,True,True,True,gold
lastFM_29279,mbrainz_13530,musicbrainz,lastfm,1.0,True,True,True,gold
lastFM_29297,mbrainz_9062,musicbrainz,lastfm,0.7172114849090576,False,False,True,plm_check_confident_pos
lastFM_29341,mbrainz_13554,musicbrainz,lastfm,1.0,True,False,True,gold
lastFM_29351,mbrainz_13557,musicbrainz,lastfm,1.0,True,True,True,gold
lastFM_29353,mbrainz_13558,musicbrainz,lastfm,1.0,True,True,True,gold
lastFM_29413,mbrainz_23557,musicbrainz,lastfm,0.9575962424278259,False,True,True,agreement
lastFM_29424,mbrainz_13586,musicbrainz,lastfm,1.0,True,True,True,gold
lastFM_29433,mbrainz_13590,musicbrainz,lastfm,1.0,True,True,True,gold
lastFM_2944,mbrainz_1270,musicbrainz,lastfm,1.0,True,True,True,gold
lastFM_29442,mbrainz_13594,musicbrainz,lastfm,1.0,True,True,True,gold
lastFM_29443,mbrainz_13595,musicbrainz,lastfm,0.9731611013412476,False,True,True,agreement
lastFM_2946,mbrainz_1271,musicbrainz,lastfm,1.0,True,True,True,gold
lastFM_29498,mbrainz_13614,musicbrainz,lastfm,0.9729151725769043,False,True,True,agreement
lastFM_29507,mbrainz_13618,musicbrainz,lastfm,1.0,True,True,True,gold
lastFM_29516,mbrainz_13623,musicbrainz,lastfm,1.0,True,False,True,gold
lastFM_29535,mbrainz_13627,musicbrainz,lastfm,1.0,True,True,True,gold
lastFM_29545,mbrainz_13636,musicbrainz,lastfm,1.0,True,True,True,gold
lastFM_29545,mbrainz_21551,musicbrainz,lastfm,0.747947633266449,False,False,True,plm_check_confident_pos
lastFM_29572,mbrainz_13642,musicbrainz,lastfm,1.0,True,True,True,gold
lastFM_29580,mbrainz_13645,musicbrainz,lastfm,0.9739428758621216,False,True,True,agreement
lastFM_29580,mbrainz_13896,musicbrainz,lastfm,0.8061568737030029,False,False,True,plm_check_confident_pos
lastFM_29584,mbrainz_13647,musicbrainz,lastfm,1.0,True,True,True,gold
lastFM_29584,mbrainz_21551,musicbrainz,lastfm,0.7299039363861084,False,False,True,plm_check_confident_pos
lastFM_29589,mbrainz_13649,musicbrainz,lastfm,1.0,True,False,True,gold
lastFM_29589,mbrainz_3708,musicbrainz,lastfm,0.8589552044868469,False,False,True,plm_check_confident_pos
lastFM_29593,mbrainz_13652,musicbrainz,lastfm,1.0,True,True,True,gold
lastFM_29610,mbrainz_13662,musicbrainz,lastfm,1.0,True,True,True,gold
lastFM_29616,mbrainz_13665,musicbrainz,lastfm,1.0,True,False,True,gold
lastFM_29644,mbrainz_13677,musicbrainz,lastfm,1.0,True,True,True,gold
lastFM_29669,mbrainz_13688,musicbrainz,lastfm,0.9744493961334229,False,True,True,agreement
lastFM_29672,mbrainz_13689,musicbrainz,lastfm,1.0,True,True,True,gold
lastFM_29687,mbrainz_13699,musicbrainz,lastfm,1.0,True,True,True,gold
lastFM_29702,mbrainz_13703,musicbrainz,lastfm,1.0,True,True,True,gold
lastFM_2972,mbrainz_1284,musicbrainz,lastfm,1.0,True,True,True,gold
lastFM_29738,mbrainz_13717,musicbrainz,lastfm,1.0,True,True,True,gold
lastFM_29755,mbrainz_13725,musicbrainz,lastfm,1.0,True,True,True,gold
lastFM_2978,mbrainz_1286,musicbrainz,lastfm,1.0,True,True,True,gold
lastFM_29833,mbrainz_13760,musicbrainz,lastfm,1.0,True,True,True,gold
lastFM_29861,mbrainz_13786,musicbrainz,lastfm,0.9754299521446228,False,True,True,agreement
lastFM_29901,mbrainz_13786,musicbrainz,lastfm,1.0,True,False,True,gold
lastFM_29901,mbrainz_7308,musicbrainz,lastfm,0.8040760159492493,False,False,True,plm_check_confident_pos
lastFM_2994,mbrainz_1293,musicbrainz,lastfm,0.9727475047111511,False,True,True,agreement
lastFM_29942,mbrainz_13804,musicbrainz,lastfm,1.0,True,True,True,gold
lastFM_29977,mbrainz_13820,musicbrainz,lastfm,1.0,True,True,True,gold
lastFM_2999,mbrainz_1296,musicbrainz,lastfm,0.973207414150238,False,True,True,agreement
lastFM_30,mbrainz_21,musicbrainz,lastfm,1.0,True,True,True,gold
lastFM_3000,mbrainz_1297,musicbrainz,lastfm,1.0,True,False,True,gold
lastFM_3000,mbrainz_16736,musicbrainz,lastfm,0.9404820203781128,False,False,True,plm_check_confident_pos
lastFM_30022,mbrainz_13836,musicbrainz,lastfm,1.0,True,True,True,gold
lastFM_30023,mbrainz_13837,musicbrainz,lastfm,1.0,True,True,True,gold
lastFM_30070,mbrainz_13861,musicbrainz,lastfm,1.0,True,False,True,gold
lastFM_3008,mbrainz_1300,musicbrainz,lastfm,1.0,True,True,True,gold
lastFM_30080,mbrainz_13866,musicbrainz,lastfm,1.0,True,True,True,gold
lastFM_3010,mbrainz_1301,musicbrainz,lastfm,1.0,True,True,True,gold
lastFM_3011,mbrainz_23807,musicbrainz,lastfm,0.7088010907173157,False,False,True,plm_check_confident_pos
lastFM_30110,mbrainz_13876,musicbrainz,lastfm,1.0,True,True,True,gold
lastFM_30133,mbrainz_13883,musicbrainz,lastfm,1.0,True,True,True,gold
lastFM_30167,mbrainz_13895,musicbrainz,lastfm,1.0,True,True,True,gold
lastFM_30168,mbrainz_13896,musicbrainz,lastfm,1.0,True,False,True,gold
lastFM_3023,mbrainz_3445,musicbrainz,lastfm,0.7355390787124634,False,False,True,plm_check_confident_pos
lastFM_30230,mbrainz_3883,musicbrainz,lastfm,0.7214497327804565,False,False,True,plm_check_confident_pos
lastFM_30243,mbrainz_13925,musicbrainz,lastfm,1.0,True,True,True,gold
lastFM_30275,mbrainz_13939,musicbrainz,lastfm,1.0,True,True,True,gold
lastFM_30289,mbrainz_13945,musicbrainz,lastfm,1.0,True,True,True,gold
lastFM_3030,mbrainz_1305,musicbrainz,lastfm,1.0,True,True,True,gold
lastFM_3030,mbrainz_1589,musicbrainz,lastfm,0.7637630105018616,False,False,True,plm_check_confident_pos
lastFM_30301,mbrainz_13952,musicbrainz,lastfm,1.0,True,True,True,gold
lastFM_30319,mbrainz_10944,musicbrainz,lastfm,0.9233195185661316,False,False,True,plm_check_confident_pos
lastFM_30319,mbrainz_12374,musicbrainz,lastfm,0.8716171979904175,False,False,True,plm_check_confident_pos
lastFM_30319,mbrainz_13255,musicbrainz,lastfm,0.9752941131591797,False,False,True,plm_check_confident_pos
lastFM_30319,mbrainz_13703,musicbrainz,lastfm,0.7598755359649658,False,False,True,plm_check_confident_pos
lastFM_30319,mbrainz_13961,musicbrainz,lastfm,1.0,True,True,True,gold
lastFM_30319,mbrainz_9373,musicbrainz,lastfm,0.7741303443908691,False,False,True,plm_check_confident_pos
lastFM_30336,mbrainz_13968,musicbrainz,lastfm,1.0,True,True,True,gold
lastFM_3037,mbrainz_1308,musicbrainz,lastfm,0.9736242294311523,False,False,True,plm_check_confident_pos
lastFM_30378,mbrainz_13986,musicbrainz,lastfm,0.9750060439109802,False,True,True,agreement
lastFM_30415,mbrainz_14002,musicbrainz,lastfm,1.0,True,True,True,gold
lastFM_30428,mbrainz_14007,musicbrainz,lastfm,1.0,True,True,True,gold
lastFM_30445,mbrainz_14013,musicbrainz,lastfm,0.9728412628173828,False,True,True,agreement
lastFM_30462,mbrainz_14016,musicbrainz,lastfm,1.0,True,True,True,gold
lastFM_30466,mbrainz_14020,musicbrainz,lastfm,1.0,True,True,True,gold
lastFM_30485,mbrainz_14025,musicbrainz,lastfm,1.0,True,True,True,gold
lastFM_30493,mbrainz_14029,musicbrainz,lastfm,1.0,True,False,True,gold
lastFM_30509,mbrainz_14036,musicbrainz,lastfm,1.0,True,True,True,gold
lastFM_30514,mbrainz_14040,musicbrainz,lastfm,1.0,True,True,True,gold
lastFM_3054,mbrainz_1314,musicbrainz,lastfm,1.0,True,False,True,gold
lastFM_3054,mbrainz_539,musicbrainz,lastfm,0.9713910818099976,False,False,True,plm_check_confident_pos
lastFM_30568,mbrainz_14057,musicbrainz,lastfm,1.0,True,True,True,gold
lastFM_306,mbrainz_13636,musicbrainz,lastfm,0.8671191930770874,False,False,True,plm_check_confident_pos
lastFM_306,mbrainz_18232,musicbrainz,lastfm,0.8931773900985718,False,False,True,plm_check_confident_pos
lastFM_306,mbrainz_21551,musicbrainz,lastfm,0.7066881656646729,False,False,True,plm_check_confident_pos
lastFM_306,mbrainz_2676,musicbrainz,lastfm,0.810999870300293,False,False,True,plm_check_confident_pos
lastFM_30614,mbrainz_14073,musicbrainz,lastfm,1.0,True,True,True,gold
lastFM_30634,mbrainz_7556,musicbrainz,lastfm,0.8870581984519958,False,False,True,plm_check_confident_pos
lastFM_30678,mbrainz_14091,musicbrainz,lastfm,0.9732707738876343,False,True,True,agreement
lastFM_30690,mbrainz_14097,musicbrainz,lastfm,1.0,True,True,True,gold
lastFM_30695,mbrainz_14100,musicbrainz,lastfm,1.0,True,True,True,gold
lastFM_3075,mbrainz_1325,musicbrainz,lastfm,1.0,True,True,True,gold
lastFM_30768,mbrainz_14125,musicbrainz,lastfm,1.0,True,False,True,gold
lastFM_30795,mbrainz_14136,musicbrainz,lastfm,1.0,True,False,True,gold
lastFM_30819,mbrainz_14145,musicbrainz,lastfm,1.0,True,False,True,gold
lastFM_30838,mbrainz_14150,musicbrainz,lastfm,1.0,True,True,True,gold
lastFM_30843,mbrainz_14153,musicbrainz,lastfm,1.0,True,True,True,gold
lastFM_30866,mbrainz_14163,musicbrainz,lastfm,0.9734424352645874,False,True,True,agreement
lastFM_30887,mbrainz_14171,musicbrainz,lastfm,1.0,True,True,True,gold
lastFM_3091,mbrainz_1330,musicbrainz,lastfm,1.0,True,False,True,gold
lastFM_3093,mbrainz_1331,musicbrainz,lastfm,1.0,True,True,True,gold
lastFM_3093,mbrainz_9292,musicbrainz,lastfm,0.9741503000259399,False,False,True,plm_check_confident_pos
lastFM_30933,mbrainz_14184,musicbrainz,lastfm,1.0,True,True,True,gold
lastFM_30934,mbrainz_14185,musicbrainz,lastfm,1.0,True,True,True,gold
lastFM_30935,mbrainz_10744,musicbrainz,lastfm,0.9483223557472229,False,False,True,plm_check_confident_pos
lastFM_30935,mbrainz_14186,musicbrainz,lastfm,1.0,True,True,True,gold
lastFM_30936,mbrainz_14187,musicbrainz,lastfm,1.0,True,True,True,gold
lastFM_30936,mbrainz_19987,musicbrainz,lastfm,0.9195559024810791,False,False,True,plm_check_confident_pos
lastFM_3095,mbrainz_1332,musicbrainz,lastfm,1.0,True,True,True,gold
lastFM_30957,mbrainz_10744,musicbrainz,lastfm,0.7797966003417969,False,False,True,plm_check_confident_pos
lastFM_30962,mbrainz_14200,musicbrainz,lastfm,1.0,True,True,True,gold
lastFM_30977,mbrainz_14205,musicbrainz,lastfm,1.0,True,True,True,gold
lastFM_31015,mbrainz_14218,musicbrainz,lastfm,1.0,True,True,True,gold
lastFM_31015,mbrainz_21052,musicbrainz,lastfm,0.9728819131851196,False,False,True,plm_check_confident_pos
lastFM_31076,mbrainz_14245,musicbrainz,lastfm,1.0,True,True,True,gold
lastFM_31123,mbrainz_14267,musicbrainz,lastfm,1.0,True,True,True,gold
lastFM_31131,mbrainz_14271,musicbrainz,lastfm,1.0,True,True,True,gold
lastFM_3118,mbrainz_1340,musicbrainz,lastfm,1.0,True,True,True,gold
lastFM_31183,mbrainz_14289,musicbrainz,lastfm,1.0,True,True,True,gold
lastFM_31197,mbrainz_19686,musicbrainz,lastfm,0.8843245506286621,False,False,True,plm_check_confident_pos
lastFM_31199,mbrainz_3917,musicbrainz,lastfm,0.9465777277946472,False,True,True,agreement
lastFM_3123,mbrainz_1342,musicbrainz,lastfm,1.0,True,True,True,gold
lastFM_31254,mbrainz_14320,musicbrainz,lastfm,1.0,True,False,True,gold
lastFM_31262,mbrainz_14322,musicbrainz,lastfm,1.0,True,True,True,gold
lastFM_31286,mbrainz_14331,musicbrainz,lastfm,1.0,True,True,True,gold
lastFM_31290,mbrainz_1426,musicbrainz,lastfm,0.9732958078384399,False,False,True,plm_check_confident_pos
lastFM_31301,mbrainz_18169,musicbrainz,lastfm,0.9358584880828857,False,True,True,agreement
lastFM_3134,mbrainz_1346,musicbrainz,lastfm,1.0,True,True,True,gold
lastFM_31362,mbrainz_14351,musicbrainz,lastfm,1.0,True,False,True,gold
lastFM_3139,mbrainz_1349,musicbrainz,lastfm,1.0,True,True,True,gold
lastFM_31398,mbrainz_14360,musicbrainz,lastfm,1.0,True,False,True,gold
lastFM_31442,mbrainz_14382,musicbrainz,lastfm,0.9734596014022827,False,True,True,agreement
lastFM_31469,mbrainz_14396,musicbrainz,lastfm,1.0,True,True,True,gold
lastFM_3150,mbrainz_1352,musicbrainz,lastfm,1.0,True,True,True,gold
lastFM_31506,mbrainz_14413,musicbrainz,lastfm,1.0,True,True,True,gold
lastFM_3151,mbrainz_1353,musicbrainz,lastfm,1.0,True,True,True,gold
lastFM_31532,mbrainz_14427,musicbrainz,lastfm,1.0,True,False,True,gold
lastFM_3158,mbrainz_1356,musicbrainz,lastfm,1.0,True,True,True,gold
lastFM_31596,mbrainz_18181,musicbrainz,lastfm,0.8377877473831177,False,False,True,plm_check_confident_pos
lastFM_31599,mbrainz_14452,musicbrainz,lastfm,0.9735798239707947,False,True,True,agreement
lastFM_3162,mbrainz_1358,musicbrainz,lastfm,1.0,True,True,True,gold
lastFM_31636,mbrainz_14463,musicbrainz,lastfm,1.0,True,True,True,gold
lastFM_3168,mbrainz_1361,musicbrainz,lastfm,1.0,True,True,True,gold
lastFM_31690,mbrainz_14487,musicbrainz,lastfm,1.0,True,True,True,gold
lastFM_31745,mbrainz_14511,musicbrainz,lastfm,1.0,True,False,True,gold
lastFM_31759,mbrainz_14824,musicbrainz,lastfm,1.0,True,True,True,gold
lastFM_31779,mbrainz_14524,musicbrainz,lastfm,1.0,True,True,True,gold
lastFM_31817,mbrainz_14539,musicbrainz,lastfm,1.0,True,True,True,gold
lastFM_31842,mbrainz_14547,musicbrainz,lastfm,1.0,True,True,True,gold
lastFM_31880,mbrainz_14563,musicbrainz,lastfm,1.0,True,False,True,gold
lastFM_31886,mbrainz_10120,musicbrainz,lastfm,0.7688191533088684,False,False,True,plm_check_confident_pos
lastFM_31886,mbrainz_14564,musicbrainz,lastfm,1.0,True,True,True,gold
lastFM_31926,mbrainz_14583,musicbrainz,lastfm,1.0,True,False,True,gold
lastFM_31945,mbrainz_14588,musicbrainz,lastfm,1.0,True,True,True,gold
lastFM_31945,mbrainz_28750,musicbrainz,lastfm,0.7587182521820068,False,False,True,plm_check_confident_pos
lastFM_31956,mbrainz_14593,musicbrainz,lastfm,1.0,True,False,True,gold
lastFM_31957,mbrainz_14594,musicbrainz,lastfm,1.0,True,True,True,gold
lastFM_31968,mbrainz_14597,musicbrainz,lastfm,1.0,True,True,True,gold
lastFM_31996,mbrainz_14610,musicbrainz,lastfm,1.0,True,True,True,gold
lastFM_31997,mbrainz_14611,musicbrainz,lastfm,1.0,True,True,True,gold
lastFM_3203,mbrainz_1378,musicbrainz,lastfm,1.0,True,True,True,gold
lastFM_32033,mbrainz_14630,musicbrainz,lastfm,1.0,True,True,True,gold
lastFM_32042,mbrainz_14634,musicbrainz,lastfm,1.0,True,True,True,gold
lastFM_32080,mbrainz_14648,musicbrainz,lastfm,1.0,True,True,True,gold
lastFM_32111,mbrainz_14661,musicbrainz,lastfm,1.0,True,True,True,gold
lastFM_32123,mbrainz_14665,musicbrainz,lastfm,1.0,True,False,True,gold
lastFM_32142,mbrainz_14672,musicbrainz,lastfm,1.0,True,False,True,gold
lastFM_32191,mbrainz_14691,musicbrainz,lastfm,1.0,True,True,True,gold
lastFM_32208,mbrainz_14695,musicbrainz,lastfm,1.0,True,True,True,gold
lastFM_32225,mbrainz_14703,musicbrainz,lastfm,1.0,True,True,True,gold
lastFM_32281,mbrainz_14726,musicbrainz,lastfm,1.0,True,True,True,gold
lastFM_32282,mbrainz_14727,musicbrainz,lastfm,1.0,True,True,True,gold
lastFM_32295,mbrainz_14733,musicbrainz,lastfm,1.0,True,False,True,gold
lastFM_32300,mbrainz_14737,musicbrainz,lastfm,1.0,True,False,True,gold
lastFM_32317,mbrainz_3075,musicbrainz,lastfm,0.8831639289855957,False,False,True,plm_check_confident_pos
lastFM_32352,mbrainz_10481,musicbrainz,lastfm,0.8304851651191711,False,False,True,plm_check_confident_pos
lastFM_32352,mbrainz_14754,musicbrainz,lastfm,1.0,True,True,True,gold
lastFM_32352,mbrainz_15930,musicbrainz,lastfm,0.9559388160705566,False,False,True,plm_check_confident_pos
lastFM_32352,mbrainz_49,musicbrainz,lastfm,0.814571738243103,False,False,True,plm_check_confident_pos
lastFM_32352,mbrainz_578,musicbrainz,lastfm,0.9738707542419434,False,False,True,plm_check_confident_pos
lastFM_32359,mbrainz_14758,musicbrainz,lastfm,1.0,True,True,True,gold
lastFM_32396,mbrainz_14773,musicbrainz,lastfm,0.9734907746315002,False,True,True,agreement
lastFM_32403,mbrainz_14776,musicbrainz,lastfm,1.0,True,True,True,gold
lastFM_32420,mbrainz_14782,musicbrainz,lastfm,1.0,True,True,True,gold
lastFM_32434,mbrainz_14789,musicbrainz,lastfm,1.0,True,True,True,gold
lastFM_32438,mbrainz_14792,musicbrainz,lastfm,1.0,True,False,True,gold
lastFM_32456,mbrainz_14797,musicbrainz,lastfm,1.0,True,True,True,gold
lastFM_32493,mbrainz_14812,musicbrainz,lastfm,1.0,True,True,True,gold
lastFM_32494,mbrainz_14813,musicbrainz,lastfm,1.0,True,True,True,gold
lastFM_32495,mbrainz_14814,musicbrainz,lastfm,0.9739729762077332,False,False,True,plm_check_confident_pos
lastFM_32495,mbrainz_9859,musicbrainz,lastfm,0.9730911254882812,False,True,True,agreement
lastFM_32511,mbrainz_14823,musicbrainz,lastfm,1.0,True,True,True,gold
lastFM_3252,mbrainz_1399,musicbrainz,lastfm,0.956748902797699,False,True,True,agreement
lastFM_32543,mbrainz_14836,musicbrainz,lastfm,1.0,True,True,True,gold
lastFM_32579,mbrainz_14852,musicbrainz,lastfm,1.0,True,True,True,gold
lastFM_32668,mbrainz_14882,musicbrainz,lastfm,1.0,True,True,True,gold
lastFM_327,mbrainz_193,musicbrainz,lastfm,1.0,True,True,True,gold
lastFM_3276,mbrainz_1327,musicbrainz,lastfm,0.7242576479911804,False,False,True,plm_check_confident_pos
lastFM_3276,mbrainz_1412,musicbrainz,lastfm,1.0,True,True,True,gold
lastFM_3276,mbrainz_19322,musicbrainz,lastfm,0.8147052526473999,False,False,True,plm_check_confident_pos
lastFM_3276,mbrainz_23606,musicbrainz,lastfm,0.7110127210617065,False,False,True,plm_check_confident_pos
lastFM_3276,mbrainz_24802,musicbrainz,lastfm,0.837221086025238,False,False,True,plm_check_confident_pos
lastFM_32760,mbrainz_14913,musicbrainz,lastfm,1.0,True,True,True,gold
lastFM_32779,mbrainz_14922,musicbrainz,lastfm,1.0,True,True,True,gold
lastFM_32784,mbrainz_14925,musicbrainz,lastfm,1.0,True,True,True,gold
lastFM_328,mbrainz_194,musicbrainz,lastfm,1.0,True,True,True,gold
lastFM_32803,mbrainz_14934,musicbrainz,lastfm,1.0,True,True,True,gold
lastFM_3288,mbrainz_1418,musicbrainz,lastfm,1.0,True,True,True,gold
lastFM_329,mbrainz_195,musicbrainz,lastfm,1.0,True,True,True,gold
lastFM_32947,mbrainz_15000,musicbrainz,lastfm,1.0,True,False,True,gold
lastFM_32947,mbrainz_23071,musicbrainz,lastfm,0.9744513034820557,False,True,True,agreement
lastFM_3300,mbrainz_1426,musicbrainz,lastfm,1.0,True,False,True,gold
lastFM_33015,mbrainz_15029,musicbrainz,lastfm,1.0,True,True,True,gold
lastFM_33025,mbrainz_15032,musicbrainz,lastfm,0.9733601808547974,False,True,True,agreement
lastFM_33054,mbrainz_31367,musicbrainz,lastfm,0.9497811794281006,False,False,True,plm_check_confident_pos
lastFM_33066,mbrainz_15041,musicbrainz,lastfm,1.0,True,True,True,gold
lastFM_33082,mbrainz_15045,musicbrainz,lastfm,1.0,True,True,True,gold
lastFM_33083,mbrainz_15046,musicbrainz,lastfm,1.0,True,True,True,gold
lastFM_33132,mbrainz_15067,musicbrainz,lastfm,1.0,True,True,True,gold
lastFM_33138,mbrainz_15071,musicbrainz,lastfm,1.0,True,True,True,gold
lastFM_33150,mbrainz_15077,musicbrainz,lastfm,1.0,True,True,True,gold
lastFM_33163,mbrainz_15083,musicbrainz,lastfm,0.972918689250946,False,False,True,plm_check_confident_pos
lastFM_33176,mbrainz_15088,musicbrainz,lastfm,1.0,True,True,True,gold
lastFM_33183,mbrainz_15091,musicbrainz,lastfm,1.0,True,True,True,gold
lastFM_33219,mbrainz_15103,musicbrainz,lastfm,1.0,True,True,True,gold
lastFM_33265,mbrainz_15122,musicbrainz,lastfm,1.0,True,True,True,gold
lastFM_33265,mbrainz_27764,musicbrainz,lastfm,0.824287474155426,False,False,True,plm_check_confident_pos
lastFM_33277,mbrainz_15126,musicbrainz,lastfm,1.0,True,True,True,gold
lastFM_33278,mbrainz_15127,musicbrainz,lastfm,1.0,True,False,True,gold
lastFM_33279,mbrainz_15128,musicbrainz,lastfm,1.0,True,False,True,gold
lastFM_33284,mbrainz_15132,musicbrainz,lastfm,1.0,True,True,True,gold
lastFM_33286,mbrainz_15134,musicbrainz,lastfm,1.0,True,True,True,gold
lastFM_33295,mbrainz_15139,musicbrainz,lastfm,1.0,True,True,True,gold
lastFM_33336,mbrainz_15154,musicbrainz,lastfm,1.0,True,False,True,gold
lastFM_33338,mbrainz_22462,musicbrainz,lastfm,0.9745358824729919,False,True,True,agreement
lastFM_33338,mbrainz_9446,musicbrainz,lastfm,0.9631513357162476,False,False,True,plm_check_confident_pos
lastFM_33412,mbrainz_15183,musicbrainz,lastfm,1.0,True,True,True,gold
lastFM_33414,mbrainz_15185,musicbrainz,lastfm,1.0,True,True,True,gold
lastFM_33414,mbrainz_28616,musicbrainz,lastfm,0.8916664719581604,False,False,True,plm_check_confident_pos
lastFM_33414,mbrainz_33262,musicbrainz,lastfm,0.8578578233718872,False,False,True,plm_check_confident_pos
lastFM_33457,mbrainz_15203,musicbrainz,lastfm,1.0,True,True,True,gold
lastFM_33466,mbrainz_15209,musicbrainz,lastfm,1.0,True,False,True,gold
lastFM_33467,mbrainz_15210,musicbrainz,lastfm,1.0,True,True,True,gold
lastFM_33492,mbrainz_15220,musicbrainz,lastfm,1.0,True,True,True,gold
lastFM_33534,mbrainz_15239,musicbrainz,lastfm,1.0,True,False,True,gold
lastFM_33571,mbrainz_15258,musicbrainz,lastfm,1.0,True,True,True,gold
lastFM_33581,mbrainz_15263,musicbrainz,lastfm,1.0,True,False,True,gold
lastFM_33600,mbrainz_15274,musicbrainz,lastfm,1.0,True,True,True,gold
lastFM_3361,mbrainz_1447,musicbrainz,lastfm,1.0,True,False,True,gold
lastFM_33659,mbrainz_6014,musicbrainz,lastfm,0.9363610744476318,False,False,True,plm_check_confident_pos
lastFM_33667,mbrainz_15309,musicbrainz,lastfm,1.0,True,True,True,gold
lastFM_3367,mbrainz_1449,musicbrainz,lastfm,1.0,True,True,True,gold
lastFM_33726,mbrainz_15336,musicbrainz,lastfm,0.9723511934280396,False,False,True,plm_check_confident_pos
lastFM_33751,mbrainz_15344,musicbrainz,lastfm,1.0,True,True,True,gold
lastFM_33784,mbrainz_15359,musicbrainz,lastfm,1.0,True,True,True,gold
lastFM_33784,mbrainz_1990,musicbrainz,lastfm,0.9609826803207397,False,False,True,plm_check_confident_pos
lastFM_33794,mbrainz_15365,musicbrainz,lastfm,1.0,True,True,True,gold
lastFM_33812,mbrainz_15371,musicbrainz,lastfm,1.0,True,True,True,gold
lastFM_33868,mbrainz_15395,musicbrainz,lastfm,0.9731906056404114,False,False,True,plm_check_confident_pos
lastFM_33911,mbrainz_15407,musicbrainz,lastfm,1.0,True,True,True,gold
lastFM_33930,mbrainz_15414,musicbrainz,lastfm,1.0,True,True,True,gold
lastFM_33944,mbrainz_4279,musicbrainz,lastfm,0.8702980279922485,False,False,True,plm_check_confident_pos
lastFM_3395,mbrainz_1456,musicbrainz,lastfm,1.0,True,True,True,gold
lastFM_33958,mbrainz_13697,musicbrainz,lastfm,0.9444818496704102,False,False,True,plm_check_confident_pos
lastFM_33958,mbrainz_15657,musicbrainz,lastfm,0.8299271464347839,False,False,True,plm_check_confident_pos
lastFM_33965,mbrainz_15425,musicbrainz,lastfm,0.9738495945930481,False,False,True,plm_check_confident_pos
lastFM_33991,mbrainz_15439,musicbrainz,lastfm,1.0,True,True,True,gold
lastFM_33991,mbrainz_9521,musicbrainz,lastfm,0.7827246785163879,False,False,True,plm_check_confident_pos
lastFM_34,mbrainz_25,musicbrainz,lastfm,1.0,True,False,True,gold
lastFM_34018,mbrainz_15452,musicbrainz,lastfm,1.0,True,True,True,gold
lastFM_34019,mbrainz_15453,musicbrainz,lastfm,1.0,True,True,True,gold
lastFM_34037,mbrainz_15463,musicbrainz,lastfm,1.0,True,True,True,gold
lastFM_34063,mbrainz_15474,musicbrainz,lastfm,1.0,True,True,True,gold
lastFM_34063,mbrainz_3151,musicbrainz,lastfm,0.9746198654174805,False,False,True,plm_check_confident_pos
lastFM_34073,mbrainz_15478,musicbrainz,lastfm,1.0,True,True,True,gold
lastFM_34077,mbrainz_15480,musicbrainz,lastfm,1.0,True,True,True,gold
lastFM_34083,mbrainz_10494,musicbrainz,lastfm,0.7109803557395935,False,False,True,plm_check_confident_pos
lastFM_34083,mbrainz_12781,musicbrainz,lastfm,0.7266573309898376,False,False,True,plm_check_confident_pos
lastFM_34083,mbrainz_15482,musicbrainz,lastfm,1.0,True,True,True,gold
lastFM_34083,mbrainz_1586,musicbrainz,lastfm,0.9747489094734192,False,False,True,plm_check_confident_pos
lastFM_34083,mbrainz_25955,musicbrainz,lastfm,0.959236741065979,False,False,True,plm_check_confident_pos
lastFM_34083,mbrainz_7593,musicbrainz,lastfm,0.8352483510971069,False,False,True,plm_check_confident_pos
lastFM_34083,mbrainz_9271,musicbrainz,lastfm,0.9003095626831055,False,False,True,plm_check_confident_pos
lastFM_34084,mbrainz_15483,musicbrainz,lastfm,1.0,True,True,True,gold
lastFM_34090,mbrainz_15486,musicbrainz,lastfm,1.0,True,True,True,gold
lastFM_34100,mbrainz_15494,musicbrainz,lastfm,1.0,True,True,True,gold
lastFM_34125,mbrainz_15506,musicbrainz,lastfm,0.9657211303710938,False,False,True,plm_check_confident_pos
lastFM_34125,mbrainz_523,musicbrainz,lastfm,0.9442177414894104,False,False,True,plm_check_confident_pos
lastFM_34132,mbrainz_11547,musicbrainz,lastfm,0.9744080901145935,False,False,True,plm_check_confident_pos
lastFM_34141,mbrainz_15514,musicbrainz,lastfm,1.0,True,True,True,gold
lastFM_34141,mbrainz_2383,musicbrainz,lastfm,0.9098769426345825,False,False,True,plm_check_confident_pos
lastFM_34141,mbrainz_2690,musicbrainz,lastfm,0.9731050133705139,False,False,True,plm_check_confident_pos
lastFM_34177,mbrainz_13697,musicbrainz,lastfm,0.9751577377319336,False,False,True,plm_check_confident_pos
lastFM_34177,mbrainz_15657,musicbrainz,lastfm,0.9720007181167603,False,True,True,agreement
lastFM_34188,mbrainz_15528,musicbrainz,lastfm,1.0,True,True,True,gold
lastFM_34196,mbrainz_15533,musicbrainz,lastfm,0.97371906042099,False,True,True,agreement
lastFM_34250,mbrainz_15556,musicbrainz,lastfm,1.0,True,True,True,gold
lastFM_3426,mbrainz_1466,musicbrainz,lastfm,1.0,True,True,True,gold
lastFM_34272,mbrainz_15563,musicbrainz,lastfm,1.0,True,True,True,gold
lastFM_34286,mbrainz_15566,musicbrainz,lastfm,1.0,True,True,True,gold
lastFM_34317,mbrainz_15577,musicbrainz,lastfm,1.0,True,True,True,gold
lastFM_34327,mbrainz_15580,musicbrainz,lastfm,0.9734131693840027,False,True,True,agreement
lastFM_34340,mbrainz_15584,musicbrainz,lastfm,1.0,True,True,True,gold
lastFM_3435,mbrainz_1472,musicbrainz,lastfm,1.0,True,True,True,gold
lastFM_34351,mbrainz_15586,musicbrainz,lastfm,0.9731763601303101,False,True,True,agreement
lastFM_34355,mbrainz_15588,musicbrainz,lastfm,1.0,True,True,True,gold
lastFM_3437,mbrainz_1473,musicbrainz,lastfm,1.0,True,True,True,gold
lastFM_34390,mbrainz_15599,musicbrainz,lastfm,1.0,True,False,True,gold
lastFM_34405,mbrainz_15606,musicbrainz,lastfm,1.0,True,False,True,gold
lastFM_3442,mbrainz_1474,musicbrainz,lastfm,1.0,True,False,True,gold
lastFM_34435,mbrainz_15619,musicbrainz,lastfm,0.9480133652687073,False,True,True,agreement
lastFM_34440,mbrainz_11069,musicbrainz,lastfm,0.8843591213226318,False,False,True,plm_check_confident_pos
lastFM_34440,mbrainz_15622,musicbrainz,lastfm,1.0,True,True,True,gold
lastFM_34448,mbrainz_15623,musicbrainz,lastfm,1.0,True,True,True,gold
lastFM_34479,mbrainz_15638,musicbrainz,lastfm,1.0,True,False,True,gold
lastFM_34490,mbrainz_15930,musicbrainz,lastfm,0.8067137598991394,False,False,True,plm_check_confident_pos
lastFM_34499,mbrainz_15644,musicbrainz,lastfm,1.0,True,False,True,gold
lastFM_34521,mbrainz_15649,musicbrainz,lastfm,1.0,True,True,True,gold
lastFM_3456,mbrainz_1482,musicbrainz,lastfm,1.0,True,True,True,gold
lastFM_3458,mbrainz_1483,musicbrainz,lastfm,1.0,True,True,True,gold
lastFM_34607,mbrainz_33634,musicbrainz,lastfm,0.9734240174293518,False,True,True,agreement
lastFM_34641,mbrainz_3085,musicbrainz,lastfm,0.9540399312973022,False,False,True,plm_check_confident_pos
lastFM_34641,mbrainz_7472,musicbrainz,lastfm,0.6118768453598022,False,True,True,agreement
lastFM_3473,mbrainz_1487,musicbrainz,lastfm,1.0,True,True,True,gold
lastFM_34841,mbrainz_13697,musicbrainz,lastfm,0.9729434847831726,False,True,True,agreement
lastFM_34841,mbrainz_15657,musicbrainz,lastfm,1.0,True,False,True,gold
lastFM_34846,mbrainz_15658,musicbrainz,lastfm,1.0,True,True,True,gold
lastFM_34876,mbrainz_15667,musicbrainz,lastfm,1.0,True,True,True,gold
lastFM_3488,mbrainz_1496,musicbrainz,lastfm,1.0,True,True,True,gold
lastFM_34882,mbrainz_15668,musicbrainz,lastfm,1.0,True,True,True,gold
lastFM_34906,mbrainz_3221,musicbrainz,lastfm,0.961800217628479,False,False,True,plm_check_confident_pos
lastFM_34918,mbrainz_15680,musicbrainz,lastfm,1.0,True,True,True,gold
lastFM_34933,mbrainz_15683,musicbrainz,lastfm,0.9757339358329773,False,False,True,plm_check_confident_pos
lastFM_34934,mbrainz_15683,musicbrainz,lastfm,1.0,True,True,True,gold
lastFM_34941,mbrainz_15687,musicbrainz,lastfm,1.0,True,False,True,gold
lastFM_3495,mbrainz_1499,musicbrainz,lastfm,0.9735243320465088,False,True,True,agreement
lastFM_34990,mbrainz_15704,musicbrainz,lastfm,0.9473795294761658,False,True,True,agreement
lastFM_3500,mbrainz_1501,musicbrainz,lastfm,1.0,True,True,True,gold
lastFM_3502,mbrainz_1502,musicbrainz,lastfm,1.0,True,True,True,gold
lastFM_35085,mbrainz_15737,musicbrainz,lastfm,1.0,True,True,True,gold
lastFM_35142,mbrainz_15752,musicbrainz,lastfm,1.0,True,True,True,gold
lastFM_35146,mbrainz_5801,musicbrainz,lastfm,0.9729362726211548,False,False,True,plm_check_confident_pos
lastFM_3516,mbrainz_1510,musicbrainz,lastfm,1.0,True,True,True,gold
lastFM_3518,mbrainz_1511,musicbrainz,lastfm,0.97258061170578,False,True,True,agreement
lastFM_3524,mbrainz_1513,musicbrainz,lastfm,1.0,True,False,True,gold
lastFM_35248,mbrainz_20668,musicbrainz,lastfm,0.9638122916221619,False,True,True,agreement
lastFM_3525,mbrainz_1514,musicbrainz,lastfm,0.9732078909873962,False,True,True,agreement
lastFM_35300,mbrainz_15790,musicbrainz,lastfm,1.0,True,True,True,gold
lastFM_35387,mbrainz_15818,musicbrainz,lastfm,1.0,True,True,True,gold
lastFM_35444,mbrainz_2662,musicbrainz,lastfm,0.9136438965797424,False,False,True,plm_check_confident_pos
lastFM_35447,mbrainz_15831,musicbrainz,lastfm,1.0,True,True,True,gold
lastFM_35465,mbrainz_15835,musicbrainz,lastfm,1.0,True,True,True,gold
lastFM_35481,mbrainz_15843,musicbrainz,lastfm,1.0,True,True,True,gold
lastFM_355,mbrainz_206,musicbrainz,lastfm,1.0,True,True,True,gold
lastFM_3551,mbrainz_1523,musicbrainz,lastfm,1.0,True,True,True,gold
lastFM_35554,mbrainz_15867,musicbrainz,lastfm,1.0,True,True,True,gold
lastFM_35611,mbrainz_15886,musicbrainz,lastfm,1.0,True,True,True,gold
lastFM_35629,mbrainz_15890,musicbrainz,lastfm,1.0,True,True,True,gold
lastFM_35629,mbrainz_28981,musicbrainz,lastfm,0.7108645439147949,False,False,True,plm_check_confident_pos
lastFM_35630,mbrainz_15891,musicbrainz,lastfm,1.0,True,True,True,gold
lastFM_35704,mbrainz_15914,musicbrainz,lastfm,1.0,True,False,True,gold
lastFM_3571,mbrainz_1532,musicbrainz,lastfm,0.9715978503227234,False,True,True,agreement
lastFM_35716,mbrainz_31188,musicbrainz,lastfm,0.9220150113105774,False,False,True,plm_check_confident_pos
lastFM_35721,mbrainz_22988,musicbrainz,lastfm,1.0,True,True,True,gold
lastFM_35723,mbrainz_15921,musicbrainz,lastfm,1.0,True,True,True,gold
lastFM_35734,mbrainz_15924,musicbrainz,lastfm,1.0,True,True,True,gold
lastFM_35744,mbrainz_15928,musicbrainz,lastfm,1.0,True,True,True,gold
lastFM_35747,mbrainz_10481,musicbrainz,lastfm,0.8235979080200195,False,False,True,plm_check_confident_pos
lastFM_35747,mbrainz_14754,musicbrainz,lastfm,0.9392760992050171,False,False,True,plm_check_confident_pos
lastFM_35747,mbrainz_15930,musicbrainz,lastfm,1.0,True,True,True,gold
lastFM_35747,mbrainz_49,musicbrainz,lastfm,0.8709185123443604,False,False,True,plm_check_confident_pos
lastFM_35747,mbrainz_578,musicbrainz,lastfm,0.9630731344223022,False,False,True,plm_check_confident_pos
lastFM_3580,mbrainz_1537,musicbrainz,lastfm,1.0,True,True,True,gold
lastFM_35826,mbrainz_15966,musicbrainz,lastfm,1.0,True,True,True,gold
lastFM_3584,mbrainz_1539,musicbrainz,lastfm,0.9735715389251709,False,True,True,agreement
lastFM_35875,mbrainz_15986,musicbrainz,lastfm,1.0,True,True,True,gold
lastFM_35907,mbrainz_16001,musicbrainz,lastfm,1.0,True,True,True,gold
lastFM_35987,mbrainz_16097,musicbrainz,lastfm,1.0,True,False,True,gold
lastFM_36095,mbrainz_24797,musicbrainz,lastfm,0.9017542004585266,False,False,True,plm_check_confident_pos
lastFM_3624,mbrainz_1552,musicbrainz,lastfm,1.0,True,False,True,gold
lastFM_36266,mbrainz_16011,musicbrainz,lastfm,0.9755844473838806,False,False,True,plm_check_confident_pos
lastFM_3631,mbrainz_1557,musicbrainz,lastfm,1.0,True,True,True,gold
lastFM_36321,mbrainz_7223,musicbrainz,lastfm,0.79681795835495,False,False,True,plm_check_confident_pos
lastFM_36328,mbrainz_16029,musicbrainz,lastfm,1.0,True,True,True,gold
lastFM_36334,mbrainz_16030,musicbrainz,lastfm,1.0,True,True,False,gold
lastFM_36350,mbrainz_16036,musicbrainz,lastfm,1.0,True,True,True,gold
lastFM_36371,mbrainz_16043,musicbrainz,lastfm,1.0,True,True,True,gold
lastFM_364,mbrainz_209,musicbrainz,lastfm,1.0,True,False,True,gold
lastFM_3640,mbrainz_1559,musicbrainz,lastfm,1.0,True,False,True,gold
lastFM_36406,mbrainz_16054,musicbrainz,lastfm,0.9741089344024658,False,True,True,agreement
lastFM_36426,mbrainz_16057,musicbrainz,lastfm,1.0,True,True,True,gold
lastFM_36435,mbrainz_16060,musicbrainz,lastfm,1.0,True,True,True,gold
lastFM_3645,mbrainz_1562,musicbrainz,lastfm,1.0,True,False,True,gold
lastFM_36523,mbrainz_16075,musicbrainz,lastfm,1.0,True,False,True,gold
lastFM_36570,mbrainz_16086,musicbrainz,lastfm,1.0,True,True,True,gold
lastFM_366,mbrainz_211,musicbrainz,lastfm,1.0,True,True,True,gold
lastFM_36663,mbrainz_16103,musicbrainz,lastfm,1.0,True,False,True,gold
lastFM_36665,mbrainz_16104,musicbrainz,lastfm,1.0,True,True,True,gold
lastFM_36675,mbrainz_14754,musicbrainz,lastfm,0.9013646841049194,False,False,True,plm_check_confident_pos
lastFM_36675,mbrainz_15930,musicbrainz,lastfm,0.9591322541236877,False,False,True,plm_check_confident_pos
lastFM_36675,mbrainz_578,musicbrainz,lastfm,0.939654529094696,False,False,True,plm_check_confident_pos
lastFM_36689,mbrainz_16106,musicbrainz,lastfm,1.0,True,True,True,gold
lastFM_36701,mbrainz_16109,musicbrainz,lastfm,1.0,True,True,True,gold
lastFM_36750,mbrainz_25151,musicbrainz,lastfm,0.9736310243606567,False,True,True,agreement
lastFM_36760,mbrainz_13804,musicbrainz,lastfm,0.9731329083442688,False,False,True,plm_check_confident_pos
lastFM_36768,mbrainz_11620,musicbrainz,lastfm,0.8077346682548523,False,False,True,plm_check_confident_pos
lastFM_36768,mbrainz_16125,musicbrainz,lastfm,1.0,True,False,True,gold
lastFM_36768,mbrainz_26717,musicbrainz,lastfm,0.7002044320106506,False,False,True,plm_check_confident_pos
lastFM_36768,mbrainz_30169,musicbrainz,lastfm,0.8839936256408691,False,False,True,plm_check_confident_pos
lastFM_36768,mbrainz_31484,musicbrainz,lastfm,0.8611025810241699,False,True,True,agreement
lastFM_3678,mbrainz_1568,musicbrainz,lastfm,1.0,True,True,True,gold
lastFM_368,mbrainz_212,musicbrainz,lastfm,1.0,True,True,True,gold
lastFM_368,mbrainz_355,musicbrainz,lastfm,0.9741466641426086,False,False,True,plm_check_confident_pos
lastFM_36845,mbrainz_16151,musicbrainz,lastfm,1.0,True,True,True,gold
lastFM_36859,mbrainz_16153,musicbrainz,lastfm,1.0,True,True,True,gold
lastFM_36889,mbrainz_16160,musicbrainz,lastfm,1.0,True,True,True,gold
lastFM_36891,mbrainz_16161,musicbrainz,lastfm,1.0,True,True,True,gold
lastFM_36969,mbrainz_16186,musicbrainz,lastfm,1.0,True,False,True,gold
lastFM_36976,mbrainz_16187,musicbrainz,lastfm,1.0,True,True,True,gold
lastFM_36988,mbrainz_16193,musicbrainz,lastfm,1.0,True,False,True,gold
lastFM_36990,mbrainz_16194,musicbrainz,lastfm,1.0,True,True,True,gold
lastFM_36994,mbrainz_16197,musicbrainz,lastfm,1.0,True,True,True,gold
lastFM_36998,mbrainz_16199,musicbrainz,lastfm,1.0,True,True,True,gold
lastFM_36998,mbrainz_1807,musicbrainz,lastfm,0.9662047624588013,False,False,True,plm_check_confident_pos
lastFM_37,mbrainz_27,musicbrainz,lastfm,1.0,True,True,True,gold
lastFM_37021,mbrainz_16206,musicbrainz,lastfm,1.0,True,True,True,gold
lastFM_37035,mbrainz_16208,musicbrainz,lastfm,1.0,True,True,True,gold
lastFM_37061,mbrainz_16219,musicbrainz,lastfm,1.0,True,True,True,gold
lastFM_37086,mbrainz_16225,musicbrainz,lastfm,1.0,True,True,True,gold
lastFM_37119,mbrainz_16231,musicbrainz,lastfm,0.9726875424385071,False,True,True,agreement
lastFM_37235,mbrainz_16258,musicbrainz,lastfm,0.973492443561554,False,False,True,plm_check_confident_pos
lastFM_3724,mbrainz_1586,musicbrainz,lastfm,1.0,True,True,True,gold
lastFM_3724,mbrainz_25955,musicbrainz,lastfm,0.9032590985298157,False,False,True,plm_check_confident_pos
lastFM_37240,mbrainz_16260,musicbrainz,lastfm,1.0,True,True,True,gold
lastFM_37270,mbrainz_16272,musicbrainz,lastfm,1.0,True,True,True,gold
lastFM_3728,mbrainz_1588,musicbrainz,lastfm,0.9740981459617615,False,True,True,agreement
lastFM_37289,mbrainz_16275,musicbrainz,lastfm,1.0,True,True,True,gold
lastFM_37304,mbrainz_16282,musicbrainz,lastfm,1.0,True,True,True,gold
lastFM_37339,mbrainz_16285,musicbrainz,lastfm,1.0,True,True,True,gold
lastFM_37371,mbrainz_16291,musicbrainz,lastfm,0.9732038974761963,False,True,True,agreement
lastFM_37411,mbrainz_16299,musicbrainz,lastfm,1.0,True,True,True,gold
lastFM_3745,mbrainz_1600,musicbrainz,lastfm,1.0,True,True,True,gold
lastFM_37463,mbrainz_16310,musicbrainz,lastfm,1.0,True,True,True,gold
lastFM_37495,mbrainz_16317,musicbrainz,lastfm,1.0,True,False,True,gold
lastFM_37496,mbrainz_16712,musicbrainz,lastfm,0.9749934673309326,False,False,True,plm_check_confident_pos
lastFM_37496,mbrainz_16773,musicbrainz,lastfm,0.946793258190155,False,False,True,plm_check_confident_pos
lastFM_37496,mbrainz_25550,musicbrainz,lastfm,0.9749142527580261,False,False,True,plm_check_confident_pos
lastFM_37497,mbrainz_17572,musicbrainz,lastfm,1.0,True,False,True,gold
lastFM_37535,mbrainz_16327,musicbrainz,lastfm,1.0,True,True,True,gold
lastFM_37542,mbrainz_16332,musicbrainz,lastfm,1.0,True,True,True,gold
lastFM_37545,mbrainz_16334,musicbrainz,lastfm,1.0,True,True,True,gold
lastFM_37582,mbrainz_1625,musicbrainz,lastfm,0.9439161419868469,False,True,True,agreement
lastFM_37582,mbrainz_29984,musicbrainz,lastfm,0.8783047795295715,False,False,True,plm_check_confident_pos
lastFM_37604,mbrainz_16349,musicbrainz,lastfm,1.0,True,False,True,gold
lastFM_37604,mbrainz_19233,musicbrainz,lastfm,0.7317426204681396,False,False,True,plm_check_confident_pos
lastFM_37604,mbrainz_29773,musicbrainz,lastfm,0.7349357604980469,False,False,True,plm_check_confident_pos
lastFM_37645,mbrainz_16361,musicbrainz,lastfm,1.0,True,True,True,gold
lastFM_37645,mbrainz_18191,musicbrainz,lastfm,0.9738446474075317,False,False,True,plm_check_confident_pos
lastFM_3767,mbrainz_1617,musicbrainz,lastfm,1.0,True,True,True,gold
lastFM_37670,mbrainz_16368,musicbrainz,lastfm,1.0,True,True,True,gold
lastFM_37670,mbrainz_18358,musicbrainz,lastfm,0.9745031595230103,False,False,True,plm_check_confident_pos
lastFM_37674,mbrainz_16371,musicbrainz,lastfm,1.0,True,True,True,gold
lastFM_37695,mbrainz_16376,musicbrainz,lastfm,1.0,True,True,True,gold
lastFM_3773,mbrainz_1621,musicbrainz,lastfm,1.0,True,True,True,gold
lastFM_37733,mbrainz_16389,musicbrainz,lastfm,1.0,True,True,True,gold
lastFM_37738,mbrainz_16390,musicbrainz,lastfm,1.0,True,True,True,gold
lastFM_37785,mbrainz_16400,musicbrainz,lastfm,1.0,True,True,True,gold
lastFM_37799,mbrainz_16405,musicbrainz,lastfm,1.0,True,True,True,gold
lastFM_37803,mbrainz_16406,musicbrainz,lastfm,1.0,True,True,True,gold
lastFM_37844,mbrainz_16420,musicbrainz,lastfm,1.0,True,True,True,gold
lastFM_3785,mbrainz_1631,musicbrainz,lastfm,1.0,True,True,True,gold
lastFM_37856,mbrainz_16423,musicbrainz,lastfm,1.0,True,True,True,gold
lastFM_3787,mbrainz_1633,musicbrainz,lastfm,1.0,True,True,True,gold
lastFM_3788,mbrainz_1634,musicbrainz,lastfm,1.0,True,True,True,gold
lastFM_37972,mbrainz_16465,musicbrainz,lastfm,1.0,True,True,True,gold
lastFM_37990,mbrainz_16469,musicbrainz,lastfm,1.0,True,True,True,gold
lastFM_38000,mbrainz_16471,musicbrainz,lastfm,1.0,True,True,True,gold
lastFM_38087,mbrainz_16498,musicbrainz,lastfm,0.9728943109512329,False,False,True,plm_check_confident_pos
lastFM_38087,mbrainz_7718,musicbrainz,lastfm,0.7048326134681702,False,False,True,plm_check_confident_pos
lastFM_3815,mbrainz_1654,musicbrainz,lastfm,1.0,True,False,True,gold
lastFM_38263,mbrainz_16566,musicbrainz,lastfm,0.9728211760520935,False,True,True,agreement
lastFM_38263,mbrainz_16936,musicbrainz,lastfm,0.7059892416000366,False,False,True,plm_check_confident_pos
lastFM_38292,mbrainz_16571,musicbrainz,lastfm,1.0,True,True,True,gold
lastFM_38323,mbrainz_16581,musicbrainz,lastfm,1.0,True,True,True,gold
lastFM_38330,mbrainz_16582,musicbrainz,lastfm,1.0,True,True,True,gold
lastFM_38355,mbrainz_16589,musicbrainz,lastfm,1.0,True,True,True,gold
lastFM_38371,mbrainz_16595,musicbrainz,lastfm,1.0,True,True,True,gold
lastFM_38389,mbrainz_16599,musicbrainz,lastfm,1.0,True,True,True,gold
lastFM_38483,mbrainz_16630,musicbrainz,lastfm,1.0,True,True,True,gold
lastFM_385,mbrainz_221,musicbrainz,lastfm,1.0,True,True,True,gold
lastFM_38512,mbrainz_16642,musicbrainz,lastfm,1.0,True,True,True,gold
lastFM_38533,mbrainz_16648,musicbrainz,lastfm,1.0,True,True,True,gold
lastFM_38559,mbrainz_16657,musicbrainz,lastfm,1.0,True,True,True,gold
lastFM_386,mbrainz_222,musicbrainz,lastfm,1.0,True,True,True,gold
lastFM_38629,mbrainz_16682,musicbrainz,lastfm,1.0,True,True,True,gold
lastFM_38654,mbrainz_16689,musicbrainz,lastfm,0.9727004766464233,False,True,True,agreement
lastFM_38659,mbrainz_16690,musicbrainz,lastfm,1.0,True,True,True,gold
lastFM_38696,mbrainz_16705,musicbrainz,lastfm,1.0,True,False,True,gold
lastFM_38732,mbrainz_16712,musicbrainz,lastfm,1.0,True,True,True,gold
lastFM_38732,mbrainz_16773,musicbrainz,lastfm,0.9563255906105042,False,False,True,plm_check_confident_pos
lastFM_38732,mbrainz_25550,musicbrainz,lastfm,0.974339485168457,False,False,True,plm_check_confident_pos
lastFM_38743,mbrainz_16714,musicbrainz,lastfm,1.0,True,True,True,gold
lastFM_3875,mbrainz_1687,musicbrainz,lastfm,1.0,True,True,True,gold
lastFM_3875,mbrainz_2176,musicbrainz,lastfm,0.929915726184845,False,False,True,plm_check_confident_pos
lastFM_3876,mbrainz_1688,musicbrainz,lastfm,0.9733799695968628,False,True,True,agreement
lastFM_38767,mbrainz_16723,musicbrainz,lastfm,1.0,True,True,True,gold
lastFM_3877,mbrainz_1689,musicbrainz,lastfm,1.0,True,True,True,gold
lastFM_38814,mbrainz_16736,musicbrainz,lastfm,1.0,True,True,True,gold
lastFM_38830,mbrainz_466,musicbrainz,lastfm,0.9729065895080566,False,False,True,plm_check_confident_pos
lastFM_38851,mbrainz_16745,musicbrainz,lastfm,1.0,True,False,True,gold
lastFM_3891,mbrainz_1697,musicbrainz,lastfm,1.0,True,True,True,gold
lastFM_38926,mbrainz_16712,musicbrainz,lastfm,0.9257727265357971,False,False,True,plm_check_confident_pos
lastFM_38926,mbrainz_16773,musicbrainz,lastfm,1.0,True,True,True,gold
lastFM_38926,mbrainz_25550,musicbrainz,lastfm,0.9756896495819092,False,False,True,plm_check_confident_pos
lastFM_38933,mbrainz_26097,musicbrainz,lastfm,0.974103569984436,False,True,True,agreement
lastFM_38937,mbrainz_16776,musicbrainz,lastfm,1.0,True,True,True,gold
lastFM_38950,mbrainz_10,musicbrainz,lastfm,0.8473500609397888,False,True,True,agreement
lastFM_38992,mbrainz_16794,musicbrainz,lastfm,0.9725989103317261,False,True,True,agreement
lastFM_39006,mbrainz_16798,musicbrainz,lastfm,1.0,True,True,True,gold
lastFM_39063,mbrainz_16814,musicbrainz,lastfm,1.0,True,True,True,gold
lastFM_39111,mbrainz_16825,musicbrainz,lastfm,1.0,True,True,True,gold
lastFM_39119,mbrainz_16828,musicbrainz,lastfm,1.0,True,True,True,gold
lastFM_39161,mbrainz_16838,musicbrainz,lastfm,1.0,True,True,True,gold
lastFM_39173,mbrainz_16842,musicbrainz,lastfm,1.0,True,False,True,gold
lastFM_39210,mbrainz_16851,musicbrainz,lastfm,1.0,True,True,True,gold
lastFM_39237,mbrainz_16858,musicbrainz,lastfm,0.9731724262237549,False,False,True,plm_check_confident_pos
lastFM_39237,mbrainz_5776,musicbrainz,lastfm,0.7995121479034424,False,False,True,plm_check_confident_pos
lastFM_39264,mbrainz_16863,musicbrainz,lastfm,1.0,True,True,True,gold
lastFM_39328,mbrainz_16881,musicbrainz,lastfm,0.9645184278488159,False,True,True,agreement
lastFM_39328,mbrainz_4826,musicbrainz,lastfm,0.7325129508972168,False,False,True,plm_check_confident_pos
lastFM_3935,mbrainz_1725,musicbrainz,lastfm,1.0,True,True,True,gold
lastFM_39373,mbrainz_16895,musicbrainz,lastfm,1.0,True,True,True,gold
lastFM_39466,mbrainz_16922,musicbrainz,lastfm,1.0,True,True,True,gold
lastFM_39506,mbrainz_16932,musicbrainz,lastfm,1.0,True,True,True,gold
lastFM_39521,mbrainz_16936,musicbrainz,lastfm,1.0,True,True,True,gold
lastFM_3958,mbrainz_1744,musicbrainz,lastfm,1.0,True,True,True,gold
lastFM_39606,mbrainz_16961,musicbrainz,lastfm,1.0,True,True,True,gold
lastFM_3961,mbrainz_1746,musicbrainz,lastfm,1.0,True,True,True,gold
lastFM_39622,mbrainz_16967,musicbrainz,lastfm,1.0,True,True,True,gold
lastFM_3963,mbrainz_10120,musicbrainz,lastfm,0.7240943312644958,False,False,True,plm_check_confident_pos
lastFM_3963,mbrainz_1747,musicbrainz,lastfm,1.0,True,False,True,gold
lastFM_39682,mbrainz_28868,musicbrainz,lastfm,0.9664278030395508,False,False,True,plm_check_confident_pos
lastFM_39737,mbrainz_17001,musicbrainz,lastfm,1.0,True,True,True,gold
lastFM_39747,mbrainz_17006,musicbrainz,lastfm,1.0,True,True,True,gold
lastFM_39755,mbrainz_17009,musicbrainz,lastfm,0.9750136733055115,False,True,True,agreement
lastFM_39768,mbrainz_17012,musicbrainz,lastfm,1.0,True,False,True,gold
lastFM_39830,mbrainz_17035,musicbrainz,lastfm,1.0,True,True,True,gold
lastFM_3989,mbrainz_1761,musicbrainz,lastfm,1.0,True,True,True,gold
lastFM_3990,mbrainz_1762,musicbrainz,lastfm,1.0,True,False,True,gold
lastFM_39944,mbrainz_18289,musicbrainz,lastfm,1.0,True,False,True,gold
lastFM_39950,mbrainz_17076,musicbrainz,lastfm,1.0,True,True,True,gold
lastFM_39952,mbrainz_17077,musicbrainz,lastfm,1.0,True,True,True,gold
lastFM_39977,mbrainz_17086,musicbrainz,lastfm,1.0,True,False,True,gold
lastFM_39977,mbrainz_25221,musicbrainz,lastfm,0.9732195138931274,False,True,True,agreement
lastFM_4,mbrainz_4,musicbrainz,lastfm,1.0,True,False,True,gold
lastFM_40,mbrainz_30,musicbrainz,lastfm,1.0,True,True,True,gold
lastFM_400,mbrainz_229,musicbrainz,lastfm,1.0,True,False,True,gold
lastFM_40025,mbrainz_17102,musicbrainz,lastfm,1.0,True,True,True,gold
lastFM_40044,mbrainz_17113,musicbrainz,lastfm,1.0,True,True,True,gold
lastFM_40062,mbrainz_17122,musicbrainz,lastfm,0.9724009037017822,False,True,True,agreement
lastFM_40079,mbrainz_17127,musicbrainz,lastfm,1.0,True,True,True,gold
lastFM_4011,mbrainz_1775,musicbrainz,lastfm,0.945425808429718,False,False,True,plm_check_confident_pos
lastFM_40124,mbrainz_17143,musicbrainz,lastfm,1.0,True,True,True,gold
lastFM_40176,mbrainz_17160,musicbrainz,lastfm,1.0,True,True,True,gold
lastFM_40196,mbrainz_17166,musicbrainz,lastfm,1.0,True,True,True,gold
lastFM_402,mbrainz_231,musicbrainz,lastfm,1.0,True,True,True,gold
lastFM_40200,mbrainz_17167,musicbrainz,lastfm,1.0,True,False,True,gold
lastFM_4021,mbrainz_15336,musicbrainz,lastfm,0.8667963743209839,False,False,True,plm_check_confident_pos
lastFM_40226,mbrainz_17173,musicbrainz,lastfm,1.0,True,False,True,gold
lastFM_40312,mbrainz_17203,musicbrainz,lastfm,1.0,True,True,True,gold
lastFM_40342,mbrainz_17212,musicbrainz,lastfm,1.0,True,True,True,gold
lastFM_4036,mbrainz_1791,musicbrainz,lastfm,1.0,True,True,True,gold
lastFM_40360,mbrainz_17217,musicbrainz,lastfm,1.0,True,True,True,gold
lastFM_40373,mbrainz_17220,musicbrainz,lastfm,1.0,True,True,True,gold
lastFM_404,mbrainz_233,musicbrainz,lastfm,0.9740386605262756,False,True,True,agreement
lastFM_4040,mbrainz_1793,musicbrainz,lastfm,1.0,True,True,True,gold
lastFM_40425,mbrainz_20198,musicbrainz,lastfm,1.0,True,True,True,gold
lastFM_40429,mbrainz_10451,musicbrainz,lastfm,0.7359781265258789,False,False,True,plm_check_confident_pos
lastFM_40429,mbrainz_17238,musicbrainz,lastfm,1.0,True,True,True,gold
lastFM_40474,mbrainz_30041,musicbrainz,lastfm,0.9724224209785461,False,False,True,plm_check_confident_pos
lastFM_40496,mbrainz_17263,musicbrainz,lastfm,1.0,True,True,True,gold
lastFM_40496,mbrainz_9085,musicbrainz,lastfm,0.7977072596549988,False,False,True,plm_check_confident_pos
lastFM_40503,mbrainz_17264,musicbrainz,lastfm,1.0,True,False,True,gold
lastFM_4052,mbrainz_1798,musicbrainz,lastfm,1.0,True,True,True,gold
lastFM_40658,mbrainz_17311,musicbrainz,lastfm,1.0,True,True,True,gold
lastFM_407,mbrainz_234,musicbrainz,lastfm,1.0,True,True,True,gold
lastFM_4071,mbrainz_1812,musicbrainz,lastfm,1.0,True,True,True,gold
lastFM_4071,mbrainz_18594,musicbrainz,lastfm,0.7647590637207031,False,False,True,plm_check_confident_pos
lastFM_4071,mbrainz_19150,musicbrainz,lastfm,0.7217584848403931,False,False,True,plm_check_confident_pos
lastFM_40813,mbrainz_24276,musicbrainz,lastfm,0.5264784097671509,False,True,True,agreement
lastFM_40948,mbrainz_25706,musicbrainz,lastfm,1.0,True,True,True,gold
lastFM_40955,mbrainz_17408,musicbrainz,lastfm,1.0,True,True,True,gold
lastFM_40963,mbrainz_17410,musicbrainz,lastfm,1.0,True,True,True,gold
lastFM_40998,mbrainz_17418,musicbrainz,lastfm,0.9290885925292969,False,True,True,agreement
lastFM_410,mbrainz_236,musicbrainz,lastfm,1.0,True,True,True,gold
lastFM_41038,mbrainz_17436,musicbrainz,lastfm,1.0,True,True,True,gold
lastFM_41102,mbrainz_17466,musicbrainz,lastfm,0.972545862197876,False,True,True,agreement
lastFM_41153,mbrainz_15528,musicbrainz,lastfm,0.945279598236084,False,False,True,plm_check_confident_pos
lastFM_4128,mbrainz_1840,musicbrainz,lastfm,1.0,True,True,True,gold
lastFM_4129,mbrainz_1841,musicbrainz,lastfm,1.0,True,True,True,gold
lastFM_4129,mbrainz_21265,musicbrainz,lastfm,0.8300556540489197,False,False,True,plm_check_confident_pos
lastFM_4132,mbrainz_1844,musicbrainz,lastfm,1.0,True,True,True,gold
lastFM_4133,mbrainz_1845,musicbrainz,lastfm,1.0,True,True,True,gold
lastFM_41354,mbrainz_17474,musicbrainz,lastfm,1.0,True,True,True,gold
lastFM_41372,mbrainz_11545,musicbrainz,lastfm,0.8209965825080872,False,False,True,plm_check_confident_pos
lastFM_414,mbrainz_239,musicbrainz,lastfm,1.0,True,True,True,gold
lastFM_41493,mbrainz_17504,musicbrainz,lastfm,1.0,True,True,True,gold
lastFM_4150,mbrainz_1851,musicbrainz,lastfm,1.0,True,True,True,gold
lastFM_41567,mbrainz_26097,musicbrainz,lastfm,0.9519302248954773,False,False,True,plm_check_confident_pos
lastFM_416,mbrainz_241,musicbrainz,lastfm,1.0,True,True,True,gold
lastFM_41616,mbrainz_17543,musicbrainz,lastfm,1.0,True,True,True,gold
lastFM_41632,mbrainz_17547,musicbrainz,lastfm,1.0,True,False,True,gold
lastFM_4164,mbrainz_1856,musicbrainz,lastfm,1.0,True,True,True,gold
lastFM_4167,mbrainz_25605,musicbrainz,lastfm,0.7950295209884644,False,False,True,plm_check_confident_pos
lastFM_4167,mbrainz_4488,musicbrainz,lastfm,0.7901491522789001,False,False,True,plm_check_confident_pos
lastFM_41677,mbrainz_17559,musicbrainz,lastfm,1.0,True,True,True,gold
lastFM_4169,mbrainz_1859,musicbrainz,lastfm,1.0,True,True,True,gold
lastFM_4169,mbrainz_546,musicbrainz,lastfm,0.974901020526886,False,False,True,plm_check_confident_pos
lastFM_417,mbrainz_242,musicbrainz,lastfm,1.0,True,True,True,gold
lastFM_41762,mbrainz_4541,musicbrainz,lastfm,1.0,True,False,True,gold
lastFM_41766,mbrainz_17583,musicbrainz,lastfm,1.0,True,True,True,gold
lastFM_4180,mbrainz_1866,musicbrainz,lastfm,1.0,True,True,True,gold
lastFM_41817,mbrainz_22421,musicbrainz,lastfm,0.9230725169181824,False,False,True,plm_check_confident_pos
lastFM_4182,mbrainz_1867,musicbrainz,lastfm,1.0,True,True,True,gold
lastFM_41840,mbrainz_18137,musicbrainz,lastfm,1.0,True,False,True,gold
lastFM_41949,mbrainz_17635,musicbrainz,lastfm,1.0,True,True,True,gold
lastFM_41959,mbrainz_17639,musicbrainz,lastfm,1.0,True,True,True,gold
lastFM_41967,mbrainz_17640,musicbrainz,lastfm,1.0,True,False,True,gold
lastFM_41969,mbrainz_17641,musicbrainz,lastfm,0.9726797342300415,False,True,True,agreement
lastFM_41971,mbrainz_17654,musicbrainz,lastfm,1.0,True,True,True,gold
lastFM_420,mbrainz_243,musicbrainz,lastfm,1.0,True,True,True,gold
lastFM_42011,mbrainz_17655,musicbrainz,lastfm,1.0,True,True,True,gold
lastFM_42022,mbrainz_17658,musicbrainz,lastfm,1.0,True,True,True,gold
lastFM_4205,mbrainz_1883,musicbrainz,lastfm,1.0,True,True,True,gold
lastFM_42054,mbrainz_17666,musicbrainz,lastfm,1.0,True,False,True,gold
lastFM_4206,mbrainz_1884,musicbrainz,lastfm,1.0,True,False,True,gold
lastFM_4207,mbrainz_1885,musicbrainz,lastfm,1.0,True,False,True,gold
lastFM_4208,mbrainz_1886,musicbrainz,lastfm,1.0,True,True,True,gold
lastFM_42085,mbrainz_17677,musicbrainz,lastfm,1.0,True,True,True,gold
lastFM_4209,mbrainz_1887,musicbrainz,lastfm,1.0,True,True,True,gold
lastFM_42091,mbrainz_17680,musicbrainz,lastfm,1.0,True,True,True,gold
lastFM_421,mbrainz_244,musicbrainz,lastfm,1.0,True,True,True,gold
lastFM_42136,mbrainz_17691,musicbrainz,lastfm,1.0,True,False,True,gold
lastFM_42138,mbrainz_17692,musicbrainz,lastfm,1.0,True,True,True,gold
lastFM_42159,mbrainz_17696,musicbrainz,lastfm,1.0,True,True,True,gold
lastFM_42212,mbrainz_17712,musicbrainz,lastfm,1.0,True,True,True,gold
lastFM_42253,mbrainz_17724,musicbrainz,lastfm,1.0,True,True,True,gold
lastFM_42263,mbrainz_17729,musicbrainz,lastfm,1.0,True,True,True,gold
lastFM_42294,mbrainz_17739,musicbrainz,lastfm,1.0,True,True,True,gold
lastFM_42330,mbrainz_17748,musicbrainz,lastfm,1.0,True,True,True,gold
lastFM_42390,mbrainz_17763,musicbrainz,lastfm,1.0,True,True,True,gold
lastFM_42428,mbrainz_17778,musicbrainz,lastfm,1.0,True,True,True,gold
lastFM_42428,mbrainz_8079,musicbrainz,lastfm,0.7302672863006592,False,False,True,plm_check_confident_pos
lastFM_42439,mbrainz_17784,musicbrainz,lastfm,1.0,True,True,True,gold
lastFM_42440,mbrainz_17785,musicbrainz,lastfm,1.0,True,True,True,gold
lastFM_42449,mbrainz_17788,musicbrainz,lastfm,1.0,True,True,True,gold
lastFM_4245,mbrainz_1907,musicbrainz,lastfm,1.0,True,True,True,gold
lastFM_42454,mbrainz_17791,musicbrainz,lastfm,1.0,True,True,True,gold
lastFM_42470,mbrainz_17798,musicbrainz,lastfm,1.0,True,True,True,gold
lastFM_42483,mbrainz_17808,musicbrainz,lastfm,1.0,True,True,True,gold
lastFM_425,mbrainz_247,musicbrainz,lastfm,1.0,True,False,True,gold
lastFM_4259,mbrainz_1916,musicbrainz,lastfm,1.0,True,False,True,gold
lastFM_426,mbrainz_248,musicbrainz,lastfm,1.0,True,True,True,gold
lastFM_42609,mbrainz_23870,musicbrainz,lastfm,0.9600428938865662,False,True,True,agreement
lastFM_42654,mbrainz_3445,musicbrainz,lastfm,0.6843756437301636,False,True,True,agreement
lastFM_42746,mbrainz_24797,musicbrainz,lastfm,0.7834716439247131,False,False,True,plm_check_confident_pos
lastFM_42755,mbrainz_17820,musicbrainz,lastfm,1.0,True,True,True,gold
lastFM_428,mbrainz_250,musicbrainz,lastfm,1.0,True,True,True,gold
lastFM_428,mbrainz_8580,musicbrainz,lastfm,0.8175733089447021,False,False,True,plm_check_confident_pos
lastFM_42817,mbrainz_17829,musicbrainz,lastfm,1.0,True,True,True,gold
lastFM_42835,mbrainz_17834,musicbrainz,lastfm,1.0,True,True,True,gold
lastFM_42853,mbrainz_17838,musicbrainz,lastfm,1.0,True,True,True,gold
lastFM_42855,mbrainz_17839,musicbrainz,lastfm,1.0,True,True,True,gold
lastFM_42892,mbrainz_17850,musicbrainz,lastfm,1.0,True,True,True,gold
lastFM_4291,mbrainz_1935,musicbrainz,lastfm,1.0,True,True,True,gold
lastFM_42922,mbrainz_24309,musicbrainz,lastfm,0.7220732569694519,False,False,True,plm_check_confident_pos
lastFM_42979,mbrainz_17871,musicbrainz,lastfm,1.0,True,True,True,gold
lastFM_42988,mbrainz_17876,musicbrainz,lastfm,1.0,True,True,True,gold
lastFM_42994,mbrainz_17880,musicbrainz,lastfm,0.9736402630805969,False,True,True,agreement
lastFM_43009,mbrainz_20423,musicbrainz,lastfm,0.8370400667190552,False,False,True,plm_check_confident_pos
lastFM_43115,mbrainz_17930,musicbrainz,lastfm,0.94745272397995,False,True,True,agreement
lastFM_43143,mbrainz_17928,musicbrainz,lastfm,0.9674983024597168,False,False,True,plm_check_confident_pos
lastFM_432,mbrainz_253,musicbrainz,lastfm,1.0,True,False,True,gold
lastFM_43202,mbrainz_17944,musicbrainz,lastfm,1.0,True,True,True,gold
lastFM_43204,mbrainz_17945,musicbrainz,lastfm,1.0,True,True,True,gold
lastFM_433,mbrainz_254,musicbrainz,lastfm,1.0,True,True,True,gold
lastFM_4332,mbrainz_1957,musicbrainz,lastfm,1.0,True,True,True,gold
lastFM_43350,mbrainz_17999,musicbrainz,lastfm,1.0,True,True,True,gold
lastFM_434,mbrainz_255,musicbrainz,lastfm,1.0,True,True,True,gold
lastFM_43490,mbrainz_9552,musicbrainz,lastfm,0.9734442234039307,False,True,True,agreement
lastFM_435,mbrainz_256,musicbrainz,lastfm,1.0,True,True,True,gold
lastFM_43511,mbrainz_18047,musicbrainz,lastfm,1.0,True,True,True,gold
lastFM_43513,mbrainz_31367,musicbrainz,lastfm,0.9697439670562744,False,False,True,plm_check_confident_pos
lastFM_43528,mbrainz_18051,musicbrainz,lastfm,1.0,True,True,True,gold
lastFM_43542,mbrainz_18054,musicbrainz,lastfm,0.9741891026496887,False,False,True,plm_check_confident_pos
lastFM_43547,mbrainz_18055,musicbrainz,lastfm,1.0,True,True,True,gold
lastFM_43560,mbrainz_18060,musicbrainz,lastfm,1.0,True,False,True,gold
lastFM_43596,mbrainz_18072,musicbrainz,lastfm,1.0,True,False,True,gold
lastFM_43596,mbrainz_546,musicbrainz,lastfm,0.7655484080314636,False,False,True,plm_check_confident_pos
lastFM_43640,mbrainz_18090,musicbrainz,lastfm,0.9731326699256897,False,True,True,agreement
lastFM_43731,mbrainz_18122,musicbrainz,lastfm,1.0,True,False,True,gold
lastFM_43768,mbrainz_18132,musicbrainz,lastfm,1.0,True,True,True,gold
lastFM_4379,mbrainz_1981,musicbrainz,lastfm,1.0,True,True,True,gold
lastFM_43806,mbrainz_18330,musicbrainz,lastfm,1.0,True,True,True,gold
lastFM_43813,mbrainz_10092,musicbrainz,lastfm,0.9676952958106995,False,True,True,agreement
lastFM_43813,mbrainz_32294,musicbrainz,lastfm,0.9739388227462769,False,False,True,plm_check_confident_pos
lastFM_43894,mbrainz_18169,musicbrainz,lastfm,1.0,True,False,True,gold
lastFM_43932,mbrainz_18181,musicbrainz,lastfm,1.0,True,True,True,gold
lastFM_43944,mbrainz_18185,musicbrainz,lastfm,1.0,True,True,True,gold
lastFM_43953,mbrainz_16361,musicbrainz,lastfm,0.974213182926178,False,False,True,plm_check_confident_pos
lastFM_43953,mbrainz_18191,musicbrainz,lastfm,1.0,True,True,True,gold
lastFM_43971,mbrainz_18196,musicbrainz,lastfm,1.0,True,True,True,gold
lastFM_4403,mbrainz_1990,musicbrainz,lastfm,1.0,True,False,True,gold
lastFM_44046,mbrainz_18214,musicbrainz,lastfm,1.0,True,True,True,gold
lastFM_44053,mbrainz_18220,musicbrainz,lastfm,1.0,True,True,True,gold
lastFM_4408,mbrainz_1994,musicbrainz,lastfm,1.0,True,False,True,gold
lastFM_441,mbrainz_260,musicbrainz,lastfm,1.0,True,True,True,gold
lastFM_44105,mbrainz_18232,musicbrainz,lastfm,1.0,True,True,True,gold
lastFM_4419,mbrainz_2004,musicbrainz,lastfm,1.0,True,True,True,gold
lastFM_44201,mbrainz_18257,musicbrainz,lastfm,0.9755259156227112,False,True,True,agreement
lastFM_4423,mbrainz_2007,musicbrainz,lastfm,1.0,True,False,True,gold
lastFM_44336,mbrainz_18301,musicbrainz,lastfm,1.0,True,True,True,gold
lastFM_44374,mbrainz_18314,musicbrainz,lastfm,1.0,True,True,True,gold
lastFM_44379,mbrainz_18315,musicbrainz,lastfm,1.0,True,True,True,gold
lastFM_444,mbrainz_262,musicbrainz,lastfm,1.0,True,True,True,gold
lastFM_44423,mbrainz_24797,musicbrainz,lastfm,0.8002082109451294,False,False,True,plm_check_confident_pos
lastFM_44425,mbrainz_18327,musicbrainz,lastfm,1.0,True,True,True,gold
lastFM_44431,mbrainz_18331,musicbrainz,lastfm,1.0,True,True,True,gold
lastFM_44432,mbrainz_18332,musicbrainz,lastfm,1.0,True,True,True,gold
lastFM_4446,mbrainz_2016,musicbrainz,lastfm,1.0,True,False,True,gold
lastFM_44469,mbrainz_18349,musicbrainz,lastfm,1.0,True,True,True,gold
lastFM_4448,mbrainz_2017,musicbrainz,lastfm,1.0,True,False,True,gold
lastFM_44496,mbrainz_16368,musicbrainz,lastfm,0.9732855558395386,False,False,True,plm_check_confident_pos
lastFM_44496,mbrainz_18358,musicbrainz,lastfm,1.0,True,True,True,gold
lastFM_44518,mbrainz_18368,musicbrainz,lastfm,1.0,True,True,True,gold
lastFM_4452,mbrainz_2019,musicbrainz,lastfm,1.0,True,True,True,gold
lastFM_44526,mbrainz_18370,musicbrainz,lastfm,1.0,True,True,True,gold
lastFM_44534,mbrainz_18371,musicbrainz,lastfm,1.0,True,True,True,gold
lastFM_44534,mbrainz_26294,musicbrainz,lastfm,0.8654651045799255,False,False,True,plm_check_confident_pos
lastFM_44539,mbrainz_18372,musicbrainz,lastfm,1.0,True,True,True,gold
lastFM_44562,mbrainz_18378,musicbrainz,lastfm,1.0,True,False,True,gold
lastFM_4458,mbrainz_2024,musicbrainz,lastfm,1.0,True,True,True,gold
lastFM_4458,mbrainz_7166,musicbrainz,lastfm,0.7877338528633118,False,False,True,plm_check_confident_pos
lastFM_44589,mbrainz_18388,musicbrainz,lastfm,1.0,True,False,True,gold
lastFM_4460,mbrainz_2025,musicbrainz,lastfm,1.0,True,True,True,gold
lastFM_44630,mbrainz_12230,musicbrainz,lastfm,0.7047255635261536,False,False,True,plm_check_confident_pos
lastFM_44638,mbrainz_18402,musicbrainz,lastfm,1.0,True,True,True,gold
lastFM_44730,mbrainz_18430,musicbrainz,lastfm,1.0,True,True,True,gold
lastFM_44763,mbrainz_18440,musicbrainz,lastfm,1.0,True,False,True,gold
lastFM_44785,mbrainz_18444,musicbrainz,lastfm,1.0,True,True,True,gold
lastFM_44789,mbrainz_18446,musicbrainz,lastfm,1.0,True,True,True,gold
lastFM_44792,mbrainz_18448,musicbrainz,lastfm,1.0,True,True,True,gold
lastFM_44820,mbrainz_3019,musicbrainz,lastfm,0.9537807703018188,False,False,True,plm_check_confident_pos
lastFM_44842,mbrainz_18462,musicbrainz,lastfm,1.0,True,False,True,gold
lastFM_44876,mbrainz_18468,musicbrainz,lastfm,1.0,True,True,True,gold
lastFM_44878,mbrainz_18469,musicbrainz,lastfm,1.0,True,True,True,gold
lastFM_44925,mbrainz_18486,musicbrainz,lastfm,1.0,True,True,True,gold
lastFM_44927,mbrainz_18487,musicbrainz,lastfm,1.0,True,True,True,gold
lastFM_4499,mbrainz_2046,musicbrainz,lastfm,1.0,True,True,True,gold
lastFM_4499,mbrainz_7404,musicbrainz,lastfm,0.7017909288406372,False,False,True,plm_check_confident_pos
lastFM_44990,mbrainz_21163,musicbrainz,lastfm,0.8465678095817566,False,False,True,plm_check_confident_pos
lastFM_44997,mbrainz_18501,musicbrainz,lastfm,0.9744636416435242,False,True,True,agreement
lastFM_44997,mbrainz_3085,musicbrainz,lastfm,0.9583527445793152,False,False,True,plm_check_confident_pos
lastFM_45043,mbrainz_18516,musicbrainz,lastfm,1.0,True,True,True,gold
lastFM_45043,mbrainz_31484,musicbrainz,lastfm,0.8632306456565857,False,False,True,plm_check_confident_pos
lastFM_45052,mbrainz_18518,musicbrainz,lastfm,1.0,True,True,True,gold
lastFM_45074,mbrainz_18526,musicbrainz,lastfm,1.0,True,True,True,gold
lastFM_45104,mbrainz_18536,musicbrainz,lastfm,1.0,True,False,True,gold
lastFM_45128,mbrainz_18543,musicbrainz,lastfm,1.0,True,True,True,gold
lastFM_45129,mbrainz_18544,musicbrainz,lastfm,1.0,True,True,True,gold
lastFM_45129,mbrainz_4109,musicbrainz,lastfm,0.90834641456604,False,False,True,plm_check_confident_pos
lastFM_45133,mbrainz_18545,musicbrainz,lastfm,1.0,True,True,True,gold
lastFM_4517,mbrainz_2056,musicbrainz,lastfm,1.0,True,True,True,gold
lastFM_4521,mbrainz_2058,musicbrainz,lastfm,0.9735456705093384,False,True,True,agreement
lastFM_45212,mbrainz_18561,musicbrainz,lastfm,1.0,True,True,True,gold
lastFM_45215,mbrainz_18562,musicbrainz,lastfm,1.0,True,True,True,gold
lastFM_45304,mbrainz_18594,musicbrainz,lastfm,1.0,True,True,True,gold
lastFM_45316,mbrainz_18601,musicbrainz,lastfm,1.0,True,True,True,gold
lastFM_45369,mbrainz_18615,musicbrainz,lastfm,1.0,True,True,True,gold
lastFM_45378,mbrainz_18618,musicbrainz,lastfm,1.0,True,True,True,gold
lastFM_45384,mbrainz_17860,musicbrainz,lastfm,0.7082471251487732,False,False,True,plm_check_confident_pos
lastFM_4539,mbrainz_2071,musicbrainz,lastfm,1.0,True,True,True,gold
lastFM_45420,mbrainz_18632,musicbrainz,lastfm,1.0,True,True,True,gold
lastFM_4543,mbrainz_2073,musicbrainz,lastfm,1.0,True,True,True,gold
lastFM_4544,mbrainz_2074,musicbrainz,lastfm,1.0,True,True,True,gold
lastFM_4546,mbrainz_2075,musicbrainz,lastfm,1.0,True,True,True,gold
lastFM_45469,mbrainz_18647,musicbrainz,lastfm,1.0,True,False,True,gold
lastFM_45508,mbrainz_28868,musicbrainz,lastfm,0.9534967541694641,False,False,True,plm_check_confident_pos
lastFM_45512,mbrainz_18656,musicbrainz,lastfm,1.0,True,True,True,gold
lastFM_45547,mbrainz_18664,musicbrainz,lastfm,1.0,True,False,True,gold
lastFM_4558,mbrainz_2082,musicbrainz,lastfm,1.0,True,False,True,gold
lastFM_4560,mbrainz_2083,musicbrainz,lastfm,0.9760347604751587,False,True,True,agreement
lastFM_45626,mbrainz_18689,musicbrainz,lastfm,0.973526120185852,False,True,True,agreement
lastFM_45671,mbrainz_18701,musicbrainz,lastfm,1.0,True,True,True,gold
lastFM_45684,mbrainz_18707,musicbrainz,lastfm,0.9730162024497986,False,False,True,plm_check_confident_pos
lastFM_45684,mbrainz_19522,musicbrainz,lastfm,0.9732059240341187,False,True,True,agreement
lastFM_45699,mbrainz_18711,musicbrainz,lastfm,1.0,True,True,True,gold
lastFM_4570,mbrainz_2090,musicbrainz,lastfm,1.0,True,True,True,gold
lastFM_45844,mbrainz_18743,musicbrainz,lastfm,1.0,True,True,True,gold
lastFM_4590,mbrainz_20526,musicbrainz,lastfm,0.9727323055267334,False,False,True,plm_check_confident_pos
lastFM_4590,mbrainz_20680,musicbrainz,lastfm,0.9753080606460571,False,False,True,plm_check_confident_pos
lastFM_4590,mbrainz_2101,musicbrainz,lastfm,1.0,True,True,True,gold
lastFM_4590,mbrainz_2412,musicbrainz,lastfm,0.963992178440094,False,False,True,plm_check_confident_pos
lastFM_4590,mbrainz_26547,musicbrainz,lastfm,0.9752785563468933,False,False,True,plm_check_confident_pos
lastFM_4590,mbrainz_27580,musicbrainz,lastfm,0.8210287690162659,False,False,True,plm_check_confident_pos
lastFM_4590,mbrainz_5301,musicbrainz,lastfm,0.8493671417236328,False,False,True,plm_check_confident_pos
lastFM_45903,mbrainz_18758,musicbrainz,lastfm,1.0,True,False,True,gold
lastFM_45919,mbrainz_18762,musicbrainz,lastfm,1.0,True,True,True,gold
lastFM_4594,mbrainz_16689,musicbrainz,lastfm,0.8050009608268738,False,False,True,plm_check_confident_pos
lastFM_4594,mbrainz_2105,musicbrainz,lastfm,1.0,True,False,True,gold
lastFM_4599,mbrainz_2109,musicbrainz,lastfm,1.0,True,True,True,gold
lastFM_4600,mbrainz_2110,musicbrainz,lastfm,1.0,True,True,True,gold
lastFM_46013,mbrainz_18786,musicbrainz,lastfm,1.0,True,True,True,gold
lastFM_46027,mbrainz_18790,musicbrainz,lastfm,1.0,True,True,True,gold
lastFM_4604,mbrainz_2112,musicbrainz,lastfm,1.0,True,True,True,gold
lastFM_46055,mbrainz_13636,musicbrainz,lastfm,0.8287785649299622,False,False,True,plm_check_confident_pos
lastFM_46055,mbrainz_18232,musicbrainz,lastfm,0.8491557240486145,False,False,True,plm_check_confident_pos
lastFM_46055,mbrainz_21551,musicbrainz,lastfm,0.9278984069824219,False,False,True,plm_check_confident_pos
lastFM_46104,mbrainz_18812,musicbrainz,lastfm,1.0,True,False,True,gold
lastFM_4611,mbrainz_2114,musicbrainz,lastfm,1.0,True,True,True,gold
lastFM_46147,mbrainz_18831,musicbrainz,lastfm,1.0,True,True,True,gold
lastFM_4615,mbrainz_2116,musicbrainz,lastfm,1.0,True,True,True,gold
lastFM_46175,mbrainz_18840,musicbrainz,lastfm,1.0,True,True,True,gold
lastFM_46212,mbrainz_10481,musicbrainz,lastfm,0.735908567905426,False,False,True,plm_check_confident_pos
lastFM_46212,mbrainz_15930,musicbrainz,lastfm,0.8052488565444946,False,False,True,plm_check_confident_pos
lastFM_46212,mbrainz_578,musicbrainz,lastfm,0.7497682571411133,False,False,True,plm_check_confident_pos
lastFM_46216,mbrainz_18855,musicbrainz,lastfm,1.0,True,True,True,gold
lastFM_46282,mbrainz_18878,musicbrainz,lastfm,1.0,True,True,True,gold
lastFM_46292,mbrainz_28230,musicbrainz,lastfm,0.8525320887565613,False,False,True,plm_check_confident_pos
lastFM_46332,mbrainz_18891,musicbrainz,lastfm,1.0,True,True,True,gold
lastFM_46332,mbrainz_576,musicbrainz,lastfm,0.937243640422821,False,False,True,plm_check_confident_pos
lastFM_46353,mbrainz_19858,musicbrainz,lastfm,0.8633052706718445,False,False,True,plm_check_confident_pos
lastFM_4636,mbrainz_2127,musicbrainz,lastfm,1.0,True,False,True,gold
lastFM_46426,mbrainz_18917,musicbrainz,lastfm,1.0,True,True,True,gold
lastFM_46450,mbrainz_18926,musicbrainz,lastfm,1.0,True,True,True,gold
lastFM_46479,mbrainz_18935,musicbrainz,lastfm,1.0,True,True,True,gold
lastFM_4650,mbrainz_2139,musicbrainz,lastfm,1.0,True,True,True,gold
lastFM_46525,mbrainz_18946,musicbrainz,lastfm,1.0,True,True,True,gold
lastFM_46526,mbrainz_18947,musicbrainz,lastfm,1.0,True,True,True,gold
lastFM_46545,mbrainz_18954,musicbrainz,lastfm,0.973021388053894,False,True,True,agreement
lastFM_4657,mbrainz_2145,musicbrainz,lastfm,1.0,True,True,True,gold
lastFM_46574,mbrainz_1645,musicbrainz,lastfm,0.9739611744880676,False,True,True,agreement
lastFM_46575,mbrainz_18962,musicbrainz,lastfm,1.0,True,True,True,gold
lastFM_46578,mbrainz_18964,musicbrainz,lastfm,1.0,True,True,True,gold
lastFM_46597,mbrainz_18971,musicbrainz,lastfm,1.0,True,True,True,gold
lastFM_46606,mbrainz_18974,musicbrainz,lastfm,1.0,True,True,True,gold
lastFM_4661,mbrainz_2148,musicbrainz,lastfm,1.0,True,True,True,gold
lastFM_46620,mbrainz_18982,musicbrainz,lastfm,1.0,True,False,True,gold
lastFM_46620,mbrainz_8399,musicbrainz,lastfm,0.9231404066085815,False,False,True,plm_check_confident_pos
lastFM_46623,mbrainz_18984,musicbrainz,lastfm,1.0,True,True,True,gold
lastFM_46623,mbrainz_22903,musicbrainz,lastfm,0.9748710989952087,False,False,True,plm_check_confident_pos
lastFM_4666,mbrainz_2150,musicbrainz,lastfm,1.0,True,True,True,gold
lastFM_46672,mbrainz_18997,musicbrainz,lastfm,0.9730781316757202,False,True,True,agreement
lastFM_46685,mbrainz_18998,musicbrainz,lastfm,0.9735725522041321,False,True,True,agreement
lastFM_46690,mbrainz_18999,musicbrainz,lastfm,1.0,True,True,True,gold
lastFM_46774,mbrainz_19025,musicbrainz,lastfm,1.0,True,True,True,gold
lastFM_4681,mbrainz_2155,musicbrainz,lastfm,1.0,True,True,True,gold
lastFM_46871,mbrainz_19064,musicbrainz,lastfm,1.0,True,True,True,gold
lastFM_46876,mbrainz_19066,musicbrainz,lastfm,1.0,True,True,True,gold
lastFM_46950,mbrainz_15336,musicbrainz,lastfm,0.8598743081092834,False,False,True,plm_check_confident_pos
lastFM_46966,mbrainz_3679,musicbrainz,lastfm,0.7088257074356079,False,False,True,plm_check_confident_pos
lastFM_4697,mbrainz_2162,musicbrainz,lastfm,1.0,True,True,True,gold
lastFM_46976,mbrainz_31847,musicbrainz,lastfm,0.810502827167511,False,False,True,plm_check_confident_pos
lastFM_4703,mbrainz_2165,musicbrainz,lastfm,1.0,True,True,True,gold
lastFM_47070,mbrainz_19119,musicbrainz,lastfm,1.0,True,True,True,gold
lastFM_47081,mbrainz_19124,musicbrainz,lastfm,0.9729048013687134,False,True,True,agreement
lastFM_4709,mbrainz_2169,musicbrainz,lastfm,1.0,True,True,True,gold
lastFM_4711,mbrainz_2170,musicbrainz,lastfm,1.0,True,True,True,gold
lastFM_47174,mbrainz_19150,musicbrainz,lastfm,1.0,True,True,True,gold
lastFM_47204,mbrainz_28981,musicbrainz,lastfm,0.853744626045227,False,False,True,plm_check_confident_pos
lastFM_4721,mbrainz_2176,musicbrainz,lastfm,1.0,True,True,True,gold
lastFM_47212,mbrainz_19163,musicbrainz,lastfm,1.0,True,True,True,gold
lastFM_47216,mbrainz_19167,musicbrainz,lastfm,1.0,True,False,True,gold
lastFM_47225,mbrainz_19169,musicbrainz,lastfm,1.0,True,True,True,gold
lastFM_47244,mbrainz_33564,musicbrainz,lastfm,0.9666634798049927,False,True,True,agreement
lastFM_47274,mbrainz_19183,musicbrainz,lastfm,1.0,True,True,True,gold
lastFM_4729,mbrainz_2180,musicbrainz,lastfm,1.0,True,True,True,gold
lastFM_473,mbrainz_33460,musicbrainz,lastfm,0.972246527671814,False,True,True,agreement
lastFM_4730,mbrainz_2181,musicbrainz,lastfm,1.0,True,True,True,gold
lastFM_47332,mbrainz_7486,musicbrainz,lastfm,0.7371337413787842,False,False,True,plm_check_confident_pos
lastFM_474,mbrainz_275,musicbrainz,lastfm,0.9746929407119751,False,True,True,agreement
lastFM_4742,mbrainz_2186,musicbrainz,lastfm,1.0,True,True,True,gold
lastFM_47467,mbrainz_19233,musicbrainz,lastfm,1.0,True,True,True,gold
lastFM_4750,mbrainz_106,musicbrainz,lastfm,0.7700211405754089,False,False,True,plm_check_confident_pos
lastFM_4750,mbrainz_2190,musicbrainz,lastfm,1.0,True,True,True,gold
lastFM_47502,mbrainz_19241,musicbrainz,lastfm,1.0,True,True,True,gold
lastFM_47536,mbrainz_19246,musicbrainz,lastfm,1.0,True,True,True,gold
lastFM_47544,mbrainz_19250,musicbrainz,lastfm,0.9728464484214783,False,True,True,agreement
lastFM_4755,mbrainz_2192,musicbrainz,lastfm,1.0,True,False,True,gold
lastFM_47566,mbrainz_9521,musicbrainz,lastfm,0.7657268643379211,False,False,True,plm_check_confident_pos
lastFM_47619,mbrainz_19290,musicbrainz,lastfm,1.0,True,True,True,gold
lastFM_4764,mbrainz_2199,musicbrainz,lastfm,1.0,True,True,True,gold
lastFM_4765,mbrainz_2200,musicbrainz,lastfm,1.0,True,True,True,gold
lastFM_47651,mbrainz_19305,musicbrainz,lastfm,1.0,True,True,True,gold
lastFM_47671,mbrainz_10451,musicbrainz,lastfm,0.7163475751876831,False,False,True,plm_check_confident_pos
lastFM_47671,mbrainz_19317,musicbrainz,lastfm,1.0,True,False,True,gold
lastFM_47673,mbrainz_19319,musicbrainz,lastfm,1.0,True,True,True,gold
lastFM_47673,mbrainz_7052,musicbrainz,lastfm,0.9077131152153015,False,False,True,plm_check_confident_pos
lastFM_47678,mbrainz_19322,musicbrainz,lastfm,0.9723179340362549,False,True,True,agreement
lastFM_47691,mbrainz_4877,musicbrainz,lastfm,0.8367629647254944,False,True,True,agreement
lastFM_47697,mbrainz_19335,musicbrainz,lastfm,1.0,True,False,True,gold
lastFM_4786,mbrainz_2208,musicbrainz,lastfm,1.0,True,False,True,gold
lastFM_479,mbrainz_23843,musicbrainz,lastfm,0.767934262752533,False,False,True,plm_check_confident_pos
lastFM_479,mbrainz_279,musicbrainz,lastfm,1.0,True,False,True,gold
lastFM_47959,mbrainz_19343,musicbrainz,lastfm,1.0,True,False,True,gold
lastFM_48008,mbrainz_10744,musicbrainz,lastfm,0.960581362247467,False,False,True,plm_check_confident_pos
lastFM_48008,mbrainz_19352,musicbrainz,lastfm,1.0,True,True,True,gold
lastFM_48008,mbrainz_31283,musicbrainz,lastfm,0.8911798000335693,False,False,True,plm_check_confident_pos
lastFM_48038,mbrainz_5964,musicbrainz,lastfm,0.9015743136405945,False,False,True,plm_check_confident_pos
lastFM_48040,mbrainz_3517,musicbrainz,lastfm,0.7465072274208069,False,False,True,plm_check_confident_pos
lastFM_48068,mbrainz_19369,musicbrainz,lastfm,1.0,True,True,True,gold
lastFM_48083,mbrainz_19375,musicbrainz,lastfm,1.0,True,True,True,gold
lastFM_48094,mbrainz_19378,musicbrainz,lastfm,1.0,True,True,True,gold
lastFM_48094,mbrainz_373,musicbrainz,lastfm,0.952205240726471,False,False,True,plm_check_confident_pos
lastFM_48131,mbrainz_19406,musicbrainz,lastfm,0.9745974540710449,False,False,True,plm_check_confident_pos
lastFM_48143,mbrainz_19390,musicbrainz,lastfm,1.0,True,True,True,gold
lastFM_48165,mbrainz_19396,musicbrainz,lastfm,0.9727342128753662,False,True,True,agreement
lastFM_482,mbrainz_280,musicbrainz,lastfm,1.0,True,True,True,gold
lastFM_4820,mbrainz_2227,musicbrainz,lastfm,1.0,True,True,True,gold
lastFM_48287,mbrainz_19423,musicbrainz,lastfm,1.0,True,True,True,gold
lastFM_483,mbrainz_742,musicbrainz,lastfm,1.0,True,False,True,gold
lastFM_48328,mbrainz_19441,musicbrainz,lastfm,1.0,True,True,True,gold
lastFM_48429,mbrainz_19469,musicbrainz,lastfm,1.0,True,True,True,gold
lastFM_4848,mbrainz_2244,musicbrainz,lastfm,1.0,True,True,True,gold
lastFM_48496,mbrainz_19488,musicbrainz,lastfm,1.0,True,True,True,gold
lastFM_48518,mbrainz_19496,musicbrainz,lastfm,1.0,True,False,True,gold
lastFM_48519,mbrainz_19497,musicbrainz,lastfm,0.9730782508850098,False,True,True,agreement
lastFM_48536,mbrainz_10033,musicbrainz,lastfm,0.9352514743804932,False,True,True,agreement
lastFM_48538,mbrainz_19502,musicbrainz,lastfm,1.0,True,True,True,gold
lastFM_48538,mbrainz_25489,musicbrainz,lastfm,0.848779559135437,False,False,True,plm_check_confident_pos
lastFM_48567,mbrainz_19510,musicbrainz,lastfm,0.974207878112793,False,True,True,agreement
lastFM_48581,mbrainz_20461,musicbrainz,lastfm,1.0,True,True,True,gold
lastFM_48615,mbrainz_18707,musicbrainz,lastfm,0.9733341336250305,False,True,True,agreement
lastFM_48615,mbrainz_19522,musicbrainz,lastfm,1.0,True,False,True,gold
lastFM_48663,mbrainz_19537,musicbrainz,lastfm,1.0,True,True,True,gold
lastFM_48704,mbrainz_19553,musicbrainz,lastfm,0.9726585149765015,False,True,True,agreement
lastFM_4874,mbrainz_2256,musicbrainz,lastfm,1.0,True,True,True,gold
lastFM_48749,mbrainz_19567,musicbrainz,lastfm,1.0,True,False,True,gold
lastFM_48777,mbrainz_19571,musicbrainz,lastfm,1.0,True,True,True,gold
lastFM_48793,mbrainz_19576,musicbrainz,lastfm,1.0,True,True,True,gold
lastFM_4882,mbrainz_2261,musicbrainz,lastfm,1.0,True,True,True,gold
lastFM_48854,mbrainz_19607,musicbrainz,lastfm,1.0,True,True,True,gold
lastFM_48859,mbrainz_10115,musicbrainz,lastfm,0.9730141758918762,False,True,True,agreement
lastFM_48868,mbrainz_19614,musicbrainz,lastfm,1.0,True,True,True,gold
lastFM_48900,mbrainz_19628,musicbrainz,lastfm,1.0,True,True,True,gold
lastFM_48919,mbrainz_19636,musicbrainz,lastfm,1.0,True,True,True,gold
lastFM_48946,mbrainz_19656,musicbrainz,lastfm,0.9726940393447876,False,True,True,agreement
lastFM_48988,mbrainz_9990,musicbrainz,lastfm,0.9735576510429382,False,False,True,plm_check_confident_pos
lastFM_49003,mbrainz_9225,musicbrainz,lastfm,0.9749237895011902,False,False,True,plm_check_confident_pos
lastFM_49162,mbrainz_23646,musicbrainz,lastfm,1.0,True,True,True,gold
lastFM_4917,mbrainz_8728,musicbrainz,lastfm,0.9369884133338928,False,False,True,plm_check_confident_pos
lastFM_49237,mbrainz_9521,musicbrainz,lastfm,0.92910236120224,False,False,True,plm_check_confident_pos
lastFM_49297,mbrainz_19662,musicbrainz,lastfm,1.0,True,True,True,gold
lastFM_49305,mbrainz_19663,musicbrainz,lastfm,1.0,True,True,True,gold
lastFM_49321,mbrainz_27764,musicbrainz,lastfm,0.7998544573783875,False,False,True,plm_check_confident_pos
lastFM_4937,mbrainz_2286,musicbrainz,lastfm,1.0,True,True,True,gold
lastFM_49395,mbrainz_19686,musicbrainz,lastfm,1.0,True,True,True,gold
lastFM_49404,mbrainz_19687,musicbrainz,lastfm,1.0,True,True,True,gold
lastFM_49465,mbrainz_11982,musicbrainz,lastfm,0.9358441829681396,False,False,True,plm_check_confident_pos
lastFM_49465,mbrainz_24494,musicbrainz,lastfm,0.9285306930541992,False,False,True,plm_check_confident_pos
lastFM_49465,mbrainz_25439,musicbrainz,lastfm,0.7735770344734192,False,False,True,plm_check_confident_pos
lastFM_49483,mbrainz_19714,musicbrainz,lastfm,0.9738003015518188,False,True,True,agreement
lastFM_49493,mbrainz_19719,musicbrainz,lastfm,1.0,True,True,True,gold
lastFM_49541,mbrainz_19735,musicbrainz,lastfm,1.0,True,True,True,gold
lastFM_49563,mbrainz_19740,musicbrainz,lastfm,1.0,True,False,True,gold
lastFM_49563,mbrainz_898,musicbrainz,lastfm,0.7445823550224304,False,False,True,plm_check_confident_pos
lastFM_49568,mbrainz_19744,musicbrainz,lastfm,1.0,True,True,True,gold
lastFM_49570,mbrainz_19745,musicbrainz,lastfm,1.0,True,True,True,gold
lastFM_49647,mbrainz_19770,musicbrainz,lastfm,1.0,True,True,True,gold
lastFM_4965,mbrainz_2298,musicbrainz,lastfm,1.0,True,True,True,gold
lastFM_49719,mbrainz_19795,musicbrainz,lastfm,1.0,True,True,True,gold
lastFM_49756,mbrainz_19811,musicbrainz,lastfm,1.0,True,False,True,gold
lastFM_49756,mbrainz_31206,musicbrainz,lastfm,0.5194275379180908,False,True,True,agreement
lastFM_4976,mbrainz_2302,musicbrainz,lastfm,1.0,True,True,True,gold
lastFM_49768,mbrainz_19815,musicbrainz,lastfm,0.9731602072715759,False,True,True,agreement
lastFM_49799,mbrainz_23371,musicbrainz,lastfm,0.8877907395362854,False,False,True,plm_check_confident_pos
lastFM_49808,mbrainz_19825,musicbrainz,lastfm,0.9727976322174072,False,True,True,agreement
lastFM_49832,mbrainz_19831,musicbrainz,lastfm,1.0,True,True,True,gold
lastFM_4990,mbrainz_2306,musicbrainz,lastfm,1.0,True,True,True,gold
lastFM_49910,mbrainz_19853,musicbrainz,lastfm,1.0,True,False,True,gold
lastFM_49922,mbrainz_19858,musicbrainz,lastfm,1.0,True,True,True,gold
lastFM_49923,mbrainz_19858,musicbrainz,lastfm,0.9741894602775574,False,False,True,plm_check_confident_pos
lastFM_49954,mbrainz_19871,musicbrainz,lastfm,1.0,True,True,True,gold
lastFM_500,mbrainz_287,musicbrainz,lastfm,1.0,True,True,True,gold
lastFM_50023,mbrainz_19894,musicbrainz,lastfm,0.9747869372367859,False,True,True,agreement
lastFM_50023,mbrainz_23585,musicbrainz,lastfm,0.913821280002594,False,False,True,plm_check_confident_pos
lastFM_50023,mbrainz_3409,musicbrainz,lastfm,0.8700938820838928,False,False,True,plm_check_confident_pos
lastFM_50106,mbrainz_19919,musicbrainz,lastfm,1.0,True,True,True,gold
lastFM_50123,mbrainz_19923,musicbrainz,lastfm,1.0,True,True,True,gold
lastFM_5014,mbrainz_2323,musicbrainz,lastfm,1.0,True,True,True,gold
lastFM_5023,mbrainz_2328,musicbrainz,lastfm,1.0,True,True,True,gold
lastFM_50250,mbrainz_19967,musicbrainz,lastfm,1.0,True,True,True,gold
lastFM_50291,mbrainz_19986,musicbrainz,lastfm,1.0,True,True,True,gold
lastFM_50296,mbrainz_14187,musicbrainz,lastfm,0.8443511724472046,False,False,True,plm_check_confident_pos
lastFM_50296,mbrainz_19987,musicbrainz,lastfm,1.0,True,False,True,gold
lastFM_503,mbrainz_10744,musicbrainz,lastfm,0.8556990623474121,False,False,True,plm_check_confident_pos
lastFM_50314,mbrainz_19991,musicbrainz,lastfm,1.0,True,False,True,gold
lastFM_5032,mbrainz_2331,musicbrainz,lastfm,1.0,True,True,True,gold
lastFM_5033,mbrainz_2332,musicbrainz,lastfm,1.0,True,False,True,gold
lastFM_50373,mbrainz_8708,musicbrainz,lastfm,0.7778732776641846,False,False,True,plm_check_confident_pos
lastFM_50456,mbrainz_20044,musicbrainz,lastfm,1.0,True,False,True,gold
lastFM_50456,mbrainz_25434,musicbrainz,lastfm,0.9733142256736755,False,True,True,agreement
lastFM_50466,mbrainz_20049,musicbrainz,lastfm,1.0,True,True,True,gold
lastFM_50471,mbrainz_20050,musicbrainz,lastfm,1.0,True,True,True,gold
lastFM_50471,mbrainz_3085,musicbrainz,lastfm,0.8715128898620605,False,False,True,plm_check_confident_pos
lastFM_50472,mbrainz_4675,musicbrainz,lastfm,1.0,True,True,True,gold
lastFM_50474,mbrainz_20052,musicbrainz,lastfm,1.0,True,True,True,gold
lastFM_5048,mbrainz_2341,musicbrainz,lastfm,1.0,True,False,True,gold
lastFM_50487,mbrainz_20057,musicbrainz,lastfm,1.0,True,True,True,gold
lastFM_5049,mbrainz_2342,musicbrainz,lastfm,1.0,True,True,True,gold
lastFM_50546,mbrainz_20081,musicbrainz,lastfm,1.0,True,True,True,gold
lastFM_5056,mbrainz_2347,musicbrainz,lastfm,1.0,True,False,True,gold
lastFM_50594,mbrainz_20098,musicbrainz,lastfm,1.0,True,True,True,gold
lastFM_5060,mbrainz_2349,musicbrainz,lastfm,1.0,True,True,True,gold
lastFM_50647,mbrainz_20115,musicbrainz,lastfm,1.0,True,False,True,gold
lastFM_50648,mbrainz_20116,musicbrainz,lastfm,1.0,True,True,True,gold
lastFM_50648,mbrainz_21621,musicbrainz,lastfm,0.9745051860809326,False,False,True,plm_check_confident_pos
lastFM_50648,mbrainz_21622,musicbrainz,lastfm,0.9754248857498169,False,False,True,plm_check_confident_pos
lastFM_50655,mbrainz_20119,musicbrainz,lastfm,1.0,True,True,True,gold
lastFM_50676,mbrainz_20126,musicbrainz,lastfm,1.0,True,True,True,gold
lastFM_50717,mbrainz_20138,musicbrainz,lastfm,0.9734523892402649,False,True,True,agreement
lastFM_50718,mbrainz_20139,musicbrainz,lastfm,1.0,True,True,True,gold
lastFM_50749,mbrainz_20148,musicbrainz,lastfm,0.973884105682373,False,True,True,agreement
lastFM_50790,mbrainz_20164,musicbrainz,lastfm,1.0,True,True,True,gold
lastFM_5080,mbrainz_2360,musicbrainz,lastfm,1.0,True,True,True,gold
lastFM_50816,mbrainz_3098,musicbrainz,lastfm,0.9585747122764587,False,False,True,plm_check_confident_pos
lastFM_50826,mbrainz_20177,musicbrainz,lastfm,1.0,True,True,True,gold
lastFM_50829,mbrainz_20178,musicbrainz,lastfm,1.0,True,True,True,gold
lastFM_50832,mbrainz_20179,musicbrainz,lastfm,1.0,True,True,True,gold
lastFM_50889,mbrainz_20193,musicbrainz,lastfm,1.0,True,True,True,gold
lastFM_50899,mbrainz_20196,musicbrainz,lastfm,1.0,True,False,True,gold
lastFM_50899,mbrainz_4977,musicbrainz,lastfm,0.707902729511261,False,False,True,plm_check_confident_pos
lastFM_50902,mbrainz_2843,musicbrainz,lastfm,0.9726107120513916,False,True,True,agreement
lastFM_50926,mbrainz_20206,musicbrainz,lastfm,1.0,True,True,True,gold
lastFM_5093,mbrainz_2366,musicbrainz,lastfm,1.0,True,True,True,gold
lastFM_50931,mbrainz_20209,musicbrainz,lastfm,1.0,True,True,True,gold
lastFM_5096,mbrainz_2368,musicbrainz,lastfm,1.0,True,True,True,gold
lastFM_50991,mbrainz_16075,musicbrainz,lastfm,0.8697768449783325,False,False,True,plm_check_confident_pos
lastFM_51000,mbrainz_20242,musicbrainz,lastfm,1.0,True,True,True,gold
lastFM_51003,mbrainz_20244,musicbrainz,lastfm,1.0,True,True,True,gold
lastFM_51031,mbrainz_20260,musicbrainz,lastfm,1.0,True,True,True,gold
lastFM_5105,mbrainz_2373,musicbrainz,lastfm,1.0,True,True,True,gold
lastFM_51053,mbrainz_18169,musicbrainz,lastfm,1.0,True,False,True,gold
lastFM_51054,mbrainz_1434,musicbrainz,lastfm,0.9452731013298035,False,False,True,plm_check_confident_pos
lastFM_51055,mbrainz_20268,musicbrainz,lastfm,1.0,True,True,True,gold
lastFM_51143,mbrainz_20291,musicbrainz,lastfm,1.0,True,True,True,gold
lastFM_51167,mbrainz_20302,musicbrainz,lastfm,1.0,True,True,True,gold
lastFM_51185,mbrainz_20309,musicbrainz,lastfm,1.0,True,True,True,gold
lastFM_51189,mbrainz_20310,musicbrainz,lastfm,1.0,True,True,True,gold
lastFM_51194,mbrainz_20312,musicbrainz,lastfm,1.0,True,True,True,gold
lastFM_5124,mbrainz_2389,musicbrainz,lastfm,1.0,True,True,True,gold
lastFM_5131,mbrainz_2392,musicbrainz,lastfm,0.97267085313797,False,True,True,agreement
lastFM_51327,mbrainz_20366,musicbrainz,lastfm,1.0,True,True,True,gold
lastFM_51330,mbrainz_20367,musicbrainz,lastfm,1.0,True,True,True,gold
lastFM_51351,mbrainz_20378,musicbrainz,lastfm,1.0,True,False,True,gold
lastFM_51395,mbrainz_20392,musicbrainz,lastfm,1.0,True,True,True,gold
lastFM_51397,mbrainz_20393,musicbrainz,lastfm,1.0,True,True,True,gold
lastFM_5140,mbrainz_2399,musicbrainz,lastfm,1.0,True,True,True,gold
lastFM_51410,mbrainz_20400,musicbrainz,lastfm,1.0,True,True,True,gold
lastFM_51423,mbrainz_20406,musicbrainz,lastfm,1.0,True,True,True,gold
lastFM_5144,mbrainz_2400,musicbrainz,lastfm,1.0,True,True,True,gold
lastFM_51455,mbrainz_20418,musicbrainz,lastfm,1.0,True,True,True,gold
lastFM_51455,mbrainz_666,musicbrainz,lastfm,0.9241195321083069,False,False,True,plm_check_confident_pos
lastFM_51468,mbrainz_20422,musicbrainz,lastfm,1.0,True,True,True,gold
lastFM_51492,mbrainz_20434,musicbrainz,lastfm,1.0,True,True,True,gold
lastFM_51509,mbrainz_18440,musicbrainz,lastfm,0.7004379034042358,False,False,True,plm_check_confident_pos
lastFM_51524,mbrainz_20447,musicbrainz,lastfm,1.0,True,True,True,gold
lastFM_51544,mbrainz_29817,musicbrainz,lastfm,1.0,True,True,True,gold
lastFM_51570,mbrainz_20466,musicbrainz,lastfm,1.0,True,True,True,gold
lastFM_516,mbrainz_296,musicbrainz,lastfm,1.0,True,True,True,gold
lastFM_51628,mbrainz_20486,musicbrainz,lastfm,1.0,True,False,True,gold
lastFM_5164,mbrainz_2412,musicbrainz,lastfm,1.0,True,True,True,gold
lastFM_5167,mbrainz_2415,musicbrainz,lastfm,1.0,True,True,True,gold
lastFM_51692,mbrainz_20506,musicbrainz,lastfm,1.0,True,True,True,gold
lastFM_51706,mbrainz_11620,musicbrainz,lastfm,0.9405056834220886,False,False,True,plm_check_confident_pos
lastFM_51706,mbrainz_20511,musicbrainz,lastfm,1.0,True,False,True,gold
lastFM_51706,mbrainz_31484,musicbrainz,lastfm,0.9353675246238708,False,False,True,plm_check_confident_pos
lastFM_51730,mbrainz_20518,musicbrainz,lastfm,1.0,True,True,True,gold
lastFM_51744,mbrainz_20524,musicbrainz,lastfm,1.0,True,True,True,gold
lastFM_51747,mbrainz_20526,musicbrainz,lastfm,1.0,True,True,True,gold
lastFM_51747,mbrainz_20680,musicbrainz,lastfm,0.7354553937911987,False,False,True,plm_check_confident_pos
lastFM_51747,mbrainz_2101,musicbrainz,lastfm,0.9085708856582642,False,False,True,plm_check_confident_pos
lastFM_51747,mbrainz_26547,musicbrainz,lastfm,0.8136568665504456,False,False,True,plm_check_confident_pos
lastFM_5175,mbrainz_2422,musicbrainz,lastfm,0.973451554775238,False,True,True,agreement
lastFM_51763,mbrainz_20534,musicbrainz,lastfm,1.0,True,False,True,gold
lastFM_51763,mbrainz_4877,musicbrainz,lastfm,0.7134525775909424,False,False,True,plm_check_confident_pos
lastFM_518,mbrainz_298,musicbrainz,lastfm,1.0,True,True,True,gold
lastFM_5182,mbrainz_2428,musicbrainz,lastfm,1.0,True,True,True,gold
lastFM_51868,mbrainz_20579,musicbrainz,lastfm,1.0,True,True,True,gold
lastFM_51898,mbrainz_20594,musicbrainz,lastfm,1.0,True,True,True,gold
lastFM_51930,mbrainz_5466,musicbrainz,lastfm,0.7697836756706238,False,False,True,plm_check_confident_pos
lastFM_52,mbrainz_38,musicbrainz,lastfm,1.0,True,True,True,gold
lastFM_5200,mbrainz_2436,musicbrainz,lastfm,1.0,True,True,True,gold
lastFM_52014,mbrainz_20635,musicbrainz,lastfm,1.0,True,True,True,gold
lastFM_52017,mbrainz_20636,musicbrainz,lastfm,1.0,True,True,True,gold
lastFM_52020,mbrainz_20639,musicbrainz,lastfm,0.9746088981628418,False,True,True,agreement
lastFM_52043,mbrainz_20645,musicbrainz,lastfm,1.0,True,True,True,gold
lastFM_52054,mbrainz_20650,musicbrainz,lastfm,1.0,True,True,True,gold
lastFM_52066,mbrainz_2870,musicbrainz,lastfm,0.9311579465866089,False,False,True,plm_check_confident_pos
lastFM_52066,mbrainz_5801,musicbrainz,lastfm,0.767791748046875,False,False,True,plm_check_confident_pos
lastFM_52073,mbrainz_20660,musicbrainz,lastfm,1.0,True,True,True,gold
lastFM_52085,mbrainz_16111,musicbrainz,lastfm,0.7396371364593506,False,False,True,plm_check_confident_pos
lastFM_52085,mbrainz_20668,musicbrainz,lastfm,1.0,True,False,True,gold
lastFM_52099,mbrainz_20674,musicbrainz,lastfm,1.0,True,True,True,gold
lastFM_521,mbrainz_300,musicbrainz,lastfm,1.0,True,True,True,gold
lastFM_5211,mbrainz_2439,musicbrainz,lastfm,1.0,True,True,True,gold
lastFM_52117,mbrainz_20680,musicbrainz,lastfm,1.0,True,True,True,gold
lastFM_52142,mbrainz_20690,musicbrainz,lastfm,1.0,True,True,True,gold
lastFM_52243,mbrainz_6014,musicbrainz,lastfm,0.9733572602272034,False,True,True,agreement
lastFM_52273,mbrainz_20745,musicbrainz,lastfm,1.0,True,True,True,gold
lastFM_52305,mbrainz_20762,musicbrainz,lastfm,1.0,True,True,True,gold
lastFM_52309,mbrainz_6848,musicbrainz,lastfm,0.734969973564148,False,False,True,plm_check_confident_pos
lastFM_52328,mbrainz_11819,musicbrainz,lastfm,0.9684216976165771,False,False,True,plm_check_confident_pos
lastFM_52333,mbrainz_20773,musicbrainz,lastfm,1.0,True,True,True,gold
lastFM_52337,mbrainz_20775,musicbrainz,lastfm,1.0,True,True,True,gold
lastFM_52364,mbrainz_20785,musicbrainz,lastfm,0.9725509881973267,False,True,True,agreement
lastFM_5240,mbrainz_2453,musicbrainz,lastfm,1.0,True,True,True,gold
lastFM_52468,mbrainz_20817,musicbrainz,lastfm,1.0,True,False,True,gold
lastFM_5249,mbrainz_2458,musicbrainz,lastfm,1.0,True,True,True,gold
lastFM_52539,mbrainz_20849,musicbrainz,lastfm,1.0,True,True,True,gold
lastFM_52552,mbrainz_20851,musicbrainz,lastfm,1.0,True,False,True,gold
lastFM_52562,mbrainz_20856,musicbrainz,lastfm,0.9726607799530029,False,True,True,agreement
lastFM_52591,mbrainz_20866,musicbrainz,lastfm,1.0,True,True,True,gold
lastFM_5276,mbrainz_2474,musicbrainz,lastfm,1.0,True,True,True,gold
lastFM_52775,mbrainz_20922,musicbrainz,lastfm,1.0,True,False,True,gold
lastFM_52775,mbrainz_24437,musicbrainz,lastfm,0.9725969433784485,False,False,True,plm_check_confident_pos
lastFM_52779,mbrainz_23527,musicbrainz,lastfm,0.8987377882003784,False,False,True,plm_check_confident_pos
lastFM_5278,mbrainz_2475,musicbrainz,lastfm,1.0,True,True,True,gold
lastFM_52785,mbrainz_20926,musicbrainz,lastfm,1.0,True,True,True,gold
lastFM_52817,mbrainz_20938,musicbrainz,lastfm,1.0,True,True,True,gold
lastFM_52827,mbrainz_20943,musicbrainz,lastfm,0.9740520119667053,False,True,True,agreement
lastFM_52941,mbrainz_20978,musicbrainz,lastfm,1.0,True,True,True,gold
lastFM_52973,mbrainz_20987,musicbrainz,lastfm,1.0,True,True,True,gold
lastFM_53,mbrainz_39,musicbrainz,lastfm,1.0,True,True,True,gold
lastFM_53023,mbrainz_21003,musicbrainz,lastfm,1.0,True,True,True,gold
lastFM_53026,mbrainz_21004,musicbrainz,lastfm,1.0,True,False,True,gold
lastFM_53059,mbrainz_7718,musicbrainz,lastfm,0.5756460428237915,False,True,True,agreement
lastFM_53072,mbrainz_21019,musicbrainz,lastfm,1.0,True,True,True,gold
lastFM_5310,mbrainz_2485,musicbrainz,lastfm,1.0,True,True,True,gold
lastFM_53101,mbrainz_21027,musicbrainz,lastfm,1.0,True,True,True,gold
lastFM_53111,mbrainz_21030,musicbrainz,lastfm,1.0,True,False,True,gold
lastFM_53144,mbrainz_21036,musicbrainz,lastfm,1.0,True,True,True,gold
lastFM_53159,mbrainz_22063,musicbrainz,lastfm,1.0,True,False,True,gold
lastFM_53172,mbrainz_21045,musicbrainz,lastfm,1.0,True,True,True,gold
lastFM_53230,mbrainz_20244,musicbrainz,lastfm,0.7171472311019897,False,False,True,plm_check_confident_pos
lastFM_53230,mbrainz_21062,musicbrainz,lastfm,1.0,True,False,True,gold
lastFM_53235,mbrainz_21064,musicbrainz,lastfm,1.0,True,True,True,gold
lastFM_53240,mbrainz_21066,musicbrainz,lastfm,1.0,True,True,True,gold
lastFM_53264,mbrainz_2502,musicbrainz,lastfm,0.849949061870575,False,False,True,plm_check_confident_pos
lastFM_53309,mbrainz_24150,musicbrainz,lastfm,0.9747344851493835,False,False,True,plm_check_confident_pos
lastFM_53393,mbrainz_21119,musicbrainz,lastfm,1.0,True,True,True,gold
lastFM_53400,mbrainz_21122,musicbrainz,lastfm,1.0,True,True,True,gold
lastFM_53437,mbrainz_21132,musicbrainz,lastfm,0.9745295643806458,False,True,True,agreement
lastFM_53466,mbrainz_21143,musicbrainz,lastfm,1.0,True,True,True,gold
lastFM_53481,mbrainz_21151,musicbrainz,lastfm,1.0,True,False,True,gold
lastFM_53505,mbrainz_21162,musicbrainz,lastfm,1.0,True,True,True,gold
lastFM_53507,mbrainz_21163,musicbrainz,lastfm,1.0,True,True,True,gold
lastFM_53568,mbrainz_21182,musicbrainz,lastfm,0.9736358523368835,False,False,True,plm_check_confident_pos
lastFM_5358,mbrainz_2511,musicbrainz,lastfm,1.0,True,True,True,gold
lastFM_53597,mbrainz_21876,musicbrainz,lastfm,1.0,True,True,True,gold
lastFM_53599,mbrainz_21193,musicbrainz,lastfm,1.0,True,True,True,gold
lastFM_53612,mbrainz_21198,musicbrainz,lastfm,1.0,True,True,True,gold
lastFM_5362,mbrainz_2513,musicbrainz,lastfm,0.9729822278022766,False,True,True,agreement
lastFM_5365,mbrainz_2515,musicbrainz,lastfm,1.0,True,True,True,gold
lastFM_53665,mbrainz_21213,musicbrainz,lastfm,1.0,True,True,True,gold
lastFM_5371,mbrainz_2516,musicbrainz,lastfm,1.0,True,True,True,gold
lastFM_53757,mbrainz_21250,musicbrainz,lastfm,1.0,True,True,True,gold
lastFM_53769,mbrainz_21256,musicbrainz,lastfm,1.0,True,True,True,gold
lastFM_53770,mbrainz_21257,musicbrainz,lastfm,1.0,True,True,True,gold
lastFM_53774,mbrainz_21259,musicbrainz,lastfm,1.0,True,True,True,gold
lastFM_53786,mbrainz_21264,musicbrainz,lastfm,1.0,True,True,True,gold
lastFM_538,mbrainz_306,musicbrainz,lastfm,0.9730633497238159,False,True,True,agreement
lastFM_53812,mbrainz_21274,musicbrainz,lastfm,1.0,True,True,True,gold
lastFM_53844,mbrainz_21284,musicbrainz,lastfm,1.0,True,False,True,gold
lastFM_53844,mbrainz_24715,musicbrainz,lastfm,0.9752686023712158,False,True,True,agreement
lastFM_53870,mbrainz_21294,musicbrainz,lastfm,1.0,True,True,True,gold
lastFM_53871,mbrainz_21295,musicbrainz,lastfm,1.0,True,True,True,gold
lastFM_53934,mbrainz_21318,musicbrainz,lastfm,1.0,True,True,True,gold
lastFM_5395,mbrainz_2530,musicbrainz,lastfm,1.0,True,True,True,gold
lastFM_53954,mbrainz_21325,musicbrainz,lastfm,1.0,True,True,True,gold
lastFM_5397,mbrainz_2531,musicbrainz,lastfm,1.0,True,True,True,gold
lastFM_53979,mbrainz_21338,musicbrainz,lastfm,1.0,True,False,True,gold
lastFM_5399,mbrainz_2532,musicbrainz,lastfm,0.9594186544418335,False,True,True,agreement
lastFM_54,mbrainz_40,musicbrainz,lastfm,1.0,True,False,True,gold
lastFM_5405,mbrainz_2536,musicbrainz,lastfm,0.9730165004730225,False,True,True,agreement
lastFM_54080,mbrainz_19431,musicbrainz,lastfm,0.9730701446533203,False,True,True,agreement
lastFM_541,mbrainz_307,musicbrainz,lastfm,1.0,True,True,True,gold
lastFM_5419,mbrainz_2542,musicbrainz,lastfm,1.0,True,True,True,gold
lastFM_54213,mbrainz_21421,musicbrainz,lastfm,1.0,True,True,True,gold
lastFM_5422,mbrainz_2544,musicbrainz,lastfm,1.0,True,False,True,gold
lastFM_54306,mbrainz_21454,musicbrainz,lastfm,1.0,True,True,True,gold
lastFM_54346,mbrainz_21467,musicbrainz,lastfm,1.0,True,False,True,gold
lastFM_54346,mbrainz_385,musicbrainz,lastfm,0.9428696036338806,False,False,True,plm_check_confident_pos
lastFM_5439,mbrainz_2554,musicbrainz,lastfm,1.0,True,True,True,gold
lastFM_54408,mbrainz_21487,musicbrainz,lastfm,1.0,True,True,True,gold
lastFM_54419,mbrainz_5043,musicbrainz,lastfm,0.9108001589775085,False,False,True,plm_check_confident_pos
lastFM_54423,mbrainz_21491,musicbrainz,lastfm,0.9728158712387085,False,True,True,agreement
lastFM_5444,mbrainz_2558,musicbrainz,lastfm,1.0,True,True,True,gold
lastFM_54457,mbrainz_21505,musicbrainz,lastfm,1.0,True,True,True,gold
lastFM_54517,mbrainz_21534,musicbrainz,lastfm,0.9731903672218323,False,True,True,agreement
lastFM_54580,mbrainz_21551,musicbrainz,lastfm,1.0,True,True,True,gold
lastFM_54602,mbrainz_21559,musicbrainz,lastfm,1.0,True,True,True,gold
lastFM_54681,mbrainz_10951,musicbrainz,lastfm,0.7442883253097534,False,False,True,plm_check_confident_pos
lastFM_54700,mbrainz_21594,musicbrainz,lastfm,1.0,True,True,True,gold
lastFM_54700,mbrainz_30091,musicbrainz,lastfm,0.9688225388526917,False,False,True,plm_check_confident_pos
lastFM_54700,mbrainz_5444,musicbrainz,lastfm,0.9751754999160767,False,False,True,plm_check_confident_pos
lastFM_54701,mbrainz_21595,musicbrainz,lastfm,1.0,True,False,True,gold
lastFM_54718,mbrainz_21601,musicbrainz,lastfm,1.0,True,True,True,gold
lastFM_5472,mbrainz_466,musicbrainz,lastfm,0.9727907180786133,False,True,True,agreement
lastFM_54721,mbrainz_28868,musicbrainz,lastfm,0.9570271372795105,False,True,True,agreement
lastFM_54734,mbrainz_21610,musicbrainz,lastfm,1.0,True,True,True,gold
lastFM_54762,mbrainz_21619,musicbrainz,lastfm,1.0,True,True,True,gold
lastFM_54763,mbrainz_21620,musicbrainz,lastfm,1.0,True,True,True,gold
lastFM_54770,mbrainz_20116,musicbrainz,lastfm,0.9726743102073669,False,False,True,plm_check_confident_pos
lastFM_54770,mbrainz_21621,musicbrainz,lastfm,0.9729167819023132,False,False,True,plm_check_confident_pos
lastFM_54770,mbrainz_21622,musicbrainz,lastfm,0.9728443026542664,False,True,True,agreement
lastFM_54773,mbrainz_20116,musicbrainz,lastfm,0.9727525115013123,False,False,True,plm_check_confident_pos
lastFM_54773,mbrainz_21621,musicbrainz,lastfm,0.9725687503814697,False,False,True,plm_check_confident_pos
lastFM_54773,mbrainz_21622,musicbrainz,lastfm,0.9725847840309143,False,False,True,plm_check_confident_pos
lastFM_54774,mbrainz_20116,musicbrainz,lastfm,0.9729016423225403,False,False,True,plm_check_confident_pos
lastFM_54774,mbrainz_21621,musicbrainz,lastfm,0.9727163910865784,False,False,True,plm_check_confident_pos
lastFM_54774,mbrainz_21622,musicbrainz,lastfm,1.0,True,False,True,gold
lastFM_54797,mbrainz_21629,musicbrainz,lastfm,0.9732248187065125,False,True,True,agreement
lastFM_548,mbrainz_312,musicbrainz,lastfm,0.9737874269485474,False,False,True,plm_check_confident_pos
lastFM_54815,mbrainz_10391,musicbrainz,lastfm,0.8560075759887695,False,False,True,plm_check_confident_pos
lastFM_54815,mbrainz_7048,musicbrainz,lastfm,0.9582809209823608,False,False,True,plm_check_confident_pos
lastFM_54841,mbrainz_21647,musicbrainz,lastfm,1.0,True,True,True,gold
lastFM_549,mbrainz_313,musicbrainz,lastfm,0.9743790030479431,False,False,True,plm_check_confident_pos
lastFM_54914,mbrainz_22940,musicbrainz,lastfm,0.9230607151985168,False,False,True,plm_check_confident_pos
lastFM_54946,mbrainz_21704,musicbrainz,lastfm,1.0,True,True,True,gold
lastFM_54964,mbrainz_21712,musicbrainz,lastfm,1.0,True,True,True,gold
lastFM_55,mbrainz_41,musicbrainz,lastfm,1.0,True,True,True,gold
lastFM_55001,mbrainz_21721,musicbrainz,lastfm,1.0,True,True,True,gold
lastFM_55066,mbrainz_21750,musicbrainz,lastfm,1.0,True,False,True,gold
lastFM_55090,mbrainz_21762,musicbrainz,lastfm,0.9728583097457886,False,True,True,agreement
lastFM_55146,mbrainz_6014,musicbrainz,lastfm,0.9733572602272034,False,False,True,plm_check_confident_pos
lastFM_5517,mbrainz_2593,musicbrainz,lastfm,1.0,True,True,True,gold
lastFM_55188,mbrainz_21802,musicbrainz,lastfm,1.0,True,True,True,gold
lastFM_55267,mbrainz_21817,musicbrainz,lastfm,1.0,True,False,True,gold
lastFM_55291,mbrainz_21822,musicbrainz,lastfm,1.0,True,True,True,gold
lastFM_5535,mbrainz_2603,musicbrainz,lastfm,1.0,True,True,True,gold
lastFM_55435,mbrainz_21861,musicbrainz,lastfm,1.0,True,False,True,gold
lastFM_55438,mbrainz_21862,musicbrainz,lastfm,1.0,True,True,True,gold
lastFM_5548,mbrainz_2607,musicbrainz,lastfm,1.0,True,True,True,gold
lastFM_5552,mbrainz_7889,musicbrainz,lastfm,0.901034414768219,False,False,True,plm_check_confident_pos
lastFM_5553,mbrainz_2608,musicbrainz,lastfm,1.0,True,True,True,gold
lastFM_55535,mbrainz_21896,musicbrainz,lastfm,1.0,True,True,True,gold
lastFM_55535,mbrainz_24309,musicbrainz,lastfm,0.7479910850524902,False,False,True,plm_check_confident_pos
lastFM_55673,mbrainz_21943,musicbrainz,lastfm,1.0,True,True,True,gold
lastFM_55694,mbrainz_17891,musicbrainz,lastfm,0.843798041343689,False,False,True,plm_check_confident_pos
lastFM_55694,mbrainz_6492,musicbrainz,lastfm,0.7664495706558228,False,False,True,plm_check_confident_pos
lastFM_55705,mbrainz_21957,musicbrainz,lastfm,1.0,True,True,True,gold
lastFM_55706,mbrainz_22231,musicbrainz,lastfm,0.8537487983703613,False,False,True,plm_check_confident_pos
lastFM_55706,mbrainz_26506,musicbrainz,lastfm,0.9325574636459351,False,False,True,plm_check_confident_pos
lastFM_55706,mbrainz_3874,musicbrainz,lastfm,0.7384728789329529,False,False,True,plm_check_confident_pos
lastFM_55714,mbrainz_21962,musicbrainz,lastfm,1.0,True,True,True,gold
lastFM_55730,mbrainz_21967,musicbrainz,lastfm,0.9726215600967407,False,True,True,agreement
lastFM_55767,mbrainz_10744,musicbrainz,lastfm,0.8906804919242859,False,False,True,plm_check_confident_pos
lastFM_55767,mbrainz_21978,musicbrainz,lastfm,1.0,True,True,True,gold
lastFM_5577,mbrainz_2620,musicbrainz,lastfm,1.0,True,True,True,gold
lastFM_55795,mbrainz_21986,musicbrainz,lastfm,1.0,True,False,True,gold
lastFM_55796,mbrainz_21987,musicbrainz,lastfm,1.0,True,True,True,gold
lastFM_55825,mbrainz_21997,musicbrainz,lastfm,1.0,True,True,True,gold
lastFM_55852,mbrainz_22010,musicbrainz,lastfm,1.0,True,True,True,gold
lastFM_55874,mbrainz_22019,musicbrainz,lastfm,1.0,True,False,True,gold
lastFM_5589,mbrainz_2626,musicbrainz,lastfm,1.0,True,True,True,gold
lastFM_55910,mbrainz_22029,musicbrainz,lastfm,1.0,True,True,True,gold
lastFM_55943,mbrainz_22047,musicbrainz,lastfm,1.0,True,True,True,gold
lastFM_55954,mbrainz_5725,musicbrainz,lastfm,0.8594024777412415,False,False,True,plm_check_confident_pos
lastFM_55963,mbrainz_22056,musicbrainz,lastfm,1.0,True,True,True,gold
lastFM_56048,mbrainz_22093,musicbrainz,lastfm,1.0,True,True,True,gold
lastFM_56062,mbrainz_22096,musicbrainz,lastfm,1.0,True,True,True,gold
lastFM_561,mbrainz_315,musicbrainz,lastfm,0.9683554768562317,False,True,True,agreement
lastFM_5615,mbrainz_2636,musicbrainz,lastfm,1.0,True,False,True,gold
lastFM_56247,mbrainz_13636,musicbrainz,lastfm,0.8757421374320984,False,False,True,plm_check_confident_pos
lastFM_56247,mbrainz_18232,musicbrainz,lastfm,0.8213297724723816,False,False,True,plm_check_confident_pos
lastFM_56247,mbrainz_21551,musicbrainz,lastfm,0.8448637127876282,False,False,True,plm_check_confident_pos
lastFM_56261,mbrainz_22166,musicbrainz,lastfm,1.0,True,False,True,gold
lastFM_56290,mbrainz_22176,musicbrainz,lastfm,1.0,True,True,True,gold
lastFM_56337,mbrainz_22195,musicbrainz,lastfm,1.0,True,False,True,gold
lastFM_56354,mbrainz_22205,musicbrainz,lastfm,1.0,True,False,True,gold
lastFM_56425,mbrainz_22234,musicbrainz,lastfm,1.0,True,False,True,gold
lastFM_56428,mbrainz_22237,musicbrainz,lastfm,1.0,True,True,True,gold
lastFM_56499,mbrainz_22267,musicbrainz,lastfm,0.9737408757209778,False,True,True,agreement
lastFM_56504,mbrainz_22269,musicbrainz,lastfm,1.0,True,True,True,gold
lastFM_56510,mbrainz_22272,musicbrainz,lastfm,1.0,True,True,True,gold
lastFM_56542,mbrainz_22286,musicbrainz,lastfm,1.0,True,True,True,gold
lastFM_56558,mbrainz_22290,musicbrainz,lastfm,1.0,True,True,True,gold
lastFM_56574,mbrainz_22292,musicbrainz,lastfm,1.0,True,True,True,gold
lastFM_5663,mbrainz_2662,musicbrainz,lastfm,1.0,True,True,True,gold
lastFM_56630,mbrainz_22311,musicbrainz,lastfm,1.0,True,True,True,gold
lastFM_5666,mbrainz_2664,musicbrainz,lastfm,1.0,True,True,True,gold
lastFM_56670,mbrainz_22327,musicbrainz,lastfm,1.0,True,True,True,gold
lastFM_5670,mbrainz_2668,musicbrainz,lastfm,1.0,True,True,True,gold
lastFM_5672,mbrainz_2670,musicbrainz,lastfm,1.0,True,False,True,gold
lastFM_56734,mbrainz_22354,musicbrainz,lastfm,1.0,True,True,True,gold
lastFM_5677,mbrainz_2673,musicbrainz,lastfm,1.0,True,True,True,gold
lastFM_5678,mbrainz_2674,musicbrainz,lastfm,1.0,True,True,True,gold
lastFM_56785,mbrainz_22373,musicbrainz,lastfm,1.0,True,True,True,gold
lastFM_56791,mbrainz_3708,musicbrainz,lastfm,0.7724795341491699,False,False,True,plm_check_confident_pos
lastFM_5680,mbrainz_2676,musicbrainz,lastfm,1.0,True,True,True,gold
lastFM_56803,mbrainz_22378,musicbrainz,lastfm,1.0,True,True,True,gold
lastFM_56810,mbrainz_22383,musicbrainz,lastfm,0.9726158976554871,False,True,True,agreement
lastFM_56846,mbrainz_22396,musicbrainz,lastfm,0.9543682932853699,False,True,True,agreement
lastFM_56850,mbrainz_22405,musicbrainz,lastfm,0.9722058176994324,False,True,True,agreement
lastFM_5686,mbrainz_2680,musicbrainz,lastfm,1.0,True,False,True,gold
lastFM_56909,mbrainz_22416,musicbrainz,lastfm,1.0,True,True,True,gold
lastFM_56921,mbrainz_22421,musicbrainz,lastfm,1.0,True,True,True,gold
lastFM_56925,mbrainz_22422,musicbrainz,lastfm,0.9729154109954834,False,True,True,agreement
lastFM_57011,mbrainz_21594,musicbrainz,lastfm,0.7653234004974365,False,False,True,plm_check_confident_pos
lastFM_57012,mbrainz_22456,musicbrainz,lastfm,1.0,True,True,True,gold
lastFM_57059,mbrainz_22480,musicbrainz,lastfm,1.0,True,True,True,gold
lastFM_57210,mbrainz_20650,musicbrainz,lastfm,0.8977300524711609,False,False,True,plm_check_confident_pos
lastFM_57210,mbrainz_21967,musicbrainz,lastfm,0.7156162858009338,False,False,True,plm_check_confident_pos
lastFM_57210,mbrainz_30343,musicbrainz,lastfm,0.7248687744140625,False,False,True,plm_check_confident_pos
lastFM_57342,mbrainz_22599,musicbrainz,lastfm,1.0,True,True,True,gold
lastFM_57365,mbrainz_22608,musicbrainz,lastfm,1.0,True,False,True,gold
lastFM_57378,mbrainz_22614,musicbrainz,lastfm,1.0,True,True,True,gold
lastFM_5740,mbrainz_2707,musicbrainz,lastfm,0.9732977747917175,False,True,True,agreement
lastFM_5746,mbrainz_2708,musicbrainz,lastfm,1.0,True,False,True,gold
lastFM_57473,mbrainz_22652,musicbrainz,lastfm,1.0,True,True,True,gold
lastFM_57478,mbrainz_22655,musicbrainz,lastfm,1.0,True,True,True,gold
lastFM_5748,mbrainz_2709,musicbrainz,lastfm,1.0,True,True,True,gold
lastFM_5754,mbrainz_2710,musicbrainz,lastfm,1.0,True,True,True,gold
lastFM_57547,mbrainz_22690,musicbrainz,lastfm,1.0,True,True,True,gold
lastFM_57563,mbrainz_6898,musicbrainz,lastfm,0.973301112651825,False,False,True,plm_check_confident_pos
lastFM_57565,mbrainz_22697,musicbrainz,lastfm,1.0,True,False,True,gold
lastFM_57570,mbrainz_15000,musicbrainz,lastfm,0.9749123454093933,False,False,True,plm_check_confident_pos
lastFM_57570,mbrainz_23071,musicbrainz,lastfm,0.9741256237030029,False,False,True,plm_check_confident_pos
lastFM_57572,mbrainz_22699,musicbrainz,lastfm,1.0,True,True,True,gold
lastFM_57574,mbrainz_15000,musicbrainz,lastfm,0.9755375981330872,False,False,True,plm_check_confident_pos
lastFM_57574,mbrainz_23071,musicbrainz,lastfm,0.9521174430847168,False,False,True,plm_check_confident_pos
lastFM_57581,mbrainz_15000,musicbrainz,lastfm,0.9751689434051514,False,False,True,plm_check_confident_pos
lastFM_57581,mbrainz_23071,musicbrainz,lastfm,0.9742317795753479,False,False,True,plm_check_confident_pos
lastFM_57591,mbrainz_22701,musicbrainz,lastfm,1.0,True,True,True,gold
lastFM_57614,mbrainz_22710,musicbrainz,lastfm,0.9735466837882996,False,True,True,agreement
lastFM_57674,mbrainz_22735,musicbrainz,lastfm,1.0,True,True,True,gold
lastFM_5768,mbrainz_2716,musicbrainz,lastfm,1.0,True,True,True,gold
lastFM_57684,mbrainz_22742,musicbrainz,lastfm,1.0,True,True,True,gold
lastFM_57713,mbrainz_22760,musicbrainz,lastfm,1.0,True,True,True,gold
lastFM_57721,mbrainz_22765,musicbrainz,lastfm,1.0,True,True,True,gold
lastFM_57749,mbrainz_13896,musicbrainz,lastfm,0.9746807217597961,False,False,True,plm_check_confident_pos
lastFM_57754,mbrainz_22773,musicbrainz,lastfm,1.0,True,True,False,gold
lastFM_5776,mbrainz_11852,musicbrainz,lastfm,0.9001072645187378,False,False,True,plm_check_confident_pos
lastFM_57765,mbrainz_22781,musicbrainz,lastfm,1.0,True,True,True,gold
lastFM_5778,mbrainz_2717,musicbrainz,lastfm,1.0,True,True,True,gold
lastFM_57781,mbrainz_15331,musicbrainz,lastfm,0.8469587564468384,False,False,True,plm_check_confident_pos
lastFM_57781,mbrainz_5167,musicbrainz,lastfm,0.7027626633644104,False,False,True,plm_check_confident_pos
lastFM_5780,mbrainz_2718,musicbrainz,lastfm,1.0,True,True,True,gold
lastFM_5783,mbrainz_28812,musicbrainz,lastfm,0.9754660129547119,False,True,True,agreement
lastFM_5783,mbrainz_6884,musicbrainz,lastfm,0.9726874232292175,False,False,True,plm_check_confident_pos
lastFM_57896,mbrainz_22825,musicbrainz,lastfm,1.0,True,True,True,gold
lastFM_5791,mbrainz_2722,musicbrainz,lastfm,1.0,True,True,True,gold
lastFM_57964,mbrainz_22847,musicbrainz,lastfm,1.0,True,True,True,gold
lastFM_57992,mbrainz_17402,musicbrainz,lastfm,0.9749074578285217,False,True,True,agreement
lastFM_57992,mbrainz_22860,musicbrainz,lastfm,1.0,True,False,True,gold
lastFM_58003,mbrainz_24381,musicbrainz,lastfm,1.0,True,True,True,gold
lastFM_58028,mbrainz_22872,musicbrainz,lastfm,0.9736310839653015,False,True,True,agreement
lastFM_58036,mbrainz_22878,musicbrainz,lastfm,0.9732704162597656,False,True,True,agreement
lastFM_58097,mbrainz_22894,musicbrainz,lastfm,1.0,True,True,True,gold
lastFM_58103,mbrainz_10450,musicbrainz,lastfm,0.8558405637741089,False,False,True,plm_check_confident_pos
lastFM_58127,mbrainz_3445,musicbrainz,lastfm,0.8787660002708435,False,False,True,plm_check_confident_pos
lastFM_58142,mbrainz_22914,musicbrainz,lastfm,1.0,True,True,True,gold
lastFM_58171,mbrainz_22925,musicbrainz,lastfm,1.0,True,True,True,gold
lastFM_58179,mbrainz_22929,musicbrainz,lastfm,1.0,True,True,True,gold
lastFM_582,mbrainz_318,musicbrainz,lastfm,1.0,True,True,True,gold
lastFM_58210,mbrainz_22937,musicbrainz,lastfm,1.0,True,True,True,gold
lastFM_58213,mbrainz_22940,musicbrainz,lastfm,0.8129352927207947,False,False,True,plm_check_confident_pos
lastFM_5828,mbrainz_2741,musicbrainz,lastfm,1.0,True,True,True,gold
lastFM_58292,mbrainz_22973,musicbrainz,lastfm,1.0,True,True,True,gold
lastFM_5831,mbrainz_2743,musicbrainz,lastfm,0.969664454460144,False,True,True,agreement
lastFM_5832,mbrainz_2744,musicbrainz,lastfm,0.9732522368431091,False,True,True,agreement
lastFM_58340,mbrainz_22997,musicbrainz,lastfm,1.0,True,False,True,gold
lastFM_58369,mbrainz_23008,musicbrainz,lastfm,1.0,True,True,True,gold
lastFM_58434,mbrainz_23035,musicbrainz,lastfm,1.0,True,True,True,gold
lastFM_58446,mbrainz_10451,musicbrainz,lastfm,0.7008817195892334,False,True,True,agreement
lastFM_58446,mbrainz_23041,musicbrainz,lastfm,1.0,True,False,True,gold
lastFM_58527,mbrainz_15000,musicbrainz,lastfm,0.9622291922569275,False,True,True,agreement
lastFM_58527,mbrainz_23071,musicbrainz,lastfm,1.0,True,False,True,gold
lastFM_5854,mbrainz_2753,musicbrainz,lastfm,1.0,True,True,True,gold
lastFM_58553,mbrainz_27773,musicbrainz,lastfm,0.7553889155387878,False,False,True,plm_check_confident_pos
lastFM_58564,mbrainz_23088,musicbrainz,lastfm,1.0,True,True,True,gold
lastFM_58619,mbrainz_23106,musicbrainz,lastfm,1.0,True,False,True,gold
lastFM_58638,mbrainz_23118,musicbrainz,lastfm,1.0,True,True,True,gold
lastFM_58662,mbrainz_23128,musicbrainz,lastfm,1.0,True,True,True,gold
lastFM_58729,mbrainz_15528,musicbrainz,lastfm,0.8662090301513672,False,False,True,plm_check_confident_pos
lastFM_58817,mbrainz_23194,musicbrainz,lastfm,1.0,True,True,True,gold
lastFM_58846,mbrainz_23203,musicbrainz,lastfm,1.0,True,True,True,gold
lastFM_58849,mbrainz_23204,musicbrainz,lastfm,1.0,True,True,True,gold
lastFM_58864,mbrainz_23210,musicbrainz,lastfm,1.0,True,True,True,gold
lastFM_58877,mbrainz_23213,musicbrainz,lastfm,1.0,True,True,True,gold
lastFM_5889,mbrainz_2773,musicbrainz,lastfm,1.0,True,True,True,gold
lastFM_5890,mbrainz_2774,musicbrainz,lastfm,1.0,True,False,True,gold
lastFM_58905,mbrainz_23223,musicbrainz,lastfm,1.0,True,True,True,gold
lastFM_58938,mbrainz_23237,musicbrainz,lastfm,1.0,True,True,True,gold
lastFM_58941,mbrainz_2870,musicbrainz,lastfm,0.9233006238937378,False,False,True,plm_check_confident_pos
lastFM_58943,mbrainz_23238,musicbrainz,lastfm,1.0,True,True,True,gold
lastFM_59,mbrainz_44,musicbrainz,lastfm,1.0,True,True,True,gold
lastFM_59007,mbrainz_10128,musicbrainz,lastfm,0.9746330380439758,False,False,True,plm_check_confident_pos
lastFM_59010,mbrainz_23260,musicbrainz,lastfm,1.0,True,True,True,gold
lastFM_59046,mbrainz_23278,musicbrainz,lastfm,0.9743117690086365,False,True,True,agreement
lastFM_59073,mbrainz_23284,musicbrainz,lastfm,1.0,True,False,True,gold
lastFM_5913,mbrainz_2783,musicbrainz,lastfm,1.0,True,False,True,gold
lastFM_59132,mbrainz_20244,musicbrainz,lastfm,0.7079177498817444,False,False,True,plm_check_confident_pos
lastFM_5923,mbrainz_2789,musicbrainz,lastfm,1.0,True,True,True,gold
lastFM_59285,mbrainz_23371,musicbrainz,lastfm,1.0,True,True,True,gold
lastFM_59304,mbrainz_23379,musicbrainz,lastfm,1.0,True,True,True,gold
lastFM_59311,mbrainz_23383,musicbrainz,lastfm,1.0,True,True,True,gold
lastFM_59316,mbrainz_20471,musicbrainz,lastfm,0.9729902148246765,False,True,True,agreement
lastFM_59326,mbrainz_23388,musicbrainz,lastfm,0.9737366437911987,False,True,True,agreement
lastFM_5934,mbrainz_2796,musicbrainz,lastfm,1.0,True,True,True,gold
lastFM_59340,mbrainz_23393,musicbrainz,lastfm,1.0,True,True,True,gold
lastFM_59360,mbrainz_23401,musicbrainz,lastfm,1.0,True,True,True,gold
lastFM_59360,mbrainz_3708,musicbrainz,lastfm,0.7611156105995178,False,False,True,plm_check_confident_pos
lastFM_59417,mbrainz_23422,musicbrainz,lastfm,1.0,True,False,True,gold
lastFM_59449,mbrainz_23433,musicbrainz,lastfm,1.0,True,True,True,gold
lastFM_59527,mbrainz_23470,musicbrainz,lastfm,1.0,True,False,True,gold
lastFM_5956,mbrainz_2805,musicbrainz,lastfm,1.0,True,True,True,gold
lastFM_5959,mbrainz_2807,musicbrainz,lastfm,1.0,True,False,True,gold
lastFM_5964,mbrainz_2811,musicbrainz,lastfm,1.0,True,True,True,gold
lastFM_5966,mbrainz_2812,musicbrainz,lastfm,1.0,True,False,True,gold
lastFM_59686,mbrainz_23527,musicbrainz,lastfm,1.0,True,True,True,gold
lastFM_59690,mbrainz_23530,musicbrainz,lastfm,1.0,True,False,True,gold
lastFM_5973,mbrainz_17520,musicbrainz,lastfm,0.9758197069168091,False,False,True,plm_check_confident_pos
lastFM_5973,mbrainz_2816,musicbrainz,lastfm,1.0,True,True,True,gold
lastFM_59735,mbrainz_23545,musicbrainz,lastfm,1.0,True,False,True,gold
lastFM_59772,mbrainz_23557,musicbrainz,lastfm,1.0,True,False,True,gold
lastFM_59826,mbrainz_19894,musicbrainz,lastfm,0.9727785587310791,False,False,True,plm_check_confident_pos
lastFM_59826,mbrainz_23585,musicbrainz,lastfm,1.0,True,True,True,gold
lastFM_59826,mbrainz_3409,musicbrainz,lastfm,0.9075464606285095,False,False,True,plm_check_confident_pos
lastFM_59844,mbrainz_12914,musicbrainz,lastfm,0.8551812767982483,False,False,True,plm_check_confident_pos
lastFM_59844,mbrainz_23596,musicbrainz,lastfm,1.0,True,True,True,gold
lastFM_5985,mbrainz_2822,musicbrainz,lastfm,1.0,True,True,True,gold
lastFM_5985,mbrainz_3103,musicbrainz,lastfm,0.9504212737083435,False,False,True,plm_check_confident_pos
lastFM_59943,mbrainz_23640,musicbrainz,lastfm,1.0,True,True,True,gold
lastFM_59975,mbrainz_23657,musicbrainz,lastfm,1.0,True,True,True,gold
lastFM_60026,mbrainz_23678,musicbrainz,lastfm,1.0,True,True,True,gold
lastFM_60033,mbrainz_23681,musicbrainz,lastfm,1.0,True,True,True,gold
lastFM_60035,mbrainz_23682,musicbrainz,lastfm,0.9733464121818542,False,True,True,agreement
lastFM_60081,mbrainz_6164,musicbrainz,lastfm,0.7759243249893188,False,False,True,plm_check_confident_pos
lastFM_60088,mbrainz_7759,musicbrainz,lastfm,0.9748793840408325,False,True,True,agreement
lastFM_6011,mbrainz_2836,musicbrainz,lastfm,1.0,True,True,True,gold
lastFM_60170,mbrainz_23745,musicbrainz,lastfm,1.0,True,True,True,gold
lastFM_60183,mbrainz_23749,musicbrainz,lastfm,1.0,True,True,True,gold
lastFM_60215,mbrainz_23760,musicbrainz,lastfm,1.0,True,True,True,gold
lastFM_60225,mbrainz_23762,musicbrainz,lastfm,0.9727993011474609,False,True,True,agreement
lastFM_6028,mbrainz_2843,musicbrainz,lastfm,1.0,True,False,True,gold
lastFM_60307,mbrainz_23796,musicbrainz,lastfm,1.0,True,True,True,gold
lastFM_60335,mbrainz_23807,musicbrainz,lastfm,1.0,True,True,True,gold
lastFM_60373,mbrainz_23819,musicbrainz,lastfm,1.0,True,True,True,gold
lastFM_604,mbrainz_329,musicbrainz,lastfm,0.9751936793327332,False,True,True,agreement
lastFM_60405,mbrainz_18750,musicbrainz,lastfm,0.9756554961204529,False,False,True,plm_check_confident_pos
lastFM_60405,mbrainz_23836,musicbrainz,lastfm,1.0,True,True,True,gold
lastFM_60408,mbrainz_23838,musicbrainz,lastfm,1.0,True,True,True,gold
lastFM_60413,mbrainz_23843,musicbrainz,lastfm,1.0,True,True,True,gold
lastFM_60429,mbrainz_23850,musicbrainz,lastfm,0.9753564596176147,False,False,True,plm_check_confident_pos
lastFM_60434,mbrainz_23854,musicbrainz,lastfm,1.0,True,True,True,gold
lastFM_6044,mbrainz_2849,musicbrainz,lastfm,1.0,True,True,True,gold
lastFM_60443,mbrainz_23858,musicbrainz,lastfm,1.0,True,True,True,gold
lastFM_60469,mbrainz_23867,musicbrainz,lastfm,1.0,True,True,True,gold
lastFM_60479,mbrainz_23871,musicbrainz,lastfm,0.9726584553718567,False,True,True,agreement
lastFM_60520,mbrainz_23888,musicbrainz,lastfm,1.0,True,False,True,gold
lastFM_60575,mbrainz_23919,musicbrainz,lastfm,1.0,True,False,True,gold
lastFM_60582,mbrainz_23923,musicbrainz,lastfm,1.0,True,True,True,gold
lastFM_60625,mbrainz_23937,musicbrainz,lastfm,1.0,True,True,True,gold
lastFM_60639,mbrainz_23943,musicbrainz,lastfm,1.0,True,True,True,gold
lastFM_60674,mbrainz_23956,musicbrainz,lastfm,1.0,True,True,True,gold
lastFM_60676,mbrainz_23957,musicbrainz,lastfm,1.0,True,False,True,gold
lastFM_60690,mbrainz_20391,musicbrainz,lastfm,0.8110164999961853,False,False,True,plm_check_confident_pos
lastFM_60690,mbrainz_21473,musicbrainz,lastfm,0.8276088237762451,False,False,True,plm_check_confident_pos
lastFM_60690,mbrainz_23963,musicbrainz,lastfm,1.0,True,True,True,gold
lastFM_6073,mbrainz_2864,musicbrainz,lastfm,1.0,True,True,True,gold
lastFM_60746,mbrainz_5801,musicbrainz,lastfm,0.7947428226470947,False,False,True,plm_check_confident_pos
lastFM_60765,mbrainz_23986,musicbrainz,lastfm,0.9742683172225952,False,False,True,plm_check_confident_pos
lastFM_60835,mbrainz_24019,musicbrainz,lastfm,1.0,True,True,True,gold
lastFM_6084,mbrainz_2870,musicbrainz,lastfm,1.0,True,True,True,gold
lastFM_6084,mbrainz_5801,musicbrainz,lastfm,0.9679361581802368,False,False,True,plm_check_confident_pos
lastFM_60846,mbrainz_24026,musicbrainz,lastfm,1.0,True,True,True,gold
lastFM_6089,mbrainz_2873,musicbrainz,lastfm,1.0,True,True,True,gold
lastFM_60932,mbrainz_24059,musicbrainz,lastfm,1.0,True,True,True,gold
lastFM_61012,mbrainz_24092,musicbrainz,lastfm,1.0,True,True,True,gold
lastFM_61020,mbrainz_19894,musicbrainz,lastfm,0.5670431852340698,False,False,True,plm_check_llm_yes
lastFM_61032,mbrainz_24101,musicbrainz,lastfm,1.0,True,True,True,gold
lastFM_61152,mbrainz_24149,musicbrainz,lastfm,1.0,True,True,True,gold
lastFM_61153,mbrainz_24150,musicbrainz,lastfm,1.0,True,True,True,gold
lastFM_61186,mbrainz_24164,musicbrainz,lastfm,1.0,True,True,True,gold
lastFM_6119,mbrainz_2891,musicbrainz,lastfm,1.0,True,True,True,gold
lastFM_61291,mbrainz_24150,musicbrainz,lastfm,0.9644579291343689,False,False,True,plm_check_confident_pos
lastFM_6132,mbrainz_2899,musicbrainz,lastfm,1.0,True,False,True,gold
lastFM_6134,mbrainz_2901,musicbrainz,lastfm,0.9734023213386536,False,True,True,agreement
lastFM_6134,mbrainz_7812,musicbrainz,lastfm,0.7036920785903931,False,False,True,plm_check_confident_pos
lastFM_6135,mbrainz_2902,musicbrainz,lastfm,1.0,True,True,True,gold
lastFM_61356,mbrainz_24235,musicbrainz,lastfm,1.0,True,True,True,gold
lastFM_61385,mbrainz_24245,musicbrainz,lastfm,1.0,True,True,True,gold
lastFM_61392,mbrainz_31206,musicbrainz,lastfm,0.9730173349380493,False,False,True,plm_check_confident_pos
lastFM_6144,mbrainz_2907,musicbrainz,lastfm,1.0,True,True,True,gold
lastFM_6146,mbrainz_2909,musicbrainz,lastfm,1.0,True,True,True,gold
lastFM_61480,mbrainz_24283,musicbrainz,lastfm,1.0,True,True,True,gold
lastFM_61498,mbrainz_24291,musicbrainz,lastfm,1.0,True,True,True,gold
lastFM_6152,mbrainz_2912,musicbrainz,lastfm,1.0,True,True,True,gold
lastFM_61541,mbrainz_24309,musicbrainz,lastfm,1.0,True,False,True,gold
lastFM_61544,mbrainz_24311,musicbrainz,lastfm,1.0,True,True,True,gold
lastFM_6158,mbrainz_2916,musicbrainz,lastfm,1.0,True,True,True,gold
lastFM_61614,mbrainz_24341,musicbrainz,lastfm,1.0,True,True,True,gold
lastFM_61626,mbrainz_24347,musicbrainz,lastfm,1.0,True,True,True,gold
lastFM_61643,mbrainz_24353,musicbrainz,lastfm,1.0,True,True,True,gold
lastFM_6166,mbrainz_2919,musicbrainz,lastfm,1.0,True,True,True,gold
lastFM_61669,mbrainz_24364,musicbrainz,lastfm,1.0,True,True,True,gold
lastFM_61677,mbrainz_24367,musicbrainz,lastfm,1.0,True,True,True,gold
lastFM_61737,mbrainz_11069,musicbrainz,lastfm,0.8897083401679993,False,False,True,plm_check_confident_pos
lastFM_61759,mbrainz_24398,musicbrainz,lastfm,1.0,True,True,True,gold
lastFM_61772,mbrainz_24404,musicbrainz,lastfm,1.0,True,False,True,gold
lastFM_61776,mbrainz_24408,musicbrainz,lastfm,1.0,True,True,True,gold
lastFM_61837,mbrainz_24436,musicbrainz,lastfm,1.0,True,True,True,gold
lastFM_61841,mbrainz_20922,musicbrainz,lastfm,0.9732679128646851,False,False,True,plm_check_confident_pos
lastFM_61841,mbrainz_24437,musicbrainz,lastfm,0.9733291268348694,False,False,True,plm_check_confident_pos
lastFM_61842,mbrainz_20922,musicbrainz,lastfm,0.9725016951560974,False,True,True,agreement
lastFM_61842,mbrainz_24437,musicbrainz,lastfm,1.0,True,False,True,gold
lastFM_61907,mbrainz_24459,musicbrainz,lastfm,1.0,True,True,True,gold
lastFM_61949,mbrainz_24480,musicbrainz,lastfm,0.9725953936576843,False,True,True,agreement
lastFM_6196,mbrainz_2931,musicbrainz,lastfm,1.0,True,True,True,gold
lastFM_61969,mbrainz_24490,musicbrainz,lastfm,1.0,True,True,True,gold
lastFM_61984,mbrainz_24495,musicbrainz,lastfm,1.0,True,False,True,gold
lastFM_61997,mbrainz_24503,musicbrainz,lastfm,0.9732269644737244,False,True,True,agreement
lastFM_62,mbrainz_46,musicbrainz,lastfm,1.0,True,True,True,gold
lastFM_62020,mbrainz_24514,musicbrainz,lastfm,1.0,True,False,True,gold
lastFM_62079,mbrainz_24538,musicbrainz,lastfm,1.0,True,True,True,gold
lastFM_62090,mbrainz_24541,musicbrainz,lastfm,0.972769558429718,False,True,True,agreement
lastFM_622,mbrainz_339,musicbrainz,lastfm,1.0,True,False,True,gold
lastFM_6220,mbrainz_2945,musicbrainz,lastfm,1.0,True,False,True,gold
lastFM_62237,mbrainz_24596,musicbrainz,lastfm,1.0,True,True,True,gold
lastFM_6226,mbrainz_2950,musicbrainz,lastfm,1.0,True,True,True,gold
lastFM_62270,mbrainz_24612,musicbrainz,lastfm,1.0,True,True,True,gold
lastFM_6239,mbrainz_2951,musicbrainz,lastfm,1.0,True,True,True,gold
lastFM_62403,mbrainz_24664,musicbrainz,lastfm,1.0,True,False,True,gold
lastFM_62428,mbrainz_24674,musicbrainz,lastfm,1.0,True,False,True,gold
lastFM_62478,mbrainz_24691,musicbrainz,lastfm,1.0,True,True,True,gold
lastFM_62517,mbrainz_24711,musicbrainz,lastfm,1.0,True,False,True,gold
lastFM_62525,mbrainz_21284,musicbrainz,lastfm,0.9753966331481934,False,True,True,agreement
lastFM_62525,mbrainz_24715,musicbrainz,lastfm,1.0,True,False,True,gold
lastFM_62592,mbrainz_24743,musicbrainz,lastfm,1.0,True,True,True,gold
lastFM_626,mbrainz_340,musicbrainz,lastfm,1.0,True,True,True,gold
lastFM_6260,mbrainz_2961,musicbrainz,lastfm,1.0,True,False,True,gold
lastFM_6260,mbrainz_4361,musicbrainz,lastfm,0.9308444261550903,False,True,True,agreement
lastFM_62631,mbrainz_24765,musicbrainz,lastfm,1.0,True,True,True,gold
lastFM_62684,mbrainz_6164,musicbrainz,lastfm,0.7308761477470398,False,False,True,plm_check_confident_pos
lastFM_62689,mbrainz_24793,musicbrainz,lastfm,1.0,True,False,True,gold
lastFM_62690,mbrainz_24794,musicbrainz,lastfm,1.0,True,True,True,gold
lastFM_62694,mbrainz_24797,musicbrainz,lastfm,1.0,True,True,True,gold
lastFM_62700,mbrainz_24802,musicbrainz,lastfm,1.0,True,True,True,gold
lastFM_62712,mbrainz_24804,musicbrainz,lastfm,1.0,True,True,True,gold
lastFM_62712,mbrainz_5305,musicbrainz,lastfm,0.9749171137809753,False,False,True,plm_check_confident_pos
lastFM_62744,mbrainz_24815,musicbrainz,lastfm,1.0,True,True,True,gold
lastFM_62776,mbrainz_24830,musicbrainz,lastfm,1.0,True,True,True,gold
lastFM_62780,mbrainz_24831,musicbrainz,lastfm,1.0,True,True,True,gold
lastFM_62782,mbrainz_24833,musicbrainz,lastfm,1.0,True,False,True,gold
lastFM_62806,mbrainz_24842,musicbrainz,lastfm,1.0,True,True,True,gold
lastFM_629,mbrainz_341,musicbrainz,lastfm,1.0,True,True,True,gold
lastFM_62908,mbrainz_19150,musicbrainz,lastfm,0.7676697969436646,False,False,True,plm_check_confident_pos
lastFM_62908,mbrainz_24892,musicbrainz,lastfm,1.0,True,True,True,gold
lastFM_6295,mbrainz_10055,musicbrainz,lastfm,0.9606720805168152,False,False,True,plm_check_confident_pos
lastFM_6299,mbrainz_2979,musicbrainz,lastfm,1.0,True,True,True,gold
lastFM_63010,mbrainz_24934,musicbrainz,lastfm,1.0,True,True,True,gold
lastFM_63042,mbrainz_24950,musicbrainz,lastfm,1.0,True,True,True,gold
lastFM_6305,mbrainz_2984,musicbrainz,lastfm,1.0,True,True,True,gold
lastFM_63055,mbrainz_24956,musicbrainz,lastfm,1.0,True,True,True,gold
lastFM_63070,mbrainz_24964,musicbrainz,lastfm,1.0,True,True,True,gold
lastFM_63084,mbrainz_18181,musicbrainz,lastfm,0.9624761343002319,False,False,True,plm_check_confident_pos
lastFM_63084,mbrainz_18594,musicbrainz,lastfm,0.8461545705795288,False,False,True,plm_check_confident_pos
lastFM_63084,mbrainz_19150,musicbrainz,lastfm,0.9611903429031372,False,False,True,plm_check_confident_pos
lastFM_63138,mbrainz_8137,musicbrainz,lastfm,0.7941867709159851,False,False,True,plm_check_confident_pos
lastFM_63155,mbrainz_25004,musicbrainz,lastfm,1.0,True,True,True,gold
lastFM_63199,mbrainz_25027,musicbrainz,lastfm,0.9737924933433533,False,True,True,agreement
lastFM_63213,mbrainz_25034,musicbrainz,lastfm,0.9733107089996338,False,True,True,agreement
lastFM_63214,mbrainz_25035,musicbrainz,lastfm,1.0,True,True,True,gold
lastFM_63230,mbrainz_25043,musicbrainz,lastfm,1.0,True,True,True,gold
lastFM_63301,mbrainz_25073,musicbrainz,lastfm,1.0,True,False,True,gold
lastFM_63354,mbrainz_23545,musicbrainz,lastfm,0.8999791145324707,False,False,True,plm_check_confident_pos
lastFM_6336,mbrainz_2996,musicbrainz,lastfm,1.0,True,True,True,gold
lastFM_6340,mbrainz_2997,musicbrainz,lastfm,1.0,True,True,True,gold
lastFM_63484,mbrainz_25151,musicbrainz,lastfm,1.0,True,False,True,gold
lastFM_6350,mbrainz_3001,musicbrainz,lastfm,1.0,True,True,True,gold
lastFM_63509,mbrainz_25161,musicbrainz,lastfm,1.0,True,True,True,gold
lastFM_63525,mbrainz_25171,musicbrainz,lastfm,1.0,True,True,True,gold
lastFM_63547,mbrainz_25178,musicbrainz,lastfm,1.0,True,True,True,gold
lastFM_63601,mbrainz_25205,musicbrainz,lastfm,0.9733062386512756,False,False,True,plm_check_confident_pos
lastFM_63601,mbrainz_5311,musicbrainz,lastfm,0.9731374382972717,False,False,True,plm_check_confident_pos
lastFM_63634,mbrainz_17086,musicbrainz,lastfm,0.9727492332458496,False,True,True,agreement
lastFM_63634,mbrainz_25221,musicbrainz,lastfm,1.0,True,False,True,gold
lastFM_63658,mbrainz_25231,musicbrainz,lastfm,0.9733725190162659,False,False,True,plm_check_confident_pos
lastFM_63669,mbrainz_25236,musicbrainz,lastfm,1.0,True,True,True,gold
lastFM_63674,mbrainz_25239,musicbrainz,lastfm,1.0,True,True,True,gold
lastFM_637,mbrainz_344,musicbrainz,lastfm,1.0,True,True,True,gold
lastFM_63731,mbrainz_25261,musicbrainz,lastfm,1.0,True,True,True,gold
lastFM_63735,mbrainz_25263,musicbrainz,lastfm,1.0,True,True,True,gold
lastFM_63737,mbrainz_25264,musicbrainz,lastfm,1.0,True,False,True,gold
lastFM_63740,mbrainz_25265,musicbrainz,lastfm,1.0,True,False,True,gold
lastFM_6375,mbrainz_3014,musicbrainz,lastfm,1.0,True,True,True,gold
lastFM_6375,mbrainz_5050,musicbrainz,lastfm,0.9585322141647339,False,False,True,plm_check_confident_pos
lastFM_6375,mbrainz_6774,musicbrainz,lastfm,0.9605059027671814,False,False,True,plm_check_confident_pos
lastFM_6378,mbrainz_3016,musicbrainz,lastfm,1.0,True,True,True,gold
lastFM_63783,mbrainz_25284,musicbrainz,lastfm,1.0,True,True,True,gold
lastFM_63816,mbrainz_25303,musicbrainz,lastfm,1.0,True,True,True,gold
lastFM_63831,mbrainz_15514,musicbrainz,lastfm,0.9584434032440186,False,False,True,plm_check_confident_pos
lastFM_63831,mbrainz_2383,musicbrainz,lastfm,0.9000393748283386,False,False,True,plm_check_confident_pos
lastFM_63831,mbrainz_2690,musicbrainz,lastfm,0.9469329118728638,False,False,True,plm_check_confident_pos
lastFM_6384,mbrainz_3019,musicbrainz,lastfm,1.0,True,True,True,gold
lastFM_63878,mbrainz_25334,musicbrainz,lastfm,1.0,True,True,True,gold
lastFM_63878,mbrainz_26105,musicbrainz,lastfm,0.7543866634368896,False,False,True,plm_check_confident_pos
lastFM_6388,mbrainz_3021,musicbrainz,lastfm,1.0,True,True,True,gold
lastFM_6392,mbrainz_3023,musicbrainz,lastfm,1.0,True,True,True,gold
lastFM_63954,mbrainz_25359,musicbrainz,lastfm,1.0,True,True,True,gold
lastFM_63954,mbrainz_8768,musicbrainz,lastfm,0.9012361764907837,False,False,True,plm_check_confident_pos
lastFM_63999,mbrainz_15000,musicbrainz,lastfm,0.7913954257965088,False,False,True,plm_check_confident_pos
lastFM_63999,mbrainz_23071,musicbrainz,lastfm,0.702323317527771,False,False,True,plm_check_confident_pos
lastFM_63999,mbrainz_25375,musicbrainz,lastfm,1.0,True,True,True,gold
lastFM_6401,mbrainz_3031,musicbrainz,lastfm,1.0,True,True,True,gold
lastFM_64028,mbrainz_25391,musicbrainz,lastfm,0.9734923839569092,False,True,True,agreement
lastFM_6404,mbrainz_3034,musicbrainz,lastfm,1.0,True,True,True,gold
lastFM_64046,mbrainz_25398,musicbrainz,lastfm,1.0,True,False,True,gold
lastFM_64052,mbrainz_25400,musicbrainz,lastfm,1.0,True,False,True,gold
lastFM_64060,mbrainz_10345,musicbrainz,lastfm,0.95650714635849,False,False,True,plm_check_confident_pos
lastFM_64060,mbrainz_25404,musicbrainz,lastfm,1.0,True,True,True,gold
lastFM_64124,mbrainz_25432,musicbrainz,lastfm,1.0,True,True,True,gold
lastFM_64133,mbrainz_20044,musicbrainz,lastfm,0.9728081226348877,False,True,True,agreement
lastFM_64133,mbrainz_25434,musicbrainz,lastfm,1.0,True,False,True,gold
lastFM_64147,mbrainz_25439,musicbrainz,lastfm,1.0,True,True,True,gold
lastFM_64159,mbrainz_25443,musicbrainz,lastfm,1.0,True,True,True,gold
lastFM_64256,mbrainz_23088,musicbrainz,lastfm,0.9634422659873962,False,False,True,plm_check_confident_pos
lastFM_64256,mbrainz_25489,musicbrainz,lastfm,1.0,True,True,True,gold
lastFM_643,mbrainz_348,musicbrainz,lastfm,1.0,True,False,True,gold
lastFM_6435,mbrainz_3047,musicbrainz,lastfm,1.0,True,True,True,gold
lastFM_6436,mbrainz_3048,musicbrainz,lastfm,1.0,True,True,True,gold
lastFM_64372,mbrainz_25529,musicbrainz,lastfm,1.0,True,False,True,gold
lastFM_64401,mbrainz_25545,musicbrainz,lastfm,0.9724776744842529,False,False,True,plm_check_confident_pos
lastFM_64418,mbrainz_16712,musicbrainz,lastfm,0.9757949709892273,False,False,True,plm_check_confident_pos
lastFM_64418,mbrainz_16773,musicbrainz,lastfm,0.9758275747299194,False,False,True,plm_check_confident_pos
lastFM_64418,mbrainz_25550,musicbrainz,lastfm,1.0,True,True,True,gold
lastFM_6442,mbrainz_3051,musicbrainz,lastfm,1.0,True,True,True,gold
lastFM_64432,mbrainz_25557,musicbrainz,lastfm,1.0,True,True,True,gold
lastFM_64460,mbrainz_25567,musicbrainz,lastfm,1.0,True,True,True,gold
lastFM_64465,mbrainz_25570,musicbrainz,lastfm,0.9752140641212463,False,True,True,agreement
lastFM_6447,mbrainz_3052,musicbrainz,lastfm,1.0,True,True,True,gold
lastFM_64483,mbrainz_21750,musicbrainz,lastfm,1.0,True,False,False,gold
lastFM_64486,mbrainz_25578,musicbrainz,lastfm,1.0,True,True,True,gold
lastFM_6451,mbrainz_3053,musicbrainz,lastfm,1.0,True,False,True,gold
lastFM_64559,mbrainz_25605,musicbrainz,lastfm,1.0,True,True,True,gold
lastFM_6458,mbrainz_3056,musicbrainz,lastfm,1.0,True,True,True,gold
lastFM_64580,mbrainz_25618,musicbrainz,lastfm,1.0,True,True,True,gold
lastFM_64592,mbrainz_25624,musicbrainz,lastfm,1.0,True,True,True,gold
lastFM_64618,mbrainz_25643,musicbrainz,lastfm,1.0,True,True,True,gold
lastFM_64649,mbrainz_25656,musicbrainz,lastfm,0.9730369448661804,False,True,True,agreement
lastFM_64688,mbrainz_25676,musicbrainz,lastfm,0.9734402894973755,False,True,True,agreement
lastFM_647,mbrainz_350,musicbrainz,lastfm,1.0,True,True,True,gold
lastFM_6470,mbrainz_3061,musicbrainz,lastfm,1.0,True,True,True,gold
lastFM_64702,mbrainz_8408,musicbrainz,lastfm,0.5186163187026978,False,True,True,agreement
lastFM_64707,mbrainz_25686,musicbrainz,lastfm,1.0,True,True,True,gold
lastFM_64755,mbrainz_25714,musicbrainz,lastfm,1.0,True,True,True,gold
lastFM_64767,mbrainz_25717,musicbrainz,lastfm,1.0,True,True,True,gold
lastFM_6480,mbrainz_3065,musicbrainz,lastfm,1.0,True,True,True,gold
lastFM_64846,mbrainz_25765,musicbrainz,lastfm,1.0,True,True,True,gold
lastFM_64867,mbrainz_25776,musicbrainz,lastfm,1.0,True,True,True,gold
lastFM_6487,mbrainz_3068,musicbrainz,lastfm,1.0,True,True,True,gold
lastFM_64881,mbrainz_25605,musicbrainz,lastfm,0.9101034998893738,False,False,True,plm_check_confident_pos
lastFM_64881,mbrainz_25783,musicbrainz,lastfm,1.0,True,True,True,gold
lastFM_64881,mbrainz_4488,musicbrainz,lastfm,0.7297850847244263,False,False,True,plm_check_confident_pos
lastFM_64903,mbrainz_25792,musicbrainz,lastfm,0.973168134689331,False,True,True,agreement
lastFM_64968,mbrainz_25816,musicbrainz,lastfm,1.0,True,True,True,gold
lastFM_64969,mbrainz_25817,musicbrainz,lastfm,0.9741551876068115,False,True,True,agreement
lastFM_64974,mbrainz_25820,musicbrainz,lastfm,0.973079264163971,False,True,True,agreement
lastFM_64980,mbrainz_25824,musicbrainz,lastfm,1.0,True,True,True,gold
lastFM_65,mbrainz_47,musicbrainz,lastfm,1.0,True,True,True,gold
lastFM_650,mbrainz_352,musicbrainz,lastfm,1.0,True,True,True,gold
lastFM_65005,mbrainz_25835,musicbrainz,lastfm,1.0,True,True,False,gold
lastFM_65015,mbrainz_12169,musicbrainz,lastfm,0.7813085317611694,False,False,True,plm_check_confident_pos
lastFM_65079,mbrainz_25862,musicbrainz,lastfm,0.972370445728302,False,True,True,agreement
lastFM_65112,mbrainz_25874,musicbrainz,lastfm,1.0,True,False,False,gold
lastFM_65189,mbrainz_25906,musicbrainz,lastfm,1.0,True,True,True,gold
lastFM_65213,mbrainz_25918,musicbrainz,lastfm,1.0,True,True,True,gold
lastFM_65216,mbrainz_25919,musicbrainz,lastfm,1.0,True,True,True,gold
lastFM_65219,mbrainz_25921,musicbrainz,lastfm,1.0,True,True,True,gold
lastFM_65221,mbrainz_25923,musicbrainz,lastfm,0.7205114364624023,False,True,True,agreement
lastFM_65227,mbrainz_25927,musicbrainz,lastfm,1.0,True,True,True,gold
lastFM_6525,mbrainz_3085,musicbrainz,lastfm,1.0,True,True,True,gold
lastFM_65291,mbrainz_25955,musicbrainz,lastfm,1.0,True,False,True,gold
lastFM_65291,mbrainz_3537,musicbrainz,lastfm,0.8344246745109558,False,False,True,plm_check_confident_pos
lastFM_65291,mbrainz_9271,musicbrainz,lastfm,0.817103922367096,False,False,True,plm_check_confident_pos
lastFM_6531,mbrainz_3089,musicbrainz,lastfm,1.0,True,True,True,gold
lastFM_65363,mbrainz_25987,musicbrainz,lastfm,1.0,True,True,True,gold
lastFM_65388,mbrainz_25997,musicbrainz,lastfm,1.0,True,True,True,gold
lastFM_654,mbrainz_354,musicbrainz,lastfm,1.0,True,True,True,gold
lastFM_654,mbrainz_7787,musicbrainz,lastfm,0.7766870260238647,False,False,True,plm_check_confident_pos
lastFM_65406,mbrainz_26005,musicbrainz,lastfm,1.0,True,True,True,gold
lastFM_65412,mbrainz_24470,musicbrainz,lastfm,0.9212059378623962,False,True,True,agreement
lastFM_65435,mbrainz_26021,musicbrainz,lastfm,1.0,True,True,True,gold
lastFM_6544,mbrainz_3098,musicbrainz,lastfm,1.0,True,True,True,gold
lastFM_65446,mbrainz_26027,musicbrainz,lastfm,0.9706055521965027,False,True,True,agreement
lastFM_65454,mbrainz_26032,musicbrainz,lastfm,1.0,True,False,True,gold
lastFM_6548,mbrainz_3100,musicbrainz,lastfm,1.0,True,True,True,gold
lastFM_65524,mbrainz_26063,musicbrainz,lastfm,1.0,True,False,True,gold
lastFM_6553,mbrainz_2822,musicbrainz,lastfm,0.9674434065818787,False,False,True,plm_check_confident_pos
lastFM_6553,mbrainz_3103,musicbrainz,lastfm,1.0,True,True,True,gold
lastFM_65545,mbrainz_25955,musicbrainz,lastfm,0.8320724368095398,False,False,True,plm_check_confident_pos
lastFM_6557,mbrainz_3105,musicbrainz,lastfm,1.0,True,True,True,gold
lastFM_65584,mbrainz_26097,musicbrainz,lastfm,0.9431169033050537,False,False,True,plm_check_confident_pos
lastFM_6559,mbrainz_3106,musicbrainz,lastfm,1.0,True,True,True,gold
lastFM_65591,mbrainz_26099,musicbrainz,lastfm,1.0,True,True,True,gold
lastFM_65592,mbrainz_26100,musicbrainz,lastfm,1.0,True,True,True,gold
lastFM_65593,mbrainz_26101,musicbrainz,lastfm,1.0,True,True,True,gold
lastFM_65603,mbrainz_25334,musicbrainz,lastfm,0.7470579743385315,False,False,True,plm_check_confident_pos
lastFM_65603,mbrainz_26105,musicbrainz,lastfm,1.0,True,True,True,gold
lastFM_65603,mbrainz_8322,musicbrainz,lastfm,0.7011318802833557,False,False,True,plm_check_confident_pos
lastFM_65607,mbrainz_26107,musicbrainz,lastfm,1.0,True,True,True,gold
lastFM_65631,mbrainz_32294,musicbrainz,lastfm,0.768073320388794,False,False,True,plm_check_confident_pos
lastFM_65684,mbrainz_26137,musicbrainz,lastfm,1.0,True,True,True,gold
lastFM_6577,mbrainz_3113,musicbrainz,lastfm,1.0,True,True,True,gold
lastFM_6582,mbrainz_3115,musicbrainz,lastfm,1.0,True,True,True,gold
lastFM_65829,mbrainz_26204,musicbrainz,lastfm,1.0,True,True,True,gold
lastFM_65837,mbrainz_26210,musicbrainz,lastfm,1.0,True,True,True,gold
lastFM_65857,mbrainz_26219,musicbrainz,lastfm,1.0,True,True,True,gold
lastFM_6586,mbrainz_3119,musicbrainz,lastfm,1.0,True,False,True,gold
lastFM_65945,mbrainz_26262,musicbrainz,lastfm,1.0,True,True,True,gold
lastFM_6600,mbrainz_3129,musicbrainz,lastfm,1.0,True,True,True,gold
lastFM_66025,mbrainz_26294,musicbrainz,lastfm,1.0,True,True,True,gold
lastFM_66040,mbrainz_26302,musicbrainz,lastfm,1.0,True,True,True,gold
lastFM_66042,mbrainz_26303,musicbrainz,lastfm,1.0,True,True,True,gold
lastFM_66057,mbrainz_31367,musicbrainz,lastfm,0.9497811794281006,False,False,True,plm_check_confident_pos
lastFM_66063,mbrainz_15889,musicbrainz,lastfm,0.9743436574935913,False,True,True,agreement
lastFM_66063,mbrainz_29947,musicbrainz,lastfm,0.9297475218772888,False,False,True,plm_check_confident_pos
lastFM_6608,mbrainz_3131,musicbrainz,lastfm,1.0,True,False,True,gold
lastFM_66123,mbrainz_16409,musicbrainz,lastfm,0.9600507020950317,False,False,True,plm_check_confident_pos
lastFM_66123,mbrainz_20367,musicbrainz,lastfm,0.722107470035553,False,False,True,plm_check_confident_pos
lastFM_66123,mbrainz_26340,musicbrainz,lastfm,1.0,True,True,True,gold
lastFM_66123,mbrainz_4405,musicbrainz,lastfm,0.9574844241142273,False,False,True,plm_check_confident_pos
lastFM_66134,mbrainz_26345,musicbrainz,lastfm,1.0,True,False,True,gold
lastFM_66216,mbrainz_26383,musicbrainz,lastfm,1.0,True,True,True,gold
lastFM_66225,mbrainz_19686,musicbrainz,lastfm,0.9585558772087097,False,False,True,plm_check_confident_pos
lastFM_66262,mbrainz_26403,musicbrainz,lastfm,1.0,True,False,True,gold
lastFM_66293,mbrainz_26419,musicbrainz,lastfm,1.0,True,True,True,gold
lastFM_66329,mbrainz_19059,musicbrainz,lastfm,0.7083085179328918,False,False,True,plm_check_confident_pos
lastFM_66329,mbrainz_22231,musicbrainz,lastfm,0.8069595694541931,False,False,True,plm_check_confident_pos
lastFM_66329,mbrainz_22699,musicbrainz,lastfm,0.9140392541885376,False,False,True,plm_check_confident_pos
lastFM_66329,mbrainz_26439,musicbrainz,lastfm,1.0,True,True,True,gold
lastFM_66329,mbrainz_542,musicbrainz,lastfm,0.9246665239334106,False,False,True,plm_check_confident_pos
lastFM_66348,mbrainz_26449,musicbrainz,lastfm,1.0,True,True,True,gold
lastFM_66348,mbrainz_3815,musicbrainz,lastfm,0.9735262393951416,False,False,True,plm_check_confident_pos
lastFM_6636,mbrainz_3142,musicbrainz,lastfm,1.0,True,True,True,gold
lastFM_6641,mbrainz_3145,musicbrainz,lastfm,1.0,True,True,True,gold
lastFM_66470,mbrainz_22231,musicbrainz,lastfm,0.8808563351631165,False,False,True,plm_check_confident_pos
lastFM_66470,mbrainz_26506,musicbrainz,lastfm,1.0,True,True,True,gold
lastFM_66484,mbrainz_26514,musicbrainz,lastfm,1.0,True,True,True,gold
lastFM_66492,mbrainz_26518,musicbrainz,lastfm,1.0,True,True,True,gold
lastFM_66530,mbrainz_26536,musicbrainz,lastfm,1.0,True,False,True,gold
lastFM_66547,mbrainz_20391,musicbrainz,lastfm,0.8511337041854858,False,False,True,plm_check_confident_pos
lastFM_66547,mbrainz_26544,musicbrainz,lastfm,1.0,True,True,True,gold
lastFM_66553,mbrainz_2101,musicbrainz,lastfm,0.7347160577774048,False,False,True,plm_check_confident_pos
lastFM_66553,mbrainz_26547,musicbrainz,lastfm,1.0,True,True,True,gold
lastFM_6656,mbrainz_3154,musicbrainz,lastfm,1.0,True,True,True,gold
lastFM_66578,mbrainz_26552,musicbrainz,lastfm,1.0,True,True,True,gold
lastFM_66588,mbrainz_26557,musicbrainz,lastfm,1.0,True,True,True,gold
lastFM_66593,mbrainz_26560,musicbrainz,lastfm,1.0,True,True,True,gold
lastFM_666,mbrainz_359,musicbrainz,lastfm,0.9734618663787842,False,True,True,agreement
lastFM_66616,mbrainz_26566,musicbrainz,lastfm,1.0,True,True,True,gold
lastFM_66626,mbrainz_26570,musicbrainz,lastfm,1.0,True,True,True,gold
lastFM_66647,mbrainz_26584,musicbrainz,lastfm,1.0,True,True,True,gold
lastFM_66723,mbrainz_26617,musicbrainz,lastfm,1.0,True,True,True,gold
lastFM_66740,mbrainz_14934,musicbrainz,lastfm,0.7352116703987122,False,False,True,plm_check_confident_pos
lastFM_6675,mbrainz_3165,musicbrainz,lastfm,1.0,True,True,True,gold
lastFM_66752,mbrainz_26626,musicbrainz,lastfm,1.0,True,True,True,gold
lastFM_66759,mbrainz_26628,musicbrainz,lastfm,1.0,True,True,True,gold
lastFM_66761,mbrainz_26629,musicbrainz,lastfm,1.0,True,False,True,gold
lastFM_66762,mbrainz_26630,musicbrainz,lastfm,1.0,True,True,True,gold
lastFM_66794,mbrainz_26644,musicbrainz,lastfm,1.0,True,True,True,gold
lastFM_66803,mbrainz_26649,musicbrainz,lastfm,1.0,True,True,True,gold
lastFM_66858,mbrainz_26672,musicbrainz,lastfm,1.0,True,True,True,gold
lastFM_66862,mbrainz_26674,musicbrainz,lastfm,1.0,True,True,True,gold
lastFM_66876,mbrainz_26680,musicbrainz,lastfm,1.0,True,True,True,gold
lastFM_66878,mbrainz_26682,musicbrainz,lastfm,0.9725774526596069,False,False,True,plm_check_confident_pos
lastFM_66884,mbrainz_26684,musicbrainz,lastfm,1.0,True,True,True,gold
lastFM_66952,mbrainz_26717,musicbrainz,lastfm,1.0,True,True,True,gold
lastFM_67,mbrainz_10481,musicbrainz,lastfm,0.9346268773078918,False,False,True,plm_check_confident_pos
lastFM_67,mbrainz_14754,musicbrainz,lastfm,0.9195694923400879,False,False,True,plm_check_confident_pos
lastFM_67,mbrainz_15930,musicbrainz,lastfm,0.8832261562347412,False,False,True,plm_check_confident_pos
lastFM_67,mbrainz_49,musicbrainz,lastfm,1.0,True,True,True,gold
lastFM_67,mbrainz_578,musicbrainz,lastfm,0.97203528881073,False,False,True,plm_check_confident_pos
lastFM_6702,mbrainz_3175,musicbrainz,lastfm,1.0,True,True,True,gold
lastFM_67034,mbrainz_26756,musicbrainz,lastfm,1.0,True,True,True,gold
lastFM_6705,mbrainz_3178,musicbrainz,lastfm,1.0,True,True,True,gold
lastFM_67073,mbrainz_26770,musicbrainz,lastfm,1.0,True,True,True,gold
lastFM_67107,mbrainz_26784,musicbrainz,lastfm,1.0,True,True,True,gold
lastFM_67117,mbrainz_26788,musicbrainz,lastfm,1.0,True,True,True,gold
lastFM_67120,mbrainz_15931,musicbrainz,lastfm,0.9737280607223511,False,True,True,agreement
lastFM_67122,mbrainz_4447,musicbrainz,lastfm,0.7269636392593384,False,False,True,plm_check_confident_pos
lastFM_67163,mbrainz_26800,musicbrainz,lastfm,1.0,True,True,True,gold
lastFM_67187,mbrainz_26807,musicbrainz,lastfm,1.0,True,False,True,gold
lastFM_67205,mbrainz_3829,musicbrainz,lastfm,0.9390530586242676,False,False,True,plm_check_confident_pos
lastFM_67224,mbrainz_26824,musicbrainz,lastfm,1.0,True,True,True,gold
lastFM_67297,mbrainz_26853,musicbrainz,lastfm,1.0,True,True,True,gold
lastFM_67301,mbrainz_26855,musicbrainz,lastfm,0.9735884070396423,False,True,True,agreement
lastFM_67304,mbrainz_26856,musicbrainz,lastfm,1.0,True,True,True,gold
lastFM_67313,mbrainz_26863,musicbrainz,lastfm,1.0,True,True,True,gold
lastFM_6736,mbrainz_301,musicbrainz,lastfm,0.9741911292076111,False,False,True,plm_check_confident_pos
lastFM_67390,mbrainz_26890,musicbrainz,lastfm,1.0,True,True,True,gold
lastFM_67422,mbrainz_26898,musicbrainz,lastfm,1.0,True,True,True,gold
lastFM_67432,mbrainz_26901,musicbrainz,lastfm,1.0,True,True,True,gold
lastFM_67469,mbrainz_26920,musicbrainz,lastfm,1.0,True,True,True,gold
lastFM_67487,mbrainz_18440,musicbrainz,lastfm,0.7464208602905273,False,False,True,plm_check_confident_pos
lastFM_67548,mbrainz_26955,musicbrainz,lastfm,1.0,True,False,True,gold
lastFM_67549,mbrainz_7828,musicbrainz,lastfm,0.9754472374916077,False,True,True,agreement
lastFM_676,mbrainz_363,musicbrainz,lastfm,1.0,True,True,True,gold
lastFM_67616,mbrainz_26985,musicbrainz,lastfm,0.9740520119667053,False,True,True,agreement
lastFM_67671,mbrainz_27016,musicbrainz,lastfm,1.0,True,True,True,gold
lastFM_67677,mbrainz_2549,musicbrainz,lastfm,0.9303691387176514,False,False,True,plm_check_confident_pos
lastFM_67736,mbrainz_27044,musicbrainz,lastfm,1.0,True,True,True,gold
lastFM_67772,mbrainz_19894,musicbrainz,lastfm,0.9210502505302429,False,False,True,plm_check_confident_pos
lastFM_67772,mbrainz_3409,musicbrainz,lastfm,0.8318125009536743,False,False,True,plm_check_confident_pos
lastFM_67783,mbrainz_27062,musicbrainz,lastfm,1.0,True,False,True,gold
lastFM_67785,mbrainz_27063,musicbrainz,lastfm,1.0,True,False,True,gold
lastFM_67813,mbrainz_27071,musicbrainz,lastfm,0.9622767567634583,False,False,True,plm_check_confident_pos
lastFM_6784,mbrainz_849,musicbrainz,lastfm,0.9080252647399902,False,True,True,agreement
lastFM_6784,mbrainz_893,musicbrainz,lastfm,0.9227285981178284,False,False,True,plm_check_confident_pos
lastFM_67842,mbrainz_27090,musicbrainz,lastfm,1.0,True,False,True,gold
lastFM_67896,mbrainz_4488,musicbrainz,lastfm,0.8308085799217224,False,False,True,plm_check_confident_pos
lastFM_67912,mbrainz_27122,musicbrainz,lastfm,1.0,True,True,True,gold
lastFM_67943,mbrainz_27136,musicbrainz,lastfm,1.0,True,True,True,gold
lastFM_67994,mbrainz_27156,musicbrainz,lastfm,1.0,True,False,True,gold
lastFM_68,mbrainz_50,musicbrainz,lastfm,0.9744925498962402,False,True,True,agreement
lastFM_68023,mbrainz_11069,musicbrainz,lastfm,0.738368809223175,False,False,True,plm_check_confident_pos
lastFM_68053,mbrainz_27181,musicbrainz,lastfm,1.0,True,False,True,gold
lastFM_68108,mbrainz_27204,musicbrainz,lastfm,1.0,True,True,True,gold
lastFM_68199,mbrainz_27246,musicbrainz,lastfm,0.9682970643043518,False,True,True,agreement
lastFM_68248,mbrainz_2512,musicbrainz,lastfm,0.7063297033309937,False,False,True,plm_check_confident_pos
lastFM_6828,mbrainz_2229,musicbrainz,lastfm,0.9745668172836304,False,True,True,agreement
lastFM_68309,mbrainz_27291,musicbrainz,lastfm,1.0,True,False,True,gold
lastFM_6832,mbrainz_3241,musicbrainz,lastfm,1.0,True,True,True,gold
lastFM_68339,mbrainz_27299,musicbrainz,lastfm,1.0,True,True,True,gold
lastFM_68354,mbrainz_27304,musicbrainz,lastfm,1.0,True,True,True,gold
lastFM_68400,mbrainz_27326,musicbrainz,lastfm,1.0,True,True,True,gold
lastFM_68505,mbrainz_27368,musicbrainz,lastfm,0.9747275710105896,False,True,True,agreement
lastFM_68528,mbrainz_27382,musicbrainz,lastfm,1.0,True,True,True,gold
lastFM_6855,mbrainz_3255,musicbrainz,lastfm,1.0,True,False,True,gold
lastFM_68560,mbrainz_27397,musicbrainz,lastfm,1.0,True,False,True,gold
lastFM_68615,mbrainz_27411,musicbrainz,lastfm,1.0,True,True,True,gold
lastFM_68651,mbrainz_27422,musicbrainz,lastfm,1.0,True,True,True,gold
lastFM_68652,mbrainz_27423,musicbrainz,lastfm,1.0,True,False,True,gold
lastFM_6872,mbrainz_1426,musicbrainz,lastfm,0.8251863121986389,False,False,True,plm_check_confident_pos
lastFM_68762,mbrainz_26584,musicbrainz,lastfm,0.8195714354515076,False,False,True,plm_check_confident_pos
lastFM_6877,mbrainz_3269,musicbrainz,lastfm,1.0,True,True,True,gold
lastFM_68851,mbrainz_1074,musicbrainz,lastfm,0.9740536212921143,False,False,True,plm_check_confident_pos
lastFM_68869,mbrainz_27507,musicbrainz,lastfm,1.0,True,True,True,gold
lastFM_68923,mbrainz_1468,musicbrainz,lastfm,0.7459831833839417,False,True,True,agreement
lastFM_69002,mbrainz_6947,musicbrainz,lastfm,0.9579658508300781,False,True,True,agreement
lastFM_69031,mbrainz_27554,musicbrainz,lastfm,0.9358301162719727,False,True,True,agreement
lastFM_69035,mbrainz_27555,musicbrainz,lastfm,1.0,True,True,True,gold
lastFM_6905,mbrainz_3286,musicbrainz,lastfm,1.0,True,False,True,gold
lastFM_69064,mbrainz_27564,musicbrainz,lastfm,1.0,True,True,True,gold
lastFM_6908,mbrainz_3287,musicbrainz,lastfm,1.0,True,True,True,gold
lastFM_69091,mbrainz_27580,musicbrainz,lastfm,1.0,True,True,True,gold
lastFM_6915,mbrainz_3291,musicbrainz,lastfm,1.0,True,True,True,gold
lastFM_6921,mbrainz_3296,musicbrainz,lastfm,0.9757919311523438,False,True,True,agreement
lastFM_69212,mbrainz_27627,musicbrainz,lastfm,1.0,True,True,True,gold
lastFM_69237,mbrainz_27640,musicbrainz,lastfm,1.0,True,False,True,gold
lastFM_69246,mbrainz_31842,musicbrainz,lastfm,0.8077729940414429,False,False,True,plm_check_confident_pos
lastFM_6927,mbrainz_3299,musicbrainz,lastfm,1.0,True,True,True,gold
lastFM_69270,mbrainz_27651,musicbrainz,lastfm,1.0,True,True,True,gold
lastFM_69306,mbrainz_27665,musicbrainz,lastfm,1.0,True,False,True,gold
lastFM_69388,mbrainz_27696,musicbrainz,lastfm,1.0,True,True,True,gold
lastFM_69452,mbrainz_11487,musicbrainz,lastfm,0.9753749370574951,False,False,True,plm_check_confident_pos
lastFM_69458,mbrainz_8320,musicbrainz,lastfm,0.9597349166870117,False,True,True,agreement
lastFM_6947,mbrainz_3309,musicbrainz,lastfm,1.0,True,True,True,gold
lastFM_6949,mbrainz_3311,musicbrainz,lastfm,1.0,True,True,True,gold
lastFM_69557,mbrainz_27763,musicbrainz,lastfm,1.0,True,False,True,gold
lastFM_69561,mbrainz_27764,musicbrainz,lastfm,1.0,True,False,True,gold
lastFM_69577,mbrainz_27773,musicbrainz,lastfm,1.0,True,True,True,gold
lastFM_69607,mbrainz_27790,musicbrainz,lastfm,0.9730388522148132,False,False,True,plm_check_confident_pos
lastFM_6963,mbrainz_3318,musicbrainz,lastfm,1.0,True,False,True,gold
lastFM_69676,mbrainz_27815,musicbrainz,lastfm,1.0,True,True,True,gold
lastFM_697,mbrainz_370,musicbrainz,lastfm,1.0,True,True,True,gold
lastFM_69727,mbrainz_27835,musicbrainz,lastfm,1.0,True,True,True,gold
lastFM_6977,mbrainz_3326,musicbrainz,lastfm,1.0,True,False,True,gold
lastFM_69828,mbrainz_27878,musicbrainz,lastfm,1.0,True,True,True,gold
lastFM_69851,mbrainz_27891,musicbrainz,lastfm,1.0,True,True,True,gold
lastFM_69853,mbrainz_27893,musicbrainz,lastfm,1.0,True,True,True,gold
lastFM_69888,mbrainz_27902,musicbrainz,lastfm,1.0,True,True,True,gold
lastFM_699,mbrainz_371,musicbrainz,lastfm,1.0,True,True,True,gold
lastFM_69944,mbrainz_12566,musicbrainz,lastfm,0.7021507620811462,False,False,True,plm_check_confident_pos
lastFM_6998,mbrainz_3337,musicbrainz,lastfm,1.0,True,True,True,gold
lastFM_7006,mbrainz_3341,musicbrainz,lastfm,1.0,True,True,True,gold
lastFM_70104,mbrainz_28001,musicbrainz,lastfm,1.0,True,True,True,gold
lastFM_7016,mbrainz_3342,musicbrainz,lastfm,1.0,True,True,True,gold
lastFM_7018,mbrainz_3344,musicbrainz,lastfm,1.0,True,True,True,gold
lastFM_70213,mbrainz_28051,musicbrainz,lastfm,1.0,True,True,True,gold
lastFM_7024,mbrainz_3349,musicbrainz,lastfm,0.9733132123947144,False,True,True,agreement
lastFM_70348,mbrainz_7223,musicbrainz,lastfm,0.79681795835495,False,False,True,plm_check_confident_pos
lastFM_7035,mbrainz_3359,musicbrainz,lastfm,1.0,True,True,True,gold
lastFM_70374,mbrainz_28118,musicbrainz,lastfm,1.0,True,False,True,gold
lastFM_70418,mbrainz_28141,musicbrainz,lastfm,1.0,True,False,True,gold
lastFM_70440,mbrainz_28153,musicbrainz,lastfm,0.9738741517066956,False,True,True,agreement
lastFM_70447,mbrainz_28159,musicbrainz,lastfm,1.0,True,True,True,gold
lastFM_70510,mbrainz_28187,musicbrainz,lastfm,1.0,True,True,True,gold
lastFM_70573,mbrainz_11974,musicbrainz,lastfm,0.7070294618606567,False,False,True,plm_check_confident_pos
lastFM_70573,mbrainz_1588,musicbrainz,lastfm,0.959113597869873,False,False,True,plm_check_confident_pos
lastFM_70612,mbrainz_28230,musicbrainz,lastfm,0.9753004312515259,False,True,True,agreement
lastFM_70624,mbrainz_11547,musicbrainz,lastfm,0.9736508727073669,False,False,True,plm_check_confident_pos
lastFM_70650,mbrainz_28247,musicbrainz,lastfm,1.0,True,False,True,gold
lastFM_70701,mbrainz_20668,musicbrainz,lastfm,0.8593671321868896,False,False,True,plm_check_confident_pos
lastFM_70701,mbrainz_28262,musicbrainz,lastfm,1.0,True,True,True,gold
lastFM_70782,mbrainz_31367,musicbrainz,lastfm,0.9497811794281006,False,False,True,plm_check_confident_pos
lastFM_70796,mbrainz_28312,musicbrainz,lastfm,1.0,True,True,True,gold
lastFM_70857,mbrainz_28340,musicbrainz,lastfm,1.0,True,True,True,gold
lastFM_70864,mbrainz_28342,musicbrainz,lastfm,1.0,True,True,True,gold
lastFM_70922,mbrainz_28364,musicbrainz,lastfm,1.0,True,True,True,gold
lastFM_70930,mbrainz_14967,musicbrainz,lastfm,0.9726521372795105,False,False,True,plm_check_confident_pos
lastFM_70930,mbrainz_28368,musicbrainz,lastfm,1.0,True,True,True,gold
lastFM_70930,mbrainz_430,musicbrainz,lastfm,0.9023821949958801,False,False,True,plm_check_confident_pos
lastFM_70934,mbrainz_28371,musicbrainz,lastfm,1.0,True,True,True,gold
lastFM_70941,mbrainz_28372,musicbrainz,lastfm,1.0,True,True,True,gold
lastFM_70995,mbrainz_13703,musicbrainz,lastfm,1.0,True,False,True,gold
lastFM_71019,mbrainz_28403,musicbrainz,lastfm,1.0,True,True,True,gold
lastFM_71032,mbrainz_28407,musicbrainz,lastfm,1.0,True,True,True,gold
lastFM_71098,mbrainz_28437,musicbrainz,lastfm,1.0,True,True,True,gold
lastFM_71101,mbrainz_28440,musicbrainz,lastfm,1.0,True,True,True,gold
lastFM_71116,mbrainz_28449,musicbrainz,lastfm,1.0,True,True,True,gold
lastFM_71120,mbrainz_28451,musicbrainz,lastfm,0.9724947214126587,False,True,True,agreement
lastFM_7125,mbrainz_3395,musicbrainz,lastfm,1.0,True,True,True,gold
lastFM_7125,mbrainz_9980,musicbrainz,lastfm,0.7742571234703064,False,False,True,plm_check_confident_pos
lastFM_71339,mbrainz_28543,musicbrainz,lastfm,1.0,True,False,True,gold
lastFM_71414,mbrainz_28566,musicbrainz,lastfm,1.0,True,True,True,gold
lastFM_7150,mbrainz_3408,musicbrainz,lastfm,1.0,True,False,True,gold
lastFM_7151,mbrainz_19894,musicbrainz,lastfm,0.9240482449531555,False,False,True,plm_check_confident_pos
lastFM_7151,mbrainz_3409,musicbrainz,lastfm,1.0,True,True,True,gold
lastFM_71529,mbrainz_28613,musicbrainz,lastfm,1.0,True,True,True,gold
lastFM_71533,mbrainz_15185,musicbrainz,lastfm,0.9205762147903442,False,False,True,plm_check_confident_pos
lastFM_71533,mbrainz_28616,musicbrainz,lastfm,1.0,True,True,True,gold
lastFM_71564,mbrainz_28626,musicbrainz,lastfm,1.0,True,True,True,gold
lastFM_71574,mbrainz_28629,musicbrainz,lastfm,1.0,True,True,True,gold
lastFM_71575,mbrainz_28630,musicbrainz,lastfm,1.0,True,True,True,gold
lastFM_71615,mbrainz_28635,musicbrainz,lastfm,1.0,True,True,True,gold
lastFM_71704,mbrainz_28683,musicbrainz,lastfm,1.0,True,True,True,gold
lastFM_71725,mbrainz_28690,musicbrainz,lastfm,1.0,True,True,True,gold
lastFM_71725,mbrainz_5466,musicbrainz,lastfm,0.8963724374771118,False,False,True,plm_check_confident_pos
lastFM_71738,mbrainz_28695,musicbrainz,lastfm,1.0,True,True,True,gold
lastFM_71752,mbrainz_28702,musicbrainz,lastfm,1.0,True,True,True,gold
lastFM_7179,mbrainz_3423,musicbrainz,lastfm,0.9732607007026672,False,True,True,agreement
lastFM_71867,mbrainz_14588,musicbrainz,lastfm,0.9491279125213623,False,False,True,plm_check_confident_pos
lastFM_71867,mbrainz_28750,musicbrainz,lastfm,0.8647503852844238,False,False,True,plm_check_confident_pos
lastFM_71868,mbrainz_31367,musicbrainz,lastfm,0.9451251029968262,False,False,True,plm_check_confident_pos
lastFM_71911,mbrainz_15528,musicbrainz,lastfm,0.9459590911865234,False,False,True,plm_check_confident_pos
lastFM_7192,mbrainz_3431,musicbrainz,lastfm,1.0,True,True,True,gold
lastFM_71990,mbrainz_28812,musicbrainz,lastfm,1.0,True,False,True,gold
lastFM_71990,mbrainz_6884,musicbrainz,lastfm,0.973243772983551,False,False,True,plm_check_confident_pos
lastFM_72,mbrainz_53,musicbrainz,lastfm,1.0,True,False,True,gold
lastFM_7201,mbrainz_3435,musicbrainz,lastfm,1.0,True,True,True,gold
lastFM_72013,mbrainz_28820,musicbrainz,lastfm,1.0,True,True,True,gold
lastFM_72056,mbrainz_28846,musicbrainz,lastfm,1.0,True,True,True,gold
lastFM_72083,mbrainz_28858,musicbrainz,lastfm,1.0,True,True,True,gold
lastFM_72095,mbrainz_28864,musicbrainz,lastfm,1.0,True,True,True,gold
lastFM_72107,mbrainz_28868,musicbrainz,lastfm,1.0,True,False,True,gold
lastFM_72113,mbrainz_28870,musicbrainz,lastfm,1.0,True,False,True,gold
lastFM_7213,mbrainz_523,musicbrainz,lastfm,0.9040944576263428,False,False,True,plm_check_confident_pos
lastFM_7220,mbrainz_3445,musicbrainz,lastfm,1.0,True,False,True,gold
lastFM_7221,mbrainz_1792,musicbrainz,lastfm,0.6635447144508362,False,True,True,agreement
lastFM_72243,mbrainz_28926,musicbrainz,lastfm,1.0,True,True,True,gold
lastFM_72248,mbrainz_28928,musicbrainz,lastfm,1.0,True,False,True,gold
lastFM_72281,mbrainz_28944,musicbrainz,lastfm,0.9737642407417297,False,True,True,agreement
lastFM_72299,mbrainz_10145,musicbrainz,lastfm,0.9735512137413025,False,False,True,plm_check_confident_pos
lastFM_72299,mbrainz_28953,musicbrainz,lastfm,1.0,True,True,True,gold
lastFM_7235,mbrainz_3453,musicbrainz,lastfm,1.0,True,True,True,gold
lastFM_72364,mbrainz_28981,musicbrainz,lastfm,1.0,True,True,True,gold
lastFM_72366,mbrainz_28983,musicbrainz,lastfm,1.0,True,True,True,gold
lastFM_72372,mbrainz_28988,musicbrainz,lastfm,1.0,True,True,True,gold
lastFM_72387,mbrainz_28995,musicbrainz,lastfm,1.0,True,True,True,gold
lastFM_72401,mbrainz_29002,musicbrainz,lastfm,1.0,True,True,True,gold
lastFM_72407,mbrainz_10604,musicbrainz,lastfm,0.9370225071907043,False,False,True,plm_check_confident_pos
lastFM_7246,mbrainz_3459,musicbrainz,lastfm,1.0,True,True,True,gold
lastFM_72465,mbrainz_29030,musicbrainz,lastfm,0.9739712476730347,False,True,True,agreement
lastFM_7247,mbrainz_18079,musicbrainz,lastfm,1.0,True,True,True,gold
lastFM_72472,mbrainz_29033,musicbrainz,lastfm,1.0,True,True,True,gold
lastFM_72590,mbrainz_29088,musicbrainz,lastfm,1.0,True,True,True,gold
lastFM_72617,mbrainz_29104,musicbrainz,lastfm,0.9738459587097168,False,True,True,agreement
lastFM_72652,mbrainz_29117,musicbrainz,lastfm,1.0,True,True,True,gold
lastFM_7267,mbrainz_3469,musicbrainz,lastfm,1.0,True,True,True,gold
lastFM_72672,mbrainz_29127,musicbrainz,lastfm,1.0,True,False,True,gold
lastFM_72677,mbrainz_14060,musicbrainz,lastfm,0.9735925793647766,False,True,True,agreement
lastFM_7268,mbrainz_3470,musicbrainz,lastfm,1.0,True,True,True,gold
lastFM_72701,mbrainz_29140,musicbrainz,lastfm,0.9735608100891113,False,True,True,agreement
lastFM_72717,mbrainz_29147,musicbrainz,lastfm,1.0,True,True,True,gold
lastFM_72747,mbrainz_29159,musicbrainz,lastfm,1.0,True,True,True,gold
lastFM_72772,mbrainz_29170,musicbrainz,lastfm,1.0,True,False,True,gold
lastFM_72792,mbrainz_29182,musicbrainz,lastfm,1.0,True,True,True,gold
lastFM_72792,mbrainz_5444,musicbrainz,lastfm,0.7250117659568787,False,False,True,plm_check_confident_pos
lastFM_72861,mbrainz_29214,musicbrainz,lastfm,1.0,True,False,True,gold
lastFM_72861,mbrainz_32017,musicbrainz,lastfm,0.9731853008270264,False,False,True,plm_check_confident_pos
lastFM_72895,mbrainz_29225,musicbrainz,lastfm,1.0,True,False,True,gold
lastFM_72903,mbrainz_29232,musicbrainz,lastfm,1.0,True,True,True,gold
lastFM_72936,mbrainz_29246,musicbrainz,lastfm,1.0,True,True,True,gold
lastFM_72958,mbrainz_29254,musicbrainz,lastfm,1.0,True,True,True,gold
lastFM_72981,mbrainz_29262,musicbrainz,lastfm,1.0,True,True,True,gold
lastFM_72997,mbrainz_29270,musicbrainz,lastfm,1.0,True,True,True,gold
lastFM_73,mbrainz_54,musicbrainz,lastfm,1.0,True,True,True,gold
lastFM_73050,mbrainz_29291,musicbrainz,lastfm,1.0,True,True,True,gold
lastFM_73051,mbrainz_29292,musicbrainz,lastfm,1.0,True,True,True,gold
lastFM_73059,mbrainz_29297,musicbrainz,lastfm,1.0,True,False,True,gold
lastFM_7308,mbrainz_3489,musicbrainz,lastfm,1.0,True,True,True,gold
lastFM_73108,mbrainz_29316,musicbrainz,lastfm,1.0,True,True,True,gold
lastFM_73246,mbrainz_29373,musicbrainz,lastfm,1.0,True,True,True,gold
lastFM_73282,mbrainz_29386,musicbrainz,lastfm,1.0,True,True,True,gold
lastFM_73297,mbrainz_29396,musicbrainz,lastfm,1.0,True,True,True,gold
lastFM_733,mbrainz_21467,musicbrainz,lastfm,0.9754600524902344,False,False,True,plm_check_confident_pos
lastFM_733,mbrainz_385,musicbrainz,lastfm,1.0,True,True,True,gold
lastFM_7331,mbrainz_3504,musicbrainz,lastfm,1.0,True,True,True,gold
lastFM_73320,mbrainz_29414,musicbrainz,lastfm,1.0,True,True,True,gold
lastFM_73360,mbrainz_29430,musicbrainz,lastfm,1.0,True,True,True,gold
lastFM_7338,mbrainz_3507,musicbrainz,lastfm,1.0,True,True,True,gold
lastFM_73380,mbrainz_29437,musicbrainz,lastfm,1.0,True,True,True,gold
lastFM_7341,mbrainz_10120,musicbrainz,lastfm,0.9235149621963501,False,False,True,plm_check_confident_pos
lastFM_7341,mbrainz_3509,musicbrainz,lastfm,1.0,True,False,True,gold
lastFM_73419,mbrainz_29450,musicbrainz,lastfm,1.0,True,True,True,gold
lastFM_73460,mbrainz_31206,musicbrainz,lastfm,0.9737910628318787,False,False,True,plm_check_confident_pos
lastFM_7352,mbrainz_3514,musicbrainz,lastfm,1.0,True,True,True,gold
lastFM_7356,mbrainz_3517,musicbrainz,lastfm,1.0,True,True,True,gold
lastFM_73560,mbrainz_29140,musicbrainz,lastfm,0.9367057085037231,False,False,True,plm_check_confident_pos
lastFM_73579,mbrainz_12359,musicbrainz,lastfm,0.9136047959327698,False,False,True,plm_check_confident_pos
lastFM_73597,mbrainz_29510,musicbrainz,lastfm,1.0,True,True,True,gold
lastFM_73644,mbrainz_29530,musicbrainz,lastfm,1.0,True,True,True,gold
lastFM_73651,mbrainz_29534,musicbrainz,lastfm,0.9270232915878296,False,False,True,plm_check_confident_pos
lastFM_7373,mbrainz_3524,musicbrainz,lastfm,1.0,True,True,True,gold
lastFM_73770,mbrainz_29574,musicbrainz,lastfm,1.0,True,True,True,gold
lastFM_73815,mbrainz_29586,musicbrainz,lastfm,1.0,True,True,True,gold
lastFM_73829,mbrainz_29595,musicbrainz,lastfm,1.0,True,True,True,gold
lastFM_73863,mbrainz_23545,musicbrainz,lastfm,1.0,True,False,True,gold
lastFM_73880,mbrainz_9373,musicbrainz,lastfm,0.5269262790679932,False,False,True,plm_check_llm_yes
lastFM_73899,mbrainz_29624,musicbrainz,lastfm,1.0,True,True,True,gold
lastFM_73899,mbrainz_8972,musicbrainz,lastfm,0.8662837147712708,False,False,True,plm_check_confident_pos
lastFM_7392,mbrainz_25955,musicbrainz,lastfm,0.8459926843643188,False,False,True,plm_check_confident_pos
lastFM_7392,mbrainz_3537,musicbrainz,lastfm,1.0,True,True,True,gold
lastFM_73944,mbrainz_15930,musicbrainz,lastfm,0.8697054386138916,False,False,True,plm_check_confident_pos
lastFM_7396,mbrainz_3539,musicbrainz,lastfm,1.0,True,True,True,gold
lastFM_73999,mbrainz_29663,musicbrainz,lastfm,1.0,True,True,True,gold
lastFM_7410,mbrainz_2365,musicbrainz,lastfm,0.9753138422966003,False,False,True,plm_check_confident_pos
lastFM_7410,mbrainz_3544,musicbrainz,lastfm,1.0,True,True,True,gold
lastFM_7411,mbrainz_3545,musicbrainz,lastfm,1.0,True,True,True,gold
lastFM_7415,mbrainz_3546,musicbrainz,lastfm,1.0,True,True,True,gold
lastFM_74164,mbrainz_29728,musicbrainz,lastfm,1.0,True,True,True,gold
lastFM_7417,mbrainz_3547,musicbrainz,lastfm,1.0,True,False,True,gold
lastFM_7420,mbrainz_3549,musicbrainz,lastfm,1.0,True,True,True,gold
lastFM_74237,mbrainz_29757,musicbrainz,lastfm,1.0,True,True,True,gold
lastFM_74283,mbrainz_29773,musicbrainz,lastfm,1.0,True,True,True,gold
lastFM_74294,mbrainz_31188,musicbrainz,lastfm,0.9220150113105774,False,False,True,plm_check_confident_pos
lastFM_7430,mbrainz_3557,musicbrainz,lastfm,1.0,True,True,True,gold
lastFM_7437,mbrainz_10450,musicbrainz,lastfm,0.8558405637741089,False,False,True,plm_check_confident_pos
lastFM_74402,mbrainz_31367,musicbrainz,lastfm,0.9451251029968262,False,False,True,plm_check_confident_pos
lastFM_74422,mbrainz_29816,musicbrainz,lastfm,1.0,True,True,True,gold
lastFM_7445,mbrainz_3565,musicbrainz,lastfm,1.0,True,True,True,gold
lastFM_74550,mbrainz_15514,musicbrainz,lastfm,0.9574891924858093,False,False,True,plm_check_confident_pos
lastFM_74550,mbrainz_2383,musicbrainz,lastfm,0.8757758736610413,False,False,True,plm_check_confident_pos
lastFM_74550,mbrainz_2690,musicbrainz,lastfm,0.9632309675216675,False,False,True,plm_check_confident_pos
lastFM_74575,mbrainz_7740,musicbrainz,lastfm,0.9748156070709229,False,False,True,plm_check_confident_pos
lastFM_74605,mbrainz_29885,musicbrainz,lastfm,1.0,True,True,True,gold
lastFM_74606,mbrainz_29886,musicbrainz,lastfm,1.0,True,True,True,gold
lastFM_74640,mbrainz_29909,musicbrainz,lastfm,1.0,True,True,True,gold
lastFM_7467,mbrainz_3575,musicbrainz,lastfm,1.0,True,True,True,gold
lastFM_74701,mbrainz_29929,musicbrainz,lastfm,0.9729256629943848,False,True,True,agreement
lastFM_74707,mbrainz_29931,musicbrainz,lastfm,1.0,True,True,True,gold
lastFM_74715,mbrainz_29935,musicbrainz,lastfm,1.0,True,False,True,gold
lastFM_74728,mbrainz_19686,musicbrainz,lastfm,0.9625121355056763,False,False,True,plm_check_confident_pos
lastFM_7473,mbrainz_3579,musicbrainz,lastfm,1.0,True,True,True,gold
lastFM_7474,mbrainz_3580,musicbrainz,lastfm,0.9752389788627625,False,True,True,agreement
lastFM_74740,mbrainz_29942,musicbrainz,lastfm,1.0,True,True,True,gold
lastFM_74752,mbrainz_15889,musicbrainz,lastfm,0.9688625931739807,False,False,True,plm_check_confident_pos
lastFM_74752,mbrainz_29947,musicbrainz,lastfm,1.0,True,False,True,gold
lastFM_74828,mbrainz_29973,musicbrainz,lastfm,1.0,True,True,True,gold
lastFM_74906,mbrainz_30006,musicbrainz,lastfm,1.0,True,False,True,gold
lastFM_74938,mbrainz_30023,musicbrainz,lastfm,1.0,True,True,True,gold
lastFM_74985,mbrainz_30041,musicbrainz,lastfm,1.0,True,True,True,gold
lastFM_7505,mbrainz_3600,musicbrainz,lastfm,1.0,True,True,True,gold
lastFM_75145,mbrainz_30085,musicbrainz,lastfm,1.0,True,False,True,gold
lastFM_75147,mbrainz_1487,musicbrainz,lastfm,0.9425568580627441,False,False,True,plm_check_confident_pos
lastFM_75147,mbrainz_30086,musicbrainz,lastfm,1.0,True,True,True,gold
lastFM_75188,mbrainz_30104,musicbrainz,lastfm,0.9758997559547424,False,True,True,agreement
lastFM_7524,mbrainz_3608,musicbrainz,lastfm,1.0,True,True,True,gold
lastFM_75263,mbrainz_30134,musicbrainz,lastfm,1.0,True,True,True,gold
lastFM_7530,mbrainz_3610,musicbrainz,lastfm,1.0,True,True,True,gold
lastFM_75308,mbrainz_30155,musicbrainz,lastfm,1.0,True,True,True,gold
lastFM_75352,mbrainz_30169,musicbrainz,lastfm,1.0,True,True,True,gold
lastFM_7536,mbrainz_3613,musicbrainz,lastfm,1.0,True,True,True,gold
lastFM_7537,mbrainz_3614,musicbrainz,lastfm,1.0,True,False,True,gold
lastFM_7538,mbrainz_3615,musicbrainz,lastfm,1.0,True,True,True,gold
lastFM_75432,mbrainz_30429,musicbrainz,lastfm,0.9512308239936829,False,True,True,agreement
lastFM_7544,mbrainz_3618,musicbrainz,lastfm,1.0,True,True,True,gold
lastFM_75448,mbrainz_30214,musicbrainz,lastfm,1.0,True,True,True,gold
lastFM_75459,mbrainz_10451,musicbrainz,lastfm,0.7353695631027222,False,False,True,plm_check_confident_pos
lastFM_75459,mbrainz_30221,musicbrainz,lastfm,0.9726141095161438,False,True,True,agreement
lastFM_755,mbrainz_387,musicbrainz,lastfm,1.0,True,True,True,gold
lastFM_75539,mbrainz_30257,musicbrainz,lastfm,1.0,True,True,True,gold
lastFM_75577,mbrainz_30273,musicbrainz,lastfm,1.0,True,True,True,gold
lastFM_75586,mbrainz_30276,musicbrainz,lastfm,1.0,True,True,True,gold
lastFM_7568,mbrainz_3630,musicbrainz,lastfm,1.0,True,False,True,gold
lastFM_75715,mbrainz_30337,musicbrainz,lastfm,1.0,True,True,True,gold
lastFM_75729,mbrainz_30343,musicbrainz,lastfm,1.0,True,False,True,gold
lastFM_75735,mbrainz_30346,musicbrainz,lastfm,1.0,True,True,True,gold
lastFM_75741,mbrainz_10145,musicbrainz,lastfm,0.9727627635002136,False,False,True,plm_check_confident_pos
lastFM_75741,mbrainz_28953,musicbrainz,lastfm,0.974348783493042,False,False,True,plm_check_confident_pos
lastFM_75759,mbrainz_30357,musicbrainz,lastfm,1.0,True,True,True,gold
lastFM_75759,mbrainz_7798,musicbrainz,lastfm,0.9736977815628052,False,False,True,plm_check_confident_pos
lastFM_75824,mbrainz_30379,musicbrainz,lastfm,1.0,True,True,True,gold
lastFM_75833,mbrainz_30384,musicbrainz,lastfm,0.9716965556144714,False,True,True,agreement
lastFM_75857,mbrainz_30391,musicbrainz,lastfm,1.0,True,True,True,gold
lastFM_75880,mbrainz_30399,musicbrainz,lastfm,1.0,True,True,True,gold
lastFM_75893,mbrainz_23606,musicbrainz,lastfm,0.9660074710845947,False,False,True,plm_check_confident_pos
lastFM_75893,mbrainz_24802,musicbrainz,lastfm,0.9751285910606384,False,False,True,plm_check_confident_pos
lastFM_75893,mbrainz_30404,musicbrainz,lastfm,1.0,True,False,True,gold
lastFM_7595,mbrainz_3645,musicbrainz,lastfm,1.0,True,False,True,gold
lastFM_75956,mbrainz_30429,musicbrainz,lastfm,1.0,True,False,True,gold
lastFM_7596,mbrainz_3646,musicbrainz,lastfm,1.0,True,True,True,gold
lastFM_76014,mbrainz_30449,musicbrainz,lastfm,1.0,True,True,True,gold
lastFM_7604,mbrainz_3651,musicbrainz,lastfm,1.0,True,False,True,gold
lastFM_76081,mbrainz_30481,musicbrainz,lastfm,1.0,True,False,True,gold
lastFM_7609,mbrainz_3655,musicbrainz,lastfm,1.0,True,True,True,gold
lastFM_76111,mbrainz_30489,musicbrainz,lastfm,1.0,True,True,True,gold
lastFM_7614,mbrainz_3658,musicbrainz,lastfm,1.0,True,False,True,gold
lastFM_7617,mbrainz_3660,musicbrainz,lastfm,1.0,True,True,True,gold
lastFM_76185,mbrainz_30512,musicbrainz,lastfm,1.0,True,True,True,gold
lastFM_76216,mbrainz_30527,musicbrainz,lastfm,0.9729275703430176,False,True,True,agreement
lastFM_76226,mbrainz_30533,musicbrainz,lastfm,1.0,True,True,True,gold
lastFM_7623,mbrainz_3663,musicbrainz,lastfm,1.0,True,True,True,gold
lastFM_7624,mbrainz_3664,musicbrainz,lastfm,1.0,True,True,True,gold
lastFM_7625,mbrainz_3665,musicbrainz,lastfm,1.0,True,True,True,gold
lastFM_76287,mbrainz_12359,musicbrainz,lastfm,0.9137558937072754,False,False,True,plm_check_confident_pos
lastFM_7632,mbrainz_3669,musicbrainz,lastfm,1.0,True,True,True,gold
lastFM_76355,mbrainz_30588,musicbrainz,lastfm,1.0,True,True,True,gold
lastFM_76393,mbrainz_20913,musicbrainz,lastfm,0.9667250514030457,False,False,True,plm_check_confident_pos
lastFM_76433,mbrainz_30626,musicbrainz,lastfm,1.0,True,False,True,gold
lastFM_76477,mbrainz_30648,musicbrainz,lastfm,1.0,True,True,True,gold
lastFM_76507,mbrainz_30659,musicbrainz,lastfm,1.0,True,True,True,gold
lastFM_76561,mbrainz_30679,musicbrainz,lastfm,1.0,True,True,True,gold
lastFM_7657,mbrainz_3679,musicbrainz,lastfm,1.0,True,True,True,gold
lastFM_76614,mbrainz_30700,musicbrainz,lastfm,1.0,True,True,True,gold
lastFM_76688,mbrainz_28812,musicbrainz,lastfm,0.9739179015159607,False,False,True,plm_check_confident_pos
lastFM_76688,mbrainz_6884,musicbrainz,lastfm,0.9738035798072815,False,False,True,plm_check_confident_pos
lastFM_7673,mbrainz_3686,musicbrainz,lastfm,0.9735841155052185,False,True,True,agreement
lastFM_76733,mbrainz_30756,musicbrainz,lastfm,1.0,True,False,True,gold
lastFM_76748,mbrainz_30762,musicbrainz,lastfm,1.0,True,False,True,gold
lastFM_7677,mbrainz_3688,musicbrainz,lastfm,1.0,True,True,True,gold
lastFM_7694,mbrainz_3693,musicbrainz,lastfm,1.0,True,True,True,gold
lastFM_7694,mbrainz_3779,musicbrainz,lastfm,0.9745639562606812,False,False,True,plm_check_confident_pos
lastFM_7694,mbrainz_3780,musicbrainz,lastfm,0.9344543814659119,False,False,True,plm_check_confident_pos
lastFM_7695,mbrainz_3694,musicbrainz,lastfm,1.0,True,True,True,gold
lastFM_7698,mbrainz_3696,musicbrainz,lastfm,1.0,True,True,True,gold
lastFM_76980,mbrainz_30854,musicbrainz,lastfm,1.0,True,False,True,gold
lastFM_76996,mbrainz_30859,musicbrainz,lastfm,1.0,True,True,True,gold
lastFM_77000,mbrainz_30861,musicbrainz,lastfm,1.0,True,True,True,gold
lastFM_77001,mbrainz_30862,musicbrainz,lastfm,1.0,True,True,True,gold
lastFM_77044,mbrainz_30883,musicbrainz,lastfm,1.0,True,True,True,gold
lastFM_7721,mbrainz_2185,musicbrainz,lastfm,0.8954235315322876,False,False,True,plm_check_confident_pos
lastFM_7721,mbrainz_3708,musicbrainz,lastfm,1.0,True,True,True,gold
lastFM_77230,mbrainz_10451,musicbrainz,lastfm,0.7357909083366394,False,False,True,plm_check_confident_pos
lastFM_77231,mbrainz_30962,musicbrainz,lastfm,1.0,True,False,True,gold
lastFM_77264,mbrainz_8708,musicbrainz,lastfm,0.9743896126747131,False,False,True,plm_check_confident_pos
lastFM_77295,mbrainz_30996,musicbrainz,lastfm,1.0,True,True,True,gold
lastFM_77296,mbrainz_30997,musicbrainz,lastfm,1.0,True,False,True,gold
lastFM_77305,mbrainz_31003,musicbrainz,lastfm,0.9696682691574097,False,True,True,agreement
lastFM_77358,mbrainz_31032,musicbrainz,lastfm,1.0,True,True,True,gold
lastFM_77368,mbrainz_31039,musicbrainz,lastfm,1.0,True,False,True,gold
lastFM_77404,mbrainz_31057,musicbrainz,lastfm,1.0,True,False,True,gold
lastFM_77414,mbrainz_31061,musicbrainz,lastfm,1.0,True,True,True,gold
lastFM_77418,mbrainz_31064,musicbrainz,lastfm,1.0,True,True,True,gold
lastFM_77441,mbrainz_31069,musicbrainz,lastfm,0.9750483632087708,False,True,True,agreement
lastFM_7752,mbrainz_16073,musicbrainz,lastfm,0.7872598767280579,False,False,True,plm_check_confident_pos
lastFM_7752,mbrainz_3723,musicbrainz,lastfm,1.0,True,True,True,gold
lastFM_7752,mbrainz_7052,musicbrainz,lastfm,0.7793599367141724,False,False,True,plm_check_confident_pos
lastFM_7754,mbrainz_3725,musicbrainz,lastfm,1.0,True,True,True,gold
lastFM_77555,mbrainz_31120,musicbrainz,lastfm,1.0,True,True,True,gold
lastFM_77568,mbrainz_31124,musicbrainz,lastfm,1.0,True,True,True,gold
lastFM_77569,mbrainz_31125,musicbrainz,lastfm,1.0,True,True,True,gold
lastFM_77629,mbrainz_31157,musicbrainz,lastfm,1.0,True,True,True,gold
lastFM_77712,mbrainz_31192,musicbrainz,lastfm,1.0,True,True,True,gold
lastFM_77732,mbrainz_31205,musicbrainz,lastfm,1.0,True,True,True,gold
lastFM_77739,mbrainz_25955,musicbrainz,lastfm,0.9507508873939514,False,False,True,plm_check_confident_pos
lastFM_77739,mbrainz_31208,musicbrainz,lastfm,1.0,True,False,True,gold
lastFM_77802,mbrainz_32734,musicbrainz,lastfm,0.9738194346427917,False,False,True,plm_check_confident_pos
lastFM_77812,mbrainz_31247,musicbrainz,lastfm,1.0,True,False,True,gold
lastFM_77853,mbrainz_31267,musicbrainz,lastfm,0.9733980298042297,False,True,True,agreement
lastFM_77865,mbrainz_31273,musicbrainz,lastfm,1.0,True,True,True,gold
lastFM_77867,mbrainz_31275,musicbrainz,lastfm,1.0,True,False,True,gold
lastFM_77880,mbrainz_31283,musicbrainz,lastfm,1.0,True,True,True,gold
lastFM_7789,mbrainz_3741,musicbrainz,lastfm,1.0,True,True,True,gold
lastFM_7796,mbrainz_3743,musicbrainz,lastfm,1.0,True,True,True,gold
lastFM_77985,mbrainz_31324,musicbrainz,lastfm,1.0,True,True,True,gold
lastFM_7807,mbrainz_3746,musicbrainz,lastfm,1.0,True,True,True,gold
lastFM_78080,mbrainz_31367,musicbrainz,lastfm,1.0,True,True,True,gold
lastFM_78143,mbrainz_31392,musicbrainz,lastfm,1.0,True,True,True,gold
lastFM_78226,mbrainz_31436,musicbrainz,lastfm,0.9741445183753967,False,False,True,plm_check_confident_pos
lastFM_78237,mbrainz_20745,musicbrainz,lastfm,0.85283362865448,False,False,True,plm_check_confident_pos
lastFM_78306,mbrainz_31472,musicbrainz,lastfm,1.0,True,True,True,gold
lastFM_7833,mbrainz_3764,musicbrainz,lastfm,1.0,True,True,True,gold
lastFM_78332,mbrainz_31484,musicbrainz,lastfm,1.0,True,False,True,gold
lastFM_78346,mbrainz_31492,musicbrainz,lastfm,1.0,True,True,True,gold
lastFM_7836,mbrainz_3766,musicbrainz,lastfm,1.0,True,True,True,gold
lastFM_78415,mbrainz_31518,musicbrainz,lastfm,1.0,True,True,True,gold
lastFM_7844,mbrainz_3773,musicbrainz,lastfm,1.0,True,True,True,gold
lastFM_7844,mbrainz_9567,musicbrainz,lastfm,0.9589031934738159,False,False,True,plm_check_confident_pos
lastFM_7845,mbrainz_3774,musicbrainz,lastfm,1.0,True,False,True,gold
lastFM_7845,mbrainz_5801,musicbrainz,lastfm,0.9747719764709473,False,False,True,plm_check_confident_pos
lastFM_78468,mbrainz_31537,musicbrainz,lastfm,1.0,True,True,True,gold
lastFM_78523,mbrainz_7867,musicbrainz,lastfm,0.9573057293891907,False,False,True,plm_check_confident_pos
lastFM_78528,mbrainz_31563,musicbrainz,lastfm,1.0,True,False,True,gold
lastFM_78551,mbrainz_31576,musicbrainz,lastfm,1.0,True,False,True,gold
lastFM_7857,mbrainz_3693,musicbrainz,lastfm,0.9731878638267517,False,False,True,plm_check_confident_pos
lastFM_7857,mbrainz_3779,musicbrainz,lastfm,1.0,True,True,True,gold
lastFM_7857,mbrainz_3780,musicbrainz,lastfm,0.8986967206001282,False,False,True,plm_check_confident_pos
lastFM_7858,mbrainz_3693,musicbrainz,lastfm,0.9686071872711182,False,False,True,plm_check_confident_pos
lastFM_7858,mbrainz_3779,musicbrainz,lastfm,0.9294739365577698,False,False,True,plm_check_confident_pos
lastFM_7858,mbrainz_3780,musicbrainz,lastfm,1.0,True,True,True,gold
lastFM_78581,mbrainz_31590,musicbrainz,lastfm,1.0,True,True,True,gold
lastFM_7862,mbrainz_3782,musicbrainz,lastfm,1.0,True,True,True,gold
lastFM_7866,mbrainz_3784,musicbrainz,lastfm,1.0,True,True,True,gold
lastFM_78672,mbrainz_10744,musicbrainz,lastfm,0.7791257500648499,False,False,True,plm_check_confident_pos
lastFM_78672,mbrainz_31636,musicbrainz,lastfm,1.0,True,True,True,gold
lastFM_7870,mbrainz_3787,musicbrainz,lastfm,1.0,True,True,True,gold
lastFM_78718,mbrainz_31653,musicbrainz,lastfm,1.0,True,True,True,gold
lastFM_78755,mbrainz_31666,musicbrainz,lastfm,1.0,True,True,True,gold
lastFM_78756,mbrainz_23807,musicbrainz,lastfm,0.7657904624938965,False,False,True,plm_check_confident_pos
lastFM_78784,mbrainz_31676,musicbrainz,lastfm,1.0,True,False,True,gold
lastFM_7879,mbrainz_3793,musicbrainz,lastfm,1.0,True,True,True,gold
lastFM_78815,mbrainz_31688,musicbrainz,lastfm,0.974373996257782,False,False,True,plm_check_confident_pos
lastFM_78843,mbrainz_31697,musicbrainz,lastfm,1.0,True,True,True,gold
lastFM_78851,mbrainz_523,musicbrainz,lastfm,0.8478829264640808,False,False,True,plm_check_confident_pos
lastFM_78863,mbrainz_31707,musicbrainz,lastfm,1.0,True,True,True,gold
lastFM_78877,mbrainz_20762,musicbrainz,lastfm,0.948215663433075,False,False,True,plm_check_confident_pos
lastFM_78877,mbrainz_31715,musicbrainz,lastfm,1.0,True,True,True,gold
lastFM_7890,mbrainz_3798,musicbrainz,lastfm,1.0,True,True,True,gold
lastFM_78932,mbrainz_31735,musicbrainz,lastfm,0.9724829792976379,False,True,True,agreement
lastFM_7895,mbrainz_3801,musicbrainz,lastfm,1.0,True,True,True,gold
lastFM_78966,mbrainz_31745,musicbrainz,lastfm,1.0,True,True,True,gold
lastFM_78984,mbrainz_31752,musicbrainz,lastfm,1.0,True,True,True,gold
lastFM_78998,mbrainz_31759,musicbrainz,lastfm,1.0,True,False,True,gold
lastFM_78998,mbrainz_4877,musicbrainz,lastfm,0.8749341368675232,False,False,True,plm_check_confident_pos
lastFM_79,mbrainz_59,musicbrainz,lastfm,1.0,True,True,True,gold
lastFM_79006,mbrainz_31762,musicbrainz,lastfm,1.0,True,True,True,gold
lastFM_7905,mbrainz_3804,musicbrainz,lastfm,0.9733606576919556,False,True,True,agreement
lastFM_7905,mbrainz_3809,musicbrainz,lastfm,0.9625858068466187,False,False,True,plm_check_confident_pos
lastFM_79052,mbrainz_31774,musicbrainz,lastfm,0.9734505414962769,False,True,True,agreement
lastFM_79108,mbrainz_31794,musicbrainz,lastfm,1.0,True,True,True,gold
lastFM_7914,mbrainz_3804,musicbrainz,lastfm,0.975200891494751,False,False,True,plm_check_confident_pos
lastFM_7914,mbrainz_3809,musicbrainz,lastfm,1.0,True,True,True,gold
lastFM_79215,mbrainz_31847,musicbrainz,lastfm,1.0,True,False,True,gold
lastFM_7923,mbrainz_26449,musicbrainz,lastfm,0.973783016204834,False,False,True,plm_check_confident_pos
lastFM_7923,mbrainz_3815,musicbrainz,lastfm,1.0,True,True,True,gold
lastFM_79252,mbrainz_31858,musicbrainz,lastfm,1.0,True,True,True,gold
lastFM_79276,mbrainz_31868,musicbrainz,lastfm,1.0,True,True,True,gold
lastFM_79308,mbrainz_11069,musicbrainz,lastfm,0.947839617729187,False,False,True,plm_check_confident_pos
lastFM_79308,mbrainz_9548,musicbrainz,lastfm,0.7455788254737854,False,False,True,plm_check_confident_pos
lastFM_79324,mbrainz_31892,musicbrainz,lastfm,1.0,True,True,True,gold
lastFM_7934,mbrainz_3820,musicbrainz,lastfm,1.0,True,True,True,gold
lastFM_7945,mbrainz_3825,musicbrainz,lastfm,1.0,True,True,True,gold
lastFM_79500,mbrainz_31972,musicbrainz,lastfm,1.0,True,True,True,gold
lastFM_79523,mbrainz_9521,musicbrainz,lastfm,0.8288256525993347,False,False,True,plm_check_confident_pos
lastFM_79572,mbrainz_31996,musicbrainz,lastfm,1.0,True,False,True,gold
lastFM_79640,mbrainz_29214,musicbrainz,lastfm,0.9307368993759155,False,False,True,plm_check_confident_pos
lastFM_79640,mbrainz_32017,musicbrainz,lastfm,0.9746869206428528,False,True,True,agreement
lastFM_79648,mbrainz_32020,musicbrainz,lastfm,0.9726886749267578,False,True,True,agreement
lastFM_7973,mbrainz_3836,musicbrainz,lastfm,1.0,True,True,True,gold
lastFM_79841,mbrainz_32120,musicbrainz,lastfm,1.0,True,False,True,gold
lastFM_79841,mbrainz_3445,musicbrainz,lastfm,0.8477796316146851,False,False,True,plm_check_confident_pos
lastFM_7987,mbrainz_3841,musicbrainz,lastfm,1.0,True,True,True,gold
lastFM_7997,mbrainz_3844,musicbrainz,lastfm,1.0,True,True,True,gold
lastFM_79995,mbrainz_32189,musicbrainz,lastfm,1.0,True,True,True,gold
lastFM_8,mbrainz_7,musicbrainz,lastfm,0.961776614189148,False,True,True,agreement
lastFM_80,mbrainz_60,musicbrainz,lastfm,1.0,True,False,True,gold
lastFM_80016,mbrainz_24365,musicbrainz,lastfm,0.7926857471466064,False,False,True,plm_check_confident_pos
lastFM_80016,mbrainz_248,musicbrainz,lastfm,0.8666106462478638,False,False,True,plm_check_confident_pos
lastFM_80016,mbrainz_32195,musicbrainz,lastfm,0.9738691449165344,False,False,True,plm_check_confident_pos
lastFM_80016,mbrainz_3992,musicbrainz,lastfm,0.8220475316047668,False,False,True,plm_check_confident_pos
lastFM_80016,mbrainz_7572,musicbrainz,lastfm,0.7341093420982361,False,False,True,plm_check_confident_pos
lastFM_80122,mbrainz_32241,musicbrainz,lastfm,1.0,True,False,True,gold
lastFM_8014,mbrainz_3851,musicbrainz,lastfm,1.0,True,True,True,gold
lastFM_80143,mbrainz_32251,musicbrainz,lastfm,1.0,True,True,True,gold
lastFM_8020,mbrainz_3854,musicbrainz,lastfm,0.9752781391143799,False,True,True,agreement
lastFM_8022,mbrainz_3855,musicbrainz,lastfm,0.973036527633667,False,False,True,plm_check_confident_pos
lastFM_80306,mbrainz_20745,musicbrainz,lastfm,0.8967730402946472,False,False,True,plm_check_confident_pos
lastFM_80320,mbrainz_32325,musicbrainz,lastfm,1.0,True,False,True,gold
lastFM_8041,mbrainz_3866,musicbrainz,lastfm,0.9718195199966431,False,True,True,agreement
lastFM_80460,mbrainz_32381,musicbrainz,lastfm,1.0,True,True,True,gold
lastFM_80463,mbrainz_32383,musicbrainz,lastfm,1.0,True,True,True,gold
lastFM_8050,mbrainz_3873,musicbrainz,lastfm,1.0,True,True,True,gold
lastFM_80555,mbrainz_32422,musicbrainz,lastfm,1.0,True,True,True,gold
lastFM_80558,mbrainz_32424,musicbrainz,lastfm,1.0,True,True,True,gold
lastFM_80564,mbrainz_32425,musicbrainz,lastfm,1.0,True,True,True,gold
lastFM_8057,mbrainz_3879,musicbrainz,lastfm,1.0,True,False,True,gold
lastFM_8064,mbrainz_3883,musicbrainz,lastfm,1.0,True,True,True,gold
lastFM_80640,mbrainz_32460,musicbrainz,lastfm,0.9739094972610474,False,True,True,agreement
lastFM_80659,mbrainz_32469,musicbrainz,lastfm,1.0,True,True,True,gold
lastFM_80704,mbrainz_32487,musicbrainz,lastfm,1.0,True,True,True,gold
lastFM_8073,mbrainz_3889,musicbrainz,lastfm,1.0,True,True,True,gold
lastFM_8076,mbrainz_3891,musicbrainz,lastfm,1.0,True,True,True,gold
lastFM_80769,mbrainz_32512,musicbrainz,lastfm,1.0,True,True,True,gold
lastFM_8086,mbrainz_3896,musicbrainz,lastfm,1.0,True,True,True,gold
lastFM_8088,mbrainz_3897,musicbrainz,lastfm,1.0,True,True,True,gold
lastFM_809,mbrainz_10450,musicbrainz,lastfm,0.9396486282348633,False,True,True,agreement
lastFM_809,mbrainz_9452,musicbrainz,lastfm,0.9273436665534973,False,False,True,plm_check_confident_pos
lastFM_80919,mbrainz_14174,musicbrainz,lastfm,0.9741963744163513,False,True,True,agreement
lastFM_8096,mbrainz_13079,musicbrainz,lastfm,0.7981247305870056,False,False,True,plm_check_confident_pos
lastFM_8096,mbrainz_3899,musicbrainz,lastfm,1.0,True,True,True,gold
lastFM_81,mbrainz_61,musicbrainz,lastfm,1.0,True,True,True,gold
lastFM_81002,mbrainz_32617,musicbrainz,lastfm,1.0,True,True,True,gold
lastFM_81062,mbrainz_32644,musicbrainz,lastfm,1.0,True,True,True,gold
lastFM_81121,mbrainz_32672,musicbrainz,lastfm,1.0,True,True,True,gold
lastFM_8113,mbrainz_3708,musicbrainz,lastfm,0.7725936770439148,False,False,True,plm_check_confident_pos
lastFM_8113,mbrainz_3907,musicbrainz,lastfm,1.0,True,True,True,gold
lastFM_81155,mbrainz_32686,musicbrainz,lastfm,1.0,True,False,True,gold
lastFM_81155,mbrainz_3580,musicbrainz,lastfm,0.9383145570755005,False,False,True,plm_check_confident_pos
lastFM_81172,mbrainz_25955,musicbrainz,lastfm,0.8394263386726379,False,False,True,plm_check_confident_pos
lastFM_8123,mbrainz_3914,musicbrainz,lastfm,1.0,True,True,True,gold
lastFM_81244,mbrainz_32734,musicbrainz,lastfm,1.0,True,True,True,gold
lastFM_81294,mbrainz_32765,musicbrainz,lastfm,1.0,True,True,True,gold
lastFM_81307,mbrainz_32774,musicbrainz,lastfm,1.0,True,True,True,gold
lastFM_81339,mbrainz_32790,musicbrainz,lastfm,1.0,True,True,True,gold
lastFM_8134,mbrainz_3919,musicbrainz,lastfm,1.0,True,False,True,gold
lastFM_81341,mbrainz_32791,musicbrainz,lastfm,1.0,True,True,True,gold
lastFM_8141,mbrainz_3924,musicbrainz,lastfm,1.0,True,True,True,gold
lastFM_81448,mbrainz_32830,musicbrainz,lastfm,1.0,True,True,True,gold
lastFM_81524,mbrainz_32870,musicbrainz,lastfm,1.0,True,True,True,gold
lastFM_8155,mbrainz_10202,musicbrainz,lastfm,0.7988894581794739,False,False,True,plm_check_confident_pos
lastFM_8155,mbrainz_10999,musicbrainz,lastfm,0.8402901291847229,False,False,True,plm_check_confident_pos
lastFM_8155,mbrainz_13649,musicbrainz,lastfm,0.8977501392364502,False,False,True,plm_check_confident_pos
lastFM_8155,mbrainz_2185,musicbrainz,lastfm,0.9750527739524841,False,False,True,plm_check_confident_pos
lastFM_8155,mbrainz_23401,musicbrainz,lastfm,0.9415092468261719,False,False,True,plm_check_confident_pos
lastFM_8155,mbrainz_3708,musicbrainz,lastfm,0.9702113270759583,False,False,True,plm_check_confident_pos
lastFM_8155,mbrainz_3933,musicbrainz,lastfm,1.0,True,True,True,gold
lastFM_81591,mbrainz_32905,musicbrainz,lastfm,1.0,True,True,True,gold
lastFM_81626,mbrainz_32923,musicbrainz,lastfm,1.0,True,True,True,gold
lastFM_81630,mbrainz_32924,musicbrainz,lastfm,1.0,True,False,True,gold
lastFM_81635,mbrainz_32927,musicbrainz,lastfm,1.0,True,True,True,gold
lastFM_81639,mbrainz_14409,musicbrainz,lastfm,0.7988501787185669,False,False,True,plm_check_confident_pos
lastFM_81639,mbrainz_387,musicbrainz,lastfm,0.7220640778541565,False,False,True,plm_check_confident_pos
lastFM_81639,mbrainz_6803,musicbrainz,lastfm,0.8216467499732971,False,False,True,plm_check_confident_pos
lastFM_81675,mbrainz_32944,musicbrainz,lastfm,1.0,True,True,True,gold
lastFM_81722,mbrainz_32963,musicbrainz,lastfm,1.0,True,True,True,gold
lastFM_81741,mbrainz_32973,musicbrainz,lastfm,1.0,True,True,True,gold
lastFM_81776,mbrainz_32988,musicbrainz,lastfm,1.0,True,True,True,gold
lastFM_81836,mbrainz_33018,musicbrainz,lastfm,1.0,True,True,True,gold
lastFM_81929,mbrainz_33059,musicbrainz,lastfm,1.0,True,True,True,gold
lastFM_8196,mbrainz_3945,musicbrainz,lastfm,1.0,True,True,True,gold
lastFM_81975,mbrainz_33082,musicbrainz,lastfm,1.0,True,True,True,gold
lastFM_82,mbrainz_62,musicbrainz,lastfm,0.9733883142471313,False,True,True,agreement
lastFM_82014,mbrainz_33103,musicbrainz,lastfm,1.0,True,True,True,gold
lastFM_82083,mbrainz_33131,musicbrainz,lastfm,1.0,True,True,True,gold
lastFM_8210,mbrainz_3951,musicbrainz,lastfm,1.0,True,True,True,gold
lastFM_82166,mbrainz_4569,musicbrainz,lastfm,0.9748861789703369,False,True,True,agreement
lastFM_822,mbrainz_407,musicbrainz,lastfm,1.0,True,True,True,gold
lastFM_82208,mbrainz_33181,musicbrainz,lastfm,1.0,True,True,True,gold
lastFM_82221,mbrainz_33188,musicbrainz,lastfm,1.0,True,True,True,gold
lastFM_8229,mbrainz_3961,musicbrainz,lastfm,1.0,True,True,True,gold
lastFM_82314,mbrainz_33235,musicbrainz,lastfm,1.0,True,True,True,gold
lastFM_82314,mbrainz_6497,musicbrainz,lastfm,0.775317370891571,False,False,True,plm_check_confident_pos
lastFM_82327,mbrainz_11164,musicbrainz,lastfm,0.8086587190628052,False,True,True,agreement
lastFM_82327,mbrainz_33241,musicbrainz,lastfm,1.0,True,False,True,gold
lastFM_8236,mbrainz_3966,musicbrainz,lastfm,1.0,True,True,True,gold
lastFM_82365,mbrainz_11942,musicbrainz,lastfm,0.9698958396911621,False,False,True,plm_check_confident_pos
lastFM_82365,mbrainz_33262,musicbrainz,lastfm,1.0,True,False,True,gold
lastFM_82365,mbrainz_7573,musicbrainz,lastfm,0.7353124618530273,False,False,True,plm_check_confident_pos
lastFM_8237,mbrainz_3967,musicbrainz,lastfm,0.9738976359367371,False,True,True,agreement
lastFM_82378,mbrainz_4867,musicbrainz,lastfm,0.8979573249816895,False,False,True,plm_check_confident_pos
lastFM_82385,mbrainz_16231,musicbrainz,lastfm,0.772003710269928,False,False,True,plm_check_confident_pos
lastFM_82385,mbrainz_17850,musicbrainz,lastfm,0.7700482606887817,False,False,True,plm_check_confident_pos
lastFM_82385,mbrainz_33271,musicbrainz,lastfm,1.0,True,True,True,gold
lastFM_8252,mbrainz_3974,musicbrainz,lastfm,1.0,True,False,True,gold
lastFM_82535,mbrainz_33344,musicbrainz,lastfm,0.9726085662841797,False,True,True,agreement
lastFM_82537,mbrainz_33346,musicbrainz,lastfm,1.0,True,True,True,gold
lastFM_8259,mbrainz_3979,musicbrainz,lastfm,1.0,True,True,True,gold
lastFM_82595,mbrainz_33377,musicbrainz,lastfm,0.9729142785072327,False,True,True,agreement
lastFM_82620,mbrainz_33393,musicbrainz,lastfm,1.0,True,True,True,gold
lastFM_82643,mbrainz_33405,musicbrainz,lastfm,1.0,True,True,True,gold
lastFM_82704,mbrainz_25605,musicbrainz,lastfm,0.9426167011260986,False,False,True,plm_check_confident_pos
lastFM_82704,mbrainz_33433,musicbrainz,lastfm,1.0,True,True,True,gold
lastFM_82759,mbrainz_33460,musicbrainz,lastfm,1.0,True,False,True,gold
lastFM_82768,mbrainz_33466,musicbrainz,lastfm,1.0,True,False,True,gold
lastFM_82805,mbrainz_33483,musicbrainz,lastfm,1.0,True,True,True,gold
lastFM_82848,mbrainz_33501,musicbrainz,lastfm,1.0,True,False,True,gold
lastFM_8289,mbrainz_3992,musicbrainz,lastfm,1.0,True,True,True,gold
lastFM_82921,mbrainz_33533,musicbrainz,lastfm,1.0,True,True,True,gold
lastFM_82952,mbrainz_33542,musicbrainz,lastfm,1.0,True,True,True,gold
lastFM_83004,mbrainz_33564,musicbrainz,lastfm,1.0,True,False,True,gold
lastFM_83037,mbrainz_33585,musicbrainz,lastfm,1.0,True,True,True,gold
lastFM_83111,mbrainz_33617,musicbrainz,lastfm,1.0,True,True,True,gold
lastFM_83170,mbrainz_33650,musicbrainz,lastfm,1.0,True,False,True,gold
lastFM_83204,mbrainz_33665,musicbrainz,lastfm,1.0,True,False,True,gold
lastFM_8322,mbrainz_16689,musicbrainz,lastfm,0.819415271282196,False,False,True,plm_check_confident_pos
lastFM_8322,mbrainz_4005,musicbrainz,lastfm,1.0,True,False,True,gold
lastFM_83227,mbrainz_33679,musicbrainz,lastfm,1.0,True,True,True,gold
lastFM_83263,mbrainz_3085,musicbrainz,lastfm,0.9568401575088501,False,False,True,plm_check_confident_pos
lastFM_83263,mbrainz_33692,musicbrainz,lastfm,1.0,True,True,True,gold
lastFM_83403,mbrainz_25801,musicbrainz,lastfm,0.6173933744430542,False,True,True,agreement
lastFM_8348,mbrainz_4017,musicbrainz,lastfm,1.0,True,True,True,gold
lastFM_8351,mbrainz_4020,musicbrainz,lastfm,1.0,True,False,True,gold
lastFM_83571,mbrainz_33822,musicbrainz,lastfm,1.0,True,True,True,gold
lastFM_83591,mbrainz_33831,musicbrainz,lastfm,1.0,True,True,True,gold
lastFM_8373,mbrainz_4029,musicbrainz,lastfm,1.0,True,True,True,gold
lastFM_8380,mbrainz_11547,musicbrainz,lastfm,0.7871134281158447,False,False,True,plm_check_confident_pos
lastFM_8380,mbrainz_4033,musicbrainz,lastfm,1.0,True,True,True,gold
lastFM_8383,mbrainz_4035,musicbrainz,lastfm,1.0,True,False,True,gold
lastFM_84,mbrainz_64,musicbrainz,lastfm,0.9751102328300476,False,True,True,agreement
lastFM_8404,mbrainz_4046,musicbrainz,lastfm,1.0,True,True,True,gold
lastFM_8416,mbrainz_4054,musicbrainz,lastfm,1.0,True,True,True,gold
lastFM_8423,mbrainz_4060,musicbrainz,lastfm,1.0,True,True,True,gold
lastFM_8436,mbrainz_4064,musicbrainz,lastfm,1.0,True,True,True,gold
lastFM_8440,mbrainz_31367,musicbrainz,lastfm,0.9461944699287415,False,False,True,plm_check_confident_pos
lastFM_8442,mbrainz_4066,musicbrainz,lastfm,1.0,True,True,True,gold
lastFM_8454,mbrainz_4073,musicbrainz,lastfm,1.0,True,True,True,gold
lastFM_8483,mbrainz_4091,musicbrainz,lastfm,1.0,True,True,True,gold
lastFM_8488,mbrainz_14657,musicbrainz,lastfm,0.7016140222549438,False,False,True,plm_check_confident_pos
lastFM_8488,mbrainz_4093,musicbrainz,lastfm,1.0,True,True,True,gold
lastFM_8515,mbrainz_18544,musicbrainz,lastfm,0.9490919709205627,False,False,True,plm_check_confident_pos
lastFM_8515,mbrainz_4109,musicbrainz,lastfm,1.0,True,True,True,gold
lastFM_8517,mbrainz_4110,musicbrainz,lastfm,1.0,True,True,True,gold
lastFM_8568,mbrainz_4131,musicbrainz,lastfm,1.0,True,False,True,gold
lastFM_8572,mbrainz_4134,musicbrainz,lastfm,1.0,True,False,True,gold
lastFM_8578,mbrainz_4139,musicbrainz,lastfm,1.0,True,True,True,gold
lastFM_8582,mbrainz_4141,musicbrainz,lastfm,1.0,True,True,True,gold
lastFM_8592,mbrainz_4145,musicbrainz,lastfm,0.9739053249359131,False,True,True,agreement
lastFM_8633,mbrainz_2176,musicbrainz,lastfm,0.852223813533783,False,False,True,plm_check_confident_pos
lastFM_8633,mbrainz_4163,musicbrainz,lastfm,1.0,True,False,True,gold
lastFM_8639,mbrainz_4168,musicbrainz,lastfm,1.0,True,True,True,gold
lastFM_8650,mbrainz_4172,musicbrainz,lastfm,0.9740169644355774,False,True,True,agreement
lastFM_8651,mbrainz_4173,musicbrainz,lastfm,1.0,True,True,True,gold
lastFM_8657,mbrainz_4176,musicbrainz,lastfm,1.0,True,True,True,gold
lastFM_8668,mbrainz_4180,musicbrainz,lastfm,1.0,True,True,True,gold
lastFM_8676,mbrainz_4185,musicbrainz,lastfm,1.0,True,True,True,gold
lastFM_869,mbrainz_421,musicbrainz,lastfm,1.0,True,True,True,gold
lastFM_8695,mbrainz_23858,musicbrainz,lastfm,0.8892412185668945,False,False,True,plm_check_confident_pos
lastFM_8695,mbrainz_4195,musicbrainz,lastfm,1.0,True,True,True,gold
lastFM_87,mbrainz_65,musicbrainz,lastfm,1.0,True,True,True,gold
lastFM_8700,mbrainz_4197,musicbrainz,lastfm,1.0,True,True,True,gold
lastFM_8707,mbrainz_2738,musicbrainz,lastfm,0.9752622246742249,False,True,True,agreement
lastFM_8720,mbrainz_4205,musicbrainz,lastfm,1.0,True,True,True,gold
lastFM_8725,mbrainz_4206,musicbrainz,lastfm,1.0,True,True,True,gold
lastFM_8730,mbrainz_4211,musicbrainz,lastfm,0.9735252261161804,False,True,True,agreement
lastFM_8749,mbrainz_4223,musicbrainz,lastfm,0.9733211398124695,False,True,True,agreement
lastFM_875,mbrainz_423,musicbrainz,lastfm,1.0,True,True,True,gold
lastFM_8752,mbrainz_4226,musicbrainz,lastfm,1.0,True,True,True,gold
lastFM_877,mbrainz_424,musicbrainz,lastfm,1.0,True,True,True,gold
lastFM_8772,mbrainz_4234,musicbrainz,lastfm,1.0,True,True,True,gold
lastFM_8775,mbrainz_4236,musicbrainz,lastfm,1.0,True,True,True,gold
lastFM_8777,mbrainz_4237,musicbrainz,lastfm,1.0,True,True,True,gold
lastFM_879,mbrainz_426,musicbrainz,lastfm,1.0,True,False,True,gold
lastFM_8798,mbrainz_4250,musicbrainz,lastfm,1.0,True,False,True,gold
lastFM_88,mbrainz_66,musicbrainz,lastfm,1.0,True,True,True,gold
lastFM_8800,mbrainz_4251,musicbrainz,lastfm,1.0,True,True,True,gold
lastFM_8828,mbrainz_1512,musicbrainz,lastfm,0.8544465899467468,False,False,True,plm_check_confident_pos
lastFM_8828,mbrainz_4265,musicbrainz,lastfm,1.0,True,True,True,gold
lastFM_883,mbrainz_427,musicbrainz,lastfm,1.0,True,True,True,gold
lastFM_8830,mbrainz_4266,musicbrainz,lastfm,1.0,True,True,True,gold
lastFM_8850,mbrainz_4278,musicbrainz,lastfm,1.0,True,True,True,gold
lastFM_8853,mbrainz_4279,musicbrainz,lastfm,1.0,True,True,True,gold
lastFM_8885,mbrainz_4296,musicbrainz,lastfm,1.0,True,False,True,gold
lastFM_8885,mbrainz_4877,musicbrainz,lastfm,0.7279468774795532,False,False,True,plm_check_confident_pos
lastFM_890,mbrainz_430,musicbrainz,lastfm,1.0,True,False,True,gold
lastFM_8909,mbrainz_4307,musicbrainz,lastfm,1.0,True,True,True,gold
lastFM_8915,mbrainz_4310,musicbrainz,lastfm,1.0,True,True,True,gold
lastFM_8922,mbrainz_4313,musicbrainz,lastfm,0.9747467041015625,False,False,True,plm_check_confident_pos
lastFM_8926,mbrainz_4316,musicbrainz,lastfm,1.0,True,True,True,gold
lastFM_8938,mbrainz_4325,musicbrainz,lastfm,0.972908616065979,False,True,True,agreement
lastFM_8961,mbrainz_4340,musicbrainz,lastfm,1.0,True,False,True,gold
lastFM_8990,mbrainz_4355,musicbrainz,lastfm,1.0,True,True,True,gold
lastFM_90,mbrainz_68,musicbrainz,lastfm,1.0,True,True,True,gold
lastFM_901,mbrainz_435,musicbrainz,lastfm,1.0,True,True,True,gold
lastFM_9039,mbrainz_4374,musicbrainz,lastfm,1.0,True,True,True,gold
lastFM_9072,mbrainz_4390,musicbrainz,lastfm,1.0,True,False,True,gold
lastFM_9076,mbrainz_4392,musicbrainz,lastfm,1.0,True,True,True,gold
lastFM_9093,mbrainz_4401,musicbrainz,lastfm,1.0,True,True,True,gold
lastFM_91,mbrainz_69,musicbrainz,lastfm,1.0,True,True,True,gold
lastFM_9102,mbrainz_4405,musicbrainz,lastfm,1.0,True,True,True,gold
lastFM_9112,mbrainz_4411,musicbrainz,lastfm,1.0,True,True,True,gold
lastFM_9112,mbrainz_6737,musicbrainz,lastfm,0.8926728963851929,False,False,True,plm_check_confident_pos
lastFM_9115,mbrainz_4412,musicbrainz,lastfm,1.0,True,True,True,gold
lastFM_9124,mbrainz_4415,musicbrainz,lastfm,1.0,True,True,True,gold
lastFM_9137,mbrainz_4421,musicbrainz,lastfm,1.0,True,True,True,gold
lastFM_9180,mbrainz_4445,musicbrainz,lastfm,1.0,True,True,True,gold
lastFM_9204,mbrainz_4460,musicbrainz,lastfm,1.0,True,False,True,gold
lastFM_9234,mbrainz_4477,musicbrainz,lastfm,1.0,True,True,True,gold
lastFM_9238,mbrainz_4480,musicbrainz,lastfm,1.0,True,True,True,gold
lastFM_924,mbrainz_445,musicbrainz,lastfm,1.0,True,True,True,gold
lastFM_9246,mbrainz_4488,musicbrainz,lastfm,1.0,True,True,True,gold
lastFM_9247,mbrainz_4489,musicbrainz,lastfm,1.0,True,False,True,gold
lastFM_9253,mbrainz_4491,musicbrainz,lastfm,1.0,True,True,True,gold
lastFM_9254,mbrainz_4492,musicbrainz,lastfm,1.0,True,True,True,gold
lastFM_9267,mbrainz_4498,musicbrainz,lastfm,1.0,True,True,True,gold
lastFM_9281,mbrainz_4506,musicbrainz,lastfm,1.0,True,True,True,gold
lastFM_93,mbrainz_71,musicbrainz,lastfm,1.0,True,True,True,gold
lastFM_930,mbrainz_447,musicbrainz,lastfm,1.0,True,True,True,gold
lastFM_9321,mbrainz_4527,musicbrainz,lastfm,1.0,True,True,True,gold
lastFM_9339,mbrainz_4534,musicbrainz,lastfm,1.0,True,True,True,gold
lastFM_9344,mbrainz_4535,musicbrainz,lastfm,1.0,True,True,True,gold
lastFM_936,mbrainz_449,musicbrainz,lastfm,1.0,True,True,True,gold
lastFM_9364,mbrainz_4542,musicbrainz,lastfm,1.0,True,True,True,gold
lastFM_9367,mbrainz_4543,musicbrainz,lastfm,1.0,True,True,True,gold
lastFM_9369,mbrainz_4544,musicbrainz,lastfm,1.0,True,True,True,gold
lastFM_9373,mbrainz_4547,musicbrainz,lastfm,1.0,True,False,True,gold
lastFM_9374,mbrainz_4548,musicbrainz,lastfm,1.0,True,True,True,gold
lastFM_9377,mbrainz_4549,musicbrainz,lastfm,1.0,True,True,True,gold
lastFM_94,mbrainz_72,musicbrainz,lastfm,1.0,True,True,True,gold
lastFM_9401,mbrainz_4564,musicbrainz,lastfm,1.0,True,True,True,gold
lastFM_9432,mbrainz_4578,musicbrainz,lastfm,1.0,True,True,True,gold
lastFM_9440,mbrainz_4581,musicbrainz,lastfm,1.0,True,True,True,gold
lastFM_9458,mbrainz_4592,musicbrainz,lastfm,1.0,True,True,True,gold
lastFM_9468,mbrainz_4595,musicbrainz,lastfm,1.0,True,True,True,gold
lastFM_9475,mbrainz_4598,musicbrainz,lastfm,1.0,True,True,True,gold
lastFM_9476,mbrainz_4599,musicbrainz,lastfm,1.0,True,True,True,gold
lastFM_9500,mbrainz_4611,musicbrainz,lastfm,1.0,True,True,True,gold
lastFM_9509,mbrainz_4615,musicbrainz,lastfm,1.0,True,True,True,gold
lastFM_9511,mbrainz_4616,musicbrainz,lastfm,0.9728727340698242,False,True,True,agreement
lastFM_9536,mbrainz_4627,musicbrainz,lastfm,1.0,True,False,True,gold
lastFM_9560,mbrainz_4637,musicbrainz,lastfm,1.0,True,True,True,gold
lastFM_9569,mbrainz_4641,musicbrainz,lastfm,0.9733759164810181,False,True,True,agreement
lastFM_9589,mbrainz_1240,musicbrainz,lastfm,0.721049964427948,False,False,True,plm_check_confident_pos
lastFM_9651,mbrainz_4679,musicbrainz,lastfm,1.0,True,True,True,gold
lastFM_9662,mbrainz_4683,musicbrainz,lastfm,1.0,True,True,True,gold
lastFM_9687,mbrainz_4694,musicbrainz,lastfm,1.0,True,False,True,gold
lastFM_9688,mbrainz_4695,musicbrainz,lastfm,1.0,True,True,True,gold
lastFM_9708,mbrainz_4700,musicbrainz,lastfm,0.9726173877716064,False,True,True,agreement
lastFM_9718,mbrainz_33460,musicbrainz,lastfm,0.9752870798110962,False,False,True,plm_check_confident_pos
lastFM_9726,mbrainz_4707,musicbrainz,lastfm,1.0,True,True,True,gold
lastFM_9794,mbrainz_4736,musicbrainz,lastfm,0.9745237827301025,False,True,True,agreement
lastFM_98,mbrainz_74,musicbrainz,lastfm,1.0,True,True,True,gold
lastFM_9809,mbrainz_4745,musicbrainz,lastfm,0.9736136794090271,False,True,True,agreement
lastFM_9835,mbrainz_4758,musicbrainz,lastfm,1.0,True,True,True,gold
lastFM_9869,mbrainz_4771,musicbrainz,lastfm,1.0,True,False,True,gold
lastFM_988,mbrainz_469,musicbrainz,lastfm,1.0,True,True,True,gold
lastFM_9890,mbrainz_4779,musicbrainz,lastfm,1.0,True,True,True,gold
lastFM_991,mbrainz_471,musicbrainz,lastfm,1.0,True,True,True,gold
lastFM_9917,mbrainz_4792,musicbrainz,lastfm,0.9729272723197937,False,True,True,agreement
lastFM_9944,mbrainz_4804,musicbrainz,lastfm,1.0,True,False,True,gold
lastFM_9959,mbrainz_4809,musicbrainz,lastfm,1.0,True,False,True,gold
lastFM_9966,mbrainz_4812,musicbrainz,lastfm,0.97304767370224,False,True,True,agreement
lastFM_997,mbrainz_475,musicbrainz,lastfm,1.0,True,True,True,gold
lastFM_9975,mbrainz_4818,musicbrainz,lastfm,1.0,True,False,True,gold
lastFM_999,mbrainz_477,musicbrainz,lastfm,1.0,True,False,True,gold
