silver_cluster_id,pipe_cluster_id,name,founded,country,city,industry,assets,revenue,n_attributes_correct,fully_correct
fullcontact_1,fullcontact_1,True,True,True,False,False,True,True,5,False
fullcontact_100,fullcontact_100,True,True,True,True,True,True,True,7,True
fullcontact_1005,fullcontact_1005,False,False,False,False,False,False,False,0,False
fullcontact_1006,http://dbpedia.org/resource/DDR_Corp.,False,True,False,True,False,False,False,2,False
fullcontact_1007,fullcontact_1007,True,False,True,True,False,False,False,3,False
fullcontact_1009,fullcontact_1043,True,False,True,,True,True,True,5,False
fullcontact_101,fullcontact_101,True,True,False,True,True,True,True,6,False
fullcontact_102,fullcontact_102,False,True,False,True,False,False,False,2,False
fullcontact_1022,fullcontact_1022,False,False,True,True,False,False,False,2,False
fullcontact_1028,fullcontact_1028,False,False,True,False,False,False,False,1,False
fullcontact_1029,http://dbpedia.org/resource/I_Capital,True,True,True,False,True,True,True,6,False
fullcontact_103,fullcontact_103,True,False,False,False,False,True,True,3,False
fullcontact_1030,fullcontact_1030,True,False,False,True,False,True,True,4,False
fullcontact_1033,fullcontact_1033,False,False,True,False,False,False,False,1,False
fullcontact_104,fullcontact_104,True,True,False,True,,True,True,5,False
fullcontact_1043,http://dbpedia.org/resource/Pinnacle_Entertainment,False,True,True,True,False,True,True,5,False
fullcontact_1044,fullcontact_1044,False,False,False,True,False,False,False,1,False
fullcontact_1046,fullcontact_1046,False,False,False,False,False,False,False,0,False
fullcontact_105,fullcontact_105,True,,True,True,True,True,True,6,True
fullcontact_1055,fullcontact_1055,False,False,True,False,False,False,False,1,False
fullcontact_1059,fullcontact_1059,False,False,True,True,False,False,False,2,False
fullcontact_106,fullcontact_106,True,True,True,True,False,True,False,5,False
fullcontact_1061,fullcontact_1061,False,False,False,True,False,False,False,1,False
fullcontact_107,fullcontact_107,True,True,True,True,True,True,True,7,True
fullcontact_1073,http://dbpedia.org/resource/Maritime_Electric,False,True,False,True,False,False,False,2,False
fullcontact_1075,fullcontact_1075,False,False,True,True,False,False,False,2,False
fullcontact_1077,fullcontact_1077,False,False,False,True,False,False,False,1,False
fullcontact_1078,fullcontact_1078,True,True,True,True,False,True,True,6,False
fullcontact_1079,http://dbpedia.org/resource/Combined_Insurance,False,True,False,True,False,True,True,4,False
fullcontact_108,fullcontact_108,True,False,False,False,False,True,True,3,False
fullcontact_1084,fullcontact_1084,False,False,False,True,False,False,False,1,False
fullcontact_1086,fullcontact_1086,False,False,True,True,False,False,False,2,False
fullcontact_1089,fullcontact_1089,True,False,False,True,False,True,True,4,False
fullcontact_109,fullcontact_109,True,,True,True,True,True,True,6,True
fullcontact_1093,fullcontact_264,True,True,False,False,False,False,True,3,False
fullcontact_110,fullcontact_110,True,False,True,True,False,True,True,5,False
fullcontact_1101,fullcontact_1101,False,False,False,True,False,False,False,1,False
fullcontact_1108,fullcontact_1108,False,False,False,False,False,False,False,0,False
fullcontact_1109,http://dbpedia.org/resource/Public_Power_Corporation_of_Greece,True,True,True,True,False,False,False,4,False
fullcontact_111,fullcontact_111,True,True,False,True,True,True,True,6,False
fullcontact_1117,fullcontact_1117,True,True,False,True,False,True,False,4,False
fullcontact_1118,http://dbpedia.org/resource/%C4%8CEZ_Group,True,True,False,True,False,True,False,4,False
fullcontact_112,fullcontact_112,True,True,True,True,True,True,True,7,True
fullcontact_1122,fullcontact_1122,False,False,False,True,False,False,False,1,False
fullcontact_1125,http://dbpedia.org/resource/Stockland,True,True,True,True,False,False,True,5,False
fullcontact_1129,fullcontact_1129,False,False,True,True,False,False,False,2,False
fullcontact_113,fullcontact_113,True,True,False,True,False,False,False,3,False
fullcontact_1139,fullcontact_1139,False,False,False,True,False,False,False,1,False
fullcontact_114,fullcontact_114,True,,False,True,True,True,True,5,False
fullcontact_1140,fullcontact_1630,True,True,True,False,True,True,False,5,False
fullcontact_1148,http://dbpedia.org/resource/Tata_Elxsi,True,True,True,False,False,False,True,4,False
fullcontact_1149,fullcontact_1149,False,False,False,False,False,False,False,0,False
fullcontact_115,fullcontact_115,True,True,True,True,True,True,True,7,True
fullcontact_1150,http://dbpedia.org/resource/Franshion_Properties,True,True,True,True,False,True,True,6,False
fullcontact_1156,fullcontact_1156,False,False,True,True,False,False,False,2,False
fullcontact_1157,fullcontact_1157,False,False,True,True,False,False,False,2,False
fullcontact_116,fullcontact_116,True,False,True,False,True,True,True,5,False
fullcontact_1160,http://dbpedia.org/resource/China_Mobile,True,True,True,False,False,False,False,3,False
fullcontact_1169,fullcontact_1169,False,False,False,False,False,False,False,0,False
fullcontact_117,fullcontact_117,True,False,False,True,True,True,True,5,False
fullcontact_1170,http://dbpedia.org/resource/Bank_Pekao,False,True,True,True,False,False,False,3,False
fullcontact_1171,fullcontact_1171,True,True,False,True,True,True,True,6,False
fullcontact_1172,fullcontact_1172,False,False,False,False,False,False,False,0,False
fullcontact_1175,fullcontact_1175,True,False,False,True,False,True,True,4,False
fullcontact_118,fullcontact_118,True,,True,,True,True,True,5,True
fullcontact_1185,http://dbpedia.org/resource/Swiss_Life,True,True,True,False,False,False,False,3,False
fullcontact_1186,http://dbpedia.org/resource/Jamison_International,False,True,True,False,False,False,False,2,False
fullcontact_1187,fullcontact_869,True,False,True,False,False,True,True,4,False
fullcontact_1188,http://dbpedia.org/resource/SBI_Cards,False,True,False,,False,False,False,1,False
fullcontact_119,fullcontact_119,True,True,False,False,False,False,False,2,False
fullcontact_1193,http://dbpedia.org/resource/Seagate_Technology,True,True,False,False,False,True,False,3,False
fullcontact_1195,fullcontact_1195,True,True,False,True,False,False,False,3,False
fullcontact_1196,fullcontact_145,True,True,False,False,False,False,False,2,False
fullcontact_1198,http://dbpedia.org/resource/TAL_International_Group,False,True,True,False,False,False,False,2,False
fullcontact_12,fullcontact_12,True,False,True,False,False,True,True,4,False
fullcontact_120,fullcontact_120,True,,True,True,True,True,True,6,True
fullcontact_1200,fullcontact_1200,False,False,True,True,False,False,False,2,False
fullcontact_1202,http://dbpedia.org/resource/China_National_Building_Material_Company,True,True,True,True,False,True,True,6,False
fullcontact_1205,http://dbpedia.org/resource/Bombard_Renewable_Energy,False,True,True,True,False,False,False,3,False
fullcontact_1206,fullcontact_1206,False,False,False,True,False,False,False,1,False
fullcontact_1209,fullcontact_1209,False,False,True,True,False,False,False,2,False
fullcontact_121,fullcontact_121,True,True,False,True,True,True,True,6,False
fullcontact_1211,fullcontact_1211,False,False,False,False,False,False,False,0,False
fullcontact_1213,fullcontact_1213,False,False,True,True,False,False,False,2,False
fullcontact_1214,fullcontact_1214,True,True,True,True,False,False,False,4,False
fullcontact_1215,fullcontact_1215,True,True,False,True,False,False,True,4,False
fullcontact_1217,http://dbpedia.org/resource/BRF_S.A.,False,True,True,True,False,False,True,4,False
fullcontact_1218,fullcontact_1218,False,False,False,False,,False,False,0,False
fullcontact_122,fullcontact_122,True,False,True,True,False,True,True,5,False
fullcontact_1221,fullcontact_1221,True,False,True,True,False,True,False,4,False
fullcontact_1223,"http://dbpedia.org/resource/Martin's_Famous_Pastry_Shoppe,_Inc.",False,True,True,False,False,False,False,2,False
fullcontact_1226,fullcontact_1226,False,False,True,True,False,False,False,2,False
fullcontact_1227,fullcontact_1227,False,False,False,False,False,False,False,0,False
fullcontact_123,fullcontact_123,True,False,False,False,False,True,True,3,False
fullcontact_1233,fullcontact_1233,False,False,True,True,False,False,False,2,False
fullcontact_1234,fullcontact_1234,False,False,True,True,False,False,False,2,False
fullcontact_1235,fullcontact_1235,True,False,False,True,False,True,True,4,False
fullcontact_1238,http://dbpedia.org/resource/British_American_Railway_Services,False,True,True,,False,False,False,2,False
fullcontact_124,fullcontact_124,True,,False,True,True,True,True,5,False
fullcontact_1240,fullcontact_1240,False,False,True,False,False,False,False,1,False
fullcontact_1246,http://www.forbes.com/companies/packaging-corp-amer/,True,False,False,False,False,True,True,3,False
fullcontact_1247,fullcontact_1247,True,True,False,True,False,False,False,3,False
fullcontact_125,fullcontact_125,True,True,False,True,True,True,True,6,False
fullcontact_1251,fullcontact_1251,False,False,True,True,False,False,False,2,False
fullcontact_1253,fullcontact_1253,True,False,False,False,True,True,False,3,False
fullcontact_1254,http://dbpedia.org/resource/Japan_Post_Insurance,False,True,True,True,False,False,False,3,False
fullcontact_1256,fullcontact_1256,False,True,False,True,False,True,True,4,False
fullcontact_1260,fullcontact_1260,False,False,True,True,False,False,False,2,False
fullcontact_1261,fullcontact_1261,False,False,False,True,False,True,True,3,False
fullcontact_1263,http://dbpedia.org/resource/Edison_International,True,True,False,False,True,False,False,3,False
fullcontact_1265,http://dbpedia.org/resource/James_O._Welch_Co.,False,True,True,False,False,False,False,2,False
fullcontact_1267,http://dbpedia.org/resource/Hellenic_Aerospace_Industry,False,True,False,True,False,False,False,2,False
fullcontact_127,fullcontact_127,True,False,False,True,False,True,True,4,False
fullcontact_1270,fullcontact_1270,False,False,False,True,False,False,False,1,False
fullcontact_1271,fullcontact_1527,True,True,True,False,False,True,True,5,False
fullcontact_1272,fullcontact_1272,False,False,True,True,False,False,False,2,False
fullcontact_1274,fullcontact_16,True,True,False,True,False,True,False,4,False
fullcontact_1275,fullcontact_1275,True,True,False,True,False,True,False,4,False
fullcontact_1276,fullcontact_1276,False,False,True,True,False,False,False,2,False
fullcontact_1277,http://dbpedia.org/resource/Keurig_Green_Mountain,True,True,False,False,,True,False,3,False
fullcontact_1278,http://dbpedia.org/resource/OpenEye_Scientific_Software,False,True,True,True,False,False,False,3,False
fullcontact_128,fullcontact_128,True,,True,,True,True,True,5,True
fullcontact_1280,fullcontact_1280,False,False,True,False,False,False,False,1,False
fullcontact_1281,fullcontact_1281,False,False,True,True,False,False,False,2,False
fullcontact_1282,fullcontact_1282,False,False,True,True,False,False,False,2,False
fullcontact_1284,fullcontact_1284,True,True,True,True,False,False,False,4,False
fullcontact_1287,fullcontact_1287,False,False,False,False,False,False,False,0,False
fullcontact_129,fullcontact_129,True,True,False,True,True,True,True,6,False
fullcontact_1291,fullcontact_1291,True,False,False,True,False,True,True,4,False
fullcontact_1292,http://dbpedia.org/resource/Harbour_Plaza_Hotel_Management,False,True,True,True,False,False,False,3,False
fullcontact_1294,fullcontact_521,False,True,False,False,False,False,True,2,False
fullcontact_1296,fullcontact_1296,False,False,True,False,False,False,False,1,False
fullcontact_1297,fullcontact_1297,True,True,False,True,False,True,False,4,False
fullcontact_13,fullcontact_13,True,,True,,True,True,True,5,True
fullcontact_1301,fullcontact_1301,False,False,False,False,False,False,False,0,False
fullcontact_1307,fullcontact_1307,False,False,False,False,False,False,False,0,False
fullcontact_1309,fullcontact_1309,True,False,True,False,False,True,True,4,False
fullcontact_131,fullcontact_131,True,True,True,True,True,True,True,7,True
fullcontact_1310,fullcontact_1310,False,False,False,True,False,False,False,1,False
fullcontact_1316,fullcontact_1316,True,False,False,True,True,True,False,4,False
fullcontact_1318,http://dbpedia.org/resource/GE_Energy,True,True,False,False,False,True,False,3,False
fullcontact_1319,fullcontact_183,True,False,False,True,False,True,True,4,False
fullcontact_132,fullcontact_132,True,,True,True,True,True,True,6,True
fullcontact_1321,fullcontact_1321,False,False,True,True,False,False,False,2,False
fullcontact_1324,http://dbpedia.org/resource/First_American_International_Bank,False,True,True,False,False,False,False,2,False
fullcontact_1325,http://dbpedia.org/resource/People's_Insurance_Company_of_China,True,True,True,True,False,True,True,6,False
fullcontact_1326,fullcontact_1326,False,False,True,True,False,False,False,2,False
fullcontact_1327,fullcontact_1327,True,True,False,True,False,False,False,3,False
fullcontact_133,fullcontact_133,True,False,False,True,False,False,True,3,False
fullcontact_1330,fullcontact_1450,True,True,False,False,False,False,True,3,False
fullcontact_1334,fullcontact_1334,False,True,True,True,False,False,False,3,False
fullcontact_1336,fullcontact_1336,True,True,True,True,True,True,True,7,True
fullcontact_1337,http://dbpedia.org/resource/Weichai_Power,True,True,True,True,True,True,True,7,True
fullcontact_134,http://dbpedia.org/resource/Bank_of_Florida,False,True,True,False,False,False,False,2,False
fullcontact_1340,http://dbpedia.org/resource/Northwestern_Bank,False,True,False,,False,True,False,2,False
fullcontact_1341,http://dbpedia.org/resource/Centaline_Property_Agency,False,True,True,False,False,False,False,2,False
fullcontact_1342,fullcontact_1342,True,True,True,True,False,True,False,5,False
fullcontact_1343,fullcontact_1343,False,False,True,True,False,False,False,2,False
fullcontact_1345,fullcontact_1345,True,True,True,True,True,True,False,6,False
fullcontact_135,fullcontact_135,True,False,True,False,True,True,True,5,False
fullcontact_1353,fullcontact_1353,False,False,False,,False,False,False,0,False
fullcontact_1354,http://dbpedia.org/resource/Gulf_Craft,False,True,True,True,False,False,False,3,False
fullcontact_136,fullcontact_136,True,False,True,False,False,True,True,4,False
fullcontact_1367,fullcontact_1367,False,False,False,False,False,False,False,0,False
fullcontact_137,fullcontact_137,True,,False,,True,True,True,4,False
fullcontact_1372,http://dbpedia.org/resource/The_Araca_Group,False,True,True,False,False,False,False,2,False
fullcontact_1376,fullcontact_1376,False,False,True,False,False,False,False,1,False
fullcontact_1379,fullcontact_1379,False,False,True,False,False,False,False,1,False
fullcontact_138,fullcontact_138,True,True,True,True,True,True,True,7,True
fullcontact_1383,http://dbpedia.org/resource/Pony_International,False,True,True,False,False,False,False,2,False
fullcontact_1386,fullcontact_1386,True,True,True,True,False,True,False,5,False
fullcontact_1388,fullcontact_1388,False,False,True,False,False,False,False,1,False
fullcontact_139,fullcontact_139,True,False,False,True,False,True,False,3,False
fullcontact_1394,http://dbpedia.org/resource/R._J._Reynolds_Vapor_Company,False,True,True,False,False,False,False,2,False
fullcontact_1396,http://dbpedia.org/resource/Reliance_Industries,True,True,True,False,False,False,False,3,False
fullcontact_1398,fullcontact_1398,True,False,False,True,True,False,False,3,False
fullcontact_140,fullcontact_140,True,True,True,True,False,False,False,4,False
fullcontact_1402,fullcontact_1402,True,False,False,True,False,True,True,4,False
fullcontact_1409,fullcontact_1409,True,False,False,True,False,False,True,3,False
fullcontact_141,fullcontact_141,True,True,False,,True,True,True,5,False
fullcontact_1416,fullcontact_1416,False,False,True,True,False,False,False,2,False
fullcontact_1417,fullcontact_1417,True,False,False,True,False,True,True,4,False
fullcontact_1419,http://dbpedia.org/resource/L'Or%C3%A9al,True,True,True,False,False,False,False,3,False
fullcontact_142,http://dbpedia.org/resource/Roots_Canada,True,True,True,False,False,True,True,5,False
fullcontact_1422,http://dbpedia.org/resource/Fusion_IP_plc,False,True,True,True,False,False,False,3,False
fullcontact_1426,fullcontact_1426,True,False,False,True,False,False,True,3,False
fullcontact_1428,fullcontact_1286,True,True,False,True,True,True,False,5,False
fullcontact_143,fullcontact_143,True,,False,True,True,True,True,5,False
fullcontact_1430,fullcontact_1430,False,False,False,True,False,False,False,1,False
fullcontact_1436,http://dbpedia.org/resource/Bank_of_Ningbo,True,True,True,True,False,True,True,6,False
fullcontact_144,fullcontact_144,True,True,False,True,True,False,False,4,False
fullcontact_1440,fullcontact_1440,False,False,False,True,False,False,False,1,False
fullcontact_1441,fullcontact_1884,True,False,True,False,False,False,False,2,False
fullcontact_1446,fullcontact_1446,True,True,False,True,False,True,False,4,False
fullcontact_1447,http://dbpedia.org/resource/East_West_Bank,False,True,True,False,False,True,False,3,False
fullcontact_1448,fullcontact_1448,True,False,True,True,False,True,True,5,False
fullcontact_145,http://dbpedia.org/resource/China_Central_Huijin,False,True,False,True,False,False,False,2,False
fullcontact_1450,http://dbpedia.org/resource/99_Cents_Only_Stores,False,True,True,,False,True,True,4,False
fullcontact_1454,fullcontact_1454,False,False,False,False,False,False,False,0,False
fullcontact_1458,http://dbpedia.org/resource/Winklevoss_Capital_Management,False,True,True,False,False,False,False,2,False
fullcontact_146,fullcontact_146,True,False,False,False,False,False,False,1,False
fullcontact_1465,http://dbpedia.org/resource/Hanjin_Shipping,True,True,True,False,True,True,True,6,False
fullcontact_147,fullcontact_147,True,,True,True,True,True,True,6,True
fullcontact_1476,http://dbpedia.org/resource/COFCO_Group,False,True,False,True,False,False,False,2,False
fullcontact_1477,fullcontact_1477,False,False,False,True,False,False,False,1,False
fullcontact_1479,http://dbpedia.org/resource/National_Bank_of_Bahrain,True,True,True,True,False,True,True,6,False
fullcontact_1480,http://dbpedia.org/resource/SJW_Corp,False,True,True,False,False,False,True,3,False
fullcontact_149,fullcontact_149,True,False,False,True,False,True,False,3,False
fullcontact_1490,fullcontact_1490,False,False,True,True,False,False,False,2,False
fullcontact_1495,fullcontact_1495,True,False,True,True,False,True,True,5,False
fullcontact_1496,http://dbpedia.org/resource/El_Paso_Electric,False,True,True,False,False,False,True,3,False
fullcontact_150,fullcontact_150,True,False,True,True,True,True,True,6,False
fullcontact_1501,fullcontact_815,True,True,True,False,False,False,False,3,False
fullcontact_1503,fullcontact_1503,False,False,False,True,False,False,False,1,False
fullcontact_151,fullcontact_151,True,,True,True,True,True,True,6,True
fullcontact_1516,http://dbpedia.org/resource/Wing_Lung_Bank,False,True,True,True,False,False,False,3,False
fullcontact_1519,fullcontact_1519,False,,False,True,,False,False,1,False
fullcontact_152,fullcontact_152,True,False,True,True,False,True,True,5,False
fullcontact_1520,fullcontact_1553,True,False,False,False,False,True,False,2,False
fullcontact_1521,http://dbpedia.org/resource/Ummah_Foods,False,True,True,True,False,False,False,3,False
fullcontact_1524,http://dbpedia.org/resource/Boathouse_Group,False,True,True,False,False,False,False,2,False
fullcontact_1527,http://dbpedia.org/resource/Hyundai_Motor_Company,True,True,True,True,False,False,False,4,False
fullcontact_1528,fullcontact_1528,False,False,False,False,False,False,False,0,False
fullcontact_1529,fullcontact_1475,True,True,True,True,False,True,False,5,False
fullcontact_153,fullcontact_153,True,True,True,True,True,True,True,7,True
fullcontact_1531,fullcontact_1531,False,False,False,False,False,False,False,0,False
fullcontact_1533,fullcontact_1533,False,False,True,True,False,False,False,2,False
fullcontact_1534,fullcontact_1534,False,False,False,True,False,False,False,1,False
fullcontact_1537,http://dbpedia.org/resource/Israel_Discount_Bank,True,True,True,True,False,True,False,5,False
fullcontact_154,fullcontact_154,True,,False,True,True,True,True,5,False
fullcontact_1541,fullcontact_1541,True,True,False,True,False,False,True,4,False
fullcontact_1542,fullcontact_1542,True,False,False,True,False,True,True,4,False
fullcontact_1549,fullcontact_1549,False,False,True,False,False,False,False,1,False
fullcontact_155,fullcontact_155,False,False,False,False,False,False,False,0,False
fullcontact_1552,fullcontact_1552,False,False,False,False,False,False,False,0,False
fullcontact_156,fullcontact_156,True,True,False,,True,True,True,5,False
fullcontact_1560,fullcontact_1560,False,False,True,True,False,False,False,2,False
fullcontact_1566,fullcontact_1566,True,False,True,False,False,True,True,4,False
fullcontact_1568,http://dbpedia.org/resource/Zoom_Communications,False,True,True,True,False,False,False,3,False
fullcontact_1569,http://dbpedia.org/resource/Cabot_Oil_&_Gas,True,True,False,True,False,True,False,4,False
fullcontact_157,fullcontact_157,True,False,False,True,True,True,True,5,False
fullcontact_1574,fullcontact_1574,False,True,False,True,True,True,True,5,False
fullcontact_158,fullcontact_158,True,False,False,True,True,True,True,5,False
fullcontact_1581,fullcontact_1581,False,False,False,False,False,False,False,0,False
fullcontact_1585,fullcontact_1585,True,False,True,True,False,True,True,5,False
fullcontact_1589,fullcontact_513,False,False,True,False,False,True,True,3,False
fullcontact_159,fullcontact_159,True,,True,,True,True,True,5,True
fullcontact_1592,http://dbpedia.org/resource/ARUP_Laboratories,False,True,True,False,False,False,False,2,False
fullcontact_1593,fullcontact_1593,False,False,False,True,False,False,False,1,False
fullcontact_1596,http://dbpedia.org/resource/China_Resources_Enterprise,True,True,True,False,False,True,True,5,False
fullcontact_160,fullcontact_160,True,True,False,True,False,True,False,4,False
fullcontact_1601,fullcontact_1601,True,False,True,True,False,True,True,5,False
fullcontact_161,fullcontact_161,False,False,False,True,False,False,False,1,False
fullcontact_1611,fullcontact_1824,True,True,True,False,False,True,False,4,False
fullcontact_1615,fullcontact_1615,False,False,False,True,False,False,False,1,False
fullcontact_162,http://dbpedia.org/resource/Sons_of_Gwalia,False,True,True,True,False,False,False,3,False
fullcontact_1621,http://dbpedia.org/resource/Times_Media_Group,False,True,True,False,False,False,False,2,False
fullcontact_1629,fullcontact_1629,False,False,True,True,False,False,False,2,False
fullcontact_163,fullcontact_163,True,True,False,,True,True,True,5,False
fullcontact_1631,http://dbpedia.org/resource/Numark_Industries,False,True,True,False,False,False,False,2,False
fullcontact_1633,fullcontact_1633,False,False,True,False,False,False,False,1,False
fullcontact_1634,fullcontact_1634,False,False,True,True,False,False,False,2,False
fullcontact_164,fullcontact_164,True,False,False,True,False,True,True,4,False
fullcontact_1640,fullcontact_1640,False,False,True,True,False,False,False,2,False
fullcontact_1642,fullcontact_1642,True,True,False,True,False,True,True,5,False
fullcontact_1645,fullcontact_1645,False,False,True,False,False,False,False,1,False
fullcontact_1647,fullcontact_1647,False,False,True,True,False,False,False,2,False
fullcontact_1649,fullcontact_1649,True,False,True,True,False,False,False,3,False
fullcontact_165,fullcontact_165,True,True,True,True,False,False,False,4,False
fullcontact_1651,fullcontact_1651,False,False,False,False,False,False,False,0,False
fullcontact_1652,http://dbpedia.org/resource/Community_Health_Systems,True,True,False,False,False,True,False,3,False
fullcontact_1653,http://dbpedia.org/resource/Pacha_Group,True,True,True,False,False,False,False,3,False
fullcontact_1658,fullcontact_1658,False,False,True,True,False,False,False,2,False
fullcontact_166,fullcontact_166,True,False,False,True,False,False,True,3,False
fullcontact_1661,fullcontact_1661,False,False,False,False,False,False,False,0,False
fullcontact_1662,http://dbpedia.org/resource/Eclipse_Aerospace,False,True,False,True,False,False,False,2,False
fullcontact_1663,fullcontact_1663,False,False,True,True,False,False,False,2,False
fullcontact_1667,http://dbpedia.org/resource/ThyssenKrupp,True,True,True,True,False,False,False,4,False
fullcontact_1668,fullcontact_1668,False,False,False,True,False,False,False,1,False
fullcontact_167,fullcontact_167,False,,True,True,False,False,False,2,False
fullcontact_1672,fullcontact_1672,False,False,False,True,False,False,False,1,False
fullcontact_1673,fullcontact_1673,False,False,True,True,False,False,False,2,False
fullcontact_1676,fullcontact_1676,False,False,False,False,False,False,False,0,False
fullcontact_168,fullcontact_168,True,,True,True,True,True,True,6,True
fullcontact_1681,fullcontact_1681,False,False,False,False,False,False,False,0,False
fullcontact_1684,fullcontact_1736,False,True,True,True,False,False,False,3,False
fullcontact_1688,fullcontact_1688,False,False,False,False,False,False,False,0,False
fullcontact_1689,http://dbpedia.org/resource/Tauron_Group,True,True,True,True,False,True,True,6,False
fullcontact_169,fullcontact_169,True,True,True,False,False,True,False,4,False
fullcontact_1690,fullcontact_1331,False,False,False,True,False,False,False,1,False
fullcontact_1693,fullcontact_1693,True,False,True,False,False,False,False,2,False
fullcontact_1695,http://dbpedia.org/resource/George_Street_Co-op,False,True,True,True,False,False,False,3,False
fullcontact_1696,http://dbpedia.org/resource/Financial_Women's_Association,False,True,True,False,False,False,False,2,False
fullcontact_17,fullcontact_17,True,False,True,False,False,True,True,4,False
fullcontact_170,fullcontact_170,True,True,False,True,True,True,True,6,False
fullcontact_1700,fullcontact_1700,True,True,True,True,,True,True,6,True
fullcontact_171,fullcontact_171,True,True,False,True,True,True,True,6,False
fullcontact_1710,fullcontact_637,True,,True,,True,True,True,5,True
fullcontact_1711,fullcontact_1711,True,True,True,True,False,True,False,5,False
fullcontact_1715,fullcontact_1715,True,False,True,False,False,True,True,4,False
fullcontact_172,fullcontact_172,True,True,True,True,False,False,False,4,False
fullcontact_1724,fullcontact_1689,True,True,True,True,False,False,False,4,False
fullcontact_1729,http://dbpedia.org/resource/Dubai_Islamic_Bank,True,True,True,True,True,True,True,7,True
fullcontact_173,fullcontact_173,True,False,False,True,False,True,True,4,False
fullcontact_1734,fullcontact_1734,False,,False,True,False,False,False,1,False
fullcontact_1735,http://dbpedia.org/resource/First_National_of_Nebraska,False,True,True,False,False,False,False,2,False
fullcontact_174,fullcontact_174,False,True,False,True,False,False,False,2,False
fullcontact_1741,http://dbpedia.org/resource/Petrobank_Energy_and_Resources,False,True,True,True,False,False,True,4,False
fullcontact_1743,http://dbpedia.org/resource/Sempra_Energy,True,True,False,True,False,True,True,5,False
fullcontact_1745,http://dbpedia.org/resource/Linc_Energy,False,True,True,True,False,True,True,5,False
fullcontact_1746,fullcontact_1746,False,False,False,False,False,False,False,0,False
fullcontact_1747,fullcontact_1747,False,False,True,True,False,False,False,2,False
fullcontact_1749,http://dbpedia.org/resource/China_Oilfield_Services,True,True,True,True,False,True,True,6,False
fullcontact_175,fullcontact_175,True,True,False,True,True,True,True,6,False
fullcontact_176,fullcontact_176,True,,False,,True,True,True,4,False
fullcontact_1765,fullcontact_1765,False,False,False,False,False,False,False,0,False
fullcontact_1768,http://dbpedia.org/resource/BTU_International,False,True,True,False,False,False,False,2,False
fullcontact_1771,http://dbpedia.org/resource/GMR_Group,False,True,True,True,False,False,False,3,False
fullcontact_1777,fullcontact_1777,False,False,True,True,False,False,False,2,False
fullcontact_1778,fullcontact_1778,False,False,False,False,False,False,False,0,False
fullcontact_179,fullcontact_148,True,True,False,False,True,False,False,3,False
fullcontact_1793,fullcontact_1793,True,False,True,True,False,True,True,5,False
fullcontact_1795,fullcontact_1795,False,False,False,False,False,False,False,0,False
fullcontact_1796,http://dbpedia.org/resource/Van_de_Kamp's_Holland_Dutch_Bakeries,False,True,True,False,False,False,False,2,False
fullcontact_1799,fullcontact_1799,False,False,False,True,False,False,False,1,False
fullcontact_18,fullcontact_18,True,False,False,True,False,True,True,4,False
fullcontact_180,fullcontact_180,True,False,True,True,False,True,False,4,False
fullcontact_1801,fullcontact_685,True,True,False,True,False,True,False,4,False
fullcontact_1802,fullcontact_1802,False,False,False,True,False,False,False,1,False
fullcontact_1808,fullcontact_1808,True,False,False,True,False,True,True,4,False
fullcontact_181,fullcontact_181,True,,False,True,True,True,True,5,False
fullcontact_1813,fullcontact_1813,False,False,True,True,False,False,False,2,False
fullcontact_1819,http://dbpedia.org/resource/Aloha_Petroleum,False,True,True,True,False,False,False,3,False
fullcontact_182,fullcontact_182,True,False,False,True,False,True,True,4,False
fullcontact_1821,fullcontact_1821,True,,True,,True,True,True,5,True
fullcontact_1823,fullcontact_1823,False,False,True,True,False,False,False,2,False
fullcontact_1825,fullcontact_1825,False,False,False,True,False,False,False,1,False
fullcontact_1830,fullcontact_1830,False,False,True,True,False,False,False,2,False
fullcontact_1834,fullcontact_1834,True,True,True,True,True,True,True,7,True
fullcontact_1836,fullcontact_1836,True,False,True,False,False,True,True,4,False
fullcontact_184,fullcontact_184,True,True,True,,True,True,True,6,True
fullcontact_1841,fullcontact_1841,False,False,True,True,False,False,False,2,False
fullcontact_1842,fullcontact_1842,False,False,False,False,False,False,False,0,False
fullcontact_1846,fullcontact_1846,False,False,False,True,False,False,False,1,False
fullcontact_1847,fullcontact_1847,True,,False,,True,True,True,4,False
fullcontact_1848,http://dbpedia.org/resource/British_Insurance,False,True,False,False,False,False,False,1,False
fullcontact_185,fullcontact_185,True,,False,True,True,True,True,5,False
fullcontact_1852,http://dbpedia.org/resource/Etude_House,False,True,False,True,False,False,False,2,False
fullcontact_1857,http://dbpedia.org/resource/Vix_Technology,False,True,False,True,False,False,False,2,False
fullcontact_1859,fullcontact_1859,False,False,True,True,False,False,False,2,False
fullcontact_186,fullcontact_186,True,True,True,True,False,True,False,5,False
fullcontact_1867,fullcontact_1867,False,False,True,True,False,False,False,2,False
fullcontact_1868,fullcontact_1868,False,False,False,True,False,False,False,1,False
fullcontact_187,fullcontact_187,True,False,True,False,False,True,True,4,False
fullcontact_188,fullcontact_188,True,True,True,True,False,True,False,5,False
fullcontact_1881,fullcontact_1881,True,True,False,True,False,True,False,4,False
fullcontact_1883,fullcontact_1883,False,False,True,False,False,False,False,1,False
fullcontact_1886,http://dbpedia.org/resource/The_Savola_Group,True,True,True,True,True,True,True,7,True
fullcontact_189,fullcontact_189,True,,False,,True,True,True,4,False
fullcontact_1890,fullcontact_1890,True,False,True,True,False,True,True,5,False
fullcontact_1895,fullcontact_1895,False,False,False,False,False,False,False,0,False
fullcontact_19,fullcontact_19,True,True,True,True,True,True,True,7,True
fullcontact_190,fullcontact_190,True,True,True,True,True,True,True,7,True
fullcontact_1900,fullcontact_1900,False,False,False,False,False,False,False,0,False
fullcontact_1902,fullcontact_1902,False,False,True,True,False,False,False,2,False
fullcontact_1906,fullcontact_1906,False,False,False,True,False,False,False,1,False
fullcontact_191,fullcontact_191,True,False,False,True,True,True,True,5,False
fullcontact_1911,fullcontact_1911,False,False,True,False,False,False,False,1,False
fullcontact_192,fullcontact_192,True,True,False,True,True,True,True,6,False
fullcontact_1926,http://dbpedia.org/resource/Mei_Ah_Entertainment,False,True,True,False,False,False,False,2,False
fullcontact_193,fullcontact_193,True,,True,,True,True,True,5,True
fullcontact_194,fullcontact_194,True,True,False,True,True,True,True,6,False
fullcontact_1942,fullcontact_1942,False,False,True,True,False,False,False,2,False
fullcontact_1943,fullcontact_1943,True,True,True,True,False,True,False,5,False
fullcontact_1944,fullcontact_1944,False,False,False,True,False,False,False,1,False
fullcontact_1945,fullcontact_1945,False,False,False,True,False,False,False,1,False
fullcontact_1947,fullcontact_1947,False,False,False,False,False,False,False,0,False
fullcontact_195,fullcontact_195,True,True,False,True,True,True,True,6,False
fullcontact_1956,fullcontact_1956,False,False,True,True,False,False,False,2,False
fullcontact_196,fullcontact_196,True,False,True,True,True,True,True,6,False
fullcontact_1961,http://dbpedia.org/resource/Cougar_Energy,False,True,True,True,False,False,False,3,False
fullcontact_1963,fullcontact_1963,False,False,False,True,False,False,False,1,False
fullcontact_197,fullcontact_197,True,True,False,,True,True,True,5,False
fullcontact_198,http://dbpedia.org/resource/Pacific_Films,False,True,False,True,False,False,False,2,False
fullcontact_2,http://dbpedia.org/resource/Aldo_Group,False,True,True,False,False,False,False,2,False
fullcontact_20,fullcontact_20,True,True,True,True,True,True,True,7,True
fullcontact_200,fullcontact_200,True,True,False,True,True,True,True,6,False
fullcontact_201,fullcontact_201,True,True,False,True,True,True,True,6,False
fullcontact_202,fullcontact_202,True,True,True,True,True,True,True,7,True
fullcontact_203,fullcontact_203,True,,True,,True,True,True,5,True
fullcontact_204,fullcontact_204,True,,False,True,True,True,True,5,False
fullcontact_205,fullcontact_205,True,False,False,True,False,True,True,4,False
fullcontact_206,fullcontact_206,True,True,False,True,True,True,True,6,False
fullcontact_207,fullcontact_207,True,True,False,True,True,True,True,6,False
fullcontact_208,fullcontact_208,True,False,True,False,False,True,True,4,False
fullcontact_209,fullcontact_209,True,,True,,True,True,True,5,True
fullcontact_21,fullcontact_21,True,False,True,True,False,False,False,3,False
fullcontact_210,fullcontact_210,True,False,False,True,False,True,True,4,False
fullcontact_211,fullcontact_211,True,True,False,False,True,True,True,5,False
fullcontact_212,fullcontact_212,False,,True,True,False,False,False,2,False
fullcontact_213,fullcontact_213,True,True,False,True,True,True,True,6,False
fullcontact_214,fullcontact_214,False,True,True,True,False,True,True,5,False
fullcontact_215,fullcontact_215,True,True,False,True,True,True,True,6,False
fullcontact_216,fullcontact_216,True,True,False,True,False,False,False,3,False
fullcontact_217,fullcontact_217,True,False,True,False,False,False,True,3,False
fullcontact_218,fullcontact_218,True,True,True,True,True,False,True,6,False
fullcontact_219,fullcontact_219,True,False,False,True,True,True,True,5,False
fullcontact_22,fullcontact_22,True,,True,,True,True,True,5,True
fullcontact_220,fullcontact_220,True,True,False,True,True,False,False,4,False
fullcontact_221,fullcontact_221,True,,True,True,True,True,True,6,True
fullcontact_222,fullcontact_222,True,False,False,False,True,True,False,3,False
fullcontact_224,fullcontact_224,True,False,True,True,False,False,False,3,False
fullcontact_225,fullcontact_225,False,,True,True,True,False,False,3,False
fullcontact_226,fullcontact_226,False,False,True,True,False,False,False,2,False
fullcontact_227,fullcontact_433,True,True,False,False,False,True,True,4,False
fullcontact_228,fullcontact_228,True,False,False,True,False,True,True,4,False
fullcontact_229,fullcontact_229,True,False,False,True,False,True,True,4,False
fullcontact_23,fullcontact_23,True,True,True,True,False,True,False,5,False
fullcontact_230,fullcontact_230,True,,False,True,True,True,True,5,False
fullcontact_231,fullcontact_231,False,False,True,True,False,False,False,2,False
fullcontact_232,fullcontact_232,True,True,False,True,True,True,True,6,False
fullcontact_233,fullcontact_233,True,,True,,True,True,True,5,True
fullcontact_234,http://dbpedia.org/resource/Wisconsin_Energy_Corporation,True,True,False,False,True,True,False,4,False
fullcontact_235,fullcontact_863,True,True,False,True,False,False,False,3,False
fullcontact_236,fullcontact_236,True,,False,True,True,True,True,5,False
fullcontact_237,fullcontact_237,False,,True,,False,False,False,1,False
fullcontact_238,fullcontact_238,True,False,True,True,False,False,False,3,False
fullcontact_239,fullcontact_239,False,False,True,True,False,False,False,2,False
fullcontact_24,fullcontact_24,True,,True,True,True,True,True,6,True
fullcontact_240,fullcontact_240,True,True,True,True,True,True,True,7,True
fullcontact_241,fullcontact_881,True,True,False,True,False,True,True,5,False
fullcontact_242,fullcontact_242,True,False,True,True,False,True,True,5,False
fullcontact_243,fullcontact_243,True,False,False,True,False,True,True,4,False
fullcontact_244,fullcontact_244,False,True,False,True,True,True,False,4,False
fullcontact_245,fullcontact_245,True,True,True,True,True,True,True,7,True
fullcontact_246,fullcontact_246,True,,False,True,True,True,True,5,False
fullcontact_247,fullcontact_1098,True,False,True,False,False,True,True,4,False
fullcontact_248,fullcontact_248,True,True,True,True,True,True,True,7,True
fullcontact_249,fullcontact_249,True,False,True,True,True,False,False,4,False
fullcontact_25,fullcontact_25,True,,,,True,True,True,4,True
fullcontact_251,fullcontact_251,True,False,True,False,False,True,True,4,False
fullcontact_252,fullcontact_252,True,True,False,,True,True,True,5,False
fullcontact_253,fullcontact_253,True,False,False,True,False,True,True,4,False
fullcontact_254,http://dbpedia.org/resource/Thai_President_Foods,False,True,True,True,False,False,False,3,False
fullcontact_255,fullcontact_255,True,False,True,True,False,True,True,5,False
fullcontact_256,fullcontact_875,True,False,True,True,False,True,False,4,False
fullcontact_257,fullcontact_1127,True,True,True,False,False,True,True,5,False
fullcontact_258,fullcontact_258,True,False,False,False,False,True,True,3,False
fullcontact_259,fullcontact_259,True,,True,,True,True,True,5,True
fullcontact_26,fullcontact_26,True,True,False,True,True,True,True,6,False
fullcontact_260,fullcontact_260,True,True,False,True,True,True,True,6,False
fullcontact_261,fullcontact_261,True,False,False,True,False,False,False,2,False
fullcontact_262,fullcontact_262,True,False,True,False,False,True,True,4,False
fullcontact_263,fullcontact_263,True,True,False,True,True,True,True,6,False
fullcontact_264,http://dbpedia.org/resource/Figaro_Systems,False,True,True,False,False,False,False,2,False
fullcontact_265,fullcontact_265,True,False,False,False,False,True,True,3,False
fullcontact_267,fullcontact_267,False,False,False,False,False,False,False,0,False
fullcontact_268,fullcontact_268,False,False,True,False,False,False,False,1,False
fullcontact_269,fullcontact_269,True,False,True,False,False,True,False,3,False
fullcontact_27,fullcontact_27,True,False,False,False,False,True,True,3,False
fullcontact_270,fullcontact_270,True,False,False,True,False,True,True,4,False
fullcontact_271,fullcontact_271,True,True,True,True,True,True,True,7,True
fullcontact_272,fullcontact_272,True,True,True,True,True,True,True,7,True
fullcontact_273,fullcontact_273,True,False,False,True,True,True,True,5,False
fullcontact_274,fullcontact_274,True,True,False,True,False,False,True,4,False
fullcontact_275,fullcontact_275,True,True,False,True,True,True,True,6,False
fullcontact_276,fullcontact_276,True,True,False,,True,True,True,5,False
fullcontact_277,fullcontact_277,True,True,True,True,True,True,True,7,True
fullcontact_278,fullcontact_278,True,True,False,True,True,True,True,6,False
fullcontact_279,fullcontact_279,True,True,False,,True,True,True,5,False
fullcontact_28,fullcontact_28,True,False,True,False,,True,True,4,False
fullcontact_280,fullcontact_280,True,True,True,True,False,True,False,5,False
fullcontact_281,fullcontact_281,True,True,True,True,True,True,True,7,True
fullcontact_282,http://dbpedia.org/resource/Consolidated_Pastoral_Company,False,True,False,False,False,False,False,1,False
fullcontact_283,fullcontact_283,True,True,True,True,True,True,True,7,True
fullcontact_284,fullcontact_284,True,False,True,False,False,True,True,4,False
fullcontact_286,fullcontact_286,True,True,True,True,True,True,True,7,True
fullcontact_287,fullcontact_287,False,True,False,True,False,False,True,3,False
fullcontact_288,fullcontact_288,True,False,False,True,False,True,True,4,False
fullcontact_289,fullcontact_289,True,True,True,True,True,True,True,7,True
fullcontact_29,fullcontact_29,True,,True,,True,True,True,5,True
fullcontact_290,fullcontact_925,True,False,True,False,False,False,False,2,False
fullcontact_291,fullcontact_291,True,True,True,True,False,False,False,4,False
fullcontact_292,fullcontact_292,False,False,True,False,False,False,False,1,False
fullcontact_293,fullcontact_293,True,True,True,True,False,False,False,4,False
fullcontact_294,fullcontact_294,True,True,True,True,True,True,True,7,True
fullcontact_295,fullcontact_295,True,True,False,True,True,True,True,6,False
fullcontact_296,fullcontact_296,True,False,False,True,False,True,True,4,False
fullcontact_297,fullcontact_297,True,True,False,True,True,True,True,6,False
fullcontact_298,fullcontact_298,True,True,False,True,True,True,True,6,False
fullcontact_299,fullcontact_299,True,False,False,False,False,True,True,3,False
fullcontact_3,fullcontact_3,True,False,False,False,False,True,True,3,False
fullcontact_300,fullcontact_300,True,False,True,True,False,True,True,5,False
fullcontact_301,fullcontact_301,True,False,True,False,False,False,False,2,False
fullcontact_302,http://dbpedia.org/resource/Citizen_Holdings,False,True,True,False,False,False,True,3,False
fullcontact_303,fullcontact_303,True,False,True,True,False,True,True,5,False
fullcontact_304,fullcontact_304,True,,True,True,True,True,True,6,True
fullcontact_305,http://dbpedia.org/resource/Intershop_Communications,False,True,False,True,False,True,True,4,False
fullcontact_306,fullcontact_306,True,False,True,False,True,True,True,5,False
fullcontact_307,fullcontact_307,False,False,False,True,False,False,False,1,False
fullcontact_308,fullcontact_308,True,True,True,True,True,True,True,7,True
fullcontact_309,fullcontact_309,True,True,False,True,True,True,True,6,False
fullcontact_31,fullcontact_31,True,False,False,True,False,True,True,4,False
fullcontact_310,fullcontact_310,True,,True,,True,True,True,5,True
fullcontact_311,fullcontact_311,True,False,False,False,True,True,False,3,False
fullcontact_312,fullcontact_312,True,True,False,True,True,True,True,6,False
fullcontact_313,fullcontact_313,False,False,False,True,False,False,False,1,False
fullcontact_315,http://dbpedia.org/resource/Oceanic_Bank,False,True,True,True,False,False,True,4,False
fullcontact_316,fullcontact_316,True,True,False,True,True,True,True,6,False
fullcontact_318,fullcontact_318,True,,True,True,True,True,True,6,True
fullcontact_319,fullcontact_319,True,True,False,True,True,True,True,6,False
fullcontact_32,fullcontact_32,True,False,False,True,True,True,True,5,False
fullcontact_320,fullcontact_1009,True,False,True,True,False,False,True,4,False
fullcontact_321,fullcontact_321,True,True,False,True,True,True,True,6,False
fullcontact_322,fullcontact_322,True,True,False,True,True,True,True,6,False
fullcontact_323,fullcontact_323,True,True,False,True,True,True,True,6,False
fullcontact_324,fullcontact_324,False,True,False,True,True,True,False,4,False
fullcontact_325,fullcontact_325,True,False,True,True,False,True,True,5,False
fullcontact_326,fullcontact_326,True,True,False,True,True,False,False,4,False
fullcontact_327,fullcontact_327,True,True,True,True,False,False,False,4,False
fullcontact_329,fullcontact_329,True,,True,True,True,True,True,6,True
fullcontact_330,fullcontact_330,True,True,True,True,False,False,False,4,False
fullcontact_331,http://dbpedia.org/resource/ZCCM_Investments_Holdings,False,True,False,True,,False,False,2,False
fullcontact_332,fullcontact_332,True,False,False,True,False,True,False,3,False
fullcontact_333,fullcontact_333,True,False,True,False,True,True,False,4,False
fullcontact_334,fullcontact_334,True,False,True,True,False,True,True,5,False
fullcontact_335,fullcontact_335,True,True,True,True,False,True,True,6,False
fullcontact_336,fullcontact_336,True,True,False,True,True,True,True,6,False
fullcontact_338,fullcontact_338,False,True,True,True,False,False,False,3,False
fullcontact_34,fullcontact_34,True,True,False,True,True,True,True,6,False
fullcontact_340,fullcontact_340,True,True,True,True,True,True,True,7,True
fullcontact_341,fullcontact_341,True,True,True,False,False,True,True,5,False
fullcontact_342,fullcontact_342,True,False,True,True,False,True,False,4,False
fullcontact_343,http://dbpedia.org/resource/First_Baptist_Church_of_Manila,False,True,True,True,False,False,False,3,False
fullcontact_344,http://dbpedia.org/resource/Meridian_Capital_Group,False,True,True,False,False,False,False,2,False
fullcontact_345,fullcontact_345,True,True,True,True,True,True,True,7,True
fullcontact_346,fullcontact_346,True,True,True,True,True,True,True,7,True
fullcontact_347,fullcontact_347,True,,True,True,True,True,True,6,True
fullcontact_348,fullcontact_348,True,False,True,False,False,True,False,3,False
fullcontact_349,http://dbpedia.org/resource/General_Railway_Signal,False,True,True,True,False,False,False,3,False
fullcontact_35,fullcontact_35,True,,False,,True,True,True,4,False
fullcontact_350,fullcontact_350,True,True,True,True,True,True,True,7,True
fullcontact_352,fullcontact_352,True,True,False,True,False,True,False,4,False
fullcontact_353,fullcontact_353,True,,True,True,True,True,True,6,True
fullcontact_354,fullcontact_354,True,,True,True,True,True,True,6,True
fullcontact_355,fullcontact_355,True,True,False,True,True,True,True,6,False
fullcontact_356,http://dbpedia.org/resource/General_Revenue_Corporation,False,True,True,False,False,False,False,2,False
fullcontact_357,fullcontact_357,True,,True,True,True,True,True,6,True
fullcontact_358,fullcontact_358,True,True,False,,True,True,True,5,False
fullcontact_359,fullcontact_359,False,True,True,True,False,False,False,3,False
fullcontact_36,fullcontact_1324,True,True,True,False,False,True,True,5,False
fullcontact_361,fullcontact_361,False,False,True,True,False,False,False,2,False
fullcontact_362,fullcontact_640,False,True,False,True,True,False,False,3,False
fullcontact_363,fullcontact_363,True,True,True,True,False,True,False,5,False
fullcontact_364,fullcontact_364,True,False,True,False,False,True,False,3,False
fullcontact_365,fullcontact_365,True,True,True,True,False,False,False,4,False
fullcontact_366,fullcontact_366,True,True,True,True,False,True,False,5,False
fullcontact_367,http://dbpedia.org/resource/Gruppo_Bertone,False,True,True,True,False,False,False,3,False
fullcontact_368,fullcontact_368,True,True,False,True,True,True,True,6,False
fullcontact_369,fullcontact_369,True,False,False,True,False,True,True,4,False
fullcontact_37,fullcontact_37,True,True,True,,True,True,True,6,True
fullcontact_370,fullcontact_370,True,False,False,True,False,True,True,4,False
fullcontact_371,fullcontact_371,True,False,True,True,True,True,True,6,False
fullcontact_372,fullcontact_372,True,,True,,True,True,True,5,True
fullcontact_373,fullcontact_373,True,True,True,,True,True,True,6,True
fullcontact_374,fullcontact_374,True,True,True,True,True,True,True,7,True
fullcontact_375,fullcontact_375,True,False,False,True,True,True,True,5,False
fullcontact_376,fullcontact_376,True,True,False,True,True,False,False,4,False
fullcontact_377,fullcontact_377,True,True,False,True,True,True,True,6,False
fullcontact_378,fullcontact_378,True,True,False,True,True,True,True,6,False
fullcontact_379,fullcontact_379,True,True,True,True,True,True,True,7,True
fullcontact_38,fullcontact_38,True,False,False,True,True,True,True,5,False
fullcontact_380,fullcontact_380,True,False,False,True,True,True,True,5,False
fullcontact_381,fullcontact_381,True,False,True,False,True,True,True,5,False
fullcontact_382,fullcontact_382,True,True,True,False,False,True,True,5,False
fullcontact_384,fullcontact_384,True,True,True,True,True,True,True,7,True
fullcontact_385,fullcontact_385,True,True,False,True,False,False,True,4,False
fullcontact_386,fullcontact_386,True,False,False,True,False,True,True,4,False
fullcontact_387,fullcontact_387,True,True,False,True,False,True,False,4,False
fullcontact_388,fullcontact_388,True,,True,True,True,True,True,6,True
fullcontact_389,fullcontact_389,True,True,False,True,False,False,True,4,False
fullcontact_39,fullcontact_39,True,False,True,False,False,True,True,4,False
fullcontact_390,fullcontact_390,True,False,False,True,False,True,False,3,False
fullcontact_399,fullcontact_399,False,False,True,True,False,False,False,2,False
fullcontact_4,fullcontact_4,True,True,True,True,True,True,True,7,True
fullcontact_40,fullcontact_40,True,True,True,True,True,True,True,7,True
fullcontact_401,fullcontact_401,True,,True,True,True,True,True,6,True
fullcontact_402,fullcontact_402,True,True,False,True,True,True,True,6,False
fullcontact_403,fullcontact_866,False,True,False,True,False,False,False,2,False
fullcontact_404,fullcontact_404,True,True,True,True,True,True,True,7,True
fullcontact_405,fullcontact_405,True,True,True,True,False,True,False,5,False
fullcontact_406,fullcontact_406,True,True,True,True,False,True,True,6,False
fullcontact_407,fullcontact_407,True,False,False,True,False,True,True,4,False
fullcontact_408,fullcontact_408,True,True,True,True,True,True,True,7,True
fullcontact_41,fullcontact_41,True,True,False,True,True,True,True,6,False
fullcontact_410,fullcontact_410,True,False,False,False,False,True,True,3,False
fullcontact_411,http://dbpedia.org/resource/Zeta_Interactive,False,True,True,False,False,False,False,2,False
fullcontact_412,fullcontact_412,True,True,False,True,False,True,False,4,False
fullcontact_413,fullcontact_413,True,,False,,True,True,True,4,False
fullcontact_414,fullcontact_414,True,True,True,False,False,False,False,3,False
fullcontact_415,fullcontact_415,True,False,True,True,False,True,True,5,False
fullcontact_416,fullcontact_416,True,False,False,False,False,True,True,3,False
fullcontact_418,fullcontact_418,True,True,True,True,False,False,False,4,False
fullcontact_419,fullcontact_419,True,False,False,True,False,True,True,4,False
fullcontact_42,http://dbpedia.org/resource/Sorouh_Real_Estate,False,True,False,True,False,False,False,2,False
fullcontact_420,fullcontact_420,True,True,False,True,True,True,True,6,False
fullcontact_422,fullcontact_422,True,False,False,True,False,True,False,3,False
fullcontact_423,fullcontact_423,True,True,False,,True,True,True,5,False
fullcontact_424,fullcontact_424,False,True,True,True,False,False,False,3,False
fullcontact_425,fullcontact_425,True,,True,,True,True,True,5,True
fullcontact_426,fullcontact_426,True,True,False,True,True,True,True,6,False
fullcontact_427,fullcontact_427,True,,False,,True,True,True,4,False
fullcontact_428,fullcontact_428,True,True,True,True,False,True,False,5,False
fullcontact_429,http://dbpedia.org/resource/Pixar_Canada,False,True,True,False,False,False,False,2,False
fullcontact_43,fullcontact_43,True,True,True,True,True,True,True,7,True
fullcontact_430,fullcontact_430,True,,False,True,True,True,True,5,False
fullcontact_432,fullcontact_432,True,True,True,True,False,True,False,5,False
fullcontact_433,http://dbpedia.org/resource/Emirates_National_Oil_Company,False,True,True,True,False,False,False,3,False
fullcontact_434,fullcontact_434,True,True,True,,True,True,True,6,True
fullcontact_435,fullcontact_435,True,True,False,True,True,True,True,6,False
fullcontact_436,fullcontact_436,False,False,False,True,False,False,False,1,False
fullcontact_438,fullcontact_438,True,True,True,True,True,True,True,7,True
fullcontact_439,fullcontact_439,True,,True,True,True,True,True,6,True
fullcontact_44,fullcontact_44,True,True,False,True,True,True,True,6,False
fullcontact_440,fullcontact_440,True,False,True,False,True,True,True,5,False
fullcontact_441,fullcontact_441,True,True,False,True,True,True,True,6,False
fullcontact_442,fullcontact_442,True,False,False,True,False,True,True,4,False
fullcontact_443,fullcontact_443,True,,False,True,True,True,True,5,False
fullcontact_444,fullcontact_444,True,False,False,False,False,True,True,3,False
fullcontact_445,fullcontact_445,True,,False,True,True,True,True,5,False
fullcontact_446,fullcontact_446,True,False,True,True,True,True,False,5,False
fullcontact_447,fullcontact_447,True,False,False,True,True,True,True,5,False
fullcontact_448,fullcontact_448,True,True,True,,True,True,True,6,True
fullcontact_449,http://dbpedia.org/resource/Bangkok_Bank,True,True,True,False,True,True,False,5,False
fullcontact_45,fullcontact_45,True,,True,True,True,True,True,6,True
fullcontact_450,fullcontact_450,True,True,True,True,True,True,True,7,True
fullcontact_452,fullcontact_452,True,True,True,True,True,True,True,7,True
fullcontact_453,fullcontact_453,True,True,True,True,True,True,True,7,True
fullcontact_454,fullcontact_454,True,True,True,True,True,True,True,7,True
fullcontact_455,fullcontact_455,True,False,False,True,False,True,True,4,False
fullcontact_456,fullcontact_456,True,False,False,True,True,True,True,5,False
fullcontact_457,fullcontact_457,True,,True,,True,True,True,5,True
fullcontact_458,http://dbpedia.org/resource/McDermott_International,False,True,True,False,False,False,False,2,False
fullcontact_46,fullcontact_46,True,False,False,False,False,True,True,3,False
fullcontact_460,fullcontact_460,True,True,False,,True,True,True,5,False
fullcontact_461,fullcontact_461,True,,True,True,True,True,True,6,True
fullcontact_462,fullcontact_462,True,True,True,True,False,False,False,4,False
fullcontact_463,fullcontact_463,False,False,False,True,False,False,False,1,False
fullcontact_464,fullcontact_464,True,True,True,True,False,True,True,6,False
fullcontact_466,fullcontact_466,True,True,True,True,True,True,True,7,True
fullcontact_467,fullcontact_467,True,True,False,True,False,False,True,4,False
fullcontact_468,fullcontact_468,True,False,True,True,False,True,False,4,False
fullcontact_469,fullcontact_469,False,False,False,True,False,False,False,1,False
fullcontact_47,fullcontact_47,True,,True,True,True,True,True,6,True
fullcontact_471,fullcontact_471,False,False,True,True,False,False,False,2,False
fullcontact_473,fullcontact_473,True,True,False,True,False,True,True,5,False
fullcontact_474,fullcontact_474,True,,True,,True,True,True,5,True
fullcontact_475,fullcontact_475,True,True,False,True,True,True,True,6,False
fullcontact_476,fullcontact_476,True,False,True,False,False,True,True,4,False
fullcontact_477,fullcontact_477,True,True,False,True,True,True,True,6,False
fullcontact_478,http://dbpedia.org/resource/Intelenet_Global_Services,False,True,False,True,False,False,True,3,False
fullcontact_479,fullcontact_479,True,True,True,True,False,False,False,4,False
fullcontact_48,fullcontact_48,True,,True,True,True,True,True,6,True
fullcontact_480,fullcontact_480,True,,False,True,True,True,True,5,False
fullcontact_481,fullcontact_481,True,,False,True,True,True,True,5,False
fullcontact_482,fullcontact_482,True,False,False,False,False,True,False,2,False
fullcontact_483,fullcontact_483,False,False,True,True,False,False,False,2,False
fullcontact_484,fullcontact_484,True,,True,True,True,True,True,6,True
fullcontact_485,fullcontact_485,False,True,True,True,False,True,False,4,False
fullcontact_486,fullcontact_486,True,True,False,True,False,False,False,3,False
fullcontact_487,fullcontact_487,True,False,True,True,False,False,False,3,False
fullcontact_488,fullcontact_488,True,False,True,True,False,False,False,3,False
fullcontact_489,fullcontact_489,True,,False,True,True,True,True,5,False
fullcontact_49,fullcontact_49,True,True,True,True,True,True,True,7,True
fullcontact_490,fullcontact_490,True,,True,True,True,True,True,6,True
fullcontact_491,fullcontact_491,True,True,False,True,True,True,True,6,False
fullcontact_492,fullcontact_492,True,False,False,True,True,True,True,5,False
fullcontact_493,fullcontact_493,True,False,False,True,True,False,False,3,False
fullcontact_494,fullcontact_494,True,True,True,True,False,True,True,6,False
fullcontact_495,fullcontact_495,True,,True,True,True,True,True,6,True
fullcontact_496,fullcontact_496,True,False,False,True,True,True,True,5,False
fullcontact_497,fullcontact_497,True,True,False,True,True,True,True,6,False
fullcontact_499,fullcontact_499,True,True,True,True,False,True,True,6,False
fullcontact_5,fullcontact_5,True,True,True,True,,True,True,6,True
fullcontact_50,fullcontact_1948,True,True,True,False,False,False,False,3,False
fullcontact_500,fullcontact_500,False,False,False,False,False,False,False,0,False
fullcontact_501,fullcontact_501,True,True,True,True,True,True,True,7,True
fullcontact_502,fullcontact_502,True,True,False,True,True,True,True,6,False
fullcontact_505,fullcontact_505,True,,True,True,True,True,True,6,True
fullcontact_506,fullcontact_506,True,True,False,True,True,True,True,6,False
fullcontact_507,fullcontact_507,True,False,False,False,False,True,False,2,False
fullcontact_508,fullcontact_508,True,True,True,True,False,False,False,4,False
fullcontact_510,fullcontact_510,True,False,False,False,True,True,False,3,False
fullcontact_511,fullcontact_511,True,True,False,True,False,False,False,3,False
fullcontact_512,fullcontact_512,True,False,False,True,False,False,False,2,False
fullcontact_513,fullcontact_1918,False,True,True,False,False,False,False,2,False
fullcontact_514,http://dbpedia.org/resource/Coal_India,True,True,True,False,False,True,True,5,False
fullcontact_515,http://dbpedia.org/resource/Meisei_Electric,False,True,True,True,False,False,True,4,False
fullcontact_516,fullcontact_516,True,False,False,False,False,True,False,2,False
fullcontact_517,fullcontact_517,False,False,False,False,False,False,False,0,False
fullcontact_518,fullcontact_518,True,True,False,True,True,True,True,6,False
fullcontact_519,fullcontact_519,False,False,True,True,False,False,False,2,False
fullcontact_52,fullcontact_52,True,True,False,True,False,True,True,5,False
fullcontact_520,fullcontact_520,True,False,False,False,True,True,True,4,False
fullcontact_522,fullcontact_522,True,False,False,True,False,False,False,2,False
fullcontact_525,fullcontact_525,True,,False,,True,True,True,4,False
fullcontact_526,fullcontact_526,True,False,False,True,False,False,False,2,False
fullcontact_527,fullcontact_527,True,False,False,False,False,True,True,3,False
fullcontact_528,fullcontact_528,True,,True,True,True,True,True,6,True
fullcontact_529,http://dbpedia.org/resource/Saga_Group,False,True,True,False,False,False,False,2,False
fullcontact_53,fullcontact_53,True,True,True,True,True,True,True,7,True
fullcontact_530,fullcontact_530,False,True,False,True,False,True,False,3,False
fullcontact_531,fullcontact_531,True,True,True,True,True,True,True,7,True
fullcontact_532,fullcontact_532,True,,False,True,True,True,True,5,False
fullcontact_533,fullcontact_533,True,True,True,True,False,False,False,4,False
fullcontact_535,fullcontact_535,True,True,False,True,False,False,False,3,False
fullcontact_536,fullcontact_536,True,True,False,True,True,True,True,6,False
fullcontact_537,fullcontact_537,True,False,False,True,False,True,True,4,False
fullcontact_538,fullcontact_538,True,,True,True,True,True,True,6,True
fullcontact_539,fullcontact_539,True,True,False,True,True,True,True,6,False
fullcontact_54,fullcontact_54,True,,,,True,True,True,4,True
fullcontact_540,fullcontact_540,True,,True,True,True,True,True,6,True
fullcontact_541,fullcontact_541,True,True,True,True,False,True,True,6,False
fullcontact_542,fullcontact_542,True,False,True,False,False,True,True,4,False
fullcontact_543,fullcontact_543,True,True,False,True,True,True,True,6,False
fullcontact_544,fullcontact_544,True,True,True,True,False,True,True,6,False
fullcontact_545,fullcontact_545,True,False,True,False,True,False,False,3,False
fullcontact_546,http://dbpedia.org/resource/Popular_Holdings,False,True,False,False,False,False,True,2,False
fullcontact_547,fullcontact_547,True,False,False,True,False,True,True,4,False
fullcontact_548,fullcontact_548,True,,False,True,True,True,True,5,False
fullcontact_549,fullcontact_549,True,True,True,True,False,True,False,5,False
fullcontact_55,http://dbpedia.org/resource/PNC_Financial_Services,True,True,False,False,False,True,False,3,False
fullcontact_550,fullcontact_550,True,True,True,True,True,True,True,7,True
fullcontact_551,fullcontact_551,True,True,False,True,True,True,True,6,False
fullcontact_553,fullcontact_553,True,,True,,True,True,True,5,True
fullcontact_554,fullcontact_554,True,,False,True,True,True,True,5,False
fullcontact_555,fullcontact_555,True,True,False,,True,True,True,5,False
fullcontact_557,fullcontact_557,True,,True,True,True,True,True,6,True
fullcontact_558,fullcontact_558,True,,True,True,True,True,True,6,True
fullcontact_559,fullcontact_559,True,True,False,True,False,False,False,3,False
fullcontact_56,fullcontact_56,True,True,True,True,True,True,True,7,True
fullcontact_560,fullcontact_560,True,True,True,True,True,True,True,7,True
fullcontact_563,fullcontact_563,False,False,True,True,False,False,False,2,False
fullcontact_564,fullcontact_564,True,True,True,,True,True,True,6,True
fullcontact_565,fullcontact_565,True,,True,True,True,True,True,6,True
fullcontact_566,fullcontact_566,True,,True,True,True,True,True,6,True
fullcontact_567,fullcontact_567,True,False,False,True,False,False,False,2,False
fullcontact_568,fullcontact_568,False,False,False,False,False,False,False,0,False
fullcontact_569,fullcontact_569,True,True,True,True,True,True,True,7,True
fullcontact_57,fullcontact_57,True,False,False,True,True,True,False,4,False
fullcontact_570,fullcontact_570,True,True,False,True,True,True,True,6,False
fullcontact_571,fullcontact_571,True,,False,True,True,True,True,5,False
fullcontact_573,fullcontact_573,True,True,True,True,True,True,True,7,True
fullcontact_574,fullcontact_574,False,False,False,True,True,False,False,2,False
fullcontact_575,fullcontact_575,True,True,True,True,True,True,True,7,True
fullcontact_576,fullcontact_576,True,True,False,True,True,True,True,6,False
fullcontact_577,fullcontact_577,True,False,False,False,False,True,True,3,False
fullcontact_578,fullcontact_578,True,True,False,True,True,True,True,6,False
fullcontact_579,fullcontact_579,True,True,True,True,True,True,True,7,True
fullcontact_58,fullcontact_58,True,True,False,True,True,True,True,6,False
fullcontact_580,fullcontact_580,True,True,False,True,True,True,True,6,False
fullcontact_581,fullcontact_581,True,True,True,,True,True,True,6,True
fullcontact_582,fullcontact_582,True,False,True,True,False,True,False,4,False
fullcontact_583,fullcontact_583,True,True,True,True,True,True,True,7,True
fullcontact_584,fullcontact_584,True,True,False,True,True,True,True,6,False
fullcontact_585,fullcontact_585,True,,True,,True,True,True,5,True
fullcontact_586,fullcontact_586,True,True,False,True,True,True,True,6,False
fullcontact_587,fullcontact_587,True,True,False,True,True,True,True,6,False
fullcontact_588,fullcontact_588,True,,True,,True,True,True,5,True
fullcontact_59,fullcontact_59,True,True,False,True,True,True,True,6,False
fullcontact_590,fullcontact_590,True,,True,True,True,True,True,6,True
fullcontact_591,fullcontact_591,True,,True,True,True,True,True,6,True
fullcontact_592,fullcontact_592,True,False,False,True,False,True,True,4,False
fullcontact_593,fullcontact_593,True,False,False,True,False,True,False,3,False
fullcontact_594,fullcontact_594,True,True,,True,True,True,True,6,True
fullcontact_595,fullcontact_1205,True,True,True,True,False,True,True,6,False
fullcontact_596,fullcontact_596,True,False,False,True,False,True,False,3,False
fullcontact_597,http://dbpedia.org/resource/Pacific_Advantage_Ltd,False,True,True,False,False,False,False,2,False
fullcontact_598,fullcontact_598,True,True,True,True,False,True,False,5,False
fullcontact_599,fullcontact_599,True,,False,,True,True,True,4,False
fullcontact_6,fullcontact_6,True,False,False,True,False,True,True,4,False
fullcontact_60,fullcontact_60,True,False,False,True,False,True,True,4,False
fullcontact_600,fullcontact_600,True,False,False,True,True,True,True,5,False
fullcontact_601,fullcontact_601,True,False,False,True,False,True,True,4,False
fullcontact_602,fullcontact_602,True,False,False,True,False,True,True,4,False
fullcontact_603,fullcontact_603,True,,False,True,True,True,True,5,False
fullcontact_604,fullcontact_604,True,False,False,True,False,False,False,2,False
fullcontact_606,fullcontact_606,True,True,False,True,False,False,False,3,False
fullcontact_607,fullcontact_1322,True,False,False,False,False,True,False,2,False
fullcontact_608,fullcontact_608,True,True,True,True,True,True,True,7,True
fullcontact_609,fullcontact_609,True,False,True,True,True,True,True,6,False
fullcontact_61,fullcontact_61,True,True,True,True,True,True,True,7,True
fullcontact_610,fullcontact_610,True,False,False,False,False,True,True,3,False
fullcontact_612,fullcontact_612,False,True,True,True,False,False,False,3,False
fullcontact_613,fullcontact_613,True,True,False,True,True,False,False,4,False
fullcontact_614,fullcontact_614,True,False,False,True,False,True,False,3,False
fullcontact_616,fullcontact_616,True,False,True,False,True,True,False,4,False
fullcontact_617,http://www.forbes.com/companies/dominion-resources/,True,False,False,False,True,True,False,3,False
fullcontact_618,fullcontact_618,True,False,False,True,False,True,True,4,False
fullcontact_619,fullcontact_619,True,True,False,True,True,True,True,6,False
fullcontact_62,http://dbpedia.org/resource/Yatai_Group,False,True,False,False,False,False,False,1,False
fullcontact_621,fullcontact_621,True,,True,True,True,True,True,6,True
fullcontact_622,http://dbpedia.org/resource/Repsol_S.A.,False,True,True,,False,True,True,4,False
fullcontact_623,fullcontact_623,True,True,True,True,True,True,True,7,True
fullcontact_624,http://dbpedia.org/resource/China_Communications_Services_Corporation,True,True,True,False,False,False,False,3,False
fullcontact_625,fullcontact_625,True,True,True,True,True,True,True,7,True
fullcontact_626,fullcontact_626,True,True,True,True,True,True,True,7,True
fullcontact_627,fullcontact_627,True,,False,,True,True,True,4,False
fullcontact_628,fullcontact_628,True,False,False,False,True,True,True,4,False
fullcontact_629,http://dbpedia.org/resource/Brooks_Automation,False,True,True,False,False,False,False,2,False
fullcontact_63,fullcontact_63,True,True,False,True,True,True,True,6,False
fullcontact_630,fullcontact_629,True,False,False,,True,True,True,4,False
fullcontact_631,fullcontact_631,True,True,True,True,False,True,False,5,False
fullcontact_632,fullcontact_632,True,False,False,True,False,True,True,4,False
fullcontact_633,fullcontact_633,True,False,True,True,True,True,True,6,False
fullcontact_635,fullcontact_635,True,True,False,True,True,True,True,6,False
fullcontact_636,fullcontact_636,True,False,False,False,False,True,True,3,False
fullcontact_638,fullcontact_638,True,False,True,True,False,True,True,5,False
fullcontact_64,fullcontact_64,True,False,True,False,False,True,True,4,False
fullcontact_640,fullcontact_1173,True,,,,True,True,True,4,True
fullcontact_642,fullcontact_642,True,True,False,True,False,False,True,4,False
fullcontact_643,fullcontact_643,True,,False,True,True,True,True,5,False
fullcontact_644,fullcontact_644,True,True,True,True,True,True,True,7,True
fullcontact_645,fullcontact_645,True,,True,,True,True,True,5,True
fullcontact_646,fullcontact_646,False,False,False,True,False,False,False,1,False
fullcontact_647,fullcontact_647,True,,True,True,True,True,True,6,True
fullcontact_648,fullcontact_648,True,True,True,,True,True,True,6,True
fullcontact_649,fullcontact_649,True,False,True,False,False,True,True,4,False
fullcontact_65,fullcontact_65,True,,True,True,True,True,True,6,True
fullcontact_650,fullcontact_650,True,False,True,False,True,False,True,4,False
fullcontact_651,fullcontact_651,True,,False,,True,True,True,4,False
fullcontact_652,fullcontact_130,True,True,True,True,False,False,False,4,False
fullcontact_653,fullcontact_653,True,False,True,False,True,True,True,5,False
fullcontact_654,fullcontact_654,True,True,False,True,True,True,True,6,False
fullcontact_655,fullcontact_655,True,True,True,True,True,True,True,7,True
fullcontact_657,fullcontact_657,True,,True,,True,True,True,5,True
fullcontact_658,fullcontact_1548,True,True,False,True,False,True,False,4,False
fullcontact_659,fullcontact_659,True,,True,True,True,True,True,6,True
fullcontact_66,fullcontact_66,True,True,True,True,False,True,False,5,False
fullcontact_661,fullcontact_661,False,True,True,True,False,False,False,3,False
fullcontact_662,fullcontact_662,True,False,True,False,True,True,True,5,False
fullcontact_663,fullcontact_663,True,True,False,True,True,False,False,4,False
fullcontact_664,fullcontact_664,False,False,False,True,False,False,False,1,False
fullcontact_665,fullcontact_665,True,,True,True,True,True,True,6,True
fullcontact_666,fullcontact_666,True,False,True,True,False,True,True,5,False
fullcontact_667,fullcontact_667,True,,True,True,True,True,True,6,True
fullcontact_669,http://dbpedia.org/resource/Panini_Group,False,True,True,True,False,False,True,4,False
fullcontact_67,fullcontact_67,False,False,False,True,False,False,False,1,False
fullcontact_670,fullcontact_670,True,False,True,True,False,True,True,5,False
fullcontact_671,fullcontact_671,True,True,False,True,True,True,True,6,False
fullcontact_672,fullcontact_672,True,False,False,False,False,True,True,3,False
fullcontact_673,fullcontact_673,True,True,True,True,False,True,False,5,False
fullcontact_674,fullcontact_674,False,False,False,False,False,False,False,0,False
fullcontact_675,fullcontact_675,True,True,True,True,False,True,False,5,False
fullcontact_676,fullcontact_676,True,False,False,False,False,True,True,3,False
fullcontact_677,fullcontact_677,True,False,True,True,False,True,True,5,False
fullcontact_678,fullcontact_678,True,True,True,True,False,True,False,5,False
fullcontact_679,fullcontact_679,True,True,True,True,True,True,True,7,True
fullcontact_68,fullcontact_68,True,True,True,True,True,False,False,5,False
fullcontact_680,http://www.forbes.com/companies/seven-i-holdings/,True,,True,,True,True,True,5,True
fullcontact_681,fullcontact_681,True,,True,True,True,True,True,6,True
fullcontact_682,fullcontact_682,True,True,False,True,False,False,False,3,False
fullcontact_683,fullcontact_683,True,False,True,False,True,True,True,5,False
fullcontact_684,fullcontact_684,True,False,False,False,False,True,True,3,False
fullcontact_685,http://dbpedia.org/resource/IProperty_Group,False,True,True,True,False,False,True,4,False
fullcontact_686,fullcontact_686,True,False,True,True,False,True,True,5,False
fullcontact_687,fullcontact_687,True,True,True,True,False,False,False,4,False
fullcontact_688,fullcontact_688,True,,True,True,True,True,True,6,True
fullcontact_689,fullcontact_689,True,False,True,False,False,True,True,4,False
fullcontact_69,fullcontact_69,True,True,False,True,True,True,True,6,False
fullcontact_690,fullcontact_1135,True,False,True,True,True,True,True,6,False
fullcontact_691,fullcontact_691,True,False,True,True,False,True,False,4,False
fullcontact_693,fullcontact_693,False,,True,,False,False,False,1,False
fullcontact_694,http://dbpedia.org/resource/Southern_Tide,False,True,True,False,False,False,False,2,False
fullcontact_695,fullcontact_695,True,False,True,True,False,True,False,4,False
fullcontact_696,fullcontact_696,True,False,False,True,False,True,False,3,False
fullcontact_697,fullcontact_697,True,False,False,True,False,True,False,3,False
fullcontact_698,fullcontact_698,True,True,False,True,False,False,False,3,False
fullcontact_7,fullcontact_7,True,True,False,True,False,False,False,3,False
fullcontact_70,fullcontact_70,False,False,False,False,False,False,False,0,False
fullcontact_700,fullcontact_700,True,False,False,False,,False,False,1,False
fullcontact_701,fullcontact_701,True,True,True,True,True,True,True,7,True
fullcontact_702,fullcontact_702,True,False,True,True,True,True,True,6,False
fullcontact_703,fullcontact_703,True,True,True,True,True,True,True,7,True
fullcontact_704,fullcontact_704,True,,True,True,True,True,True,6,True
fullcontact_705,fullcontact_705,True,,False,True,True,True,True,5,False
fullcontact_706,fullcontact_706,True,,False,,True,True,True,4,False
fullcontact_707,http://dbpedia.org/resource/Prestolite_Electric,False,True,True,False,False,False,False,2,False
fullcontact_709,fullcontact_709,True,True,True,True,True,False,False,5,False
fullcontact_71,fullcontact_71,True,,True,True,True,True,True,6,True
fullcontact_710,fullcontact_710,True,,True,,True,True,True,5,True
fullcontact_711,fullcontact_711,True,True,True,True,False,False,False,4,False
fullcontact_712,fullcontact_712,True,False,True,True,True,True,True,6,False
fullcontact_713,fullcontact_713,True,True,False,True,False,False,False,3,False
fullcontact_714,fullcontact_714,True,True,True,True,True,True,True,7,True
fullcontact_715,fullcontact_715,True,,False,True,True,True,True,5,False
fullcontact_716,fullcontact_716,True,False,False,True,False,True,True,4,False
fullcontact_717,http://dbpedia.org/resource/Vermilion_Energy,False,True,True,True,False,False,False,3,False
fullcontact_718,fullcontact_718,True,False,True,True,False,True,True,5,False
fullcontact_719,fullcontact_719,True,False,True,False,False,False,False,2,False
fullcontact_72,fullcontact_72,True,False,True,False,False,False,False,2,False
fullcontact_720,fullcontact_720,True,True,True,True,True,True,True,7,True
fullcontact_721,fullcontact_721,True,True,True,True,True,True,True,7,True
fullcontact_722,fullcontact_722,True,True,True,True,True,True,True,7,True
fullcontact_723,fullcontact_723,True,False,True,False,False,False,False,2,False
fullcontact_724,http://www.forbes.com/companies/nippon-tel-tel/,True,,True,False,True,True,True,5,False
fullcontact_725,fullcontact_725,True,True,True,True,True,True,True,7,True
fullcontact_726,fullcontact_726,True,True,True,True,False,False,False,4,False
fullcontact_727,http://dbpedia.org/resource/Magyar_Telekom,False,True,True,True,False,True,True,5,False
fullcontact_728,fullcontact_728,True,True,True,True,False,False,False,4,False
fullcontact_729,fullcontact_729,True,False,True,True,False,True,False,4,False
fullcontact_73,fullcontact_73,True,,False,True,True,True,True,5,False
fullcontact_730,fullcontact_730,True,True,True,True,True,True,True,7,True
fullcontact_731,fullcontact_731,True,True,True,True,False,True,True,6,False
fullcontact_732,fullcontact_732,True,False,True,True,False,True,False,4,False
fullcontact_733,fullcontact_733,True,False,False,True,True,True,False,4,False
fullcontact_734,fullcontact_734,True,True,False,,True,True,True,5,False
fullcontact_735,fullcontact_735,True,True,True,True,True,True,True,7,True
fullcontact_736,fullcontact_736,True,True,True,True,True,True,True,7,True
fullcontact_737,fullcontact_737,True,True,False,,True,True,True,5,False
fullcontact_738,fullcontact_738,True,False,False,True,False,True,True,4,False
fullcontact_739,fullcontact_739,True,False,False,True,False,True,False,3,False
fullcontact_740,fullcontact_1292,True,True,False,False,False,False,False,2,False
fullcontact_741,http://dbpedia.org/resource/NKT_Holding,False,True,False,True,False,True,True,4,False
fullcontact_743,fullcontact_743,False,False,True,True,False,False,False,2,False
fullcontact_745,fullcontact_745,True,False,True,True,False,True,False,4,False
fullcontact_747,fullcontact_747,True,True,True,True,False,True,True,6,False
fullcontact_748,fullcontact_748,True,True,True,True,True,True,True,7,True
fullcontact_749,fullcontact_749,True,True,True,True,True,True,True,7,True
fullcontact_75,fullcontact_75,False,,False,True,False,False,False,1,False
fullcontact_751,fullcontact_751,True,False,True,False,False,True,True,4,False
fullcontact_752,fullcontact_752,True,True,True,True,True,True,True,7,True
fullcontact_753,fullcontact_753,False,True,False,True,False,True,True,4,False
fullcontact_754,fullcontact_754,False,True,True,True,False,True,True,5,False
fullcontact_755,fullcontact_755,True,True,False,True,False,True,False,4,False
fullcontact_756,fullcontact_756,True,False,False,True,False,True,True,4,False
fullcontact_757,fullcontact_757,True,True,True,True,True,True,True,7,True
fullcontact_758,fullcontact_758,True,False,False,True,False,False,True,3,False
fullcontact_759,fullcontact_759,True,True,True,True,False,True,False,5,False
fullcontact_76,fullcontact_76,True,False,False,False,True,True,False,3,False
fullcontact_760,fullcontact_760,True,False,True,False,True,True,True,5,False
fullcontact_761,fullcontact_761,True,True,False,True,,True,True,5,False
fullcontact_762,fullcontact_762,True,False,False,False,False,True,True,3,False
fullcontact_763,fullcontact_763,True,False,False,True,False,True,False,3,False
fullcontact_764,fullcontact_764,True,,True,,True,True,True,5,True
fullcontact_765,fullcontact_765,True,True,True,True,True,True,True,7,True
fullcontact_766,fullcontact_766,True,,True,True,True,True,True,6,True
fullcontact_767,fullcontact_767,True,True,False,True,True,True,True,6,False
fullcontact_768,fullcontact_768,True,True,True,True,True,True,True,7,True
fullcontact_769,fullcontact_769,True,False,True,True,False,False,True,4,False
fullcontact_77,fullcontact_77,True,True,True,True,True,True,True,7,True
fullcontact_770,http://dbpedia.org/resource/Harrods_Estates,False,True,True,True,False,False,False,3,False
fullcontact_771,fullcontact_771,True,,True,,True,True,True,5,True
fullcontact_772,http://dbpedia.org/resource/Moe's_Southwest_Grill,False,True,True,True,False,False,False,3,False
fullcontact_773,fullcontact_773,True,False,False,False,False,True,False,2,False
fullcontact_774,fullcontact_774,True,False,False,True,False,True,False,3,False
fullcontact_775,fullcontact_775,True,False,False,True,False,True,True,4,False
fullcontact_776,fullcontact_776,True,False,False,True,True,True,True,5,False
fullcontact_777,fullcontact_777,True,False,False,True,False,True,True,4,False
fullcontact_778,fullcontact_778,True,True,True,True,False,False,False,4,False
fullcontact_779,fullcontact_779,True,False,False,True,False,True,True,4,False
fullcontact_78,fullcontact_78,True,True,False,True,True,True,True,6,False
fullcontact_780,fullcontact_780,True,True,True,,True,True,True,6,True
fullcontact_781,http://dbpedia.org/resource/Combination_Steel_and_Iron_Company,False,True,True,False,False,False,False,2,False
fullcontact_783,fullcontact_783,True,True,True,True,False,True,False,5,False
fullcontact_784,fullcontact_784,True,,True,True,True,True,True,6,True
fullcontact_785,http://dbpedia.org/resource/Avenir_Telecom,False,True,True,True,False,True,True,5,False
fullcontact_786,fullcontact_786,True,False,False,False,False,False,True,2,False
fullcontact_787,fullcontact_787,True,,False,True,True,True,True,5,False
fullcontact_788,fullcontact_788,True,False,True,True,False,False,False,3,False
fullcontact_789,fullcontact_789,True,True,True,True,True,True,True,7,True
fullcontact_79,fullcontact_79,True,True,True,True,False,True,False,5,False
fullcontact_790,fullcontact_790,True,True,False,True,False,True,False,4,False
fullcontact_791,fullcontact_791,True,False,False,True,False,True,True,4,False
fullcontact_793,fullcontact_793,False,False,True,True,False,False,False,2,False
fullcontact_794,fullcontact_794,True,False,False,True,False,True,True,4,False
fullcontact_795,fullcontact_795,False,False,True,True,False,True,False,3,False
fullcontact_796,fullcontact_796,True,True,True,True,True,True,True,7,True
fullcontact_797,fullcontact_797,True,True,False,,True,True,True,5,False
fullcontact_798,fullcontact_1590,True,True,True,True,False,False,False,4,False
fullcontact_799,fullcontact_799,True,True,False,True,True,True,True,6,False
fullcontact_80,fullcontact_80,True,True,True,True,False,False,False,4,False
fullcontact_800,fullcontact_800,True,False,False,False,False,True,True,3,False
fullcontact_801,fullcontact_801,True,,True,True,True,True,True,6,True
fullcontact_802,fullcontact_802,True,True,True,True,False,False,False,4,False
fullcontact_803,fullcontact_803,True,False,True,True,False,True,True,5,False
fullcontact_804,fullcontact_804,True,,True,True,True,True,True,6,True
fullcontact_805,fullcontact_805,True,False,False,False,True,True,True,4,False
fullcontact_806,fullcontact_806,True,True,False,True,True,True,False,5,False
fullcontact_807,fullcontact_807,True,False,True,,False,True,True,4,False
fullcontact_808,fullcontact_808,True,False,False,True,False,True,True,4,False
fullcontact_81,fullcontact_81,True,True,True,True,True,True,True,7,True
fullcontact_810,http://dbpedia.org/resource/TV4_Group,False,True,True,True,False,False,True,4,False
fullcontact_811,http://dbpedia.org/resource/NB&T_Financial_Group,True,True,False,False,False,False,True,3,False
fullcontact_812,fullcontact_812,True,True,False,True,False,False,False,3,False
fullcontact_813,fullcontact_813,True,False,True,False,False,True,True,4,False
fullcontact_814,fullcontact_814,True,False,False,True,True,True,True,5,False
fullcontact_815,fullcontact_1394,True,False,False,False,False,False,False,1,False
fullcontact_816,fullcontact_816,True,True,False,True,True,True,True,6,False
fullcontact_817,fullcontact_817,True,True,False,,True,True,True,5,False
fullcontact_818,fullcontact_818,True,True,False,True,True,True,True,6,False
fullcontact_819,fullcontact_819,True,False,False,True,True,True,True,5,False
fullcontact_82,fullcontact_82,True,True,False,True,True,True,True,6,False
fullcontact_820,fullcontact_820,True,False,True,False,False,True,True,4,False
fullcontact_821,fullcontact_821,True,,False,True,True,True,True,5,False
fullcontact_822,fullcontact_822,True,True,True,True,False,True,True,6,False
fullcontact_823,fullcontact_823,False,True,False,True,True,True,True,5,False
fullcontact_826,fullcontact_826,True,True,True,True,True,True,True,7,True
fullcontact_827,fullcontact_827,True,True,False,True,False,True,False,4,False
fullcontact_828,fullcontact_828,True,True,False,True,True,True,True,6,False
fullcontact_829,fullcontact_829,True,,False,,True,True,True,4,False
fullcontact_830,fullcontact_830,True,False,False,False,False,True,True,3,False
fullcontact_831,fullcontact_831,True,False,False,False,False,True,True,3,False
fullcontact_832,fullcontact_832,True,False,False,True,True,False,False,3,False
fullcontact_833,fullcontact_833,True,False,False,True,False,True,True,4,False
fullcontact_835,fullcontact_835,True,True,False,,True,True,True,5,False
fullcontact_836,fullcontact_836,True,False,False,True,True,True,True,5,False
fullcontact_838,fullcontact_838,True,,True,,True,True,True,5,True
fullcontact_839,fullcontact_839,True,True,True,True,True,True,True,7,True
fullcontact_84,fullcontact_84,True,False,True,False,False,True,True,4,False
fullcontact_840,fullcontact_840,True,True,True,True,,True,True,6,True
fullcontact_841,fullcontact_841,True,True,False,True,True,True,True,6,False
fullcontact_842,fullcontact_842,False,False,True,True,False,False,False,2,False
fullcontact_849,fullcontact_849,False,False,True,True,False,False,False,2,False
fullcontact_85,fullcontact_85,True,,True,,True,True,True,5,True
fullcontact_852,fullcontact_852,True,True,True,True,False,True,True,6,False
fullcontact_86,fullcontact_86,True,True,False,True,True,True,True,6,False
fullcontact_860,fullcontact_331,True,True,False,False,False,False,False,2,False
fullcontact_864,fullcontact_864,True,False,False,True,False,True,True,4,False
fullcontact_87,fullcontact_87,True,,False,,True,True,True,4,False
fullcontact_872,fullcontact_872,False,False,False,False,False,False,False,0,False
fullcontact_873,fullcontact_873,False,False,True,True,False,False,False,2,False
fullcontact_876,http://dbpedia.org/resource/Poly_Real_Estate,True,True,True,False,False,True,True,5,False
fullcontact_878,fullcontact_878,False,False,True,True,False,False,False,2,False
fullcontact_879,fullcontact_879,True,True,True,True,True,True,False,6,False
fullcontact_882,http://dbpedia.org/resource/Ormat_Industries,False,True,False,True,False,False,True,3,False
fullcontact_884,fullcontact_884,True,True,True,True,False,False,False,4,False
fullcontact_886,http://dbpedia.org/resource/Snowy_Hydro,False,True,False,False,False,False,True,2,False
fullcontact_888,fullcontact_888,False,True,False,True,False,False,True,3,False
fullcontact_889,http://dbpedia.org/resource/Royal_Mint,False,True,False,False,False,False,False,1,False
fullcontact_89,http://www.forbes.com/companies/link-reit/,True,,True,,True,True,True,5,True
fullcontact_891,fullcontact_891,False,False,False,False,False,False,False,0,False
fullcontact_894,http://dbpedia.org/resource/High_Precision,False,True,False,True,False,False,False,2,False
fullcontact_896,fullcontact_896,False,True,False,True,False,False,False,2,False
fullcontact_897,fullcontact_897,False,False,False,True,False,False,False,1,False
fullcontact_9,fullcontact_9,False,True,True,True,False,False,False,3,False
fullcontact_90,fullcontact_90,True,,False,True,True,True,True,5,False
fullcontact_900,fullcontact_900,True,True,False,True,True,True,True,6,False
fullcontact_902,http://dbpedia.org/resource/Aventine_Renewable_Energy,False,True,True,False,False,False,False,2,False
fullcontact_904,http://dbpedia.org/resource/Sinohydro,True,True,True,True,False,True,True,6,False
fullcontact_908,fullcontact_908,False,False,False,False,False,False,False,0,False
fullcontact_909,fullcontact_909,False,False,True,True,False,False,False,2,False
fullcontact_91,fullcontact_91,True,,False,,True,True,True,4,False
fullcontact_910,fullcontact_910,True,False,False,True,False,False,False,2,False
fullcontact_913,fullcontact_241,True,True,False,False,True,False,False,3,False
fullcontact_914,http://dbpedia.org/resource/Tsingtao_Brewery,True,True,True,True,True,True,True,7,True
fullcontact_915,fullcontact_915,False,False,True,True,False,False,False,2,False
fullcontact_92,fullcontact_92,True,False,False,True,False,False,False,2,False
fullcontact_920,fullcontact_920,False,False,False,False,False,False,False,0,False
fullcontact_923,fullcontact_504,True,False,False,False,True,True,True,4,False
fullcontact_925,fullcontact_1042,True,False,False,False,False,False,False,1,False
fullcontact_926,fullcontact_926,False,False,True,True,False,False,False,2,False
fullcontact_929,fullcontact_929,False,False,True,True,False,False,False,2,False
fullcontact_93,fullcontact_93,True,,False,True,True,True,True,5,False
fullcontact_931,fullcontact_931,True,False,False,True,False,True,True,4,False
fullcontact_933,fullcontact_750,True,False,False,False,False,True,False,2,False
fullcontact_934,http://dbpedia.org/resource/Taiwan_Top50_Tracker_Fund,False,True,False,True,False,False,False,2,False
fullcontact_94,http://dbpedia.org/resource/BoB_and_Partners_Co._Ltd.,False,True,True,False,False,False,False,2,False
fullcontact_941,fullcontact_941,False,False,True,True,False,False,False,2,False
fullcontact_942,fullcontact_89,True,False,False,False,False,False,True,2,False
fullcontact_943,http://dbpedia.org/resource/Fosun_International_Limited,True,True,True,False,False,True,True,5,False
fullcontact_947,fullcontact_947,False,False,False,False,False,False,False,0,False
fullcontact_948,fullcontact_948,True,False,True,False,False,True,True,4,False
fullcontact_949,fullcontact_949,False,False,False,False,False,False,False,0,False
fullcontact_95,fullcontact_95,True,,True,True,True,True,True,6,True
fullcontact_951,fullcontact_951,False,False,True,True,False,False,False,2,False
fullcontact_952,fullcontact_952,False,False,False,True,False,False,False,1,False
fullcontact_96,fullcontact_96,True,True,True,True,False,False,False,4,False
fullcontact_960,fullcontact_960,False,False,True,False,False,False,False,1,False
fullcontact_962,fullcontact_962,False,False,False,,False,False,False,0,False
fullcontact_967,fullcontact_967,False,False,True,True,False,False,False,2,False
fullcontact_968,http://dbpedia.org/resource/Hecla_Mining,True,True,True,True,False,False,False,4,False
fullcontact_97,fullcontact_97,True,False,False,True,False,True,False,3,False
fullcontact_970,http://dbpedia.org/resource/World_Industries,False,True,True,False,False,False,False,2,False
fullcontact_976,http://dbpedia.org/resource/UFP_Technologies,False,True,True,False,False,False,False,2,False
fullcontact_98,fullcontact_98,True,False,False,False,False,True,True,3,False
fullcontact_99,fullcontact_99,False,,False,,False,False,False,0,False
fullcontact_992,fullcontact_992,True,True,False,True,False,True,True,5,False
fullcontact_994,http://dbpedia.org/resource/Daewoo_Shipbuilding_&_Marine_Engineering,False,True,False,True,False,False,True,3,False
fullcontact_996,fullcontact_996,False,False,False,False,False,False,False,0,False
http://dbpedia.org/resource/%C3%87al%C4%B1k_Holding,http://dbpedia.org/resource/%C3%87al%C4%B1k_Holding,False,True,False,True,False,True,False,3,False
http://dbpedia.org/resource/%C3%87ukurova_Holding,http://dbpedia.org/resource/%C3%87ukurova_Holding,False,True,False,True,False,False,False,2,False
http://dbpedia.org/resource/%C5%8Cigawa_Railway,http://dbpedia.org/resource/%C5%8Cigawa_Railway,False,True,True,True,False,False,False,3,False
http://dbpedia.org/resource/A2A,fullcontact_1893,True,False,True,False,False,False,False,2,False
http://dbpedia.org/resource/ABLV_Bank,http://dbpedia.org/resource/ABLV_Bank,False,True,False,True,False,True,False,3,False
http://dbpedia.org/resource/ACE_Limited,fullcontact_51,True,False,True,True,False,False,True,4,False
http://dbpedia.org/resource/AFFCO_Holdings,http://dbpedia.org/resource/AFFCO_Holdings,False,True,False,True,False,False,True,3,False
http://dbpedia.org/resource/ALFA_(Mexico),fullcontact_1054,True,False,True,False,False,True,False,3,False
http://dbpedia.org/resource/ASA_Productions_and_Enterprises,http://dbpedia.org/resource/ASA_Productions_and_Enterprises,False,True,True,True,False,False,False,3,False
http://dbpedia.org/resource/Aareal_Bank,fullcontact_42,True,True,True,True,False,False,True,5,False
http://dbpedia.org/resource/Abu_Dhabi_Commercial_Bank,http://dbpedia.org/resource/Abu_Dhabi_Commercial_Bank,True,True,True,True,False,True,True,6,False
http://dbpedia.org/resource/Abu_Dhabi_Islamic_Bank,http://dbpedia.org/resource/Abu_Dhabi_Islamic_Bank,True,True,True,True,True,True,True,7,True
http://dbpedia.org/resource/Accuracy_International,http://dbpedia.org/resource/Accuracy_International,False,True,True,True,False,False,False,3,False
http://dbpedia.org/resource/Ackermans,http://dbpedia.org/resource/Ackermans,False,True,False,True,False,False,True,3,False
http://dbpedia.org/resource/Adams_Express_Company,http://dbpedia.org/resource/Adams_Express_Company,False,True,True,True,False,False,False,3,False
http://dbpedia.org/resource/Afrimines_Resources,http://dbpedia.org/resource/Afrimines_Resources,False,True,False,True,False,False,False,2,False
http://dbpedia.org/resource/Agile_Property,http://dbpedia.org/resource/Agile_Property,True,True,True,True,False,True,True,6,False
http://dbpedia.org/resource/Aichi_Steel,http://dbpedia.org/resource/Aichi_Steel,False,True,True,True,False,False,True,4,False
http://dbpedia.org/resource/Air_Routing_International,http://dbpedia.org/resource/Air_Routing_International,False,True,True,True,False,False,False,3,False
http://dbpedia.org/resource/Airflow_Developments,http://dbpedia.org/resource/Airflow_Developments,False,True,False,True,False,False,False,2,False
http://dbpedia.org/resource/Aktia_Bank,http://dbpedia.org/resource/Aktia_Bank,False,True,True,True,False,False,True,4,False
http://dbpedia.org/resource/Al_Jazeera_Media_Network,http://dbpedia.org/resource/Al_Jazeera_Media_Network,False,True,True,True,False,False,False,3,False
http://dbpedia.org/resource/Al_Shoula_Group,http://dbpedia.org/resource/Al_Shoula_Group,False,True,True,True,False,False,False,3,False
http://dbpedia.org/resource/Albayrak_Holding,http://dbpedia.org/resource/Albayrak_Holding,False,True,True,True,False,False,False,3,False
http://dbpedia.org/resource/Alinma_Bank,http://dbpedia.org/resource/Alinma_Bank,True,True,True,True,False,True,True,6,False
http://dbpedia.org/resource/Allaire_Iron_Works,http://www.forbes.com/companies/illinois-tool-works/,True,False,False,False,False,False,True,2,False
http://dbpedia.org/resource/American_Honda_Motor_Company,http://dbpedia.org/resource/American_Honda_Motor_Company,False,True,False,True,False,False,False,2,False
http://dbpedia.org/resource/American_LaFrance,http://www.forbes.com/companies/american-natl-ins/,True,False,False,False,False,True,True,3,False
http://dbpedia.org/resource/American_States_Water,http://dbpedia.org/resource/American_States_Water,False,True,True,,False,False,True,3,False
http://dbpedia.org/resource/Amphenol,fullcontact_94,True,True,False,False,True,False,True,4,False
http://dbpedia.org/resource/Andhra_Pragathi_Grameena_Bank,fullcontact_622,True,True,True,True,False,True,True,6,False
http://dbpedia.org/resource/Angang_Steel_Company,fullcontact_1192,True,True,True,True,False,True,True,6,False
http://dbpedia.org/resource/Anheuser-Busch,http://dbpedia.org/resource/Anheuser-Busch,True,True,True,True,True,True,False,6,False
http://dbpedia.org/resource/Anhui_Conch_Cement_Company,http://dbpedia.org/resource/Anhui_Conch_Cement_Company,True,True,True,True,False,True,True,6,False
http://dbpedia.org/resource/Anshan_Iron_&_Steel_Group_Corporation,http://dbpedia.org/resource/Anshan_Iron_&_Steel_Group_Corporation,False,True,True,True,False,False,False,3,False
http://dbpedia.org/resource/Aras_Corp,http://dbpedia.org/resource/Aras_Corp,False,True,False,True,False,False,False,2,False
http://dbpedia.org/resource/Arcadia_Group,http://dbpedia.org/resource/Arcadia_Group,False,True,True,True,False,False,False,3,False
http://dbpedia.org/resource/Art_of_War_Fighting_Championship,http://dbpedia.org/resource/Art_of_War_Fighting_Championship,False,True,True,,False,False,False,2,False
http://dbpedia.org/resource/Asia_Airfreight_Terminal,http://dbpedia.org/resource/Asia_Airfreight_Terminal,False,True,True,True,False,False,False,3,False
http://dbpedia.org/resource/Aspen_Pharmacare,fullcontact_1683,True,False,True,False,False,True,False,3,False
http://dbpedia.org/resource/Atlantia_(company),http://dbpedia.org/resource/Atlantia_(company),True,True,True,True,False,False,False,4,False
http://dbpedia.org/resource/Automotive_Financial_Group,http://dbpedia.org/resource/Automotive_Financial_Group,False,True,False,True,False,False,False,2,False
http://dbpedia.org/resource/Azovstal_Iron_and_Steel_Works,http://dbpedia.org/resource/Azovstal_Iron_and_Steel_Works,False,True,False,True,False,False,False,2,False
http://dbpedia.org/resource/B&N_Bank,http://dbpedia.org/resource/B&N_Bank,False,True,False,True,False,True,False,3,False
http://dbpedia.org/resource/BELIMO_Holding_AG,http://dbpedia.org/resource/BELIMO_Holding_AG,False,True,True,True,False,False,True,4,False
http://dbpedia.org/resource/BOC_Hong_Kong_(Holdings),http://dbpedia.org/resource/BOC_Hong_Kong_(Holdings),False,True,False,True,False,False,False,2,False
http://dbpedia.org/resource/BTA_Bank,http://dbpedia.org/resource/BTA_Bank,True,True,True,True,False,False,True,5,False
http://dbpedia.org/resource/BTS_Group_Holdings,http://dbpedia.org/resource/BTS_Group_Holdings,False,True,True,True,False,False,False,3,False
http://dbpedia.org/resource/Bajaj_Group,http://dbpedia.org/resource/Bajaj_Group,False,True,True,True,False,False,False,3,False
http://dbpedia.org/resource/Balfour_Beatty_Construction,http://dbpedia.org/resource/Balfour_Beatty_Construction,True,True,False,,True,True,False,4,False
http://dbpedia.org/resource/Banca_Popolare_dell'Emilia_Romagna,http://dbpedia.org/resource/Banca_Popolare_dell'Emilia_Romagna,True,True,True,True,False,True,False,5,False
http://dbpedia.org/resource/Banco_AV_Villas,http://dbpedia.org/resource/Banco_AV_Villas,False,True,False,,False,False,False,1,False
http://dbpedia.org/resource/Banco_Bilbao_Vizcaya_Argentaria,http://dbpedia.org/resource/Banco_Bilbao_Vizcaya_Argentaria,True,True,True,True,False,False,True,5,False
http://dbpedia.org/resource/Banco_Etcheverr%C3%ADa,http://dbpedia.org/resource/Banco_Etcheverr%C3%ADa,False,True,True,True,False,False,False,3,False
http://dbpedia.org/resource/Banco_Intercontinental,http://dbpedia.org/resource/Banco_Intercontinental,False,True,False,,False,False,False,1,False
http://dbpedia.org/resource/Banco_Ita%C3%BA_Chile,fullcontact_1702,False,False,True,False,False,False,False,1,False
http://dbpedia.org/resource/Banco_Santander_Totta,http://dbpedia.org/resource/Banco_Santander_Totta,False,True,True,True,False,False,False,3,False
http://dbpedia.org/resource/Banco_de_Bogot%C3%A1,http://dbpedia.org/resource/Banco_de_Bogot%C3%A1,False,True,True,True,False,True,True,5,False
http://dbpedia.org/resource/Banco_do_Brasil,http://dbpedia.org/resource/Banco_do_Brasil,True,True,True,True,False,False,False,4,False
http://dbpedia.org/resource/Bandai_Namco_Holdings,http://dbpedia.org/resource/Bandai_Namco_Holdings,False,True,True,True,False,True,True,5,False
http://dbpedia.org/resource/Bank_Handlowy,http://dbpedia.org/resource/Bank_Handlowy,False,True,False,,False,False,False,1,False
http://dbpedia.org/resource/Bank_Leumi,fullcontact_162,True,False,True,True,False,True,False,4,False
http://dbpedia.org/resource/Bank_Mizrahi-Tefahot,http://www.forbes.com/companies/bank-hapoalim/,True,False,True,False,True,True,False,4,False
http://dbpedia.org/resource/Bank_of_Beijing,http://dbpedia.org/resource/Bank_of_Beijing,True,True,True,True,False,True,True,6,False
http://dbpedia.org/resource/Bank_of_Commerce,http://dbpedia.org/resource/Bank_of_Commerce,True,True,True,True,False,False,True,5,False
http://dbpedia.org/resource/Bank_of_Jordan,http://dbpedia.org/resource/Bank_of_Jordan,False,True,True,True,False,False,False,3,False
http://dbpedia.org/resource/Bank_of_Khyber,http://dbpedia.org/resource/Bank_of_Khyber,False,True,False,True,False,False,True,3,False
http://dbpedia.org/resource/Bank_of_Singapore,http://dbpedia.org/resource/Bank_of_Singapore,False,True,False,,False,True,False,2,False
http://dbpedia.org/resource/Bank_of_Taizhou,fullcontact_1087,True,False,True,False,False,True,True,4,False
http://dbpedia.org/resource/Bank_of_Yokohama,http://dbpedia.org/resource/Bank_of_Yokohama,True,True,True,True,False,True,True,6,False
http://dbpedia.org/resource/Bao_Viet_Holdings,http://dbpedia.org/resource/Bao_Viet_Holdings,False,True,False,True,False,False,True,3,False
http://dbpedia.org/resource/Baotou_Steel,http://dbpedia.org/resource/Baotou_Steel,True,True,True,True,False,True,True,6,False
http://dbpedia.org/resource/Barwa_Group,http://dbpedia.org/resource/Barwa_Group,False,True,True,True,False,True,False,4,False
http://dbpedia.org/resource/Berkshire_Hathaway,fullcontact_1217,True,True,False,True,False,False,True,4,False
http://dbpedia.org/resource/Bharat_Heavy_Electricals,http://dbpedia.org/resource/Bharat_Heavy_Electricals,True,True,True,True,False,True,True,6,False
http://dbpedia.org/resource/Bombay_Realty,http://dbpedia.org/resource/Bombay_Realty,False,True,False,True,False,False,False,2,False
http://dbpedia.org/resource/Breakwater_Resources,http://dbpedia.org/resource/Breakwater_Resources,False,True,True,True,False,False,False,3,False
http://dbpedia.org/resource/Bresnan_Communications,http://dbpedia.org/resource/Bresnan_Communications,False,True,True,True,False,False,False,3,False
http://dbpedia.org/resource/Bridgecorp_Holdings,http://dbpedia.org/resource/Bridgecorp_Holdings,False,True,True,True,False,False,False,3,False
http://dbpedia.org/resource/Briggs_Automotive_Company,http://dbpedia.org/resource/Briggs_Automotive_Company,False,True,True,True,False,False,False,3,False
http://dbpedia.org/resource/BrightSource_Energy,http://dbpedia.org/resource/BrightSource_Energy,False,True,True,True,False,False,False,3,False
http://dbpedia.org/resource/British_Tanker_Company,http://dbpedia.org/resource/British_Tanker_Company,False,True,False,,False,False,False,1,False
http://dbpedia.org/resource/Bunnell_Incorporated,http://dbpedia.org/resource/Bunnell_Incorporated,False,True,True,,False,False,False,2,False
http://dbpedia.org/resource/Butterfield_Bank,http://dbpedia.org/resource/Butterfield_Bank,False,True,False,True,False,False,False,2,False
http://dbpedia.org/resource/Buw_Holding,http://dbpedia.org/resource/Buw_Holding,False,True,False,True,False,False,False,2,False
http://dbpedia.org/resource/CEC_Bank,http://dbpedia.org/resource/CEC_Bank,False,True,False,True,False,True,True,4,False
http://dbpedia.org/resource/CGI_Group,fullcontact_1207,True,True,True,True,False,False,False,4,False
http://dbpedia.org/resource/CITIC_1616_Holdings,http://dbpedia.org/resource/CITIC_1616_Holdings,False,True,True,True,False,False,False,3,False
http://dbpedia.org/resource/CITIC_Securities,fullcontact_853,True,False,True,False,False,True,True,4,False
http://dbpedia.org/resource/CNOOC_Limited,http://dbpedia.org/resource/CNOOC_Limited,True,True,True,True,True,True,True,7,True
http://dbpedia.org/resource/COSCO_International_Holdings,http://dbpedia.org/resource/COSCO_International_Holdings,False,True,False,True,False,False,False,2,False
http://dbpedia.org/resource/CPFL_Energia,http://dbpedia.org/resource/CPFL_Energia,True,True,True,True,False,True,False,5,False
http://dbpedia.org/resource/CPI_International,http://dbpedia.org/resource/CPI_International,False,True,True,True,False,False,True,4,False
http://dbpedia.org/resource/CP_ALL,fullcontact_1583,True,True,True,True,False,True,True,6,False
http://dbpedia.org/resource/CSG_Holding,http://dbpedia.org/resource/CSG_Holding,False,True,True,True,False,False,False,3,False
http://dbpedia.org/resource/CTBC_Bank,http://dbpedia.org/resource/CTBC_Bank,False,True,False,True,False,False,False,2,False
http://dbpedia.org/resource/CVR_Partners,http://dbpedia.org/resource/CVR_Partners,False,True,True,,False,False,True,3,False
http://dbpedia.org/resource/Caltex_Woolworths,http://dbpedia.org/resource/Caltex_Woolworths,False,True,True,True,False,False,False,3,False
http://dbpedia.org/resource/Canadian_Co-operative_Association,http://dbpedia.org/resource/Canadian_Co-operative_Association,False,True,True,True,False,False,False,3,False
http://dbpedia.org/resource/Canadian_General_Electric,http://dbpedia.org/resource/Lloyds_Bank_of_Canada,True,False,True,False,True,True,True,5,False
http://dbpedia.org/resource/Canadian_Solar,http://dbpedia.org/resource/Canadian_Solar,False,True,True,True,False,False,True,4,False
http://dbpedia.org/resource/Catamaran_Corporation,fullcontact_1781,True,False,False,False,False,False,False,1,False
http://dbpedia.org/resource/Central_Organisation_for_Railway_Electrification,http://dbpedia.org/resource/Central_Organisation_for_Railway_Electrification,False,True,True,True,False,False,False,3,False
http://dbpedia.org/resource/Central_Record_de_Comunica%C3%A7%C3%A3o,http://dbpedia.org/resource/Central_Record_de_Comunica%C3%A7%C3%A3o,False,True,True,True,False,False,False,3,False
http://dbpedia.org/resource/Champion_Energy,http://dbpedia.org/resource/Champion_Energy,False,True,True,True,,False,False,3,False
http://dbpedia.org/resource/Chang'an_Automobile_Group,http://dbpedia.org/resource/Chang'an_Automobile_Group,False,True,True,True,False,False,False,3,False
http://dbpedia.org/resource/Chang_Hwa_Bank,fullcontact_1820,True,False,True,True,False,True,False,4,False
http://dbpedia.org/resource/Changhong,http://dbpedia.org/resource/Changhong,True,True,True,True,,True,True,6,True
http://dbpedia.org/resource/Charles_&_Keith,http://dbpedia.org/resource/Charles_&_Keith,False,True,False,,False,False,False,1,False
http://dbpedia.org/resource/Charm_Communications,http://dbpedia.org/resource/Charm_Communications,False,True,True,,False,False,True,3,False
http://dbpedia.org/resource/Chase_Aircraft,http://dbpedia.org/resource/Chase_Aircraft,False,True,True,True,False,False,False,3,False
http://dbpedia.org/resource/Chess_Communication,http://dbpedia.org/resource/Chess_Communication,False,True,False,True,False,False,True,3,False
http://dbpedia.org/resource/Cheung_Kong_Infrastructure_Holdings,http://dbpedia.org/resource/Cheung_Kong_Infrastructure_Holdings,True,True,True,True,False,True,True,6,False
http://dbpedia.org/resource/Chevy_Chase_Bank,http://dbpedia.org/resource/Chevy_Chase_Bank,False,True,False,True,False,True,False,3,False
http://dbpedia.org/resource/Chickenfeed_(retail_chain),http://dbpedia.org/resource/Chickenfeed_(retail_chain),False,True,True,,False,False,False,2,False
http://dbpedia.org/resource/Chicony_Electronics,http://dbpedia.org/resource/Chicony_Electronics,False,True,False,True,False,False,False,2,False
http://dbpedia.org/resource/China_Agri-Industries_Holdings,http://dbpedia.org/resource/China_Agri-Industries_Holdings,False,True,False,True,False,False,False,2,False
http://dbpedia.org/resource/China_BlueChemical,http://dbpedia.org/resource/China_BlueChemical,False,True,False,True,False,False,False,2,False
http://dbpedia.org/resource/China_CITIC_Bank,http://dbpedia.org/resource/China_CITIC_Bank,True,True,True,True,False,True,True,6,False
http://dbpedia.org/resource/China_COSCO,fullcontact_1966,True,False,True,False,False,True,False,3,False
http://dbpedia.org/resource/China_Communications_Construction,http://dbpedia.org/resource/China_Communications_Construction,True,True,True,True,False,True,True,6,False
http://dbpedia.org/resource/China_Construction_Bank,http://dbpedia.org/resource/China_Construction_Bank,True,True,True,True,False,True,True,6,False
http://dbpedia.org/resource/China_Dongxiang,http://dbpedia.org/resource/China_Dongxiang,False,True,True,True,False,False,False,3,False
http://dbpedia.org/resource/China_International_Marine_Containers,http://dbpedia.org/resource/China_International_Marine_Containers,True,True,True,True,False,True,False,5,False
http://dbpedia.org/resource/China_Life_Insurance_Company,http://dbpedia.org/resource/China_Life_Insurance_Company,True,True,True,True,False,True,True,6,False
http://dbpedia.org/resource/China_Life_Insurance_Company_(Taiwan),http://dbpedia.org/resource/China_Life_Insurance_Company_(Taiwan),True,True,True,True,False,True,True,6,False
http://dbpedia.org/resource/China_Merchants_Bank,http://dbpedia.org/resource/China_Merchants_Bank,True,True,True,True,False,True,True,6,False
http://dbpedia.org/resource/China_Merchants_Energy_Shipping,http://dbpedia.org/resource/China_Merchants_Energy_Shipping,False,True,True,True,False,False,False,3,False
http://dbpedia.org/resource/China_Merchants_Holdings_(International),http://dbpedia.org/resource/China_Merchants_Holdings_(International),True,True,True,True,False,True,True,6,False
http://dbpedia.org/resource/China_Merchants_Property,http://dbpedia.org/resource/China_Merchants_Property,True,True,True,True,False,True,True,6,False
http://dbpedia.org/resource/China_Metallurgical_Group_Corporation,http://dbpedia.org/resource/China_Metallurgical_Group_Corporation,False,True,True,True,False,False,False,3,False
http://dbpedia.org/resource/China_Minmetals,http://www.forbes.com/companies/china-mengniu-dairy/,True,False,True,False,False,True,False,3,False
http://dbpedia.org/resource/China_National_Materials_Group_Corporation,http://dbpedia.org/resource/China_National_Materials_Group_Corporation,True,True,True,True,False,True,False,5,False
http://dbpedia.org/resource/China_National_Petroleum_Corporation,http://dbpedia.org/resource/China_National_Petroleum_Corporation,False,True,True,True,False,True,True,5,False
http://dbpedia.org/resource/China_Pacific_Insurance,fullcontact_1644,True,True,True,False,False,True,True,5,False
http://dbpedia.org/resource/China_Railway_Construction_Corporation,http://dbpedia.org/resource/China_Railway_Construction_Corporation,True,True,True,True,False,True,True,6,False
http://dbpedia.org/resource/China_Resources_Cement,http://dbpedia.org/resource/China_Resources_Cement,False,True,False,True,False,False,False,2,False
http://dbpedia.org/resource/China_Resources_Land,fullcontact_968,True,True,True,True,False,True,True,6,False
http://dbpedia.org/resource/China_SCE_Property,fullcontact_1115,True,False,True,False,False,True,True,4,False
http://dbpedia.org/resource/China_Sandi_Holdings,http://dbpedia.org/resource/China_Sandi_Holdings,False,True,True,True,False,False,False,3,False
http://dbpedia.org/resource/China_Shenhua_Energy_Company,fullcontact_882,True,True,True,False,False,True,True,5,False
http://dbpedia.org/resource/China_Shipbuilding_Industry_Corporation,http://dbpedia.org/resource/China_Shipbuilding_Industry_Corporation,True,True,True,True,False,True,True,6,False
http://dbpedia.org/resource/China_Shipping_Development,http://dbpedia.org/resource/China_Shipping_Development,False,True,True,True,False,False,False,3,False
http://dbpedia.org/resource/China_Shipping_Group,http://dbpedia.org/resource/China_Shipping_Group,False,True,True,True,False,False,False,3,False
http://dbpedia.org/resource/China_Southern_Power_Grid_Company,http://dbpedia.org/resource/China_Southern_Power_Grid_Company,False,True,True,True,False,False,False,3,False
http://dbpedia.org/resource/China_State_Construction_Engineering,http://dbpedia.org/resource/China_State_Construction_Engineering,True,True,True,True,False,True,True,6,False
http://dbpedia.org/resource/China_State_Construction_International_Holdings,http://dbpedia.org/resource/China_State_Construction_International_Holdings,False,True,False,True,False,False,False,2,False
http://dbpedia.org/resource/China_Taiping,http://www.forbes.com/companies/china-eastern-airlines/,True,False,True,False,False,True,True,4,False
http://dbpedia.org/resource/China_Yangtze_Power,http://dbpedia.org/resource/China_Yangtze_Power,True,True,True,True,False,True,True,6,False
http://dbpedia.org/resource/China_Zhongwang,http://dbpedia.org/resource/China_Zhongwang,False,True,True,True,False,False,False,3,False
http://dbpedia.org/resource/Chongqing_Iron_and_Steel_Company,http://dbpedia.org/resource/Chongqing_Iron_and_Steel_Company,False,True,True,True,False,False,False,3,False
http://dbpedia.org/resource/Christmas_Tree_Shops,http://dbpedia.org/resource/Christmas_Tree_Shops,False,True,True,True,False,False,False,3,False
http://dbpedia.org/resource/Christopher_&_Banks,http://dbpedia.org/resource/Christopher_&_Banks,False,True,True,True,False,False,False,3,False
http://dbpedia.org/resource/Ciner_Holding,http://dbpedia.org/resource/Ciner_Holding,False,True,False,True,False,False,False,2,False
http://dbpedia.org/resource/Clariant_Chemicals,http://dbpedia.org/resource/Clariant_Chemicals,False,True,False,True,False,False,False,2,False
http://dbpedia.org/resource/Coca-Cola_Amatil,http://dbpedia.org/resource/Coca-Cola_Amatil,False,True,False,True,False,False,True,3,False
http://dbpedia.org/resource/Cognet_de_Seynes,http://dbpedia.org/resource/Cognet_de_Seynes,False,True,True,True,False,False,False,3,False
http://dbpedia.org/resource/Colonial_Bank,http://dbpedia.org/resource/Colonial_Bank,False,True,False,True,False,True,False,3,False
http://dbpedia.org/resource/Colruyt_(supermarket),fullcontact_1368,True,True,True,False,True,True,False,5,False
http://dbpedia.org/resource/Comcast_Spectacor,http://dbpedia.org/resource/Comcast_Spectacor,False,True,True,True,False,False,False,3,False
http://dbpedia.org/resource/Commercial_Bank_Cameroon,http://dbpedia.org/resource/Commercial_Bank_Cameroon,False,True,False,True,False,True,False,3,False
http://dbpedia.org/resource/Corgi_International,http://dbpedia.org/resource/Corgi_International,False,True,False,True,False,False,False,2,False
http://dbpedia.org/resource/Cosmo_(restaurant),http://dbpedia.org/resource/Cosmo_(restaurant),False,True,False,True,False,False,False,2,False
http://dbpedia.org/resource/Cummins-W%C3%A4rtsil%C3%A4,http://dbpedia.org/resource/Cummins-W%C3%A4rtsil%C3%A4,False,True,False,,False,False,False,1,False
http://dbpedia.org/resource/Curtis_Australia,http://dbpedia.org/resource/Curtis_Australia,False,True,True,,False,False,False,2,False
http://dbpedia.org/resource/Cyprus_Popular_Bank,fullcontact_1665,True,False,True,False,False,False,False,2,False
http://dbpedia.org/resource/D._Medical_Industries,http://dbpedia.org/resource/D._Medical_Industries,False,True,False,True,False,False,True,3,False
http://dbpedia.org/resource/DHB_Bank,http://dbpedia.org/resource/DHB_Bank,False,True,True,True,False,False,False,3,False
http://dbpedia.org/resource/DMI_Trust,http://dbpedia.org/resource/DMI_Trust,False,True,False,,False,False,True,2,False
http://dbpedia.org/resource/Dachan_Food_(Asia),http://dbpedia.org/resource/Dachan_Food_(Asia),False,True,True,True,False,False,False,3,False
http://dbpedia.org/resource/Dai-Ichi_Kangyo_Bank,http://dbpedia.org/resource/Dai-Ichi_Kangyo_Bank,False,True,True,True,False,False,False,3,False
http://dbpedia.org/resource/Dai-ichi_Life,http://dbpedia.org/resource/Dai-ichi_Life,True,True,True,True,False,False,False,4,False
http://dbpedia.org/resource/Daiichi_Kosho_Company,http://dbpedia.org/resource/Daiichi_Kosho_Company,False,True,True,True,False,False,False,3,False
http://dbpedia.org/resource/Dana_Gas,http://dbpedia.org/resource/Dana_Gas,False,True,False,True,False,False,False,2,False
http://dbpedia.org/resource/Datang_International_Power_Generation_Company,http://dbpedia.org/resource/Datang_International_Power_Generation_Company,True,True,True,True,False,True,True,6,False
http://dbpedia.org/resource/Datang_Telecom,http://dbpedia.org/resource/Datang_Telecom,False,True,True,True,False,False,True,4,False
http://dbpedia.org/resource/Datong_Coal_Industry_Company_Limited,http://dbpedia.org/resource/Datong_Coal_Industry_Company_Limited,False,True,True,True,False,False,False,3,False
http://dbpedia.org/resource/Davivienda,http://dbpedia.org/resource/Davivienda,True,True,True,True,False,False,False,4,False
http://dbpedia.org/resource/Delta_Caf%C3%A9s,http://dbpedia.org/resource/Delta_Caf%C3%A9s,False,True,False,True,False,False,False,2,False
http://dbpedia.org/resource/Delta_Electronics,fullcontact_1147,True,True,True,,True,True,True,6,True
http://dbpedia.org/resource/Delta_Holding,http://dbpedia.org/resource/Delta_Holding,False,True,False,True,False,True,True,4,False
http://dbpedia.org/resource/Dia_(supermarket_chain),fullcontact_934,True,False,True,True,False,True,False,4,False
http://dbpedia.org/resource/Diamond_City_(shopping_centers),http://dbpedia.org/resource/Diamond_City_(shopping_centers),False,True,True,,False,False,False,2,False
http://dbpedia.org/resource/Direct_Line,http://dbpedia.org/resource/Direct_Line,True,True,False,True,False,True,True,5,False
http://dbpedia.org/resource/Do%C4%9Fu%C5%9F_Holding,http://dbpedia.org/resource/Do%C4%9Fu%C5%9F_Holding,False,True,False,True,False,False,False,2,False
http://dbpedia.org/resource/Dongfeng_Motor,http://dbpedia.org/resource/Dongfeng_Motor,True,True,True,True,False,True,False,5,False
http://dbpedia.org/resource/Dover_Corporation,fullcontact_1921,True,True,False,True,False,True,True,5,False
http://dbpedia.org/resource/Dubai_Banking_Group,http://dbpedia.org/resource/Dubai_Banking_Group,False,True,True,,False,False,False,2,False
http://dbpedia.org/resource/Dubai_Holding,http://dbpedia.org/resource/Dubai_Holding,False,True,False,True,False,False,True,3,False
http://dbpedia.org/resource/E-mart,http://dbpedia.org/resource/E-mart,True,True,True,True,True,True,True,7,True
http://dbpedia.org/resource/E.ON_Russia,fullcontact_1472,True,False,False,False,False,True,False,2,False
http://dbpedia.org/resource/E.SUN_Commercial_Bank,http://dbpedia.org/resource/E.SUN_Commercial_Bank,False,True,False,True,False,False,False,2,False
http://dbpedia.org/resource/Ebco_Industries,http://dbpedia.org/resource/Ebco_Industries,False,True,False,True,False,False,False,2,False
http://dbpedia.org/resource/Echizen_Railway,http://dbpedia.org/resource/Echizen_Railway,False,True,True,True,False,False,False,3,False
http://dbpedia.org/resource/Edwards_(vacuum),http://dbpedia.org/resource/Edwards_(vacuum),False,True,False,True,False,False,False,2,False
http://dbpedia.org/resource/Eko_India_Financial_Services,http://dbpedia.org/resource/Eko_India_Financial_Services,False,True,False,True,False,False,False,2,False
http://dbpedia.org/resource/Energias_de_Portugal,http://dbpedia.org/resource/Energias_de_Portugal,True,True,True,True,False,False,False,4,False
http://dbpedia.org/resource/Energy_Brands,http://dbpedia.org/resource/Energy_Brands,False,True,True,True,False,False,True,4,False
http://dbpedia.org/resource/English_Indian_Clays,http://dbpedia.org/resource/English_Indian_Clays,False,True,True,True,False,False,False,3,False
http://dbpedia.org/resource/Enzon_Pharmaceuticals,http://dbpedia.org/resource/Enzon_Pharmaceuticals,False,True,True,True,False,False,False,3,False
http://dbpedia.org/resource/Equinox_Minerals,http://dbpedia.org/resource/Equinox_Minerals,False,True,True,True,False,False,True,4,False
http://dbpedia.org/resource/Erie_Plating_Company,http://dbpedia.org/resource/Erie_Plating_Company,False,True,True,True,False,False,False,3,False
http://dbpedia.org/resource/Europapress_Holding,http://dbpedia.org/resource/Europapress_Holding,False,True,False,True,False,False,False,2,False
http://dbpedia.org/resource/Everbright,http://dbpedia.org/resource/Everbright,True,True,True,True,True,True,True,7,True
http://dbpedia.org/resource/Evergrande_Real_Estate_Group,http://dbpedia.org/resource/Evergrande_Real_Estate_Group,True,True,True,True,False,True,True,6,False
http://dbpedia.org/resource/Evergreen_Marine,http://dbpedia.org/resource/Evergreen_Marine,False,True,False,True,False,False,True,3,False
http://dbpedia.org/resource/Exel_NA_Industrial,http://dbpedia.org/resource/Exel_NA_Industrial,False,True,False,True,False,False,False,2,False
http://dbpedia.org/resource/Extell_Development_Company,http://dbpedia.org/resource/Extell_Development_Company,False,True,False,True,False,False,False,2,False
http://dbpedia.org/resource/FSE_Engineering_Group,http://dbpedia.org/resource/FSE_Engineering_Group,False,True,True,True,,False,True,4,False
http://dbpedia.org/resource/Fantasia_Holdings,http://dbpedia.org/resource/Fantasia_Holdings,False,True,True,True,False,False,False,3,False
http://dbpedia.org/resource/Farmers_Insurance_Group,http://dbpedia.org/resource/Farmers_Insurance_Group,False,True,True,True,False,False,False,3,False
http://dbpedia.org/resource/Fighting_and_Entertainment_Group,http://dbpedia.org/resource/Fighting_and_Entertainment_Group,False,True,True,True,False,False,False,3,False
http://dbpedia.org/resource/Financial_Street_Holding,fullcontact_1079,True,False,True,True,False,True,True,5,False
http://dbpedia.org/resource/First_Calgary_Financial,http://dbpedia.org/resource/First_Calgary_Financial,False,True,True,True,False,True,True,5,False
http://dbpedia.org/resource/First_International_Computer,http://dbpedia.org/resource/First_International_Computer,False,True,False,True,False,False,False,2,False
http://dbpedia.org/resource/Fletcher_Construction,http://dbpedia.org/resource/Fletcher_Construction,False,True,False,True,False,False,False,2,False
http://dbpedia.org/resource/Franklin_(automobile),http://dbpedia.org/resource/Franklin_(automobile),False,True,True,True,False,False,False,3,False
http://dbpedia.org/resource/Freeport-McMoRan,fullcontact_1034,True,True,False,False,False,False,False,2,False
http://dbpedia.org/resource/Fuji_Bank,fullcontact_1513,True,False,True,False,False,True,True,4,False
http://dbpedia.org/resource/Fukui_Railway,http://dbpedia.org/resource/Fukui_Railway,False,True,True,True,False,True,True,5,False
http://dbpedia.org/resource/GD_Power_Development_Company,http://dbpedia.org/resource/GD_Power_Development_Company,True,True,True,True,False,True,True,6,False
http://dbpedia.org/resource/GM_Korea,http://dbpedia.org/resource/GM_Korea,False,True,False,True,False,False,False,2,False
http://dbpedia.org/resource/GPI_Holding,http://dbpedia.org/resource/GPI_Holding,False,True,False,True,False,False,False,2,False
http://dbpedia.org/resource/Galbraith_supermarkets,http://dbpedia.org/resource/Galbraith_supermarkets,False,True,False,True,False,False,False,2,False
http://dbpedia.org/resource/Garanti_Bank,http://dbpedia.org/resource/Garanti_Bank,True,True,True,True,False,False,True,5,False
http://dbpedia.org/resource/Gartmore_Group,http://dbpedia.org/resource/Gartmore_Group,False,True,False,True,False,False,True,3,False
http://dbpedia.org/resource/Gate_City_Bank,http://dbpedia.org/resource/Gate_City_Bank,False,True,True,True,False,False,False,3,False
http://dbpedia.org/resource/Gazprom_EP_International_B.V.,http://dbpedia.org/resource/Gazprom_EP_International_B.V.,False,True,True,True,False,False,False,3,False
http://dbpedia.org/resource/GenOn_Energy,http://dbpedia.org/resource/GenOn_Energy,False,True,True,True,False,False,False,3,False
http://dbpedia.org/resource/Geniki_Bank,http://dbpedia.org/resource/Geniki_Bank,False,True,True,True,False,False,False,3,False
http://dbpedia.org/resource/Gentec_International,http://dbpedia.org/resource/Gentec_International,False,True,True,True,False,False,False,3,False
http://dbpedia.org/resource/George_Weston_Limited,fullcontact_1312,True,False,True,True,False,True,False,4,False
http://dbpedia.org/resource/GlaxoSmithKline_Pharmaceuticals_Ltd,http://dbpedia.org/resource/GlaxoSmithKline_Pharmaceuticals_Ltd,True,True,False,True,False,True,True,5,False
http://dbpedia.org/resource/Glorious_Property_Holdings,http://dbpedia.org/resource/Glorious_Property_Holdings,False,True,False,True,False,False,False,2,False
http://dbpedia.org/resource/Gojo_Industries,http://dbpedia.org/resource/Gojo_Industries,False,True,False,True,False,False,True,3,False
http://dbpedia.org/resource/Golden_Corral,http://dbpedia.org/resource/Golden_Corral,False,True,False,True,False,False,True,3,False
http://dbpedia.org/resource/Gothong_Lines,http://dbpedia.org/resource/Gothong_Lines,False,True,False,True,False,False,False,2,False
http://dbpedia.org/resource/Graub%C3%BCndner_Kantonalbank,http://dbpedia.org/resource/Graub%C3%BCndner_Kantonalbank,False,True,True,True,False,False,False,3,False
http://dbpedia.org/resource/GreatPoint_Energy,http://dbpedia.org/resource/GreatPoint_Energy,False,True,True,True,False,False,False,3,False
http://dbpedia.org/resource/Great_Wall_Motors,fullcontact_1573,True,True,True,False,False,True,True,5,False
http://dbpedia.org/resource/Gree_Electric,fullcontact_1158,True,False,True,False,False,True,False,3,False
http://dbpedia.org/resource/Greentown_China,fullcontact_1636,True,False,True,False,False,True,True,4,False
http://dbpedia.org/resource/Groupe_Banque_Populaire,http://dbpedia.org/resource/Groupe_Banque_Populaire,False,True,False,,False,False,False,1,False
http://dbpedia.org/resource/Grupa_Lotos,http://dbpedia.org/resource/Grupa_Lotos,False,True,True,True,False,True,False,4,False
http://dbpedia.org/resource/Grupo_Aeroportuario_Centro_Norte,http://dbpedia.org/resource/Grupo_Aeroportuario_Centro_Norte,False,True,True,True,False,False,True,4,False
http://dbpedia.org/resource/Grupo_Aeroportuario_del_Pac%C3%ADfico,http://dbpedia.org/resource/Grupo_Aeroportuario_del_Pac%C3%ADfico,False,True,True,True,False,False,True,4,False
http://dbpedia.org/resource/Grupo_Calvo,fullcontact_1162,True,False,True,False,False,True,False,3,False
http://dbpedia.org/resource/Grupo_Cartes,http://dbpedia.org/resource/Grupo_Cartes,False,True,False,True,False,False,False,2,False
http://dbpedia.org/resource/Grupo_Financiero_Banamex,http://dbpedia.org/resource/Grupo_Financiero_Banamex,False,True,True,True,False,True,True,5,False
http://dbpedia.org/resource/Guangdong_Investment,http://dbpedia.org/resource/Guangdong_Investment,True,True,True,True,False,True,True,6,False
http://dbpedia.org/resource/Guangzhou_Pharmaceuticals,http://dbpedia.org/resource/Guangzhou_Pharmaceuticals,False,True,True,True,False,False,True,4,False
http://dbpedia.org/resource/Guangzhou_Shipyard_International,http://dbpedia.org/resource/Guangzhou_Shipyard_International,False,True,True,True,False,False,False,3,False
http://dbpedia.org/resource/Guosen_Securities,http://dbpedia.org/resource/Guosen_Securities,False,True,True,True,False,False,True,4,False
http://dbpedia.org/resource/HMS_Holdings,http://dbpedia.org/resource/HMS_Holdings,False,True,True,True,False,False,False,3,False
http://dbpedia.org/resource/Haima_Automobile,http://dbpedia.org/resource/Haima_Automobile,False,True,True,True,False,False,True,4,False
http://dbpedia.org/resource/Haitong_Securities,http://dbpedia.org/resource/Haitong_Securities,True,True,True,True,False,True,True,6,False
http://dbpedia.org/resource/Hana_Micron,http://dbpedia.org/resource/Hana_Micron,False,True,False,True,False,True,True,4,False
http://dbpedia.org/resource/Hang_Lung_Properties,http://dbpedia.org/resource/Hang_Lung_Properties,False,True,True,True,False,False,False,3,False
http://dbpedia.org/resource/Hanwha_Life_Insurance,http://dbpedia.org/resource/Hanwha_Life_Insurance,True,True,True,,True,False,False,4,False
http://dbpedia.org/resource/Harbin_Power_Equipment,http://dbpedia.org/resource/Harbin_Power_Equipment,False,True,True,True,False,False,False,3,False
http://dbpedia.org/resource/Harbour_Centre_Development,http://dbpedia.org/resource/Harbour_Centre_Development,False,True,True,True,False,False,False,3,False
http://dbpedia.org/resource/Harrods_Bank,http://dbpedia.org/resource/Harrods_Bank,False,True,False,True,False,False,False,2,False
http://dbpedia.org/resource/Hathor_Exploration,http://dbpedia.org/resource/Hathor_Exploration,False,True,True,True,False,False,False,3,False
http://dbpedia.org/resource/Heartland_Bank,http://dbpedia.org/resource/Heartland_Bank,False,True,True,True,False,True,False,4,False
http://dbpedia.org/resource/Heavy_Industries_Taxila,http://dbpedia.org/resource/Heavy_Industries_Taxila,False,True,False,True,False,False,False,2,False
http://dbpedia.org/resource/Hebei_Iron_and_Steel,http://dbpedia.org/resource/Hebei_Iron_and_Steel,True,True,True,True,False,True,False,5,False
http://dbpedia.org/resource/Hellenic_Petroleum,http://dbpedia.org/resource/Hellenic_Petroleum,True,True,True,True,False,False,False,4,False
http://dbpedia.org/resource/Hellenic_Post,http://dbpedia.org/resource/Hellenic_Post,True,True,True,True,False,True,False,5,False
http://dbpedia.org/resource/Hengan_International,http://dbpedia.org/resource/Hengan_International,True,True,True,True,False,True,True,6,False
http://dbpedia.org/resource/Herstal_Group,http://dbpedia.org/resource/Herstal_Group,False,True,True,True,False,False,False,3,False
http://dbpedia.org/resource/Hip_Hing_Construction,http://dbpedia.org/resource/Hip_Hing_Construction,False,True,True,True,False,False,False,3,False
http://dbpedia.org/resource/Hokkaido_Bank,http://dbpedia.org/resource/Hokkaido_Bank,False,True,True,True,False,True,False,4,False
http://dbpedia.org/resource/Hokuriku_Electric_Power_Company,http://www.forbes.com/companies/hokkaido-electric-power/,True,False,True,False,True,False,False,3,False
http://dbpedia.org/resource/Home_Capital_Group,http://dbpedia.org/resource/Home_Capital_Group,False,True,False,True,False,False,False,2,False
http://dbpedia.org/resource/Hong_Kong_CSL_Limited,http://dbpedia.org/resource/Hong_Kong_CSL_Limited,False,True,True,True,False,False,False,3,False
http://dbpedia.org/resource/Hong_Kong_Ferry,http://dbpedia.org/resource/Hong_Kong_Ferry,False,True,False,True,False,False,False,2,False
http://dbpedia.org/resource/Hongyuan_Securities,http://dbpedia.org/resource/Hongyuan_Securities,False,True,True,True,False,False,False,3,False
http://dbpedia.org/resource/Hopson_Development,http://www.forbes.com/companies/shanghai-pudong-development/,True,False,True,False,False,True,True,4,False
http://dbpedia.org/resource/Hua_Xia_Bank,http://dbpedia.org/resource/Bank_of_Taizhou,True,False,True,False,False,True,True,4,False
http://dbpedia.org/resource/Huadian_Power_International,http://dbpedia.org/resource/Huadian_Power_International,True,True,True,True,False,True,True,6,False
http://dbpedia.org/resource/Huaneng_Power_International,fullcontact_1807,True,True,True,True,False,True,True,6,False
http://dbpedia.org/resource/Hummel_International,http://dbpedia.org/resource/Hummel_International,False,True,True,True,False,False,False,3,False
http://dbpedia.org/resource/Hunan_Broadcasting_System,http://dbpedia.org/resource/Hunan_Broadcasting_System,False,True,True,True,False,False,False,3,False
http://dbpedia.org/resource/Huntington_Ingalls_Industries,http://dbpedia.org/resource/Huntington_Ingalls_Industries,False,True,True,True,False,False,False,3,False
http://dbpedia.org/resource/Hussain_Industries,http://dbpedia.org/resource/Hussain_Industries,False,True,False,True,False,False,False,2,False
http://dbpedia.org/resource/Hutchison_Whampoa_Property,http://dbpedia.org/resource/Hutchison_Whampoa_Property,True,True,True,True,False,True,True,6,False
http://dbpedia.org/resource/Hyundai_Development_Company,http://dbpedia.org/resource/Hyundai_Development_Company,False,True,False,True,False,True,True,4,False
http://dbpedia.org/resource/Hyundai_Development_Company_Group,http://dbpedia.org/resource/Hyundai_Development_Company_Group,False,True,False,,False,False,False,1,False
http://dbpedia.org/resource/Hyundai_EP,http://dbpedia.org/resource/Hyundai_IHL,True,False,True,,True,True,True,5,False
http://dbpedia.org/resource/Hyundai_Glovis,http://dbpedia.org/resource/Hyundai_Glovis,True,True,True,True,False,True,True,6,False
http://dbpedia.org/resource/Hyundai_Mobis,http://dbpedia.org/resource/Hyundai_Mobis,True,True,True,True,False,True,True,6,False
http://dbpedia.org/resource/ICA_AB,http://dbpedia.org/resource/ICA_AB,False,True,True,True,False,False,True,4,False
http://dbpedia.org/resource/ICE_-_International_Currency_Exchange,http://dbpedia.org/resource/ICE_-_International_Currency_Exchange,False,True,False,True,False,False,False,2,False
http://dbpedia.org/resource/ICT_Group_(Russia),http://dbpedia.org/resource/ICT_Group_(Russia),False,True,False,True,False,True,False,3,False
http://dbpedia.org/resource/IGM_Financial,http://dbpedia.org/resource/IGM_Financial,False,True,True,True,False,False,False,3,False
http://dbpedia.org/resource/ING_Bank_%C5%9Al%C4%85ski,http://dbpedia.org/resource/ING_Bank_%C5%9Al%C4%85ski,False,True,True,True,False,False,False,3,False
http://dbpedia.org/resource/ITC_Hotels,fullcontact_1879,True,True,True,False,False,True,True,5,False
http://dbpedia.org/resource/Ikano_Bank,http://dbpedia.org/resource/Ikano_Bank,False,True,True,True,False,False,False,3,False
http://dbpedia.org/resource/Iliad_(company),fullcontact_411,True,True,True,False,False,True,False,4,False
http://dbpedia.org/resource/In_Win_Development,http://dbpedia.org/resource/In_Win_Development,False,True,False,True,False,False,False,2,False
http://dbpedia.org/resource/Indian_Express_Limited,http://dbpedia.org/resource/Indian_Express_Limited,False,True,True,True,False,False,False,3,False
http://dbpedia.org/resource/Indian_Rare_Earths,http://dbpedia.org/resource/Indian_Rare_Earths,False,True,True,True,False,False,False,3,False
http://dbpedia.org/resource/Industrial_and_Commercial_Bank_of_China,http://dbpedia.org/resource/China_SCE_Property,True,False,True,False,False,True,True,4,False
http://dbpedia.org/resource/Inotera,http://dbpedia.org/resource/Inotera,True,True,True,True,False,True,True,6,False
http://dbpedia.org/resource/Intercept_Pharmaceuticals,http://dbpedia.org/resource/Intercept_Pharmaceuticals,False,True,True,True,False,False,False,3,False
http://dbpedia.org/resource/International_Energy_Mining_Industry_Limited,http://dbpedia.org/resource/International_Energy_Mining_Industry_Limited,False,True,True,True,False,False,False,3,False
http://dbpedia.org/resource/Invesco_PowerShares,fullcontact_429,True,False,False,False,False,True,True,3,False
http://dbpedia.org/resource/Investors_Bank,http://dbpedia.org/resource/Investors_Bank,False,True,False,True,False,True,False,3,False
http://dbpedia.org/resource/Iran_Electronics_Industries,http://dbpedia.org/resource/Iran_Electronics_Industries,False,True,False,True,False,False,False,2,False
http://dbpedia.org/resource/Israel_Chemicals,http://dbpedia.org/resource/Israel_Chemicals,False,True,False,True,False,False,True,3,False
http://dbpedia.org/resource/Isuzu_Astra_Motor_Indonesia,http://dbpedia.org/resource/Isuzu_Astra_Motor_Indonesia,False,True,False,True,False,False,False,2,False
http://dbpedia.org/resource/Ithmaar_Bank,http://dbpedia.org/resource/Ithmaar_Bank,False,True,False,True,False,False,False,2,False
http://dbpedia.org/resource/J._C._Penney,http://dbpedia.org/resource/J._C._Penney,False,True,True,True,False,True,True,5,False
http://dbpedia.org/resource/JBS_S.A.,fullcontact_1620,True,False,True,False,False,True,False,3,False
http://dbpedia.org/resource/Jabil_Circuit,fullcontact_437,True,False,False,False,False,False,False,1,False
http://dbpedia.org/resource/Japan_Atomic_Power_Company,http://dbpedia.org/resource/Japan_Atomic_Power_Company,False,True,True,True,False,True,True,5,False
http://dbpedia.org/resource/Japan_Aviation_Electronics,http://dbpedia.org/resource/Japan_Aviation_Electronics,False,True,True,True,False,False,False,3,False
http://dbpedia.org/resource/Japan_Post_Bank,http://dbpedia.org/resource/Japan_Post_Bank,False,True,True,True,False,True,False,4,False
http://dbpedia.org/resource/Japan_Post_Network,http://dbpedia.org/resource/Japan_Post_Network,False,True,True,True,False,False,False,3,False
http://dbpedia.org/resource/Jarden,http://dbpedia.org/resource/Jarden,True,True,False,True,False,False,False,3,False
http://dbpedia.org/resource/Jebsen_Group,http://dbpedia.org/resource/Jebsen_Group,False,True,True,True,False,False,True,4,False
http://dbpedia.org/resource/Jiangxi_Copper,http://dbpedia.org/resource/Jiangxi_Copper,True,True,True,True,False,True,True,6,False
http://dbpedia.org/resource/Jordan_Telecom,http://dbpedia.org/resource/Jordan_Telecom,False,True,False,True,False,False,False,2,False
http://dbpedia.org/resource/Jute_Corporation_of_India,http://dbpedia.org/resource/Jute_Corporation_of_India,False,True,True,True,False,False,False,3,False
http://dbpedia.org/resource/KMP_Holdings,http://dbpedia.org/resource/KMP_Holdings,False,True,False,True,False,False,False,2,False
http://dbpedia.org/resource/KT_Kumho_Rent_A_Car,http://dbpedia.org/resource/KT_Kumho_Rent_A_Car,False,True,False,True,False,False,False,2,False
http://dbpedia.org/resource/Kaishaku_(manga_group),http://dbpedia.org/resource/Kaishaku_(manga_group),False,True,True,,False,False,False,2,False
http://dbpedia.org/resource/Kasikornbank,fullcontact_449,True,True,True,True,False,True,False,5,False
http://dbpedia.org/resource/Kerry_Properties,http://dbpedia.org/resource/Kerry_Properties,False,True,True,True,False,False,False,3,False
http://dbpedia.org/resource/Kiatnakin_Bank,http://dbpedia.org/resource/Kiatnakin_Bank,False,True,True,True,False,False,False,3,False
http://dbpedia.org/resource/King_Fook_Holdings,http://dbpedia.org/resource/King_Fook_Holdings,False,True,True,True,False,False,False,3,False
http://dbpedia.org/resource/Kingboard_Chemical,http://dbpedia.org/resource/Kingboard_Chemical,False,True,False,True,False,False,False,2,False
http://dbpedia.org/resource/Kingdom_Holding_Company,http://dbpedia.org/resource/Kingdom_Holding_Company,True,True,True,True,False,True,True,6,False
http://dbpedia.org/resource/Kintetsu_Department_Store,fullcontact_458,True,False,True,False,True,True,True,5,False
http://dbpedia.org/resource/Kmart_Australia,http://dbpedia.org/resource/Kmart_Australia,False,True,True,True,False,False,False,3,False
http://dbpedia.org/resource/Koray_Holding,fullcontact_1273,True,True,True,True,False,True,True,6,False
http://dbpedia.org/resource/Korea_Electric_Power_Corporation,http://dbpedia.org/resource/Korea_Electric_Power_Corporation,True,True,True,True,False,False,False,4,False
http://dbpedia.org/resource/Korea_Nuclear_Fuel,http://dbpedia.org/resource/Korea_Nuclear_Fuel,False,True,False,True,False,False,False,2,False
http://dbpedia.org/resource/Korea_Plant_Service_&_Engineering,http://dbpedia.org/resource/Korea_Plant_Service_&_Engineering,False,True,False,True,False,False,False,2,False
http://dbpedia.org/resource/Kowloon%E2%80%93Canton_Railway_Corporation,http://dbpedia.org/resource/Kowloon%E2%80%93Canton_Railway_Corporation,False,True,True,True,False,False,False,3,False
http://dbpedia.org/resource/Krung_Thai_Bank,http://dbpedia.org/resource/Krung_Thai_Bank,True,True,True,True,False,True,False,5,False
http://dbpedia.org/resource/Kunlun_Energy,http://dbpedia.org/resource/Kunlun_Energy,False,True,False,True,False,False,False,2,False
http://dbpedia.org/resource/Kweichow_Moutai_Company,http://dbpedia.org/resource/Kweichow_Moutai_Company,True,True,True,True,False,True,True,6,False
http://dbpedia.org/resource/L-3_Communications,http://dbpedia.org/resource/L-3_Communications,True,True,False,True,False,True,True,5,False
http://dbpedia.org/resource/LG_Uplus,fullcontact_351,True,True,True,True,False,True,False,5,False
http://dbpedia.org/resource/LSR_Group,http://dbpedia.org/resource/LSR_Group,False,True,False,True,False,False,True,3,False
http://dbpedia.org/resource/La_Trobe_Financial,http://dbpedia.org/resource/La_Trobe_Financial,False,True,False,True,False,False,False,2,False
http://dbpedia.org/resource/Lafarge_Tarmac,http://dbpedia.org/resource/Lafarge_Tarmac,False,True,False,True,False,False,True,3,False
http://dbpedia.org/resource/Larsen_&_Toubro,http://dbpedia.org/resource/Larsen_&_Toubro,True,True,True,True,False,True,False,5,False
http://dbpedia.org/resource/Lebara_Group,http://dbpedia.org/resource/Lebara_Group,False,True,True,True,False,False,True,4,False
http://dbpedia.org/resource/Libyan_Foreign_Bank,http://dbpedia.org/resource/Libyan_Foreign_Bank,False,True,False,True,False,False,True,3,False
http://dbpedia.org/resource/Lincoln_Industries,http://dbpedia.org/resource/Lincoln_Industries,False,True,True,True,False,False,False,3,False
http://dbpedia.org/resource/Lindt_&_Spr%C3%BCngli,http://dbpedia.org/resource/Lindt_&_Spr%C3%BCngli,True,True,True,True,False,True,False,5,False
http://dbpedia.org/resource/List_of_Yamaha_guitars,http://dbpedia.org/resource/List_of_Yamaha_guitars,False,True,True,True,False,False,True,4,False
http://dbpedia.org/resource/Lotte_Confectionery,http://dbpedia.org/resource/Lotte_Confectionery,False,True,False,True,False,False,False,2,False
http://dbpedia.org/resource/Lotte_Department_Store,http://dbpedia.org/resource/Lotte_Department_Store,False,True,False,True,False,False,False,2,False
http://dbpedia.org/resource/Lowe_Boats,http://dbpedia.org/resource/Lowe_Boats,False,True,True,True,False,False,False,3,False
http://dbpedia.org/resource/Lucky_Cement,http://dbpedia.org/resource/Lucky_Cement,False,True,False,True,False,False,False,2,False
http://dbpedia.org/resource/MAPNA_Group,http://dbpedia.org/resource/MAPNA_Group,False,True,False,True,False,False,False,2,False
http://dbpedia.org/resource/MC2_France,http://dbpedia.org/resource/MC2_France,False,True,True,True,False,False,False,3,False
"http://dbpedia.org/resource/MIB_Group,_Inc.","http://dbpedia.org/resource/MIB_Group,_Inc.",False,True,False,True,False,False,False,2,False
http://dbpedia.org/resource/MKS_Finance,http://dbpedia.org/resource/MKS_Finance,False,True,False,True,False,False,True,3,False
http://dbpedia.org/resource/MOL_Group,http://dbpedia.org/resource/MOL_Group,False,True,True,True,False,True,True,5,False
http://dbpedia.org/resource/Maanshan_Iron_and_Steel_Company,fullcontact_978,True,False,True,False,False,True,True,4,False
http://dbpedia.org/resource/Mabuchi_Motor,http://dbpedia.org/resource/Mabuchi_Motor,False,True,True,True,False,False,True,4,False
http://dbpedia.org/resource/Macfarlane_Group,http://dbpedia.org/resource/Macfarlane_Group,False,True,False,True,False,False,True,3,False
http://dbpedia.org/resource/Madras_Fertilizers,http://dbpedia.org/resource/Madras_Fertilizers,False,True,False,True,False,False,False,2,False
http://dbpedia.org/resource/Maersk_Oil,http://dbpedia.org/resource/Maersk_Oil,False,True,True,True,False,False,False,3,False
http://dbpedia.org/resource/Magang_(Group)_Holding_Company,http://dbpedia.org/resource/Magang_(Group)_Holding_Company,False,True,False,True,False,False,False,2,False
http://dbpedia.org/resource/Mahanagar_Gas,http://dbpedia.org/resource/Mahanagar_Gas,False,True,True,True,False,False,False,3,False
http://dbpedia.org/resource/Mahindra_EPC,http://dbpedia.org/resource/Mahindra_EPC,True,True,True,True,False,True,True,6,False
http://dbpedia.org/resource/Mahindra_Ugine_Steel,http://dbpedia.org/resource/Mahindra_Ugine_Steel,False,True,True,True,False,False,False,3,False
http://dbpedia.org/resource/Mail.Ru_Group,http://www.forbes.com/companies/x5-retail-group/,True,False,True,False,False,True,True,4,False
http://dbpedia.org/resource/Majestic_Realty_Co.,http://dbpedia.org/resource/Majestic_Realty_Co.,False,True,True,True,False,False,False,3,False
http://dbpedia.org/resource/Mammut_Sports_Group,http://dbpedia.org/resource/Mammut_Sports_Group,False,True,True,True,False,False,False,3,False
http://dbpedia.org/resource/Mankind_Pharma,http://dbpedia.org/resource/Mankind_Pharma,False,True,False,True,False,False,True,3,False
http://dbpedia.org/resource/Manx_Telecom,http://dbpedia.org/resource/Manx_Telecom,False,True,False,True,False,False,True,3,False
http://dbpedia.org/resource/Marathon_Petroleum,fullcontact_1730,True,True,False,True,False,False,False,3,False
http://dbpedia.org/resource/Maritime_Company_of_Lesvos,http://dbpedia.org/resource/Maritime_Company_of_Lesvos,False,True,True,True,False,False,False,3,False
http://dbpedia.org/resource/Mars_National_Bank,http://dbpedia.org/resource/Mars_National_Bank,False,True,False,True,False,False,False,2,False
http://dbpedia.org/resource/Matsui_Securities,http://dbpedia.org/resource/Matsui_Securities,False,True,True,True,False,True,True,5,False
http://dbpedia.org/resource/Mawarid_Finance,http://dbpedia.org/resource/Mawarid_Finance,False,True,False,True,False,True,False,3,False
http://dbpedia.org/resource/Mawarid_Holding,http://dbpedia.org/resource/Mawarid_Holding,False,True,False,,False,False,False,1,False
http://dbpedia.org/resource/Mayfran_International,http://dbpedia.org/resource/Mayfran_International,False,True,True,True,False,False,False,3,False
http://dbpedia.org/resource/Meiji_Holdings,http://dbpedia.org/resource/Meiji_Holdings,True,True,True,True,True,True,True,7,True
http://dbpedia.org/resource/Mercantile_Discount_Bank,http://dbpedia.org/resource/Mercantile_Discount_Bank,False,True,True,True,False,False,False,3,False
http://dbpedia.org/resource/Midland_Holdings,http://dbpedia.org/resource/Midland_Holdings,False,True,False,True,False,False,False,2,False
http://dbpedia.org/resource/Ming_An_Holdings,http://dbpedia.org/resource/Ming_An_Holdings,False,True,False,True,False,False,False,2,False
http://dbpedia.org/resource/Minsheng_Banking_Corp,http://dbpedia.org/resource/Minsheng_Banking_Corp,False,True,True,True,False,False,False,3,False
http://dbpedia.org/resource/Minto_Group,http://dbpedia.org/resource/Minto_Group,False,True,True,True,False,False,False,3,False
http://dbpedia.org/resource/Miroku_Corp.,http://dbpedia.org/resource/Miroku_Corp.,False,True,True,True,False,False,True,4,False
http://dbpedia.org/resource/Mitcham_Industries,http://dbpedia.org/resource/Mitcham_Industries,False,True,False,True,False,False,False,2,False
http://dbpedia.org/resource/Mitsubishi_UFJ_NICOS,http://dbpedia.org/resource/Mitsubishi_UFJ_NICOS,False,True,True,True,False,False,False,3,False
http://dbpedia.org/resource/Mitsui_Oil_Exploration,http://dbpedia.org/resource/Mitsui_Oil_Exploration,False,True,True,True,False,False,False,3,False
http://dbpedia.org/resource/Miyajima_Matsudai_Kisen,http://dbpedia.org/resource/Miyajima_Matsudai_Kisen,False,True,True,True,False,False,False,3,False
http://dbpedia.org/resource/Mizuho_Trust_&_Banking,http://dbpedia.org/resource/Mizuho_Trust_&_Banking,False,True,True,,False,False,True,3,False
http://dbpedia.org/resource/Molson_Bank,http://dbpedia.org/resource/Molson_Bank,False,True,True,True,False,False,False,3,False
http://dbpedia.org/resource/Monster_Beverage,http://dbpedia.org/resource/Monster_Beverage,True,True,False,True,True,False,False,4,False
http://dbpedia.org/resource/Moody_National_Bank,http://dbpedia.org/resource/Moody_National_Bank,False,True,False,True,False,True,False,3,False
http://dbpedia.org/resource/Moon_Motor_Car,http://dbpedia.org/resource/Moon_Motor_Car,False,True,True,True,False,False,False,3,False
http://dbpedia.org/resource/Motor_Oil_Hellas,http://dbpedia.org/resource/Motor_Oil_Hellas,True,True,True,True,False,False,False,4,False
http://dbpedia.org/resource/Mountain_National_Bank,http://dbpedia.org/resource/Mountain_National_Bank,False,True,True,True,False,True,False,4,False
http://dbpedia.org/resource/Mytilineos_Holdings,http://dbpedia.org/resource/Mytilineos_Holdings,False,True,False,True,False,True,True,4,False
http://dbpedia.org/resource/NCG_Banco,http://dbpedia.org/resource/NCG_Banco,False,True,False,True,False,False,False,2,False
http://dbpedia.org/resource/NOMOS-BANK,fullcontact_1706,True,True,True,True,False,False,False,4,False
http://dbpedia.org/resource/NSK_Ltd.,http://dbpedia.org/resource/NSK_Ltd.,True,True,True,True,True,True,False,6,False
http://dbpedia.org/resource/NWS_Holdings,http://dbpedia.org/resource/NWS_Holdings,False,True,False,True,False,False,False,2,False
http://dbpedia.org/resource/NZXT_Corp.,http://dbpedia.org/resource/NZXT_Corp.,False,True,False,True,False,False,False,2,False
http://dbpedia.org/resource/Nakheel_Properties,http://dbpedia.org/resource/Nakheel_Properties,False,True,True,True,False,False,False,3,False
http://dbpedia.org/resource/Nama_Chemicals,http://dbpedia.org/resource/Nama_Chemicals,False,True,False,True,False,False,False,2,False
http://dbpedia.org/resource/Nanjing_Iron_and_Steel,http://dbpedia.org/resource/Nanjing_Iron_and_Steel,False,True,True,True,False,False,False,3,False
http://dbpedia.org/resource/Nankang_Rubber_Tire,http://dbpedia.org/resource/Nankang_Rubber_Tire,False,True,False,True,False,False,True,3,False
http://dbpedia.org/resource/Nanto_Bank,http://dbpedia.org/resource/Nanto_Bank,True,True,True,True,False,False,False,4,False
http://dbpedia.org/resource/Nashville_Electric_Service,http://dbpedia.org/resource/Nashville_Electric_Service,False,True,False,True,False,True,False,3,False
http://dbpedia.org/resource/Naspers,fullcontact_1692,True,False,True,True,False,True,False,4,False
http://dbpedia.org/resource/National_Career_Fairs,http://dbpedia.org/resource/National_Career_Fairs,False,True,True,True,False,False,False,3,False
http://dbpedia.org/resource/National_Insurance_Company,http://dbpedia.org/resource/National_Insurance_Company,False,True,True,True,False,True,False,4,False
http://dbpedia.org/resource/National_Shipping_Company_of_Saudi_Arabia,http://dbpedia.org/resource/National_Shipping_Company_of_Saudi_Arabia,False,True,True,True,False,False,False,3,False
http://dbpedia.org/resource/Nelja_Energia,http://dbpedia.org/resource/Nelja_Energia,False,True,False,True,False,False,False,2,False
http://dbpedia.org/resource/Neo-Neon_Holdings,http://dbpedia.org/resource/Neo-Neon_Holdings,False,True,False,True,False,False,False,2,False
http://dbpedia.org/resource/NewBridge_Bank,http://dbpedia.org/resource/NewBridge_Bank,False,True,False,True,False,True,True,4,False
http://dbpedia.org/resource/New_World_Department_Store_China_Limited,http://dbpedia.org/resource/New_World_Department_Store_China_Limited,False,True,True,True,False,False,False,3,False
http://dbpedia.org/resource/Newpark_Resources,http://www.forbes.com/companies/denbury-resources/,True,False,False,,True,True,False,3,False
http://dbpedia.org/resource/NextEra_Energy,http://dbpedia.org/resource/NextEra_Energy,True,True,False,True,True,False,False,4,False
http://dbpedia.org/resource/Nilkamal_Plastics,http://dbpedia.org/resource/Nilkamal_Plastics,False,True,False,True,False,False,False,2,False
http://dbpedia.org/resource/Nintendo_Integrated_Research_&_Development,http://dbpedia.org/resource/Nintendo_Integrated_Research_&_Development,False,True,True,True,False,False,False,3,False
http://dbpedia.org/resource/Nippon_TV,http://dbpedia.org/resource/Nippon_TV,False,True,True,,False,False,False,2,False
http://dbpedia.org/resource/Nordisk_Film,fullcontact_1738,True,False,True,True,False,True,False,4,False
http://dbpedia.org/resource/Norilsk_Nickel,http://dbpedia.org/resource/Norilsk_Nickel,True,True,True,True,False,True,False,5,False
http://dbpedia.org/resource/North_Pacific_Yachts,http://dbpedia.org/resource/North_Pacific_Yachts,False,True,True,True,False,False,False,3,False
http://dbpedia.org/resource/Northeast_Bank,http://dbpedia.org/resource/Northeast_Bank,False,True,True,True,False,True,False,4,False
http://dbpedia.org/resource/Nova_Scotia_Power,http://dbpedia.org/resource/Nova_Scotia_Power,False,True,True,True,False,False,False,3,False
http://dbpedia.org/resource/Nuclear_Power_Corporation_of_India,http://dbpedia.org/resource/Nuclear_Power_Corporation_of_India,False,True,True,True,False,False,False,3,False
http://dbpedia.org/resource/OTP_Bank,http://dbpedia.org/resource/OTP_Bank,True,True,True,True,False,False,False,4,False
http://dbpedia.org/resource/Oceania_Cruises,http://dbpedia.org/resource/Oceania_Cruises,False,True,True,True,False,False,False,3,False
http://dbpedia.org/resource/Okinawa_Electric_Power_Company,http://dbpedia.org/resource/Okinawa_Electric_Power_Company,False,True,True,True,False,True,True,5,False
http://dbpedia.org/resource/Olympia_Capital_Holdings,http://dbpedia.org/resource/Olympia_Capital_Holdings,False,True,False,True,False,True,True,4,False
http://dbpedia.org/resource/Orange_Polska,http://dbpedia.org/resource/Orange_Polska,False,True,True,True,False,False,True,4,False
http://dbpedia.org/resource/Orient_Group,http://dbpedia.org/resource/Orient_Group,False,True,False,True,False,False,False,2,False
http://dbpedia.org/resource/Oriental_Development_Company,http://dbpedia.org/resource/Oriental_Development_Company,False,True,False,True,False,False,False,2,False
http://dbpedia.org/resource/P&M_Aviation,http://dbpedia.org/resource/P&M_Aviation,False,True,False,True,False,False,False,2,False
http://dbpedia.org/resource/PAC_International,http://dbpedia.org/resource/PAC_International,False,True,False,True,False,False,False,2,False
http://dbpedia.org/resource/PAM_Transport,http://dbpedia.org/resource/PAM_Transport,False,True,True,True,False,False,False,3,False
http://dbpedia.org/resource/PASHA_Holding,http://dbpedia.org/resource/PASHA_Holding,False,True,False,True,False,False,False,2,False
http://dbpedia.org/resource/PEB_Steel,http://dbpedia.org/resource/PEB_Steel,False,True,False,True,False,False,True,3,False
http://dbpedia.org/resource/PGNiG,fullcontact_1182,True,True,True,True,False,True,True,6,False
http://dbpedia.org/resource/PKN_Orlen,http://dbpedia.org/resource/PKN_Orlen,True,True,True,True,True,True,False,6,False
http://dbpedia.org/resource/PMT_Italia,http://dbpedia.org/resource/PMT_Italia,False,True,True,True,False,False,False,3,False
http://dbpedia.org/resource/PPL_(utility),fullcontact_597,True,False,False,False,False,True,False,2,False
http://dbpedia.org/resource/Pacific_Sales,http://dbpedia.org/resource/Pacific_Sales,False,True,False,True,False,False,False,2,False
http://dbpedia.org/resource/Pakistan_State_Oil,fullcontact_1785,True,False,False,False,False,False,False,1,False
http://dbpedia.org/resource/Panzhihua_Iron_and_Steel,http://dbpedia.org/resource/Panzhihua_Iron_and_Steel,False,True,True,True,False,False,False,3,False
http://dbpedia.org/resource/Park_City_Group,http://dbpedia.org/resource/Park_City_Group,False,True,True,True,False,False,False,3,False
http://dbpedia.org/resource/Parkway_Properties,http://dbpedia.org/resource/Parkway_Properties,False,True,True,True,False,True,True,5,False
http://dbpedia.org/resource/Pegatron,http://dbpedia.org/resource/Pegatron,True,True,True,True,True,True,False,6,False
http://dbpedia.org/resource/Peikko_Group,http://dbpedia.org/resource/Peikko_Group,False,True,False,True,False,False,True,3,False
http://dbpedia.org/resource/Pembina_Pipeline,http://dbpedia.org/resource/Pembina_Pipeline,True,True,True,True,False,True,False,5,False
http://dbpedia.org/resource/Peoples_Financial_Corporation,http://dbpedia.org/resource/Peoples_Financial_Corporation,False,True,True,,False,True,False,3,False
http://dbpedia.org/resource/Pernix_Therapeutics_Holdings,http://dbpedia.org/resource/Pernix_Therapeutics_Holdings,False,True,True,,False,False,False,2,False
http://dbpedia.org/resource/Perrin_Paris,http://dbpedia.org/resource/Perrin_Paris,False,True,True,,False,False,False,2,False
http://dbpedia.org/resource/PetroVietnam_Insurance,http://dbpedia.org/resource/PetroVietnam_Insurance,False,True,False,True,False,False,True,3,False
http://dbpedia.org/resource/Petronas,fullcontact_1146,True,False,True,False,False,False,False,2,False
http://dbpedia.org/resource/Petrovietnam,fullcontact_1750,True,False,False,False,False,True,False,2,False
http://dbpedia.org/resource/Pidilite_Industries,http://dbpedia.org/resource/Pidilite_Industries,False,True,True,True,False,False,False,3,False
http://dbpedia.org/resource/Pilgrim's_Corp,http://dbpedia.org/resource/Pilgrim's_Corp,False,True,False,True,False,False,True,3,False
http://dbpedia.org/resource/Ping_An_Insurance,fullcontact_1516,True,True,True,True,False,False,False,4,False
http://dbpedia.org/resource/Pinnacle_Financial_Partners,http://dbpedia.org/resource/Pinnacle_Financial_Partners,False,True,True,True,False,True,False,4,False
http://dbpedia.org/resource/Pinnacle_Petroleum,http://dbpedia.org/resource/Pinnacle_Petroleum,False,True,True,True,False,False,False,3,False
http://dbpedia.org/resource/Pioneer_Natural_Resources,http://dbpedia.org/resource/Pioneer_Natural_Resources,True,True,False,True,True,True,False,5,False
http://dbpedia.org/resource/Piraeus_Bank,http://dbpedia.org/resource/Piraeus_Bank,True,True,True,True,False,True,True,6,False
http://dbpedia.org/resource/Plugless_Power,http://dbpedia.org/resource/Plugless_Power,False,True,False,True,False,False,False,2,False
http://dbpedia.org/resource/Plus_Development,http://dbpedia.org/resource/Plus_Development,False,True,True,True,False,False,False,3,False
http://dbpedia.org/resource/Pos_Indonesia,http://dbpedia.org/resource/Pos_Indonesia,False,True,False,True,False,False,False,2,False
http://dbpedia.org/resource/Pou_Chen_Corporation,http://dbpedia.org/resource/Pou_Chen_Corporation,True,True,True,True,False,True,True,6,False
http://dbpedia.org/resource/Power_Finance_Corporation,fullcontact_1105,True,True,True,True,False,False,False,4,False
http://dbpedia.org/resource/Pravex_Bank,http://dbpedia.org/resource/Pravex_Bank,False,True,False,True,False,False,False,2,False
http://dbpedia.org/resource/Preferred_Hotel_Group,http://dbpedia.org/resource/Preferred_Hotel_Group,False,True,True,True,False,False,False,3,False
http://dbpedia.org/resource/Primrose_Hill_Productions,http://dbpedia.org/resource/Primrose_Hill_Productions,False,True,True,True,False,False,False,3,False
http://dbpedia.org/resource/Privateer_Holdings,http://dbpedia.org/resource/Privateer_Holdings,False,True,True,True,False,False,False,3,False
http://dbpedia.org/resource/Qatar_Investment_Authority,http://dbpedia.org/resource/Qatar_Investment_Authority,False,True,True,True,False,False,False,3,False
http://dbpedia.org/resource/Qatar_Petroleum,http://www.forbes.com/companies/qatar-national-bank/,True,False,True,False,False,False,False,2,False
http://dbpedia.org/resource/Qatar_Steel,http://www.forbes.com/companies/qatar-islamic-bank/,True,False,True,False,False,True,True,4,False
http://dbpedia.org/resource/Qingdao_Haili_Helicopters,http://dbpedia.org/resource/Qingdao_Haili_Helicopters,False,True,True,True,False,False,False,3,False
http://dbpedia.org/resource/Qulliq_Energy,http://dbpedia.org/resource/Qulliq_Energy,False,True,True,True,False,False,False,3,False
http://dbpedia.org/resource/R&F_Properties,http://www.forbes.com/companies/longfor-properties/,True,False,True,False,False,True,True,4,False
http://dbpedia.org/resource/REA_Group,http://dbpedia.org/resource/REA_Group,False,True,True,True,False,False,True,4,False
http://dbpedia.org/resource/Raimon_Land,http://dbpedia.org/resource/Raimon_Land,False,True,False,True,False,False,False,2,False
http://dbpedia.org/resource/Ready_Financial,http://dbpedia.org/resource/Ready_Financial,True,True,False,True,False,True,True,5,False
http://dbpedia.org/resource/Redflex_Holdings,http://dbpedia.org/resource/Redflex_Holdings,False,True,False,,False,False,False,1,False
http://dbpedia.org/resource/Renesas_Electronics,fullcontact_1790,True,True,True,False,False,True,True,5,False
http://dbpedia.org/resource/Ridgewood_Savings_Bank,http://dbpedia.org/resource/Ridgewood_Savings_Bank,False,True,False,True,False,True,False,3,False
http://dbpedia.org/resource/Rochester_Midland_Corporation,http://dbpedia.org/resource/Rochester_Midland_Corporation,False,True,True,True,False,False,False,3,False
http://dbpedia.org/resource/Royal_Industries_Indonesia,http://dbpedia.org/resource/Royal_Industries_Indonesia,False,True,False,True,False,False,False,2,False
http://dbpedia.org/resource/Royal_Worcester,http://dbpedia.org/resource/Royal_Worcester,False,True,False,True,False,False,False,2,False
http://dbpedia.org/resource/Royale_Furniture_Holdings,fullcontact_669,True,False,True,False,False,True,True,4,False
http://dbpedia.org/resource/Rubbermaid,http://dbpedia.org/resource/Rubbermaid,True,True,False,True,True,True,True,6,False
http://dbpedia.org/resource/RusHydro,http://dbpedia.org/resource/RusHydro,True,True,True,True,False,True,False,5,False
http://dbpedia.org/resource/SAIC_Motor,http://dbpedia.org/resource/SAIC_Motor,True,True,True,True,False,True,False,5,False
http://dbpedia.org/resource/SBS_Bank,http://dbpedia.org/resource/SBS_Bank,False,True,False,True,False,True,False,3,False
http://dbpedia.org/resource/SCM_Holdings,http://dbpedia.org/resource/SCM_Holdings,False,True,False,True,False,True,True,4,False
http://dbpedia.org/resource/SMS_Holdings_Corporation,http://dbpedia.org/resource/SMS_Holdings_Corporation,False,True,False,True,False,False,False,2,False
http://dbpedia.org/resource/ST-Ericsson,http://dbpedia.org/resource/ST-Ericsson,False,True,True,True,False,False,True,4,False
http://dbpedia.org/resource/S_Group,http://dbpedia.org/resource/S_Group,False,True,False,True,False,False,True,3,False
http://dbpedia.org/resource/Sabah_Electricity,http://dbpedia.org/resource/Sabah_Electricity,False,True,False,True,False,False,False,2,False
http://dbpedia.org/resource/Sabur_Printing_Press,http://dbpedia.org/resource/Sabur_Printing_Press,False,True,False,True,False,False,False,2,False
http://dbpedia.org/resource/Salix_Pharmaceuticals,http://dbpedia.org/resource/Salix_Pharmaceuticals,False,True,False,True,False,False,False,2,False
http://dbpedia.org/resource/Sampo_Corporation,fullcontact_1677,True,False,True,True,True,True,True,6,False
http://dbpedia.org/resource/Samsung_Commercial_Vehicles,http://dbpedia.org/resource/Samsung_Commercial_Vehicles,False,True,False,True,False,False,False,2,False
http://dbpedia.org/resource/Samsung_Telecommunications,http://dbpedia.org/resource/Samsung_Telecommunications,False,True,False,True,False,False,True,3,False
http://dbpedia.org/resource/Saras_S.p.A.,fullcontact_30,True,True,True,True,False,False,False,4,False
http://dbpedia.org/resource/Saudi_Advanced_Industries_Company,http://dbpedia.org/resource/Saudi_Advanced_Industries_Company,False,True,True,True,False,False,False,3,False
http://dbpedia.org/resource/Saudi_International_Petrochemical_Company,http://dbpedia.org/resource/Saudi_International_Petrochemical_Company,False,True,True,,False,False,False,2,False
http://dbpedia.org/resource/Saudi_Oger,http://dbpedia.org/resource/Saudi_Oger,False,True,True,True,False,False,False,3,False
http://dbpedia.org/resource/Sberbank_Srbija,http://dbpedia.org/resource/Sberbank_Srbija,False,True,False,True,False,True,True,4,False
http://dbpedia.org/resource/Schindler_Group,fullcontact_965,True,False,True,False,True,True,False,4,False
http://dbpedia.org/resource/Scotland_Manufacturing,http://dbpedia.org/resource/Scotland_Manufacturing,False,True,False,True,False,False,False,2,False
http://dbpedia.org/resource/Securitas_Services_d.o.o.,fullcontact_658,True,True,True,False,False,False,False,3,False
http://dbpedia.org/resource/Security_Bank,http://dbpedia.org/resource/Security_Bank,False,True,True,,False,False,False,2,False
http://dbpedia.org/resource/Sega,fullcontact_1452,True,False,True,False,False,True,False,3,False
http://dbpedia.org/resource/Seiko_Epson,http://dbpedia.org/resource/Seiko_Epson,True,True,True,True,False,True,False,5,False
http://dbpedia.org/resource/Sekunjalo_Investments,fullcontact_1128,True,False,True,True,,True,False,4,False
http://dbpedia.org/resource/Selective_Insurance,http://dbpedia.org/resource/Selective_Insurance,False,True,False,True,False,True,True,4,False
http://dbpedia.org/resource/Semantic_Technology_Institute_International,http://dbpedia.org/resource/Semantic_Technology_Institute_International,False,True,True,True,False,False,False,3,False
http://dbpedia.org/resource/Shaanxi_Coal_and_Chemical_Industry,http://dbpedia.org/resource/Shaanxi_Coal_and_Chemical_Industry,True,True,True,True,False,True,True,6,False
http://dbpedia.org/resource/Shaanxi_Yanchang_Petroleum,http://dbpedia.org/resource/Shaanxi_Yanchang_Petroleum,False,True,True,True,False,False,False,3,False
http://dbpedia.org/resource/Shandong_Heavy_Industry,http://dbpedia.org/resource/Shandong_Heavy_Industry,False,True,True,True,False,False,True,4,False
http://dbpedia.org/resource/Shanghai_Electric,fullcontact_1249,True,True,True,True,False,True,True,6,False
http://dbpedia.org/resource/Shanghai_Industrial_Holdings,http://dbpedia.org/resource/Shanghai_Industrial_Holdings,False,True,True,True,False,False,False,3,False
http://dbpedia.org/resource/Shanghai_International_Port_(Group),http://dbpedia.org/resource/Shanghai_International_Port_(Group),True,True,True,True,False,True,True,6,False
http://dbpedia.org/resource/Shanghai_Petrochemical,http://dbpedia.org/resource/Shanghai_Petrochemical,False,True,False,True,False,False,False,2,False
http://dbpedia.org/resource/Shenzhen_Energy,http://dbpedia.org/resource/Shenzhen_Energy,False,True,True,True,False,False,False,3,False
http://dbpedia.org/resource/Shenzhen_International_Holdings,http://dbpedia.org/resource/Shenzhen_International_Holdings,False,True,False,True,False,False,False,2,False
http://dbpedia.org/resource/Shenzhen_Investment,http://dbpedia.org/resource/Shenzhen_Investment,False,True,True,True,False,False,False,3,False
http://dbpedia.org/resource/Shuanghuan_Auto,http://dbpedia.org/resource/Shuanghuan_Auto,False,True,True,True,False,False,False,3,False
http://dbpedia.org/resource/Siam_Cement,http://dbpedia.org/resource/Siam_Cement,True,True,True,True,False,True,False,5,False
http://dbpedia.org/resource/Siam_Commercial_Bank,http://dbpedia.org/resource/Siam_Commercial_Bank,True,True,True,True,False,True,False,5,False
http://dbpedia.org/resource/Silicor_Materials,http://dbpedia.org/resource/Silicor_Materials,False,True,False,True,False,False,False,2,False
http://dbpedia.org/resource/Sino-Ocean_Land,http://dbpedia.org/resource/Sino-Ocean_Land,True,True,True,True,False,True,True,6,False
http://dbpedia.org/resource/Sino_Land,fullcontact_1780,True,True,True,True,False,True,True,6,False
http://dbpedia.org/resource/Sinochem_Group,http://dbpedia.org/resource/Sinochem_Group,False,True,True,True,False,False,False,3,False
http://dbpedia.org/resource/Sinofert_Holdings,http://dbpedia.org/resource/Sinofert_Holdings,False,True,True,True,False,False,False,3,False
http://dbpedia.org/resource/Sivan_design_group,http://dbpedia.org/resource/Sivan_design_group,False,True,False,True,False,False,False,2,False
http://dbpedia.org/resource/SmartGuy_Group,http://dbpedia.org/resource/SmartGuy_Group,False,True,False,True,False,False,False,2,False
http://dbpedia.org/resource/Smile_(bank),http://dbpedia.org/resource/Smile_(bank),False,True,False,True,False,False,False,2,False
http://dbpedia.org/resource/Soar_Automotive,http://dbpedia.org/resource/Soar_Automotive,False,True,False,True,False,False,False,2,False
http://dbpedia.org/resource/Soci%C3%A9t%C3%A9_des_Transports_Intercommunaux_de_Charleroi,http://dbpedia.org/resource/Soci%C3%A9t%C3%A9_des_Transports_Intercommunaux_de_Charleroi,False,True,True,True,False,False,False,3,False
http://dbpedia.org/resource/Solar_Energy_World,http://dbpedia.org/resource/Solar_Energy_World,False,True,True,True,False,False,False,3,False
http://dbpedia.org/resource/Sound_Devices,http://dbpedia.org/resource/Sound_Devices,False,True,True,True,False,False,False,3,False
http://dbpedia.org/resource/St_James_Holdings,http://dbpedia.org/resource/St_James_Holdings,False,True,True,True,False,False,False,3,False
http://dbpedia.org/resource/State_Grid_Corporation_of_China,http://dbpedia.org/resource/State_Grid_Corporation_of_China,False,True,True,True,False,True,True,5,False
http://dbpedia.org/resource/Strem_Chemicals,http://dbpedia.org/resource/Strem_Chemicals,False,True,True,True,False,False,False,3,False
http://dbpedia.org/resource/Styria_Media_Group,http://dbpedia.org/resource/Styria_Media_Group,False,True,True,True,False,False,True,4,False
http://dbpedia.org/resource/Sumitomo_Chemical,http://dbpedia.org/resource/Sumitomo_Chemical,True,True,True,True,False,True,False,5,False
http://dbpedia.org/resource/Sumitomo_Mitsui_Banking_Corporation,http://dbpedia.org/resource/Sumitomo_Mitsui_Banking_Corporation,False,True,True,True,False,True,True,5,False
http://dbpedia.org/resource/Sumitomo_Mitsui_Financial_Group,http://dbpedia.org/resource/Sumitomo_Mitsui_Financial_Group,True,True,True,True,False,True,True,6,False
http://dbpedia.org/resource/Sumitomo_Mitsui_Trust_Holdings,http://dbpedia.org/resource/Sumitomo_Mitsui_Trust_Holdings,True,True,True,True,False,True,False,5,False
http://dbpedia.org/resource/Sun_Hung_Kai_Financial,http://dbpedia.org/resource/Sun_Hung_Kai_Financial,False,True,False,True,False,False,False,2,False
http://dbpedia.org/resource/Suning_Appliance,fullcontact_1674,True,True,True,,False,True,False,4,False
http://dbpedia.org/resource/Svenska_Kraftn%C3%A4t,http://dbpedia.org/resource/Svenska_Kraftn%C3%A4t,False,True,True,,False,False,False,2,False
http://dbpedia.org/resource/Swiss_Quality_Hotels_International,http://dbpedia.org/resource/Swiss_Quality_Hotels_International,False,True,True,True,False,False,False,3,False
http://dbpedia.org/resource/T-Hrvatski_Telekom,http://dbpedia.org/resource/T-Hrvatski_Telekom,False,True,False,True,False,False,False,2,False
http://dbpedia.org/resource/TAQA,fullcontact_1878,True,True,True,True,True,True,True,7,True
http://dbpedia.org/resource/TBC_Bank,http://dbpedia.org/resource/TBC_Bank,False,True,False,True,False,True,False,3,False
http://dbpedia.org/resource/TOT_(Thailand),http://dbpedia.org/resource/TOT_(Thailand),False,True,True,True,False,False,False,3,False
http://dbpedia.org/resource/TRW_Automotive,http://dbpedia.org/resource/TRW_Automotive,True,True,False,True,False,False,False,3,False
http://dbpedia.org/resource/TSB_Bank_(United_Kingdom),http://dbpedia.org/resource/TSB_Bank_(United_Kingdom),False,True,True,True,False,False,False,3,False
http://dbpedia.org/resource/TW_Steel,http://dbpedia.org/resource/TW_Steel,False,True,False,,False,False,False,1,False
http://dbpedia.org/resource/Tai_Ping_Carpets,http://dbpedia.org/resource/Tai_Ping_Carpets,True,True,True,,True,True,True,6,True
http://dbpedia.org/resource/Taikang_Life,http://dbpedia.org/resource/Taikang_Life,False,True,True,True,False,False,False,3,False
http://dbpedia.org/resource/Taisei_Corporation,fullcontact_1244,True,True,True,True,False,False,False,4,False
http://dbpedia.org/resource/Taiwan_Sugar_Corporation,http://dbpedia.org/resource/Taiwan_Sugar_Corporation,False,True,False,True,False,False,False,2,False
http://dbpedia.org/resource/Tandy_(Australia),http://dbpedia.org/resource/Tandy_(Australia),False,True,True,True,False,False,False,3,False
http://dbpedia.org/resource/Tangshan_Railway_Vehicle,http://dbpedia.org/resource/Tangshan_Railway_Vehicle,False,True,True,True,False,False,False,3,False
http://dbpedia.org/resource/Telkom_Indonesia,http://dbpedia.org/resource/Telkom_Indonesia,False,True,False,True,False,True,False,3,False
http://dbpedia.org/resource/Tesoro,http://dbpedia.org/resource/Tesoro,True,True,False,True,False,False,False,3,False
http://dbpedia.org/resource/Texas_Energy_Engineers,http://dbpedia.org/resource/Texas_Energy_Engineers,False,True,True,True,False,False,False,3,False
http://dbpedia.org/resource/Textainer_Group_Holdings,http://dbpedia.org/resource/Textainer_Group_Holdings,False,True,True,True,False,False,False,3,False
http://dbpedia.org/resource/Thai_Tap_Water_Supply,http://www.forbes.com/companies/thai-oil/,True,False,True,False,True,True,False,4,False
http://dbpedia.org/resource/Thai_Union_Group,http://dbpedia.org/resource/Thai_Union_Group,False,True,True,True,False,False,False,3,False
http://dbpedia.org/resource/Thales_Group,fullcontact_740,True,True,True,False,False,False,False,3,False
http://dbpedia.org/resource/The_Emirates_Group,http://dbpedia.org/resource/The_Emirates_Group,False,True,True,True,False,True,True,5,False
http://dbpedia.org/resource/The_Wharf_(Holdings),http://dbpedia.org/resource/The_Wharf_(Holdings),False,True,True,True,False,False,False,3,False
http://dbpedia.org/resource/Thiess_Contractors_Indonesia,http://dbpedia.org/resource/Thiess_Contractors_Indonesia,False,True,False,True,False,False,True,3,False
http://dbpedia.org/resource/Tianjin_Development,http://dbpedia.org/resource/Tianjin_Development,False,True,True,True,False,False,False,3,False
http://dbpedia.org/resource/Tianjin_Port_Holdings,http://dbpedia.org/resource/Tianjin_Port_Holdings,False,True,False,True,False,False,False,2,False
http://dbpedia.org/resource/Tianyin_Pharmaceutical,http://dbpedia.org/resource/Tianyin_Pharmaceutical,False,True,False,True,False,False,False,2,False
http://dbpedia.org/resource/Tirana_Bank,http://dbpedia.org/resource/Tirana_Bank,False,True,False,True,False,False,False,2,False
http://dbpedia.org/resource/Tirrenia_Compagnia_Italiana_di_Navigazione,http://dbpedia.org/resource/Tirrenia_Compagnia_Italiana_di_Navigazione,False,True,True,True,False,False,True,4,False
http://dbpedia.org/resource/Titan_Cement,http://dbpedia.org/resource/Titan_Cement,False,True,False,True,False,True,True,4,False
http://dbpedia.org/resource/Toho,http://dbpedia.org/resource/Toho,True,True,True,True,True,True,True,7,True
http://dbpedia.org/resource/Tokyo_Electric_Power_Company,http://dbpedia.org/resource/Tokyo_Electric_Power_Company,True,True,True,True,False,True,True,6,False
http://dbpedia.org/resource/Tokyo_Electron,fullcontact_515,True,True,True,True,False,True,True,6,False
http://dbpedia.org/resource/Tokyo_Gas,fullcontact_1008,True,True,True,True,False,True,True,6,False
http://dbpedia.org/resource/Tokyo_Star_Bank,http://dbpedia.org/resource/Tokyo_Star_Bank,False,True,True,,False,False,False,2,False
http://dbpedia.org/resource/Tongling_Nonferrous_Metals,http://dbpedia.org/resource/Tongling_Nonferrous_Metals,True,True,True,True,False,True,True,6,False
http://dbpedia.org/resource/Tontine_Group,http://dbpedia.org/resource/Tontine_Group,False,True,True,,False,False,False,2,False
http://dbpedia.org/resource/Tourism_Holdings_Limited,http://dbpedia.org/resource/Tourism_Holdings_Limited,False,True,False,True,False,False,False,2,False
http://dbpedia.org/resource/Towada_Kank%C5%8D_Electric_Railway,http://dbpedia.org/resource/Towada_Kank%C5%8D_Electric_Railway,False,True,True,True,False,False,False,3,False
http://dbpedia.org/resource/Tower_Semiconductor,http://dbpedia.org/resource/Tower_Semiconductor,False,True,False,True,False,False,True,3,False
http://dbpedia.org/resource/Transpacific_Industries_Group,http://dbpedia.org/resource/Transpacific_Industries_Group,False,True,True,True,False,False,True,4,False
http://dbpedia.org/resource/Travis_Perkins,fullcontact_1941,True,True,False,False,False,True,False,3,False
http://dbpedia.org/resource/TrustCo_Bank,http://dbpedia.org/resource/TrustCo_Bank,False,True,False,True,False,False,False,2,False
http://dbpedia.org/resource/Trustwave_Holdings,http://dbpedia.org/resource/Trustwave_Holdings,False,True,True,True,False,False,True,4,False
http://dbpedia.org/resource/UK_Financial_Investments,http://dbpedia.org/resource/UK_Financial_Investments,False,True,False,True,False,False,False,2,False
http://dbpedia.org/resource/Uni-President_Enterprises_Corporation,http://dbpedia.org/resource/Uni-President_Enterprises_Corporation,False,True,False,True,False,False,True,3,False
http://dbpedia.org/resource/Unilever_Indonesia,http://dbpedia.org/resource/Unilever_Indonesia,False,True,False,True,False,False,False,2,False
http://dbpedia.org/resource/Union_National_Bank,http://dbpedia.org/resource/Union_National_Bank,True,True,True,True,True,True,True,7,True
http://dbpedia.org/resource/Unite_Group,http://dbpedia.org/resource/Unite_Group,False,True,True,True,False,False,True,4,False
http://dbpedia.org/resource/United_Continental_Holdings,fullcontact_772,True,False,False,False,False,False,False,1,False
http://dbpedia.org/resource/United_Overseas_Bank,http://dbpedia.org/resource/United_Overseas_Bank,True,True,True,,False,True,True,5,False
http://dbpedia.org/resource/United_Van_Lines,http://dbpedia.org/resource/United_Van_Lines,False,True,True,True,False,False,False,3,False
http://dbpedia.org/resource/Unity_Resources_Group,http://dbpedia.org/resource/Unity_Resources_Group,False,True,False,True,False,False,False,2,False
http://dbpedia.org/resource/Urban_Air,http://dbpedia.org/resource/Urban_Air,False,True,False,True,False,False,False,2,False
http://dbpedia.org/resource/VF_Venieri,fullcontact_785,True,True,False,True,True,True,True,6,False
http://dbpedia.org/resource/Valley_National_Bank,http://dbpedia.org/resource/Valley_National_Bank,False,True,True,True,False,False,False,3,False
http://dbpedia.org/resource/Viacom_International,http://dbpedia.org/resource/Viacom_International,False,True,False,True,False,False,False,2,False
http://dbpedia.org/resource/Virgin_Group,http://dbpedia.org/resource/Virgin_Group,False,True,True,True,False,False,True,4,False
http://dbpedia.org/resource/Viva_M%C3%B3vil,http://dbpedia.org/resource/Viva_M%C3%B3vil,False,True,False,True,False,False,False,2,False
http://dbpedia.org/resource/Viztel_Solutions_Group,http://dbpedia.org/resource/Viztel_Solutions_Group,False,True,True,True,False,False,False,3,False
http://dbpedia.org/resource/Vulcan_Tire,http://dbpedia.org/resource/Vulcan_Tire,False,True,False,True,False,False,False,2,False
http://dbpedia.org/resource/Want_Want_China,http://dbpedia.org/resource/Want_Want_China,True,True,True,True,False,True,True,6,False
http://dbpedia.org/resource/Westamerica_Bank,http://dbpedia.org/resource/Westamerica_Bank,False,True,False,True,False,True,True,4,False
http://dbpedia.org/resource/Western_National_Bank,http://dbpedia.org/resource/Western_National_Bank,False,True,True,True,False,True,False,4,False
http://dbpedia.org/resource/Wheelock_Properties_(Singapore),http://dbpedia.org/resource/Wheelock_Properties_(Singapore),False,True,True,True,False,False,False,3,False
http://dbpedia.org/resource/Whiting_Brothers,http://dbpedia.org/resource/Whiting_Brothers,False,True,True,True,False,False,False,3,False
http://dbpedia.org/resource/Williams_Lea,http://dbpedia.org/resource/Williams_Lea,False,True,False,True,False,False,False,2,False
http://dbpedia.org/resource/Wilmorite_Properties,http://dbpedia.org/resource/Wilmorite_Properties,False,True,False,True,False,False,False,2,False
http://dbpedia.org/resource/Winnebago_Industries,http://dbpedia.org/resource/Winnebago_Industries,False,True,False,True,False,False,False,2,False
http://dbpedia.org/resource/Woodside_Petroleum,fullcontact_902,True,True,True,False,False,True,False,4,False
http://dbpedia.org/resource/World_Series_of_Fighting_(Canada),http://dbpedia.org/resource/World_Series_of_Fighting_(Canada),False,True,True,True,False,False,False,3,False
http://dbpedia.org/resource/Wuhan_Iron_and_Steel,fullcontact_1387,True,True,True,True,False,True,True,6,False
http://dbpedia.org/resource/Xishan_Coal_and_Electricity_Power,http://dbpedia.org/resource/Xishan_Coal_and_Electricity_Power,False,True,True,True,False,False,False,3,False
http://dbpedia.org/resource/Yamada_Denki,http://dbpedia.org/resource/Yamada_Denki,True,True,True,True,False,True,True,6,False
http://dbpedia.org/resource/Yamaha_electric_guitar_models,http://dbpedia.org/resource/Yamaha_electric_guitar_models,False,True,True,True,False,False,True,4,False
http://dbpedia.org/resource/Yamaichi_Securities,http://dbpedia.org/resource/Yamaichi_Securities,False,True,True,,False,False,False,2,False
http://dbpedia.org/resource/Yanbu_National_Petrochemical_Company,http://dbpedia.org/resource/Yanbu_National_Petrochemical_Company,False,True,True,True,False,False,False,3,False
http://dbpedia.org/resource/Yanjian_Group,http://dbpedia.org/resource/Yanjian_Group,False,True,True,,False,False,False,2,False
http://dbpedia.org/resource/Yankuang_Group,http://dbpedia.org/resource/Yankuang_Group,False,True,True,True,False,False,False,3,False
http://dbpedia.org/resource/Yanzhou_Coal_Mining_Company,http://dbpedia.org/resource/Yanzhou_Coal_Mining_Company,True,True,True,True,True,True,True,7,True
http://dbpedia.org/resource/Yokohama_Rubber_Company,http://dbpedia.org/resource/Yokohama_Rubber_Company,False,True,True,True,False,False,True,4,False
http://dbpedia.org/resource/Yunnan_Tin,http://dbpedia.org/resource/Yunnan_Tin,True,True,True,True,False,True,True,6,False
http://dbpedia.org/resource/Zhaojin_Mining,http://dbpedia.org/resource/Zhaojin_Mining,False,True,False,True,False,False,False,2,False
http://dbpedia.org/resource/Zhejiang_Radio_and_Television_Group,http://dbpedia.org/resource/Zhejiang_Radio_and_Television_Group,False,True,True,True,False,False,False,3,False
http://dbpedia.org/resource/Zijin_Mining,http://dbpedia.org/resource/Zijin_Mining,True,True,True,True,False,True,False,5,False
http://dbpedia.org/resource/Zions_Bank,http://dbpedia.org/resource/Zions_Bank,False,True,True,True,False,False,False,3,False
http://dbpedia.org/resource/Zonda_Telecom,http://dbpedia.org/resource/Zonda_Telecom,False,True,False,True,False,False,False,2,False
http://dbpedia.org/resource/Zumtobel_Group,http://dbpedia.org/resource/Zumtobel_Group,False,True,True,True,False,True,True,5,False
